,geohash
0,882135860dfffff
1,88212675e5fffff
2,882126089bfffff
3,8821264f4bfffff
4,88212646c3fffff
5,88109b2567fffff
6,882126090bfffff
7,88212649bbfffff
8,8821261a47fffff
9,88212618a7fffff
10,8821267ab5fffff
11,882135b21dfffff
12,8821260b69fffff
13,8821264b33fffff
14,882126731dfffff
15,882126444dfffff
16,88109b2563fffff
17,882135b029fffff
18,88109b2e53fffff
19,882126718bfffff
20,8821264c0bfffff
21,882135b6e9fffff
22,8821265851fffff
23,88212646adfffff
24,8821264057fffff
25,88212662d9fffff
26,8821260907fffff
27,882135b73dfffff
28,88212645adfffff
29,8821265b6dfffff
30,88212646d1fffff
31,88212660e1fffff
32,8821358557fffff
33,88212640edfffff
34,88212641d3fffff
35,882126510bfffff
36,8821267aa3fffff
37,8821264401fffff
38,8821264d05fffff
39,8821264aa3fffff
40,8821264915fffff
41,88212650d3fffff
42,8821260329fffff
43,882135b013fffff
44,88212656d3fffff
45,882135a24dfffff
46,8821266ac1fffff
47,88212679adfffff
48,8821261ac3fffff
49,882126605dfffff
50,8821267ac3fffff
51,8821264461fffff
52,88109b2c19fffff
53,8821267851fffff
54,8821265755fffff
55,8821260a41fffff
56,8821264e41fffff
57,882135b215fffff
58,882126545dfffff
59,8821267527fffff
60,8821267115fffff
61,882126cdb5fffff
62,8821264019fffff
63,8821266019fffff
64,882126441dfffff
65,88212678dbfffff
66,8821264727fffff
67,8821265163fffff
68,88212660c3fffff
69,8821265507fffff
70,882126623bfffff
71,8821261aabfffff
72,8821358481fffff
73,88109b25d9fffff
74,8821264e57fffff
75,88212660b7fffff
76,88212678d7fffff
77,88212654cbfffff
78,8821264b0dfffff
79,8821261961fffff
80,8821266ecdfffff
81,8821267883fffff
82,8821265929fffff
83,8821265133fffff
84,8821267185fffff
85,882126580bfffff
86,88109b24e3fffff
87,8821267a05fffff
88,8821265245fffff
89,8821265a6dfffff
90,882126732dfffff
91,88212608b3fffff
92,882126505dfffff
93,8821264c43fffff
94,8821266e53fffff
95,882126510dfffff
96,88109b2db7fffff
97,882126598dfffff
98,88212646b7fffff
99,88109b2553fffff
100,8821264da1fffff
101,88212618b9fffff
102,88212644d1fffff
103,882126709bfffff
104,88213586a7fffff
105,882126700bfffff
106,8821265253fffff
107,8821260f2bfffff
108,882135b041fffff
109,88212648c1fffff
110,8821264da3fffff
111,8821264ce5fffff
112,8821267511fffff
113,8821264c97fffff
114,882135866bfffff
115,8821264db9fffff
116,88212656c1fffff
117,8821260325fffff
118,8821267b31fffff
119,8821264d35fffff
120,8821264003fffff
121,8821264067fffff
122,8821260369fffff
123,8821267565fffff
124,882126709dfffff
125,88109b2cc5fffff
126,8821265825fffff
127,8821267169fffff
128,88213596cbfffff
129,8821264d45fffff
130,8821267b19fffff
131,882126794bfffff
132,8821267a61fffff
133,88212661d1fffff
134,88213584e9fffff
135,8821266a39fffff
136,8821265b4dfffff
137,8821264133fffff
138,8821266003fffff
139,882135b623fffff
140,882126712bfffff
141,8821264907fffff
142,8821264eb7fffff
143,8821266841fffff
144,8821265447fffff
145,88212640cbfffff
146,882126473bfffff
147,882126726dfffff
148,8821265337fffff
149,88109b2447fffff
150,8821264087fffff
151,8821260165fffff
152,88212656d1fffff
153,8821267091fffff
154,8821266069fffff
155,88212656a5fffff
156,882126586bfffff
157,88213595abfffff
158,88212651d3fffff
159,88212642abfffff
160,88212650c5fffff
161,88212661a7fffff
162,88212661c1fffff
163,8821265ab5fffff
164,8821264e0bfffff
165,8821267509fffff
166,8821265815fffff
167,882126682bfffff
168,8821359601fffff
169,8821358707fffff
170,8821266f27fffff
171,88109b2ecbfffff
172,882135b13bfffff
173,8821261b15fffff
174,8821266a55fffff
175,8821267505fffff
176,8821260f29fffff
177,8821265225fffff
178,88212662cbfffff
179,882126754dfffff
180,882135b767fffff
181,8821266811fffff
182,88109b2cddfffff
183,8821267ae5fffff
184,88109b2c13fffff
185,88213596e3fffff
186,88212646bbfffff
187,88213594b3fffff
188,8821260f01fffff
189,8821261a33fffff
190,882135b0a3fffff
191,882135b249fffff
192,88213586a9fffff
193,88212671d7fffff
194,88212651e7fffff
195,8821264c93fffff
196,88212640d3fffff
197,8821266047fffff
198,88213594d9fffff
199,88212640b3fffff
200,8821264e67fffff
201,8821267369fffff
202,8821261987fffff
203,88212675ebfffff
204,882126792dfffff
205,8821265565fffff
206,88109b2e89fffff
207,88109b26b5fffff
208,8821261a05fffff
209,8821266e6bfffff
210,8821267a43fffff
211,8821260aa9fffff
212,8821260913fffff
213,8821266ab3fffff
214,8821265333fffff
215,882135b0a7fffff
216,882135b047fffff
217,882135b503fffff
218,882135b6a9fffff
219,8821267ad3fffff
220,88109b24abfffff
221,8821260841fffff
222,8821265709fffff
223,88213596d7fffff
224,8821267017fffff
225,8821266283fffff
226,882126496dfffff
227,8821261b21fffff
228,8821358661fffff
229,882135b1dbfffff
230,8821264c45fffff
231,8821260a27fffff
232,88212649b5fffff
233,882126555bfffff
234,88109b2ebdfffff
235,8821266339fffff
236,8821359605fffff
237,8821266aa7fffff
238,882135b085fffff
239,882135b465fffff
240,8821264437fffff
241,8821264859fffff
242,88212609c7fffff
243,88213594edfffff
244,882135b035fffff
245,88212642c9fffff
246,882126436dfffff
247,882135b03bfffff
248,8821261b6bfffff
249,8821265421fffff
250,8821264821fffff
251,8821264ebbfffff
252,88109b2ce1fffff
253,882135b221fffff
254,8821264a3dfffff
255,8821265411fffff
256,88212609b5fffff
257,8821265991fffff
258,88212609cdfffff
259,8821260b6bfffff
260,88109b2cedfffff
261,8821264559fffff
262,8821264f49fffff
263,882135b603fffff
264,8821264a19fffff
265,88213595b9fffff
266,8821267201fffff
267,8821261a07fffff
268,88212658c7fffff
269,8821260a69fffff
270,8821264e09fffff
271,8821264525fffff
272,8821266a1bfffff
273,8821267b0dfffff
274,882126189dfffff
275,882126585dfffff
276,8821264f17fffff
277,882135b717fffff
278,8821266a65fffff
279,88212660e3fffff
280,8821267a4dfffff
281,88212675adfffff
282,8821266839fffff
283,8821358407fffff
284,882135b703fffff
285,8821265b2bfffff
286,8821264c65fffff
287,8821265701fffff
288,8821266205fffff
289,8821264869fffff
290,88109b2ee9fffff
291,8821359623fffff
292,88212679a5fffff
293,8821264ee9fffff
294,882135843dfffff
295,88212670b7fffff
296,8821265409fffff
297,8821260f6dfffff
298,8821265335fffff
299,88212679d7fffff
300,88212660a3fffff
301,882126474bfffff
302,88212619ddfffff
303,88212645cbfffff
304,88212644b7fffff
305,88212661d9fffff
306,8821266ed5fffff
307,882126113dfffff
308,8821264d25fffff
309,8821266027fffff
310,88212659e1fffff
311,88109b2463fffff
312,88212618ddfffff
313,88212642a5fffff
314,88212651e1fffff
315,8821266519fffff
316,8821264431fffff
317,8821261801fffff
318,8821359585fffff
319,8821358693fffff
320,88109b24cbfffff
321,8821267209fffff
322,88109b2421fffff
323,8821358555fffff
324,88212652cbfffff
325,88212661c3fffff
326,8821266f5dfffff
327,8821264c17fffff
328,8821260b29fffff
329,8821359695fffff
330,8821260b05fffff
331,8821359581fffff
332,88212609a5fffff
333,88213594b1fffff
334,8821264f0dfffff
335,8821260993fffff
336,88109b2e17fffff
337,8821266295fffff
338,88212618e9fffff
339,88213595d7fffff
340,8821265741fffff
341,8821265449fffff
342,88212654b1fffff
343,8821264f3dfffff
344,8821264aa9fffff
345,882126552dfffff
346,8821264633fffff
347,8821264aedfffff
348,882126cd25fffff
349,88109b2cdbfffff
350,88212671d3fffff
351,8821260a05fffff
352,8821264ccdfffff
353,88212645bbfffff
354,8821264dcdfffff
355,88212618b5fffff
356,8821264707fffff
357,88109b25ddfffff
358,88212659b7fffff
359,88212608b5fffff
360,882135b561fffff
361,8821265267fffff
362,8821266011fffff
363,882135b61dfffff
364,882135b051fffff
365,8821260f63fffff
366,882135b539fffff
367,8821265611fffff
368,8821265883fffff
369,8821264093fffff
370,8821264a6bfffff
371,88213584e3fffff
372,8821264f63fffff
373,8821264351fffff
374,88212659d1fffff
375,8821264d57fffff
376,882135b0b3fffff
377,8821265749fffff
378,8821264b65fffff
379,8821261a0bfffff
380,8821266251fffff
381,8821265317fffff
382,88212679b9fffff
383,8821264619fffff
384,8821260985fffff
385,882126451bfffff
386,8821264205fffff
387,8821358449fffff
388,88212608c5fffff
389,8821358413fffff
390,8821264453fffff
391,88212651bbfffff
392,882126533dfffff
393,882135b73bfffff
394,8821266287fffff
395,8821266ad5fffff
396,8821266a81fffff
397,8821358553fffff
398,882126500bfffff
399,8821260915fffff
400,882135b2e1fffff
401,882135b145fffff
402,88212655bbfffff
403,88212671b9fffff
404,8821264261fffff
405,8821359487fffff
406,8821260813fffff
407,88109b2c85fffff
408,8821261b19fffff
409,8821260365fffff
410,8821266e1bfffff
411,8821358711fffff
412,88212609c9fffff
413,8821264005fffff
414,88212645a9fffff
415,8821267099fffff
416,882126453dfffff
417,8821267a99fffff
418,88212678c7fffff
419,88212661a1fffff
420,88212670cdfffff
421,8821265707fffff
422,882135b68bfffff
423,882126c8a7fffff
424,8821358447fffff
425,88212654adfffff
426,88109b2dbbfffff
427,8821266127fffff
428,882135b281fffff
429,8821265a41fffff
430,882126434bfffff
431,8821266f05fffff
432,8821358463fffff
433,8821264f51fffff
434,88109b2c1dfffff
435,882135968dfffff
436,88212650b1fffff
437,8821264e33fffff
438,8821265621fffff
439,882126436bfffff
440,882135961bfffff
441,8821266067fffff
442,8821264e2bfffff
443,8821267a01fffff
444,8821260885fffff
445,88109b2e97fffff
446,88109b2c99fffff
447,8821267515fffff
448,8821264319fffff
449,8821261819fffff
450,88212650e5fffff
451,8821264325fffff
452,8821261905fffff
453,8821265615fffff
454,8821260869fffff
455,88212655b3fffff
456,8821267033fffff
457,8821264607fffff
458,882126700dfffff
459,8821265161fffff
460,8821261aa9fffff
461,8821264945fffff
462,8821265635fffff
463,8821260a65fffff
464,88213595d5fffff
465,88212654d1fffff
466,882126530bfffff
467,88212640b9fffff
468,88212679a7fffff
469,8821266829fffff
470,8821265535fffff
471,8821266057fffff
472,8821264a81fffff
473,8821261131fffff
474,88109b26a3fffff
475,8821267231fffff
476,8821264d9dfffff
477,882135b683fffff
478,882135b741fffff
479,88212648a1fffff
480,8821264683fffff
481,8821260363fffff
482,8821267055fffff
483,882126432dfffff
484,8821266725fffff
485,88212644a3fffff
486,8821260891fffff
487,8821265853fffff
488,882126636bfffff
489,8821265945fffff
490,8821260b3dfffff
491,8821264539fffff
492,882126540bfffff
493,8821265269fffff
494,88213586a1fffff
495,882126606dfffff
496,8821359599fffff
497,882126022bfffff
498,8821260919fffff
499,88212650b5fffff
500,882126573bfffff
501,882135b045fffff
502,8821264051fffff
503,8821264039fffff
504,8821264e29fffff
505,882126c4b3fffff
506,8821265651fffff
507,8821264e55fffff
508,8821358435fffff
509,8821264151fffff
510,88212646a3fffff
511,88213586c9fffff
512,8821264155fffff
513,882126625bfffff
514,882126635bfffff
515,8821264ed9fffff
516,8821266095fffff
517,8821260a33fffff
518,88109b2517fffff
519,8821264f5dfffff
520,8821260a5dfffff
521,8821264dbbfffff
522,8821265223fffff
523,8821264f29fffff
524,8821267aa5fffff
525,88212618c1fffff
526,8821267139fffff
527,8821264db7fffff
528,8821267b13fffff
529,882135b649fffff
530,88109b2cc3fffff
531,8821265983fffff
532,88212648c5fffff
533,882126560dfffff
534,8821260833fffff
535,8821261acdfffff
536,8821260f25fffff
537,8821267a95fffff
538,882126515bfffff
539,882135969dfffff
540,88109b2c11fffff
541,8821264117fffff
542,8821260f03fffff
543,882135b625fffff
544,88109b25ebfffff
545,88212659b5fffff
546,882126786bfffff
547,882126cc91fffff
548,882126084bfffff
549,8821265685fffff
550,8821359653fffff
551,8821267051fffff
552,88212649a1fffff
553,8821264085fffff
554,8821260319fffff
555,882126559bfffff
556,882135b71bfffff
557,88212645e5fffff
558,882126426bfffff
559,88109b2cd3fffff
560,882135b1d9fffff
561,882126542bfffff
562,8821265acdfffff
563,8821264e03fffff
564,8821266a3bfffff
565,8821266101fffff
566,88109b2ecdfffff
567,8821267931fffff
568,882126481bfffff
569,8821264169fffff
570,882135b319fffff
571,8821265215fffff
572,8821265b1bfffff
573,882135a241fffff
574,8821266285fffff
575,8821260845fffff
576,882135b1e9fffff
577,8821264717fffff
578,8821266e89fffff
579,882126701bfffff
580,88212609ebfffff
581,8821260f5bfffff
582,882126642dfffff
583,8821260b45fffff
584,882126736dfffff
585,8821267531fffff
586,8821264ac1fffff
587,8821264091fffff
588,8821358757fffff
589,8821267129fffff
590,88212651ddfffff
591,8821264d55fffff
592,882135b665fffff
593,88212658e9fffff
594,882135a251fffff
595,8821264dddfffff
596,8821265a83fffff
597,8821266ab7fffff
598,8821264627fffff
599,882135b61bfffff
600,882126cd29fffff
601,8821264e39fffff
602,88212609a7fffff
603,88212665c1fffff
604,8821266567fffff
605,882135b05bfffff
606,882135855dfffff
607,88109b2d95fffff
608,8821265633fffff
609,8821359443fffff
610,882126c4b7fffff
611,8821264765fffff
612,8821265a01fffff
613,8821266aa1fffff
614,88212662b5fffff
615,8821264dcbfffff
616,882135846bfffff
617,882135b00dfffff
618,882135b42bfffff
619,8821267125fffff
620,8821260d05fffff
621,88212661b5fffff
622,882126592bfffff
623,8821264925fffff
624,882126452dfffff
625,8821264999fffff
626,8821266223fffff
627,8821266e11fffff
628,88212644e1fffff
629,88213594bdfffff
630,8821266129fffff
631,8821267967fffff
632,88109b2593fffff
633,88109b2cb9fffff
634,8821266183fffff
635,88212648edfffff
636,882126088dfffff
637,8821264889fffff
638,88109b2499fffff
639,8821260169fffff
640,88212658e1fffff
641,88212652ebfffff
642,8821358659fffff
643,8821265b45fffff
644,8821264b39fffff
645,882126491dfffff
646,8821264943fffff
647,88213584d5fffff
648,8821267869fffff
649,8821264691fffff
650,8821265a39fffff
651,8821264941fffff
652,88109b2e33fffff
653,882126536bfffff
654,88109b2cebfffff
655,8821264109fffff
656,88212646abfffff
657,8821358611fffff
658,8821264759fffff
659,882126093dfffff
660,882135b303fffff
661,88212611d7fffff
662,8821267987fffff
663,8821260351fffff
664,8821265ae7fffff
665,8821265049fffff
666,88212618d5fffff
667,88213585d9fffff
668,882126710dfffff
669,88212608a7fffff
670,8821264c83fffff
671,8821265631fffff
672,8821267acbfffff
673,8821359613fffff
674,882126563dfffff
675,8821265299fffff
676,88212619b7fffff
677,8821267247fffff
678,8821266a35fffff
679,88212662e7fffff
680,8821266a69fffff
681,88212655d1fffff
682,88212609d1fffff
683,882126cd05fffff
684,882126583dfffff
685,882135b089fffff
686,88212659d9fffff
687,8821359619fffff
688,882135b28bfffff
689,8821267727fffff
690,8821265103fffff
691,8821359689fffff
692,8821266533fffff
693,882135b183fffff
694,882135b059fffff
695,8821264819fffff
696,8821260f09fffff
697,88212646bdfffff
698,8821261a25fffff
699,8821266309fffff
700,88212665e1fffff
701,8821266f03fffff
702,8821266aadfffff
703,8821267a41fffff
704,8821267215fffff
705,882126102bfffff
706,8821261b03fffff
707,88212678ddfffff
708,882135b2a9fffff
709,882126714dfffff
710,88212655d7fffff
711,8821266ad9fffff
712,88212654cdfffff
713,8821265351fffff
714,88212675edfffff
715,882126533bfffff
716,882126523bfffff
717,882135b039fffff
718,88212651a9fffff
719,8821266029fffff
720,8821264137fffff
721,8821264613fffff
722,882135b109fffff
723,8821267187fffff
724,882135865bfffff
725,8821359589fffff
726,8821264541fffff
727,8821260f5dfffff
728,88213596ddfffff
729,882135b0bdfffff
730,8821265839fffff
731,88212660d3fffff
732,88212656e5fffff
733,8821264635fffff
734,882135b70dfffff
735,8821260b2dfffff
736,8821266097fffff
737,88212651b1fffff
738,882135b26dfffff
739,8821265239fffff
740,882126401bfffff
741,88212642ebfffff
742,8821261851fffff
743,88212662c7fffff
744,8821267829fffff
745,8821264423fffff
746,882126cd0dfffff
747,88212665cdfffff
748,8821265563fffff
749,8821261187fffff
750,8821267243fffff
751,882126631dfffff
752,8821267aa9fffff
753,88212659ddfffff
754,88212655c7fffff
755,88213596c9fffff
756,882135b09dfffff
757,882126189bfffff
758,8821266517fffff
759,8821265505fffff
760,882126c8b1fffff
761,8821266aa9fffff
762,88212654a1fffff
763,882126524bfffff
764,8821266813fffff
765,882126081bfffff
766,88109b25e7fffff
767,8821267183fffff
768,8821265b53fffff
769,8821264693fffff
770,8821359457fffff
771,8821266a51fffff
772,8821261903fffff
773,88212611d1fffff
774,8821358683fffff
775,8821265a65fffff
776,8821261b5bfffff
777,8821267b03fffff
778,8821266a3dfffff
779,88212646e5fffff
780,88212648abfffff
781,88109b245bfffff
782,882126583bfffff
783,8821266a4dfffff
784,8821260d6dfffff
785,882135b737fffff
786,8821264507fffff
787,8821264a0bfffff
788,88213596bbfffff
789,8821266355fffff
790,882126471dfffff
791,8821358401fffff
792,8821265513fffff
793,8821264cb1fffff
794,88109b249bfffff
795,8821261a5bfffff
796,88212671dbfffff
797,8821265a29fffff
798,8821265721fffff
799,8821265809fffff
800,88212640adfffff
801,8821264e17fffff
802,88212659c7fffff
803,882126192bfffff
804,88212644c1fffff
805,8821260b11fffff
806,8821359485fffff
807,88212670c5fffff
808,8821264c15fffff
809,88212660ddfffff
810,8821265063fffff
811,8821260947fffff
812,8821264523fffff
813,8821265a19fffff
814,8821265265fffff
815,8821267a93fffff
816,882126473dfffff
817,8821260949fffff
818,88213594adfffff
819,88212660bbfffff
820,8821267b67fffff
821,882126099bfffff
822,882126711dfffff
823,8821267257fffff
824,882135b329fffff
825,8821261ac5fffff
826,882126535bfffff
827,88109b2515fffff
828,8821358699fffff
829,8821265b19fffff
830,8821260f27fffff
831,8821264f53fffff
832,8821265531fffff
833,8821266421fffff
834,8821266505fffff
835,88213585cbfffff
836,8821260d27fffff
837,8821267181fffff
838,8821264e85fffff
839,8821260887fffff
840,882126c895fffff
841,8821266253fffff
842,8821267893fffff
843,8821264eadfffff
844,8821267a67fffff
845,88212654b3fffff
846,88212652c9fffff
847,8821265537fffff
848,882126571dfffff
849,882126035bfffff
850,88212642dbfffff
851,88212650bbfffff
852,8821267939fffff
853,882126416bfffff
854,8821265487fffff
855,882135b301fffff
856,8821266249fffff
857,88212641c9fffff
858,8821359415fffff
859,882135b095fffff
860,882135861dfffff
861,88212660bdfffff
862,882135840dfffff
863,88212640bdfffff
864,8821265017fffff
865,882126681dfffff
866,8821260347fffff
867,8821264065fffff
868,8821265559fffff
869,8821267027fffff
870,8821260967fffff
871,8821264de3fffff
872,8821265297fffff
873,88212659a3fffff
874,8821261a65fffff
875,88212658a1fffff
876,88109b253dfffff
877,8821266867fffff
878,8821266f23fffff
879,8821261127fffff
880,8821265727fffff
881,882126715dfffff
882,882126604dfffff
883,8821267157fffff
884,88212671e5fffff
885,8821261ab9fffff
886,8821264897fffff
887,882126412dfffff
888,8821359645fffff
889,8821261a17fffff
890,882135b2e3fffff
891,88212670d3fffff
892,882135a25bfffff
893,88109b2c97fffff
894,88109b248bfffff
895,8821267065fffff
896,8821264701fffff
897,8821264d53fffff
898,8821264223fffff
899,8821264311fffff
900,882135b0a5fffff
901,88212646a1fffff
902,88109b2e8bfffff
903,88213586abfffff
904,88212609c5fffff
905,8821267a1bfffff
906,8821264c29fffff
907,8821267327fffff
908,8821265b33fffff
909,882126736bfffff
910,882135b2b1fffff
911,8821264d27fffff
912,882126410bfffff
913,88212661ebfffff
914,882126199dfffff
915,88212652a1fffff
916,88212611b9fffff
917,88212642e3fffff
918,8821265955fffff
919,8821265441fffff
920,8821266319fffff
921,882126712dfffff
922,88109b24c5fffff
923,88212668edfffff
924,8821359657fffff
925,88212644b1fffff
926,8821261981fffff
927,88109b24dbfffff
928,8821264f2bfffff
929,8821265867fffff
930,8821266159fffff
931,8821264cb9fffff
932,882135b305fffff
933,8821264603fffff
934,88212659c1fffff
935,88109b25e1fffff
936,88213586edfffff
937,88212646d5fffff
938,8821265a15fffff
939,88109b25bdfffff
940,8821266e4dfffff
941,88212611bdfffff
942,8821264e6dfffff
943,8821267227fffff
944,8821264ec1fffff
945,882135b36dfffff
946,8821264c87fffff
947,88212675a9fffff
948,8821266a59fffff
949,8821265733fffff
950,882126724bfffff
951,8821266217fffff
952,8821265811fffff
953,8821260a87fffff
954,88212618d9fffff
955,882126705bfffff
956,8821266a9bfffff
957,8821264f43fffff
958,88109b2451fffff
959,882135b19bfffff
960,8821264553fffff
961,882135b757fffff
962,8821266f0bfffff
963,8821261805fffff
964,882126733dfffff
965,882135b521fffff
966,88109b25a5fffff
967,8821265953fffff
968,882126574dfffff
969,88212655b9fffff
970,882126594dfffff
971,8821264963fffff
972,8821265591fffff
973,882135b30bfffff
974,8821264ca5fffff
975,8821260f05fffff
976,8821261035fffff
977,8821267197fffff
978,8821264993fffff
979,8821265827fffff
980,88109b24d9fffff
981,8821265639fffff
982,8821260937fffff
983,8821264d37fffff
984,8821264737fffff
985,8821267a9bfffff
986,88212618dbfffff
987,8821264dd7fffff
988,8821267567fffff
989,8821265919fffff
990,882126409bfffff
991,882126118dfffff
992,88212671e9fffff
993,882126596bfffff
994,882126096dfffff
995,8821264139fffff
996,88212648e9fffff
997,88213596a3fffff
998,882126733bfffff
999,8821265a6bfffff
1000,882135b191fffff
1001,88212672e5fffff
1002,882135b66bfffff
1003,8821267963fffff
1004,8821264289fffff
1005,8821261a93fffff
1006,882135b243fffff
1007,88212609a1fffff
1008,8821266a01fffff
1009,882135b0b7fffff
1010,88212671d1fffff
1011,88212650b9fffff
1012,8821266a89fffff
1013,88212608a1fffff
1014,88212658d5fffff
1015,8821264d67fffff
1016,8821264a55fffff
1017,8821267a39fffff
1018,8821264a63fffff
1019,8821267345fffff
1020,88213586a3fffff
1021,88212642adfffff
1022,8821264357fffff
1023,8821260b65fffff
1024,8821265625fffff
1025,88213586cdfffff
1026,8821264981fffff
1027,8821264e35fffff
1028,882135b2a7fffff
1029,88109b2c57fffff
1030,882126686bfffff
1031,8821265681fffff
1032,8821359643fffff
1033,88212642c7fffff
1034,8821264c95fffff
1035,882126752bfffff
1036,882135961dfffff
1037,8821267a9dfffff
1038,8821261137fffff
1039,8821264745fffff
1040,8821264567fffff
1041,882135b557fffff
1042,882135b331fffff
1043,882135b6adfffff
1044,8821264d31fffff
1045,882126750dfffff
1046,8821265355fffff
1047,88212651ebfffff
1048,882126705dfffff
1049,8821264eb1fffff
1050,8821264b11fffff
1051,8821261829fffff
1052,8821264513fffff
1053,882135b309fffff
1054,88109b2c89fffff
1055,882135b669fffff
1056,8821358709fffff
1057,8821265023fffff
1058,882126464bfffff
1059,882126424dfffff
1060,8821266ec5fffff
1061,8821265085fffff
1062,882135b65dfffff
1063,8821265b47fffff
1064,88212646e3fffff
1065,8821266209fffff
1066,8821264dabfffff
1067,8821265221fffff
1068,8821267abbfffff
1069,8821264e6bfffff
1070,8821264b5dfffff
1071,88213595b7fffff
1072,8821264689fffff
1073,8821264089fffff
1074,88213586b7fffff
1075,882126620dfffff
1076,882126711bfffff
1077,8821264f37fffff
1078,88109b24e9fffff
1079,8821266b19fffff
1080,88212609e1fffff
1081,8821264b31fffff
1082,88109b2eb5fffff
1083,8821265241fffff
1084,882135b341fffff
1085,8821265481fffff
1086,88109b2c81fffff
1087,8821264247fffff
1088,88109b2e85fffff
1089,8821264ce1fffff
1090,8821266215fffff
1091,88212649d1fffff
1092,8821267b57fffff
1093,8821260899fffff
1094,88212619e5fffff
1095,882135960dfffff
1096,8821264033fffff
1097,882135b2edfffff
1098,88109b25dbfffff
1099,88212611cbfffff
1100,8821264da9fffff
1101,8821264d43fffff
1102,88212651c3fffff
1103,882126514bfffff
1104,882126551bfffff
1105,8821265545fffff
1106,882135b04dfffff
1107,88212679e7fffff
1108,8821265863fffff
1109,88212608e5fffff
1110,88109b2e95fffff
1111,88212662a5fffff
1112,8821261817fffff
1113,8821265523fffff
1114,882135b2b7fffff
1115,882126098bfffff
1116,8821266529fffff
1117,8821261183fffff
1118,8821267235fffff
1119,882135b2a3fffff
1120,882126614dfffff
1121,882126753bfffff
1122,8821265723fffff
1123,882126030dfffff
1124,88212608a5fffff
1125,88212658b5fffff
1126,8821264935fffff
1127,8821265847fffff
1128,88109b251bfffff
1129,8821264147fffff
1130,8821264295fffff
1131,8821264aa5fffff
1132,882135b2ddfffff
1133,88212671a3fffff
1134,8821264997fffff
1135,8821266331fffff
1136,8821265189fffff
1137,88212662b9fffff
1138,8821264f65fffff
1139,88212654a7fffff
1140,882126c993fffff
1141,88213595b3fffff
1142,88212654e3fffff
1143,8821265a35fffff
1144,882135b15dfffff
1145,882126615bfffff
1146,8821266525fffff
1147,882135b103fffff
1148,8821261abdfffff
1149,8821261021fffff
1150,882135b661fffff
1151,8821261b25fffff
1152,88212648a7fffff
1153,8821265425fffff
1154,8821266a61fffff
1155,8821265217fffff
1156,8821265619fffff
1157,8821260a07fffff
1158,8821264cbdfffff
1159,8821266241fffff
1160,88213596d5fffff
1161,8821267069fffff
1162,8821265457fffff
1163,8821264b21fffff
1164,882126725bfffff
1165,882135b001fffff
1166,88212642e9fffff
1167,8821264ee3fffff
1168,882126525bfffff
1169,8821265751fffff
1170,8821267095fffff
1171,882135a249fffff
1172,8821264f01fffff
1173,8821264c1dfffff
1174,8821260b19fffff
1175,8821264acbfffff
1176,8821264811fffff
1177,8821260b59fffff
1178,8821264111fffff
1179,882126652bfffff
1180,8821264843fffff
1181,88212658a9fffff
1182,882135868bfffff
1183,8821267347fffff
1184,88212642c1fffff
1185,88212656edfffff
1186,8821264951fffff
1187,88212619a7fffff
1188,8821265539fffff
1189,8821260a51fffff
1190,88109b2c9dfffff
1191,882126565bfffff
1192,8821266831fffff
1193,8821359459fffff
1194,882126459bfffff
1195,8821266139fffff
1196,882126773dfffff
1197,8821260905fffff
1198,8821267131fffff
1199,882135b24dfffff
1200,8821265957fffff
1201,8821264a01fffff
1202,882126608bfffff
1203,88212650b7fffff
1204,882135b161fffff
1205,88213594d7fffff
1206,882135b141fffff
1207,8821264d07fffff
1208,8821264a13fffff
1209,882126429bfffff
1210,88212652b5fffff
1211,8821266301fffff
1212,8821264221fffff
1213,88109b2591fffff
1214,8821267261fffff
1215,882126181dfffff
1216,8821264dc9fffff
1217,882135b20dfffff
1218,8821260901fffff
1219,88212660b3fffff
1220,8821266219fffff
1221,882135b0e5fffff
1222,8821261ab1fffff
1223,8821267927fffff
1224,88109b24c9fffff
1225,8821264c19fffff
1226,88212618ebfffff
1227,8821260d47fffff
1228,8821265159fffff
1229,88213596edfffff
1230,8821260903fffff
1231,8821265325fffff
1232,882135b711fffff
1233,882126734bfffff
1234,8821261a61fffff
1235,88212649bdfffff
1236,8821264d85fffff
1237,8821267961fffff
1238,8821267543fffff
1239,88109b2ed5fffff
1240,882135b153fffff
1241,8821264715fffff
1242,882126790dfffff
1243,8821260961fffff
1244,88212655cdfffff
1245,882126416dfffff
1246,882126512dfffff
1247,8821264153fffff
1248,88212679a9fffff
1249,88212656cdfffff
1250,8821264db3fffff
1251,88109b2539fffff
1252,882135b113fffff
1253,8821265aa7fffff
1254,88109b24b9fffff
1255,88109b2c91fffff
1256,8821260f33fffff
1257,8821264ee5fffff
1258,8821264c99fffff
1259,8821261185fffff
1260,8821265961fffff
1261,8821264185fffff
1262,88212608cdfffff
1263,8821264a4bfffff
1264,8821267a11fffff
1265,882126706bfffff
1266,8821260269fffff
1267,882135949bfffff
1268,8821264157fffff
1269,8821267953fffff
1270,8821266239fffff
1271,882135b1d3fffff
1272,8821265b69fffff
1273,8821264833fffff
1274,88212645abfffff
1275,882126626bfffff
1276,88109b24edfffff
1277,88212660c9fffff
1278,8821260b27fffff
1279,88109b2eebfffff
1280,8821265997fffff
1281,8821267a09fffff
1282,882135864dfffff
1283,88213586b5fffff
1284,8821264a59fffff
1285,88109b2495fffff
1286,882135b0b5fffff
1287,8821261acbfffff
1288,8821260d0dfffff
1289,8821267b2dfffff
1290,88212611a3fffff
1291,88212668c9fffff
1292,8821265039fffff
1293,88212609ddfffff
1294,8821265ac5fffff
1295,8821264f27fffff
1296,8821264041fffff
1297,882135b569fffff
1298,8821266091fffff
1299,8821265aabfffff
1300,8821260a15fffff
1301,8821267913fffff
1302,882126529bfffff
1303,8821264ae9fffff
1304,88212648d5fffff
1305,8821266b53fffff
1306,88109b2e1dfffff
1307,8821267301fffff
1308,88109b2c3bfffff
1309,88109b2589fffff
1310,8821358441fffff
1311,88212661d5fffff
1312,8821265985fffff
1313,8821265841fffff
1314,882126589bfffff
1315,88109b2e5bfffff
1316,88109b2c59fffff
1317,882135b261fffff
1318,8821265891fffff
1319,8821264455fffff
1320,8821264705fffff
1321,8821267ac9fffff
1322,8821265937fffff
1323,8821260f2dfffff
1324,8821265003fffff
1325,8821267357fffff
1326,8821265585fffff
1327,8821264dadfffff
1328,8821264231fffff
1329,8821261859fffff
1330,88109b24c3fffff
1331,8821261ad7fffff
1332,8821261b07fffff
1333,88109b2407fffff
1334,8821264adbfffff
1335,88212670cbfffff
1336,8821260aa5fffff
1337,8821264685fffff
1338,88212658c1fffff
1339,882126182dfffff
1340,8821264149fffff
1341,8821265b0dfffff
1342,882126419bfffff
1343,8821260a63fffff
1344,88212619e9fffff
1345,88212609d3fffff
1346,8821261b57fffff
1347,8821358493fffff
1348,882135b053fffff
1349,8821260943fffff
1350,8821267857fffff
1351,88109b25bbfffff
1352,882135b6d3fffff
1353,8821264a8dfffff
1354,8821267507fffff
1355,8821261aa5fffff
1356,8821265711fffff
1357,8821266a95fffff
1358,88109b241bfffff
1359,88212679ebfffff
1360,8821265a23fffff
1361,8821266f55fffff
1362,882135b747fffff
1363,88212660d9fffff
1364,8821264d65fffff
1365,8821265429fffff
1366,88212672e9fffff
1367,8821260161fffff
1368,8821261a1dfffff
1369,8821267b1bfffff
1370,8821265109fffff
1371,8821266325fffff
1372,8821260969fffff
1373,8821261b37fffff
1374,882126608dfffff
1375,88212644b5fffff
1376,88212611b1fffff
1377,88213585dbfffff
1378,8821267835fffff
1379,88212651dbfffff
1380,8821266a25fffff
1381,882126490dfffff
1382,8821264a2bfffff
1383,8821265837fffff
1384,8821266509fffff
1385,8821359665fffff
1386,882135b06dfffff
1387,8821260823fffff
1388,882126486bfffff
1389,8821265405fffff
1390,882126413dfffff
1391,8821264333fffff
1392,882126713bfffff
1393,8821260989fffff
1394,8821265257fffff
1395,88109b25d5fffff
1396,8821359669fffff
1397,882135b257fffff
1398,8821265147fffff
1399,882126422dfffff
1400,88212671abfffff
1401,88109b2501fffff
1402,8821358657fffff
1403,8821266acbfffff
1404,882135b613fffff
1405,8821264ea1fffff
1406,8821264237fffff
1407,882135b647fffff
1408,8821265037fffff
1409,88212642c3fffff
1410,8821266853fffff
1411,8821266705fffff
1412,8821265a8bfffff
1413,88212679e3fffff
1414,882135b307fffff
1415,8821267057fffff
1416,8821265201fffff
1417,88212678b9fffff
1418,8821261b27fffff
1419,88212644a7fffff
1420,88212641e7fffff
1421,88212670adfffff
1422,882135b069fffff
1423,88212641a3fffff
1424,8821266e63fffff
1425,8821261813fffff
1426,8821264769fffff
1427,8821267a85fffff
1428,8821264a07fffff
1429,8821264955fffff
1430,88212649a3fffff
1431,8821264f1dfffff
1432,8821267905fffff
1433,88212655cbfffff
1434,8821261867fffff
1435,8821265923fffff
1436,882126731bfffff
1437,8821265255fffff
1438,882126554dfffff
1439,8821267229fffff
1440,8821267539fffff
1441,88212650e7fffff
1442,8821261b11fffff
1443,8821264ae7fffff
1444,88212609e5fffff
1445,8821264cb3fffff
1446,88212640e3fffff
1447,882126793bfffff
1448,8821260f23fffff
1449,882126415bfffff
1450,8821266f45fffff
1451,8821264d3bfffff
1452,88212645b3fffff
1453,88212644e9fffff
1454,88212618edfffff
1455,88212661edfffff
1456,8821267241fffff
1457,882135b68dfffff
1458,88109b2d91fffff
1459,8821267aedfffff
1460,8821261b05fffff
1461,8821264f15fffff
1462,88212642e7fffff
1463,8821266f1dfffff
1464,882126095bfffff
1465,8821266157fffff
1466,88212671b5fffff
1467,882135b0c7fffff
1468,8821264867fffff
1469,8821267a6bfffff
1470,8821264a35fffff
1471,8821266233fffff
1472,8821265061fffff
1473,882126c8b5fffff
1474,8821264ad9fffff
1475,88212608c7fffff
1476,8821265357fffff
1477,8821265963fffff
1478,8821264243fffff
1479,8821265113fffff
1480,8821260b67fffff
1481,882135861bfffff
1482,8821264645fffff
1483,88212648adfffff
1484,88109b2c87fffff
1485,8821264703fffff
1486,88212656b9fffff
1487,88109b2e83fffff
1488,882135b1c1fffff
1489,8821265a91fffff
1490,8821266801fffff
1491,88212642d3fffff
1492,88212641b7fffff
1493,88212642b3fffff
1494,882135b097fffff
1495,88212652bdfffff
1496,8821359495fffff
1497,88212640d5fffff
1498,8821266a6bfffff
1499,882135b617fffff
1500,8821264233fffff
1501,88212661a9fffff
1502,882135b091fffff
1503,8821264297fffff
1504,88212611abfffff
1505,8821264421fffff
1506,8821265ae9fffff
1507,882135b16bfffff
1508,88109b2ee3fffff
1509,8821266ad3fffff
1510,8821359751fffff
1511,88212658a5fffff
1512,88212659ebfffff
1513,8821264ab5fffff
1514,8821260d41fffff
1515,88213596c1fffff
1516,8821267addfffff
1517,882126476dfffff
1518,8821265181fffff
1519,882135b205fffff
1520,88212650a3fffff
1521,8821264eabfffff
1522,88213585c9fffff
1523,8821267529fffff
1524,8821261b61fffff
1525,882135841bfffff
1526,8821267253fffff
1527,8821266093fffff
1528,882126624bfffff
1529,88212642d7fffff
1530,88212668d1fffff
1531,8821264669fffff
1532,8821266009fffff
1533,88213584e7fffff
1534,882126cdb7fffff
1535,8821267255fffff
1536,88109b2ce3fffff
1537,8821267093fffff
1538,8821265a55fffff
1539,88109b2c8dfffff
1540,8821266147fffff
1541,8821264b53fffff
1542,882135b663fffff
1543,88212654c5fffff
1544,88212652b1fffff
1545,88212609e9fffff
1546,88213595b5fffff
1547,88109b24a7fffff
1548,8821359611fffff
1549,882135b45bfffff
1550,8821267911fffff
1551,8821266a17fffff
1552,8821264c4dfffff
1553,882135b225fffff
1554,882135b365fffff
1555,88212678c1fffff
1556,8821260f67fffff
1557,8821266e05fffff
1558,882126cdb1fffff
1559,8821267981fffff
1560,8821266149fffff
1561,88212618e1fffff
1562,8821265167fffff
1563,8821264939fffff
1564,88212654e5fffff
1565,8821265a9dfffff
1566,8821264d49fffff
1567,8821267813fffff
1568,8821265aebfffff
1569,88212659bdfffff
1570,8821261adbfffff
1571,882126708bfffff
1572,88109b2ed9fffff
1573,882135b667fffff
1574,8821260f17fffff
1575,8821265967fffff
1576,88212618adfffff
1577,882126425dfffff
1578,882135b2bdfffff
1579,8821260925fffff
1580,88109b25c7fffff
1581,8821265465fffff
1582,8821264425fffff
1583,88212660a9fffff
1584,882126572dfffff
1585,8821264c3dfffff
1586,8821261921fffff
1587,8821261b43fffff
1588,882126609bfffff
1589,88212652b7fffff
1590,88212675c5fffff
1591,8821265835fffff
1592,88212645a5fffff
1593,8821267b3bfffff
1594,882126428dfffff
1595,8821266125fffff
1596,8821265587fffff
1597,882126494dfffff
1598,88212678e1fffff
1599,88212646b5fffff
1600,88212609b1fffff
1601,8821260f51fffff
1602,8821264c2dfffff
1603,88109b259dfffff
1604,8821265599fffff
1605,8821260d2bfffff
1606,882126634bfffff
1607,8821264cc1fffff
1608,8821267a47fffff
1609,882126429dfffff
1610,8821359631fffff
1611,8821267819fffff
1612,8821260b31fffff
1613,8821266a4bfffff
1614,882135871dfffff
1615,882126489bfffff
1616,8821266039fffff
1617,8821260343fffff
1618,8821264a87fffff
1619,88212678d3fffff
1620,8821267525fffff
1621,882135b2d9fffff
1622,8821265aadfffff
1623,88109b2431fffff
1624,8821266a93fffff
1625,882135b143fffff
1626,88212648a9fffff
1627,8821358459fffff
1628,88212670a5fffff
1629,882126420dfffff
1630,8821264947fffff
1631,8821265b39fffff
1632,8821266197fffff
1633,882135b6dbfffff
1634,8821266823fffff
1635,88212665e9fffff
1636,8821264a85fffff
1637,882126c8a9fffff
1638,882126782dfffff
1639,8821266221fffff
1640,8821264d97fffff
1641,8821265489fffff
1642,8821264865fffff
1643,882135b333fffff
1644,8821264601fffff
1645,88212661e3fffff
1646,882126636dfffff
1647,8821267abdfffff
1648,8821265607fffff
1649,8821358551fffff
1650,8821359591fffff
1651,8821266119fffff
1652,8821265981fffff
1653,8821265911fffff
1654,8821264e93fffff
1655,88212618a3fffff
1656,882126521bfffff
1657,88212646c9fffff
1658,8821267a5dfffff
1659,8821266353fffff
1660,8821264589fffff
1661,88212678e9fffff
1662,882126496bfffff
1663,88109b2ddbfffff
1664,8821267361fffff
1665,8821261863fffff
1666,8821266a2bfffff
1667,88109b2cd9fffff
1668,882126556dfffff
1669,88212642d9fffff
1670,8821264a1dfffff
1671,882126504bfffff
1672,8821265313fffff
1673,882126410dfffff
1674,8821265655fffff
1675,882135b441fffff
1676,8821264129fffff
1677,882126c9bbfffff
1678,882126782bfffff
1679,8821265801fffff
1680,8821261887fffff
1681,8821265b3bfffff
1682,8821261aedfffff
1683,882126cd2bfffff
1684,8821267363fffff
1685,88212609c3fffff
1686,8821264ec9fffff
1687,88109b2edbfffff
1688,8821358607fffff
1689,8821266303fffff
1690,8821261a27fffff
1691,8821264c8dfffff
1692,8821267331fffff
1693,88212648cdfffff
1694,8821267aebfffff
1695,8821267a3dfffff
1696,88212609abfffff
1697,882135845dfffff
1698,882126456bfffff
1699,882135b231fffff
1700,8821358437fffff
1701,88213596e5fffff
1702,8821266537fffff
1703,882126511bfffff
1704,8821359667fffff
1705,88212655b7fffff
1706,88212611c5fffff
1707,8821265499fffff
1708,88212655bdfffff
1709,8821264767fffff
1710,88212672cdfffff
1711,88212641a9fffff
1712,88212678d1fffff
1713,8821266315fffff
1714,8821266727fffff
1715,882135b197fffff
1716,88109b2ebbfffff
1717,8821261811fffff
1718,8821265033fffff
1719,88212611a7fffff
1720,882135b405fffff
1721,882126cda5fffff
1722,8821264501fffff
1723,882135945dfffff
1724,88212650d7fffff
1725,88213586e9fffff
1726,8821265b63fffff
1727,8821264c81fffff
1728,882126676dfffff
1729,882126796dfffff
1730,8821265501fffff
1731,8821265a93fffff
1732,8821260995fffff
1733,8821264043fffff
1734,88212665c5fffff
1735,8821266ed9fffff
1736,882135b755fffff
1737,8821265813fffff
1738,88212670b9fffff
1739,8821265027fffff
1740,8821264d93fffff
1741,882126090dfffff
1742,88212608d5fffff
1743,882126414bfffff
1744,882126633dfffff
1745,882126cc87fffff
1746,8821264105fffff
1747,882126788dfffff
1748,882126553dfffff
1749,882135b355fffff
1750,8821260d63fffff
1751,8821264aa7fffff
1752,8821265907fffff
1753,8821264c69fffff
1754,88212611d5fffff
1755,8821358417fffff
1756,882135862bfffff
1757,882135b087fffff
1758,8821267061fffff
1759,8821260aa7fffff
1760,8821265089fffff
1761,88212618cdfffff
1762,88212640ddfffff
1763,88213586d3fffff
1764,8821260b0dfffff
1765,882126016dfffff
1766,88109b2493fffff
1767,8821260f47fffff
1768,8821264853fffff
1769,8821358691fffff
1770,8821261a89fffff
1771,88109b2d8bfffff
1772,88212642b5fffff
1773,882135b337fffff
1774,8821264dd5fffff
1775,8821265009fffff
1776,88212618a1fffff
1777,882135b759fffff
1778,8821358643fffff
1779,88212656ddfffff
1780,8821358439fffff
1781,8821264d29fffff
1782,8821264a61fffff
1783,882135b529fffff
1784,882135b63bfffff
1785,88212656e3fffff
1786,882126570dfffff
1787,88212659dbfffff
1788,8821264f39fffff
1789,8821359607fffff
1790,8821261991fffff
1791,8821265519fffff
1792,882135b253fffff
1793,8821358543fffff
1794,8821265687fffff
1795,8821260829fffff
1796,882126401dfffff
1797,88213584d1fffff
1798,8821264c39fffff
1799,8821260367fffff
1800,88212652edfffff
1801,8821267549fffff
1802,882135b751fffff
1803,88212668d9fffff
1804,8821264595fffff
1805,88212641ddfffff
1806,882135b12bfffff
1807,882126455dfffff
1808,88212619d7fffff
1809,8821260f45fffff
1810,8821265a47fffff
1811,8821266539fffff
1812,8821264291fffff
1813,8821261885fffff
1814,88212641cdfffff
1815,88212660a5fffff
1816,88212618e5fffff
1817,8821266f01fffff
1818,8821265363fffff
1819,88212642bbfffff
1820,8821359753fffff
1821,882126022dfffff
1822,882135b601fffff
1823,8821266745fffff
1824,8821264317fffff
1825,8821264049fffff
1826,8821267137fffff
1827,8821267349fffff
1828,8821266e4bfffff
1829,88212644d3fffff
1830,8821264021fffff
1831,882135b2b5fffff
1832,8821260a39fffff
1833,8821261951fffff
1834,8821267ac5fffff
1835,8821264a2dfffff
1836,882126464dfffff
1837,88212670e1fffff
1838,88212644dbfffff
1839,8821261915fffff
1840,88212648ddfffff
1841,88212652abfffff
1842,8821265001fffff
1843,882126404dfffff
1844,8821261169fffff
1845,8821267265fffff
1846,88212660ebfffff
1847,882135b351fffff
1848,8821267221fffff
1849,8821264de9fffff
1850,8821265185fffff
1851,8821261195fffff
1852,88212611b3fffff
1853,88212658a3fffff
1854,88212678edfffff
1855,8821266207fffff
1856,882135865dfffff
1857,882135b1cbfffff
1858,88212662c1fffff
1859,8821358631fffff
1860,88213586b1fffff
1861,8821358669fffff
1862,8821266a05fffff
1863,88213584e1fffff
1864,8821265339fffff
1865,8821265b5dfffff
1866,8821359409fffff
1867,8821264c9bfffff
1868,88212670abfffff
1869,882126440bfffff
1870,88212668cdfffff
1871,8821261a15fffff
1872,88109b2c51fffff
1873,8821264307fffff
1874,88212660c7fffff
1875,88212642edfffff
1876,8821359493fffff
1877,88212660d1fffff
1878,8821267249fffff
1879,882126034bfffff
1880,88212645cdfffff
1881,8821266359fffff
1882,8821261121fffff
1883,882135b11bfffff
1884,8821267263fffff
1885,88212675e3fffff
1886,8821260b35fffff
1887,8821260805fffff
1888,8821261847fffff
1889,8821266523fffff
1890,88212648d7fffff
1891,8821261953fffff
1892,8821264365fffff
1893,8821264d41fffff
1894,8821266231fffff
1895,8821266437fffff
1896,882126c887fffff
1897,8821266f2dfffff
1898,8821264c6bfffff
1899,88212670bdfffff
1900,8821265359fffff
1901,8821265601fffff
1902,8821264a27fffff
1903,8821260941fffff
1904,8821264a15fffff
1905,8821266501fffff
1906,882135b293fffff
1907,8821260861fffff
1908,88109b2db9fffff
1909,8821264359fffff
1910,8821265ae1fffff
1911,882135b52bfffff
1912,8821260d29fffff
1913,88212649adfffff
1914,88212671c7fffff
1915,8821265157fffff
1916,88109b2529fffff
1917,8821264d15fffff
1918,8821264f25fffff
1919,882135b297fffff
1920,88212675e9fffff
1921,8821264ca3fffff
1922,8821266163fffff
1923,882126495bfffff
1924,88212609cbfffff
1925,8821266511fffff
1926,8821266085fffff
1927,8821264d2dfffff
1928,882126442dfffff
1929,8821261827fffff
1930,8821264e9dfffff
1931,88109b26b3fffff
1932,88213596d1fffff
1933,8821358637fffff
1934,88212641d7fffff
1935,8821261a01fffff
1936,8821260f3bfffff
1937,8821264e5dfffff
1938,882126400dfffff
1939,8821266a37fffff
1940,8821261023fffff
1941,8821264747fffff
1942,8821266ae1fffff
1943,882135b709fffff
1944,8821267365fffff
1945,88109b26a5fffff
1946,8821264861fffff
1947,882126702bfffff
1948,8821264e3bfffff
1949,88212619e1fffff
1950,882135b185fffff
1951,882135b147fffff
1952,8821261133fffff
1953,8821264ebdfffff
1954,882126423dfffff
1955,882126600bfffff
1956,8821264e53fffff
1957,8821266245fffff
1958,8821264a95fffff
1959,88213594ddfffff
1960,882135a247fffff
1961,88212678a9fffff
1962,882126ccabfffff
1963,8821261b29fffff
1964,88109b2523fffff
1965,882135b725fffff
1966,8821264531fffff
1967,882135b723fffff
1968,8821264cabfffff
1969,8821260827fffff
1970,88213584b9fffff
1971,8821261947fffff
1972,882135b567fffff
1973,882135b155fffff
1974,882126c497fffff
1975,88212659d5fffff
1976,8821266187fffff
1977,8821264283fffff
1978,882135b139fffff
1979,8821267145fffff
1980,8821265229fffff
1981,882126430dfffff
1982,8821267a45fffff
1983,88212665e5fffff
1984,88212645b1fffff
1985,8821264215fffff
1986,8821267a49fffff
1987,8821265119fffff
1988,88212656d9fffff
1989,8821359433fffff
1990,8821265947fffff
1991,8821266017fffff
1992,882135b627fffff
1993,8821267237fffff
1994,88212611ebfffff
1995,88212655a5fffff
1996,882126501dfffff
1997,8821261931fffff
1998,8821264c9dfffff
1999,882135b2cdfffff
2000,88109b2597fffff
2001,88212618cbfffff
2002,88212671e7fffff
2003,8821267837fffff
2004,8821264321fffff
2005,8821264cebfffff
2006,8821358403fffff
2007,8821267b21fffff
2008,88212670c1fffff
2009,8821265949fffff
2010,8821260d2dfffff
2011,8821264de1fffff
2012,8821264dd1fffff
2013,88212661e1fffff
2014,8821265595fffff
2015,88212645d7fffff
2016,8821264a65fffff
2017,882135b299fffff
2018,8821267959fffff
2019,882135b043fffff
2020,8821265183fffff
2021,8821265367fffff
2022,8821260f1bfffff
2023,8821260f1dfffff
2024,8821265593fffff
2025,8821260a95fffff
2026,88109b2533fffff
2027,8821264e87fffff
2028,8821260835fffff
2029,882135b35bfffff
2030,882126088bfffff
2031,8821266361fffff
2032,8821265b4bfffff
2033,8821266213fffff
2034,88109b2d83fffff
2035,88212655edfffff
2036,8821264435fffff
2037,88212661c5fffff
2038,882135b715fffff
2039,8821260d25fffff
2040,88212671ebfffff
2041,882135965dfffff
2042,8821265939fffff
2043,882126c883fffff
2044,8821267735fffff
2045,8821265915fffff
2046,882126085bfffff
2047,8821264011fffff
2048,8821264a47fffff
2049,882126198dfffff
2050,8821264145fffff
2051,8821266f25fffff
2052,882126cdbdfffff
2053,8821265137fffff
2054,8821261909fffff
2055,8821260e25fffff
2056,8821265a33fffff
2057,8821264909fffff
2058,8821264c33fffff
2059,8821359441fffff
2060,882135a25dfffff
2061,8821264101fffff
2062,88212655ebfffff
2063,8821264ad5fffff
2064,8821261199fffff
2065,8821260263fffff
2066,8821260859fffff
2067,882126461bfffff
2068,882135b295fffff
2069,8821266f4dfffff
2070,8821265081fffff
2071,88213586c5fffff
2072,882126719dfffff
2073,8821264f11fffff
2074,8821265495fffff
2075,882135b26bfffff
2076,8821358703fffff
2077,8821264d63fffff
2078,8821266225fffff
2079,8821265821fffff
2080,8821264acdfffff
2081,882126723bfffff
2082,8821266f53fffff
2083,882126502dfffff
2084,882135945bfffff
2085,8821267045fffff
2086,882126796bfffff
2087,8821261119fffff
2088,8821264735fffff
2089,8821265a31fffff
2090,88212652e5fffff
2091,88109b2403fffff
2092,8821265849fffff
2093,8821260837fffff
2094,8821260f6bfffff
2095,8821264103fffff
2096,882135b061fffff
2097,88212645b5fffff
2098,88109b2cd7fffff
2099,8821265995fffff
2100,8821261191fffff
2101,882126720dfffff
2102,8821264249fffff
2103,882126726bfffff
2104,8821260d49fffff
2105,8821264721fffff
2106,8821264ee1fffff
2107,88212678b3fffff
2108,882135b0d9fffff
2109,8821260aa3fffff
2110,88212652e1fffff
2111,88109b24d5fffff
2112,882126798bfffff
2113,8821265943fffff
2114,88212654a9fffff
2115,88213586ebfffff
2116,8821264959fffff
2117,88212609adfffff
2118,88109b26b7fffff
2119,88212679bbfffff
2120,8821264d11fffff
2121,8821261115fffff
2122,882126546bfffff
2123,882126758dfffff
2124,882126cd27fffff
2125,88109b2439fffff
2126,88109b2ca3fffff
2127,882135b6c7fffff
2128,8821261959fffff
2129,882135b453fffff
2130,8821264a97fffff
2131,8821265497fffff
2132,88212650cdfffff
2133,882126514dfffff
2134,8821264857fffff
2135,8821266e43fffff
2136,8821264ad1fffff
2137,882135b739fffff
2138,88213594a3fffff
2139,8821260d01fffff
2140,8821267b17fffff
2141,88109b2c33fffff
2142,882126480dfffff
2143,88212649e7fffff
2144,8821266b17fffff
2145,882126080dfffff
2146,8821266545fffff
2147,882126512bfffff
2148,8821358655fffff
2149,882135b1c3fffff
2150,882135860bfffff
2151,8821267aadfffff
2152,8821267211fffff
2153,88212660edfffff
2154,88212619d1fffff
2155,88213594e1fffff
2156,8821264f1bfffff
2157,8821264cedfffff
2158,882135b08bfffff
2159,88212659b9fffff
2160,8821260f39fffff
2161,8821264245fffff
2162,8821260d67fffff
2163,882126c8a5fffff
2164,8821264f07fffff
2165,88212649a7fffff
2166,8821265329fffff
2167,8821359489fffff
2168,8821267887fffff
2169,882126c8adfffff
2170,88109b2c83fffff
2171,8821267b15fffff
2172,88212611e9fffff
2173,8821359481fffff
2174,8821265a95fffff
2175,88109b24a3fffff
2176,8821264b4bfffff
2177,8821265a05fffff
2178,8821266143fffff
2179,8821264255fffff
2180,882135b0e3fffff
2181,8821260f31fffff
2182,8821265b51fffff
2183,8821264d89fffff
2184,8821264023fffff
2185,882126751dfffff
2186,8821267141fffff
2187,8821265a21fffff
2188,8821267ae3fffff
2189,882126781bfffff
2190,882126470bfffff
2191,88109b256bfffff
2192,8821264f03fffff
2193,8821264107fffff
2194,88212646c7fffff
2195,8821267013fffff
2196,8821267351fffff
2197,88109b25abfffff
2198,88212675a7fffff
2199,88109b2411fffff
2200,8821260b4bfffff
2201,8821264cb7fffff
2202,8821265459fffff
2203,882126590dfffff
2204,8821359617fffff
2205,88212660dbfffff
2206,88212645e1fffff
2207,8821264241fffff
2208,8821266013fffff
2209,882135b269fffff
2210,88212675a5fffff
2211,8821266abbfffff
2212,88212650d1fffff
2213,88109b2587fffff
2214,8821266741fffff
2215,882135b425fffff
2216,8821264ab1fffff
2217,882126511dfffff
2218,88212644e3fffff
2219,8821266e0bfffff
2220,8821260a3dfffff
2221,882135b565fffff
2222,88212671a7fffff
2223,882135b33bfffff
2224,8821265657fffff
2225,8821264801fffff
2226,88212649b9fffff
2227,8821266847fffff
2228,8821267a07fffff
2229,8821260917fffff
2230,882126449bfffff
2231,8821261821fffff
2232,8821261b35fffff
2233,8821260321fffff
2234,882135b357fffff
2235,8821261113fffff
2236,8821266729fffff
2237,8821264c8bfffff
2238,8821265a0dfffff
2239,88212618a9fffff
2240,882126ccb9fffff
2241,8821267555fffff
2242,882135b263fffff
2243,8821264d5dfffff
2244,8821264b49fffff
2245,882126545bfffff
2246,88109b2c9bfffff
2247,88213594e9fffff
2248,8821264647fffff
2249,8821265993fffff
2250,8821264d6bfffff
2251,88212660adfffff
2252,8821359659fffff
2253,8821261aadfffff
2254,88212670e9fffff
2255,88212675a3fffff
2256,8821264287fffff
2257,8821267b55fffff
2258,882135b745fffff
2259,8821358697fffff
2260,8821261869fffff
2261,8821265ae3fffff
2262,882126596dfffff
2263,882135948dfffff
2264,8821264353fffff
2265,8821265469fffff
2266,8821261a45fffff
2267,8821267107fffff
2268,8821260357fffff
2269,88109b25b7fffff
2270,8821266555fffff
2271,8821264335fffff
2272,88109b2487fffff
2273,8821265b31fffff
2274,88213586c1fffff
2275,88109b256dfffff
2276,88109b2e13fffff
2277,88212672b5fffff
2278,8821264699fffff
2279,88212619edfffff
2280,882135b20bfffff
2281,8821265069fffff
2282,8821264367fffff
2283,882135b0edfffff
2284,88212645bdfffff
2285,88212662cdfffff
2286,88109b2cb1fffff
2287,8821266e49fffff
2288,8821265b15fffff
2289,88212608edfffff
2290,8821266049fffff
2291,88109b250dfffff
2292,882135b40bfffff
2293,8821264723fffff
2294,8821359693fffff
2295,88212642d1fffff
2296,88212659e9fffff
2297,8821358495fffff
2298,88109b2eb7fffff
2299,8821265a45fffff
2300,8821264ec7fffff
2301,8821261a2bfffff
2302,88212609b7fffff
2303,882126565dfffff
2304,882135868dfffff
2305,8821267a13fffff
2306,882126735dfffff
2307,8821266a8dfffff
2308,8821264417fffff
2309,88109b25adfffff
2310,8821264499fffff
2311,88109b25b9fffff
2312,88109b2409fffff
2313,8821264ce7fffff
2314,882126584bfffff
2315,882126613dfffff
2316,882135b10dfffff
2317,8821265509fffff
2318,88212609d9fffff
2319,8821266043fffff
2320,8821265117fffff
2321,882135b315fffff
2322,88212661c9fffff
2323,88212670dbfffff
2324,8821265817fffff
2325,88109b25b5fffff
2326,8821264987fffff
2327,8821266243fffff
2328,882126606bfffff
2329,8821261b41fffff
2330,8821264a6dfffff
2331,8821264053fffff
2332,88212641cbfffff
2333,8821266aebfffff
2334,8821265211fffff
2335,88212619a5fffff
2336,882126569dfffff
2337,8821264aa1fffff
2338,8821267251fffff
2339,88212660c1fffff
2340,8821261a67fffff
2341,8821261a39fffff
2342,8821358609fffff
2343,88212658e3fffff
2344,8821261ab5fffff
2345,88212658ebfffff
2346,8821264953fffff
2347,88213586c7fffff
2348,8821261147fffff
2349,8821267933fffff
2350,882135b707fffff
2351,8821266145fffff
2352,8821265551fffff
2353,88212640cdfffff
2354,8821265145fffff
2355,882126431dfffff
2356,882126730dfffff
2357,8821267983fffff
2358,88212611b7fffff
2359,8821264f05fffff
2360,88212648d1fffff
2361,8821261839fffff
2362,88213596b9fffff
2363,88212654bbfffff
2364,882126556bfffff
2365,88212662e3fffff
2366,8821358419fffff
2367,8821260927fffff
2368,8821264cc3fffff
2369,88213584dbfffff
2370,882126513dfffff
2371,8821267951fffff
2372,88212650edfffff
2373,882126531dfffff
2374,88212640a5fffff
2375,88212650a9fffff
2376,882135b1c7fffff
2377,88213595d9fffff
2378,8821265aa1fffff
2379,8821264b35fffff
2380,8821261ab7fffff
2381,88212608cbfffff
2382,8821264807fffff
2383,88212679d1fffff
2384,8821267337fffff
2385,8821266b13fffff
2386,882126703bfffff
2387,882126622dfffff
2388,882126083bfffff
2389,882126598bfffff
2390,8821261135fffff
2391,8821261969fffff
2392,8821264409fffff
2393,8821267945fffff
2394,882126584dfffff
2395,882135b023fffff
2396,8821265045fffff
2397,8821264711fffff
2398,882126792bfffff
2399,88212640a9fffff
2400,8821261b1bfffff
2401,8821265067fffff
2402,882135b44dfffff
2403,882126789dfffff
2404,8821265683fffff
2405,88212641a7fffff
2406,8821264d2bfffff
2407,882135b107fffff
2408,88212658e5fffff
2409,8821260f15fffff
2410,88212671c3fffff
2411,8821358485fffff
2412,88212649dbfffff
2413,8821260c69fffff
2414,8821265307fffff
2415,882135871bfffff
2416,8821264743fffff
2417,88212648c3fffff
2418,882126788bfffff
2419,88212651edfffff
2420,8821266a57fffff
2421,8821265483fffff
2422,88109b24a9fffff
2423,88212651adfffff
2424,882135851bfffff
2425,882126616bfffff
2426,8821358705fffff
2427,8821264d4dfffff
2428,882126184bfffff
2429,8821265047fffff
2430,88109b2dd9fffff
2431,882126406bfffff
2432,88212678b1fffff
2433,882135862dfffff
2434,8821266a31fffff
2435,8821264557fffff
2436,88212679ddfffff
2437,8821264a11fffff
2438,882135b217fffff
2439,8821266045fffff
2440,8821266065fffff
2441,8821261891fffff
2442,8821265a03fffff
2443,88212649cdfffff
2444,8821264b01fffff
2445,88109b24ebfffff
2446,88109b2525fffff
2447,882126632dfffff
2448,88212618c7fffff
2449,88109b24c1fffff
2450,8821260a49fffff
2451,8821266229fffff
2452,8821261849fffff
2453,88212642b7fffff
2454,882135b10bfffff
2455,88212619c3fffff
2456,882135944bfffff
2457,8821261a11fffff
2458,8821265051fffff
2459,882126cc93fffff
2460,8821264ad7fffff
2461,88212668e9fffff
2462,88212678b5fffff
2463,882126503dfffff
2464,882135b509fffff
2465,88212640e7fffff
2466,8821266e6dfffff
2467,8821264529fffff
2468,88212668dbfffff
2469,88213595a1fffff
2470,882126111bfffff
2471,882126550dfffff
2472,8821261145fffff
2473,882135b735fffff
2474,8821267023fffff
2475,8821265a43fffff
2476,88109b243dfffff
2477,8821264ca1fffff
2478,8821264817fffff
2479,8821266f5bfffff
2480,882135b6c5fffff
2481,882135b609fffff
2482,88212679c1fffff
2483,8821264b05fffff
2484,8821260955fffff
2485,8821264d61fffff
2486,882135b01bfffff
2487,882126654dfffff
2488,88212654bdfffff
2489,88212658adfffff
2490,88212641d1fffff
2491,8821265031fffff
2492,8821261841fffff
2493,8821358623fffff
2494,8821264187fffff
2495,8821260f69fffff
2496,882135b69bfffff
2497,8821261831fffff
2498,88212608ddfffff
2499,8821265ac3fffff
2500,88212646edfffff
2501,88109b2cb3fffff
2502,88212655a7fffff
2503,8821265767fffff
2504,8821261925fffff
2505,88212671c9fffff
2506,8821265845fffff
2507,88212648c7fffff
2508,882135b469fffff
2509,88212678abfffff
2510,88212679a1fffff
2511,8821267193fffff
2512,8821267a03fffff
2513,88212671adfffff
2514,8821261189fffff
2515,88109b2531fffff
2516,882126c493fffff
2517,8821261a3dfffff
2518,8821260935fffff
2519,8821261b39fffff
2520,88212670a3fffff
2521,8821265a25fffff
2522,882126199bfffff
2523,8821266761fffff
2524,88212671b1fffff
2525,88212609b9fffff
2526,8821358455fffff
2527,882135948bfffff
2528,88109b2569fffff
2529,882126588dfffff
2530,88212608e9fffff
2531,88212649cbfffff
2532,882126591dfffff
2533,88213596a7fffff
2534,8821264211fffff
2535,8821261901fffff
2536,8821358465fffff
2537,882126431bfffff
2538,8821260a31fffff
2539,8821265303fffff
2540,8821264517fffff
2541,8821261ae9fffff
2542,88212665c3fffff
2543,88212648e7fffff
2544,8821261125fffff
2545,882126408dfffff
2546,8821264b07fffff
2547,882126418bfffff
2548,8821265455fffff
2549,882126433bfffff
2550,882135b2bbfffff
2551,8821264403fffff
2552,8821264e21fffff
2553,8821267b35fffff
2554,8821260b1bfffff
2555,88212670ddfffff
2556,8821266117fffff
2557,8821266ec7fffff
2558,8821264a93fffff
2559,8821260c6dfffff
2560,8821264e45fffff
2561,882135b0b9fffff
2562,8821264e61fffff
2563,8821267a97fffff
2564,8821261027fffff
2565,882126419dfffff
2566,882126086dfffff
2567,88212650ddfffff
2568,88212656e7fffff
2569,882126591bfffff
2570,88109b2527fffff
2571,8821358421fffff
2572,88212608e3fffff
2573,8821264dd3fffff
2574,88212656a3fffff
2575,88212671d9fffff
2576,8821264c3bfffff
2577,8821265b35fffff
2578,882135941bfffff
2579,8821260b07fffff
2580,88213596c7fffff
2581,8821266a21fffff
2582,88212654b9fffff
2583,882135b211fffff
2584,8821261a63fffff
2585,882135b6a5fffff
2586,8821264e47fffff
2587,88212644bdfffff
2588,882135b01dfffff
2589,88212660cbfffff
2590,8821261963fffff
2591,882126454dfffff
2592,88212662e5fffff
2593,8821265235fffff
2594,8821264509fffff
2595,8821267b41fffff
2596,8821264583fffff
2597,882126723dfffff
2598,8821265195fffff
2599,8821261163fffff
2600,882135b449fffff
2601,8821261985fffff
2602,8821260b57fffff
2603,88213596c3fffff
2604,8821264b41fffff
2605,882126503bfffff
2606,882126c8a3fffff
2607,88109b26a7fffff
2608,8821265041fffff
2609,8821266e59fffff
2610,882126420bfffff
2611,8821359597fffff
2612,88212651d5fffff
2613,88212659e7fffff
2614,8821267907fffff
2615,8821261a53fffff
2616,88109b2581fffff
2617,882126572bfffff
2618,8821264629fffff
2619,88212646dbfffff
2620,88212648e5fffff
2621,8821260a93fffff
2622,8821265115fffff
2623,8821261881fffff
2624,882126621bfffff
2625,8821359483fffff
2626,882126cd2dfffff
2627,882135b55dfffff
2628,882126630bfffff
2629,88212661abfffff
2630,88212644ddfffff
2631,882126460bfffff
2632,8821264641fffff
2633,88109b24a5fffff
2634,88212662edfffff
2635,8821266007fffff
2636,8821264b63fffff
2637,8821267941fffff
2638,88109b25b3fffff
2639,88212656bbfffff
2640,8821265623fffff
2641,8821358405fffff
2642,8821359627fffff
2643,882126036dfffff
2644,8821261a87fffff
2645,8821264da5fffff
2646,8821358457fffff
2647,882135b72dfffff
2648,8821267323fffff
2649,88212652cdfffff
2650,88212650bdfffff
2651,88213596dbfffff
2652,8821266357fffff
2653,8821359663fffff
2654,88213584c5fffff
2655,8821264327fffff
2656,88213584c1fffff
2657,88213594d1fffff
2658,8821261a97fffff
2659,882126485bfffff
2660,882126563bfffff
2661,88109b2cc9fffff
2662,8821264827fffff
2663,8821267087fffff
2664,88212662d3fffff
2665,8821264029fffff
2666,8821266855fffff
2667,8821264b29fffff
2668,882135943bfffff
2669,8821265561fffff
2670,8821266869fffff
2671,882126560bfffff
2672,8821264651fffff
2673,882135b163fffff
2674,882126676bfffff
2675,88109b24c7fffff
2676,8821266515fffff
2677,882126498dfffff
2678,882126456dfffff
2679,882126406dfffff
2680,88109b2ccdfffff
2681,882126522bfffff
2682,88212658bbfffff
2683,88212651b5fffff
2684,882135863bfffff
2685,88109b2ca9fffff
2686,88212649a9fffff
2687,882126618dfffff
2688,8821267195fffff
2689,8821265b25fffff
2690,8821264e27fffff
2691,8821266a11fffff
2692,8821264c5bfffff
2693,8821359651fffff
2694,8821266a6dfffff
2695,882126465bfffff
2696,882135b1c5fffff
2697,8821267353fffff
2698,8821358445fffff
2699,8821264343fffff
2700,882135b699fffff
2701,8821265703fffff
2702,8821265a59fffff
2703,8821264545fffff
2704,8821267007fffff
2705,8821264e23fffff
2706,88212679e9fffff
2707,8821266199fffff
2708,8821267343fffff
2709,882126432bfffff
2710,8821260ab1fffff
2711,882135b651fffff
2712,8821267ae7fffff
2713,8821267b6dfffff
2714,88212662d5fffff
2715,8821266211fffff
2716,882126506bfffff
2717,882135b459fffff
2718,88212609a3fffff
2719,8821264dedfffff
2720,88109b2c93fffff
2721,8821264433fffff
2722,882126180bfffff
2723,88212648b5fffff
2724,88109b2cc1fffff
2725,8821358735fffff
2726,882126561dfffff
2727,88212670e5fffff
2728,8821264c47fffff
2729,8821359691fffff
2730,8821261b31fffff
2731,88109b25b1fffff
2732,882135966bfffff
2733,882126188dfffff
2734,8821264135fffff
2735,8821260ab5fffff
2736,88212650c9fffff
2737,882135b0ebfffff
2738,88212619c5fffff
2739,8821264505fffff
2740,88212619dbfffff
2741,8821265111fffff
2742,8821264e05fffff
2743,8821267a0dfffff
2744,8821260b41fffff
2745,8821267ab9fffff
2746,8821265857fffff
2747,8821267225fffff
2748,8821267825fffff
2749,8821260f19fffff
2750,8821260f07fffff
2751,8821266141fffff
2752,8821264535fffff
2753,8821260b39fffff
2754,8821260ae3fffff
2755,8821264467fffff
2756,88213594dbfffff
2757,8821359417fffff
2758,8821265719fffff
2759,88109b2511fffff
2760,88212662d1fffff
2761,882126113bfffff
2762,88212661d3fffff
2763,8821260b15fffff
2764,882126569bfffff
2765,8821260953fffff
2766,882126c8bbfffff
2767,8821264565fffff
2768,882126091dfffff
2769,882135849dfffff
2770,882126541dfffff
2771,88213584edfffff
2772,8821264a57fffff
2773,8821261893fffff
2774,88109b25c9fffff
2775,8821266193fffff
2776,8821264f55fffff
2777,882126448dfffff
2778,882126624dfffff
2779,8821265831fffff
2780,882135b349fffff
2781,8821264899fffff
2782,88212661adfffff
2783,8821265881fffff
2784,8821264983fffff
2785,882126484bfffff
2786,8821264f69fffff
2787,882135b1d7fffff
2788,8821265331fffff
2789,88109b2e9bfffff
2790,88213594a1fffff
2791,882126602bfffff
2792,8821358621fffff
2793,88212662c3fffff
2794,8821264ea3fffff
2795,8821261161fffff
2796,8821261b55fffff
2797,882126445bfffff
2798,88212659a5fffff
2799,88212618b7fffff
2800,882126475bfffff
2801,882135b6d5fffff
2802,88109b240dfffff
2803,8821267915fffff
2804,8821264d83fffff
2805,88109b25e9fffff
2806,8821260867fffff
2807,8821260309fffff
2808,88212640a3fffff
2809,88212646b3fffff
2810,882135b719fffff
2811,88212662a3fffff
2812,8821358733fffff
2813,8821264d5bfffff
2814,8821264863fffff
2815,8821358649fffff
2816,88212641ebfffff
2817,882135b207fffff
2818,882135959dfffff
2819,8821264519fffff
2820,8821265251fffff
2821,8821264405fffff
2822,88212659c9fffff
2823,882135875bfffff
2824,882135b0abfffff
2825,882126482bfffff
2826,8821264a29fffff
2827,8821265569fffff
2828,88213595a3fffff
2829,8821261a5dfffff
2830,8821266111fffff
2831,882135b655fffff
2832,88109b251dfffff
2833,8821266543fffff
2834,88212644adfffff
2835,88109b2507fffff
2836,88212608a3fffff
2837,8821266ac9fffff
2838,88212641d9fffff
2839,8821267821fffff
2840,8821265503fffff
2841,8821266201fffff
2842,8821264cd3fffff
2843,882126468bfffff
2844,88109b2537fffff
2845,88212619c9fffff
2846,882135b313fffff
2847,8821265753fffff
2848,8821266a2dfffff
2849,882126cd01fffff
2850,88212641c7fffff
2851,8821260f57fffff
2852,88109b2e99fffff
2853,8821264ab3fffff
2854,88212646a7fffff
2855,882126592dfffff
2856,8821264b45fffff
2857,882135b615fffff
2858,8821260a2bfffff
2859,8821267101fffff
2860,8821266327fffff
2861,8821264d99fffff
2862,8821264e13fffff
2863,8821267535fffff
2864,8821266833fffff
2865,8821260229fffff
2866,8821267a4bfffff
2867,8821359455fffff
2868,8821267a69fffff
2869,882135b339fffff
2870,882126795bfffff
2871,8821265057fffff
2872,88212648c9fffff
2873,882126095dfffff
2874,88212646ebfffff
2875,8821260b0bfffff
2876,882135b401fffff
2877,8821267863fffff
2878,88212678a7fffff
2879,88212650d5fffff
2880,8821265a81fffff
2881,8821260809fffff
2882,882135b681fffff
2883,88212662e1fffff
2884,88109b24d1fffff
2885,88212679a3fffff
2886,882135b0bbfffff
2887,8821260225fffff
2888,88213584d7fffff
2889,88212662b7fffff
2890,8821266ac3fffff
2891,8821261b69fffff
2892,8821264661fffff
2893,88212611c3fffff
2894,8821266a03fffff
2895,8821264a89fffff
2896,8821266289fffff
2897,8821266257fffff
2898,88109b2d9dfffff
2899,8821266337fffff
2900,88212678e3fffff
2901,88212641b3fffff
2902,882135b6d1fffff
2903,882126463dfffff
2904,8821267b51fffff
2905,8821264b59fffff
2906,882135b72bfffff
2907,88109b25cbfffff
2908,8821265a69fffff
2909,882126603bfffff
2910,88213586c3fffff
2911,8821267b4dfffff
2912,8821260d45fffff
2913,8821264719fffff
2914,882126506dfffff
2915,8821265a37fffff
2916,8821266e01fffff
2917,8821260997fffff
2918,882135b235fffff
2919,8821266423fffff
2920,8821267003fffff
2921,8821260a45fffff
2922,882126408bfffff
2923,88212651a7fffff
2924,88213595a9fffff
2925,88212679c3fffff
2926,8821358645fffff
2927,882135b35dfffff
2928,882135864bfffff
2929,8821264e1dfffff
2930,8821265287fffff
2931,882135b545fffff
2932,88212655e5fffff
2933,8821260a0bfffff
2934,8821359491fffff
2935,882126719bfffff
2936,8821267031fffff
2937,882126681bfffff
2938,882126092bfffff
2939,8821260ab9fffff
2940,88212654d9fffff
2941,88109b24e7fffff
2942,8821264835fffff
2943,88212651cdfffff
2944,8821265ac1fffff
2945,88212658abfffff
2946,8821264f31fffff
2947,8821267b0bfffff
2948,8821266305fffff
2949,8821266e0dfffff
2950,88212656adfffff
2951,88109b248dfffff
2952,88212649abfffff
2953,8821265ab1fffff
2954,8821264e81fffff
2955,8821266015fffff
2956,88212670a1fffff
2957,882126720bfffff
2958,8821267367fffff
2959,8821260a97fffff
2960,88213594c1fffff
2961,8821264b0bfffff
2962,882135b639fffff
2963,8821260807fffff
2964,88212672a5fffff
2965,882126498bfffff
2966,882126472bfffff
2967,8821264967fffff
2968,8821260811fffff
2969,88213596a1fffff
2970,882126600dfffff
2971,882126441bfffff
2972,882135b02dfffff
2973,882135b311fffff
2974,882126181bfffff
2975,8821265ad3fffff
2976,8821261015fffff
2977,8821264ddbfffff
2978,8821264537fffff
2979,8821266321fffff
2980,8821260847fffff
2981,882135b515fffff
2982,8821261a69fffff
2983,8821264251fffff
2984,882126198bfffff
2985,8821265ac9fffff
2986,8821265a89fffff
2987,882135b011fffff
2988,882135844bfffff
2989,882126c8b7fffff
2990,88212611a1fffff
2991,882135b1edfffff
2992,8821267335fffff
2993,8821266747fffff
2994,882126652dfffff
2995,88212608d3fffff
2996,8821267143fffff
2997,8821265725fffff
2998,88212649b3fffff
2999,88109b2e9dfffff
3000,88212658c5fffff
3001,88212650a7fffff
3002,8821264991fffff
3003,88109b2e51fffff
3004,8821261853fffff
3005,88212661a5fffff
3006,8821260d07fffff
3007,882126549bfffff
3008,882126508bfffff
3009,8821265705fffff
3010,8821261a19fffff
3011,882126481dfffff
3012,88212662c5fffff
3013,8821266165fffff
3014,8821266a29fffff
3015,8821266103fffff
3016,8821264f4dfffff
3017,8821260889fffff
3018,8821265249fffff
3019,8821264ca7fffff
3020,8821266313fffff
3021,882135b2d1fffff
3022,882135b641fffff
3023,8821260b23fffff
3024,8821264965fffff
3025,8821267b2bfffff
3026,882126500dfffff
3027,88109b2599fffff
3028,882135b057fffff
3029,8821265b57fffff
3030,88212660b9fffff
3031,8821359499fffff
3032,8821267847fffff
3033,88213595bbfffff
3034,8821266f57fffff
3035,88212678d9fffff
3036,88212671cdfffff
3037,882135b067fffff
3038,882126193dfffff
3039,88212608e1fffff
3040,8821264aadfffff
3041,882135b209fffff
3042,8821264665fffff
3043,8821260801fffff
3044,88212670b3fffff
3045,88213586bdfffff
3046,88212661d7fffff
3047,88109b2ce7fffff
3048,8821264b55fffff
3049,8821264c35fffff
3050,88109b2561fffff
3051,88212659d3fffff
3052,8821264235fffff
3053,8821265859fffff
3054,8821265713fffff
3055,8821265b05fffff
3056,88212658c9fffff
3057,88212662abfffff
3058,88109b2e8dfffff
3059,88212648bdfffff
3060,8821265897fffff
3061,8821260957fffff
3062,882126581dfffff
3063,882135b0d7fffff
3064,8821261815fffff
3065,88109b2427fffff
3066,8821261a9bfffff
3067,8821267533fffff
3068,882135b33dfffff
3069,8821265151fffff
3070,8821265581fffff
3071,88212641bbfffff
3072,88212659adfffff
3073,882126610dfffff
3074,882135b60bfffff
3075,882126630dfffff
3076,8821265343fffff
3077,882135b015fffff
3078,882126794dfffff
3079,882126491bfffff
3080,882126426dfffff
3081,882126cc99fffff
3082,88212609c1fffff
3083,882126632bfffff
3084,882126091bfffff
3085,8821266033fffff
3086,882126619bfffff
3087,88109b26a1fffff
3088,882135b761fffff
3089,8821264f13fffff
3090,8821264059fffff
3091,8821260d65fffff
3092,8821265999fffff
3093,8821266547fffff
3094,8821260b5bfffff
3095,8821265453fffff
3096,8821267155fffff
3097,8821261a43fffff
3098,882126499bfffff
3099,8821264b1bfffff
3100,88212640c9fffff
3101,88212650b3fffff
3102,8821264687fffff
3103,8821264017fffff
3104,8821265123fffff
3105,882126702dfffff
3106,88212646a5fffff
3107,882135b6cbfffff
3108,8821266521fffff
3109,8821266a43fffff
3110,88109b2491fffff
3111,88212679abfffff
3112,8821266769fffff
3113,882135b345fffff
3114,88109b2e57fffff
3115,88212665e7fffff
3116,88212619abfffff
3117,882126116dfffff
3118,88212678e5fffff
3119,8821264a91fffff
3120,8821261ad9fffff
3121,882126513bfffff
3122,88212662dbfffff
3123,8821265233fffff
3124,88212662a7fffff
3125,8821261007fffff
3126,8821266f2bfffff
3127,88212642a7fffff
3128,8821265951fffff
3129,8821264161fffff
3130,882126470dfffff
3131,88212641adfffff
3132,88212662b1fffff
3133,882135870bfffff
3134,882135b40dfffff
3135,8821267103fffff
3136,8821260821fffff
3137,88212660b5fffff
3138,8821266a27fffff
3139,8821260a23fffff
3140,88109b2eb9fffff
3141,8821264219fffff
3142,882135b501fffff
3143,882126622bfffff
3144,882135b53dfffff
3145,882135b769fffff
3146,882126469bfffff
3147,882126554bfffff
3148,882135b18dfffff
3149,882135850bfffff
3150,882135b743fffff
3151,8821264419fffff
3152,882126190bfffff
3153,88109b25d3fffff
3154,8821265637fffff
3155,88212651c5fffff
3156,8821264e25fffff
3157,8821267339fffff
3158,88212649e5fffff
3159,8821261ac1fffff
3160,882126446dfffff
3161,8821264c07fffff
3162,8821265055fffff
3163,882135b223fffff
3164,882135975bfffff
3165,88212651c1fffff
3166,8821264493fffff
3167,88212650c1fffff
3168,88212662a1fffff
3169,88213596bdfffff
3170,8821264c1bfffff
3171,882126615dfffff
3172,8821265295fffff
3173,882126772dfffff
3174,88212608ebfffff
3175,8821267329fffff
3176,882135b0a9fffff
3177,8821265b59fffff
3178,882135b2dbfffff
3179,88109b2ca5fffff
3180,882135b6c9fffff
3181,8821267b11fffff
3182,8821260ae7fffff
3183,882126476bfffff
3184,8821267a15fffff
3185,882135b6e5fffff
3186,8821358461fffff
3187,88212642b9fffff
3188,882126185bfffff
3189,8821358685fffff
3190,8821265527fffff
3191,88212670c9fffff
3192,882126082bfffff
3193,8821266763fffff
3194,882126683bfffff
3195,88212608c1fffff
3196,882135842bfffff
3197,8821264189fffff
3198,8821359687fffff
3199,88212640d9fffff
3200,88212650e1fffff
3201,882126734dfffff
3202,882126182bfffff
3203,8821265693fffff
3204,882135b727fffff
3205,8821261943fffff
3206,8821260221fffff
3207,882126629bfffff
3208,8821264c49fffff
3209,8821264847fffff
3210,882135b607fffff
3211,88213594cdfffff
3212,8821267011fffff
3213,8821260939fffff
3214,88213596d9fffff
3215,8821264d6dfffff
3216,88109b2ee5fffff
3217,8821265327fffff
3218,88109b2481fffff
3219,8821264ac5fffff
3220,8821267523fffff
3221,8821264c25fffff
3222,88212672a7fffff
3223,8821265259fffff
3224,882126543dfffff
3225,8821266a07fffff
3226,8821265187fffff
3227,8821260a01fffff
3228,882126710bfffff
3229,8821265a11fffff
3230,88109b2565fffff
3231,8821261a59fffff
3232,8821266a15fffff
3233,882126482dfffff
3234,882126035dfffff
3235,8821264e0dfffff
3236,8821267723fffff
3237,882126468dfffff
3238,88212644d5fffff
3239,8821264591fffff
3240,882126110dfffff
3241,882135969bfffff
3242,8821264113fffff
3243,8821265921fffff
3244,88109b2eb3fffff
3245,88212650abfffff
3246,882126791bfffff
3247,8821264e83fffff
3248,8821266f29fffff
3249,8821266ad7fffff
3250,8821265627fffff
3251,8821267809fffff
3252,8821264d69fffff
3253,8821267865fffff
3254,882126631bfffff
3255,882126440dfffff
3256,88213584c7fffff
3257,88212646d3fffff
3258,8821264dc5fffff
3259,88109b2cc7fffff
3260,88212659e3fffff
3261,8821267831fffff
3262,8821260a1dfffff
3263,8821260981fffff
3264,88212618e3fffff
3265,8821267037fffff
3266,882135b633fffff
3267,8821358717fffff
3268,8821267109fffff
3269,8821266293fffff
3270,88212658d9fffff
3271,882135b429fffff
3272,8821359595fffff
3273,8821266307fffff
3274,8821266557fffff
3275,8821264abbfffff
3276,8821266269fffff
3277,88109b2cbbfffff
3278,8821264f59fffff
3279,8821261899fffff
3280,8821265105fffff
3281,8821264911fffff
3282,88109b2db3fffff
3283,88212670a7fffff
3284,882126680bfffff
3285,882126532bfffff
3286,88109b2cbdfffff
3287,882126529dfffff
3288,8821264803fffff
3289,8821264ce3fffff
3290,882135b765fffff
3291,88212648ebfffff
3292,8821264cd7fffff
3293,88212656e1fffff
3294,8821264e63fffff
3295,8821267897fffff
3296,8821264b15fffff
3297,882135b30dfffff
3298,882126543bfffff
3299,882126516dfffff
3300,88212655b5fffff
3301,8821265927fffff
3302,88109b24b3fffff
3303,8821266e5dfffff
3304,882126462dfffff
3305,88109b2483fffff
3306,8821264c0dfffff
3307,8821261105fffff
3308,8821261ae5fffff
3309,8821267359fffff
3310,8821264e15fffff
3311,8821260353fffff
3312,882135b265fffff
3313,8821265213fffff
3314,88212679cbfffff
3315,8821264345fffff
3316,8821265263fffff
3317,88213596e7fffff
3318,882135b729fffff
3319,88212640e1fffff
3320,8821260227fffff
3321,8821264415fffff
3322,88212661b3fffff
3323,88212671bbfffff
3324,88109b2503fffff
3325,882126549dfffff
3326,8821264d1dfffff
3327,88212652adfffff
3328,88212672adfffff
3329,8821261957fffff
3330,882126593bfffff
3331,882126490bfffff
3332,8821267ac7fffff
3333,88212655a9fffff
3334,88109b2513fffff
3335,88109b2485fffff
3336,8821264d33fffff
3337,88212619d9fffff
3338,8821264259fffff
3339,88213594b5fffff
3340,88212668c5fffff
3341,88109b2595fffff
3342,8821261895fffff
3343,882126628bfffff
3344,882135844dfffff
3345,882126582bfffff
3346,8821267a5bfffff
3347,88212670ebfffff
3348,882135863dfffff
3349,8821264165fffff
3350,8821359633fffff
3351,88212642a9fffff
3352,88212652e7fffff
3353,8821264b51fffff
3354,8821266247fffff
3355,88212641e1fffff
3356,8821266ab1fffff
3357,8821359683fffff
3358,88213586b9fffff
3359,8821358635fffff
3360,8821267a29fffff
3361,8821266a09fffff
3362,8821266541fffff
3363,8821264657fffff
3364,88212655d5fffff
3365,882135b083fffff
3366,8821261b3dfffff
3367,88212661a3fffff
3368,88212652e9fffff
3369,8821261807fffff
3370,8821260f3dfffff
3371,8821264527fffff
3372,8821264e8bfffff
3373,8821266f61fffff
3374,88212670c7fffff
3375,88109b24b5fffff
3376,8821264047fffff
3377,882126635dfffff
3378,882126112bfffff
3379,882126532dfffff
3380,8821267239fffff
3381,882135b03dfffff
3382,88109b2521fffff
3383,8821264855fffff
3384,88212656abfffff
3385,8821266109fffff
3386,8821265207fffff
3387,88212655e7fffff
3388,8821267313fffff
3389,882126480bfffff
3390,882135a259fffff
3391,8821266a1dfffff
3392,882135b6a1fffff
3393,882135b04bfffff
3394,88109b2ed7fffff
3395,8821264f2dfffff
3396,882126685bfffff
3397,8821358409fffff
3398,88212645c1fffff
3399,8821265b13fffff
3400,8821264503fffff
3401,8821264a69fffff
3402,8821264985fffff
3403,8821267a65fffff
3404,8821264893fffff
3405,882135b28dfffff
3406,8821266861fffff
3407,882135b6ebfffff
3408,8821264301fffff
3409,882135b553fffff
3410,882135b6e7fffff
3411,882135b76dfffff
3412,8821265b6bfffff
3413,8821266851fffff
3414,882135b15bfffff
3415,88212642e5fffff
3416,88212679e1fffff
3417,882135b2b9fffff
3418,88212608bbfffff
3419,8821264a3bfffff
3420,882135b2e9fffff
3421,8821264f5bfffff
3422,8821264609fffff
3423,8821266333fffff
3424,8821264f09fffff
3425,8821265a2dfffff
3426,882126593dfffff
3427,8821265a51fffff
3428,88212656c3fffff
3429,882126612bfffff
3430,88109b2d9bfffff
3431,88212641e5fffff
3432,8821265511fffff
3433,882135b629fffff
3434,882135940bfffff
3435,882126672bfffff
3436,88213584a9fffff
3437,8821261a21fffff
3438,8821267881fffff
3439,8821261861fffff
3440,88109b24bbfffff
3441,882126730bfffff
3442,882135b507fffff
3443,882126601dfffff
3444,8821267b6bfffff
3445,88212650ebfffff
3446,8821260951fffff
3447,8821261b23fffff
3448,8821264649fffff
3449,882135840bfffff
3450,8821267561fffff
3451,8821266265fffff
3452,8821265a67fffff
3453,88212651a1fffff
3454,8821266a0dfffff
3455,882126732bfffff
3456,8821265293fffff
3457,882135963dfffff
3458,8821264c63fffff
3459,8821358701fffff
3460,8821267319fffff
3461,882126411dfffff
3462,8821261989fffff
3463,8821261967fffff
3464,882135b021fffff
3465,8821265a3dfffff
3466,882126785dfffff
3467,8821261833fffff
3468,8821267833fffff
3469,8821264d0bfffff
3470,8821260f61fffff
3471,88212656c7fffff
3472,88212642a3fffff
3473,88212644d9fffff
3474,88212648dbfffff
3475,8821260a55fffff
3476,882135b2c7fffff
3477,8821264761fffff
3478,8821264709fffff
3479,882135b32dfffff
3480,8821267a37fffff
3481,88212644abfffff
3482,8821265653fffff
3483,8821264f21fffff
3484,8821264cc7fffff
3485,8821260aadfffff
3486,882135b44bfffff
3487,88212671edfffff
3488,8821261b2bfffff
3489,882126403bfffff
3490,88212652c7fffff
3491,88109b2c8bfffff
3492,88212670d1fffff
3493,8821260b4dfffff
3494,8821266807fffff
3495,8821264439fffff
3496,8821260341fffff
3497,8821266815fffff
3498,8821264037fffff
3499,8821266f4bfffff
3500,8821267ab7fffff
3501,8821359639fffff
3502,882126753dfffff
3503,8821358651fffff
3504,88109b24d3fffff
3505,8821264e65fffff
3506,8821266535fffff
3507,882126605bfffff
3508,8821266f3dfffff
3509,88212618d7fffff
3510,8821264ae5fffff
3511,88109b2c17fffff
3512,8821265101fffff
3513,882126080bfffff
3514,88213584d9fffff
3515,8821264d51fffff
3516,8821265a13fffff
3517,882126515dfffff
3518,882126616dfffff
3519,8821265541fffff
3520,882135b2c3fffff
3521,8821358603fffff
3522,882126562bfffff
3523,8821267203fffff
3524,8821267585fffff
3525,8821264eb3fffff
3526,8821265311fffff
3527,8821260349fffff
3528,88212671a9fffff
3529,882135b289fffff
3530,8821267adbfffff
3531,8821267999fffff
3532,8821267563fffff
3533,8821267993fffff
3534,88212654b5fffff
3535,8821265a4dfffff
3536,88212649b7fffff
3537,8821264281fffff
3538,8821266ab5fffff
3539,88212652c1fffff
3540,882135b66dfffff
3541,8821265a85fffff
3542,882126672dfffff
3543,8821264c03fffff
3544,8821264309fffff
3545,8821264141fffff
3546,8821266191fffff
3547,8821267b1dfffff
3548,882135b241fffff
3549,8821267899fffff
3550,8821264e97fffff
3551,882126cda7fffff
3552,8821264347fffff
3553,882126520dfffff
3554,88212648d9fffff
3555,8821265649fffff
3556,88212641b5fffff
3557,8821266f09fffff
3558,8821264de5fffff
3559,882126085dfffff
3560,88109b2ed1fffff
3561,88212665ebfffff
3562,8821264465fffff
3563,882126116bfffff
3564,8821260a09fffff
3565,8821264e11fffff
3566,8821266723fffff
3567,8821265a1bfffff
3568,882135b1d5fffff
3569,88212675a1fffff
3570,8821260983fffff
3571,8821264837fffff
3572,882126094dfffff
3573,8821264521fffff
3574,88212661b9fffff
3575,88213594c3fffff
3576,8821264831fffff
3577,8821265407fffff
3578,8821266055fffff
3579,88212645a7fffff
3580,8821264d8dfffff
3581,882135b547fffff
3582,882126656bfffff
3583,88109b25a7fffff
3584,882126ccbdfffff
3585,88212650adfffff
3586,88212649d9fffff
3587,8821265431fffff
3588,88212648bbfffff
3589,88213584abfffff
3590,882126588bfffff
3591,88109b2e93fffff
3592,882135b009fffff
3593,882126094bfffff
3594,882135b02bfffff
3595,88212662ddfffff
3596,8821267569fffff
3597,88212660d7fffff
3598,8821267801fffff
3599,8821266053fffff
3600,8821265125fffff
3601,8821267919fffff
3602,88212661e9fffff
3603,882126185dfffff
3604,88212659cbfffff
3605,8821261ad5fffff
3606,8821265737fffff
3607,88212678e7fffff
3608,8821267949fffff
3609,8821266425fffff
3610,8821260965fffff
3611,8821266195fffff
3612,8821359641fffff
3613,88212656c5fffff
3614,8821264969fffff
3615,88212672c1fffff
3616,88212659a9fffff
3617,8821266863fffff
3618,8821265901fffff
3619,882126781dfffff
3620,8821264f61fffff
3621,88213586e5fffff
3622,882126704dfffff
3623,8821266113fffff
3624,8821264597fffff
3625,8821264b5bfffff
3626,8821264d81fffff
3627,8821264667fffff
3628,88213594a5fffff
3629,88212679edfffff
3630,8821266845fffff
3631,8821260b6dfffff
3632,8821358491fffff
3633,882135b643fffff
3634,882126576bfffff
3635,882135b619fffff
3636,882126653dfffff
3637,8821267b37fffff
3638,8821260b3bfffff
3639,8821358415fffff
3640,882126521dfffff
3641,8821267a33fffff
3642,88212651abfffff
3643,882135b74dfffff
3644,8821265b37fffff
3645,88109b2db1fffff
3646,8821264995fffff
3647,8821265231fffff
3648,882135b1d1fffff
3649,8821267111fffff
3650,8821266e13fffff
3651,88212670d7fffff
3652,8821266181fffff
3653,8821260d23fffff
3654,882126783bfffff
3655,8821265b09fffff
3656,882135b2d3fffff
3657,882126443bfffff
3658,8821358653fffff
3659,8821261883fffff
3660,88213596abfffff
3661,88212655abfffff
3662,8821261949fffff
3663,882126501bfffff
3664,88212649c1fffff
3665,88212619a3fffff
3666,882135b233fffff
3667,882126793dfffff
3668,8821260843fffff
3669,88212646ddfffff
3670,882135959bfffff
3671,882135b335fffff
3672,8821264921fffff
3673,8821266169fffff
3674,8821265415fffff
3675,8821261b13fffff
3676,8821265ad9fffff
3677,8821264c27fffff
3678,882135b559fffff
3679,8821265301fffff
3680,88213594b9fffff
3681,88212640b5fffff
3682,882135b46bfffff
3683,88212618bdfffff
3684,8821265305fffff
3685,88212619b3fffff
3686,8821264823fffff
3687,882126096bfffff
3688,88212670b5fffff
3689,8821261a6bfffff
3690,88212672c9fffff
3691,882126400bfffff
3692,8821264ed3fffff
3693,8821358617fffff
3694,8821266a8bfffff
3695,8821264121fffff
3696,88212654e1fffff
3697,8821265135fffff
3698,8821264b43fffff
3699,8821267811fffff
3700,882135841dfffff
3701,88212655c9fffff
3702,8821267a17fffff
3703,8821267153fffff
3704,88213595d1fffff
3705,8821260a43fffff
3706,8821261033fffff
3707,8821264a23fffff
3708,8821266021fffff
3709,882126703dfffff
3710,88212678c3fffff
3711,8821266e15fffff
3712,8821260a59fffff
3713,882126548bfffff
3714,88212654c3fffff
3715,88212679b3fffff
3716,8821266b5bfffff
3717,882126685dfffff
3718,8821267aa7fffff
3719,88212645d3fffff
3720,8821264d59fffff
3721,8821265b55fffff
3722,882126483dfffff
3723,8821267043fffff
3724,8821265647fffff
3725,8821266819fffff
3726,88213596ebfffff
3727,88212670e3fffff
3728,8821264563fffff
3729,8821260a4dfffff
3730,8821264445fffff
3731,88212652a7fffff
3732,8821264a9bfffff
3733,88213594e3fffff
3734,8821265347fffff
3735,8821261a9dfffff
3736,882126cca3fffff
3737,882135b75bfffff
3738,8821359411fffff
3739,8821260881fffff
3740,8821264a4dfffff
3741,88212608bdfffff
3742,882135b017fffff
3743,8821264c55fffff
3744,88212651b7fffff
3745,88212651d7fffff
3746,88212608abfffff
3747,8821266155fffff
3748,882126752dfffff
3749,8821265589fffff
3750,8821260a35fffff
3751,8821264addfffff
3752,88212619b1fffff
3753,882135b003fffff
3754,88212649b1fffff
3755,8821260a37fffff
3756,882126413bfffff
3757,8821264d01fffff
3758,88212679bdfffff
3759,882126ccbbfffff
3760,882126568dfffff
3761,882126118bfffff
3762,8821266255fffff
3763,88212651cbfffff
3764,88109b2535fffff
3765,8821266531fffff
3766,8821267341fffff
3767,88212654c1fffff
3768,8821266aa5fffff
3769,8821265861fffff
3770,8821267a21fffff
3771,882135b25bfffff
3772,88109b259bfffff
3773,88212670edfffff
3774,8821264013fffff
3775,8821264593fffff
3776,8821264125fffff
3777,882135b6e3fffff
3778,8821265ad1fffff
3779,88212670c3fffff
3780,8821265ad5fffff
3781,8821267985fffff
3782,88212645d1fffff
3783,8821264d39fffff
3784,882126716dfffff
3785,88109b25c1fffff
3786,88212670d5fffff
3787,88212642cbfffff
3788,8821264933fffff
3789,8821261939fffff
3790,8821264b69fffff
3791,88213596b3fffff
3792,882135b56bfffff
3793,882135b0cbfffff
3794,882126405bfffff
3795,88212650cbfffff
3796,88212678c5fffff
3797,8821264b67fffff
3798,8821264131fffff
3799,8821359451fffff
3800,88212611e1fffff
3801,882135b21bfffff
3802,8821265143fffff
3803,8821264b03fffff
3804,882135b0c1fffff
3805,88213586cbfffff
3806,88109b2453fffff
3807,8821358627fffff
3808,88212678bbfffff
3809,8821264551fffff
3810,88212609e7fffff
3811,882135b321fffff
3812,8821266051fffff
3813,88212641a5fffff
3814,8821260825fffff
3815,8821260911fffff
3816,8821264e49fffff
3817,88212640dbfffff
3818,8821267355fffff
3819,88212656d7fffff
3820,8821267b09fffff
3821,8821267acdfffff
3822,8821266f07fffff
3823,8821267151fffff
3824,8821358713fffff
3825,8821265865fffff
3826,8821266f65fffff
3827,8821267843fffff
3828,882126494bfffff
3829,8821265a1dfffff
3830,8821264697fffff
3831,88109b2eabfffff
3832,8821266059fffff
3833,882135b099fffff
3834,88213596e9fffff
3835,88212619e7fffff
3836,882126552bfffff
3837,88212672edfffff
3838,8821267097fffff
3839,8821260b49fffff
3840,8821358423fffff
3841,88212611b5fffff
3842,8821260b25fffff
3843,8821265019fffff
3844,882135b71dfffff
3845,8821267503fffff
3846,8821264895fffff
3847,8821266081fffff
3848,88212678adfffff
3849,8821358503fffff
3850,882135b0a1fffff
3851,8821267537fffff
3852,8821264d13fffff
3853,8821266adbfffff
3854,882135b23dfffff
3855,8821264f41fffff
3856,88212641e3fffff
3857,8821264a0dfffff
3858,88212618b3fffff
3859,8821264905fffff
3860,88212660c5fffff
3861,8821358737fffff
3862,882135b2d7fffff
3863,882135b753fffff
3864,88109b2585fffff
3865,8821265b3dfffff
3866,8821260327fffff
3867,882126541bfffff
3868,88212675e1fffff
3869,8821261a37fffff
3870,88213594abfffff
3871,8821261a31fffff
3872,8821260f0dfffff
3873,8821264a33fffff
3874,8821266aa3fffff
3875,8821265743fffff
3876,882135b1e1fffff
3877,882126093bfffff
3878,882126620bfffff
3879,8821261ac9fffff
3880,8821261abbfffff
3881,8821264d0dfffff
3882,882126522dfffff
3883,8821267937fffff
3884,882126489dfffff
3885,8821265451fffff
3886,8821266a67fffff
3887,88212641a1fffff
3888,8821265025fffff
3889,8821264119fffff
3890,882126086bfffff
3891,8821266a49fffff
3892,8821264407fffff
3893,882135b081fffff
3894,88212652b9fffff
3895,8821260301fffff
3896,8821265205fffff
3897,8821264581fffff
3898,882126786dfffff
3899,882126cd63fffff
3900,8821264547fffff
3901,8821260b51fffff
3902,882126492bfffff
3903,882126442bfffff
3904,882126580dfffff
3905,8821264305fffff
3906,8821265b01fffff
3907,8821265059fffff
3908,88212640ebfffff
3909,882135b445fffff
3910,88213584bbfffff
3911,8821264c91fffff
3912,882135966dfffff
3913,8821265521fffff
3914,882135b2c9fffff
3915,8821260b37fffff
3916,8821260a21fffff
3917,8821266a99fffff
3918,8821261843fffff
3919,8821264207fffff
3920,88212655c3fffff
3921,8821264e95fffff
3922,8821358731fffff
3923,8821265a61fffff
3924,882126402bfffff
3925,88212640c1fffff
3926,882135b19dfffff
3927,8821261919fffff
3928,882126684dfffff
3929,8821359403fffff
3930,882135b2c5fffff
3931,8821267165fffff
3932,88212675abfffff
3933,8821267501fffff
3934,8821266291fffff
3935,8821267b65fffff
3936,8821264263fffff
3937,88212644e7fffff
3938,882135b653fffff
3939,8821264a83fffff
3940,88109b2e3bfffff
3941,8821260b5dfffff
3942,882126611dfffff
3943,8821264929fffff
3944,8821267199fffff
3945,882135874bfffff
3946,8821265abdfffff
3947,882126493dfffff
3948,8821264b2dfffff
3949,8821264957fffff
3950,882126082dfffff
3951,8821264dc7fffff
3952,88212668d3fffff
3953,88109b2ed3fffff
3954,8821265555fffff
3955,882135842dfffff
3956,8821266099fffff
3957,88212619a9fffff
3958,8821260931fffff
3959,88212672a1fffff
3960,8821267545fffff
3961,882126195dfffff
3962,882135b60dfffff
3963,8821264063fffff
3964,882135b701fffff
3965,882126409dfffff
3966,8821261039fffff
3967,882135b70bfffff
3968,88212672a3fffff
3969,88109b2437fffff
3970,882135b24bfffff
3971,8821266f0dfffff
3972,8821267b33fffff
3973,8821265463fffff
3974,8821264abdfffff
3975,8821260963fffff
3976,8821267b49fffff
3977,882126423bfffff
3978,8821267a83fffff
3979,882135b713fffff
3980,8821265903fffff
3981,8821260b17fffff
3982,8821267123fffff
3983,8821260b55fffff
3984,8821359757fffff
3985,882135b42dfffff
3986,8821264f67fffff
3987,8821264a37fffff
3988,88212665cbfffff
3989,8821264463fffff
3990,882135b1ebfffff
3991,882135b255fffff
3992,88213584e5fffff
3993,88212608b7fffff
3994,88109b24cdfffff
3995,882135b245fffff
3996,8821264b1dfffff
3997,882126575dfffff
3998,8821265b65fffff
3999,8821264ec5fffff
4000,8821358625fffff
4001,8821267a8dfffff
4002,882135b237fffff
4003,882126790bfffff
4004,8821266261fffff
4005,8821266a5bfffff
4006,8821267989fffff
4007,882126623dfffff
4008,88212642b1fffff
4009,882135854bfffff
4010,882135866dfffff
4011,88212645b9fffff
4012,88109b25d1fffff
4013,8821260f21fffff
4014,8821265a87fffff
4015,8821264069fffff
4016,882126404bfffff
4017,8821267991fffff
4018,88109b2c5bfffff
4019,8821264ac9fffff
4020,88213596adfffff
4021,88212658bdfffff
4022,8821264061fffff
4023,8821261b3bfffff
4024,88213586d1fffff
4025,8821264009fffff
4026,88109b25edfffff
4027,882126483bfffff
4028,8821261907fffff
4029,882135b6d9fffff
4030,882135848bfffff
4031,8821267049fffff
4032,8821265699fffff
4033,8821260a47fffff
4034,88109b2ccbfffff
4035,8821358719fffff
4036,8821264c4bfffff
4037,882126472dfffff
4038,882135b0e1fffff
4039,88212619bbfffff
4040,882126651bfffff
4041,882126721dfffff
4042,882135b0dbfffff
4043,8821264429fffff
4044,8821267ab1fffff
4045,8821265053fffff
4046,88212662c9fffff
4047,8821358515fffff
4048,8821261a09fffff
4049,88212656a7fffff
4050,8821266345fffff
4051,8821265987fffff
4052,8821266063fffff
4053,8821261997fffff
4054,88212618d1fffff
4055,8821260b09fffff
4056,8821266a9dfffff
4057,8821264dc3fffff
4058,88213584ebfffff
4059,8821266351fffff
4060,8821264b6bfffff
4061,88212618d3fffff
4062,88212608a9fffff
4063,88212658cdfffff
4064,882135b09bfffff
4065,8821265613fffff
4066,88212661e5fffff
4067,8821266167fffff
4068,8821261b5dfffff
4069,882126434dfffff
4070,88212619adfffff
4071,8821265439fffff
4072,8821264543fffff
4073,8821267b69fffff
4074,88212608b1fffff
4075,88213586ddfffff
4076,88212648a5fffff
4077,8821267935fffff
4078,88212656c9fffff
4079,8821260b33fffff
4080,8821264f3bfffff
4081,8821264695fffff
4082,8821264f23fffff
4083,88109b2ea5fffff
4084,88212671d5fffff
4085,88109b24e1fffff
4086,8821261897fffff
4087,8821264615fffff
4088,8821264413fffff
4089,8821267929fffff
4090,882126453bfffff
4091,8821265557fffff
4092,8821266f43fffff
4093,882135941dfffff
4094,8821266263fffff
4095,8821264b47fffff
4096,8821261aa7fffff
4097,88212650a5fffff
4098,8821264f0bfffff
4099,8821260839fffff
4100,8821264a43fffff
4101,88212645a3fffff
4102,88212649e3fffff
4103,8821359583fffff
4104,8821358469fffff
4105,8821261a95fffff
4106,88212644a9fffff
4107,882126103dfffff
4108,882135b2adfffff
4109,88109b2415fffff
4110,88213594cbfffff
4111,88109b2509fffff
4112,88109b252bfffff
4113,882126c9b3fffff
4114,882135b229fffff
4115,8821264035fffff
4116,88109b25cdfffff
4117,8821267041fffff
4118,882126614bfffff
4119,8821260305fffff
4120,88212655d9fffff
4121,8821358453fffff
4122,882126573dfffff
4123,8821359681fffff
4124,8821265417fffff
4125,8821265885fffff
4126,8821267807fffff
4127,88212658cbfffff
4128,8821264d95fffff
4129,88212670e7fffff
4130,88212678ebfffff
4131,8821264253fffff
4132,882126519dfffff
4133,8821264441fffff
4134,8821261031fffff
4135,8821267903fffff
4136,88212662b3fffff
4137,8821261aa1fffff
4138,8821267947fffff
4139,8821265553fffff
4140,8821264dbdfffff
4141,8821265803fffff
4142,88212649ebfffff
4143,8821265ab9fffff
4144,8821267ad7fffff
4145,882135b457fffff
4146,8821264a8bfffff
4147,8821267081fffff
4148,8821260a2dfffff
4149,8821261181fffff
4150,882135b115fffff
4151,88212649e9fffff
4152,8821265603fffff
4153,88213584c9fffff
4154,8821261a13fffff
4155,88212641c1fffff
4156,8821260929fffff
4157,8821260991fffff
4158,8821261ab3fffff
4159,8821358619fffff
4160,882126430bfffff
4161,8821266363fffff
4162,8821267a31fffff
4163,8821261955fffff
4164,882135b007fffff
4165,8821265609fffff
4166,8821265099fffff
4167,8821265a4bfffff
4168,8821264751fffff
4169,88212678d5fffff
4170,882126558bfffff
4171,8821264143fffff
4172,8821260d4dfffff
4173,882126626dfffff
4174,88109b2eadfffff
4175,8821265abbfffff
4176,882135958bfffff
4177,8821358605fffff
4178,8821267909fffff
4179,8821265889fffff
4180,8821358615fffff
4181,8821264839fffff
4182,8821267135fffff
4183,88212656ebfffff
4184,8821265acbfffff
4185,8821264919fffff
4186,8821267021fffff
4187,8821264c57fffff
4188,8821264487fffff
4189,882126458dfffff
4190,8821266f6dfffff
4191,88212651c7fffff
4192,882126186bfffff
4193,8821264d87fffff
4194,882126425bfffff
4195,8821265435fffff
4196,8821267ab3fffff
4197,8821358687fffff
4198,882135b0d3fffff
4199,8821265b23fffff
4200,88212655e9fffff
4201,8821264495fffff
4202,8821266a53fffff
4203,882135b117fffff
4204,882135b6c1fffff
4205,8821267a2bfffff
4206,882135b721fffff
4207,882126509bfffff
4208,8821264e3dfffff
4209,882126cd07fffff
4210,8821266041fffff
4211,882126195bfffff
4212,8821264937fffff
4213,8821265a2bfffff
4214,882135b505fffff
4215,882135b605fffff
4216,88212659cdfffff
4217,8821267a2dfffff
4218,8821264845fffff
4219,882126452bfffff
4220,8821260205fffff
4221,8821265ab7fffff
4222,882126715bfffff
4223,8821267a19fffff
4224,8821260361fffff
4225,8821267b5bfffff
4226,882135b037fffff
4227,8821266131fffff
4228,8821265419fffff
4229,88212645e9fffff
4230,88212678a3fffff
4231,88109b2457fffff
4232,882135b0c3fffff
4233,882135b74bfffff
4234,8821266817fffff
4235,882135b467fffff
4236,8821264a17fffff
4237,88212679c5fffff
4238,88212659b1fffff
4239,8821265013fffff
4240,8821264ac7fffff
4241,882135b31bfffff
4242,8821267827fffff
4243,882126674dfffff
4244,8821264e1bfffff
4245,882135b2abfffff
4246,8821265617fffff
4247,88212679c7fffff
4248,8821267a6dfffff
4249,8821266105fffff
4250,88213596b1fffff
4251,88212619b5fffff
4252,88212651b3fffff
4253,882126034dfffff
4254,882135b2a5fffff
4255,88109b2497fffff
4256,88212645dbfffff
4257,8821265869fffff
4258,8821264209fffff
4259,882126466dfffff
4260,882135b451fffff
4261,8821266189fffff
4262,8821261a1bfffff
4263,882126cd23fffff
4264,882135848dfffff
4265,8821264447fffff
4266,8821265219fffff
4267,8821265227fffff
4268,88212661cdfffff
4269,882126704bfffff
4270,8821260855fffff
4271,882126585bfffff
4272,8821265309fffff
4273,882126196bfffff
4274,88212611c7fffff
4275,8821260a03fffff
4276,882135b11dfffff
4277,8821264b3bfffff
4278,882135b201fffff
4279,8821267159fffff
4280,88212640b7fffff
4281,8821260895fffff
4282,88212656b5fffff
4283,8821266899fffff
4284,8821264891fffff
4285,882135b121fffff
4286,8821264d47fffff
4287,8821267035fffff
4288,8821266133fffff
4289,8821264e5bfffff
4290,88109b246bfffff
4291,8821267aabfffff
4292,882135b461fffff
4293,8821264239fffff
4294,8821264debfffff
4295,8821261a83fffff
4296,882126530dfffff
4297,88212648b3fffff
4298,8821264337fffff
4299,88213594bbfffff
4300,8821267859fffff
4301,88109b2ee7fffff
4302,88212644c5fffff
4303,882135b64bfffff
4304,88212655b1fffff
4305,88109b2dd7fffff
4306,8821267a59fffff
4307,88213584d3fffff
4308,882126192dfffff
4309,882135b0d5fffff
4310,8821264881fffff
4311,8821265a5bfffff
4312,882135b251fffff
4313,882135b239fffff
4314,88212641b9fffff
4315,88109b249dfffff
4316,8821267189fffff
4317,8821260d35fffff
4318,882135b111fffff
4319,882135b199fffff
4320,8821359649fffff
4321,8821264491fffff
4322,8821264ea5fffff
4323,88212648a3fffff
4324,882126435bfffff
4325,88212640bbfffff
4326,8821266ae9fffff
4327,8821265935fffff
4328,8821261ae3fffff
4329,8821264a21fffff
4330,88109b24ddfffff
4331,88212654edfffff
4332,8821265485fffff
4333,8821261999fffff
4334,882135b659fffff
4335,882126112dfffff
4336,8821261a0dfffff
4337,882126455bfffff
4338,882126cc95fffff
4339,8821264885fffff
4340,882126443dfffff
4341,8821266f51fffff
4342,8821264d09fffff
4343,882135b025fffff
4344,882126789bfffff
4345,8821266e47fffff
4346,882135849bfffff
4347,88213584cdfffff
4348,88212644b3fffff
4349,882126650bfffff
4350,88212655c5fffff
4351,8821266e41fffff
4352,88212660abfffff
4353,88212649c7fffff
4354,8821265533fffff
4355,88109b2c95fffff
4356,8821267a25fffff
4357,8821266e67fffff
4358,88109b2e91fffff
4359,88212649d7fffff
4360,8821260863fffff
4361,8821264511fffff
4362,8821260d21fffff
4363,8821265209fffff
4364,8821265855fffff
4365,8821264a05fffff
4366,88212662bbfffff
4367,882135b267fffff
4368,8821264739fffff
4369,8821260815fffff
4370,882126525dfffff
4371,8821265899fffff
4372,8821264c21fffff
4373,88212671ddfffff
4374,88212671cbfffff
4375,8821260b53fffff
4376,8821267ae1fffff
4377,8821265083fffff
4378,882126784dfffff
4379,8821260223fffff
4380,8821264515fffff
4381,88212645edfffff
4382,8821260abbfffff
4383,88212650c3fffff
4384,8821264d21fffff
4385,882126098dfffff
4386,8821266e55fffff
4387,8821265b27fffff
4388,8821265b29fffff
4389,88212611a9fffff
4390,882135b22dfffff
4391,8821267259fffff
4392,88213586e7fffff
4393,88212671e1fffff
4394,882126546dfffff
4395,8821266a85fffff
4396,88213596e1fffff
4397,8821264f6dfffff
4398,8821358483fffff
4399,8821264cd5fffff
4400,8821260ab7fffff
4401,8821265467fffff
4402,8821266ad1fffff
4403,8821261037fffff
4404,882126031dfffff
4405,8821358759fffff
4406,8821260355fffff
4407,8821267b53fffff
4408,8821261ad1fffff
4409,8821264949fffff
4410,8821264a31fffff
4411,8821358641fffff
4412,88212619d5fffff
4413,882126516bfffff
4414,882126cd67fffff
4415,882126412bfffff
4416,882126595bfffff
4417,8821261933fffff
4418,8821261b67fffff
4419,882135b687fffff
4420,8821260f65fffff
4421,88212651e3fffff
4422,882135b247fffff
4423,88212660d5fffff
4424,882126411bfffff
4425,8821266a33fffff
4426,8821267147fffff
4427,8821358639fffff
4428,8821267aa1fffff
4429,8821264b27fffff
4430,8821265237fffff
4431,8821264dc1fffff
4432,882135b287fffff
4433,882126716bfffff
4434,8821260f59fffff
4435,8821266abdfffff
4436,8821264549fffff
4437,8821264c5dfffff
4438,882135b45dfffff
4439,8821265729fffff
4440,882135b0c5fffff
4441,882126083dfffff
4442,882135b169fffff
4443,8821260e65fffff
4444,8821264163fffff
4445,882135b129fffff
4446,8821267149fffff
4447,882126474dfffff
4448,88212609bbfffff
4449,8821267b43fffff
4450,8821265b43fffff
4451,882126561bfffff
4452,88212670bbfffff
4453,8821264e01fffff
4454,8821264ea7fffff
4455,8821264265fffff
4456,8821267b39fffff
4457,8821267005fffff
4458,8821261917fffff
4459,8821260315fffff
4460,882135a24bfffff
4461,8821264621fffff
4462,8821264b37fffff
4463,882126791dfffff
4464,882135b14dfffff
4465,8821261aa3fffff
4466,8821261ad3fffff
4467,882126531bfffff
4468,8821260893fffff
4469,882126433dfffff
4470,8821264623fffff
4471,8821261ac7fffff
4472,882126036bfffff
4473,88212649edfffff
4474,88212642c5fffff
4475,882135b50bfffff
4476,882126c8bdfffff
4477,88109b2ec1fffff
4478,8821266addfffff
4479,8821261929fffff
4480,882126544bfffff
4481,8821261ae1fffff
4482,8821261b47fffff
4483,8821358443fffff
4484,8821264e19fffff
4485,882135965bfffff
4486,88212659d7fffff
4487,882135975dfffff
4488,8821260d69fffff
4489,882135a245fffff
4490,88212640a1fffff
4491,8821264eb5fffff
4492,8821261ae7fffff
4493,8821267267fffff
4494,88212662bdfffff
4495,8821265423fffff
4496,882126609dfffff
4497,882126466bfffff
4498,88213596c5fffff
4499,8821264b09fffff
4500,8821264533fffff
4501,88212654a5fffff
4502,8821264a53fffff
4503,882135b167fffff
4504,882126492dfffff
4505,8821358429fffff
4506,88212665c9fffff
4507,88109b2e11fffff
4508,8821266805fffff
4509,8821264225fffff
4510,8821264457fffff
4511,882126706dfffff
4512,882135b0e7fffff
4513,882126502bfffff
4514,8821264c05fffff
4515,882126084dfffff
4516,8821264725fffff
4517,882126780bfffff
4518,8821264e59fffff
4519,8821267089fffff
4520,8821264315fffff
4521,8821261a99fffff
4522,8821261a4bfffff
4523,8821266365fffff
4524,88212609a9fffff
4525,882126650dfffff
4526,88212672e1fffff
4527,8821260b61fffff
4528,8821264a67fffff
4529,8821265091fffff
4530,8821266035fffff
4531,882135960bfffff
4532,8821260a0dfffff
4533,88212611ddfffff
4534,882135962dfffff
4535,88109b2eddfffff
4536,88212650c7fffff
4537,8821358519fffff
4538,8821265909fffff
4539,8821267025fffff
4540,88212618a5fffff
4541,8821261123fffff
4542,8821267803fffff
4543,8821264639fffff
4544,8821266f59fffff
4545,88212655ddfffff
4546,8821264dd9fffff
4547,8821261a41fffff
4548,88212658dbfffff
4549,882135b05dfffff
4550,8821265121fffff
4551,882126656dfffff
4552,88212678bdfffff
4553,882135b031fffff
4554,88212609d5fffff
4555,8821266553fffff
4556,88212619cdfffff
4557,8821266347fffff
4558,8821264459fffff
4559,8821265199fffff
4560,8821264ed5fffff
4561,8821265007fffff
4562,8821267117fffff
4563,8821267119fffff
4564,8821264341fffff
4565,882126cc97fffff
4566,8821358663fffff
4567,882126550bfffff
4568,8821267725fffff
4569,8821260897fffff
4570,882126428bfffff
4571,8821267a27fffff
4572,882126183bfffff
4573,882135b189fffff
4574,88213596cdfffff
4575,88213594c9fffff
4576,882135b6c3fffff
4577,8821265ae5fffff
4578,88213585ddfffff
4579,8821265905fffff
4580,882135b0d1fffff
4581,882126595dfffff
4582,882135b6e1fffff
4583,882126cda3fffff
4584,8821265989fffff
4585,88109b2ea1fffff
4586,8821266367fffff
4587,8821265969fffff
4588,882135b731fffff
4589,88213586d9fffff
4590,882135b519fffff
4591,8821266b11fffff
4592,88212644c3fffff
4593,8821261a29fffff
4594,88212646a9fffff
4595,882126684bfffff
4596,8821267b27fffff
4597,8821267861fffff
4598,8821267161fffff
4599,882135b14bfffff
4600,8821266e2dfffff
4601,88212656d5fffff
4602,8821265a27fffff
4603,88212619cbfffff
4604,8821267245fffff
4605,8821267823fffff
4606,8821266f6bfffff
4607,88109b25a9fffff
4608,882126722dfffff
4609,8821260d3dfffff
4610,88212656b7fffff
4611,88212652a9fffff
4612,8821264851fffff
4613,882126435dfffff
4614,88212644cbfffff
4615,88212648b7fffff
4616,8821266185fffff
4617,882126621dfffff
4618,88212646e9fffff
4619,8821265437fffff
4620,882126683dfffff
4621,8821260b1dfffff
4622,8821261a2dfffff
4623,8821264903fffff
4624,8821359637fffff
4625,8821261a57fffff
4626,8821266e19fffff
4627,882135b541fffff
4628,8821265763fffff
4629,8821265b11fffff
4630,8821266e57fffff
4631,8821266507fffff
4632,8821265959fffff
4633,8821266e65fffff
4634,8821358431fffff
4635,88109b25a3fffff
4636,882126448bfffff
4637,8821264339fffff
4638,8821267a91fffff
4639,8821266427fffff
4640,882126194bfffff
4641,8821265543fffff
4642,8821264663fffff
4643,8821264027fffff
4644,882135b019fffff
4645,882135b105fffff
4646,8821260959fffff
4647,8821265029fffff
4648,8821359755fffff
4649,8821264ed7fffff
4650,8821264183fffff
4651,882126564bfffff
4652,8821260f53fffff
4653,88212650dbfffff
4654,8821358433fffff
4655,88109b2519fffff
4656,88212654abfffff
4657,88212611a5fffff
4658,882135b16dfffff
4659,88212640abfffff
4660,882126629dfffff
4661,8821264eb9fffff
4662,8821359699fffff
4663,8821260987fffff
4664,882135b1ddfffff
4665,882126446bfffff
4666,8821260a4bfffff
4667,8821264363fffff
4668,8821265ac7fffff
4669,88109b24adfffff
4670,882135b409fffff
4671,8821264cd9fffff
4672,882126574bfffff
4673,88212654ddfffff
4674,8821264015fffff
4675,8821265583fffff
4676,8821264cddfffff
4677,88212609dbfffff
4678,8821267b05fffff
4679,882135b75dfffff
4680,882135b645fffff
4681,8821264b6dfffff
4682,88109b2555fffff
4683,8821358511fffff
4684,882126194dfffff
4685,8821267841fffff
4686,8821267029fffff
4687,882126750bfffff
4688,8821260b43fffff
4689,882126471bfffff
4690,882126196dfffff
4691,882126ccb3fffff
4692,8821266a19fffff
4693,8821265697fffff
4694,88212645e3fffff
4695,882126403dfffff
4696,88109b24b1fffff
4697,8821267305fffff
4698,88109b2e15fffff
4699,8821358489fffff
4700,88109b250bfffff
4701,8821264055fffff
4702,88212646b9fffff
4703,882135b18bfffff
4704,882126cc9bfffff
4705,8821264007fffff
4706,88212645c7fffff
4707,8821267067fffff
4708,8821265597fffff
4709,8821264a1bfffff
4710,88109b2429fffff
4711,8821264883fffff
4712,8821264427fffff
4713,8821264ae3fffff
4714,882126415dfffff
4715,8821264d8bfffff
4716,882135b733fffff
4717,88212645a1fffff
4718,8821260923fffff
4719,8821264ecdfffff
4720,882135b063fffff
4721,88109b240bfffff
4722,88212649a5fffff
4723,882126450dfffff
4724,8821266061fffff
4725,8821265a07fffff
4726,88212675e7fffff
4727,8821358497fffff
4728,8821266549fffff
4729,8821261b01fffff
4730,88212648b9fffff
4731,882126119dfffff
4732,8821265715fffff
4733,8821266329fffff
4734,88212678cbfffff
4735,8821261107fffff
4736,88212655adfffff
4737,8821266e5bfffff
4738,882135b6abfffff
4739,8821264349fffff
4740,8821266135fffff
4741,8821266137fffff
4742,8821266ae5fffff
4743,882135b2d5fffff
4744,8821265a3bfffff
4745,8821264257fffff
4746,882135b69dfffff
4747,8821261825fffff
4748,8821264489fffff
4749,882126599bfffff
4750,8821264b2bfffff
4751,882135b369fffff
4752,8821261803fffff
4753,88212650d9fffff
4754,8821267b23fffff
4755,8821266ac5fffff
4756,88212645d5fffff
4757,8821358665fffff
4758,8821264c59fffff
4759,88212654e9fffff
4760,88212645c5fffff
4761,882126780dfffff
4762,8821261b45fffff
4763,882126618bfffff
4764,882135962bfffff
4765,88212640b1fffff
4766,882135b22bfffff
4767,88212659c5fffff
4768,8821264c2bfffff
4769,8821267889fffff
4770,8821264e99fffff
4771,8821265413fffff
4772,882135963bfffff
4773,882126450bfffff
4774,88109b2dd3fffff
4775,8821266701fffff
4776,882135964bfffff
4777,8821267513fffff
4778,882126c99bfffff
4779,88109b25e3fffff
4780,8821265129fffff
4781,8821260849fffff
4782,882135b181fffff
4783,88212655dbfffff
4784,88212611e5fffff
4785,8821264587fffff
4786,882135b25dfffff
4787,882126402dfffff
4788,8821265a97fffff
4789,8821264355fffff
4790,8821266005fffff
4791,882135b0c9fffff
4792,882126799dfffff
4793,8821265155fffff
4794,8821265b41fffff
4795,882135b157fffff
4796,882126586dfffff
4797,8821265965fffff
4798,8821267891fffff
4799,8821260a29fffff
4800,882135b6ddfffff
4801,8821265b5bfffff
4802,8821264829fffff
4803,882135b119fffff
4804,88212618c9fffff
4805,88212658d7fffff
4806,88212679c9fffff
4807,8821267b47fffff
4808,88109b2e19fffff
4809,882126089dfffff
4810,8821264ed1fffff
4811,8821267133fffff
4812,8821260b13fffff
4813,8821266121fffff
4814,882135b463fffff
4815,8821265731fffff
4816,8821267995fffff
4817,882135b165fffff
4818,8821264497fffff
4819,8821261a81fffff
4820,882135b2cbfffff
4821,8821260921fffff
4822,88212648cbfffff
4823,882135b2b3fffff
4824,88213586b3fffff
4825,8821265087fffff
4826,8821267325fffff
4827,8821267917fffff
4828,88109b2cb7fffff
4829,882126540dfffff
4830,8821266b1bfffff
4831,8821267a89fffff
4832,8821266031fffff
4833,8821267a23fffff
4834,8821261993fffff
4835,88212641bdfffff
4836,88212611bbfffff
4837,882135b0b1fffff
4838,88212641d5fffff
4839,882135b631fffff
4840,882135b055fffff
4841,882126725dfffff
4842,882135b52dfffff
4843,8821265247fffff
4844,88212644c7fffff
4845,88212670a9fffff
4846,882135b50dfffff
4847,8821359497fffff
4848,8821264cc9fffff
4849,8821264841fffff
4850,88109b24a1fffff
4851,88212646d7fffff
4852,88212671b7fffff
4853,882126509dfffff
4854,882126604bfffff
4855,88212659b3fffff
4856,8821267085fffff
4857,8821265ad7fffff
4858,88213595dbfffff
4859,882126680dfffff
4860,8821267a1dfffff
4861,8821264e07fffff
4862,8821264e69fffff
4863,88212654e7fffff
4864,8821264ad3fffff
4865,8821264681fffff
4866,8821264a49fffff
4867,8821266a97fffff
4868,8821264edbfffff
4869,882126651dfffff
4870,8821267ad5fffff
4871,8821358499fffff
4872,8821260abdfffff
4873,882126484dfffff
4874,88109b2cadfffff
4875,8821264e9bfffff
4876,8821264f33fffff
4877,8821265a0bfffff
4878,88212619e3fffff
4879,88212654c9fffff
4880,88109b2c53fffff
4881,88109b2ea9fffff
4882,8821266a13fffff
4883,8821358613fffff
4884,8821261165fffff
4885,88109b2dd5fffff
4886,8821265107fffff
4887,88212645e7fffff
4888,8821264a03fffff
4889,88109b2ee1fffff
4890,882126188bfffff
4891,8821261139fffff
4892,88213586bbfffff
4893,8821267317fffff
4894,8821267895fffff
4895,8821265761fffff
4896,8821265353fffff
4897,882126653bfffff
4898,8821359759fffff
4899,88109b2d99fffff
4900,8821266857fffff
4901,882135b203fffff
4902,8821267019fffff
4903,8821267105fffff
4904,8821266323fffff
4905,882135869dfffff
4906,8821265b1dfffff
4907,882135b2e7fffff
4908,88109b2417fffff
4909,8821264025fffff
4910,8821265893fffff
4911,8821264b17fffff
4912,8821260819fffff
4913,88109b241dfffff
4914,8821267845fffff
4915,882135b563fffff
4916,88212652a3fffff
4917,88212645c9fffff
4918,88212619b9fffff
4919,8821265805fffff
4920,8821261b0dfffff
4921,8821265315fffff
4922,8821260a25fffff
4923,8821260b63fffff
4924,8821267855fffff
4925,882135b00bfffff
4926,8821264805fffff
4927,88212645b7fffff
4928,8821265913fffff
4929,8821265833fffff
4930,88212646c1fffff
4931,8821264c61fffff
4932,88212654a3fffff
4933,88109b24bdfffff
4934,8821264e43fffff
4935,88212649c5fffff
4936,8821264d3dfffff
4937,8821264443fffff
4938,88212678c9fffff
4939,882135a243fffff
4940,882135b637fffff
4941,88212654c7fffff
4942,88212641dbfffff
4943,88213586d5fffff
4944,8821264931fffff
4945,882135b2e5fffff
4946,8821267b4bfffff
4947,882126718dfffff
4948,8821266335fffff
4949,8821264a39fffff
4950,8821265a63fffff
4951,8821266259fffff
4952,88212642d5fffff
4953,8821260851fffff
4954,88212619d3fffff
4955,8821266369fffff
4956,882126486dfffff
4957,882126c997fffff
4958,88212655c1fffff
4959,8821265567fffff
4960,8821264c6dfffff
4961,88212609e3fffff
4962,882126795dfffff
4963,88212661c7fffff
4964,8821264f57fffff
4965,882126465dfffff
4966,8821260ab3fffff
4967,882126193bfffff
4968,88212644c9fffff
4969,8821264927fffff
4970,88212661ddfffff
4971,882135851dfffff
4972,882135869bfffff
4973,8821267b01fffff
4974,88212646e1fffff
4975,8821264da7fffff
4976,88109b2eb1fffff
4977,88212644bbfffff
4978,88212661b7fffff
4979,8821261b0bfffff
4980,882135b283fffff
4981,88212678a1fffff
4982,882126708dfffff
4983,8821264ca9fffff
4984,8821265491fffff
4985,882135949dfffff
4986,88212654d5fffff
4987,8821266341fffff
4988,882126488bfffff
4989,88212661bbfffff
4990,882126ccb1fffff
4991,8821266f47fffff
4992,8821267b5dfffff
4993,8821264ec3fffff
4994,88212611cdfffff
4995,8821260f4bfffff
4996,8821264285fffff
4997,8821261b53fffff
4998,8821264849fffff
4999,8821264199fffff
5000,8821264083fffff
5001,8821264653fffff
5002,8821265549fffff
5003,882126183dfffff
5004,88212645ebfffff
5005,88212649e1fffff
5006,8821261889fffff
5007,8821267969fffff
5008,8821264c11fffff
5009,88212608b9fffff
5010,8821267b25fffff
5011,8821267001fffff
5012,88212656cbfffff
5013,8821264b13fffff
5014,8821358755fffff
5015,88212672c5fffff
5016,88213594c5fffff
5017,88213595e3fffff
5018,882135845bfffff
5019,8821265427fffff
5020,8821267721fffff
5021,8821267127fffff
5022,8821265291fffff
5023,8821264749fffff
5024,8821264d23fffff
5025,88212608e7fffff
5026,8821267ae9fffff
5027,88212642a1fffff
5028,882126026dfffff
5029,8821265493fffff
5030,8821264de7fffff
5031,8821261835fffff
5032,88212608adfffff
5033,88212608dbfffff
5034,88213596a5fffff
5035,8821264a5dfffff
5036,8821266569fffff
5037,8821264c31fffff
5038,882135b259fffff
5039,8821264f19fffff
5040,882135b6cdfffff
5041,88213596a9fffff
5042,8821359661fffff
5043,8821264e4bfffff
5044,8821264c37fffff
5045,8821264ab7fffff
5046,8821265193fffff
5047,8821267a81fffff
5048,8821267853fffff
5049,8821267541fffff
5050,8821267309fffff
5051,88109b2cb5fffff
5052,88212608d7fffff
5053,8821261aebfffff
5054,8821260f13fffff
5055,8821261109fffff
5056,882135b551fffff
5057,8821264411fffff
5058,882135b2c1fffff
5059,882126504dfffff
5060,8821267901fffff
5061,8821261a51fffff
5062,88213594d3fffff
5063,8821267ad1fffff
5064,882126c8abfffff
5065,8821260933fffff
5066,8821266837fffff
5067,882126721bfffff
5068,88212671c5fffff
5069,8821264c01fffff
5070,8821266ab9fffff
5071,88212679e5fffff
5072,8821264659fffff
5073,8821264e89fffff
5074,8821265b17fffff
5075,88213586d7fffff
5076,8821264c89fffff
5077,8821264655fffff
5078,8821264329fffff
5079,88212649ddfffff
5080,8821265197fffff
5081,8821265643fffff
5082,882135873dfffff
5083,88212651a5fffff
5084,882126571bfffff
5085,882126713dfffff
5086,88212651a3fffff
5087,882135b343fffff
5088,8821267321fffff
5089,8821265445fffff
5090,8821261937fffff
5091,882126582dfffff
5092,88212609d7fffff
5093,88109b2cd5fffff
5094,8821267885fffff
5095,8821358681fffff
5096,8821260359fffff
5097,8821265b61fffff
5098,8821264195fffff
5099,88212641abfffff
5100,88212619bdfffff
5101,88212658a7fffff
5102,8821264d4bfffff
5103,8821267213fffff
5104,88212662d7fffff
5105,88109b2505fffff
5106,8821267b63fffff
5107,8821264b61fffff
5108,8821266563fffff
5109,882135846dfffff
5110,882135a255fffff
5111,8821265169fffff
5112,8821260a67fffff
5113,8821264299fffff
5114,882135b657fffff
5115,8821264b23fffff
5116,88212671a1fffff
5117,882126722bfffff
5118,8821264f35fffff
5119,88212644a5fffff
5120,8821264cbbfffff
5121,8821266707fffff
5122,882135b64dfffff
5123,88212649d5fffff
5124,88212656e9fffff
5125,88212645c3fffff
5126,882126610bfffff
5127,88212656a9fffff
5128,88212658b1fffff
5129,88109b24e5fffff
5130,88212618c5fffff
5131,8821265a99fffff
5132,8821266311fffff
5133,882135b443fffff
5134,88212644b9fffff
5135,88212658ddfffff
5136,88212670b1fffff
5137,88212651c9fffff
5138,8821264569fffff
5139,88212671e3fffff
5140,8821266087fffff
5141,8821359629fffff
5142,88212658c3fffff
5143,88212644ebfffff
5144,8821266025fffff
5145,8821266859fffff
5146,882135968bfffff
5147,882135b06bfffff
5148,88212648b1fffff
5149,8821261865fffff
5150,882135b005fffff
5151,882135b325fffff
5152,8821264ae1fffff
5153,882135b2a1fffff
5154,8821264303fffff
5155,882126186dfffff
5156,882126405dfffff
5157,8821260a61fffff
5158,8821266e03fffff
5159,882135b353fffff
5160,882135b689fffff
5161,88212654d3fffff
5162,882135b027fffff
5163,8821267b59fffff
5164,8821264d17fffff
5165,8821264c53fffff
5166,8821264229fffff
5167,8821261a91fffff
5168,882126424bfffff
5169,8821265739fffff
5170,8821266267fffff
5171,88212650e9fffff
5172,8821267b29fffff
5173,8821260865fffff
5174,8821265925fffff
5175,88109b2401fffff
5176,8821265747fffff
5177,8821264815fffff
5178,882126544dfffff
5179,8821261b51fffff
5180,88212654d7fffff
5181,8821265443fffff
5182,882126488dfffff
5183,8821264369fffff
5184,88212645d9fffff
5185,8821260909fffff
5186,8821264f6bfffff
5187,882135b323fffff
5188,88212619a1fffff
5189,88212642cdfffff
5190,882135b76bfffff
5191,8821264313fffff
5192,8821267923fffff
5193,8821264e51fffff
5194,88212661cbfffff
5195,8821264ce9fffff
5196,8821267113fffff
5197,8821266561fffff
5198,88212655e1fffff
5199,88212611d9fffff
5200,88212655d3fffff
5201,882135b195fffff
5202,8821261b59fffff
5203,88212658b7fffff
5204,8821260883fffff
5205,882126619dfffff
5206,8821261a03fffff
5207,882135b1cdfffff
5208,8821260a6dfffff
5209,8821265a8dfffff
5210,8821267a51fffff
5211,8821266e51fffff
5212,882126099dfffff
5213,8821265a53fffff
5214,882135b543fffff
5215,8821358425fffff
5216,8821265a17fffff
5217,8821260f35fffff
5218,88213594d5fffff
5219,8821266aabfffff
5220,8821261911fffff
5221,8821265243fffff
5222,8821267b61fffff
5223,8821265517fffff
5224,8821266b57fffff
5225,88213596d3fffff
5226,8821264cd1fffff
5227,8821265b49fffff
5228,882126422bfffff
5229,88212642bdfffff
5230,882135873bfffff
5231,882126032dfffff
5232,8821359593fffff
5233,8821264917fffff
5234,8821267303fffff
5235,882135b6d7fffff
5236,8821260f55fffff
5237,8821264731fffff
5238,882135843bfffff
5239,8821358695fffff
5240,88212648d3fffff
5241,8821359647fffff
5242,88212640a7fffff
5243,8821264643fffff
5244,88109b253bfffff
5245,8821264b25fffff
5246,88212678cdfffff
5247,8821266297fffff
5248,882126581bfffff
5249,882126670dfffff
5250,88212660a1fffff
5251,882126508dfffff
5252,8821261809fffff
5253,8821264733fffff
5254,8821265b2dfffff
5255,882135b621fffff
5256,88109b25e5fffff
5257,8821264eddfffff
5258,88212640d7fffff
5259,8821265b07fffff
5260,88212649c9fffff
5261,88212642e1fffff
5262,882135b367fffff
5263,8821267163fffff
5264,88109b2455fffff
5265,882126103bfffff
5266,882126784bfffff
5267,8821267957fffff
5268,88212679cdfffff
5269,882126589dfffff
5270,8821264227fffff
5271,8821264a5bfffff
5272,88212641c3fffff
5273,8821267815fffff
5274,88212655a1fffff
5275,8821264201fffff
5276,88212651e5fffff
5277,8821261935fffff
5278,8821264217fffff
5279,88109b25c3fffff
5280,88109b2583fffff
5281,88212658d3fffff
5282,8821264293fffff
5283,882126724dfffff
5284,882135b56dfffff
5285,8821260265fffff
5286,88212659bbfffff
5287,88212678a5fffff
5288,88212641edfffff
5289,88109b2413fffff
5290,8821267207fffff
5291,8821266803fffff
5292,88213586adfffff
5293,88213596b5fffff
5294,88212656dbfffff
5295,8821266ec1fffff
5296,88212658d1fffff
5297,8821261823fffff
5298,882126735bfffff
5299,882126445dfffff
5300,882126c8b3fffff
5301,882126c8b9fffff
5302,88212640c3fffff
5303,882135b0cdfffff
5304,882126030bfffff
5305,8821264eedfffff
5306,88212656b3fffff
5307,882135b2ebfffff
5308,8821358739fffff
5309,88109b20b3fffff
5310,8821265203fffff
5311,88212679dbfffff
5312,882135b691fffff
5313,8821260311fffff
5314,882135b159fffff
5315,882126689bfffff
5316,882126625dfffff
5317,88212619c7fffff
5318,8821265165fffff
5319,8821264923fffff
5320,8821264cc5fffff
5321,88212644a1fffff
5322,88212661bdfffff
5323,8821359621fffff
5324,8821267b07fffff
5325,88212675b5fffff
5326,882126555dfffff
5327,882135b555fffff
5328,88212652e3fffff
5329,882135b093fffff
5330,882126783dfffff
5331,882135b08dfffff
5332,88109b2ce5fffff
5333,88212646cdfffff
5334,88109b2e81fffff
5335,882135b34bfffff
5336,8821264cdbfffff
5337,8821267547fffff
5338,882135b149fffff
5339,882126526dfffff
5340,882126495dfffff
5341,88212659a1fffff
5342,88212652a5fffff
5343,8821266ecbfffff
5344,8821264451fffff
5345,8821264cb5fffff
5346,8821264469fffff
5347,8821266eddfffff
5348,8821266f21fffff
5349,8821265757fffff
5350,88212658e7fffff
5351,8821264081fffff
5352,882126493bfffff
5353,8821266349fffff
5354,8821264599fffff
5355,8821264095fffff
5356,8821358601fffff
5357,882135b29dfffff
5358,8821264d1bfffff
5359,8821265035fffff
5360,882135b51dfffff
5361,882126590bfffff
5362,8821265829fffff
5363,882135b291fffff
5364,882126c8a1fffff
5365,8821266123fffff
5366,88109b242bfffff
5367,8821264631fffff
5368,8821359419fffff
5369,8821264617fffff
5370,882126cd3dfffff
5371,8821266ed1fffff
5372,8821266a91fffff
5373,8821266f41fffff
5374,8821264605fffff
5375,8821267ad9fffff
5376,8821266a45fffff
5377,882135b749fffff
5378,8821264db1fffff
5379,88212654ebfffff
5380,88109b2d93fffff
5381,882126190dfffff
5382,8821267167fffff
5383,8821267311fffff
5384,8821266a83fffff
5385,8821260b2bfffff
5386,882126558dfffff
5387,882135b62dfffff
5388,8821265b03fffff
5389,8821264a99fffff
5390,882135b1e3fffff
5391,8821266767fffff
5392,8821260945fffff
5393,882126451dfffff
5394,88212662adfffff
5395,88109b2425fffff
5396,88213595d3fffff
5397,8821266f69fffff
5398,88212619ebfffff
5399,88212672bdfffff
5400,88213594a7fffff
5401,882135b36bfffff
5402,8821264b4dfffff
5403,8821266ae7fffff
5404,8821265933fffff
5405,8821358411fffff
5406,8821261941fffff
5407,8821358559fffff
5408,8821264b19fffff
5409,882126576dfffff
5410,88109b2e1bfffff
5411,8821265689fffff
5412,882126613bfffff
5413,88212655e3fffff
5414,882135b763fffff
5415,8821265461fffff
5416,8821265403fffff
5417,8821264ecbfffff
5418,8821266001fffff
5419,882135b361fffff
5420,8821266343fffff
5421,8821265525fffff
5422,8821266023fffff
5423,8821358629fffff
5424,8821264d03fffff
5425,8821266765fffff
5426,882126461dfffff
5427,8821264167fffff
5428,8821266227fffff
5429,8821266ec9fffff
5430,882126594bfffff
5431,8821266849fffff
5432,88212646cbfffff
5433,8821265021fffff
5434,882126628dfffff
5435,88212644e5fffff
5436,8821264197fffff
5437,8821260aabfffff
5438,882126cd21fffff
5439,88213594ebfffff
5440,8821265941fffff
5441,8821264d19fffff
5442,8821266317fffff
5443,8821267307fffff
5444,8821260ae5fffff
5445,8821359685fffff
5446,882126485dfffff
5447,882126603dfffff
5448,882135b219fffff
5449,8821264ccbfffff
5450,8821266037fffff
5451,8821267a3bfffff
5452,8821264483fffff
5453,8821266a5dfffff
5454,8821265433fffff
5455,882135b049fffff
5456,8821267805fffff
5457,8821261923fffff
5458,88109b2ca1fffff
5459,88212659abfffff
5460,8821264e91fffff
5461,8821264a9dfffff
5462,8821265a5dfffff
5463,8821267839fffff
5464,8821265765fffff
5465,88109b2cd1fffff
5466,882135b327fffff
5467,88212611e7fffff
5468,88212658b3fffff
5469,88212651bdfffff
5470,8821261927fffff
5471,88212652c5fffff
5472,8821266ae3fffff
5473,8821264729fffff
5474,88109b2c15fffff
5475,88212618b1fffff
5476,8821264ac3fffff
5477,8821264485fffff
5478,8821358633fffff
5479,882135b151fffff
5480,88212658b9fffff
5481,8821264753fffff
5482,88212656a1fffff
5483,882135b0ddfffff
5484,8821265015fffff
5485,88212661b1fffff
5486,8821265a9bfffff
5487,8821267223fffff
5488,8821359655fffff
5489,8821267121fffff
5490,8821267333fffff
5491,8821266e69fffff
5492,8821267315fffff
5493,88109b258bfffff
5494,8821265323fffff
5495,882135b6edfffff
5496,88109b2ec5fffff
5497,88212651e9fffff
5498,88212654b7fffff
5499,882126634dfffff
5500,8821266acdfffff
5501,882135875dfffff
5502,8821260817fffff
5503,88109b2e87fffff
5504,8821264323fffff
5505,88109b258dfffff
5506,88212660cdfffff
5507,8821264e2dfffff
5508,88213595bdfffff
5509,8821267219fffff
5510,88212672c7fffff
5511,88213586a5fffff
5512,882135b0adfffff
5513,88212618c3fffff
5514,882135b32bfffff
5515,88213586e1fffff
5516,8821261addfffff
5517,8821266107fffff
5518,8821265b0bfffff
5519,8821264e4dfffff
5520,88212641b1fffff
5521,8821264625fffff
5522,8821260857fffff
5523,8821261b09fffff
5524,88109b2433fffff
5525,8821267217fffff
5526,88109b25c5fffff
5527,8821265807fffff
5528,8821265131fffff
5529,8821265823fffff
5530,88109b2ec3fffff
5531,882135b62bfffff
5532,88212611c9fffff
5533,88212679d3fffff
5534,8821267015fffff
5535,88212662ebfffff
5536,8821358751fffff
5537,88212642ddfffff
5538,8821261855fffff
5539,882126524dfffff
5540,882135b285fffff
5541,8821265515fffff
5542,8821266281fffff
5543,8821261837fffff
5544,8821261857fffff
5545,88212640d1fffff
5546,8821267997fffff
5547,882126701dfffff
5548,8821264f47fffff
5549,8821264203fffff
5550,8821265011fffff
5551,8821267a8bfffff
5552,882126518bfffff
5553,88109b2ca7fffff
5554,8821265093fffff
5555,882135b705fffff
5556,8821261b17fffff
5557,8821264825fffff
5558,8821266e09fffff
5559,8821264a41fffff
5560,8821261167fffff
5561,88109b2ec7fffff
5562,8821266513fffff
5563,88212644d7fffff
5564,882135855bfffff
5565,8821265917fffff
5566,88212611adfffff
5567,8821267083fffff
5568,88212660b1fffff
5569,882126ccb7fffff
5570,882135b359fffff
5571,8821267943fffff
5572,882126191dfffff
5573,8821265b67fffff
5574,8821265843fffff
5575,88213586dbfffff
5576,8821359587fffff
5577,88212650e3fffff
5578,8821264331fffff
5579,8821265aa9fffff
5580,8821261995fffff
5581,88212611e3fffff
5582,88212646c5fffff
5583,882126633bfffff
5584,88109b2ec9fffff
5585,882135b0e9fffff
5586,882126505bfffff
5587,8821261b63fffff
5588,88212661e7fffff
5589,88212660e9fffff
5590,882126599dfffff
5591,8821358753fffff
5592,88213594c7fffff
5593,8821264ee7fffff
5594,8821264585fffff
5595,8821264c09fffff
5596,882126475dfffff
5597,8821266153fffff
5598,882126798dfffff
5599,8821264127fffff
5600,8821358667fffff
5601,8821266ac7fffff
5602,88212609bdfffff
5603,8821265769fffff
5604,8821261b1dfffff
5605,8821266a47fffff
5606,8821264611fffff
5607,88109b2435fffff
5608,8821265aa3fffff
5609,8821267817fffff
5610,88212662e9fffff
5611,8821266a63fffff
5612,88212640c7fffff
5613,88212649c3fffff
5614,88212619c1fffff
5615,8821264763fffff
5616,882135b101fffff
5617,882126612dfffff
5618,8821358715fffff
5619,882126799bfffff
5620,882126454bfffff
5621,8821264637fffff
5622,8821260b21fffff
5623,8821266089fffff
5624,882126463bfffff
5625,8821260803fffff
5626,88212658edfffff
5627,8821264e31fffff
5628,882126601bfffff
5629,882135b55bfffff
5630,8821267521fffff
5631,8821261913fffff
5632,8821265895fffff
5633,882126191bfffff
5634,8821265819fffff
5635,8821265127fffff
5636,882126611bfffff
5637,88212679d5fffff
5638,882135b34dfffff
5639,8821264c85fffff
5640,8821265191fffff
5641,88109b2405fffff
5642,8821267925fffff
5643,8821260853fffff
5644,882126548dfffff
5645,882126184dfffff
5646,8821264c13fffff
5647,882126ccb5fffff
5648,8821264d91fffff
5649,882135b12dfffff
5650,8821267063fffff
5651,8821260d6bfffff
5652,88212656b1fffff
5653,8821359603fffff
5654,8821265065fffff
5655,8821265401fffff
5656,8821358689fffff
5657,8821267867fffff
5658,88212651b9fffff
5659,8821261143fffff
5660,88212608c9fffff
5661,8821265b21fffff
5662,882135b033fffff
5663,8821266835fffff
5664,882126444bfffff
5665,88212665edfffff
5666,8821265745fffff
5667,8821266f63fffff
5668,882135b685fffff
5669,8821264267fffff
5670,8821264481fffff
5671,8821261193fffff
5672,8821266a23fffff
5673,8821260aa1fffff
5674,8821264c23fffff
5675,8821264099fffff
5676,8821265addfffff
5677,8821266f19fffff
5678,882126421bfffff
5679,88109b2cabfffff
5680,8821264aabfffff
5681,88212652b3fffff
5682,88109b2c1bfffff
5683,882135b347fffff
5684,882126559dfffff
5685,8821264e37fffff
5686,88212648e3fffff
5687,88212648e1fffff
5688,8821266503fffff
5689,8821265529fffff
5690,88212659a7fffff
5691,88213594b7fffff
5692,88212672b7fffff
5693,8821266f49fffff
5694,88212646b1fffff
5695,88212679d9fffff
5696,8821261965fffff
5697,8821267047fffff
5698,8821264115fffff
5699,8821261a85fffff
5700,8821266a41fffff
5701,88212671c1fffff
5702,8821264809fffff
5703,8821261a55fffff
5704,8821264a51fffff
5705,8821260f0bfffff
5706,882126602dfffff
5707,88213586e3fffff
5708,882126ccd3fffff
5709,8821267965fffff
5710,88212646e7fffff
5711,8821267921fffff
5712,8821264097fffff
5713,8821261a23fffff
5714,8821359609fffff
5715,8821265ab3fffff
5716,8821267059fffff
5717,882135b549fffff
5718,882135b65bfffff
5719,882135b46dfffff
5720,88213595b1fffff
5721,8821264123fffff
5722,8821266237fffff
5723,8821264741fffff
5724,8821261b33fffff
5725,8821264989fffff
5726,882126418dfffff
5727,8821267a55fffff
5728,882126449dfffff
5729,8821359615fffff
5730,88212646d9fffff
5731,8821267053fffff
5732,882126756bfffff
5733,8821267a0bfffff
5734,8821266235fffff
5735,8821261025fffff
5736,8821265695fffff
5737,88213596b7fffff
5738,8821265095fffff
5739,8821264361fffff
5740,8821260f11fffff
5741,8821264cadfffff
5742,8821267039fffff
5743,8821265659fffff
5744,8821265aa5fffff
5745,8821265717fffff
5746,8821264213fffff
5747,88213584b3fffff
5748,8821264001fffff
5749,8821266161fffff
5750,88212640e5fffff
5751,8821264913fffff
5752,8821265547fffff
5753,8821267a87fffff
5754,8821266721fffff
5755,8821266809fffff
5756,8821261101fffff
5757,8821264181fffff
5758,8821265a49fffff
5759,8821267955fffff
5760,8821266299fffff
5761,88212662a9fffff
5762,8821265a57fffff
5763,8821267517fffff
5764,8821264449fffff
5765,882126756dfffff
5766,8821267a53fffff
5767,88212651d9fffff
5768,8821265321fffff
5769,882135b635fffff
5770,88212672e7fffff
5771,882126551dfffff
5772,882126459dfffff
5773,8821266565fffff
5774,88212609b3fffff
5775,88109b2ea7fffff
5776,88109b2557fffff
5777,8821358427fffff
5778,882126462bfffff
5779,882126421dfffff
5780,8821267191fffff
5781,88109b2423fffff
5782,8821260267fffff
5783,8821266e61fffff
5784,8821260b47fffff
5785,8821267009fffff
5786,8821358467fffff
5787,8821264a45fffff
5788,88213594e5fffff
5789,88212608d9fffff
5790,8821359453fffff
5791,8821265139fffff
5792,882126092dfffff
5793,88212654dbfffff
5794,8821265735fffff
5795,8821261a3bfffff
5796,882135b447fffff
5797,8821265691fffff
5798,8821265a09fffff
5799,8821260b01fffff
5800,88212644cdfffff
5801,882126180dfffff
5802,8821267a57fffff
5803,8821266083fffff
5804,8821264e8dfffff
5805,88212671b3fffff
5806,8821264813fffff
5807,8821265141fffff
5808,882126568bfffff
5809,8821264a09fffff
5810,88212659c3fffff
5811,88212659e5fffff
5812,8821265adbfffff
5813,882126519bfffff
5814,8821266843fffff
5815,8821264045fffff
5816,882126014dfffff
5817,8821358647fffff
5818,8821267205fffff
5819,8821266ec3fffff
5820,8821260999fffff
5821,8821261103fffff
5822,88213584c3fffff
5823,8821265261fffff
5824,882126518dfffff
5825,8821264f45fffff
5826,8821267849fffff
5827,8821264269fffff
5828,882126414dfffff
5829,8821264c41fffff
5830,8821265043fffff
5831,88109b2ea3fffff
5832,8821264757fffff
5833,88109b2dd1fffff
5834,8821264eebfffff
5835,88213595ddfffff
5836,882135b23bfffff
5837,8821358451fffff
5838,88212640e9fffff
5839,88212678b7fffff
5840,8821261117fffff
5841,88109b243bfffff
5842,8821264755fffff
5843,8821359635fffff
5844,88212661dbfffff
5845,882135b54bfffff
5846,88212618abfffff
5847,8821264c51fffff
5848,88109b2d97fffff
5849,8821264aebfffff
5850,88212645ddfffff
5851,8821264ea9fffff
5852,88212671bdfffff
5853,882126520bfffff
5854,88212608c3fffff
5855,882135958dfffff
5856,882126553bfffff
5857,88212655a3fffff
5858,8821260b03fffff
5859,88213594e7fffff
5860,88109b24d7fffff
5861,8821266b59fffff
5862,8821261a8dfffff
5863,88109b242dfffff
5864,8821266151fffff
5865,88212609edfffff
5866,882126c4bbfffff
5867,882126523dfffff
5868,8821261845fffff
5869,882126785bfffff
5870,8821261129fffff
5871,8821264193fffff
5872,8821359697fffff
5873,88212641e9fffff
5874,8821265aedfffff
5875,8821359449fffff
5876,8821266749fffff
5877,882135b193fffff
5878,88212644edfffff
5879,8821359413fffff
5880,88212611c1fffff
5881,882135b54dfffff
5882,882135b421fffff
5883,882126526bfffff
5884,882126111dfffff
5885,882135b213fffff
5886,882135b065fffff
5887,8821266a87fffff
5888,8821264887fffff
5889,882135b227fffff
5890,8821261945fffff
5891,8821266a0bfffff
5892,8821264d9bfffff
5893,882135b1c9fffff
5894,8821265097fffff
5895,8821264b3dfffff
5896,8821266f67fffff
5897,8821265153fffff
5898,88109b2eedfffff
5899,8821264961fffff
5900,8821265005fffff
5901,88212652bbfffff
5902,882135b31dfffff
5903,8821265887fffff
5904,8821266aedfffff
5905,882126570bfffff
5906,88212640c5fffff
5907,8821264555fffff
5908,8821264a25fffff
5909,88212611edfffff
5910,8821266527fffff
5911,8821264031fffff
5912,8821264db5fffff
5913,882126c9b1fffff
5914,88212608d1fffff
5915,882126110bfffff
5916,88109b252dfffff
5917,88109b2419fffff
5918,88109b25d7fffff
5919,88212649d3fffff
5920,882135b611fffff
5921,8821261a8bfffff
5922,8821265283fffff
5923,8821264713fffff
5924,8821264901fffff
5925,88213584cbfffff
5926,8821267a63fffff
5927,8821266e1dfffff
5928,8821267b3dfffff
5929,882135b29bfffff
5930,88212671a5fffff
5931,8821264561fffff
5932,8821260f43fffff
5933,88109b25a1fffff
5934,8821261a35fffff
5935,88212656bdfffff
5936,8821260831fffff
5937,88212659edfffff
5938,8821267ac1fffff
5939,8821266203fffff
5940,88109b24b7fffff
5941,882126714bfffff
5942,88212618e7fffff
5943,882135b363fffff
5944,8821358487fffff
5945,8821265319fffff
5946,8821267a35fffff
5947,8821266e45fffff
5948,8821260345fffff
5949,8821265149fffff
5950,882135b317fffff
5951,8821264b57fffff
5952,88109b2489fffff
5953,8821266b51fffff
5954,88212660e7fffff
5955,882126542dfffff
5956,88212670d9fffff
5957,8821260d61fffff
5958,8821261111fffff
5959,882135964dfffff
5960,8821264ab9fffff
5961,882126cd65fffff
5962,8821266115fffff
5963,8821264159fffff
5964,88213584ddfffff
5965,882135b455fffff
5966,8821265931fffff
5967,8821264191fffff
5968,88213594a9fffff
5969,8821267269fffff
5970,88109b2ce9fffff
5971,882126458bfffff
5972,88212660a7fffff
5973,8821261197fffff
5974,8821266e29fffff
5975,8821267233fffff
5976,88212660e5fffff
5977,88212650a1fffff
5978,882126081dfffff
5979,88212651d1fffff
5980,882135b63dfffff
5981,88212618bbfffff
5982,8821267b45fffff
5983,8821264c67fffff
5984,882126460dfffff
5985,88212641c5fffff
5986,882126499dfffff
5987,8821260a6bfffff
5988,8821261983fffff
5989,882126469dfffff
