,geohash
0,880b80a6c1fffff
1,880b805419fffff
2,880b8030d7fffff
3,880b80a0e1fffff
4,880b800a0bfffff
5,880b80a415fffff
6,880b80373dfffff
7,880b807645fffff
8,880b8044c3fffff
9,880b804ecbfffff
10,880b80a4e3fffff
11,880b80b105fffff
12,880b80a815fffff
13,880b800283fffff
14,880b80aaa3fffff
15,880b8070a9fffff
16,880b800547fffff
17,880b80372bfffff
18,880b80452bfffff
19,880b804259fffff
20,880b8045ebfffff
21,880b8010ebfffff
22,880b81d1e9fffff
23,880b80366dfffff
24,880b800a99fffff
25,880b800a21fffff
26,880b80b847fffff
27,880b80b809fffff
28,880b804039fffff
29,880b81d257fffff
30,880b80ad1dfffff
31,880b80ba09fffff
32,880b804019fffff
33,880b80a0abfffff
34,880b800ed7fffff
35,880b800edbfffff
36,880b80b449fffff
37,880b854d23fffff
38,880b8040edfffff
39,880b80a8bdfffff
40,880b80a025fffff
41,880b800123fffff
42,880b804ec9fffff
43,880b80ba15fffff
44,880b800857fffff
45,880b8569c9fffff
46,880b80ade9fffff
47,880b804451fffff
48,880b80aab9fffff
49,880b80734dfffff
50,880b80b125fffff
51,880b800f07fffff
52,880b81d96bfffff
53,880b80ba31fffff
54,880b80b5d1fffff
55,880b803b5dfffff
56,880b81d06dfffff
57,880b80a019fffff
58,880b81d805fffff
59,880b80af01fffff
60,880b856ae9fffff
61,880b803b5bfffff
62,880b80aac7fffff
63,880b80b405fffff
64,880b80aa51fffff
65,880b80af35fffff
66,880b80a5e9fffff
67,880b81db35fffff
68,880b804689fffff
69,880b801537fffff
70,880b801533fffff
71,880b8006e7fffff
72,880b803947fffff
73,880b807a53fffff
74,880b80325bfffff
75,880b856959fffff
76,880b803361fffff
77,880b804661fffff
78,880b81da17fffff
79,880b8044d9fffff
80,880b804e8dfffff
81,880b80a703fffff
82,880b81c357fffff
83,880b80b9a7fffff
84,880b804049fffff
85,880b8085b1fffff
86,880b81d03bfffff
87,880b8015ebfffff
88,880b81c213fffff
89,880b8056e1fffff
90,880b857847fffff
91,880b801995fffff
92,880b80040dfffff
93,880b800085fffff
94,880b80adb1fffff
95,880b81d31bfffff
96,880b80a845fffff
97,880b80b66dfffff
98,880b804041fffff
99,880b857859fffff
100,880b80b59bfffff
101,880b80b515fffff
102,880b80b2d3fffff
103,880b80024dfffff
104,880b80a1dbfffff
105,880b8084cbfffff
106,880b80ae91fffff
107,880b8044c7fffff
108,880b80b69bfffff
109,880b80b6dbfffff
110,880b8016abfffff
111,880b80465dfffff
112,880b804569fffff
113,880b80a829fffff
114,880b804691fffff
115,880b80b6b7fffff
116,880b81da6bfffff
117,880b80b659fffff
118,880b857b33fffff
119,880b80ab0bfffff
120,880b80aaa5fffff
121,880b80098dfffff
122,880b80a163fffff
123,880b80b745fffff
124,880b8579adfffff
125,880b81c351fffff
126,880b8549bbfffff
127,880b807a6dfffff
128,880b800459fffff
129,880b801551fffff
130,880b804e41fffff
131,880b80ae59fffff
132,880b80ae51fffff
133,880b80141dfffff
134,880b807015fffff
135,880b80a255fffff
136,880b803753fffff
137,880b80a359fffff
138,880b801527fffff
139,880b80b61dfffff
140,880b856933fffff
141,880b81d033fffff
142,880b804623fffff
143,880b80025dfffff
144,880b8001ddfffff
145,880b854eb5fffff
146,880b804499fffff
147,880b8001d9fffff
148,880b80b625fffff
149,880b80450bfffff
150,880b800c15fffff
151,880b803217fffff
152,880b8001b1fffff
153,880b8079cbfffff
154,880b81d085fffff
155,880b80a6c5fffff
156,880b80064bfffff
157,880b803145fffff
158,880b803a8bfffff
159,880b8045d1fffff
160,880b8071cbfffff
161,880b8579b5fffff
162,880b857989fffff
163,880b80371bfffff
164,880b8008cbfffff
165,880b804687fffff
166,880b80b0b1fffff
167,880b80ae63fffff
168,880b803b23fffff
169,880b80ad4bfffff
170,880b807231fffff
171,880b80051bfffff
172,880b80b60bfffff
173,880b80ad49fffff
174,880b80a721fffff
175,880b807817fffff
176,880b80a617fffff
177,880b80a65dfffff
178,880b80785dfffff
179,880b80b28bfffff
180,880b80aeebfffff
181,880b80029dfffff
182,880b80a0cbfffff
183,880b800723fffff
184,880b803541fffff
185,880b80ad95fffff
186,880b81d359fffff
187,880b807323fffff
188,880b80baebfffff
189,880b803713fffff
190,880b80a80dfffff
191,880b80b4bbfffff
192,880b8014b9fffff
193,880b80768dfffff
194,880b80ae55fffff
195,880b80aa69fffff
196,880b807255fffff
197,880b801401fffff
198,880b807315fffff
199,880b8014e3fffff
200,880b800825fffff
201,880b800e5dfffff
202,880b80a247fffff
203,880b80b333fffff
204,880b805497fffff
205,880b80143dfffff
206,880b80b741fffff
207,880b8005b1fffff
208,880b80b201fffff
209,880b8031dbfffff
210,880b8014a1fffff
211,880b81d20dfffff
212,880b800489fffff
213,880b801437fffff
214,880b80a831fffff
215,880b81d151fffff
216,880b800c33fffff
217,880b80012dfffff
218,880b8569e1fffff
219,880b8032e7fffff
220,880b803001fffff
221,880b8008b3fffff
222,880b8000edfffff
223,880b803661fffff
224,880b800491fffff
225,880b80ba25fffff
226,880b80ae67fffff
227,880b80a669fffff
228,880b81c207fffff
229,880b80b705fffff
230,880b857b01fffff
231,880b803a03fffff
232,880b8014b1fffff
233,880b80558bfffff
234,880b800eb5fffff
235,880b800cc9fffff
236,880b80a065fffff
237,880b801519fffff
238,880b80ac33fffff
239,880b801445fffff
240,880b80a583fffff
241,880b8005a1fffff
242,880b800d89fffff
243,880b80a16bfffff
244,880b856b0bfffff
245,880b805515fffff
246,880b80b615fffff
247,880b804015fffff
248,880b80a901fffff
249,880b8055a5fffff
250,880b80b6ddfffff
251,880b8019b1fffff
252,880b803187fffff
253,880b801697fffff
254,880b80315dfffff
255,880b80b099fffff
256,880b8009c9fffff
257,880b803b45fffff
258,880b80370dfffff
259,880b804ed7fffff
260,880b8015d5fffff
261,880b81db41fffff
262,880b857931fffff
263,880b802301fffff
264,880b807341fffff
265,880b80b1cdfffff
266,880b81c233fffff
267,880b80a485fffff
268,880b807a33fffff
269,880b803283fffff
270,880b80af2bfffff
271,880b803a5dfffff
272,880b807119fffff
273,880b8071d9fffff
274,880b80a203fffff
275,880b800293fffff
276,880b80a01bfffff
277,880b803835fffff
278,880b8031c9fffff
279,880b856965fffff
280,880b80a8b7fffff
281,880b804431fffff
282,880b80af0bfffff
283,880b80a4a7fffff
284,880b80403bfffff
285,880b801501fffff
286,880b800f57fffff
287,880b807209fffff
288,880b80aa65fffff
289,880b8030b3fffff
290,880b8072d7fffff
291,880b80b995fffff
292,880b80b2a5fffff
293,880b80aaadfffff
294,880b81d111fffff
295,880b80086dfffff
296,880b80a52dfffff
297,880b800005fffff
298,880b804485fffff
299,880b80ac01fffff
300,880b80461dfffff
301,880b80a285fffff
302,880b800de5fffff
303,880b803339fffff
304,880b80b113fffff
305,880b807049fffff
306,880b804eebfffff
307,880b8002b5fffff
308,880b80712bfffff
309,880b856939fffff
310,880b80a5e5fffff
311,880b856b45fffff
312,880b8000c7fffff
313,880b80308dfffff
314,880b857937fffff
315,880b800cb5fffff
316,880b800cddfffff
317,880b81da63fffff
318,880b8031bdfffff
319,880b800f31fffff
320,880b808427fffff
321,880b807a35fffff
322,880b85680bfffff
323,880b800d59fffff
324,880b80bb19fffff
325,880b80b0e3fffff
326,880b80b29bfffff
327,880b800e5bfffff
328,880b801541fffff
329,880b80a48dfffff
330,880b807b39fffff
331,880b80a083fffff
332,880b8000bbfffff
333,880b80b519fffff
334,880b80a5ebfffff
335,880b8055d9fffff
336,880b80155bfffff
337,880b80b1a9fffff
338,880b800241fffff
339,880b801091fffff
340,880b81d2a7fffff
341,880b80ad2dfffff
342,880b857869fffff
343,880b803a21fffff
344,880b803861fffff
345,880b801199fffff
346,880b80b1e5fffff
347,880b80a421fffff
348,880b800ad5fffff
349,880b80a619fffff
350,880b8071e7fffff
351,880b804087fffff
352,880b8030e1fffff
353,880b80b44bfffff
354,880b81d011fffff
355,880b8578c3fffff
356,880b800e8bfffff
357,880b80a4ebfffff
358,880b854cc7fffff
359,880b80ad5dfffff
360,880b80a18bfffff
361,880b807a15fffff
362,880b8018b7fffff
363,880b80b5c7fffff
364,880b8046c1fffff
365,880b80a8e9fffff
366,880b800563fffff
367,880b80772dfffff
368,880b8085c5fffff
369,880b8002adfffff
370,880b80b319fffff
371,880b81d207fffff
372,880b80b1e9fffff
373,880b800e9dfffff
374,880b804639fffff
375,880b80364bfffff
376,880b803229fffff
377,880b80b065fffff
378,880b854ce7fffff
379,880b80a465fffff
380,880b807765fffff
381,880b80028bfffff
382,880b854de1fffff
383,880b80b0a5fffff
384,880b80ab5bfffff
385,880b8578cbfffff
386,880b801523fffff
387,880b80acb5fffff
388,880b803a53fffff
389,880b80323dfffff
390,880b80a919fffff
391,880b80b883fffff
392,880b80b801fffff
393,880b80a283fffff
394,880b85692bfffff
395,880b8568e1fffff
396,880b803109fffff
397,880b80af5dfffff
398,880b80a68bfffff
399,880b804e13fffff
400,880b808519fffff
401,880b800aabfffff
402,880b80b019fffff
403,880b802323fffff
404,880b81d061fffff
405,880b800807fffff
406,880b80a61bfffff
407,880b80b31bfffff
408,880b8032c5fffff
409,880b80553dfffff
410,880b80a6c7fffff
411,880b81d185fffff
412,880b808585fffff
413,880b81c217fffff
414,880b80bb03fffff
415,880b8005b9fffff
416,880b800e57fffff
417,880b8015dbfffff
418,880b857915fffff
419,880b80384bfffff
420,880b80b19bfffff
421,880b856991fffff
422,880b80b5bbfffff
423,880b8001b7fffff
424,880b807a95fffff
425,880b8006c1fffff
426,880b800d67fffff
427,880b80b5a1fffff
428,880b804521fffff
429,880b80b551fffff
430,880b80ace3fffff
431,880b804ed1fffff
432,880b80a8d3fffff
433,880b804607fffff
434,880b8072adfffff
435,880b802369fffff
436,880b801683fffff
437,880b80b58dfffff
438,880b8046e9fffff
439,880b857865fffff
440,880b8569e5fffff
441,880b80a53bfffff
442,880b80a151fffff
443,880b80ba69fffff
444,880b85791bfffff
445,880b81d147fffff
446,880b80a127fffff
447,880b80ac5bfffff
448,880b80ba05fffff
449,880b81da23fffff
450,880b803acbfffff
451,880b8014b5fffff
452,880b8070adfffff
453,880b80a8abfffff
454,880b8044abfffff
455,880b800461fffff
456,880b803053fffff
457,880b800c17fffff
458,880b80b535fffff
459,880b80a109fffff
460,880b857963fffff
461,880b856811fffff
462,880b80776dfffff
463,880b800591fffff
464,880b8001edfffff
465,880b800c69fffff
466,880b8055b1fffff
467,880b802259fffff
468,880b8085ddfffff
469,880b80a19dfffff
470,880b8042ddfffff
471,880b800f27fffff
472,880b80b40dfffff
473,880b800ec9fffff
474,880b803b07fffff
475,880b80375bfffff
476,880b803321fffff
477,880b80b4abfffff
478,880b80404bfffff
479,880b8044c1fffff
480,880b80b369fffff
481,880b80a8edfffff
482,880b800e1dfffff
483,880b800725fffff
484,880b81d189fffff
485,880b800105fffff
486,880b81d285fffff
487,880b800c59fffff
488,880b80af13fffff
489,880b8010e1fffff
490,880b85792dfffff
491,880b80aabbfffff
492,880b800011fffff
493,880b800103fffff
494,880b8000b9fffff
495,880b81c203fffff
496,880b804513fffff
497,880b804751fffff
498,880b80bad9fffff
499,880b80b893fffff
500,880b80a0cdfffff
501,880b80aca3fffff
502,880b80a21dfffff
503,880b80af29fffff
504,880b80b35dfffff
505,880b800e43fffff
506,880b8030e5fffff
507,880b803ac5fffff
508,880b800609fffff
509,880b80aad3fffff
510,880b80018bfffff
511,880b800ce3fffff
512,880b857851fffff
513,880b804211fffff
514,880b800d33fffff
515,880b80052bfffff
516,880b854dbbfffff
517,880b800aa1fffff
518,880b8002a3fffff
519,880b800d63fffff
520,880b80ae47fffff
521,880b800d19fffff
522,880b81db43fffff
523,880b800f29fffff
524,880b80b053fffff
525,880b8008e7fffff
526,880b800c1dfffff
527,880b80ba55fffff
528,880b800209fffff
529,880b800935fffff
530,880b80b1e1fffff
531,880b8002dbfffff
532,880b80b311fffff
533,880b856847fffff
534,880b80461bfffff
535,880b800ae9fffff
536,880b80a719fffff
537,880b807253fffff
538,880b807aadfffff
539,880b803ab1fffff
540,880b80bb11fffff
541,880b8015c1fffff
542,880b80b1d1fffff
543,880b807a03fffff
544,880b807031fffff
545,880b8016d5fffff
546,880b80315bfffff
547,880b801547fffff
548,880b80a889fffff
549,880b856aadfffff
550,880b80aec3fffff
551,880b80731dfffff
552,880b80aa5dfffff
553,880b80a659fffff
554,880b81da65fffff
555,880b800125fffff
556,880b854cb1fffff
557,880b81d04dfffff
558,880b80b291fffff
559,880b80aa33fffff
560,880b800589fffff
561,880b80aa13fffff
562,880b803023fffff
563,880b80b853fffff
564,880b800069fffff
565,880b80a4b9fffff
566,880b8008c5fffff
567,880b8039c9fffff
568,880b80ad05fffff
569,880b80b6a9fffff
570,880b807b57fffff
571,880b856919fffff
572,880b81da4dfffff
573,880b8055ddfffff
574,880b805595fffff
575,880b80ae31fffff
576,880b854d8dfffff
577,880b80ac09fffff
578,880b8008bbfffff
579,880b803a17fffff
580,880b80ac5dfffff
581,880b80b5d7fffff
582,880b80b439fffff
583,880b800cb1fffff
584,880b80558dfffff
585,880b801699fffff
586,880b80a4e5fffff
587,880b804585fffff
588,880b8006e9fffff
589,880b81dad3fffff
590,880b856b3dfffff
591,880b80b0ebfffff
592,880b807203fffff
593,880b807609fffff
594,880b80b493fffff
595,880b857b43fffff
596,880b80a303fffff
597,880b805505fffff
598,880b803755fffff
599,880b80b5c1fffff
600,880b800a2bfffff
601,880b803663fffff
602,880b80aedbfffff
603,880b8578b9fffff
604,880b803565fffff
605,880b81d317fffff
606,880b803051fffff
607,880b8044edfffff
608,880b807285fffff
609,880b803235fffff
610,880b80b75bfffff
611,880b803343fffff
612,880b80aa43fffff
613,880b803a07fffff
614,880b80a6d5fffff
615,880b81d19bfffff
616,880b800b1bfffff
617,880b807355fffff
618,880b80b0d5fffff
619,880b80a657fffff
620,880b8084c7fffff
621,880b808489fffff
622,880b856b55fffff
623,880b80a329fffff
624,880b80056dfffff
625,880b80784bfffff
626,880b804285fffff
627,880b857965fffff
628,880b800b3dfffff
629,880b807853fffff
630,880b8044e1fffff
631,880b803269fffff
632,880b85690bfffff
633,880b807147fffff
634,880b804e07fffff
635,880b8085a7fffff
636,880b80702dfffff
637,880b80a0bbfffff
638,880b80236bfffff
639,880b800d51fffff
640,880b81d261fffff
641,880b8072e5fffff
642,880b81c345fffff
643,880b8009b1fffff
644,880b80783dfffff
645,880b80020bfffff
646,880b80a735fffff
647,880b800c93fffff
648,880b80ae83fffff
649,880b805565fffff
650,880b80a709fffff
651,880b808511fffff
652,880b81d14bfffff
653,880b800895fffff
654,880b800d07fffff
655,880b80336bfffff
656,880b801089fffff
657,880b80a405fffff
658,880b800201fffff
659,880b80ae4dfffff
660,880b8008ddfffff
661,880b800a1dfffff
662,880b80b855fffff
663,880b80b317fffff
664,880b80b6d9fffff
665,880b80a287fffff
666,880b80a315fffff
667,880b81d039fffff
668,880b80b86dfffff
669,880b80aa0dfffff
670,880b8569b5fffff
671,880b80364dfffff
672,880b80441dfffff
673,880b8055a9fffff
674,880b80450dfffff
675,880b80b821fffff
676,880b800ae3fffff
677,880b801591fffff
678,880b80ae13fffff
679,880b800c01fffff
680,880b8071d5fffff
681,880b80a809fffff
682,880b8044bdfffff
683,880b80b4c3fffff
684,880b854cc3fffff
685,880b804ee7fffff
686,880b804523fffff
687,880b800715fffff
688,880b800f13fffff
689,880b854da7fffff
690,880b81da45fffff
691,880b80a227fffff
692,880b800281fffff
693,880b8042edfffff
694,880b80060dfffff
695,880b81db49fffff
696,880b80a463fffff
697,880b80af1dfffff
698,880b8015b3fffff
699,880b8578b5fffff
700,880b856a07fffff
701,880b803a87fffff
702,880b803a43fffff
703,880b800541fffff
704,880b800627fffff
705,880b80083dfffff
706,880b81d331fffff
707,880b801451fffff
708,880b856923fffff
709,880b801597fffff
710,880b805521fffff
711,880b80ac43fffff
712,880b803b4bfffff
713,880b80b45bfffff
714,880b8016e5fffff
715,880b8002edfffff
716,880b8071a3fffff
717,880b80bb55fffff
718,880b857815fffff
719,880b80a96dfffff
720,880b800ddbfffff
721,880b81c231fffff
722,880b80bad5fffff
723,880b802341fffff
724,880b800a23fffff
725,880b807819fffff
726,880b800757fffff
727,880b81d369fffff
728,880b807125fffff
729,880b80a451fffff
730,880b80b569fffff
731,880b8031edfffff
732,880b8070edfffff
733,880b80ad15fffff
734,880b80aa6dfffff
735,880b8004c3fffff
736,880b807113fffff
737,880b80a0e7fffff
738,880b80ad9dfffff
739,880b807055fffff
740,880b80a1e1fffff
741,880b80aaebfffff
742,880b800629fffff
743,880b80a105fffff
744,880b8006d3fffff
745,880b803a5bfffff
746,880b801525fffff
747,880b80786dfffff
748,880b80b55dfffff
749,880b854c85fffff
750,880b8071b5fffff
751,880b8002a1fffff
752,880b804089fffff
753,880b81d125fffff
754,880b81d0e7fffff
755,880b81d225fffff
756,880b800f53fffff
757,880b800945fffff
758,880b8072d1fffff
759,880b80ac07fffff
760,880b80b037fffff
761,880b80b8c9fffff
762,880b807ad9fffff
763,880b800a07fffff
764,880b80ba35fffff
765,880b800029fffff
766,880b854cbdfffff
767,880b80705dfffff
768,880b80a1d1fffff
769,880b80a2d7fffff
770,880b805589fffff
771,880b857947fffff
772,880b8000e1fffff
773,880b800d85fffff
774,880b801715fffff
775,880b80ad43fffff
776,880b80a713fffff
777,880b807365fffff
778,880b80aa05fffff
779,880b80aacbfffff
780,880b8010adfffff
781,880b856a63fffff
782,880b80b2e5fffff
783,880b800d43fffff
784,880b854c8dfffff
785,880b80b2e7fffff
786,880b803ae3fffff
787,880b800ea7fffff
788,880b800d09fffff
789,880b8084d7fffff
790,880b8038d9fffff
791,880b808597fffff
792,880b8032bdfffff
793,880b80a837fffff
794,880b856861fffff
795,880b800e4dfffff
796,880b85681dfffff
797,880b854ea3fffff
798,880b807017fffff
799,880b81c209fffff
800,880b80b637fffff
801,880b80b1a1fffff
802,880b803237fffff
803,880b803ac9fffff
804,880b800d01fffff
805,880b800ee3fffff
806,880b80a699fffff
807,880b80a0d7fffff
808,880b8004a7fffff
809,880b80b141fffff
810,880b804ec7fffff
811,880b800581fffff
812,880b80021bfffff
813,880b80b9bdfffff
814,880b81dabdfffff
815,880b80b5e7fffff
816,880b80a90bfffff
817,880b81dad9fffff
818,880b80046dfffff
819,880b80b9b9fffff
820,880b800a9dfffff
821,880b80ad3bfffff
822,880b80b09bfffff
823,880b80aa4bfffff
824,880b803b49fffff
825,880b8015d1fffff
826,880b8015c3fffff
827,880b80ba27fffff
828,880b804561fffff
829,880b803ae5fffff
830,880b8038d5fffff
831,880b856859fffff
832,880b80a2e9fffff
833,880b8031b1fffff
834,880b8015a3fffff
835,880b8031a1fffff
836,880b800c49fffff
837,880b8072a1fffff
838,880b807265fffff
839,880b81c301fffff
840,880b81d035fffff
841,880b81c36dfffff
842,880b80b33bfffff
843,880b80456bfffff
844,880b8042a9fffff
845,880b854c95fffff
846,880b80acddfffff
847,880b81d055fffff
848,880b8045c7fffff
849,880b81c261fffff
850,880b803b15fffff
851,880b80ac45fffff
852,880b80b585fffff
853,880b80b6cdfffff
854,880b80b6c9fffff
855,880b8569d9fffff
856,880b80b0e5fffff
857,880b80b26dfffff
858,880b80ba0bfffff
859,880b80a4b5fffff
860,880b856b4bfffff
861,880b800851fffff
862,880b85799dfffff
863,880b805439fffff
864,880b80a033fffff
865,880b80a355fffff
866,880b8056bdfffff
867,880b8072dbfffff
868,880b80a53dfffff
869,880b80b255fffff
870,880b807653fffff
871,880b8045e3fffff
872,880b8579ebfffff
873,880b800b11fffff
874,880b806369fffff
875,880b803185fffff
876,880b800a0dfffff
877,880b856b2bfffff
878,880b81db27fffff
879,880b8042cdfffff
880,880b80b6e7fffff
881,880b80aa5bfffff
882,880b800e83fffff
883,880b803603fffff
884,880b80a903fffff
885,880b8044d3fffff
886,880b80ba49fffff
887,880b80a725fffff
888,880b80a4cdfffff
889,880b81d155fffff
890,880b8579cdfffff
891,880b80b895fffff
892,880b8031bbfffff
893,880b807367fffff
894,880b80455bfffff
895,880b80119dfffff
896,880b80a957fffff
897,880b800865fffff
898,880b805403fffff
899,880b8015abfffff
900,880b80394dfffff
901,880b856961fffff
902,880b81da5bfffff
903,880b81d13dfffff
904,880b8070a1fffff
905,880b800d4dfffff
906,880b85692dfffff
907,880b800a29fffff
908,880b854db1fffff
909,880b800cebfffff
910,880b80005bfffff
911,880b80a41bfffff
912,880b808493fffff
913,880b856989fffff
914,880b8578bbfffff
915,880b800855fffff
916,880b80a9abfffff
917,880b80b88bfffff
918,880b80b989fffff
919,880b80aa61fffff
920,880b804597fffff
921,880b800f37fffff
922,880b8046e1fffff
923,880b80722dfffff
924,880b8005d5fffff
925,880b803b6dfffff
926,880b80a0edfffff
927,880b80b661fffff
928,880b8044a1fffff
929,880b80a1a1fffff
930,880b807239fffff
931,880b8072b7fffff
932,880b802249fffff
933,880b8004a9fffff
934,880b80b4a7fffff
935,880b800ac5fffff
936,880b8072e7fffff
937,880b80a937fffff
938,880b800929fffff
939,880b856823fffff
940,880b800055fffff
941,880b800d0bfffff
942,880b81d18dfffff
943,880b807a25fffff
944,880b81d909fffff
945,880b80a2b9fffff
946,880b80710dfffff
947,880b800ebdfffff
948,880b801485fffff
949,880b80074bfffff
950,880b801491fffff
951,880b800007fffff
952,880b800e03fffff
953,880b8579c5fffff
954,880b854cabfffff
955,880b800081fffff
956,880b80b443fffff
957,880b804e53fffff
958,880b854ea7fffff
959,880b800767fffff
960,880b80ae33fffff
961,880b800b57fffff
962,880b80624dfffff
963,880b804e57fffff
964,880b80b0c9fffff
965,880b803119fffff
966,880b8030edfffff
967,880b80a605fffff
968,880b80a6a5fffff
969,880b800b59fffff
970,880b80061dfffff
971,880b808533fffff
972,880b80ae43fffff
973,880b80bae1fffff
974,880b8005bdfffff
975,880b800a63fffff
976,880b80723bfffff
977,880b81d339fffff
978,880b81c2c1fffff
979,880b80ac69fffff
980,880b80a12bfffff
981,880b80722bfffff
982,880b800a97fffff
983,880b80a747fffff
984,880b857801fffff
985,880b85783dfffff
986,880b80a8c7fffff
987,880b80ad17fffff
988,880b80b42bfffff
989,880b803305fffff
990,880b8579c7fffff
991,880b80a10dfffff
992,880b80b6b1fffff
993,880b80088bfffff
994,880b800c23fffff
995,880b80a309fffff
996,880b856a25fffff
997,880b85693bfffff
998,880b81d053fffff
999,880b8015c5fffff
1000,880b801463fffff
1001,880b800613fffff
1002,880b800445fffff
1003,880b8072a7fffff
1004,880b80ac97fffff
1005,880b804035fffff
1006,880b80aca5fffff
1007,880b800803fffff
1008,880b80a143fffff
1009,880b80a6d1fffff
1010,880b803a97fffff
1011,880b8001bbfffff
1012,880b80b093fffff
1013,880b8084c5fffff
1014,880b80a865fffff
1015,880b80b129fffff
1016,880b8078cbfffff
1017,880b81d0e5fffff
1018,880b800a93fffff
1019,880b80849dfffff
1020,880b80b557fffff
1021,880b80b8c7fffff
1022,880b803b0bfffff
1023,880b807a37fffff
1024,880b80464dfffff
1025,880b854eb3fffff
1026,880b80a63dfffff
1027,880b804627fffff
1028,880b8014a3fffff
1029,880b803a13fffff
1030,880b8000a9fffff
1031,880b854d85fffff
1032,880b803245fffff
1033,880b80b491fffff
1034,880b80a211fffff
1035,880b800cabfffff
1036,880b800839fffff
1037,880b80a8cdfffff
1038,880b8005abfffff
1039,880b857aadfffff
1040,880b807a1dfffff
1041,880b800435fffff
1042,880b805597fffff
1043,880b80b645fffff
1044,880b80ba29fffff
1045,880b80a8b9fffff
1046,880b80a089fffff
1047,880b81d245fffff
1048,880b803ab5fffff
1049,880b8032d3fffff
1050,880b800097fffff
1051,880b800811fffff
1052,880b81c30dfffff
1053,880b800225fffff
1054,880b80a123fffff
1055,880b803a59fffff
1056,880b856b6dfffff
1057,880b8008b7fffff
1058,880b80a98bfffff
1059,880b80ab69fffff
1060,880b80ab05fffff
1061,880b85691dfffff
1062,880b854eb7fffff
1063,880b80b0e7fffff
1064,880b80468dfffff
1065,880b80b881fffff
1066,880b80b5ddfffff
1067,880b80b1a3fffff
1068,880b80a83dfffff
1069,880b807701fffff
1070,880b800c6bfffff
1071,880b8030adfffff
1072,880b80b647fffff
1073,880b80aa53fffff
1074,880b856ae5fffff
1075,880b81c23dfffff
1076,880b81d1d7fffff
1077,880b800e63fffff
1078,880b80b74bfffff
1079,880b80b513fffff
1080,880b80b2bdfffff
1081,880b80bac3fffff
1082,880b801565fffff
1083,880b800d31fffff
1084,880b800dc3fffff
1085,880b800f17fffff
1086,880b8038d3fffff
1087,880b856963fffff
1088,880b80b6e9fffff
1089,880b80b587fffff
1090,880b80715bfffff
1091,880b807833fffff
1092,880b81db63fffff
1093,880b803611fffff
1094,880b854d25fffff
1095,880b8004d9fffff
1096,880b8579ddfffff
1097,880b803a93fffff
1098,880b807849fffff
1099,880b8055dbfffff
1100,880b803b17fffff
1101,880b803613fffff
1102,880b80a907fffff
1103,880b80154dfffff
1104,880b857999fffff
1105,880b8000b7fffff
1106,880b80b607fffff
1107,880b80472dfffff
1108,880b80ac23fffff
1109,880b807331fffff
1110,880b804e89fffff
1111,880b80a59bfffff
1112,880b803ad7fffff
1113,880b856d25fffff
1114,880b857b05fffff
1115,880b803823fffff
1116,880b80080bfffff
1117,880b80843bfffff
1118,880b80a167fffff
1119,880b800ea1fffff
1120,880b81da51fffff
1121,880b80169bfffff
1122,880b803b53fffff
1123,880b8084edfffff
1124,880b80a5c7fffff
1125,880b803867fffff
1126,880b80b061fffff
1127,880b80b531fffff
1128,880b801583fffff
1129,880b80a539fffff
1130,880b803039fffff
1131,880b803815fffff
1132,880b800643fffff
1133,880b80301dfffff
1134,880b80b2b5fffff
1135,880b80b185fffff
1136,880b804503fffff
1137,880b800039fffff
1138,880b800d2bfffff
1139,880b81d133fffff
1140,880b857883fffff
1141,880b800f25fffff
1142,880b804091fffff
1143,880b807b17fffff
1144,880b8072edfffff
1145,880b80ab13fffff
1146,880b80ada1fffff
1147,880b807319fffff
1148,880b801569fffff
1149,880b85699bfffff
1150,880b81da49fffff
1151,880b808565fffff
1152,880b80acb3fffff
1153,880b85695bfffff
1154,880b80b407fffff
1155,880b8071b3fffff
1156,880b857991fffff
1157,880b80b251fffff
1158,880b804eabfffff
1159,880b803011fffff
1160,880b801495fffff
1161,880b80a147fffff
1162,880b80a82bfffff
1163,880b80b2e9fffff
1164,880b80a1e5fffff
1165,880b8084e9fffff
1166,880b807187fffff
1167,880b8072cdfffff
1168,880b80b253fffff
1169,880b81d19dfffff
1170,880b856a05fffff
1171,880b80aae3fffff
1172,880b80b453fffff
1173,880b80a081fffff
1174,880b80ab59fffff
1175,880b8042d7fffff
1176,880b80ab35fffff
1177,880b803943fffff
1178,880b800a11fffff
1179,880b80a423fffff
1180,880b80aaa1fffff
1181,880b80aa4dfffff
1182,880b80322bfffff
1183,880b8008e1fffff
1184,880b800ecdfffff
1185,880b80b9c9fffff
1186,880b800ad3fffff
1187,880b800657fffff
1188,880b8579d9fffff
1189,880b81c219fffff
1190,880b8055bbfffff
1191,880b800a31fffff
1192,880b81d1b3fffff
1193,880b803ae9fffff
1194,880b800c85fffff
1195,880b80a2b3fffff
1196,880b80361dfffff
1197,880b80a459fffff
1198,880b807ac1fffff
1199,880b8042e1fffff
1200,880b80023bfffff
1201,880b800883fffff
1202,880b80b511fffff
1203,880b807329fffff
1204,880b8045c1fffff
1205,880b80a111fffff
1206,880b81d029fffff
1207,880b856a45fffff
1208,880b80a289fffff
1209,880b803313fffff
1210,880b8070e9fffff
1211,880b801483fffff
1212,880b80b64bfffff
1213,880b80b6a5fffff
1214,880b80a999fffff
1215,880b802309fffff
1216,880b805593fffff
1217,880b803199fffff
1218,880b80a119fffff
1219,880b800743fffff
1220,880b85780bfffff
1221,880b80ae11fffff
1222,880b80af2dfffff
1223,880b80a4d3fffff
1224,880b80aeb9fffff
1225,880b8004edfffff
1226,880b80b8abfffff
1227,880b857b1dfffff
1228,880b807021fffff
1229,880b807a19fffff
1230,880b804ec3fffff
1231,880b81d263fffff
1232,880b81d1b7fffff
1233,880b857b4bfffff
1234,880b803095fffff
1235,880b804717fffff
1236,880b8030dbfffff
1237,880b807ac7fffff
1238,880b80b15dfffff
1239,880b8014e9fffff
1240,880b80ad3dfffff
1241,880b80a495fffff
1242,880b8045edfffff
1243,880b8040c7fffff
1244,880b81d01bfffff
1245,880b804493fffff
1246,880b85681bfffff
1247,880b8040e9fffff
1248,880b800687fffff
1249,880b803365fffff
1250,880b8032b3fffff
1251,880b80b553fffff
1252,880b80a853fffff
1253,880b80065bfffff
1254,880b80a483fffff
1255,880b808487fffff
1256,880b800f03fffff
1257,880b81dae1fffff
1258,880b800a17fffff
1259,880b80bb21fffff
1260,880b80ab2dfffff
1261,880b8578c7fffff
1262,880b80ba2dfffff
1263,880b80a537fffff
1264,880b80aa89fffff
1265,880b804555fffff
1266,880b80aa25fffff
1267,880b80aac5fffff
1268,880b85685bfffff
1269,880b800747fffff
1270,880b804edbfffff
1271,880b80b09dfffff
1272,880b8085b9fffff
1273,880b803a4bfffff
1274,880b80b713fffff
1275,880b80458bfffff
1276,880b807a8bfffff
1277,880b80aecbfffff
1278,880b804511fffff
1279,880b80313dfffff
1280,880b80008bfffff
1281,880b854cb5fffff
1282,880b804609fffff
1283,880b857b0bfffff
1284,880b80b911fffff
1285,880b80a6cbfffff
1286,880b80af3dfffff
1287,880b8014d3fffff
1288,880b80a967fffff
1289,880b800635fffff
1290,880b80acabfffff
1291,880b800b0dfffff
1292,880b80a811fffff
1293,880b80b327fffff
1294,880b81dae9fffff
1295,880b81d211fffff
1296,880b807ac3fffff
1297,880b803465fffff
1298,880b8044b1fffff
1299,880b8009ebfffff
1300,880b80b613fffff
1301,880b81d25dfffff
1302,880b802267fffff
1303,880b801563fffff
1304,880b807743fffff
1305,880b80ba47fffff
1306,880b80a11dfffff
1307,880b80b4c5fffff
1308,880b81d0c5fffff
1309,880b8016a9fffff
1310,880b804669fffff
1311,880b80b245fffff
1312,880b8085c3fffff
1313,880b80ac21fffff
1314,880b805539fffff
1315,880b854cdbfffff
1316,880b80af6dfffff
1317,880b80b8d3fffff
1318,880b81da11fffff
1319,880b80168bfffff
1320,880b803743fffff
1321,880b802359fffff
1322,880b80a64dfffff
1323,880b8005adfffff
1324,880b800263fffff
1325,880b80aa39fffff
1326,880b8078c9fffff
1327,880b80b51dfffff
1328,880b80155dfffff
1329,880b80446dfffff
1330,880b8071c7fffff
1331,880b80a103fffff
1332,880b81d355fffff
1333,880b80a407fffff
1334,880b80394bfffff
1335,880b8085bdfffff
1336,880b8078e3fffff
1337,880b80b339fffff
1338,880b8042a3fffff
1339,880b80a89bfffff
1340,880b803137fffff
1341,880b857b27fffff
1342,880b80ba17fffff
1343,880b800621fffff
1344,880b8030c5fffff
1345,880b800f23fffff
1346,880b800c2bfffff
1347,880b803263fffff
1348,880b803813fffff
1349,880b85795bfffff
1350,880b8016adfffff
1351,880b80a007fffff
1352,880b800e6bfffff
1353,880b8569ebfffff
1354,880b81dabbfffff
1355,880b81d2a5fffff
1356,880b80a8e5fffff
1357,880b801193fffff
1358,880b803345fffff
1359,880b804eedfffff
1360,880b85791dfffff
1361,880b80aad5fffff
1362,880b80b609fffff
1363,880b804605fffff
1364,880b800ac3fffff
1365,880b80a62dfffff
1366,880b800093fffff
1367,880b807761fffff
1368,880b80b40bfffff
1369,880b857abdfffff
1370,880b800d15fffff
1371,880b80445bfffff
1372,880b8006b5fffff
1373,880b807161fffff
1374,880b80b2c7fffff
1375,880b800131fffff
1376,880b80a353fffff
1377,880b80a529fffff
1378,880b8005bbfffff
1379,880b80aa9dfffff
1380,880b8054e7fffff
1381,880b8070a5fffff
1382,880b8078e9fffff
1383,880b804047fffff
1384,880b80ab25fffff
1385,880b80ba5bfffff
1386,880b81d2e3fffff
1387,880b80b999fffff
1388,880b80ae65fffff
1389,880b800047fffff
1390,880b856b1dfffff
1391,880b80429bfffff
1392,880b80b499fffff
1393,880b805535fffff
1394,880b856b35fffff
1395,880b8004b9fffff
1396,880b80b365fffff
1397,880b803337fffff
1398,880b80af65fffff
1399,880b85783bfffff
1400,880b8006a7fffff
1401,880b804613fffff
1402,880b856b41fffff
1403,880b804e19fffff
1404,880b80a051fffff
1405,880b800981fffff
1406,880b803925fffff
1407,880b800b07fffff
1408,880b80bac7fffff
1409,880b81d12bfffff
1410,880b807a65fffff
1411,880b8006c3fffff
1412,880b800763fffff
1413,880b81da05fffff
1414,880b807adbfffff
1415,880b80b91bfffff
1416,880b80ba81fffff
1417,880b81da91fffff
1418,880b8084a5fffff
1419,880b80ba23fffff
1420,880b85784dfffff
1421,880b80a317fffff
1422,880b800b39fffff
1423,880b80acb1fffff
1424,880b800699fffff
1425,880b803a0dfffff
1426,880b803727fffff
1427,880b808509fffff
1428,880b856a33fffff
1429,880b807051fffff
1430,880b807857fffff
1431,880b807885fffff
1432,880b81dab1fffff
1433,880b80a909fffff
1434,880b80428dfffff
1435,880b857969fffff
1436,880b8569edfffff
1437,880b807337fffff
1438,880b80a6a3fffff
1439,880b80ad89fffff
1440,880b804253fffff
1441,880b807b5bfffff
1442,880b80b88dfffff
1443,880b80060bfffff
1444,880b804659fffff
1445,880b8030d5fffff
1446,880b803189fffff
1447,880b800b2bfffff
1448,880b805531fffff
1449,880b807a81fffff
1450,880b80a437fffff
1451,880b81d187fffff
1452,880b80400bfffff
1453,880b805485fffff
1454,880b80adb5fffff
1455,880b8014dbfffff
1456,880b807349fffff
1457,880b80aea9fffff
1458,880b80a293fffff
1459,880b807ad3fffff
1460,880b80720bfffff
1461,880b80b83bfffff
1462,880b8000ebfffff
1463,880b800e21fffff
1464,880b8005a7fffff
1465,880b81da3dfffff
1466,880b8031b3fffff
1467,880b80222dfffff
1468,880b80a9e7fffff
1469,880b800ecbfffff
1470,880b800e51fffff
1471,880b8002bdfffff
1472,880b802303fffff
1473,880b807b1bfffff
1474,880b8056b1fffff
1475,880b80548bfffff
1476,880b80a9e5fffff
1477,880b80b0c1fffff
1478,880b80a337fffff
1479,880b80b1b7fffff
1480,880b8045cbfffff
1481,880b8054ebfffff
1482,880b80365bfffff
1483,880b8569a9fffff
1484,880b80b50bfffff
1485,880b80548dfffff
1486,880b804003fffff
1487,880b80b089fffff
1488,880b81d341fffff
1489,880b8579b7fffff
1490,880b803aa7fffff
1491,880b803027fffff
1492,880b857b13fffff
1493,880b80a985fffff
1494,880b801515fffff
1495,880b803889fffff
1496,880b8084bdfffff
1497,880b800499fffff
1498,880b80a71dfffff
1499,880b804291fffff
1500,880b80ada7fffff
1501,880b80b749fffff
1502,880b8084adfffff
1503,880b8042b5fffff
1504,880b80aa01fffff
1505,880b801409fffff
1506,880b8040bdfffff
1507,880b807887fffff
1508,880b80336dfffff
1509,880b80bab3fffff
1510,880b80055dfffff
1511,880b81d109fffff
1512,880b80a26dfffff
1513,880b80a2c5fffff
1514,880b80b807fffff
1515,880b804217fffff
1516,880b80b993fffff
1517,880b80a8c1fffff
1518,880b80a6b9fffff
1519,880b80b483fffff
1520,880b804289fffff
1521,880b8005b3fffff
1522,880b80b5b7fffff
1523,880b804ee1fffff
1524,880b807133fffff
1525,880b800c83fffff
1526,880b800e2dfffff
1527,880b80b011fffff
1528,880b8085d9fffff
1529,880b80b687fffff
1530,880b80220dfffff
1531,880b80346dfffff
1532,880b804543fffff
1533,880b800c27fffff
1534,880b800893fffff
1535,880b80b5a7fffff
1536,880b81da99fffff
1537,880b80230dfffff
1538,880b80aebbfffff
1539,880b804eddfffff
1540,880b8044e7fffff
1541,880b80374bfffff
1542,880b807a69fffff
1543,880b80a951fffff
1544,880b80b74dfffff
1545,880b807011fffff
1546,880b856911fffff
1547,880b804595fffff
1548,880b80b691fffff
1549,880b80b025fffff
1550,880b80360dfffff
1551,880b8569c5fffff
1552,880b80465bfffff
1553,880b81da03fffff
1554,880b856b47fffff
1555,880b80b06dfffff
1556,880b80ac17fffff
1557,880b800751fffff
1558,880b80aa85fffff
1559,880b8084c1fffff
1560,880b81c21bfffff
1561,880b803b19fffff
1562,880b8015cdfffff
1563,880b8031e7fffff
1564,880b804e99fffff
1565,880b80ad01fffff
1566,880b8054b3fffff
1567,880b8014e1fffff
1568,880b856a31fffff
1569,880b80ae07fffff
1570,880b800993fffff
1571,880b80adbbfffff
1572,880b80ac51fffff
1573,880b80b18bfffff
1574,880b81d209fffff
1575,880b800dc9fffff
1576,880b857941fffff
1577,880b80b4a3fffff
1578,880b80a181fffff
1579,880b804e83fffff
1580,880b80b12dfffff
1581,880b80a281fffff
1582,880b80b0c5fffff
1583,880b807185fffff
1584,880b80784dfffff
1585,880b80b859fffff
1586,880b80b009fffff
1587,880b80a135fffff
1588,880b81dad5fffff
1589,880b8071c3fffff
1590,880b81d0a9fffff
1591,880b80b225fffff
1592,880b80b151fffff
1593,880b80a92bfffff
1594,880b80a4d5fffff
1595,880b804463fffff
1596,880b800a41fffff
1597,880b8042b9fffff
1598,880b803707fffff
1599,880b805523fffff
1600,880b803a29fffff
1601,880b807057fffff
1602,880b80a515fffff
1603,880b807859fffff
1604,880b8030bbfffff
1605,880b80733dfffff
1606,880b804615fffff
1607,880b8038c1fffff
1608,880b85682bfffff
1609,880b8054a3fffff
1610,880b800755fffff
1611,880b80b1d5fffff
1612,880b80b027fffff
1613,880b80bb35fffff
1614,880b800c37fffff
1615,880b80086bfffff
1616,880b80a58bfffff
1617,880b800709fffff
1618,880b81db25fffff
1619,880b80a565fffff
1620,880b8000e9fffff
1621,880b80a9ddfffff
1622,880b80314bfffff
1623,880b800d99fffff
1624,880b8568b1fffff
1625,880b800493fffff
1626,880b856a13fffff
1627,880b80b487fffff
1628,880b85782bfffff
1629,880b8001c3fffff
1630,880b800413fffff
1631,880b804583fffff
1632,880b854c9dfffff
1633,880b80ba57fffff
1634,880b80b437fffff
1635,880b80a2b1fffff
1636,880b80b08dfffff
1637,880b80b8cbfffff
1638,880b81da1dfffff
1639,880b807023fffff
1640,880b803a49fffff
1641,880b80a08bfffff
1642,880b80a045fffff
1643,880b80b0d7fffff
1644,880b856b49fffff
1645,880b80a027fffff
1646,880b8084b9fffff
1647,880b80a821fffff
1648,880b80a85dfffff
1649,880b80aa9bfffff
1650,880b80ac49fffff
1651,880b80729bfffff
1652,880b803a55fffff
1653,880b8030ddfffff
1654,880b80b10dfffff
1655,880b80b603fffff
1656,880b8006b7fffff
1657,880b80aeedfffff
1658,880b805581fffff
1659,880b807165fffff
1660,880b800221fffff
1661,880b8000bdfffff
1662,880b801733fffff
1663,880b80b029fffff
1664,880b8001a5fffff
1665,880b80bab9fffff
1666,880b80aad7fffff
1667,880b81d203fffff
1668,880b803295fffff
1669,880b80a923fffff
1670,880b807841fffff
1671,880b800215fffff
1672,880b800863fffff
1673,880b803a37fffff
1674,880b800b43fffff
1675,880b803b1dfffff
1676,880b856981fffff
1677,880b857aa5fffff
1678,880b80b831fffff
1679,880b81d1c7fffff
1680,880b80b421fffff
1681,880b80b559fffff
1682,880b80a427fffff
1683,880b8084d9fffff
1684,880b80a947fffff
1685,880b80b71dfffff
1686,880b856957fffff
1687,880b8016e3fffff
1688,880b8568e9fffff
1689,880b8045b3fffff
1690,880b80b655fffff
1691,880b8084abfffff
1692,880b80705bfffff
1693,880b80aa49fffff
1694,880b81d949fffff
1695,880b81c245fffff
1696,880b807241fffff
1697,880b81d051fffff
1698,880b800dadfffff
1699,880b856a1dfffff
1700,880b80381dfffff
1701,880b800cdbfffff
1702,880b803601fffff
1703,880b80003bfffff
1704,880b8078edfffff
1705,880b80b56dfffff
1706,880b800ad9fffff
1707,880b857811fffff
1708,880b800a4dfffff
1709,880b80aab3fffff
1710,880b803909fffff
1711,880b80b823fffff
1712,880b80a817fffff
1713,880b803a51fffff
1714,880b807b59fffff
1715,880b801087fffff
1716,880b81db39fffff
1717,880b807659fffff
1718,880b8040e1fffff
1719,880b8032b9fffff
1720,880b803ac1fffff
1721,880b800e17fffff
1722,880b8070d5fffff
1723,880b8046e3fffff
1724,880b807343fffff
1725,880b80a623fffff
1726,880b854cc9fffff
1727,880b80b301fffff
1728,880b85684bfffff
1729,880b800a25fffff
1730,880b8032e9fffff
1731,880b804199fffff
1732,880b856855fffff
1733,880b80a9a7fffff
1734,880b80b501fffff
1735,880b800465fffff
1736,880b80b697fffff
1737,880b80aa91fffff
1738,880b808431fffff
1739,880b80a1d7fffff
1740,880b85785bfffff
1741,880b8072c7fffff
1742,880b8071ebfffff
1743,880b8030cbfffff
1744,880b80a955fffff
1745,880b8084b1fffff
1746,880b80b525fffff
1747,880b807345fffff
1748,880b807261fffff
1749,880b80a697fffff
1750,880b803b05fffff
1751,880b81d215fffff
1752,880b80a457fffff
1753,880b801567fffff
1754,880b80a453fffff
1755,880b80a5edfffff
1756,880b8008d5fffff
1757,880b80309dfffff
1758,880b807359fffff
1759,880b8084ebfffff
1760,880b8046d7fffff
1761,880b800a35fffff
1762,880b808433fffff
1763,880b800a81fffff
1764,880b80a115fffff
1765,880b8010d7fffff
1766,880b80a253fffff
1767,880b80b5e3fffff
1768,880b804631fffff
1769,880b807205fffff
1770,880b804731fffff
1771,880b8040b5fffff
1772,880b854d9dfffff
1773,880b80a0c1fffff
1774,880b800233fffff
1775,880b856853fffff
1776,880b80b4bdfffff
1777,880b81d193fffff
1778,880b80b4b7fffff
1779,880b80700bfffff
1780,880b854dbdfffff
1781,880b80b167fffff
1782,880b80783bfffff
1783,880b808495fffff
1784,880b8031d5fffff
1785,880b807219fffff
1786,880b80a567fffff
1787,880b80af23fffff
1788,880b80b18dfffff
1789,880b80a05dfffff
1790,880b81d2edfffff
1791,880b803a0bfffff
1792,880b803013fffff
1793,880b856829fffff
1794,880b81d2c7fffff
1795,880b80235bfffff
1796,880b81da01fffff
1797,880b8016e7fffff
1798,880b80445dfffff
1799,880b8005e7fffff
1800,880b800633fffff
1801,880b81da2dfffff
1802,880b807ae5fffff
1803,880b80b2d5fffff
1804,880b81d0cdfffff
1805,880b800099fffff
1806,880b854cd1fffff
1807,880b80304bfffff
1808,880b857b39fffff
1809,880b800447fffff
1810,880b803899fffff
1811,880b807207fffff
1812,880b8005ebfffff
1813,880b800b45fffff
1814,880b80a949fffff
1815,880b801435fffff
1816,880b80acc7fffff
1817,880b803657fffff
1818,880b800cbdfffff
1819,880b80858bfffff
1820,880b80a9a3fffff
1821,880b80b4ebfffff
1822,880b8038c9fffff
1823,880b856941fffff
1824,880b80091bfffff
1825,880b800841fffff
1826,880b80bad1fffff
1827,880b8006bdfffff
1828,880b80b169fffff
1829,880b80a037fffff
1830,880b8004adfffff
1831,880b800e01fffff
1832,880b804193fffff
1833,880b81d213fffff
1834,880b8015c9fffff
1835,880b857b25fffff
1836,880b81db47fffff
1837,880b8031c7fffff
1838,880b80a769fffff
1839,880b8008e9fffff
1840,880b8044a7fffff
1841,880b856a4bfffff
1842,880b80a2a3fffff
1843,880b81c349fffff
1844,880b807ad1fffff
1845,880b807257fffff
1846,880b804739fffff
1847,880b803161fffff
1848,880b80a5bdfffff
1849,880b807a9bfffff
1850,880b80b509fffff
1851,880b8070e3fffff
1852,880b800167fffff
1853,880b81d1ebfffff
1854,880b803569fffff
1855,880b803131fffff
1856,880b80a9a5fffff
1857,880b803b41fffff
1858,880b80ae23fffff
1859,880b80a767fffff
1860,880b80b6a3fffff
1861,880b80adcbfffff
1862,880b80b1bdfffff
1863,880b805567fffff
1864,880b803253fffff
1865,880b80ada5fffff
1866,880b800711fffff
1867,880b80a58dfffff
1868,880b8569b7fffff
1869,880b80ba6bfffff
1870,880b81d005fffff
1871,880b80a1b5fffff
1872,880b80b52bfffff
1873,880b800c6dfffff
1874,880b80b8d5fffff
1875,880b80b34bfffff
1876,880b80b2c3fffff
1877,880b8085a1fffff
1878,880b800587fffff
1879,880b807061fffff
1880,880b80a1b1fffff
1881,880b80735bfffff
1882,880b804e3bfffff
1883,880b8046d9fffff
1884,880b80b73dfffff
1885,880b800dc1fffff
1886,880b80b11bfffff
1887,880b80ac81fffff
1888,880b8015bdfffff
1889,880b800631fffff
1890,880b80b337fffff
1891,880b80b621fffff
1892,880b8055edfffff
1893,880b8054edfffff
1894,880b80119bfffff
1895,880b800891fffff
1896,880b857b07fffff
1897,880b8002d5fffff
1898,880b8045a3fffff
1899,880b81d065fffff
1900,880b80063bfffff
1901,880b80ae3dfffff
1902,880b8002e5fffff
1903,880b81d1d3fffff
1904,880b81da41fffff
1905,880b81d02bfffff
1906,880b800ac9fffff
1907,880b80442dfffff
1908,880b80ba59fffff
1909,880b80b2b1fffff
1910,880b857959fffff
1911,880b800a27fffff
1912,880b800319fffff
1913,880b807b43fffff
1914,880b8085abfffff
1915,880b80024bfffff
1916,880b800db9fffff
1917,880b807197fffff
1918,880b80043bfffff
1919,880b81d321fffff
1920,880b80332bfffff
1921,880b8046bdfffff
1922,880b8006e5fffff
1923,880b81d329fffff
1924,880b80a81bfffff
1925,880b856865fffff
1926,880b803067fffff
1927,880b80b543fffff
1928,880b80aa2dfffff
1929,880b80aaddfffff
1930,880b801433fffff
1931,880b80473bfffff
1932,880b800909fffff
1933,880b804699fffff
1934,880b80a24dfffff
1935,880b800a9bfffff
1936,880b8045a9fffff
1937,880b8016d3fffff
1938,880b80af03fffff
1939,880b800181fffff
1940,880b85796bfffff
1941,880b81d1c1fffff
1942,880b80a60bfffff
1943,880b80b5a5fffff
1944,880b80b1b5fffff
1945,880b800287fffff
1946,880b8019b3fffff
1947,880b804ea1fffff
1948,880b80a813fffff
1949,880b80b6cbfffff
1950,880b80a981fffff
1951,880b8084d1fffff
1952,880b80a23dfffff
1953,880b80a15dfffff
1954,880b80009dfffff
1955,880b80bb07fffff
1956,880b8030a7fffff
1957,880b80b5b3fffff
1958,880b803759fffff
1959,880b80b331fffff
1960,880b801549fffff
1961,880b807a13fffff
1962,880b800569fffff
1963,880b81d90dfffff
1964,880b807129fffff
1965,880b8014a5fffff
1966,880b803749fffff
1967,880b800a3dfffff
1968,880b80aa67fffff
1969,880b803a69fffff
1970,880b85793dfffff
1971,880b80b16bfffff
1972,880b807033fffff
1973,880b800e33fffff
1974,880b801407fffff
1975,880b800f6dfffff
1976,880b807233fffff
1977,880b804287fffff
1978,880b803a83fffff
1979,880b80b097fffff
1980,880b80a6d3fffff
1981,880b80ba33fffff
1982,880b80ae01fffff
1983,880b80b403fffff
1984,880b80b329fffff
1985,880b804635fffff
1986,880b807221fffff
1987,880b80a009fffff
1988,880b80a467fffff
1989,880b81da0dfffff
1990,880b80a237fffff
1991,880b807007fffff
1992,880b80ab5dfffff
1993,880b801085fffff
1994,880b80454bfffff
1995,880b800a57fffff
1996,880b80a89dfffff
1997,880b80b13bfffff
1998,880b80464bfffff
1999,880b81c23bfffff
2000,880b80419dfffff
2001,880b81da85fffff
2002,880b8006ddfffff
2003,880b800c3dfffff
2004,880b8054c9fffff
2005,880b8031b5fffff
2006,880b80af19fffff
2007,880b803351fffff
2008,880b80099bfffff
2009,880b8009cdfffff
2010,880b80091dfffff
2011,880b8055d5fffff
2012,880b8016b3fffff
2013,880b80ba61fffff
2014,880b80a0d3fffff
2015,880b80449dfffff
2016,880b807b13fffff
2017,880b807163fffff
2018,880b80144dfffff
2019,880b80a445fffff
2020,880b80b197fffff
2021,880b8015a5fffff
2022,880b80013bfffff
2023,880b800941fffff
2024,880b8032a3fffff
2025,880b80022dfffff
2026,880b800415fffff
2027,880b80090bfffff
2028,880b80a1d3fffff
2029,880b800aa3fffff
2030,880b800b51fffff
2031,880b8014c5fffff
2032,880b8016ebfffff
2033,880b800a5dfffff
2034,880b8042c9fffff
2035,880b800917fffff
2036,880b800addfffff
2037,880b800ce5fffff
2038,880b80af43fffff
2039,880b80a9edfffff
2040,880b800dd1fffff
2041,880b8056b7fffff
2042,880b803abbfffff
2043,880b80a6ddfffff
2044,880b800691fffff
2045,880b803357fffff
2046,880b80b1dbfffff
2047,880b803329fffff
2048,880b80a76bfffff
2049,880b81d141fffff
2050,880b80a1c7fffff
2051,880b803059fffff
2052,880b8579c9fffff
2053,880b81d169fffff
2054,880b8078c7fffff
2055,880b80626bfffff
2056,880b8002ebfffff
2057,880b803715fffff
2058,880b8032d7fffff
2059,880b803117fffff
2060,880b81d025fffff
2061,880b803243fffff
2062,880b81c257fffff
2063,880b81d24dfffff
2064,880b80a913fffff
2065,880b80a241fffff
2066,880b80a99dfffff
2067,880b807063fffff
2068,880b80453dfffff
2069,880b80b9b5fffff
2070,880b80ae09fffff
2071,880b804447fffff
2072,880b800c11fffff
2073,880b80a1c9fffff
2074,880b800645fffff
2075,880b81d0c1fffff
2076,880b800655fffff
2077,880b856b57fffff
2078,880b854c81fffff
2079,880b80b355fffff
2080,880b80b307fffff
2081,880b8014c1fffff
2082,880b80a333fffff
2083,880b802345fffff
2084,880b80a51bfffff
2085,880b81d001fffff
2086,880b80bb57fffff
2087,880b80a6cdfffff
2088,880b806345fffff
2089,880b80ac0dfffff
2090,880b8001c5fffff
2091,880b80a6d7fffff
2092,880b80aa45fffff
2093,880b800185fffff
2094,880b80636bfffff
2095,880b8568a5fffff
2096,880b81d013fffff
2097,880b80b5edfffff
2098,880b81dacbfffff
2099,880b854ebdfffff
2100,880b80a98dfffff
2101,880b80076dfffff
2102,880b800121fffff
2103,880b80b28dfffff
2104,880b80acd5fffff
2105,880b807845fffff
2106,880b856839fffff
2107,880b803769fffff
2108,880b80b1e3fffff
2109,880b80090dfffff
2110,880b800615fffff
2111,880b80ac4dfffff
2112,880b856819fffff
2113,880b800867fffff
2114,880b807101fffff
2115,880b80356dfffff
2116,880b80a12dfffff
2117,880b80ab1dfffff
2118,880b800a91fffff
2119,880b800d53fffff
2120,880b803701fffff
2121,880b800665fffff
2122,880b8002c7fffff
2123,880b856a55fffff
2124,880b80470bfffff
2125,880b80a4d7fffff
2126,880b81db23fffff
2127,880b80781dfffff
2128,880b8042c3fffff
2129,880b804563fffff
2130,880b800835fffff
2131,880b800955fffff
2132,880b800027fffff
2133,880b80b0e1fffff
2134,880b81d0edfffff
2135,880b80b727fffff
2136,880b80a5c3fffff
2137,880b8084a1fffff
2138,880b80028dfffff
2139,880b800cc5fffff
2140,880b804685fffff
2141,880b80a5d3fffff
2142,880b805495fffff
2143,880b81d08dfffff
2144,880b800db1fffff
2145,880b8086b3fffff
2146,880b800501fffff
2147,880b80a935fffff
2148,880b800485fffff
2149,880b803197fffff
2150,880b80a94dfffff
2151,880b8040ddfffff
2152,880b803b11fffff
2153,880b80a469fffff
2154,880b804453fffff
2155,880b803a1bfffff
2156,880b803737fffff
2157,880b856a5bfffff
2158,880b800f0dfffff
2159,880b80a4edfffff
2160,880b80396bfffff
2161,880b80a40bfffff
2162,880b80b9cbfffff
2163,880b8045e7fffff
2164,880b80b0dbfffff
2165,880b800ae7fffff
2166,880b800a83fffff
2167,880b857b21fffff
2168,880b856913fffff
2169,880b80a44dfffff
2170,880b80334bfffff
2171,880b80b8ddfffff
2172,880b80b4d3fffff
2173,880b804043fffff
2174,880b80a1cdfffff
2175,880b802241fffff
2176,880b80b315fffff
2177,880b800731fffff
2178,880b80a68dfffff
2179,880b8042ebfffff
2180,880b80a029fffff
2181,880b805517fffff
2182,880b80a70dfffff
2183,880b807a3bfffff
2184,880b80159bfffff
2185,880b80a2c9fffff
2186,880b8040c9fffff
2187,880b802353fffff
2188,880b856b03fffff
2189,880b80172dfffff
2190,880b854cddfffff
2191,880b80856bfffff
2192,880b804465fffff
2193,880b800505fffff
2194,880b80b363fffff
2195,880b80559bfffff
2196,880b80a2a9fffff
2197,880b800d45fffff
2198,880b80a165fffff
2199,880b803741fffff
2200,880b800237fffff
2201,880b804449fffff
2202,880b854ca7fffff
2203,880b80b4d7fffff
2204,880b8005d1fffff
2205,880b80b699fffff
2206,880b80a819fffff
2207,880b8076cbfffff
2208,880b80b639fffff
2209,880b8042dbfffff
2210,880b803665fffff
2211,880b8001a9fffff
2212,880b85794dfffff
2213,880b8055d1fffff
2214,880b800199fffff
2215,880b856953fffff
2216,880b80adc9fffff
2217,880b800cadfffff
2218,880b80a0c3fffff
2219,880b800d93fffff
2220,880b803963fffff
2221,880b80326bfffff
2222,880b803205fffff
2223,880b807183fffff
2224,880b80a8c3fffff
2225,880b803b0dfffff
2226,880b803847fffff
2227,880b800455fffff
2228,880b807a2bfffff
2229,880b8042c5fffff
2230,880b80088dfffff
2231,880b8042bbfffff
2232,880b800745fffff
2233,880b80a31dfffff
2234,880b800e0bfffff
2235,880b803ac7fffff
2236,880b800a19fffff
2237,880b801459fffff
2238,880b800e2bfffff
2239,880b800dcbfffff
2240,880b80ac3dfffff
2241,880b80b9c7fffff
2242,880b81c22dfffff
2243,880b801529fffff
2244,880b857889fffff
2245,880b8054d7fffff
2246,880b800b09fffff
2247,880b807a17fffff
2248,880b857839fffff
2249,880b80a59dfffff
2250,880b800c09fffff
2251,880b80b631fffff
2252,880b806341fffff
2253,880b80a131fffff
2254,880b80b735fffff
2255,880b805411fffff
2256,880b857919fffff
2257,880b80001dfffff
2258,880b804443fffff
2259,880b80a429fffff
2260,880b80082bfffff
2261,880b801689fffff
2262,880b80adc7fffff
2263,880b80b63bfffff
2264,880b800539fffff
2265,880b800b53fffff
2266,880b85796dfffff
2267,880b81d20bfffff
2268,880b80aa6bfffff
2269,880b804589fffff
2270,880b800637fffff
2271,880b80ae8dfffff
2272,880b8000d3fffff
2273,880b80a4cbfffff
2274,880b81d15dfffff
2275,880b80066dfffff
2276,880b803869fffff
2277,880b81d941fffff
2278,880b800f63fffff
2279,880b80b753fffff
2280,880b80a825fffff
2281,880b80b68dfffff
2282,880b8032ebfffff
2283,880b807139fffff
2284,880b8569b1fffff
2285,880b8071a5fffff
2286,880b8032cdfffff
2287,880b81d1a1fffff
2288,880b80b4dbfffff
2289,880b80a607fffff
2290,880b8085c1fffff
2291,880b80173bfffff
2292,880b80af31fffff
2293,880b804527fffff
2294,880b807a31fffff
2295,880b807a93fffff
2296,880b801403fffff
2297,880b804415fffff
2298,880b81db55fffff
2299,880b80634dfffff
2300,880b80a93dfffff
2301,880b80b98dfffff
2302,880b80ba19fffff
2303,880b803315fffff
2304,880b800135fffff
2305,880b8000c9fffff
2306,880b80b4d9fffff
2307,880b80b2b3fffff
2308,880b8054e3fffff
2309,880b80782bfffff
2310,880b81db61fffff
2311,880b85786dfffff
2312,880b80a6e7fffff
2313,880b8016bbfffff
2314,880b80a66bfffff
2315,880b800559fffff
2316,880b8579a9fffff
2317,880b800593fffff
2318,880b807117fffff
2319,880b800aebfffff
2320,880b80b711fffff
2321,880b80b055fffff
2322,880b80ad97fffff
2323,880b85680dfffff
2324,880b80073dfffff
2325,880b80354dfffff
2326,880b8030e3fffff
2327,880b804651fffff
2328,880b804457fffff
2329,880b808595fffff
2330,880b8078d5fffff
2331,880b80380bfffff
2332,880b81d241fffff
2333,880b81d829fffff
2334,880b80720dfffff
2335,880b856b07fffff
2336,880b857b31fffff
2337,880b856931fffff
2338,880b80ab2bfffff
2339,880b8032a1fffff
2340,880b85795dfffff
2341,880b8054c3fffff
2342,880b80714dfffff
2343,880b800da9fffff
2344,880b80a4bdfffff
2345,880b80ac9dfffff
2346,880b803043fffff
2347,880b80b2b9fffff
2348,880b8004e1fffff
2349,880b857967fffff
2350,880b8045dbfffff
2351,880b803747fffff
2352,880b800437fffff
2353,880b80a2e7fffff
2354,880b80a361fffff
2355,880b80626dfffff
2356,880b80ac0bfffff
2357,880b800439fffff
2358,880b80a09bfffff
2359,880b800035fffff
2360,880b807035fffff
2361,880b80a727fffff
2362,880b80b161fffff
2363,880b80173dfffff
2364,880b857863fffff
2365,880b8040adfffff
2366,880b8030b1fffff
2367,880b8009d7fffff
2368,880b80a491fffff
2369,880b8568abfffff
2370,880b80a5abfffff
2371,880b80a557fffff
2372,880b80a4dbfffff
2373,880b80b1c7fffff
2374,880b80bae5fffff
2375,880b807a57fffff
2376,880b807145fffff
2377,880b80041dfffff
2378,880b804295fffff
2379,880b801425fffff
2380,880b81c2e5fffff
2381,880b80ac11fffff
2382,880b800053fffff
2383,880b800c39fffff
2384,880b80b839fffff
2385,880b80050dfffff
2386,880b80ae45fffff
2387,880b8015a1fffff
2388,880b803659fffff
2389,880b80362dfffff
2390,880b807321fffff
2391,880b80ab65fffff
2392,880b800095fffff
2393,880b81d2a3fffff
2394,880b80b6e5fffff
2395,880b803a33fffff
2396,880b80081bfffff
2397,880b80012bfffff
2398,880b8001e5fffff
2399,880b8054d5fffff
2400,880b80bb3bfffff
2401,880b80b857fffff
2402,880b801453fffff
2403,880b80a995fffff
2404,880b80ba1bfffff
2405,880b8015e1fffff
2406,880b803a6bfffff
2407,880b8085e3fffff
2408,880b804603fffff
2409,880b8045e5fffff
2410,880b800991fffff
2411,880b800713fffff
2412,880b80ac47fffff
2413,880b8030c1fffff
2414,880b80b417fffff
2415,880b8010b3fffff
2416,880b80a655fffff
2417,880b856a37fffff
2418,880b802363fffff
2419,880b85499dfffff
2420,880b80476bfffff
2421,880b80b127fffff
2422,880b80b981fffff
2423,880b8046d1fffff
2424,880b8578a9fffff
2425,880b85788bfffff
2426,880b807a4bfffff
2427,880b8045c9fffff
2428,880b80adcdfffff
2429,880b803841fffff
2430,880b8084a3fffff
2431,880b80328dfffff
2432,880b80a581fffff
2433,880b80a645fffff
2434,880b807a43fffff
2435,880b805585fffff
2436,880b804567fffff
2437,880b80ac93fffff
2438,880b800e47fffff
2439,880b80169dfffff
2440,880b80a959fffff
2441,880b80ab6bfffff
2442,880b803239fffff
2443,880b808557fffff
2444,880b80701dfffff
2445,880b80a92dfffff
2446,880b80a863fffff
2447,880b800ec3fffff
2448,880b80af4dfffff
2449,880b803021fffff
2450,880b8001dbfffff
2451,880b8002d3fffff
2452,880b80a561fffff
2453,880b804213fffff
2454,880b80a251fffff
2455,880b804237fffff
2456,880b807a29fffff
2457,880b80a121fffff
2458,880b81d335fffff
2459,880b807a87fffff
2460,880b803081fffff
2461,880b807a2dfffff
2462,880b804715fffff
2463,880b803293fffff
2464,880b80b61bfffff
2465,880b80acd7fffff
2466,880b807651fffff
2467,880b81db07fffff
2468,880b80a40dfffff
2469,880b800859fffff
2470,880b80a6e1fffff
2471,880b807b15fffff
2472,880b800ad7fffff
2473,880b80a0d9fffff
2474,880b80b667fffff
2475,880b800b4bfffff
2476,880b80af69fffff
2477,880b81c2edfffff
2478,880b8031a5fffff
2479,880b804461fffff
2480,880b80b0a9fffff
2481,880b80b5d5fffff
2482,880b80716dfffff
2483,880b80b80bfffff
2484,880b805415fffff
2485,880b856821fffff
2486,880b856805fffff
2487,880b804255fffff
2488,880b8579a3fffff
2489,880b80a4ddfffff
2490,880b80a32bfffff
2491,880b800ed3fffff
2492,880b81db1bfffff
2493,880b80053dfffff
2494,880b80b267fffff
2495,880b800e23fffff
2496,880b8038ddfffff
2497,880b80b62dfffff
2498,880b85699dfffff
2499,880b803547fffff
2500,880b8085a9fffff
2501,880b80b529fffff
2502,880b856b1bfffff
2503,880b80ac53fffff
2504,880b81d2cdfffff
2505,880b854db7fffff
2506,880b80a611fffff
2507,880b80ae57fffff
2508,880b81c309fffff
2509,880b8009d5fffff
2510,880b80adebfffff
2511,880b80aa55fffff
2512,880b80ae6dfffff
2513,880b804707fffff
2514,880b8569c1fffff
2515,880b800f69fffff
2516,880b804239fffff
2517,880b857993fffff
2518,880b80075dfffff
2519,880b80a1adfffff
2520,880b8055e9fffff
2521,880b800511fffff
2522,880b8031a7fffff
2523,880b80234dfffff
2524,880b81d1e1fffff
2525,880b800a1bfffff
2526,880b80a2abfffff
2527,880b85799bfffff
2528,880b80ae05fffff
2529,880b807295fffff
2530,880b80b693fffff
2531,880b8000d7fffff
2532,880b805591fffff
2533,880b81d867fffff
2534,880b808497fffff
2535,880b801439fffff
2536,880b804497fffff
2537,880b800da1fffff
2538,880b803101fffff
2539,880b8004bbfffff
2540,880b856a15fffff
2541,880b80b885fffff
2542,880b8000d1fffff
2543,880b8056abfffff
2544,880b80084bfffff
2545,880b8008d7fffff
2546,880b80a86dfffff
2547,880b81d2b5fffff
2548,880b803649fffff
2549,880b85694bfffff
2550,880b804507fffff
2551,880b80b84dfffff
2552,880b80bb1bfffff
2553,880b801695fffff
2554,880b80b0d1fffff
2555,880b854dabfffff
2556,880b80b2d7fffff
2557,880b800987fffff
2558,880b81d36bfffff
2559,880b80b0e9fffff
2560,880b807289fffff
2561,880b804e03fffff
2562,880b81d311fffff
2563,880b80ac39fffff
2564,880b80b6d7fffff
2565,880b80145bfffff
2566,880b857881fffff
2567,880b800567fffff
2568,880b80a301fffff
2569,880b80ad2bfffff
2570,880b8040d9fffff
2571,880b801557fffff
2572,880b80330dfffff
2573,880b80153bfffff
2574,880b800669fffff
2575,880b80aec7fffff
2576,880b80af25fffff
2577,880b80320bfffff
2578,880b857b69fffff
2579,880b81dacdfffff
2580,880b8549b1fffff
2581,880b800c0bfffff
2582,880b80b221fffff
2583,880b80a113fffff
2584,880b856907fffff
2585,880b80474dfffff
2586,880b80a731fffff
2587,880b80b46bfffff
2588,880b80aad9fffff
2589,880b80b0a1fffff
2590,880b80b99bfffff
2591,880b8072ebfffff
2592,880b80ab27fffff
2593,880b854da3fffff
2594,880b80b6e3fffff
2595,880b800ce1fffff
2596,880b856a2bfffff
2597,880b800967fffff
2598,880b80148bfffff
2599,880b80390dfffff
2600,880b808417fffff
2601,880b801535fffff
2602,880b803221fffff
2603,880b857995fffff
2604,880b800197fffff
2605,880b80b69dfffff
2606,880b800e93fffff
2607,880b801461fffff
2608,880b80a993fffff
2609,880b807ad5fffff
2610,880b80a331fffff
2611,880b801469fffff
2612,880b81da15fffff
2613,880b80a2e3fffff
2614,880b8579c1fffff
2615,880b807acbfffff
2616,880b800d05fffff
2617,880b80b1bbfffff
2618,880b807655fffff
2619,880b8071d1fffff
2620,880b80b9c1fffff
2621,880b80b53bfffff
2622,880b800989fffff
2623,880b80adddfffff
2624,880b80b5d3fffff
2625,880b807649fffff
2626,880b856843fffff
2627,880b80b555fffff
2628,880b80a13bfffff
2629,880b80068bfffff
2630,880b856837fffff
2631,880b804251fffff
2632,880b800c1bfffff
2633,880b80a335fffff
2634,880b856a57fffff
2635,880b800e67fffff
2636,880b80ba8bfffff
2637,880b80a609fffff
2638,880b80a351fffff
2639,880b81db31fffff
2640,880b804051fffff
2641,880b80a521fffff
2642,880b81d041fffff
2643,880b81d1a9fffff
2644,880b804683fffff
2645,880b80764bfffff
2646,880b80031bfffff
2647,880b80ba89fffff
2648,880b800dbdfffff
2649,880b803653fffff
2650,880b856b63fffff
2651,880b80018dfffff
2652,880b80a295fffff
2653,880b8085dbfffff
2654,880b8009c7fffff
2655,880b80151bfffff
2656,880b800915fffff
2657,880b80b1ebfffff
2658,880b81d131fffff
2659,880b80405bfffff
2660,880b801511fffff
2661,880b80b58bfffff
2662,880b80b2d9fffff
2663,880b80a741fffff
2664,880b804085fffff
2665,880b803a45fffff
2666,880b800d65fffff
2667,880b857b3bfffff
2668,880b857909fffff
2669,880b80a663fffff
2670,880b80b401fffff
2671,880b80859dfffff
2672,880b80a563fffff
2673,880b803ac3fffff
2674,880b800735fffff
2675,880b80adadfffff
2676,880b80aca7fffff
2677,880b804e51fffff
2678,880b80aa93fffff
2679,880b800f47fffff
2680,880b80454dfffff
2681,880b8006c7fffff
2682,880b80a9a9fffff
2683,880b80a0c9fffff
2684,880b81d1dbfffff
2685,880b80425bfffff
2686,880b856a01fffff
2687,880b81d2c9fffff
2688,880b81d143fffff
2689,880b80a531fffff
2690,880b803241fffff
2691,880b8010d3fffff
2692,880b8030e7fffff
2693,880b8008d1fffff
2694,880b803905fffff
2695,880b801555fffff
2696,880b8046b7fffff
2697,880b80b135fffff
2698,880b81da19fffff
2699,880b8042adfffff
2700,880b80b29dfffff
2701,880b854da9fffff
2702,880b8072ddfffff
2703,880b805527fffff
2704,880b80ae3bfffff
2705,880b80b083fffff
2706,880b807749fffff
2707,880b80725dfffff
2708,880b800c55fffff
2709,880b803859fffff
2710,880b8044ebfffff
2711,880b800651fffff
2712,880b80b281fffff
2713,880b80a599fffff
2714,880b80a9b1fffff
2715,880b80b523fffff
2716,880b804701fffff
2717,880b8032adfffff
2718,880b854999fffff
2719,880b80b619fffff
2720,880b8010bdfffff
2721,880b80a689fffff
2722,880b857955fffff
2723,880b800debfffff
2724,880b80a231fffff
2725,880b800037fffff
2726,880b80b345fffff
2727,880b8085ebfffff
2728,880b8030bdfffff
2729,880b804529fffff
2730,880b80aab1fffff
2731,880b80a42dfffff
2732,880b800a33fffff
2733,880b857833fffff
2734,880b8032b5fffff
2735,880b807647fffff
2736,880b8055b5fffff
2737,880b80ac2dfffff
2738,880b80badbfffff
2739,880b80b4e7fffff
2740,880b80391bfffff
2741,880b856915fffff
2742,880b857823fffff
2743,880b803b37fffff
2744,880b8015cbfffff
2745,880b80b209fffff
2746,880b80b5bdfffff
2747,880b800845fffff
2748,880b80a621fffff
2749,880b80224bfffff
2750,880b803ae7fffff
2751,880b80a917fffff
2752,880b80a96bfffff
2753,880b800b55fffff
2754,880b80a4c3fffff
2755,880b800017fffff
2756,880b8018b5fffff
2757,880b803085fffff
2758,880b805587fffff
2759,880b80aa63fffff
2760,880b800d3dfffff
2761,880b8578a7fffff
2762,880b80b087fffff
2763,880b803169fffff
2764,880b81db0bfffff
2765,880b80b03dfffff
2766,880b80448bfffff
2767,880b8040a1fffff
2768,880b80781bfffff
2769,880b80aa8bfffff
2770,880b80aa2bfffff
2771,880b81d337fffff
2772,880b801737fffff
2773,880b8045e9fffff
2774,880b800cb9fffff
2775,880b803015fffff
2776,880b8016d7fffff
2777,880b81daabfffff
2778,880b80ab43fffff
2779,880b81daddfffff
2780,880b857951fffff
2781,880b8569b9fffff
2782,880b85683bfffff
2783,880b807361fffff
2784,880b80a5d1fffff
2785,880b80b813fffff
2786,880b80aeb7fffff
2787,880b800b37fffff
2788,880b85781dfffff
2789,880b8071b9fffff
2790,880b80330bfffff
2791,880b8046b1fffff
2792,880b80bad7fffff
2793,880b800ab3fffff
2794,880b80bac9fffff
2795,880b800e99fffff
2796,880b800827fffff
2797,880b80a461fffff
2798,880b803057fffff
2799,880b805687fffff
2800,880b800c03fffff
2801,880b8014e5fffff
2802,880b80ae5bfffff
2803,880b80b9d3fffff
2804,880b803643fffff
2805,880b80374dfffff
2806,880b8084a7fffff
2807,880b800a37fffff
2808,880b80b20bfffff
2809,880b80b051fffff
2810,880b803047fffff
2811,880b8070d1fffff
2812,880b856949fffff
2813,880b803965fffff
2814,880b80ac27fffff
2815,880b80b68bfffff
2816,880b80a435fffff
2817,880b8004a1fffff
2818,880b81d249fffff
2819,880b80b6b5fffff
2820,880b800441fffff
2821,880b80bb51fffff
2822,880b807213fffff
2823,880b80843dfffff
2824,880b807067fffff
2825,880b802305fffff
2826,880b8085b7fffff
2827,880b80b4c1fffff
2828,880b80b533fffff
2829,880b857843fffff
2830,880b80b567fffff
2831,880b807037fffff
2832,880b81d95dfffff
2833,880b80a9ebfffff
2834,880b80a5d5fffff
2835,880b801637fffff
2836,880b80b9b1fffff
2837,880b804481fffff
2838,880b80a62bfffff
2839,880b80b419fffff
2840,880b80a733fffff
2841,880b80b0adfffff
2842,880b80463dfffff
2843,880b80306dfffff
2844,880b80a447fffff
2845,880b803259fffff
2846,880b80aee5fffff
2847,880b80a895fffff
2848,880b803469fffff
2849,880b801545fffff
2850,880b800e95fffff
2851,880b8056a3fffff
2852,880b81da81fffff
2853,880b80b451fffff
2854,880b80ba13fffff
2855,880b800c3bfffff
2856,880b80453bfffff
2857,880b81da47fffff
2858,880b81d255fffff
2859,880b807041fffff
2860,880b801517fffff
2861,880b807181fffff
2862,880b800c45fffff
2863,880b803a3bfffff
2864,880b81d067fffff
2865,880b8008a1fffff
2866,880b800c99fffff
2867,880b803809fffff
2868,880b80b54bfffff
2869,880b80a2a7fffff
2870,880b804ecdfffff
2871,880b81d027fffff
2872,880b80ad53fffff
2873,880b8072a9fffff
2874,880b80ae19fffff
2875,880b803639fffff
2876,880b80af53fffff
2877,880b81dab3fffff
2878,880b80a349fffff
2879,880b800f5bfffff
2880,880b80a433fffff
2881,880b803aa1fffff
2882,880b803363fffff
2883,880b803a01fffff
2884,880b80b6bbfffff
2885,880b80a8d1fffff
2886,880b808505fffff
2887,880b80b1c1fffff
2888,880b80ae97fffff
2889,880b80099dfffff
2890,880b856921fffff
2891,880b807811fffff
2892,880b803211fffff
2893,880b80a51dfffff
2894,880b800253fffff
2895,880b8009e3fffff
2896,880b80b6a1fffff
2897,880b800ed5fffff
2898,880b800527fffff
2899,880b80443bfffff
2900,880b80bb4bfffff
2901,880b80774bfffff
2902,880b856955fffff
2903,880b80b2cdfffff
2904,880b80718dfffff
2905,880b81d015fffff
2906,880b80adb3fffff
2907,880b800913fffff
2908,880b807835fffff
2909,880b80b007fffff
2910,880b85785dfffff
2911,880b8071a1fffff
2912,880b80543dfffff
2913,880b800063fffff
2914,880b8579bdfffff
2915,880b80042bfffff
2916,880b800e81fffff
2917,880b80a991fffff
2918,880b80ba41fffff
2919,880b80aea5fffff
2920,880b80ab63fffff
2921,880b807815fffff
2922,880b81d00dfffff
2923,880b800e87fffff
2924,880b803619fffff
2925,880b80a739fffff
2926,880b81d00bfffff
2927,880b80a0ddfffff
2928,880b80409dfffff
2929,880b804215fffff
2930,880b80a681fffff
2931,880b800eedfffff
2932,880b80b03bfffff
2933,880b81db51fffff
2934,880b80b595fffff
2935,880b8045b9fffff
2936,880b8072e9fffff
2937,880b80a03bfffff
2938,880b803049fffff
2939,880b80770dfffff
2940,880b80b24dfffff
2941,880b80a833fffff
2942,880b8084d5fffff
2943,880b80af41fffff
2944,880b80baa9fffff
2945,880b81d05dfffff
2946,880b80385dfffff
2947,880b81c2ebfffff
2948,880b856851fffff
2949,880b857b63fffff
2950,880b801487fffff
2951,880b8076d5fffff
2952,880b81d1e3fffff
2953,880b804011fffff
2954,880b856985fffff
2955,880b80310bfffff
2956,880b854c9bfffff
2957,880b854ca5fffff
2958,880b8054a9fffff
2959,880b8005edfffff
2960,880b807b19fffff
2961,880b8014adfffff
2962,880b807869fffff
2963,880b808589fffff
2964,880b80ab51fffff
2965,880b80ac1bfffff
2966,880b8070e7fffff
2967,880b80acd3fffff
2968,880b80b039fffff
2969,880b800c5bfffff
2970,880b8010a5fffff
2971,880b80335dfffff
2972,880b804ed3fffff
2973,880b801093fffff
2974,880b8071d7fffff
2975,880b800cc3fffff
2976,880b800f21fffff
2977,880b81d02dfffff
2978,880b80a9dbfffff
2979,880b80b4cbfffff
2980,880b80000bfffff
2981,880b854d93fffff
2982,880b800da7fffff
2983,880b80b183fffff
2984,880b81d1abfffff
2985,880b80059bfffff
2986,880b80babbfffff
2987,880b81d96dfffff
2988,880b803843fffff
2989,880b8071e1fffff
2990,880b805511fffff
2991,880b800761fffff
2992,880b8044cdfffff
2993,880b804587fffff
2994,880b80455dfffff
2995,880b80a035fffff
2996,880b80ab6dfffff
2997,880b8000abfffff
2998,880b805683fffff
2999,880b803091fffff
3000,880b80a08dfffff
3001,880b81d017fffff
3002,880b857b2bfffff
3003,880b80065dfffff
3004,880b81d305fffff
3005,880b8054c7fffff
3006,880b800681fffff
3007,880b804733fffff
3008,880b803267fffff
3009,880b80ab21fffff
3010,880b80b763fffff
3011,880b804535fffff
3012,880b80bb5bfffff
3013,880b8008dbfffff
3014,880b80b9dbfffff
3015,880b8004c7fffff
3016,880b80a00bfffff
3017,880b80ae25fffff
3018,880b8569a1fffff
3019,880b807153fffff
3020,880b80040bfffff
3021,880b80b41bfffff
3022,880b8054adfffff
3023,880b80add5fffff
3024,880b81d849fffff
3025,880b800dbbfffff
3026,880b81d23bfffff
3027,880b800dabfffff
3028,880b81db37fffff
3029,880b80b5adfffff
3030,880b856a29fffff
3031,880b80b447fffff
3032,880b803309fffff
3033,880b857943fffff
3034,880b80aec9fffff
3035,880b81db5bfffff
3036,880b81d233fffff
3037,880b803a4dfffff
3038,880b8055e5fffff
3039,880b854e93fffff
3040,880b80a023fffff
3041,880b804057fffff
3042,880b807a3dfffff
3043,880b80303bfffff
3044,880b800f33fffff
3045,880b804593fffff
3046,880b804231fffff
3047,880b856a61fffff
3048,880b800ca9fffff
3049,880b80b293fffff
3050,880b80a8d9fffff
3051,880b80766dfffff
3052,880b8045a7fffff
3053,880b80ad33fffff
3054,880b803739fffff
3055,880b803825fffff
3056,880b800a45fffff
3057,880b8005cbfffff
3058,880b80a921fffff
3059,880b807191fffff
3060,880b800c0dfffff
3061,880b807083fffff
3062,880b80b063fffff
3063,880b802263fffff
3064,880b80ac89fffff
3065,880b801561fffff
3066,880b80a8ddfffff
3067,880b80b005fffff
3068,880b80062dfffff
3069,880b80aae5fffff
3070,880b80a511fffff
3071,880b800b25fffff
3072,880b80300dfffff
3073,880b80b669fffff
3074,880b80226bfffff
3075,880b807863fffff
3076,880b80ac4bfffff
3077,880b856807fffff
3078,880b8010a3fffff
3079,880b81c369fffff
3080,880b80326dfffff
3081,880b80b845fffff
3082,880b8009d1fffff
3083,880b80304dfffff
3084,880b856165fffff
3085,880b80b4b3fffff
3086,880b856b6bfffff
3087,880b800519fffff
3088,880b8016b5fffff
3089,880b800a5bfffff
3090,880b800045fffff
3091,880b807327fffff
3092,880b80a291fffff
3093,880b80429dfffff
3094,880b804505fffff
3095,880b8001cdfffff
3096,880b80b305fffff
3097,880b80b643fffff
3098,880b800d27fffff
3099,880b80023dfffff
3100,880b800601fffff
3101,880b81c34dfffff
3102,880b80704bfffff
3103,880b80baedfffff
3104,880b8004c9fffff
3105,880b81db21fffff
3106,880b8009d3fffff
3107,880b800961fffff
3108,880b800833fffff
3109,880b81d1cbfffff
3110,880b801589fffff
3111,880b80a737fffff
3112,880b80370bfffff
3113,880b800d95fffff
3114,880b8072d9fffff
3115,880b81dab5fffff
3116,880b8010b9fffff
3117,880b8569adfffff
3118,880b807059fffff
3119,880b8000e5fffff
3120,880b80a153fffff
3121,880b800d47fffff
3122,880b800d39fffff
3123,880b80add7fffff
3124,880b80b215fffff
3125,880b80a83bfffff
3126,880b80711dfffff
3127,880b80a517fffff
3128,880b8578ddfffff
3129,880b8054c5fffff
3130,880b81d859fffff
3131,880b803b6bfffff
3132,880b807311fffff
3133,880b85691bfffff
3134,880b80bacbfffff
3135,880b800b5dfffff
3136,880b80314dfffff
3137,880b80b8edfffff
3138,880b800aedfffff
3139,880b803041fffff
3140,880b80a6b1fffff
3141,880b80aab5fffff
3142,880b800553fffff
3143,880b800697fffff
3144,880b80a591fffff
3145,880b8569cdfffff
3146,880b80ade7fffff
3147,880b80aebdfffff
3148,880b80b06bfffff
3149,880b800043fffff
3150,880b800d5bfffff
3151,880b80b8e3fffff
3152,880b856a19fffff
3153,880b803aabfffff
3154,880b80ac31fffff
3155,880b8568e5fffff
3156,880b81d301fffff
3157,880b81d003fffff
3158,880b806347fffff
3159,880b8009c1fffff
3160,880b80a5e7fffff
3161,880b8005c3fffff
3162,880b80735dfffff
3163,880b807227fffff
3164,880b80ba43fffff
3165,880b80af57fffff
3166,880b80232dfffff
3167,880b801595fffff
3168,880b80a321fffff
3169,880b800c9dfffff
3170,880b80081dfffff
3171,880b80a631fffff
3172,880b804581fffff
3173,880b80ae9bfffff
3174,880b800117fffff
3175,880b80a245fffff
3176,880b800ca5fffff
3177,880b800c67fffff
3178,880b804551fffff
3179,880b8056b3fffff
3180,880b857b37fffff
3181,880b80bb17fffff
3182,880b80083bfffff
3183,880b80441bfffff
3184,880b81d1d1fffff
3185,880b8005b7fffff
3186,880b807317fffff
3187,880b803a99fffff
3188,880b8032dbfffff
3189,880b80b109fffff
3190,880b8015e7fffff
3191,880b80b46dfffff
3192,880b800e13fffff
3193,880b80b20dfffff
3194,880b81c2e1fffff
3195,880b803aa5fffff
3196,880b800229fffff
3197,880b803a19fffff
3198,880b80a017fffff
3199,880b81d327fffff
3200,880b807805fffff
3201,880b80b581fffff
3202,880b81c235fffff
3203,880b80ae95fffff
3204,880b80a1b9fffff
3205,880b80856dfffff
3206,880b857813fffff
3207,880b80a8a1fffff
3208,880b80146dfffff
3209,880b8006a9fffff
3210,880b80b6d1fffff
3211,880b800821fffff
3212,880b80b583fffff
3213,880b8070a3fffff
3214,880b854ccbfffff
3215,880b80a20bfffff
3216,880b80a0a1fffff
3217,880b80a2c7fffff
3218,880b807263fffff
3219,880b80b663fffff
3220,880b80319dfffff
3221,880b80acd1fffff
3222,880b80bae9fffff
3223,880b800259fffff
3224,880b857985fffff
3225,880b807619fffff
3226,880b80b503fffff
3227,880b856b61fffff
3228,880b807225fffff
3229,880b803183fffff
3230,880b8045adfffff
3231,880b800f09fffff
3232,880b8014bdfffff
3233,880b80236dfffff
3234,880b803b25fffff
3235,880b856927fffff
3236,880b80442bfffff
3237,880b800ed9fffff
3238,880b80062bfffff
3239,880b803ab9fffff
3240,880b804e11fffff
3241,880b8009e7fffff
3242,880b8002d7fffff
3243,880b8031e3fffff
3244,880b803247fffff
3245,880b8079d9fffff
3246,880b8030d9fffff
3247,880b80a339fffff
3248,880b80154bfffff
3249,880b80b2dbfffff
3250,880b8071dbfffff
3251,880b85792bfffff
3252,880b85790dfffff
3253,880b81c237fffff
3254,880b8015c7fffff
3255,880b80b997fffff
3256,880b800805fffff
3257,880b80a299fffff
3258,880b8071edfffff
3259,880b807215fffff
3260,880b80b65dfffff
3261,880b803545fffff
3262,880b80acedfffff
3263,880b80ad87fffff
3264,880b8031adfffff
3265,880b80401dfffff
3266,880b8001bdfffff
3267,880b80224dfffff
3268,880b8085bbfffff
3269,880b857901fffff
3270,880b80a5c5fffff
3271,880b80accbfffff
3272,880b856d21fffff
3273,880b80af1bfffff
3274,880b854cd9fffff
3275,880b804467fffff
3276,880b80a32dfffff
3277,880b801991fffff
3278,880b803069fffff
3279,880b80ac55fffff
3280,880b80ad03fffff
3281,880b8084bbfffff
3282,880b803705fffff
3283,880b8002ddfffff
3284,880b80a501fffff
3285,880b80329dfffff
3286,880b800251fffff
3287,880b804681fffff
3288,880b804ec5fffff
3289,880b80a41dfffff
3290,880b80b15bfffff
3291,880b854d9bfffff
3292,880b80a4a9fffff
3293,880b80b10bfffff
3294,880b80ab55fffff
3295,880b80a701fffff
3296,880b856a51fffff
3297,880b854d21fffff
3298,880b80706bfffff
3299,880b80a835fffff
3300,880b8015adfffff
3301,880b854e95fffff
3302,880b80ac2bfffff
3303,880b801731fffff
3304,880b80af37fffff
3305,880b806265fffff
3306,880b800515fffff
3307,880b81d265fffff
3308,880b80462dfffff
3309,880b80a46dfffff
3310,880b803105fffff
3311,880b802343fffff
3312,880b8009edfffff
3313,880b803325fffff
3314,880b80721dfffff
3315,880b80a80bfffff
3316,880b800eb3fffff
3317,880b800c97fffff
3318,880b80419bfffff
3319,880b8015ddfffff
3320,880b800d55fffff
3321,880b803ad3fffff
3322,880b803a1dfffff
3323,880b81d057fffff
3324,880b804257fffff
3325,880b800291fffff
3326,880b81d101fffff
3327,880b804501fffff
3328,880b800c25fffff
3329,880b8076d9fffff
3330,880b800c4bfffff
3331,880b8569e3fffff
3332,880b80a757fffff
3333,880b81d1b1fffff
3334,880b81d009fffff
3335,880b8085e7fffff
3336,880b800e3dfffff
3337,880b80094bfffff
3338,880b80159dfffff
3339,880b80b335fffff
3340,880b800a6dfffff
3341,880b856b17fffff
3342,880b80b137fffff
3343,880b80552bfffff
3344,880b800189fffff
3345,880b80b265fffff
3346,880b8569e9fffff
3347,880b80858dfffff
3348,880b80311bfffff
3349,880b80a8b1fffff
3350,880b857807fffff
3351,880b80a185fffff
3352,880b803b4dfffff
3353,880b8008ebfffff
3354,880b80b723fffff
3355,880b80ad19fffff
3356,880b8569a3fffff
3357,880b803157fffff
3358,880b80b76bfffff
3359,880b80b455fffff
3360,880b80a4b3fffff
3361,880b8578b1fffff
3362,880b81d863fffff
3363,880b80a533fffff
3364,880b804483fffff
3365,880b80acdbfffff
3366,880b800907fffff
3367,880b8031c5fffff
3368,880b854991fffff
3369,880b80ad65fffff
3370,880b80a207fffff
3371,880b80a5a9fffff
3372,880b85682dfffff
3373,880b856b39fffff
3374,880b80a16dfffff
3375,880b800927fffff
3376,880b800495fffff
3377,880b80b6b9fffff
3378,880b80b24bfffff
3379,880b80b133fffff
3380,880b8056c3fffff
3381,880b800cb7fffff
3382,880b8032a5fffff
3383,880b801455fffff
3384,880b856d27fffff
3385,880b800b21fffff
3386,880b85790bfffff
3387,880b800721fffff
3388,880b8009a9fffff
3389,880b80b2a1fffff
3390,880b8038d1fffff
3391,880b80a0e5fffff
3392,880b81d1b9fffff
3393,880b80ac19fffff
3394,880b80b9d9fffff
3395,880b80405dfffff
3396,880b80b157fffff
3397,880b80a639fffff
3398,880b808561fffff
3399,880b80a64bfffff
3400,880b804665fffff
3401,880b80a869fffff
3402,880b80b8d7fffff
3403,880b80aab7fffff
3404,880b804e81fffff
3405,880b80a73bfffff
3406,880b80b597fffff
3407,880b81da5dfffff
3408,880b8000e7fffff
3409,880b81c229fffff
3410,880b804619fffff
3411,880b803addfffff
3412,880b80a9c1fffff
3413,880b8042d1fffff
3414,880b800e91fffff
3415,880b8002c5fffff
3416,880b80b343fffff
3417,880b80a2a5fffff
3418,880b81daedfffff
3419,880b8071a9fffff
3420,880b80a455fffff
3421,880b80a9d9fffff
3422,880b80a651fffff
3423,880b804531fffff
3424,880b800009fffff
3425,880b80af39fffff
3426,880b80a987fffff
3427,880b81db0dfffff
3428,880b8005dbfffff
3429,880b800ab9fffff
3430,880b807b33fffff
3431,880b8084dbfffff
3432,880b80b1b3fffff
3433,880b8568e3fffff
3434,880b803b67fffff
3435,880b80a2ddfffff
3436,880b803b63fffff
3437,880b80a687fffff
3438,880b804031fffff
3439,880b805433fffff
3440,880b80a945fffff
3441,880b80b549fffff
3442,880b804053fffff
3443,880b80b6abfffff
3444,880b80b2b7fffff
3445,880b800565fffff
3446,880b80a481fffff
3447,880b80adedfffff
3448,880b856b21fffff
3449,880b80b9d1fffff
3450,880b80234bfffff
3451,880b80bb1dfffff
3452,880b807047fffff
3453,880b803153fffff
3454,880b800869fffff
3455,880b80a6c3fffff
3456,880b80a647fffff
3457,880b800213fffff
3458,880b80ac13fffff
3459,880b80b23dfffff
3460,880b800cd5fffff
3461,880b80b833fffff
3462,880b856a5dfffff
3463,880b856b05fffff
3464,880b800b13fffff
3465,880b804637fffff
3466,880b80b755fffff
3467,880b8055b3fffff
3468,880b803717fffff
3469,880b8015d3fffff
3470,880b800203fffff
3471,880b80156bfffff
3472,880b80a8b5fffff
3473,880b801493fffff
3474,880b80adb7fffff
3475,880b800e41fffff
3476,880b80b285fffff
3477,880b80b047fffff
3478,880b804755fffff
3479,880b80baa5fffff
3480,880b8070c9fffff
3481,880b8042cbfffff
3482,880b80b2a9fffff
3483,880b803b01fffff
3484,880b80a141fffff
3485,880b80ba83fffff
3486,880b80aea1fffff
3487,880b80a139fffff
3488,880b857855fffff
3489,880b81d217fffff
3490,880b8045a1fffff
3491,880b80aa87fffff
3492,880b804525fffff
3493,880b80729dfffff
3494,880b80a6d9fffff
3495,880b804e59fffff
3496,880b80041bfffff
3497,880b800b65fffff
3498,880b80a215fffff
3499,880b81d2e7fffff
3500,880b8019bbfffff
3501,880b85798bfffff
3502,880b804433fffff
3503,880b803461fffff
3504,880b8072d3fffff
3505,880b802331fffff
3506,880b800423fffff
3507,880b80b049fffff
3508,880b800c5dfffff
3509,880b800c89fffff
3510,880b81c20dfffff
3511,880b8078cdfffff
3512,880b80b035fffff
3513,880b80b069fffff
3514,880b80ad83fffff
3515,880b800521fffff
3516,880b80b537fffff
3517,880b8044ddfffff
3518,880b85616dfffff
3519,880b80aa47fffff
3520,880b80541dfffff
3521,880b81c347fffff
3522,880b80312dfffff
3523,880b8056c5fffff
3524,880b80a2b5fffff
3525,880b80084dfffff
3526,880b80a753fffff
3527,880b80b75dfffff
3528,880b807a0bfffff
3529,880b800603fffff
3530,880b80376bfffff
3531,880b80a839fffff
3532,880b8044e5fffff
3533,880b80b0c7fffff
3534,880b80b991fffff
3535,880b803863fffff
3536,880b80a24bfffff
3537,880b857905fffff
3538,880b8032c1fffff
3539,880b80aa59fffff
3540,880b80b243fffff
3541,880b81d043fffff
3542,880b803a35fffff
3543,880b80aac3fffff
3544,880b81da2bfffff
3545,880b804519fffff
3546,880b800607fffff
3547,880b80aa83fffff
3548,880b80199bfffff
3549,880b807881fffff
3550,880b80a509fffff
3551,880b8046bbfffff
3552,880b807111fffff
3553,880b800a69fffff
3554,880b803191fffff
3555,880b804013fffff
3556,880b8578e1fffff
3557,880b80ae41fffff
3558,880b80b719fffff
3559,880b800eb7fffff
3560,880b854d81fffff
3561,880b801553fffff
3562,880b80aaa7fffff
3563,880b80a101fffff
3564,880b80311dfffff
3565,880b80b8bbfffff
3566,880b80b085fffff
3567,880b80ae37fffff
3568,880b80388dfffff
3569,880b857b6dfffff
3570,880b856ae3fffff
3571,880b85683dfffff
3572,880b802355fffff
3573,880b81d045fffff
3574,880b80a8a9fffff
3575,880b8046d5fffff
3576,880b854c97fffff
3577,880b81d2adfffff
3578,880b8001e1fffff
3579,880b800957fffff
3580,880b803b29fffff
3581,880b857945fffff
3582,880b807aa3fffff
3583,880b80708bfffff
3584,880b81d1edfffff
3585,880b80409bfffff
3586,880b80ad23fffff
3587,880b803301fffff
3588,880b80b55bfffff
3589,880b80b51bfffff
3590,880b807195fffff
3591,880b80b743fffff
3592,880b800f15fffff
3593,880b80b733fffff
3594,880b8045bbfffff
3595,880b800001fffff
3596,880b81d01dfffff
3597,880b80471bfffff
3598,880b8044b7fffff
3599,880b80ad55fffff
3600,880b80acc3fffff
3601,880b81da97fffff
3602,880b803801fffff
3603,880b80331dfffff
3604,880b804741fffff
3605,880b800959fffff
3606,880b804233fffff
3607,880b80ab33fffff
3608,880b8044adfffff
3609,880b856d2dfffff
3610,880b800e05fffff
3611,880b80475dfffff
3612,880b80070bfffff
3613,880b800297fffff
3614,880b803adbfffff
3615,880b80a223fffff
3616,880b80b091fffff
3617,880b80a963fffff
3618,880b80730dfffff
3619,880b80b835fffff
3620,880b800817fffff
3621,880b8045bdfffff
3622,880b80a04dfffff
3623,880b806261fffff
3624,880b80a29dfffff
3625,880b8054b5fffff
3626,880b804547fffff
3627,880b80a2ebfffff
3628,880b857b47fffff
3629,880b81d947fffff
3630,880b800245fffff
3631,880b80a513fffff
3632,880b81dac9fffff
3633,880b80440dfffff
3634,880b85694dfffff
3635,880b803617fffff
3636,880b80459bfffff
3637,880b80a25bfffff
3638,880b80235dfffff
3639,880b80b4b5fffff
3640,880b803323fffff
3641,880b807333fffff
3642,880b80ba11fffff
3643,880b854cb7fffff
3644,880b80ac15fffff
3645,880b81da27fffff
3646,880b80b811fffff
3647,880b81da09fffff
3648,880b80aa95fffff
3649,880b800c07fffff
3650,880b80ae69fffff
3651,880b857835fffff
3652,880b8005c7fffff
3653,880b857805fffff
3654,880b803955fffff
3655,880b80ae29fffff
3656,880b8050b3fffff
3657,880b80aacdfffff
3658,880b80a18dfffff
3659,880b81dab7fffff
3660,880b800d23fffff
3661,880b80a729fffff
3662,880b80a22dfffff
3663,880b80a233fffff
3664,880b8579e1fffff
3665,880b801685fffff
3666,880b856b23fffff
3667,880b80a34bfffff
3668,880b8005cdfffff
3669,880b80a1d5fffff
3670,880b80ac25fffff
3671,880b8009b3fffff
3672,880b805437fffff
3673,880b803951fffff
3674,880b80aa37fffff
3675,880b800239fffff
3676,880b80765dfffff
3677,880b80a5a3fffff
3678,880b80a855fffff
3679,880b80a0b3fffff
3680,880b80b8b9fffff
3681,880b803331fffff
3682,880b80549dfffff
3683,880b800925fffff
3684,880b80b121fffff
3685,880b801599fffff
3686,880b80a5c9fffff
3687,880b80ba51fffff
3688,880b80b1b1fffff
3689,880b80006bfffff
3690,880b8569abfffff
3691,880b800429fffff
3692,880b8008bdfffff
3693,880b800b15fffff
3694,880b800535fffff
3695,880b80a4a5fffff
3696,880b800487fffff
3697,880b857825fffff
3698,880b802225fffff
3699,880b8568ebfffff
3700,880b80b6edfffff
3701,880b800ab1fffff
3702,880b800f11fffff
3703,880b800543fffff
3704,880b80add9fffff
3705,880b81d0ebfffff
3706,880b856815fffff
3707,880b80b165fffff
3708,880b800c4dfffff
3709,880b803a41fffff
3710,880b81d2c5fffff
3711,880b81d94bfffff
3712,880b800887fffff
3713,880b800551fffff
3714,880b800f3bfffff
3715,880b8042c1fffff
3716,880b8004c5fffff
3717,880b804753fffff
3718,880b8078c3fffff
3719,880b80ade3fffff
3720,880b8040e5fffff
3721,880b800ee9fffff
3722,880b80af27fffff
3723,880b803959fffff
3724,880b804411fffff
3725,880b81c20bfffff
3726,880b807843fffff
3727,880b80851dfffff
3728,880b80a2edfffff
3729,880b800c05fffff
3730,880b80360bfffff
3731,880b81d135fffff
3732,880b8014bbfffff
3733,880b803219fffff
3734,880b8040b3fffff
3735,880b803b33fffff
3736,880b80ae15fffff
3737,880b857803fffff
3738,880b805481fffff
3739,880b80a807fffff
3740,880b80b159fffff
3741,880b856801fffff
3742,880b803045fffff
3743,880b800847fffff
3744,880b800c41fffff
3745,880b803b3dfffff
3746,880b80b9c5fffff
3747,880b856a03fffff
3748,880b85684dfffff
3749,880b800901fffff
3750,880b8032a9fffff
3751,880b8009adfffff
3752,880b804421fffff
3753,880b80ae39fffff
3754,880b80a2bdfffff
3755,880b80386dfffff
3756,880b80b76dfffff
3757,880b80ab3dfffff
3758,880b85782dfffff
3759,880b8041d9fffff
3760,880b8038ebfffff
3761,880b80a345fffff
3762,880b81d0a1fffff
3763,880b81d157fffff
3764,880b803225fffff
3765,880b81dac1fffff
3766,880b80a627fffff
3767,880b800861fffff
3768,880b80a6bbfffff
3769,880b800b29fffff
3770,880b80a9b3fffff
3771,880b80a225fffff
3772,880b807143fffff
3773,880b8010a7fffff
3774,880b802349fffff
3775,880b800c53fffff
3776,880b81d153fffff
3777,880b800e31fffff
3778,880b80b709fffff
3779,880b8015d9fffff
3780,880b804611fffff
3781,880b803033fffff
3782,880b807297fffff
3783,880b8008d9fffff
3784,880b800b05fffff
3785,880b80b6adfffff
3786,880b8015b5fffff
3787,880b800ee7fffff
3788,880b8002a7fffff
3789,880b800443fffff
3790,880b80b919fffff
3791,880b800533fffff
3792,880b80a0d1fffff
3793,880b800e65fffff
3794,880b80b611fffff
3795,880b807a39fffff
3796,880b807189fffff
3797,880b8042d5fffff
3798,880b80a209fffff
3799,880b807a5dfffff
3800,880b808503fffff
3801,880b800a47fffff
3802,880b8054d9fffff
3803,880b85793bfffff
3804,880b800b19fffff
3805,880b854cd7fffff
3806,880b80b8e5fffff
3807,880b80b5b9fffff
3808,880b856a4dfffff
3809,880b80044bfffff
3810,880b8046a3fffff
3811,880b80066bfffff
3812,880b856b0dfffff
3813,880b800083fffff
3814,880b8009a1fffff
3815,880b85685dfffff
3816,880b81d1ddfffff
3817,880b800d61fffff
3818,880b800e25fffff
3819,880b80b123fffff
3820,880b80702bfffff
3821,880b807155fffff
3822,880b800e89fffff
3823,880b80aac9fffff
3824,880b807a9dfffff
3825,880b803aa3fffff
3826,880b80b341fffff
3827,880b800843fffff
3828,880b854cc1fffff
3829,880b80ab15fffff
3830,880b81d247fffff
3831,880b81d1bdfffff
3832,880b80b9d7fffff
3833,880b80a039fffff
3834,880b80468bfffff
3835,880b804419fffff
3836,880b8008a3fffff
3837,880b80a881fffff
3838,880b81da31fffff
3839,880b8040a9fffff
3840,880b80002bfffff
3841,880b808483fffff
3842,880b8002a9fffff
3843,880b80469bfffff
3844,880b802245fffff
3845,880b80a55dfffff
3846,880b80b231fffff
3847,880b81c2e3fffff
3848,880b80ab0dfffff
3849,880b80a71bfffff
3850,880b80ae0dfffff
3851,880b800e35fffff
3852,880b8072cbfffff
3853,880b80b1a7fffff
3854,880b801997fffff
3855,880b80ae87fffff
3856,880b80ab41fffff
3857,880b81da21fffff
3858,880b81d165fffff
3859,880b80b4a5fffff
3860,880b80444bfffff
3861,880b80b717fffff
3862,880b801739fffff
3863,880b804e55fffff
3864,880b805407fffff
3865,880b8072c9fffff
3866,880b854d95fffff
3867,880b80a265fffff
3868,880b803a09fffff
3869,880b804769fffff
3870,880b8085a5fffff
3871,880b81d28dfffff
3872,880b81d1d5fffff
3873,880b80bae3fffff
3874,880b807325fffff
3875,880b80a597fffff
3876,880b8008d3fffff
3877,880b80b5e5fffff
3878,880b800425fffff
3879,880b80a1abfffff
3880,880b800f67fffff
3881,880b80150dfffff
3882,880b80b8b5fffff
3883,880b807aedfffff
3884,880b8045a5fffff
3885,880b80a9e1fffff
3886,880b80aee7fffff
3887,880b8010b5fffff
3888,880b8085b3fffff
3889,880b803a27fffff
3890,880b80a559fffff
3891,880b80ad07fffff
3892,880b8004b7fffff
3893,880b803135fffff
3894,880b803285fffff
3895,880b80072dfffff
3896,880b8031cbfffff
3897,880b8579b9fffff
3898,880b807025fffff
3899,880b80af15fffff
3900,880b80ade1fffff
3901,880b808593fffff
3902,880b80a50bfffff
3903,880b80092dfffff
3904,880b800295fffff
3905,880b81d1b5fffff
3906,880b81d239fffff
3907,880b80a9a1fffff
3908,880b8038c3fffff
3909,880b800809fffff
3910,880b80aabdfffff
3911,880b8031c1fffff
3912,880b800183fffff
3913,880b807831fffff
3914,880b81dad7fffff
3915,880b803961fffff
3916,880b80a65bfffff
3917,880b807291fffff
3918,880b80a585fffff
3919,880b80ba53fffff
3920,880b80b539fffff
3921,880b80b163fffff
3922,880b800625fffff
3923,880b800999fffff
3924,880b804725fffff
3925,880b8045d5fffff
3926,880b81d307fffff
3927,880b80a431fffff
3928,880b80bb53fffff
3929,880b80b8c1fffff
3930,880b807167fffff
3931,880b8055c5fffff
3932,880b800059fffff
3933,880b8002c3fffff
3934,880b80a305fffff
3935,880b856929fffff
3936,880b804e17fffff
3937,880b80b8c5fffff
3938,880b80a0c5fffff
3939,880b80460bfffff
3940,880b804e43fffff
3941,880b800e53fffff
3942,880b8002e1fffff
3943,880b80add1fffff
3944,880b8008b9fffff
3945,880b800139fffff
3946,880b803719fffff
3947,880b857857fffff
3948,880b8072e1fffff
3949,880b807347fffff
3950,880b80a319fffff
3951,880b80230bfffff
3952,880b81da67fffff
3953,880b804097fffff
3954,880b80a86bfffff
3955,880b80b803fffff
3956,880b80a9d1fffff
3957,880b804487fffff
3958,880b807855fffff
3959,880b80b8b3fffff
3960,880b801539fffff
3961,880b8032cbfffff
3962,880b80080dfffff
3963,880b81da37fffff
3964,880b8045c3fffff
3965,880b8046cdfffff
3966,880b80b82dfffff
3967,880b80a2d1fffff
3968,880b800aa7fffff
3969,880b857867fffff
3970,880b80b8bdfffff
3971,880b80b425fffff
3972,880b8008adfffff
3973,880b8001adfffff
3974,880b8001cbfffff
3975,880b856a11fffff
3976,880b8008b5fffff
3977,880b80736bfffff
3978,880b80b023fffff
3979,880b81d235fffff
3980,880b800469fffff
3981,880b803335fffff
3982,880b803093fffff
3983,880b80b72dfffff
3984,880b80baa1fffff
3985,880b80474bfffff
3986,880b80a523fffff
3987,880b80158dfffff
3988,880b804545fffff
3989,880b800d5dfffff
3990,880b80b2d1fffff
3991,880b80a887fffff
3992,880b854997fffff
3993,880b804437fffff
3994,880b801191fffff
3995,880b854c89fffff
3996,880b801099fffff
3997,880b85781bfffff
3998,880b80a5a5fffff
3999,880b80b003fffff
4000,880b80a1c5fffff
4001,880b8000ddfffff
4002,880b80a6a1fffff
4003,880b800ea5fffff
4004,880b80a441fffff
4005,880b804e05fffff
4006,880b81c215fffff
4007,880b8085cbfffff
4008,880b804425fffff
4009,880b805435fffff
4010,880b80a2c1fffff
4011,880b8031a9fffff
4012,880b856b09fffff
4013,880b81c201fffff
4014,880b80b70bfffff
4015,880b8045abfffff
4016,880b80b261fffff
4017,880b803761fffff
4018,880b802357fffff
4019,880b808437fffff
4020,880b800115fffff
4021,880b80a88dfffff
4022,880b854da5fffff
4023,880b80b4c7fffff
4024,880b802307fffff
4025,880b81d237fffff
4026,880b8016b9fffff
4027,880b8008abfffff
4028,880b8002e7fffff
4029,880b81c223fffff
4030,880b803765fffff
4031,880b8002c1fffff
4032,880b80b685fffff
4033,880b80a14bfffff
4034,880b807009fffff
4035,880b80aca1fffff
4036,880b803103fffff
4037,880b800111fffff
4038,880b80b4c9fffff
4039,880b80b681fffff
4040,880b807121fffff
4041,880b80b235fffff
4042,880b80a763fffff
4043,880b80a519fffff
4044,880b80a28dfffff
4045,880b8006d1fffff
4046,880b80780bfffff
4047,880b81d23dfffff
4048,880b857ab5fffff
4049,880b8040a5fffff
4050,880b807ae9fffff
4051,880b80ac85fffff
4052,880b80b9b3fffff
4053,880b807123fffff
4054,880b803311fffff
4055,880b800597fffff
4056,880b80ace7fffff
4057,880b805417fffff
4058,880b800801fffff
4059,880b804ee9fffff
4060,880b8031ebfffff
4061,880b80a5ddfffff
4062,880b800cd9fffff
4063,880b800abbfffff
4064,880b807a63fffff
4065,880b803141fffff
4066,880b80306bfffff
4067,880b803ab3fffff
4068,880b80b13dfffff
4069,880b805533fffff
4070,880b803163fffff
4071,880b8054dbfffff
4072,880b81da07fffff
4073,880b80aec5fffff
4074,880b800523fffff
4075,880b80718bfffff
4076,880b8040d1fffff
4077,880b80303dfffff
4078,880b80bb39fffff
4079,880b807a1bfffff
4080,880b807369fffff
4081,880b8014cdfffff
4082,880b800aa5fffff
4083,880b80a011fffff
4084,880b800a05fffff
4085,880b804055fffff
4086,880b801729fffff
4087,880b804697fffff
4088,880b80a311fffff
4089,880b8071d3fffff
4090,880b81d159fffff
4091,880b80a1e3fffff
4092,880b800a13fffff
4093,880b80a61dfffff
4094,880b80b199fffff
4095,880b80b4d1fffff
4096,880b800467fffff
4097,880b8009ddfffff
4098,880b856b5dfffff
4099,880b800c61fffff
4100,880b803195fffff
4101,880b803901fffff
4102,880b80b21bfffff
4103,880b803745fffff
4104,880b8015e5fffff
4105,880b8001a3fffff
4106,880b803251fffff
4107,880b80a9e3fffff
4108,880b80b9abfffff
4109,880b81c225fffff
4110,880b80ad1bfffff
4111,880b80063dfffff
4112,880b8046b3fffff
4113,880b800dd3fffff
4114,880b80393bfffff
4115,880b80a049fffff
4116,880b856833fffff
4117,880b80318dfffff
4118,880b800d3bfffff
4119,880b802227fffff
4120,880b80acbbfffff
4121,880b80b4a9fffff
4122,880b80b441fffff
4123,880b80323bfffff
4124,880b856ae7fffff
4125,880b8578bdfffff
4126,880b81d0adfffff
4127,880b8044c5fffff
4128,880b81d33bfffff
4129,880b80a22bfffff
4130,880b81d35bfffff
4131,880b80b5a9fffff
4132,880b8085e5fffff
4133,880b800eadfffff
4134,880b80aed9fffff
4135,880b800217fffff
4136,880b8015e9fffff
4137,880b800acdfffff
4138,880b80ac61fffff
4139,880b80b5d9fffff
4140,880b80780dfffff
4141,880b81dadbfffff
4142,880b807a85fffff
4143,880b857997fffff
4144,880b8071e5fffff
4145,880b80a0b7fffff
4146,880b80af55fffff
4147,880b81da69fffff
4148,880b8579e5fffff
4149,880b8030e9fffff
4150,880b80a8e7fffff
4151,880b803b3bfffff
4152,880b80b81bfffff
4153,880b80b229fffff
4154,880b80ba3bfffff
4155,880b80a589fffff
4156,880b857b29fffff
4157,880b805483fffff
4158,880b80308bfffff
4159,880b802269fffff
4160,880b80108bfffff
4161,880b804299fffff
4162,880b803a6dfffff
4163,880b8055adfffff
4164,880b80ab07fffff
4165,880b807135fffff
4166,880b800f65fffff
4167,880b80a915fffff
4168,880b800cbbfffff
4169,880b80ad93fffff
4170,880b80b43dfffff
4171,880b800f1bfffff
4172,880b803939fffff
4173,880b856987fffff
4174,880b80a1b3fffff
4175,880b8054bdfffff
4176,880b8040e3fffff
4177,880b80a1edfffff
4178,880b800dddfffff
4179,880b80075bfffff
4180,880b80140bfffff
4181,880b804667fffff
4182,880b80719dfffff
4183,880b857b3dfffff
4184,880b800195fffff
4185,880b80ada9fffff
4186,880b8015a9fffff
4187,880b80b351fffff
4188,880b80395bfffff
4189,880b80b4e5fffff
4190,880b804441fffff
4191,880b800463fffff
4192,880b80a4e9fffff
4193,880b8000b5fffff
4194,880b856aa5fffff
4195,880b8078c1fffff
4196,880b856b53fffff
4197,880b8014d1fffff
4198,880b8006c5fffff
4199,880b80a595fffff
4200,880b80a633fffff
4201,880b807ae7fffff
4202,880b856b51fffff
4203,880b805431fffff
4204,880b856b69fffff
4205,880b800555fffff
4206,880b856b67fffff
4207,880b8005e5fffff
4208,880b800a87fffff
4209,880b80a347fffff
4210,880b800f45fffff
4211,880b80ad09fffff
4212,880b800ca7fffff
4213,880b8002e3fffff
4214,880b80a357fffff
4215,880b808587fffff
4216,880b8568b3fffff
4217,880b80049bfffff
4218,880b80b695fffff
4219,880b807235fffff
4220,880b81d227fffff
4221,880b80a6e5fffff
4222,880b81d361fffff
4223,880b804429fffff
4224,880b800adbfffff
4225,880b80a8ebfffff
4226,880b80aa1dfffff
4227,880b808547fffff
4228,880b80b1c9fffff
4229,880b805499fffff
4230,880b8080b3fffff
4231,880b80853bfffff
4232,880b81d251fffff
4233,880b80a057fffff
4234,880b80ab49fffff
4235,880b800257fffff
4236,880b8014e7fffff
4237,880b803a3dfffff
4238,880b8569c7fffff
4239,880b800187fffff
4240,880b807b41fffff
4241,880b8004e5fffff
4242,880b80aa41fffff
4243,880b8054cbfffff
4244,880b8005ddfffff
4245,880b803907fffff
4246,880b80b12bfffff
4247,880b8004ddfffff
4248,880b80b84bfffff
4249,880b80a883fffff
4250,880b800449fffff
4251,880b81d943fffff
4252,880b8044d7fffff
4253,880b80b837fffff
4254,880b80b8a3fffff
4255,880b80a059fffff
4256,880b800b5bfffff
4257,880b8078ddfffff
4258,880b80a885fffff
4259,880b807809fffff
4260,880b81db67fffff
4261,880b8000c1fffff
4262,880b8040bbfffff
4263,880b80b541fffff
4264,880b8070abfffff
4265,880b81db69fffff
4266,880b80446bfffff
4267,880b80b0b9fffff
4268,880b800e9bfffff
4269,880b80a4e7fffff
4270,880b807201fffff
4271,880b800729fffff
4272,880b81db29fffff
4273,880b80a91dfffff
4274,880b80b8d9fffff
4275,880b803a95fffff
4276,880b80bac1fffff
4277,880b80b013fffff
4278,880b80b1a5fffff
4279,880b80ade5fffff
4280,880b805525fffff
4281,880b80a4a3fffff
4282,880b803b51fffff
4283,880b80ad45fffff
4284,880b857987fffff
4285,880b800717fffff
4286,880b803a85fffff
4287,880b803757fffff
4288,880b8070c5fffff
4289,880b81dae5fffff
4290,880b80a191fffff
4291,880b80b6c1fffff
4292,880b81d113fffff
4293,880b80a50dfffff
4294,880b80b269fffff
4295,880b800d37fffff
4296,880b80b181fffff
4297,880b80a555fffff
4298,880b807837fffff
4299,880b81d063fffff
4300,880b800f41fffff
4301,880b80a601fffff
4302,880b80af09fffff
4303,880b800ed1fffff
4304,880b800905fffff
4305,880b80b257fffff
4306,880b80a1ebfffff
4307,880b80b721fffff
4308,880b80b701fffff
4309,880b800997fffff
4310,880b80a851fffff
4311,880b802365fffff
4312,880b804737fffff
4313,880b80b32dfffff
4314,880b800685fffff
4315,880b800d81fffff
4316,880b803967fffff
4317,880b81c36bfffff
4318,880b856a65fffff
4319,880b80ba95fffff
4320,880b8015bbfffff
4321,880b8009a7fffff
4322,880b80b001fffff
4323,880b80375dfffff
4324,880b80a041fffff
4325,880b800507fffff
4326,880b807aa7fffff
4327,880b800e97fffff
4328,880b81d223fffff
4329,880b80aed1fffff
4330,880b80a2dbfffff
4331,880b801727fffff
4332,880b857911fffff
4333,880b8042b3fffff
4334,880b81c361fffff
4335,880b80a5e3fffff
4336,880b80acc5fffff
4337,880b80726dfffff
4338,880b801097fffff
4339,880b80b817fffff
4340,880b8031d1fffff
4341,880b81da89fffff
4342,880b80ba4dfffff
4343,880b81d021fffff
4344,880b804621fffff
4345,880b80b0edfffff
4346,880b81db6bfffff
4347,880b8016b7fffff
4348,880b80ad39fffff
4349,880b807769fffff
4350,880b803855fffff
4351,880b80b53dfffff
4352,880b807a0dfffff
4353,880b807127fffff
4354,880b8001a1fffff
4355,880b80b589fffff
4356,880b8070a7fffff
4357,880b856a09fffff
4358,880b80b0cbfffff
4359,880b803125fffff
4360,880b803061fffff
4361,880b80a925fffff
4362,880b800f05fffff
4363,880b8078e5fffff
4364,880b80ae9dfffff
4365,880b80776bfffff
4366,880b80bb09fffff
4367,880b807ac9fffff
4368,880b80ba37fffff
4369,880b804663fffff
4370,880b80473dfffff
4371,880b80b2abfffff
4372,880b800e15fffff
4373,880b800605fffff
4374,880b800d1bfffff
4375,880b856863fffff
4376,880b800e1bfffff
4377,880b80559dfffff
4378,880b8004e3fffff
4379,880b804749fffff
4380,880b803725fffff
4381,880b80059dfffff
4382,880b80a45dfffff
4383,880b80b52dfffff
4384,880b80b2bbfffff
4385,880b80713bfffff
4386,880b80b5c9fffff
4387,880b800ae1fffff
4388,880b8568c5fffff
4389,880b804413fffff
4390,880b8071abfffff
4391,880b80b827fffff
4392,880b803b61fffff
4393,880b80a161fffff
4394,880b8046a1fffff
4395,880b8044b9fffff
4396,880b81d197fffff
4397,880b80701bfffff
4398,880b800247fffff
4399,880b80043dfffff
4400,880b80730bfffff
4401,880b803a61fffff
4402,880b804417fffff
4403,880b8046c7fffff
4404,880b801691fffff
4405,880b80a551fffff
4406,880b804745fffff
4407,880b807ae3fffff
4408,880b8056c7fffff
4409,880b80021dfffff
4410,880b80a8a3fffff
4411,880b80b54dfffff
4412,880b85686dfffff
4413,880b807a23fffff
4414,880b81da53fffff
4415,880b800cd3fffff
4416,880b81da87fffff
4417,880b80b635fffff
4418,880b800d1dfffff
4419,880b8549b5fffff
4420,880b800561fffff
4421,880b800933fffff
4422,880b80a363fffff
4423,880b800227fffff
4424,880b8006abfffff
4425,880b800127fffff
4426,880b80b143fffff
4427,880b80b041fffff
4428,880b80b5a3fffff
4429,880b800e27fffff
4430,880b80b761fffff
4431,880b80a9d3fffff
4432,880b8070c1fffff
4433,880b80b633fffff
4434,880b807169fffff
4435,880b80b5abfffff
4436,880b800703fffff
4437,880b803a47fffff
4438,880b800707fffff
4439,880b8002a5fffff
4440,880b800ad1fffff
4441,880b81d11bfffff
4442,880b80a263fffff
4443,880b80471dfffff
4444,880b80b0a7fffff
4445,880b85690dfffff
4446,880b8578c1fffff
4447,880b80775dfffff
4448,880b80ae17fffff
4449,880b80af05fffff
4450,880b800a51fffff
4451,880b856a43fffff
4452,880b80bb59fffff
4453,880b854d99fffff
4454,880b8579dbfffff
4455,880b80a229fffff
4456,880b8008c9fffff
4457,880b800f3dfffff
4458,880b80a425fffff
4459,880b801717fffff
4460,880b80aa0bfffff
4461,880b80ba45fffff
4462,880b81d0e1fffff
4463,880b800849fffff
4464,880b80a365fffff
4465,880b80a1d9fffff
4466,880b81da55fffff
4467,880b800403fffff
4468,880b804723fffff
4469,880b8046a5fffff
4470,880b80ad69fffff
4471,880b807217fffff
4472,880b800091fffff
4473,880b80449bfffff
4474,880b807ac5fffff
4475,880b8042e7fffff
4476,880b80b2ddfffff
4477,880b8044cbfffff
4478,880b81daa7fffff
4479,880b80ae99fffff
4480,880b81d123fffff
4481,880b8031c3fffff
4482,880b857aabfffff
4483,880b800653fffff
4484,880b80b241fffff
4485,880b80a90dfffff
4486,880b8072b1fffff
4487,880b80072bfffff
4488,880b800b6bfffff
4489,880b80ac3bfffff
4490,880b80b353fffff
4491,880b8568edfffff
4492,880b80a6abfffff
4493,880b80a931fffff
4494,880b8015b7fffff
4495,880b856803fffff
4496,880b803851fffff
4497,880b800407fffff
4498,880b804017fffff
4499,880b803827fffff
4500,880b8569c3fffff
4501,880b80b60dfffff
4502,880b80a187fffff
4503,880b800969fffff
4504,880b807267fffff
4505,880b807149fffff
4506,880b800de7fffff
4507,880b804297fffff
4508,880b8054d1fffff
4509,880b80a543fffff
4510,880b8056bbfffff
4511,880b8042abfffff
4512,880b800299fffff
4513,880b80b207fffff
4514,880b80a031fffff
4515,880b81d1e5fffff
4516,880b81d1a7fffff
4517,880b8006a1fffff
4518,880b854993fffff
4519,880b80a4d9fffff
4520,880b80b62bfffff
4521,880b8038e9fffff
4522,880b8005e3fffff
4523,880b80321bfffff
4524,880b801443fffff
4525,880b80a867fffff
4526,880b8031a3fffff
4527,880b807a8dfffff
4528,880b800647fffff
4529,880b81d333fffff
4530,880b80aae7fffff
4531,880b80b651fffff
4532,880b81d107fffff
4533,880b800aa9fffff
4534,880b80b299fffff
4535,880b800a4bfffff
4536,880b803b21fffff
4537,880b8006b3fffff
4538,880b81dac3fffff
4539,880b80a6bdfffff
4540,880b80b50dfffff
4541,880b807309fffff
4542,880b803b57fffff
4543,880b807b11fffff
4544,880b804427fffff
4545,880b8084a9fffff
4546,880b807357fffff
4547,880b80b507fffff
4548,880b8578a3fffff
4549,880b80703bfffff
4550,880b802361fffff
4551,880b808591fffff
4552,880b81d325fffff
4553,880b80a1bbfffff
4554,880b8046a9fffff
4555,880b800663fffff
4556,880b80aeabfffff
4557,880b803019fffff
4558,880b800dd7fffff
4559,880b81d2c3fffff
4560,880b800a95fffff
4561,880b808485fffff
4562,880b856b59fffff
4563,880b80b131fffff
4564,880b800585fffff
4565,880b85696dfffff
4566,880b80408bfffff
4567,880b8030a5fffff
4568,880b80b517fffff
4569,880b807151fffff
4570,880b8579a7fffff
4571,880b80adc5fffff
4572,880b8056a9fffff
4573,880b80a75dfffff
4574,880b800d91fffff
4575,880b80a49bfffff
4576,880b804729fffff
4577,880b8040b7fffff
4578,880b8569bdfffff
4579,880b80b00dfffff
4580,880b800e37fffff
4581,880b804629fffff
4582,880b80366bfffff
4583,880b803a25fffff
4584,880b80a953fffff
4585,880b80ad25fffff
4586,880b81d1a5fffff
4587,880b81c263fffff
4588,880b80042dfffff
4589,880b81d0c7fffff
4590,880b803b35fffff
4591,880b80b737fffff
4592,880b807089fffff
4593,880b85786bfffff
4594,880b807003fffff
4595,880b81d959fffff
4596,880b80b313fffff
4597,880b80a715fffff
4598,880b804695fffff
4599,880b8044a9fffff
4600,880b803111fffff
4601,880b80ab23fffff
4602,880b803215fffff
4603,880b80a0a7fffff
4604,880b802335fffff
4605,880b804735fffff
4606,880b801457fffff
4607,880b80a893fffff
4608,880b804e1dfffff
4609,880b800235fffff
4610,880b854d37fffff
4611,880b80a213fffff
4612,880b856917fffff
4613,880b80a055fffff
4614,880b800943fffff
4615,880b857aa3fffff
4616,880b80058dfffff
4617,880b800611fffff
4618,880b81d28bfffff
4619,880b81d30dfffff
4620,880b804409fffff
4621,880b80a0adfffff
4622,880b80a891fffff
4623,880b81d119fffff
4624,880b8010bbfffff
4625,880b8054d3fffff
4626,880b803a65fffff
4627,880b8038dbfffff
4628,880b800eb1fffff
4629,880b8056b9fffff
4630,880b80ab17fffff
4631,880b80b5b1fffff
4632,880b808537fffff
4633,880b857981fffff
4634,880b80064dfffff
4635,880b80ae2bfffff
4636,880b80a199fffff
4637,880b8014d9fffff
4638,880b80ac6bfffff
4639,880b8055e1fffff
4640,880b80329bfffff
4641,880b857b55fffff
4642,880b80a593fffff
4643,880b8006ebfffff
4644,880b8000a3fffff
4645,880b8578d7fffff
4646,880b804761fffff
4647,880b80b805fffff
4648,880b80aa1bfffff
4649,880b801429fffff
4650,880b8015d7fffff
4651,880b80b64dfffff
4652,880b80b033fffff
4653,880b80a95dfffff
4654,880b8055c3fffff
4655,880b80acc1fffff
4656,880b81d253fffff
4657,880b81d2abfffff
4658,880b800a67fffff
4659,880b800b27fffff
4660,880b80ba99fffff
4661,880b8072abfffff
4662,880b803055fffff
4663,880b8040a7fffff
4664,880b856a35fffff
4665,880b805685fffff
4666,880b800525fffff
4667,880b80408dfffff
4668,880b804ea9fffff
4669,880b800497fffff
4670,880b856a17fffff
4671,880b857939fffff
4672,880b801711fffff
4673,880b856b37fffff
4674,880b8009b5fffff
4675,880b80a193fffff
4676,880b80b309fffff
4677,880b854ca1fffff
4678,880b80a5b3fffff
4679,880b800d13fffff
4680,880b80a06bfffff
4681,880b803b2bfffff
4682,880b803953fffff
4683,880b80a711fffff
4684,880b80b1cbfffff
4685,880b804e6bfffff
4686,880b80b0b3fffff
4687,880b80385bfffff
4688,880b80bb15fffff
4689,880b81d1e7fffff
4690,880b80a15bfffff
4691,880b80a849fffff
4692,880b80054dfffff
4693,880b80ae61fffff
4694,880b80451dfffff
4695,880b803ad5fffff
4696,880b81d047fffff
4697,880b8085d3fffff
4698,880b8001e3fffff
4699,880b80a217fffff
4700,880b807b51fffff
4701,880b803297fffff
4702,880b80056bfffff
4703,880b80b0d3fffff
4704,880b80231dfffff
4705,880b80ab03fffff
4706,880b80a9e9fffff
4707,880b80af45fffff
4708,880b8009c3fffff
4709,880b80b49bfffff
4710,880b80b623fffff
4711,880b801499fffff
4712,880b8030b9fffff
4713,880b800ee5fffff
4714,880b804657fffff
4715,880b81d167fffff
4716,880b800b35fffff
4717,880b800639fffff
4718,880b856b43fffff
4719,880b80b6d3fffff
4720,880b80a4d1fffff
4721,880b800041fffff
4722,880b802325fffff
4723,880b80a9adfffff
4724,880b80bab1fffff
4725,880b8040abfffff
4726,880b8071ddfffff
4727,880b80a6ebfffff
4728,880b856a23fffff
4729,880b80069bfffff
4730,880b800769fffff
4731,880b81d2a9fffff
4732,880b807005fffff
4733,880b85784bfffff
4734,880b80766bfffff
4735,880b81c267fffff
4736,880b80b4d5fffff
4737,880b80b497fffff
4738,880b80b605fffff
4739,880b80096dfffff
4740,880b80aeb1fffff
4741,880b807251fffff
4742,880b8569a7fffff
4743,880b80b457fffff
4744,880b80316bfffff
4745,880b8071b1fffff
4746,880b80ae81fffff
4747,880b8032d9fffff
4748,880b80aee3fffff
4749,880b804625fffff
4750,880b80aaa9fffff
4751,880b856a69fffff
4752,880b803641fffff
4753,880b857949fffff
4754,880b80a5c1fffff
4755,880b8031d3fffff
4756,880b80ad29fffff
4757,880b80b205fffff
4758,880b803767fffff
4759,880b80319bfffff
4760,880b856d65fffff
4761,880b81d019fffff
4762,880b8044a3fffff
4763,880b80af0dfffff
4764,880b80082dfffff
4765,880b85788dfffff
4766,880b80b115fffff
4767,880b80a99bfffff
4768,880b857921fffff
4769,880b80ad5bfffff
4770,880b80baa3fffff
4771,880b807305fffff
4772,880b80380dfffff
4773,880b81d18bfffff
4774,880b8072c5fffff
4775,880b804401fffff
4776,880b80ad13fffff
4777,880b800abdfffff
4778,880b80aea3fffff
4779,880b801095fffff
4780,880b8579bbfffff
4781,880b80a6c9fffff
4782,880b856a3bfffff
4783,880b854c93fffff
4784,880b80b593fffff
4785,880b803347fffff
4786,880b807103fffff
4787,880b80aaabfffff
4788,880b81d1cdfffff
4789,880b856999fffff
4790,880b80ae03fffff
4791,880b80ad51fffff
4792,880b80320dfffff
4793,880b80a4b7fffff
4794,880b80475bfffff
4795,880b800a39fffff
4796,880b803209fffff
4797,880b80b869fffff
4798,880b80ad81fffff
4799,880b80071bfffff
4800,880b800d57fffff
4801,880b80a249fffff
4802,880b8044c9fffff
4803,880b807a47fffff
4804,880b80ba03fffff
4805,880b80aa31fffff
4806,880b80096bfffff
4807,880b80a5a1fffff
4808,880b857819fffff
4809,880b81d221fffff
4810,880b80a1c3fffff
4811,880b80baabfffff
4812,880b857b09fffff
4813,880b80a5b7fffff
4814,880b80baadfffff
4815,880b8044d5fffff
4816,880b803167fffff
4817,880b80a503fffff
4818,880b802221fffff
4819,880b8002cdfffff
4820,880b800137fffff
4821,880b856a6bfffff
4822,880b80553bfffff
4823,880b804001fffff
4824,880b8054bbfffff
4825,880b80ba67fffff
4826,880b803a67fffff
4827,880b80b4e9fffff
4828,880b81da35fffff
4829,880b804e1bfffff
4830,880b8055b9fffff
4831,880b800421fffff
4832,880b80a259fffff
4833,880b807ab7fffff
4834,880b8071cdfffff
4835,880b81d2ebfffff
4836,880b8084e1fffff
4837,880b807889fffff
4838,880b81da0bfffff
4839,880b803625fffff
4840,880b81d861fffff
4841,880b80b433fffff
4842,880b8030b7fffff
4843,880b8041dbfffff
4844,880b807199fffff
4845,880b8006a5fffff
4846,880b80734bfffff
4847,880b8014a9fffff
4848,880b80153dfffff
4849,880b801707fffff
4850,880b80a157fffff
4851,880b8046e5fffff
4852,880b8568bbfffff
4853,880b854d97fffff
4854,880b800c63fffff
4855,880b80b747fffff
4856,880b80af4bfffff
4857,880b807767fffff
4858,880b80a9c5fffff
4859,880b856d67fffff
4860,880b81d30bfffff
4861,880b81da83fffff
4862,880b856835fffff
4863,880b800765fffff
4864,880b80ba91fffff
4865,880b8008c1fffff
4866,880b80a413fffff
4867,880b804423fffff
4868,880b80b897fffff
4869,880b854de3fffff
4870,880b8002c9fffff
4871,880b8055e7fffff
4872,880b803817fffff
4873,880b80b357fffff
4874,880b800ca1fffff
4875,880b804e8bfffff
4876,880b800d8bfffff
4877,880b8030a3fffff
4878,880b800d87fffff
4879,880b800727fffff
4880,880b80302bfffff
4881,880b800dedfffff
4882,880b803a2bfffff
4883,880b807a91fffff
4884,880b856b27fffff
4885,880b80713dfffff
4886,880b81d267fffff
4887,880b803207fffff
4888,880b80850bfffff
4889,880b80ab39fffff
4890,880b80703dfffff
4891,880b80b729fffff
4892,880b856b19fffff
4893,880b8031abfffff
4894,880b804517fffff
4895,880b80ba0dfffff
4896,880b80a8c9fffff
4897,880b80a313fffff
4898,880b80a085fffff
4899,880b8072a5fffff
4900,880b81da29fffff
4901,880b80310dfffff
4902,880b807a51fffff
4903,880b807851fffff
4904,880b80a107fffff
4905,880b80381bfffff
4906,880b857831fffff
4907,880b80728bfffff
4908,880b800d49fffff
4909,880b804e61fffff
4910,880b80365dfffff
4911,880b80bb13fffff
4912,880b8041d3fffff
4913,880b803731fffff
4914,880b856b31fffff
4915,880b803065fffff
4916,880b80328bfffff
4917,880b857b19fffff
4918,880b8008e5fffff
4919,880b800719fffff
4920,880b8030abfffff
4921,880b857957fffff
4922,880b8040dbfffff
4923,880b807269fffff
4924,880b8006e3fffff
4925,880b80b05dfffff
4926,880b807b5dfffff
4927,880b857829fffff
4928,880b801497fffff
4929,880b807109fffff
4930,880b803143fffff
4931,880b8016a5fffff
4932,880b80849bfffff
4933,880b803353fffff
4934,880b804033fffff
4935,880b80733bfffff
4936,880b8001c7fffff
4937,880b8046cbfffff
4938,880b856b11fffff
4939,880b8055a7fffff
4940,880b80a665fffff
4941,880b80b765fffff
4942,880b8005a3fffff
4943,880b801587fffff
4944,880b800de1fffff
4945,880b857891fffff
4946,880b81c26bfffff
4947,880b80a637fffff
4948,880b80a9cbfffff
4949,880b807339fffff
4950,880b800249fffff
4951,880b8044e3fffff
4952,880b803133fffff
4953,880b80324bfffff
4954,880b803839fffff
4955,880b80095bfffff
4956,880b80a72dfffff
4957,880b805493fffff
4958,880b807115fffff
4959,880b8070d9fffff
4960,880b8042a1fffff
4961,880b800f39fffff
4962,880b80a133fffff
4963,880b8001d5fffff
4964,880b80a189fffff
4965,880b802351fffff
4966,880b8030d1fffff
4967,880b81d0e9fffff
4968,880b80aecdfffff
4969,880b8054a1fffff
4970,880b8568b9fffff
4971,880b856825fffff
4972,880b8038cbfffff
4973,880b807157fffff
4974,880b81d26bfffff
4975,880b80ba97fffff
4976,880b803945fffff
4977,880b856951fffff
4978,880b8056e3fffff
4979,880b80158bfffff
4980,880b80aadbfffff
4981,880b804ee3fffff
4982,880b80a369fffff
4983,880b804763fffff
4984,880b80a905fffff
4985,880b80a8a5fffff
4986,880b81db6dfffff
4987,880b80b0ddfffff
4988,880b80b829fffff
4989,880b81d2a1fffff
4990,880b81d365fffff
4991,880b80085bfffff
4992,880b8006d5fffff
4993,880b8004abfffff
4994,880b8055c7fffff
4995,880b808553fffff
4996,880b8014c9fffff
4997,880b80b495fffff
4998,880b803821fffff
4999,880b804647fffff
5000,880b803669fffff
5001,880b81d1bbfffff
5002,880b800ae5fffff
5003,880b80b521fffff
5004,880b80a1c1fffff
5005,880b80ba4bfffff
5006,880b80a2cbfffff
5007,880b807019fffff
5008,880b856947fffff
5009,880b803213fffff
5010,880b80543bfffff
5011,880b807a61fffff
5012,880b856b5bfffff
5013,880b8045b1fffff
5014,880b800019fffff
5015,880b8040b1fffff
5016,880b8579e3fffff
5017,880b8031e5fffff
5018,880b80a635fffff
5019,880b804191fffff
5020,880b80a195fffff
5021,880b80ba93fffff
5022,880b80b227fffff
5023,880b80adc1fffff
5024,880b80a4c1fffff
5025,880b800e8dfffff
5026,880b801081fffff
5027,880b80a8e3fffff
5028,880b80b189fffff
5029,880b80b617fffff
5030,880b807a99fffff
5031,880b80aae9fffff
5032,880b80a941fffff
5033,880b80109bfffff
5034,880b803609fffff
5035,880b80098bfffff
5036,880b80b107fffff
5037,880b803367fffff
5038,880b803223fffff
5039,880b804645fffff
5040,880b81c30bfffff
5041,880b80a239fffff
5042,880b81da9dfffff
5043,880b80b561fffff
5044,880b807b53fffff
5045,880b81d2c1fffff
5046,880b805599fffff
5047,880b8045cdfffff
5048,880b804099fffff
5049,880b8030cdfffff
5050,880b80a04bfffff
5051,880b80ac37fffff
5052,880b80ba3dfffff
5053,880b856aebfffff
5054,880b8016a7fffff
5055,880b8014ebfffff
5056,880b80ab19fffff
5057,880b80b33dfffff
5058,880b80145dfffff
5059,880b80371dfffff
5060,880b803aa9fffff
5061,880b8579a5fffff
5062,880b80b481fffff
5063,880b8071bdfffff
5064,880b854cc5fffff
5065,880b8055b7fffff
5066,880b80a507fffff
5067,880b80b527fffff
5068,880b8046b9fffff
5069,880b80335bfffff
5070,880b80b017fffff
5071,880b803b31fffff
5072,880b8000a1fffff
5073,880b856905fffff
5074,880b807641fffff
5075,880b80ad9bfffff
5076,880b800015fffff
5077,880b80a9c7fffff
5078,880b856983fffff
5079,880b800211fffff
5080,880b801417fffff
5081,880b80a9b7fffff
5082,880b80b861fffff
5083,880b8001abfffff
5084,880b80ac67fffff
5085,880b80b819fffff
5086,880b80a10bfffff
5087,880b807085fffff
5088,880b804703fffff
5089,880b80a087fffff
5090,880b81d269fffff
5091,880b80a06dfffff
5092,880b8569dbfffff
5093,880b80a85bfffff
5094,880b80a097fffff
5095,880b807363fffff
5096,880b800885fffff
5097,880b8085a3fffff
5098,880b81da59fffff
5099,880b80b565fffff
5100,880b803807fffff
5101,880b81da95fffff
5102,880b80b2a7fffff
5103,880b80b98bfffff
5104,880b80440bfffff
5105,880b803369fffff
5106,880b804095fffff
5107,880b80b145fffff
5108,880b8549b3fffff
5109,880b80460dfffff
5110,880b8030c3fffff
5111,880b80a5a7fffff
5112,880b80aee1fffff
5113,880b80a6a9fffff
5114,880b80774dfffff
5115,880b856903fffff
5116,880b81d06bfffff
5117,880b8046d3fffff
5118,880b800d35fffff
5119,880b80a70bfffff
5120,880b80300bfffff
5121,880b856b3bfffff
5122,880b807105fffff
5123,880b808423fffff
5124,880b800cb3fffff
5125,880b80b5e9fffff
5126,880b800107fffff
5127,880b800739fffff
5128,880b8578e5fffff
5129,880b80aeddfffff
5130,880b81d94dfffff
5131,880b80adb9fffff
5132,880b80a8d7fffff
5133,880b80b547fffff
5134,880b801427fffff
5135,880b81d243fffff
5136,880b8579edfffff
5137,880b803233fffff
5138,880b81da9bfffff
5139,880b80706dfffff
5140,880b80b89bfffff
5141,880b803559fffff
5142,880b81d33dfffff
5143,880b803303fffff
5144,880b80a1cbfffff
5145,880b80b6ebfffff
5146,880b807107fffff
5147,880b80b851fffff
5148,880b81da93fffff
5149,880b81d229fffff
5150,880b80724dfffff
5151,880b8031b7fffff
5152,880b80a005fffff
5153,880b80049dfffff
5154,880b80ace1fffff
5155,880b800583fffff
5156,880b81db01fffff
5157,880b80ac65fffff
5158,880b80724bfffff
5159,880b80b863fffff
5160,880b803651fffff
5161,880b80a2b7fffff
5162,880b80444dfffff
5163,880b800da3fffff
5164,880b8004cdfffff
5165,880b8076ddfffff
5166,880b804e3dfffff
5167,880b805681fffff
5168,880b80a8adfffff
5169,880b80a439fffff
5170,880b8006edfffff
5171,880b8032e5fffff
5172,880b804e01fffff
5173,880b80b703fffff
5174,880b803a9dfffff
5175,880b80ac29fffff
5176,880b800a2dfffff
5177,880b80b983fffff
5178,880b8009b7fffff
5179,880b800749fffff
5180,880b80a801fffff
5181,880b8005c1fffff
5182,880b857853fffff
5183,880b8054b1fffff
5184,880b800b17fffff
5185,880b803257fffff
5186,880b80b9adfffff
5187,880b804045fffff
5188,880b80b563fffff
5189,880b80a35bfffff
5190,880b803969fffff
5191,880b856997fffff
5192,880b80adbdfffff
5193,880b81d14dfffff
5194,880b800cd1fffff
5195,880b80a527fffff
5196,880b80bb5dfffff
5197,880b81c2c5fffff
5198,880b8000cdfffff
5199,880b856a1bfffff
5200,880b80b8dbfffff
5201,880b80ab09fffff
5202,880b801543fffff
5203,880b803829fffff
5204,880b800ac1fffff
5205,880b807131fffff
5206,880b800889fffff
5207,880b80a93bfffff
5208,880b8002abfffff
5209,880b80a643fffff
5210,880b8054b9fffff
5211,880b856909fffff
5212,880b800de9fffff
5213,880b803231fffff
5214,880b85696bfffff
5215,880b8014cbfffff
5216,880b8084e7fffff
5217,880b80a053fffff
5218,880b857827fffff
5219,880b80b297fffff
5220,880b80142dfffff
5221,880b80b81dfffff
5222,880b8002d9fffff
5223,880b80b323fffff
5224,880b80a307fffff
5225,880b80076bfffff
5226,880b803151fffff
5227,880b803733fffff
5228,880b80a52bfffff
5229,880b80a219fffff
5230,880b856867fffff
5231,880b8045c5fffff
5232,880b8009a3fffff
5233,880b801693fffff
5234,880b856841fffff
5235,880b80b83dfffff
5236,880b800b67fffff
5237,880b801723fffff
5238,880b8006a3fffff
5239,880b80a94bfffff
5240,880b80b865fffff
5241,880b80a36dfffff
5242,880b80b8a7fffff
5243,880b804e69fffff
5244,880b854da1fffff
5245,880b80b111fffff
5246,880b80051dfffff
5247,880b800995fffff
5248,880b80b413fffff
5249,880b800255fffff
5250,880b804599fffff
5251,880b81d163fffff
5252,880b81d181fffff
5253,880b80b1d9fffff
5254,880b800cc1fffff
5255,880b800f2bfffff
5256,880b800619fffff
5257,880b807a41fffff
5258,880b80ab61fffff
5259,880b800481fffff
5260,880b81c22bfffff
5261,880b80ae2dfffff
5262,880b80b49dfffff
5263,880b80ae4bfffff
5264,880b807aebfffff
5265,880b807689fffff
5266,880b80700dfffff
5267,880b80b31dfffff
5268,880b800eb9fffff
5269,880b8009e1fffff
5270,880b80a8b3fffff
5271,880b857907fffff
5272,880b80451bfffff
5273,880b803287fffff
5274,880b804ed5fffff
5275,880b81d201fffff
5276,880b854cb3fffff
5277,880b8001c9fffff
5278,880b80b21dfffff
5279,880b8001b5fffff
5280,880b80b99dfffff
5281,880b80aa35fffff
5282,880b80a01dfffff
5283,880b80019bfffff
5284,880b8045b7fffff
5285,880b80313bfffff
5286,880b81d367fffff
5287,880b8578b7fffff
5288,880b80050bfffff
5289,880b8040c1fffff
5290,880b80ad41fffff
5291,880b80463bfffff
5292,880b80b65bfffff
5293,880b80a1a5fffff
5294,880b800f4bfffff
5295,880b857b65fffff
5296,880b808425fffff
5297,880b8040cbfffff
5298,880b80ac63fffff
5299,880b80a0b9fffff
5300,880b80b187fffff
5301,880b80150bfffff
5302,880b800d9bfffff
5303,880b80b237fffff
5304,880b80aa99fffff
5305,880b8569a5fffff
5306,880b808421fffff
5307,880b804293fffff
5308,880b80b423fffff
5309,880b8042e9fffff
5310,880b800453fffff
5311,880b80071dfffff
5312,880b80723dfffff
5313,880b8032e1fffff
5314,880b800a15fffff
5315,880b80ac95fffff
5316,880b80008dfffff
5317,880b801513fffff
5318,880b804721fffff
5319,880b854ca9fffff
5320,880b80acc9fffff
5321,880b8046adfffff
5322,880b857aa1fffff
5323,880b80b899fffff
5324,880b800d69fffff
5325,880b80b25dfffff
5326,880b8009e9fffff
5327,880b854ebbfffff
5328,880b8031ddfffff
5329,880b800a89fffff
5330,880b80b461fffff
5331,880b8042e5fffff
5332,880b80a695fffff
5333,880b807a6bfffff
5334,880b80a649fffff
5335,880b80ab4dfffff
5336,880b80a221fffff
5337,880b801405fffff
5338,880b80b02bfffff
5339,880b80b459fffff
5340,880b80a297fffff
5341,880b80b48bfffff
5342,880b81d007fffff
5343,880b803aedfffff
5344,880b857b5dfffff
5345,880b80549bfffff
5346,880b81db2dfffff
5347,880b80ab37fffff
5348,880b804445fffff
5349,880b800ccbfffff
5350,880b80b1abfffff
5351,880b80ac41fffff
5352,880b81d137fffff
5353,880b80b1d7fffff
5354,880b8071e3fffff
5355,880b8000c5fffff
5356,880b8070e1fffff
5357,880b8044bbfffff
5358,880b854eb1fffff
5359,880b80a145fffff
5360,880b81d115fffff
5361,880b800da5fffff
5362,880b80b769fffff
5363,880b803723fffff
5364,880b80a755fffff
5365,880b80b429fffff
5366,880b80b485fffff
5367,880b8085adfffff
5368,880b8015a7fffff
5369,880b854cd3fffff
5370,880b80b59dfffff
5371,880b856a47fffff
5372,880b804653fffff
5373,880b80168dfffff
5374,880b800289fffff
5375,880b800ea3fffff
5376,880b80a63bfffff
5377,880b80baa7fffff
5378,880b8579b3fffff
5379,880b80b303fffff
5380,880b80add3fffff
5381,880b803255fffff
5382,880b8579b1fffff
5383,880b807229fffff
5384,880b80a9b9fffff
5385,880b801681fffff
5386,880b856845fffff
5387,880b80aa81fffff
5388,880b854db3fffff
5389,880b80b759fffff
5390,880b800ca3fffff
5391,880b80b6c5fffff
5392,880b80a5b9fffff
5393,880b80423dfffff
5394,880b80a061fffff
5395,880b80ab67fffff
5396,880b8006d9fffff
5397,880b80b56bfffff
5398,880b8002e9fffff
5399,880b807353fffff
5400,880b8030c7fffff
5401,880b8038cdfffff
5402,880b80b89dfffff
5403,880b80a43bfffff
5404,880b80a0dbfffff
5405,880b80458dfffff
5406,880b80b067fffff
5407,880b80b601fffff
5408,880b80af11fffff
5409,880b80a541fffff
5410,880b80a5cdfffff
5411,880b804e0bfffff
5412,880b80a961fffff
5413,880b8055bdfffff
5414,880b804e49fffff
5415,880b80ab4bfffff
5416,880b803181fffff
5417,880b800617fffff
5418,880b857961fffff
5419,880b80aea7fffff
5420,880b808e99fffff
5421,880b80148dfffff
5422,880b803261fffff
5423,880b8046ddfffff
5424,880b807081fffff
5425,880b80004bfffff
5426,880b80a201fffff
5427,880b8070c3fffff
5428,880b80a5d9fffff
5429,880b8010b7fffff
5430,880b800659fffff
5431,880b857b67fffff
5432,880b8014abfffff
5433,880b804459fffff
5434,880b804759fffff
5435,880b803a89fffff
5436,880b800457fffff
5437,880b800d25fffff
5438,880b80b191fffff
5439,880b803ad1fffff
5440,880b800d9dfffff
5441,880b81db4bfffff
5442,880b8578cdfffff
5443,880b8071c9fffff
5444,880b80b04dfffff
5445,880b80b219fffff
5446,880b803645fffff
5447,880b800661fffff
5448,880b85798dfffff
5449,880b81d2bdfffff
5450,880b803037fffff
5451,880b808499fffff
5452,880b805537fffff
5453,880b80b409fffff
5454,880b80a0a3fffff
5455,880b80af63fffff
5456,880b81da39fffff
5457,880b801413fffff
5458,880b807827fffff
5459,880b80a997fffff
5460,880b8085c7fffff
5461,880b801507fffff
5462,880b8042d9fffff
5463,880b81d15bfffff
5464,880b81db11fffff
5465,880b800f35fffff
5466,880b81d1a3fffff
5467,880b80ae8bfffff
5468,880b80a983fffff
5469,880b803b2dfffff
5470,880b80b4ddfffff
5471,880b80b1edfffff
5472,880b803097fffff
5473,880b857b23fffff
5474,880b8006cbfffff
5475,880b80b2a3fffff
5476,880b803063fffff
5477,880b800d03fffff
5478,880b80b05bfffff
5479,880b854db9fffff
5480,880b80ae0bfffff
5481,880b80a6dbfffff
5482,880b807a5bfffff
5483,880b8078ebfffff
5484,880b856b01fffff
5485,880b801531fffff
5486,880b80a327fffff
5487,880b81c269fffff
5488,880b80b6d5fffff
5489,880b854cb9fffff
5490,880b803087fffff
5491,880b803803fffff
5492,880b8001b3fffff
5493,880b8010a1fffff
5494,880b856aedfffff
5495,880b81d1d9fffff
5496,880b8084c3fffff
5497,880b800eddfffff
5498,880b80ad0dfffff
5499,880b8070c7fffff
5500,880b80bb45fffff
5501,880b80a82dfffff
5502,880b854c87fffff
5503,880b80a323fffff
5504,880b807729fffff
5505,880b800831fffff
5506,880b854cd5fffff
5507,880b8072a3fffff
5508,880b800a61fffff
5509,880b800911fffff
5510,880b80552dfffff
5511,880b8008e3fffff
5512,880b8055d7fffff
5513,880b8578edfffff
5514,880b856a3dfffff
5515,880b856a49fffff
5516,880b80a2e1fffff
5517,880b856a27fffff
5518,880b81c26dfffff
5519,880b80adc3fffff
5520,880b8008b1fffff
5521,880b8032c7fffff
5522,880b80714bfffff
5523,880b81c35dfffff
5524,880b80b36dfffff
5525,880b80045dfffff
5526,880b800c31fffff
5527,880b800e19fffff
5528,880b800a09fffff
5529,880b800411fffff
5530,880b802311fffff
5531,880b80af17fffff
5532,880b80bad3fffff
5533,880b856a2dfffff
5534,880b80a28bfffff
5535,880b800923fffff
5536,880b80094dfffff
5537,880b80b95bfffff
5538,880b804541fffff
5539,880b80b043fffff
5540,880b800953fffff
5541,880b81d023fffff
5542,880b81d16dfffff
5543,880b801581fffff
5544,880b803307fffff
5545,880b8549b7fffff
5546,880b80a411fffff
5547,880b80146bfffff
5548,880b80b30bfffff
5549,880b80ad61fffff
5550,880b807a67fffff
5551,880b80712dfffff
5552,880b803a39fffff
5553,880b808563fffff
5554,880b80a2d3fffff
5555,880b800c91fffff
5556,880b8579abfffff
5557,880b8046b5fffff
5558,880b800623fffff
5559,880b8085d7fffff
5560,880b80b4b9fffff
5561,880b80a169fffff
5562,880b80a0d5fffff
5563,880b80ace9fffff
5564,880b800cd7fffff
5565,880b807045fffff
5566,880b80b2edfffff
5567,880b80addbfffff
5568,880b800e49fffff
5569,880b80305dfffff
5570,880b800e6dfffff
5571,880b81d0e3fffff
5572,880b805561fffff
5573,880b80ba65fffff
5574,880b80b283fffff
5575,880b807335fffff
5576,880b80a625fffff
5577,880b800205fffff
5578,880b80382bfffff
5579,880b8004d5fffff
5580,880b800f1dfffff
5581,880b80a43dfffff
5582,880b80b725fffff
5583,880b857885fffff
5584,880b8071c5fffff
5585,880b804489fffff
5586,880b80b2cbfffff
5587,880b803a8dfffff
5588,880b800dc5fffff
5589,880b81d313fffff
5590,880b804059fffff
5591,880b800e45fffff
5592,880b802367fffff
5593,880b80af07fffff
5594,880b803721fffff
5595,880b807087fffff
5596,880b800d17fffff
5597,880b807303fffff
5598,880b854ca3fffff
5599,880b81db15fffff
5600,880b80bb49fffff
5601,880b80a56bfffff
5602,880b80b6c3fffff
5603,880b80a013fffff
5604,880b807839fffff
5605,880b81d195fffff
5606,880b8071bbfffff
5607,880b80ad85fffff
5608,880b80b2c9fffff
5609,880b80af5bfffff
5610,880b807aa9fffff
5611,880b800829fffff
5612,880b800f6bfffff
5613,880b80aa11fffff
5614,880b8010a9fffff
5615,880b8000d5fffff
5616,880b80a409fffff
5617,880b806349fffff
5618,880b8030c9fffff
5619,880b800e69fffff
5620,880b804747fffff
5621,880b800401fffff
5622,880b80a73dfffff
5623,880b8000b1fffff
5624,880b80393dfffff
5625,880b80ab31fffff
5626,880b8045d9fffff
5627,880b8040c3fffff
5628,880b80b015fffff
5629,880b808583fffff
5630,880b80b5c3fffff
5631,880b80a75bfffff
5632,880b80ae49fffff
5633,880b80b91dfffff
5634,880b807141fffff
5635,880b803849fffff
5636,880b80a861fffff
5637,880b80a31bfffff
5638,880b807803fffff
5639,880b800c8dfffff
5640,880b80316dfffff
5641,880b80ad91fffff
5642,880b800a03fffff
5643,880b80a1a7fffff
5644,880b807b4bfffff
5645,880b80ae1bfffff
5646,880b80b0abfffff
5647,880b80156dfffff
5648,880b80b467fffff
5649,880b80149dfffff
5650,880b803ab7fffff
5651,880b80b247fffff
5652,880b80b665fffff
5653,880b80b263fffff
5654,880b80a653fffff
5655,880b800193fffff
5656,880b803029fffff
5657,880b80aac1fffff
5658,880b8014d5fffff
5659,880b856b25fffff
5660,880b801411fffff
5661,880b807ae1fffff
5662,880b804469fffff
5663,880b803139fffff
5664,880b80b849fffff
5665,880b8046ebfffff
5666,880b80a267fffff
5667,880b80ba63fffff
5668,880b800e29fffff
5669,880b800937fffff
5670,880b80b825fffff
5671,880b8569d5fffff
5672,880b8001d3fffff
5673,880b80b233fffff
5674,880b8578c5fffff
5675,880b81d11dfffff
5676,880b80aa09fffff
5677,880b80af33fffff
5678,880b80732dfffff
5679,880b80b1c3fffff
5680,880b803159fffff
5681,880b80b9a3fffff
5682,880b80b101fffff
5683,880b804e67fffff
5684,880b8568a7fffff
5685,880b801713fffff
5686,880b80233dfffff
5687,880b854d35fffff
5688,880b857b6bfffff
5689,880b800db3fffff
5690,880b8000e3fffff
5691,880b80a857fffff
5692,880b80a4e1fffff
5693,880b8568a3fffff
5694,880b856a59fffff
5695,880b803b55fffff
5696,880b8040b9fffff
5697,880b800f01fffff
5698,880b80a5adfffff
5699,880b804509fffff
5700,880b800ec7fffff
5701,880b80b0d9fffff
5702,880b856ae1fffff
5703,880b800243fffff
5704,880b81d121fffff
5705,880b80048dfffff
5706,880b80b095fffff
5707,880b80b505fffff
5708,880b800a01fffff
5709,880b80ac91fffff
5710,880b8569e7fffff
5711,880b80b6a7fffff
5712,880b80a927fffff
5713,880b803ae1fffff
5714,880b81d049fffff
5715,880b80ac8bfffff
5716,880b800a6bfffff
5717,880b80aa8dfffff
5718,880b807211fffff
5719,880b8009b9fffff
5720,880b8054e5fffff
5721,880b800acbfffff
5722,880b80001bfffff
5723,880b80a843fffff
5724,880b800f55fffff
5725,880b80bb31fffff
5726,880b81d105fffff
5727,880b804e47fffff
5728,880b80a9bbfffff
5729,880b80a823fffff
5730,880b807a01fffff
5731,880b857897fffff
5732,880b800947fffff
5733,880b80ad35fffff
5734,880b8578c9fffff
5735,880b807a11fffff
5736,880b80b653fffff
5737,880b8010b1fffff
5738,880b81d961fffff
5739,880b80b9cdfffff
5740,880b81d05bfffff
5741,880b856a0bfffff
5742,880b81c265fffff
5743,880b856b4dfffff
5744,880b80aa57fffff
5745,880b805489fffff
5746,880b803025fffff
5747,880b80b103fffff
5748,880b80a6e9fffff
5749,880b800eebfffff
5750,880b80a9c9fffff
5751,880b807307fffff
5752,880b80a205fffff
5753,880b80716bfffff
5754,880b802319fffff
5755,880b804491fffff
5756,880b80a067fffff
5757,880b8031cdfffff
5758,880b800837fffff
5759,880b8002b7fffff
5760,880b856b15fffff
5761,880b8015b1fffff
5762,880b80765bfffff
5763,880b80850dfffff
5764,880b803035fffff
5765,880b8009d9fffff
5766,880b80bb33fffff
5767,880b807763fffff
5768,880b8000adfffff
5769,880b856995fffff
5770,880b8040cdfffff
5771,880b800021fffff
5772,880b80a021fffff
5773,880b8055d3fffff
5774,880b80a5d7fffff
5775,880b80a84bfffff
5776,880b80a4a1fffff
5777,880b803abdfffff
5778,880b80469dfffff
5779,880b800939fffff
5780,880b80108dfffff
5781,880b80aeb5fffff
5782,880b807013fffff
5783,880b801503fffff
5784,880b80a603fffff
5785,880b8014a7fffff
5786,880b804eadfffff
5787,880b80aeadfffff
5788,880b80a805fffff
5789,880b80334dfffff
5790,880b8045d3fffff
5791,880b80725bfffff
5792,880b800a85fffff
5793,880b803099fffff
5794,880b80a943fffff
5795,880b804009fffff
5796,880b81d205fffff
5797,880b8000b3fffff
5798,880b807a09fffff
5799,880b804553fffff
5800,880b80a553fffff
5801,880b8578a1fffff
5802,880b8076c3fffff
5803,880b803089fffff
5804,880b80ae89fffff
5805,880b800c87fffff
5806,880b80b683fffff
5807,880b800f59fffff
5808,880b81d259fffff
5809,880b81d353fffff
5810,880b81d24bfffff
5811,880b801687fffff
5812,880b80382dfffff
5813,880b854d87fffff
5814,880b8002bbfffff
5815,880b800031fffff
5816,880b80a29bfffff
5817,880b807247fffff
5818,880b80a55bfffff
5819,880b80093dfffff
5820,880b803647fffff
5821,880b800033fffff
5822,880b80b1d3fffff
5823,880b800b1dfffff
5824,880b80aa19fffff
5825,880b81d315fffff
5826,880b805491fffff
5827,880b800c35fffff
5828,880b802315fffff
5829,880b801735fffff
5830,880b803607fffff
5831,880b804283fffff
5832,880b80b5dbfffff
5833,880b8032a7fffff
5834,880b806343fffff
5835,880b800409fffff
5836,880b85693dfffff
5837,880b80aec1fffff
5838,880b8004a3fffff
5839,880b801509fffff
5840,880b80b2ebfffff
5841,880b8032e3fffff
5842,880b80b545fffff
5843,880b800ab7fffff
5844,880b8006cdfffff
5845,880b808491fffff
5846,880b80a42bfffff
5847,880b807283fffff
5848,880b80ad0bfffff
5849,880b800c57fffff
5850,880b80ab53fffff
5851,880b800737fffff
5852,880b8070ddfffff
5853,880b807027fffff
5854,880b80a8d5fffff
5855,880b800b0bfffff
5856,880b803031fffff
5857,880b80b465fffff
5858,880b80b211fffff
5859,880b801447fffff
5860,880b81d219fffff
5861,880b80a933fffff
5862,880b81da33fffff
5863,880b81d127fffff
5864,880b80b72bfffff
5865,880b80462bfffff
5866,880b80055bfffff
5867,880b80b843fffff
5868,880b81c31dfffff
5869,880b803155fffff
5870,880b803123fffff
5871,880b8084b5fffff
5872,880b80a257fffff
5873,880b81d36dfffff
5874,880b81da43fffff
5875,880b80b119fffff
5876,880b807137fffff
5877,880b80b599fffff
5878,880b800e85fffff
5879,880b80b1ddfffff
5880,880b856a53fffff
5881,880b800ea9fffff
5882,880b807313fffff
5883,880b8006adfffff
5884,880b80048bfffff
5885,880b80a549fffff
5886,880b80a155fffff
5887,880b8076c1fffff
5888,880b807a55fffff
5889,880b800b61fffff
5890,880b8072c3fffff
5891,880b807addfffff
5892,880b804713fffff
5893,880b800509fffff
5894,880b81db5dfffff
5895,880b80a00dfffff
5896,880b80a19bfffff
5897,880b800b3bfffff
5898,880b8005c5fffff
5899,880b801415fffff
5900,880b803319fffff
5901,880b81d04bfffff
5902,880b808599fffff
5903,880b804e5bfffff
5904,880b807759fffff
5905,880b8004dbfffff
5906,880b80a33bfffff
5907,880b80a26bfffff
5908,880b80a929fffff
5909,880b8568e7fffff
5910,880b800513fffff
5911,880b800431fffff
5912,880b80b287fffff
5913,880b80a8cbfffff
5914,880b80b295fffff
5915,880b80ad6dfffff
5916,880b800537fffff
5917,880b800089fffff
5918,880b80395dfffff
5919,880b80061bfffff
5920,880b857b17fffff
5921,880b803937fffff
5922,880b80a691fffff
5923,880b80b8e1fffff
5924,880b80ae27fffff
5925,880b8039cdfffff
5926,880b804649fffff
5927,880b80b9c3fffff
5928,880b8031e1fffff
5929,880b80719bfffff
5930,880b8001a7fffff
5931,880b804281fffff
5932,880b801725fffff
5933,880b800e11fffff
5934,880b800ec5fffff
5935,880b857b41fffff
5936,880b80391dfffff
5937,880b80b4a1fffff
5938,880b80b4adfffff
5939,880b8040ebfffff
5940,880b80b22bfffff
5941,880b80aaedfffff
5942,880b80b1adfffff
5943,880b800223fffff
5944,880b81d149fffff
5945,880b80a0e3fffff
5946,880b801423fffff
5947,880b80ad59fffff
5948,880b800d2dfffff
5949,880b8000c3fffff
5950,880b800051fffff
5951,880b8071c1fffff
5952,880b80728dfffff
5953,880b857b45fffff
5954,880b80a5bbfffff
5955,880b8006b9fffff
5956,880b8578adfffff
5957,880b8579e7fffff
5958,880b800d41fffff
5959,880b80089bfffff
5960,880b8076c7fffff
5961,880b800e09fffff
5962,880b80b8b7fffff
5963,880b804e9bfffff
5964,880b80b1c5fffff
5965,880b80b00bfffff
5966,880b81c353fffff
5967,880b80bac5fffff
5968,880b8070cbfffff
5969,880b80a2bbfffff
5970,880b81da6dfffff
5971,880b8001c1fffff
5972,880b8072c1fffff
5973,880b804705fffff
5974,880b81d199fffff
5975,880b807237fffff
5976,880b803627fffff
5977,880b800a3bfffff
5978,880b80acadfffff
5979,880b80384dfffff
5980,880b8046abfffff
5981,880b80ab29fffff
5982,880b80026bfffff
5983,880b8054c1fffff
5984,880b8030d3fffff
5985,880b80b23bfffff
5986,880b80a2cdfffff
5987,880b8085d5fffff
5988,880b803b65fffff
5989,880b80a11bfffff
5990,880b80bacdfffff
5991,880b80142bfffff
5992,880b80b8a1fffff
5993,880b80b239fffff
5994,880b8072e3fffff
5995,880b80ad11fffff
5996,880b80ad21fffff
5997,880b805487fffff
5998,880b805529fffff
5999,880b81c2e9fffff
6000,880b856a41fffff
6001,880b8016a1fffff
6002,880b80bae7fffff
6003,880b80a683fffff
6004,880b856969fffff
6005,880b856b33fffff
6006,880b856817fffff
6007,880b80a487fffff
6008,880b857b57fffff
6009,880b8071adfffff
6010,880b8579d7fffff
6011,880b854d33fffff
6012,880b80aa27fffff
6013,880b804643fffff
6014,880b81d103fffff
6015,880b804549fffff
6016,880b800e59fffff
6017,880b8045e1fffff
6018,880b804227fffff
6019,880b80b1e7fffff
6020,880b800965fffff
6021,880b80acb9fffff
6022,880b81d343fffff
6023,880b80aa15fffff
6024,880b80a069fffff
6025,880b80a003fffff
6026,880b80a0b1fffff
6027,880b81d969fffff
6028,880b80b6e1fffff
6029,880b8009abfffff
6030,880b81d2e1fffff
6031,880b80b469fffff
6032,880b8004a5fffff
6033,880b80ad27fffff
6034,880b8568cdfffff
6035,880b803a05fffff
6036,880b804e4dfffff
6037,880b800f43fffff
6038,880b803941fffff
6039,880b80a707fffff
6040,880b80a5b1fffff
6041,880b80443dfffff
6042,880b804557fffff
6043,880b81c319fffff
6044,880b81d16bfffff
6045,880b8018a7fffff
6046,880b856a67fffff
6047,880b804709fffff
6048,880b80053bfffff
6049,880b85499bfffff
6050,880b800667fffff
6051,880b80b289fffff
6052,880b8579d5fffff
6053,880b804439fffff
6054,880b801419fffff
6055,880b80b031fffff
6056,880b800d6dfffff
6057,880b804ed9fffff
6058,880b80b11dfffff
6059,880b81d117fffff
6060,880b856967fffff
6061,880b80aeb3fffff
6062,880b8579cbfffff
6063,880b800b01fffff
6064,880b856167fffff
6065,880b803a2dfffff
6066,880b80a6b5fffff
6067,880b80390bfffff
6068,880b80b987fffff
6069,880b800d11fffff
6070,880b81d309fffff
6071,880b80a751fffff
6072,880b80a1b7fffff
6073,880b80704dfffff
6074,880b8578d5fffff
6075,880b80851bfffff
6076,880b856925fffff
6077,880b800219fffff
6078,880b80a36bfffff
6079,880b8040e7fffff
6080,880b808501fffff
6081,880b856831fffff
6082,880b857845fffff
6083,880b800f49fffff
6084,880b81db3dfffff
6085,880b8045d7fffff
6086,880b81d10dfffff
6087,880b80a489fffff
6088,880b80a0ebfffff
6089,880b80b5cdfffff
6090,880b81c239fffff
6091,880b80b867fffff
6092,880b81d031fffff
6093,880b80a911fffff
6094,880b80a8a7fffff
6095,880b8000d9fffff
6096,880b8005b5fffff
6097,880b801465fffff
6098,880b800049fffff
6099,880b81c211fffff
6100,880b80b059fffff
6101,880b803299fffff
6102,880b804e2bfffff
6103,880b81c21dfffff
6104,880b80ad63fffff
6105,880b80ac87fffff
6106,880b80775bfffff
6107,880b80a897fffff
6108,880b80301bfffff
6109,880b807069fffff
6110,880b81db45fffff
6111,880b80b445fffff
6112,880b803249fffff
6113,880b856aa7fffff
6114,880b807029fffff
6115,880b80b887fffff
6116,880b80b627fffff
6117,880b80b9ddfffff
6118,880b81d1c3fffff
6119,880b80a325fffff
6120,880b800c19fffff
6121,880b800a49fffff
6122,880b807a07fffff
6123,880b804219fffff
6124,880b800b33fffff
6125,880b80b841fffff
6126,880b807b45fffff
6127,880b8006c9fffff
6128,880b800057fffff
6129,880b80b757fffff
6130,880b80a1e9fffff
6131,880b804727fffff
6132,880b80bb41fffff
6133,880b80acd9fffff
6134,880b803845fffff
6135,880b80a125fffff
6136,880b807299fffff
6137,880b8085d1fffff
6138,880b80a569fffff
6139,880b808413fffff
6140,880b80a9bdfffff
6141,880b80a6e3fffff
6142,880b8040d7fffff
6143,880b803203fffff
6144,880b80425dfffff
6145,880b8568b5fffff
6146,880b80731bfffff
6147,880b80af59fffff
6148,880b80a48bfffff
6149,880b803919fffff
6150,880b80a1a9fffff
6151,880b80a015fffff
6152,880b80a129fffff
6153,880b80386bfffff
6154,880b804537fffff
6155,880b80568dfffff
6156,880b807223fffff
6157,880b80736dfffff
6158,880b800d29fffff
6159,880b80b9b7fffff
6160,880b800759fffff
6161,880b800ee1fffff
6162,880b800549fffff
6163,880b80aa3bfffff
6164,880b8002b1fffff
6165,880b80bb23fffff
6166,880b8050b7fffff
6167,880b800903fffff
6168,880b8076c5fffff
6169,880b80a743fffff
6170,880b80b8b1fffff
6171,880b8042bdfffff
6172,880b81db1dfffff
6173,880b800517fffff
6174,880b800eabfffff
6175,880b803b1bfffff
6176,880b8004e7fffff
6177,880b8569ddfffff
6178,880b804719fffff
6179,880b80a9c3fffff
6180,880b856849fffff
6181,880b80b193fffff
6182,880b80a2d9fffff
6183,880b807acdfffff
6184,880b80421bfffff
6185,880b80a2c3fffff
6186,880b80058bfffff
6187,880b8078d1fffff
6188,880b81d139fffff
6189,880b80466dfffff
6190,880b8072b5fffff
6191,880b80726bfffff
6192,880b8579d3fffff
6193,880b80b19dfffff
6194,880b81d32bfffff
6195,880b8004d7fffff
6196,880b81d0a5fffff
6197,880b80073bfffff
6198,880b80141bfffff
6199,880b80ad37fffff
6200,880b80a4bbfffff
6201,880b80715dfffff
6202,880b80a1bdfffff
6203,880b800ec1fffff
6204,880b80b4e1fffff
6205,880b80a5cbfffff
6206,880b807243fffff
6207,880b80a1e7fffff
6208,880b800a65fffff
6209,880b80b4cdfffff
6210,880b8085e1fffff
6211,880b8042b1fffff
6212,880b807287fffff
6213,880b80a047fffff
6214,880b80a615fffff
6215,880b800f5dfffff
6216,880b8010e3fffff
6217,880b80ba87fffff
6218,880b8005a5fffff
6219,880b8070ebfffff
6220,880b8005e1fffff
6221,880b80bab5fffff
6222,880b80aed3fffff
6223,880b856869fffff
6224,880b807669fffff
6225,880b8008c3fffff
6226,880b80a841fffff
6227,880b80baddfffff
6228,880b80ac05fffff
6229,880b80ae85fffff
6230,880b80a56dfffff
6231,880b857aa7fffff
6232,880b80a723fffff
6233,880b8054a7fffff
6234,880b80848dfffff
6235,880b8008c7fffff
6236,880b80a043fffff
6237,880b8030ebfffff
6238,880b803291fffff
6239,880b802261fffff
6240,880b80b41dfffff
6241,880b804197fffff
6242,880b80b04bfffff
6243,880b80a159fffff
6244,880b8568b7fffff
6245,880b80318bfffff
6246,880b8084e5fffff
6247,880b80a72bfffff
6248,880b81c341fffff
6249,880b803115fffff
6250,880b80a9cdfffff
6251,880b8548a7fffff
6252,880b80152dfffff
6253,880b804e15fffff
6254,880b80aca9fffff
6255,880b800741fffff
6256,880b80b0c3fffff
6257,880b854995fffff
6258,880b8008a5fffff
6259,880b805583fffff
6260,880b800ab5fffff
6261,880b80b959fffff
6262,880b8008a7fffff
6263,880b803149fffff
6264,880b8016e1fffff
6265,880b804617fffff
6266,880b80b359fffff
6267,880b804655fffff
6268,880b807657fffff
6269,880b801467fffff
6270,880b803865fffff
6271,880b804e85fffff
6272,880b800e07fffff
6273,880b803a31fffff
6274,880b81d161fffff
6275,880b857b11fffff
6276,880b8006bbfffff
6277,880b8001d7fffff
6278,880b857925fffff
6279,880b800e0dfffff
6280,880b800921fffff
6281,880b800417fffff
6282,880b81d363fffff
6283,880b80b195fffff
6284,880b803949fffff
6285,880b8056b5fffff
6286,880b81d1c5fffff
6287,880b80ae53fffff
6288,880b80ad99fffff
6289,880b808567fffff
6290,880b800d6bfffff
6291,880b80373bfffff
6292,880b80acebfffff
6293,880b8001ebfffff
6294,880b85698dfffff
6295,880b857b0dfffff
6296,880b80070dfffff
6297,880b80aae1fffff
6298,880b80a6edfffff
6299,880b8001d1fffff
6300,880b8015e3fffff
6301,880b80372dfffff
6302,880b8084e3fffff
6303,880b80ae5dfffff
6304,880b80305bfffff
6305,880b800ccdfffff
6306,880b80a05bfffff
6307,880b80a25dfffff
6308,880b800695fffff
6309,880b80ae93fffff
6310,880b857887fffff
6311,880b80b213fffff
6312,880b8070cdfffff
6313,880b80b427fffff
6314,880b804e09fffff
6315,880b81d281fffff
6316,880b854c99fffff
6317,880b81d26dfffff
6318,880b803b13fffff
6319,880b80b9a5fffff
6320,880b80b86bfffff
6321,880b854de5fffff
6322,880b800d21fffff
6323,880b81db3bfffff
6324,880b856a39fffff
6325,880b80ba2bfffff
6326,880b8054e9fffff
6327,880b8014b7fffff
6328,880b8578e9fffff
6329,880b856a21fffff
6330,880b80470dfffff
6331,880b80a4abfffff
6332,880b8078e1fffff
6333,880b80ad8bfffff
6334,880b80095dfffff
6335,880b800683fffff
6336,880b80459dfffff
6337,880b80b321fffff
6338,880b80a969fffff
6339,880b80a4adfffff
6340,880b80b16dfffff
6341,880b8005e9fffff
6342,880b803227fffff
6343,880b801195fffff
6344,880b8016bdfffff
6345,880b80ac6dfffff
6346,880b8072bdfffff
6347,880b8042e3fffff
6348,880b80aed7fffff
6349,880b8070d7fffff
6350,880b80a547fffff
6351,880b804565fffff
6352,880b800557fffff
6353,880b80aa21fffff
6354,880b81d037fffff
6355,880b8042c7fffff
6356,880b80ad6bfffff
6357,880b81d069fffff
6358,880b81d349fffff
6359,880b80acb7fffff
6360,880b8071e9fffff
6361,880b81dad1fffff
6362,880b8055ebfffff
6363,880b81db65fffff
6364,880b80052dfffff
6365,880b8046edfffff
6366,880b857837fffff
6367,880b803703fffff
6368,880b8054b7fffff
6369,880b80a1a3fffff
6370,880b8085e9fffff
6371,880b801431fffff
6372,880b80a117fffff
6373,880b856aa1fffff
6374,880b8000cbfffff
6375,880b800405fffff
6376,880b803127fffff
6377,880b80a4c9fffff
6378,880b857ab1fffff
6379,880b803005fffff
6380,880b80b08bfffff
6381,880b803903fffff
6382,880b807847fffff
6383,880b803615fffff
6384,880b800733fffff
6385,880b854e97fffff
6386,880b81d357fffff
6387,880b857903fffff
6388,880b80a8bbfffff
6389,880b80b2c1fffff
6390,880b8014c3fffff
6391,880b857983fffff
6392,880b807159fffff
6393,880b8005c9fffff
6394,880b856b13fffff
6395,880b80a693fffff
6396,880b800e55fffff
6397,880b807aabfffff
6398,880b800b23fffff
6399,880b81d303fffff
6400,880b80b815fffff
6401,880b808481fffff
6402,880b801993fffff
6403,880b81d1adfffff
6404,880b80b30dfffff
6405,880b80a0c7fffff
6406,880b800f2dfffff
6407,880b856937fffff
6408,880b80428bfffff
6409,880b8004cbfffff
6410,880b804203fffff
6411,880b81db59fffff
6412,880b80089dfffff
6413,880b80af67fffff
6414,880b80a499fffff
6415,880b8578b3fffff
6416,880b803b69fffff
6417,880b8078d7fffff
6418,880b8032abfffff
6419,880b80140dfffff
6420,880b854d91fffff
6421,880b80009bfffff
6422,880b80a14dfffff
6423,880b803b39fffff
6424,880b80a09dfffff
6425,880b800d8dfffff
6426,880b80a54bfffff
6427,880b803a11fffff
6428,880b8040a3fffff
6429,880b807a27fffff
6430,880b803b03fffff
6431,880b802329fffff
6432,880b803b43fffff
6433,880b803655fffff
6434,880b800129fffff
6435,880b81d1c9fffff
6436,880b80a269fffff
6437,880b80a493fffff
6438,880b80a939fffff
6439,880b803327fffff
6440,880b804539fffff
6441,880b803a9bfffff
6442,880b803341fffff
6443,880b800c47fffff
6444,880b803819fffff
6445,880b80019dfffff
6446,880b800207fffff
6447,880b803aebfffff
6448,880b80456dfffff
6449,880b80ae21fffff
6450,880b804455fffff
6451,880b856901fffff
6452,880b80a099fffff
6453,880b803017fffff
6454,880b80a6b3fffff
6455,880b803007fffff
6456,880b81c34bfffff
6457,880b800881fffff
6458,880b80b649fffff
6459,880b8004d3fffff
6460,880b80b70dfffff
6461,880b857b2dfffff
6462,880b800f0bfffff
6463,880b8009c5fffff
6464,880b8032edfffff
6465,880b80aed5fffff
6466,880b80ac03fffff
6467,880b80b657fffff
6468,880b80a587fffff
6469,880b80a745fffff
6470,880b80b751fffff
6471,880b807ad7fffff
6472,880b80a6b7fffff
6473,880b80324dfffff
6474,880b800191fffff
6475,880b800dd9fffff
6476,880b80a4c7fffff
6477,880b80a21bfffff
6478,880b804591fffff
6479,880b8004e9fffff
6480,880b80b48dfffff
6481,880b81c359fffff
6482,880b80ab01fffff
6483,880b803359fffff
6484,880b80b9bbfffff
6485,880b854cbbfffff
6486,880b80a5dbfffff
6487,880b80b139fffff
6488,880b80af47fffff
6489,880b81c205fffff
6490,880b80b325fffff
6491,880b81d955fffff
6492,880b80333bfffff
6493,880b800cedfffff
6494,880b81db4dfffff
6495,880b800b47fffff
6496,880b80309bfffff
6497,880b857895fffff
6498,880b800c13fffff
6499,880b801521fffff
6500,880b8044dbfffff
6501,880b81d13bfffff
6502,880b807001fffff
6503,880b8032c9fffff
6504,880b80aa29fffff
6505,880b80b9d5fffff
6506,880b856857fffff
6507,880b800de3fffff
6508,880b80ac59fffff
6509,880b802339fffff
6510,880b8056a1fffff
6511,880b80b155fffff
6512,880b81d129fffff
6513,880b8054ddfffff
6514,880b80b2adfffff
6515,880b80b889fffff
6516,880b80a403fffff
6517,880b81da25fffff
6518,880b80b117fffff
6519,880b857b4dfffff
6520,880b8032d1fffff
6521,880b8072b9fffff
6522,880b8006d7fffff
6523,880b80361bfffff
6524,880b80a705fffff
6525,880b80b85dfffff
6526,880b80ac83fffff
6527,880b80bb37fffff
6528,880b81d347fffff
6529,880b800023fffff
6530,880b8014b3fffff
6531,880b80b203fffff
6532,880b81d22dfffff
6533,880b80af21fffff
6534,880b80b435fffff
6535,880b80b591fffff
6536,880b80a417fffff
6537,880b80af49fffff
6538,880b801421fffff
6539,880b800641fffff
6540,880b80b32bfffff
6541,880b80b63dfffff
6542,880b80b149fffff
6543,880b80b489fffff
6544,880b8085b5fffff
6545,880b80331bfffff
6546,880b807b4dfffff
6547,880b800db5fffff
6548,880b81c35bfffff
6549,880b80a661fffff
6550,880b800419fffff
6551,880b800e39fffff
6552,880b808531fffff
6553,880b8038c5fffff
6554,880b80bb47fffff
6555,880b803355fffff
6556,880b800a53fffff
6557,880b81d34dfffff
6558,880b856813fffff
6559,880b803289fffff
6560,880b80a761fffff
6561,880b80a717fffff
6562,880b8004b5fffff
6563,880b81d03dfffff
6564,880b803a15fffff
6565,880b803121fffff
6566,880b857913fffff
6567,880b807281fffff
6568,880b807751fffff
6569,880b81c221fffff
6570,880b80b153fffff
6571,880b80859bfffff
6572,880b8032bbfffff
6573,880b80452dfffff
6574,880b801481fffff
6575,880b8071a7fffff
6576,880b80b2e3fffff
6577,880b8578e7fffff
6578,880b856d6dfffff
6579,880b80a84dfffff
6580,880b80b021fffff
6581,880b804e63fffff
6582,880b804765fffff
6583,880b807053fffff
6584,880b854c83fffff
6585,880b80b767fffff
6586,880b80ab45fffff
6587,880b80a60dfffff
6588,880b80000dfffff
6589,880b80a74dfffff
6590,880b8070bdfffff
6591,880b800819fffff
6592,880b802347fffff
6593,880b8040c5fffff
6594,880b80b689fffff
6595,880b8070dbfffff
6596,880b80b641fffff
6597,880b801559fffff
6598,880b80b36bfffff
6599,880b80a261fffff
6600,880b80a54dfffff
6601,880b801441fffff
6602,880b80a367fffff
6603,880b80085dfffff
6604,880b80ae6bfffff
6605,880b803aadfffff
6606,880b800d0dfffff
6607,880b800595fffff
6608,880b8579e9fffff
6609,880b80b6b3fffff
6610,880b80448dfffff
6611,880b804e4bfffff
6612,880b800db7fffff
6613,880b857953fffff
6614,880b803113fffff
6615,880b80068dfffff
6616,880b8045ddfffff
6617,880b80b9a1fffff
6618,880b8568adfffff
6619,880b80b411fffff
6620,880b804533fffff
6621,880b8044b3fffff
6622,880b8054cdfffff
6623,880b80325dfffff
6624,880b800919fffff
6625,880b80a765fffff
6626,880b8016a3fffff
6627,880b8009bbfffff
6628,880b80a685fffff
6629,880b80a2a1fffff
6630,880b80322dfffff
6631,880b80accdfffff
6632,880b803147fffff
6633,880b8004b1fffff
6634,880b804559fffff
6635,880b81c343fffff
6636,880b8008edfffff
6637,880b80aa23fffff
6638,880b80a69bfffff
6639,880b8031b9fffff
6640,880b80b0bbfffff
6641,880b81d21bfffff
6642,880b80b5c5fffff
6643,880b800231fffff
6644,880b808513fffff
6645,880b800c51fffff
6646,880b8568a1fffff
6647,880b800451fffff
6648,880b80711bfffff
6649,880b804235fffff
6650,880b800e3bfffff
6651,880b800d83fffff
6652,880b80ba39fffff
6653,880b8031d7fffff
6654,880b8005d7fffff
6655,880b8044e9fffff
6656,880b80ba85fffff
6657,880b854db5fffff
6658,880b81da1bfffff
6659,880b80708dfffff
6660,880b80b4edfffff
6661,880b800b63fffff
6662,880b8046a7fffff
6663,880b80376dfffff
6664,880b803709fffff
6665,880b8046e7fffff
6666,880b8032b1fffff
6667,880b807aa1fffff
6668,880b80af6bfffff
6669,880b800ac7fffff
6670,880b80ad31fffff
6671,880b80b4b1fffff
6672,880b80ba01fffff
6673,880b803009fffff
6674,880b856935fffff
6675,880b80b5ebfffff
6676,880b80b0bdfffff
6677,880b856827fffff
6678,880b800b2dfffff
6679,880b80a899fffff
6680,880b80a759fffff
6681,880b80a401fffff
6682,880b8032b7fffff
6683,880b800cc7fffff
6684,880b80aee9fffff
6685,880b857b61fffff
6686,880b80312bfffff
6687,880b80ae35fffff
6688,880b8084b7fffff
6689,880b854ce3fffff
6690,880b807039fffff
6691,880b80172bfffff
6692,880b80b0a3fffff
6693,880b8055a3fffff
6694,880b8019b7fffff
6695,880b80302dfffff
6696,880b8001b9fffff
6697,880b80ba5dfffff
6698,880b803805fffff
6699,880b8015edfffff
6700,880b80020dfffff
6701,880b803857fffff
6702,880b857821fffff
6703,880b81d22bfffff
6704,880b80b80dfffff
6705,880b8009bdfffff
6706,880b803711fffff
6707,880b80ad67fffff
6708,880b800a43fffff
6709,880b807245fffff
6710,880b81da13fffff
6711,880b80b463fffff
6712,880b80b0b7fffff
6713,880b80aa17fffff
6714,880b80a0bdfffff
6715,880b80760bfffff
6716,880b8005d9fffff
6717,880b854d27fffff
6718,880b8006dbfffff
6719,880b803083fffff
6720,880b857b35fffff
6721,880b80a641fffff
6722,880b800ebbfffff
6723,880b80a2adfffff
6724,880b80b85bfffff
6725,880b81db33fffff
6726,880b8072bbfffff
6727,880b854c91fffff
6728,880b800b03fffff
6729,880b80b02dfffff
6730,880b805413fffff
6731,880b80a02dfffff
6732,880b800087fffff
6733,880b800823fffff
6734,880b80069dfffff
6735,880b800c65fffff
6736,880b8005d3fffff
6737,880b80a9b5fffff
6738,880b857929fffff
6739,880b81db53fffff
6740,880b857861fffff
6741,880b85794bfffff
6742,880b80396dfffff
6743,880b80a847fffff
6744,880b807643fffff
6745,880b857933fffff
6746,880b80a91bfffff
6747,880b81d32dfffff
6748,880b81db19fffff
6749,880b807813fffff
6750,880b854de7fffff
6751,880b8046c9fffff
6752,880b804405fffff
6753,880b80a23bfffff
6754,880b80a505fffff
6755,880b807a49fffff
6756,880b80a8dbfffff
6757,880b81da4bfffff
6758,880b856945fffff
6759,880b80b14bfffff
6760,880b8578abfffff
6761,880b80a5e1fffff
6762,880b800c2dfffff
6763,880b80babdfffff
6764,880b81da61fffff
6765,880b803333fffff
6766,880b807043fffff
6767,880b8578a5fffff
6768,880b8042a5fffff
6769,880b81d323fffff
6770,880b80bab7fffff
6771,880b856a0dfffff
6772,880b80a545fffff
6773,880b81d34bfffff
6774,880b80a243fffff
6775,880b80b347fffff
6776,880b8085cdfffff
6777,880b8055a1fffff
6778,880b8009dbfffff
6779,880b81d059fffff
6780,880b807a89fffff
6781,880b803b09fffff
6782,880b80a095fffff
6783,880b81db03fffff
6784,880b804601fffff
6785,880b80a34dfffff
6786,880b800aadfffff
6787,880b800ce7fffff
6788,880b80b739fffff
6789,880b800c21fffff
6790,880b800f4dfffff
6791,880b804e29fffff
6792,880b8046dbfffff
6793,880b8579d1fffff
6794,880b81d31dfffff
6795,880b80bb3dfffff
6796,880b807861fffff
6797,880b80b45dfffff
6798,880b80b731fffff
6799,880b800813fffff
6800,880b81db09fffff
6801,880b800e4bfffff
6802,880b807801fffff
6803,880b80a9d7fffff
6804,880b80a4b1fffff
6805,880b80b415fffff
6806,880b804633fffff
6807,880b81d191fffff
6808,880b804711fffff
6809,880b8579a1fffff
6810,880b80109dfffff
6811,880b800c9bfffff
6812,880b8084ddfffff
6813,880b80149bfffff
6814,880b800503fffff
6815,880b80b8e7fffff
6816,880b854dadfffff
6817,880b85780dfffff
6818,880b81d965fffff
6819,880b856809fffff
6820,880b80a88bfffff
6821,880b80a341fffff
6822,880b8070e5fffff
6823,880b80b71bfffff
6824,880b80046bfffff
6825,880b803763fffff
6826,880b81d86dfffff
6827,880b80144bfffff
6828,880b80a69dfffff
6829,880b80b94bfffff
6830,880b80a1ddfffff
6831,880b80a091fffff
6832,880b8072b3fffff
6833,880b80226dfffff
6834,880b80acbdfffff
6835,880b803ad9fffff
6836,880b8002b9fffff
6837,880b803605fffff
6838,880b807249fffff
6839,880b803751fffff
6840,880b8054a5fffff
6841,880b800c8bfffff
6842,880b80a965fffff
6843,880b80b82bfffff
6844,880b8014edfffff
6845,880b80a235fffff
6846,880b80a749fffff
6847,880b81d145fffff
6848,880b81d319fffff
6849,880b807a97fffff
6850,880b80a2e5fffff
6851,880b800951fffff
6852,880b80a35dfffff
6853,880b800dcdfffff
6854,880b803853fffff
6855,880b807b55fffff
6856,880b80b2e1fffff
6857,880b8055e3fffff
6858,880b8001e7fffff
6859,880b8044b5fffff
6860,880b803129fffff
6861,880b800545fffff
6862,880b80a525fffff
6863,880b80a6adfffff
6864,880b854cadfffff
6865,880b80a9d5fffff
6866,880b81d0c9fffff
6867,880b80152bfffff
6868,880b80a45bfffff
6869,880b80b01bfffff
6870,880b80764dfffff
6871,880b80ac35fffff
6872,880b80a497fffff
6873,880b80b431fffff
6874,880b804037fffff
6875,880b80a149fffff
6876,880b803a63fffff
6877,880b8569d7fffff
6878,880b857841fffff
6879,880b8004c1fffff
6880,880b80786bfffff
6881,880b800dd5fffff
6882,880b801721fffff
6883,880b8004ebfffff
6884,880b804e91fffff
6885,880b80adabfffff
6886,880b80ba8dfffff
6887,880b81d10bfffff
6888,880b80a093fffff
6889,880b80004dfffff
6890,880b80b8a5fffff
6891,880b803811fffff
6892,880b80b8adfffff
6893,880b8569b3fffff
6894,880b800d4bfffff
6895,880b8569bbfffff
6896,880b8015b9fffff
6897,880b80ba21fffff
6898,880b854eb9fffff
6899,880b81d12dfffff
6900,880b804e45fffff
6901,880b80423bfffff
6902,880b8004d1fffff
6903,880b801585fffff
6904,880b857917fffff
6905,880b8008cdfffff
6906,880b80b22dfffff
6907,880b80ad47fffff
6908,880b8578ebfffff
6909,880b804407fffff
6910,880b80aad1fffff
6911,880b80a46bfffff
6912,880b8009e5fffff
6913,880b80b42dfffff
6914,880b8085edfffff
6915,880b800689fffff
6916,880b80b1b9fffff
6917,880b81dac5fffff
6918,880b807a59fffff
6919,880b81d35dfffff
6920,880b8014c7fffff
6921,880b81d351fffff
6922,880b800483fffff
6923,880b803b47fffff
6924,880b808581fffff
6925,880b800599fffff
6926,880b8000dbfffff
6927,880b80af51fffff
6928,880b800c43fffff
6929,880b80a33dfffff
6930,880b804081fffff
6931,880b80ba9dfffff
6932,880b800c81fffff
6933,880b8006b1fffff
6934,880b8008a9fffff
6935,880b80b5b5fffff
6936,880b857935fffff
6937,880b80a30dfffff
6938,880b803165fffff
6939,880b8005a9fffff
6940,880b8042a7fffff
6941,880b856a6dfffff
6942,880b80a8e1fffff
6943,880b80a989fffff
6944,880b80b4e3fffff
6945,880b808515fffff
6946,880b8032ddfffff
6947,880b80005dfffff
6948,880b857809fffff
6949,880b8014ddfffff
6950,880b857927fffff
6951,880b804403fffff
6952,880b800113fffff
6953,880b80b5cbfffff
6954,880b8032c3fffff
6955,880b80a667fffff
6956,880b800285fffff
6957,880b80ad8dfffff
6958,880b80b223fffff
6959,880b8030a1fffff
6960,880b8084b3fffff
6961,880b80aa3dfffff
6962,880b8002d1fffff
6963,880b80a4c5fffff
6964,880b80a443fffff
6965,880b8000a7fffff
6966,880b80a803fffff
6967,880b81da57fffff
6968,880b803a91fffff
6969,880b8038c7fffff
6970,880b803acdfffff
6971,880b800705fffff
6972,880b804495fffff
6973,880b807a21fffff
6974,880b80025bfffff
6975,880b800c95fffff
6976,880b80ac57fffff
6977,880b803667fffff
6978,880b80a20dfffff
6979,880b8085c9fffff
6980,880b800529fffff
6981,880b80a629fffff
6982,880b802265fffff
6983,880b80a30bfffff
6984,880b80ac1dfffff
6985,880b80ac99fffff
6986,880b8006e1fffff
6987,880b857923fffff
6988,880b802251fffff
6989,880b80ac9bfffff
6990,880b8579c3fffff
6991,880b808569fffff
6992,880b80aa07fffff
6993,880b8040d5fffff
6994,880b80aa97fffff
6995,880b80a5b5fffff
6996,880b80b147fffff
6997,880b804767fffff
6998,880b80a001fffff
6999,880b80b14dfffff
7000,880b803317fffff
7001,880b807a4dfffff
7002,880b80022bfffff
7003,880b804743fffff
7004,880b80321dfffff
7005,880b80ad57fffff
7006,880b857b03fffff
7007,880b800701fffff
7008,880b80785bfffff
7009,880b80b0b5fffff
7010,880b80a197fffff
7011,880b80a76dfffff
7012,880b8031e9fffff
7013,880b8014d7fffff
7014,880b80a6a7fffff
7015,880b807aa5fffff
7016,880b8568bdfffff
7017,880b80a95bfffff
7018,880b85695dfffff
7019,880b800983fffff
7020,880b800815fffff
7021,880b803201fffff
7022,880b854ccdfffff
7023,880b800e61fffff
7024,880b8046c3fffff
7025,880b8086b7fffff
7026,880b81c355fffff
7027,880b80074dfffff
7028,880b80732bfffff
7029,880b800b31fffff
7030,880b800d97fffff
7031,880b800693fffff
7032,880b800061fffff
7033,880b81c2cdfffff
7034,880b80401bfffff
7035,880b807351fffff
7036,880b8054e1fffff
7037,880b80710bfffff
7038,880b80b057fffff
7039,880b800985fffff
7040,880b807823fffff
7041,880b80332dfffff
7042,880b80ba07fffff
7043,880b856b65fffff
7044,880b80848bfffff
7045,880b80ada3fffff
7046,880b801593fffff
7047,880b80b045fffff
7048,880b80a535fffff
7049,880b81db2bfffff
7050,880b80b66bfffff
7051,880b80a063fffff
7052,880b80472bfffff
7053,880b80a44bfffff
7054,880b80a419fffff
7055,880b81db05fffff
7056,880b800a8dfffff
7057,880b808517fffff
7058,880b804693fffff
7059,880b800531fffff
7060,880b80b891fffff
7061,880b800949fffff
7062,880b804093fffff
7063,880b80788dfffff
7064,880b81da3bfffff
7065,880b80b73bfffff
7066,880b8042d3fffff
7067,880b80ba1dfffff
7068,880b800a8bfffff
7069,880b85686bfffff
7070,880b807a45fffff
7071,880b80b8ebfffff
7072,880b80a81dfffff
7073,880b8000a5fffff
7074,880b80b5e1fffff
7075,880b80151dfffff
7076,880b80a0a5fffff
7077,880b80b8a9fffff
7078,880b8084d3fffff
7079,880b81d2e5fffff
7080,880b8072d5fffff
7081,880b80a74bfffff
7082,880b8569d1fffff
7083,880b80092bfffff
7084,880b80a827fffff
7085,880b80a613fffff
7086,880b803b27fffff
7087,880b856b29fffff
7088,880b80b217fffff
7089,880b81daa3fffff
7090,880b800931fffff
7091,880b8031d9fffff
7092,880b800067fffff
7093,880b80a49dfffff
7094,880b8042b7fffff
7095,880b8040d3fffff
7096,880b80b8c3fffff
7097,880b80a343fffff
7098,880b803349fffff
7099,880b85698bfffff
7100,880b80b081fffff
7101,880b80333dfffff
7102,880b8009cbfffff
7103,880b800f61fffff
7104,880b8569d3fffff
7105,880b8030b5fffff
7106,880b80b2c5fffff
7107,880b856943fffff
7108,880b807a05fffff
7109,880b800433fffff
7110,880b800dc7fffff
7111,880b80b367fffff
7112,880b8046c5fffff
7113,880b803957fffff
7114,880b81d2e9fffff
7115,880b8054abfffff
7116,880b8001e9fffff
7117,880b81d183fffff
7118,880b80a02bfffff
7119,880b8004b3fffff
7120,880b804e39fffff
7121,880b80ace5fffff
7122,880b803193fffff
7123,880b80b361fffff
7124,880b807b49fffff
7125,880b804515fffff
7126,880b80ad4dfffff
7127,880b8055abfffff
7128,880b80b8cdfffff
7129,880b8044a5fffff
7130,880b80aa03fffff
7131,880b80a859fffff
7132,880b80ab11fffff
7133,880b80b715fffff
7134,880b801489fffff
7135,880b804757fffff
7136,880b80a66dfffff
7137,880b8044d1fffff
7138,880b801083fffff
7139,880b803a23fffff
7140,880b800013fffff
7141,880b800133fffff
7142,880b80b8d1fffff
7143,880b80a137fffff
7144,880b81d945fffff
7145,880b81d25bfffff
7146,880b80b26bfffff
7147,880b80476dfffff
7148,880b800753fffff
7149,880b80029bfffff
7150,880b80003dfffff
7151,880b807065fffff
7152,880b800899fffff
7153,880b800427fffff
7154,880b80093bfffff
7155,880b81d345fffff
7156,880b804e9dfffff
7157,880b804641fffff
7158,880b80ba9bfffff
7159,880b800853fffff
7160,880b8030a9fffff
7161,880b80a03dfffff
7162,880b80a0a9fffff
7163,880b800a55fffff
7164,880b80ae1dfffff
7165,880b8009a5fffff
7166,880b80ac8dfffff
7167,880b800649fffff
7168,880b8578e3fffff
7169,880b803003fffff
7170,880b80ab3bfffff
7171,880b803b59fffff
7172,880b803107fffff
7173,880b856b2dfffff
7174,880b8002cbfffff
7175,880b803a57fffff
7176,880b807259fffff
7177,880b81d231fffff
7178,880b80143bfffff
7179,880b807807fffff
7180,880b80a449fffff
7181,880b80721bfffff
7182,880b800f19fffff
7183,880b856993fffff
7184,880b80b01dfffff
7185,880b804083fffff
7186,880b800f51fffff
7187,880b80044dfffff
7188,880b804e0dfffff
7189,880b807301fffff
7190,880b80bb43fffff
7191,880b80b629fffff
7192,880b80b43bfffff
7193,880b803729fffff
7194,880b857817fffff
7195,880b804ec1fffff
7196,880b8032d5fffff
7197,880b804e5dfffff
7198,880b80b44dfffff
7199,880b8016b1fffff
7200,880b80af61fffff
7201,880b8569cbfffff
7202,880b8002b3fffff
7203,880b80a0e9fffff
7204,880b800897fffff
7205,880b80af3bfffff
7206,880b80466bfffff
7207,880b80ab1bfffff
7208,880b80b0cdfffff
7209,880b80b8e9fffff
7210,880b854c8bfffff
7211,880b808435fffff
7212,880b80a8c5fffff
7213,880b80b707fffff
7214,880b81dab9fffff
7215,880b801505fffff
7216,880b80b35bfffff
7217,880b80a0b5fffff
7218,880b803265fffff
7219,880b854d83fffff
7220,880b8045b5fffff
7221,880b80054bfffff
7222,880b8010abfffff
7223,880b8004bdfffff
7224,880b80bb0bfffff
7225,880b800ce9fffff
7226,880b81d21dfffff
7227,880b803a81fffff
7228,880b85789dfffff
7229,880b8056ebfffff
7230,880b80a13dfffff
7231,880b800963fffff
7232,880b80ab57fffff
7233,880b804435fffff
7234,880b8078c5fffff
7235,880b80ba6dfffff
7236,880b803281fffff
7237,880b804e33fffff
7238,880b80013dfffff
7239,880b81da8bfffff
7240,880b80b6c7fffff
7241,880b80b6bdfffff
7242,880b80a183fffff
7243,880b800003fffff
7244,880b800c29fffff
7245,880b81db57fffff
7246,880b80a2d5fffff
7247,880b857b15fffff
7248,880b807a83fffff
7249,880b804e31fffff
7250,880b81d925fffff
7251,880b80ab47fffff
7252,880b80045bfffff
