,geohash
0,882d547337fffff
1,882d542ea1fffff
2,882d546aa5fffff
3,882d509253fffff
4,882d509b2bfffff
5,882d50d245fffff
6,882d546ce7fffff
7,882d555329fffff
8,882d509241fffff
9,882d54234dfffff
10,882d5468a9fffff
11,882d555b45fffff
12,882d50d137fffff
13,882d546f07fffff
14,882d54619bfffff
15,882d543ad7fffff
16,882d547827fffff
17,882d547407fffff
18,882d542b09fffff
19,882d547a5bfffff
20,882d50974dfffff
21,882d546505fffff
22,882d50dacbfffff
23,882d547411fffff
24,882d542b27fffff
25,882d5469cdfffff
26,882d508349fffff
27,882d5476a7fffff
28,882d5431ebfffff
29,882d50d041fffff
30,882d542f1dfffff
31,882d5430a1fffff
32,882d5445b9fffff
33,882d543989fffff
34,882d5479b9fffff
35,882d50d665fffff
36,882d546ab1fffff
37,882d547107fffff
38,882d509345fffff
39,882d56a4c5fffff
40,882d542f29fffff
41,882d56a631fffff
42,882d5479e5fffff
43,882d547999fffff
44,882d5460d7fffff
45,882d50d04bfffff
46,882d50da5dfffff
47,882d50db5bfffff
48,882d56a5cbfffff
49,882d5424cbfffff
50,882d547995fffff
51,882d509ad3fffff
52,882d5091d3fffff
53,882d546889fffff
54,882d546a19fffff
55,882d546623fffff
56,882d546c1bfffff
57,882d54202bfffff
58,882d509205fffff
59,882d5464bdfffff
60,882d54681dfffff
61,882d542c49fffff
62,882d50d225fffff
63,882d5091adfffff
64,882d546ca9fffff
65,882d50d283fffff
66,882d50d0edfffff
67,882d5091d7fffff
68,882d547401fffff
69,882d509137fffff
70,882d546437fffff
71,882d546439fffff
72,882d5465a9fffff
73,882d5428d3fffff
74,882d509131fffff
75,882d543ab3fffff
76,882d54672dfffff
77,882d544ebdfffff
78,882d547061fffff
79,882d542731fffff
80,882d547481fffff
81,882d542b2dfffff
82,882d5429dbfffff
83,882d546f45fffff
84,882d542e11fffff
85,882d54211dfffff
86,882d547b1dfffff
87,882d509085fffff
88,882d54641bfffff
89,882d546465fffff
90,882d542627fffff
91,882d5430a7fffff
92,882d54646dfffff
93,882d5429ddfffff
94,882d50d353fffff
95,882d542f19fffff
96,882d543ae7fffff
97,882d50db03fffff
98,882d5461abfffff
99,882d546193fffff
100,882d56a6a1fffff
101,882d5461a1fffff
102,882d542599fffff
103,882d542b63fffff
104,882d54744bfffff
105,882d542155fffff
106,882d542a65fffff
107,882d542a31fffff
108,882d56a5adfffff
109,882d5476a9fffff
110,882d50d035fffff
111,882d542317fffff
112,882d50d119fffff
113,882d5468d1fffff
114,882d50d24bfffff
115,882d56a6adfffff
116,882d546531fffff
117,882d5439edfffff
118,882d5421bbfffff
119,882d509185fffff
120,882d56a413fffff
121,882d547ac7fffff
122,882d542de9fffff
123,882d542019fffff
124,882d546e49fffff
125,882d5445b1fffff
126,882d546f0bfffff
127,882d56a4e5fffff
128,882d546ee9fffff
129,882d542527fffff
130,882d546dedfffff
131,882d542a89fffff
132,882d50966dfffff
133,882d50da61fffff
134,882d542dcdfffff
135,882d546d3bfffff
136,882d546841fffff
137,882d546669fffff
138,882d55514bfffff
139,882d5431d1fffff
140,882d543999fffff
141,882d544e95fffff
142,882d509b41fffff
143,882d544c9bfffff
144,882d5431c9fffff
145,882d5439a5fffff
146,882d5090e5fffff
147,882d546619fffff
148,882d542519fffff
149,882d543a8dfffff
150,882d555b2dfffff
151,882d50d769fffff
152,882d542b5dfffff
153,882d540c8bfffff
154,882d543943fffff
155,882d542eb3fffff
156,882d5438e7fffff
157,882d5469bdfffff
158,882d544ea1fffff
159,882d542463fffff
160,882d54798bfffff
161,882d542c11fffff
162,882d50db6bfffff
163,882d543811fffff
164,882d546e45fffff
165,882d509317fffff
166,882d547ae5fffff
167,882d50d169fffff
168,882d509a9dfffff
169,882d546d99fffff
170,882d547b2dfffff
171,882d50d1c5fffff
172,882d543839fffff
173,882d555b63fffff
174,882d5425abfffff
175,882d50d267fffff
176,882d546449fffff
177,882d540c9bfffff
178,882d5426e1fffff
179,882d5426bdfffff
180,882d542d39fffff
181,882d542b25fffff
182,882d56a491fffff
183,882d509ad5fffff
184,882d542c09fffff
185,882d50d0cdfffff
186,882d546d8bfffff
187,882d542b67fffff
188,882d50d23bfffff
189,882d56a685fffff
190,882d555a6dfffff
191,882d555a5bfffff
192,882d542637fffff
193,882d5478a9fffff
194,882d542aa3fffff
195,882d544eb3fffff
196,882d546e5bfffff
197,882d542ea7fffff
198,882d54225dfffff
199,882d546013fffff
200,882d56b6a5fffff
201,882d5474c7fffff
202,882d542ecbfffff
203,882d56a49bfffff
204,882d5444b9fffff
205,882d555a51fffff
206,882d54664bfffff
207,882d50976dfffff
208,882d50d36bfffff
209,882d546a6dfffff
210,882d5475a3fffff
211,882d5429d7fffff
212,882d50d16dfffff
213,882d542353fffff
214,882d5476b5fffff
215,882d5439bbfffff
216,882d50935bfffff
217,882d50d76dfffff
218,882d54666dfffff
219,882d5479edfffff
220,882d54758bfffff
221,882d546aa1fffff
222,882d509335fffff
223,882d542e83fffff
224,882d542ae1fffff
225,882d5439b7fffff
226,882d547949fffff
227,882d50da57fffff
228,882d546715fffff
229,882d547405fffff
230,882d542e59fffff
231,882d56a4adfffff
232,882d5468b3fffff
233,882d509b27fffff
234,882d5421adfffff
235,882d50d2a5fffff
236,882d542de1fffff
237,882d547409fffff
238,882d509b51fffff
239,882d546a97fffff
240,882d5428d5fffff
241,882d54284bfffff
242,882d50d303fffff
243,882d50d305fffff
244,882d542593fffff
245,882d56a527fffff
246,882d5469dbfffff
247,882d50d76bfffff
248,882d546db3fffff
249,882d546ed9fffff
250,882d546987fffff
251,882d5439b5fffff
252,882d542c67fffff
253,882d542d53fffff
254,882d54295dfffff
255,882d56a593fffff
256,882d546e33fffff
257,882d509a51fffff
258,882d546a41fffff
259,882d542cebfffff
260,882d542d23fffff
261,882d546c93fffff
262,882d544ebbfffff
263,882d542167fffff
264,882d546c97fffff
265,882d543885fffff
266,882d542b03fffff
267,882d542245fffff
268,882d544c93fffff
269,882d546e15fffff
270,882d546acdfffff
271,882d542c47fffff
272,882d546c41fffff
273,882d56a551fffff
274,882d5428abfffff
275,882d555321fffff
276,882d54381bfffff
277,882d56a497fffff
278,882d547497fffff
279,882d546c27fffff
280,882d5466e5fffff
281,882d54659dfffff
282,882d546cd1fffff
283,882d542133fffff
284,882d54269dfffff
285,882d543827fffff
286,882d547159fffff
287,882d50d001fffff
288,882d509069fffff
289,882d544cc1fffff
290,882d50964dfffff
291,882d54650dfffff
292,882d56b6abfffff
293,882d546dbbfffff
294,882d546015fffff
295,882d547417fffff
296,882d547a11fffff
297,882d542e81fffff
298,882d5476edfffff
299,882d555a1dfffff
300,882d542d55fffff
301,882d546dc7fffff
302,882d5461c7fffff
303,882d50d007fffff
304,882d542329fffff
305,882d542edbfffff
306,882d56b681fffff
307,882d509a55fffff
308,882d546563fffff
309,882d509041fffff
310,882d56b4a5fffff
311,882d5444dbfffff
312,882d54251dfffff
313,882d546b5dfffff
314,882d56a5b9fffff
315,882d5464d3fffff
316,882d542a4dfffff
317,882d50d00bfffff
318,882d546e39fffff
319,882d5469bbfffff
320,882d56b439fffff
321,882d542823fffff
322,882d547a6bfffff
323,882d50d017fffff
324,882d54759dfffff
325,882d540cb9fffff
326,882d546843fffff
327,882d546b51fffff
328,882d546b13fffff
329,882d509049fffff
330,882d542ea5fffff
331,882d5429e1fffff
332,882d542ec7fffff
333,882d56b42bfffff
334,882d547aebfffff
335,882d5460d1fffff
336,882d547911fffff
337,882d5469d7fffff
338,882d50906bfffff
339,882d5426e7fffff
340,882d509b3bfffff
341,882d5479d1fffff
342,882d542565fffff
343,882d546713fffff
344,882d56a61dfffff
345,882d50d209fffff
346,882d5468e9fffff
347,882d56b4d3fffff
348,882d5474d1fffff
349,882d5479b5fffff
350,882d542895fffff
351,882d542057fffff
352,882d56a427fffff
353,882d54396bfffff
354,882d546925fffff
355,882d542419fffff
356,882d546f4bfffff
357,882d542319fffff
358,882d544cc7fffff
359,882d50d211fffff
360,882d509083fffff
361,882d54716bfffff
362,882d56a445fffff
363,882d546845fffff
364,882d542a0bfffff
365,882d547559fffff
366,882d546b61fffff
367,882d542c21fffff
368,882d546a55fffff
369,882d546eb3fffff
370,882d547487fffff
371,882d547857fffff
372,882d54609bfffff
373,882d542465fffff
374,882d509135fffff
375,882d56a6b9fffff
376,882d546c85fffff
377,882d5438edfffff
378,882d547583fffff
379,882d546e11fffff
380,882d547651fffff
381,882d54699bfffff
382,882d50d0e7fffff
383,882d542b0bfffff
384,882d542b55fffff
385,882d546755fffff
386,882d56a4b9fffff
387,882d547309fffff
388,882d5461c1fffff
389,882d546883fffff
390,882d5475d7fffff
391,882d509b29fffff
392,882d5465c7fffff
393,882d5431e3fffff
394,882d547331fffff
395,882d5465b5fffff
396,882d5464a1fffff
397,882d5468b5fffff
398,882d50d027fffff
399,882d546923fffff
400,882d56a59bfffff
401,882d54395bfffff
402,882d509037fffff
403,882d546f03fffff
404,882d56a4b1fffff
405,882d50824dfffff
406,882d50934dfffff
407,882d5425b1fffff
408,882d542a0dfffff
409,882d546f2bfffff
410,882d5091d5fffff
411,882d509a47fffff
412,882d543195fffff
413,882d546463fffff
414,882d543595fffff
415,882d546a45fffff
416,882d543acdfffff
417,882d547b65fffff
418,882d546b4dfffff
419,882d542a47fffff
420,882d5465c9fffff
421,882d546ed1fffff
422,882d54786dfffff
423,882d54606dfffff
424,882d56a649fffff
425,882d509295fffff
426,882d546197fffff
427,882d555a03fffff
428,882d509a1dfffff
429,882d5092b7fffff
430,882d56b699fffff
431,882d54749bfffff
432,882d5431e1fffff
433,882d546b65fffff
434,882d544cedfffff
435,882d509643fffff
436,882d5446b3fffff
437,882d546b19fffff
438,882d50d05dfffff
439,882d546ac3fffff
440,882d547a03fffff
441,882d546ec5fffff
442,882d547b2bfffff
443,882d5460dbfffff
444,882d547aedfffff
445,882d542887fffff
446,882d544cd1fffff
447,882d546a15fffff
448,882d54244dfffff
449,882d546031fffff
450,882d5468d3fffff
451,882d50d219fffff
452,882d547889fffff
453,882d546f47fffff
454,882d5425a5fffff
455,882d546b69fffff
456,882d546091fffff
457,882d542c3dfffff
458,882d5438c9fffff
459,882d54240bfffff
460,882d543931fffff
461,882d50d10dfffff
462,882d542ab5fffff
463,882d54781dfffff
464,882d542325fffff
465,882d50d28bfffff
466,882d542ca7fffff
467,882d543ad5fffff
468,882d509017fffff
469,882d547355fffff
470,882d50d2a9fffff
471,882d546659fffff
472,882d546459fffff
473,882d542b01fffff
474,882d546a2bfffff
475,882d5461ddfffff
476,882d544c8bfffff
477,882d542537fffff
478,882d542de7fffff
479,882d5444b5fffff
480,882d50c241fffff
481,882d546ce5fffff
482,882d542603fffff
483,882d5479abfffff
484,882d5090a9fffff
485,882d555b6bfffff
486,882d546769fffff
487,882d50d2ebfffff
488,882d542f17fffff
489,882d5092e1fffff
490,882d5431b5fffff
491,882d546649fffff
492,882d5479cbfffff
493,882d5438a3fffff
494,882d543997fffff
495,882d547437fffff
496,882d546c53fffff
497,882d546d41fffff
498,882d542d67fffff
499,882d56a415fffff
500,882d509655fffff
501,882d5428adfffff
502,882d542b23fffff
503,882d56a6abfffff
504,882d56a75bfffff
505,882d50d2e5fffff
506,882d50d149fffff
507,882d546c25fffff
508,882d54220dfffff
509,882d5462b1fffff
510,882d50d123fffff
511,882d5092c1fffff
512,882d5431b1fffff
513,882d542417fffff
514,882d50db61fffff
515,882d56a5edfffff
516,882d50d297fffff
517,882d56a45bfffff
518,882d509111fffff
519,882d54741bfffff
520,882d546187fffff
521,882d546aa7fffff
522,882d542d9dfffff
523,882d56b4e1fffff
524,882d547935fffff
525,882d50923dfffff
526,882d546d19fffff
527,882d546ad9fffff
528,882d509b25fffff
529,882d542d4dfffff
530,882d50d125fffff
531,882d546697fffff
532,882d547ac3fffff
533,882d50d655fffff
534,882d5466a7fffff
535,882d56a6c9fffff
536,882d542969fffff
537,882d542469fffff
538,882d50d667fffff
539,882d542699fffff
540,882d546637fffff
541,882d509101fffff
542,882d56b4adfffff
543,882d546de3fffff
544,882d54216dfffff
545,882d5474edfffff
546,882d544c03fffff
547,882d542f01fffff
548,882d542421fffff
549,882d56b435fffff
550,882d542027fffff
551,882d50d301fffff
552,882d542401fffff
553,882d509acbfffff
554,882d543a31fffff
555,882d5461a3fffff
556,882d546d91fffff
557,882d542123fffff
558,882d5479d3fffff
559,882d56a6d7fffff
560,882d509b0dfffff
561,882d5466a1fffff
562,882d546b01fffff
563,882d50d749fffff
564,882d546899fffff
565,882d54302bfffff
566,882d542429fffff
567,882d542d93fffff
568,882d547acdfffff
569,882d54296dfffff
570,882d5092ddfffff
571,882d542a3dfffff
572,882d50d019fffff
573,882d542b0dfffff
574,882d540c87fffff
575,882d542e29fffff
576,882d5438e1fffff
577,882d546919fffff
578,882d509769fffff
579,882d546885fffff
580,882d5474adfffff
581,882d543821fffff
582,882d546035fffff
583,882d547b13fffff
584,882d546917fffff
585,882d546d03fffff
586,882d546da1fffff
587,882d542b37fffff
588,882d543841fffff
589,882d546f43fffff
590,882d542db9fffff
591,882d542837fffff
592,882d547135fffff
593,882d546519fffff
594,882d542f47fffff
595,882d546d0bfffff
596,882d542509fffff
597,882d56a4e7fffff
598,882d546685fffff
599,882d56a4ebfffff
600,882d543b05fffff
601,882d54612dfffff
602,882d542907fffff
603,882d547895fffff
604,882d509a45fffff
605,882d56a4d1fffff
606,882d56a6c5fffff
607,882d542a85fffff
608,882d555105fffff
609,882d546d8dfffff
610,882d54661dfffff
611,882d547653fffff
612,882d56b4edfffff
613,882d50da25fffff
614,882d50d24dfffff
615,882d54209bfffff
616,882d50d2dbfffff
617,882d56a6dbfffff
618,882d547b59fffff
619,882d547b67fffff
620,882d56aedbfffff
621,882d56a401fffff
622,882d50d2c9fffff
623,882d56b6c7fffff
624,882d546b3dfffff
625,882d542229fffff
626,882d509051fffff
627,882d5460c3fffff
628,882d547a41fffff
629,882d546095fffff
630,882d54243dfffff
631,882d5428c7fffff
632,882d54218bfffff
633,882d5430a3fffff
634,882d509a0dfffff
635,882d546691fffff
636,882d546025fffff
637,882d5460a3fffff
638,882d56b493fffff
639,882d50db19fffff
640,882d547a69fffff
641,882d5444b7fffff
642,882d5464d7fffff
643,882d509025fffff
644,882d5465e3fffff
645,882d56a687fffff
646,882d546aa3fffff
647,882d5478e1fffff
648,882d50929bfffff
649,882d542e47fffff
650,882d542031fffff
651,882d509b61fffff
652,882d5425b3fffff
653,882d547597fffff
654,882d542899fffff
655,882d50da0bfffff
656,882d50d059fffff
657,882d54241bfffff
658,882d546a5dfffff
659,882d54795dfffff
660,882d54781bfffff
661,882d546d9dfffff
662,882d546645fffff
663,882d56a467fffff
664,882d546c57fffff
665,882d54790bfffff
666,882d546e31fffff
667,882d5426c7fffff
668,882d547921fffff
669,882d50d083fffff
670,882d5428a9fffff
671,882d54712bfffff
672,882d50d127fffff
673,882d546517fffff
674,882d5461a5fffff
675,882d50d21dfffff
676,882d5468ddfffff
677,882d50d849fffff
678,882d546105fffff
679,882d543197fffff
680,882d542719fffff
681,882d54284dfffff
682,882d56a6b3fffff
683,882d546417fffff
684,882d56b6ddfffff
685,882d542cbbfffff
686,882d546d93fffff
687,882d542c23fffff
688,882d56a501fffff
689,882d542ec3fffff
690,882d56a495fffff
691,882d5420d3fffff
692,882d547987fffff
693,882d546119fffff
694,882d555b27fffff
695,882d56a599fffff
696,882d54202dfffff
697,882d54273bfffff
698,882d50da05fffff
699,882d542e95fffff
700,882d542f0bfffff
701,882d5474a9fffff
702,882d546663fffff
703,882d54654bfffff
704,882d5464b5fffff
705,882d542debfffff
706,882d546565fffff
707,882d544cd5fffff
708,882d547b39fffff
709,882d5466d7fffff
710,882d5090edfffff
711,882d50da17fffff
712,882d546731fffff
713,882d50d313fffff
714,882d546c19fffff
715,882d50db53fffff
716,882d542f1bfffff
717,882d5465c3fffff
718,882d547823fffff
719,882d546dd9fffff
720,882d555169fffff
721,882d543941fffff
722,882d54746dfffff
723,882d5431edfffff
724,882d542d2bfffff
725,882d542e19fffff
726,882d5092e7fffff
727,882d542851fffff
728,882d50d35bfffff
729,882d5460c7fffff
730,882d509b15fffff
731,882d56a41bfffff
732,882d542f07fffff
733,882d5424c5fffff
734,882d5420bdfffff
735,882d5429e7fffff
736,882d546ddbfffff
737,882d546639fffff
738,882d546655fffff
739,882d542d5bfffff
740,882d546e1bfffff
741,882d547429fffff
742,882d542ae5fffff
743,882d543945fffff
744,882d542151fffff
745,882d543007fffff
746,882d5426abfffff
747,882d546131fffff
748,882d543819fffff
749,882d542ca3fffff
750,882d555a5dfffff
751,882d50db57fffff
752,882d543887fffff
753,882d509369fffff
754,882d54792bfffff
755,882d5468c9fffff
756,882d56a6bbfffff
757,882d54214dfffff
758,882d54246bfffff
759,882d5438d1fffff
760,882d5476bbfffff
761,882d5474b5fffff
762,882d547981fffff
763,882d546b49fffff
764,882d543993fffff
765,882d5091a1fffff
766,882d5469b7fffff
767,882d5424b3fffff
768,882d546165fffff
769,882d546ae5fffff
770,882d5469d5fffff
771,882d5445a9fffff
772,882d54286bfffff
773,882d542ce5fffff
774,882d546499fffff
775,882d542f13fffff
776,882d5445a1fffff
777,882d542941fffff
778,882d50d25dfffff
779,882d5479b7fffff
780,882d546f37fffff
781,882d5438dbfffff
782,882d56a4a7fffff
783,882d546f05fffff
784,882d5460b5fffff
785,882d542d47fffff
786,882d542ae7fffff
787,882d547b27fffff
788,882d54645dfffff
789,882d5438d3fffff
790,882d547899fffff
791,882d542983fffff
792,882d546da7fffff
793,882d546837fffff
794,882d546551fffff
795,882d546e51fffff
796,882d509b03fffff
797,882d546735fffff
798,882d56b695fffff
799,882d56b633fffff
800,882d542009fffff
801,882d542ea3fffff
802,882d5476a5fffff
803,882d546451fffff
804,882d542951fffff
805,882d542067fffff
806,882d547141fffff
807,882d5426d7fffff
808,882d509027fffff
809,882d509163fffff
810,882d509055fffff
811,882d5428c1fffff
812,882d5421a7fffff
813,882d56b457fffff
814,882d5092a1fffff
815,882d5091c9fffff
816,882d544cebfffff
817,882d547815fffff
818,882d546155fffff
819,882d547b31fffff
820,882d5466ddfffff
821,882d542311fffff
822,882d5431a9fffff
823,882d542585fffff
824,882d5474abfffff
825,882d542911fffff
826,882d542917fffff
827,882d543957fffff
828,882d509363fffff
829,882d50d109fffff
830,882d542901fffff
831,882d50936dfffff
832,882d547129fffff
833,882d542e13fffff
834,882d5469abfffff
835,882d50d091fffff
836,882d5478a1fffff
837,882d547433fffff
838,882d542e85fffff
839,882d5461e9fffff
840,882d555143fffff
841,882d542ca9fffff
842,882d509223fffff
843,882d56b433fffff
844,882d546b25fffff
845,882d54698dfffff
846,882d544595fffff
847,882d542305fffff
848,882d542b3dfffff
849,882d509b59fffff
850,882d54733dfffff
851,882d5439ebfffff
852,882d546c01fffff
853,882d546d31fffff
854,882d50d037fffff
855,882d547a15fffff
856,882d542647fffff
857,882d547005fffff
858,882d542b35fffff
859,882d5475a5fffff
860,882d5461b7fffff
861,882d50d16bfffff
862,882d544eb9fffff
863,882d543901fffff
864,882d542037fffff
865,882d5090d3fffff
866,882d5428cbfffff
867,882d542225fffff
868,882d5424a3fffff
869,882d5465a1fffff
870,882d542e51fffff
871,882d546f69fffff
872,882d56b49dfffff
873,882d544e99fffff
874,882d54714bfffff
875,882d56a48bfffff
876,882d546b03fffff
877,882d546507fffff
878,882d546751fffff
879,882d546cd5fffff
880,882d542a29fffff
881,882d542cedfffff
882,882d5421edfffff
883,882d5466a5fffff
884,882d56a431fffff
885,882d50dac7fffff
886,882d54206dfffff
887,882d54318bfffff
888,882d55516dfffff
889,882d542a35fffff
890,882d5091e7fffff
891,882d5428c9fffff
892,882d546447fffff
893,882d54682bfffff
894,882d542da9fffff
895,882d547b61fffff
896,882d50da4dfffff
897,882d54692dfffff
898,882d542d9bfffff
899,882d54745dfffff
900,882d542241fffff
901,882d542561fffff
902,882d542de3fffff
903,882d546a53fffff
904,882d543801fffff
905,882d546f1dfffff
906,882d54231dfffff
907,882d542e1dfffff
908,882d509021fffff
909,882d50d327fffff
910,882d542043fffff
911,882d56a615fffff
912,882d50966bfffff
913,882d5464dbfffff
914,882d56a511fffff
915,882d5461edfffff
916,882d5466b1fffff
917,882d50d0d3fffff
918,882d546617fffff
919,882d5479d7fffff
920,882d542107fffff
921,882d547693fffff
922,882d54662dfffff
923,882d542a95fffff
924,882d543863fffff
925,882d546589fffff
926,882d5466c7fffff
927,882d547923fffff
928,882d50dacdfffff
929,882d546945fffff
930,882d54668bfffff
931,882d5421d7fffff
932,882d546287fffff
933,882d546c65fffff
934,882d543aa1fffff
935,882d5466a3fffff
936,882d56a4d3fffff
937,882d542c87fffff
938,882d50da27fffff
939,882d555a65fffff
940,882d546adbfffff
941,882d5478b5fffff
942,882d546f39fffff
943,882d5465bbfffff
944,882d542667fffff
945,882d542b49fffff
946,882d56b4b9fffff
947,882d542e03fffff
948,882d543b25fffff
949,882d54693bfffff
950,882d56a463fffff
951,882d54641dfffff
952,882d56b6d5fffff
953,882d544497fffff
954,882d555327fffff
955,882d546891fffff
956,882d542601fffff
957,882d542533fffff
958,882d542a6dfffff
959,882d555b51fffff
960,882d544ea3fffff
961,882d543aa3fffff
962,882d542a39fffff
963,882d50916bfffff
964,882d542d8dfffff
965,882d546d15fffff
966,882d542591fffff
967,882d50d135fffff
968,882d546807fffff
969,882d542f35fffff
970,882d50994dfffff
971,882d50919bfffff
972,882d546a87fffff
973,882d5421b7fffff
974,882d5479bdfffff
975,882d546ebdfffff
976,882d509011fffff
977,882d56ae9bfffff
978,882d56a4b5fffff
979,882d50da45fffff
980,882d50d223fffff
981,882d547733fffff
982,882d5462d7fffff
983,882d547941fffff
984,882d56a69dfffff
985,882d546613fffff
986,882d542947fffff
987,882d546b21fffff
988,882d546a3dfffff
989,882d542e4dfffff
990,882d50d32bfffff
991,882d546eb1fffff
992,882d56a66bfffff
993,882d50da21fffff
994,882d5091e1fffff
995,882d56b4b1fffff
996,882d5461cdfffff
997,882d542643fffff
998,882d50d761fffff
999,882d5424e5fffff
1000,882d5476c7fffff
1001,882d542569fffff
1002,882d546c59fffff
1003,882d542ed9fffff
1004,882d542011fffff
1005,882d546a63fffff
1006,882d5090d1fffff
1007,882d542503fffff
1008,882d5479dbfffff
1009,882d509b33fffff
1010,882d54248bfffff
1011,882d54225bfffff
1012,882d546d81fffff
1013,882d5474bbfffff
1014,882d542111fffff
1015,882d50d661fffff
1016,882d54384bfffff
1017,882d56b69dfffff
1018,882d54389dfffff
1019,882d546757fffff
1020,882d542c25fffff
1021,882d509a43fffff
1022,882d5425e5fffff
1023,882d5428d9fffff
1024,882d5090a3fffff
1025,882d542a41fffff
1026,882d5445b7fffff
1027,882d542e0bfffff
1028,882d543aadfffff
1029,882d543b03fffff
1030,882d544ce5fffff
1031,882d546151fffff
1032,882d555a57fffff
1033,882d542207fffff
1034,882d50da03fffff
1035,882d542099fffff
1036,882d546d6dfffff
1037,882d54212dfffff
1038,882d5468a3fffff
1039,882d508343fffff
1040,882d555a47fffff
1041,882d509a4dfffff
1042,882d546829fffff
1043,882d5091e3fffff
1044,882d5429a9fffff
1045,882d54219bfffff
1046,882d540cb3fffff
1047,882d546749fffff
1048,882d5462d3fffff
1049,882d54295bfffff
1050,882d54743bfffff
1051,882d5460d9fffff
1052,882d546123fffff
1053,882d5438bbfffff
1054,882d5464a9fffff
1055,882d54268bfffff
1056,882d546591fffff
1057,882d54280bfffff
1058,882d547993fffff
1059,882d543951fffff
1060,882d54299bfffff
1061,882d542c35fffff
1062,882d543909fffff
1063,882d5464cdfffff
1064,882d544cc3fffff
1065,882d542737fffff
1066,882d5424edfffff
1067,882d546a31fffff
1068,882d56b6a3fffff
1069,882d50d25bfffff
1070,882d509969fffff
1071,882d5475dbfffff
1072,882d546667fffff
1073,882d56b415fffff
1074,882d546b6bfffff
1075,882d544ddbfffff
1076,882d543a83fffff
1077,882d54272bfffff
1078,882d542045fffff
1079,882d547821fffff
1080,882d542e89fffff
1081,882d5466bdfffff
1082,882d5092d5fffff
1083,882d50d013fffff
1084,882d542f0dfffff
1085,882d542a8dfffff
1086,882d54386bfffff
1087,882d546cb9fffff
1088,882d542da7fffff
1089,882d50d067fffff
1090,882d56b69bfffff
1091,882d54290dfffff
1092,882d54282dfffff
1093,882d5438cbfffff
1094,882d50d221fffff
1095,882d5092b3fffff
1096,882d54289dfffff
1097,882d5439e5fffff
1098,882d509a53fffff
1099,882d547947fffff
1100,882d5425ddfffff
1101,882d56a4c9fffff
1102,882d509003fffff
1103,882d56a403fffff
1104,882d54793bfffff
1105,882d54706bfffff
1106,882d546093fffff
1107,882d542669fffff
1108,882d546e4dfffff
1109,882d5461d3fffff
1110,882d547a29fffff
1111,882d542201fffff
1112,882d546e5dfffff
1113,882d547469fffff
1114,882d56b6a1fffff
1115,882d543b15fffff
1116,882d50d1edfffff
1117,882d54603bfffff
1118,882d509249fffff
1119,882d5439dbfffff
1120,882d546e05fffff
1121,882d5431c3fffff
1122,882d542657fffff
1123,882d544e91fffff
1124,882d546107fffff
1125,882d5092c3fffff
1126,882d50d70dfffff
1127,882d56a607fffff
1128,882d5460c5fffff
1129,882d50d101fffff
1130,882d542cc7fffff
1131,882d5429a5fffff
1132,882d544ca9fffff
1133,882d547869fffff
1134,882d547ae3fffff
1135,882d542157fffff
1136,882d54689bfffff
1137,882d542415fffff
1138,882d5092e5fffff
1139,882d56b6a9fffff
1140,882d547a17fffff
1141,882d5091e9fffff
1142,882d509b01fffff
1143,882d5439e7fffff
1144,882d542517fffff
1145,882d50d237fffff
1146,882d5420b7fffff
1147,882d546705fffff
1148,882d5090c3fffff
1149,882d5469b9fffff
1150,882d54665bfffff
1151,882d56a585fffff
1152,882d546f29fffff
1153,882d509289fffff
1154,882d5479cdfffff
1155,882d56a4c1fffff
1156,882d56b6c5fffff
1157,882d5476ebfffff
1158,882d546833fffff
1159,882d546027fffff
1160,882d546a51fffff
1161,882d54676bfffff
1162,882d546d47fffff
1163,882d546d55fffff
1164,882d50d03dfffff
1165,882d56a5bdfffff
1166,882d542addfffff
1167,882d5469a3fffff
1168,882d542a5bfffff
1169,882d542683fffff
1170,882d542933fffff
1171,882d547101fffff
1172,882d542d35fffff
1173,882d543813fffff
1174,882d546f23fffff
1175,882d5478e3fffff
1176,882d547655fffff
1177,882d542041fffff
1178,882d5438e3fffff
1179,882d542251fffff
1180,882d547a59fffff
1181,882d546a39fffff
1182,882d546ec7fffff
1183,882d546ca7fffff
1184,882d5426edfffff
1185,882d5420b5fffff
1186,882d54266bfffff
1187,882d544c19fffff
1188,882d542eedfffff
1189,882d542117fffff
1190,882d5478c5fffff
1191,882d5421c1fffff
1192,882d542327fffff
1193,882d542d03fffff
1194,882d54696bfffff
1195,882d56a40dfffff
1196,882d542ebbfffff
1197,882d5469d3fffff
1198,882d547a87fffff
1199,882d546cc7fffff
1200,882d5461a7fffff
1201,882d5420bbfffff
1202,882d5429cdfffff
1203,882d54780bfffff
1204,882d56a487fffff
1205,882d546b47fffff
1206,882d546ea5fffff
1207,882d542f11fffff
1208,882d56a503fffff
1209,882d546e0dfffff
1210,882d555b5bfffff
1211,882d546421fffff
1212,882d546d2dfffff
1213,882d555a0dfffff
1214,882d546dd1fffff
1215,882d54245dfffff
1216,882d50da19fffff
1217,882d50d147fffff
1218,882d54280dfffff
1219,882d509a81fffff
1220,882d54676dfffff
1221,882d547b01fffff
1222,882d5430adfffff
1223,882d5460e9fffff
1224,882d50d20dfffff
1225,882d5468c7fffff
1226,882d547119fffff
1227,882d542535fffff
1228,882d56a5d5fffff
1229,882d546595fffff
1230,882d542583fffff
1231,882d546835fffff
1232,882d547463fffff
1233,882d544cdbfffff
1234,882d542c5dfffff
1235,882d5469ddfffff
1236,882d5474a1fffff
1237,882d547853fffff
1238,882d546cd3fffff
1239,882d56a505fffff
1240,882d543965fffff
1241,882d56b613fffff
1242,882d509a63fffff
1243,882d54311bfffff
1244,882d542161fffff
1245,882d50916dfffff
1246,882d56a4a1fffff
1247,882d5438a5fffff
1248,882d542ee9fffff
1249,882d542227fffff
1250,882d5421d5fffff
1251,882d546159fffff
1252,882d546c33fffff
1253,882d54290bfffff
1254,882d544593fffff
1255,882d546ea7fffff
1256,882d50d701fffff
1257,882d50d0b9fffff
1258,882d546c91fffff
1259,882d546017fffff
1260,882d542ee7fffff
1261,882d5474bdfffff
1262,882d50d725fffff
1263,882d543937fffff
1264,882d542e35fffff
1265,882d5439d7fffff
1266,882d543183fffff
1267,882d54700dfffff
1268,882d56a519fffff
1269,882d509005fffff
1270,882d546dd7fffff
1271,882d50d02bfffff
1272,882d5460cdfffff
1273,882d547427fffff
1274,882d5474c1fffff
1275,882d50dac1fffff
1276,882d56a493fffff
1277,882d547915fffff
1278,882d5092dbfffff
1279,882d50d34dfffff
1280,882d509649fffff
1281,882d543a81fffff
1282,882d54794dfffff
1283,882d546c87fffff
1284,882d543849fffff
1285,882d54206bfffff
1286,882d5468bdfffff
1287,882d50d05bfffff
1288,882d50d2c5fffff
1289,882d50d249fffff
1290,882d55514dfffff
1291,882d547a4bfffff
1292,882d5476e5fffff
1293,882d5439a1fffff
1294,882d54644bfffff
1295,882d5090e9fffff
1296,882d542c33fffff
1297,882d547145fffff
1298,882d542685fffff
1299,882d56a5e1fffff
1300,882d547855fffff
1301,882d5468cdfffff
1302,882d56b4b7fffff
1303,882d509203fffff
1304,882d509b1dfffff
1305,882d54380bfffff
1306,882d509301fffff
1307,882d546ce9fffff
1308,882d542615fffff
1309,882d5476b3fffff
1310,882d50d311fffff
1311,882d5464adfffff
1312,882d546a83fffff
1313,882d546327fffff
1314,882d546f15fffff
1315,882d542213fffff
1316,882d56ae8bfffff
1317,882d547029fffff
1318,882d50db5dfffff
1319,882d546647fffff
1320,882d56a6d5fffff
1321,882d546ee5fffff
1322,882d542c2dfffff
1323,882d509151fffff
1324,882d542927fffff
1325,882d542c8dfffff
1326,882d543597fffff
1327,882d54694dfffff
1328,882d56a6cbfffff
1329,882d542ecdfffff
1330,882d5476cbfffff
1331,882d542c05fffff
1332,882d54223dfffff
1333,882d555b41fffff
1334,882d543a23fffff
1335,882d50d745fffff
1336,882d54236dfffff
1337,882d547a0dfffff
1338,882d543865fffff
1339,882d50d287fffff
1340,882d542b31fffff
1341,882d547587fffff
1342,882d547837fffff
1343,882d5429c1fffff
1344,882d542a13fffff
1345,882d546621fffff
1346,882d56a45dfffff
1347,882d5465e9fffff
1348,882d5090c7fffff
1349,882d542487fffff
1350,882d5462b5fffff
1351,882d542e9dfffff
1352,882d542589fffff
1353,882d542b53fffff
1354,882d56b65bfffff
1355,882d546729fffff
1356,882d56b6b3fffff
1357,882d54748dfffff
1358,882d542e65fffff
1359,882d50d349fffff
1360,882d50d105fffff
1361,882d54712dfffff
1362,882d546f35fffff
1363,882d542f6bfffff
1364,882d56a6bdfffff
1365,882d543a9dfffff
1366,882d54646bfffff
1367,882d555a09fffff
1368,882d543193fffff
1369,882d546037fffff
1370,882d542c19fffff
1371,882d5424c7fffff
1372,882d509a1bfffff
1373,882d542ee1fffff
1374,882d547845fffff
1375,882d509181fffff
1376,882d542c4bfffff
1377,882d544c9dfffff
1378,882d555125fffff
1379,882d50d031fffff
1380,882d54668dfffff
1381,882d542d69fffff
1382,882d54642bfffff
1383,882d509213fffff
1384,882d542c85fffff
1385,882d542d19fffff
1386,882d546633fffff
1387,882d542a55fffff
1388,882d542f05fffff
1389,882d50d2d7fffff
1390,882d509325fffff
1391,882d5469b1fffff
1392,882d50d28dfffff
1393,882d546701fffff
1394,882d546737fffff
1395,882d50932dfffff
1396,882d50d0a3fffff
1397,882d546157fffff
1398,882d56a669fffff
1399,882d546cb7fffff
1400,882d546515fffff
1401,882d544eadfffff
1402,882d50da63fffff
1403,882d543135fffff
1404,882d543a1bfffff
1405,882d54731bfffff
1406,882d542159fffff
1407,882d5092abfffff
1408,882d542a23fffff
1409,882d543ac7fffff
1410,882d546149fffff
1411,882d56b411fffff
1412,882d50921dfffff
1413,882d5092c5fffff
1414,882d546a91fffff
1415,882d542a99fffff
1416,882d542ed7fffff
1417,882d546a67fffff
1418,882d542553fffff
1419,882d5429c9fffff
1420,882d542a05fffff
1421,882d50d319fffff
1422,882d54214bfffff
1423,882d50da1dfffff
1424,882d542029fffff
1425,882d546827fffff
1426,882d50d29bfffff
1427,882d509247fffff
1428,882d542c91fffff
1429,882d542831fffff
1430,882d5466d3fffff
1431,882d56b455fffff
1432,882d50931dfffff
1433,882d5424ebfffff
1434,882d54291dfffff
1435,882d542c1bfffff
1436,882d547449fffff
1437,882d546eb7fffff
1438,882d543ae5fffff
1439,882d546e95fffff
1440,882d546569fffff
1441,882d5464c7fffff
1442,882d542dc1fffff
1443,882d5460bdfffff
1444,882d54744dfffff
1445,882d509043fffff
1446,882d5465d7fffff
1447,882d546809fffff
1448,882d542ee3fffff
1449,882d54655dfffff
1450,882d546ce1fffff
1451,882d542629fffff
1452,882d5468edfffff
1453,882d56a6ddfffff
1454,882d546e9dfffff
1455,882d5445b3fffff
1456,882d50d257fffff
1457,882d547593fffff
1458,882d547491fffff
1459,882d542725fffff
1460,882d542457fffff
1461,882d546c13fffff
1462,882d547b15fffff
1463,882d509acdfffff
1464,882d555165fffff
1465,882d5479c5fffff
1466,882d5424d1fffff
1467,882d56b599fffff
1468,882d509029fffff
1469,882d509b2dfffff
1470,882d56b4a1fffff
1471,882d546e6bfffff
1472,882d54254bfffff
1473,882d56a59dfffff
1474,882d56a6d3fffff
1475,882d544cd3fffff
1476,882d555a0bfffff
1477,882d546ad7fffff
1478,882d546921fffff
1479,882d54399bfffff
1480,882d542847fffff
1481,882d542cd5fffff
1482,882d546057fffff
1483,882d547b07fffff
1484,882d5431ddfffff
1485,882d542e8dfffff
1486,882d546405fffff
1487,882d546a5bfffff
1488,882d544ccbfffff
1489,882d50d72dfffff
1490,882d5428b3fffff
1491,882d56a5c1fffff
1492,882d542169fffff
1493,882d54665dfffff
1494,882d56a52bfffff
1495,882d5424c3fffff
1496,882d5479adfffff
1497,882d547317fffff
1498,882d546d05fffff
1499,882d543181fffff
1500,882d5478edfffff
1501,882d5469cbfffff
1502,882d543b17fffff
1503,882d547493fffff
1504,882d5421d1fffff
1505,882d544cb9fffff
1506,882d56a43dfffff
1507,882d5431b9fffff
1508,882d54296bfffff
1509,882d50d227fffff
1510,882d544ee5fffff
1511,882d509343fffff
1512,882d547a25fffff
1513,882d543949fffff
1514,882d50d207fffff
1515,882d547b4dfffff
1516,882d547a2dfffff
1517,882d547825fffff
1518,882d542849fffff
1519,882d509ac7fffff
1520,882d50919dfffff
1521,882d56b611fffff
1522,882d546101fffff
1523,882d547aa1fffff
1524,882d54736bfffff
1525,882d543883fffff
1526,882d546a37fffff
1527,882d5091b3fffff
1528,882d542467fffff
1529,882d54221dfffff
1530,882d542ec1fffff
1531,882d542959fffff
1532,882d54706dfffff
1533,882d544499fffff
1534,882d56a405fffff
1535,882d5469d1fffff
1536,882d50915dfffff
1537,882d5424b1fffff
1538,882d547b3bfffff
1539,882d56a659fffff
1540,882d542205fffff
1541,882d546d01fffff
1542,882d542e2bfffff
1543,882d543ae3fffff
1544,882d5091abfffff
1545,882d5468e3fffff
1546,882d555b0dfffff
1547,882d5468b1fffff
1548,882d56a661fffff
1549,882d54394bfffff
1550,882d509313fffff
1551,882d542265fffff
1552,882d546c2bfffff
1553,882d50d057fffff
1554,882d542405fffff
1555,882d54216bfffff
1556,882d5478e7fffff
1557,882d547951fffff
1558,882d542935fffff
1559,882d5421b9fffff
1560,882d546ca3fffff
1561,882d54271dfffff
1562,882d544cabfffff
1563,882d546a07fffff
1564,882d509ac1fffff
1565,882d5478b7fffff
1566,882d509183fffff
1567,882d50d2edfffff
1568,882d546a8bfffff
1569,882d542b61fffff
1570,882d542721fffff
1571,882d555323fffff
1572,882d546335fffff
1573,882d547a09fffff
1574,882d54688dfffff
1575,882d546b07fffff
1576,882d50d02dfffff
1577,882d543133fffff
1578,882d547805fffff
1579,882d543a11fffff
1580,882d542083fffff
1581,882d50914bfffff
1582,882d5421e9fffff
1583,882d546e8bfffff
1584,882d56b5abfffff
1585,882d54382bfffff
1586,882d56b6e5fffff
1587,882d546e41fffff
1588,882d543b11fffff
1589,882d50d2b7fffff
1590,882d546a95fffff
1591,882d56a531fffff
1592,882d50d2d3fffff
1593,882d546293fffff
1594,882d542233fffff
1595,882d542f51fffff
1596,882d5429d5fffff
1597,882d56a429fffff
1598,882d50d165fffff
1599,882d5478adfffff
1600,882d5469e3fffff
1601,882d543893fffff
1602,882d542dbdfffff
1603,882d509321fffff
1604,882d546333fffff
1605,882d56a62bfffff
1606,882d546abbfffff
1607,882d5435b3fffff
1608,882d546549fffff
1609,882d5465edfffff
1610,882d56a42bfffff
1611,882d54286dfffff
1612,882d50d21bfffff
1613,882d54388bfffff
1614,882d50da47fffff
1615,882d547a13fffff
1616,882d547847fffff
1617,882d547b1bfffff
1618,882d56b40bfffff
1619,882d56b4ebfffff
1620,882d546913fffff
1621,882d542555fffff
1622,882d547143fffff
1623,882d56a651fffff
1624,882d547817fffff
1625,882d546331fffff
1626,882d547867fffff
1627,882d5469c7fffff
1628,882d50912dfffff
1629,882d54633dfffff
1630,882d54786bfffff
1631,882d547459fffff
1632,882d547a67fffff
1633,882d546555fffff
1634,882d5476b7fffff
1635,882d56b4e7fffff
1636,882d509a03fffff
1637,882d56a647fffff
1638,882d50d34bfffff
1639,882d56b431fffff
1640,882d54608dfffff
1641,882d546d25fffff
1642,882d546b0dfffff
1643,882d547a07fffff
1644,882d547839fffff
1645,882d54260bfffff
1646,882d547ab9fffff
1647,882d547103fffff
1648,882d542e93fffff
1649,882d5468d9fffff
1650,882d5428d7fffff
1651,882d5468adfffff
1652,882d5476ddfffff
1653,882d542eb5fffff
1654,882d542e87fffff
1655,882d5424e1fffff
1656,882d5431c5fffff
1657,882d546e53fffff
1658,882d546b67fffff
1659,882d546a1dfffff
1660,882d5469a5fffff
1661,882d56a489fffff
1662,882d543187fffff
1663,882d50d359fffff
1664,882d547311fffff
1665,882d555b43fffff
1666,882d5091cdfffff
1667,882d546d69fffff
1668,882d546f11fffff
1669,882d54788bfffff
1670,882d543b23fffff
1671,882d5092c9fffff
1672,882d54204dfffff
1673,882d542c57fffff
1674,882d542855fffff
1675,882d56b6c3fffff
1676,882d50d113fffff
1677,882d547367fffff
1678,882d50d30bfffff
1679,882d542b07fffff
1680,882d542129fffff
1681,882d542309fffff
1682,882d5469a7fffff
1683,882d56a5abfffff
1684,882d542cb9fffff
1685,882d542eddfffff
1686,882d542891fffff
1687,882d5461b5fffff
1688,882d50834dfffff
1689,882d54730bfffff
1690,882d542817fffff
1691,882d5465b7fffff
1692,882d54293bfffff
1693,882d542d41fffff
1694,882d50d063fffff
1695,882d54768bfffff
1696,882d547b6dfffff
1697,882d5420a1fffff
1698,882d546a49fffff
1699,882d509351fffff
1700,882d56b43dfffff
1701,882d546ce3fffff
1702,882d509197fffff
1703,882d543881fffff
1704,882d547439fffff
1705,882d555a53fffff
1706,882d547341fffff
1707,882d546e07fffff
1708,882d56b43bfffff
1709,882d542451fffff
1710,882d50900dfffff
1711,882d54212bfffff
1712,882d543829fffff
1713,882d5429b7fffff
1714,882d56a4e9fffff
1715,882d542937fffff
1716,882d540c89fffff
1717,882d54281dfffff
1718,882d54251bfffff
1719,882d50db49fffff
1720,882d50d2d5fffff
1721,882d542607fffff
1722,882d546b3bfffff
1723,882d547927fffff
1724,882d542065fffff
1725,882d542c39fffff
1726,882d5428a3fffff
1727,882d543ac3fffff
1728,882d509081fffff
1729,882d546e83fffff
1730,882d5476c3fffff
1731,882d509287fffff
1732,882d546d1bfffff
1733,882d543845fffff
1734,882d5425a3fffff
1735,882d50d0b7fffff
1736,882d542b41fffff
1737,882d56b4d5fffff
1738,882d50d10bfffff
1739,882d5420edfffff
1740,882d5424c1fffff
1741,882d547165fffff
1742,882d56a623fffff
1743,882d54260dfffff
1744,882d542b33fffff
1745,882d542893fffff
1746,882d546c4bfffff
1747,882d56a5d9fffff
1748,882d546141fffff
1749,882d50da23fffff
1750,882d546a27fffff
1751,882d5478a5fffff
1752,882d542e57fffff
1753,882d55536dfffff
1754,882d546849fffff
1755,882d56a639fffff
1756,882d5425c9fffff
1757,882d546135fffff
1758,882d509b5dfffff
1759,882d54792dfffff
1760,882d542805fffff
1761,882d5464b1fffff
1762,882d542cadfffff
1763,882d509269fffff
1764,882d5445a7fffff
1765,882d542409fffff
1766,882d542191fffff
1767,882d546199fffff
1768,882d543947fffff
1769,882d542829fffff
1770,882d546481fffff
1771,882d542033fffff
1772,882d5474a7fffff
1773,882d542633fffff
1774,882d50d335fffff
1775,882d546967fffff
1776,882d50d153fffff
1777,882d543591fffff
1778,882d546969fffff
1779,882d547a35fffff
1780,882d5091bbfffff
1781,882d547967fffff
1782,882d542b15fffff
1783,882d542d33fffff
1784,882d5469b3fffff
1785,882d56a6b7fffff
1786,882d50db51fffff
1787,882d546805fffff
1788,882d542a2dfffff
1789,882d546cc9fffff
1790,882d56a5a3fffff
1791,882d542ee5fffff
1792,882d509307fffff
1793,882d542e27fffff
1794,882d5476e1fffff
1795,882d546727fffff
1796,882d542f31fffff
1797,882d542a27fffff
1798,882d546117fffff
1799,882d547b53fffff
1800,882d54319bfffff
1801,882d56b6cdfffff
1802,882d542b11fffff
1803,882d5421a5fffff
1804,882d5464abfffff
1805,882d546b55fffff
1806,882d56a5e7fffff
1807,882d542f39fffff
1808,882d546c0dfffff
1809,882d50d2c1fffff
1810,882d5469a9fffff
1811,882d509a57fffff
1812,882d547991fffff
1813,882d542a43fffff
1814,882d546e29fffff
1815,882d547ac5fffff
1816,882d50d30dfffff
1817,882d54798dfffff
1818,882d5091d9fffff
1819,882d54616dfffff
1820,882d56a657fffff
1821,882d509945fffff
1822,882d50d261fffff
1823,882d50908bfffff
1824,882d5438b7fffff
1825,882d509a2dfffff
1826,882d547a53fffff
1827,882d547897fffff
1828,882d5424b7fffff
1829,882d56a553fffff
1830,882d50d161fffff
1831,882d546e55fffff
1832,882d54233bfffff
1833,882d5461d9fffff
1834,882d542c0dfffff
1835,882d50935dfffff
1836,882d54651bfffff
1837,882d542e41fffff
1838,882d54222bfffff
1839,882d546b45fffff
1840,882d547893fffff
1841,882d50db69fffff
1842,882d547849fffff
1843,882d546cd9fffff
1844,882d546ad1fffff
1845,882d547b05fffff
1846,882d547a65fffff
1847,882d546867fffff
1848,882d5438d9fffff
1849,882d543aabfffff
1850,882d54658bfffff
1851,882d54660bfffff
1852,882d546283fffff
1853,882d50d103fffff
1854,882d546161fffff
1855,882d5425d1fffff
1856,882d509229fffff
1857,882d543911fffff
1858,882d509b49fffff
1859,882d5445b5fffff
1860,882d5090c9fffff
1861,882d509961fffff
1862,882d50d0ddfffff
1863,882d50d2b5fffff
1864,882d56b687fffff
1865,882d509ac5fffff
1866,882d50da29fffff
1867,882d546b1dfffff
1868,882d56a521fffff
1869,882d546f49fffff
1870,882d546887fffff
1871,882d546965fffff
1872,882d5460d3fffff
1873,882d547b5dfffff
1874,882d54393dfffff
1875,882d54613bfffff
1876,882d50d309fffff
1877,882d50dae9fffff
1878,882d509341fffff
1879,882d5439e1fffff
1880,882d546415fffff
1881,882d50d01dfffff
1882,882d50d33dfffff
1883,882d5445adfffff
1884,882d543ac9fffff
1885,882d547803fffff
1886,882d54735dfffff
1887,882d547047fffff
1888,882d56b583fffff
1889,882d509141fffff
1890,882d546d5bfffff
1891,882d543b3bfffff
1892,882d5444d3fffff
1893,882d50964bfffff
1894,882d50d657fffff
1895,882d542c41fffff
1896,882d5476c5fffff
1897,882d50db47fffff
1898,882d509013fffff
1899,882d542223fffff
1900,882d54203bfffff
1901,882d50d765fffff
1902,882d547903fffff
1903,882d542261fffff
1904,882d5091c7fffff
1905,882d50d0e9fffff
1906,882d542cc9fffff
1907,882d50d729fffff
1908,882d546959fffff
1909,882d509067fffff
1910,882d56a4edfffff
1911,882d542515fffff
1912,882d546ab5fffff
1913,882d542a1bfffff
1914,882d542665fffff
1915,882d546855fffff
1916,882d547b35fffff
1917,882d56a619fffff
1918,882d50da51fffff
1919,882d5090cbfffff
1920,882d56a581fffff
1921,882d546ed7fffff
1922,882d50901dfffff
1923,882d50d759fffff
1924,882d509189fffff
1925,882d546d87fffff
1926,882d56a499fffff
1927,882d509235fffff
1928,882d56a693fffff
1929,882d543127fffff
1930,882d546ee3fffff
1931,882d509b1bfffff
1932,882d546839fffff
1933,882d542dabfffff
1934,882d544cd9fffff
1935,882d5439c7fffff
1936,882d546db9fffff
1937,882d547841fffff
1938,882d5464c9fffff
1939,882d56b4dbfffff
1940,882d50d0c5fffff
1941,882d56b49bfffff
1942,882d543927fffff
1943,882d56a61bfffff
1944,882d50da15fffff
1945,882d546431fffff
1946,882d546b23fffff
1947,882d50d0bdfffff
1948,882d546717fffff
1949,882d5479d5fffff
1950,882d50db09fffff
1951,882d509063fffff
1952,882d50d669fffff
1953,882d5424c9fffff
1954,882d542d43fffff
1955,882d5474b1fffff
1956,882d546653fffff
1957,882d56aed9fffff
1958,882d547b69fffff
1959,882d546903fffff
1960,882d542db5fffff
1961,882d543b37fffff
1962,882d540c93fffff
1963,882d546951fffff
1964,882d542a91fffff
1965,882d542d81fffff
1966,882d547169fffff
1967,882d542acdfffff
1968,882d56a533fffff
1969,882d5474e1fffff
1970,882d546d67fffff
1971,882d547361fffff
1972,882d540cb1fffff
1973,882d546139fffff
1974,882d547659fffff
1975,882d509365fffff
1976,882d547699fffff
1977,882d54262bfffff
1978,882d542361fffff
1979,882d50911bfffff
1980,882d5464d9fffff
1981,882d546709fffff
1982,882d542645fffff
1983,882d5426b5fffff
1984,882d54291bfffff
1985,882d546457fffff
1986,882d542723fffff
1987,882d542ac5fffff
1988,882d5476a1fffff
1989,882d547a19fffff
1990,882d546f67fffff
1991,882d555365fffff
1992,882d54380dfffff
1993,882d543805fffff
1994,882d56a555fffff
1995,882d542b6dfffff
1996,882d546529fffff
1997,882d542035fffff
1998,882d547aadfffff
1999,882d555149fffff
2000,882d546ccbfffff
2001,882d5476c1fffff
2002,882d546493fffff
2003,882d546a8dfffff
2004,882d546423fffff
2005,882d542a01fffff
2006,882d542a63fffff
2007,882d546981fffff
2008,882d50d111fffff
2009,882d542759fffff
2010,882d542681fffff
2011,882d50925bfffff
2012,882d5466cbfffff
2013,882d54680bfffff
2014,882d546c8dfffff
2015,882d56a695fffff
2016,882d509123fffff
2017,882d544c89fffff
2018,882d544585fffff
2019,882d546d6bfffff
2020,882d546a35fffff
2021,882d547443fffff
2022,882d546ea9fffff
2023,882d5461c3fffff
2024,882d5425e7fffff
2025,882d54234bfffff
2026,882d543b39fffff
2027,882d555161fffff
2028,882d50d609fffff
2029,882d509267fffff
2030,882d5466b3fffff
2031,882d546e2dfffff
2032,882d542d45fffff
2033,882d5462a7fffff
2034,882d5468b7fffff
2035,882d5468dbfffff
2036,882d5426e3fffff
2037,882d5465adfffff
2038,882d5428b9fffff
2039,882d5420e1fffff
2040,882d542dd7fffff
2041,882d542489fffff
2042,882d555b4bfffff
2043,882d5425a7fffff
2044,882d546e35fffff
2045,882d546a4bfffff
2046,882d543803fffff
2047,882d5474e9fffff
2048,882d56b401fffff
2049,882d543581fffff
2050,882d509319fffff
2051,882d542953fffff
2052,882d546429fffff
2053,882d54663dfffff
2054,882d56b587fffff
2055,882d547363fffff
2056,882d547933fffff
2057,882d542a87fffff
2058,882d543953fffff
2059,882d56b5d7fffff
2060,882d54259bfffff
2061,882d542cd9fffff
2062,882d547365fffff
2063,882d542597fffff
2064,882d54749dfffff
2065,882d56a6e5fffff
2066,882d547829fffff
2067,882d547a31fffff
2068,882d54233dfffff
2069,882d547807fffff
2070,882d542d15fffff
2071,882d50d065fffff
2072,882d547147fffff
2073,882d509761fffff
2074,882d5460e1fffff
2075,882d509addfffff
2076,882d56ae89fffff
2077,882d55510dfffff
2078,882d5478e5fffff
2079,882d546291fffff
2080,882d5479a5fffff
2081,882d56b483fffff
2082,882d50d053fffff
2083,882d5469d9fffff
2084,882d50db55fffff
2085,882d544e93fffff
2086,882d50da65fffff
2087,882d543ad1fffff
2088,882d50d2cbfffff
2089,882d546ebbfffff
2090,882d54780dfffff
2091,882d509339fffff
2092,882d56a60bfffff
2093,882d543021fffff
2094,882d544ee7fffff
2095,882d546f65fffff
2096,882d50d75dfffff
2097,882d56b6c1fffff
2098,882d546f13fffff
2099,882d5469e7fffff
2100,882d542ac7fffff
2101,882d542b59fffff
2102,882d54765bfffff
2103,882d546553fffff
2104,882d542b05fffff
2105,882d54292dfffff
2106,882d542061fffff
2107,882d547957fffff
2108,882d5461d7fffff
2109,882d50996bfffff
2110,882d546cb5fffff
2111,882d546489fffff
2112,882d50da09fffff
2113,882d5090d9fffff
2114,882d546d09fffff
2115,882d56aecdfffff
2116,882d546c15fffff
2117,882d5426a9fffff
2118,882d546539fffff
2119,882d542163fffff
2120,882d546023fffff
2121,882d5464a3fffff
2122,882d546527fffff
2123,882d546d11fffff
2124,882d546961fffff
2125,882d50db4dfffff
2126,882d5091a3fffff
2127,882d509107fffff
2128,882d543aa5fffff
2129,882d56b48dfffff
2130,882d542343fffff
2131,882d543807fffff
2132,882d56aec9fffff
2133,882d5425d7fffff
2134,882d56a4a3fffff
2135,882d543113fffff
2136,882d544c17fffff
2137,882d50d0e5fffff
2138,882d546599fffff
2139,882d5091dbfffff
2140,882d546c8bfffff
2141,882d5429a7fffff
2142,882d542613fffff
2143,882d546ed5fffff
2144,882d542abdfffff
2145,882d50da41fffff
2146,882d5475bbfffff
2147,882d546f41fffff
2148,882d547431fffff
2149,882d546007fffff
2150,882d542dbbfffff
2151,882d5445abfffff
2152,882d5426a7fffff
2153,882d542dc9fffff
2154,882d509a49fffff
2155,882d543acbfffff
2156,882d54653dfffff
2157,882d54651dfffff
2158,882d5460a7fffff
2159,882d56a4bbfffff
2160,882d542f09fffff
2161,882d542651fffff
2162,882d56b6bdfffff
2163,882d50db4bfffff
2164,882d542ab3fffff
2165,882d546c4dfffff
2166,882d56b4d1fffff
2167,882d5429d1fffff
2168,882d546f09fffff
2169,882d56a5c7fffff
2170,882d547aa5fffff
2171,882d546411fffff
2172,882d54710bfffff
2173,882d547a61fffff
2174,882d543891fffff
2175,882d54249dfffff
2176,882d543ac5fffff
2177,882d542987fffff
2178,882d50d23dfffff
2179,882d54213dfffff
2180,882d5429adfffff
2181,882d546e97fffff
2182,882d546eebfffff
2183,882d56a5a9fffff
2184,882d54784bfffff
2185,882d546a89fffff
2186,882d56a6cdfffff
2187,882d546893fffff
2188,882d50d151fffff
2189,882d546dd3fffff
2190,882d546767fffff
2191,882d542459fffff
2192,882d509a89fffff
2193,882d544cb5fffff
2194,882d56b4c9fffff
2195,882d54264bfffff
2196,882d546ea1fffff
2197,882d546651fffff
2198,882d542639fffff
2199,882d547b0bfffff
2200,882d5439d9fffff
2201,882d56b61bfffff
2202,882d54459dfffff
2203,882d555367fffff
2204,882d56a6b1fffff
2205,882d509a11fffff
2206,882d547167fffff
2207,882d5420b9fffff
2208,882d56a4ddfffff
2209,882d54224dfffff
2210,882d5426b7fffff
2211,882d546c29fffff
2212,882d543851fffff
2213,882d542351fffff
2214,882d543831fffff
2215,882d5465d9fffff
2216,882d5479e1fffff
2217,882d542605fffff
2218,882d5466cdfffff
2219,882d542185fffff
2220,882d54680dfffff
2221,882d542f69fffff
2222,882d542047fffff
2223,882d546145fffff
2224,882d50d325fffff
2225,882d50d139fffff
2226,882d50d663fffff
2227,882d5428b5fffff
2228,882d542621fffff
2229,882d547461fffff
2230,882d54250dfffff
2231,882d54218dfffff
2232,882d546e09fffff
2233,882d50d011fffff
2234,882d54298bfffff
2235,882d54259dfffff
2236,882d56a613fffff
2237,882d547a21fffff
2238,882d542f4dfffff
2239,882d546711fffff
2240,882d5425cbfffff
2241,882d546b31fffff
2242,882d542523fffff
2243,882d546f19fffff
2244,882d5420adfffff
2245,882d542ad9fffff
2246,882d5424a9fffff
2247,882d547489fffff
2248,882d544c1bfffff
2249,882d5091b9fffff
2250,882d50d1d5fffff
2251,882d547a8dfffff
2252,882d543b2bfffff
2253,882d547a23fffff
2254,882d543abdfffff
2255,882d509b47fffff
2256,882d543a85fffff
2257,882d50da67fffff
2258,882d547345fffff
2259,882d542739fffff
2260,882d54629bfffff
2261,882d542113fffff
2262,882d50922bfffff
2263,882d54645bfffff
2264,882d509233fffff
2265,882d542c59fffff
2266,882d542547fffff
2267,882d542183fffff
2268,882d54791dfffff
2269,882d543963fffff
2270,882d509315fffff
2271,882d542ebdfffff
2272,882d50d747fffff
2273,882d555b09fffff
2274,882d546537fffff
2275,882d542339fffff
2276,882d54390dfffff
2277,882d546ccdfffff
2278,882d50d647fffff
2279,882d5421a9fffff
2280,882d50d269fffff
2281,882d54215bfffff
2282,882d543027fffff
2283,882d546627fffff
2284,882d5474e7fffff
2285,882d546c11fffff
2286,882d54782dfffff
2287,882d50d205fffff
2288,882d5431b3fffff
2289,882d50d289fffff
2290,882d546763fffff
2291,882d542141fffff
2292,882d5464edfffff
2293,882d546ee7fffff
2294,882d542199fffff
2295,882d546103fffff
2296,882d5091a5fffff
2297,882d56a5c9fffff
2298,882d543987fffff
2299,882d5469b5fffff
2300,882d542aadfffff
2301,882d555b49fffff
2302,882d547413fffff
2303,882d509103fffff
2304,882d547691fffff
2305,882d542e15fffff
2306,882d542559fffff
2307,882d5092b5fffff
2308,882d5466a9fffff
2309,882d54384dfffff
2310,882d543aebfffff
2311,882d5464c1fffff
2312,882d547589fffff
2313,882d50d11bfffff
2314,882d542e17fffff
2315,882d50d709fffff
2316,882d509059fffff
2317,882d5461e7fffff
2318,882d5090cdfffff
2319,882d509115fffff
2320,882d5428e3fffff
2321,882d5090d7fffff
2322,882d5421cbfffff
2323,882d56a4dbfffff
2324,882d50d251fffff
2325,882d542c55fffff
2326,882d5426a1fffff
2327,882d5438a9fffff
2328,882d542c5bfffff
2329,882d56a53bfffff
2330,882d5431dbfffff
2331,882d5476adfffff
2332,882d54714dfffff
2333,882d542a93fffff
2334,882d546a99fffff
2335,882d54686dfffff
2336,882d542237fffff
2337,882d542453fffff
2338,882d546b57fffff
2339,882d543939fffff
2340,882d544583fffff
2341,882d546ee1fffff
2342,882d54201dfffff
2343,882d546de9fffff
2344,882d542c51fffff
2345,882d542267fffff
2346,882d546635fffff
2347,882d56b6b5fffff
2348,882d5460c9fffff
2349,882d542545fffff
2350,882d5421b5fffff
2351,882d546f25fffff
2352,882d50933bfffff
2353,882d56a4b3fffff
2354,882d56b59dfffff
2355,882d542db1fffff
2356,882d546c6dfffff
2357,882d546723fffff
2358,882d50d645fffff
2359,882d546ec3fffff
2360,882d542cd1fffff
2361,882d50d0c7fffff
2362,882d509159fffff
2363,882d546ca1fffff
2364,882d542d61fffff
2365,882d5431a7fffff
2366,882d543869fffff
2367,882d50d023fffff
2368,882d546d07fffff
2369,882d5474e3fffff
2370,882d546915fffff
2371,882d547685fffff
2372,882d542b1bfffff
2373,882d54603dfffff
2374,882d542d85fffff
2375,882d56b4cbfffff
2376,882d5460b1fffff
2377,882d543959fffff
2378,882d542a3bfffff
2379,882d546b27fffff
2380,882d546167fffff
2381,882d5460ddfffff
2382,882d5465abfffff
2383,882d547a3dfffff
2384,882d50d04dfffff
2385,882d5090adfffff
2386,882d54200dfffff
2387,882d542689fffff
2388,882d546e3bfffff
2389,882d542c95fffff
2390,882d50d295fffff
2391,882d509033fffff
2392,882d5466c9fffff
2393,882d50d1ddfffff
2394,882d50d323fffff
2395,882d5421e3fffff
2396,882d546b2bfffff
2397,882d546a81fffff
2398,882d542da5fffff
2399,882d542dedfffff
2400,882d5425c3fffff
2401,882d5461dbfffff
2402,882d5475abfffff
2403,882d5468c1fffff
2404,882d546dadfffff
2405,882d555a13fffff
2406,882d542023fffff
2407,882d547153fffff
2408,882d56ae13fffff
2409,882d56b597fffff
2410,882d50d085fffff
2411,882d5438d7fffff
2412,882d509a21fffff
2413,882d542203fffff
2414,882d54652dfffff
2415,882d542697fffff
2416,882d509303fffff
2417,882d546585fffff
2418,882d543835fffff
2419,882d56a451fffff
2420,882d54666bfffff
2421,882d5478bbfffff
2422,882d547843fffff
2423,882d56a4cbfffff
2424,882d5461b9fffff
2425,882d5438b3fffff
2426,882d509b21fffff
2427,882d544c33fffff
2428,882d547321fffff
2429,882d50d2bbfffff
2430,882d56a58bfffff
2431,882d547929fffff
2432,882d542d27fffff
2433,882d544597fffff
2434,882d542aa7fffff
2435,882d546143fffff
2436,882d56b489fffff
2437,882d5429bbfffff
2438,882d546991fffff
2439,882d5431d9fffff
2440,882d542365fffff
2441,882d50daedfffff
2442,882d54789dfffff
2443,882d546c2dfffff
2444,882d5421e7fffff
2445,882d5466ebfffff
2446,882d5469c3fffff
2447,882d50d045fffff
2448,882d546c6bfffff
2449,882d56b4bbfffff
2450,882d542dc5fffff
2451,882d5466d9fffff
2452,882d546137fffff
2453,882d5090e3fffff
2454,882d50d20bfffff
2455,882d509119fffff
2456,882d547a3bfffff
2457,882d546803fffff
2458,882d542d5dfffff
2459,882d56a6a5fffff
2460,882d509b3dfffff
2461,882d54253dfffff
2462,882d542eb9fffff
2463,882d50d08bfffff
2464,882d54670dfffff
2465,882d542e45fffff
2466,882d542f61fffff
2467,882d546087fffff
2468,882d50d159fffff
2469,882d50d2e9fffff
2470,882d547155fffff
2471,882d547595fffff
2472,882d56b4e9fffff
2473,882d50d009fffff
2474,882d542c1dfffff
2475,882d50d2a1fffff
2476,882d547a49fffff
2477,882d5428ebfffff
2478,882d509299fffff
2479,882d547315fffff
2480,882d5439c1fffff
2481,882d5429e5fffff
2482,882d555b65fffff
2483,882d543037fffff
2484,882d56b41bfffff
2485,882d5479a3fffff
2486,882d56a48dfffff
2487,882d5460e3fffff
2488,882d56b459fffff
2489,882d542a15fffff
2490,882d509a01fffff
2491,882d555a43fffff
2492,882d542885fffff
2493,882d546687fffff
2494,882d54285bfffff
2495,882d542733fffff
2496,882d546e0bfffff
2497,882d56a68bfffff
2498,882d542d63fffff
2499,882d542a6bfffff
2500,882d50929dfffff
2501,882d54656dfffff
2502,882d50d721fffff
2503,882d542811fffff
2504,882d5439d5fffff
2505,882d509357fffff
2506,882d54789bfffff
2507,882d5478cdfffff
2508,882d546d51fffff
2509,882d5428cdfffff
2510,882d542c99fffff
2511,882d544ce3fffff
2512,882d5431a3fffff
2513,882d546b5bfffff
2514,882d543ad9fffff
2515,882d546817fffff
2516,882d546a4dfffff
2517,882d56b5d5fffff
2518,882d542c89fffff
2519,882d56a697fffff
2520,882d54690dfffff
2521,882d542853fffff
2522,882d50914dfffff
2523,882d56a43bfffff
2524,882d542833fffff
2525,882d509167fffff
2526,882d546559fffff
2527,882d509127fffff
2528,882d546d1dfffff
2529,882d542da3fffff
2530,882d543969fffff
2531,882d544e9bfffff
2532,882d547ac1fffff
2533,882d54226dfffff
2534,882d546129fffff
2535,882d543889fffff
2536,882d509ad7fffff
2537,882d542231fffff
2538,882d546933fffff
2539,882d544ea7fffff
2540,882d54235dfffff
2541,882d509311fffff
2542,882d5465b3fffff
2543,882d546003fffff
2544,882d542313fffff
2545,882d50d36dfffff
2546,882d546d89fffff
2547,882d546b41fffff
2548,882d5465e7fffff
2549,882d50d233fffff
2550,882d50d163fffff
2551,882d56b59bfffff
2552,882d56a4c3fffff
2553,882d547a2bfffff
2554,882d50d06bfffff
2555,882d50d0c1fffff
2556,882d56aed1fffff
2557,882d546e2bfffff
2558,882d50da3dfffff
2559,882d542985fffff
2560,882d5425ebfffff
2561,882d546a93fffff
2562,882d544ed3fffff
2563,882d5460d5fffff
2564,882d546985fffff
2565,882d542f3dfffff
2566,882d509b23fffff
2567,882d5464b3fffff
2568,882d542ce9fffff
2569,882d543a89fffff
2570,882d56b591fffff
2571,882d509a59fffff
2572,882d5429b9fffff
2573,882d50d2e1fffff
2574,882d5091cbfffff
2575,882d542093fffff
2576,882d5466e9fffff
2577,882d542c9dfffff
2578,882d50d291fffff
2579,882d56a617fffff
2580,882d5475a7fffff
2581,882d546733fffff
2582,882d5426e5fffff
2583,882d547ae1fffff
2584,882d546831fffff
2585,882d56b491fffff
2586,882d5424e9fffff
2587,882d543b33fffff
2588,882d543031fffff
2589,882d50d14bfffff
2590,882d546743fffff
2591,882d542017fffff
2592,882d5090d5fffff
2593,882d542269fffff
2594,882d542631fffff
2595,882d5425b9fffff
2596,882d56a5c3fffff
2597,882d547a37fffff
2598,882d50d021fffff
2599,882d546725fffff
2600,882d54270bfffff
2601,882d5424a1fffff
2602,882d5465b1fffff
2603,882d5426bbfffff
2604,882d5428b1fffff
2605,882d555a15fffff
2606,882d5476d1fffff
2607,882d543583fffff
2608,882d56b6ebfffff
2609,882d542b45fffff
2610,882d5431bbfffff
2611,882d543855fffff
2612,882d546f5bfffff
2613,882d546ab7fffff
2614,882d50d043fffff
2615,882d5438b5fffff
2616,882d546de1fffff
2617,882d55512dfffff
2618,882d542c8bfffff
2619,882d546c17fffff
2620,882d56a4e1fffff
2621,882d547a45fffff
2622,882d546f51fffff
2623,882d542925fffff
2624,882d50d069fffff
2625,882d5461c5fffff
2626,882d546cdbfffff
2627,882d54394dfffff
2628,882d547943fffff
2629,882d542b21fffff
2630,882d546181fffff
2631,882d546c07fffff
2632,882d546065fffff
2633,882d546e03fffff
2634,882d542ab1fffff
2635,882d5424d9fffff
2636,882d5465c5fffff
2637,882d56a65dfffff
2638,882d5476e3fffff
2639,882d56a5c5fffff
2640,882d542105fffff
2641,882d542f27fffff
2642,882d546dbdfffff
2643,882d543111fffff
2644,882d50c24dfffff
2645,882d50d213fffff
2646,882d542707fffff
2647,882d542aedfffff
2648,882d542125fffff
2649,882d547901fffff
2650,882d542257fffff
2651,882d50d2e7fffff
2652,882d54791bfffff
2653,882d546661fffff
2654,882d5468a7fffff
2655,882d540c81fffff
2656,882d509129fffff
2657,882d50da31fffff
2658,882d509155fffff
2659,882d54213bfffff
2660,882d542d01fffff
2661,882d54663bfffff
2662,882d50d33bfffff
2663,882d56a621fffff
2664,882d50d01bfffff
2665,882d54281bfffff
2666,882d56a53dfffff
2667,882d50d087fffff
2668,882d56b4e3fffff
2669,882d54292bfffff
2670,882d546d43fffff
2671,882d546819fffff
2672,882d555109fffff
2673,882d5439ddfffff
2674,882d555a59fffff
2675,882d54254dfffff
2676,882d5466e7fffff
2677,882d54299dfffff
2678,882d543b0bfffff
2679,882d542e39fffff
2680,882d54298dfffff
2681,882d50d363fffff
2682,882d56a589fffff
2683,882d50d355fffff
2684,882d547419fffff
2685,882d54358bfffff
2686,882d56aec7fffff
2687,882d542eb7fffff
2688,882d54230dfffff
2689,882d546b15fffff
2690,882d540c97fffff
2691,882d542ab9fffff
2692,882d56b5d3fffff
2693,882d542149fffff
2694,882d50da3bfffff
2695,882d542d31fffff
2696,882d546a3bfffff
2697,882d555121fffff
2698,882d546509fffff
2699,882d56b4b3fffff
2700,882d56a6a7fffff
2701,882d56b45dfffff
2702,882d50d66dfffff
2703,882d546e1dfffff
2704,882d542c37fffff
2705,882d56a6e1fffff
2706,882d50934bfffff
2707,882d56a4d5fffff
2708,882d509a6dfffff
2709,882d546947fffff
2710,882d5438b1fffff
2711,882d50db0dfffff
2712,882d544ea5fffff
2713,882d509a61fffff
2714,882d546c23fffff
2715,882d50d1dbfffff
2716,882d5464ebfffff
2717,882d546557fffff
2718,882d542dddfffff
2719,882d542d09fffff
2720,882d546d35fffff
2721,882d542943fffff
2722,882d547983fffff
2723,882d5474e5fffff
2724,882d544ca3fffff
2725,882d547335fffff
2726,882d5428bbfffff
2727,882d50d15bfffff
2728,882d50d2adfffff
2729,882d540cebfffff
2730,882d542461fffff
2731,882d542563fffff
2732,882d56a40bfffff
2733,882d542d57fffff
2734,882d50d767fffff
2735,882d5460e7fffff
2736,882d542a97fffff
2737,882d546e3dfffff
2738,882d509259fffff
2739,882d54743dfffff
2740,882d5429d3fffff
2741,882d543ab5fffff
2742,882d544c99fffff
2743,882d509b6bfffff
2744,882d54601dfffff
2745,882d5464cbfffff
2746,882d56a51dfffff
2747,882d54799dfffff
2748,882d50925dfffff
2749,882d50d157fffff
2750,882d546a9bfffff
2751,882d50905dfffff
2752,882d56a6edfffff
2753,882d546547fffff
2754,882d54648dfffff
2755,882d5461b3fffff
2756,882d509215fffff
2757,882d5478c9fffff
2758,882d5422e5fffff
2759,882d56a417fffff
2760,882d5426e9fffff
2761,882d547483fffff
2762,882d546d85fffff
2763,882d542cc3fffff
2764,882d50db43fffff
2765,882d542d2dfffff
2766,882d546801fffff
2767,882d542e6dfffff
2768,882d50d12bfffff
2769,882d542c69fffff
2770,882d546689fffff
2771,882d542955fffff
2772,882d547809fffff
2773,882d546d17fffff
2774,882d509331fffff
2775,882d5469c1fffff
2776,882d547a51fffff
2777,882d5439a7fffff
2778,882d50965dfffff
2779,882d54659bfffff
2780,882d543b31fffff
2781,882d56b68bfffff
2782,882d546e27fffff
2783,882d542e8bfffff
2784,882d546963fffff
2785,882d542aa1fffff
2786,882d509087fffff
2787,882d509b07fffff
2788,882d555a49fffff
2789,882d50d107fffff
2790,882d5466dbfffff
2791,882d546cc5fffff
2792,882d547aa3fffff
2793,882d56a455fffff
2794,882d5468e1fffff
2795,882d546a03fffff
2796,882d546a85fffff
2797,882d547637fffff
2798,882d50d047fffff
2799,882d543837fffff
2800,882d547a39fffff
2801,882d547953fffff
2802,882d542ca1fffff
2803,882d555b61fffff
2804,882d542115fffff
2805,882d542e97fffff
2806,882d509647fffff
2807,882d542cd3fffff
2808,882d542d59fffff
2809,882d542703fffff
2810,882d546de5fffff
2811,882d555a61fffff
2812,882d542a07fffff
2813,882d509327fffff
2814,882d542a67fffff
2815,882d546461fffff
2816,882d546183fffff
2817,882d546983fffff
2818,882d50d0a1fffff
2819,882d509169fffff
2820,882d542e63fffff
2821,882d542827fffff
2822,882d542059fffff
2823,882d547695fffff
2824,882d555b69fffff
2825,882d547065fffff
2826,882d54614bfffff
2827,882d54219dfffff
2828,882d56b495fffff
2829,882d547885fffff
2830,882d50926bfffff
2831,882d56b581fffff
2832,882d542695fffff
2833,882d509283fffff
2834,882d54205bfffff
2835,882d547697fffff
2836,882d509015fffff
2837,882d50d339fffff
2838,882d542a69fffff
2839,882d544eabfffff
2840,882d546939fffff
2841,882d546323fffff
2842,882d542aa5fffff
2843,882d50922dfffff
2844,882d54258bfffff
2845,882d546ecdfffff
2846,882d546607fffff
2847,882d5438a7fffff
2848,882d5479bbfffff
2849,882d54392dfffff
2850,882d546147fffff
2851,882d542821fffff
2852,882d543a27fffff
2853,882d56b485fffff
2854,882d56a6d1fffff
2855,882d546ed3fffff
2856,882d542663fffff
2857,882d5091b5fffff
2858,882d542e69fffff
2859,882d542e23fffff
2860,882d50920bfffff
2861,882d542e1bfffff
2862,882d54681bfffff
2863,882d542de5fffff
2864,882d54736dfffff
2865,882d542539fffff
2866,882d5429edfffff
2867,882d5438ebfffff
2868,882d50d029fffff
2869,882d56a597fffff
2870,882d5429b3fffff
2871,882d546d37fffff
2872,882d5460b3fffff
2873,882d5478a7fffff
2874,882d5431a5fffff
2875,882d5425b5fffff
2876,882d542d1bfffff
2877,882d542dd1fffff
2878,882d546dc3fffff
2879,882d542d3dfffff
2880,882d542091fffff
2881,882d5090e7fffff
2882,882d546501fffff
2883,882d542a1dfffff
2884,882d546c3dfffff
2885,882d546cb1fffff
2886,882d542869fffff
2887,882d5421c3fffff
2888,882d50da07fffff
2889,882d546cb3fffff
2890,882d509001fffff
2891,882d546425fffff
2892,882d542137fffff
2893,882d50d121fffff
2894,882d509009fffff
2895,882d56a591fffff
2896,882d5475ddfffff
2897,882d5476b9fffff
2898,882d5420a9fffff
2899,882d50904bfffff
2900,882d542aabfffff
2901,882d542103fffff
2902,882d542a45fffff
2903,882d546811fffff
2904,882d546d61fffff
2905,882d5426d3fffff
2906,882d5421ebfffff
2907,882d542e9bfffff
2908,882d56a583fffff
2909,882d56a4d7fffff
2910,882d542d29fffff
2911,882d54616bfffff
2912,882d5429e3fffff
2913,882d542063fffff
2914,882d547ae7fffff
2915,882d542087fffff
2916,882d544cbdfffff
2917,882d509199fffff
2918,882d509109fffff
2919,882d542ccbfffff
2920,882d547343fffff
2921,882d546615fffff
2922,882d50d2d9fffff
2923,882d56b683fffff
2924,882d542cb7fffff
2925,882d542e3dfffff
2926,882d544ce1fffff
2927,882d547b33fffff
2928,882d546ad5fffff
2929,882d50d015fffff
2930,882d547a1bfffff
2931,882d509a3bfffff
2932,882d542d83fffff
2933,882d5460b9fffff
2934,882d5090ebfffff
2935,882d509211fffff
2936,882d543b35fffff
2937,882d555163fffff
2938,882d542d07fffff
2939,882d5092d3fffff
2940,882d546761fffff
2941,882d5425adfffff
2942,882d540c85fffff
2943,882d555a01fffff
2944,882d542d91fffff
2945,882d542ce3fffff
2946,882d543587fffff
2947,882d54385bfffff
2948,882d5421bdfffff
2949,882d542497fffff
2950,882d542ed5fffff
2951,882d542437fffff
2952,882d546593fffff
2953,882d546657fffff
2954,882d56b6e9fffff
2955,882d509333fffff
2956,882d509b09fffff
2957,882d50d0dbfffff
2958,882d5476dbfffff
2959,882d546eddfffff
2960,882d546b59fffff
2961,882d54283bfffff
2962,882d56a5b7fffff
2963,882d542d51fffff
2964,882d54600bfffff
2965,882d546c95fffff
2966,882d543899fffff
2967,882d542b2bfffff
2968,882d56b5d1fffff
2969,882d547861fffff
2970,882d542e01fffff
2971,882d5465a5fffff
2972,882d5460ebfffff
2973,882d54396dfffff
2974,882d546d59fffff
2975,882d542e05fffff
2976,882d5479a9fffff
2977,882d5439a9fffff
2978,882d555b25fffff
2979,882d547a1dfffff
2980,882d509a17fffff
2981,882d546895fffff
2982,882d50c245fffff
2983,882d5468bbfffff
2984,882d50da55fffff
2985,882d543025fffff
2986,882d546321fffff
2987,882d5092e3fffff
2988,882d546d5dfffff
2989,882d546e13fffff
2990,882d5474b3fffff
2991,882d542839fffff
2992,882d547125fffff
2993,882d542433fffff
2994,882d546545fffff
2995,882d542b19fffff
2996,882d546c05fffff
2997,882d54670bfffff
2998,882d546d53fffff
2999,882d542e37fffff
3000,882d542b69fffff
3001,882d546f17fffff
3002,882d546813fffff
3003,882d509b55fffff
3004,882d50d19dfffff
3005,882d5474c3fffff
3006,882d56a409fffff
3007,882d54383bfffff
3008,882d546927fffff
3009,882d546937fffff
3010,882d5460b7fffff
3011,882d56a601fffff
3012,882d50d0a7fffff
3013,882d542239fffff
3014,882d509263fffff
3015,882d50d1c3fffff
3016,882d542dadfffff
3017,882d547b41fffff
3018,882d546099fffff
3019,882d542da1fffff
3020,882d56b4a3fffff
3021,882d509291fffff
3022,882d542ad1fffff
3023,882d50d005fffff
3024,882d542357fffff
3025,882d5438c5fffff
3026,882d50903bfffff
3027,882d50da6dfffff
3028,882d546869fffff
3029,882d547b29fffff
3030,882d56a509fffff
3031,882d542735fffff
3032,882d542f45fffff
3033,882d5479b1fffff
3034,882d546e23fffff
3035,882d547465fffff
3036,882d50d341fffff
3037,882d542439fffff
3038,882d56ae91fffff
3039,882d546aadfffff
3040,882d56b6b1fffff
3041,882d546a29fffff
3042,882d50da35fffff
3043,882d50d2b9fffff
3044,882d56aec1fffff
3045,882d54733bfffff
3046,882d546c89fffff
3047,882d5435b9fffff
3048,882d5474a5fffff
3049,882d5426a3fffff
3050,882d5474d3fffff
3051,882d5431cdfffff
3052,882d509a9bfffff
3053,882d547301fffff
3054,882d555a4dfffff
3055,882d547a57fffff
3056,882d5464d1fffff
3057,882d546453fffff
3058,882d5091ebfffff
3059,882d5428c3fffff
3060,882d546861fffff
3061,882d542549fffff
3062,882d5475b3fffff
3063,882d54282bfffff
3064,882d5468e7fffff
3065,882d5476d5fffff
3066,882d547997fffff
3067,882d542e67fffff
3068,882d546eedfffff
3069,882d543817fffff
3070,882d56a691fffff
3071,882d5474d9fffff
3072,882d50923bfffff
3073,882d5091bdfffff
3074,882d509297fffff
3075,882d546a6bfffff
3076,882d509b69fffff
3077,882d546db1fffff
3078,882d542641fffff
3079,882d5465e1fffff
3080,882d5420e5fffff
3081,882d5474b7fffff
3082,882d546a25fffff
3083,882d546eabfffff
3084,882d5468ebfffff
3085,882d542c63fffff
3086,882d50db45fffff
3087,882d543199fffff
3088,882d5474ebfffff
3089,882d544e8bfffff
3090,882d5475d9fffff
3091,882d5092b9fffff
3092,882d542f03fffff
3093,882d555b21fffff
3094,882d542ae9fffff
3095,882d542819fffff
3096,882d5475bdfffff
3097,882d5478c1fffff
3098,882d542181fffff
3099,882d540c91fffff
3100,882d50d19bfffff
3101,882d5476c9fffff
3102,882d5435bbfffff
3103,882d5465bdfffff
3104,882d546931fffff
3105,882d542abbfffff
3106,882d5465b9fffff
3107,882d5460a9fffff
3108,882d5424b5fffff
3109,882d542d05fffff
3110,882d50d115fffff
3111,882d546ac7fffff
3112,882d56a4cdfffff
3113,882d546c49fffff
3114,882d56b5d9fffff
3115,882d50d369fffff
3116,882d509b57fffff
3117,882d5474d5fffff
3118,882d546f1bfffff
3119,882d56a643fffff
3120,882d546683fffff
3121,882d5460abfffff
3122,882d547907fffff
3123,882d546865fffff
3124,882d542423fffff
3125,882d5438bdfffff
3126,882d546cddfffff
3127,882d547329fffff
3128,882d56a58dfffff
3129,882d542255fffff
3130,882d546753fffff
3131,882d547a47fffff
3132,882d56a439fffff
3133,882d547891fffff
3134,882d54671bfffff
3135,882d5468e5fffff
3136,882d54694bfffff
3137,882d5461d5fffff
3138,882d547499fffff
3139,882d542aa9fffff
3140,882d509147fffff
3141,882d509a65fffff
3142,882d56aed5fffff
3143,882d5420b3fffff
3144,882d54255dfffff
3145,882d56a55bfffff
3146,882d56a523fffff
3147,882d5461c9fffff
3148,882d56a485fffff
3149,882d509a6bfffff
3150,882d546e17fffff
3151,882d50d2d1fffff
3152,882d546d2bfffff
3153,882d50d0e3fffff
3154,882d542335fffff
3155,882d50d601fffff
3156,882d542127fffff
3157,882d5426d5fffff
3158,882d56a5ebfffff
3159,882d54252bfffff
3160,882d50d64bfffff
3161,882d5469e9fffff
3162,882d542f5bfffff
3163,882d542cb5fffff
3164,882d542165fffff
3165,882d56b6e3fffff
3166,882d5439b3fffff
3167,882d56b593fffff
3168,882d546e19fffff
3169,882d54795bfffff
3170,882d546703fffff
3171,882d50db41fffff
3172,882d546581fffff
3173,882d544491fffff
3174,882d56a447fffff
3175,882d542661fffff
3176,882d54788dfffff
3177,882d546995fffff
3178,882d547599fffff
3179,882d543985fffff
3180,882d54612bfffff
3181,882d5428dbfffff
3182,882d542483fffff
3183,882d542055fffff
3184,882d542d65fffff
3185,882d547369fffff
3186,882d5462abfffff
3187,882d546abdfffff
3188,882d50912bfffff
3189,882d50d60bfffff
3190,882d54785bfffff
3191,882d546c55fffff
3192,882d54618dfffff
3193,882d56a629fffff
3194,882d542001fffff
3195,882d546643fffff
3196,882d546857fffff
3197,882d546935fffff
3198,882d546c83fffff
3199,882d542d49fffff
3200,882d546a59fffff
3201,882d5428e1fffff
3202,882d50d09dfffff
3203,882d50d117fffff
3204,882d50918dfffff
3205,882d546ea3fffff
3206,882d546d9bfffff
3207,882d50dac3fffff
3208,882d542715fffff
3209,882d54275bfffff
3210,882d5425d9fffff
3211,882d509b6dfffff
3212,882d540c99fffff
3213,882d542ae3fffff
3214,882d542359fffff
3215,882d542b29fffff
3216,882d50d32dfffff
3217,882d509195fffff
3218,882d509ad9fffff
3219,882d5461cbfffff
3220,882d542a8bfffff
3221,882d54352dfffff
3222,882d546f55fffff
3223,882d555b47fffff
3224,882d5421b1fffff
3225,882d547a0bfffff
3226,882d546999fffff
3227,882d56a6e9fffff
3228,882d542757fffff
3229,882d546121fffff
3230,882d50d263fffff
3231,882d542b65fffff
3232,882d542ad7fffff
3233,882d54319dfffff
3234,882d50915bfffff
3235,882d54273dfffff
3236,882d54799bfffff
3237,882d546d97fffff
3238,882d5428bdfffff
3239,882d542999fffff
3240,882d56b419fffff
3241,882d5466edfffff
3242,882d544587fffff
3243,882d547453fffff
3244,882d546dcdfffff
3245,882d546625fffff
3246,882d5478a3fffff
3247,882d56b4c3fffff
3248,882d547b55fffff
3249,882d543825fffff
3250,882d546943fffff
3251,882d546a61fffff
3252,882d542a17fffff
3253,882d542835fffff
3254,882d50db05fffff
3255,882d50d1cdfffff
3256,882d54392bfffff
3257,882d542215fffff
3258,882d547495fffff
3259,882d5461e3fffff
3260,882d5460e5fffff
3261,882d5425c5fffff
3262,882d5090c5fffff
3263,882d543139fffff
3264,882d546a09fffff
3265,882d5091c1fffff
3266,882d547985fffff
3267,882d50c249fffff
3268,882d544cadfffff
3269,882d546e59fffff
3270,882d50d11dfffff
3271,882d547ae9fffff
3272,882d56b481fffff
3273,882d540cbdfffff
3274,882d542209fffff
3275,882d543809fffff
3276,882d54652bfffff
3277,882d542d87fffff
3278,882d50d141fffff
3279,882d544c15fffff
3280,882d5424d7fffff
3281,882d547423fffff
3282,882d546ac5fffff
3283,882d56a557fffff
3284,882d54682dfffff
3285,882d50908dfffff
3286,882d546543fffff
3287,882d54748bfffff
3288,882d56b413fffff
3289,882d543ab1fffff
3290,882d509031fffff
3291,882d5439cdfffff
3292,882d56aed7fffff
3293,882d54263dfffff
3294,882d5444bbfffff
3295,882d542221fffff
3296,882d50d0c3fffff
3297,882d547b43fffff
3298,882d5438c1fffff
3299,882d542e07fffff
3300,882d543823fffff
3301,882d50910dfffff
3302,882d50974bfffff
3303,882d546495fffff
3304,882d542587fffff
3305,882d542c9bfffff
3306,882d56a50dfffff
3307,882d542f23fffff
3308,882d50d2b1fffff
3309,882d546a65fffff
3310,882d50906dfffff
3311,882d50da0dfffff
3312,882d546435fffff
3313,882d546c61fffff
3314,882d543ab7fffff
3315,882d56b58bfffff
3316,882d542a9dfffff
3317,882d5421dbfffff
3318,882d542ed3fffff
3319,882d50da49fffff
3320,882d50da11fffff
3321,882d5429a3fffff
3322,882d542e2dfffff
3323,882d547b4bfffff
3324,882d547b11fffff
3325,882d54203dfffff
3326,882d50d2c7fffff
3327,882d5476b1fffff
3328,882d54683dfffff
3329,882d542cb1fffff
3330,882d50d1d7fffff
3331,882d54783dfffff
3332,882d547917fffff
3333,882d56a4a5fffff
3334,882d542a59fffff
3335,882d546e61fffff
3336,882d56a6e7fffff
3337,882d543addfffff
3338,882d54294bfffff
3339,882d56a461fffff
3340,882d5479ebfffff
3341,882d542e6bfffff
3342,882d5092ebfffff
3343,882d546443fffff
3344,882d5421d3fffff
3345,882d50926dfffff
3346,882d544c53fffff
3347,882d547addfffff
3348,882d542c03fffff
3349,882d546b39fffff
3350,882d546c35fffff
3351,882d542021fffff
3352,882d54200bfffff
3353,882d50d241fffff
3354,882d509adbfffff
3355,882d546719fffff
3356,882d547989fffff
3357,882d547b57fffff
3358,882d509039fffff
3359,882d5426b1fffff
3360,882d5479c3fffff
3361,882d56b689fffff
3362,882d54684bfffff
3363,882d509105fffff
3364,882d546113fffff
3365,882d547121fffff
3366,882d5090e1fffff
3367,882d5431a1fffff
3368,882d547ac9fffff
3369,882d546949fffff
3370,882d547591fffff
3371,882d546cedfffff
3372,882d5092cdfffff
3373,882d547b09fffff
3374,882d546863fffff
3375,882d540cbbfffff
3376,882d542945fffff
3377,882d54226bfffff
3378,882d54713dfffff
3379,882d50da2bfffff
3380,882d543905fffff
3381,882d546597fffff
3382,882d547435fffff
3383,882d50d281fffff
3384,882d50db11fffff
3385,882d540ce3fffff
3386,882d509a5bfffff
3387,882d555141fffff
3388,882d542a03fffff
3389,882d5464e1fffff
3390,882d5424a7fffff
3391,882d50d321fffff
3392,882d546da9fffff
3393,882d547457fffff
3394,882d5464e9fffff
3395,882d5092cbfffff
3396,882d5431d5fffff
3397,882d509293fffff
3398,882d50da43fffff
3399,882d547327fffff
3400,882d543023fffff
3401,882d546097fffff
3402,882d542b17fffff
3403,882d543ab9fffff
3404,882d546821fffff
3405,882d5425bbfffff
3406,882d5439d3fffff
3407,882d542c13fffff
3408,882d50903dfffff
3409,882d547833fffff
3410,882d50d259fffff
3411,882d542711fffff
3412,882d546825fffff
3413,882d547b19fffff
3414,882d509349fffff
3415,882d542119fffff
3416,882d509367fffff
3417,882d50d347fffff
3418,882d50db63fffff
3419,882d56a421fffff
3420,882d5468b9fffff
3421,882d54761bfffff
3422,882d50930dfffff
3423,882d542211fffff
3424,882d546f0dfffff
3425,882d56a437fffff
3426,882d543a87fffff
3427,882d5460a1fffff
3428,882d546b4bfffff
3429,882d546e63fffff
3430,882d555325fffff
3431,882d5425bdfffff
3432,882d50913dfffff
3433,882d5092e9fffff
3434,882d509b19fffff
3435,882d546195fffff
3436,882d542e99fffff
3437,882d546491fffff
3438,882d5468d5fffff
3439,882d5462b7fffff
3440,882d509227fffff
3441,882d544c13fffff
3442,882d546455fffff
3443,882d5090bdfffff
3444,882d50d22bfffff
3445,882d54391bfffff
3446,882d54740bfffff
3447,882d5475d5fffff
3448,882d542c3bfffff
3449,882d547b6bfffff
3450,882d5478b3fffff
3451,882d50d199fffff
3452,882d54205dfffff
3453,882d547a4dfffff
3454,882d542c53fffff
3455,882d546dd5fffff
3456,882d546ca5fffff
3457,882d542e3bfffff
3458,882d546dc5fffff
3459,882d54675bfffff
3460,882d542557fffff
3461,882d54601bfffff
3462,882d542c6dfffff
3463,882d5438e5fffff
3464,882d546c0bfffff
3465,882d546089fffff
3466,882d54742bfffff
3467,882d542f21fffff
3468,882d54386dfffff
3469,882d56a6c3fffff
3470,882d547467fffff
3471,882d5092bbfffff
3472,882d542897fffff
3473,882d542053fffff
3474,882d5439c3fffff
3475,882d547149fffff
3476,882d546e85fffff
3477,882d555a55fffff
3478,882d5425e9fffff
3479,882d543a99fffff
3480,882d5431c7fffff
3481,882d54398bfffff
3482,882d542841fffff
3483,882d54615bfffff
3484,882d5092d1fffff
3485,882d544eb7fffff
3486,882d54269bfffff
3487,882d546605fffff
3488,882d5464c3fffff
3489,882d56b63bfffff
3490,882d544e87fffff
3491,882d546127fffff
3492,882d5474d7fffff
3493,882d543a91fffff
3494,882d50d215fffff
3495,882d50d0d1fffff
3496,882d546eadfffff
3497,882d5460c1fffff
3498,882d54768dfffff
3499,882d5429b5fffff
3500,882d50d763fffff
3501,882d50db2bfffff
3502,882d54263bfffff
3503,882d542147fffff
3504,882d542341fffff
3505,882d54303dfffff
3506,882d509609fffff
3507,882d509219fffff
3508,882d546acbfffff
3509,882d54690bfffff
3510,882d509ac9fffff
3511,882d547151fffff
3512,882d546185fffff
3513,882d54318dfffff
3514,882d542c07fffff
3515,882d547305fffff
3516,882d5431d7fffff
3517,882d542acbfffff
3518,882d543b07fffff
3519,882d547163fffff
3520,882d543a13fffff
3521,882d56a481fffff
3522,882d5429c3fffff
3523,882d542eadfffff
3524,882d542101fffff
3525,882d546163fffff
3526,882d56a5d7fffff
3527,882d54782bfffff
3528,882d5476e7fffff
3529,882d509231fffff
3530,882d5421c5fffff
3531,882d540cb7fffff
3532,882d50d143fffff
3533,882d509669fffff
3534,882d542d0dfffff
3535,882d5468c3fffff
3536,882d50d22dfffff
3537,882d5439b9fffff
3538,882d5431e9fffff
3539,882d546b2dfffff
3540,882d546603fffff
3541,882d542a25fffff
3542,882d546c3bfffff
3543,882d54256bfffff
3544,882d5474cbfffff
3545,882d547441fffff
3546,882d546c9bfffff
3547,882d542dcbfffff
3548,882d546ecbfffff
3549,882d5421a1fffff
3550,882d542b57fffff
3551,882d56b417fffff
3552,882d542235fffff
3553,882d56a66dfffff
3554,882d509061fffff
3555,882d546631fffff
3556,882d546aebfffff
3557,882d546881fffff
3558,882d5092c7fffff
3559,882d5461bbfffff
3560,882d542b3bfffff
3561,882d546759fffff
3562,882d56a425fffff
3563,882d56b487fffff
3564,882d54313dfffff
3565,882d542367fffff
3566,882d50d265fffff
3567,882d5090ddfffff
3568,882d546c67fffff
3569,882d555b6dfffff
3570,882d546c5bfffff
3571,882d547445fffff
3572,882d546699fffff
3573,882d54685bfffff
3574,882d5429c5fffff
3575,882d54711dfffff
3576,882d542301fffff
3577,882d5429c7fffff
3578,882d546f2dfffff
3579,882d5474c5fffff
3580,882d5428a1fffff
3581,882d54731dfffff
3582,882d50d743fffff
3583,882d54613dfffff
3584,882d56a5a7fffff
3585,882d542ec9fffff
3586,882d5479a7fffff
3587,882d542c6bfffff
3588,882d509257fffff
3589,882d544c31fffff
3590,882d56a423fffff
3591,882d54742dfffff
3592,882d547905fffff
3593,882d5466abfffff
3594,882d5461adfffff
3595,882d50d129fffff
3596,882d54658dfffff
3597,882d54271bfffff
3598,882d5479a1fffff
3599,882d547a43fffff
3600,882d56a469fffff
3601,882d555a1bfffff
3602,882d5464bbfffff
3603,882d5445bdfffff
3604,882d56a4bdfffff
3605,882d547157fffff
3606,882d54383dfffff
3607,882d542f55fffff
3608,882d546905fffff
3609,882d542e5dfffff
3610,882d542e25fffff
3611,882d546ae9fffff
3612,882d509165fffff
3613,882d56a5e3fffff
3614,882d509023fffff
3615,882d542187fffff
3616,882d5090c1fffff
3617,882d542a09fffff
3618,882d542531fffff
3619,882d509209fffff
3620,882d547161fffff
3621,882d546a05fffff
3622,882d547455fffff
3623,882d546897fffff
3624,882d546511fffff
3625,882d547619fffff
3626,882d56a6ebfffff
3627,882d546e81fffff
3628,882d56a69bfffff
3629,882d542f33fffff
3630,882d509b67fffff
3631,882d546407fffff
3632,882d5461e5fffff
3633,882d5425edfffff
3634,882d54654dfffff
3635,882d543b01fffff
3636,882d509157fffff
3637,882d5439a3fffff
3638,882d56b6b7fffff
3639,882d542007fffff
3640,882d50db59fffff
3641,882d542e49fffff
3642,882d547451fffff
3643,882d5422edfffff
3644,882d50d0e1fffff
3645,882d50d191fffff
3646,882d509143fffff
3647,882d5426adfffff
3648,882d56b589fffff
3649,882d54611bfffff
3650,882d56a517fffff
3651,882d546a2dfffff
3652,882d546609fffff
3653,882d555129fffff
3654,882d56aeddfffff
3655,882d547883fffff
3656,882d509a05fffff
3657,882d50d285fffff
3658,882d542323fffff
3659,882d56aed3fffff
3660,882d5424adfffff
3661,882d50d229fffff
3662,882d542617fffff
3663,882d56a587fffff
3664,882d544c11fffff
3665,882d542f49fffff
3666,882d50905bfffff
3667,882d542363fffff
3668,882d547339fffff
3669,882d5425c7fffff
3670,882d50da4bfffff
3671,882d544cd7fffff
3672,882d546ae3fffff
3673,882d546ec1fffff
3674,882d50d13dfffff
3675,882d50910bfffff
3676,882d546f5dfffff
3677,882d542965fffff
3678,882d54210dfffff
3679,882d546567fffff
3680,882d542d95fffff
3681,882d546d49fffff
3682,882d5479b3fffff
3683,882d5439bdfffff
3684,882d50d0c9fffff
3685,882d50d35dfffff
3686,882d54388dfffff
3687,882d546a1bfffff
3688,882d5091edfffff
3689,882d546e4bfffff
3690,882d546f63fffff
3691,882d544c3bfffff
3692,882d542825fffff
3693,882d56a529fffff
3694,882d542d17fffff
3695,882d542eb1fffff
3696,882d542a51fffff
3697,882d50d641fffff
3698,882d5091ddfffff
3699,882d542f6dfffff
3700,882d544c81fffff
3701,882d5478ebfffff
3702,882d546b17fffff
3703,882d542543fffff
3704,882d542717fffff
3705,882d546019fffff
3706,882d509b53fffff
3707,882d547323fffff
3708,882d546e47fffff
3709,882d50d0b1fffff
3710,882d56b637fffff
3711,882d56a49dfffff
3712,882d50d66bfffff
3713,882d56b6e7fffff
3714,882d546c09fffff
3715,882d50918bfffff
3716,882d544c5bfffff
3717,882d5475b1fffff
3718,882d542c45fffff
3719,882d5465cbfffff
3720,882d542a33fffff
3721,882d54256dfffff
3722,882d50d317fffff
3723,882d546de7fffff
3724,882d542ac3fffff
3725,882d542485fffff
3726,882d5462b3fffff
3727,882d56a537fffff
3728,882d54643dfffff
3729,882d509281fffff
3730,882d547a55fffff
3731,882d540c83fffff
3732,882d546467fffff
3733,882d5428e7fffff
3734,882d547689fffff
3735,882d50d051fffff
3736,882d54745bfffff
3737,882d50d2c3fffff
3738,882d54672bfffff
3739,882d50d00dfffff
3740,882d50d0bbfffff
3741,882d542c65fffff
3742,882d555155fffff
3743,882d542751fffff
3744,882d5425b7fffff
3745,882d555147fffff
3746,882d544ed7fffff
3747,882d546cbdfffff
3748,882d547683fffff
3749,882d5420e7fffff
3750,882d542967fffff
3751,882d509749fffff
3752,882d5424ddfffff
3753,882d50d31bfffff
3754,882d54252dfffff
3755,882d546ac9fffff
3756,882d50da5bfffff
3757,882d50924bfffff
3758,882d5439c9fffff
3759,882d546dabfffff
3760,882d5465c1fffff
3761,882d509745fffff
3762,882d509a5dfffff
3763,882d542993fffff
3764,882d50d315fffff
3765,882d50d025fffff
3766,882d5469e1fffff
3767,882d54293dfffff
3768,882d542eabfffff
3769,882d542431fffff
3770,882d509153fffff
3771,882d5438adfffff
3772,882d56a683fffff
3773,882d509187fffff
3774,882d542529fffff
3775,882d542f59fffff
3776,882d546e87fffff
3777,882d546d65fffff
3778,882d542e5bfffff
3779,882d546695fffff
3780,882d509661fffff
3781,882d5460edfffff
3782,882d546611fffff
3783,882d50d0d9fffff
3784,882d543035fffff
3785,882d5461a9fffff
3786,882d5425cdfffff
3787,882d54313bfffff
3788,882d5438c3fffff
3789,882d547955fffff
3790,882d546815fffff
3791,882d56a6c1fffff
3792,882d542cdbfffff
3793,882d5476e9fffff
3794,882d56b619fffff
3795,882d56b685fffff
3796,882d546db7fffff
3797,882d546a69fffff
3798,882d547b03fffff
3799,882d5429a1fffff
3800,882d546953fffff
3801,882d5465ddfffff
3802,882d542693fffff
3803,882d54669bfffff
3804,882d546445fffff
3805,882d546901fffff
3806,882d50d0adfffff
3807,882d546911fffff
3808,882d5439c5fffff
3809,882d5092a9fffff
3810,882d5428edfffff
3811,882d542c31fffff
3812,882d543861fffff
3813,882d543847fffff
3814,882d56b6b9fffff
3815,882d54449dfffff
3816,882d542d4bfffff
3817,882d54285dfffff
3818,882d547109fffff
3819,882d546c9dfffff
3820,882d54649bfffff
3821,882d5479ddfffff
3822,882d56b6c9fffff
3823,882d546e25fffff
3824,882d542e4bfffff
3825,882d54673dfffff
3826,882d54395dfffff
3827,882d56a609fffff
3828,882d50d307fffff
3829,882d546dc1fffff
3830,882d56a443fffff
3831,882d544c57fffff
3832,882d546da3fffff
3833,882d542a37fffff
3834,882d542997fffff
3835,882d54608bfffff
3836,882d546957fffff
3837,882d56b68dfffff
3838,882d5478b1fffff
3839,882d54699dfffff
3840,882d509261fffff
3841,882d5420abfffff
3842,882d5092bdfffff
3843,882d542809fffff
3844,882d546909fffff
3845,882d5439d1fffff
3846,882d547887fffff
3847,882d50911dfffff
3848,882d509a19fffff
3849,882d50d1e9fffff
3850,882d5468d7fffff
3851,882d50d351fffff
3852,882d5425a9fffff
3853,882d5428a7fffff
3854,882d50db15fffff
3855,882d546587fffff
3856,882d543ad3fffff
3857,882d55512bfffff
3858,882d5438d5fffff
3859,882d546513fffff
3860,882d5465d3fffff
3861,882d5476cdfffff
3862,882d56a6b5fffff
3863,882d509b17fffff
3864,882d546f4dfffff
3865,882d50d643fffff
3866,882d546b05fffff
3867,882d543593fffff
3868,882d56aec3fffff
3869,882d54710dfffff
3870,882d56a5dbfffff
3871,882d56a62dfffff
3872,882d542403fffff
3873,882d50932bfffff
3874,882d509117fffff
3875,882d547909fffff
3876,882d547919fffff
3877,882d54204bfffff
3878,882d546dcbfffff
3879,882d56a51bfffff
3880,882d54693dfffff
3881,882d546993fffff
3882,882d547585fffff
3883,882d546191fffff
3884,882d546d83fffff
3885,882d50900bfffff
3886,882d543933fffff
3887,882d5478d7fffff
3888,882d5468a1fffff
3889,882d54784dfffff
3890,882d555a11fffff
3891,882d56b6dbfffff
3892,882d546747fffff
3893,882d542b43fffff
3894,882d5431c1fffff
3895,882d509355fffff
3896,882d543b13fffff
3897,882d5478bdfffff
3898,882d56a603fffff
3899,882d542049fffff
3900,882d54242bfffff
3901,882d542217fffff
3902,882d543115fffff
3903,882d50d099fffff
3904,882d542d3bfffff
3905,882d542adbfffff
3906,882d542921fffff
3907,882d542143fffff
3908,882d54614dfffff
3909,882d542247fffff
3910,882d5425c1fffff
3911,882d542e0dfffff
3912,882d544c91fffff
3913,882d546d21fffff
3914,882d542c01fffff
3915,882d542d0bfffff
3916,882d543833fffff
3917,882d542595fffff
3918,882d5469adfffff
3919,882d547b17fffff
3920,882d5475d3fffff
3921,882d546aabfffff
3922,882d546081fffff
3923,882d50d15dfffff
3924,882d5479c9fffff
3925,882d555a45fffff
3926,882d5466d1fffff
3927,882d509b45fffff
3928,882d509353fffff
3929,882d5465ebfffff
3930,882d546d4bfffff
3931,882d56a663fffff
3932,882d542a53fffff
3933,882d542dd9fffff
3934,882d5431e5fffff
3935,882d509b35fffff
3936,882d547835fffff
3937,882d56b405fffff
3938,882d542219fffff
3939,882d56b497fffff
3940,882d547b23fffff
3941,882d547a27fffff
3942,882d543a97fffff
3943,882d543b27fffff
3944,882d542349fffff
3945,882d56aecbfffff
3946,882d54643bfffff
3947,882d546cadfffff
3948,882d542ce7fffff
3949,882d54220bfffff
3950,882d54674bfffff
3951,882d542905fffff
3952,882d54755bfffff
3953,882d50d2a7fffff
3954,882d5438c7fffff
3955,882d5466bbfffff
3956,882d50909dfffff
3957,882d547a33fffff
3958,882d509a99fffff
3959,882d5438ddfffff
3960,882d543b1dfffff
3961,882d546e9bfffff
3962,882d509641fffff
3963,882d54611dfffff
3964,882d5429e9fffff
3965,882d543aa7fffff
3966,882d509217fffff
3967,882d546b1bfffff
3968,882d509161fffff
3969,882d542653fffff
3970,882d542ab7fffff
3971,882d5475b5fffff
3972,882d5466c1fffff
3973,882d509057fffff
3974,882d542623fffff
3975,882d544cddfffff
3976,882d509b11fffff
3977,882d546dc9fffff
3978,882d54265dfffff
3979,882d542e91fffff
3980,882d54688bfffff
3981,882d50d089fffff
3982,882d50d131fffff
3983,882d50dac9fffff
3984,882d546011fffff
3985,882d542501fffff
3986,882d54288bfffff
3987,882d5465cdfffff
3988,882d509139fffff
3989,882d50d217fffff
3990,882d509b4bfffff
3991,882d5420a7fffff
3992,882d509747fffff
3993,882d54660dfffff
3994,882d542f4bfffff
3995,882d546e8dfffff
3996,882d542441fffff
3997,882d555a19fffff
3998,882d547a5dfffff
3999,882d50928bfffff
4000,882d509949fffff
4001,882d543adbfffff
4002,882d546d95fffff
4003,882d50db29fffff
4004,882d547485fffff
4005,882d546907fffff
4006,882d56a4abfffff
4007,882d56a4b7fffff
4008,882d543189fffff
4009,882d547303fffff
4010,882d542691fffff
4011,882d542345fffff
4012,882d547347fffff
4013,882d50902bfffff
4014,882d5426b9fffff
4015,882d54685dfffff
4016,882d5465d5fffff
4017,882d542eebfffff
4018,882d543929fffff
4019,882d50da01fffff
4020,882d546cebfffff
4021,882d546d33fffff
4022,882d5424e3fffff
4023,882d542445fffff
4024,882d56b5cbfffff
4025,882d542c0bfffff
4026,882d542e21fffff
4027,882d56b4abfffff
4028,882d54664dfffff
4029,882d5429cbfffff
4030,882d5424bdfffff
4031,882d5478c7fffff
4032,882d50930bfffff
4033,882d54241dfffff
4034,882d5444b3fffff
4035,882d542dd5fffff
4036,882d547865fffff
4037,882d542f57fffff
4038,882d56a6a3fffff
4039,882d54240dfffff
4040,882d546e21fffff
4041,882d50902dfffff
4042,882d546d3dfffff
4043,882d546a9dfffff
4044,882d5469ebfffff
4045,882d543ac1fffff
4046,882d50d203fffff
4047,882d542b4dfffff
4048,882d542991fffff
4049,882d5428ddfffff
4050,882d543857fffff
4051,882d5091e5fffff
4052,882d5439cbfffff
4053,882d542903fffff
4054,882d5476d3fffff
4055,882d54258dfffff
4056,882d5465dbfffff
4057,882d50d2e3fffff
4058,882d50d14dfffff
4059,882d546ad3fffff
4060,882d543ae1fffff
4061,882d546629fffff
4062,882d546ec9fffff
4063,882d546401fffff
4064,882d5439adfffff
4065,882d5476abfffff
4066,882d542411fffff
4067,882d509b43fffff
4068,882d542c29fffff
4069,882d543a95fffff
4070,882d56b437fffff
4071,882d54246dfffff
4072,882d543aedfffff
4073,882d50d155fffff
4074,882d50d0abfffff
4075,882d542939fffff
4076,882d540c95fffff
4077,882d54236bfffff
4078,882d542197fffff
4079,882d546941fffff
4080,882d542f43fffff
4081,882d5424a5fffff
4082,882d5421abfffff
4083,882d546d0dfffff
4084,882d547b25fffff
4085,882d547b0dfffff
4086,882d54794bfffff
4087,882d543085fffff
4088,882d544c83fffff
4089,882d542493fffff
4090,882d50976bfffff
4091,882d56a50bfffff
4092,882d54253bfffff
4093,882d5425d5fffff
4094,882d56a63dfffff
4095,882d5421b3fffff
4096,882d54602bfffff
4097,882d542355fffff
4098,882d543191fffff
4099,882d542c2bfffff
4100,882d5461bdfffff
4101,882d509285fffff
4102,882d5424d3fffff
4103,882d546c5dfffff
4104,882d542dc3fffff
4105,882d542413fffff
4106,882d542c81fffff
4107,882d546a47fffff
4108,882d546823fffff
4109,882d542883fffff
4110,882d54695dfffff
4111,882d547681fffff
4112,882d5475cbfffff
4113,882d5090a7fffff
4114,882d542cabfffff
4115,882d5424abfffff
4116,882d5468cbfffff
4117,882d546503fffff
4118,882d50904dfffff
4119,882d56b615fffff
4120,882d547aa9fffff
4121,882d56b4cdfffff
4122,882d56a4c7fffff
4123,882d547931fffff
4124,882d54250bfffff
4125,882d50d049fffff
4126,882d542625fffff
4127,882d54683bfffff
4128,882d56b4d7fffff
4129,882d5439b1fffff
4130,882d542e33fffff
4131,882d546083fffff
4132,882d5444d9fffff
4133,882d546e69fffff
4134,882d542b6bfffff
4135,882d50d201fffff
4136,882d50835dfffff
4137,882d543919fffff
4138,882d542857fffff
4139,882d547613fffff
4140,882d50d64dfffff
4141,882d546851fffff
4142,882d546edbfffff
4143,882d509a0bfffff
4144,882d50d2abfffff
4145,882d50da59fffff
4146,882d542039fffff
4147,882d509045fffff
4148,882d546169fffff
4149,882d542307fffff
4150,882d546665fffff
4151,882d546a01fffff
4152,882d5469c9fffff
4153,882d544c59fffff
4154,882d542e61fffff
4155,882d55532dfffff
4156,882d543913fffff
4157,882d5466e1fffff
4158,882d542407fffff
4159,882d546955fffff
4160,882d5466c5fffff
4161,882d546c81fffff
4162,882d5426ebfffff
4163,882d546413fffff
4164,882d542f15fffff
4165,882d5476bdfffff
4166,882d547831fffff
4167,882d546745fffff
4168,882d546741fffff
4169,882d546111fffff
4170,882d542511fffff
4171,882d50d365fffff
4172,882d544c1dfffff
4173,882d542525fffff
4174,882d5426b3fffff
4175,882d56a699fffff
4176,882d546a57fffff
4177,882d5439abfffff
4178,882d509645fffff
4179,882d509a4bfffff
4180,882d555145fffff
4181,882d546483fffff
4182,882d543995fffff
4183,882d546469fffff
4184,882d547acbfffff
4185,882d54695bfffff
4186,882d546f59fffff
4187,882d546a13fffff
4188,882d540c8dfffff
4189,882d54689dfffff
4190,882d546cd7fffff
4191,882d542909fffff
4192,882d542931fffff
4193,882d56a645fffff
4194,882d546601fffff
4195,882d547937fffff
4196,882d555b67fffff
4197,882d509a13fffff
4198,882d5460bbfffff
4199,882d5466b7fffff
4200,882d546b43fffff
4201,882d546b09fffff
4202,882d54741dfffff
4203,882d555b5dfffff
4204,882d546021fffff
4205,882d547959fffff
4206,882d546b35fffff
4207,882d54686bfffff
4208,882d54640dfffff
4209,882d542095fffff
4210,882d542c43fffff
4211,882d50da69fffff
4212,882d542d97fffff
4213,882d546addfffff
4214,882d546e43fffff
4215,882d5444d7fffff
4216,882d542069fffff
4217,882d546cc3fffff
4218,882d509245fffff
4219,882d542a49fffff
4220,882d54615dfffff
4221,882d54359dfffff
4222,882d50d06dfffff
4223,882d54609dfffff
4224,882d546c51fffff
4225,882d56b6e1fffff
4226,882d542121fffff
4227,882d56a653fffff
4228,882d56a5b3fffff
4229,882d544cc9fffff
4230,882d542a81fffff
4231,882d509201fffff
4232,882d546325fffff
4233,882d5091c3fffff
4234,882d54255bfffff
4235,882d542b5bfffff
4236,882d5430abfffff
4237,882d509a8bfffff
4238,882d542435fffff
4239,882d54650bfffff
4240,882d54698bfffff
4241,882d546427fffff
4242,882d5468abfffff
4243,882d547447fffff
4244,882d56a655fffff
4245,882d56a535fffff
4246,882d546989fffff
4247,882d542923fffff
4248,882d54730dfffff
4249,882d546739fffff
4250,882d542193fffff
4251,882d509b39fffff
4252,882d542ec5fffff
4253,882d54769bfffff
4254,882d546db5fffff
4255,882d56a611fffff
4256,882d546f53fffff
4257,882d50d361fffff
4258,882d542989fffff
4259,882d542333fffff
4260,882d542801fffff
4261,882d56a457fffff
4262,882d544495fffff
4263,882d544ce7fffff
4264,882d542d89fffff
4265,882d546ab3fffff
4266,882d542995fffff
4267,882d50d145fffff
4268,882d56b5ddfffff
4269,882d542347fffff
4270,882d50d255fffff
4271,882d5424dbfffff
4272,882d542f3bfffff
4273,882d547687fffff
4274,882d56b499fffff
4275,882d543a37fffff
4276,882d546f33fffff
4277,882d543b21fffff
4278,882d555b01fffff
4279,882d5091c5fffff
4280,882d56a433fffff
4281,882d546c69fffff
4282,882d509a25fffff
4283,882d542303fffff
4284,882d5092edfffff
4285,882d543991fffff
4286,882d509007fffff
4287,882d542aebfffff
4288,882d544c87fffff
4289,882d54359bfffff
4290,882d542ed1fffff
4291,882d543955fffff
4292,882d542b51fffff
4293,882d543815fffff
4294,882d542d8bfffff
4295,882d5090a5fffff
4296,882d5430a5fffff
4297,882d56a5e9fffff
4298,882d542963fffff
4299,882d543867fffff
4300,882d542e53fffff
4301,882d546a0bfffff
4302,882d54231bfffff
4303,882d509347fffff
4304,882d509b5bfffff
4305,882d5424d5fffff
4306,882d5460a5fffff
4307,882d5438abfffff
4308,882d56a46bfffff
4309,882d546a33fffff
4310,882d50db01fffff
4311,882d56b653fffff
4312,882d542843fffff
4313,882d509337fffff
4314,882d547811fffff
4315,882d546f57fffff
4316,882d5425e1fffff
4317,882d542f2dfffff
4318,882d54692bfffff
4319,882d5461d1fffff
4320,882d542505fffff
4321,882d54266dfffff
4322,882d56a5cdfffff
4323,882d542449fffff
4324,882d5468c5fffff
4325,882d542051fffff
4326,882d547859fffff
4327,882d546109fffff
4328,882d56b6d1fffff
4329,882d546125fffff
4330,882d5429b1fffff
4331,882d5421a3fffff
4332,882d546001fffff
4333,882d54793dfffff
4334,882d543b1bfffff
4335,882d555107fffff
4336,882d542a83fffff
4337,882d543897fffff
4338,882d54740dfffff
4339,882d547357fffff
4340,882d542263fffff
4341,882d547403fffff
4342,882d50d1d3fffff
4343,882d546e93fffff
4344,882d54283dfffff
4345,882d50d1c9fffff
4346,882d55516bfffff
4347,882d56a637fffff
4348,882d543a8bfffff
4349,882d546d13fffff
4350,882d540ca9fffff
4351,882d542a9bfffff
4352,882d56a5a5fffff
4353,882d50d2bdfffff
4354,882d54785dfffff
4355,882d56a5e5fffff
4356,882d50d337fffff
4357,882d546f01fffff
4358,882d546847fffff
4359,882d540c9dfffff
4360,882d542ccdfffff
4361,882d547b51fffff
4362,882d542cddfffff
4363,882d509359fffff
4364,882d544ce9fffff
4365,882d5424e7fffff
4366,882d56b4b5fffff
4367,882d5464ddfffff
4368,882d546419fffff
4369,882d50d1c1fffff
4370,882d542a5dfffff
4371,882d5092adfffff
4372,882d5466b5fffff
4373,882d546005fffff
4374,882d50931bfffff
4375,882d546eb5fffff
4376,882d542d21fffff
4377,882d544c85fffff
4378,882d54649dfffff
4379,882d542153fffff
4380,882d5421c7fffff
4381,882d544693fffff
4382,882d5445bbfffff
4383,882d5092a5fffff
4384,882d546e37fffff
4385,882d5479e9fffff
4386,882d54223bfffff
4387,882d509255fffff
4388,882d5475c3fffff
4389,882d547aa7fffff
4390,882d50d247fffff
4391,882d54642dfffff
4392,882d546521fffff
4393,882d544eb5fffff
4394,882d547b47fffff
4395,882d547a81fffff
4396,882d5469e5fffff
4397,882d50da2dfffff
4398,882d50d74dfffff
4399,882d546859fffff
4400,882d546c45fffff
4401,882d547105fffff
4402,882d542321fffff
4403,882d56b585fffff
4404,882d5462a1fffff
4405,882d56a5bbfffff
4406,882d54222dfffff
4407,882d546ae7fffff
4408,882d546c31fffff
4409,882d542109fffff
4410,882d543859fffff
4411,882d547abdfffff
4412,882d5426a5fffff
4413,882d5479c1fffff
4414,882d543961fffff
4415,882d56b6d7fffff
4416,882d50d08dfffff
4417,882d50d2cdfffff
4418,882d5464a5fffff
4419,882d542813fffff
4420,882d509b05fffff
4421,882d54230bfffff
4422,882d56a4e3fffff
4423,882d50db1dfffff
4424,882d56b4ddfffff
4425,882d547333fffff
4426,882d542957fffff
4427,882d546b53fffff
4428,882d547a6dfffff
4429,882d543a35fffff
4430,882d542541fffff
4431,882d542499fffff
4432,882d50d055fffff
4433,882d54653bfffff
4434,882d5462b9fffff
4435,882d546ac1fffff
4436,882d547421fffff
4437,882d56b48bfffff
4438,882d509251fffff
4439,882d547813fffff
4440,882d50901bfffff
4441,882d546b37fffff
4442,882d542a21fffff
4443,882d5469c5fffff
4444,882d54201bfffff
4445,882d50d033fffff
4446,882d542b4bfffff
4447,882d546d27fffff
4448,882d56a6d9fffff
4449,882d542551fffff
4450,882d546da5fffff
4451,882d542cbdfffff
4452,882d546a11fffff
4453,882d555b59fffff
4454,882d5479e7fffff
4455,882d509329fffff
4456,882d5478e9fffff
4457,882d5461ebfffff
4458,882d56b6bbfffff
4459,882d5426c5fffff
4460,882d547ab5fffff
4461,882d56ae93fffff
4462,882d56b617fffff
4463,882d5465e5fffff
4464,882d56a5a1fffff
4465,882d542c15fffff
4466,882d54244bfffff
4467,882d542195fffff
4468,882d546853fffff
4469,882d546e67fffff
4470,882d509305fffff
4471,882d542a11fffff
4472,882d546f21fffff
4473,882d56b4c5fffff
4474,882d542b39fffff
4475,882d50d0a5fffff
4476,882d547063fffff
4477,882d50d231fffff
4478,882d542a19fffff
4479,882d542015fffff
4480,882d542427fffff
4481,882d50d65dfffff
4482,882d509121fffff
4483,882d542cd7fffff
4484,882d50db67fffff
4485,882d542ea9fffff
4486,882d546299fffff
4487,882d547415fffff
4488,882d5475b7fffff
4489,882d542803fffff
4490,882d54734bfffff
4491,882d546dddfffff
4492,882d509193fffff
4493,882d547863fffff
4494,882d542ad5fffff
4495,882d546b33fffff
4496,882d54702dfffff
4497,882d50d741fffff
4498,882d5466e3fffff
4499,882d50920dfffff
4500,882d542cc1fffff
4501,882d54215dfffff
4502,882d542929fffff
4503,882d546f31fffff
4504,882d542815fffff
4505,882d546f61fffff
4506,882d56a42dfffff
4507,882d50d253fffff
4508,882d54644dfffff
4509,882d54640bfffff
4510,882d546693fffff
4511,882d546681fffff
4512,882d546e99fffff
4513,882d50d343fffff
4514,882d54610dfffff
4515,882d509265fffff
4516,882d546523fffff
4517,882d5431adfffff
4518,882d5438b9fffff
4519,882d547963fffff
4520,882d5460cbfffff
4521,882d543a15fffff
4522,882d544e9dfffff
4523,882d54675dfffff
4524,882d5464e7fffff
4525,882d542a2bfffff
4526,882d50921bfffff
4527,882d509323fffff
4528,882d509207fffff
4529,882d5479e3fffff
4530,882d542ce1fffff
4531,882d509019fffff
4532,882d54656bfffff
4533,882d546d57fffff
4534,882d50d357fffff
4535,882d56a459fffff
4536,882d546b63fffff
4537,882d5429ebfffff
4538,882d5424cdfffff
4539,882d547a01fffff
4540,882d50d74bfffff
4541,882d5479c7fffff
4542,882d56a507fffff
4543,882d5420a3fffff
4544,882d5420b1fffff
4545,882d542d99fffff
4546,882d542455fffff
4547,882d50db0bfffff
4548,882d56b631fffff
4549,882d542609fffff
4550,882d50d095fffff
4551,882d542495fffff
4552,882d546ab9fffff
4553,882d5428a5fffff
4554,882d542713fffff
4555,882d54732dfffff
4556,882d5091a7fffff
4557,882d5092a7fffff
4558,882d555a4bfffff
4559,882d56b6cbfffff
4560,882d50d235fffff
4561,882d54671dfffff
4562,882d546aa9fffff
4563,882d5092b1fffff
4564,882d50d03bfffff
4565,882d546c47fffff
4566,882d54691dfffff
4567,882d546cbbfffff
4568,882d543967fffff
4569,882d509191fffff
4570,882d547945fffff
4571,882d542f67fffff
4572,882d547a85fffff
4573,882d5428c5fffff
4574,882d542ad3fffff
4575,882d5431d3fffff
4576,882d547b49fffff
4577,882d547325fffff
4578,882d50d367fffff
4579,882d5428d1fffff
4580,882d509b65fffff
4581,882d50d239fffff
4582,882d5420a5fffff
4583,882d5464e5fffff
4584,882d50da1bfffff
4585,882d54382dfffff
4586,882d542447fffff
4587,882d50d0cbfffff
4588,882d509b63fffff
4589,882d542687fffff
4590,882d5462a3fffff
4591,882d542865fffff
4592,882d5091d1fffff
4593,882d542e55fffff
4594,882d555b55fffff
4595,882d542f37fffff
4596,882d543b3dfffff
4597,882d50d2a3fffff
4598,882d5439e3fffff
4599,882d54385dfffff
4600,882d546eb9fffff
4601,882d54264dfffff
4602,882d50da6bfffff
4603,882d5464a7fffff
4604,882d544c95fffff
4605,882d544483fffff
4606,882d5438e9fffff
4607,882d54674dfffff
4608,882d50d333fffff
4609,882d54746bfffff
4610,882d5424b9fffff
4611,882d509089fffff
4612,882d50d0b5fffff
4613,882d5421d9fffff
4614,882d546d23fffff
4615,882d542d6bfffff
4616,882d509225fffff
4617,882d54769dfffff
4618,882d546e89fffff
4619,882d54765dfffff
4620,882d543895fffff
4621,882d509065fffff
4622,882d546c43fffff
4623,882d5429d9fffff
4624,882d50d1d1fffff
4625,882d54619dfffff
4626,882d56b691fffff
4627,882d547581fffff
4628,882d509221fffff
4629,882d56a4d9fffff
4630,882d542d25fffff
4631,882d56b4e5fffff
4632,882d54662bfffff
4633,882d50d329fffff
4634,882d50d13bfffff
4635,882d50d705fffff
4636,882d546409fffff
4637,882d50d039fffff
4638,882d54629dfffff
4639,882d542889fffff
4640,882d542861fffff
4641,882d542581fffff
4642,882d542915fffff
4643,882d543925fffff
4644,882d509b4dfffff
4645,882d50d12dfffff
4646,882d50928dfffff
4647,882d546a17fffff
4648,882d5476d9fffff
4649,882d5431e7fffff
4650,882d555a6bfffff
4651,882d56a6a9fffff
4652,882d54715dfffff
4653,882d546525fffff
4654,882d54696dfffff
4655,882d5475d1fffff
4656,882d543915fffff
4657,882d546c63fffff
4658,882d547819fffff
4659,882d50d26dfffff
4660,882d546c1dfffff
4661,882d54235bfffff
4662,882d56b4bdfffff
4663,882d54391dfffff
4664,882d546189fffff
4665,882d5474a3fffff
4666,882d542807fffff
4667,882d56a513fffff
4668,882d5431abfffff
4669,882d546561fffff
4670,882d543a93fffff
4671,882d5091b7fffff
4672,882d5429abfffff
4673,882d50933dfffff
4674,882d542d11fffff
4675,882d509b0bfffff
4676,882d509243fffff
4677,882d56a483fffff
4678,882d5430a9fffff
4679,882d546d63fffff
4680,882d546c39fffff
4681,882d542425fffff
4682,882d546e91fffff
4683,882d56a419fffff
4684,882d54390bfffff
4685,882d509a39fffff
4686,882d56a605fffff
4687,882d5466d5fffff
4688,882d543843fffff
4689,882d5431bdfffff
4690,882d542881fffff
4691,882d56b6d9fffff
4692,882d54399dfffff
4693,882d5476d7fffff
4694,882d546337fffff
4695,882d543a39fffff
4696,882d5460adfffff
4697,882d56a64dfffff
4698,882d547b63fffff
4699,882d56a633fffff
4700,882d543a33fffff
4701,882d5474cdfffff
4702,882d546295fffff
4703,882d56a681fffff
4704,882d54691bfffff
4705,882d542c27fffff
4706,882d50d081fffff
4707,882d56a5ddfffff
4708,882d54732bfffff
4709,882d547b5bfffff
4710,882d555a41fffff
4711,882d542a4bfffff
4712,882d546433fffff
4713,882d509a41fffff
4714,882d546133fffff
4715,882d542727fffff
4716,882d5428b7fffff
4717,882d509145fffff
4718,882d54661bfffff
4719,882d542ddbfffff
4720,882d50d60dfffff
4721,882d50913bfffff
4722,882d542655fffff
4723,882d5465d1fffff
4724,882d543921fffff
4725,882d54268dfffff
4726,882d50996dfffff
4727,882d5464d5fffff
4728,882d56b6adfffff
4729,882d542d6dfffff
4730,882d5479d9fffff
4731,882d540cd7fffff
4732,882d50834bfffff
4733,882d5466c3fffff
4734,882d5431cbfffff
4735,882d546707fffff
4736,882d54389bfffff
4737,882d54610bfffff
4738,882d542513fffff
4739,882d5421c9fffff
4740,882d5428e9fffff
4741,882d547b21fffff
4742,882d50d31dfffff
4743,882d543903fffff
4744,882d546929fffff
4745,882d5425dbfffff
4746,882d5478abfffff
4747,882d542c17fffff
4748,882d547067fffff
4749,882d54232dfffff
4750,882d54210bfffff
4751,882d547127fffff
4752,882d546b6dfffff
4753,882d542a61fffff
4754,882d508359fffff
4755,882d547b37fffff
4756,882d50d003fffff
4757,882d546441fffff
4758,882d542635fffff
4759,882d54243bfffff
4760,882d5465a3fffff
4761,882d544ccdfffff
4762,882d5464b7fffff
4763,882d56b61dfffff
4764,882d542753fffff
4765,882d542f41fffff
4766,882d542331fffff
4767,882d547881fffff
4768,882d542f25fffff
4769,882d546c37fffff
4770,882d5469a1fffff
4771,882d542337fffff
4772,882d56a5b1fffff
4773,882d542c83fffff
4774,882d509133fffff
4775,882d542863fffff
4776,882d546debfffff
4777,882d543853fffff
4778,882d542859fffff
4779,882d5462bdfffff
4780,882d5091b1fffff
4781,882d546533fffff
4782,882d546115fffff
4783,882d56b4d9fffff
4784,882d5429bdfffff
4785,882d546cabfffff
4786,882d56b45bfffff
4787,882d50d649fffff
4788,882d50d2b3fffff
4789,882d5474ddfffff
4790,882d546cc1fffff
4791,882d5466b9fffff
4792,882d509361fffff
4793,882d542867fffff
4794,882d546f6dfffff
4795,882d54289bfffff
4796,882d542e43fffff
4797,882d54211bfffff
4798,882d546a23fffff
4799,882d547307fffff
4800,882d546e6dfffff
4801,882d54783bfffff
4802,882d50da53fffff
4803,882d546085fffff
4804,882d56b451fffff
4805,882d54245bfffff
4806,882d56b407fffff
4807,882d509ac3fffff
4808,882d542f2bfffff
4809,882d509941fffff
4810,882d543981fffff
4811,882d509239fffff
4812,882d5478c3fffff
4813,882d542845fffff
4814,882d546a21fffff
4815,882d542e31fffff
4816,882d55532bfffff
4817,882d542567fffff
4818,882d50936bfffff
4819,882d56b4a7fffff
4820,882d546e65fffff
4821,882d54248dfffff
4822,882d56b4a9fffff
4823,882d54648bfffff
4824,882d542c4dfffff
4825,882d542003fffff
4826,882d509a67fffff
4827,882d509ad1fffff
4828,882d543935fffff
4829,882d543185fffff
4830,882d5465a7fffff
4831,882d54669dfffff
4832,882d50d0d5fffff
4833,882d547b3dfffff
4834,882d555a69fffff
4835,882d50d243fffff
4836,882d50dac5fffff
4837,882d56a41dfffff
4838,882d546485fffff
4839,882d546c21fffff
4840,882d546f3dfffff
4841,882d5462bbfffff
4842,882d542f63fffff
4843,882d542b47fffff
4844,882d543abbfffff
4845,882d56a4a9fffff
4846,882d56a641fffff
4847,882d542ca5fffff
4848,882d546ae1fffff
4849,882d5464b9fffff
4850,882d5425a1fffff
4851,882d543a17fffff
4852,882d5475a1fffff
4853,882d5421e5fffff
4854,882d54715bfffff
4855,882d542443fffff
4856,882d50d0a9fffff
4857,882d54288dfffff
4858,882d5428e5fffff
4859,882d5090abfffff
4860,882d540cd3fffff
4861,882d50d0ebfffff
4862,882d50d299fffff
4863,882d5426d1fffff
4864,882d547851fffff
4865,882d542139fffff
4866,882d543117fffff
4867,882d544493fffff
4868,882d543aa9fffff
4869,882d542919fffff
4870,882d546e57fffff
4871,882d544e83fffff
4872,882d542f65fffff
4873,882d544c0bfffff
4874,882d56a5b5fffff
4875,882d547801fffff
4876,882d5461b1fffff
4877,882d546e01fffff
4878,882d542d37fffff
4879,882d56a5d1fffff
4880,882d546aedfffff
4881,882d56b6edfffff
4882,882d56a5d3fffff
4883,882d546487fffff
4884,882d56b6d3fffff
4885,882d544eb1fffff
4886,882d50da39fffff
4887,882d542481fffff
4888,882d542b1dfffff
4889,882d508347fffff
4890,882d54790dfffff
4891,882d547a05fffff
4892,882d56ae1bfffff
4893,882d509149fffff
4894,882d50924dfffff
4895,882d54655bfffff
4896,882d54796bfffff
4897,882d56a63bfffff
4898,882d509099fffff
4899,882d50db07fffff
4900,882d50d345fffff
4901,882d5462a5fffff
4902,882d509b31fffff
4903,882d5421e1fffff
4904,882d542c61fffff
4905,882d542619fffff
4906,882d50d26bfffff
4907,882d50d331fffff
4908,882d509a69fffff
4909,882d56a453fffff
4910,882d546f3bfffff
4911,882d54209dfffff
4912,882d56b4c1fffff
4913,882d5469edfffff
4914,882d546d45fffff
4915,882d542521fffff
4916,882d542981fffff
4917,882d5425d3fffff
4918,882d56a60dfffff
4919,882d5092a3fffff
4920,882d542189fffff
4921,882d546f27fffff
4922,882d509a91fffff
4923,882d546765fffff
4924,882d546d39fffff
4925,882d5424bbfffff
4926,882d5431b7fffff
4927,882d547a63fffff
4928,882d544cc5fffff
4929,882d5445a5fffff
4930,882d5474b9fffff
4931,882d54759bfffff
4932,882d542dc7fffff
4933,882d543a9bfffff
4934,882d5475b9fffff
4935,882d547925fffff
4936,882d509047fffff
4937,882d54393bfffff
4938,882d509309fffff
4939,882d546c03fffff
4940,882d542ac9fffff
4941,882d50da13fffff
4942,882d5461e1fffff
4943,882d542145fffff
4944,882d546583fffff
4945,882d509237fffff
4946,882d56ae99fffff
4947,882d5438cdfffff
4948,882d56b595fffff
4949,882d546c99fffff
4950,882d542a57fffff
4951,882d542131fffff
4952,882d543137fffff
4953,882d547939fffff
4954,882d546a43fffff
4955,882d56a435fffff
4956,882d509765fffff
4957,882d5421cdfffff
4958,882d546153fffff
4959,882d508249fffff
4960,882d542097fffff
4961,882d5439e9fffff
4962,882d56a667fffff
4963,882d54673bfffff
4964,882d542cc5fffff
4965,882d54381dfffff
4966,882d542b13fffff
4967,882d546039fffff
4968,882d542949fffff
4969,882d56b4c7fffff
4970,882d50c24bfffff
4971,882d543923fffff
4972,882d509a29fffff
4973,882d56a65bfffff
4974,882d509053fffff
4975,882d543ae9fffff
4976,882d5474dbfffff
4977,882d542dd3fffff
4978,882d542253fffff
4979,882d546d29fffff
4980,882d544c8dfffff
4981,882d56a411fffff
4982,882d50d167fffff
4983,882d546497fffff
4984,882d5464c5fffff
4985,882d542315fffff
4986,882d546b29fffff
4987,882d543907fffff
4988,882d56a68dfffff
4989,882d5466adfffff
4990,882d555b4dfffff
4991,882d54232bfffff
4992,882d547123fffff
4993,882d50d29dfffff
4994,882d555167fffff
4995,882d542135fffff
4996,882d546b11fffff
4997,882d546033fffff
4998,882d56a6e3fffff
4999,882d546403fffff
5000,882d54262dfffff
5001,882d5092d9fffff
5002,882d50d293fffff
5003,882d5438a1fffff
5004,882d50d1d9fffff
5005,882d5468a5fffff
5006,882d50d1cbfffff
5007,882d56b5dbfffff
5008,882d5445a3fffff
5009,882d542755fffff
5010,882d509741fffff
5011,882d546f6bfffff
5012,882d546721fffff
5013,882d5091a9fffff
5014,882d56b41dfffff
5015,882d54618bfffff
5016,882d54449bfffff
5017,882d56a689fffff
5018,882d543a3bfffff
5019,882d56a64bfffff
5020,882d5090a1fffff
5021,882d542ac1fffff
5022,882d542f5dfffff
5023,882d56b697fffff
5024,882d546641fffff
5025,882d542913fffff
5026,882d546997fffff
5027,882d547b45fffff
5028,882d56b6a7fffff
5029,882d56a6c7fffff
5030,882d54261dfffff
5031,882d50d1ebfffff
5032,882d546d4dfffff
5033,882d509113fffff
5034,882d542005fffff
5035,882d50d061fffff
5036,882d54398dfffff
5037,882d56a515fffff
5038,882d509a09fffff
5039,882d542961fffff
5040,882d542369fffff
5041,882d542243fffff
5042,882d5421ddfffff
5043,882d50d0d7fffff
5044,882d546541fffff
5045,882d54716dfffff
5046,882d542d13fffff
5047,882d509125fffff
5048,882d5464e3fffff
5049,882d546535fffff
5050,882d56b403fffff
5051,882d56b453fffff
5052,882d54242dfffff
5053,882d54684dfffff
5054,882d543131fffff
5055,882d543983fffff
5056,882d546a0dfffff
5057,882d509a15fffff
5058,882d5444b1fffff
5059,882d547633fffff
5060,882d50d2ddfffff
5061,882d542f53fffff
5062,882d542025fffff
5063,882d56a407fffff
5064,882d54249bfffff
5065,882d544e97fffff
5066,882d54294dfffff
5067,882d5092d7fffff
5068,882d547913fffff
5069,882d542491fffff
5070,882d5476a3fffff
5071,882d56b693fffff
5072,882d542d1dfffff
5073,882d542e09fffff
5074,882d5478b9fffff
5075,882d5475c9fffff
5076,882d546b0bfffff
5077,882d546297fffff
5078,882d5425e3fffff
5079,882d547aabfffff
5080,882d5474c9fffff
5081,882d543917fffff
5082,882d542507fffff
5083,882d56a595fffff
5084,882d509035fffff
5085,882d56a539fffff
