,geohash
0,880b825493fffff
1,880b9cd269fffff
2,880b9c8c63fffff
3,880b827403fffff
4,880b822963fffff
5,880b820427fffff
6,880b9c8765fffff
7,880b820421fffff
8,880b820107fffff
9,880b9c8013fffff
10,880b820023fffff
11,880b9c9b5dfffff
12,880b9c8d95fffff
13,880b9c9ac1fffff
14,880b9cb841fffff
15,880b82722dfffff
16,880b827ab9fffff
17,880b9cb965fffff
18,880b9c9909fffff
19,880b9c888bfffff
20,880b9c8093fffff
21,880b820a27fffff
22,880b8209b1fffff
23,880b826209fffff
24,880b8204abfffff
25,880b820443fffff
26,880b8229d5fffff
27,880b8272b9fffff
28,880b8200cdfffff
29,880b824643fffff
30,880b9cbb4dfffff
31,880b827365fffff
32,880b822a9dfffff
33,880b8269abfffff
34,880b9c8857fffff
35,880b826c51fffff
36,880b827ab1fffff
37,880b820153fffff
38,880b822ad9fffff
39,880b820137fffff
40,880b8208d9fffff
41,880b9c9225fffff
42,880b82615dfffff
43,880b823893fffff
44,880b9c8429fffff
45,880b82013bfffff
46,880b8276b1fffff
47,880b9c8ea3fffff
48,880b820a23fffff
49,880b9c98abfffff
50,880b820b0bfffff
51,880b820ac5fffff
52,880b8229e9fffff
53,880b826e9dfffff
54,880b82756dfffff
55,880b8246e1fffff
56,880b827669fffff
57,880b82390dfffff
58,880b8215b1fffff
59,880b8272b1fffff
60,880b820a89fffff
61,880b823899fffff
62,880b8229a9fffff
63,880b9c9997fffff
64,880b9c9035fffff
65,880b9c85c1fffff
66,880b8201c7fffff
67,880b82285dfffff
68,880b822861fffff
69,880b8219b9fffff
70,880b823b35fffff
71,880b9c8a57fffff
72,880b826a65fffff
73,880b826ab9fffff
74,880b827885fffff
75,880b824663fffff
76,880b82733bfffff
77,880b820ad7fffff
78,880b820903fffff
79,880b9c90bdfffff
80,880b8271a1fffff
81,880b8200d3fffff
82,880b9cd247fffff
83,880b8264d7fffff
84,880b9c126bfffff
85,880b8231b3fffff
86,880b820185fffff
87,880b820d51fffff
88,880b822b45fffff
89,880b9c8347fffff
90,880b8269ebfffff
91,880b826ad1fffff
92,880b82468bfffff
93,880b823ae9fffff
94,880b9c8865fffff
95,880b820c43fffff
96,880b9cd2c9fffff
97,880b822135fffff
98,880b9c82d7fffff
99,880b824623fffff
100,880b9c8e8dfffff
101,880b827ae9fffff
102,880b826c35fffff
103,880b820ab5fffff
104,880b820123fffff
105,880b9cd21bfffff
106,880b823949fffff
107,880b9c9239fffff
108,880b9c9b23fffff
109,880b9c884dfffff
110,880b9c8245fffff
111,880b82613bfffff
112,880b820533fffff
113,880b9c124dfffff
114,880b9c8847fffff
115,880b823931fffff
116,880b8274bdfffff
117,880b820435fffff
118,880b8200edfffff
119,880b9c8107fffff
120,880b8272e5fffff
121,880b8200e3fffff
122,880b826f0bfffff
123,880b9c8761fffff
124,880b9c92a9fffff
125,880b825563fffff
126,880b9c82bbfffff
127,880b9c9333fffff
128,880b9cbb33fffff
129,880b820867fffff
130,880b8205d9fffff
131,880b820819fffff
132,880b9c9847fffff
133,880b9c99b1fffff
134,880b8208c3fffff
135,880b820995fffff
136,880b826951fffff
137,880b820089fffff
138,880b82725dfffff
139,880b827209fffff
140,880b9c9a01fffff
141,880b9c881dfffff
142,880b820a99fffff
143,880b825505fffff
144,880b8246ebfffff
145,880b8278cbfffff
146,880b82470bfffff
147,880b9c9b2dfffff
148,880b8276b3fffff
149,880b9c9899fffff
150,880b9c8a67fffff
151,880b9c8441fffff
152,880b826cb5fffff
153,880b823abbfffff
154,880b820e59fffff
155,880b9c82ddfffff
156,880b82696bfffff
157,880b820f23fffff
158,880b826145fffff
159,880b826abbfffff
160,880b820c39fffff
161,880b820d4bfffff
162,880b9c916bfffff
163,880b9c8a93fffff
164,880b9c9989fffff
165,880b82081dfffff
166,880b8271cdfffff
167,880b9c9201fffff
168,880b827057fffff
169,880b823991fffff
170,880b822a6dfffff
171,880b9c92e3fffff
172,880b827407fffff
173,880b9c89c3fffff
174,880b822b19fffff
175,880b9c8089fffff
176,880b822b61fffff
177,880b827a01fffff
178,880b9c9217fffff
179,880b9c9891fffff
180,880b825587fffff
181,880b820517fffff
182,880b9c8985fffff
183,880b82682bfffff
184,880b820521fffff
185,880b9c98d5fffff
186,880b8201bbfffff
187,880b827441fffff
188,880b9cd2abfffff
189,880b826dc3fffff
190,880b9c8ebdfffff
191,880b820091fffff
192,880b8262d9fffff
193,880b9c90e9fffff
194,880b8278d1fffff
195,880b8246cdfffff
196,880b826e49fffff
197,880b826127fffff
198,880b827acbfffff
199,880b823863fffff
200,880b827597fffff
201,880b9c8a19fffff
202,880b826439fffff
203,880b826a2bfffff
204,880b9c99b3fffff
205,880b8246e7fffff
206,880b9c9addfffff
207,880b9cd341fffff
208,880b8205a7fffff
209,880b9c8443fffff
210,880b823a4dfffff
211,880b8276a3fffff
212,880b9c994dfffff
213,880b827463fffff
214,880b9c8327fffff
215,880b9c9b09fffff
216,880b9c8f23fffff
217,880b9c8e83fffff
218,880b8274e5fffff
219,880b827215fffff
220,880b823b03fffff
221,880b820753fffff
222,880b9c99e9fffff
223,880b826e59fffff
224,880b9c8335fffff
225,880b8200e1fffff
226,880b9c9969fffff
227,880b9c9119fffff
228,880b824741fffff
229,880b9cbb4bfffff
230,880b826d65fffff
231,880b827457fffff
232,880b826f51fffff
233,880b826da1fffff
234,880b82719dfffff
235,880b820e43fffff
236,880b820c81fffff
237,880b9c8ed9fffff
238,880b820e69fffff
239,880b823ac9fffff
240,880b822261fffff
241,880b9cd33dfffff
242,880b82683dfffff
243,880b8200dbfffff
244,880b822845fffff
245,880b827a23fffff
246,880b9c9a83fffff
247,880b827ac1fffff
248,880b820915fffff
249,880b8219a7fffff
250,880b826cd3fffff
251,880b8262b3fffff
252,880b826103fffff
253,880b9c8105fffff
254,880b826aa1fffff
255,880b826e35fffff
256,880b820b13fffff
257,880b8219b3fffff
258,880b8272d1fffff
259,880b820129fffff
260,880b820299fffff
261,880b9c8e1bfffff
262,880b9c8dd9fffff
263,880b9c99d7fffff
264,880b823a83fffff
265,880b9c80a3fffff
266,880b826e2dfffff
267,880b823131fffff
268,880b82661bfffff
269,880b8219e3fffff
270,880b820e29fffff
271,880b9c85bdfffff
272,880b827a53fffff
273,880b9c99d5fffff
274,880b9c81b3fffff
275,880b820827fffff
276,880b9c8521fffff
277,880b820187fffff
278,880b826957fffff
279,880b9cd22dfffff
280,880b8265e1fffff
281,880b826cc5fffff
282,880b9c8c45fffff
283,880b820f51fffff
284,880b82050dfffff
285,880b9c8f6dfffff
286,880b8208d7fffff
287,880b826dedfffff
288,880b9c8d8dfffff
289,880b8260b3fffff
290,880b8274e3fffff
291,880b823a01fffff
292,880b820181fffff
293,880b9c8a61fffff
294,880b8228a7fffff
295,880b826ca7fffff
296,880b9c80edfffff
297,880b9cd207fffff
298,880b9cd2c7fffff
299,880b9c9203fffff
300,880b8275d3fffff
301,880b82765dfffff
302,880b82198dfffff
303,880b8239edfffff
304,880b9c85b9fffff
305,880b823aa3fffff
306,880b824669fffff
307,880b82310bfffff
308,880b8229e5fffff
309,880b9c9233fffff
310,880b822145fffff
311,880b826a61fffff
312,880b8244d3fffff
313,880b826c47fffff
314,880b9c8195fffff
315,880b823003fffff
316,880b824447fffff
317,880b82650bfffff
318,880b9c9357fffff
319,880b9c8b19fffff
320,880b9c9b4bfffff
321,880b823891fffff
322,880b826567fffff
323,880b822345fffff
324,880b82445dfffff
325,880b826a0dfffff
326,880b826453fffff
327,880b91a491fffff
328,880b826cc7fffff
329,880b82635dfffff
330,880b827547fffff
331,880b822919fffff
332,880b823ad7fffff
333,880b826ed7fffff
334,880b827331fffff
335,880b82752dfffff
336,880b82632dfffff
337,880b8272cdfffff
338,880b826c1dfffff
339,880b8264a1fffff
340,880b9cd2d1fffff
341,880b8201dbfffff
342,880b9c98c7fffff
343,880b9c9a39fffff
344,880b82664bfffff
345,880b820481fffff
346,880b822ad5fffff
347,880b8279b7fffff
348,880b9c84a7fffff
349,880b826a27fffff
350,880b9c9145fffff
351,880b9c924bfffff
352,880b9c9a27fffff
353,880b82399bfffff
354,880b9c8a4dfffff
355,880b826c53fffff
356,880b8244ddfffff
357,880b9c836bfffff
358,880b823ab3fffff
359,880b82318dfffff
360,880b820139fffff
361,880b82296dfffff
362,880b8276a1fffff
363,880b823111fffff
364,880b9c9841fffff
365,880b9cba61fffff
366,880b9c8731fffff
367,880b9c8ad5fffff
368,880b82629bfffff
369,880b91a45dfffff
370,880b823061fffff
371,880b826149fffff
372,880b825515fffff
373,880b826a25fffff
374,880b8278ddfffff
375,880b823831fffff
376,880b826451fffff
377,880b827649fffff
378,880b824627fffff
379,880b8202d7fffff
380,880b820ce3fffff
381,880b826105fffff
382,880b8231e7fffff
383,880b826ebdfffff
384,880b823961fffff
385,880b8254dbfffff
386,880b820ccdfffff
387,880b827325fffff
388,880b9c8a85fffff
389,880b820643fffff
390,880b8238b9fffff
391,880b826441fffff
392,880b9c8009fffff
393,880b820cc7fffff
394,880b8254a3fffff
395,880b82076dfffff
396,880b9c99bdfffff
397,880b91a6c3fffff
398,880b820e5dfffff
399,880b9cb951fffff
400,880b9c913dfffff
401,880b827335fffff
402,880b8261d3fffff
403,880b823823fffff
404,880b82054bfffff
405,880b822b5dfffff
406,880b9c8341fffff
407,880b9c8703fffff
408,880b82693dfffff
409,880b826a63fffff
410,880b91a62bfffff
411,880b82212dfffff
412,880b8271b3fffff
413,880b826895fffff
414,880b827631fffff
415,880b827629fffff
416,880b823b65fffff
417,880b824403fffff
418,880b820817fffff
419,880b820f31fffff
420,880b827ac9fffff
421,880b822ae1fffff
422,880b82619dfffff
423,880b826599fffff
424,880b82618dfffff
425,880b824459fffff
426,880b820b4bfffff
427,880b826935fffff
428,880b9c9b13fffff
429,880b822325fffff
430,880b9c884bfffff
431,880b9c91c5fffff
432,880b827a09fffff
433,880b9cd0ddfffff
434,880b820807fffff
435,880b9c8523fffff
436,880b8244d7fffff
437,880b823a39fffff
438,880b82099bfffff
439,880b8232e7fffff
440,880b8229a3fffff
441,880b823a97fffff
442,880b9c8dadfffff
443,880b8255e1fffff
444,880b8271bdfffff
445,880b82391dfffff
446,880b8266a7fffff
447,880b8215abfffff
448,880b82080dfffff
449,880b823b39fffff
450,880b82464bfffff
451,880b9c9503fffff
452,880b9c89e1fffff
453,880b824759fffff
454,880b820eedfffff
455,880b827883fffff
456,880b824495fffff
457,880b91a4ebfffff
458,880b82063bfffff
459,880b822b69fffff
460,880b9c8c4bfffff
461,880b9c8e3dfffff
462,880b826203fffff
463,880b826c17fffff
464,880b820195fffff
465,880b9c8c3bfffff
466,880b824699fffff
467,880b826569fffff
468,880b9c9131fffff
469,880b8209ebfffff
470,880b9c951dfffff
471,880b9c8f51fffff
472,880b8239ddfffff
473,880b9c8987fffff
474,880b820a15fffff
475,880b82680dfffff
476,880b91a639fffff
477,880b820b41fffff
478,880b823a07fffff
479,880b826323fffff
480,880b9c8ea1fffff
481,880b9c80c9fffff
482,880b826f49fffff
483,880b9c84b7fffff
484,880b9c8f1dfffff
485,880b9c8e3bfffff
486,880b8271e9fffff
487,880b9c904bfffff
488,880b824419fffff
489,880b823969fffff
490,880b9c8569fffff
491,880b8264b9fffff
492,880b9c936bfffff
493,880b9c92e5fffff
494,880b9c9153fffff
495,880b8260ebfffff
496,880b8242d9fffff
497,880b9c9a47fffff
498,880b9c8ac7fffff
499,880b825485fffff
500,880b9c9ac5fffff
501,880b820051fffff
502,880b8221c7fffff
503,880b820047fffff
504,880b823b47fffff
505,880b820eadfffff
506,880b9c8421fffff
507,880b823855fffff
508,880b82730dfffff
509,880b823aa7fffff
510,880b9c8c87fffff
511,880b8201d5fffff
512,880b9c870bfffff
513,880b8200d9fffff
514,880b826eb1fffff
515,880b826c55fffff
516,880b8270c1fffff
517,880b9c85abfffff
518,880b826315fffff
519,880b9c883bfffff
520,880b9c846bfffff
521,880b9c95e7fffff
522,880b8201b7fffff
523,880b8254a5fffff
524,880b9c90c9fffff
525,880b82622bfffff
526,880b9c8ec1fffff
527,880b822b29fffff
528,880b9c854dfffff
529,880b820a07fffff
530,880b822957fffff
531,880b9c1647fffff
532,880b827083fffff
533,880b826aa5fffff
534,880b826713fffff
535,880b826243fffff
536,880b826517fffff
537,880b826047fffff
538,880b9c8dc3fffff
539,880b820d63fffff
540,880b825489fffff
541,880b9c8b57fffff
542,880b9c803dfffff
543,880b9c89e3fffff
544,880b824439fffff
545,880b820499fffff
546,880b82449bfffff
547,880b82702dfffff
548,880b820cb1fffff
549,880b822a27fffff
550,880b826613fffff
551,880b827111fffff
552,880b820d17fffff
553,880b8208b9fffff
554,880b8270a1fffff
555,880b8276e5fffff
556,880b9c99a7fffff
557,880b82686bfffff
558,880b826ea9fffff
559,880b822a1bfffff
560,880b9c8e55fffff
561,880b9c99ebfffff
562,880b8271adfffff
563,880b823a81fffff
564,880b826351fffff
565,880b9c9531fffff
566,880b823b19fffff
567,880b826ec3fffff
568,880b827067fffff
569,880b91a603fffff
570,880b822a03fffff
571,880b9c8e59fffff
572,880b82059bfffff
573,880b9c8a31fffff
574,880b820839fffff
575,880b9c91a1fffff
576,880b820619fffff
577,880b91a6c7fffff
578,880b826665fffff
579,880b820d15fffff
580,880b823039fffff
581,880b820e61fffff
582,880b8246edfffff
583,880b9cd053fffff
584,880b826a89fffff
585,880b827623fffff
586,880b8201e7fffff
587,880b820d55fffff
588,880b9c1659fffff
589,880b9c8f01fffff
590,880b826b0bfffff
591,880b820f17fffff
592,880b9c8307fffff
593,880b8262edfffff
594,880b9c9993fffff
595,880b9c818bfffff
596,880b826967fffff
597,880b826dc9fffff
598,880b826b05fffff
599,880b823843fffff
600,880b8270d7fffff
601,880b9c8b07fffff
602,880b9c89b5fffff
603,880b91a6edfffff
604,880b9cd721fffff
605,880b820eb1fffff
606,880b8246a1fffff
607,880b91a695fffff
608,880b826d93fffff
609,880b8279bbfffff
610,880b9cd24dfffff
611,880b91a6cdfffff
612,880b820d8bfffff
613,880b826d6dfffff
614,880b820537fffff
615,880b9c9311fffff
616,880b826e3dfffff
617,880b82709bfffff
618,880b8206c7fffff
619,880b827695fffff
620,880b9c98b1fffff
621,880b820699fffff
622,880b827465fffff
623,880b9c8a07fffff
624,880b820981fffff
625,880b827467fffff
626,880b820907fffff
627,880b82062dfffff
628,880b8275c1fffff
629,880b822321fffff
630,880b826f63fffff
631,880b820433fffff
632,880b826da9fffff
633,880b82296bfffff
634,880b9c9533fffff
635,880b9cb953fffff
636,880b820701fffff
637,880b825545fffff
638,880b9c8e33fffff
639,880b9c8aadfffff
640,880b823109fffff
641,880b8274d5fffff
642,880b82663dfffff
643,880b9cd625fffff
644,880b820ebbfffff
645,880b820eddfffff
646,880b826f3dfffff
647,880b9c9231fffff
648,880b826f19fffff
649,880b820e11fffff
650,880b826505fffff
651,880b9c9b57fffff
652,880b827311fffff
653,880b820e93fffff
654,880b9c8dc1fffff
655,880b8272b5fffff
656,880b9c8853fffff
657,880b9c98c3fffff
658,880b825533fffff
659,880b9cbb55fffff
660,880b8274cbfffff
661,880b8209b3fffff
662,880b820649fffff
663,880b8270a9fffff
664,880b826b27fffff
665,880b826325fffff
666,880b8265e7fffff
667,880b8238e1fffff
668,880b820d2dfffff
669,880b9c880bfffff
670,880b820c93fffff
671,880b8269d7fffff
672,880b826c09fffff
673,880b91a48bfffff
674,880b9c8ac1fffff
675,880b820469fffff
676,880b9c8e89fffff
677,880b9c9307fffff
678,880b9c90b5fffff
679,880b8229d7fffff
680,880b9c9195fffff
681,880b9c9831fffff
682,880b9c88edfffff
683,880b823103fffff
684,880b8239adfffff
685,880b826dd5fffff
686,880b822b5bfffff
687,880b9c8149fffff
688,880b827725fffff
689,880b8221abfffff
690,880b824657fffff
691,880b9c9b27fffff
692,880b8270cdfffff
693,880b82660bfffff
694,880b82741bfffff
695,880b8264cbfffff
696,880b9c9209fffff
697,880b9c840dfffff
698,880b820121fffff
699,880b820ca3fffff
700,880b826e69fffff
701,880b9c898bfffff
702,880b9cd215fffff
703,880b9cd739fffff
704,880b820549fffff
705,880b826db1fffff
706,880b8209adfffff
707,880b8274abfffff
708,880b82673dfffff
709,880b9c802bfffff
710,880b822a45fffff
711,880b823a13fffff
712,880b9c8b17fffff
713,880b9c848bfffff
714,880b823945fffff
715,880b826413fffff
716,880b827401fffff
717,880b827251fffff
718,880b8232adfffff
719,880b826623fffff
720,880b9cd769fffff
721,880b820dc9fffff
722,880b824401fffff
723,880b827709fffff
724,880b9c8b53fffff
725,880b8262a1fffff
726,880b827157fffff
727,880b8200c7fffff
728,880b9c9017fffff
729,880b9cd28dfffff
730,880b8205a1fffff
731,880b8244a9fffff
732,880b8272a3fffff
733,880b826cbdfffff
734,880b9c82d9fffff
735,880b9c9a35fffff
736,880b9c8a8dfffff
737,880b8269d5fffff
738,880b8254c1fffff
739,880b9cd289fffff
740,880b820a39fffff
741,880b8231a7fffff
742,880b822991fffff
743,880b820e15fffff
744,880b9c998dfffff
745,880b8238e3fffff
746,880b9c8595fffff
747,880b9c8cabfffff
748,880b8238e7fffff
749,880b826f1bfffff
750,880b8254d7fffff
751,880b820607fffff
752,880b9c90a9fffff
753,880b826125fffff
754,880b8256b9fffff
755,880b820945fffff
756,880b9c8993fffff
757,880b91a657fffff
758,880b823995fffff
759,880b91a615fffff
760,880b822997fffff
761,880b9c8167fffff
762,880b8200ebfffff
763,880b9c8433fffff
764,880b8246c1fffff
765,880b8275d7fffff
766,880b826f31fffff
767,880b91a4cdfffff
768,880b9cd2a1fffff
769,880b823b53fffff
770,880b822a51fffff
771,880b826d0bfffff
772,880b8264e9fffff
773,880b823a3bfffff
774,880b8261abfffff
775,880b9c8205fffff
776,880b9c8e6dfffff
777,880b9cd28bfffff
778,880b823053fffff
779,880b9cd23dfffff
780,880b9c89d3fffff
781,880b9c926bfffff
782,880b826eadfffff
783,880b8244e9fffff
784,880b822b51fffff
785,880b9c841dfffff
786,880b824457fffff
787,880b826527fffff
788,880b91a687fffff
789,880b827313fffff
790,880b82649dfffff
791,880b826727fffff
792,880b822913fffff
793,880b8265d5fffff
794,880b8266cbfffff
795,880b8205e7fffff
796,880b820ec9fffff
797,880b82072bfffff
798,880b8239a3fffff
799,880b823ab7fffff
800,880b822167fffff
801,880b827517fffff
802,880b9c8299fffff
803,880b822989fffff
804,880b8254a9fffff
805,880b82764dfffff
806,880b822a09fffff
807,880b821583fffff
808,880b823859fffff
809,880b826059fffff
810,880b9c99abfffff
811,880b823b61fffff
812,880b827613fffff
813,880b9c9053fffff
814,880b8201edfffff
815,880b824641fffff
816,880b822107fffff
817,880b82013dfffff
818,880b9c9aa5fffff
819,880b826923fffff
820,880b823849fffff
821,880b826735fffff
822,880b820887fffff
823,880b820067fffff
824,880b827489fffff
825,880b826367fffff
826,880b820135fffff
827,880b820711fffff
828,880b826dcdfffff
829,880b8242c9fffff
830,880b8266b5fffff
831,880b9c924dfffff
832,880b9c8143fffff
833,880b820b65fffff
834,880b8266dbfffff
835,880b8255b1fffff
836,880b827a9dfffff
837,880b9c90e5fffff
838,880b9cbb69fffff
839,880b91a44bfffff
840,880b823143fffff
841,880b823999fffff
842,880b822b41fffff
843,880b820099fffff
844,880b8219bbfffff
845,880b826549fffff
846,880b820653fffff
847,880b826cc1fffff
848,880b8262cbfffff
849,880b8238e9fffff
850,880b824637fffff
851,880b82661dfffff
852,880b9c8c67fffff
853,880b9cd74bfffff
854,880b8255a1fffff
855,880b827527fffff
856,880b82381dfffff
857,880b9c825bfffff
858,880b822065fffff
859,880b8204c1fffff
860,880b824665fffff
861,880b8238e5fffff
862,880b826f43fffff
863,880b9c9045fffff
864,880b827561fffff
865,880b9c8c89fffff
866,880b8266c1fffff
867,880b8276abfffff
868,880b9c90d9fffff
869,880b9cd049fffff
870,880b9c90bbfffff
871,880b9c8c15fffff
872,880b826ecbfffff
873,880b822835fffff
874,880b820603fffff
875,880b9c8229fffff
876,880b9c82b3fffff
877,880b8272d3fffff
878,880b826525fffff
879,880b9c8417fffff
880,880b9c8999fffff
881,880b82232bfffff
882,880b820f0bfffff
883,880b826335fffff
884,880b82708dfffff
885,880b8204d7fffff
886,880b822a5bfffff
887,880b82548bfffff
888,880b8238a5fffff
889,880b827235fffff
890,880b827211fffff
891,880b826a29fffff
892,880b8239bdfffff
893,880b9c9a21fffff
894,880b9c8003fffff
895,880b8209b5fffff
896,880b9c8109fffff
897,880b820c91fffff
898,880b9c936dfffff
899,880b9c8ab1fffff
900,880b826911fffff
901,880b9c9b0bfffff
902,880b827493fffff
903,880b9c8325fffff
904,880b8256b1fffff
905,880b822b67fffff
906,880b8278e3fffff
907,880b827327fffff
908,880b820cb3fffff
909,880b9c804dfffff
910,880b9cd707fffff
911,880b826749fffff
912,880b827455fffff
913,880b9c8e69fffff
914,880b9c824dfffff
915,880b9c844bfffff
916,880b823819fffff
917,880b820113fffff
918,880b9c92adfffff
919,880b826a37fffff
920,880b9c8da9fffff
921,880b8206d5fffff
922,880b9cd251fffff
923,880b8209edfffff
924,880b827483fffff
925,880b9c9985fffff
926,880b8271d5fffff
927,880b820429fffff
928,880b823149fffff
929,880b8278b3fffff
930,880b82474bfffff
931,880b820987fffff
932,880b9c919dfffff
933,880b9c88a1fffff
934,880b8208cbfffff
935,880b822b35fffff
936,880b91a685fffff
937,880b8202b5fffff
938,880b8244c9fffff
939,880b8209c5fffff
940,880b91a65bfffff
941,880b820c13fffff
942,880b826c81fffff
943,880b9c81bbfffff
944,880b82383bfffff
945,880b9c89b9fffff
946,880b9c82c3fffff
947,880b8239b9fffff
948,880b827897fffff
949,880b823847fffff
950,880b827a13fffff
951,880b826cddfffff
952,880b9c821dfffff
953,880b9c8f3dfffff
954,880b826653fffff
955,880b9c8dcbfffff
956,880b826285fffff
957,880b9c811dfffff
958,880b9cd62bfffff
959,880b820d81fffff
960,880b9cd35bfffff
961,880b9c8a23fffff
962,880b820483fffff
963,880b9c8701fffff
964,880b9c8e0bfffff
965,880b8274ebfffff
966,880b9cd32bfffff
967,880b826ee9fffff
968,880b823025fffff
969,880b826289fffff
970,880b826419fffff
971,880b822981fffff
972,880b8261b3fffff
973,880b9c983dfffff
974,880b9c9043fffff
975,880b8278abfffff
976,880b9c899dfffff
977,880b823807fffff
978,880b826e27fffff
979,880b9c8cebfffff
980,880b8246a3fffff
981,880b9cd0c9fffff
982,880b8270c5fffff
983,880b8205b9fffff
984,880b826933fffff
985,880b9cd263fffff
986,880b820865fffff
987,880b827513fffff
988,880b822951fffff
989,880b827a95fffff
990,880b820495fffff
991,880b9c8f07fffff
992,880b826e3bfffff
993,880b827593fffff
994,880b823ad1fffff
995,880b820b3bfffff
996,880b9c9981fffff
997,880b8254a1fffff
998,880b820d5bfffff
999,880b820491fffff
1000,880b8276b7fffff
1001,880b820a3bfffff
1002,880b8270c3fffff
1003,880b8229bbfffff
1004,880b9c8055fffff
1005,880b823043fffff
1006,880b9cd2cbfffff
1007,880b8206c5fffff
1008,880b8268b9fffff
1009,880b8246cbfffff
1010,880b820889fffff
1011,880b8209e9fffff
1012,880b9cd265fffff
1013,880b8266a9fffff
1014,880b9c8265fffff
1015,880b9c8ca1fffff
1016,880b82651bfffff
1017,880b827425fffff
1018,880b820d45fffff
1019,880b827321fffff
1020,880b82226dfffff
1021,880b82624dfffff
1022,880b820027fffff
1023,880b820dbdfffff
1024,880b9c830bfffff
1025,880b826b37fffff
1026,880b820db7fffff
1027,880b82083bfffff
1028,880b827535fffff
1029,880b82a92dfffff
1030,880b827503fffff
1031,880b9cbb07fffff
1032,880b9c8217fffff
1033,880b9c8713fffff
1034,880b9c8581fffff
1035,880b8238d1fffff
1036,880b824645fffff
1037,880b8266b3fffff
1038,880b9cb829fffff
1039,880b9c9221fffff
1040,880b826a43fffff
1041,880b9c9051fffff
1042,880b826c89fffff
1043,880b82318bfffff
1044,880b82294dfffff
1045,880b8244abfffff
1046,880b9c8729fffff
1047,880b826551fffff
1048,880b9c8983fffff
1049,880b9c9913fffff
1050,880b826ca3fffff
1051,880b826d39fffff
1052,880b9c1605fffff
1053,880b823825fffff
1054,880b9c9a17fffff
1055,880b8246bdfffff
1056,880b823a91fffff
1057,880b8278a7fffff
1058,880b8261ebfffff
1059,880b826587fffff
1060,880b8278a9fffff
1061,880b9c8549fffff
1062,880b8269a9fffff
1063,880b823185fffff
1064,880b9c8851fffff
1065,880b82628bfffff
1066,880b826421fffff
1067,880b820e91fffff
1068,880b820933fffff
1069,880b826addfffff
1070,880b820727fffff
1071,880b820ae9fffff
1072,880b91a4e9fffff
1073,880b9c915dfffff
1074,880b8244d5fffff
1075,880b827735fffff
1076,880b82094dfffff
1077,880b820057fffff
1078,880b820f37fffff
1079,880b9c9b41fffff
1080,880b826543fffff
1081,880b826d33fffff
1082,880b8268ebfffff
1083,880b820333fffff
1084,880b82644bfffff
1085,880b823055fffff
1086,880b827aadfffff
1087,880b827a83fffff
1088,880b827043fffff
1089,880b823ac3fffff
1090,880b826e39fffff
1091,880b9cd6d3fffff
1092,880b820abbfffff
1093,880b8266b1fffff
1094,880b826a9bfffff
1095,880b826f3bfffff
1096,880b820ab7fffff
1097,880b9c8e27fffff
1098,880b826a19fffff
1099,880b820cdbfffff
1100,880b826431fffff
1101,880b827141fffff
1102,880b9cd765fffff
1103,880b826111fffff
1104,880b9c8b5dfffff
1105,880b9c8427fffff
1106,880b9c902dfffff
1107,880b9c8509fffff
1108,880b820147fffff
1109,880b8204c5fffff
1110,880b9c8b49fffff
1111,880b8208e1fffff
1112,880b8260edfffff
1113,880b9c8b59fffff
1114,880b9c8021fffff
1115,880b826a4dfffff
1116,880b820f13fffff
1117,880b820dd3fffff
1118,880b826535fffff
1119,880b823851fffff
1120,880b9c8763fffff
1121,880b82064dfffff
1122,880b820f33fffff
1123,880b9c90c5fffff
1124,880b9c89ebfffff
1125,880b9c9501fffff
1126,880b827625fffff
1127,880b8229e1fffff
1128,880b9c9923fffff
1129,880b8264e5fffff
1130,880b82300dfffff
1131,880b820c3bfffff
1132,880b827747fffff
1133,880b9c85ebfffff
1134,880b8270a5fffff
1135,880b826195fffff
1136,880b8244e3fffff
1137,880b820b21fffff
1138,880b8261d1fffff
1139,880b9c8c9bfffff
1140,880b9c8095fffff
1141,880b8219a3fffff
1142,880b9c8f4bfffff
1143,880b9c1615fffff
1144,880b826cbbfffff
1145,880b9c95e1fffff
1146,880b826883fffff
1147,880b820561fffff
1148,880b82383dfffff
1149,880b826685fffff
1150,880b820dddfffff
1151,880b82749bfffff
1152,880b826a49fffff
1153,880b823aa5fffff
1154,880b9c8e99fffff
1155,880b9c8cb9fffff
1156,880b9c99b5fffff
1157,880b82291bfffff
1158,880b820ce1fffff
1159,880b826c07fffff
1160,880b9c8717fffff
1161,880b9c8e97fffff
1162,880b91a699fffff
1163,880b820dcdfffff
1164,880b8238a9fffff
1165,880b9c8241fffff
1166,880b826e33fffff
1167,880b822169fffff
1168,880b826de1fffff
1169,880b9c99adfffff
1170,880b826283fffff
1171,880b82761dfffff
1172,880b822905fffff
1173,880b827347fffff
1174,880b9c82c1fffff
1175,880b820db9fffff
1176,880b9c98b3fffff
1177,880b820dedfffff
1178,880b9c8511fffff
1179,880b8255abfffff
1180,880b822a0dfffff
1181,880b9c9301fffff
1182,880b82775dfffff
1183,880b820f2bfffff
1184,880b820953fffff
1185,880b9cd71dfffff
1186,880b820b09fffff
1187,880b826e37fffff
1188,880b822361fffff
1189,880b820911fffff
1190,880b9c9a9bfffff
1191,880b9c85a1fffff
1192,880b827155fffff
1193,880b823aabfffff
1194,880b8200adfffff
1195,880b8231e3fffff
1196,880b82692bfffff
1197,880b8255ebfffff
1198,880b826cc3fffff
1199,880b820c15fffff
1200,880b823983fffff
1201,880b9c92a3fffff
1202,880b9c84c7fffff
1203,880b826ab3fffff
1204,880b9c8c29fffff
1205,880b9c9015fffff
1206,880b820519fffff
1207,880b9cd709fffff
1208,880b9c8469fffff
1209,880b826747fffff
1210,880b9c870dfffff
1211,880b820d91fffff
1212,880b826cd7fffff
1213,880b820667fffff
1214,880b9c8541fffff
1215,880b82046dfffff
1216,880b820951fffff
1217,880b9c8285fffff
1218,880b827a81fffff
1219,880b9c8b11fffff
1220,880b9cd76dfffff
1221,880b827617fffff
1222,880b9c8ddbfffff
1223,880b9cd2ebfffff
1224,880b826ad5fffff
1225,880b9cd605fffff
1226,880b9c8ebbfffff
1227,880b82041dfffff
1228,880b8264d9fffff
1229,880b824749fffff
1230,880b826641fffff
1231,880b8221adfffff
1232,880b9c992bfffff
1233,880b827635fffff
1234,880b827a5dfffff
1235,880b91a489fffff
1236,880b8238b5fffff
1237,880b82311dfffff
1238,880b827353fffff
1239,880b9c98b5fffff
1240,880b826f0dfffff
1241,880b820515fffff
1242,880b820531fffff
1243,880b8265e3fffff
1244,880b82009bfffff
1245,880b9c8301fffff
1246,880b824445fffff
1247,880b9c8487fffff
1248,880b826053fffff
1249,880b91a6a7fffff
1250,880b8254c7fffff
1251,880b820081fffff
1252,880b820d83fffff
1253,880b826f4bfffff
1254,880b8264edfffff
1255,880b9c9341fffff
1256,880b827645fffff
1257,880b8274b9fffff
1258,880b820d13fffff
1259,880b827751fffff
1260,880b82711bfffff
1261,880b9c8e57fffff
1262,880b9c8239fffff
1263,880b91a691fffff
1264,880b823183fffff
1265,880b827733fffff
1266,880b82606dfffff
1267,880b82631dfffff
1268,880b822921fffff
1269,880b9c9815fffff
1270,880b827359fffff
1271,880b9c8a95fffff
1272,880b827531fffff
1273,880b826d41fffff
1274,880b9cbb3dfffff
1275,880b823a61fffff
1276,880b9c81b9fffff
1277,880b820163fffff
1278,880b826c29fffff
1279,880b825483fffff
1280,880b8231a1fffff
1281,880b9c803bfffff
1282,880b826227fffff
1283,880b82725bfffff
1284,880b8278e5fffff
1285,880b9c95e9fffff
1286,880b8231abfffff
1287,880b9c984dfffff
1288,880b9c80e7fffff
1289,880b9c8817fffff
1290,880b826299fffff
1291,880b820ae3fffff
1292,880b826ac9fffff
1293,880b8262d3fffff
1294,880b820663fffff
1295,880b8255d7fffff
1296,880b9c91bdfffff
1297,880b9c9553fffff
1298,880b826481fffff
1299,880b9cb869fffff
1300,880b822b17fffff
1301,880b820461fffff
1302,880b9c9211fffff
1303,880b82550bfffff
1304,880b9c81a9fffff
1305,880b8275c3fffff
1306,880b9c9337fffff
1307,880b9cb95dfffff
1308,880b820ab3fffff
1309,880b8239b3fffff
1310,880b82313dfffff
1311,880b827253fffff
1312,880b9cd747fffff
1313,880b822903fffff
1314,880b826a2dfffff
1315,880b827307fffff
1316,880b8239b1fffff
1317,880b826cabfffff
1318,880b820695fffff
1319,880b8260bbfffff
1320,880b820b2bfffff
1321,880b9c8adbfffff
1322,880b8278e7fffff
1323,880b9c8c9dfffff
1324,880b820853fffff
1325,880b9cc6dbfffff
1326,880b9c8c33fffff
1327,880b826293fffff
1328,880b823115fffff
1329,880b8265edfffff
1330,880b826c4dfffff
1331,880b9c8437fffff
1332,880b9c8007fffff
1333,880b9c8213fffff
1334,880b9c95a5fffff
1335,880b822a2dfffff
1336,880b9c9b37fffff
1337,880b82230dfffff
1338,880b827333fffff
1339,880b822337fffff
1340,880b826663fffff
1341,880b823a59fffff
1342,880b827195fffff
1343,880b826e47fffff
1344,880b8205c9fffff
1345,880b9c9a0bfffff
1346,880b8270ddfffff
1347,880b8229edfffff
1348,880b824625fffff
1349,880b820925fffff
1350,880b9c9115fffff
1351,880b9cd351fffff
1352,880b820b0dfffff
1353,880b8209e3fffff
1354,880b820e9bfffff
1355,880b822b0bfffff
1356,880b8246c3fffff
1357,880b82302dfffff
1358,880b9c8cb1fffff
1359,880b8271e3fffff
1360,880b820005fffff
1361,880b9c8a35fffff
1362,880b9c8917fffff
1363,880b826429fffff
1364,880b9c9063fffff
1365,880b9c89d9fffff
1366,880b826493fffff
1367,880b826d29fffff
1368,880b822b21fffff
1369,880b826ed9fffff
1370,880b822a15fffff
1371,880b9c8de1fffff
1372,880b9c996bfffff
1373,880b826221fffff
1374,880b9c85bbfffff
1375,880b826f45fffff
1376,880b9cd2a9fffff
1377,880b9c9135fffff
1378,880b8238ebfffff
1379,880b9c8e47fffff
1380,880b822b39fffff
1381,880b823aadfffff
1382,880b827895fffff
1383,880b823ae7fffff
1384,880b823a35fffff
1385,880b82710bfffff
1386,880b826113fffff
1387,880b82010dfffff
1388,880b9c88ebfffff
1389,880b82753bfffff
1390,880b823b4dfffff
1391,880b820d3bfffff
1392,880b827367fffff
1393,880b820ab1fffff
1394,880b9c8445fffff
1395,880b826627fffff
1396,880b9cd669fffff
1397,880b820587fffff
1398,880b9c8355fffff
1399,880b827499fffff
1400,880b82610dfffff
1401,880b820da5fffff
1402,880b9c1607fffff
1403,880b827239fffff
1404,880b820eb3fffff
1405,880b820cd7fffff
1406,880b827045fffff
1407,880b9c8237fffff
1408,880b820e85fffff
1409,880b820cb5fffff
1410,880b8238c7fffff
1411,880b9c9267fffff
1412,880b82a927fffff
1413,880b9c9123fffff
1414,880b9c85a7fffff
1415,880b826507fffff
1416,880b9c98dbfffff
1417,880b82313bfffff
1418,880b8238a1fffff
1419,880b9cba6dfffff
1420,880b9c9027fffff
1421,880b9c906bfffff
1422,880b8261e9fffff
1423,880b82460dfffff
1424,880b9cd345fffff
1425,880b822821fffff
1426,880b9c8563fffff
1427,880b826721fffff
1428,880b9cd629fffff
1429,880b9c9b6bfffff
1430,880b9c912bfffff
1431,880b82086dfffff
1432,880b826aedfffff
1433,880b82559bfffff
1434,880b822b55fffff
1435,880b826dbdfffff
1436,880b8246e3fffff
1437,880b9c876dfffff
1438,880b9c8a27fffff
1439,880b820805fffff
1440,880b9c8e65fffff
1441,880b9c8ac5fffff
1442,880b91a6b1fffff
1443,880b9cd019fffff
1444,880b8255e9fffff
1445,880b8270b5fffff
1446,880b8264c7fffff
1447,880b823b45fffff
1448,880b820459fffff
1449,880b9c163bfffff
1450,880b820f15fffff
1451,880b820e87fffff
1452,880b820501fffff
1453,880b826b29fffff
1454,880b8254d5fffff
1455,880b82734bfffff
1456,880b8239ebfffff
1457,880b820e27fffff
1458,880b826ae3fffff
1459,880b820ed9fffff
1460,880b826409fffff
1461,880b827a5bfffff
1462,880b820ca7fffff
1463,880b91a483fffff
1464,880b9c8339fffff
1465,880b9cd621fffff
1466,880b820ec3fffff
1467,880b826f61fffff
1468,880b823a1bfffff
1469,880b82085bfffff
1470,880b9c9137fffff
1471,880b8276cbfffff
1472,880b9c89ddfffff
1473,880b826c41fffff
1474,880b9c9303fffff
1475,880b820161fffff
1476,880b9c1249fffff
1477,880b9c931bfffff
1478,880b9cd749fffff
1479,880b8269a5fffff
1480,880b826965fffff
1481,880b9cbb47fffff
1482,880b8200e9fffff
1483,880b9c9a61fffff
1484,880b9c9965fffff
1485,880b9c8c23fffff
1486,880b9c1601fffff
1487,880b9c8559fffff
1488,880b9c8c93fffff
1489,880b8229d3fffff
1490,880b826359fffff
1491,880b8229b7fffff
1492,880b826919fffff
1493,880b822a55fffff
1494,880b823897fffff
1495,880b824709fffff
1496,880b824747fffff
1497,880b826455fffff
1498,880b9c84e7fffff
1499,880b826813fffff
1500,880b91a447fffff
1501,880b82463bfffff
1502,880b9c8121fffff
1503,880b82099dfffff
1504,880b8208c1fffff
1505,880b827247fffff
1506,880b9c808bfffff
1507,880b9c89c7fffff
1508,880b826cd5fffff
1509,880b820ce5fffff
1510,880b9c8cd5fffff
1511,880b9c9361fffff
1512,880b827127fffff
1513,880b9c8083fffff
1514,880b9c8c01fffff
1515,880b9c8f09fffff
1516,880b9c9a51fffff
1517,880b823a9bfffff
1518,880b820465fffff
1519,880b820e4bfffff
1520,880b9c9207fffff
1521,880b82766bfffff
1522,880b9c8015fffff
1523,880b9cd751fffff
1524,880b9c8547fffff
1525,880b8265cdfffff
1526,880b820407fffff
1527,880b9c95b3fffff
1528,880b9cd243fffff
1529,880b9c981dfffff
1530,880b8246c9fffff
1531,880b827a07fffff
1532,880b82788bfffff
1533,880b827a35fffff
1534,880b820b15fffff
1535,880b9c95a1fffff
1536,880b826dd1fffff
1537,880b8278b1fffff
1538,880b826e2bfffff
1539,880b826631fffff
1540,880b8255a9fffff
1541,880b8238d5fffff
1542,880b9c98c9fffff
1543,880b8274c3fffff
1544,880b826459fffff
1545,880b82048bfffff
1546,880b9c9aebfffff
1547,880b9c886bfffff
1548,880b823021fffff
1549,880b820813fffff
1550,880b822995fffff
1551,880b820c1bfffff
1552,880b826197fffff
1553,880b82471bfffff
1554,880b9c8ce9fffff
1555,880b8256b3fffff
1556,880b823835fffff
1557,880b9c90b1fffff
1558,880b9c8361fffff
1559,880b9c92a5fffff
1560,880b823b1dfffff
1561,880b826753fffff
1562,880b9c9117fffff
1563,880b827231fffff
1564,880b82395dfffff
1565,880b820ed5fffff
1566,880b82715bfffff
1567,880b822157fffff
1568,880b9c8501fffff
1569,880b827759fffff
1570,880b82395bfffff
1571,880b826199fffff
1572,880b82548dfffff
1573,880b9c91a9fffff
1574,880b826189fffff
1575,880b8272c3fffff
1576,880b820941fffff
1577,880b823a33fffff
1578,880b8272a7fffff
1579,880b826231fffff
1580,880b823b29fffff
1581,880b9c9529fffff
1582,880b9c8c99fffff
1583,880b820b57fffff
1584,880b91a4b9fffff
1585,880b9c9009fffff
1586,880b91a6d7fffff
1587,880b9cd013fffff
1588,880b9c8ccbfffff
1589,880b9c9563fffff
1590,880b827225fffff
1591,880b823957fffff
1592,880b8268cbfffff
1593,880b827435fffff
1594,880b9c82ebfffff
1595,880b8268e5fffff
1596,880b827505fffff
1597,880b827ad5fffff
1598,880b9cd305fffff
1599,880b820cddfffff
1600,880b8202bbfffff
1601,880b82641dfffff
1602,880b824687fffff
1603,880b9c82abfffff
1604,880b827a33fffff
1605,880b820b63fffff
1606,880b8276cdfffff
1607,880b826423fffff
1608,880b9c99cbfffff
1609,880b9c1643fffff
1610,880b8271a5fffff
1611,880b9c8315fffff
1612,880b827191fffff
1613,880b827889fffff
1614,880b9c902bfffff
1615,880b826131fffff
1616,880b9c9a85fffff
1617,880b820001fffff
1618,880b820d21fffff
1619,880b822943fffff
1620,880b820c57fffff
1621,880b9c9a8dfffff
1622,880b9c8ec3fffff
1623,880b82633dfffff
1624,880b9c88d1fffff
1625,880b822915fffff
1626,880b9c8211fffff
1627,880b9c858bfffff
1628,880b9cd627fffff
1629,880b9c851dfffff
1630,880b820093fffff
1631,880b91a45bfffff
1632,880b826929fffff
1633,880b82061bfffff
1634,880b8255c1fffff
1635,880b8270d5fffff
1636,880b9c91a3fffff
1637,880b8201e1fffff
1638,880b8204d1fffff
1639,880b8272e1fffff
1640,880b9c811bfffff
1641,880b820e57fffff
1642,880b820c3dfffff
1643,880b9c1639fffff
1644,880b9c91abfffff
1645,880b9cd66bfffff
1646,880b9c8411fffff
1647,880b9c9939fffff
1648,880b9c8035fffff
1649,880b9c91d1fffff
1650,880b826405fffff
1651,880b9c85c3fffff
1652,880b822365fffff
1653,880b826c9bfffff
1654,880b9c8f19fffff
1655,880b823031fffff
1656,880b8260c9fffff
1657,880b9c84c5fffff
1658,880b91a6a9fffff
1659,880b9c82a3fffff
1660,880b9c9aa9fffff
1661,880b823153fffff
1662,880b826337fffff
1663,880b9c8303fffff
1664,880b8204b5fffff
1665,880b8261c1fffff
1666,880b9c8d9dfffff
1667,880b8206edfffff
1668,880b9c9323fffff
1669,880b826f01fffff
1670,880b826ad3fffff
1671,880b9c8e09fffff
1672,880b827ad7fffff
1673,880b82700bfffff
1674,880b826b11fffff
1675,880b826705fffff
1676,880b82388dfffff
1677,880b9cb863fffff
1678,880b822833fffff
1679,880b82468dfffff
1680,880b82381bfffff
1681,880b826f29fffff
1682,880b826707fffff
1683,880b9c8e9bfffff
1684,880b82055bfffff
1685,880b820197fffff
1686,880b9c836dfffff
1687,880b826f21fffff
1688,880b91a4c3fffff
1689,880b8255cdfffff
1690,880b82471dfffff
1691,880b9c8e81fffff
1692,880b820f39fffff
1693,880b91a6e9fffff
1694,880b822a31fffff
1695,880b9cbb45fffff
1696,880b826ea7fffff
1697,880b9c923bfffff
1698,880b9cb94dfffff
1699,880b826dd3fffff
1700,880b9c916dfffff
1701,880b8266e3fffff
1702,880b9c816bfffff
1703,880b8229b9fffff
1704,880b9c814dfffff
1705,880b82626bfffff
1706,880b827a8dfffff
1707,880b820905fffff
1708,880b9c91edfffff
1709,880b9c99bbfffff
1710,880b82055dfffff
1711,880b820ed1fffff
1712,880b823b07fffff
1713,880b9c99d3fffff
1714,880b8278d7fffff
1715,880b827685fffff
1716,880b9c85b5fffff
1717,880b9c8207fffff
1718,880b82044bfffff
1719,880b827339fffff
1720,880b825523fffff
1721,880b820ce9fffff
1722,880b822181fffff
1723,880b9c874bfffff
1724,880b82611bfffff
1725,880b820d9bfffff
1726,880b8256b7fffff
1727,880b8268c1fffff
1728,880b8209d1fffff
1729,880b82210bfffff
1730,880b82743dfffff
1731,880b820b6bfffff
1732,880b8201cbfffff
1733,880b822a23fffff
1734,880b9c82a7fffff
1735,880b826a9dfffff
1736,880b8254bbfffff
1737,880b9cd2b5fffff
1738,880b823997fffff
1739,880b823127fffff
1740,880b8255c3fffff
1741,880b9c8899fffff
1742,880b9c9821fffff
1743,880b9cd31bfffff
1744,880b826031fffff
1745,880b820a9dfffff
1746,880b9c8113fffff
1747,880b9cd291fffff
1748,880b826c59fffff
1749,880b826f37fffff
1750,880b9c99e7fffff
1751,880b827687fffff
1752,880b820eb9fffff
1753,880b9c8803fffff
1754,880b82722bfffff
1755,880b9c9807fffff
1756,880b822911fffff
1757,880b822a05fffff
1758,880b826657fffff
1759,880b82070dfffff
1760,880b8200a1fffff
1761,880b82012bfffff
1762,880b82621bfffff
1763,880b82602bfffff
1764,880b8256bdfffff
1765,880b9c9a95fffff
1766,880b822a37fffff
1767,880b827101fffff
1768,880b8266d5fffff
1769,880b826cdbfffff
1770,880b82611dfffff
1771,880b827aabfffff
1772,880b8268d7fffff
1773,880b82051dfffff
1774,880b825487fffff
1775,880b826dc1fffff
1776,880b826155fffff
1777,880b82728bfffff
1778,880b82211dfffff
1779,880b820c2dfffff
1780,880b8278a5fffff
1781,880b826187fffff
1782,880b8208b7fffff
1783,880b8262d1fffff
1784,880b8254d1fffff
1785,880b8255a7fffff
1786,880b8266adfffff
1787,880b8244bbfffff
1788,880b823857fffff
1789,880b827227fffff
1790,880b9c85a9fffff
1791,880b82665bfffff
1792,880b826ee1fffff
1793,880b82a93bfffff
1794,880b826461fffff
1795,880b9cb94bfffff
1796,880b826e0bfffff
1797,880b8272ddfffff
1798,880b827305fffff
1799,880b822a83fffff
1800,880b9cd6dbfffff
1801,880b9c8ce3fffff
1802,880b822ad1fffff
1803,880b82620bfffff
1804,880b8256bbfffff
1805,880b9c9ae7fffff
1806,880b822a47fffff
1807,880b9c8e13fffff
1808,880b9c8313fffff
1809,880b826e85fffff
1810,880b9cbb6bfffff
1811,880b9c903bfffff
1812,880b82043dfffff
1813,880b82291dfffff
1814,880b820457fffff
1815,880b8274b7fffff
1816,880b826867fffff
1817,880b822a63fffff
1818,880b827713fffff
1819,880b8238c9fffff
1820,880b8239c7fffff
1821,880b9c8f61fffff
1822,880b826729fffff
1823,880b82708bfffff
1824,880b8268a1fffff
1825,880b9c8289fffff
1826,880b8260b5fffff
1827,880b826745fffff
1828,880b826821fffff
1829,880b826305fffff
1830,880b9c8a0bfffff
1831,880b820467fffff
1832,880b82075dfffff
1833,880b826607fffff
1834,880b8270b1fffff
1835,880b9cd2c3fffff
1836,880b820557fffff
1837,880b9c91d7fffff
1838,880b9c98bbfffff
1839,880b8255bdfffff
1840,880b9cd05dfffff
1841,880b9c95abfffff
1842,880b91a4d1fffff
1843,880b822b0dfffff
1844,880b827647fffff
1845,880b826b15fffff
1846,880b9c8811fffff
1847,880b9c8e61fffff
1848,880b820f29fffff
1849,880b9c9a41fffff
1850,880b827351fffff
1851,880b820c41fffff
1852,880b82649bfffff
1853,880b9c8a59fffff
1854,880b826093fffff
1855,880b827605fffff
1856,880b82723bfffff
1857,880b827ad3fffff
1858,880b82001bfffff
1859,880b9c882dfffff
1860,880b826329fffff
1861,880b82394bfffff
1862,880b8206a1fffff
1863,880b8238c3fffff
1864,880b826ec9fffff
1865,880b9cba59fffff
1866,880b8242dbfffff
1867,880b8275a5fffff
1868,880b9c8aa3fffff
1869,880b826f2dfffff
1870,880b8260b1fffff
1871,880b8209dbfffff
1872,880b827337fffff
1873,880b9c8dd7fffff
1874,880b8238b1fffff
1875,880b820aa1fffff
1876,880b8262c3fffff
1877,880b823a0dfffff
1878,880b820847fffff
1879,880b9c990bfffff
1880,880b82214bfffff
1881,880b9cb861fffff
1882,880b9c8a45fffff
1883,880b9c8235fffff
1884,880b82733dfffff
1885,880b820db5fffff
1886,880b820803fffff
1887,880b826f11fffff
1888,880b9c833dfffff
1889,880b820e2dfffff
1890,880b9cd2b1fffff
1891,880b827a43fffff
1892,880b822183fffff
1893,880b9c9adbfffff
1894,880b9c801dfffff
1895,880b8264b5fffff
1896,880b9cd229fffff
1897,880b82463dfffff
1898,880b8264a9fffff
1899,880b9c9065fffff
1900,880b826dd9fffff
1901,880b820563fffff
1902,880b8255b5fffff
1903,880b820b17fffff
1904,880b9cba63fffff
1905,880b8265e5fffff
1906,880b826711fffff
1907,880b8200abfffff
1908,880b9c8a29fffff
1909,880b826ea1fffff
1910,880b9c84adfffff
1911,880b826b35fffff
1912,880b8262a3fffff
1913,880b9c84a1fffff
1914,880b8268a3fffff
1915,880b8208bbfffff
1916,880b827065fffff
1917,880b82552bfffff
1918,880b82082bfffff
1919,880b826b57fffff
1920,880b826719fffff
1921,880b820ea7fffff
1922,880b9c9317fffff
1923,880b826d69fffff
1924,880b9c8eb9fffff
1925,880b822353fffff
1926,880b8265bdfffff
1927,880b82461dfffff
1928,880b9c80d3fffff
1929,880b827a99fffff
1930,880b820417fffff
1931,880b9c9b25fffff
1932,880b9c9acdfffff
1933,880b826ce5fffff
1934,880b826049fffff
1935,880b8265c7fffff
1936,880b826941fffff
1937,880b820a13fffff
1938,880b82045dfffff
1939,880b825547fffff
1940,880b827abbfffff
1941,880b9c8a8bfffff
1942,880b826083fffff
1943,880b9c8203fffff
1944,880b8200d7fffff
1945,880b826a31fffff
1946,880b823a47fffff
1947,880b826513fffff
1948,880b823b2dfffff
1949,880b82770dfffff
1950,880b9c9321fffff
1951,880b82744dfffff
1952,880b9c8aa5fffff
1953,880b91a6b3fffff
1954,880b9c9521fffff
1955,880b826a03fffff
1956,880b827217fffff
1957,880b9c8aedfffff
1958,880b9c8545fffff
1959,880b827081fffff
1960,880b820065fffff
1961,880b827411fffff
1962,880b9c9523fffff
1963,880b9c8a47fffff
1964,880b823a2bfffff
1965,880b9c8153fffff
1966,880b9c95b7fffff
1967,880b9c89b7fffff
1968,880b822159fffff
1969,880b9c9999fffff
1970,880b8269cbfffff
1971,880b822a13fffff
1972,880b9c9855fffff
1973,880b9c8117fffff
1974,880b9c914bfffff
1975,880b9c8715fffff
1976,880b824655fffff
1977,880b9c8f2bfffff
1978,880b826645fffff
1979,880b8231c5fffff
1980,880b827663fffff
1981,880b827369fffff
1982,880b9c9ae5fffff
1983,880b826d8bfffff
1984,880b82616dfffff
1985,880b9cd257fffff
1986,880b82652dfffff
1987,880b8200b3fffff
1988,880b820f67fffff
1989,880b82669bfffff
1990,880b8269c7fffff
1991,880b91a6bbfffff
1992,880b82315dfffff
1993,880b8201d3fffff
1994,880b9c84bbfffff
1995,880b823943fffff
1996,880b827699fffff
1997,880b9c930bfffff
1998,880b9c90e7fffff
1999,880b9c9a57fffff
2000,880b9cbb59fffff
2001,880b82774bfffff
2002,880b82003bfffff
2003,880b91a441fffff
2004,880b9c9539fffff
2005,880b823aedfffff
2006,880b82a929fffff
2007,880b822addfffff
2008,880b8276c9fffff
2009,880b9c8f69fffff
2010,880b9c8837fffff
2011,880b8260d3fffff
2012,880b820595fffff
2013,880b82645bfffff
2014,880b9cd71bfffff
2015,880b82448dfffff
2016,880b8264a3fffff
2017,880b91a443fffff
2018,880b826dadfffff
2019,880b82668bfffff
2020,880b82788dfffff
2021,880b820061fffff
2022,880b9c815bfffff
2023,880b91a401fffff
2024,880b822a35fffff
2025,880b827485fffff
2026,880b820c07fffff
2027,880b9c828dfffff
2028,880b827549fffff
2029,880b8265a5fffff
2030,880b82631bfffff
2031,880b827163fffff
2032,880b82232dfffff
2033,880b9c9525fffff
2034,880b8269c3fffff
2035,880b82768dfffff
2036,880b82643bfffff
2037,880b9c8063fffff
2038,880b9cd231fffff
2039,880b827aa3fffff
2040,880b9c843dfffff
2041,880b9c9951fffff
2042,880b820861fffff
2043,880b827293fffff
2044,880b9c9a29fffff
2045,880b9c8125fffff
2046,880b8231cbfffff
2047,880b9c985bfffff
2048,880b8246dbfffff
2049,880b9c909dfffff
2050,880b8271e1fffff
2051,880b826c05fffff
2052,880b822adbfffff
2053,880b820a05fffff
2054,880b824253fffff
2055,880b82233dfffff
2056,880b820d9dfffff
2057,880b826007fffff
2058,880b822a61fffff
2059,880b91a697fffff
2060,880b826c33fffff
2061,880b9c9887fffff
2062,880b8221edfffff
2063,880b9c81b5fffff
2064,880b8238ddfffff
2065,880b8229c7fffff
2066,880b820debfffff
2067,880b82091dfffff
2068,880b9c8addfffff
2069,880b82429bfffff
2070,880b9c899bfffff
2071,880b825593fffff
2072,880b826c2bfffff
2073,880b9c9139fffff
2074,880b9c82c7fffff
2075,880b823059fffff
2076,880b9c88dbfffff
2077,880b826e41fffff
2078,880b820cedfffff
2079,880b823903fffff
2080,880b9c9937fffff
2081,880b9c90ebfffff
2082,880b827035fffff
2083,880b9c82edfffff
2084,880b9cb839fffff
2085,880b9c8a1bfffff
2086,880b8261cbfffff
2087,880b827449fffff
2088,880b8201adfffff
2089,880b822189fffff
2090,880b820755fffff
2091,880b8261e7fffff
2092,880b82692dfffff
2093,880b823b57fffff
2094,880b9c9347fffff
2095,880b9c9b1bfffff
2096,880b9c9a2dfffff
2097,880b91a457fffff
2098,880b826995fffff
2099,880b82664dfffff
2100,880b827405fffff
2101,880b826509fffff
2102,880b824413fffff
2103,880b82666bfffff
2104,880b827113fffff
2105,880b8246d3fffff
2106,880b8270e9fffff
2107,880b9c823bfffff
2108,880b826629fffff
2109,880b8261e3fffff
2110,880b9c8319fffff
2111,880b91a6e7fffff
2112,880b9c85e7fffff
2113,880b82759dfffff
2114,880b820cd9fffff
2115,880b9c8981fffff
2116,880b826d01fffff
2117,880b8278b7fffff
2118,880b8276adfffff
2119,880b82052dfffff
2120,880b820869fffff
2121,880b9c9a8bfffff
2122,880b9c8369fffff
2123,880b9c90d1fffff
2124,880b9c922dfffff
2125,880b82646dfffff
2126,880b8274c1fffff
2127,880b826d63fffff
2128,880b820d4dfffff
2129,880b8268e7fffff
2130,880b8278a1fffff
2131,880b826981fffff
2132,880b827587fffff
2133,880b827343fffff
2134,880b822b11fffff
2135,880b9c9a25fffff
2136,880b8205e9fffff
2137,880b9c8363fffff
2138,880b9c8359fffff
2139,880b820a95fffff
2140,880b9c9b31fffff
2141,880b9c9a91fffff
2142,880b8200b9fffff
2143,880b826625fffff
2144,880b9c9849fffff
2145,880b823ab5fffff
2146,880b826a6bfffff
2147,880b827291fffff
2148,880b8255e7fffff
2149,880b826251fffff
2150,880b91a6d5fffff
2151,880b8239d9fffff
2152,880b824605fffff
2153,880b826027fffff
2154,880b9c8a17fffff
2155,880b9c9a1dfffff
2156,880b820041fffff
2157,880b9c826dfffff
2158,880b8271c7fffff
2159,880b9cd2cdfffff
2160,880b826e29fffff
2161,880b8219c7fffff
2162,880b820ec7fffff
2163,880b826185fffff
2164,880b8209d9fffff
2165,880b9c9507fffff
2166,880b9c993bfffff
2167,880b9c809bfffff
2168,880b8204c7fffff
2169,880b9c9205fffff
2170,880b826ab7fffff
2171,880b8221e5fffff
2172,880b9c8e87fffff
2173,880b9c8e6bfffff
2174,880b826807fffff
2175,880b8270a3fffff
2176,880b826531fffff
2177,880b9c9853fffff
2178,880b91a49bfffff
2179,880b824717fffff
2180,880b9c8721fffff
2181,880b826e45fffff
2182,880b823b5bfffff
2183,880b823883fffff
2184,880b9c85ddfffff
2185,880b8246abfffff
2186,880b827447fffff
2187,880b9c9223fffff
2188,880b9c9185fffff
2189,880b826a51fffff
2190,880b820e41fffff
2191,880b9c8c91fffff
2192,880b9c98b9fffff
2193,880b8275cbfffff
2194,880b822ac9fffff
2195,880b826c5dfffff
2196,880b820297fffff
2197,880b825531fffff
2198,880b826025fffff
2199,880b82046bfffff
2200,880b9c8741fffff
2201,880b826137fffff
2202,880b823aebfffff
2203,880b824487fffff
2204,880b826ec7fffff
2205,880b9cd011fffff
2206,880b822839fffff
2207,880b82311bfffff
2208,880b82672bfffff
2209,880b822a41fffff
2210,880b8272b3fffff
2211,880b820de7fffff
2212,880b827a89fffff
2213,880b9c8cdbfffff
2214,880b820909fffff
2215,880b826339fffff
2216,880b820ec5fffff
2217,880b826491fffff
2218,880b8261a5fffff
2219,880b9c1641fffff
2220,880b9c8591fffff
2221,880b826927fffff
2222,880b820931fffff
2223,880b82281dfffff
2224,880b9c8b5bfffff
2225,880b822923fffff
2226,880b9c9a53fffff
2227,880b9c8097fffff
2228,880b820ad3fffff
2229,880b82303dfffff
2230,880b9c883dfffff
2231,880b9c88e5fffff
2232,880b9c8a41fffff
2233,880b820957fffff
2234,880b9c8081fffff
2235,880b82283bfffff
2236,880b9c9107fffff
2237,880b9c90adfffff
2238,880b820a97fffff
2239,880b9c9099fffff
2240,880b8264abfffff
2241,880b827193fffff
2242,880b823163fffff
2243,880b8238d7fffff
2244,880b9c85b7fffff
2245,880b82014bfffff
2246,880b9c8aa9fffff
2247,880b9c925dfffff
2248,880b827491fffff
2249,880b827417fffff
2250,880b8221c5fffff
2251,880b822a2bfffff
2252,880b827329fffff
2253,880b8275a1fffff
2254,880b9c9143fffff
2255,880b9c89adfffff
2256,880b826d83fffff
2257,880b820d49fffff
2258,880b823a5bfffff
2259,880b91a6a3fffff
2260,880b820cabfffff
2261,880b826d85fffff
2262,880b822945fffff
2263,880b820cc3fffff
2264,880b9c80c7fffff
2265,880b9c9869fffff
2266,880b82212bfffff
2267,880b9c8dddfffff
2268,880b9c85cdfffff
2269,880b9c80d7fffff
2270,880b9c85b3fffff
2271,880b826f6bfffff
2272,880b826463fffff
2273,880b8208edfffff
2274,880b826051fffff
2275,880b820ea3fffff
2276,880b823167fffff
2277,880b9c89a1fffff
2278,880b820cd1fffff
2279,880b9c88cbfffff
2280,880b8209d7fffff
2281,880b827507fffff
2282,880b8260e9fffff
2283,880b8206e7fffff
2284,880b82670bfffff
2285,880b824661fffff
2286,880b826a69fffff
2287,880b91a6b7fffff
2288,880b826c43fffff
2289,880b826ccdfffff
2290,880b823ac5fffff
2291,880b827a15fffff
2292,880b9c8c21fffff
2293,880b824449fffff
2294,880b9c8c0dfffff
2295,880b827315fffff
2296,880b826ecdfffff
2297,880b82015bfffff
2298,880b8272c9fffff
2299,880b8229b1fffff
2300,880b9c8f65fffff
2301,880b8275adfffff
2302,880b826a4bfffff
2303,880b9c905bfffff
2304,880b9c9585fffff
2305,880b8238bdfffff
2306,880b9c8091fffff
2307,880b820017fffff
2308,880b826d6bfffff
2309,880b826123fffff
2310,880b9c81ebfffff
2311,880b820897fffff
2312,880b826435fffff
2313,880b9c82a5fffff
2314,880b823a8dfffff
2315,880b8271cbfffff
2316,880b8205d3fffff
2317,880b8270bdfffff
2318,880b827495fffff
2319,880b827237fffff
2320,880b9c872bfffff
2321,880b820d41fffff
2322,880b826e53fffff
2323,880b826a1bfffff
2324,880b9c95a7fffff
2325,880b8262adfffff
2326,880b823015fffff
2327,880b8208b3fffff
2328,880b9c9a9dfffff
2329,880b9cd249fffff
2330,880b82a937fffff
2331,880b8262c5fffff
2332,880b8244e1fffff
2333,880b8266cdfffff
2334,880b82640dfffff
2335,880b827737fffff
2336,880b820de9fffff
2337,880b824293fffff
2338,880b8268bdfffff
2339,880b9c9b43fffff
2340,880b82290dfffff
2341,880b823005fffff
2342,880b9c9839fffff
2343,880b9c8b51fffff
2344,880b9cd221fffff
2345,880b9c8e43fffff
2346,880b9cb967fffff
2347,880b8268c7fffff
2348,880b9c80e3fffff
2349,880b9c9105fffff
2350,880b820c35fffff
2351,880b825503fffff
2352,880b82715dfffff
2353,880b9c90d3fffff
2354,880b9c8e03fffff
2355,880b82789dfffff
2356,880b8231dbfffff
2357,880b8209abfffff
2358,880b823181fffff
2359,880b822b37fffff
2360,880b82088dfffff
2361,880b9c95e3fffff
2362,880b826263fffff
2363,880b9cd663fffff
2364,880b82011dfffff
2365,880b9cd64dfffff
2366,880b821989fffff
2367,880b820dd5fffff
2368,880b82006bfffff
2369,880b9c81c9fffff
2370,880b823139fffff
2371,880b824629fffff
2372,880b91a69dfffff
2373,880b820e4dfffff
2374,880b8266c5fffff
2375,880b9c8b0bfffff
2376,880b826759fffff
2377,880b820b37fffff
2378,880b820cebfffff
2379,880b824469fffff
2380,880b820d8dfffff
2381,880b8265a1fffff
2382,880b826907fffff
2383,880b82628dfffff
2384,880b9c9941fffff
2385,880b826c97fffff
2386,880b9c91e3fffff
2387,880b826ec1fffff
2388,880b91a451fffff
2389,880b9c8919fffff
2390,880b8246b5fffff
2391,880b9c8e05fffff
2392,880b8238cbfffff
2393,880b9c91c7fffff
2394,880b91a459fffff
2395,880b823b2bfffff
2396,880b820f2dfffff
2397,880b823a63fffff
2398,880b9c8f6bfffff
2399,880b8206adfffff
2400,880b8268d9fffff
2401,880b9c8807fffff
2402,880b9c9537fffff
2403,880b823885fffff
2404,880b825585fffff
2405,880b82776bfffff
2406,880b82642bfffff
2407,880b820615fffff
2408,880b9c8f17fffff
2409,880b826e95fffff
2410,880b825535fffff
2411,880b820c4dfffff
2412,880b82650dfffff
2413,880b9c9517fffff
2414,880b8268edfffff
2415,880b827acdfffff
2416,880b822a29fffff
2417,880b8276c3fffff
2418,880b9c80d9fffff
2419,880b820659fffff
2420,880b9c81a7fffff
2421,880b820b05fffff
2422,880b820cc9fffff
2423,880b825581fffff
2424,880b9c8439fffff
2425,880b82645dfffff
2426,880b9c8447fffff
2427,880b820157fffff
2428,880b9c8295fffff
2429,880b9cd23bfffff
2430,880b826ae7fffff
2431,880b82392dfffff
2432,880b9c99ddfffff
2433,880b823b6dfffff
2434,880b826d1dfffff
2435,880b82211bfffff
2436,880b9c95bdfffff
2437,880b8255e3fffff
2438,880b9cd25dfffff
2439,880b823a43fffff
2440,880b9c81c5fffff
2441,880b82384bfffff
2442,880b9c9a89fffff
2443,880b9c9011fffff
2444,880b8205dbfffff
2445,880b822b07fffff
2446,880b9c9b69fffff
2447,880b8278d5fffff
2448,880b9c8f49fffff
2449,880b823a29fffff
2450,880b823a69fffff
2451,880b8209e1fffff
2452,880b827091fffff
2453,880b823001fffff
2454,880b82041bfffff
2455,880b826239fffff
2456,880b820db1fffff
2457,880b8206b3fffff
2458,880b8238d9fffff
2459,880b826637fffff
2460,880b9c9007fffff
2461,880b91a6adfffff
2462,880b8272adfffff
2463,880b8232a1fffff
2464,880b9c84e9fffff
2465,880b820ed7fffff
2466,880b826857fffff
2467,880b827899fffff
2468,880b820e6bfffff
2469,880b82603dfffff
2470,880b827555fffff
2471,880b826811fffff
2472,880b8206e5fffff
2473,880b8244bdfffff
2474,880b8205a3fffff
2475,880b820e03fffff
2476,880b9c9825fffff
2477,880b823a09fffff
2478,880b826659fffff
2479,880b8204b3fffff
2480,880b8274d7fffff
2481,880b9cd201fffff
2482,880b8200bbfffff
2483,880b9cd645fffff
2484,880b826365fffff
2485,880b9c9029fffff
2486,880b827423fffff
2487,880b82302bfffff
2488,880b827433fffff
2489,880b8264dbfffff
2490,880b822837fffff
2491,880b82744bfffff
2492,880b9c8025fffff
2493,880b823ae5fffff
2494,880b82614bfffff
2495,880b827207fffff
2496,880b9c8727fffff
2497,880b8209a9fffff
2498,880b826d67fffff
2499,880b8209c3fffff
2500,880b9c8e41fffff
2501,880b9cb83dfffff
2502,880b9cd2b9fffff
2503,880b823a41fffff
2504,880b9c160bfffff
2505,880b9c90c3fffff
2506,880b823861fffff
2507,880b8255c7fffff
2508,880b91a419fffff
2509,880b9c9181fffff
2510,880b820959fffff
2511,880b826295fffff
2512,880b820aa7fffff
2513,880b820da3fffff
2514,880b9c8519fffff
2515,880b826c1bfffff
2516,880b8275c5fffff
2517,880b9c953bfffff
2518,880b9c8c85fffff
2519,880b9c8e85fffff
2520,880b824451fffff
2521,880b9c9a59fffff
2522,880b91a623fffff
2523,880b9c9169fffff
2524,880b9c8911fffff
2525,880b822b1bfffff
2526,880b8261adfffff
2527,880b820551fffff
2528,880b9c89d1fffff
2529,880b826b33fffff
2530,880b826e51fffff
2531,880b9c8a5bfffff
2532,880b9c8e29fffff
2533,880b9c8f39fffff
2534,880b823b25fffff
2535,880b9cd26bfffff
2536,880b82676dfffff
2537,880b8269b5fffff
2538,880b823325fffff
2539,880b826e4bfffff
2540,880b8269a7fffff
2541,880b826ac1fffff
2542,880b8239c9fffff
2543,880b8278ebfffff
2544,880b9c8e95fffff
2545,880b820851fffff
2546,880b820969fffff
2547,880b827993fffff
2548,880b82236dfffff
2549,880b820e17fffff
2550,880b82392bfffff
2551,880b826e6dfffff
2552,880b8204edfffff
2553,880b820555fffff
2554,880b82694bfffff
2555,880b826019fffff
2556,880b9c84b5fffff
2557,880b82389dfffff
2558,880b9c81e3fffff
2559,880b9c9025fffff
2560,880b827263fffff
2561,880b8200c1fffff
2562,880b823a21fffff
2563,880b9c8061fffff
2564,880b8279b1fffff
2565,880b8265cbfffff
2566,880b822b59fffff
2567,880b9c89a5fffff
2568,880b820687fffff
2569,880b8262d5fffff
2570,880b827261fffff
2571,880b8200b7fffff
2572,880b82398bfffff
2573,880b82292bfffff
2574,880b9c893bfffff
2575,880b8239e9fffff
2576,880b8260a9fffff
2577,880b820cd3fffff
2578,880b9c8743fffff
2579,880b8270c9fffff
2580,880b8255adfffff
2581,880b8209d5fffff
2582,880b826989fffff
2583,880b9c8ec5fffff
2584,880b820513fffff
2585,880b820db3fffff
2586,880b8272abfffff
2587,880b826139fffff
2588,880b82623bfffff
2589,880b82621dfffff
2590,880b826d35fffff
2591,880b820723fffff
2592,880b9cd0cbfffff
2593,880b82694dfffff
2594,880b8261b5fffff
2595,880b9c80d1fffff
2596,880b9cd31dfffff
2597,880b822ac3fffff
2598,880b9c8e31fffff
2599,880b9cd367fffff
2600,880b82389bfffff
2601,880b9c8553fffff
2602,880b91a61bfffff
2603,880b8270b9fffff
2604,880b82089dfffff
2605,880b82634bfffff
2606,880b9c8231fffff
2607,880b91a611fffff
2608,880b82675dfffff
2609,880b9cbb35fffff
2610,880b9c91a5fffff
2611,880b9c8057fffff
2612,880b9c8099fffff
2613,880b82760bfffff
2614,880b9cd76bfffff
2615,880b9c8f0dfffff
2616,880b8266b9fffff
2617,880b82653dfffff
2618,880b9c8a65fffff
2619,880b9c8461fffff
2620,880b9c88d7fffff
2621,880b827545fffff
2622,880b826725fffff
2623,880b827501fffff
2624,880b8261d5fffff
2625,880b9cd233fffff
2626,880b820d19fffff
2627,880b9c8c27fffff
2628,880b82553bfffff
2629,880b826e17fffff
2630,880b9c992dfffff
2631,880b824653fffff
2632,880b9c9b1dfffff
2633,880b822827fffff
2634,880b823063fffff
2635,880b82766dfffff
2636,880b827739fffff
2637,880b9cbb27fffff
2638,880b827269fffff
2639,880b9c81e7fffff
2640,880b826833fffff
2641,880b824649fffff
2642,880b8272a5fffff
2643,880b9c9963fffff
2644,880b9c8c41fffff
2645,880b82393dfffff
2646,880b9c9103fffff
2647,880b9c846dfffff
2648,880b82059dfffff
2649,880b9c9161fffff
2650,880b820431fffff
2651,880b9c881bfffff
2652,880b820947fffff
2653,880b9cd227fffff
2654,880b8231c9fffff
2655,880b820d33fffff
2656,880b8262bdfffff
2657,880b8205a5fffff
2658,880b827059fffff
2659,880b822917fffff
2660,880b8219b1fffff
2661,880b826c57fffff
2662,880b826a99fffff
2663,880b827859fffff
2664,880b820681fffff
2665,880b9cd72dfffff
2666,880b827ab7fffff
2667,880b8279dbfffff
2668,880b822b6bfffff
2669,880b8254e3fffff
2670,880b820c8dfffff
2671,880b91a659fffff
2672,880b8244edfffff
2673,880b8270d1fffff
2674,880b823a93fffff
2675,880b9cd35dfffff
2676,880b9cd321fffff
2677,880b8274c9fffff
2678,880b826e97fffff
2679,880b9c842dfffff
2680,880b826547fffff
2681,880b823a45fffff
2682,880b822ac5fffff
2683,880b826f33fffff
2684,880b827761fffff
2685,880b824757fffff
2686,880b826891fffff
2687,880b827887fffff
2688,880b826a95fffff
2689,880b9c980bfffff
2690,880b9c8a51fffff
2691,880b822123fffff
2692,880b820923fffff
2693,880b9c8583fffff
2694,880b8208b5fffff
2695,880b820e23fffff
2696,880b9c9a4dfffff
2697,880b8204a7fffff
2698,880b826e03fffff
2699,880b820485fffff
2700,880b9cd309fffff
2701,880b826f23fffff
2702,880b82070bfffff
2703,880b820a2bfffff
2704,880b82382dfffff
2705,880b9c9837fffff
2706,880b820da9fffff
2707,880b8201d9fffff
2708,880b9c80ebfffff
2709,880b8264c5fffff
2710,880b827541fffff
2711,880b8278b9fffff
2712,880b9c8001fffff
2713,880b820825fffff
2714,880b827119fffff
2715,880b826ebbfffff
2716,880b820097fffff
2717,880b827539fffff
2718,880b9c89b1fffff
2719,880b82011bfffff
2720,880b9c85c7fffff
2721,880b826ca9fffff
2722,880b9c8b15fffff
2723,880b827025fffff
2724,880b8244e7fffff
2725,880b820635fffff
2726,880b8215bbfffff
2727,880b9c9365fffff
2728,880b82726bfffff
2729,880b823169fffff
2730,880b820c85fffff
2731,880b820c59fffff
2732,880b9c9a67fffff
2733,880b822ae9fffff
2734,880b827041fffff
2735,880b9c8749fffff
2736,880b827487fffff
2737,880b827509fffff
2738,880b826943fffff
2739,880b9c89a7fffff
2740,880b82764bfffff
2741,880b820a31fffff
2742,880b820edbfffff
2743,880b9c89dbfffff
2744,880b9cd21dfffff
2745,880b8266edfffff
2746,880b9c8c95fffff
2747,880b826991fffff
2748,880b9c8821fffff
2749,880b9c89e7fffff
2750,880b8275c9fffff
2751,880b8239dbfffff
2752,880b91a68dfffff
2753,880b826b07fffff
2754,880b9c8449fffff
2755,880b827219fffff
2756,880b8262e5fffff
2757,880b9c9b45fffff
2758,880b82672dfffff
2759,880b9c82cbfffff
2760,880b82040bfffff
2761,880b91a445fffff
2762,880b9cd719fffff
2763,880b827a87fffff
2764,880b822985fffff
2765,880b9c85cbfffff
2766,880b826e09fffff
2767,880b82466bfffff
2768,880b823b31fffff
2769,880b82549dfffff
2770,880b826291fffff
2771,880b9c8b0dfffff
2772,880b9cd327fffff
2773,880b9c9359fffff
2774,880b821587fffff
2775,880b8264c9fffff
2776,880b827143fffff
2777,880b8275e5fffff
2778,880b8262cdfffff
2779,880b82726dfffff
2780,880b82305bfffff
2781,880b9cd205fffff
2782,880b826041fffff
2783,880b9c8485fffff
2784,880b826a21fffff
2785,880b9cd2a3fffff
2786,880b82a925fffff
2787,880b827469fffff
2788,880b9c80c1fffff
2789,880b9c85d1fffff
2790,880b826aa9fffff
2791,880b9c9547fffff
2792,880b8264d3fffff
2793,880b9c855dfffff
2794,880b82084dfffff
2795,880b8205b5fffff
2796,880b8269bbfffff
2797,880b9c935dfffff
2798,880b827099fffff
2799,880b820aedfffff
2800,880b82425bfffff
2801,880b82785bfffff
2802,880b820dc5fffff
2803,880b8274b1fffff
2804,880b9c9a07fffff
2805,880b8275a3fffff
2806,880b823ad3fffff
2807,880b820dcbfffff
2808,880b9c8349fffff
2809,880b9c9943fffff
2810,880b820733fffff
2811,880b9c919bfffff
2812,880b82236bfffff
2813,880b820b67fffff
2814,880b8276b9fffff
2815,880b8208ebfffff
2816,880b823b49fffff
2817,880b8229d1fffff
2818,880b8239d1fffff
2819,880b820c4bfffff
2820,880b8262c7fffff
2821,880b8275dbfffff
2822,880b820583fffff
2823,880b8269a3fffff
2824,880b826801fffff
2825,880b827a51fffff
2826,880b82732bfffff
2827,880b9c89cdfffff
2828,880b826545fffff
2829,880b822809fffff
2830,880b9c92e7fffff
2831,880b9c8829fffff
2832,880b8260dbfffff
2833,880b9c8de3fffff
2834,880b9c8159fffff
2835,880b827089fffff
2836,880b826d5dfffff
2837,880b826691fffff
2838,880b827585fffff
2839,880b9c9949fffff
2840,880b9c88ddfffff
2841,880b9c9041fffff
2842,880b82623dfffff
2843,880b820de5fffff
2844,880b9cb949fffff
2845,880b826f5bfffff
2846,880b826469fffff
2847,880b823acbfffff
2848,880b823129fffff
2849,880b9c9921fffff
2850,880b9c8259fffff
2851,880b8274a7fffff
2852,880b823159fffff
2853,880b9c9067fffff
2854,880b824659fffff
2855,880b826009fffff
2856,880b826731fffff
2857,880b826885fffff
2858,880b9c8287fffff
2859,880b9cd235fffff
2860,880b827703fffff
2861,880b826d51fffff
2862,880b9c8e4dfffff
2863,880b8261b7fffff
2864,880b8208c9fffff
2865,880b9c934dfffff
2866,880b9cd30bfffff
2867,880b826087fffff
2868,880b9c9851fffff
2869,880b820101fffff
2870,880b8265b1fffff
2871,880b823101fffff
2872,880b826f5dfffff
2873,880b82009dfffff
2874,880b827453fffff
2875,880b826db9fffff
2876,880b826a85fffff
2877,880b82004bfffff
2878,880b9c9a37fffff
2879,880b9c8529fffff
2880,880b823821fffff
2881,880b91a63dfffff
2882,880b8261ddfffff
2883,880b8205c1fffff
2884,880b9cd303fffff
2885,880b9c92e1fffff
2886,880b820731fffff
2887,880b8274d3fffff
2888,880b820c19fffff
2889,880b9c8539fffff
2890,880b826ca5fffff
2891,880b826a59fffff
2892,880b9c8a5dfffff
2893,880b82060bfffff
2894,880b820757fffff
2895,880b822907fffff
2896,880b8206e3fffff
2897,880b824689fffff
2898,880b820b5dfffff
2899,880b82332dfffff
2900,880b822a19fffff
2901,880b8254d3fffff
2902,880b820689fffff
2903,880b82605dfffff
2904,880b9c908dfffff
2905,880b91a689fffff
2906,880b9c81b7fffff
2907,880b82a963fffff
2908,880b820639fffff
2909,880b826369fffff
2910,880b820747fffff
2911,880b9c95edfffff
2912,880b826cb3fffff
2913,880b827357fffff
2914,880b9c8c61fffff
2915,880b9c99c5fffff
2916,880b822847fffff
2917,880b822a3bfffff
2918,880b8276d7fffff
2919,880b82083dfffff
2920,880b827419fffff
2921,880b8209e7fffff
2922,880b827ac3fffff
2923,880b9c8c4dfffff
2924,880b82673bfffff
2925,880b826717fffff
2926,880b9c88cdfffff
2927,880b823833fffff
2928,880b9c9933fffff
2929,880b820721fffff
2930,880b9c8719fffff
2931,880b820043fffff
2932,880b9c8ed7fffff
2933,880b8255bbfffff
2934,880b826585fffff
2935,880b8221e1fffff
2936,880b9c8435fffff
2937,880b827a2bfffff
2938,880b8208cdfffff
2939,880b826c15fffff
2940,880b820f5dfffff
2941,880b9c8403fffff
2942,880b826333fffff
2943,880b91a683fffff
2944,880b9c9b19fffff
2945,880b826f67fffff
2946,880b826643fffff
2947,880b823ac1fffff
2948,880b827603fffff
2949,880b820d37fffff
2950,880b9c923dfffff
2951,880b9c90abfffff
2952,880b9c8d87fffff
2953,880b827009fffff
2954,880b826c27fffff
2955,880b820e9dfffff
2956,880b9cd365fffff
2957,880b9c9049fffff
2958,880b82789bfffff
2959,880b822165fffff
2960,880b824497fffff
2961,880b9c92a1fffff
2962,880b823829fffff
2963,880b8266e7fffff
2964,880b9c9197fffff
2965,880b82752bfffff
2966,880b8201abfffff
2967,880b9c8c69fffff
2968,880b8215a7fffff
2969,880b9c8a33fffff
2970,880b9cd223fffff
2971,880b826c8dfffff
2972,880b9c8c51fffff
2973,880b9c82c5fffff
2974,880b9c8161fffff
2975,880b826f15fffff
2976,880b8272e3fffff
2977,880b820c9bfffff
2978,880b9c8e01fffff
2979,880b8204e3fffff
2980,880b826e8dfffff
2981,880b9c9a97fffff
2982,880b824415fffff
2983,880b9c8ae5fffff
2984,880b9c9a43fffff
2985,880b823981fffff
2986,880b82751dfffff
2987,880b82750bfffff
2988,880b820d57fffff
2989,880b827429fffff
2990,880b9c830dfffff
2991,880b826693fffff
2992,880b826e5dfffff
2993,880b820511fffff
2994,880b8219c5fffff
2995,880b820a2dfffff
2996,880b8254c9fffff
2997,880b826035fffff
2998,880b82198bfffff
2999,880b9c994bfffff
3000,880b8262a9fffff
3001,880b9c8cbdfffff
3002,880b827427fffff
3003,880b9c9235fffff
3004,880b826aabfffff
3005,880b826609fffff
3006,880b827051fffff
3007,880b826e5bfffff
3008,880b82634dfffff
3009,880b8269d9fffff
3010,880b9c92abfffff
3011,880b820e51fffff
3012,880b9c9b39fffff
3013,880b824697fffff
3014,880b826e11fffff
3015,880b82749dfffff
3016,880b826b13fffff
3017,880b9cd311fffff
3018,880b826005fffff
3019,880b826983fffff
3020,880b82721bfffff
3021,880b826a05fffff
3022,880b827103fffff
3023,880b8270c7fffff
3024,880b9c9039fffff
3025,880b82773dfffff
3026,880b82685dfffff
3027,880b91a4d5fffff
3028,880b9c820bfffff
3029,880b8271c1fffff
3030,880b826297fffff
3031,880b82680bfffff
3032,880b9c9085fffff
3033,880b8271d3fffff
3034,880b820283fffff
3035,880b9c84e3fffff
3036,880b820d43fffff
3037,880b822b1dfffff
3038,880b9c9861fffff
3039,880b823937fffff
3040,880b9c8551fffff
3041,880b826603fffff
3042,880b9cbb09fffff
3043,880b9cd359fffff
3044,880b822b6dfffff
3045,880b826117fffff
3046,880b826303fffff
3047,880b827599fffff
3048,880b9c984bfffff
3049,880b8209cbfffff
3050,880b82642dfffff
3051,880b9cd285fffff
3052,880b9cbb2bfffff
3053,880b827301fffff
3054,880b827627fffff
3055,880b9c9265fffff
3056,880b82693bfffff
3057,880b8244b3fffff
3058,880b8272c7fffff
3059,880b820899fffff
3060,880b8208e3fffff
3061,880b9c9ad7fffff
3062,880b9c89e9fffff
3063,880b820623fffff
3064,880b827223fffff
3065,880b8244d1fffff
3066,880b826f55fffff
3067,880b9c8029fffff
3068,880b826065fffff
3069,880b9c8c31fffff
3070,880b820843fffff
3071,880b9c9995fffff
3072,880b9c9ad3fffff
3073,880b8208d5fffff
3074,880b8268e1fffff
3075,880b9c956bfffff
3076,880b826181fffff
3077,880b8228e7fffff
3078,880b9c8053fffff
3079,880b82385dfffff
3080,880b82691bfffff
3081,880b827a59fffff
3082,880b9c8a3bfffff
3083,880b9c91d9fffff
3084,880b820705fffff
3085,880b8274a5fffff
3086,880b826737fffff
3087,880b824493fffff
3088,880b9c8aa1fffff
3089,880b820cc5fffff
3090,880b820a25fffff
3091,880b820409fffff
3092,880b82653bfffff
3093,880b8209a5fffff
3094,880b82475dfffff
3095,880b826667fffff
3096,880b820d3dfffff
3097,880b827995fffff
3098,880b9c8ad1fffff
3099,880b823a49fffff
3100,880b826257fffff
3101,880b8209a1fffff
3102,880b8265a3fffff
3103,880b9c9ac3fffff
3104,880b82773bfffff
3105,880b8260e1fffff
3106,880b826e15fffff
3107,880b826815fffff
3108,880b826e89fffff
3109,880b82441dfffff
3110,880b9c8a15fffff
3111,880b8209c1fffff
3112,880b820d47fffff
3113,880b91a40bfffff
3114,880b823b05fffff
3115,880b9c8e49fffff
3116,880b826321fffff
3117,880b82682dfffff
3118,880b8260a3fffff
3119,880b9c9033fffff
3120,880b82666dfffff
3121,880b827063fffff
3122,880b820489fffff
3123,880b821981fffff
3124,880b9c805bfffff
3125,880b9c8e1dfffff
3126,880b9c815dfffff
3127,880b9c9911fffff
3128,880b9c885bfffff
3129,880b824651fffff
3130,880b820d25fffff
3131,880b9c9b6dfffff
3132,880b820035fffff
3133,880b9c8157fffff
3134,880b82040dfffff
3135,880b9c829bfffff
3136,880b9c8c09fffff
3137,880b9c8557fffff
3138,880b8201ddfffff
3139,880b9c81ddfffff
3140,880b826db5fffff
3141,880b826c85fffff
3142,880b826c19fffff
3143,880b820d1dfffff
3144,880b9c91b7fffff
3145,880b826921fffff
3146,880b9c842bfffff
3147,880b82699bfffff
3148,880b9c8a87fffff
3149,880b9cd649fffff
3150,880b826633fffff
3151,880b820927fffff
3152,880b91b4bbfffff
3153,880b827533fffff
3154,880b91a6a5fffff
3155,880b826f57fffff
3156,880b826723fffff
3157,880b82662bfffff
3158,880b82768bfffff
3159,880b9c9959fffff
3160,880b8255b9fffff
3161,880b827115fffff
3162,880b8266d7fffff
3163,880b826669fffff
3164,880b9c9351fffff
3165,880b820025fffff
3166,880b8278cdfffff
3167,880b9c8c11fffff
3168,880b820621fffff
3169,880b826a93fffff
3170,880b820f3bfffff
3171,880b8219a1fffff
3172,880b820b69fffff
3173,880b822a17fffff
3174,880b9c8405fffff
3175,880b822b27fffff
3176,880b820419fffff
3177,880b820449fffff
3178,880b9c9ab1fffff
3179,880b82019dfffff
3180,880b9cd325fffff
3181,880b825481fffff
3182,880b8231edfffff
3183,880b9c8543fffff
3184,880b8266ebfffff
3185,880b8260e5fffff
3186,880b826457fffff
3187,880b8244cbfffff
3188,880b822801fffff
3189,880b8269bdfffff
3190,880b824619fffff
3191,880b8246b3fffff
3192,880b826255fffff
3193,880b8242d7fffff
3194,880b8244dbfffff
3195,880b82686dfffff
3196,880b9c8debfffff
3197,880b824685fffff
3198,880b9c8cd9fffff
3199,880b820f25fffff
3200,880b82759bfffff
3201,880b82746dfffff
3202,880b826b01fffff
3203,880b9c8a6dfffff
3204,880b9c800dfffff
3205,880b8208e7fffff
3206,880b9c91cbfffff
3207,880b8229c1fffff
3208,880b9c8c07fffff
3209,880b91a4dbfffff
3210,880b826d25fffff
3211,880b8260abfffff
3212,880b8261b1fffff
3213,880b826953fffff
3214,880b822b23fffff
3215,880b820967fffff
3216,880b82096dfffff
3217,880b8268abfffff
3218,880b9c80a5fffff
3219,880b827443fffff
3220,880b9cb83bfffff
3221,880b82753dfffff
3222,880b9c8b1dfffff
3223,880b826183fffff
3224,880b8239e7fffff
3225,880b822a89fffff
3226,880b826e21fffff
3227,880b820e99fffff
3228,880b8206bbfffff
3229,880b827049fffff
3230,880b9c824bfffff
3231,880b826925fffff
3232,880b826449fffff
3233,880b823a6dfffff
3234,880b8238d3fffff
3235,880b822153fffff
3236,880b822841fffff
3237,880b820833fffff
3238,880b820cb9fffff
3239,880b82769dfffff
3240,880b820293fffff
3241,880b826023fffff
3242,880b82300bfffff
3243,880b823ac7fffff
3244,880b9c89edfffff
3245,880b9cd2dbfffff
3246,880b82213dfffff
3247,880b826999fffff
3248,880b826015fffff
3249,880b827731fffff
3250,880b9c9893fffff
3251,880b827749fffff
3252,880b826869fffff
3253,880b8239b7fffff
3254,880b826d17fffff
3255,880b9c891bfffff
3256,880b9c953dfffff
3257,880b822807fffff
3258,880b9c9803fffff
3259,880b82774dfffff
3260,880b823147fffff
3261,880b826d9dfffff
3262,880b82016bfffff
3263,880b9c9343fffff
3264,880b820455fffff
3265,880b9c98a5fffff
3266,880b9c8eb5fffff
3267,880b82a931fffff
3268,880b9c834dfffff
3269,880b8229ddfffff
3270,880b8219d5fffff
3271,880b820117fffff
3272,880b820e67fffff
3273,880b820d31fffff
3274,880b8204ebfffff
3275,880b82015dfffff
3276,880b820759fffff
3277,880b826899fffff
3278,880b8269e9fffff
3279,880b8276d1fffff
3280,880b826153fffff
3281,880b820abdfffff
3282,880b9c885dfffff
3283,880b8272d7fffff
3284,880b8201a7fffff
3285,880b8229ebfffff
3286,880b9c8209fffff
3287,880b8271dbfffff
3288,880b9c8155fffff
3289,880b826ee3fffff
3290,880b820413fffff
3291,880b9c98cdfffff
3292,880b9c889dfffff
3293,880b9c9845fffff
3294,880b823a65fffff
3295,880b9cd255fffff
3296,880b826219fffff
3297,880b827565fffff
3298,880b9c85c9fffff
3299,880b9c8755fffff
3300,880b8275b9fffff
3301,880b826313fffff
3302,880b9c980dfffff
3303,880b9c88d5fffff
3304,880b9c898dfffff
3305,880b820291fffff
3306,880b82095bfffff
3307,880b826da5fffff
3308,880b827753fffff
3309,880b820809fffff
3310,880b820581fffff
3311,880b9c8b09fffff
3312,880b820749fffff
3313,880b91a619fffff
3314,880b826c21fffff
3315,880b8260d9fffff
3316,880b9c84abfffff
3317,880b9c8ea5fffff
3318,880b9c9897fffff
3319,880b82092dfffff
3320,880b820c65fffff
3321,880b820a83fffff
3322,880b826229fffff
3323,880b820f41fffff
3324,880b82684bfffff
3325,880b9c8309fffff
3326,880b9c8e11fffff
3327,880b8219e9fffff
3328,880b9c9aa3fffff
3329,880b820ad1fffff
3330,880b820965fffff
3331,880b9c8253fffff
3332,880b9c8f11fffff
3333,880b8275d5fffff
3334,880b822a33fffff
3335,880b8255d5fffff
3336,880b9c8e35fffff
3337,880b9c99e3fffff
3338,880b9c8533fffff
3339,880b8272edfffff
3340,880b8270e7fffff
3341,880b9c98e1fffff
3342,880b826589fffff
3343,880b823a9dfffff
3344,880b8209a3fffff
3345,880b827765fffff
3346,880b8261edfffff
3347,880b827033fffff
3348,880b82045bfffff
3349,880b823b3bfffff
3350,880b826a17fffff
3351,880b9c9a2bfffff
3352,880b82210dfffff
3353,880b9cd2a5fffff
3354,880b82552dfffff
3355,880b9cd01bfffff
3356,880b82710dfffff
3357,880b8256a3fffff
3358,880b9c90c7fffff
3359,880b823187fffff
3360,880b827121fffff
3361,880b822a01fffff
3362,880b822347fffff
3363,880b9c82e3fffff
3364,880b9c82a9fffff
3365,880b82398dfffff
3366,880b826d8dfffff
3367,880b826e31fffff
3368,880b827187fffff
3369,880b82702bfffff
3370,880b820629fffff
3371,880b82620dfffff
3372,880b826217fffff
3373,880b827aebfffff
3374,880b9c8cc5fffff
3375,880b8261c5fffff
3376,880b823907fffff
3377,880b8270e5fffff
3378,880b9c8a49fffff
3379,880b9c8f13fffff
3380,880b9c1651fffff
3381,880b820addfffff
3382,880b820dadfffff
3383,880b8229c5fffff
3384,880b9c9967fffff
3385,880b8238c5fffff
3386,880b82315bfffff
3387,880b823035fffff
3388,880b9c9083fffff
3389,880b9c81c3fffff
3390,880b9c8193fffff
3391,880b8204e7fffff
3392,880b826213fffff
3393,880b827583fffff
3394,880b826733fffff
3395,880b9cd241fffff
3396,880b9c8e63fffff
3397,880b9c82e5fffff
3398,880b9c9237fffff
3399,880b8206a5fffff
3400,880b8271a9fffff
3401,880b82762dfffff
3402,880b820497fffff
3403,880b82306dfffff
3404,880b820a93fffff
3405,880b9c9a05fffff
3406,880b8265b5fffff
3407,880b824499fffff
3408,880b823007fffff
3409,880b8278e9fffff
3410,880b827185fffff
3411,880b825497fffff
3412,880b9c8165fffff
3413,880b8230e5fffff
3414,880b820d6bfffff
3415,880b8200b1fffff
3416,880b9c991bfffff
3417,880b82716dfffff
3418,880b9c9095fffff
3419,880b82734dfffff
3420,880b8268e9fffff
3421,880b9cd75bfffff
3422,880b827345fffff
3423,880b9c9a49fffff
3424,880b82688dfffff
3425,880b9c8189fffff
3426,880b9c84b9fffff
3427,880b9c8a2dfffff
3428,880b82771bfffff
3429,880b8205cdfffff
3430,880b826f65fffff
3431,880b9c9881fffff
3432,880b9c8d97fffff
3433,880b8219c3fffff
3434,880b8269a1fffff
3435,880b9c8127fffff
3436,880b82306bfffff
3437,880b9c85d3fffff
3438,880b8266d3fffff
3439,880b822acdfffff
3440,880b823901fffff
3441,880b824635fffff
3442,880b9cbb5dfffff
3443,880b826699fffff
3444,880b9c9213fffff
3445,880b9c9885fffff
3446,880b9c9ab7fffff
3447,880b9c9947fffff
3448,880b9c8747fffff
3449,880b8219b7fffff
3450,880b82668dfffff
3451,880b820f1bfffff
3452,880b8272bbfffff
3453,880b82604bfffff
3454,880b82072dfffff
3455,880b827309fffff
3456,880b9c8d85fffff
3457,880b822993fffff
3458,880b82742dfffff
3459,880b826697fffff
3460,880b826a67fffff
3461,880b822829fffff
3462,880b82760dfffff
3463,880b8239a7fffff
3464,880b823887fffff
3465,880b82002dfffff
3466,880b9c989dfffff
3467,880b82711dfffff
3468,880b820b61fffff
3469,880b826017fffff
3470,880b822ac7fffff
3471,880b822265fffff
3472,880b820569fffff
3473,880b8260cdfffff
3474,880b9c8f05fffff
3475,880b822b01fffff
3476,880b8264ebfffff
3477,880b9c9961fffff
3478,880b9c9261fffff
3479,880b826853fffff
3480,880b827a93fffff
3481,880b820e83fffff
3482,880b826839fffff
3483,880b9c8587fffff
3484,880b827481fffff
3485,880b9c9a4bfffff
3486,880b9c8ee5fffff
3487,880b9c8753fffff
3488,880b9c8317fffff
3489,880b9c1653fffff
3490,880b9c90d7fffff
3491,880b8242ddfffff
3492,880b8269ddfffff
3493,880b826151fffff
3494,880b8209b7fffff
3495,880b826343fffff
3496,880b82446bfffff
3497,880b8232e3fffff
3498,880b826489fffff
3499,880b8254b3fffff
3500,880b9c8357fffff
3501,880b9c832dfffff
3502,880b826cc9fffff
3503,880b822b2bfffff
3504,880b9cd2ddfffff
3505,880b8260d1fffff
3506,880b826993fffff
3507,880b826ac7fffff
3508,880b8275e3fffff
3509,880b8229e7fffff
3510,880b827095fffff
3511,880b826089fffff
3512,880b823b13fffff
3513,880b820437fffff
3514,880b820b51fffff
3515,880b822335fffff
3516,880b82648dfffff
3517,880b826e57fffff
3518,880b822103fffff
3519,880b820d07fffff
3520,880b827461fffff
3521,880b91a449fffff
3522,880b9c80bbfffff
3523,880b822b15fffff
3524,880b820d61fffff
3525,880b820857fffff
3526,880b826c37fffff
3527,880b820143fffff
3528,880b820451fffff
3529,880b826761fffff
3530,880b827557fffff
3531,880b82295dfffff
3532,880b9c822dfffff
3533,880b82609bfffff
3534,880b826d1bfffff
3535,880b826ad9fffff
3536,880b827317fffff
3537,880b820f07fffff
3538,880b826f07fffff
3539,880b8238adfffff
3540,880b9c822bfffff
3541,880b826447fffff
3542,880b826e19fffff
3543,880b9cd329fffff
3544,880b9c9141fffff
3545,880b822119fffff
3546,880b9c9b51fffff
3547,880b9c8ce7fffff
3548,880b827707fffff
3549,880b8270e1fffff
3550,880b8272ebfffff
3551,880b823037fffff
3552,880b82612dfffff
3553,880b9c9527fffff
3554,880b9c8463fffff
3555,880b9c164dfffff
3556,880b820b4dfffff
3557,880b827a3bfffff
3558,880b82743bfffff
3559,880b9c8f03fffff
3560,880b82286dfffff
3561,880b8276c1fffff
3562,880b822b03fffff
3563,880b9c8e25fffff
3564,880b9cd2e7fffff
3565,880b8271bbfffff
3566,880b91a6c9fffff
3567,880b8205e3fffff
3568,880b827029fffff
3569,880b825539fffff
3570,880b820b07fffff
3571,880b9c8555fffff
3572,880b820127fffff
3573,880b9c9945fffff
3574,880b82699dfffff
3575,880b8254b9fffff
3576,880b8274c5fffff
3577,880b826c69fffff
3578,880b8200a7fffff
3579,880b9c81c1fffff
3580,880b827601fffff
3581,880b826947fffff
3582,880b8271b7fffff
3583,880b827589fffff
3584,880b823009fffff
3585,880b820cbdfffff
3586,880b826415fffff
3587,880b82461bfffff
3588,880b9c8a81fffff
3589,880b820745fffff
3590,880b9c82b9fffff
3591,880b827641fffff
3592,880b823905fffff
3593,880b826081fffff
3594,880b8205d5fffff
3595,880b9c8a1dfffff
3596,880b8205ebfffff
3597,880b826021fffff
3598,880b8276ddfffff
3599,880b8269e1fffff
3600,880b9c8291fffff
3601,880b8261d9fffff
3602,880b827ae5fffff
3603,880b9c8b4bfffff
3604,880b826dddfffff
3605,880b9c90a7fffff
3606,880b826b23fffff
3607,880b8271b9fffff
3608,880b9c9245fffff
3609,880b8254ddfffff
3610,880b9cd315fffff
3611,880b8201b3fffff
3612,880b826d43fffff
3613,880b9cd355fffff
3614,880b826a8bfffff
3615,880b827a03fffff
3616,880b9cb82dfffff
3617,880b9cb86dfffff
3618,880b82a967fffff
3619,880b8269c5fffff
3620,880b9c8a09fffff
3621,880b8231d1fffff
3622,880b826d03fffff
3623,880b8205b7fffff
3624,880b826639fffff
3625,880b823a99fffff
3626,880b8266bdfffff
3627,880b9c8dd1fffff
3628,880b820c5bfffff
3629,880b82042dfffff
3630,880b8261e1fffff
3631,880b9c8707fffff
3632,880b82569dfffff
3633,880b9cd701fffff
3634,880b826887fffff
3635,880b8206cbfffff
3636,880b9c930dfffff
3637,880b827aa9fffff
3638,880b9c852bfffff
3639,880b91a6dbfffff
3640,880b8200d1fffff
3641,880b9cbb2dfffff
3642,880b826e01fffff
3643,880b9c98ebfffff
3644,880b9c8eabfffff
3645,880b822a1dfffff
3646,880b820019fffff
3647,880b826eebfffff
3648,880b9c8d93fffff
3649,880b8260b9fffff
3650,880b8276c7fffff
3651,880b82005dfffff
3652,880b9c903dfffff
3653,880b9cd283fffff
3654,880b822a21fffff
3655,880b9c8293fffff
3656,880b820d2bfffff
3657,880b9c9a99fffff
3658,880b826c63fffff
3659,880b9c8129fffff
3660,880b8268b3fffff
3661,880b820b1bfffff
3662,880b826b3bfffff
3663,880b820da7fffff
3664,880b82705bfffff
3665,880b9c91b3fffff
3666,880b826865fffff
3667,880b9c872dfffff
3668,880b9c91e9fffff
3669,880b91a633fffff
3670,880b8262e9fffff
3671,880b82071dfffff
3672,880b822b13fffff
3673,880b8204a1fffff
3674,880b826de5fffff
3675,880b8239e5fffff
3676,880b820815fffff
3677,880b8272c5fffff
3678,880b9c8db9fffff
3679,880b8265d3fffff
3680,880b820929fffff
3681,880b822863fffff
3682,880b9cd343fffff
3683,880b822969fffff
3684,880b820849fffff
3685,880b820c45fffff
3686,880b8278bbfffff
3687,880b9c99c7fffff
3688,880b822941fffff
3689,880b8265c9fffff
3690,880b826c11fffff
3691,880b820287fffff
3692,880b826ee7fffff
3693,880b8244cdfffff
3694,880b820585fffff
3695,880b820ea9fffff
3696,880b823993fffff
3697,880b827567fffff
3698,880b9c84b3fffff
3699,880b9c9865fffff
3700,880b822a07fffff
3701,880b9c8855fffff
3702,880b9c82c9fffff
3703,880b826de9fffff
3704,880b9c8023fffff
3705,880b820487fffff
3706,880b822859fffff
3707,880b8206b9fffff
3708,880b9c90a3fffff
3709,880b8264c3fffff
3710,880b9c8a4bfffff
3711,880b8264adfffff
3712,880b8231bdfffff
3713,880b9c8ee3fffff
3714,880b827245fffff
3715,880b826ed1fffff
3716,880b9cb807fffff
3717,880b826683fffff
3718,880b9c8dc5fffff
3719,880b826159fffff
3720,880b8262abfffff
3721,880b823ab1fffff
3722,880b82703bfffff
3723,880b820ca1fffff
3724,880b820447fffff
3725,880b826331fffff
3726,880b8269b1fffff
3727,880b820d93fffff
3728,880b827297fffff
3729,880b9c8cedfffff
3730,880b826591fffff
3731,880b820b25fffff
3732,880b9c8169fffff
3733,880b826b2bfffff
3734,880b91a6d1fffff
3735,880b9c9859fffff
3736,880b9c920bfffff
3737,880b8242d1fffff
3738,880b826a53fffff
3739,880b826d23fffff
3740,880b9c89d5fffff
3741,880b9c81a5fffff
3742,880b827769fffff
3743,880b9c81d5fffff
3744,880b827243fffff
3745,880b823a55fffff
3746,880b8275bbfffff
3747,880b9c8599fffff
3748,880b82769bfffff
3749,880b8275edfffff
3750,880b82655bfffff
3751,880b82659bfffff
3752,880b827019fffff
3753,880b820337fffff
3754,880b822143fffff
3755,880b827135fffff
3756,880b9c990dfffff
3757,880b82082dfffff
3758,880b822823fffff
3759,880b9cd36dfffff
3760,880b8244c7fffff
3761,880b822363fffff
3762,880b826317fffff
3763,880b8254c3fffff
3764,880b8270edfffff
3765,880b822959fffff
3766,880b9c9a1bfffff
3767,880b8266c7fffff
3768,880b9c80a1fffff
3769,880b9c9269fffff
3770,880b82761bfffff
3771,880b9cd301fffff
3772,880b82314bfffff
3773,880b823917fffff
3774,880b8232a9fffff
3775,880b8262c1fffff
3776,880b9c983bfffff
3777,880b826b19fffff
3778,880b823837fffff
3779,880b820159fffff
3780,880b9c9091fffff
3781,880b8260e3fffff
3782,880b9c90edfffff
3783,880b8208dbfffff
3784,880b82068bfffff
3785,880b9c81e9fffff
3786,880b820ea5fffff
3787,880b826d45fffff
3788,880b823a03fffff
3789,880b822b2dfffff
3790,880b827221fffff
3791,880b8265a7fffff
3792,880b9c82e9fffff
3793,880b9c80adfffff
3794,880b827705fffff
3795,880b8268a9fffff
3796,880b820de1fffff
3797,880b8276ebfffff
3798,880b82558bfffff
3799,880b82636dfffff
3800,880b9c9ab9fffff
3801,880b82705dfffff
3802,880b827a3dfffff
3803,880b82603bfffff
3804,880b8208a9fffff
3805,880b8278c1fffff
3806,880b82098bfffff
3807,880b82713dfffff
3808,880b820e31fffff
3809,880b8246b7fffff
3810,880b9cd22bfffff
3811,880b826997fffff
3812,880b826841fffff
3813,880b8221e9fffff
3814,880b822aedfffff
3815,880b8274a3fffff
3816,880b822155fffff
3817,880b826945fffff
3818,880b820d1bfffff
3819,880b823327fffff
3820,880b8270cbfffff
3821,880b827459fffff
3822,880b823a15fffff
3823,880b8266d1fffff
3824,880b826f2bfffff
3825,880b9c84c3fffff
3826,880b82685bfffff
3827,880b827013fffff
3828,880b8200ddfffff
3829,880b827197fffff
3830,880b827a97fffff
3831,880b8275d1fffff
3832,880b9c99c9fffff
3833,880b8275b7fffff
3834,880b9c8c25fffff
3835,880b8201c5fffff
3836,880b9c8011fffff
3837,880b8206a7fffff
3838,880b8262e3fffff
3839,880b8244c1fffff
3840,880b82735bfffff
3841,880b9c835dfffff
3842,880b820e35fffff
3843,880b9c8f63fffff
3844,880b91a4c7fffff
3845,880b9c9a69fffff
3846,880b82718bfffff
3847,880b9c909bfffff
3848,880b8208a7fffff
3849,880b823b17fffff
3850,880b820f55fffff
3851,880b826115fffff
3852,880b826563fffff
3853,880b826121fffff
3854,880b9cd349fffff
3855,880b8266e9fffff
3856,880b820e07fffff
3857,880b822961fffff
3858,880b8271b1fffff
3859,880b820d0dfffff
3860,880b9c81d1fffff
3861,880b82441bfffff
3862,880b820e97fffff
3863,880b820f59fffff
3864,880b9c8ca9fffff
3865,880b822369fffff
3866,880b827a55fffff
3867,880b9c8087fffff
3868,880b827213fffff
3869,880b823817fffff
3870,880b826cb9fffff
3871,880b9c9557fffff
3872,880b82444dfffff
3873,880b820e09fffff
3874,880b82282dfffff
3875,880b823b15fffff
3876,880b826dd7fffff
3877,880b827349fffff
3878,880b820ac3fffff
3879,880b9cd725fffff
3880,880b9c813bfffff
3881,880b9c8ac3fffff
3882,880b9c81dbfffff
3883,880b9c806bfffff
3884,880b9c9813fffff
3885,880b820445fffff
3886,880b9c9019fffff
3887,880b82755dfffff
3888,880b820f6dfffff
3889,880b820c03fffff
3890,880b827693fffff
3891,880b9c8885fffff
3892,880b8239e1fffff
3893,880b8204dbfffff
3894,880b826d13fffff
3895,880b8200e7fffff
3896,880b82754dfffff
3897,880b9c9827fffff
3898,880b8276b5fffff
3899,880b9c9843fffff
3900,880b8265b7fffff
3901,880b826099fffff
3902,880b826355fffff
3903,880b820ce7fffff
3904,880b824409fffff
3905,880b9c89d7fffff
3906,880b9c8c13fffff
3907,880b823865fffff
3908,880b9c99a9fffff
3909,880b8254b7fffff
3910,880b9c932bfffff
3911,880b820c09fffff
3912,880b9cb86bfffff
3913,880b9c9587fffff
3914,880b8265e9fffff
3915,880b826561fffff
3916,880b822849fffff
3917,880b826c3dfffff
3918,880b82630dfffff
3919,880b823117fffff
3920,880b824683fffff
3921,880b9c8a9bfffff
3922,880b825509fffff
3923,880b9cd69bfffff
3924,880b82286bfffff
3925,880b820c25fffff
3926,880b82393bfffff
3927,880b9c9a3bfffff
3928,880b91a499fffff
3929,880b826d3dfffff
3930,880b827323fffff
3931,880b826541fffff
3932,880b823913fffff
3933,880b82765bfffff
3934,880b820535fffff
3935,880b826c01fffff
3936,880b9c8a99fffff
3937,880b9cd29bfffff
3938,880b9cd297fffff
3939,880b82a935fffff
3940,880b9c914dfffff
3941,880b8275abfffff
3942,880b820c83fffff
3943,880b9c9b33fffff
3944,880b823a89fffff
3945,880b82729bfffff
3946,880b827ac7fffff
3947,880b9c8841fffff
3948,880b9c8c47fffff
3949,880b8205b3fffff
3950,880b8205adfffff
3951,880b91a6ddfffff
3952,880b820985fffff
3953,880b827655fffff
3954,880b9c8a6bfffff
3955,880b826499fffff
3956,880b826f35fffff
3957,880b9c9165fffff
3958,880b9c82a1fffff
3959,880b91a6a1fffff
3960,880b822b43fffff
3961,880b9c99c1fffff
3962,880b8276bbfffff
3963,880b820593fffff
3964,880b8276c5fffff
3965,880b9c8809fffff
3966,880b823a53fffff
3967,880b82646bfffff
3968,880b9cd2a7fffff
3969,880b820f0dfffff
3970,880b9cbb0dfffff
3971,880b9c8845fffff
3972,880b9c9101fffff
3973,880b823ad5fffff
3974,880b9c8f0bfffff
3975,880b82390bfffff
3976,880b8204d3fffff
3977,880b826353fffff
3978,880b9c995dfffff
3979,880b822b3dfffff
3980,880b8206abfffff
3981,880b820b01fffff
3982,880b820c0bfffff
3983,880b8275cdfffff
3984,880b9c81e5fffff
3985,880b826cadfffff
3986,880b822109fffff
3987,880b9cba4dfffff
3988,880b9c8589fffff
3989,880b823067fffff
3990,880b82601dfffff
3991,880b9c933dfffff
3992,880b823a27fffff
3993,880b823a8bfffff
3994,880b8260a1fffff
3995,880b823a4bfffff
3996,880b827991fffff
3997,880b820423fffff
3998,880b9c8f15fffff
3999,880b826831fffff
4000,880b9c98d1fffff
4001,880b9c8f47fffff
4002,880b82703dfffff
4003,880b823a6bfffff
4004,880b9cbb25fffff
4005,880b827a0bfffff
4006,880b9c8d8bfffff
4007,880b820665fffff
4008,880b820191fffff
4009,880b826247fffff
4010,880b820617fffff
4011,880b826245fffff
4012,880b9c9229fffff
4013,880b82056dfffff
4014,880b9c98e3fffff
4015,880b820631fffff
4016,880b9c9193fffff
4017,880b9c802dfffff
4018,880b820b55fffff
4019,880b9c99cdfffff
4020,880b825491fffff
4021,880b9c8049fffff
4022,880b9c8cddfffff
4023,880b820683fffff
4024,880b9c9919fffff
4025,880b8266a1fffff
4026,880b826959fffff
4027,880b9c161dfffff
4028,880b9c9511fffff
4029,880b820919fffff
4030,880b8272c1fffff
4031,880b827a39fffff
4032,880b9c9021fffff
4033,880b82063dfffff
4034,880b8214b7fffff
4035,880b826403fffff
4036,880b826043fffff
4037,880b8279b3fffff
4038,880b8274d1fffff
4039,880b827551fffff
4040,880b820597fffff
4041,880b91a68bfffff
4042,880b9c165dfffff
4043,880b820053fffff
4044,880b9c9b65fffff
4045,880b826061fffff
4046,880b9c8351fffff
4047,880b82090dfffff
4048,880b826855fffff
4049,880b9c98adfffff
4050,880b9c8147fffff
4051,880b9c8ad9fffff
4052,880b9c89a3fffff
4053,880b823125fffff
4054,880b9c9367fffff
4055,880b826b1bfffff
4056,880b8264bbfffff
4057,880b820ccbfffff
4058,880b826c61fffff
4059,880b9c8131fffff
4060,880b9cd353fffff
4061,880b825597fffff
4062,880b826361fffff
4063,880b9c9183fffff
4064,880b82713bfffff
4065,880b823a2dfffff
4066,880b825589fffff
4067,880b9c8cc7fffff
4068,880b826aebfffff
4069,880b822ac1fffff
4070,880b82624bfffff
4071,880b820c17fffff
4072,880b82091bfffff
4073,880b9c8119fffff
4074,880b9c8515fffff
4075,880b8254bdfffff
4076,880b826913fffff
4077,880b820f53fffff
4078,880b822323fffff
4079,880b826acbfffff
4080,880b82089bfffff
4081,880b9c82b1fffff
4082,880b820855fffff
4083,880b9c9111fffff
4084,880b82671dfffff
4085,880b9c90b3fffff
4086,880b8219bdfffff
4087,880b820559fffff
4088,880b827017fffff
4089,880b9c9159fffff
4090,880b9c8233fffff
4091,880b823a85fffff
4092,880b8200e5fffff
4093,880b9c9aa1fffff
4094,880b826f27fffff
4095,880b82299bfffff
4096,880b8205bdfffff
4097,880b9c8c1dfffff
4098,880b9c98e9fffff
4099,880b9c8757fffff
4100,880b826267fffff
4101,880b820c29fffff
4102,880b82028bfffff
4103,880b825583fffff
4104,880b9c81e1fffff
4105,880b827087fffff
4106,880b8221a9fffff
4107,880b822a57fffff
4108,880b826889fffff
4109,880b820021fffff
4110,880b9c9b03fffff
4111,880b827743fffff
4112,880b8208e9fffff
4113,880b9c9987fffff
4114,880b9c8a13fffff
4115,880b9c8725fffff
4116,880b826d5bfffff
4117,880b9c8337fffff
4118,880b9cd29dfffff
4119,880b825683fffff
4120,880b826c31fffff
4121,880b820f47fffff
4122,880b8276d9fffff
4123,880b9c8c05fffff
4124,880b826d91fffff
4125,880b9c80b9fffff
4126,880b8278bdfffff
4127,880b8265b9fffff
4128,880b8238a7fffff
4129,880b820989fffff
4130,880b826da7fffff
4131,880b9c8ee1fffff
4132,880b827037fffff
4133,880b91a627fffff
4134,880b826961fffff
4135,880b826ccbfffff
4136,880b82609dfffff
4137,880b827259fffff
4138,880b820453fffff
4139,880b827445fffff
4140,880b9c9abdfffff
4141,880b9c912dfffff
4142,880b826537fffff
4143,880b826085fffff
4144,880b8200a3fffff
4145,880b82740bfffff
4146,880b827085fffff
4147,880b82465dfffff
4148,880b9c933bfffff
4149,880b820a37fffff
4150,880b822147fffff
4151,880b9c8413fffff
4152,880b826345fffff
4153,880b820d23fffff
4154,880b9cd0c1fffff
4155,880b826497fffff
4156,880b8255a3fffff
4157,880b826a15fffff
4158,880b826dbbfffff
4159,880b82a921fffff
4160,880b91a4d3fffff
4161,880b82029dfffff
4162,880b8219ebfffff
4163,880b9c8e39fffff
4164,880b820c5dfffff
4165,880b9cbb01fffff
4166,880b827439fffff
4167,880b820d5dfffff
4168,880b9c8f45fffff
4169,880b820e1bfffff
4170,880b9c999dfffff
4171,880b827255fffff
4172,880b9c910dfffff
4173,880b9c808dfffff
4174,880b91a453fffff
4175,880b820d53fffff
4176,880b823b41fffff
4177,880b822185fffff
4178,880b827abdfffff
4179,880b826259fffff
4180,880b8264a7fffff
4181,880b827415fffff
4182,880b9c8cc3fffff
4183,880b822161fffff
4184,880b8270ebfffff
4185,880b822a0bfffff
4186,880b9cd743fffff
4187,880b8204cdfffff
4188,880b825699fffff
4189,880b820eabfffff
4190,880b8261a7fffff
4191,880b8266d9fffff
4192,880b9c8e21fffff
4193,880b827ae7fffff
4194,880b826503fffff
4195,880b820ad5fffff
4196,880b9c9355fffff
4197,880b9cd219fffff
4198,880b82763bfffff
4199,880b8265dbfffff
4200,880b8201c3fffff
4201,880b82000bfffff
4202,880b826743fffff
4203,880b827721fffff
4204,880b827137fffff
4205,880b827a91fffff
4206,880b826651fffff
4207,880b9c82e7fffff
4208,880b91a6c5fffff
4209,880b82073dfffff
4210,880b9c8507fffff
4211,880b9cd20bfffff
4212,880b827521fffff
4213,880b9c99c3fffff
4214,880b82718dfffff
4215,880b9c9325fffff
4216,880b8260cbfffff
4217,880b822a3dfffff
4218,880b8219b5fffff
4219,880b82053bfffff
4220,880b826d95fffff
4221,880b82284bfffff
4222,880b820dd7fffff
4223,880b820cd5fffff
4224,880b820f69fffff
4225,880b826167fffff
4226,880b9c908bfffff
4227,880b8206c9fffff
4228,880b9c80c3fffff
4229,880b8264b7fffff
4230,880b826769fffff
4231,880b827ad9fffff
4232,880b825517fffff
4233,880b826235fffff
4234,880b824621fffff
4235,880b9c9031fffff
4236,880b826d3bfffff
4237,880b82085dfffff
4238,880b8274adfffff
4239,880b8246b1fffff
4240,880b8266e5fffff
4241,880b826741fffff
4242,880b824615fffff
4243,880b8244e5fffff
4244,880b827729fffff
4245,880b820c67fffff
4246,880b823145fffff
4247,880b9cd705fffff
4248,880b9c89cbfffff
4249,880b8215bdfffff
4250,880b826013fffff
4251,880b822b47fffff
4252,880b82748dfffff
4253,880b9c8c59fffff
4254,880b9cd2e3fffff
4255,880b9c888dfffff
4256,880b82294bfffff
4257,880b9c8c83fffff
4258,880b824711fffff
4259,880b8265ddfffff
4260,880b826aa3fffff
4261,880b827615fffff
4262,880b8271abfffff
4263,880b820c95fffff
4264,880b9c95b1fffff
4265,880b9c8f1bfffff
4266,880b9c9535fffff
4267,880b9c950bfffff
4268,880b8238abfffff
4269,880b8276a7fffff
4270,880b9cd66dfffff
4271,880b8206cdfffff
4272,880b9c9069fffff
4273,880b826eabfffff
4274,880b9c91b9fffff
4275,880b820b31fffff
4276,880b9cd2e1fffff
4277,880b8221c1fffff
4278,880b823919fffff
4279,880b9c871bfffff
4280,880b820dbbfffff
4281,880b826253fffff
4282,880b820dc7fffff
4283,880b826433fffff
4284,880b823161fffff
4285,880b826e93fffff
4286,880b9c8415fffff
4287,880b827421fffff
4288,880b820e47fffff
4289,880b8255edfffff
4290,880b82469bfffff
4291,880b9cbb61fffff
4292,880b820f4bfffff
4293,880b824481fffff
4294,880b9c8263fffff
4295,880b827aa1fffff
4296,880b826039fffff
4297,880b820d99fffff
4298,880b8254a7fffff
4299,880b826849fffff
4300,880b8202b9fffff
4301,880b9c8839fffff
4302,880b827139fffff
4303,880b826c8bfffff
4304,880b9cbb29fffff
4305,880b826d07fffff
4306,880b820acbfffff
4307,880b9c91e1fffff
4308,880b9cd237fffff
4309,880b82691dfffff
4310,880b820c53fffff
4311,880b9c9b0dfffff
4312,880b820811fffff
4313,880b823b21fffff
4314,880b826069fffff
4315,880b9c9037fffff
4316,880b827069fffff
4317,880b820735fffff
4318,880b9cd36bfffff
4319,880b9c9147fffff
4320,880b826635fffff
4321,880b826c6dfffff
4322,880b9c8c17fffff
4323,880b8219a9fffff
4324,880b9c9a65fffff
4325,880b9c8769fffff
4326,880b82608dfffff
4327,880b826e07fffff
4328,880b91a6e5fffff
4329,880b9cd361fffff
4330,880b8208abfffff
4331,880b820b53fffff
4332,880b820b19fffff
4333,880b9c9907fffff
4334,880b9c8863fffff
4335,880b9c80e5fffff
4336,880b9cd357fffff
4337,880b82556bfffff
4338,880b820801fffff
4339,880b8231c1fffff
4340,880b824745fffff
4341,880b91a41bfffff
4342,880b9c8f4dfffff
4343,880b8260d7fffff
4344,880b8276e7fffff
4345,880b82558dfffff
4346,880b9c8b55fffff
4347,880b9c1657fffff
4348,880b9c8151fffff
4349,880b8209d3fffff
4350,880b9cbb13fffff
4351,880b826f05fffff
4352,880b82094bfffff
4353,880b9c91d3fffff
4354,880b9c8e45fffff
4355,880b9c9059fffff
4356,880b82a93dfffff
4357,880b820937fffff
4358,880b820aa5fffff
4359,880b82658dfffff
4360,880b82a939fffff
4361,880b9cb95bfffff
4362,880b826ab5fffff
4363,880b827697fffff
4364,880b820b39fffff
4365,880b826c2dfffff
4366,880b8204ddfffff
4367,880b823051fffff
4368,880b820f21fffff
4369,880b82651dfffff
4370,880b82464dfffff
4371,880b8215a1fffff
4372,880b9c8199fffff
4373,880b823a19fffff
4374,880b9c99edfffff
4375,880b9c90cbfffff
4376,880b820e53fffff
4377,880b826ab1fffff
4378,880b827265fffff
4379,880b9c850dfffff
4380,880b826c0dfffff
4381,880b9c9b29fffff
4382,880b9c8831fffff
4383,880b82600dfffff
4384,880b9c8f57fffff
4385,880b8231a9fffff
4386,880b9c80ddfffff
4387,880b826e9bfffff
4388,880b827153fffff
4389,880b8200bdfffff
4390,880b827039fffff
4391,880b827205fffff
4392,880b9c95a3fffff
4393,880b822111fffff
4394,880b8231bbfffff
4395,880b9c91b1fffff
4396,880b9c8843fffff
4397,880b826a01fffff
4398,880b9c8b47fffff
4399,880b826261fffff
4400,880b820641fffff
4401,880b826211fffff
4402,880b822125fffff
4403,880b9c8c81fffff
4404,880b820e65fffff
4405,880b9c99a3fffff
4406,880b820863fffff
4407,880b827711fffff
4408,880b820a17fffff
4409,880b9c918bfffff
4410,880b820ec1fffff
4411,880b826e63fffff
4412,880b8204c3fffff
4413,880b822a8bfffff
4414,880b8264b1fffff
4415,880b820d01fffff
4416,880b820adbfffff
4417,880b8262d7fffff
4418,880b820b35fffff
4419,880b82559dfffff
4420,880b82771dfffff
4421,880b820003fffff
4422,880b9c8f5dfffff
4423,880b824693fffff
4424,880b827497fffff
4425,880b9c812bfffff
4426,880b82a923fffff
4427,880b9c8e15fffff
4428,880b8229d9fffff
4429,880b822267fffff
4430,880b9c9a87fffff
4431,880b8271d1fffff
4432,880b826427fffff
4433,880b827591fffff
4434,880b82216dfffff
4435,880b9c85e1fffff
4436,880b9c98a1fffff
4437,880b820f4dfffff
4438,880b826a91fffff
4439,880b826d31fffff
4440,880b820c21fffff
4441,880b9c8005fffff
4442,880b9c856bfffff
4443,880b826f09fffff
4444,880b82549bfffff
4445,880b8260c5fffff
4446,880b823925fffff
4447,880b9c8ec7fffff
4448,880b826523fffff
4449,880b823023fffff
4450,880b826119fffff
4451,880b823333fffff
4452,880b82660dfffff
4453,880b8255cbfffff
4454,880b8246a9fffff
4455,880b820c89fffff
4456,880b82625dfffff
4457,880b9c80b3fffff
4458,880b8204c9fffff
4459,880b9c998bfffff
4460,880b820b43fffff
4461,880b820553fffff
4462,880b826559fffff
4463,880b826de7fffff
4464,880b823367fffff
4465,880b826949fffff
4466,880b826c65fffff
4467,880b826e25fffff
4468,880b8265abfffff
4469,880b9cd369fffff
4470,880b820dabfffff
4471,880b826a83fffff
4472,880b820f05fffff
4473,880b91a653fffff
4474,880b9c88a7fffff
4475,880b9c8ca3fffff
4476,880b826903fffff
4477,880b826a39fffff
4478,880b826a8dfffff
4479,880b9c91b5fffff
4480,880b8200d5fffff
4481,880b8261d7fffff
4482,880b8238c1fffff
4483,880b82043bfffff
4484,880b9c85e5fffff
4485,880b9cd757fffff
4486,880b9cbb23fffff
4487,880b8205d7fffff
4488,880b822869fffff
4489,880b820d59fffff
4490,880b9c8a11fffff
4491,880b820591fffff
4492,880b820935fffff
4493,880b9c8913fffff
4494,880b82462bfffff
4495,880b9c8305fffff
4496,880b820d0bfffff
4497,880b9c9247fffff
4498,880b82a965fffff
4499,880b826847fffff
4500,880b9c8ce5fffff
4501,880b8279bdfffff
4502,880b82676bfffff
4503,880b826d57fffff
4504,880b820087fffff
4505,880b9cbb05fffff
4506,880b9c8e5bfffff
4507,880b9c8d81fffff
4508,880b820d97fffff
4509,880b826d11fffff
4510,880b826ce7fffff
4511,880b9c99d9fffff
4512,880b9c98d3fffff
4513,880b826debfffff
4514,880b824743fffff
4515,880b820f5bfffff
4516,880b823ae3fffff
4517,880b827595fffff
4518,880b822825fffff
4519,880b9c9125fffff
4520,880b9cd239fffff
4521,880b9c9725fffff
4522,880b8215b3fffff
4523,880b820cadfffff
4524,880b8260b7fffff
4525,880b8261c7fffff
4526,880b8231e1fffff
4527,880b823947fffff
4528,880b91a617fffff
4529,880b9cd293fffff
4530,880b8221a1fffff
4531,880b9c9353fffff
4532,880b8269b9fffff
4533,880b820885fffff
4534,880b8229b5fffff
4535,880b9c805dfffff
4536,880b826595fffff
4537,880b82298bfffff
4538,880b820821fffff
4539,880b9c88c3fffff
4540,880b9c99b7fffff
4541,880b8264d5fffff
4542,880b82058bfffff
4543,880b82648bfffff
4544,880b827a11fffff
4545,880b9c9b3bfffff
4546,880b820ecdfffff
4547,880b9c9157fffff
4548,880b9c952dfffff
4549,880b9c809dfffff
4550,880b826aa7fffff
4551,880b9c8f41fffff
4552,880b82799bfffff
4553,880b822b31fffff
4554,880b82758bfffff
4555,880b8206e1fffff
4556,880b8206d3fffff
4557,880b9c9569fffff
4558,880b8231c7fffff
4559,880b9c88d9fffff
4560,880b9c8ccdfffff
4561,880b8254ebfffff
4562,880b91a48dfffff
4563,880b9c851bfffff
4564,880b8202b1fffff
4565,880b823933fffff
4566,880b8239abfffff
4567,880b82605bfffff
4568,880b8269cdfffff
4569,880b8275b1fffff
4570,880b9cbb21fffff
4571,880b9c8513fffff
4572,880b82084bfffff
4573,880b820f45fffff
4574,880b9cbb49fffff
4575,880b820895fffff
4576,880b820405fffff
4577,880b9c854bfffff
4578,880b82290bfffff
4579,880b82622dfffff
4580,880b9cb165fffff
4581,880b9c843bfffff
4582,880b827005fffff
4583,880b823927fffff
4584,880b9c8a37fffff
4585,880b91a681fffff
4586,880b9c91e5fffff
4587,880b826e87fffff
4588,880b82316bfffff
4589,880b82770bfffff
4590,880b826abdfffff
4591,880b823809fffff
4592,880b9c85e9fffff
4593,880b826555fffff
4594,880b825695fffff
4595,880b82098dfffff
4596,880b9cd70dfffff
4597,880b8262ddfffff
4598,880b82630bfffff
4599,880b822909fffff
4600,880b8200cbfffff
4601,880b820eebfffff
4602,880b826163fffff
4603,880b820169fffff
4604,880b822935fffff
4605,880b9c8cadfffff
4606,880b827241fffff
4607,880b82745dfffff
4608,880b82029bfffff
4609,880b820e8dfffff
4610,880b9c99b9fffff
4611,880b91a4d9fffff
4612,880b826301fffff
4613,880b9c90b9fffff
4614,880b9c875bfffff
4615,880b9c9109fffff
4616,880b826621fffff
4617,880b9c9a11fffff
4618,880b823a3dfffff
4619,880b823157fffff
4620,880b827287fffff
4621,880b820685fffff
4622,880b823963fffff
4623,880b9cd2bdfffff
4624,880b826001fffff
4625,880b820b2dfffff
4626,880b9c8c39fffff
4627,880b8272b7fffff
4628,880b9c8a55fffff
4629,880b9c8281fffff
4630,880b8268ddfffff
4631,880b826519fffff
4632,880b8204e5fffff
4633,880b8246b9fffff
4634,880b8239c5fffff
4635,880b826c91fffff
4636,880b8229cdfffff
4637,880b9c88e3fffff
4638,880b823881fffff
4639,880b8221e3fffff
4640,880b8266a3fffff
4641,880b9c81a3fffff
4642,880b826539fffff
4643,880b9c95adfffff
4644,880b8268d5fffff
4645,880b820015fffff
4646,880b9c8ed3fffff
4647,880b9c9901fffff
4648,880b823929fffff
4649,880b826147fffff
4650,880b826309fffff
4651,880b9c8525fffff
4652,880b826eedfffff
4653,880b82476bfffff
4654,880b9c82b5fffff
4655,880b9c8343fffff
4656,880b8270b7fffff
4657,880b823a0bfffff
4658,880b82659dfffff
4659,880b822129fffff
4660,880b9c9561fffff
4661,880b826b51fffff
4662,880b824607fffff
4663,880b9c8ce1fffff
4664,880b824695fffff
4665,880b826803fffff
4666,880b9cd209fffff
4667,880b824485fffff
4668,880b9c8e4bfffff
4669,880b823951fffff
4670,880b91a487fffff
4671,880b82748bfffff
4672,880b823921fffff
4673,880b820dd1fffff
4674,880b826763fffff
4675,880b82701dfffff
4676,880b9c81abfffff
4677,880b826eb3fffff
4678,880b91a631fffff
4679,880b9c9061fffff
4680,880b8271d7fffff
4681,880b820dc1fffff
4682,880b9c88e7fffff
4683,880b9c9255fffff
4684,880b9c98d7fffff
4685,880b820183fffff
4686,880b820151fffff
4687,880b9c9113fffff
4688,880b8246c5fffff
4689,880b9c9369fffff
4690,880b823959fffff
4691,880b9c1617fffff
4692,880b8229a5fffff
4693,880b823989fffff
4694,880b82602dfffff
4695,880b826eb9fffff
4696,880b9c99d1fffff
4697,880b9c8c5bfffff
4698,880b91a4ddfffff
4699,880b8229c9fffff
4700,880b820493fffff
4701,880b9c89abfffff
4702,880b826e99fffff
4703,880b820c8bfffff
4704,880b9cbb37fffff
4705,880b8275e9fffff
4706,880b824443fffff
4707,880b820c2bfffff
4708,880b8246bbfffff
4709,880b9c8dc9fffff
4710,880b826a23fffff
4711,880b82698dfffff
4712,880b826553fffff
4713,880b826101fffff
4714,880b823a25fffff
4715,880b827303fffff
4716,880b820765fffff
4717,880b827031fffff
4718,880b822ad3fffff
4719,880b820729fffff
4720,880b9cd2adfffff
4721,880b82656bfffff
4722,880b9cd62dfffff
4723,880b9c8e17fffff
4724,880b9c98e7fffff
4725,880b820d29fffff
4726,880b9c8a97fffff
4727,880b823915fffff
4728,880b820f01fffff
4729,880b9c8321fffff
4730,880b824611fffff
4731,880b9c926dfffff
4732,880b9c81adfffff
4733,880b820109fffff
4734,880b82735dfffff
4735,880b9cd32dfffff
4736,880b9c9565fffff
4737,880b8209c7fffff
4738,880b82449dfffff
4739,880b825595fffff
4740,880b820193fffff
4741,880b820281fffff
4742,880b91a4d7fffff
4743,880b826ed3fffff
4744,880b820823fffff
4745,880b9cd30dfffff
4746,880b9c8527fffff
4747,880b8274dbfffff
4748,880b826443fffff
4749,880b823803fffff
4750,880b826b59fffff
4751,880b9c9805fffff
4752,880b9cbb31fffff
4753,880b820ea1fffff
4754,880b9c8c53fffff
4755,880b9c9b01fffff
4756,880b823985fffff
4757,880b820c01fffff
4758,880b823b3dfffff
4759,880b9c8467fffff
4760,880b826f39fffff
4761,880b820917fffff
4762,880b9c8995fffff
4763,880b820c87fffff
4764,880b82065bfffff
4765,880b9cd25bfffff
4766,880b9c91a7fffff
4767,880b826987fffff
4768,880b9c9151fffff
4769,880b826915fffff
4770,880b820831fffff
4771,880b82214dfffff
4772,880b826e1dfffff
4773,880b82295bfffff
4774,880b826f4dfffff
4775,880b820893fffff
4776,880b9c8059fffff
4777,880b9c8a69fffff
4778,880b8246ddfffff
4779,880b9c8031fffff
4780,880b9c9ab3fffff
4781,880b9c906dfffff
4782,880b82689bfffff
4783,880b826483fffff
4784,880b9c8711fffff
4785,880b826e4dfffff
4786,880b820b47fffff
4787,880b826063fffff
4788,880b8276edfffff
4789,880b9c89c1fffff
4790,880b820613fffff
4791,880b827165fffff
4792,880b9c8e5dfffff
4793,880b91b497fffff
4794,880b9c831dfffff
4795,880b823845fffff
4796,880b822359fffff
4797,880b8261cdfffff
4798,880b826619fffff
4799,880b9c8b01fffff
4800,880b827a8bfffff
4801,880b8278d3fffff
4802,880b9cd307fffff
4803,880b8262e7fffff
4804,880b9c9905fffff
4805,880b9c9a45fffff
4806,880b826a55fffff
4807,880b9c8ed5fffff
4808,880b8239c1fffff
4809,880b8215a3fffff
4810,880b820c33fffff
4811,880b9c820dfffff
4812,880b8275a9fffff
4813,880b8271a3fffff
4814,880b9c9833fffff
4815,880b82636bfffff
4816,880b822953fffff
4817,880b822137fffff
4818,880b822a49fffff
4819,880b826529fffff
4820,880b9c810bfffff
4821,880b9c8111fffff
4822,880b820f03fffff
4823,880b826acdfffff
4824,880b9c81cdfffff
4825,880b9c9abbfffff
4826,880b820e1dfffff
4827,880b8229abfffff
4828,880b9c8331fffff
4829,880b9c852dfffff
4830,880b8269d3fffff
4831,880b820845fffff
4832,880b820949fffff
4833,880b823911fffff
4834,880b820133fffff
4835,880b82282bfffff
4836,880b823a51fffff
4837,880b82018bfffff
4838,880b82720dfffff
4839,880b822a4dfffff
4840,880b9c84a3fffff
4841,880b9c8815fffff
4842,880b820ed3fffff
4843,880b82763dfffff
4844,880b826e67fffff
4845,880b9c8f21fffff
4846,880b820a33fffff
4847,880b8231ddfffff
4848,880b9c988bfffff
4849,880b8204a9fffff
4850,880b8206b7fffff
4851,880b820401fffff
4852,880b824713fffff
4853,880b823b4bfffff
4854,880b8272e7fffff
4855,880b8231c3fffff
4856,880b9c9aa7fffff
4857,880b827a85fffff
4858,880b827361fffff
4859,880b9c813dfffff
4860,880b827aedfffff
4861,880b9cb945fffff
4862,880b826e23fffff
4863,880b8269e3fffff
4864,880b8272d5fffff
4865,880b820525fffff
4866,880b820589fffff
4867,880b822b4dfffff
4868,880b8264e1fffff
4869,880b82314dfffff
4870,880b820e45fffff
4871,880b9c8989fffff
4872,880b9c164bfffff
4873,880b82662dfffff
4874,880b9c8141fffff
4875,880b822117fffff
4876,880b820ae7fffff
4877,880b9c9b3dfffff
4878,880b827021fffff
4879,880b82474dfffff
4880,880b9c85edfffff
4881,880b820961fffff
4882,880b9c8aabfffff
4883,880b9c8c2bfffff
4884,880b82724bfffff
4885,880b8269b3fffff
4886,880b827055fffff
4887,880b8204b1fffff
4888,880b9c9829fffff
4889,880b82092bfffff
4890,880b822843fffff
4891,880b9c9983fffff
4892,880b827881fffff
4893,880b8271e5fffff
4894,880b9c8759fffff
4895,880b8244d9fffff
4896,880b9c8197fffff
4897,880b826143fffff
4898,880b826dc5fffff
4899,880b9cd0cdfffff
4900,880b820d67fffff
4901,880b826109fffff
4902,880b823b59fffff
4903,880b8208a1fffff
4904,880b821983fffff
4905,880b82729dfffff
4906,880b8231d5fffff
4907,880b8264e3fffff
4908,880b826805fffff
4909,880b9cd6d9fffff
4910,880b823b0bfffff
4911,880b8242d5fffff
4912,880b827409fffff
4913,880b820aa9fffff
4914,880b9c8c03fffff
4915,880b823acdfffff
4916,880b826157fffff
4917,880b827515fffff
4918,880b822acbfffff
4919,880b82001dfffff
4920,880b9c9a23fffff
4921,880b825495fffff
4922,880b826851fffff
4923,880b820f61fffff
4924,880b9c825dfffff
4925,880b8271c5fffff
4926,880b820c9dfffff
4927,880b8261bbfffff
4928,880b827267fffff
4929,880b8246c7fffff
4930,880b826d19fffff
4931,880b82088bfffff
4932,880b82742bfffff
4933,880b8255d3fffff
4934,880b820f11fffff
4935,880b9c882bfffff
4936,880b9c982dfffff
4937,880b826661fffff
4938,880b823b1bfffff
4939,880b82064bfffff
4940,880b9c850bfffff
4941,880b820997fffff
4942,880b9c8e37fffff
4943,880b9c98a9fffff
4944,880b820ee7fffff
4945,880b826c67fffff
4946,880b826129fffff
4947,880b9c8051fffff
4948,880b822949fffff
4949,880b9c84b1fffff
4950,880b827149fffff
4951,880b8260ddfffff
4952,880b9c9817fffff
4953,880b820743fffff
4954,880b9cb865fffff
4955,880b824681fffff
4956,880b820859fffff
4957,880b826a5dfffff
4958,880b91b4b1fffff
4959,880b826b39fffff
4960,880b9c8c8dfffff
4961,880b9c8acdfffff
4962,880b9c8b43fffff
4963,880b9c9991fffff
4964,880b9c9509fffff
4965,880b8206c1fffff
4966,880b827537fffff
4967,880b823909fffff
4968,880b822101fffff
4969,880b820829fffff
4970,880b822333fffff
4971,880b9c8a83fffff
4972,880b8238cdfffff
4973,880b826485fffff
4974,880b822a11fffff
4975,880b9c9013fffff
4976,880b91a613fffff
4977,880b820031fffff
4978,880b824609fffff
4979,880b820033fffff
4980,880b826837fffff
4981,880b8269edfffff
4982,880b8246a5fffff
4983,880b9c8835fffff
4984,880b9c859bfffff
4985,880b8269d1fffff
4986,880b8264c1fffff
4987,880b9c8123fffff
4988,880b82613dfffff
4989,880b9cd267fffff
4990,880b82093dfffff
4991,880b8200b5fffff
4992,880b826d2dfffff
4993,880b8270adfffff
4994,880b820d27fffff
4995,880b823a67fffff
4996,880b82606bfffff
4997,880b826135fffff
4998,880b820717fffff
4999,880b9c848dfffff
5000,880b9c8de7fffff
5001,880b8271c9fffff
5002,880b8271a7fffff
5003,880b9c8b05fffff
5004,880b82382bfffff
5005,880b9c91c3fffff
5006,880b823869fffff
5007,880b9cd01dfffff
5008,880b9c9b15fffff
5009,880b826c87fffff
5010,880b826281fffff
5011,880b827289fffff
5012,880b9c8365fffff
5013,880b8219e7fffff
5014,880b827611fffff
5015,880b826c25fffff
5016,880b9c89bdfffff
5017,880b9c9889fffff
5018,880b826515fffff
5019,880b9c9a5bfffff
5020,880b826cd1fffff
5021,880b9c8cbbfffff
5022,880b827659fffff
5023,880b820411fffff
5024,880b8272a9fffff
5025,880b8275e7fffff
5026,880b9c90ddfffff
5027,880b9c8ea9fffff
5028,880b8275d9fffff
5029,880b8268dbfffff
5030,880b827519fffff
5031,880b82658bfffff
5032,880b823aa1fffff
5033,880b9c8dd3fffff
5034,880b824631fffff
5035,880b820ae1fffff
5036,880b9c81edfffff
5037,880b823057fffff
5038,880b9c8ab7fffff
5039,880b822a4bfffff
5040,880b9cba0dfffff
5041,880b826c83fffff
5042,880b9c8a53fffff
5043,880b9c8585fffff
5044,880b9c8c43fffff
5045,880b9c905dfffff
5046,880b82681dfffff
5047,880b826f6dfffff
5048,880b826ac3fffff
5049,880b9c874dfffff
5050,880b820901fffff
5051,880b827169fffff
5052,880b9c8dc7fffff
5053,880b827741fffff
5054,880b820999fffff
5055,880b8204b9fffff
5056,880b826287fffff
5057,880b82068dfffff
5058,880b9c8135fffff
5059,880b82396dfffff
5060,880b820f1dfffff
5061,880b826e1bfffff
5062,880b82720bfffff
5063,880b9c8215fffff
5064,880b9c8561fffff
5065,880b82319dfffff
5066,880b82745bfffff
5067,880b82643dfffff
5068,880b9c8825fffff
5069,880b9cd05bfffff
5070,880b9c85e3fffff
5071,880b827117fffff
5072,880b8275c7fffff
5073,880b8219a5fffff
5074,880b82663bfffff
5075,880b9c92bdfffff
5076,880b825599fffff
5077,880b826f25fffff
5078,880b8246d7fffff
5079,880b8270e3fffff
5080,880b820983fffff
5081,880b9c8503fffff
5082,880b9c88e1fffff
5083,880b822113fffff
5084,880b82644dfffff
5085,880b8206d7fffff
5086,880b9c8c35fffff
5087,880b826a0bfffff
5088,880b8206b5fffff
5089,880b827015fffff
5090,880b826c93fffff
5091,880b9c1655fffff
5092,880b826617fffff
5093,880b82756bfffff
5094,880b823b37fffff
5095,880b826ad7fffff
5096,880b8274ddfffff
5097,880b8254abfffff
5098,880b8231cdfffff
5099,880b826c0bfffff
5100,880b9c8425fffff
5101,880b91a6b9fffff
5102,880b8261b9fffff
5103,880b82465bfffff
5104,880b820841fffff
5105,880b823b11fffff
5106,880b9c932dfffff
5107,880b82671bfffff
5108,880b82065dfffff
5109,880b827701fffff
5110,880b826407fffff
5111,880b8271d9fffff
5112,880b8205e1fffff
5113,880b9c9aedfffff
5114,880b9c8859fffff
5115,880b9c95e5fffff
5116,880b827199fffff
5117,880b82380dfffff
5118,880b821987fffff
5119,880b8266b7fffff
5120,880b82466dfffff
5121,880b823841fffff
5122,880b823935fffff
5123,880b827893fffff
5124,880b8260e7fffff
5125,880b9c8045fffff
5126,880b8215b5fffff
5127,880b820da1fffff
5128,880b8274bbfffff
5129,880b8206a3fffff
5130,880b820ac7fffff
5131,880b823a87fffff
5132,880b8276bdfffff
5133,880b82709dfffff
5134,880b82056bfffff
5135,880b82305dfffff
5136,880b823abdfffff
5137,880b8229cbfffff
5138,880b82000dfffff
5139,880b8208c7fffff
5140,880b9c8735fffff
5141,880b9c985dfffff
5142,880b8270bbfffff
5143,880b82462dfffff
5144,880b9c85d5fffff
5145,880b820ecbfffff
5146,880b9c99dbfffff
5147,880b8205cbfffff
5148,880b91a6d9fffff
5149,880b9c9a6dfffff
5150,880b9c9515fffff
5151,880b826165fffff
5152,880b9c88c7fffff
5153,880b820f63fffff
5154,880b826dcbfffff
5155,880b82640bfffff
5156,880b8205d1fffff
5157,880b91a651fffff
5158,880b827639fffff
5159,880b9c9955fffff
5160,880b826107fffff
5161,880b9cd0dbfffff
5162,880b82730bfffff
5163,880b826863fffff
5164,880b8229b3fffff
5165,880b823b27fffff
5166,880b8204bdfffff
5167,880b820aadfffff
5168,880b822967fffff
5169,880b9c80b7fffff
5170,880b8208a5fffff
5171,880b9c9127fffff
5172,880b9c82e1fffff
5173,880b826687fffff
5174,880b9c9305fffff
5175,880b9c8221fffff
5176,880b824755fffff
5177,880b8274b3fffff
5178,880b8262ebfffff
5179,880b820d6dfffff
5180,880b825501fffff
5181,880b8261a3fffff
5182,880b820a8bfffff
5183,880b9c910bfffff
5184,880b9c9345fffff
5185,880b91a6abfffff
5186,880b9c8cb3fffff
5187,880b9c91ebfffff
5188,880b9c8ec9fffff
5189,880b8260c3fffff
5190,880b827a1dfffff
5191,880b8262b5fffff
5192,880b820e01fffff
5193,880b9c8139fffff
5194,880b9c8f53fffff
5195,880b9c911dfffff
5196,880b820ee9fffff
5197,880b820199fffff
5198,880b826681fffff
5199,880b822327fffff
5200,880b822a25fffff
5201,880b8200a5fffff
5202,880b9cd0c5fffff
5203,880b8260bdfffff
5204,880b9c8e19fffff
5205,880b820f57fffff
5206,880b9c8d53fffff
5207,880b820055fffff
5208,880b826e05fffff
5209,880b827569fffff
5210,880b820545fffff
5211,880b826e13fffff
5212,880b822b49fffff
5213,880b823923fffff
5214,880b823b33fffff
5215,880b820527fffff
5216,880b820e21fffff
5217,880b8271e7fffff
5218,880b9c89c5fffff
5219,880b9c873bfffff
5220,880b8201a1fffff
5221,880b826161fffff
5222,880b9c9727fffff
5223,880b8244b1fffff
5224,880b9cd295fffff
5225,880b9c88adfffff
5226,880b9c833bfffff
5227,880b8254c5fffff
5228,880b823b6bfffff
5229,880b9c8323fffff
5230,880b9c8c57fffff
5231,880b826f13fffff
5232,880b823889fffff
5233,880b9c834bfffff
5234,880b824751fffff
5235,880b9c9189fffff
5236,880b820b03fffff
5237,880b9c8423fffff
5238,880b8254e9fffff
5239,880b9c918dfffff
5240,880b91a693fffff
5241,880b826487fffff
5242,880b9c98c1fffff
5243,880b827ae1fffff
5244,880b826037fffff
5245,880b82293bfffff
5246,880b9c95a9fffff
5247,880b826b03fffff
5248,880b9c8593fffff
5249,880b82216bfffff
5250,880b8279b9fffff
5251,880b9c922bfffff
5252,880b827ad1fffff
5253,880b9c85dbfffff
5254,880b825591fffff
5255,880b9c8187fffff
5256,880b825507fffff
5257,880b820f6bfffff
5258,880b826ec5fffff
5259,880b9c8329fffff
5260,880b9c8133fffff
5261,880b82316dfffff
5262,880b8204bbfffff
5263,880b8268e3fffff
5264,880b8209ddfffff
5265,880b826265fffff
5266,880b9c8249fffff
5267,880b8206d1fffff
5268,880b8204e1fffff
5269,880b9c98edfffff
5270,880b9c91dbfffff
5271,880b9c1645fffff
5272,880b824601fffff
5273,880b826a3dfffff
5274,880b9c9915fffff
5275,880b9c8085fffff
5276,880b9c9b5bfffff
5277,880b820b11fffff
5278,880b823ab9fffff
5279,880b9cb92dfffff
5280,880b822a8dfffff
5281,880b820891fffff
5282,880b9c99a5fffff
5283,880b9cbb3bfffff
5284,880b82615bfffff
5285,880b8269e7fffff
5286,880b82732dfffff
5287,880b823065fffff
5288,880b8261c3fffff
5289,880b91a481fffff
5290,880b826a41fffff
5291,880b82736dfffff
5292,880b8205b1fffff
5293,880b826c13fffff
5294,880b9cd339fffff
5295,880b820737fffff
5296,880b826363fffff
5297,880b9c8d83fffff
5298,880b9c900dfffff
5299,880b820d89fffff
5300,880b9c9a55fffff
5301,880b823365fffff
5302,880b9c8e23fffff
5303,880b9c8ee9fffff
5304,880b9c9363fffff
5305,880b91a6b5fffff
5306,880b9c8041fffff
5307,880b9cb801fffff
5308,880b820509fffff
5309,880b823853fffff
5310,880b822a5dfffff
5311,880b822ae5fffff
5312,880b820991fffff
5313,880b826a1dfffff
5314,880b8270a7fffff
5315,880b91a4c1fffff
5316,880b8208c5fffff
5317,880b9c8a91fffff
5318,880b9c8455fffff
5319,880b827745fffff
5320,880b827667fffff
5321,880b827189fffff
5322,880b826a33fffff
5323,880b825687fffff
5324,880b823105fffff
5325,880b9c9819fffff
5326,880b82469dfffff
5327,880b820e3dfffff
5328,880b820e49fffff
5329,880b9c911bfffff
5330,880b826a13fffff
5331,880b82674bfffff
5332,880b9c8505fffff
5333,880b9c8d89fffff
5334,880b8265a9fffff
5335,880b9c806dfffff
5336,880b9c8751fffff
5337,880b820eb7fffff
5338,880b822803fffff
5339,880b9c859dfffff
5340,880b820d65fffff
5341,880b820e19fffff
5342,880b8201b1fffff
5343,880b9c931dfffff
5344,880b820f43fffff
5345,880b827529fffff
5346,880b9c8a0dfffff
5347,880b9c8eedfffff
5348,880b8201cdfffff
5349,880b9c9315fffff
5350,880b82018dfffff
5351,880b9c8101fffff
5352,880b9c8991fffff
5353,880b826d53fffff
5354,880b824691fffff
5355,880b9cd703fffff
5356,880b8268b5fffff
5357,880b826d97fffff
5358,880b822149fffff
5359,880b9c8ae9fffff
5360,880b820921fffff
5361,880b9c8185fffff
5362,880b9c88a9fffff
5363,880b820013fffff
5364,880b82044dfffff
5365,880b826417fffff
5366,880b827aa7fffff
5367,880b9c8017fffff
5368,880b826893fffff
5369,880b823a5dfffff
5370,880b8208a3fffff
5371,880b82051bfffff
5372,880b9cd661fffff
5373,880b9c8d5bfffff
5374,880b8208adfffff
5375,880b825537fffff
5376,880b9c9a81fffff
5377,880b827adbfffff
5378,880b824617fffff
5379,880b9c81d9fffff
5380,880b8261a9fffff
5381,880b820d35fffff
5382,880b825525fffff
5383,880b823195fffff
5384,880b825529fffff
5385,880b827511fffff
5386,880b8221ebfffff
5387,880b9c81d7fffff
5388,880b9c90a5fffff
5389,880b8268b7fffff
5390,880b9cb959fffff
5391,880b826193fffff
5392,880b820547fffff
5393,880b9c8e2bfffff
5394,880b8278c3fffff
5395,880b8278dbfffff
5396,880b827609fffff
5397,880b822901fffff
5398,880b8215b9fffff
5399,880b9c8e2dfffff
5400,880b82608bfffff
5401,880b8262a7fffff
5402,880b82669dfffff
5403,880b822925fffff
5404,880b9c8223fffff
5405,880b82048dfffff
5406,880b9c8c3dfffff
5407,880b9cd261fffff
5408,880b826b17fffff
5409,880b826ac5fffff
5410,880b82569bfffff
5411,880b820c11fffff
5412,880b820e6dfffff
5413,880b8268b1fffff
5414,880b827007fffff
5415,880b82303bfffff
5416,880b9cd287fffff
5417,880b827853fffff
5418,880b82689dfffff
5419,880b9c8261fffff
5420,880b8276e3fffff
5421,880b820f65fffff
5422,880b9c915bfffff
5423,880b9c9163fffff
5424,880b9c8dcdfffff
5425,880b8274e7fffff
5426,880b9cd259fffff
5427,880b9c800bfffff
5428,880b822a39fffff
5429,880b820c23fffff
5430,880b822329fffff
5431,880b823b51fffff
5432,880b9c91e7fffff
5433,880b826a07fffff
5434,880b822b53fffff
5435,880b826649fffff
5436,880b826605fffff
5437,880b822937fffff
5438,880b91b4b3fffff
5439,880b820651fffff
5440,880b82235bfffff
5441,880b9c8cc1fffff
5442,880b9c935bfffff
5443,880b826d27fffff
5444,880b82670dfffff
5445,880b826aadfffff
5446,880b9c9133fffff
5447,880b82310dfffff
5448,880b8265d9fffff
5449,880b820539fffff
5450,880b9c8c6bfffff
5451,880b82751bfffff
5452,880b9c9b53fffff
5453,880b9cd203fffff
5454,880b9c8ad3fffff
5455,880b826703fffff
5456,880b9c88abfffff
5457,880b9c90a1fffff
5458,880b827011fffff
5459,880b826ea3fffff
5460,880b9c8a43fffff
5461,880b91a413fffff
5462,880b827451fffff
5463,880b8204d9fffff
5464,880b824491fffff
5465,880b826b1dfffff
5466,880b9c80a7fffff
5467,880b9cd741fffff
5468,880b9c9a63fffff
5469,880b820b5bfffff
5470,880b82445bfffff
5471,880b8239c3fffff
5472,880b826eddfffff
5473,880b826d47fffff
5474,880b8246e5fffff
5475,880b820835fffff
5476,880b91a411fffff
5477,880b9cd2e9fffff
5478,880b82635bfffff
5479,880b826ce9fffff
5480,880b826d89fffff
5481,880b9c991dfffff
5482,880b820c47fffff
5483,880b9c8c37fffff
5484,880b9c8267fffff
5485,880b9c999bfffff
5486,880b9c89c9fffff
5487,880b9c8069fffff
5488,880b822927fffff
5489,880b9c8ae1fffff
5490,880b9c8eb3fffff
5491,880b9c812dfffff
5492,880b8209cdfffff
5493,880b9cd245fffff
5494,880b9cd2c1fffff
5495,880b826401fffff
5496,880b8271c3fffff
5497,880b9c9003fffff
5498,880b8205ddfffff
5499,880b822a67fffff
5500,880b9c9895fffff
5501,880b9c844dfffff
5502,880b9c9ad9fffff
5503,880b8221a5fffff
5504,880b82440bfffff
5505,880b9c8219fffff
5506,880b826615fffff
5507,880b820c63fffff
5508,880b826d15fffff
5509,880b820f19fffff
5510,880b826b3dfffff
5511,880b91a61dfffff
5512,880b9cd213fffff
5513,880b827047fffff
5514,880b8254b5fffff
5515,880b826565fffff
5516,880b9c80b1fffff
5517,880b9c9263fffff
5518,880b8266a5fffff
5519,880b9c9957fffff
5520,880b826757fffff
5521,880b826ae1fffff
5522,880b82283dfffff
5523,880b824455fffff
5524,880b820e8bfffff
5525,880b82736bfffff
5526,880b9c80b5fffff
5527,880b8264cdfffff
5528,880b8261dbfffff
5529,880b822a6bfffff
5530,880b824633fffff
5531,880b91a6d3fffff
5532,880b9c8ab5fffff
5533,880b9c9a3dfffff
5534,880b9c8a2bfffff
5535,880b9c98a7fffff
5536,880b8201b9fffff
5537,880b827661fffff
5538,880b823827fffff
5539,880b8276e9fffff
5540,880b82619bfffff
5541,880b9c92edfffff
5542,880b9c8e8bfffff
5543,880b8206ddfffff
5544,880b9cb867fffff
5545,880b827755fffff
5546,880b823107fffff
5547,880b9cd34bfffff
5548,880b9cd2edfffff
5549,880b820637fffff
5550,880b8265adfffff
5551,880b9c9b21fffff
5552,880b82312dfffff
5553,880b823a37fffff
5554,880b820e95fffff
5555,880b820ee1fffff
5556,880b9c90e3fffff
5557,880b826c95fffff
5558,880b825689fffff
5559,880b82746bfffff
5560,880b9c8019fffff
5561,880b8202b7fffff
5562,880b9c840bfffff
5563,880b826d2bfffff
5564,880b82380bfffff
5565,880b9c1609fffff
5566,880b82010bfffff
5567,880b9cbb41fffff
5568,880b9c81bdfffff
5569,880b9c9b17fffff
5570,880b823b67fffff
5571,880b9c8227fffff
5572,880b9c8cd1fffff
5573,880b827109fffff
5574,880b826b63fffff
5575,880b9c8e51fffff
5576,880b8276a9fffff
5577,880b8209e5fffff
5578,880b826141fffff
5579,880b8266bbfffff
5580,880b823965fffff
5581,880b8204a3fffff
5582,880b9cd2c5fffff
5583,880b827201fffff
5584,880b9c8353fffff
5585,880b9c8eb1fffff
5586,880b9c9187fffff
5587,880b826755fffff
5588,880b823a11fffff
5589,880b824719fffff
5590,880b8272e9fffff
5591,880b823939fffff
5592,880b9c8cb5fffff
5593,880b826b55fffff
5594,880b9c84e1fffff
5595,880b820aa3fffff
5596,880b9cd319fffff
5597,880b825499fffff
5598,880b826191fffff
5599,880b822b65fffff
5600,880b9c8243fffff
5601,880b827203fffff
5602,880b82762bfffff
5603,880b9c8f43fffff
5604,880b8274edfffff
5605,880b827757fffff
5606,880b9cd729fffff
5607,880b8275bdfffff
5608,880b822a69fffff
5609,880b826c39fffff
5610,880b82054dfffff
5611,880b9c823dfffff
5612,880b826a11fffff
5613,880b820719fffff
5614,880b820a3dfffff
5615,880b9cbb65fffff
5616,880b9c9b05fffff
5617,880b826e83fffff
5618,880b8209b9fffff
5619,880b91a495fffff
5620,880b826033fffff
5621,880b8262b1fffff
5622,880b82096bfffff
5623,880b823b0dfffff
5624,880b826349fffff
5625,880b9cd2bbfffff
5626,880b823141fffff
5627,880b9c995bfffff
5628,880b8271edfffff
5629,880b825697fffff
5630,880b82626dfffff
5631,880b826751fffff
5632,880b8262b9fffff
5633,880b91a6ebfffff
5634,880b822115fffff
5635,880b8266c9fffff
5636,880b82384dfffff
5637,880b827621fffff
5638,880b9c819bfffff
5639,880b8271ebfffff
5640,880b9c9005fffff
5641,880b9c82b7fffff
5642,880b826937fffff
5643,880b826e81fffff
5644,880b820e33fffff
5645,880b820e37fffff
5646,880b82215dfffff
5647,880b826169fffff
5648,880b9cd363fffff
5649,880b820a01fffff
5650,880b822133fffff
5651,880b9c8887fffff
5652,880b826215fffff
5653,880b820037fffff
5654,880b826655fffff
5655,880b826845fffff
5656,880b826e8bfffff
5657,880b9c9327fffff
5658,880b826d4dfffff
5659,880b8254cbfffff
5660,880b9cd2b7fffff
5661,880b820c37fffff
5662,880b826a45fffff
5663,880b826581fffff
5664,880b9c901dfffff
5665,880b91a4cbfffff
5666,880b826501fffff
5667,880b826347fffff
5668,880b8205a9fffff
5669,880b827767fffff
5670,880b826a3bfffff
5671,880b9c8733fffff
5672,880b8201e9fffff
5673,880b8262c9fffff
5674,880b91a6bdfffff
5675,880b9c8191fffff
5676,880b820709fffff
5677,880b820403fffff
5678,880b824453fffff
5679,880b8201bdfffff
5680,880b82741dfffff
5681,880b9c8ecbfffff
5682,880b9c989bfffff
5683,880b8201c9fffff
5684,880b8246d9fffff
5685,880b823b55fffff
5686,880b826881fffff
5687,880b9cbb43fffff
5688,880b8209a7fffff
5689,880b826969fffff
5690,880b820415fffff
5691,880b9c8705fffff
5692,880b820655fffff
5693,880b8278a3fffff
5694,880b9c9aadfffff
5695,880b91b493fffff
5696,880b82061dfffff
5697,880b8208ddfffff
5698,880b8244b9fffff
5699,880b8209bdfffff
5700,880b8201e5fffff
5701,880b826809fffff
5702,880b825681fffff
5703,880b8265c3fffff
5704,880b9c85b1fffff
5705,880b9cd217fffff
5706,880b823815fffff
5707,880b826d55fffff
5708,880b826829fffff
5709,880b82475bfffff
5710,880b820763fffff
5711,880b822ad7fffff
5712,880b8200c3fffff
5713,880b8264d1fffff
5714,880b822a59fffff
5715,880b9c9567fffff
5716,880b8205c7fffff
5717,880b9c8137fffff
5718,880b9cd059fffff
5719,880b827997fffff
5720,880b823955fffff
5721,880b820955fffff
5722,880b8215a5fffff
5723,880b82625bfffff
5724,880b826e91fffff
5725,880b9cc6d1fffff
5726,880b820ca5fffff
5727,880b8228a5fffff
5728,880b820761fffff
5729,880b9c90cdfffff
5730,880b8215b7fffff
5731,880b822b09fffff
5732,880b827129fffff
5733,880b822955fffff
5734,880b9c8ae3fffff
5735,880b824251fffff
5736,880b820ebdfffff
5737,880b8219e1fffff
5738,880b9c9129fffff
5739,880b9c9ac7fffff
5740,880b9c91ddfffff
5741,880b8262a5fffff
5742,880b820b23fffff
5743,880b82394dfffff
5744,880b9cbb6dfffff
5745,880b82775bfffff
5746,880b9c95b5fffff
5747,880b823151fffff
5748,880b82755bfffff
5749,880b82090bfffff
5750,880b827727fffff
5751,880b826d9bfffff
5752,880b822163fffff
5753,880b82396bfffff
5754,880b9c904dfffff
5755,880b9c8ea7fffff
5756,880b9c8a25fffff
5757,880b827355fffff
5758,880b82460bfffff
5759,880b827249fffff
5760,880b826495fffff
5761,880b82052bfffff
5762,880b826307fffff
5763,880b82674dfffff
5764,880b820543fffff
5765,880b823137fffff
5766,880b9c8ecdfffff
5767,880b9c8cc9fffff
5768,880b82049dfffff
5769,880b827723fffff
5770,880b9c8889fffff
5771,880b820cbbfffff
5772,880b820963fffff
5773,880b9c921dfffff
5774,880b822b57fffff
5775,880b822131fffff
5776,880b823987fffff
5777,880b820e89fffff
5778,880b826d49fffff
5779,880b8265c1fffff
5780,880b827633fffff
5781,880b9c9a6bfffff
5782,880b9cbb39fffff
5783,880b827001fffff
5784,880b820c69fffff
5785,880b82695bfffff
5786,880b826311fffff
5787,880b9c8aa7fffff
5788,880b9c829dfffff
5789,880b9c9339fffff
5790,880b8209c9fffff
5791,880b9c814bfffff
5792,880b9c9087fffff
5793,880b8208d1fffff
5794,880b9c1649fffff
5795,880b8271b5fffff
5796,880b820e2bfffff
5797,880b9cd2d7fffff
5798,880b9c8181fffff
5799,880b825513fffff
5800,880b820cc1fffff
5801,880b820657fffff
5802,880b8228e5fffff
5803,880b9c853dfffff
5804,880b827003fffff
5805,880b827689fffff
5806,880b91a6e3fffff
5807,880b9c80e9fffff
5808,880b9c9329fffff
5809,880b826045fffff
5810,880b9cd225fffff
5811,880b820e13fffff
5812,880b9c82bdfffff
5813,880b8208e5fffff
5814,880b827813fffff
5815,880b826055fffff
5816,880b826465fffff
5817,880b9c80bdfffff
5818,880b9c9a15fffff
5819,880b9c8e07fffff
5820,880b8229bdfffff
5821,880b9c8565fffff
5822,880b82772dfffff
5823,880b82704bfffff
5824,880b820599fffff
5825,880b91a4c5fffff
5826,880b822939fffff
5827,880b821985fffff
5828,880b9c9b47fffff
5829,880b8276d5fffff
5830,880b8268d3fffff
5831,880b827a57fffff
5832,880b9c9227fffff
5833,880b82386dfffff
5834,880b8239bbfffff
5835,880b826ce3fffff
5836,880b9c9ab5fffff
5837,880b826cb1fffff
5838,880b9c8861fffff
5839,880b8262bbfffff
5840,880b8219abfffff
5841,880b820f09fffff
5842,880b8260adfffff
5843,880b8260d5fffff
5844,880b9c80cdfffff
5845,880b8260a7fffff
5846,880b826905fffff
5847,880b827181fffff
5848,880b823029fffff
5849,880b820529fffff
5850,880b9c9089fffff
5851,880b8262e1fffff
5852,880b826557fffff
5853,880b826cd9fffff
5854,880b9cd299fffff
5855,880b9c950dfffff
5856,880b820c1dfffff
5857,880b82731dfffff
5858,880b9cba69fffff
5859,880b8202b3fffff
5860,880b824431fffff
5861,880b9cba49fffff
5862,880b826057fffff
5863,880b8201d1fffff
5864,880b820b1dfffff
5865,880b82688bfffff
5866,880b9c8c2dfffff
5867,880b8209bbfffff
5868,880b8208d3fffff
5869,880b820441fffff
5870,880b826205fffff
5871,880b82723dfffff
5872,880b9c8033fffff
5873,880b822121fffff
5874,880b82665dfffff
5875,880b9c80dbfffff
5876,880b8268adfffff
5877,880b8231e5fffff
5878,880b822965fffff
5879,880b9c876bfffff
5880,880b8255c5fffff
5881,880b8246d5fffff
5882,880b8238b3fffff
5883,880b820de3fffff
5884,880b9c988dfffff
5885,880b9c8723fffff
5886,880b8205c3fffff
5887,880b82750dfffff
5888,880b826467fffff
5889,880b9c9257fffff
5890,880b9c9555fffff
5891,880b826cebfffff
5892,880b91a6c1fffff
5893,880b9c8acbfffff
5894,880b8255a5fffff
5895,880b827283fffff
5896,880b827607fffff
5897,880b826edbfffff
5898,880b9c8201fffff
5899,880b820155fffff
5900,880b823953fffff
5901,880b82706dfffff
5902,880b8255e5fffff
5903,880b820c99fffff
5904,880b9c8eb7fffff
5905,880b82002bfffff
5906,880b827183fffff
5907,880b823ad9fffff
5908,880b8229adfffff
5909,880b9c84e5fffff
5910,880b9c8abdfffff
5911,880b823a57fffff
5912,880b9c85c5fffff
5913,880b9c9823fffff
5914,880b9c84ebfffff
5915,880b826a35fffff
5916,880b820145fffff
5917,880b826689fffff
5918,880b824667fffff
5919,880b9c9a03fffff
5920,880b8206a9fffff
5921,880b822a65fffff
5922,880b9c8e53fffff
5923,880b91a4e3fffff
5924,880b9c84bdfffff
5925,880b9c810dfffff
5926,880b8278adfffff
5927,880b822139fffff
5928,880b823b01fffff
5929,880b9cb82bfffff
5930,880b8200c5fffff
5931,880b822987fffff
5932,880b9c8a01fffff
5933,880b9c165bfffff
5934,880b826601fffff
5935,880b9c90b7fffff
5936,880b9c804bfffff
5937,880b9c1603fffff
5938,880b822865fffff
5939,880b82655dfffff
5940,880b827681fffff
5941,880b8239e3fffff
5942,880b9c9243fffff
5943,880b9c8115fffff
5944,880b826011fffff
5945,880b9c82d5fffff
5946,880b823adbfffff
5947,880b82758dfffff
5948,880b826a47fffff
5949,880b8201c1fffff
5950,880b826cedfffff
5951,880b820c6dfffff
5952,880b8201d7fffff
5953,880b820ee3fffff
5954,880b825567fffff
5955,880b8208bdfffff
5956,880b8246d1fffff
5957,880b82293dfffff
5958,880b9cd745fffff
5959,880b827691fffff
5960,880b822b25fffff
5961,880b823b09fffff
5962,880b826029fffff
5963,880b91a637fffff
5964,880b82074bfffff
5965,880b9cd2d9fffff
5966,880b82a961fffff
5967,880b9c9b35fffff
5968,880b9cd211fffff
5969,880b9c8827fffff
5970,880b820ee5fffff
5971,880b823895fffff
5972,880b826319fffff
5973,880b8268c3fffff
5974,880b82443bfffff
5975,880b826a81fffff
5976,880b8200a9fffff
5977,880b82292dfffff
5978,880b823addfffff
5979,880b9c9a33fffff
5980,880b82712bfffff
5981,880b826f1dfffff
5982,880b827ab3fffff
5983,880b8204adfffff
5984,880b9c82d3fffff
5985,880b8270dbfffff
5986,880b9c9801fffff
5987,880b8278c9fffff
5988,880b826c5bfffff
5989,880b824603fffff
5990,880b82386bfffff
5991,880b8244ebfffff
5992,880b826241fffff
5993,880b823a17fffff
5994,880b826327fffff
5995,880b82675bfffff
5996,880b9c91d5fffff
5997,880b820009fffff
5998,880b820b6dfffff
5999,880b827619fffff
6000,880b9c8813fffff
6001,880b8276a5fffff
6002,880b9c9acbfffff
6003,880b9c901bfffff
6004,880b820ad9fffff
6005,880b8266c3fffff
6006,880b820095fffff
6007,880b82385bfffff
6008,880b9c8517fffff
6009,880b9c8065fffff
6010,880b826a97fffff
6011,880b820f49fffff
6012,880b9c900bfffff
6013,880b9c8881fffff
6014,880b9c8311fffff
6015,880b826d21fffff
6016,880b820627fffff
6017,880b9c89a9fffff
6018,880b823027fffff
6019,880b827563fffff
6020,880b9cd34dfffff
6021,880b9c855bfffff
6022,880b9c9121fffff
6023,880b8254d9fffff
6024,880b9c81c7fffff
6025,880b8262b7fffff
6026,880b823a23fffff
6027,880b8204a5fffff
6028,880b820751fffff
6029,880b820541fffff
6030,880b82003dfffff
6031,880b827683fffff
6032,880b82641bfffff
6033,880b82568bfffff
6034,880b9c8039fffff
6035,880b9c880dfffff
6036,880b826c45fffff
6037,880b820d03fffff
6038,880b826e55fffff
6039,880b82654bfffff
6040,880b826597fffff
6041,880b820715fffff
6042,880b9c8489fffff
6043,880b826097fffff
6044,880b9c82cdfffff
6045,880b8272a1fffff
6046,880b9c9ae1fffff
6047,880b9c8745fffff
6048,880b826067fffff
6049,880b9c8ed1fffff
6050,880b8262dbfffff
6051,880b9cba65fffff
6052,880b9c8043fffff
6053,880b82740dfffff
6054,880b82053dfffff
6055,880b9c9a0dfffff
6056,880b9c9b61fffff
6057,880b826ca1fffff
6058,880b826861fffff
6059,880b9cd2b3fffff
6060,880b8275b3fffff
6061,880b8238edfffff
6062,880b826c23fffff
6063,880b820d09fffff
6064,880b9c85d9fffff
6065,880b826c3bfffff
6066,880b820913fffff
6067,880b8229a1fffff
6068,880b9cd04dfffff
6069,880b824417fffff
6070,880b91a63bfffff
6071,880b8231d7fffff
6072,880b9c91c1fffff
6073,880b9c871dfffff
6074,880b820633fffff
6075,880b9c8409fffff
6076,880b9c8e0dfffff
6077,880b820115fffff
6078,880b8265d7fffff
6079,880b82440dfffff
6080,880b9c92a7fffff
6081,880b8261bdfffff
6082,880b9cd74dfffff
6083,880b823a05fffff
6084,880b9c9335fffff
6085,880b827643fffff
6086,880b820625fffff
6087,880b9c9ad1fffff
6088,880b9c9b55fffff
6089,880b82218bfffff
6090,880b823123fffff
6091,880b824647fffff
6092,880b9c8805fffff
6093,880b826939fffff
6094,880b82388bfffff
6095,880b826233fffff
6096,880b820119fffff
6097,880b9c8819fffff
6098,880b9c1245fffff
6099,880b9c84edfffff
6100,880b8201b5fffff
6101,880b827147fffff
6102,880b8272cbfffff
6103,880b827653fffff
6104,880b8266abfffff
6105,880b823967fffff
6106,880b827233fffff
6107,880b9c84a5fffff
6108,880b8276e1fffff
6109,880b9c8eebfffff
6110,880b82081bfffff
6111,880b9c8401fffff
6112,880b9c9023fffff
6113,880b9c91c9fffff
6114,880b9c8597fffff
6115,880b826ddbfffff
6116,880b822151fffff
6117,880b9c9b59fffff
6118,880b9c81b1fffff
6119,880b8272dbfffff
6120,880b823135fffff
6121,880b8264a5fffff
6122,880b823113fffff
6123,880b826ee5fffff
6124,880b8205bbfffff
6125,880b9c828bfffff
6126,880b820011fffff
6127,880b9c8297fffff
6128,880b820ac9fffff
6129,880b8261a1fffff
6130,880b82391bfffff
6131,880b820d95fffff
6132,880b9c91adfffff
6133,880b826adbfffff
6134,880b9cd2d5fffff
6135,880b8266e1fffff
6136,880b8206ebfffff
6137,880b826e61fffff
6138,880b82714bfffff
6139,880b91a455fffff
6140,880b9c8ac9fffff
6141,880b9c832bfffff
6142,880b8268d1fffff
6143,880b820c05fffff
6144,880b9c8333fffff
6145,880b9c9309fffff
6146,880b822351fffff
6147,880b820e39fffff
6148,880b822127fffff
6149,880b9c81cbfffff
6150,880b826b5bfffff
6151,880b9c986bfffff
6152,880b820a91fffff
6153,880b827097fffff
6154,880b9c8257fffff
6155,880b826859fffff
6156,880b82444bfffff
6157,880b827437fffff
6158,880b820601fffff
6159,880b82550dfffff
6160,880b823a1dfffff
6161,880b820e25fffff
6162,880b827125fffff
6163,880b9cbb1dfffff
6164,880b826985fffff
6165,880b9c8627fffff
6166,880b9c85a3fffff
6167,880b8239d3fffff
6168,880b8268bbfffff
6169,880b826f47fffff
6170,880b82086bfffff
6171,880b8231ebfffff
6172,880b9c856dfffff
6173,880b8270d9fffff
6174,880b9c8067fffff
6175,880b9c88c5fffff
6176,880b9cbb17fffff
6177,880b9c8ab3fffff
6178,880b9c85a5fffff
6179,880b9c8e67fffff
6180,880b9cbb11fffff
6181,880b826ae9fffff
6182,880b82721dfffff
6183,880b9c9001fffff
6184,880b9c9a13fffff
6185,880b824613fffff
6186,880b820463fffff
6187,880b822947fffff
6188,880b826827fffff
6189,880b822805fffff
6190,880b822867fffff
6191,880b82698bfffff
6192,880b827525fffff
6193,880b9cd665fffff
6194,880b820a9bfffff
6195,880b9c88c9fffff
6196,880b82704dfffff
6197,880b826d4bfffff
6198,880b82690dfffff
6199,880b8246e9fffff
6200,880b826c99fffff
6201,880b8275ebfffff
6202,880b82724dfffff
6203,880b9c8431fffff
6204,880b8229a7fffff
6205,880b8231e9fffff
6206,880b8278b5fffff
6207,880b9c9ae9fffff
6208,880b826817fffff
6209,880b826a5bfffff
6210,880b9c9191fffff
6211,880b825521fffff
6212,880b9c9931fffff
6213,880b8238a3fffff
6214,880b9c9835fffff
6215,880b820a85fffff
6216,880b9c85adfffff
6217,880b9cd2d3fffff
6218,880b826003fffff
6219,880b9c8d99fffff
6220,880b8208b1fffff
6221,880b824411fffff
6222,880b823a95fffff
6223,880b827159fffff
6224,880b823b43fffff
6225,880b822b33fffff
6226,880b9c9505fffff
6227,880b8201a5fffff
6228,880b826511fffff
6229,880b9c8cd7fffff
6230,880b8275ddfffff
6231,880b8278d9fffff
6232,880b8261c9fffff
6233,880b8264bdfffff
6234,880b826843fffff
6235,880b9c9241fffff
6236,880b8274e1fffff
6237,880b9c8a05fffff
6238,880b827299fffff
6239,880b820767fffff
6240,880b823811fffff
6241,880b8275a7fffff
6242,880b82690bfffff
6243,880b82299dfffff
6244,880b823165fffff
6245,880b820523fffff
6246,880b82695dfffff
6247,880b820eb5fffff
6248,880b8265ebfffff
6249,880b826db3fffff
6250,880b826d61fffff
6251,880b820ab9fffff
6252,880b826901fffff
6253,880b826709fffff
6254,880b820083fffff
6255,880b826593fffff
6256,880b820e0bfffff
6257,880b9cbb03fffff
6258,880b82696dfffff
6259,880b823839fffff
6260,880b82612bfffff
6261,880b8255b7fffff
6262,880b82776dfffff
6263,880b8239a5fffff
6264,880b82772bfffff
6265,880b9c8823fffff
6266,880b827341fffff
6267,880b9c8f67fffff
6268,880b826931fffff
6269,880b9c92b7fffff
6270,880b9c9aabfffff
6271,880b8244c5fffff
6272,880b9c8ae7fffff
6273,880b82706bfffff
6274,880b9c9b67fffff
6275,880b82062bfffff
6276,880b8261e5fffff
6277,880b9c9b2bfffff
6278,880b9c8d1bfffff
6279,880b9cd2e5fffff
6280,880b9c8535fffff
6281,880b8269c1fffff
6282,880b820f3dfffff
6283,880b9cb80dfffff
6284,880b8205c5fffff
6285,880b827257fffff
6286,880b91a69bfffff
6287,880b9c8ab9fffff
6288,880b820131fffff
6289,880b820d11fffff
6290,880b823047fffff
6291,880b823b23fffff
6292,880b9cd70bfffff
6293,880b8206b1fffff
6294,880b820507fffff
6295,880b82008dfffff
6296,880b9cd60dfffff
6297,880b9cbb15fffff
6298,880b820295fffff
6299,880b826611fffff
6300,880b8238b7fffff
6301,880b8268a5fffff
6302,880b8229e3fffff
6303,880b8268a7fffff
6304,880b9c8465fffff
6305,880b9c82dbfffff
6306,880b8231adfffff
6307,880b9c88a5fffff
6308,880b822a43fffff
6309,880b8239a9fffff
6310,880b820a87fffff
6311,880b827ac5fffff
6312,880b822aebfffff
6313,880b823867fffff
6314,880b8274e9fffff
6315,880b8275b5fffff
6316,880b9c8037fffff
6317,880b820aabfffff
6318,880b9c8c55fffff
6319,880b82049bfffff
6320,880b82080bfffff
6321,880b9c818dfffff
6322,880b826d0dfffff
6323,880b9c85d7fffff
6324,880b827523fffff
6325,880b9c89e5fffff
6326,880b827295fffff
6327,880b9cd24bfffff
6328,880b826e0dfffff
6329,880b8275e1fffff
6330,880b827717fffff
6331,880b9c8c97fffff
6332,880b826ae5fffff
6333,880b9c920dfffff
6334,880b8271ddfffff
6335,880b9c8d91fffff
6336,880b9c8dabfffff
6337,880b9cb925fffff
6338,880b826d09fffff
6339,880b826da3fffff
6340,880b9c8ee7fffff
6341,880b9c9331fffff
6342,880b826909fffff
6343,880b820605fffff
6344,880b820993fffff
6345,880b823121fffff
6346,880b9cd20dfffff
6347,880b9c9953fffff
6348,880b827229fffff
6349,880b822141fffff
6350,880b827131fffff
6351,880b9c8f5bfffff
6352,880b9c90dbfffff
6353,880b9cd72bfffff
6354,880b824441fffff
6355,880b820b59fffff
6356,880b826c4bfffff
6357,880b9c9b49fffff
6358,880b9cba6bfffff
6359,880b9c873dfffff
6360,880b8278c7fffff
6361,880b826819fffff
6362,880b8201a3fffff
6363,880b9c98b7fffff
6364,880b820939fffff
6365,880b9c956dfffff
6366,880b820b49fffff
6367,880b820c55fffff
6368,880b820e81fffff
6369,880b9c98cbfffff
6370,880b827637fffff
6371,880b820e05fffff
6372,880b82683bfffff
6373,880b827a9bfffff
6374,880b9c8e91fffff
6375,880b82652bfffff
6376,880b9c91bbfffff
6377,880b820a8dfffff
6378,880b827363fffff
6379,880b826e6bfffff
6380,880b8265b3fffff
6381,880b9cb805fffff
6382,880b822933fffff
6383,880b8274a1fffff
6384,880b826c6bfffff
6385,880b826a09fffff
6386,880b9c9857fffff
6387,880b820e3bfffff
6388,880b9c8625fffff
6389,880b82714dfffff
6390,880b82280dfffff
6391,880b820c27fffff
6392,880b822931fffff
6393,880b8201e3fffff
6394,880b82076bfffff
6395,880b82399dfffff
6396,880b82716bfffff
6397,880b9c90c1fffff
6398,880b82618bfffff
6399,880b823805fffff
6400,880b820c6bfffff
6401,880b82093bfffff
6402,880b82448bfffff
6403,880b823b69fffff
6404,880b826647fffff
6405,880b91a4c9fffff
6406,880b9c8a03fffff
6407,880b827281fffff
6408,880b827413fffff
6409,880b822983fffff
6410,880b9c92b5fffff
6411,880b823a31fffff
6412,880b820ddbfffff
6413,880b9c8ad7fffff
6414,880b9c8997fffff
6415,880b823b5dfffff
6416,880b827657fffff
6417,880b827559fffff
6418,880b9c98d9fffff
6419,880b8274b5fffff
6420,880b9c8709fffff
6421,880b827133fffff
6422,880b9c80e1fffff
6423,880b82050bfffff
6424,880b8274cdfffff
6425,880b820063fffff
6426,880b9c8145fffff
6427,880b826411fffff
6428,880b9c80d5fffff
6429,880b826dabfffff
6430,880b8205edfffff
6431,880b820dd9fffff
6432,880b9c8c49fffff
6433,880b820837fffff
6434,880b826f53fffff
6435,880b9c9811fffff
6436,880b822b05fffff
6437,880b8254adfffff
6438,880b8239cbfffff
6439,880b8260c7fffff
6440,880b9c1269fffff
6441,880b91a621fffff
6442,880b823941fffff
6443,880b8266ddfffff
6444,880b826225fffff
6445,880b820ae5fffff
6446,880b9cb845fffff
6447,880b82731bfffff
6448,880b9c875dfffff
6449,880b9c8eddfffff
6450,880b9c9081fffff
6451,880b9c9a93fffff
6452,880b9c98bdfffff
6453,880b826207fffff
6454,880b9c8407fffff
6455,880b9c8eadfffff
6456,880b9c82d1fffff
6457,880b8264ddfffff
6458,880b827719fffff
6459,880b8269e5fffff
6460,880b827061fffff
6461,880b9c862dfffff
6462,880b9c1619fffff
6463,880b8231b9fffff
6464,880b826765fffff
6465,880b82616bfffff
6466,880b9cb941fffff
6467,880b826d87fffff
6468,880b9c835bfffff
6469,880b820c0dfffff
6470,880b820425fffff
6471,880b9c8f25fffff
6472,880b820a81fffff
6473,880b82614dfffff
6474,880b826ed5fffff
6475,880b820007fffff
6476,880b8238dbfffff
6477,880b9c9ae3fffff
6478,880b9c8f29fffff
6479,880b9c8767fffff
6480,880b8270d3fffff
6481,880b820f35fffff
6482,880b823155fffff
6483,880b820a21fffff
6484,880b820039fffff
6485,880b9c9917fffff
6486,880b9c9929fffff
6487,880b823119fffff
6488,880b9c8f2dfffff
6489,880b9c9809fffff
6490,880b9c9ad5fffff
6491,880b820739fffff
6492,880b822b3bfffff
6493,880b826a87fffff
6494,880b9c8dd5fffff
6495,880b827053fffff
6496,880b8270b3fffff
6497,880b9c8103fffff
6498,880b82284dfffff
6499,880b827553fffff
6500,880b826897fffff
6501,880b826d99fffff
6502,880b826835fffff
6503,880b82754bfffff
6504,880b9cd667fffff
6505,880b9c8739fffff
6506,880b8268c5fffff
6507,880b82073bfffff
6508,880b9c9b4dfffff
6509,880b824639fffff
6510,880b9cd0c7fffff
6511,880b826c9dfffff
6512,880b826b5dfffff
6513,880b9c8027fffff
6514,880b9c9883fffff
6515,880b8201a9fffff
6516,880b8264e7fffff
6517,880b823b63fffff
6518,880b9c8e9dfffff
6519,880b8246a7fffff
6520,880b9c801bfffff
6521,880b826437fffff
6522,880b826d59fffff
6523,880b9cba45fffff
6524,880b9c9097fffff
6525,880b9c80abfffff
6526,880b9c8c8bfffff
6527,880b827a31fffff
6528,880b9cd0d9fffff
6529,880b9c8047fffff
6530,880b8278e1fffff
6531,880b9c993dfffff
6532,880b9c8a39fffff
6533,880b9c9313fffff
6534,880b91a635fffff
6535,880b826223fffff
6536,880b8231a3fffff
6537,880b9c8251fffff
6538,880b820883fffff
6539,880b82728dfffff
6540,880b82719bfffff
6541,880b9c99e5fffff
6542,880b9c8255fffff
6543,880b820b33fffff
6544,880b823ae1fffff
6545,880b826eb5fffff
6546,880b820103fffff
6547,880b825561fffff
6548,880b8221cdfffff
6549,880b820189fffff
6550,880b822b4bfffff
6551,880b827581fffff
6552,880b8239b5fffff
6553,880b820cb7fffff
6554,880b827023fffff
6555,880b8278c5fffff
6556,880b9c8867fffff
6557,880b9c8c1bfffff
6558,880b820dc3fffff
6559,880b8265d1fffff
6560,880b91a6e1fffff
6561,880b9c8c19fffff
6562,880b825691fffff
6563,880b826425fffff
6564,880b9c9167fffff
6565,880b820d39fffff
6566,880b82629dfffff
6567,880b820085fffff
6568,880b9c9a09fffff
6569,880b8206e9fffff
6570,880b9c88c1fffff
6571,880b826a57fffff
6572,880b82075bfffff
6573,880b8274c7fffff
6574,880b9c8a9dfffff
6575,880b9c8abbfffff
6576,880b8239a1fffff
6577,880b9cd761fffff
6578,880b9cd755fffff
6579,880b820d69fffff
6580,880b8205e5fffff
6581,880b9c80a9fffff
6582,880b820029fffff
6583,880b820ac1fffff
6584,880b82213bfffff
6585,880b825527fffff
6586,880b826917fffff
6587,880b820a35fffff
6588,880b9c8367fffff
6589,880b82700dfffff
6590,880b9cd759fffff
6591,880b826767fffff
6592,880b9c982bfffff
6593,880b91a41dfffff
6594,880b9c8183fffff
6595,880b826dc7fffff
6596,880b82553dfffff
6597,880b822105fffff
6598,880b820111fffff
6599,880b827105fffff
6600,880b9c90d5fffff
6601,880b826d81fffff
6602,880b826ce1fffff
6603,880b9c8849fffff
6604,880b820c97fffff
6605,880b9c99e1fffff
6606,880b82071bfffff
6607,880b9c8a3dfffff
6608,880b9c9a19fffff
6609,880b9c8481fffff
6610,880b9c913bfffff
6611,880b9c90e1fffff
6612,880b820769fffff
6613,880b82681bfffff
6614,880b824483fffff
6615,880b9c8b1bfffff
6616,880b826583fffff
6617,880b826f03fffff
6618,880b8269adfffff
6619,880b826701fffff
6620,880b9c8537fffff
6621,880b8256b5fffff
6622,880b82019bfffff
6623,880b823189fffff
6624,880b8238bbfffff
6625,880b9cd711fffff
6626,880b826533fffff
6627,880b822831fffff
6628,880b9c98c5fffff
6629,880b827ab5fffff
6630,880b82600bfffff
6631,880b820d87fffff
6632,880b9c981bfffff
6633,880b826b31fffff
6634,880b820565fffff
6635,880b9c8801fffff
6636,880b826715fffff
6637,880b820acdfffff
6638,880b9c81d3fffff
6639,880b9cbb67fffff
6640,880b820e0dfffff
6641,880b9c9a31fffff
6642,880b826341fffff
6643,880b9c9ac9fffff
6644,880b8255c9fffff
6645,880b9c8ca5fffff
6646,880b9c98a3fffff
6647,880b824753fffff
6648,880b82601bfffff
6649,880b9c9093fffff
6650,880b9c88e9fffff
6651,880b9c8b13fffff
6652,880b8272bdfffff
6653,880b826b53fffff
6654,880b9cd715fffff
6655,880b9c9a5dfffff
6656,880b8239cdfffff
6657,880b82074dfffff
6658,880b8206bdfffff
6659,880b827145fffff
6660,880b9c82adfffff
6661,880b8231d9fffff
6662,880b9c8345fffff
6663,880b827027fffff
6664,880b9c8d9bfffff
6665,880b825693fffff
6666,880b91a6cbfffff
6667,880b8205abfffff
6668,880b820c61fffff
6669,880b820943fffff
6670,880b82712dfffff
6671,880b8269c9fffff
6672,880b9c9903fffff
6673,880b82218dfffff
6674,880b826f17fffff
6675,880b9c8a63fffff
6676,880b820b29fffff
6677,880b9c8225fffff
6678,880b8204d5fffff
6679,880b820105fffff
6680,880b9c8283fffff
6681,880b9c8269fffff
6682,880b9c8f59fffff
6683,880b8246adfffff
6684,880b9c80cbfffff
6685,880b822331fffff
6686,880b820741fffff
6687,880b9c99a1fffff
6688,880b9c98e5fffff
6689,880b8239d5fffff
6690,880b9cd253fffff
6691,880b827a1bfffff
6692,880b8204e9fffff
6693,880b820e5bfffff
6694,880b826133fffff
6695,880b826e43fffff
6696,880b9c8ca7fffff
6697,880b820c31fffff
6698,880b827891fffff
6699,880b827ae3fffff
6700,880b9c91cdfffff
6701,880b8206c3fffff
6702,880b826d05fffff
6703,880b9cd281fffff
6704,880b827715fffff
6705,880b8268cdfffff
6706,880b82312bfffff
6707,880b9cbb63fffff
6708,880b9cd763fffff
6709,880b827665fffff
6710,880b82701bfffff
6711,880b9c8cd3fffff
6712,880b9cd04bfffff
6713,880b9c8c5dfffff
6714,880b823133fffff
6715,880b826095fffff
6716,880b82298dfffff
6717,880b826eb7fffff
6718,880b8274d9fffff
6719,880b826091fffff
6720,880b8244c3fffff
6721,880b820713fffff
6722,880b826521fffff
6723,880b820505fffff
6724,880b8204b7fffff
6725,880b820b45fffff
6726,880b8239d7fffff
6727,880b9c9545fffff
6728,880b82604dfffff
6729,880b82654dfffff
6730,880b820707fffff
6731,880b9cba4bfffff
6732,880b827123fffff
6733,880b826f59fffff
6734,880b82301dfffff
6735,880b9c9055fffff
6736,880b9c8cb7fffff
6737,880b9c88d3fffff
6738,880b822929fffff
6739,880b8255b3fffff
6740,880b9cd347fffff
6741,880b824489fffff
6742,880b8270abfffff
6743,880b8265bbfffff
6744,880b9c8b03fffff
6745,880b9cbb0bfffff
6746,880b826d37fffff
6747,880b9c9349fffff
6748,880b820c51fffff
6749,880b9c934bfffff
6750,880b827431fffff
6751,880b9c9867fffff
6752,880b9c8f55fffff
6753,880b820aebfffff
6754,880b822a53fffff
6755,880b820881fffff
6756,880b826c49fffff
6757,880b827addfffff
6758,880b823801fffff
6759,880b826249fffff
6760,880b822367fffff
6761,880b82042bfffff
6762,880b9cd75dfffff
6763,880b9c9199fffff
6764,880b827a17fffff
6765,880b820725fffff
6766,880b82684dfffff
6767,880b9c8e93fffff
6768,880b9c8aebfffff
6769,880b823aa9fffff
6770,880b9c9b07fffff
6771,880b9c84a9fffff
6772,880b9c9319fffff
6773,880b827151fffff
6774,880b9c81a1fffff
6775,880b9c89bbfffff
6776,880b822999fffff
6777,880b820d85fffff
6778,880b826357fffff
6779,880b820503fffff
6780,880b8264b3fffff
6781,880b8260a5fffff
6782,880b8268c9fffff
6783,880b9c8a21fffff
6784,880b9c952bfffff
6785,880b826ea5fffff
6786,880b827763fffff
6787,880b8201ebfffff
6788,880b827543fffff
6789,880b9c858dfffff
6790,880b827285fffff
6791,880b9c8567fffff
6792,880b823813fffff
6793,880b9c8247fffff
6794,880b82610bfffff
6795,880b820611fffff
6796,880b826c03fffff
6797,880b827a19fffff
6798,880b8265c5fffff
6799,880b9c8c0bfffff
6800,880b820b3dfffff
6801,880b91a49dfffff
6802,880b9c98ddfffff
6803,880b9c816dfffff
6804,880b8242d3fffff
6805,880b827651fffff
6806,880b820b27fffff
6807,880b82656dfffff
6808,880b826739fffff
6809,880b826823fffff
6810,880b9c9215fffff
6811,880b8229dbfffff
6812,880b826269fffff
6813,880b826f69fffff
6814,880b8229c3fffff
6815,880b824299fffff
6816,880b9c8edbfffff
6817,880b9c819dfffff
6818,880b820439fffff
6819,880b827a37fffff
6820,880b8254b1fffff
6821,880b8260c1fffff
6822,880b820c49fffff
6823,880b9c831bfffff
6824,880b8269b7fffff
6825,880b9c8531fffff
6826,880b9c8163fffff
6827,880b826237fffff
6828,880b826445fffff
6829,880b9cd26dfffff
6830,880b820703fffff
6831,880b82632bfffff
6832,880b9c9155fffff
6833,880b826e65fffff
6834,880b826de3fffff
6835,880b827167fffff
6836,880b822b63fffff
6837,880b9c996dfffff
6838,880b9c9b11fffff
6839,880b91a409fffff
6840,880b820ca9fffff
6841,880b826db7fffff
6842,880b826955fffff
6843,880b9cd753fffff
6844,880b820e55fffff
6845,880b827093fffff
6846,880b820f27fffff
6847,880b827161fffff
6848,880b820d05fffff
6849,880b8274a9fffff
6850,880b82008bfffff
6851,880b9c8a89fffff
6852,880b9c8869fffff
6853,880b9c9863fffff
6854,880b9cd003fffff
6855,880b8272d9fffff
6856,880b8276d3fffff
6857,880b826a6dfffff
6858,880b827319fffff
6859,880b826201fffff
6860,880b9c80c5fffff
6861,880b820a29fffff
6862,880b8276dbfffff
6863,880b823197fffff
6864,880b826963fffff
6865,880b82095dfffff
6866,880b826695fffff
6867,880b820567fffff
6868,880b9c9b63fffff
6869,880b9c9057fffff
6870,880b8231b1fffff
6871,880b9c8737fffff
6872,880b82058dfffff
6873,880b8204cbfffff
6874,880b91a607fffff
6875,880b820e63fffff
6876,880b9c853bfffff
6877,880b8221e7fffff
6878,880b9c826bfffff
6879,880b9c986dfffff
6880,880b9c84d5fffff
6881,880b9c9047fffff
6882,880b827107fffff
6883,880b826f41fffff
6884,880b9cd767fffff
6885,880b82a92bfffff
6886,880b8269dbfffff
6887,880b8228adfffff
6888,880b82633bfffff
6889,880b9c8833fffff
6890,880b826825fffff
6891,880b9c821bfffff
6892,880b9c9149fffff
6893,880b8231a5fffff
