,geohash
0,8815599651fffff
1,8815582565fffff
2,88155d049bfffff
3,88155d0de7fffff
4,88155d0889fffff
5,881559c233fffff
6,88155da555fffff
7,88155d2047fffff
8,88154a435dfffff
9,88155dac93fffff
10,88154a4107fffff
11,88154a5525fffff
12,88154ace1dfffff
13,8815583253fffff
14,88155d0839fffff
15,88155d62e3fffff
16,88155d0433fffff
17,8815599755fffff
18,88155990d7fffff
19,88155d72b9fffff
20,88154ac9c7fffff
21,88154acd97fffff
22,881558ad5bfffff
23,88155d6e3dfffff
24,88154aca85fffff
25,88155d4453fffff
26,88155d0d9bfffff
27,88155d65a3fffff
28,88155d2e49fffff
29,88154ac1ebfffff
30,88155d2b53fffff
31,881558aed1fffff
32,8815598b01fffff
33,88155d6eb1fffff
34,88155820c1fffff
35,88155d6039fffff
36,8815599499fffff
37,8815599ab5fffff
38,88155d6553fffff
39,88155d2b6dfffff
40,8815583853fffff
41,88154a4aadfffff
42,88155d6263fffff
43,88154acd47fffff
44,88155d75d9fffff
45,88155d35ebfffff
46,88155d751dfffff
47,88154ac889fffff
48,8815599a99fffff
49,88154acab3fffff
50,88155daf5dfffff
51,88155d7339fffff
52,88154ad859fffff
53,881559c157fffff
54,8815583083fffff
55,8815583611fffff
56,88155dad15fffff
57,88155d3aa7fffff
58,88155d0f35fffff
59,88155989bdfffff
60,88155da4adfffff
61,88154aceabfffff
62,881558aeadfffff
63,88155986a3fffff
64,88155d2183fffff
65,881559d1e5fffff
66,88154ad883fffff
67,881559c329fffff
68,8815599107fffff
69,88155d32abfffff
70,88155831adfffff
71,88155998e9fffff
72,881559d599fffff
73,88154a4357fffff
74,8815598961fffff
75,88155d3087fffff
76,8815598835fffff
77,88155dac29fffff
78,881558361dfffff
79,88155d6235fffff
80,8815598569fffff
81,88155d6d21fffff
82,88155d61a1fffff
83,88155d2821fffff
84,881558310dfffff
85,881559d62bfffff
86,881559d941fffff
87,88155d6ec9fffff
88,88155d7439fffff
89,881559d013fffff
90,8815598719fffff
91,88155d7189fffff
92,88154adb6dfffff
93,8815598907fffff
94,881559b90bfffff
95,88155d2359fffff
96,88155d0c47fffff
97,88155d6013fffff
98,88155d7a9dfffff
99,88154acca3fffff
100,88155996d5fffff
101,8815583665fffff
102,881559d91dfffff
103,88154ad8b9fffff
104,88155d64a3fffff
105,881559d723fffff
106,88155dacb3fffff
107,88155d3595fffff
108,881558aea5fffff
109,88155d4595fffff
110,8815583599fffff
111,88155d6333fffff
112,88154a5351fffff
113,88155d3a3bfffff
114,88155d761dfffff
115,8815582641fffff
116,88154ad90bfffff
117,88155d6649fffff
118,88155d0e63fffff
119,88155d28ebfffff
120,8815583741fffff
121,88154a471dfffff
122,88155d245bfffff
123,8815599089fffff
124,8815598745fffff
125,88154a431dfffff
126,8815599b27fffff
127,88155d2a25fffff
128,88155d75e1fffff
129,88155d04e9fffff
130,8815582711fffff
131,88154a5b53fffff
132,88155d6093fffff
133,88155d4635fffff
134,88154a5a15fffff
135,881559c005fffff
136,88155d3653fffff
137,88155dae37fffff
138,88155d72bbfffff
139,88155d6907fffff
140,88154acb59fffff
141,88155836b3fffff
142,88155d6409fffff
143,88155995a9fffff
144,88155988b9fffff
145,881559830dfffff
146,88155999cbfffff
147,8815583335fffff
148,881559d8a3fffff
149,8815598e9dfffff
150,88155d68b9fffff
151,88155d6d59fffff
152,88155d7959fffff
153,88155834d3fffff
154,88155dae05fffff
155,88155d6255fffff
156,88155d2e8bfffff
157,88155d6841fffff
158,88155d44bdfffff
159,88155d2e0bfffff
160,88155d04a3fffff
161,88155d614bfffff
162,88155d683dfffff
163,88155d2e2dfffff
164,8815598049fffff
165,88154acb09fffff
166,88155d6eebfffff
167,88155d36b1fffff
168,8815598aa1fffff
169,881559d757fffff
170,88155d2427fffff
171,88154a4a33fffff
172,88154a50b5fffff
173,88155d0447fffff
174,8815599403fffff
175,8815598d59fffff
176,8815582567fffff
177,88155d390dfffff
178,88155da8c1fffff
179,881559d221fffff
180,88155da8b1fffff
181,88154a49e7fffff
182,88155830a5fffff
183,88154ad0b7fffff
184,881559919dfffff
185,88155dad91fffff
186,8815591241fffff
187,881559843dfffff
188,881559971dfffff
189,88155d7863fffff
190,88155981c5fffff
191,8815599807fffff
192,88155d6f6dfffff
193,88155d7643fffff
194,88155d2b5dfffff
195,88155d6513fffff
196,88155d7937fffff
197,88155da507fffff
198,88155d61a7fffff
199,88154a40c1fffff
200,88154acc45fffff
201,881559815dfffff
202,88155d6207fffff
203,88154a5a29fffff
204,88155d21b3fffff
205,88155d34bbfffff
206,88155999c3fffff
207,88154a4a19fffff
208,88155992cbfffff
209,881559da3dfffff
210,88155da5a7fffff
211,88154ace49fffff
212,88155d0927fffff
213,881559d905fffff
214,88154a59dbfffff
215,88155d2d8bfffff
216,88154acd53fffff
217,88155d3b23fffff
218,8815598531fffff
219,8815598d55fffff
220,88155d6131fffff
221,881559d501fffff
222,8815599839fffff
223,88155dac27fffff
224,881559ba05fffff
225,88154a4ad1fffff
226,88155d3011fffff
227,881559d49bfffff
228,881558a587fffff
229,88154ac30dfffff
230,88155d314dfffff
231,88155d686bfffff
232,88155d6ad7fffff
233,88155d4405fffff
234,88155d641dfffff
235,88155984bbfffff
236,88154ad8e1fffff
237,88155d6ca9fffff
238,88155836b7fffff
239,88154a5131fffff
240,88154acca1fffff
241,88155d0d87fffff
242,8815599b67fffff
243,88154a5193fffff
244,881559ba35fffff
245,8815599b53fffff
246,8815582765fffff
247,88154a59e7fffff
248,8815583189fffff
249,88155d2ec5fffff
250,88154a402bfffff
251,88154a42d3fffff
252,88155d6cc1fffff
253,8815599217fffff
254,88154ace8dfffff
255,881559d11dfffff
256,88154ac899fffff
257,88155d06a1fffff
258,88155d09c3fffff
259,8815583649fffff
260,881559949dfffff
261,88155d3339fffff
262,8815598b3dfffff
263,88155822ddfffff
264,881559db2bfffff
265,88155d0501fffff
266,88155d36a1fffff
267,88155d6247fffff
268,88155d22dbfffff
269,8815598d53fffff
270,8815599535fffff
271,88155d690bfffff
272,88154a5917fffff
273,881559c351fffff
274,88155d0e43fffff
275,88155822abfffff
276,8815599105fffff
277,8815599b09fffff
278,88155d2de3fffff
279,8815598305fffff
280,88155d31d1fffff
281,881558200dfffff
282,88155982d1fffff
283,88154a50c5fffff
284,8815583191fffff
285,88155d26c9fffff
286,88155d685bfffff
287,8815598283fffff
288,88155d65dbfffff
289,88155d31b5fffff
290,88154a4ad5fffff
291,88155d781dfffff
292,88155da53bfffff
293,8815598b59fffff
294,8815599229fffff
295,88155830d9fffff
296,88155d0d27fffff
297,8815598537fffff
298,88155d35d5fffff
299,88154a58edfffff
300,8815583a85fffff
301,88155d7599fffff
302,88155d34adfffff
303,88155d7ab9fffff
304,88154acb3bfffff
305,88155d265bfffff
306,88155daf37fffff
307,88155999bdfffff
308,88155d0907fffff
309,88155d791dfffff
310,88155d3093fffff
311,881558ac31fffff
312,88155d6745fffff
313,8815598e93fffff
314,88155d6d07fffff
315,88155d28bdfffff
316,8815583653fffff
317,88155d4503fffff
318,88155d65b3fffff
319,88155d2cd9fffff
320,88154ac027fffff
321,881559d0a7fffff
322,88154a511bfffff
323,88155d2943fffff
324,88155d7615fffff
325,8815582259fffff
326,8815583515fffff
327,881558a4abfffff
328,8815582569fffff
329,88155d3459fffff
330,8815598b19fffff
331,88155da4b5fffff
332,88155d7885fffff
333,88155d2aa1fffff
334,88155d0193fffff
335,881559d0c5fffff
336,88154acd03fffff
337,881559d0b5fffff
338,8815599891fffff
339,88155d6d33fffff
340,88155d2769fffff
341,88154ac355fffff
342,88155d31b9fffff
343,881558acc7fffff
344,8815582097fffff
345,8815598139fffff
346,88154a4849fffff
347,88155d6a61fffff
348,88155d6f69fffff
349,881559d0a3fffff
350,88154ad895fffff
351,88155d7a53fffff
352,88154a5225fffff
353,88155998a7fffff
354,88155d0513fffff
355,88155d320dfffff
356,88155da8e7fffff
357,881558373bfffff
358,88155d20a1fffff
359,88155d702bfffff
360,88155821ebfffff
361,88155d6529fffff
362,88155d4631fffff
363,88155d6e4bfffff
364,8815599449fffff
365,8815599abbfffff
366,88155d0f4dfffff
367,88154adb29fffff
368,88155d7539fffff
369,88155d08abfffff
370,88154a5a65fffff
371,88155d2809fffff
372,88155d20c1fffff
373,88155d22e7fffff
374,88155d2a49fffff
375,8815598a67fffff
376,881559b83dfffff
377,881558a483fffff
378,88154adb2bfffff
379,881559c313fffff
380,88154ac887fffff
381,881559d73bfffff
382,8815598b17fffff
383,88155d3337fffff
384,8815598f07fffff
385,88155dac67fffff
386,88155980c1fffff
387,8815598f47fffff
388,88154a565bfffff
389,88154a5b17fffff
390,88154a42bbfffff
391,88155d6ae1fffff
392,8815599205fffff
393,881558a4a1fffff
394,88154acdb9fffff
395,88155830b5fffff
396,88155d2c55fffff
397,8815598a05fffff
398,88155d4489fffff
399,88155d2b05fffff
400,881559d0e1fffff
401,8815599a63fffff
402,881559d985fffff
403,88154a5565fffff
404,88155981b9fffff
405,88154ac1dbfffff
406,88155d0cc7fffff
407,881559d0d7fffff
408,88155d281bfffff
409,881559ba67fffff
410,88155d602bfffff
411,88154ad105fffff
412,88155d71d1fffff
413,88155d751bfffff
414,88155999a1fffff
415,88154a5a49fffff
416,88155d2a43fffff
417,88154ac929fffff
418,88155998e1fffff
419,88154ac303fffff
420,88155d3193fffff
421,8815582667fffff
422,88155d7097fffff
423,88155d3055fffff
424,88154a5137fffff
425,88155d7047fffff
426,88155d78c5fffff
427,88155d6d89fffff
428,8815599461fffff
429,881559d765fffff
430,88154ac941fffff
431,8815598647fffff
432,88155d6951fffff
433,8815598041fffff
434,881559855bfffff
435,881558ace9fffff
436,88154a50a9fffff
437,8815599b57fffff
438,881559c205fffff
439,88155d06e5fffff
440,88155daf07fffff
441,88155d09a3fffff
442,8815582e41fffff
443,88155d3687fffff
444,88155822e3fffff
445,88155d220dfffff
446,88154ac107fffff
447,8815598b11fffff
448,88154acce7fffff
449,88155994a9fffff
450,88155d6e01fffff
451,8815598e1dfffff
452,88155d7019fffff
453,88155d7ad5fffff
454,881559b345fffff
455,8815598803fffff
456,8815598917fffff
457,88154ac8adfffff
458,881559da4dfffff
459,88154adaa9fffff
460,88154a4365fffff
461,88155d3847fffff
462,88155d6aebfffff
463,88155d6c39fffff
464,88154a446dfffff
465,88154ac00dfffff
466,88155d795dfffff
467,88155d3895fffff
468,88155d0e21fffff
469,881559d987fffff
470,88155d2615fffff
471,8815599435fffff
472,881558acd3fffff
473,881559966bfffff
474,8815598dcdfffff
475,881558adc3fffff
476,88154ad18bfffff
477,8815598545fffff
478,88155d229bfffff
479,8815582153fffff
480,88155992cdfffff
481,881559974bfffff
482,881559d425fffff
483,88155d0e9dfffff
484,881559976bfffff
485,88155d648bfffff
486,88154acc03fffff
487,88155d4559fffff
488,88155d6531fffff
489,88155d31a1fffff
490,88155d2185fffff
491,8815598083fffff
492,881559d605fffff
493,88155d7b39fffff
494,88154a50d3fffff
495,88155d06adfffff
496,88155984ddfffff
497,88155d05a1fffff
498,88155831a7fffff
499,88155d34a7fffff
500,88154a5333fffff
501,881559daa9fffff
502,881559d587fffff
503,881559d8e3fffff
504,88155995cbfffff
505,8815599523fffff
506,8815599b0dfffff
507,88155d663dfffff
508,88155d4733fffff
509,881559c94dfffff
510,88154a513dfffff
511,881559bb49fffff
512,88155d740bfffff
513,881558accdfffff
514,88155d2d97fffff
515,881559d4cbfffff
516,88155d0ee7fffff
517,881559cb47fffff
518,88155d7429fffff
519,88155d2507fffff
520,88155d7289fffff
521,88155d6ec5fffff
522,881559d227fffff
523,88154ad805fffff
524,88155d7221fffff
525,881558a59dfffff
526,88155d2027fffff
527,88155831ddfffff
528,88155d3017fffff
529,881559d811fffff
530,88154a4a6bfffff
531,88155d2ce1fffff
532,88154ac9adfffff
533,88155d65edfffff
534,88155d39a7fffff
535,881558201bfffff
536,88154adb23fffff
537,88155da5a3fffff
538,88155d64c5fffff
539,8815583157fffff
540,88154ac991fffff
541,88154a51d3fffff
542,88154acdadfffff
543,88155da4b3fffff
544,88155d2901fffff
545,88154a595bfffff
546,8815599299fffff
547,88154a5249fffff
548,8815598a25fffff
549,88155d6ea9fffff
550,88155820b7fffff
551,88155d24b5fffff
552,88155da8d3fffff
553,88155da591fffff
554,881559d467fffff
555,88155998b5fffff
556,88155d45c3fffff
557,88155d78a7fffff
558,88155d6521fffff
559,881559d217fffff
560,88155d2a05fffff
561,881558a6a3fffff
562,8815582661fffff
563,88155d00b9fffff
564,88155d20a3fffff
565,8815598987fffff
566,88155d671dfffff
567,881559d633fffff
568,88154a5a63fffff
569,88155d0ca7fffff
570,88154a5869fffff
571,881559890bfffff
572,88154a555bfffff
573,88154a58d1fffff
574,881558209bfffff
575,881558adcdfffff
576,88155d7309fffff
577,88154ad94dfffff
578,88155d7ad1fffff
579,88155991e3fffff
580,88155da485fffff
581,8815599923fffff
582,88155821d5fffff
583,881559da01fffff
584,88155dac35fffff
585,88155d7255fffff
586,88154ad901fffff
587,8815583601fffff
588,8815599151fffff
589,88155d2c0dfffff
590,8815599219fffff
591,8815583009fffff
592,88155d2a5bfffff
593,88155d2213fffff
594,88155991d5fffff
595,8815583733fffff
596,881558acb5fffff
597,88154a4243fffff
598,88155d38b5fffff
599,881559d159fffff
600,88154ad9abfffff
601,88154a58adfffff
602,88155d2143fffff
603,88155d7703fffff
604,88155d6d35fffff
605,88155d0ce3fffff
606,8815598c3dfffff
607,88154a5859fffff
608,881559d491fffff
609,88154a55c3fffff
610,88155d0d5bfffff
611,88155830a9fffff
612,8815583439fffff
613,88155992b5fffff
614,88155d784dfffff
615,881559d855fffff
616,88155d32adfffff
617,88155d7abbfffff
618,88155d6897fffff
619,88155d25c9fffff
620,881559d817fffff
621,88155d7919fffff
622,881558adb7fffff
623,88154a5847fffff
624,88154ad81dfffff
625,88154a515bfffff
626,88155d46b5fffff
627,881559ba3dfffff
628,881558a4a9fffff
629,8815582f69fffff
630,88155dad4dfffff
631,88155981abfffff
632,88155d208bfffff
633,88155992c3fffff
634,88155d6137fffff
635,881559bb5bfffff
636,881558ad31fffff
637,88154ad945fffff
638,8815598e87fffff
639,881559c249fffff
640,88155d3351fffff
641,88155d6e39fffff
642,88154ad025fffff
643,88155d6245fffff
644,88155d3605fffff
645,88155d2b23fffff
646,88155d3029fffff
647,88155985b5fffff
648,881559b9cdfffff
649,88155d78dbfffff
650,88155985edfffff
651,88155d28abfffff
652,88155d72a9fffff
653,88155d2857fffff
654,881559d557fffff
655,881559bb07fffff
656,88155d7981fffff
657,88155d276bfffff
658,88155d2e4bfffff
659,88155d2ca1fffff
660,8815598141fffff
661,88155daec5fffff
662,88155d7aa3fffff
663,88155d2c85fffff
664,88155d7613fffff
665,88154acc29fffff
666,88154ac1e3fffff
667,88155d2f03fffff
668,88155821e5fffff
669,88154ad84dfffff
670,88155d2303fffff
671,8815598221fffff
672,88155d6505fffff
673,88155991cbfffff
674,88155d7205fffff
675,881559daadfffff
676,88154a52e9fffff
677,88155d0ee9fffff
678,88154acc95fffff
679,88155d6c81fffff
680,88154acd89fffff
681,88155986e5fffff
682,8815599437fffff
683,88155d45cdfffff
684,8815598a1bfffff
685,88155d3465fffff
686,881559d35dfffff
687,88155d04c5fffff
688,88155dae89fffff
689,8815598aa9fffff
690,88155d35d1fffff
691,88155d4eddfffff
692,88155d6197fffff
693,881559bb43fffff
694,88155d72cdfffff
695,88154a4361fffff
696,88154a5817fffff
697,88155d3841fffff
698,881559d657fffff
699,88155d668dfffff
700,88154ace67fffff
701,88155d6153fffff
702,881559b32bfffff
703,8815598d13fffff
704,88155d66b1fffff
705,88155d0c4dfffff
706,8815598943fffff
707,8815599357fffff
708,881559c06dfffff
709,88155d6d95fffff
710,88154a55abfffff
711,88154a52e3fffff
712,88155d7547fffff
713,881559d9a1fffff
714,8815598933fffff
715,88155dae47fffff
716,88155988bbfffff
717,88155d6995fffff
718,88154a42a5fffff
719,88155d4403fffff
720,88155999ddfffff
721,88154a5015fffff
722,88155980b7fffff
723,88154a598bfffff
724,88155834b5fffff
725,8815599731fffff
726,881559d4a5fffff
727,88155d7737fffff
728,88155dad1bfffff
729,881559903bfffff
730,8815598e39fffff
731,88155d214dfffff
732,88154a5659fffff
733,8815582f4dfffff
734,881558a4b7fffff
735,8815583133fffff
736,88154ac1e1fffff
737,88154a4281fffff
738,881559d25bfffff
739,88155d6565fffff
740,881559d523fffff
741,88154ad96dfffff
742,88155dac87fffff
743,8815598925fffff
744,881559ca45fffff
745,88155d70d7fffff
746,88155d2c67fffff
747,88155d2e99fffff
748,88155d2935fffff
749,88154ad961fffff
750,88155d66e3fffff
751,88155daec1fffff
752,88154ad9c3fffff
753,881559899dfffff
754,88155d2959fffff
755,88155d7225fffff
756,88155d32c9fffff
757,88154ac8d9fffff
758,88154a4321fffff
759,8815599983fffff
760,88154aca59fffff
761,8815582a9dfffff
762,88154ada03fffff
763,88155d2587fffff
764,88155d60bbfffff
765,88154accebfffff
766,881558ad51fffff
767,88155d09d1fffff
768,88155d69e1fffff
769,8815583699fffff
770,88154ac201fffff
771,88155d3829fffff
772,88154a58ddfffff
773,881559d099fffff
774,88155dadddfffff
775,8815582123fffff
776,88155986ddfffff
777,88155d68c5fffff
778,881559d2e1fffff
779,88155d2729fffff
780,88155822a1fffff
781,88154a42d5fffff
782,88155d46b7fffff
783,88155990a7fffff
784,88154a51a5fffff
785,881559d403fffff
786,8815582001fffff
787,88155d6519fffff
788,88154a5833fffff
789,8815582f53fffff
790,8815599181fffff
791,88154ac8b5fffff
792,88154a4ae5fffff
793,88154a5ac7fffff
794,881558231bfffff
795,881559d035fffff
796,8815583013fffff
797,88155836bdfffff
798,88155831c5fffff
799,88155d6309fffff
800,88155d0f65fffff
801,881559d0edfffff
802,88155d620bfffff
803,88154acd37fffff
804,88155d6609fffff
805,8815599999fffff
806,88155d26b1fffff
807,88154a4353fffff
808,881559d71dfffff
809,88155d246bfffff
810,88155994d3fffff
811,88155d260bfffff
812,88155d6115fffff
813,88155994ebfffff
814,88154a5aadfffff
815,8815583aa1fffff
816,88155d2599fffff
817,8815598713fffff
818,88155d7a0bfffff
819,88155989ebfffff
820,88154ada8bfffff
821,88155d4e93fffff
822,881558a48bfffff
823,88155d75c1fffff
824,88155d60cdfffff
825,88154a571dfffff
826,881559b34dfffff
827,88155d44a9fffff
828,88155d7243fffff
829,881558203bfffff
830,88155d0e07fffff
831,88154ace17fffff
832,88154ac1abfffff
833,88155d7899fffff
834,88155d6d15fffff
835,88155d252bfffff
836,88155d0cd1fffff
837,881559d64dfffff
838,8815582e47fffff
839,8815598eebfffff
840,8815598c5bfffff
841,88155d204dfffff
842,88155d375bfffff
843,881558340bfffff
844,88154ad807fffff
845,881559888dfffff
846,88155d6dbdfffff
847,88154a551dfffff
848,8815583411fffff
849,88155d395dfffff
850,88154acd99fffff
851,8815598341fffff
852,88154a4b43fffff
853,88154ac31dfffff
854,881559d1abfffff
855,88155992c5fffff
856,881559884bfffff
857,88155d2db3fffff
858,88155d752dfffff
859,88155d7ac1fffff
860,88154adb11fffff
861,88155da9d1fffff
862,88155d6d61fffff
863,88155d3497fffff
864,88155da467fffff
865,881559dabdfffff
866,88155daed9fffff
867,88155dac89fffff
868,8815582e05fffff
869,88155d3463fffff
870,88155d7005fffff
871,88155da58dfffff
872,88155d2a45fffff
873,88155d755bfffff
874,881559d22dfffff
875,881559d4c9fffff
876,881559914bfffff
877,8815599b1dfffff
878,88155d2927fffff
879,88154a535dfffff
880,88154a4055fffff
881,88154acb11fffff
882,8815599195fffff
883,88154a410dfffff
884,88154aca0dfffff
885,88154a4803fffff
886,88155d7149fffff
887,88155d3419fffff
888,88155dac95fffff
889,88155d04e3fffff
890,881558ac55fffff
891,8815598b65fffff
892,88154a5209fffff
893,881559d74bfffff
894,88154a50dbfffff
895,88154ac141fffff
896,8815599603fffff
897,8815599293fffff
898,88155d3a27fffff
899,88155d3705fffff
900,88155dae25fffff
901,881558375dfffff
902,8815599849fffff
903,88154a5465fffff
904,88155d3869fffff
905,8815598f27fffff
906,881559d281fffff
907,88154ac969fffff
908,88155d0543fffff
909,88155d716dfffff
910,8815598ab5fffff
911,88155d665bfffff
912,88155d603dfffff
913,88155d2ea7fffff
914,881558374dfffff
915,88154a4959fffff
916,881559d853fffff
917,88155d0aa3fffff
918,88155831d3fffff
919,88155d3aebfffff
920,88155d05b5fffff
921,88155d2585fffff
922,88154ada37fffff
923,88155d0923fffff
924,88155988edfffff
925,88155834a3fffff
926,88155994edfffff
927,88155d6441fffff
928,88155d3a17fffff
929,88155dadd9fffff
930,88154ac005fffff
931,88155dac43fffff
932,88155985a5fffff
933,88155d3415fffff
934,88155dae43fffff
935,88155d775dfffff
936,88155d373dfffff
937,881558add5fffff
938,88155d252dfffff
939,8815598095fffff
940,88155da8d9fffff
941,88154ac2adfffff
942,88155d69d1fffff
943,8815598c8dfffff
944,88154ac90bfffff
945,88154ac817fffff
946,88154acc55fffff
947,88154ac357fffff
948,88154a5b65fffff
949,8815582543fffff
950,88154ada23fffff
951,88155985d9fffff
952,88155d2a0bfffff
953,881559db65fffff
954,88155d733bfffff
955,8815583ab5fffff
956,8815583517fffff
957,88155d283dfffff
958,88155d29a3fffff
959,88155d6957fffff
960,881559d14dfffff
961,88155daab3fffff
962,88155d46a3fffff
963,88155d2717fffff
964,88155da433fffff
965,88155d7191fffff
966,88154acb6bfffff
967,881559d545fffff
968,88155d0595fffff
969,88155834a9fffff
970,88155d7ad3fffff
971,88155d2317fffff
972,88155d2f6bfffff
973,88155d3631fffff
974,88155d776dfffff
975,88155d6651fffff
976,88154a4705fffff
977,88155d0d4dfffff
978,88155d0531fffff
979,88154acee1fffff
980,88155daed7fffff
981,88155d0427fffff
982,88154ad9ebfffff
983,88155d7029fffff
984,881559135dfffff
985,88154a4a53fffff
986,88155d6dc1fffff
987,881559c365fffff
988,881559daa5fffff
989,88155d391bfffff
990,88155d2f29fffff
991,88155d0d6dfffff
992,88155d6a81fffff
993,88154a4245fffff
994,88155d6299fffff
995,881559920dfffff
996,8815598e67fffff
997,88155d2e25fffff
998,88155d64ddfffff
999,881559d713fffff
1000,8815583099fffff
1001,88155d24e5fffff
1002,88155d6e65fffff
1003,88155d3989fffff
1004,8815599083fffff
1005,881559c04dfffff
1006,88155d705dfffff
1007,881559db17fffff
1008,88154a5105fffff
1009,881558a697fffff
1010,8815583a1bfffff
1011,881559c2e5fffff
1012,88155d2e9dfffff
1013,88155d348bfffff
1014,8815583585fffff
1015,88155d60ebfffff
1016,881559d183fffff
1017,88154ad8d9fffff
1018,88154a4115fffff
1019,8815598765fffff
1020,88154a5a3dfffff
1021,881558218dfffff
1022,881559c25bfffff
1023,88155d6a85fffff
1024,8815582033fffff
1025,88155d72b7fffff
1026,88155da597fffff
1027,8815598b1dfffff
1028,88155995a3fffff
1029,8815599aa3fffff
1030,88154a4769fffff
1031,8815599559fffff
1032,88154ad835fffff
1033,88155d08e5fffff
1034,88155d7a17fffff
1035,88154ac069fffff
1036,88155d7a47fffff
1037,881559c15bfffff
1038,88155d344bfffff
1039,88155836edfffff
1040,88155d2d17fffff
1041,88155d2a93fffff
1042,881559d70dfffff
1043,88155d7715fffff
1044,881559d45dfffff
1045,881559ba25fffff
1046,88155d3329fffff
1047,88155d0f57fffff
1048,88154acf65fffff
1049,88154acf39fffff
1050,88155da6e9fffff
1051,88155d7409fffff
1052,88154a4939fffff
1053,881559d323fffff
1054,8815598185fffff
1055,88155992d9fffff
1056,8815598f57fffff
1057,881559b367fffff
1058,881559cb53fffff
1059,8815598591fffff
1060,88154adb31fffff
1061,88155d363dfffff
1062,8815598e89fffff
1063,88154a494bfffff
1064,88155989bbfffff
1065,88154a55ebfffff
1066,881559d2adfffff
1067,88155d74c1fffff
1068,88154ad935fffff
1069,88154ac8abfffff
1070,88155dacedfffff
1071,88154a51e1fffff
1072,88154acb43fffff
1073,88155d2989fffff
1074,8815599655fffff
1075,8815599991fffff
1076,88155da717fffff
1077,881559b863fffff
1078,88155d203dfffff
1079,881558ad9dfffff
1080,88154ac007fffff
1081,88155d2a17fffff
1082,88155da4a3fffff
1083,88154a4045fffff
1084,88155d0403fffff
1085,88155d6abdfffff
1086,8815598929fffff
1087,88154ac251fffff
1088,88154a41c3fffff
1089,88155d7621fffff
1090,88155da5e9fffff
1091,88155821ddfffff
1092,88155d70e5fffff
1093,88155d2dd3fffff
1094,88154ac32bfffff
1095,88154ac851fffff
1096,88155d6351fffff
1097,88155d62abfffff
1098,88155d0e0bfffff
1099,88154ac8e3fffff
1100,88155d0953fffff
1101,88155d2813fffff
1102,88155999d7fffff
1103,88155988e1fffff
1104,88155daedbfffff
1105,88155d24d1fffff
1106,881558ac93fffff
1107,88155d081dfffff
1108,88155d0d3dfffff
1109,88155d2e53fffff
1110,881559c063fffff
1111,88155d2961fffff
1112,881559d52bfffff
1113,88155d6155fffff
1114,88155dadedfffff
1115,88155d231dfffff
1116,88155d3489fffff
1117,88155d2b49fffff
1118,8815582e63fffff
1119,88154a5acbfffff
1120,88155d66d7fffff
1121,8815598eb7fffff
1122,88154ac805fffff
1123,88155d0dc7fffff
1124,881558365dfffff
1125,881559990bfffff
1126,88155d68c1fffff
1127,88155d7903fffff
1128,88154a5649fffff
1129,8815583757fffff
1130,88155d6327fffff
1131,88154acd5dfffff
1132,88155d72d5fffff
1133,88155d7215fffff
1134,88154ada49fffff
1135,88155d61d1fffff
1136,88154a5011fffff
1137,88155d2455fffff
1138,8815583645fffff
1139,88155d7163fffff
1140,88155d7517fffff
1141,88155991cdfffff
1142,88155d2859fffff
1143,88155d71cbfffff
1144,88155996d3fffff
1145,88155d371bfffff
1146,8815598d11fffff
1147,88155d29d5fffff
1148,88155dadc7fffff
1149,88155d2485fffff
1150,88155dacc3fffff
1151,88155994a3fffff
1152,8815599423fffff
1153,88154acd95fffff
1154,8815598069fffff
1155,881559999bfffff
1156,88155d6b39fffff
1157,88155d7a41fffff
1158,88155d7201fffff
1159,88155d24c3fffff
1160,8815583089fffff
1161,88154a485dfffff
1162,88155d3223fffff
1163,88155d08c1fffff
1164,88155d0539fffff
1165,8815599b39fffff
1166,881559d4e5fffff
1167,88155d09d3fffff
1168,881559dad5fffff
1169,88154aca4dfffff
1170,88154ad037fffff
1171,88154accb9fffff
1172,88155821cbfffff
1173,88155d09a9fffff
1174,88155d36adfffff
1175,8815598105fffff
1176,8815599b33fffff
1177,881559d005fffff
1178,88155d6687fffff
1179,88155d264dfffff
1180,88155981e7fffff
1181,88155831abfffff
1182,88154a523bfffff
1183,881559c22bfffff
1184,88155d3683fffff
1185,8815598985fffff
1186,8815583019fffff
1187,8815598047fffff
1188,8815583a9bfffff
1189,88155988b3fffff
1190,88155d2907fffff
1191,88155d7985fffff
1192,88155d6d49fffff
1193,88155d04d7fffff
1194,881558a4e5fffff
1195,88154ac90dfffff
1196,8815599933fffff
1197,88155d26e7fffff
1198,88155d7aa9fffff
1199,8815598d0dfffff
1200,88155d3659fffff
1201,8815598187fffff
1202,881559ca63fffff
1203,881559c325fffff
1204,881559c253fffff
1205,88155d6d47fffff
1206,8815599831fffff
1207,88155d39b5fffff
1208,881559b349fffff
1209,88154accd5fffff
1210,88155d2837fffff
1211,88154a5061fffff
1212,881559b9e3fffff
1213,88154acf45fffff
1214,881559d10dfffff
1215,88155d62b5fffff
1216,881558a591fffff
1217,88155996cbfffff
1218,88155d2807fffff
1219,88155d05c7fffff
1220,88155994a7fffff
1221,88155981bbfffff
1222,88155d3541fffff
1223,88154a59c7fffff
1224,88154a52bdfffff
1225,8815598661fffff
1226,88154a486dfffff
1227,88155d35b1fffff
1228,881559c361fffff
1229,88155d7751fffff
1230,88155d2e07fffff
1231,88155d66a1fffff
1232,881559d721fffff
1233,88154ada89fffff
1234,88155d0f1dfffff
1235,88154a5215fffff
1236,88155d4535fffff
1237,8815582f49fffff
1238,881559d6bbfffff
1239,88155d62edfffff
1240,8815598231fffff
1241,88154ad947fffff
1242,8815599591fffff
1243,88155d71ddfffff
1244,8815599513fffff
1245,88154ada9bfffff
1246,88154acf3bfffff
1247,88155d6735fffff
1248,8815598217fffff
1249,881559934bfffff
1250,88155d6325fffff
1251,8815582245fffff
1252,88155d295bfffff
1253,88154ac247fffff
1254,881559d319fffff
1255,88154a59c1fffff
1256,881559c235fffff
1257,8815599a31fffff
1258,88155d2c91fffff
1259,88155d2b39fffff
1260,881559912dfffff
1261,8815598b33fffff
1262,881559d2abfffff
1263,8815599121fffff
1264,88155d09c7fffff
1265,88155d7563fffff
1266,88155d38e3fffff
1267,88155d0f33fffff
1268,88155d45ddfffff
1269,88154adb53fffff
1270,88155d6ab9fffff
1271,88154a5a93fffff
1272,8815598517fffff
1273,881559918dfffff
1274,88155d634bfffff
1275,881559d857fffff
1276,88155990d1fffff
1277,88155d3b49fffff
1278,881559834dfffff
1279,88155d2235fffff
1280,88154ace65fffff
1281,88155d6e81fffff
1282,88155d3505fffff
1283,8815599095fffff
1284,88155d2985fffff
1285,881559d763fffff
1286,88155d32edfffff
1287,8815599861fffff
1288,881558aed5fffff
1289,88155d718bfffff
1290,88154ad965fffff
1291,88155d7759fffff
1292,881559833bfffff
1293,88155d61e9fffff
1294,88155d64d7fffff
1295,88155d64ebfffff
1296,8815582621fffff
1297,88155d6939fffff
1298,8815582205fffff
1299,88155d32d3fffff
1300,88155d31b3fffff
1301,88155984adfffff
1302,881558ad9bfffff
1303,88155d0d51fffff
1304,88155d30d7fffff
1305,88155d262bfffff
1306,88155831b3fffff
1307,88155d7333fffff
1308,88155d714dfffff
1309,8815583613fffff
1310,881559c06bfffff
1311,88155d0c37fffff
1312,881558acb1fffff
1313,88155d6483fffff
1314,88155d06ebfffff
1315,881559d185fffff
1316,88155daab5fffff
1317,881559d009fffff
1318,88155d69c7fffff
1319,88154acdd7fffff
1320,881559814dfffff
1321,88155d30d5fffff
1322,88155821c7fffff
1323,88155d32ebfffff
1324,88155d22bdfffff
1325,88155d66e7fffff
1326,88155d7a65fffff
1327,881559858bfffff
1328,881559bb21fffff
1329,8815599851fffff
1330,88155985bbfffff
1331,88154ac0b1fffff
1332,88155820e3fffff
1333,8815583231fffff
1334,881558362bfffff
1335,88154a59cbfffff
1336,88155d295dfffff
1337,8815598955fffff
1338,88155d6d31fffff
1339,88155d75d5fffff
1340,88155835dbfffff
1341,881559902dfffff
1342,88155d7091fffff
1343,88155d4685fffff
1344,88155d2c61fffff
1345,88154ac169fffff
1346,88155d79c5fffff
1347,88155d3153fffff
1348,8815599a19fffff
1349,8815591265fffff
1350,88155d34c3fffff
1351,88155d3103fffff
1352,88155d65e7fffff
1353,88155985cbfffff
1354,88155d643bfffff
1355,881559db6bfffff
1356,88155d72c7fffff
1357,88155989cbfffff
1358,88155d31cbfffff
1359,88154acee3fffff
1360,88155d72e7fffff
1361,881558ad83fffff
1362,88155da733fffff
1363,88155838cbfffff
1364,881559d413fffff
1365,88155d3109fffff
1366,88155d6a15fffff
1367,88155d689dfffff
1368,88154ad983fffff
1369,881558206dfffff
1370,88155d61e3fffff
1371,88155992adfffff
1372,88154ad1adfffff
1373,88155d212bfffff
1374,8815598b03fffff
1375,88154a4b51fffff
1376,88154a5915fffff
1377,88155d7a8dfffff
1378,8815583723fffff
1379,88154ad9a1fffff
1380,88155d7739fffff
1381,881558ad15fffff
1382,88154a5737fffff
1383,88154acd5bfffff
1384,88154acd21fffff
1385,88154a5a09fffff
1386,88155d05adfffff
1387,88155d4607fffff
1388,88154a4317fffff
1389,88155d6c1bfffff
1390,88155da45bfffff
1391,88154ac113fffff
1392,881559d889fffff
1393,88155d0547fffff
1394,88155985adfffff
1395,881558ac97fffff
1396,881559d5cbfffff
1397,88154ad8c1fffff
1398,8815598b05fffff
1399,88155d746bfffff
1400,881559c96bfffff
1401,8815583145fffff
1402,88155d6cb7fffff
1403,88155d3947fffff
1404,88155d7a05fffff
1405,88154ac9e9fffff
1406,88154ad967fffff
1407,8815598557fffff
1408,88155d3081fffff
1409,88155d0ce7fffff
1410,88154a414dfffff
1411,88155834adfffff
1412,881558adc1fffff
1413,88154a5941fffff
1414,88155d0545fffff
1415,88154a41c1fffff
1416,88154ac30bfffff
1417,88155d4e13fffff
1418,88155d7a69fffff
1419,8815599a2bfffff
1420,88154a431bfffff
1421,88155d202bfffff
1422,8815598e8dfffff
1423,8815599915fffff
1424,88155d786bfffff
1425,88154acb27fffff
1426,88155d0417fffff
1427,881558ae8dfffff
1428,88154a4949fffff
1429,881559da27fffff
1430,881558371bfffff
1431,88155d6c11fffff
1432,88154acf13fffff
1433,88155999b3fffff
1434,88155dae81fffff
1435,88155d7461fffff
1436,88155d38d1fffff
1437,881559d9c9fffff
1438,88155d60d3fffff
1439,88155986a1fffff
1440,88154ac157fffff
1441,88155d36d5fffff
1442,881558a4e7fffff
1443,88155d34e5fffff
1444,88155d29b7fffff
1445,88155d20c3fffff
1446,88154a5219fffff
1447,88155d3981fffff
1448,881559da51fffff
1449,88155d04d5fffff
1450,881559d181fffff
1451,881559906dfffff
1452,88154a4807fffff
1453,88155834b3fffff
1454,8815598c25fffff
1455,88155d2007fffff
1456,88155d0d0bfffff
1457,88155d68ebfffff
1458,8815599a25fffff
1459,8815598a93fffff
1460,8815598815fffff
1461,88155d2683fffff
1462,88155831dbfffff
1463,8815583717fffff
1464,88155d3b05fffff
1465,88155d0483fffff
1466,88155d0915fffff
1467,88155d2dedfffff
1468,881558ad87fffff
1469,8815598001fffff
1470,88155d6e2bfffff
1471,88154a5a11fffff
1472,88155d6805fffff
1473,88155d7535fffff
1474,88155d08b5fffff
1475,8815583709fffff
1476,88155d7865fffff
1477,88154a484bfffff
1478,88154a5167fffff
1479,881559d1b7fffff
1480,88155d68d9fffff
1481,8815582099fffff
1482,88155d60a9fffff
1483,88154a51b5fffff
1484,88155d3559fffff
1485,88155d3a59fffff
1486,881559da9dfffff
1487,88155d6d37fffff
1488,881559d4c7fffff
1489,881558acb9fffff
1490,88155d68b7fffff
1491,8815598f37fffff
1492,8815599323fffff
1493,88155980e5fffff
1494,881559bb1bfffff
1495,881559843bfffff
1496,88154a5557fffff
1497,881559994dfffff
1498,88155d2221fffff
1499,8815598809fffff
1500,88154acc5dfffff
1501,88155d2815fffff
1502,88155d283bfffff
1503,88155d2285fffff
1504,8815582229fffff
1505,881559d0d5fffff
1506,88155d3737fffff
1507,88155d0a83fffff
1508,88154ad1bbfffff
1509,881558ac39fffff
1510,88154a582bfffff
1511,881558a4adfffff
1512,88154acab5fffff
1513,881558a599fffff
1514,88155d2651fffff
1515,8815582213fffff
1516,88155d7417fffff
1517,88154ac1d7fffff
1518,88155da6a7fffff
1519,88155d6d97fffff
1520,88155d05d3fffff
1521,8815582467fffff
1522,881559d241fffff
1523,8815599abdfffff
1524,88154ac309fffff
1525,88155d68c9fffff
1526,88155d2db5fffff
1527,88155d0463fffff
1528,88154a5843fffff
1529,88155d0813fffff
1530,881558af37fffff
1531,88155d4e91fffff
1532,88155d7757fffff
1533,8815582267fffff
1534,88154a4b57fffff
1535,88155d35e7fffff
1536,88155d08d1fffff
1537,88154acc09fffff
1538,88155991a5fffff
1539,881559980bfffff
1540,88155d2ec9fffff
1541,88155d71edfffff
1542,88155d7a15fffff
1543,881559d90bfffff
1544,88155d0db7fffff
1545,88154a4a65fffff
1546,88155d7b3bfffff
1547,88155d3529fffff
1548,8815583807fffff
1549,881558318bfffff
1550,8815583a2bfffff
1551,88155da6abfffff
1552,88155d293bfffff
1553,88155d2445fffff
1554,88155d0835fffff
1555,88155d6d11fffff
1556,8815598345fffff
1557,8815598f23fffff
1558,881558acc5fffff
1559,88154a5211fffff
1560,881559886dfffff
1561,88155d74e1fffff
1562,88154a52dbfffff
1563,88154ace39fffff
1564,88155d043bfffff
1565,8815598c43fffff
1566,88155d2ad9fffff
1567,881558ad41fffff
1568,88155d3b27fffff
1569,88154a5531fffff
1570,88154a5741fffff
1571,8815598249fffff
1572,881559d061fffff
1573,88155d6d99fffff
1574,88155d04cbfffff
1575,88154a5325fffff
1576,88155d35a9fffff
1577,8815599815fffff
1578,88154ac039fffff
1579,88155d2545fffff
1580,88154a5255fffff
1581,88154adb41fffff
1582,88155d2ed5fffff
1583,88155d2d69fffff
1584,88154a5755fffff
1585,8815582087fffff
1586,8815599a27fffff
1587,88155994d9fffff
1588,8815598991fffff
1589,881559b821fffff
1590,88155d29e9fffff
1591,88155986c3fffff
1592,88155d2aebfffff
1593,88154ad8bbfffff
1594,881559d207fffff
1595,88155d705bfffff
1596,88154a5b47fffff
1597,88155da5e3fffff
1598,881559db6dfffff
1599,88155d75d1fffff
1600,88154a5a17fffff
1601,88155d39ddfffff
1602,8815598451fffff
1603,881558343dfffff
1604,88155d306bfffff
1605,881559daebfffff
1606,88155d21c5fffff
1607,88155da541fffff
1608,881558232bfffff
1609,881558340dfffff
1610,88155d68d5fffff
1611,88154acdb7fffff
1612,881559b959fffff
1613,881559d153fffff
1614,881559b9c3fffff
1615,88154ac213fffff
1616,88154a4755fffff
1617,88155d441bfffff
1618,88155d2239fffff
1619,881558306dfffff
1620,88155da6c7fffff
1621,8815598859fffff
1622,8815599407fffff
1623,8815599351fffff
1624,881559d285fffff
1625,8815599ad5fffff
1626,88155da595fffff
1627,8815598a89fffff
1628,88155d774dfffff
1629,88155d60ddfffff
1630,8815599429fffff
1631,8815591247fffff
1632,88155d6ca3fffff
1633,88154a59c5fffff
1634,88155d70a7fffff
1635,881559860dfffff
1636,8815582665fffff
1637,881559bb6bfffff
1638,881558a695fffff
1639,881559d135fffff
1640,88155d2e65fffff
1641,881559d823fffff
1642,881559dae9fffff
1643,88154adb43fffff
1644,88154acc21fffff
1645,88155d2d65fffff
1646,8815583591fffff
1647,8815599a65fffff
1648,8815598163fffff
1649,881559ba49fffff
1650,88154a4b05fffff
1651,8815599949fffff
1652,88155d6937fffff
1653,8815598b4dfffff
1654,88154a50d7fffff
1655,88155d3619fffff
1656,881559982dfffff
1657,881559d8a9fffff
1658,881559d495fffff
1659,8815599029fffff
1660,88154a4701fffff
1661,88155d0887fffff
1662,88155d28d9fffff
1663,88155d7265fffff
1664,8815598447fffff
1665,88154a5937fffff
1666,88154a42e3fffff
1667,881559d913fffff
1668,88155d3b59fffff
1669,88155d3567fffff
1670,8815599425fffff
1671,881559d553fffff
1672,88154a4117fffff
1673,88155984e5fffff
1674,88155d7b3dfffff
1675,88155d2149fffff
1676,8815583295fffff
1677,88155d2cc9fffff
1678,88155d7095fffff
1679,88154a436dfffff
1680,88155d2eb3fffff
1681,88155d382bfffff
1682,8815599169fffff
1683,88155dad43fffff
1684,88155990c3fffff
1685,88155d744bfffff
1686,88155d6c17fffff
1687,881559d429fffff
1688,88155d7a83fffff
1689,8815598543fffff
1690,8815598b61fffff
1691,88155d2d1bfffff
1692,881559d269fffff
1693,8815598853fffff
1694,88154a5841fffff
1695,8815599629fffff
1696,88155da5b3fffff
1697,88155daf6dfffff
1698,88155d29ebfffff
1699,88155d051bfffff
1700,88155d2d57fffff
1701,88155da6b7fffff
1702,88155d4423fffff
1703,88154a55e9fffff
1704,88154a4a1dfffff
1705,88155820dbfffff
1706,88155d7235fffff
1707,881559832bfffff
1708,88154ac2e1fffff
1709,88155d6f0bfffff
1710,88154a5563fffff
1711,88155d2e6bfffff
1712,88155d61b1fffff
1713,88155d2f23fffff
1714,881559829dfffff
1715,88155d388bfffff
1716,88155d34d9fffff
1717,88154accbbfffff
1718,88154ad98dfffff
1719,881558ad09fffff
1720,88154a575dfffff
1721,88155d7653fffff
1722,88155d359dfffff
1723,881559d439fffff
1724,88155995b3fffff
1725,8815598263fffff
1726,88154ad9e9fffff
1727,88155822d9fffff
1728,881559d289fffff
1729,88155d74bdfffff
1730,88155d4587fffff
1731,88155da983fffff
1732,88155d248dfffff
1733,88155d71c9fffff
1734,88155d7733fffff
1735,88155d21cbfffff
1736,88154a554dfffff
1737,88154a424dfffff
1738,8815599005fffff
1739,88155d3a91fffff
1740,88155d7a37fffff
1741,881559849bfffff
1742,881559806dfffff
1743,88155d78b7fffff
1744,8815582acdfffff
1745,881559d699fffff
1746,88155835a9fffff
1747,881559ba41fffff
1748,88155d6415fffff
1749,88154ac191fffff
1750,88154a4339fffff
1751,88155d2cb1fffff
1752,881559d9cbfffff
1753,88154ac8e1fffff
1754,88155d6665fffff
1755,881559b85dfffff
1756,88154a5507fffff
1757,88155d45e9fffff
1758,8815583041fffff
1759,88155d08d9fffff
1760,88155d0435fffff
1761,88155dae61fffff
1762,8815598539fffff
1763,881559c36dfffff
1764,881559d923fffff
1765,8815582349fffff
1766,8815582295fffff
1767,88155d702dfffff
1768,881559d047fffff
1769,88154ac18bfffff
1770,8815582f0bfffff
1771,88155d660dfffff
1772,8815583169fffff
1773,8815598cb9fffff
1774,8815582035fffff
1775,88155990a5fffff
1776,881559d507fffff
1777,88155d0dcbfffff
1778,88155d6c2dfffff
1779,88155835e7fffff
1780,88155d0467fffff
1781,88155d09e5fffff
1782,88155d66b5fffff
1783,88155d3b29fffff
1784,8815599a0bfffff
1785,88154adad1fffff
1786,881559da4bfffff
1787,88155dad49fffff
1788,8815598663fffff
1789,88155d62c9fffff
1790,88155daee1fffff
1791,88155d74d1fffff
1792,88154acc57fffff
1793,88154a4aebfffff
1794,88155d2049fffff
1795,88154a55e1fffff
1796,88155d76ddfffff
1797,88155822e7fffff
1798,881558342dfffff
1799,88155988d1fffff
1800,88155d6e6bfffff
1801,88154a5aa3fffff
1802,881559d4e3fffff
1803,88155dac97fffff
1804,88155d4409fffff
1805,88154ac85bfffff
1806,88155d0debfffff
1807,88155daf47fffff
1808,88155d750dfffff
1809,881559d363fffff
1810,88154ad897fffff
1811,881559d5d5fffff
1812,88155d6541fffff
1813,8815583ac9fffff
1814,88155da6a1fffff
1815,88155d7a63fffff
1816,881559d72dfffff
1817,88154ac8d3fffff
1818,88155d3267fffff
1819,88155daf53fffff
1820,88155dac21fffff
1821,88155980a7fffff
1822,88155d2dc1fffff
1823,88155d39c1fffff
1824,881559d767fffff
1825,881559c23bfffff
1826,88155d052bfffff
1827,8815583181fffff
1828,88155d7ac7fffff
1829,881558226bfffff
1830,88155da6c5fffff
1831,88155da8c9fffff
1832,88154ac943fffff
1833,88155d284dfffff
1834,88155d3807fffff
1835,88155d0c21fffff
1836,88155982c7fffff
1837,88155d2715fffff
1838,88155d7403fffff
1839,88155820bdfffff
1840,881559d133fffff
1841,88154ac8b7fffff
1842,88155d31c1fffff
1843,88155d2033fffff
1844,88154a4703fffff
1845,8815599597fffff
1846,881558adc9fffff
1847,88155d6d83fffff
1848,8815599059fffff
1849,88155d08b7fffff
1850,881559d96dfffff
1851,88154acd49fffff
1852,88155d2109fffff
1853,88155d3401fffff
1854,88155d24c9fffff
1855,88155998c3fffff
1856,8815582e5bfffff
1857,881558aeabfffff
1858,8815599601fffff
1859,88155d35b3fffff
1860,8815598d6dfffff
1861,88155d7a23fffff
1862,881559b9c9fffff
1863,88155d2515fffff
1864,88154a5019fffff
1865,88155d60b7fffff
1866,881559db57fffff
1867,881559d83bfffff
1868,88155d6117fffff
1869,8815583767fffff
1870,8815599a57fffff
1871,8815583751fffff
1872,88155d2db9fffff
1873,88155d34cbfffff
1874,8815599833fffff
1875,881559d895fffff
1876,88155d3acbfffff
1877,88155831a9fffff
1878,8815583509fffff
1879,88155d2ac7fffff
1880,88155d7805fffff
1881,8815582039fffff
1882,881559d559fffff
1883,88154ac869fffff
1884,881559d93dfffff
1885,88155d45dbfffff
1886,8815599315fffff
1887,88155d716bfffff
1888,88155820a5fffff
1889,88154a518dfffff
1890,88154ad989fffff
1891,88155d2525fffff
1892,88155d71bbfffff
1893,88155d345bfffff
1894,88155820adfffff
1895,881558a4bbfffff
1896,88154ac085fffff
1897,881559db01fffff
1898,88155d296dfffff
1899,88155d2497fffff
1900,881559da37fffff
1901,88155da8a7fffff
1902,88155836adfffff
1903,8815598197fffff
1904,88155d3817fffff
1905,88155d6a27fffff
1906,88155d0dedfffff
1907,88155da6bdfffff
1908,8815598a47fffff
1909,8815598b63fffff
1910,88155d4455fffff
1911,88155d7699fffff
1912,88155d65a7fffff
1913,8815583021fffff
1914,8815583a97fffff
1915,88155d6807fffff
1916,881559959dfffff
1917,88155d4523fffff
1918,881558a6dbfffff
1919,88155d38c9fffff
1920,881559c061fffff
1921,88155d7801fffff
1922,88154ace03fffff
1923,881559898dfffff
1924,88155d6c97fffff
1925,881559bb15fffff
1926,881559d237fffff
1927,88155d6045fffff
1928,88155830e3fffff
1929,88155996c3fffff
1930,8815583539fffff
1931,88155d6457fffff
1932,88155d7533fffff
1933,88154ac121fffff
1934,88154ac939fffff
1935,88155d2a55fffff
1936,88155d3a19fffff
1937,88155d24c5fffff
1938,88155d2803fffff
1939,88155d7587fffff
1940,8815583207fffff
1941,881559da43fffff
1942,8815598a49fffff
1943,88154a42e5fffff
1944,88155d28adfffff
1945,88155d36c3fffff
1946,8815582ac9fffff
1947,881558375bfffff
1948,88155d3633fffff
1949,88155d28a3fffff
1950,881559c267fffff
1951,88155d7323fffff
1952,881559c305fffff
1953,88155d64e9fffff
1954,88155836c9fffff
1955,88154a50a7fffff
1956,881559b84dfffff
1957,88154a584dfffff
1958,8815582111fffff
1959,88155d7113fffff
1960,88155d7261fffff
1961,88155d31e9fffff
1962,88154ad91dfffff
1963,8815583809fffff
1964,881559c02dfffff
1965,88155d78e9fffff
1966,88154a511dfffff
1967,88155d2295fffff
1968,88155d29bdfffff
1969,88155d6825fffff
1970,88155d773bfffff
1971,881559d6bdfffff
1972,88154a55c7fffff
1973,88155d7709fffff
1974,88155d6ab5fffff
1975,88155d71e3fffff
1976,88155996d1fffff
1977,8815582297fffff
1978,8815599189fffff
1979,88155d2e97fffff
1980,88155da4bdfffff
1981,88154a4819fffff
1982,8815583057fffff
1983,88154a4255fffff
1984,88154a5303fffff
1985,88155995d1fffff
1986,88155d2915fffff
1987,88155d3b55fffff
1988,8815599a5bfffff
1989,88155d709bfffff
1990,88155d443dfffff
1991,881559b819fffff
1992,881558ad43fffff
1993,88154acea7fffff
1994,8815582239fffff
1995,88155836ebfffff
1996,88155d3747fffff
1997,88155999d1fffff
1998,881558a489fffff
1999,8815599145fffff
2000,88155d6869fffff
2001,88155d2601fffff
2002,881559c001fffff
2003,88154adb37fffff
2004,881558366dfffff
2005,88155d78e1fffff
2006,88155d6545fffff
2007,88155d7591fffff
2008,88155d0f59fffff
2009,8815598501fffff
2010,881559da47fffff
2011,881559894bfffff
2012,88155d0d23fffff
2013,88155832e9fffff
2014,881559d9ddfffff
2015,88155d6e2dfffff
2016,88154acae7fffff
2017,88154a49d3fffff
2018,88154acc8dfffff
2019,881559bb13fffff
2020,8815598ecdfffff
2021,8815599a91fffff
2022,88154a4727fffff
2023,88155d71b5fffff
2024,8815599201fffff
2025,88155d34ddfffff
2026,8815599707fffff
2027,88155d2c6dfffff
2028,88155d78abfffff
2029,881559da65fffff
2030,88154ac047fffff
2031,88154a4293fffff
2032,881559d619fffff
2033,88155d249dfffff
2034,88155d2531fffff
2035,881559b913fffff
2036,8815598099fffff
2037,8815598899fffff
2038,88154a5825fffff
2039,88155d4593fffff
2040,88155d3963fffff
2041,88155d2a37fffff
2042,88154ac02dfffff
2043,88155d7133fffff
2044,88155820e9fffff
2045,8815583293fffff
2046,88155d79a5fffff
2047,88155d25dbfffff
2048,88155d613bfffff
2049,8815598423fffff
2050,88155d0e5dfffff
2051,88155d7043fffff
2052,88155da8ebfffff
2053,881558349bfffff
2054,88155d61e1fffff
2055,8815582061fffff
2056,88155d2de1fffff
2057,88155d270bfffff
2058,88154a434bfffff
2059,88154a473bfffff
2060,88155daf69fffff
2061,88155d4505fffff
2062,88154ac8a3fffff
2063,881558a5a1fffff
2064,88155d2c9dfffff
2065,881559c145fffff
2066,88155d09b7fffff
2067,881559964dfffff
2068,88155d71e9fffff
2069,88155d44ebfffff
2070,8815582643fffff
2071,88155d4619fffff
2072,88155d3047fffff
2073,88154a4291fffff
2074,88154ac859fffff
2075,88155d0f19fffff
2076,881559d1c9fffff
2077,8815582f4bfffff
2078,88154ac945fffff
2079,88155981adfffff
2080,88155d30adfffff
2081,88154ac841fffff
2082,8815582f43fffff
2083,881558ad13fffff
2084,88155d2c6bfffff
2085,88154acccbfffff
2086,88155d75e5fffff
2087,88155d22b7fffff
2088,88154adb0bfffff
2089,88154ac8b3fffff
2090,88154ada65fffff
2091,88155d2ea9fffff
2092,88155d262dfffff
2093,88155d34a1fffff
2094,8815599951fffff
2095,881559d93bfffff
2096,88154a476dfffff
2097,88155d3739fffff
2098,88155d2113fffff
2099,88155834dbfffff
2100,88154acd23fffff
2101,8815599459fffff
2102,88154a5025fffff
2103,8815598c67fffff
2104,88154ac011fffff
2105,881559d2b1fffff
2106,88155da4c7fffff
2107,88155d6559fffff
2108,88154a5ab3fffff
2109,88155984a9fffff
2110,881558343bfffff
2111,88155d7027fffff
2112,88154acde1fffff
2113,88155d6ae3fffff
2114,88155d2611fffff
2115,88155da5cbfffff
2116,88155d6199fffff
2117,881559ca67fffff
2118,8815598153fffff
2119,88155d20ebfffff
2120,8815598285fffff
2121,8815598149fffff
2122,88154a5423fffff
2123,88155d75a1fffff
2124,881559bb47fffff
2125,8815599753fffff
2126,88155d2191fffff
2127,88155d200dfffff
2128,8815598551fffff
2129,88155d05b1fffff
2130,88155d789dfffff
2131,881559d745fffff
2132,88155998e5fffff
2133,88155d6985fffff
2134,88155d6033fffff
2135,88154a5963fffff
2136,881559d725fffff
2137,88155d222dfffff
2138,8815598651fffff
2139,8815599855fffff
2140,88155d636bfffff
2141,88155d61a5fffff
2142,88155d2561fffff
2143,88155d35e9fffff
2144,88155d3899fffff
2145,8815598437fffff
2146,8815582e5dfffff
2147,88154a55e7fffff
2148,881559cb2bfffff
2149,88155d04e1fffff
2150,88154a4aedfffff
2151,88154a4061fffff
2152,8815583143fffff
2153,88154adacdfffff
2154,881559d9a3fffff
2155,88155830edfffff
2156,8815583aa5fffff
2157,88155d0abbfffff
2158,8815599813fffff
2159,881559d761fffff
2160,88154ad9cbfffff
2161,88155d61c7fffff
2162,88155d653bfffff
2163,8815583859fffff
2164,88155d66cdfffff
2165,88155d665dfffff
2166,881559d337fffff
2167,881558a589fffff
2168,88155d7b1bfffff
2169,881559c96dfffff
2170,8815598c83fffff
2171,88155d7b69fffff
2172,881559d6ebfffff
2173,88154a4a47fffff
2174,88155d736bfffff
2175,8815583ae9fffff
2176,881558369bfffff
2177,88155992bbfffff
2178,88155dad0bfffff
2179,88155830a7fffff
2180,88155d733dfffff
2181,88155d6701fffff
2182,88155d7369fffff
2183,881559d0dbfffff
2184,88154ad8e3fffff
2185,881559930bfffff
2186,88154ad861fffff
2187,88155d625dfffff
2188,88154acd35fffff
2189,88155d7b19fffff
2190,88155d7103fffff
2191,88154ac9b3fffff
2192,88155d04c3fffff
2193,88155d2d31fffff
2194,88154acd45fffff
2195,881559d555fffff
2196,88155981a3fffff
2197,88154a562dfffff
2198,88154acc13fffff
2199,8815598635fffff
2200,88154a52a3fffff
2201,88155d78d3fffff
2202,88155d6285fffff
2203,881558af31fffff
2204,88155822c9fffff
2205,8815598951fffff
2206,88154a543dfffff
2207,881558354dfffff
2208,881559cb19fffff
2209,881559d121fffff
2210,881558209dfffff
2211,88155d78d5fffff
2212,881559d299fffff
2213,881559b809fffff
2214,881559800bfffff
2215,88155daf1bfffff
2216,88155d2d55fffff
2217,88155d2567fffff
2218,88155d31e5fffff
2219,88155d68e9fffff
2220,8815582051fffff
2221,8815598233fffff
2222,88155d2c33fffff
2223,88155d45d5fffff
2224,8815599801fffff
2225,8815598595fffff
2226,88155d4465fffff
2227,88155d64e3fffff
2228,88155d7233fffff
2229,88154ad969fffff
2230,88154a533bfffff
2231,88155d6f21fffff
2232,88155d0ee1fffff
2233,88155999a9fffff
2234,8815598659fffff
2235,88155d798bfffff
2236,88155985a9fffff
2237,881559d1e7fffff
2238,88154a4adbfffff
2239,88154a4901fffff
2240,88155d6f33fffff
2241,88155d2933fffff
2242,88155da46dfffff
2243,88155d6a57fffff
2244,88155d2a29fffff
2245,88155d0e6dfffff
2246,88154ad16dfffff
2247,88155da837fffff
2248,88154ace69fffff
2249,88154ada45fffff
2250,881559d815fffff
2251,88155838d9fffff
2252,8815599847fffff
2253,88155d46bbfffff
2254,881558adadfffff
2255,88155d2c21fffff
2256,88155d78b9fffff
2257,88155d6f03fffff
2258,881559d441fffff
2259,881559d52dfffff
2260,881559b36bfffff
2261,88155982c3fffff
2262,88155995d9fffff
2263,8815599697fffff
2264,88154a4869fffff
2265,88155d2ee1fffff
2266,8815583a89fffff
2267,88155da9e1fffff
2268,88155d2c19fffff
2269,88155da98dfffff
2270,88154a58ebfffff
2271,88154a413bfffff
2272,88155d372dfffff
2273,88155d2727fffff
2274,88155daf63fffff
2275,881559b951fffff
2276,88155d374bfffff
2277,881559d11bfffff
2278,88154a4a51fffff
2279,881559d6b1fffff
2280,88155d4427fffff
2281,8815598857fffff
2282,8815598a01fffff
2283,88155d39e1fffff
2284,88155838dbfffff
2285,88154acf0dfffff
2286,881559d831fffff
2287,88155834cbfffff
2288,88154acd6bfffff
2289,88154ad92bfffff
2290,8815598e25fffff
2291,88155d7627fffff
2292,8815599411fffff
2293,88155d45c1fffff
2294,88155d65a5fffff
2295,88155d2197fffff
2296,8815599023fffff
2297,881559c367fffff
2298,88155d69b5fffff
2299,881559d1c5fffff
2300,88155d2f4dfffff
2301,88155daf0bfffff
2302,881559bb25fffff
2303,881559d99bfffff
2304,881559da9bfffff
2305,88155d0d4bfffff
2306,881559da17fffff
2307,88154ac89bfffff
2308,88154a5517fffff
2309,88154a5293fffff
2310,88154a50e1fffff
2311,8815582015fffff
2312,88155dac31fffff
2313,88155d2521fffff
2314,88155d0eebfffff
2315,88155dad67fffff
2316,88155d6a89fffff
2317,88155d7353fffff
2318,88155d762bfffff
2319,88155995c1fffff
2320,88155d2263fffff
2321,88154acca9fffff
2322,88155d46d5fffff
2323,881559d819fffff
2324,88155d3151fffff
2325,88154a5581fffff
2326,881559bb09fffff
2327,8815598687fffff
2328,881559901bfffff
2329,88155d784bfffff
2330,88155d0e3bfffff
2331,88155996a9fffff
2332,8815598d45fffff
2333,881559c31bfffff
2334,88155d6a53fffff
2335,88155d3ab9fffff
2336,881559950dfffff
2337,88155da407fffff
2338,8815598c95fffff
2339,8815583095fffff
2340,88155d3363fffff
2341,8815583597fffff
2342,88154ac2a5fffff
2343,88155984a3fffff
2344,88154a5113fffff
2345,88155d768dfffff
2346,88155dad63fffff
2347,88154a4041fffff
2348,881559db5bfffff
2349,88155d6443fffff
2350,88155d45d7fffff
2351,8815598419fffff
2352,88154ac953fffff
2353,88155822e9fffff
2354,881559ba0dfffff
2355,88155d3881fffff
2356,88154ac96bfffff
2357,88155da59bfffff
2358,8815598117fffff
2359,88155d31cdfffff
2360,88155d7053fffff
2361,88155d31a9fffff
2362,881559881dfffff
2363,88154a5957fffff
2364,881558acbdfffff
2365,88155d7251fffff
2366,881559d729fffff
2367,881559969bfffff
2368,88154ac021fffff
2369,88155d674bfffff
2370,88155d4521fffff
2371,88155d30c9fffff
2372,88155d0cc9fffff
2373,881559d519fffff
2374,88155d21ddfffff
2375,88155d271bfffff
2376,88154ac013fffff
2377,881559d083fffff
2378,88155d2e8dfffff
2379,88154a4905fffff
2380,881559da23fffff
2381,88154adac1fffff
2382,8815598053fffff
2383,88154ada1bfffff
2384,88155d6551fffff
2385,88155d6e69fffff
2386,881558211dfffff
2387,8815599b15fffff
2388,88154a59d5fffff
2389,88154ac86bfffff
2390,88155831d9fffff
2391,88154ac94bfffff
2392,8815599b47fffff
2393,88155d2733fffff
2394,88154ad1d9fffff
2395,88154a4a1bfffff
2396,8815598aebfffff
2397,88155d6105fffff
2398,88155d6d87fffff
2399,88155d4589fffff
2400,881559da13fffff
2401,881559d21bfffff
2402,88154a58a9fffff
2403,8815598a99fffff
2404,881559d705fffff
2405,88154acd51fffff
2406,8815599759fffff
2407,88155d6663fffff
2408,88155d0095fffff
2409,88155da197fffff
2410,88155dac19fffff
2411,88154a4b21fffff
2412,88155d76b7fffff
2413,88154a5b0dfffff
2414,881559da29fffff
2415,881559db0dfffff
2416,8815599099fffff
2417,88154ad1cdfffff
2418,881559d9c7fffff
2419,88155d0dd7fffff
2420,88155da56dfffff
2421,88154acf4dfffff
2422,881559933bfffff
2423,88154a5541fffff
2424,8815598e65fffff
2425,881559da39fffff
2426,88155d3ae1fffff
2427,88155982a3fffff
2428,88155d2541fffff
2429,88155d201bfffff
2430,88154a192bfffff
2431,88154acc3dfffff
2432,8815598889fffff
2433,88154a5083fffff
2434,88155994a5fffff
2435,88155d4681fffff
2436,88155d6b37fffff
2437,88155d6ca7fffff
2438,88154a581dfffff
2439,8815599729fffff
2440,88155d2053fffff
2441,881559dacdfffff
2442,88155d2861fffff
2443,88154a428bfffff
2444,8815598355fffff
2445,88154ace41fffff
2446,88154acce5fffff
2447,8815582561fffff
2448,88155990a3fffff
2449,881558254bfffff
2450,88155d6727fffff
2451,88155d3519fffff
2452,88155d600bfffff
2453,88154ad9e1fffff
2454,88154ac259fffff
2455,88155d06d7fffff
2456,8815583607fffff
2457,88155835c9fffff
2458,88154ac305fffff
2459,88154a5729fffff
2460,881558ac47fffff
2461,88155d098bfffff
2462,88155d29c9fffff
2463,8815598ed1fffff
2464,88155d6223fffff
2465,88155d0e59fffff
2466,88154a58c9fffff
2467,881559d509fffff
2468,881559d755fffff
2469,88155da817fffff
2470,88154ac131fffff
2471,88154ad9ddfffff
2472,88155da9d5fffff
2473,881559ba33fffff
2474,88155d7217fffff
2475,88154a59d1fffff
2476,88154ad9a7fffff
2477,88155d20b1fffff
2478,88155982a9fffff
2479,881559b855fffff
2480,8815598767fffff
2481,881559da41fffff
2482,88155d69ebfffff
2483,88154ac025fffff
2484,881559844dfffff
2485,88154a5805fffff
2486,8815599313fffff
2487,8815599893fffff
2488,88155d2705fffff
2489,88155d0e8bfffff
2490,88155d09edfffff
2491,88155d7a99fffff
2492,88155d26bbfffff
2493,88154ad92dfffff
2494,88155d3411fffff
2495,88155d3661fffff
2496,88155d7995fffff
2497,88155d05a9fffff
2498,88155d6e8bfffff
2499,88155d65ddfffff
2500,88155d6dadfffff
2501,881559943bfffff
2502,88154a59c9fffff
2503,8815583493fffff
2504,88155998b3fffff
2505,88154acad7fffff
2506,88155d2801fffff
2507,881559d833fffff
2508,88155822a7fffff
2509,881559c245fffff
2510,88155d21a7fffff
2511,88155d7847fffff
2512,88155d2f55fffff
2513,88154a49d7fffff
2514,88154ac36dfffff
2515,88155d6193fffff
2516,88155996b5fffff
2517,88154a49bdfffff
2518,8815582049fffff
2519,88154a5b59fffff
2520,88155d6cedfffff
2521,88155d71a9fffff
2522,88155d3b3bfffff
2523,881559d151fffff
2524,88155999ebfffff
2525,88155d2de5fffff
2526,88155d6307fffff
2527,88154a5adbfffff
2528,88155d6f61fffff
2529,8815598e4dfffff
2530,88154ad1c1fffff
2531,88155d3911fffff
2532,8815598eb1fffff
2533,88155d2a65fffff
2534,88155d05b7fffff
2535,88154ac56dfffff
2536,88155989c3fffff
2537,88155d75a3fffff
2538,88155da49dfffff
2539,8815598027fffff
2540,88155d7a2bfffff
2541,88154a5865fffff
2542,881559d0c3fffff
2543,8815598ae5fffff
2544,8815598ad3fffff
2545,88154a4229fffff
2546,88154a5965fffff
2547,88154a5643fffff
2548,88154ada57fffff
2549,88155d38d9fffff
2550,88155d7583fffff
2551,88155d0515fffff
2552,88155d2665fffff
2553,88155d0c65fffff
2554,88154a49ddfffff
2555,881559b949fffff
2556,88155d2c57fffff
2557,88155da413fffff
2558,88155836c3fffff
2559,881559ba29fffff
2560,88155d60c3fffff
2561,88155d38d5fffff
2562,88155d6ed1fffff
2563,88155d736dfffff
2564,88154a5017fffff
2565,88154ac2e5fffff
2566,88154ac35bfffff
2567,881558ac4dfffff
2568,88154a5307fffff
2569,88155d3ae9fffff
2570,88155d6323fffff
2571,88154a4253fffff
2572,8815599237fffff
2573,88154aca6dfffff
2574,8815598033fffff
2575,88155d2d2dfffff
2576,88155d3287fffff
2577,88155d2cb7fffff
2578,88155d7127fffff
2579,88155981d5fffff
2580,88155d7a9bfffff
2581,8815598a53fffff
2582,88155d651bfffff
2583,881559876bfffff
2584,88155d728bfffff
2585,88155984a7fffff
2586,88154a5435fffff
2587,88155d6761fffff
2588,88155d7a95fffff
2589,88155d7829fffff
2590,88154a4a21fffff
2591,88154a52e5fffff
2592,881558addbfffff
2593,88155d0c51fffff
2594,88155d6d13fffff
2595,88155d2d11fffff
2596,881559ba5dfffff
2597,88154a50e7fffff
2598,88155d720bfffff
2599,88155d6a01fffff
2600,88155991c1fffff
2601,8815599919fffff
2602,88155d2a69fffff
2603,8815583107fffff
2604,88155d00b7fffff
2605,88155d69e7fffff
2606,88155d35e5fffff
2607,88154a4b39fffff
2608,881559da3bfffff
2609,88155991e7fffff
2610,88154a4ad7fffff
2611,88154a5901fffff
2612,881559d4d1fffff
2613,881559808bfffff
2614,881559d84bfffff
2615,88155986c1fffff
2616,88155d4467fffff
2617,88155da5a1fffff
2618,88155989d9fffff
2619,88155d3521fffff
2620,88155d7317fffff
2621,88155836c1fffff
2622,881559d8e5fffff
2623,88154acf19fffff
2624,88155dac0bfffff
2625,8815598081fffff
2626,88154ac999fffff
2627,88155d2cebfffff
2628,8815598ecbfffff
2629,881559942bfffff
2630,88155d6b3bfffff
2631,8815598a29fffff
2632,88154ac217fffff
2633,88155d05c1fffff
2634,8815583331fffff
2635,88155d698bfffff
2636,8815598147fffff
2637,88155d2c49fffff
2638,881558add7fffff
2639,88155d0e8dfffff
2640,88155d60edfffff
2641,88155d78d1fffff
2642,88155d0dd5fffff
2643,8815598a61fffff
2644,881558344bfffff
2645,88155d3883fffff
2646,88154ac835fffff
2647,8815599557fffff
2648,88155d2523fffff
2649,8815583689fffff
2650,881559d747fffff
2651,88154ac885fffff
2652,88154ac0b5fffff
2653,8815598011fffff
2654,88155d2217fffff
2655,88154a5709fffff
2656,8815582747fffff
2657,88154ad9b3fffff
2658,88155d75c7fffff
2659,88155d3525fffff
2660,88155d362bfffff
2661,88154ad9e7fffff
2662,88155d0d21fffff
2663,881559d331fffff
2664,8815583609fffff
2665,88154ad949fffff
2666,88155d7b01fffff
2667,88154a5299fffff
2668,88155d334dfffff
2669,88155d2dabfffff
2670,8815598cc3fffff
2671,88154a4023fffff
2672,8815598d4bfffff
2673,88154aca35fffff
2674,881559853dfffff
2675,88155984cdfffff
2676,88155d0d89fffff
2677,88155d3a05fffff
2678,88155da4e3fffff
2679,881559d085fffff
2680,88155d21d5fffff
2681,88155d7701fffff
2682,88154acb33fffff
2683,88155d4499fffff
2684,88154acda1fffff
2685,88155d6095fffff
2686,88154a55a3fffff
2687,88155d471bfffff
2688,88155998d9fffff
2689,88155d3aa9fffff
2690,88155d6e83fffff
2691,88155d44b1fffff
2692,881559da2bfffff
2693,88154a50bbfffff
2694,88155d46d3fffff
2695,88155d6861fffff
2696,8815598d15fffff
2697,88155d3a01fffff
2698,88155992a9fffff
2699,88154a4165fffff
2700,88155d6eabfffff
2701,8815599483fffff
2702,8815582769fffff
2703,88155d44a1fffff
2704,88154a505dfffff
2705,88155d2ee9fffff
2706,88155d0f39fffff
2707,88155d6591fffff
2708,881559d16dfffff
2709,88154ac03bfffff
2710,881559daddfffff
2711,88155d72e5fffff
2712,881558ac69fffff
2713,88155999a5fffff
2714,88154ad88dfffff
2715,88155d44adfffff
2716,88155d2d33fffff
2717,88154accadfffff
2718,88155d463dfffff
2719,88155d241dfffff
2720,88155da89bfffff
2721,88155d65d1fffff
2722,8815599413fffff
2723,8815598c9bfffff
2724,88155da42bfffff
2725,8815598563fffff
2726,88154a5753fffff
2727,88155d322dfffff
2728,88154a585bfffff
2729,88154ad845fffff
2730,8815598583fffff
2731,88155d4517fffff
2732,88155d7815fffff
2733,88154adb25fffff
2734,88155834a1fffff
2735,88155d383dfffff
2736,88155985cdfffff
2737,88155da435fffff
2738,88154ac08dfffff
2739,88155d6549fffff
2740,88155da9e9fffff
2741,88155dac49fffff
2742,881559d0a9fffff
2743,881559db35fffff
2744,88154ad963fffff
2745,88154acd93fffff
2746,88154acd15fffff
2747,88155d759bfffff
2748,881559db07fffff
2749,88155982b3fffff
2750,88155d34ebfffff
2751,88155820d5fffff
2752,881559d22bfffff
2753,88154a5845fffff
2754,88155d01b5fffff
2755,88155985a7fffff
2756,88155d7219fffff
2757,88154adb05fffff
2758,88155d70abfffff
2759,88155d3407fffff
2760,88154a4257fffff
2761,8815599a39fffff
2762,88155d6c33fffff
2763,88155d6641fffff
2764,88154ac06dfffff
2765,88155d6f4bfffff
2766,88154ac8d1fffff
2767,88154ac21dfffff
2768,88155990b3fffff
2769,88155daf2dfffff
2770,88154ac059fffff
2771,88155dacd9fffff
2772,88154ac335fffff
2773,88155d6b4bfffff
2774,88154a4915fffff
2775,8815598425fffff
2776,88155d0405fffff
2777,88155d39b1fffff
2778,881559872dfffff
2779,88155d32e7fffff
2780,8815599827fffff
2781,88155820e7fffff
2782,881558ac15fffff
2783,88155d3133fffff
2784,88154ad86bfffff
2785,881559b305fffff
2786,88155daf1dfffff
2787,8815582355fffff
2788,881559d4ebfffff
2789,88155d333dfffff
2790,88155d461bfffff
2791,881559ca25fffff
2792,88155d2631fffff
2793,881559921dfffff
2794,88155d0c39fffff
2795,88154a4917fffff
2796,88155994bbfffff
2797,88155d46e9fffff
2798,88154a5287fffff
2799,8815599ac9fffff
2800,88155d2c69fffff
2801,88155d691dfffff
2802,8815582a8bfffff
2803,8815582ac3fffff
2804,88155d72d9fffff
2805,88155d089dfffff
2806,88155d7055fffff
2807,881558276dfffff
2808,88155d7725fffff
2809,881559d255fffff
2810,88155dae31fffff
2811,88155d684bfffff
2812,88155d372bfffff
2813,881559b803fffff
2814,88155d3965fffff
2815,88154acd17fffff
2816,88155d6101fffff
2817,88154a5925fffff
2818,88155d6417fffff
2819,88155d2319fffff
2820,88155dae8dfffff
2821,88155d76e3fffff
2822,88155991b7fffff
2823,88154a5263fffff
2824,8815583ab9fffff
2825,88155d088bfffff
2826,88154ad023fffff
2827,88154ac1d5fffff
2828,881559963bfffff
2829,88155d3a3dfffff
2830,88155dad6bfffff
2831,88155d3741fffff
2832,88155984cbfffff
2833,88155830ebfffff
2834,88155d6321fffff
2835,88155991a9fffff
2836,88155d3693fffff
2837,8815598845fffff
2838,881559c327fffff
2839,88154a52d7fffff
2840,88155d2635fffff
2841,8815599045fffff
2842,88155d2753fffff
2843,8815583049fffff
2844,88155dac63fffff
2845,881559d263fffff
2846,88155d6da5fffff
2847,88155da5d1fffff
2848,881559916dfffff
2849,881559921bfffff
2850,88155da933fffff
2851,88155d2205fffff
2852,881559c219fffff
2853,88155d08a5fffff
2854,88154a5197fffff
2855,88155991d1fffff
2856,88155d7665fffff
2857,88154a5311fffff
2858,88155dae33fffff
2859,88155998ebfffff
2860,88155d685dfffff
2861,8815598057fffff
2862,8815599113fffff
2863,88155d6d9bfffff
2864,88155d082dfffff
2865,88155dad13fffff
2866,88154ad821fffff
2867,88155d6d51fffff
2868,88155d39abfffff
2869,88155d66e1fffff
2870,88155990a1fffff
2871,8815599899fffff
2872,88155da403fffff
2873,881559c2c9fffff
2874,881559d401fffff
2875,881559835dfffff
2876,88155da441fffff
2877,88154a51b1fffff
2878,88155d6915fffff
2879,88155d3523fffff
2880,8815598c99fffff
2881,88155990d3fffff
2882,881559b919fffff
2883,88155d22c9fffff
2884,88155d3117fffff
2885,88154a49c3fffff
2886,88155d3113fffff
2887,88155d0c45fffff
2888,88154a5989fffff
2889,88155d701bfffff
2890,881559db21fffff
2891,88155d2ed9fffff
2892,88155da4c5fffff
2893,88155d7197fffff
2894,88154a4709fffff
2895,8815582a93fffff
2896,88154a480bfffff
2897,88155d6161fffff
2898,8815598841fffff
2899,881558aca5fffff
2900,88155d6b57fffff
2901,88155d654dfffff
2902,88155d3503fffff
2903,88155d3995fffff
2904,88155830e1fffff
2905,88154acdd5fffff
2906,88155dae29fffff
2907,88155d2997fffff
2908,881559925dfffff
2909,88154acad9fffff
2910,88155d6e43fffff
2911,88155d62a3fffff
2912,8815582353fffff
2913,881559886bfffff
2914,88155d6dd3fffff
2915,881559861bfffff
2916,88155d450bfffff
2917,88154a4a0dfffff
2918,8815583743fffff
2919,88154a4129fffff
2920,881559d81bfffff
2921,88155980ddfffff
2922,881559ba37fffff
2923,88155d68a7fffff
2924,88155d05cbfffff
2925,88155d46b3fffff
2926,881559d8d7fffff
2927,881559c28dfffff
2928,88154ac9edfffff
2929,88155d06ddfffff
2930,88155d3831fffff
2931,881559806bfffff
2932,88154a5765fffff
2933,88154ac307fffff
2934,8815598b15fffff
2935,88155d3767fffff
2936,88155da5c9fffff
2937,88155d346dfffff
2938,881559d063fffff
2939,88155d201dfffff
2940,88155d2147fffff
2941,881559c237fffff
2942,88155da8e9fffff
2943,881559d0bbfffff
2944,881559d40dfffff
2945,88155dae01fffff
2946,88155d785bfffff
2947,881558231dfffff
2948,88154a5245fffff
2949,88155d21a3fffff
2950,8815599647fffff
2951,88155d2d85fffff
2952,88155da997fffff
2953,88155996adfffff
2954,88155d444dfffff
2955,88155d6cd1fffff
2956,88155d0dc9fffff
2957,88155d7697fffff
2958,881559d76dfffff
2959,881558348bfffff
2960,8815598599fffff
2961,8815599b0bfffff
2962,88155d6637fffff
2963,88155d7489fffff
2964,88155d6543fffff
2965,88155dae8bfffff
2966,8815598705fffff
2967,8815582131fffff
2968,88155d6507fffff
2969,88155d791bfffff
2970,88155d3261fffff
2971,88155d4581fffff
2972,88155d46c5fffff
2973,88155dae21fffff
2974,88155d092bfffff
2975,88154a593dfffff
2976,8815599953fffff
2977,88154acee9fffff
2978,881559c31dfffff
2979,88155d381dfffff
2980,88155d335dfffff
2981,88154a405bfffff
2982,88155d06a9fffff
2983,8815598403fffff
2984,88155d34b1fffff
2985,881558a5b7fffff
2986,8815598413fffff
2987,881559b369fffff
2988,881559d727fffff
2989,88155d0c29fffff
2990,88155d2095fffff
2991,8815583655fffff
2992,88155dad5bfffff
2993,88155822d7fffff
2994,881559d12bfffff
2995,88155daea3fffff
2996,88155d6b13fffff
2997,88154a502bfffff
2998,88155d308dfffff
2999,881558342bfffff
3000,881558ac53fffff
3001,8815599a97fffff
3002,88155d673bfffff
3003,88155d3069fffff
3004,8815582f41fffff
3005,8815598ab1fffff
3006,88155982cdfffff
3007,8815599ab7fffff
3008,881559d351fffff
3009,88155d331dfffff
3010,88155d2dd5fffff
3011,88154ac327fffff
3012,8815599553fffff
3013,881558353dfffff
3014,88154a4359fffff
3015,88154ac135fffff
3016,88155da6edfffff
3017,8815598067fffff
3018,88154a40cbfffff
3019,88155986e9fffff
3020,88154ac003fffff
3021,88154a554bfffff
3022,881558318dfffff
3023,88154a51abfffff
3024,88155d309bfffff
3025,88155d758dfffff
3026,88155d2e43fffff
3027,88154a5955fffff
3028,8815599065fffff
3029,88155d46e3fffff
3030,88154a4867fffff
3031,8815582f51fffff
3032,8815582e0bfffff
3033,88155d606dfffff
3034,881559d081fffff
3035,88155da73bfffff
3036,8815598043fffff
3037,88155d284bfffff
3038,88155d3141fffff
3039,88155d7121fffff
3040,88155da833fffff
3041,88155d24d3fffff
3042,881558a4d1fffff
3043,8815598769fffff
3044,88155d31bdfffff
3045,88155d7861fffff
3046,88155d04b5fffff
3047,88155d305bfffff
3048,881558361bfffff
3049,8815599683fffff
3050,88154ac2e7fffff
3051,88155d0d53fffff
3052,881559d06bfffff
3053,88155d61a3fffff
3054,88155d6329fffff
3055,88155d24abfffff
3056,88155d7035fffff
3057,881559d167fffff
3058,88155d70ebfffff
3059,8815582e6bfffff
3060,88155d2c95fffff
3061,88155d2ad7fffff
3062,88154a5883fffff
3063,88155984b5fffff
3064,881559d365fffff
3065,8815599111fffff
3066,88155d44d5fffff
3067,88154a4b59fffff
3068,88155d2c05fffff
3069,88155d38abfffff
3070,88155dadcdfffff
3071,881559951bfffff
3072,88155d69a9fffff
3073,88155d7933fffff
3074,88155d676bfffff
3075,8815599961fffff
3076,8815599a41fffff
3077,88155d3149fffff
3078,88155d0509fffff
3079,881558ac65fffff
3080,881559b94bfffff
3081,88155822b1fffff
3082,88155d24a9fffff
3083,881559d1b1fffff
3084,88155dadc3fffff
3085,881559d637fffff
3086,88155d7b53fffff
3087,88154a5967fffff
3088,88155d3905fffff
3089,88155dac3bfffff
3090,881558219bfffff
3091,8815598415fffff
3092,88155984d3fffff
3093,88154a575bfffff
3094,881559bb31fffff
3095,88155d2e85fffff
3096,88155dacadfffff
3097,88154a530dfffff
3098,88155dad11fffff
3099,88154acc39fffff
3100,88155d74b1fffff
3101,88155d7713fffff
3102,88154ac99bfffff
3103,881559846bfffff
3104,88155d22c3fffff
3105,88155d354dfffff
3106,88155d2083fffff
3107,8815599283fffff
3108,88155d0ca9fffff
3109,88155d39b3fffff
3110,88155da48dfffff
3111,881559d73dfffff
3112,8815599a69fffff
3113,881559d8adfffff
3114,881559ba07fffff
3115,88154acaebfffff
3116,88155d20a9fffff
3117,88155d2153fffff
3118,88155d2a1bfffff
3119,88155d7b41fffff
3120,88154ad839fffff
3121,8815598ed5fffff
3122,88154a4ac5fffff
3123,881558344dfffff
3124,8815582241fffff
3125,88155da5d3fffff
3126,88154a5195fffff
3127,881558319dfffff
3128,881559d5a9fffff
3129,88155da48bfffff
3130,8815598c51fffff
3131,88155d6dc5fffff
3132,88154a433bfffff
3133,88155d6729fffff
3134,881559d193fffff
3135,8815598055fffff
3136,88155daecdfffff
3137,88155831edfffff
3138,88155d7195fffff
3139,881559cb61fffff
3140,88155d0ddbfffff
3141,88155980cbfffff
3142,88155d7537fffff
3143,88155d2419fffff
3144,88155d699bfffff
3145,88154acf4bfffff
3146,88154ad803fffff
3147,881559d53dfffff
3148,88154ad931fffff
3149,881559909dfffff
3150,881559899bfffff
3151,88155d6ccbfffff
3152,88154adac7fffff
3153,88155d06b3fffff
3154,88154ad1ddfffff
3155,8815582285fffff
3156,88155d66d1fffff
3157,88155d711dfffff
3158,881558273dfffff
3159,88155d6035fffff
3160,88155d35a5fffff
3161,88155d7987fffff
3162,88155832d1fffff
3163,88155d2e95fffff
3164,88154ada4dfffff
3165,88155d0c49fffff
3166,881559d4d5fffff
3167,88155d45a3fffff
3168,88155d29edfffff
3169,88155d4443fffff
3170,88155d202dfffff
3171,88155d3145fffff
3172,88155d0425fffff
3173,88155992a7fffff
3174,88155d358bfffff
3175,881559d72bfffff
3176,88155d2543fffff
3177,881559d5c1fffff
3178,88155d29d7fffff
3179,88155d0833fffff
3180,881559d9c5fffff
3181,88155d2f69fffff
3182,881559929bfffff
3183,881559da85fffff
3184,881558a683fffff
3185,88154acad1fffff
3186,881559885bfffff
3187,88155d3365fffff
3188,88155d2e63fffff
3189,88154a5a05fffff
3190,88155d7585fffff
3191,881559d089fffff
3192,88154ad927fffff
3193,88155d3845fffff
3194,88155d3b17fffff
3195,88155d2409fffff
3196,8815599a45fffff
3197,88154ad857fffff
3198,88155d2e41fffff
3199,88155d2707fffff
3200,88155d2ae3fffff
3201,881559dab5fffff
3202,88155988dbfffff
3203,881559904bfffff
3204,8815599331fffff
3205,881559d19dfffff
3206,88155d274dfffff
3207,8815599b31fffff
3208,881558300bfffff
3209,88155d2607fffff
3210,8815583ae3fffff
3211,88155d4e99fffff
3212,88155d7763fffff
3213,88155d6b49fffff
3214,88155d0f1bfffff
3215,88155d7209fffff
3216,88154a5749fffff
3217,88155995b9fffff
3218,88154a5661fffff
3219,88155d2b1dfffff
3220,88154ac8e5fffff
3221,88155d710bfffff
3222,881559d623fffff
3223,88154a4813fffff
3224,8815598303fffff
3225,881559dad1fffff
3226,88154ac1bdfffff
3227,88155dadebfffff
3228,88154a482dfffff
3229,8815598137fffff
3230,88155d0c1bfffff
3231,881558a5a7fffff
3232,88155d0d33fffff
3233,8815598459fffff
3234,88155d0589fffff
3235,881559b807fffff
3236,88154ada91fffff
3237,88154a495dfffff
3238,88155d0cadfffff
3239,88155990e9fffff
3240,8815598d5bfffff
3241,881559d087fffff
3242,88155d75e9fffff
3243,88154a5223fffff
3244,88155d2931fffff
3245,881559da1bfffff
3246,8815598aa7fffff
3247,88155d0cb3fffff
3248,88155d0c53fffff
3249,88155d79b5fffff
3250,881559d0e7fffff
3251,88155d621bfffff
3252,88154ace33fffff
3253,88155d3107fffff
3254,8815599019fffff
3255,88155d32d1fffff
3256,88154a41c5fffff
3257,88155d3085fffff
3258,88154a5159fffff
3259,88154a1969fffff
3260,8815598089fffff
3261,88155da56bfffff
3262,88155daf41fffff
3263,88155d6dcbfffff
3264,8815599865fffff
3265,881559124bfffff
3266,88155d30b3fffff
3267,881559b823fffff
3268,8815598887fffff
3269,88154ac125fffff
3270,88154ad0a1fffff
3271,88155d742bfffff
3272,88154a41a1fffff
3273,88155989c7fffff
3274,88155da68dfffff
3275,88155821e1fffff
3276,88155d2e39fffff
3277,88155d2c87fffff
3278,88155d6817fffff
3279,88155821cdfffff
3280,88155d4497fffff
3281,881559d0b7fffff
3282,88154a4921fffff
3283,88155831b9fffff
3284,88154acaedfffff
3285,881558ac43fffff
3286,881558acd9fffff
3287,8815599989fffff
3288,881559d141fffff
3289,88154ad197fffff
3290,88155834d5fffff
3291,88155d3855fffff
3292,88155d7a4bfffff
3293,88155dacb9fffff
3294,88155d30e7fffff
3295,8815582e0dfffff
3296,88155d7497fffff
3297,88155dacebfffff
3298,881559d58dfffff
3299,881559d2e5fffff
3300,88155d608dfffff
3301,881559da87fffff
3302,88155d6987fffff
3303,88155da5b7fffff
3304,88155d0c19fffff
3305,88155d0de1fffff
3306,88155d3221fffff
3307,88154ad8d5fffff
3308,881558ac9dfffff
3309,88155d2d21fffff
3310,881559d465fffff
3311,88155d34cdfffff
3312,8815598981fffff
3313,88155d2c4dfffff
3314,88155d3863fffff
3315,88155dad23fffff
3316,88155d6335fffff
3317,88155d6acdfffff
3318,8815598657fffff
3319,88155d2d99fffff
3320,881559d1ddfffff
3321,881559d12dfffff
3322,88154ac909fffff
3323,88155d65e1fffff
3324,881559d663fffff
3325,8815598e29fffff
3326,8815599669fffff
3327,881558ac29fffff
3328,88155daa95fffff
3329,88155d6f39fffff
3330,8815583127fffff
3331,88154ad0e3fffff
3332,88154acf6dfffff
3333,881558acb3fffff
3334,88155d28e9fffff
3335,881559d631fffff
3336,88154a5099fffff
3337,881559946dfffff
3338,88155986e1fffff
3339,88155d6089fffff
3340,88155d2107fffff
3341,881559d46dfffff
3342,88155dae1bfffff
3343,8815598649fffff
3344,881558b6d9fffff
3345,8815598f51fffff
3346,8815583023fffff
3347,88155d2539fffff
3348,88155d469bfffff
3349,88154ad085fffff
3350,88155d2d91fffff
3351,8815583543fffff
3352,88155831e9fffff
3353,88155981e9fffff
3354,881558302bfffff
3355,88155d7351fffff
3356,88155d6a39fffff
3357,881559d9e5fffff
3358,88155d2c45fffff
3359,8815598199fffff
3360,88155d612dfffff
3361,88155dad9dfffff
3362,881558a58bfffff
3363,88155d62c5fffff
3364,881559d2ebfffff
3365,881559d481fffff
3366,881559ba63fffff
3367,88155d051dfffff
3368,88154a510bfffff
3369,88155d389bfffff
3370,88154aca53fffff
3371,88154ac029fffff
3372,88154ac349fffff
3373,88155d2ca3fffff
3374,8815583703fffff
3375,88154ac12bfffff
3376,88155d3707fffff
3377,88155d748bfffff
3378,88155d344dfffff
3379,88155996b3fffff
3380,88155d05d5fffff
3381,8815582255fffff
3382,881559d5dbfffff
3383,881559d567fffff
3384,88155d6da9fffff
3385,88155d6593fffff
3386,88155da6e1fffff
3387,88155d2937fffff
3388,88155d2d49fffff
3389,88155831c7fffff
3390,8815582f11fffff
3391,881558adedfffff
3392,8815582343fffff
3393,8815598ee1fffff
3394,88154ad8a9fffff
3395,88155988e7fffff
3396,88154ac997fffff
3397,8815599309fffff
3398,88154a5a57fffff
3399,88154a4ae9fffff
3400,88155d3627fffff
3401,88155d7321fffff
3402,88154a5529fffff
3403,88154ad135fffff
3404,8815598155fffff
3405,88155d79d7fffff
3406,8815582327fffff
3407,88155d6737fffff
3408,881559d025fffff
3409,88155dad39fffff
3410,88155836cbfffff
3411,88154a4343fffff
3412,88155981d1fffff
3413,881559c055fffff
3414,881558a5dbfffff
3415,881559cb51fffff
3416,88155d62c1fffff
3417,8815582733fffff
3418,8815599b17fffff
3419,881558ad07fffff
3420,88155d7a93fffff
3421,88154a4b53fffff
3422,88155d3083fffff
3423,88155d6705fffff
3424,88155d66d9fffff
3425,88154acc47fffff
3426,88155d29c7fffff
3427,88155985ddfffff
3428,88155da481fffff
3429,881558a6d3fffff
3430,881558ad3bfffff
3431,881558321bfffff
3432,88155d75ebfffff
3433,88155d280bfffff
3434,8815582647fffff
3435,88155d6287fffff
3436,881559d8c5fffff
3437,8815582731fffff
3438,88154ad813fffff
3439,88155da891fffff
3440,88154ac901fffff
3441,88154a4ae7fffff
3442,8815598c8bfffff
3443,881559d965fffff
3444,88155d2669fffff
3445,88154ac1a9fffff
3446,881559c14bfffff
3447,88155d4617fffff
3448,88155d048dfffff
3449,88155d0811fffff
3450,88155832b7fffff
3451,88155d366dfffff
3452,88155d00b1fffff
3453,88155d7aabfffff
3454,88154acce1fffff
3455,88155980b9fffff
3456,881559880bfffff
3457,88155dae3dfffff
3458,88154a40ddfffff
3459,88155d6829fffff
3460,88154a553dfffff
3461,881559b307fffff
3462,88155d3b69fffff
3463,881559c6d9fffff
3464,88155d0e55fffff
3465,88155dade7fffff
3466,88154a5ab1fffff
3467,88155d0469fffff
3468,881559d505fffff
3469,88154a586bfffff
3470,88154ad1d1fffff
3471,88155d788dfffff
3472,88154acd39fffff
3473,88155d2163fffff
3474,88155d6f55fffff
3475,8815591355fffff
3476,88155d7a85fffff
3477,88155996a1fffff
3478,88155d0c91fffff
3479,88155984b1fffff
3480,88155d799dfffff
3481,88154a423dfffff
3482,88155d2e5bfffff
3483,88155d661bfffff
3484,88155d0e91fffff
3485,88155d0e03fffff
3486,881559d809fffff
3487,88154a4153fffff
3488,88154adae3fffff
3489,881559d199fffff
3490,88155d79b9fffff
3491,881559d6d3fffff
3492,88155d39edfffff
3493,88155d2b69fffff
3494,88155989d3fffff
3495,88155d330dfffff
3496,881559d41bfffff
3497,88155d29a7fffff
3498,88155d2609fffff
3499,88155d24ebfffff
3500,88155d35e1fffff
3501,8815599285fffff
3502,8815598801fffff
3503,8815599685fffff
3504,881559919bfffff
3505,88155d319dfffff
3506,88155d3713fffff
3507,88155d35dbfffff
3508,88155dad41fffff
3509,88155d0d07fffff
3510,88155d65cdfffff
3511,8815599ae5fffff
3512,881558a4cbfffff
3513,881559d643fffff
3514,8815599417fffff
3515,88155d7765fffff
3516,88155d6e0bfffff
3517,8815598addfffff
3518,88155d6dcdfffff
3519,88155d7663fffff
3520,8815598757fffff
3521,881559d2d9fffff
3522,88155d6f19fffff
3523,881559870bfffff
3524,8815598251fffff
3525,88154adb6bfffff
3526,88155d71d3fffff
3527,88155d393dfffff
3528,8815598411fffff
3529,88155d7a39fffff
3530,881559d801fffff
3531,8815583735fffff
3532,88154a48e5fffff
3533,88155da5d9fffff
3534,88155d45d1fffff
3535,88155d732dfffff
3536,88155d3953fffff
3537,88154ad919fffff
3538,881559d463fffff
3539,88155d712dfffff
3540,88155d6165fffff
3541,88155d4583fffff
3542,881559bb69fffff
3543,8815598abbfffff
3544,88155d34c9fffff
3545,88154acdd9fffff
3546,88154ac18dfffff
3547,88154aca97fffff
3548,8815598e55fffff
3549,88155d74a3fffff
3550,88154adb47fffff
3551,88155d7707fffff
3552,881559932dfffff
3553,88155998bbfffff
3554,881558300dfffff
3555,881558ad5dfffff
3556,8815599b35fffff
3557,8815582c49fffff
3558,88155d6291fffff
3559,8815599905fffff
3560,88154a4159fffff
3561,88154a5543fffff
3562,88155dac15fffff
3563,88155d31e3fffff
3564,88155d2da1fffff
3565,88155d62a7fffff
3566,88154a5067fffff
3567,88154a50c7fffff
3568,88155d6d93fffff
3569,8815582223fffff
3570,88155d25bdfffff
3571,88154acf53fffff
3572,88155d2e1bfffff
3573,88155d3735fffff
3574,881558309dfffff
3575,8815598b49fffff
3576,88154a520dfffff
3577,88155d3887fffff
3578,88155d666bfffff
3579,88155d7a57fffff
3580,88155d6d9dfffff
3581,88155d7aebfffff
3582,88155d0ec7fffff
3583,8815598f6dfffff
3584,88155d09c5fffff
3585,88155d76edfffff
3586,88155d0aabfffff
3587,88154ace61fffff
3588,88154a424bfffff
3589,8815599747fffff
3590,88154ac9a3fffff
3591,8815598e0bfffff
3592,881559d125fffff
3593,88155d3b2dfffff
3594,881559b989fffff
3595,88155d68d3fffff
3596,88155d611bfffff
3597,88155992dbfffff
3598,88155da887fffff
3599,8815598c01fffff
3600,88155dae27fffff
3601,8815598721fffff
3602,88155d3b65fffff
3603,881559c335fffff
3604,88155dacd7fffff
3605,88155988a3fffff
3606,88154a4021fffff
3607,88155d329dfffff
3608,88154ac881fffff
3609,88154a4b55fffff
3610,881559913bfffff
3611,881559d531fffff
3612,881559ca6bfffff
3613,88154ad12bfffff
3614,8815582117fffff
3615,88155d7a01fffff
3616,88155d0c95fffff
3617,8815599007fffff
3618,8815599867fffff
3619,8815599883fffff
3620,88155d0d69fffff
3621,88155d3765fffff
3622,88154a5533fffff
3623,88155d319bfffff
3624,88155d0f53fffff
3625,88155d60b1fffff
3626,88154a4981fffff
3627,8815598d51fffff
3628,8815599537fffff
3629,88155d38a9fffff
3630,8815599a01fffff
3631,88155991e1fffff
3632,88155d7857fffff
3633,8815599b25fffff
3634,88154a4287fffff
3635,881559d689fffff
3636,8815599a21fffff
3637,88155d634dfffff
3638,88154a4931fffff
3639,8815598201fffff
3640,8815582649fffff
3641,88155d3b33fffff
3642,88155d22cbfffff
3643,8815583727fffff
3644,8815582639fffff
3645,88155d0d63fffff
3646,88155991d9fffff
3647,88155822e1fffff
3648,8815598753fffff
3649,88155d2f33fffff
3650,88155d6da3fffff
3651,88154a530bfffff
3652,88155d046dfffff
3653,88155d2301fffff
3654,88155d236bfffff
3655,881558a433fffff
3656,88154a5addfffff
3657,881559d431fffff
3658,88155d786dfffff
3659,881559c2edfffff
3660,88154a508dfffff
3661,88155834a5fffff
3662,88155d6557fffff
3663,8815598559fffff
3664,8815598265fffff
3665,881558ac01fffff
3666,88155dae03fffff
3667,88154a492bfffff
3668,88155d3527fffff
3669,88155d09b3fffff
3670,88155d2489fffff
3671,88154a5589fffff
3672,88154ac337fffff
3673,88154ac1d1fffff
3674,88155d6d85fffff
3675,881559d149fffff
3676,88155d0eb9fffff
3677,88155d7ab5fffff
3678,88155d3837fffff
3679,88155d0cb1fffff
3680,88155d602dfffff
3681,881558ac67fffff
3682,88155d0591fffff
3683,88155d04cdfffff
3684,88155dad51fffff
3685,88155da569fffff
3686,88155d7293fffff
3687,88155d2e27fffff
3688,88155989b1fffff
3689,88155d78a1fffff
3690,8815598d05fffff
3691,881559850dfffff
3692,88154a585dfffff
3693,8815598567fffff
3694,88155d05d9fffff
3695,881559cb59fffff
3696,88155d256bfffff
3697,88155998c5fffff
3698,88154ad117fffff
3699,881559d1a3fffff
3700,8815598c89fffff
3701,88155da991fffff
3702,8815582365fffff
3703,88155d7355fffff
3704,8815598acdfffff
3705,88155d69b3fffff
3706,88154ad1b5fffff
3707,8815599b2dfffff
3708,8815598b55fffff
3709,881559c345fffff
3710,88154acb5dfffff
3711,88155d251bfffff
3712,88154a4b01fffff
3713,88155dac09fffff
3714,8815598151fffff
3715,88155d26b9fffff
3716,88154a4a0bfffff
3717,881558a68bfffff
3718,88155d2839fffff
3719,88154a5a01fffff
3720,88155d20edfffff
3721,8815583aa9fffff
3722,88154a42c7fffff
3723,88154acc81fffff
3724,88155d0481fffff
3725,88155d2167fffff
3726,881558218bfffff
3727,88154a5b01fffff
3728,88154a5039fffff
3729,88155d2ccdfffff
3730,88154a59a5fffff
3731,88155d25cdfffff
3732,881559895dfffff
3733,881559d891fffff
3734,881559d5ddfffff
3735,88155d6f4dfffff
3736,88155da9abfffff
3737,881559973bfffff
3738,88154a5a6bfffff
3739,88155d2cd5fffff
3740,88154a51b9fffff
3741,881559db3dfffff
3742,88155dac13fffff
3743,8815583101fffff
3744,881559d093fffff
3745,88154ac9d5fffff
3746,88155d72b3fffff
3747,88155d24b9fffff
3748,8815583ac7fffff
3749,881559da25fffff
3750,88155d7231fffff
3751,88155d45a7fffff
3752,8815582e49fffff
3753,88155d36d3fffff
3754,88155999e9fffff
3755,881559daa7fffff
3756,88155d0933fffff
3757,88155d68b5fffff
3758,88155d2c5dfffff
3759,881558302dfffff
3760,88155836d7fffff
3761,88155d30e3fffff
3762,88155d2885fffff
3763,88155da5c1fffff
3764,88155d323dfffff
3765,881558235bfffff
3766,881558365bfffff
3767,88155da565fffff
3768,8815583069fffff
3769,88155d68d1fffff
3770,88155988d7fffff
3771,88155da881fffff
3772,881559db23fffff
3773,88155da893fffff
3774,881559d4adfffff
3775,88155d68d7fffff
3776,8815598c6bfffff
3777,88155d3281fffff
3778,88154ad887fffff
3779,881559d1edfffff
3780,88154a4063fffff
3781,88155d6833fffff
3782,88154ac867fffff
3783,881558360dfffff
3784,8815598003fffff
3785,8815598ec7fffff
3786,88155d2f53fffff
3787,88154a40c9fffff
3788,88155d6f41fffff
3789,88155d09b1fffff
3790,881558acc3fffff
3791,88155d61cbfffff
3792,88155d71e7fffff
3793,88154a4ac7fffff
3794,8815582607fffff
3795,88155d099dfffff
3796,88155d09a7fffff
3797,881559c363fffff
3798,88155992e7fffff
3799,88155d2ce3fffff
3800,881559d305fffff
3801,88155da89dfffff
3802,88155d265dfffff
3803,88155dada7fffff
3804,8815583429fffff
3805,88155d682dfffff
3806,88155d670bfffff
3807,881559c2d7fffff
3808,88155d669bfffff
3809,881558ac8dfffff
3810,88154a58d9fffff
3811,8815582703fffff
3812,88155d704bfffff
3813,8815582137fffff
3814,88154a4b09fffff
3815,88155d6689fffff
3816,88155d78e3fffff
3817,8815583055fffff
3818,88154a5855fffff
3819,88155d6e03fffff
3820,88155daca5fffff
3821,88155d0f2dfffff
3822,88155d7655fffff
3823,881558a497fffff
3824,881558255bfffff
3825,88155d619bfffff
3826,8815598f15fffff
3827,88155d633dfffff
3828,88155d4451fffff
3829,8815583a27fffff
3830,88155d2b09fffff
3831,88154ada47fffff
3832,8815599533fffff
3833,88155d2d9bfffff
3834,88155d6ebbfffff
3835,881559918bfffff
3836,8815599927fffff
3837,88155d21c3fffff
3838,88155d2819fffff
3839,88155d60a5fffff
3840,88155da8bbfffff
3841,88155d0dddfffff
3842,88155d081bfffff
3843,88154acb53fffff
3844,88155d0edbfffff
3845,88155d2a91fffff
3846,88154a5a33fffff
3847,88155d2633fffff
3848,88155d2889fffff
3849,88154ac26dfffff
3850,88155d2aa7fffff
3851,88155d321dfffff
3852,88155da589fffff
3853,88155d2d4dfffff
3854,88155d365bfffff
3855,881559d1a9fffff
3856,88154a5247fffff
3857,88154ac907fffff
3858,881559982bfffff
3859,88155d0881fffff
3860,881559d5c3fffff
3861,88154ace45fffff
3862,88154a532dfffff
3863,88155d0f5bfffff
3864,88155da8a9fffff
3865,88155d76e9fffff
3866,88155d0d43fffff
3867,8815599699fffff
3868,88155990dbfffff
3869,881559d325fffff
3870,881558a6d1fffff
3871,8815599569fffff
3872,88154a5807fffff
3873,88155dad05fffff
3874,88154a5051fffff
3875,881559db37fffff
3876,88155d6d57fffff
3877,88155d2569fffff
3878,88155d6f57fffff
3879,8815598e51fffff
3880,88155d726dfffff
3881,881559d051fffff
3882,881559d82bfffff
3883,8815598e6bfffff
3884,88155d0683fffff
3885,88154a5347fffff
3886,88155d2243fffff
3887,8815583a9dfffff
3888,8815598645fffff
3889,881558a4c5fffff
3890,88154a49e9fffff
3891,8815598895fffff
3892,88155da553fffff
3893,88155dad59fffff
3894,88155d6451fffff
3895,8815583121fffff
3896,88155988adfffff
3897,881559bb1dfffff
3898,88155820edfffff
3899,88155830a1fffff
3900,88154ad951fffff
3901,8815598435fffff
3902,88154a5951fffff
3903,88155d2aa9fffff
3904,88154a192dfffff
3905,88155d0529fffff
3906,88155d6a3bfffff
3907,88154a5b37fffff
3908,88155996b9fffff
3909,88155d64adfffff
3910,88155d6d45fffff
3911,88155d326dfffff
3912,88155d296bfffff
3913,88155d45d3fffff
3914,88154ad129fffff
3915,88154a58e7fffff
3916,881559d0bdfffff
3917,8815599593fffff
3918,88154a5719fffff
3919,88155d2811fffff
3920,88154acb0dfffff
3921,88154ad097fffff
3922,88155d44abfffff
3923,88155d2c17fffff
3924,88155dad2dfffff
3925,88154ac1a1fffff
3926,88155d6489fffff
3927,881559c259fffff
3928,8815583281fffff
3929,881558adc7fffff
3930,88154a4235fffff
3931,88155d3105fffff
3932,881559d0cbfffff
3933,88154ad9c1fffff
3934,88155d2203fffff
3935,88154a5a8dfffff
3936,8815598339fffff
3937,881559c15dfffff
3938,88155986e3fffff
3939,88155d3163fffff
3940,88155d290dfffff
3941,88155d6e91fffff
3942,8815599451fffff
3943,88155d6129fffff
3944,881559855dfffff
3945,88155da9b7fffff
3946,88155d04b1fffff
3947,8815599b13fffff
3948,88155d2919fffff
3949,8815598f4dfffff
3950,88155d62e7fffff
3951,88155d056dfffff
3952,88154a500bfffff
3953,88154a4249fffff
3954,88155d3043fffff
3955,881559844bfffff
3956,88155d6b07fffff
3957,88154acc17fffff
3958,88155d210bfffff
3959,88155d7881fffff
3960,88155d44b7fffff
3961,88154a480dfffff
3962,881559d961fffff
3963,881559d61bfffff
3964,881559894dfffff
3965,88155d6707fffff
3966,8815582e57fffff
3967,88155d69c3fffff
3968,88155d2111fffff
3969,88154a4363fffff
3970,88155d2f2dfffff
3971,88155d3637fffff
3972,881559883dfffff
3973,8815599405fffff
3974,88155d09cbfffff
3975,8815598a2dfffff
3976,88155d0dd3fffff
3977,8815583627fffff
3978,88155d46a1fffff
3979,881558a487fffff
3980,881559c215fffff
3981,8815583531fffff
3982,88154a5539fffff
3983,88155da4e1fffff
3984,88155d630bfffff
3985,88155d2331fffff
3986,88155d0f13fffff
3987,881559db49fffff
3988,88154a59cdfffff
3989,8815582707fffff
3990,881558a437fffff
3991,881559846dfffff
3992,88154aca11fffff
3993,88155990a9fffff
3994,88155d3021fffff
3995,88155991adfffff
3996,881559840dfffff
3997,88155d3999fffff
3998,8815598d03fffff
3999,88155d2253fffff
4000,88155da9c3fffff
4001,8815598a91fffff
4002,881559d74dfffff
4003,88155d3007fffff
4004,88155d05a3fffff
4005,8815583213fffff
4006,881559d921fffff
4007,881559d355fffff
4008,88155d0557fffff
4009,88154ad0a9fffff
4010,8815598a33fffff
4011,881558aea3fffff
4012,88155d2629fffff
4013,8815582055fffff
4014,88154a4b15fffff
4015,88155d673dfffff
4016,88155d3217fffff
4017,88155d6097fffff
4018,88155d7617fffff
4019,88155d0c0dfffff
4020,88154ad88bfffff
4021,8815582003fffff
4022,8815598169fffff
4023,88155d3227fffff
4024,88155d20a5fffff
4025,88155d2eabfffff
4026,8815582f01fffff
4027,88154a5727fffff
4028,88155d793dfffff
4029,88155d7531fffff
4030,8815583725fffff
4031,88154adad3fffff
4032,88155da8e1fffff
4033,88155d70b1fffff
4034,88154acc69fffff
4035,88154a4367fffff
4036,8815599b55fffff
4037,88155999cdfffff
4038,88155d2d51fffff
4039,88155d62bbfffff
4040,881559d665fffff
4041,88155831d7fffff
4042,8815598e5bfffff
4043,88155d3417fffff
4044,88155d61cdfffff
4045,88155d7349fffff
4046,88155995e7fffff
4047,88154a4815fffff
4048,8815599243fffff
4049,88155d2467fffff
4050,88155d0f0bfffff
4051,88154acd55fffff
4052,88154acd9bfffff
4053,8815598a31fffff
4054,88155d7183fffff
4055,881559124dfffff
4056,88155d646bfffff
4057,881559926dfffff
4058,881559d6e3fffff
4059,88155d6a25fffff
4060,8815599703fffff
4061,88155d6163fffff
4062,8815583421fffff
4063,881558a4d5fffff
4064,88155d2201fffff
4065,8815598e0dfffff
4066,88154a5103fffff
4067,88155d0ed1fffff
4068,881559d655fffff
4069,88155d0093fffff
4070,88154adb19fffff
4071,88155996ddfffff
4072,88155d0987fffff
4073,88155d09a1fffff
4074,881559da33fffff
4075,881559d18dfffff
4076,88155d6f51fffff
4077,8815599491fffff
4078,88155d3119fffff
4079,88154a42ddfffff
4080,881559c041fffff
4081,88155d3115fffff
4082,88154a4a3bfffff
4083,88155991e5fffff
4084,88155d2d81fffff
4085,88155d2463fffff
4086,8815599527fffff
4087,8815582e4bfffff
4088,88154aca49fffff
4089,88155821bdfffff
4090,88155d282bfffff
4091,88155995adfffff
4092,88155daca3fffff
4093,88155d332dfffff
4094,88155d0dd1fffff
4095,8815599567fffff
4096,88155d2e47fffff
4097,881559c225fffff
4098,8815598699fffff
4099,88154a596dfffff
4100,88155da937fffff
4101,88155d6a09fffff
4102,8815583849fffff
4103,88155d2761fffff
4104,88154ac063fffff
4105,88155d2e09fffff
4106,88155d0983fffff
4107,88155d2d01fffff
4108,88155d2cb3fffff
4109,88155dad89fffff
4110,88155d396bfffff
4111,88155d6049fffff
4112,88155d69bdfffff
4113,881558388bfffff
4114,8815599319fffff
4115,881559cb57fffff
4116,88155d32e5fffff
4117,8815583483fffff
4118,88155d7147fffff
4119,8815582233fffff
4120,88155820cbfffff
4121,88155dacc9fffff
4122,88155d2895fffff
4123,88154a5a6dfffff
4124,88155982bdfffff
4125,88155d0d09fffff
4126,88155d2353fffff
4127,88154a498dfffff
4128,88155d2c99fffff
4129,8815583567fffff
4130,88154acb51fffff
4131,88154a4345fffff
4132,88154a42c9fffff
4133,881558a5b1fffff
4134,88155822cdfffff
4135,881558256dfffff
4136,88154a4283fffff
4137,88154ad8a5fffff
4138,88155dad01fffff
4139,88155d604bfffff
4140,88154a5a19fffff
4141,881559816bfffff
4142,8815599367fffff
4143,88155d3835fffff
4144,88154ac035fffff
4145,8815582367fffff
4146,881559d661fffff
4147,88154a5897fffff
4148,88155d62e5fffff
4149,88155d44e3fffff
4150,881559872bfffff
4151,8815598807fffff
4152,88155d61a9fffff
4153,8815582f1bfffff
4154,88155d7819fffff
4155,88155d38e5fffff
4156,881559d2e7fffff
4157,88154ac9a9fffff
4158,8815598abdfffff
4159,8815599a1dfffff
4160,88155d7295fffff
4161,88154ad801fffff
4162,8815598f45fffff
4163,881559d359fffff
4164,88155d2ac3fffff
4165,88155d311dfffff
4166,88155830d7fffff
4167,881558213dfffff
4168,88155835b9fffff
4169,881559d1d9fffff
4170,88155da0b7fffff
4171,88155d62ddfffff
4172,8815598669fffff
4173,88155820d1fffff
4174,8815583687fffff
4175,8815583153fffff
4176,88155d24e7fffff
4177,88155da587fffff
4178,88154a5ad7fffff
4179,88155d32cbfffff
4180,88155d2667fffff
4181,881559dabbfffff
4182,88154a4811fffff
4183,881559983bfffff
4184,8815599231fffff
4185,881558ad6bfffff
4186,881559b327fffff
4187,88154a501dfffff
4188,88155d0439fffff
4189,88155d6353fffff
4190,881559962bfffff
4191,88155831cbfffff
4192,88155d398bfffff
4193,88155da4abfffff
4194,88155d294bfffff
4195,8815583257fffff
4196,8815598629fffff
4197,8815599b4dfffff
4198,88155d45c9fffff
4199,88155d4401fffff
4200,88155d0437fffff
4201,88155d6ca5fffff
4202,88155dad6dfffff
4203,88155989d7fffff
4204,88155d726bfffff
4205,88155d05c5fffff
4206,88155da4b9fffff
4207,88155d35ddfffff
4208,8815599a55fffff
4209,881559d1a5fffff
4210,88155d74c5fffff
4211,88154acac9fffff
4212,881558a4ebfffff
4213,88155d20dbfffff
4214,88155996dbfffff
4215,88154acd19fffff
4216,881559ba09fffff
4217,8815583235fffff
4218,88155d259dfffff
4219,88155d2b43fffff
4220,88155d2d41fffff
4221,88154acd4bfffff
4222,88155d3959fffff
4223,88155d3aa3fffff
4224,88155d4495fffff
4225,88155d0a95fffff
4226,88155d30edfffff
4227,88154a4817fffff
4228,8815599689fffff
4229,88155d3b19fffff
4230,8815598ea7fffff
4231,88155d286dfffff
4232,88155d6dabfffff
4233,88155d7413fffff
4234,88155d3347fffff
4235,88155d651dfffff
4236,88155992a5fffff
4237,8815598f01fffff
4238,8815582605fffff
4239,8815598513fffff
4240,88154adb63fffff
4241,881559861dfffff
4242,88155d0d01fffff
4243,881559d08dfffff
4244,88155989b3fffff
4245,88155992d5fffff
4246,88155d08edfffff
4247,881559d31dfffff
4248,88154a4b45fffff
4249,88155da46bfffff
4250,88155d6c19fffff
4251,88155d70a1fffff
4252,88155d36bdfffff
4253,88155d24d5fffff
4254,88155dae6bfffff
4255,8815599161fffff
4256,88155d329bfffff
4257,88155d6205fffff
4258,88155990c1fffff
4259,88155d0697fffff
4260,881559933dfffff
4261,881558201dfffff
4262,881559d04bfffff
4263,88154a582dfffff
4264,88155822a5fffff
4265,88155d64e5fffff
4266,8815598f29fffff
4267,881559d5e1fffff
4268,88155990d5fffff
4269,88154acb37fffff
4270,88155da8a1fffff
4271,88155d788bfffff
4272,88154ac0bdfffff
4273,881558274dfffff
4274,88155d725bfffff
4275,88155d755dfffff
4276,88155d05bdfffff
4277,881559d339fffff
4278,8815598755fffff
4279,88155d76c3fffff
4280,88155dadbdfffff
4281,88155999a7fffff
4282,88155d7831fffff
4283,88155d2529fffff
4284,88155d6c91fffff
4285,8815598919fffff
4286,88155da455fffff
4287,88155d3b51fffff
4288,88155d213dfffff
4289,88155d31abfffff
4290,881558aca7fffff
4291,88155d7ac9fffff
4292,88155999abfffff
4293,88154a58b5fffff
4294,88155d2c8dfffff
4295,88154a4261fffff
4296,88155984e7fffff
4297,88155d715bfffff
4298,88155d08cdfffff
4299,88154a5813fffff
4300,88155d6187fffff
4301,88155d209bfffff
4302,8815591261fffff
4303,88155d2c31fffff
4304,8815599031fffff
4305,88155d3aadfffff
4306,88155d3609fffff
4307,88155d641bfffff
4308,88154ad19bfffff
4309,88154ad52dfffff
4310,88155d6747fffff
4311,88154a4221fffff
4312,88155d304dfffff
4313,88155daf01fffff
4314,881559d60dfffff
4315,88154acc15fffff
4316,88154ada01fffff
4317,8815598601fffff
4318,88154a51c5fffff
4319,881559dac5fffff
4320,88155d64a5fffff
4321,88155d70d3fffff
4322,88155998d5fffff
4323,88155d28c7fffff
4324,88154a5367fffff
4325,88155d7449fffff
4326,88154a5a37fffff
4327,8815583417fffff
4328,88155d648dfffff
4329,88155d3b2bfffff
4330,88155d61abfffff
4331,88155d31b7fffff
4332,88155d0ab9fffff
4333,88155d629bfffff
4334,88155d058dfffff
4335,881558a693fffff
4336,881558a4c1fffff
4337,88155d6b15fffff
4338,8815598e07fffff
4339,88155d7155fffff
4340,88154acb63fffff
4341,88155d2755fffff
4342,881559d867fffff
4343,88155d6b33fffff
4344,88154a4a17fffff
4345,88155da4c3fffff
4346,88155d7335fffff
4347,88155d445dfffff
4348,88154a5899fffff
4349,88154a524dfffff
4350,88155995e3fffff
4351,881559ba4dfffff
4352,88155d735dfffff
4353,88155dadb5fffff
4354,88155d3709fffff
4355,88155d703dfffff
4356,88154a5269fffff
4357,88154a414bfffff
4358,88155981b5fffff
4359,881559d669fffff
4360,881559ba6dfffff
4361,88155d36d1fffff
4362,88154aceb1fffff
4363,8815598811fffff
4364,88155d2d29fffff
4365,881559d911fffff
4366,88154ac1cbfffff
4367,88154a5241fffff
4368,881558ae89fffff
4369,88155991a1fffff
4370,88155d7431fffff
4371,88155d3647fffff
4372,88155d6c89fffff
4373,88155d3539fffff
4374,881558270bfffff
4375,88155d72bdfffff
4376,881559d51bfffff
4377,88154acaa7fffff
4378,88155d6d63fffff
4379,88155d32d9fffff
4380,88155d6cb9fffff
4381,8815598f4bfffff
4382,88155d06dbfffff
4383,88155d0429fffff
4384,88155d656bfffff
4385,8815599215fffff
4386,88154a5327fffff
4387,8815582463fffff
4388,88155d0823fffff
4389,88154a4069fffff
4390,881559d6e7fffff
4391,881558275bfffff
4392,88154a4a49fffff
4393,881558204bfffff
4394,881558a4e3fffff
4395,88154aca81fffff
4396,88155d25b7fffff
4397,88155d2f21fffff
4398,88155d7305fffff
4399,881559923dfffff
4400,88155d3703fffff
4401,88154a4043fffff
4402,8815598463fffff
4403,88155d0d3bfffff
4404,881559d2bbfffff
4405,88155d6d03fffff
4406,881559883bfffff
4407,88155d25e9fffff
4408,88155d3a09fffff
4409,88155d46e5fffff
4410,88154a5283fffff
4411,88155dae99fffff
4412,881559c213fffff
4413,8815582727fffff
4414,8815598489fffff
4415,8815598a37fffff
4416,881559d01bfffff
4417,881558ac87fffff
4418,88155d74edfffff
4419,88155d2289fffff
4420,881558200bfffff
4421,88155d2da3fffff
4422,88155d2c2dfffff
4423,88155dacabfffff
4424,88155d7859fffff
4425,88155831ebfffff
4426,88154ac365fffff
4427,8815582541fffff
4428,88155d0587fffff
4429,88155d0097fffff
4430,88155d2f5dfffff
4431,88155d46cbfffff
4432,88155d745bfffff
4433,88155d6a83fffff
4434,8815599049fffff
4435,88155d3023fffff
4436,88155d76a3fffff
4437,881559d0c7fffff
4438,88155d4519fffff
4439,88155d3449fffff
4440,88154a404bfffff
4441,88154acdcdfffff
4442,88155d76bbfffff
4443,88154ad863fffff
4444,88155d60e7fffff
4445,88154ad0adfffff
4446,8815599355fffff
4447,88155982e5fffff
4448,88155d4415fffff
4449,8815582005fffff
4450,88155da713fffff
4451,88154ac80dfffff
4452,881558ad53fffff
4453,88155d2d07fffff
4454,88155d7a59fffff
4455,88155d29a9fffff
4456,88155d3a21fffff
4457,88155d6e9bfffff
4458,8815583745fffff
4459,8815582725fffff
4460,88155995dbfffff
4461,8815598f43fffff
4462,88155d266bfffff
4463,88155d0733fffff
4464,88155d0f29fffff
4465,88155d7559fffff
4466,88154ac31bfffff
4467,88155da897fffff
4468,881559854bfffff
4469,881559d929fffff
4470,88155989ddfffff
4471,88155d04e5fffff
4472,88155d2dc9fffff
4473,88155990e3fffff
4474,88155832c1fffff
4475,881558a4edfffff
4476,88155d2623fffff
4477,881559c25dfffff
4478,8815598565fffff
4479,881559d503fffff
4480,88155d24c7fffff
4481,881559d6b3fffff
4482,88155d6c25fffff
4483,88155d3ac9fffff
4484,88154ac061fffff
4485,881559810dfffff
4486,88154a5b45fffff
4487,88155995c9fffff
4488,88154a5ae9fffff
4489,88154ac311fffff
4490,88154a58d7fffff
4491,88154acd13fffff
4492,88155d6ee5fffff
4493,88155d25ddfffff
4494,881558329dfffff
4495,88155d2125fffff
4496,88155d621dfffff
4497,88155d6a63fffff
4498,88155d0cc1fffff
4499,881559c261fffff
4500,88155d0ab1fffff
4501,8815599463fffff
4502,8815599501fffff
4503,88154ad8edfffff
4504,881559d61dfffff
4505,88155dad8dfffff
4506,88155981cdfffff
4507,88154a5345fffff
4508,8815599525fffff
4509,88154a41ddfffff
4510,88155d349dfffff
4511,88155d3b31fffff
4512,881559dad9fffff
4513,881559ba2bfffff
4514,88155d7445fffff
4515,88155d2d23fffff
4516,881559d1e9fffff
4517,88155d2207fffff
4518,881558a6d7fffff
4519,88154ac363fffff
4520,88155d6935fffff
4521,88155d6469fffff
4522,88154ada59fffff
4523,8815598293fffff
4524,881559d107fffff
4525,88154aca29fffff
4526,881558ac13fffff
4527,881558a581fffff
4528,88155d7a91fffff
4529,88155d2511fffff
4530,881558ad1dfffff
4531,88155d05a5fffff
4532,8815582227fffff
4533,88155d36d9fffff
4534,88154ac1a5fffff
4535,8815598b57fffff
4536,881559d1c1fffff
4537,881559944bfffff
4538,8815598329fffff
4539,88154acaabfffff
4540,881559d461fffff
4541,88155d2e67fffff
4542,881558276bfffff
4543,88155986bbfffff
4544,88155d2983fffff
4545,88155836a5fffff
4546,881559bb63fffff
4547,88154ac801fffff
4548,88155d79b3fffff
4549,88155d669dfffff
4550,88155d61b7fffff
4551,8815599a3dfffff
4552,8815598c2bfffff
4553,88155d298dfffff
4554,88155830abfffff
4555,88155d29b1fffff
4556,88155d041dfffff
4557,881559d9c3fffff
4558,881559d459fffff
4559,88155d3a95fffff
4560,881558acebfffff
4561,88155d69a3fffff
4562,88154a5037fffff
4563,8815598e21fffff
4564,8815598c49fffff
4565,88154adaddfffff
4566,88155d7315fffff
4567,88155d7823fffff
4568,88155d6453fffff
4569,88155d619dfffff
4570,88154a4013fffff
4571,88155d0dc5fffff
4572,88155836a9fffff
4573,8815599353fffff
4574,88155d0ccdfffff
4575,88155dad09fffff
4576,88155d2ca5fffff
4577,881559975bfffff
4578,881559dac7fffff
4579,881559d44bfffff
4580,88155d6057fffff
4581,88155d336dfffff
4582,8815599ab9fffff
4583,88154a434dfffff
4584,88155d78c7fffff
4585,88155d2647fffff
4586,88154a51adfffff
4587,88154ad1c9fffff
4588,88155d08e1fffff
4589,8815599ad1fffff
4590,88155831e7fffff
4591,881559d54dfffff
4592,88154a51b7fffff
4593,88154a1921fffff
4594,88155d714bfffff
4595,88155d7a21fffff
4596,88155d06b1fffff
4597,88154ad8d3fffff
4598,8815599945fffff
4599,88155d7b47fffff
4600,88155d28c1fffff
4601,88155d7059fffff
4602,88154a4aa1fffff
4603,88155d64abfffff
4604,8815582f57fffff
4605,88155d06b9fffff
4606,88155d3a99fffff
4607,88154a4a61fffff
4608,88154a5aa7fffff
4609,88154ac149fffff
4610,88155d2131fffff
4611,8815598a17fffff
4612,88154a4aa5fffff
4613,881559b801fffff
4614,8815583551fffff
4615,88155d3547fffff
4616,88155d441dfffff
4617,88155d6811fffff
4618,88154a5315fffff
4619,88155d79e9fffff
4620,88154acf47fffff
4621,881559c065fffff
4622,88155d282dfffff
4623,881559d621fffff
4624,8815598e35fffff
4625,88155996cdfffff
4626,88155d26a7fffff
4627,88154a5285fffff
4628,88155dad0dfffff
4629,88154a58e3fffff
4630,88155d2547fffff
4631,88155d2ed3fffff
4632,88155d6a29fffff
4633,8815583481fffff
4634,881559d2cbfffff
4635,88155d6eb3fffff
4636,88154a5355fffff
4637,88154a423bfffff
4638,8815598a27fffff
4639,88155994d1fffff
4640,8815582235fffff
4641,881559d445fffff
4642,88155d71e1fffff
4643,88154a5ae3fffff
4644,881559d563fffff
4645,88154a4351fffff
4646,8815583001fffff
4647,88154a5305fffff
4648,88155d6b4dfffff
4649,881559b86dfffff
4650,8815583123fffff
4651,88155d46e7fffff
4652,88154ac13bfffff
4653,88155d6a2dfffff
4654,88155d2309fffff
4655,8815582197fffff
4656,88154a5b57fffff
4657,88155d6e0dfffff
4658,881559d15dfffff
4659,88155d3621fffff
4660,88155d0db3fffff
4661,88155d3907fffff
4662,88155d2413fffff
4663,88155d0691fffff
4664,8815582305fffff
4665,88155d2dcbfffff
4666,88154ac1c3fffff
4667,88155d7507fffff
4668,88154ac9cdfffff
4669,88155d635dfffff
4670,88155d3439fffff
4671,88155d3ab7fffff
4672,88154a5281fffff
4673,8815598485fffff
4674,88155832b9fffff
4675,88155d2cbdfffff
4676,88155d2dd9fffff
4677,88155d0995fffff
4678,88155d7443fffff
4679,88155d2603fffff
4680,881558aea7fffff
4681,8815598135fffff
4682,88155d780dfffff
4683,8815599627fffff
4684,88155d69e9fffff
4685,88155d6ed3fffff
4686,88155d3991fffff
4687,88155d2a51fffff
4688,88154a5ac5fffff
4689,88154ac931fffff
4690,88155d2853fffff
4691,881559d733fffff
4692,88155d0ce1fffff
4693,88155994b1fffff
4694,88155d0ea1fffff
4695,88155d72a1fffff
4696,88154ac96dfffff
4697,88154a5b1dfffff
4698,88155985bdfffff
4699,88155d614dfffff
4700,881559d05bfffff
4701,88154a5831fffff
4702,881559d95dfffff
4703,88154acd8bfffff
4704,88154a5133fffff
4705,88155d3063fffff
4706,88155d7ae1fffff
4707,88154a422dfffff
4708,88155d6e1dfffff
4709,88154a4111fffff
4710,8815598315fffff
4711,88154ad1e7fffff
4712,88154a4b47fffff
4713,88155da9a1fffff
4714,881559d123fffff
4715,88155836c5fffff
4716,8815598337fffff
4717,8815583713fffff
4718,88154a5191fffff
4719,88155d3763fffff
4720,8815599663fffff
4721,88155996ebfffff
4722,88155d2a3dfffff
4723,88154a5095fffff
4724,8815583707fffff
4725,88154ac105fffff
4726,88155d2f15fffff
4727,88155d0e61fffff
4728,88154ac883fffff
4729,88155822d3fffff
4730,88155d681bfffff
4731,8815582749fffff
4732,88155dadc5fffff
4733,88155d6b1bfffff
4734,88155d3a97fffff
4735,88155daabbfffff
4736,88155d7157fffff
4737,881558aeb3fffff
4738,8815598617fffff
4739,88154a5b09fffff
4740,8815598335fffff
4741,88154a52b1fffff
4742,88154a5823fffff
4743,88155d2119fffff
4744,881559d311fffff
4745,88154acc49fffff
4746,8815599a2dfffff
4747,88154ace5dfffff
4748,88154ace07fffff
4749,88155da505fffff
4750,88154ac85dfffff
4751,88155d6647fffff
4752,88155d4737fffff
4753,88154acc89fffff
4754,88155990cdfffff
4755,88154a5331fffff
4756,881559876dfffff
4757,88155d08e7fffff
4758,881559d0b3fffff
4759,8815599aa5fffff
4760,8815583201fffff
4761,88155da6e5fffff
4762,8815598915fffff
4763,8815599767fffff
4764,88155d326bfffff
4765,88155d66b7fffff
4766,88154a5809fffff
4767,8815599897fffff
4768,88155d26a5fffff
4769,881559d483fffff
4770,881558374bfffff
4771,88155d6227fffff
4772,8815583215fffff
4773,88155d644bfffff
4774,88154aca19fffff
4775,88155d61bbfffff
4776,88155999a3fffff
4777,881559ba55fffff
4778,881559d517fffff
4779,88155d76a1fffff
4780,88155d7895fffff
4781,88155d30c1fffff
4782,8815598353fffff
4783,88154acd27fffff
4784,8815599159fffff
4785,881558ac27fffff
4786,8815598965fffff
4787,88155d30a3fffff
4788,88155d6e1bfffff
4789,881559864dfffff
4790,88155989c1fffff
4791,88155d395bfffff
4792,88155822cbfffff
4793,88155d6f29fffff
4794,88155d2ec3fffff
4795,88155d39ebfffff
4796,88154acb07fffff
4797,8815583415fffff
4798,88155d64edfffff
4799,88155d79bbfffff
4800,88155d7427fffff
4801,88154a4a2dfffff
4802,881559875dfffff
4803,88155d46e1fffff
4804,881558aec3fffff
4805,88155d6431fffff
4806,88155d2d5bfffff
4807,88154a4739fffff
4808,88155d3129fffff
4809,8815599b69fffff
4810,8815599447fffff
4811,881559d647fffff
4812,88155821a1fffff
4813,88155d6065fffff
4814,88155d6433fffff
4815,88155da9a9fffff
4816,8815599489fffff
4817,88155992d1fffff
4818,88154ad937fffff
4819,88155d06d1fffff
4820,88155d7139fffff
4821,881559d1d5fffff
4822,88155d6f2dfffff
4823,88154ac893fffff
4824,8815598527fffff
4825,88155da09bfffff
4826,88155d2249fffff
4827,88155d24cdfffff
4828,88154a4185fffff
4829,88155d39a3fffff
4830,88155d36e1fffff
4831,881559b343fffff
4832,8815583031fffff
4833,881559951dfffff
4834,8815599103fffff
4835,881559b86bfffff
4836,881559d4c1fffff
4837,88155d381bfffff
4838,88154ac231fffff
4839,8815599b65fffff
4840,8815583a31fffff
4841,8815598483fffff
4842,881559d033fffff
4843,88155d795bfffff
4844,8815599265fffff
4845,881559d5ebfffff
4846,881558acadfffff
4847,88154ac0c7fffff
4848,88154ac023fffff
4849,8815598e23fffff
4850,88155d2823fffff
4851,8815598f11fffff
4852,88155d24bdfffff
4853,88155835cdfffff
4854,88155835e5fffff
4855,88154a4749fffff
4856,88155989dbfffff
4857,88154a5323fffff
4858,88154a1905fffff
4859,881558ada7fffff
4860,881559d865fffff
4861,8815583337fffff
4862,88154acc23fffff
4863,88155d4697fffff
4864,8815598655fffff
4865,8815598f3dfffff
4866,88154aca3bfffff
4867,88155d6581fffff
4868,881558ac0bfffff
4869,8815599725fffff
4870,88155d3125fffff
4871,881559959bfffff
4872,88155980cdfffff
4873,8815598a63fffff
4874,88155d275bfffff
4875,88155989cdfffff
4876,88155d2b21fffff
4877,88155d6843fffff
4878,881559125dfffff
4879,88155d21bbfffff
4880,88155d0cedfffff
4881,88155d2d39fffff
4882,88155d2a8bfffff
4883,8815598a87fffff
4884,881559d361fffff
4885,88155d3b67fffff
4886,88155d44d1fffff
4887,88155d2a9dfffff
4888,88155d6b51fffff
4889,88155d2dd1fffff
4890,88154a4209fffff
4891,881559890dfffff
4892,88155da8a3fffff
4893,88155d3243fffff
4894,881559bb01fffff
4895,88155d6ea1fffff
4896,88155985c3fffff
4897,88155d6997fffff
4898,88154ac839fffff
4899,8815582067fffff
4900,8815591359fffff
4901,881559d33dfffff
4902,88155d7595fffff
4903,88155da895fffff
4904,8815583a3bfffff
4905,8815599255fffff
4906,88155d388dfffff
4907,88155d261dfffff
4908,881559928bfffff
4909,8815598693fffff
4910,8815599769fffff
4911,8815598821fffff
4912,8815583103fffff
4913,881559d613fffff
4914,881559db19fffff
4915,88155dac45fffff
4916,88155dad17fffff
4917,88155d45e3fffff
4918,88155d0e17fffff
4919,8815599837fffff
4920,881559971bfffff
4921,8815582721fffff
4922,8815583403fffff
4923,88154a5ac3fffff
4924,881558a4b5fffff
4925,881559d029fffff
4926,8815598b27fffff
4927,88154a4019fffff
4928,88154ac1b7fffff
4929,88154ad0b9fffff
4930,881558ad3dfffff
4931,88154ac807fffff
4932,8815582041fffff
4933,8815599609fffff
4934,88155998b7fffff
4935,88154a4963fffff
4936,88155d05e7fffff
4937,88155d090bfffff
4938,8815582027fffff
4939,88154acaa9fffff
4940,88155d21d3fffff
4941,88155d22e1fffff
4942,88155d3101fffff
4943,88155d2dd7fffff
4944,88155d668bfffff
4945,88155da88bfffff
4946,88154a5335fffff
4947,88155d2cd3fffff
4948,881559804bfffff
4949,8815598063fffff
4950,88155d34d5fffff
4951,8815598421fffff
4952,88154ad9a5fffff
4953,88155d700bfffff
4954,881559bb37fffff
4955,88155d62d9fffff
4956,88155d22d5fffff
4957,88154acd4dfffff
4958,88155d2db7fffff
4959,881558246dfffff
4960,88154a590dfffff
4961,88154ac34dfffff
4962,88154a4031fffff
4963,881559d735fffff
4964,88154a52d5fffff
4965,88155d0da1fffff
4966,881559bb2dfffff
4967,88154aca47fffff
4968,88155d22c5fffff
4969,88155d74a9fffff
4970,88155d3403fffff
4971,88155d2121fffff
4972,88155d05e1fffff
4973,88154a4ac9fffff
4974,88155d38bdfffff
4975,88155d211bfffff
4976,8815598093fffff
4977,88154adb07fffff
4978,881558ae87fffff
4979,8815598b5bfffff
4980,8815599291fffff
4981,8815582e2dfffff
4982,88154ac05bfffff
4983,88154a59ebfffff
4984,88154a5547fffff
4985,88155d2b37fffff
4986,881559c2e1fffff
4987,88154acf63fffff
4988,88154a5ae7fffff
4989,88155d2b6bfffff
4990,88155d2c11fffff
4991,881559db03fffff
4992,8815583413fffff
4993,88154acc87fffff
4994,88155d055dfffff
4995,88155d068dfffff
4996,88154a5853fffff
4997,881559d75dfffff
4998,88155d2f3dfffff
4999,881559d8c3fffff
5000,88154a5907fffff
5001,88155996c5fffff
5002,88155d26c7fffff
5003,881559d2b3fffff
5004,88155d6de7fffff
5005,88154aca1bfffff
5006,88154a5895fffff
5007,881558a4a3fffff
5008,8815598aedfffff
5009,88155d7253fffff
5010,88155995b7fffff
5011,881559d6c3fffff
5012,88155d20e7fffff
5013,88155d3589fffff
5014,88155d0e1dfffff
5015,88155d2351fffff
5016,88155836d1fffff
5017,8815598ee5fffff
5018,88154ad853fffff
5019,881559948dfffff
5020,88155d6d5bfffff
5021,88154a588dfffff
5022,88154ada0bfffff
5023,88154a495bfffff
5024,881558303bfffff
5025,88155d6e3bfffff
5026,88155d31c5fffff
5027,88154a42d9fffff
5028,88155d6cd9fffff
5029,88155d0911fffff
5030,88155d328bfffff
5031,88155d20bdfffff
5032,88155821dbfffff
5033,8815583453fffff
5034,881559941dfffff
5035,8815599155fffff
5036,88154ad1cbfffff
5037,881558a6b1fffff
5038,88154a590bfffff
5039,8815598a81fffff
5040,88154a5ad3fffff
5041,8815598c65fffff
5042,8815598225fffff
5043,881559db27fffff
5044,88154a520bfffff
5045,88155d61bdfffff
5046,88155831a3fffff
5047,88155d38d3fffff
5048,88154a583dfffff
5049,88154a59e9fffff
5050,881559811dfffff
5051,88155d7a2dfffff
5052,88155991dbfffff
5053,88154ad191fffff
5054,88155d355dfffff
5055,88154ac9c5fffff
5056,88155d2a87fffff
5057,88154a51cdfffff
5058,88155984dbfffff
5059,88155d31a7fffff
5060,8815598aabfffff
5061,88155d69edfffff
5062,88154a4325fffff
5063,88155d3a4dfffff
5064,88155d7545fffff
5065,88155d2b55fffff
5066,8815583a15fffff
5067,88155d3257fffff
5068,881559d1cbfffff
5069,8815583683fffff
5070,8815582449fffff
5071,88155d236dfffff
5072,8815599193fffff
5073,881559d247fffff
5074,88154ad891fffff
5075,88155d769dfffff
5076,88155d6f0dfffff
5077,88155d2513fffff
5078,88155d75b5fffff
5079,8815582141fffff
5080,881559c029fffff
5081,881559841bfffff
5082,88155821c1fffff
5083,88154a59adfffff
5084,88154ad89dfffff
5085,88155d6899fffff
5086,881559d617fffff
5087,88154adab5fffff
5088,88155da9bbfffff
5089,88154ad1a3fffff
5090,88155d0e5bfffff
5091,88155d635bfffff
5092,8815583451fffff
5093,88154accbdfffff
5094,881559d71bfffff
5095,88155d7747fffff
5096,88155985d1fffff
5097,88155d65e3fffff
5098,88155d6de5fffff
5099,8815599661fffff
5100,881558a69bfffff
5101,88154a4b49fffff
5102,88155d3823fffff
5103,88155d3147fffff
5104,88155d0c03fffff
5105,88155d6635fffff
5106,88155836c7fffff
5107,88155d2b2dfffff
5108,88154a535bfffff
5109,88154ad8a1fffff
5110,88155d3441fffff
5111,88154a55e3fffff
5112,8815582335fffff
5113,881559bb5dfffff
5114,88155d7761fffff
5115,88155d6ccdfffff
5116,88155d2905fffff
5117,88155d0687fffff
5118,88154acf31fffff
5119,8815599a05fffff
5120,88155d7b15fffff
5121,88154ac033fffff
5122,88155d2981fffff
5123,88155d6563fffff
5124,881559b843fffff
5125,88154a5b03fffff
5126,8815599329fffff
5127,88155994b7fffff
5128,88155d2691fffff
5129,88155d261bfffff
5130,88155d661dfffff
5131,88154ad823fffff
5132,88155835b3fffff
5133,8815598833fffff
5134,88154acc63fffff
5135,8815582249fffff
5136,88155d440dfffff
5137,88154ac83dfffff
5138,88155d7a19fffff
5139,8815582e69fffff
5140,88155d0ec3fffff
5141,881558223dfffff
5142,88155da5a5fffff
5143,88155d6725fffff
5144,88155d760dfffff
5145,88154a4b69fffff
5146,88154a5267fffff
5147,88155d762dfffff
5148,881558a595fffff
5149,88155822adfffff
5150,88155d6a11fffff
5151,88154a4311fffff
5152,88155d6461fffff
5153,881559ba6bfffff
5154,881558359dfffff
5155,88155d3b53fffff
5156,88155d0c81fffff
5157,88155d2329fffff
5158,8815582e51fffff
5159,8815582231fffff
5160,88155832b5fffff
5161,88155d69b7fffff
5162,881559856dfffff
5163,881559d219fffff
5164,8815599009fffff
5165,881558351bfffff
5166,88155d2a19fffff
5167,88155996e7fffff
5168,88154a5a41fffff
5169,88155d4543fffff
5170,88155d66a3fffff
5171,88154a51e3fffff
5172,88155995c5fffff
5173,88154a5369fffff
5174,88155d6a13fffff
5175,88154a5b55fffff
5176,88154a5169fffff
5177,88155d7301fffff
5178,88155d7b61fffff
5179,88155d29adfffff
5180,88155d70adfffff
5181,88155d3903fffff
5182,881559d8bdfffff
5183,88154a5297fffff
5184,8815582359fffff
5185,88154a52c3fffff
5186,8815598499fffff
5187,88154ac22bfffff
5188,88154ac1c5fffff
5189,88154ad943fffff
5190,88155d0f61fffff
5191,88155d0e67fffff
5192,88155d75dbfffff
5193,88155d684dfffff
5194,88154a5ac9fffff
5195,88155d0827fffff
5196,88155d2745fffff
5197,88154a583bfffff
5198,881558225dfffff
5199,88154a5985fffff
5200,88155d622dfffff
5201,88154ac269fffff
5202,88155d3289fffff
5203,88155835a5fffff
5204,8815599735fffff
5205,88155d2ebdfffff
5206,88154a4b2dfffff
5207,881559874bfffff
5208,88155d62d5fffff
5209,88154a493dfffff
5210,88155d7569fffff
5211,88154ad9bdfffff
5212,88155da633fffff
5213,88154ac0a9fffff
5214,88155d2d0bfffff
5215,88155d3949fffff
5216,88155d451bfffff
5217,88155d64cbfffff
5218,88155d6845fffff
5219,8815583405fffff
5220,88155d3245fffff
5221,88155d715dfffff
5222,88155da491fffff
5223,8815598503fffff
5224,88155d3097fffff
5225,88155d6631fffff
5226,8815599887fffff
5227,88155d289dfffff
5228,88155d2d0dfffff
5229,881558b6d3fffff
5230,88155d78c3fffff
5231,8815599157fffff
5232,88155d7441fffff
5233,8815598ae1fffff
5234,8815582723fffff
5235,8815582445fffff
5236,88155981c3fffff
5237,8815599637fffff
5238,88155d6f17fffff
5239,88155d06bdfffff
5240,88155d0dc3fffff
5241,88155d24e1fffff
5242,88155d2c1bfffff
5243,88155d3635fffff
5244,88154ac219fffff
5245,88154ad8c9fffff
5246,88155d2e1dfffff
5247,88155994b9fffff
5248,88154a51c1fffff
5249,88155da545fffff
5250,88155d6ed9fffff
5251,88155d7311fffff
5252,88154a5b67fffff
5253,88155d34e7fffff
5254,88155da42dfffff
5255,88155d64c1fffff
5256,88155d2039fffff
5257,881559c61bfffff
5258,88155d0f31fffff
5259,88155d45b9fffff
5260,8815598637fffff
5261,88154ad035fffff
5262,88155d6209fffff
5263,881559da63fffff
5264,88155da599fffff
5265,88154ac1d3fffff
5266,88155d7045fffff
5267,8815598ec5fffff
5268,88155d2f5bfffff
5269,881558a499fffff
5270,881559c2c7fffff
5271,881559d335fffff
5272,88155835b1fffff
5273,88154a52cbfffff
5274,88155d3165fffff
5275,88155d26adfffff
5276,8815591259fffff
5277,88155d38c7fffff
5278,8815598903fffff
5279,88155d2101fffff
5280,88155daec9fffff
5281,881559b363fffff
5282,8815599131fffff
5283,881559d9d3fffff
5284,881559da11fffff
5285,881558329bfffff
5286,88155d2f27fffff
5287,88154a4831fffff
5288,88155d6999fffff
5289,88155d22a7fffff
5290,881559d023fffff
5291,88155d3669fffff
5292,88155d0eb5fffff
5293,88155dade3fffff
5294,88154ac10bfffff
5295,88155d0cd3fffff
5296,88155d3733fffff
5297,88154a5821fffff
5298,881559d70bfffff
5299,881559db33fffff
5300,881559d8c7fffff
5301,88155d2d59fffff
5302,88154a536dfffff
5303,88154acb57fffff
5304,88155985c1fffff
5305,8815599427fffff
5306,88155d71ebfffff
5307,88154a5aebfffff
5308,88155d6639fffff
5309,88154a4711fffff
5310,88155d325bfffff
5311,88155d2215fffff
5312,88155d62cbfffff
5313,88154ac0edfffff
5314,88155d0d17fffff
5315,88155984e3fffff
5316,88155988c9fffff
5317,88155d20b5fffff
5318,88155d7259fffff
5319,88155d2e3bfffff
5320,8815598953fffff
5321,88155d2e51fffff
5322,881559d6cbfffff
5323,88154ad855fffff
5324,88155996d9fffff
5325,88154ace59fffff
5326,88155dac17fffff
5327,88154ac183fffff
5328,88155d2337fffff
5329,881559d347fffff
5330,88155d354bfffff
5331,8815599b2bfffff
5332,88154ac209fffff
5333,88155d3951fffff
5334,88155998a9fffff
5335,881559ba61fffff
5336,88155d263bfffff
5337,88154a5a07fffff
5338,88155dae07fffff
5339,88155d30b5fffff
5340,88155d71abfffff
5341,8815598493fffff
5342,881559d2b7fffff
5343,88155985e3fffff
5344,881559d213fffff
5345,88155d2225fffff
5346,881559b9c1fffff
5347,88155d46d9fffff
5348,88155daf59fffff
5349,881559d4ddfffff
5350,88155d2361fffff
5351,881558aca3fffff
5352,88155d2345fffff
5353,88155dad95fffff
5354,8815583a13fffff
5355,88155d3665fffff
5356,8815598f3bfffff
5357,88155d6b01fffff
5358,88155d0cc5fffff
5359,88154ad1e1fffff
5360,88154ad95bfffff
5361,88155d2115fffff
5362,88154a4b33fffff
5363,8815598c93fffff
5364,88155d0e9bfffff
5365,88155d4639fffff
5366,88155990e1fffff
5367,88155d675dfffff
5368,881559c057fffff
5369,88155d208dfffff
5370,88155d75e7fffff
5371,88155da53dfffff
5372,88154ac9dbfffff
5373,88155d2549fffff
5374,88155dae1dfffff
5375,88155d65e9fffff
5376,88155d3ac7fffff
5377,88155832b1fffff
5378,8815599509fffff
5379,8815582209fffff
5380,881558aed9fffff
5381,88155d6523fffff
5382,88154a59e1fffff
5383,8815598d07fffff
5384,88154ac857fffff
5385,8815582e6dfffff
5386,88155d2a9bfffff
5387,881559cb2dfffff
5388,88155d3a93fffff
5389,8815598409fffff
5390,88155d6a8dfffff
5391,88154ad995fffff
5392,881559d901fffff
5393,88155d28c5fffff
5394,88155d45b7fffff
5395,88155d6009fffff
5396,88155d44b9fffff
5397,881559d6a5fffff
5398,88155dac23fffff
5399,881559d6a1fffff
5400,88155d2c07fffff
5401,8815599335fffff
5402,88155d292dfffff
5403,88154ada19fffff
5404,881559d041fffff
5405,88155d3ab3fffff
5406,88154acf01fffff
5407,88154ac84dfffff
5408,881559823dfffff
5409,88155d3131fffff
5410,88155992b3fffff
5411,88154ad1e5fffff
5412,8815598ebbfffff
5413,881559da59fffff
5414,88155dae15fffff
5415,88154aca2bfffff
5416,88154a5523fffff
5417,88155d0dd9fffff
5418,881559d547fffff
5419,881559d827fffff
5420,88155d6e29fffff
5421,881559d92bfffff
5422,88155d7549fffff
5423,88154ad84bfffff
5424,88154ad8adfffff
5425,88154a5a43fffff
5426,88155d6cd5fffff
5427,88154a5143fffff
5428,881559d327fffff
5429,881559834bfffff
5430,88155980d5fffff
5431,88155d6dedfffff
5432,8815583857fffff
5433,88154ace47fffff
5434,8815599639fffff
5435,88154acf29fffff
5436,88154ac9cbfffff
5437,88154a50b9fffff
5438,88155d7313fffff
5439,88155d249bfffff
5440,881559c049fffff
5441,88155d70e3fffff
5442,88155836b9fffff
5443,88154acc31fffff
5444,88154acc0dfffff
5445,88154a5a21fffff
5446,88154a5049fffff
5447,8815583135fffff
5448,881559d115fffff
5449,88155d6a45fffff
5450,88155d6f65fffff
5451,88155d7a4dfffff
5452,88154acda7fffff
5453,88155d0885fffff
5454,88154a410bfffff
5455,88155830e7fffff
5456,88155d0551fffff
5457,8815583555fffff
5458,88155d05a7fffff
5459,88155980b3fffff
5460,88154ac8b1fffff
5461,88155d7401fffff
5462,88154ada31fffff
5463,881559955dfffff
5464,88155d2265fffff
5465,88155d66e9fffff
5466,881559d5e3fffff
5467,88154acb3dfffff
5468,88155832c5fffff
5469,8815583187fffff
5470,88155988d5fffff
5471,88154a4143fffff
5472,881559da19fffff
5473,8815599763fffff
5474,88154a4b3bfffff
5475,88155d2f67fffff
5476,881559992dfffff
5477,88155dacd5fffff
5478,8815598e03fffff
5479,881558352bfffff
5480,881559c251fffff
5481,88155d455dfffff
5482,88154a5b35fffff
5483,88155d385dfffff
5484,88155d0c07fffff
5485,88155d2abdfffff
5486,8815598665fffff
5487,88154a5251fffff
5488,88155834c9fffff
5489,881559d067fffff
5490,881559d03dfffff
5491,88155d45edfffff
5492,88155d64bdfffff
5493,88154a484dfffff
5494,88155d263dfffff
5495,88155d396dfffff
5496,88155d44b5fffff
5497,881559989dfffff
5498,88155d39c5fffff
5499,881559d737fffff
5500,881559d053fffff
5501,88155d2139fffff
5502,8815583841fffff
5503,88154a426bfffff
5504,88155d7425fffff
5505,88155d3003fffff
5506,88155d2583fffff
5507,881559d715fffff
5508,88155d6c85fffff
5509,88155d2a13fffff
5510,8815598427fffff
5511,8815599941fffff
5512,881559996dfffff
5513,8815598eddfffff
5514,881558ad0dfffff
5515,88154a491dfffff
5516,88155d0421fffff
5517,881558ac83fffff
5518,8815583a5bfffff
5519,88155986a5fffff
5520,88155d3941fffff
5521,88154acdc7fffff
5522,88155990b1fffff
5523,88155d3067fffff
5524,88155d76e7fffff
5525,88155d6da7fffff
5526,881559802bfffff
5527,8815583695fffff
5528,88155d36e5fffff
5529,88155d6a55fffff
5530,88154a5665fffff
5531,88155d2e87fffff
5532,88155d2517fffff
5533,881559d2a5fffff
5534,881558ac07fffff
5535,88155836b1fffff
5536,881559d533fffff
5537,88155d29d9fffff
5538,88155d269dfffff
5539,8815582743fffff
5540,88154a4001fffff
5541,88154ac843fffff
5542,88154a4a09fffff
5543,8815582331fffff
5544,88154acea5fffff
5545,88155d62b9fffff
5546,88155d334bfffff
5547,88155d44ddfffff
5548,8815599b4bfffff
5549,8815598cc7fffff
5550,88155d39a5fffff
5551,88155d215bfffff
5552,88155dacbdfffff
5553,88154a5943fffff
5554,88155d70c7fffff
5555,881559c221fffff
5556,88155d66bbfffff
5557,881559b309fffff
5558,88154a470bfffff
5559,88155dae97fffff
5560,88154ad165fffff
5561,881559d0a5fffff
5562,88155d21a9fffff
5563,88154acf1bfffff
5564,881559b965fffff
5565,88154ac8ddfffff
5566,88154a4247fffff
5567,88154a51c3fffff
5568,881559c2c5fffff
5569,881559d2dbfffff
5570,88155994d7fffff
5571,881559960bfffff
5572,88155d2767fffff
5573,88154a51ddfffff
5574,88155d6d1dfffff
5575,88155da40bfffff
5576,88155dae39fffff
5577,88154a5201fffff
5578,88155838ddfffff
5579,88154a49adfffff
5580,8815598365fffff
5581,88155d6b5bfffff
5582,88154aca99fffff
5583,88154ad981fffff
5584,88155d765bfffff
5585,88154ac845fffff
5586,88155d2e81fffff
5587,88155d2b61fffff
5588,88154acc97fffff
5589,88155d3591fffff
5590,88155d458dfffff
5591,88155d36cdfffff
5592,88155d38e1fffff
5593,8815599857fffff
5594,88155836d9fffff
5595,88155d22edfffff
5596,881559c143fffff
5597,8815599147fffff
5598,88154a510dfffff
5599,88155d2f43fffff
5600,88154a4313fffff
5601,88155d74b9fffff
5602,88155820d3fffff
5603,88155d286bfffff
5604,88155d605bfffff
5605,88155d0c59fffff
5606,8815599b41fffff
5607,88155d0c99fffff
5608,88154a565dfffff
5609,881559d1a7fffff
5610,88155d68bdfffff
5611,881559c20bfffff
5612,8815583045fffff
5613,8815599ad3fffff
5614,88155d631dfffff
5615,88155d71d9fffff
5616,88155d7521fffff
5617,88155820c9fffff
5618,88155d0491fffff
5619,88155d38dbfffff
5620,88154ad809fffff
5621,8815598acbfffff
5622,8815598215fffff
5623,88155d6a87fffff
5624,881559d0c9fffff
5625,881559904dfffff
5626,881559d5c7fffff
5627,88155d698dfffff
5628,88155d7567fffff
5629,8815582659fffff
5630,88154ac8a1fffff
5631,88154a51a1fffff
5632,88155d6ac3fffff
5633,8815583aa3fffff
5634,88155992e1fffff
5635,8815582333fffff
5636,88155d6de3fffff
5637,881559d02dfffff
5638,88154ad941fffff
5639,88155d7843fffff
5640,88155d2b01fffff
5641,8815582e59fffff
5642,88154a5141fffff
5643,8815598229fffff
5644,88155d6081fffff
5645,8815599a43fffff
5646,88155d66cbfffff
5647,88155d30bbfffff
5648,88155d76cdfffff
5649,881558312bfffff
5650,88155d0e09fffff
5651,881559d039fffff
5652,88155d32ddfffff
5653,88155d6289fffff
5654,88155d6883fffff
5655,88155d3b37fffff
5656,88154a5069fffff
5657,88155d7185fffff
5658,88155d3893fffff
5659,88155d0ce9fffff
5660,88155d0f23fffff
5661,8815583521fffff
5662,88154ace63fffff
5663,88154a5a5dfffff
5664,88154acad5fffff
5665,88155d2d53fffff
5666,88155d6a1bfffff
5667,881559d04dfffff
5668,8815583047fffff
5669,8815598e3dfffff
5670,88155d69a1fffff
5671,88155da43bfffff
5672,88155d7135fffff
5673,88155d2c51fffff
5674,881559950bfffff
5675,88154adb5bfffff
5676,88155822c5fffff
5677,881558acdbfffff
5678,8815598363fffff
5679,88154a4b5dfffff
5680,8815583425fffff
5681,88155d649dfffff
5682,88155994abfffff
5683,88154ac1c1fffff
5684,8815599aa7fffff
5685,8815598487fffff
5686,88155d769bfffff
5687,8815582609fffff
5688,88154acd57fffff
5689,88155d3543fffff
5690,88154a42a3fffff
5691,88155d2563fffff
5692,88155d450dfffff
5693,88155d242bfffff
5694,8815599605fffff
5695,88155d2051fffff
5696,88155d4507fffff
5697,88155d729dfffff
5698,88154a483bfffff
5699,881559d01dfffff
5700,88154ac9c9fffff
5701,881558358bfffff
5702,88155d2443fffff
5703,88155d6989fffff
5704,8815599487fffff
5705,88155986ebfffff
5706,881559c347fffff
5707,88155d7b51fffff
5708,88154ada35fffff
5709,88154aca51fffff
5710,88154ada8dfffff
5711,8815582e3dfffff
5712,88155d3557fffff
5713,88155d6167fffff
5714,88155986c5fffff
5715,881559d9a5fffff
5716,881559ba51fffff
5717,8815599665fffff
5718,88155d21abfffff
5719,8815598ee3fffff
5720,88155d70a9fffff
5721,88155d2ed7fffff
5722,88155d08d7fffff
5723,88155d2005fffff
5724,88155d2653fffff
5725,88155d664bfffff
5726,88155988c7fffff
5727,88155981edfffff
5728,88155d36abfffff
5729,88154a55c9fffff
5730,88155d76ebfffff
5731,88154a49a5fffff
5732,88155992e9fffff
5733,88155d35a1fffff
5734,88154a40c5fffff
5735,88155d6cbdfffff
5736,881559d9adfffff
5737,88154ad915fffff
5738,88155d6625fffff
5739,88155d09b9fffff
5740,88154acf09fffff
5741,8815598021fffff
5742,88155d384bfffff
5743,88155995a5fffff
5744,88155d2e05fffff
5745,88154a4341fffff
5746,88154ac935fffff
5747,88155d7487fffff
5748,88155d3b15fffff
5749,8815598051fffff
5750,881558acbbfffff
5751,88155d2643fffff
5752,88155d6e55fffff
5753,88154a492dfffff
5754,88154a49edfffff
5755,88155d04ddfffff
5756,88155d4439fffff
5757,88155d45bdfffff
5758,881559946bfffff
5759,88155d45abfffff
5760,881559c20dfffff
5761,88155d780bfffff
5762,88154ac0b9fffff
5763,88154a4059fffff
5764,8815598ed7fffff
5765,8815598931fffff
5766,88155da8e3fffff
5767,88155da9c5fffff
5768,881559976dfffff
5769,8815598c4bfffff
5770,88154a5a95fffff
5771,8815583223fffff
5772,88154a4049fffff
5773,8815598eb5fffff
5774,8815599589fffff
5775,88154a5585fffff
5776,88155d6db7fffff
5777,88155da989fffff
5778,88154adab9fffff
5779,88154a5867fffff
5780,881559d841fffff
5781,881559d223fffff
5782,88154a5033fffff
5783,88155d0599fffff
5784,88155d6349fffff
5785,88154ac253fffff
5786,88155d4553fffff
5787,88155d6e07fffff
5788,88155d342bfffff
5789,88155d0ed3fffff
5790,88154ad139fffff
5791,88155d444bfffff
5792,8815582735fffff
5793,88154a4957fffff
5794,8815598725fffff
5795,88155daec7fffff
5796,88155d7b5dfffff
5797,881558310bfffff
5798,88155d32cdfffff
5799,88155d2f47fffff
5800,88155d79e3fffff
5801,88155d6567fffff
5802,88155d0f3bfffff
5803,88155d7659fffff
5804,88155d2863fffff
5805,88154a5b07fffff
5806,88154a42d7fffff
5807,88155822ebfffff
5808,88155d3143fffff
5809,88155d0519fffff
5810,881559d69bfffff
5811,8815583151fffff
5812,8815599057fffff
5813,88154a50bdfffff
5814,88154a4967fffff
5815,88155d299dfffff
5816,88155d6515fffff
5817,88154a52d3fffff
5818,881559d63dfffff
5819,8815582183fffff
5820,8815583619fffff
5821,881559d981fffff
5822,88155d7887fffff
5823,88155d2949fffff
5824,881558adb1fffff
5825,88154a5001fffff
5826,8815599337fffff
5827,88155d6cddfffff
5828,88155d6b5dfffff
5829,88155d0c67fffff
5830,88155d7331fffff
5831,88155d0e3dfffff
5832,88155d645dfffff
5833,88155d7207fffff
5834,88155d2ab5fffff
5835,881558a6ddfffff
5836,88154ac8d5fffff
5837,88155d645bfffff
5838,881558ae93fffff
5839,88155d2939fffff
5840,881559d96bfffff
5841,8815598827fffff
5842,88154ac8c7fffff
5843,8815598e49fffff
5844,88154a49a3fffff
5845,88155d6f63fffff
5846,881559c2d9fffff
5847,88155d2065fffff
5848,88155d7a89fffff
5849,8815582127fffff
5850,8815599249fffff
5851,881558adb3fffff
5852,8815598ebdfffff
5853,88155834d1fffff
5854,8815582237fffff
5855,88155d7addfffff
5856,88154a485bfffff
5857,88155d7891fffff
5858,88154a483dfffff
5859,88155dad55fffff
5860,8815582719fffff
5861,88154a5905fffff
5862,881559da5bfffff
5863,88155d3657fffff
5864,88154ad1e3fffff
5865,8815599247fffff
5866,88155d0489fffff
5867,88154ac8e9fffff
5868,88155d0685fffff
5869,88155d2103fffff
5870,88154a526bfffff
5871,88154a5023fffff
5872,88155d7827fffff
5873,881559d419fffff
5874,88155da493fffff
5875,88155da469fffff
5876,8815599345fffff
5877,8815598a8bfffff
5878,881559c155fffff
5879,88154acd63fffff
5880,88154a5abbfffff
5881,8815598161fffff
5882,881558a5e5fffff
5883,88155d24a5fffff
5884,88155d6017fffff
5885,88155d76c5fffff
5886,88155d2a63fffff
5887,8815599a29fffff
5888,88155d6dbbfffff
5889,88155d6027fffff
5890,88154ad1c7fffff
5891,88155d64a1fffff
5892,8815599695fffff
5893,88155831d5fffff
5894,881559d899fffff
5895,88154ac19bfffff
5896,88155d6ed5fffff
5897,88155991a3fffff
5898,8815598c45fffff
5899,88155d7753fffff
5900,88155d2ed1fffff
5901,88154aca8bfffff
5902,88155d6e05fffff
5903,88155d2b35fffff
5904,88155d7841fffff
5905,881558af1bfffff
5906,88154a42b1fffff
5907,881559d951fffff
5908,881558368bfffff
5909,88155d3761fffff
5910,88155821e7fffff
5911,88155d4591fffff
5912,88155d2d89fffff
5913,88155d3121fffff
5914,88155d6dc9fffff
5915,8815598ee7fffff
5916,88155d0d8bfffff
5917,881559940dfffff
5918,88155d2cdbfffff
5919,88154a5243fffff
5920,88154adb4bfffff
5921,88154ad953fffff
5922,88155d2283fffff
5923,881559d94bfffff
5924,88154acd01fffff
5925,88155d6db3fffff
5926,881559da03fffff
5927,881558370bfffff
5928,88155d79b7fffff
5929,88155991abfffff
5930,881559c067fffff
5931,88155da4ebfffff
5932,88155d2641fffff
5933,881559d1e3fffff
5934,8815599431fffff
5935,88154a5a45fffff
5936,881559db55fffff
5937,88154ac35dfffff
5938,88155d7003fffff
5939,88155d6605fffff
5940,88155d6c27fffff
5941,88154ad9d7fffff
5942,88155d6607fffff
5943,8815583749fffff
5944,88155d6b05fffff
5945,88155d26c1fffff
5946,88154a5341fffff
5947,8815598b31fffff
5948,88155d6f1bfffff
5949,8815598715fffff
5950,88154ac0a7fffff
5951,88155d2699fffff
5952,8815599a35fffff
5953,88155da8b5fffff
5954,8815599327fffff
5955,88155832e7fffff
5956,881559868bfffff
5957,881558ad85fffff
5958,88155d054bfffff
5959,88155832a9fffff
5960,881559c611fffff
5961,88154ac1e9fffff
5962,88155daf43fffff
5963,881559b861fffff
5964,881559d10bfffff
5965,8815599a17fffff
5966,88155d352dfffff
5967,88155836d5fffff
5968,88154adab1fffff
5969,88155d68edfffff
5970,88155832cbfffff
5971,881559d6c1fffff
5972,88155996a5fffff
5973,88154a5763fffff
5974,88154ac9d7fffff
5975,88155820b1fffff
5976,88155d243dfffff
5977,881559c23dfffff
5978,88155d0eb3fffff
5979,88155d6283fffff
5980,88155d60b5fffff
5981,88155d7b17fffff
5982,881558ac81fffff
5983,881559d1d3fffff
5984,88155989abfffff
5985,88155d3805fffff
5986,881558371dfffff
5987,88155d6a95fffff
5988,88155da5c3fffff
5989,881559d6b5fffff
5990,881559999dfffff
5991,88155d24bbfffff
5992,88155d3009fffff
5993,88155d7523fffff
5994,88155d2747fffff
5995,8815598407fffff
5996,88154adb0dfffff
5997,88155d6a1dfffff
5998,881558aebbfffff
5999,881559d759fffff
6000,88155d3457fffff
6001,88155d0d6bfffff
6002,88155d08a9fffff
6003,88155d6b03fffff
6004,88154a41cbfffff
6005,881559d5d7fffff
6006,88154a50c9fffff
6007,88155d730bfffff
6008,88155d6e15fffff
6009,88155d2a15fffff
6010,881558ad4bfffff
6011,88155d32a5fffff
6012,881559bb3bfffff
6013,88155d0541fffff
6014,88155d34d7fffff
6015,8815599b49fffff
6016,88155836e5fffff
6017,88155d2d1dfffff
6018,88155d2013fffff
6019,8815599625fffff
6020,88155d2ae5fffff
6021,88155d3b57fffff
6022,88154ac043fffff
6023,881559820bfffff
6024,88154a5153fffff
6025,88155d2e89fffff
6026,881559d019fffff
6027,881559d46bfffff
6028,881559bb05fffff
6029,88155d61c1fffff
6030,88155d75b3fffff
6031,881558ae9dfffff
6032,88155d32b5fffff
6033,8815598325fffff
6034,88155d22c7fffff
6035,881558211bfffff
6036,88154ad907fffff
6037,881559db09fffff
6038,881558af13fffff
6039,88154acca7fffff
6040,88155d29cdfffff
6041,88154a566dfffff
6042,8815583739fffff
6043,88155d6083fffff
6044,88155d28b7fffff
6045,88154a5a4bfffff
6046,88155994c5fffff
6047,88154ad13dfffff
6048,881559875bfffff
6049,88154a5647fffff
6050,88155da987fffff
6051,88155d39c3fffff
6052,8815599939fffff
6053,88154a561dfffff
6054,88155da5abfffff
6055,881559db61fffff
6056,88155d6d4dfffff
6057,88155d21cdfffff
6058,88154ada11fffff
6059,88155d2229fffff
6060,881559d4d7fffff
6061,88155d0d55fffff
6062,8815599259fffff
6063,88154a4319fffff
6064,88154acac5fffff
6065,88155d6d01fffff
6066,8815598255fffff
6067,881559bb4bfffff
6068,881559804dfffff
6069,88155d6a49fffff
6070,88154a5757fffff
6071,88155d2b41fffff
6072,881559c323fffff
6073,88155d65b9fffff
6074,88155d0cddfffff
6075,8815583437fffff
6076,88155da8dbfffff
6077,88155d08ebfffff
6078,8815598a65fffff
6079,8815598111fffff
6080,88155822c1fffff
6081,88155d214bfffff
6082,88154a5521fffff
6083,88155d68b3fffff
6084,88155d66c3fffff
6085,881559905dfffff
6086,88154a4719fffff
6087,88154a4b17fffff
6088,88155d3583fffff
6089,88155d3123fffff
6090,88155d3b45fffff
6091,8815598311fffff
6092,88154ad9c9fffff
6093,88155d6dd5fffff
6094,88155d09ddfffff
6095,881559891bfffff
6096,88154aca33fffff
6097,881559809dfffff
6098,88155981c9fffff
6099,881559ca61fffff
6100,88155d7809fffff
6101,8815583ad7fffff
6102,8815598865fffff
6103,8815598883fffff
6104,88154a4a59fffff
6105,88155d6213fffff
6106,88155d35c5fffff
6107,88154ad819fffff
6108,88155d6ddbfffff
6109,8815599885fffff
6110,88155d3731fffff
6111,88155d6c53fffff
6112,88155d79e7fffff
6113,88155d44bbfffff
6114,88155d05ddfffff
6115,88154accc7fffff
6116,88155d298bfffff
6117,88155d3455fffff
6118,88155d2cddfffff
6119,8815583a35fffff
6120,88154a5655fffff
6121,88155d24e3fffff
6122,88155d7939fffff
6123,88154a5751fffff
6124,88154ad9b9fffff
6125,881559d88bfffff
6126,88155d0f6bfffff
6127,881559d48bfffff
6128,8815583065fffff
6129,88155d35c9fffff
6130,88155d06e3fffff
6131,881559d1a1fffff
6132,881558389bfffff
6133,88155d6085fffff
6134,88155d3001fffff
6135,88155d71bdfffff
6136,88155d3423fffff
6137,881558ae83fffff
6138,88154ac8b9fffff
6139,88154a5a85fffff
6140,88155da563fffff
6141,88154a4b25fffff
6142,88155d2451fffff
6143,88155d64a9fffff
6144,881558ad2bfffff
6145,88155830bdfffff
6146,88155d0f47fffff
6147,88155d7b6bfffff
6148,88155d7467fffff
6149,88155d25c3fffff
6150,8815599a23fffff
6151,88155d68a3fffff
6152,88154a5619fffff
6153,88155d451dfffff
6154,8815598aadfffff
6155,881558372bfffff
6156,88154a50a5fffff
6157,8815598343fffff
6158,8815598289fffff
6159,8815598259fffff
6160,88155d4ed5fffff
6161,88155d6c23fffff
6162,88155da5c5fffff
6163,88155d721dfffff
6164,88155d2ecdfffff
6165,881558366bfffff
6166,88155daf4bfffff
6167,88155d06abfffff
6168,88155d3625fffff
6169,88155d3809fffff
6170,88155da581fffff
6171,88155d2835fffff
6172,88154a560dfffff
6173,88155d2c3bfffff
6174,881559dae5fffff
6175,8815598d2bfffff
6176,881559845dfffff
6177,88155daea5fffff
6178,881558220bfffff
6179,881559842bfffff
6180,88155da999fffff
6181,88155d6d4bfffff
6182,88155d708dfffff
6183,88155995edfffff
6184,88155d3219fffff
6185,88154aca43fffff
6186,881559821bfffff
6187,88154ada43fffff
6188,88155d6011fffff
6189,88155d318dfffff
6190,8815583637fffff
6191,88155d3891fffff
6192,88154acc1bfffff
6193,88154ace29fffff
6194,88155994e1fffff
6195,8815598ae7fffff
6196,88155d6b17fffff
6197,88155dade1fffff
6198,88154a400dfffff
6199,881559db4bfffff
6200,88154a50c3fffff
6201,881559801bfffff
6202,88154ac8a7fffff
6203,88155d754dfffff
6204,8815598e3bfffff
6205,88155d0559fffff
6206,88155d79a1fffff
6207,88155991edfffff
6208,88155dad83fffff
6209,88155994e3fffff
6210,88155d79adfffff
6211,88155d6e25fffff
6212,88155984a5fffff
6213,88155d6d05fffff
6214,881559d105fffff
6215,88155d235bfffff
6216,88155d2035fffff
6217,88155d6657fffff
6218,881559b943fffff
6219,881558315dfffff
6220,881559b947fffff
6221,88155d058bfffff
6222,88155d6dd9fffff
6223,88155d7319fffff
6224,8815583467fffff
6225,88155d2405fffff
6226,88154a5035fffff
6227,88155d46bdfffff
6228,88154ace6bfffff
6229,881559db53fffff
6230,881558a6b7fffff
6231,88155d6465fffff
6232,88155d6719fffff
6233,8815582acbfffff
6234,88155d30e9fffff
6235,881558308bfffff
6236,881558362dfffff
6237,88155d31c7fffff
6238,881558aedbfffff
6239,88155d76bdfffff
6240,88154a196bfffff
6241,88155984d9fffff
6242,88155982a1fffff
6243,88155d3851fffff
6244,88155d368bfffff
6245,881559d09bfffff
6246,88155d3ab1fffff
6247,88155d64b3fffff
6248,8815598127fffff
6249,88155d371dfffff
6250,88155da437fffff
6251,88155982d9fffff
6252,88155835c5fffff
6253,881559ba01fffff
6254,881559ba43fffff
6255,881558333bfffff
6256,88154a5501fffff
6257,88155d2491fffff
6258,8815598203fffff
6259,88154accc3fffff
6260,88155d7755fffff
6261,88154a425dfffff
6262,8815598f09fffff
6263,88155d341bfffff
6264,88155d6215fffff
6265,88155d3253fffff
6266,88154ada93fffff
6267,88154a5043fffff
6268,88154a5503fffff
6269,8815582309fffff
6270,8815599909fffff
6271,88155d7453fffff
6272,88155d2431fffff
6273,881559ba45fffff
6274,88154ac151fffff
6275,8815599183fffff
6276,88154a5087fffff
6277,88154a49e5fffff
6278,88155d25b3fffff
6279,88155daeddfffff
6280,88154a50b1fffff
6281,881559d0d1fffff
6282,88154ad99dfffff
6283,88155d68e7fffff
6284,88154ac847fffff
6285,8815599981fffff
6286,88154a481dfffff
6287,88154ac959fffff
6288,8815582a91fffff
6289,88154acecdfffff
6290,88154ad925fffff
6291,88155d09e7fffff
6292,8815583759fffff
6293,881559945bfffff
6294,88155d4713fffff
6295,88154ada9dfffff
6296,881558ada3fffff
6297,88155d6437fffff
6298,8815599a95fffff
6299,88155d05c3fffff
6300,881559d839fffff
6301,88155d76d3fffff
6302,881558244dfffff
6303,881559d21dfffff
6304,88155da419fffff
6305,88154aca91fffff
6306,88154a5839fffff
6307,88155d2a09fffff
6308,8815599681fffff
6309,88154a5317fffff
6310,88155d74adfffff
6311,881559b94dfffff
6312,88155d00bbfffff
6313,8815598e53fffff
6314,881559c357fffff
6315,881559d2d5fffff
6316,88155d0829fffff
6317,881559db41fffff
6318,88155d38c1fffff
6319,8815583631fffff
6320,88155986abfffff
6321,88154ac8c5fffff
6322,8815599701fffff
6323,881559d163fffff
6324,8815599737fffff
6325,88155d2423fffff
6326,88155d05abfffff
6327,88155d6901fffff
6328,8815599835fffff
6329,88154adb49fffff
6330,88154a58b1fffff
6331,88154acc05fffff
6332,88155d6c99fffff
6333,88155d3181fffff
6334,881558a5b9fffff
6335,88154a5513fffff
6336,88155d3a43fffff
6337,88155d3485fffff
6338,88155d264bfffff
6339,8815599993fffff
6340,881559b969fffff
6341,88154ad1a1fffff
6342,88155da547fffff
6343,8815583287fffff
6344,88155d38adfffff
6345,88154a49cdfffff
6346,88155d3301fffff
6347,8815599ae7fffff
6348,88155d62e9fffff
6349,88155832dbfffff
6350,88155d2e01fffff
6351,88155d750bfffff
6352,88155d29ddfffff
6353,88154adb3dfffff
6354,881559da93fffff
6355,88154a51ebfffff
6356,88155da6e7fffff
6357,88154ad991fffff
6358,88155d659dfffff
6359,8815599a87fffff
6360,881559943dfffff
6361,88154a42dbfffff
6362,88155d22e5fffff
6363,88155d7367fffff
6364,88155d44a7fffff
6365,88155d4615fffff
6366,88155d7917fffff
6367,88154a52b9fffff
6368,8815583313fffff
6369,88155d6019fffff
6370,881558ad23fffff
6371,88155d31bbfffff
6372,8815599b61fffff
6373,881559bb17fffff
6374,8815598d43fffff
6375,88155d0917fffff
6376,88155d2357fffff
6377,881559c311fffff
6378,88154a429bfffff
6379,88154ace6dfffff
6380,8815582113fffff
6381,88155da51bfffff
6382,88155d240dfffff
6383,88155d376dfffff
6384,88155d29e5fffff
6385,881559d161fffff
6386,881559d2d7fffff
6387,8815598b29fffff
6388,8815582763fffff
6389,881559805dfffff
6390,88155d3931fffff
6391,881558373dfffff
6392,88155d09d5fffff
6393,88154a4147fffff
6394,881559d909fffff
6395,88155d2e0dfffff
6396,88154ac965fffff
6397,8815598eb3fffff
6398,88155d7307fffff
6399,88155d273dfffff
6400,88154a5089fffff
6401,88155dac03fffff
6402,88155da551fffff
6403,881559955bfffff
6404,88155d7509fffff
6405,881559d13dfffff
6406,88155995b1fffff
6407,8815583427fffff
6408,881559ca65fffff
6409,88155d3a83fffff
6410,8815598481fffff
6411,88154a4ad9fffff
6412,881558ac35fffff
6413,88155dadc1fffff
6414,88154aca89fffff
6415,88155d250dfffff
6416,88155d06c7fffff
6417,88155dadadfffff
6418,88155d2021fffff
6419,88155d228bfffff
6420,88155d0803fffff
6421,88155d0dbbfffff
6422,88155d44c3fffff
6423,88154ac05dfffff
6424,88155d2555fffff
6425,88155da6a9fffff
6426,88155d728dfffff
6427,88155d6a65fffff
6428,881559d9bbfffff
6429,88154a49d1fffff
6430,88155d3a49fffff
6431,8815599889fffff
6432,8815591351fffff
6433,88155d0527fffff
6434,8815583a57fffff
6435,8815598455fffff
6436,88155984edfffff
6437,88154acda9fffff
6438,88154adb39fffff
6439,881559866bfffff
6440,881558229dfffff
6441,88155d3aa5fffff
6442,88155982adfffff
6443,88155d0e11fffff
6444,88155d7503fffff
6445,88154a4999fffff
6446,8815599653fffff
6447,88155d3b0bfffff
6448,88155d310bfffff
6449,881559d8a5fffff
6450,88155d2e33fffff
6451,88155d62dbfffff
6452,88155d6f3bfffff
6453,881559d8d5fffff
6454,88155d38e7fffff
6455,88155d71b9fffff
6456,8815599b19fffff
6457,88155dac4bfffff
6458,88155d3033fffff
6459,881559bae5fffff
6460,88155d6611fffff
6461,88155d6de1fffff
6462,88155994c9fffff
6463,88154ac341fffff
6464,881558323bfffff
6465,881558ac51fffff
6466,881559d303fffff
6467,88155d2625fffff
6468,88155d2b51fffff
6469,88154a502dfffff
6470,88155d393bfffff
6471,8815599a0dfffff
6472,88155d2655fffff
6473,88155d0da5fffff
6474,88155d74d7fffff
6475,88155d6931fffff
6476,881559bb19fffff
6477,88155980bbfffff
6478,88154a5229fffff
6479,88154a59bbfffff
6480,8815598ee9fffff
6481,88155d60d7fffff
6482,88154a4047fffff
6483,88155981c1fffff
6484,88154a432bfffff
6485,88155d7897fffff
6486,88155d3769fffff
6487,881559c965fffff
6488,881559c337fffff
6489,88155d6a93fffff
6490,8815598b25fffff
6491,88155d2e19fffff
6492,88154ad9b7fffff
6493,88155830e5fffff
6494,88154ace35fffff
6495,8815583aebfffff
6496,88155d26cbfffff
6497,88155d3091fffff
6498,881559da83fffff
6499,88154a433dfffff
6500,88154a558dfffff
6501,88155da515fffff
6502,8815599b51fffff
6503,88155d34dbfffff
6504,88154a5919fffff
6505,881558312dfffff
6506,8815598c09fffff
6507,8815598d0bfffff
6508,881558af15fffff
6509,88155d60b3fffff
6510,88155d209dfffff
6511,88155d25e3fffff
6512,881559d499fffff
6513,88155dac65fffff
6514,88155d35cbfffff
6515,881559d455fffff
6516,88154acb61fffff
6517,88155d3493fffff
6518,88154aca3dfffff
6519,88155d0583fffff
6520,88155d25e5fffff
6521,881559911bfffff
6522,88154ada25fffff
6523,88154a514dfffff
6524,88155dac53fffff
6525,881558a58dfffff
6526,8815598d4dfffff
6527,88155d32a3fffff
6528,88155999d9fffff
6529,88155d3957fffff
6530,881559d94dfffff
6531,88154aca95fffff
6532,88155d72a7fffff
6533,88154a5b2bfffff
6534,881558ad25fffff
6535,881558208bfffff
6536,88154a5953fffff
6537,8815598c97fffff
6538,881559d659fffff
6539,88155832ddfffff
6540,88155d043dfffff
6541,88155daf09fffff
6542,88154a4b65fffff
6543,88155d383bfffff
6544,88155d66c5fffff
6545,88155830b7fffff
6546,88154a4285fffff
6547,88155d0c25fffff
6548,88155d0533fffff
6549,88154a513bfffff
6550,88155da097fffff
6551,88155da533fffff
6552,88155d3a4bfffff
6553,88154ad885fffff
6554,88155d2b27fffff
6555,881558ac11fffff
6556,88155995b5fffff
6557,8815583a93fffff
6558,88154ac8a9fffff
6559,88154a551bfffff
6560,88154a5b5bfffff
6561,88155988ddfffff
6562,88155d0e2bfffff
6563,88155d62b1fffff
6564,88155d2a33fffff
6565,88155d2365fffff
6566,88154a5b19fffff
6567,88155da99bfffff
6568,88155d2d3dfffff
6569,88154a5027fffff
6570,8815599809fffff
6571,881559929dfffff
6572,88154aca21fffff
6573,88155996b1fffff
6574,88155984a1fffff
6575,881559d535fffff
6576,8815583461fffff
6577,88154a4a15fffff
6578,88155d7a3bfffff
6579,88155d32b9fffff
6580,88155835d5fffff
6581,881559988bfffff
6582,88155d6dc3fffff
6583,8815599a13fffff
6584,88154ac1adfffff
6585,88154a580dfffff
6586,88154a498bfffff
6587,88154a421bfffff
6588,8815599a85fffff
6589,88155d60c9fffff
6590,8815598a9dfffff
6591,88155d2e03fffff
6592,88154a4927fffff
6593,881558ac25fffff
6594,88155d2a31fffff
6595,88154a5291fffff
6596,8815599251fffff
6597,88155d62c7fffff
6598,8815582761fffff
6599,881559d64bfffff
6600,88155d0725fffff
6601,881558230bfffff
6602,881559d369fffff
6603,88155da511fffff
6604,88155da9ebfffff
6605,88155d2741fffff
6606,881559d109fffff
6607,88155d7607fffff
6608,8815598553fffff
6609,88154a5b05fffff
6610,88154a4837fffff
6611,8815582465fffff
6612,88155d3a69fffff
6613,88155d0f43fffff
6614,88155d7527fffff
6615,88155d44c1fffff
6616,8815599547fffff
6617,88154ad9e5fffff
6618,8815582283fffff
6619,88155d200bfffff
6620,88155da509fffff
6621,88154ac955fffff
6622,88155d3913fffff
6623,88154ac963fffff
6624,881559d313fffff
6625,881559d993fffff
6626,8815583441fffff
6627,88154a5467fffff
6628,88155d205dfffff
6629,8815583763fffff
6630,88154a4b11fffff
6631,88155d75a7fffff
6632,88155d6e09fffff
6633,881559d59dfffff
6634,88154a525bfffff
6635,881559991dfffff
6636,88155da58bfffff
6637,88154a5237fffff
6638,88154a5139fffff
6639,88154a5129fffff
6640,8815599b43fffff
6641,881559d2a3fffff
6642,881559901dfffff
6643,88155d21bdfffff
6644,881559880dfffff
6645,88154ada81fffff
6646,8815583163fffff
6647,88154a5933fffff
6648,88155d749dfffff
6649,88155d4421fffff
6650,88155d3447fffff
6651,88155d0493fffff
6652,88155d6661fffff
6653,88154ac159fffff
6654,88155da49bfffff
6655,88155d2ab1fffff
6656,88155821d9fffff
6657,88155d3249fffff
6658,88155d7597fffff
6659,88155d454dfffff
6660,881559d6adfffff
6661,88155d6d6bfffff
6662,88155d28e7fffff
6663,88155d3057fffff
6664,88154ac163fffff
6665,8815582e43fffff
6666,881559850bfffff
6667,88155d08e9fffff
6668,88155d6cb5fffff
6669,88154a4a69fffff
6670,88155d3367fffff
6671,881559d435fffff
6672,8815598029fffff
6673,88155d314bfffff
6674,881559c217fffff
6675,88154a5527fffff
6676,881558ad63fffff
6677,88154ac0a5fffff
6678,88154a4011fffff
6679,88154ad841fffff
6680,88155d254dfffff
6681,881559c355fffff
6682,88155d21b9fffff
6683,8815599233fffff
6684,88154ac0e7fffff
6685,8815599235fffff
6686,88154ace4dfffff
6687,88155d7623fffff
6688,881559819dfffff
6689,88155d7b13fffff
6690,88154a5815fffff
6691,88155d3813fffff
6692,88154ac995fffff
6693,88154a5231fffff
6694,88155d6835fffff
6695,8815598605fffff
6696,8815598695fffff
6697,88154a5217fffff
6698,88155d00bdfffff
6699,881559d8a7fffff
6700,88155d35d3fffff
6701,88155da5bbfffff
6702,88155d3a13fffff
6703,88155d74c9fffff
6704,881558ae95fffff
6705,88155d366bfffff
6706,8815598f19fffff
6707,88155990c5fffff
6708,88154ad145fffff
6709,8815599a15fffff
6710,88155d20e9fffff
6711,88155d2687fffff
6712,8815598519fffff
6713,88155d6731fffff
6714,8815583a81fffff
6715,88155d370bfffff
6716,88155d45b3fffff
6717,88155982bbfffff
6718,8815583443fffff
6719,88155d0c35fffff
6720,88154adaa1fffff
6721,88155d2369fffff
6722,88154a4825fffff
6723,88155d2c47fffff
6724,88154a50adfffff
6725,88155d0d1bfffff
6726,88155d6eb7fffff
6727,88155981ebfffff
6728,88155832a1fffff
6729,881559d707fffff
6730,88155da409fffff
6731,88155d7099fffff
6732,8815598257fffff
6733,88155d6ad1fffff
6734,88155d0e51fffff
6735,88154a59a7fffff
6736,88155821d3fffff
6737,88155d391dfffff
6738,88155d3061fffff
6739,881559985bfffff
6740,88155daf23fffff
6741,8815583081fffff
6742,88155d2947fffff
6743,8815598123fffff
6744,88155d7a5dfffff
6745,88154a51d7fffff
6746,88155d3095fffff
6747,88155d0ea7fffff
6748,88155d3b61fffff
6749,8815599649fffff
6750,881558313dfffff
6751,88155d6145fffff
6752,88155d6259fffff
6753,88155d21c1fffff
6754,8815599b1bfffff
6755,88155d08c9fffff
6756,881559d41dfffff
6757,88155d6091fffff
6758,88155dae35fffff
6759,88155da4ddfffff
6760,88155d34c1fffff
6761,88155d320bfffff
6762,88155d6d0bfffff
6763,88155d6493fffff
6764,88154a4a89fffff
6765,8815599ac5fffff
6766,88154a405dfffff
6767,88155d0c85fffff
6768,88155d36dbfffff
6769,88154a51c9fffff
6770,88155d6585fffff
6771,88154ad0abfffff
6772,881558271bfffff
6773,8815599741fffff
6774,88155835e3fffff
6775,88155d0e57fffff
6776,88155d35bdfffff
6777,88155d771dfffff
6778,8815582509fffff
6779,8815582e03fffff
6780,88155d7325fffff
6781,8815598847fffff
6782,88155d34a5fffff
6783,88155d0da7fffff
6784,88155d20e3fffff
6785,88155dad47fffff
6786,88154acc01fffff
6787,88155d45cbfffff
6788,88154ad163fffff
6789,881559d19bfffff
6790,88154a519dfffff
6791,88155daf5bfffff
6792,88155990b7fffff
6793,88155d78d7fffff
6794,88154a4307fffff
6795,88155d05e5fffff
6796,88155d22d9fffff
6797,881559d169fffff
6798,88155d6495fffff
6799,881558273bfffff
6800,88155d6463fffff
6801,881559d031fffff
6802,88154a41abfffff
6803,88155d0d99fffff
6804,88155da523fffff
6805,88155d6569fffff
6806,88155d748dfffff
6807,88154a5625fffff
6808,88155d2c01fffff
6809,8815582ac7fffff
6810,88155d7013fffff
6811,88155d6f67fffff
6812,88154acc85fffff
6813,88154a5667fffff
6814,88154a4765fffff
6815,8815598359fffff
6816,88155daf57fffff
6817,881559d165fffff
6818,881559d86dfffff
6819,88154ad8ddfffff
6820,88155d2845fffff
6821,88155d6c3bfffff
6822,88155d228dfffff
6823,88155d6693fffff
6824,88155d22d3fffff
6825,881559d9cdfffff
6826,88155da6a3fffff
6827,88154adb57fffff
6828,881559b941fffff
6829,88155d0d9dfffff
6830,8815582265fffff
6831,88154a4051fffff
6832,88155d713dfffff
6833,88155d3601fffff
6834,88155d6c13fffff
6835,88154ac369fffff
6836,88155d6ae9fffff
6837,881559c32bfffff
6838,88155991c3fffff
6839,88155d3b6bfffff
6840,88155d4613fffff
6841,88155d26a1fffff
6842,8815599969fffff
6843,88154a4135fffff
6844,881559888bfffff
6845,8815599025fffff
6846,8815599727fffff
6847,88155d253bfffff
6848,881559d8d3fffff
6849,8815599823fffff
6850,88155d25d7fffff
6851,88155d2d47fffff
6852,88155d260dfffff
6853,88155d3a25fffff
6854,88154a41ebfffff
6855,88155d62d1fffff
6856,881559869bfffff
6857,88154a5a69fffff
6858,881558ad8bfffff
6859,88155d2963fffff
6860,88155d0561fffff
6861,88154ac261fffff
6862,88155d6c07fffff
6863,8815582ad7fffff
6864,88155d052dfffff
6865,88155d2a6dfffff
6866,88155d6c6dfffff
6867,8815598607fffff
6868,881558adddfffff
6869,88155d2025fffff
6870,8815598417fffff
6871,88155d64e1fffff
6872,8815582351fffff
6873,88154ac1c7fffff
6874,88155d6617fffff
6875,88155d0eb7fffff
6876,881559d717fffff
6877,88154ac019fffff
6878,88155832c3fffff
6879,881559833dfffff
6880,88155d7b11fffff
6881,8815598b6bfffff
6882,88155d4413fffff
6883,88155dad5dfffff
6884,88155982b7fffff
6885,88155836ddfffff
6886,88155d335bfffff
6887,88155d3923fffff
6888,88155d76d1fffff
6889,881559940bfffff
6890,88155996b7fffff
6891,881559862bfffff
6892,88154a4995fffff
6893,88155995e9fffff
6894,8815583753fffff
6895,88154ac9d3fffff
6896,88155da5dbfffff
6897,8815598a35fffff
6898,88155d31d9fffff
6899,88155d0819fffff
6900,88154a4b3dfffff
6901,8815591343fffff
6902,881558ad2dfffff
6903,88155d60adfffff
6904,88154a542dfffff
6905,88155d6f49fffff
6906,88154a4a8bfffff
6907,88154a5939fffff
6908,88155daf03fffff
6909,8815598035fffff
6910,8815599137fffff
6911,88155dad07fffff
6912,881559822bfffff
6913,88155d69e3fffff
6914,881559d991fffff
6915,88155834cdfffff
6916,88154a5029fffff
6917,88155d3335fffff
6918,88155995c7fffff
6919,88155d2991fffff
6920,88154a5059fffff
6921,8815583a23fffff
6922,88154a4333fffff
6923,88155d2e23fffff
6924,88154ac001fffff
6925,881559d5cdfffff
6926,88154a4157fffff
6927,88155d75ddfffff
6928,881559b945fffff
6929,88155dac11fffff
6930,88155d46adfffff
6931,88155d2dbbfffff
6932,88155835adfffff
6933,881558260dfffff
6934,88154ac81dfffff
6935,88155d0dadfffff
6936,881559d0d9fffff
6937,88154a58abfffff
6938,8815599433fffff
6939,88154acce3fffff
6940,88155d0837fffff
6941,88154ac9bbfffff
6942,88154a4733fffff
6943,88155daf4dfffff
6944,88154a4729fffff
6945,881559d8a1fffff
6946,88155d724bfffff
6947,88154a4821fffff
6948,8815583489fffff
6949,881559b30dfffff
6950,88154ac0e1fffff
6951,88155daf27fffff
6952,88154a529dfffff
6953,88155d654bfffff
6954,88155d7913fffff
6955,88155d3a89fffff
6956,881559818bfffff
6957,88155d3139fffff
6958,8815599119fffff
6959,88155d7651fffff
6960,88154ace2dfffff
6961,88155d7065fffff
6962,881558ada1fffff
6963,88154a4731fffff
6964,8815599003fffff
6965,88155d7039fffff
6966,88155d3b03fffff
6967,8815582119fffff
6968,88155da503fffff
6969,88155d6125fffff
6970,88155d2b4dfffff
6971,88155988b1fffff
6972,88155d615bfffff
6973,88155d2581fffff
6974,88154a4035fffff
6975,88155d2261fffff
6976,88155d6c3dfffff
6977,8815583239fffff
6978,88155d7735fffff
6979,8815599141fffff
6980,88155d442dfffff
6981,88155d61d3fffff
6982,88155d26b5fffff
6983,88155da59dfffff
6984,88155982edfffff
6985,88155d453dfffff
6986,88154a4323fffff
6987,88154ad905fffff
6988,8815599a4dfffff
6989,881558345dfffff
6990,88154acf3dfffff
6991,88154ac24bfffff
6992,88155d446bfffff
6993,88155dadb3fffff
6994,88155d29e1fffff
6995,88155d2105fffff
6996,88155d7283fffff
6997,88155d7501fffff
6998,88155d45e7fffff
6999,8815598a13fffff
7000,88155d26a3fffff
7001,88154acabbfffff
7002,8815598189fffff
7003,88155d613dfffff
7004,881559d907fffff
7005,88155d0e05fffff
7006,88155d3b43fffff
7007,8815599621fffff
7008,8815582e07fffff
7009,88155d3b25fffff
7010,88155da8b3fffff
7011,88155d2d95fffff
7012,8815598ab3fffff
7013,88155d79c7fffff
7014,88155d26e5fffff
7015,88155d6cd7fffff
7016,8815598507fffff
7017,881559d043fffff
7018,88155dacc1fffff
7019,88155d6815fffff
7020,8815598ae3fffff
7021,88154a430dfffff
7022,881559d651fffff
7023,88155d2aabfffff
7024,881558ad27fffff
7025,88154a4ae3fffff
7026,88155d744dfffff
7027,881559d947fffff
7028,88154ad9a3fffff
7029,8815599515fffff
7030,8815582f5dfffff
7031,881559d963fffff
7032,88155d22abfffff
7033,88155d3821fffff
7034,881558208dfffff
7035,88155d3ad3fffff
7036,881558a493fffff
7037,88155d2ca7fffff
7038,88155d36c7fffff
7039,881559994bfffff
7040,88155d71c5fffff
7041,8815599765fffff
7042,88155981e5fffff
7043,88154acdedfffff
7044,88154ad9adfffff
7045,88155d0a97fffff
7046,88154ac25dfffff
7047,88154a508bfffff
7048,88154a49a9fffff
7049,88154ad89bfffff
7050,881559ca21fffff
7051,881559d40bfffff
7052,881559d9e1fffff
7053,88155d6827fffff
7054,88155d2343fffff
7055,88155d2cc7fffff
7056,88155d6881fffff
7057,881559ba17fffff
7058,881559dacbfffff
7059,88155d4ecbfffff
7060,88154acb55fffff
7061,88155d32a9fffff
7062,881559c2e9fffff
7063,88155d6001fffff
7064,881559d919fffff
7065,88154ac15dfffff
7066,88155d3a45fffff
7067,8815582291fffff
7068,88155d34bdfffff
7069,881558ad03fffff
7070,881559d449fffff
7071,88155d2ee5fffff
7072,8815583605fffff
7073,8815599b21fffff
7074,88155d6aa9fffff
7075,8815583603fffff
7076,88154ad1b9fffff
7077,88155d0c63fffff
7078,881558adebfffff
7079,8815582e29fffff
7080,88155d0c31fffff
7081,881558219dfffff
7082,88155d79ebfffff
7083,8815598f2bfffff
7084,88154a4b23fffff
7085,88155d2557fffff
7086,881558ae81fffff
7087,8815582e27fffff
7088,88155d770dfffff
7089,88155d71b1fffff
7090,8815598949fffff
7091,88155d6723fffff
7092,88155985e7fffff
7093,88154a5921fffff
7094,8815599955fffff
7095,8815599295fffff
7096,88154a49a7fffff
7097,88155da487fffff
7098,88155d3555fffff
7099,88155d0e4bfffff
7100,88155da8e5fffff
7101,8815582313fffff
7102,8815598f13fffff
7103,88155d0413fffff
7104,88155d6a19fffff
7105,88155d3623fffff
7106,8815599453fffff
7107,88154a58e9fffff
7108,88155d32d7fffff
7109,88155d6099fffff
7110,8815598157fffff
7111,88154a1923fffff
7112,88155980c3fffff
7113,8815598c9dfffff
7114,88154ac1b3fffff
7115,88155d0ce5fffff
7116,88154a58c1fffff
7117,88154ada85fffff
7118,881558256bfffff
7119,8815583039fffff
7120,881559d8ddfffff
7121,8815582ac1fffff
7122,88155991d7fffff
7123,88155d342dfffff
7124,88154a5885fffff
7125,88155d206dfffff
7126,88155d2eebfffff
7127,8815599125fffff
7128,88154a4a45fffff
7129,88155d7a6bfffff
7130,88155d616bfffff
7131,881559d205fffff
7132,88155d34b9fffff
7133,88155d2519fffff
7134,881559d603fffff
7135,8815598a2bfffff
7136,88154ad021fffff
7137,881558202bfffff
7138,88154a5ac1fffff
7139,88155d2281fffff
7140,88155d7357fffff
7141,88155d2721fffff
7142,8815598ac7fffff
7143,881558aea1fffff
7144,88155830cbfffff
7145,881559bb57fffff
7146,8815583111fffff
7147,88154acb2dfffff
7148,881559d9bdfffff
7149,88155d3239fffff
7150,88155d7b43fffff
7151,88155da813fffff
7152,88155d205bfffff
7153,8815583ac5fffff
7154,88154a5aa1fffff
7155,881559d681fffff
7156,88155832c9fffff
7157,8815598e47fffff
7158,8815599943fffff
7159,88155d2323fffff
7160,88154ac92bfffff
7161,88154ac98dfffff
7162,88155d35d7fffff
7163,88155da5ebfffff
7164,88155d7639fffff
7165,88155d3901fffff
7166,8815598181fffff
7167,88154ad9d5fffff
7168,88154a4b35fffff
7169,88155d2e6dfffff
7170,8815583a83fffff
7171,8815598c91fffff
7172,881559d741fffff
7173,88155d7187fffff
7174,88155d7141fffff
7175,881559930dfffff
7176,8815598631fffff
7177,88155d39a9fffff
7178,88155d46d1fffff
7179,88155d040dfffff
7180,88154a41adfffff
7181,88155d3865fffff
7182,8815598823fffff
7183,88154a5b23fffff
7184,881559d457fffff
7185,88155d734dfffff
7186,88155822a3fffff
7187,88155d0913fffff
7188,88154ad837fffff
7189,881559d487fffff
7190,88155d3341fffff
7191,88154a5425fffff
7192,88155d2189fffff
7193,8815582047fffff
7194,88154aca07fffff
7195,88155d7ad9fffff
7196,88155d7ac3fffff
7197,88155d3319fffff
7198,881559808dfffff
7199,88155985b7fffff
7200,88155d4ed3fffff
7201,88154a415dfffff
7202,881559d42dfffff
7203,88155d79ddfffff
7204,88155d7203fffff
7205,881559d267fffff
7206,88154ac189fffff
7207,88155d6a97fffff
7208,8815599963fffff
7209,881559d1c3fffff
7210,88155d7287fffff
7211,881559d66bfffff
7212,88154a5427fffff
7213,881559989bfffff
7214,88154ac223fffff
7215,88155d244bfffff
7216,8815582e61fffff
7217,881559961bfffff
7218,88155d3613fffff
7219,88155d62bdfffff
7220,88155d2537fffff
7221,88155d6659fffff
7222,8815582e65fffff
7223,8815583119fffff
7224,8815598037fffff
7225,88155d0c13fffff
7226,88155d6823fffff
7227,88155d0807fffff
7228,88155d3a2dfffff
7229,8815583ad1fffff
7230,881559d00bfffff
7231,88155d7555fffff
7232,88155dae2dfffff
7233,88155d6053fffff
7234,881559db4dfffff
7235,88154ad101fffff
7236,88154a4913fffff
7237,88155d66ddfffff
7238,88154a5421fffff
7239,88154a5935fffff
7240,88155d46a7fffff
7241,88155d2401fffff
7242,881559d653fffff
7243,8815599b3bfffff
7244,88154a4a43fffff
7245,88155d26d9fffff
7246,88154acb19fffff
7247,881558a4b1fffff
7248,88155d6233fffff
7249,881559c30bfffff
7250,881559908bfffff
7251,88155d28b1fffff
7252,88155d72a3fffff
7253,881559d8c1fffff
7254,8815582f55fffff
7255,88155d6517fffff
7256,88155981dbfffff
7257,881558313bfffff
7258,8815583737fffff
7259,8815599225fffff
7260,88155da4cbfffff
7261,88155d216dfffff
7262,88154a5a99fffff
7263,88154a4315fffff
7264,88154ac255fffff
7265,8815582625fffff
7266,881559d9e3fffff
7267,88155d7267fffff
7268,88155d764dfffff
7269,88155981cbfffff
7270,88154a4029fffff
7271,88155d0921fffff
7272,88155d6d81fffff
7273,881559d687fffff
7274,8815582547fffff
7275,88154ac1b5fffff
7276,88155d6c4bfffff
7277,88155d2c93fffff
7278,88155da4a9fffff
7279,88155d793bfffff
7280,88155d2605fffff
7281,88154ad96bfffff
7282,88155d26b7fffff
7283,88155d6a59fffff
7284,88154ac891fffff
7285,88154ada29fffff
7286,88155d2b67fffff
7287,88155d2cadfffff
7288,88155d7803fffff
7289,88154ac95bfffff
7290,88155dac57fffff
7291,88155d3099fffff
7292,8815598e97fffff
7293,8815598849fffff
7294,88154ada2bfffff
7295,88155990c9fffff
7296,88154a4a39fffff
7297,8815591243fffff
7298,88154a426dfffff
7299,88155d28e3fffff
7300,88154accedfffff
7301,88155d70cbfffff
7302,88154a4721fffff
7303,8815599325fffff
7304,88155dacb5fffff
7305,88155d6f23fffff
7306,88155d7435fffff
7307,881559c2adfffff
7308,88154a5931fffff
7309,88155d05ebfffff
7310,8815583691fffff
7311,88154a5b15fffff
7312,88154a5a87fffff
7313,88155da549fffff
7314,88155d34d1fffff
7315,88154acddbfffff
7316,88155d0407fffff
7317,88154a59bdfffff
7318,88155daeebfffff
7319,88155dad37fffff
7320,88154a5991fffff
7321,88155d6e6dfffff
7322,88155da6e3fffff
7323,88155d2127fffff
7324,88154ad9b5fffff
7325,88154acdc9fffff
7326,881558ae91fffff
7327,88155dac47fffff
7328,88155d7041fffff
7329,88155d6357fffff
7330,88155d6f1dfffff
7331,881559d007fffff
7332,88155d7997fffff
7333,8815599705fffff
7334,88155d783dfffff
7335,88155d31e7fffff
7336,88155d6e47fffff
7337,881559c369fffff
7338,88155d6a99fffff
7339,88155d46abfffff
7340,881559d585fffff
7341,88155d2a57fffff
7342,881559d8c9fffff
7343,88155999b5fffff
7344,88155d72ebfffff
7345,88155d6d27fffff
7346,88154acde9fffff
7347,88155d6a67fffff
7348,88155d04d1fffff
7349,88155d0c87fffff
7350,88155d20d1fffff
7351,88155d32b3fffff
7352,88155d6b29fffff
7353,88154a49abfffff
7354,88155984ebfffff
7355,881559d2edfffff
7356,88155d31d5fffff
7357,88154ada6bfffff
7358,88155d7999fffff
7359,88155d093dfffff
7360,88155da8a5fffff
7361,88155d6311fffff
7362,88154ad957fffff
7363,88154ac103fffff
7364,881559d6a7fffff
7365,881559895bfffff
7366,8815583407fffff
7367,88155d7719fffff
7368,8815583541fffff
7369,8815599717fffff
7370,88154ad095fffff
7371,88155d7085fffff
7372,88155990abfffff
7373,88155d0497fffff
7374,8815598a83fffff
7375,8815599087fffff
7376,88154a5561fffff
7377,8815599ae3fffff
7378,88155d0f49fffff
7379,88155d7017fffff
7380,88155d2093fffff
7381,88155dacd1fffff
7382,88154a51cbfffff
7383,88155da8abfffff
7384,88155d44d3fffff
7385,88155d31b1fffff
7386,88155d22e9fffff
7387,881559d229fffff
7388,88155989c5fffff
7389,8815583283fffff
7390,8815582767fffff
7391,881559c331fffff
7392,88154acf5bfffff
7393,881558ad67fffff
7394,88155d38b1fffff
7395,88154a5861fffff
7396,8815599713fffff
7397,88154a50e5fffff
7398,88155d3581fffff
7399,881559d291fffff
7400,88154ad8b5fffff
7401,88155d399dfffff
7402,881559d9b9fffff
7403,88155d4459fffff
7404,88155d2969fffff
7405,88154a5359fffff
7406,881559da99fffff
7407,88155986e7fffff
7408,88155995a1fffff
7409,8815599965fffff
7410,88155822b7fffff
7411,88155da6ebfffff
7412,88155834d9fffff
7413,88155838c7fffff
7414,8815583491fffff
7415,8815598115fffff
7416,88155d7605fffff
7417,88155d75abfffff
7418,88154ac20bfffff
7419,88154a4865fffff
7420,8815598253fffff
7421,881559c34bfffff
7422,88154a566bfffff
7423,88155dac9dfffff
7424,88155d46b9fffff
7425,8815598609fffff
7426,88155831c3fffff
7427,881558ac33fffff
7428,881559d157fffff
7429,88154acd59fffff
7430,88154ac23dfffff
7431,88155d0c8bfffff
7432,8815598e2dfffff
7433,881559d2c9fffff
7434,88154acdd3fffff
7435,88155d2cc5fffff
7436,88155d6601fffff
7437,88155d6405fffff
7438,881559914dfffff
7439,8815599001fffff
7440,88155d2e55fffff
7441,88155d3addfffff
7442,881558358dfffff
7443,88154ac9a5fffff
7444,88154a5653fffff
7445,881559c353fffff
7446,881559c969fffff
7447,88154ad95dfffff
7448,88155d6055fffff
7449,88154a4b0bfffff
7450,88155d3241fffff
7451,8815598159fffff
7452,88155d6339fffff
7453,88155d6c15fffff
7454,8815582717fffff
7455,8815599561fffff
7456,88155d6767fffff
7457,88154ad189fffff
7458,88154a503bfffff
7459,88155d0f03fffff
7460,881558ad59fffff
7461,88155d3ad5fffff
7462,88155d4695fffff
7463,881559d189fffff
7464,88154a59b3fffff
7465,88155d6c45fffff
7466,8815598885fffff
7467,88155d31e1fffff
7468,88155d301bfffff
7469,88155d2449fffff
7470,88154ac2a7fffff
7471,88155d3039fffff
7472,881559d611fffff
7473,881559cb4bfffff
7474,88155d374dfffff
7475,881559dab9fffff
7476,88154ad8c5fffff
7477,881559d957fffff
7478,8815598b6dfffff
7479,88155980d7fffff
7480,88154a4331fffff
7481,88155d09dbfffff
7482,88155d2a85fffff
7483,88155988a5fffff
7484,881559d6d1fffff
7485,88154a4163fffff
7486,8815599209fffff
7487,881558aeb1fffff
7488,8815598691fffff
7489,881559d2c7fffff
7490,88155d712bfffff
7491,88154a564bfffff
7492,881559823bfffff
7493,88155d39c9fffff
7494,88154acda5fffff
7495,88155d2829fffff
7496,881559d9d5fffff
7497,88154a40d9fffff
7498,88155d281dfffff
7499,88154ac0cdfffff
7500,88155d303dfffff
7501,881559d8e7fffff
7502,88155d66d3fffff
7503,88155dac41fffff
7504,881559829bfffff
7505,88155da45dfffff
7506,88155d30d9fffff
7507,88155d3569fffff
7508,88154ac9ddfffff
7509,881559d939fffff
7510,88155d774bfffff
7511,88155d0ec9fffff
7512,88155d2b13fffff
7513,88155d082bfffff
7514,881559c28bfffff
7515,881559d32bfffff
7516,8815583537fffff
7517,88155d2709fffff
7518,88155da985fffff
7519,88155d3135fffff
7520,88154a435bfffff
7521,88155d2e29fffff
7522,88155d05b3fffff
7523,88155d04b9fffff
7524,88154a42ebfffff
7525,88155d28a7fffff
7526,8815598367fffff
7527,88155986adfffff
7528,88155daeb1fffff
7529,881559b32dfffff
7530,8815582339fffff
7531,881559931bfffff
7532,8815591269fffff
7533,88154a5313fffff
7534,88155d2325fffff
7535,88155d670dfffff
7536,88155d4585fffff
7537,88155832d3fffff
7538,8815583285fffff
7539,8815599a9dfffff
7540,88154a531dfffff
7541,88154ace3bfffff
7542,881559c207fffff
7543,881558add3fffff
7544,88155d616dfffff
7545,88154a481bfffff
7546,88155d39c7fffff
7547,88155831bdfffff
7548,881559da53fffff
7549,88154acf27fffff
7550,881559d44dfffff
7551,88155991b9fffff
7552,881559d36bfffff
7553,8815598269fffff
7554,881559854dfffff
7555,88155d29dbfffff
7556,881558341bfffff
7557,88154a474bfffff
7558,88155d7515fffff
7559,88155d3757fffff
7560,881559d2bdfffff
7561,88155d6455fffff
7562,88155d6a17fffff
7563,8815598119fffff
7564,88155d65c3fffff
7565,88155991bdfffff
7566,8815599719fffff
7567,88154aca67fffff
7568,88154ac947fffff
7569,88154ad987fffff
7570,88155d2ea5fffff
7571,8815599925fffff
7572,88154a52b5fffff
7573,88155d3943fffff
7574,88155d7645fffff
7575,881558321dfffff
7576,88155da4c9fffff
7577,88155d0c93fffff
7578,88155d2a47fffff
7579,88155da9d9fffff
7580,88155d70edfffff
7581,88154ac82dfffff
7582,88154a55adfffff
7583,88155d7aa1fffff
7584,881558adabfffff
7585,88155d2165fffff
7586,881559d607fffff
7587,88154a5889fffff
7588,8815599a1bfffff
7589,881558226dfffff
7590,8815598a9bfffff
7591,88155d6a23fffff
7592,88155d2cb5fffff
7593,88155d0d8dfffff
7594,88155daeb3fffff
7595,88155838d5fffff
7596,88154ac9b9fffff
7597,88155d2ae9fffff
7598,8815582645fffff
7599,88154a58a1fffff
7600,8815598561fffff
7601,88155d76cbfffff
7602,88155d2a1dfffff
7603,88155d6ce1fffff
7604,88155d6e27fffff
7605,8815599643fffff
7606,88154ac84bfffff
7607,88155d6589fffff
7608,881559c059fffff
7609,88155d2b31fffff
7610,88155830c9fffff
7611,8815598613fffff
7612,881559d983fffff
7613,881559993dfffff
7614,8815582651fffff
7615,88155d21d9fffff
7616,881559d9ebfffff
7617,88154a1965fffff
7618,88154ad86dfffff
7619,88155dad69fffff
7620,881559858dfffff
7621,88154a5261fffff
7622,88155d04edfffff
7623,881559962dfffff
7624,8815583527fffff
7625,881559bb29fffff
7626,8815583237fffff
7627,88155d08adfffff
7628,88155d76b1fffff
7629,88155d32c5fffff
7630,88154a5259fffff
7631,88155984c7fffff
7632,88154a50cdfffff
7633,88155d666dfffff
7634,88155d7021fffff
7635,881559c2cbfffff
7636,88154ac9d9fffff
7637,88155d725dfffff
7638,88154acdc5fffff
7639,8815598d65fffff
7640,8815598855fffff
7641,88155835c7fffff
7642,8815598c05fffff
7643,881559d4dbfffff
7644,88155d6547fffff
7645,88155d25ebfffff
7646,88154a5abdfffff
7647,88154acd6dfffff
7648,88155d70b9fffff
7649,8815583819fffff
7650,881559d329fffff
7651,881559c241fffff
7652,8815599241fffff
7653,88154aceb7fffff
7654,881559d829fffff
7655,881559bb65fffff
7656,88155d31c9fffff
7657,88154a4b6bfffff
7658,88155d6d91fffff
7659,88155d3b01fffff
7660,88155d75bdfffff
7661,8815583615fffff
7662,88155d2711fffff
7663,881559903dfffff
7664,881559c265fffff
7665,88155d3699fffff
7666,8815583633fffff
7667,8815598667fffff
7668,881559948bfffff
7669,88154a5569fffff
7670,88155d3037fffff
7671,8815582701fffff
7672,88154aceb5fffff
7673,881559da57fffff
7674,88155d24edfffff
7675,881559d65bfffff
7676,88154a41a9fffff
7677,881559d8d1fffff
7678,881559c941fffff
7679,88155d2621fffff
7680,881559da89fffff
7681,88155d28a9fffff
7682,881559c2ddfffff
7683,8815583217fffff
7684,88155999e1fffff
7685,881558b6d1fffff
7686,8815583abbfffff
7687,881559d43dfffff
7688,88154a5663fffff
7689,88154a5551fffff
7690,88154a55a7fffff
7691,88155d6293fffff
7692,881559c045fffff
7693,88155d6509fffff
7694,88154a472bfffff
7695,881558311dfffff
7696,88155d78ebfffff
7697,88155d0ccbfffff
7698,88155d735bfffff
7699,8815599ad7fffff
7700,88155d6ee1fffff
7701,881559d225fffff
7702,8815599197fffff
7703,88155da4d1fffff
7704,88155d2725fffff
7705,881559932bfffff
7706,88155d09e9fffff
7707,88155d305dfffff
7708,88155d24dbfffff
7709,88155d09a5fffff
7710,88155d6031fffff
7711,88155d628bfffff
7712,881558ace7fffff
7713,88155daebbfffff
7714,88155d2ab9fffff
7715,88154a5743fffff
7716,881558af3bfffff
7717,881559d86bfffff
7718,88154ac98bfffff
7719,88155d2847fffff
7720,88155d61c9fffff
7721,88155d2ebbfffff
7722,88155d7025fffff
7723,88154a4a01fffff
7724,88155d7513fffff
7725,88155d749bfffff
7726,88155994ddfffff
7727,8815583a87fffff
7728,8815582303fffff
7729,88155d2f07fffff
7730,88155d689bfffff
7731,88155dacb7fffff
7732,88155d6b0bfffff
7733,88154a41c7fffff
7734,88155d0c11fffff
7735,88154aca5dfffff
7736,88155d609bfffff
7737,88155d6f2bfffff
7738,88155d3811fffff
7739,88155d6cd3fffff
7740,8815598829fffff
7741,88155d7a11fffff
7742,881559d485fffff
7743,88155d6619fffff
7744,8815599517fffff
7745,88155d61ebfffff
7746,881559d885fffff
7747,881558aca1fffff
7748,88155985d3fffff
7749,881558272bfffff
7750,88155d7247fffff
7751,88155d3535fffff
7752,88155d6183fffff
7753,88154ad03dfffff
7754,881558ace3fffff
7755,88155d398dfffff
7756,88155d2da7fffff
7757,88155d6cb3fffff
7758,881559805bfffff
7759,88155da483fffff
7760,881559952bfffff
7761,881558351dfffff
7762,88154ada41fffff
7763,88155d08b1fffff
7764,88155d713bfffff
7765,88155d6f6bfffff
7766,88155d2e21fffff
7767,88155d3a63fffff
7768,88155d71a3fffff
7769,88155d3b1bfffff
7770,88154a59d9fffff
7771,881559d629fffff
7772,88155d356bfffff
7773,8815598f5dfffff
7774,88155d3323fffff
7775,881559dac3fffff
7776,88155d7081fffff
7777,88154a58c7fffff
7778,88155d25bbfffff
7779,88154a4347fffff
7780,88154a4241fffff
7781,88154a589dfffff
7782,8815582013fffff
7783,88155d6aadfffff
7784,881558ae99fffff
7785,88155d743bfffff
7786,88155d469dfffff
7787,88154ac8c9fffff
7788,8815598f05fffff
7789,88155d3191fffff
7790,88155d6d53fffff
7791,881559d9b7fffff
7792,88155dae2bfffff
7793,88155832e5fffff
7794,88154ac11dfffff
7795,881559b96dfffff
7796,881559922bfffff
7797,88155d0893fffff
7798,88155da9b1fffff
7799,88155d3643fffff
7800,88155980ebfffff
7801,88155d79e1fffff
7802,8815583755fffff
7803,88155994b3fffff
7804,88155d2ae1fffff
7805,88155d61d5fffff
7806,881558262bfffff
7807,88154ac19dfffff
7808,88155d3adbfffff
7809,881559b865fffff
7810,881559d751fffff
7811,88154a5057fffff
7812,88155da539fffff
7813,88155821abfffff
7814,88155d71a5fffff
7815,88155d3b21fffff
7816,88154acc43fffff
7817,88155d08a7fffff
7818,8815598837fffff
7819,8815598eadfffff
7820,881559d055fffff
7821,88155da9a5fffff
7822,881559975dfffff
7823,88155981d9fffff
7824,88155d2b45fffff
7825,88154ad899fffff
7826,88155d6435fffff
7827,88155d7015fffff
7828,881559815bfffff
7829,88155d7405fffff
7830,8815583299fffff
7831,88155d3045fffff
7832,88154acc59fffff
7833,88155d05cdfffff
7834,88155d0455fffff
7835,88154acf11fffff
7836,88155d091bfffff
7837,88154a4845fffff
7838,88155831b7fffff
7839,88154ac265fffff
7840,88155d2015fffff
7841,88155d6c9dfffff
7842,88155d7a29fffff
7843,88155d302dfffff
7844,88155d21b5fffff
7845,88155da411fffff
7846,88155da517fffff
7847,88155d6751fffff
7848,88155d6135fffff
7849,88154ac1a3fffff
7850,88154a4861fffff
7851,88154acab9fffff
7852,88155dadb1fffff
7853,88154a50a3fffff
7854,88155988c3fffff
7855,8815598f63fffff
7856,88155d7a31fffff
7857,881558384bfffff
7858,8815598e95fffff
7859,88155988b7fffff
7860,88155d0693fffff
7861,88154a482bfffff
7862,8815599349fffff
7863,88155d78b1fffff
7864,88154a48adfffff
7865,88155d6ce7fffff
7866,881559d111fffff
7867,88155d68c3fffff
7868,88155d74dbfffff
7869,88155d7855fffff
7870,88154a50a1fffff
7871,881559d6edfffff
7872,88155d2a41fffff
7873,88155d3acdfffff
7874,88155d0d13fffff
7875,88155d3325fffff
7876,88155d781bfffff
7877,8815599829fffff
7878,88155dac05fffff
7879,88155d26bdfffff
7880,88155d722bfffff
7881,8815599013fffff
7882,8815582627fffff
7883,8815583197fffff
7884,8815583289fffff
7885,881558a5d3fffff
7886,88155d72d7fffff
7887,88154ad13bfffff
7888,88155d2ea1fffff
7889,8815599a47fffff
7890,8815599a3bfffff
7891,88155d31a3fffff
7892,88155820c7fffff
7893,881559d407fffff
7894,88154accc5fffff
7895,881559995dfffff
7896,88154a52b7fffff
7897,8815599881fffff
7898,88155d29abfffff
7899,88155da9a7fffff
7900,88154acea9fffff
7901,881558ad17fffff
7902,88154acd81fffff
7903,88155d6143fffff
7904,881559bb33fffff
7905,88155d24b1fffff
7906,88155d31edfffff
7907,881558232dfffff
7908,88155d6aedfffff
7909,88154a4259fffff
7910,88155836e9fffff
7911,88155821b3fffff
7912,88155d08c7fffff
7913,88155999d5fffff
7914,88154a436bfffff
7915,88155d79dbfffff
7916,8815598045fffff
7917,881558ad21fffff
7918,88155985d5fffff
7919,881559c65bfffff
7920,88154a5b41fffff
7921,88154acda3fffff
7922,88155d0c5bfffff
7923,8815583629fffff
7924,88155d2f0dfffff
7925,88155d219dfffff
7926,88154adb65fffff
7927,88155da9b5fffff
7928,88154a5a53fffff
7929,88154a4213fffff
7930,88155da5b1fffff
7931,88155d0c3dfffff
7932,88155d360dfffff
7933,88155dad19fffff
7934,88155998b9fffff
7935,88155d72e3fffff
7936,88155d3983fffff
7937,88154a4101fffff
7938,88155d0aa5fffff
7939,88154ad0a3fffff
7940,8815583acbfffff
7941,88155d6691fffff
7942,88155d6a8bfffff
7943,88155d2ac1fffff
7944,88155d2703fffff
7945,881559d1bbfffff
7946,88154a4933fffff
7947,88154a50b3fffff
7948,88154ace85fffff
7949,881559d513fffff
7950,88154acf2dfffff
7951,8815599853fffff
7952,88155d0831fffff
7953,88155822e5fffff
7954,881559d66dfffff
7955,88155d60bdfffff
7956,88155d045bfffff
7957,88155d663bfffff
7958,88154ad993fffff
7959,88155d2b25fffff
7960,88154adb17fffff
7961,88155d772dfffff
7962,881559814bfffff
7963,881559d4e9fffff
7964,88155d6903fffff
7965,88155d368dfffff
7966,88155d7b0dfffff
7967,88155d040bfffff
7968,88155da731fffff
7969,88154ac313fffff
7970,881559d30dfffff
7971,88154ac9e1fffff
7972,88155820d9fffff
7973,88155d66c9fffff
7974,88155d3a15fffff
7975,88155d7a1bfffff
7976,88155d21b7fffff
7977,88155d04b7fffff
7978,88155d79cdfffff
7979,88155d6195fffff
7980,8815598061fffff
7981,88155d2805fffff
7982,8815582addfffff
7983,88155998a1fffff
7984,881558ac9bfffff
7985,881559d215fffff
7986,88155d2e57fffff
7987,88155dae19fffff
7988,88155d3a55fffff
7989,88155d0d11fffff
7990,88155d32b7fffff
7991,88155d7aa7fffff
7992,8815599497fffff
7993,881559d9b5fffff
7994,88155d4463fffff
7995,88154ad8cdfffff
7996,88155998d3fffff
7997,88154ac119fffff
7998,88155d3199fffff
7999,88154a509bfffff
8000,88154adb69fffff
8001,8815599a83fffff
8002,88155d2a39fffff
8003,88155d39d5fffff
8004,881558ad29fffff
8005,881559d863fffff
8006,88155d00b3fffff
8007,8815598813fffff
8008,88155d0c89fffff
8009,8815582281fffff
8010,88154ac229fffff
8011,88154a476bfffff
8012,8815582289fffff
8013,881559d609fffff
8014,88155d7415fffff
8015,88155d6f37fffff
8016,88155d6889fffff
8017,88155d60cbfffff
8018,881559d893fffff
8019,88155d0e99fffff
8020,881558260bfffff
8021,88155d75a5fffff
8022,88154a52c5fffff
8023,881559da15fffff
8024,88155d0999fffff
8025,88155984b3fffff
8026,88155d6e41fffff
8027,881558ad81fffff
8028,881559d931fffff
8029,8815599465fffff
8030,88155d3723fffff
8031,881559d56bfffff
8032,881559841dfffff
8033,88155d0f6dfffff
8034,88155d642dfffff
8035,88155d2ec1fffff
8036,88155d3a07fffff
8037,88155d25d1fffff
8038,88155d785dfffff
8039,88155d394dfffff
8040,881558a48dfffff
8041,88155d468dfffff
8042,88155d3745fffff
8043,88155da561fffff
8044,88155d369bfffff
8045,88155d0735fffff
8046,88155d04adfffff
8047,8815583ac3fffff
8048,88154a4767fffff
8049,8815598e99fffff
8050,88155d2a2dfffff
8051,881559813bfffff
8052,88155da559fffff
8053,881558ac61fffff
8054,88155d6cc9fffff
8055,881558a4d7fffff
8056,881559835bfffff
8057,88155984c3fffff
8058,8815599333fffff
8059,8815582185fffff
8060,88154aca5bfffff
8061,88155d75e3fffff
8062,88155d3ab5fffff
8063,88155d0415fffff
8064,88154aca39fffff
8065,88155d7023fffff
8066,88155d300bfffff
8067,88155d631bfffff
8068,88155d6c67fffff
8069,88154ac367fffff
8070,88155d258bfffff
8071,88154acaa5fffff
8072,88154a5239fffff
8073,88155d3297fffff
8074,88154a42bdfffff
8075,88155d3013fffff
8076,881559968dfffff
8077,88154a5365fffff
8078,88155d3015fffff
8079,88155d2029fffff
8080,881559da09fffff
8081,8815583855fffff
8082,88154a5ab5fffff
8083,88154ac053fffff
8084,88155d2a53fffff
8085,88155d741dfffff
8086,88155d3a1dfffff
8087,88155d0c97fffff
8088,88154a51a9fffff
8089,88154a5157fffff
8090,8815583511fffff
8091,88155d0dabfffff
8092,88155d6a0dfffff
8093,88155d66a9fffff
8094,8815599317fffff
8095,88155daab7fffff
8096,88155d6629fffff
8097,881559d9a7fffff
8098,88155d2659fffff
8099,881559c141fffff
8100,88154a4239fffff
8101,88154ac06bfffff
8102,881559d341fffff
8103,8815599745fffff
8104,88155d300dfffff
8105,88155d4461fffff
8106,88155d6b2bfffff
8107,88154a599dfffff
8108,881559db2dfffff
8109,881559915bfffff
8110,88154ad9c7fffff
8111,88155d3655fffff
8112,88155d24d7fffff
8113,88154a512dfffff
8114,88155988b5fffff
8115,88155d34b7fffff
8116,88154acb35fffff
8117,88155d6685fffff
8118,88155830b3fffff
8119,88155d60a3fffff
8120,88155d4633fffff
8121,88154ad921fffff
8122,88155d2e35fffff
8123,881559da69fffff
8124,881559ba4bfffff
8125,88155d7485fffff
8126,88155d356dfffff
8127,88155d0d39fffff
8128,88155d2003fffff
8129,881559d8b9fffff
8130,8815598097fffff
8131,88154ad831fffff
8132,88155d3a9dfffff
8133,88155d65d3fffff
8134,88155820e1fffff
8135,88155d0505fffff
8136,88155982a5fffff
8137,88155d44c9fffff
8138,88154a532bfffff
8139,88155da1b3fffff
8140,88155d0937fffff
8141,88155d2009fffff
8142,881559882dfffff
8143,8815598f5bfffff
8144,88155d0899fffff
8145,881559cb11fffff
8146,8815598905fffff
8147,88155d6c9bfffff
8148,8815598983fffff
8149,8815598619fffff
8150,88155d4edbfffff
8151,88155d3207fffff
8152,88154a5891fffff
8153,88155d7411fffff
8154,881559c247fffff
8155,88155d74d9fffff
8156,88154a59b1fffff
8157,8815583801fffff
8158,881559d309fffff
8159,88155d4611fffff
8160,88155d4687fffff
8161,88155d61e5fffff
8162,88155d2cbbfffff
8163,8815598863fffff
8164,88154ac11bfffff
8165,88155d2e11fffff
8166,88154a4707fffff
8167,88155d0de3fffff
8168,881559980dfffff
8169,8815599659fffff
8170,88154ac13dfffff
8171,88154acaddfffff
8172,8815582045fffff
8173,88154acd69fffff
8174,88155d71c1fffff
8175,88154acd0dfffff
8176,881559d85dfffff
8177,88154acebdfffff
8178,881558236bfffff
8179,8815583431fffff
8180,88154a519bfffff
8181,881559da2dfffff
8182,88155d78a9fffff
8183,88155d25b9fffff
8184,88155d7285fffff
8185,881559d9e9fffff
8186,881559dae3fffff
8187,881559d615fffff
8188,88155988e9fffff
8189,88155d3491fffff
8190,88154a516dfffff
8191,881559b165fffff
8192,88155d0d91fffff
8193,88155d6cc7fffff
8194,88155d29e3fffff
8195,881559c203fffff
8196,88154accb5fffff
8197,88155d32a7fffff
8198,881558a5d5fffff
8199,88155d3035fffff
8200,88155da9a3fffff
8201,88155981ddfffff
8202,88155d463bfffff
8203,8815599911fffff
8204,88154a4027fffff
8205,88155d25a7fffff
8206,881559d691fffff
8207,88155d6743fffff
8208,88155d4e97fffff
8209,88155d25c1fffff
8210,88155d770bfffff
8211,88155d626dfffff
8212,88155d70c3fffff
8213,881559cb6bfffff
8214,88154aca1dfffff
8215,88154ac9e3fffff
8216,88154a42c1fffff
8217,88154ac917fffff
8218,8815599303fffff
8219,88155d4637fffff
8220,88155d0d57fffff
8221,881559945dfffff
8222,88155d2589fffff
8223,88154a5163fffff
8224,88155d2a3bfffff
8225,88155dae11fffff
8226,88155d0ca3fffff
8227,88155d6067fffff
8228,881558a5a5fffff
8229,88155d6445fffff
8230,88155d7245fffff
8231,88154a50c1fffff
8232,88155834b1fffff
8233,88155d0563fffff
8234,8815599409fffff
8235,88155d26b3fffff
8236,881559ba0bfffff
8237,88155d3801fffff
8238,88154acdb1fffff
8239,8815598f31fffff
8240,881559bb2bfffff
8241,88154acd2dfffff
8242,88155d2e61fffff
8243,88155d6b31fffff
8244,88155dacddfffff
8245,8815582e2bfffff
8246,88155d4683fffff
8247,88154ad869fffff
8248,88155d0e1bfffff
8249,88155d446dfffff
8250,8815598587fffff
8251,8815598319fffff
8252,881559d835fffff
8253,8815598d61fffff
8254,8815583423fffff
8255,88155981b1fffff
8256,88154a4ac1fffff
8257,88155d700dfffff
8258,88155d2b59fffff
8259,8815598a1dfffff
8260,88155d6d69fffff
8261,88155830c3fffff
8262,88154acc83fffff
8263,8815598267fffff
8264,881559d5d1fffff
8265,8815598c27fffff
8266,88155995e1fffff
8267,88155daddbfffff
8268,88155d2c9bfffff
8269,8815599adbfffff
8270,8815599191fffff
8271,88154a4237fffff
8272,8815583581fffff
8273,88155da4d9fffff
8274,88155984bdfffff
8275,8815599b05fffff
8276,88155dad27fffff
8277,88155d0817fffff
8278,88155d65b7fffff
8279,881559812bfffff
8280,88155d3311fffff
8281,88155d60e5fffff
8282,88154ac0b3fffff
8283,88155d69adfffff
8284,88154ac325fffff
8285,88154a4735fffff
8286,881559931dfffff
8287,88155991ddfffff
8288,88155da423fffff
8289,88155d6c93fffff
8290,88154ad113fffff
8291,88155995d5fffff
8292,8815598683fffff
8293,88155d0f5dfffff
8294,88155d6a2bfffff
8295,88155d08a1fffff
8296,88154acf0bfffff
8297,8815598e6dfffff
8298,88155d2ab3fffff
8299,8815583159fffff
8300,88155d6317fffff
8301,88155988cbfffff
8302,88155d0dc1fffff
8303,88155d2da5fffff
8304,88154a5a27fffff
8305,88155821e3fffff
8306,88155d04bdfffff
8307,88154aca4bfffff
8308,88155d7a97fffff
8309,88155d2439fffff
8310,88154ac04bfffff
8311,88155d3361fffff
8312,881559848dfffff
8313,8815598c59fffff
8314,88154a51d9fffff
8315,8815583533fffff
8316,88155834b7fffff
8317,88155d0a87fffff
8318,88155d6d8bfffff
8319,88154ad933fffff
8320,88155985e1fffff
8321,8815598e41fffff
8322,881558a5e3fffff
8323,88155d3a41fffff
8324,8815599b29fffff
8325,88155d3915fffff
8326,88154acaa3fffff
8327,881558ad1bfffff
8328,88155989b7fffff
8329,88155d2f2bfffff
8330,881559bb3dfffff
8331,88154ac8edfffff
8332,88155d6849fffff
8333,88155d6ee9fffff
8334,88155d61b3fffff
8335,8815598989fffff
8336,88155d7011fffff
8337,88155d74e5fffff
8338,88155d6ecdfffff
8339,88155d72e9fffff
8340,88154a5911fffff
8341,88155989d5fffff
8342,88155d7223fffff
8343,88155d7681fffff
8344,88155d7553fffff
8345,88154a490dfffff
8346,88155d2d87fffff
8347,88155830c5fffff
8348,88155d241bfffff
8349,88155832a5fffff
8350,88155d2713fffff
8351,88155d6edbfffff
8352,88155d04b3fffff
8353,88155d681dfffff
8354,8815598913fffff
8355,88155d274bfffff
8356,88155d65a1fffff
8357,88155986a7fffff
8358,88154ac321fffff
8359,88155d6c41fffff
8360,8815582559fffff
8361,881559d5c5fffff
8362,88154ad8e7fffff
8363,88154a52e1fffff
8364,88155d04a7fffff
8365,881559d4d3fffff
8366,88155d6757fffff
8367,88154ac155fffff
8368,88154ad985fffff
8369,881559c255fffff
8370,88155981a9fffff
8371,881559b845fffff
8372,88154a52c9fffff
8373,88155d6853fffff
8374,8815599631fffff
8375,88155da4edfffff
8376,8815599a8bfffff
8377,881559d6c9fffff
8378,881558a6b5fffff
8379,88155d3531fffff
8380,881559c2c1fffff
8381,88155832b3fffff
8382,88154accc9fffff
8383,88155d4731fffff
8384,88155d7711fffff
8385,88155da4dbfffff
8386,88154ac827fffff
8387,88155d2099fffff
8388,881559d0b1fffff
8389,88155d2645fffff
8390,88154a4151fffff
8391,88155d6ac5fffff
8392,88155d215dfffff
8393,88155d3607fffff
8394,8815598641fffff
8395,8815582553fffff
8396,88155d2017fffff
8397,88155d05edfffff
8398,88155d6eedfffff
8399,88155d211dfffff
8400,88154a5549fffff
8401,88154ac147fffff
8402,881558ad97fffff
8403,88155d6c35fffff
8404,88154a5a59fffff
8405,88155d2291fffff
8406,88154ac15bfffff
8407,8815583195fffff
8408,88155d2b4bfffff
8409,881559828bfffff
8410,88155d6a0bfffff
8411,8815599aadfffff
8412,8815583447fffff
8413,881558311bfffff
8414,881558ada9fffff
8415,881559998dfffff
8416,881559c333fffff
8417,88154a4169fffff
8418,88155d4435fffff
8419,88155d7407fffff
8420,8815599921fffff
8421,881559c35bfffff
8422,88154a4855fffff
8423,88155d3469fffff
8424,8815583aadfffff
8425,88155d25b5fffff
8426,8815598c23fffff
8427,8815582317fffff
8428,88155d7181fffff
8429,88155d0de9fffff
8430,88155d0495fffff
8431,88155d632dfffff
8432,88155d31ebfffff
8433,88155da445fffff
8434,88154a546dfffff
8435,88154a51edfffff
8436,88155d6021fffff
8437,88155d32c7fffff
8438,88155d4561fffff
8439,88154a5093fffff
8440,88155d6c5dfffff
8441,881559c343fffff
8442,88155d2297fffff
8443,881558206bfffff
8444,88155d2b33fffff
8445,88155988a1fffff
8446,8815598ea9fffff
8447,881558acabfffff
8448,88154ad939fffff
8449,881559898bfffff
8450,88154aca45fffff
8451,88155d4569fffff
8452,881558a49bfffff
8453,88155d6f31fffff
8454,8815599481fffff
8455,88155d72d3fffff
8456,881558368dfffff
8457,881559bb27fffff
8458,881558a4b3fffff
8459,88155838d7fffff
8460,881559936bfffff
8461,88155d39cdfffff
8462,88154a5961fffff
8463,88154aca93fffff
8464,88155d662dfffff
8465,88154a5123fffff
8466,88155822c7fffff
8467,88154a5545fffff
8468,88155d6aa7fffff
8469,88155d718dfffff
8470,88155dad81fffff
8471,88155820a1fffff
8472,88155d625bfffff
8473,88155d0567fffff
8474,88154ad833fffff
8475,8815598a0bfffff
8476,88155d6059fffff
8477,88155d7a5bfffff
8478,88154a4ad3fffff
8479,88155d7543fffff
8480,88155d456bfffff
8481,88154ad033fffff
8482,88155d312dfffff
8483,88155d0903fffff
8484,88155d75b7fffff
8485,881559d1dbfffff
8486,8815599841fffff
8487,88154a5b3bfffff
8488,8815582759fffff
8489,88155daeedfffff
8490,88155da8cdfffff
8491,88154a4827fffff
8492,88154a5319fffff
8493,88155d38edfffff
8494,881559d34dfffff
8495,88155d3a03fffff
8496,8815583ae5fffff
8497,88155dac5dfffff
8498,88155d6db9fffff
8499,88155d0689fffff
8500,881559d4c3fffff
8501,88155d0695fffff
8502,88155d2117fffff
8503,8815599ab1fffff
8504,88155d306dfffff
8505,88155d741bfffff
8506,88155da40dfffff
8507,88155d268bfffff
8508,88154ad0a7fffff
8509,88155d6e93fffff
8510,88155835d7fffff
8511,88155d35b5fffff
8512,88155d7033fffff
8513,881559d4e1fffff
8514,88154ac041fffff
8515,88155d351bfffff
8516,88155d6763fffff
8517,88155d222bfffff
8518,88155d322bfffff
8519,88155d0e49fffff
8520,881559d825fffff
8521,88155d32a1fffff
8522,88155d691bfffff
8523,881559906bfffff
8524,881558ade5fffff
8525,88154a50e9fffff
8526,88155d4493fffff
8527,881559845bfffff
8528,88155d6c2bfffff
8529,88154a59a3fffff
8530,881558ac85fffff
8531,88155831bbfffff
8532,8815598f33fffff
8533,881559d1adfffff
8534,8815599085fffff
8535,88155d4699fffff
8536,88155d7229fffff
8537,88155d3969fffff
8538,88155d61d7fffff
8539,8815582751fffff
8540,88154aca23fffff
8541,881558235dfffff
8542,88155d6cdbfffff
8543,881559819bfffff
8544,8815599611fffff
8545,88155d45e1fffff
8546,88155d65d7fffff
8547,88155999b7fffff
8548,88155999c5fffff
8549,88155d6217fffff
8550,88155da5e5fffff
8551,88155d30a9fffff
8552,88155d69b1fffff
8553,8815583131fffff
8554,88155d7337fffff
8555,88155d068bfffff
8556,88155daf33fffff
8557,88155d30dbfffff
8558,8815583589fffff
8559,88155d6ad9fffff
8560,88155d0c33fffff
8561,88155d7727fffff
8562,88155d2023fffff
8563,88154ad8d1fffff
8564,881559db1dfffff
8565,881559c339fffff
8566,8815583669fffff
8567,881558ad37fffff
8568,88155daa97fffff
8569,88155d0cdbfffff
8570,88154ad1d7fffff
8571,88154ac197fffff
8572,88155d3711fffff
8573,88154a552dfffff
8574,881559c6c9fffff
8575,8815583721fffff
8576,88154a50ebfffff
8577,8815583769fffff
8578,88155d720dfffff
8579,88154a4801fffff
8580,88155da6b1fffff
8581,88154ac905fffff
8582,881559d9c1fffff
8583,88155d291bfffff
8584,88155d3639fffff
8585,88155d3919fffff
8586,8815598625fffff
8587,88155991ebfffff
8588,88155d65bdfffff
8589,881559d469fffff
8590,88154a5769fffff
8591,88155d6599fffff
8592,88155d38cbfffff
8593,88154ad80dfffff
8594,8815598241fffff
8595,881558304bfffff
8596,88154a5553fffff
8597,88154a5b43fffff
8598,881559cb5bfffff
8599,8815598cbbfffff
8600,8815583109fffff
8601,88154ad85bfffff
8602,881558a4e1fffff
8603,88155d343bfffff
8604,88155d36ebfffff
8605,881559d753fffff
8606,88155d360bfffff
8607,88155d76d9fffff
8608,88154ad81bfffff
8609,88155985a3fffff
8610,88155995c3fffff
8611,8815598e01fffff
8612,88154a5a9bfffff
8613,88155d3283fffff
8614,88155d3005fffff
8615,88155d0891fffff
8616,88154a4269fffff
8617,88155d7601fffff
8618,88155d2a23fffff
8619,88155d7807fffff
8620,8815598509fffff
8621,88154a5b21fffff
8622,88155985b1fffff
8623,88155d28b3fffff
8624,88155d653dfffff
8625,88155d6487fffff
8626,8815583a53fffff
8627,8815599ae1fffff
8628,88154a5b4bfffff
8629,88154acaa1fffff
8630,88155d69c9fffff
8631,8815598ad1fffff
8632,88155d2339fffff
8633,88154ad193fffff
8634,88155d2f17fffff
8635,881558376dfffff
8636,88155d7915fffff
8637,88155832cdfffff
8638,88154ada17fffff
8639,88154a49cbfffff
8640,88155d2415fffff
8641,881559801dfffff
8642,88155d0d97fffff
8643,88155982abfffff
8644,88155d3197fffff
8645,88155d2593fffff
8646,881559d6d7fffff
8647,88155d7a6dfffff
8648,8815599017fffff
8649,88155d28ddfffff
8650,881559d933fffff
8651,88154a48edfffff
8652,88155d69a5fffff
8653,88155d66ebfffff
8654,8815583557fffff
8655,881558a4d9fffff
8656,88155d30ebfffff
8657,881558a4c9fffff
8658,88155d6c09fffff
8659,88155995d7fffff
8660,88155d7031fffff
8661,88155da465fffff
8662,8815583661fffff
8663,88155d7acbfffff
8664,88154ac115fffff
8665,88154a4335fffff
8666,88155d622bfffff
8667,88155821a3fffff
8668,8815599913fffff
8669,88154ad111fffff
8670,88155d01b3fffff
8671,88155d7459fffff
8672,88155d60a1fffff
8673,88154a5429fffff
8674,88155d763dfffff
8675,8815599811fffff
8676,88155d782bfffff
8677,881559965bfffff
8678,88155d7263fffff
8679,881559d139fffff
8680,8815599691fffff
8681,88155d2dadfffff
8682,88155999c9fffff
8683,88155d7551fffff
8684,88155834c5fffff
8685,88155d0825fffff
8686,88154ad8c3fffff
8687,88154acc67fffff
8688,881559d1e1fffff
8689,8815598ac5fffff
8690,88154a59d7fffff
8691,8815598611fffff
8692,88155822d1fffff
8693,88154ad999fffff
8694,88155da5d7fffff
8695,88155d6133fffff
8696,88155d6681fffff
8697,88154adb61fffff
8698,88155d7b49fffff
8699,88154ad187fffff
8700,88154a5165fffff
8701,88155d2169fffff
8702,88154ac04dfffff
8703,8815598e2bfffff
8704,881559b149fffff
8705,88155d2a4dfffff
8706,88155821c5fffff
8707,8815582f45fffff
8708,881559da07fffff
8709,88155d2aa5fffff
8710,8815582103fffff
8711,8815582243fffff
8712,88155d6da1fffff
8713,88155d36a7fffff
8714,88155d361dfffff
8715,8815583455fffff
8716,88155d345dfffff
8717,88155d6ab7fffff
8718,88154a4301fffff
8719,8815583183fffff
8720,88155d38bbfffff
8721,88155d3189fffff
8722,88155d64cdfffff
8723,88155d6305fffff
8724,881559c30dfffff
8725,881559d989fffff
8726,8815599a11fffff
8727,8815599269fffff
8728,881559d89dfffff
8729,88155d722dfffff
8730,88155d39bdfffff
8731,88154a5339fffff
8732,88155d050bfffff
8733,88155d61b5fffff
8734,88155d08a3fffff
8735,8815598e19fffff
8736,88155d0f27fffff
8737,881559d497fffff
8738,88155d0e65fffff
8739,8815582187fffff
8740,8815583693fffff
8741,8815599545fffff
8742,88155d350bfffff
8743,8815599117fffff
8744,88154ad83dfffff
8745,88155d2227fffff
8746,881558a5b3fffff
8747,8815582549fffff
8748,88155d358dfffff
8749,88154adadbfffff
8750,88155d6d67fffff
8751,88155d69d7fffff
8752,88155d3155fffff
8753,88154acc6dfffff
8754,88155d25edfffff
8755,88154a42a9fffff
8756,88155d2c63fffff
8757,88155d659bfffff
8758,88155d64dbfffff
8759,88155d0ab7fffff
8760,88155d2d05fffff
8761,88155da9c7fffff
8762,8815598f0dfffff
8763,88155d22a3fffff
8764,881559d2c5fffff
8765,88154a5b25fffff
8766,88154acea3fffff
8767,88155d21e1fffff
8768,88155d44e7fffff
8769,88155d212dfffff
8770,88155d311bfffff
8771,881559d433fffff
8772,88155d72edfffff
8773,88155830ddfffff
8774,8815583b1bfffff
8775,88155d09c1fffff
8776,8815583485fffff
8777,8815582023fffff
8778,88155984c5fffff
8779,88155dade5fffff
8780,88154ac86dfffff
8781,88155980a5fffff
8782,881559d5edfffff
8783,881559d1bdfffff
8784,88155d2f63fffff
8785,88155d6abbfffff
8786,881559c315fffff
8787,8815599b01fffff
8788,881559d98bfffff
8789,881558303dfffff
8790,88155d0e97fffff
8791,8815583651fffff
8792,88155d7ac5fffff
8793,88154acdcbfffff
8794,88155d688dfffff
8795,881559966dfffff
8796,88154ad8e5fffff
8797,88154ad909fffff
8798,88155d6cbbfffff
8799,881559b16dfffff
8800,88155d6257fffff
8801,88154acc2dfffff
8802,881559d265fffff
8803,88155d3849fffff
8804,88155d0989fffff
8805,88155d0cebfffff
8806,8815598349fffff
8807,88155d280dfffff
8808,881559c945fffff
8809,881559935dfffff
8810,88154a4137fffff
8811,88154adb67fffff
8812,881559853bfffff
8813,88155821b5fffff
8814,88155998abfffff
8815,88155d46dbfffff
8816,88154ac181fffff
8817,88154ada95fffff
8818,881559d625fffff
8819,88155d2f05fffff
8820,881559d48dfffff
8821,88155981a1fffff
8822,881559c22dfffff
8823,8815583639fffff
8824,88155d7211fffff
8825,88154ac0c1fffff
8826,88155d0ca1fffff
8827,88155d2dcdfffff
8828,8815591309fffff
8829,88155d6e11fffff
8830,881559c003fffff
8831,88155d6401fffff
8832,88154a5107fffff
8833,88155daf61fffff
8834,88154ac1edfffff
8835,88154ad93bfffff
8836,88155d6623fffff
8837,8815599a4bfffff
8838,88155d3053fffff
8839,88155d2eadfffff
8840,88155821b9fffff
8841,88154adb51fffff
8842,88155d0e47fffff
8843,88155d0521fffff
8844,88155d3201fffff
8845,88154acca5fffff
8846,8815598059fffff
8847,881559ca29fffff
8848,88155d612bfffff
8849,88155d6a9bfffff
8850,88155d2eb5fffff
8851,88154a522dfffff
8852,88155d3b4dfffff
8853,88155da521fffff
8854,88154a5a55fffff
8855,88154ada6dfffff
8856,88155990bbfffff
8857,88155d2d19fffff
8858,88155984b9fffff
8859,88154ad1a5fffff
8860,88154a4065fffff
8861,88155d46edfffff
8862,88154acdc1fffff
8863,88155d68e1fffff
8864,88155822d5fffff
8865,881559d82dfffff
8866,88155d2c2bfffff
8867,88155d0401fffff
8868,88155d62adfffff
8869,88154a5761fffff
8870,88155d3ad1fffff
8871,88155985d7fffff
8872,88154a5a0dfffff
8873,88155da735fffff
8874,88154a5959fffff
8875,88155986dbfffff
8876,88155985abfffff
8877,88155d01b1fffff
8878,88155d2887fffff
8879,88155d213bfffff
8880,881559b84bfffff
8881,88154ac8c3fffff
8882,88155d640dfffff
8883,88155d4547fffff
8884,88155d3a8bfffff
8885,881559d26dfffff
8886,88154ac127fffff
8887,88155d230dfffff
8888,88155d3a5bfffff
8889,88155d2ac9fffff
8890,88154a515dfffff
8891,88154acc19fffff
8892,88154a529bfffff
8893,8815599805fffff
8894,8815598e83fffff
8895,88155d79edfffff
8896,881559d807fffff
8897,8815598313fffff
8898,88154ac249fffff
8899,88155d050dfffff
8900,88155d0e81fffff
8901,881559d0e9fffff
8902,8815582181fffff
8903,88155d3597fffff
8904,88155d6127fffff
8905,8815598457fffff
8906,88155d6f15fffff
8907,88154a52e7fffff
8908,8815583141fffff
8909,88154a4305fffff
8910,88155d246dfffff
8911,88155d0cabfffff
8912,88154a5353fffff
8913,88154acf5dfffff
8914,88154a49e3fffff
8915,88155d056bfffff
8916,88155d6699fffff
8917,88154acdebfffff
8918,88155dad4bfffff
8919,88155d7647fffff
8920,8815598c21fffff
8921,881559d20dfffff
8922,881559d25dfffff
8923,88154a5a47fffff
8924,881559863dfffff
8925,88155d288dfffff
8926,88154ad1abfffff
8927,88155d6429fffff
8928,881558301dfffff
8929,88154adb33fffff
8930,88155d2a5dfffff
8931,88155d6e37fffff
8932,88154a5a8bfffff
8933,88155982e3fffff
8934,88154a4217fffff
8935,8815598533fffff
8936,88155d0e4dfffff
8937,881559d99dfffff
8938,88154a5031fffff
8939,881559d287fffff
8940,881559da05fffff
8941,88155980a3fffff
8942,88154ac911fffff
8943,881559da8dfffff
8944,88155d2e45fffff
8945,88154a5669fffff
8946,88154ad817fffff
8947,88155d71dbfffff
8948,88155d7213fffff
8949,88155d2d43fffff
8950,8815598191fffff
8951,88155d6403fffff
8952,8815599a03fffff
8953,88155d0cd5fffff
8954,88155d6ed7fffff
8955,88155d7ae7fffff
8956,88155d7b45fffff
8957,88155d20d9fffff
8958,88155d2469fffff
8959,88155d0d47fffff
8960,88154a574dfffff
8961,8815583519fffff
8962,88154a58c5fffff
8963,88155dad97fffff
8964,88155d709dfffff
8965,88154a5887fffff
8966,88155d6959fffff
8967,88155d2435fffff
8968,88155d6ab3fffff
8969,88155d72b5fffff
8970,88155991a7fffff
8971,8815598761fffff
8972,8815598f35fffff
8973,88155998edfffff
8974,88155d38b3fffff
8975,881558a6b9fffff
8976,881558a4ddfffff
8977,88155d369dfffff
8978,8815598959fffff
8979,88155dae53fffff
8980,8815583147fffff
8981,88155d66c1fffff
8982,88154a58e5fffff
8983,8815583129fffff
8984,88154acb29fffff
8985,88155d29c5fffff
8986,88154a5a1bfffff
8987,881558250dfffff
8988,88155d38d7fffff
8989,881559981bfffff
8990,88154a5949fffff
8991,88155d233dfffff
8992,88155d74c3fffff
8993,88154a413dfffff
8994,88155d28e1fffff
8995,881559daabfffff
8996,88155d6dd1fffff
8997,881559896dfffff
8998,88155d66adfffff
8999,88154ad9d1fffff
9000,881559da0dfffff
9001,881559809bfffff
9002,88154a504dfffff
9003,88155d3697fffff
9004,88154ace0dfffff
9005,8815583333fffff
9006,88155d3127fffff
9007,88155da8d7fffff
9008,88155d3549fffff
9009,881559cb67fffff
9010,88155da447fffff
9011,88155dad29fffff
9012,88154a5983fffff
9013,8815582e23fffff
9014,881559dae1fffff
9015,88155d3231fffff
9016,88154a5b63fffff
9017,88154a59b9fffff
9018,88154a58b7fffff
9019,88154acb49fffff
9020,88154ac9e7fffff
9021,881559baedfffff
9022,881558205dfffff
9023,88155d7813fffff
9024,88155d2c1dfffff
9025,88155d66abfffff
9026,88154a5a5bfffff
9027,881559d1d7fffff
9028,881559810bfffff
9029,88155d30cdfffff
9030,88155d798dfffff
9031,88155831a1fffff
9032,88155d3717fffff
9033,8815582551fffff
9034,88154a5505fffff
9035,881559db1bfffff
9036,88155d3495fffff
9037,8815598701fffff
9038,88154ac203fffff
9039,88155d3235fffff
9040,88154aca37fffff
9041,8815598709fffff
9042,88155d448bfffff
9043,881559d743fffff
9044,88155d6d3bfffff
9045,8815598dc9fffff
9046,881559bb51fffff
9047,88155d0ec5fffff
9048,8815598743fffff
9049,881559d8cbfffff
9050,88155da737fffff
9051,88155da99dfffff
9052,88155d09abfffff
9053,8815582741fffff
9054,88155d26ebfffff
9055,88155da55bfffff
9056,881558a69dfffff
9057,8815599641fffff
9058,88155d0e2dfffff
9059,88154a4a4dfffff
9060,8815599687fffff
9061,881559b835fffff
9062,88155da405fffff
9063,88154a5a51fffff
9064,88154a4289fffff
9065,881559da8bfffff
9066,88155d0cb9fffff
9067,88155da499fffff
9068,881558ac91fffff
9069,881559963dfffff
9070,881559d411fffff
9071,881559d1ebfffff
9072,881559d251fffff
9073,88154acd85fffff
9074,881559d56dfffff
9075,88154ad027fffff
9076,88155986b1fffff
9077,881559d805fffff
9078,881558a5d7fffff
9079,8815583719fffff
9080,8815598f53fffff
9081,8815598a41fffff
9082,88154a5969fffff
9083,8815583005fffff
9084,88155d3997fffff
9085,881559d709fffff
9086,88155d3a0bfffff
9087,88155d74bbfffff
9088,881559b361fffff
9089,88155d3185fffff
9090,8815598a23fffff
9091,88155d00b5fffff
9092,88154a491bfffff
9093,88154a5981fffff
9094,88155996edfffff
9095,88154a4b4dfffff
9096,88155992ebfffff
9097,88155d7129fffff
9098,881559d8cdfffff
9099,8815583029fffff
9100,88155da5d5fffff
9101,88155d04d3fffff
9102,88154a50ddfffff
9103,88155d21c7fffff
9104,881559d6abfffff
9105,88154a5705fffff
9106,88155d36b9fffff
9107,88155d782dfffff
9108,881559d8d9fffff
9109,881558275dfffff
9110,8815582203fffff
9111,88155d7a67fffff
9112,88155d78cbfffff
9113,8815582287fffff
9114,881559852bfffff
9115,88155d724dfffff
9116,88155996abfffff
9117,88155d78e5fffff
9118,88155d605dfffff
9119,881559da97fffff
9120,88155820e5fffff
9121,881559d9abfffff
9122,88155d2269fffff
9123,88155da583fffff
9124,88155d0553fffff
9125,881559d4b1fffff
9126,881558a5e7fffff
9127,88155832d7fffff
9128,88155d71cdfffff
9129,88155da885fffff
9130,8815598ad7fffff
9131,88155989d1fffff
9132,88155daf25fffff
9133,881559d703fffff
9134,88155d2ce5fffff
9135,8815598b0bfffff
9136,88155daea9fffff
9137,88155d7303fffff
9138,881558a5a9fffff
9139,88155d2247fffff
9140,88155d309dfffff
9141,8815583513fffff
9142,881559cb5dfffff
9143,88155d3955fffff
9144,88154ada3bfffff
9145,88155d71c3fffff
9146,88155982c5fffff
9147,881559d589fffff
9148,88155d3585fffff
9149,88154ac051fffff
9150,8815583505fffff
9151,88155d2509fffff
9152,8815583663fffff
9153,88155d2f13fffff
9154,88155d2c09fffff
9155,8815598145fffff
9156,88155d04abfffff
9157,88155d2089fffff
9158,88154a4969fffff
9159,88154a4203fffff
9160,88154a5819fffff
9161,88154ad8e9fffff
9162,88155d4407fffff
9163,8815582095fffff
9164,88154a593bfffff
9165,88154ac101fffff
9166,88155d26d3fffff
9167,881559892bfffff
9168,881559d641fffff
9169,88155d2a61fffff
9170,88154a4743fffff
9171,88154ad8abfffff
9172,881558a6b3fffff
9173,88155834bdfffff
9174,881558204dfffff
9175,88154acc8bfffff
9176,88155986d7fffff
9177,88155d606bfffff
9178,88155834e7fffff
9179,881559cb55fffff
9180,88155d3a61fffff
9181,88154a4005fffff
9182,881559871dfffff
9183,88155d6527fffff
9184,88155992b7fffff
9185,8815599a51fffff
9186,88154ac861fffff
9187,88154a4b07fffff
9188,88155d790bfffff
9189,88155d0821fffff
9190,8815598e57fffff
9191,881559824dfffff
9192,8815598a97fffff
9193,88155d45e5fffff
9194,88155d6069fffff
9195,88154ac915fffff
9196,88155dadb7fffff
9197,8815599363fffff
9198,881559d6a3fffff
9199,88155d3031fffff
9200,8815598ab9fffff
9201,881559d51dfffff
9202,88155da5b5fffff
9203,88155d3a85fffff
9204,881558ac57fffff
9205,8815583ad9fffff
9206,88154ad90dfffff
9207,88154acdc3fffff
9208,88154ac20dfffff
9209,8815598529fffff
9210,88155d24b3fffff
9211,881559b9e9fffff
9212,8815583a03fffff
9213,88155d0487fffff
9214,881559c341fffff
9215,88154a5645fffff
9216,88155d4ecdfffff
9217,88155d6ac7fffff
9218,88155d2cc3fffff
9219,8815583113fffff
9220,88154a42b3fffff
9221,88155821d7fffff
9222,8815598681fffff
9223,88155d3729fffff
9224,881559c2cdfffff
9225,881559cb43fffff
9226,881558ad95fffff
9227,881559d489fffff
9228,88155d32dbfffff
9229,8815583ad3fffff
9230,88154ac0a1fffff
9231,881559d6d9fffff
9232,881558aeb7fffff
9233,88154a4355fffff
9234,88155d20adfffff
9235,8815582adbfffff
9236,88155822dbfffff
9237,88154a5003fffff
9238,88155d6f45fffff
9239,88155d7105fffff
9240,88155d642bfffff
9241,88155d6adbfffff
9242,88155d0d37fffff
9243,881558205bfffff
9244,88154a5041fffff
9245,8815599041fffff
9246,88154a595dfffff
9247,88155d25abfffff
9248,88155da9c1fffff
9249,8815598957fffff
9250,88154ac2a1fffff
9251,88155d3b6dfffff
9252,88154a42b9fffff
9253,881558229bfffff
9254,88155d79c1fffff
9255,881559c34dfffff
9256,88155d6e53fffff
9257,88154a1929fffff
9258,88155d0d61fffff
9259,8815598b47fffff
9260,88155d0409fffff
9261,88155d7849fffff
9262,88155835c1fffff
9263,88154ac9abfffff
9264,881559d42bfffff
9265,8815598467fffff
9266,88155d6983fffff
9267,88155d6c63fffff
9268,88155d75c3fffff
9269,88154ac01dfffff
9270,88154a4833fffff
9271,88155d2867fffff
9272,88154a4007fffff
9273,88155dac6bfffff
9274,88155d0d35fffff
9275,8815599221fffff
9276,88155d44cdfffff
9277,88155d45a1fffff
9278,88154a50abfffff
9279,8815599207fffff
9280,88155d3237fffff
9281,88155d399bfffff
9282,881559c243fffff
9283,88155d39e3fffff
9284,88155d2437fffff
9285,88154a586dfffff
9286,88155d2eb7fffff
9287,88155d7721fffff
9288,88154ac34bfffff
9289,881559d049fffff
9290,88155d658dfffff
9291,88155d3593fffff
9292,88155d0737fffff
9293,88155da5adfffff
9294,88155990cbfffff
9295,88155d6e17fffff
9296,88155d2043fffff
9297,881559c229fffff
9298,88155d761bfffff
9299,8815598237fffff
9300,8815598593fffff
9301,88155d36c5fffff
9302,88155d4551fffff
9303,88155d30ddfffff
9304,88155d2da9fffff
9305,88155d2681fffff
9306,881559d9b3fffff
9307,881559ba21fffff
9308,88155dac59fffff
9309,88155dad87fffff
9310,881559d803fffff
9311,88154a5a67fffff
9312,88154ad169fffff
9313,88155d75a9fffff
9314,88154a512bfffff
9315,88155d753bfffff
9316,88155d6497fffff
9317,881559d231fffff
9318,8815598897fffff
9319,881559d16bfffff
9320,8815598b21fffff
9321,88154acb17fffff
9322,88155d7745fffff
9323,88155d78bbfffff
9324,88154a4a03fffff
9325,8815598935fffff
9326,88155d7001fffff
9327,88154a4295fffff
9328,881559926bfffff
9329,88155d6f53fffff
9330,88155d0e35fffff
9331,881559c047fffff
9332,88154ac301fffff
9333,88155daf29fffff
9334,88154acb13fffff
9335,88154ad997fffff
9336,881559d881fffff
9337,88155d6f35fffff
9338,88155d6837fffff
9339,88155d32e9fffff
9340,88155d0f63fffff
9341,88154a572bfffff
9342,881559ba27fffff
9343,881559859dfffff
9344,8815598cd7fffff
9345,88155d2a01fffff
9346,88155d6295fffff
9347,88155d01bbfffff
9348,88154ac1b1fffff
9349,881559c231fffff
9350,88155d66c7fffff
9351,88154acf49fffff
9352,88154a496dfffff
9353,88154acd29fffff
9354,88155da459fffff
9355,881559d9d1fffff
9356,88154a406bfffff
9357,88155d7869fffff
9358,881559cb45fffff
9359,88155d0ebbfffff
9360,881558b6dbfffff
9361,88155d7589fffff
9362,88155d2723fffff
9363,88154ac129fffff
9364,88155d0d2dfffff
9365,8815599b5dfffff
9366,88155d6191fffff
9367,88155d21c9fffff
9368,88154a4935fffff
9369,8815583497fffff
9370,88154acb69fffff
9371,88155da4a7fffff
9372,88155dace3fffff
9373,88154ad83bfffff
9374,88155d3927fffff
9375,88154acf21fffff
9376,88154ada1dfffff
9377,8815599749fffff
9378,88155d7667fffff
9379,88154a4a41fffff
9380,8815598711fffff
9381,88155d7193fffff
9382,881559d90dfffff
9383,88155d6d43fffff
9384,88155d772bfffff
9385,88154a4133fffff
9386,88154a5745fffff
9387,88154ada67fffff
9388,88154acf05fffff
9389,88155d09e3fffff
9390,8815598b41fffff
9391,88155999c1fffff
9392,88155d72c1fffff
9393,88155d365dfffff
9394,881558ac17fffff
9395,881559d2c3fffff
9396,88155d65bbfffff
9397,88154a5803fffff
9398,88155d78c9fffff
9399,88155d2c4bfffff
9400,88154a4745fffff
9401,88154a190dfffff
9402,881558385bfffff
9403,88154a59edfffff
9404,88155d255dfffff
9405,88155d6499fffff
9406,88155d676dfffff
9407,88155d272dfffff
9408,881559cb41fffff
9409,88154a5ae1fffff
9410,881559c211fffff
9411,88155d313dfffff
9412,88154acc61fffff
9413,88155d392bfffff
9414,881558a597fffff
9415,8815598597fffff
9416,88154acb15fffff
9417,8815582709fffff
9418,8815599a9bfffff
9419,88155d7491fffff
9420,88155d31c3fffff
9421,88155980a9fffff
9422,88154acb4dfffff
9423,88154a4267fffff
9424,88155d6c0bfffff
9425,88155d6e31fffff
9426,8815598689fffff
9427,88154a5147fffff
9428,8815583ab1fffff
9429,88155d2617fffff
9430,88155d3825fffff
9431,88155d0c01fffff
9432,88154ad1ebfffff
9433,88155d70e1fffff
9434,88155d28bbfffff
9435,88155daf21fffff
9436,8815599667fffff
9437,881559d6c5fffff
9438,881559d101fffff
9439,88154ad8b3fffff
9440,88154a591bfffff
9441,8815598891fffff
9442,88154a505bfffff
9443,88155988cdfffff
9444,88154acc25fffff
9445,88155d61d9fffff
9446,88154acd91fffff
9447,88154a4167fffff
9448,88155982c1fffff
9449,88154a4941fffff
9450,8815598947fffff
9451,88154a4337fffff
9452,8815598e13fffff
9453,88155d6cebfffff
9454,88155d6241fffff
9455,88154a41e7fffff
9456,881559d949fffff
9457,8815599aebfffff
9458,8815583419fffff
9459,881559b805fffff
9460,881558364dfffff
9461,88155d26edfffff
9462,8815598ec3fffff
9463,8815583211fffff
9464,88155d28e5fffff
9465,88155dae55fffff
9466,88155d35cdfffff
9467,88155d7957fffff
9468,881559d95bfffff
9469,88155980c7fffff
9470,88154acc6bfffff
9471,881559b857fffff
9472,88155d2157fffff
9473,88154ad11bfffff
9474,88155d4447fffff
9475,8815599859fffff
9476,88155d230bfffff
9477,8815582011fffff
9478,88155d0419fffff
9479,88155d08bdfffff
9480,88155da9e3fffff
9481,88154a5947fffff
9482,88155d0535fffff
9483,88154a1925fffff
9484,881559d843fffff
9485,881559cb27fffff
9486,88155990ebfffff
9487,88155835ddfffff
9488,88155da88dfffff
9489,8815582ad5fffff
9490,8815598727fffff
9491,88155d3721fffff
9492,88155d6c05fffff
9493,881559da95fffff
9494,88155d2a6bfffff
9495,88155d7107fffff
9496,88155d6365fffff
9497,88154ac221fffff
9498,88155d206bfffff
9499,88155d25a5fffff
9500,881559b9c7fffff
9501,88154acdd1fffff
9502,88154a4303fffff
9503,88155980b5fffff
9504,8815598921fffff
9505,88155d7a03fffff
9506,8815582215fffff
9507,881558a485fffff
9508,88155d6ad5fffff
9509,88155d2a95fffff
9510,8815598cdbfffff
9511,881559992bfffff
9512,88154acccdfffff
9513,88155d2759fffff
9514,88154a499dfffff
9515,88155d7717fffff
9516,88155d4437fffff
9517,881559d24dfffff
9518,88155d70e9fffff
9519,88154ac215fffff
9520,88155d61e7fffff
9521,88154a4b03fffff
9522,88155832bbfffff
9523,88155d3233fffff
9524,88155d231bfffff
9525,88154acd0bfffff
9526,881558acd5fffff
9527,88155d3987fffff
9528,88155d219bfffff
9529,8815598e5dfffff
9530,88155d609dfffff
9531,88154a420bfffff
9532,88154ac8bbfffff
9533,881559bb59fffff
9534,881559c33dfffff
9535,8815599711fffff
9536,88154a555dfffff
9537,88155d448dfffff
9538,88155986c9fffff
9539,881559d36dfffff
9540,8815583623fffff
9541,8815582f1dfffff
9542,88155da50dfffff
9543,881559818dfffff
9544,881558a495fffff
9545,88155d3925fffff
9546,881559884dfffff
9547,88154ada21fffff
9548,8815582347fffff
9549,8815599149fffff
9550,88154a5993fffff
9551,88155d3617fffff
9552,88155d3427fffff
9553,88155992c1fffff
9554,88155d20b9fffff
9555,88155d28b5fffff
9556,881559cb65fffff
9557,8815582319fffff
9558,8815599a89fffff
9559,88155996c9fffff
9560,88155d6d0dfffff
9561,88154ad0bdfffff
9562,88154accb1fffff
9563,88155dadd1fffff
9564,8815599281fffff
9565,8815598f1dfffff
9566,88155980c5fffff
9567,88155d2f65fffff
9568,881558304dfffff
9569,88155d38a5fffff
9570,88154a4a07fffff
9571,881559d9e7fffff
9572,88155d21e5fffff
9573,88155d2dc7fffff
9574,88155d363bfffff
9575,88155d093bfffff
9576,881558a481fffff
9577,88155d389dfffff
9578,88154a5235fffff
9579,881559c053fffff
9580,8815598b1bfffff
9581,8815582655fffff
9582,88155d3483fffff
9583,88155836a7fffff
9584,881559986dfffff
9585,88155d7817fffff
9586,881559da55fffff
9587,88155999b9fffff
9588,8815598e63fffff
9589,88155d2b07fffff
9590,88155d21e7fffff
9591,88155d70dbfffff
9592,88155d0499fffff
9593,88155d3685fffff
9594,88154a4989fffff
9595,88155982ebfffff
9596,88154ada07fffff
9597,88154a4309fffff
9598,881559c32dfffff
9599,88154ad9c5fffff
9600,88155d62c3fffff
9601,881559831dfffff
9602,8815582321fffff
9603,8815599b3dfffff
9604,881559d821fffff
9605,8815583091fffff
9606,881559d2e9fffff
9607,88154ad0a5fffff
9608,88154ad9b1fffff
9609,88155d370dfffff
9610,88155d6c1dfffff
9611,88155d0451fffff
9612,8815583641fffff
9613,88155d2091fffff
9614,8815582e09fffff
9615,8815598f65fffff
9616,8815599213fffff
9617,88155d71d7fffff
9618,88155d25cbfffff
9619,88155d04a1fffff
9620,8815599261fffff
9621,88154a1947fffff
9622,8815599343fffff
9623,88154a51e7fffff
9624,88155d099bfffff
9625,88155980d1fffff
9626,8815598805fffff
9627,88155daeadfffff
9628,88154a5725fffff
9629,88155d39adfffff
9630,881559dad7fffff
9631,88155d6119fffff
9632,88155d0e69fffff
9633,88155984b7fffff
9634,88155d34e1fffff
9635,88154a5121fffff
9636,88154ac895fffff
9637,881558222bfffff
9638,88154adaadfffff
9639,88155d6d3dfffff
9640,881558360bfffff
9641,881559996bfffff
9642,88155d041bfffff
9643,88155d2257fffff
9644,88155d2493fffff
9645,8815582757fffff
9646,881559db05fffff
9647,88155d0485fffff
9648,88155d2edbfffff
9649,88155d4513fffff
9650,88154ac235fffff
9651,88155d7abdfffff
9652,88155d719bfffff
9653,88154a504bfffff
9654,88155822bbfffff
9655,88155da44dfffff
9656,881558acb7fffff
9657,88155d2591fffff
9658,88154acf6bfffff
9659,88155d3565fffff
9660,88155d3857fffff
9661,88155d44e5fffff
9662,88155d6ae5fffff
9663,88155d64b7fffff
9664,8815598f61fffff
9665,88154a4b27fffff
9666,88155d3939fffff
9667,88154a5a83fffff
9668,88155d4693fffff
9669,88155d6343fffff
9670,88155d7b5bfffff
9671,881559d31bfffff
9672,88155d20d3fffff
9673,88155d30a1fffff
9674,88154ac0e9fffff
9675,881559b859fffff
9676,88155d2f57fffff
9677,88155d6695fffff
9678,88155d623bfffff
9679,881559b829fffff
9680,88155d6491fffff
9681,8815582739fffff
9682,88155d382dfffff
9683,881558242dfffff
9684,88155d01b7fffff
9685,88154acb01fffff
9686,88155d644dfffff
9687,88155d2953fffff
9688,88155820b3fffff
9689,88155d0565fffff
9690,88155981e3fffff
9691,88155d6123fffff
9692,881559ba47fffff
9693,88155d75c5fffff
9694,88155d7693fffff
9695,881559dab3fffff
9696,88155d45c7fffff
9697,88155d390bfffff
9698,8815598121fffff
9699,8815583a99fffff
9700,8815598967fffff
9701,881559928dfffff
9702,8815598009fffff
9703,88155d758bfffff
9704,881559d98dfffff
9705,881559d561fffff
9706,88154ac967fffff
9707,88154a4125fffff
9708,881559d0e5fffff
9709,8815582a9bfffff
9710,88155d3429fffff
9711,88154a5301fffff
9712,88155d0431fffff
9713,8815599607fffff
9714,8815599021fffff
9715,88154acf41fffff
9716,88155834ddfffff
9717,88154a55edfffff
9718,881559812dfffff
9719,88155d29e7fffff
9720,88154a401bfffff
9721,881559d20bfffff
9722,88154a5893fffff
9723,88155d0a91fffff
9724,88155d2a83fffff
9725,88155d3169fffff
9726,88155d0549fffff
9727,88155d3651fffff
9728,8815598023fffff
9729,88154a4211fffff
9730,88155d0555fffff
9731,88155d2639fffff
9732,88155d6407fffff
9733,88155da52bfffff
9734,88154a5519fffff
9735,88155d7619fffff
9736,8815583125fffff
9737,88155d0c15fffff
9738,88155d6d8dfffff
9739,88155d2f61fffff
9740,88154a4943fffff
9741,88154ad185fffff
9742,881559d23dfffff
9743,88155d315bfffff
9744,88154a4955fffff
9745,88154a592bfffff
9746,88155d4603fffff
9747,881559d525fffff
9748,88155d09e1fffff
9749,88155d6b59fffff
9750,88155d2503fffff
9751,88154ac0e3fffff
9752,88154aca63fffff
9753,88154a5735fffff
9754,88154a5835fffff
9755,88154adaa3fffff
9756,881559c21dfffff
9757,88155d3615fffff
9758,8815599a6dfffff
9759,88154a5555fffff
9760,88155da50bfffff
9761,88155832e1fffff
9762,88155d68ddfffff
9763,88155d628dfffff
9764,88155d760bfffff
9765,88154a4a55fffff
9766,8815598085fffff
9767,88155d30abfffff
9768,88154acb67fffff
9769,88155d3501fffff
9770,88155835d1fffff
9771,88155d6887fffff
9772,88155d28d5fffff
9773,88155822edfffff
9774,88155d6447fffff
9775,88155d6ec1fffff
9776,8815583449fffff
9777,881559908dfffff
9778,881559d62dfffff
9779,8815582e39fffff
9780,88154ac957fffff
9781,881559936dfffff
9782,8815598653fffff
9783,88154ad911fffff
9784,88154a4a6dfffff
9785,88154a5837fffff
9786,88154a5537fffff
9787,88155d6121fffff
9788,88155d7749fffff
9789,88155d22a5fffff
9790,8815599341fffff
9791,88155d35d9fffff
9792,88155daca1fffff
9793,88154ad0e7fffff
9794,8815599935fffff
9795,88154ac989fffff
9796,88155d24ddfffff
9797,88155da981fffff
9798,881559cb21fffff
9799,8815598431fffff
9800,8815599b6dfffff
9801,88155d44cbfffff
9802,8815583617fffff
9803,881558352dfffff
9804,88155820b5fffff
9805,88155d71b7fffff
9806,88155d22c1fffff
9807,88155d3345fffff
9808,88154a49c5fffff
9809,881559953dfffff
9810,88155d69c5fffff
9811,88155d0597fffff
9812,88155d3433fffff
9813,8815599657fffff
9814,88155d6d39fffff
9815,88154ac8c1fffff
9816,88155d78bdfffff
9817,88155da535fffff
9818,88155d6239fffff
9819,881559dac1fffff
9820,88155d3299fffff
9821,88155d763bfffff
9822,88155d3833fffff
9823,881559d849fffff
9824,88155daca9fffff
9825,88155d74ebfffff
9826,88154a493bfffff
9827,88155dae23fffff
9828,88155835bbfffff
9829,88155d775bfffff
9830,88154ac117fffff
9831,88155d60d5fffff
9832,88155d20bbfffff
9833,88155d0eddfffff
9834,88154a416dfffff
9835,88155989adfffff
9836,8815598449fffff
9837,88155d3507fffff
9838,88155d65c5fffff
9839,881559d731fffff
9840,88155985c7fffff
9841,88155d30b7fffff
9842,88155d2881fffff
9843,881559870dfffff
9844,88154acf51fffff
9845,88155d055bfffff
9846,8815598ad5fffff
9847,8815599199fffff
9848,881558acd7fffff
9849,881559d527fffff
9850,88155d704dfffff
9851,88155d6e49fffff
9852,88154a5253fffff
9853,88155d7343fffff
9854,8815598a6bfffff
9855,8815598301fffff
9856,88155d7455fffff
9857,8815599733fffff
9858,88155990adfffff
9859,88155992c7fffff
9860,881559db43fffff
9861,88154a4829fffff
9862,88154a5213fffff
9863,881559d955fffff
9864,88155d79b1fffff
9865,8815583765fffff
9866,881559961dfffff
9867,88155d76b3fffff
9868,88155daf67fffff
9869,88155d0c43fffff
9870,8815598941fffff
9871,88154acb23fffff
9872,88155d7635fffff
9873,8815599613fffff
9874,88155d7457fffff
9875,88154ac951fffff
9876,88154ac089fffff
9877,88154ac1c9fffff
9878,88154ad893fffff
9879,8815582299fffff
9880,8815583acdfffff
9881,8815599845fffff
9882,88155995bbfffff
9883,88154a5a81fffff
9884,88154ad913fffff
9885,88154ac88bfffff
9886,8815583025fffff
9887,88155989b9fffff
9888,88155d3759fffff
9889,881559d539fffff
9890,88155da401fffff
9891,88155d328dfffff
9892,8815598495fffff
9893,88155d08d3fffff
9894,881558328dfffff
9895,88155d655bfffff
9896,88155d60d9fffff
9897,88155dae51fffff
9898,8815599211fffff
9899,88154ada4bfffff
9900,881559d15bfffff
9901,88154a5203fffff
9902,88154a5a4dfffff
9903,88155988a9fffff
9904,88154acc37fffff
9905,881559d1b3fffff
9906,8815598cd9fffff
9907,88154a496bfffff
9908,88155dae87fffff
9909,88155d6c51fffff
9910,8815582089fffff
9911,88155820b9fffff
9912,88155985b3fffff
9913,88155d60dbfffff
9914,88155980adfffff
9915,8815598881fffff
9916,88155d6331fffff
9917,881559b347fffff
9918,88155980abfffff
9919,88154ac185fffff
9920,881559c33bfffff
9921,88155830d1fffff
9922,88154a59abfffff
9923,88154a521bfffff
9924,88155d789bfffff
9925,88154adb45fffff
9926,881558ad05fffff
9927,88155d7167fffff
9928,88154a4961fffff
9929,88155da453fffff
9930,881559d5d9fffff
9931,88155d2501fffff
9932,88155d4481fffff
9933,881559c05bfffff
9934,88155d7123fffff
9935,88154aceedfffff
9936,88154ad56dfffff
9937,88155d7839fffff
9938,881559d30bfffff
9939,88154ac243fffff
9940,881558271dfffff
9941,881559bb03fffff
9942,8815583007fffff
9943,881558ad61fffff
9944,8815598a03fffff
9945,881559984dfffff
9946,88155dae59fffff
9947,88155d7a55fffff
9948,88155daf11fffff
9949,8815599093fffff
9950,88155d7069fffff
9951,88155daf39fffff
9952,881559d869fffff
9953,88155dac01fffff
9954,8815583193fffff
9955,88155d6ab1fffff
9956,88155d05e9fffff
9957,88155da883fffff
9958,88154acad3fffff
9959,88155d61dbfffff
9960,88155d0a99fffff
9961,8815583abdfffff
9962,88155d6b41fffff
9963,88155d2f41fffff
9964,88155d38a1fffff
9965,88154acc65fffff
9966,88155d69d3fffff
9967,8815583017fffff
9968,88155d3487fffff
9969,881559d89bfffff
9970,88154a470dfffff
9971,88155d74cdfffff
9972,88155d65d9fffff
9973,88155da41dfffff
9974,88155dac99fffff
9975,88155d70b5fffff
9976,88155da463fffff
9977,88154ad1bdfffff
9978,88154adb03fffff
9979,881559d065fffff
9980,8815598317fffff
9981,88154aca05fffff
9982,88154accabfffff
9983,8815598223fffff
9984,8815599947fffff
9985,88154adb35fffff
9986,88155da5e1fffff
9987,88154a5987fffff
9988,881559d43bfffff
9989,88155998e3fffff
9990,881559c24dfffff
9991,88155d2619fffff
9992,88155d25d9fffff
9993,881558a4b9fffff
9994,88155d3445fffff
9995,88155d62d7fffff
9996,88155d0503fffff
9997,88155daccbfffff
9998,8815599957fffff
9999,88155d69ddfffff
10000,881559d813fffff
10001,8815582f5bfffff
10002,88154aca27fffff
10003,88155836d3fffff
10004,881558acedfffff
10005,88155d62a9fffff
10006,8815599549fffff
10007,88155d650dfffff
10008,88155d7aadfffff
10009,88155d0eadfffff
10010,8815598429fffff
10011,881559d24bfffff
10012,88154ad8ebfffff
10013,881559866dfffff
10014,8815599565fffff
10015,88154ac1a7fffff
10016,88154a59c3fffff
10017,88155da8ddfffff
10018,88155982ddfffff
10019,88154a5a3bfffff
10020,88155da993fffff
10021,88155d0ed9fffff
10022,8815599b11fffff
10023,88154a418dfffff
10024,88155d6267fffff
10025,88154a432dfffff
10026,881559d697fffff
10027,8815583297fffff
10028,88154ac8e7fffff
10029,88155d0f07fffff
10030,881559d53bfffff
10031,881559d537fffff
10032,881558369dfffff
10033,88155d2697fffff
10034,88155831e3fffff
10035,88155da8c5fffff
10036,8815598a3dfffff
10037,88154a474dfffff
10038,88155d3211fffff
10039,88155da4c1fffff
10040,88155d6b0dfffff
10041,881559c223fffff
10042,88155d7119fffff
10043,88155988bdfffff
10044,88155981a7fffff
10045,88155d2045fffff
10046,88155d65c9fffff
10047,8815583595fffff
10048,88155dac1bfffff
10049,88155daf13fffff
10050,88155d09bdfffff
10051,88155d71a7fffff
10052,8815583705fffff
10053,88154a5a35fffff
10054,88155996e3fffff
10055,88155d20c9fffff
10056,88155d759dfffff
10057,88155d6411fffff
10058,88155d76a5fffff
10059,88155830d5fffff
10060,88154a51c7fffff
10061,881558a5abfffff
10062,881558ac8bfffff
10063,88155daf65fffff
10064,88155da443fffff
10065,8815598729fffff
10066,88154a5321fffff
10067,88155d258dfffff
10068,881559d701fffff
10069,88155982b1fffff
10070,88155d2d6bfffff
10071,881559d243fffff
10072,88154acdddfffff
10073,88155d0581fffff
10074,88155d35adfffff
10075,88155d2891fffff
10076,8815598e61fffff
10077,881559d001fffff
10078,8815599acbfffff
10079,88155d3513fffff
10080,88155d0997fffff
10081,88155d08e3fffff
10082,88155820a3fffff
10083,88155d6851fffff
10084,88155d0e0dfffff
10085,88155d62b3fffff
10086,8815598831fffff
10087,88154a4a3dfffff
10088,881559836dfffff
10089,88155d3435fffff
10090,88155d0f05fffff
10091,88154acf59fffff
10092,88155981e1fffff
10093,88155d7145fffff
10094,88155d6369fffff
10095,88154ac9b1fffff
10096,88154a4b37fffff
10097,88155d6759fffff
10098,881559b90dfffff
10099,88155d233bfffff
10100,88155d2a8dfffff
10101,88155d2743fffff
10102,88155d06d9fffff
10103,88154ac049fffff
10104,88155830b9fffff
10105,88155d6a5dfffff
10106,88155d7199fffff
10107,88155d4541fffff
10108,88154a52b3fffff
10109,88154a4983fffff
10110,881559c227fffff
10111,88155d24c1fffff
10112,881559ba69fffff
10113,88155d35edfffff
10114,8815599761fffff
10115,88155d799bfffff
10116,881559973dfffff
10117,88154a59a9fffff
10118,88154adb5dfffff
10119,88155d6733fffff
10120,88155dac55fffff
10121,8815599365fffff
10122,88155dac5bfffff
10123,88155d6f09fffff
10124,88154ad8bdfffff
10125,8815598a69fffff
10126,88155d332bfffff
10127,88155d32b1fffff
10128,88155d7825fffff
10129,88154a4903fffff
10130,881559d837fffff
10131,88155d61b9fffff
10132,88155d6b53fffff
10133,88154aca01fffff
10134,88154ac195fffff
10135,881559944dfffff
10136,881558223bfffff
10137,88154a59ddfffff
10138,88154ad889fffff
10139,88154ad91bfffff
10140,881559ba2dfffff
10141,881559813dfffff
10142,88155d7101fffff
10143,88154a4ae1fffff
10144,88155dad1dfffff
10145,881559ba23fffff
10146,88154ace27fffff
10147,8815598ab7fffff
10148,88155d3517fffff
10149,88154ad1d5fffff
10150,88155d7281fffff
10151,881558adb9fffff
10152,88154adaebfffff
10153,88154ace43fffff
10154,88155d2adbfffff
10155,88154a52d1fffff
10156,881559d639fffff
10157,881558323dfffff
10158,8815598997fffff
10159,881559d6c7fffff
10160,88154a4909fffff
10161,88155d223dfffff
10162,8815598209fffff
10163,88155da4bbfffff
10164,88154a4231fffff
10165,881559952dfffff
10166,881559db5dfffff
10167,88155d7661fffff
10168,881559986bfffff
10169,88155d3b1dfffff
10170,881559d917fffff
10171,881559d2cdfffff
10172,88154a52c7fffff
10173,881559d69dfffff
10174,88155836bbfffff
10175,88155985c9fffff
10176,88155d45a5fffff
10177,88155d06b7fffff
10178,881559d05dfffff
10179,88155d05d7fffff
10180,88155d01a5fffff
10181,8815599b23fffff
10182,88155980bdfffff
10183,88155da4e7fffff
10184,88155d74abfffff
10185,881559935bfffff
10186,8815583087fffff
10187,881559924dfffff
10188,88155d2f19fffff
10189,881559c2c3fffff
10190,881559bb4dfffff
10191,88155d60b9fffff
10192,88155d3b13fffff
10193,881558381bfffff
10194,88154a4b31fffff
10195,88154adb2dfffff
10196,88155d2b15fffff
10197,88155836e1fffff
10198,881558349dfffff
10199,8815583adbfffff
10200,881559909bfffff
10201,88155984e9fffff
10202,8815598239fffff
10203,88154a5081fffff
10204,881559d0c1fffff
10205,881559d257fffff
10206,88155d2307fffff
10207,88154acd87fffff
10208,88155d7347fffff
10209,88155d0abdfffff
10210,8815583291fffff
10211,88155992c9fffff
10212,88155d3a87fffff
10213,8815598a15fffff
10214,88154a5733fffff
10215,88155d30b1fffff
10216,88155d0eabfffff
10217,88154ac919fffff
10218,88154adac9fffff
10219,88155d70c9fffff
10220,88155980d9fffff
10221,88155dae83fffff
10222,88155d2843fffff
10223,8815583a11fffff
10224,88155da52dfffff
10225,88155dace7fffff
10226,88155d7a27fffff
10227,8815599239fffff
10228,88155d2a0dfffff
10229,881559885dfffff
10230,88155d7505fffff
10231,88155d3a5dfffff
10232,88155d3303fffff
10233,8815582ad9fffff
10234,8815599967fffff
10235,8815583139fffff
10236,88155d7983fffff
10237,88155d7685fffff
10238,88155820a9fffff
10239,88155d6f59fffff
10240,88154a4823fffff
10241,88155daf05fffff
10242,88154a40cdfffff
10243,88155d083bfffff
10244,88155d2553fffff
10245,881559b80bfffff
10246,8815583561fffff
10247,8815598281fffff
10248,8815598851fffff
10249,88155d2087fffff
10250,88155dae9bfffff
10251,88155d6c49fffff
10252,88154ac187fffff
10253,8815582f19fffff
10254,88155d7a87fffff
10255,88155d32c1fffff
10256,88154a509dfffff
10257,88154ac16dfffff
10258,88155dacd3fffff
10259,88154a4b67fffff
10260,88155992bdfffff
10261,8815583729fffff
10262,881559874dfffff
10263,88155d7009fffff
10264,88155d3511fffff
10265,88155d32e1fffff
10266,88155d2533fffff
10267,8815598763fffff
10268,8815599439fffff
10269,88154a49dbfffff
10270,88155d06a7fffff
10271,8815599511fffff
10272,88154ac0adfffff
10273,88155d04a5fffff
10274,8815583317fffff
10275,8815582083fffff
10276,88155d6047fffff
10277,88155d7845fffff
10278,88154ad1d3fffff
10279,88154ada0dfffff
10280,88155d6a91fffff
10281,88155d72a5fffff
10282,88155d25e7fffff
10283,88154ac207fffff
10284,881559c289fffff
10285,88154a4853fffff
10286,881559911dfffff
10287,88154a5b4dfffff
10288,88155dad33fffff
10289,88155d4717fffff
10290,88155d454bfffff
10291,88155d21e3fffff
10292,881558a5b5fffff
10293,88154ac267fffff
10294,88155985e5fffff
10295,88154ac345fffff
10296,88155daab1fffff
10297,88155d4425fffff
10298,88155d4457fffff
10299,88155d0ab3fffff
10300,88155d6231fffff
10301,88155d30d1fffff
10302,8815598441fffff
10303,88155999b1fffff
10304,8815582c4dfffff
10305,8815582221fffff
10306,88155d6d19fffff
10307,88154a42e9fffff
10308,881559871bfffff
10309,88154ac145fffff
10310,88155d64c3fffff
10311,88154ada2dfffff
10312,88154a55a5fffff
10313,88155d7159fffff
10314,8815599b6bfffff
10315,88154a564dfffff
10316,88154a50edfffff
10317,88155d65c1fffff
10318,88154adb09fffff
10319,88154ad03bfffff
10320,88155d353dfffff
10321,88155d66b3fffff
10322,88155dacbbfffff
10323,88155d2de7fffff
10324,88155dadb9fffff
10325,881558ae97fffff
10326,88155986bdfffff
10327,88155d6721fffff
10328,88155d203bfffff
10329,8815598039fffff
10330,88155d2059fffff
10331,881559d197fffff
10332,88155d6111fffff
10333,88154ada33fffff
10334,8815599aa1fffff
10335,881558328bfffff
10336,88155d29c1fffff
10337,88155d09ebfffff
10338,88155da501fffff
10339,8815598ac3fffff
10340,88155d054dfffff
10341,881559d85bfffff
10342,88155d376bfffff
10343,881559d0a1fffff
10344,88155830bbfffff
10345,88154acf69fffff
10346,88155d6c4dfffff
10347,8815598247fffff
10348,88155d7269fffff
10349,88155d6669fffff
10350,88155d08c5fffff
10351,88155d69c1fffff
10352,88154a42a7fffff
10353,881559da6dfffff
10354,88155995cdfffff
10355,881559c257fffff
10356,88155daed1fffff
10357,881559db31fffff
10358,881559865bfffff
10359,88155984d1fffff
10360,881559d6b7fffff
10361,88155821b1fffff
10362,8815583715fffff
10363,88154a599bfffff
10364,88154acc53fffff
10365,88154ac837fffff
10366,88154a430bfffff
10367,88155d0c57fffff
10368,88155d672bfffff
10369,88155d2685fffff
10370,88155d2c8bfffff
10371,88155d3a2bfffff
10372,88155d21adfffff
10373,88155d640bfffff
10374,88155dace9fffff
10375,8815598433fffff
10376,88155981b7fffff
10377,88154a5b69fffff
10378,88154ac24dfffff
10379,88155d3027fffff
10380,88155d2de9fffff
10381,881559d8b1fffff
10382,88155d7a81fffff
10383,881559820dfffff
10384,88154ac983fffff
10385,88155d0cbbfffff
10386,88155d2315fffff
10387,8815598cd3fffff
10388,881558220dfffff
10389,881559953bfffff
10390,881559cb49fffff
10391,88155d7365fffff
10392,88155d29b9fffff
10393,881559d0b9fffff
10394,8815583ae7fffff
10395,8815599539fffff
10396,88154ac0b7fffff
10397,8815599a53fffff
10398,881558354bfffff
10399,881559d935fffff
10400,8815598e91fffff
10401,88155d2ad5fffff
10402,8815599123fffff
10403,8815599069fffff
10404,88155d22b1fffff
10405,88155d3451fffff
10406,88155d3859fffff
10407,88155dace1fffff
10408,88155d62a1fffff
10409,881559d903fffff
10410,8815599b5bfffff
10411,88155d7911fffff
10412,88155da431fffff
10413,88154a4809fffff
10414,88155d65cbfffff
10415,8815582369fffff
10416,8815598211fffff
10417,88155d21a1fffff
10418,88155d0e87fffff
10419,88154acae3fffff
10420,88155d688bfffff
10421,8815598cd1fffff
10422,88155d2dddfffff
10423,8815599043fffff
10424,88154ac1cdfffff
10425,88154ace0bfffff
10426,881558264dfffff
10427,88155d22b5fffff
10428,881559d353fffff
10429,881559ca6dfffff
10430,88155836e3fffff
10431,8815599467fffff
10432,881559c149fffff
10433,88154acf61fffff
10434,88155daf15fffff
10435,88155d2a07fffff
10436,88155d22b9fffff
10437,88155da513fffff
10438,8815599997fffff
10439,88154acb25fffff
10440,88155d0931fffff
10441,88155984d5fffff
10442,88155d22ddfffff
10443,88155d3a67fffff
10444,88155d6537fffff
10445,88155988ebfffff
10446,88155982a7fffff
10447,881559d2d3fffff
10448,88155dac2dfffff
10449,8815599595fffff
10450,88154ac9ebfffff
10451,881559b365fffff
10452,88155d6e5dfffff
10453,881558309bfffff
10454,88154adac5fffff
10455,881559965dfffff
10456,88154ac08bfffff
10457,88155999edfffff
10458,88155dac8bfffff
10459,88154ad825fffff
10460,88154ac1bbfffff
10461,88154a5205fffff
10462,88154aca87fffff
10463,88154a55a9fffff
10464,88155d2eedfffff
10465,88155d2367fffff
10466,88155d2b17fffff
10467,88155d0981fffff
10468,8815598e69fffff
10469,88155d7a3dfffff
10470,88155d6955fffff
10471,88154ac33dfffff
10472,881559958dfffff
10473,88155d2141fffff
10474,881559d34bfffff
10475,88155d6919fffff
10476,88154acb45fffff
10477,881559d261fffff
10478,88155d2219fffff
10479,88155d68a1fffff
10480,881559d6a9fffff
10481,88155dac33fffff
10482,88155d0d81fffff
10483,88155d7529fffff
10484,88155d2b3dfffff
10485,881559836bfffff
10486,8815599369fffff
10487,88155daee5fffff
10488,88155d35abfffff
10489,88154a576dfffff
10490,881559b321fffff
10491,88155996c7fffff
10492,88155988e5fffff
10493,88154a534dfffff
10494,8815598c41fffff
10495,88155d0e95fffff
10496,88154a5111fffff
10497,88154acf17fffff
10498,88155d6425fffff
10499,8815598923fffff
10500,88155d25c7fffff
10501,88155d09bbfffff
10502,88155d6583fffff
10503,88154a5b61fffff
10504,88154a4937fffff
10505,88155982dbfffff
10506,8815598c6dfffff
10507,88155d06d5fffff
10508,88155d6043fffff
10509,8815598b2dfffff
10510,8815598c2dfffff
10511,881558359bfffff
10512,88155d3a81fffff
10513,881559d65dfffff
10514,881558acddfffff
10515,88155831d1fffff
10516,88155d68e5fffff
10517,88155dac37fffff
10518,88154acde3fffff
10519,8815598307fffff
10520,88155d76c9fffff
10521,881558a5a3fffff
10522,88155d7511fffff
10523,881559934dfffff
10524,88155d6dddfffff
10525,881559c309fffff
10526,88154a5091fffff
10527,88154a4a37fffff
10528,881559859bfffff
10529,8815583a8dfffff
10530,881559d295fffff
10531,8815598113fffff
10532,88155989a9fffff
10533,88155d6cb1fffff
10534,88154a4219fffff
10535,8815582f59fffff
10536,88155d0dcdfffff
10537,88155d7051fffff
10538,881558355dfffff
10539,8815599a67fffff
10540,881559d5e9fffff
10541,88155da5cdfffff
10542,88155d7469fffff
10543,88155d361bfffff
10544,88155991b5fffff
10545,88155d2495fffff
10546,88155d0e27fffff
10547,881559d283fffff
10548,88155d7951fffff
10549,88155dae65fffff
10550,88155d7361fffff
10551,88154aca57fffff
10552,88154a5903fffff
10553,88154a5a2bfffff
10554,881559d847fffff
10555,881558221bfffff
10556,881559c659fffff
10557,88155d223bfffff
10558,8815599153fffff
10559,88155d78b5fffff
10560,88155d29d1fffff
10561,88155d3b47fffff
10562,88155d6de9fffff
10563,88154a4763fffff
10564,88155d25d5fffff
10565,88155d2f35fffff
10566,88154a5b51fffff
10567,88155d7723fffff
10568,88154a59b7fffff
10569,8815582629fffff
10570,88155d6ad3fffff
10571,88155d2311fffff
10572,8815599245fffff
10573,8815583593fffff
10574,88154acc35fffff
10575,88155990edfffff
10576,88155d7061fffff
10577,881559b95bfffff
10578,88155d04bbfffff
10579,88155d2987fffff
10580,881559d5e7fffff
10581,88155d2d63fffff
10582,88155d0e33fffff
10583,88154ac933fffff
10584,8815599587fffff
10585,88155d7b0bfffff
10586,88155d2135fffff
10587,88155992abfffff
10588,88155d3425fffff
10589,88154a59b5fffff
10590,88155d6643fffff
10591,88155d6c83fffff
10592,88155dadd5fffff
10593,881559dae7fffff
10594,88154ac00bfffff
10595,88154a5a39fffff
10596,881558ac03fffff
10597,8815599623fffff
10598,88155d0465fffff
10599,8815582ad3fffff
10600,88155d76b9fffff
10601,8815598c03fffff
10602,88155d6e89fffff
10603,88155d730dfffff
10604,88155d62e1fffff
10605,8815582755fffff
10606,8815583569fffff
10607,88155d7329fffff
10608,88155da427fffff
10609,88155d6e57fffff
10610,881559db3bfffff
10611,8815583051fffff
10612,88155d2831fffff
10613,88154a5065fffff
10614,88155da4b7fffff
10615,8815599135fffff
10616,88154a5a9dfffff
10617,88155d70e7fffff
10618,88155d2c59fffff
10619,8815598c63fffff
10620,88155d6225fffff
10621,88155d2c15fffff
10622,88155d6717fffff
10623,88154acce9fffff
10624,88154a4911fffff
10625,8815599443fffff
10626,88154ac993fffff
10627,88154a5511fffff
10628,88155d742dfffff
10629,881558b699fffff
10630,88154ace23fffff
10631,88154ac241fffff
10632,88154a4149fffff
10633,88155d2011fffff
10634,88155d288bfffff
10635,88154a4a63fffff
10636,88155d6c69fffff
10637,88155d44a3fffff
10638,881559d2b5fffff
10639,88154a5509fffff
10640,88154a596bfffff
10641,88155d36b3fffff
10642,8815583401fffff
10643,88155d0f09fffff
10644,881559d6e9fffff
10645,88155996e1fffff
10646,88155d2749fffff
10647,88155992b9fffff
10648,88155d2081fffff
10649,881558ad39fffff
10650,881558ac3dfffff
10651,88155d38b7fffff
10652,88155dae57fffff
10653,88155d3725fffff
10654,88154a536bfffff
10655,881559db63fffff
10656,88155834b9fffff
10657,8815583685fffff
10658,88154a5207fffff
10659,88155d652bfffff
10660,881559ca4dfffff
10661,88155d2c39fffff
10662,8815598993fffff
10663,88155d45c5fffff
10664,88155995ddfffff
10665,88155d20d5fffff
10666,88155d3a6bfffff
10667,88155d271dfffff
10668,88154ac831fffff
10669,88155d3203fffff
10670,88154a412dfffff
10671,881558aebdfffff
10672,88155832a7fffff
10673,88155d6f13fffff
10674,88154a4841fffff
10675,88155d32e3fffff
10676,88155d2d4bfffff
10677,88155d7a07fffff
10678,8815598525fffff
10679,8815598309fffff
10680,881559d80dfffff
10681,88155d2e9bfffff
10682,881559b323fffff
10683,88155d38ddfffff
10684,8815598c07fffff
10685,881559da81fffff
10686,88155d2195fffff
10687,88154a55b5fffff
10688,8815583117fffff
10689,88155d2689fffff
10690,88155d36e7fffff
10691,88155d76adfffff
10692,88155d6a4dfffff
10693,881559d6cdfffff
10694,881559830bfffff
10695,88155990c7fffff
10696,88155d6e23fffff
10697,8815598e33fffff
10698,8815583aa7fffff
10699,88154a5183fffff
10700,88155d232bfffff
10701,88155da41bfffff
10702,88155da529fffff
10703,88155d24b7fffff
10704,8815583035fffff
10705,88155d35b7fffff
10706,88155d6d5dfffff
10707,88154ace15fffff
10708,8815599aabfffff
10709,88154ace55fffff
10710,88155d6e5bfffff
10711,88154ac833fffff
10712,881559d0ebfffff
10713,8815598825fffff
10714,88155d2233fffff
10715,88155d299bfffff
10716,88155d3a6dfffff
10717,88155d0585fffff
10718,881558314bfffff
10719,88155d36b7fffff
10720,881559126dfffff
10721,881559d2ddfffff
10722,88155d6e51fffff
10723,88155d3755fffff
10724,88155d3111fffff
10725,88155d6b09fffff
10726,88154a5109fffff
10727,88155832d5fffff
10728,881559b827fffff
10729,88155d273bfffff
10730,8815598107fffff
10731,88154a58b9fffff
10732,88154a494dfffff
10733,88155d34c7fffff
10734,88154adaa7fffff
10735,88154a4acbfffff
10736,88155d3263fffff
10737,88154a4835fffff
10738,8815583681fffff
10739,88155d6511fffff
10740,8815598ec9fffff
10741,8815599ad9fffff
10742,88155d304bfffff
10743,8815599a5dfffff
10744,88154a5349fffff
10745,88154a4a23fffff
10746,8815598013fffff
10747,88155d6015fffff
10748,88154a52d9fffff
10749,88155d6a5bfffff
10750,881559d6dbfffff
10751,88155d6aabfffff
10752,88154ada97fffff
10753,88154acae9fffff
10754,881559d9d7fffff
10755,88155d28d7fffff
10756,88154ac0a3fffff
10757,88155d771bfffff
10758,88155da4d5fffff
10759,881558a4bdfffff
10760,88155d3161fffff
10761,88155d220bfffff
10762,88155d69abfffff
10763,88155998adfffff
10764,88155d2dbdfffff
10765,88155d20c7fffff
10766,88155d2429fffff
10767,88155d20cdfffff
10768,88155d20d7fffff
10769,8815582263fffff
10770,88154ada61fffff
10771,88155d7b57fffff
10772,88154acb6dfffff
10773,88155d34d3fffff
10774,88155d754bfffff
10775,8815599227fffff
10776,881558accbfffff
10777,88155998ddfffff
10778,88154a5063fffff
10779,88155dad31fffff
10780,88155d70d5fffff
10781,88155d01a7fffff
10782,88155988c5fffff
10783,88154a58a7fffff
10784,88155d6909fffff
10785,88155d315dfffff
10786,881559821dfffff
10787,88155991e9fffff
10788,881559d565fffff
10789,88155d76d5fffff
10790,88154a589bfffff
10791,88154ad031fffff
10792,88155838d1fffff
10793,881559d28dfffff
10794,88154adb21fffff
10795,88155d0d93fffff
10796,88154ac961fffff
10797,881559d601fffff
10798,8815599419fffff
10799,8815598a59fffff
10800,88155d2d67fffff
10801,88155d0cb5fffff
10802,88155d699dfffff
10803,8815599ac1fffff
10804,88155d3b11fffff
10805,88154ada83fffff
10806,88154a522bfffff
10807,88154a5559fffff
10808,881559d649fffff
10809,88155d36edfffff
10810,88155984d7fffff
10811,88155d0d03fffff
10812,88155d6f5dfffff
10813,88154ad8a3fffff
10814,88155d76a7fffff
10815,88155d3409fffff
10816,88154ac823fffff
10817,88155d70a3fffff
10818,881559b9cbfffff
10819,881559d851fffff
10820,881558233bfffff
10821,88155d7137fffff
10822,88154aca17fffff
10823,88155d6c87fffff
10824,88155d6911fffff
10825,88154ac9b7fffff
10826,8815599937fffff
10827,88155d3025fffff
10828,88155d46b1fffff
10829,88154ac1e5fffff
10830,881558348dfffff
10831,88155d25a9fffff
10832,88155d310dfffff
10833,88154a5b11fffff
10834,88154a40d3fffff
10835,88155d3715fffff
10836,88154ad9edfffff
10837,88154acea1fffff
10838,8815598b4bfffff
10839,88155d79d9fffff
10840,88155da9cbfffff
10841,88155d6251fffff
10842,88155831e5fffff
10843,88155d21ebfffff
10844,881559d739fffff
10845,88155d69e5fffff
10846,88155d244dfffff
10847,88154a5055fffff
10848,88154ad98bfffff
10849,881559d4d9fffff
10850,88155d229dfffff
10851,88154acd3bfffff
10852,88155d0a9bfffff
10853,8815598165fffff
10854,88155d46ebfffff
10855,88154ad1b7fffff
10856,881558a585fffff
10857,88154acadbfffff
10858,88155d6597fffff
10859,88155d72dbfffff
10860,8815583a37fffff
10861,88154a4747fffff
10862,88154ada55fffff
10863,88155d0d15fffff
10864,881559d091fffff
10865,88154acb47fffff
10866,88154a5021fffff
10867,88155d330bfffff
10868,88155d3663fffff
10869,88155981d7fffff
10870,88155d2527fffff
10871,88155d26dbfffff
10872,8815599931fffff
10873,88154acd2bfffff
10874,8815598129fffff
10875,8815598d21fffff
10876,88154ad85dfffff
10877,88155d6c5bfffff
10878,88155dac8dfffff
10879,88155d4555fffff
10880,88155d3a37fffff
10881,88155d2c65fffff
10882,88154a4233fffff
10883,8815598733fffff
10884,88155d2e59fffff
10885,881558ada5fffff
10886,88155d26ddfffff
10887,88154ad9d9fffff
10888,88155d7359fffff
10889,88155831e1fffff
10890,88154a41c9fffff
10891,88155d6c01fffff
10892,88154a472dfffff
10893,8815582211fffff
10894,88154a4b41fffff
10895,88155d7631fffff
10896,881558adcbfffff
10897,881558a583fffff
10898,88155d2a21fffff
10899,881559974dfffff
10900,88155d2d15fffff
10901,88155821a5fffff
10902,88154ac82bfffff
10903,88155daf51fffff
10904,88155d3089fffff
10905,88154ac985fffff
10906,8815599507fffff
10907,8815582e1dfffff
10908,88155d312bfffff
10909,8815583433fffff
10910,88155d46a9fffff
10911,88154a5b33fffff
10912,88155d7239fffff
10913,8815598e27fffff
10914,88155d6159fffff
10915,88154a5097fffff
10916,88155d22b3fffff
10917,881559d201fffff
10918,88154aca25fffff
10919,88155d6a3dfffff
10920,8815599541fffff
10921,88155d098dfffff
10922,88155d2765fffff
10923,88154ac863fffff
10924,88155d3229fffff
10925,88155d36c9fffff
10926,88155daa93fffff
10927,88155dac3dfffff
10928,88154a580bfffff
10929,88155da4e5fffff
10930,881559135bfffff
10931,88155820cdfffff
10932,88155d272bfffff
10933,8815598643fffff
10934,881559915dfffff
10935,88155d2535fffff
10936,88155d2d13fffff
10937,88155d21edfffff
10938,88154ac811fffff
10939,88155d6b1dfffff
10940,88155da4b1fffff
10941,8815598e59fffff
10942,88154adaedfffff
10943,88154a584bfffff
10944,88155d6d29fffff
10945,88155da685fffff
10946,88155d6337fffff
10947,88155d6169fffff
10948,88155d3215fffff
10949,88155d3421fffff
10950,881559d239fffff
10951,881559d91bfffff
10952,881559b9ebfffff
10953,88154acd65fffff
10954,8815583711fffff
10955,88155d62d3fffff
10956,8815598547fffff
10957,88155d0523fffff
10958,8815598995fffff
10959,88155d3ac1fffff
10960,88155d6361fffff
10961,88154a5b49fffff
10962,88155d6913fffff
10963,88155d09d9fffff
10964,88155d46c1fffff
10965,88155d75edfffff
10966,881559ba65fffff
10967,88155d4627fffff
10968,8815583647fffff
10969,88155d4711fffff
10970,88155d3abbfffff
10971,88155d3937fffff
10972,88155d6211fffff
10973,88154acc41fffff
10974,881559b851fffff
10975,88154a52bbfffff
10976,88154a5115fffff
10977,88155da6a5fffff
10978,8815583addfffff
10979,88154aca61fffff
10980,881559d0d3fffff
10981,88154a516bfffff
10982,881559d32dfffff
10983,88155d708bfffff
10984,88154acc11fffff
10985,881559c317fffff
10986,88155d29b5fffff
10987,8815599a33fffff
10988,88155d2955fffff
10989,8815599047fffff
10990,88155d3247fffff
10991,88155d2347fffff
10992,88154a4145fffff
10993,88155d2ce9fffff
10994,8815598261fffff
10995,88155d6813fffff
10996,8815599817fffff
10997,88155d3a0dfffff
10998,881559db47fffff
10999,881559d4c5fffff
11000,88154ac1d9fffff
11001,8815583445fffff
11002,88155d20e1fffff
11003,881559920bfffff
11004,88154a58bdfffff
11005,881559d233fffff
11006,88155820a7fffff
11007,8815598d67fffff
11008,8815598c0bfffff
11009,88155834e5fffff
11010,8815598f39fffff
11011,88155d0f51fffff
11012,88155d30b9fffff
11013,8815582085fffff
11014,881558325bfffff
11015,88155d24adfffff
11016,88154a59e5fffff
11017,881559d1cdfffff
11018,881559bb67fffff
11019,8815582207fffff
11020,88154a5045fffff
11021,88155d2903fffff
11022,881558acd1fffff
11023,88154ada5bfffff
11024,8815582251fffff
11025,88155d386bfffff
11026,88155da9d3fffff
11027,88155d7519fffff
11028,88155d6eddfffff
11029,88155d0f3dfffff
11030,8815582219fffff
11031,88154a411dfffff
11032,88154ac095fffff
11033,88155d3667fffff
11034,88155d31d3fffff
11035,881559b825fffff
11036,88155d3137fffff
11037,88155dac51fffff
11038,881559964bfffff
11039,88155d6c37fffff
11040,8815599907fffff
11041,88154a5a1dfffff
11042,88155d45bbfffff
11043,88155d79c9fffff
11044,88154adabbfffff
11045,88155d66a5fffff
11046,88154ac937fffff
11047,88154ac33bfffff
11048,8815582469fffff
11049,88155d059dfffff
11050,88155835a3fffff
11051,88155d74b7fffff
11052,88154ac227fffff
11053,88155d28cbfffff
11054,88155d646dfffff
11055,88154ac0ebfffff
11056,88155822b9fffff
11057,88155d2ecbfffff
11058,881559d00dfffff
11059,88155d2763fffff
11060,88155d76e1fffff
11061,88155d6181fffff
11062,88155d7241fffff
11063,88155d6993fffff
11064,881558a689fffff
11065,8815583a1dfffff
11066,88155d6d65fffff
11067,881559d711fffff
11068,881558ae9bfffff
11069,88155995abfffff
11070,8815599263fffff
11071,881559893dfffff
11072,8815583457fffff
11073,88154ac825fffff
11074,88154a42cbfffff
11075,8815583487fffff
11076,88154adb1dfffff
11077,8815598469fffff
11078,88154a5221fffff
11079,881558af11fffff
11080,88155d618bfffff
11081,8815599055fffff
11082,88155d31ddfffff
11083,88154ad82bfffff
11084,88155d442bfffff
11085,88155d7991fffff
11086,88155d6db1fffff
11087,88155d3ac3fffff
11088,88154a404dfffff
11089,881559d925fffff
11090,88155821bbfffff
11091,8815598d57fffff
11092,88155981d3fffff
11093,88155d289bfffff
11094,88155d7b09fffff
11095,881559bb41fffff
11096,88155d729bfffff
11097,88154a4549fffff
11098,88155d0d5dfffff
11099,88155d2613fffff
11100,881558aee3fffff
11101,881558ae8bfffff
11102,881559d515fffff
11103,88155da9e5fffff
11104,88155d348dfffff
11105,88154a5119fffff
11106,88155d0f41fffff
11107,88154ad8a7fffff
11108,88155d0c09fffff
11109,88155d7889fffff
11110,88155d3839fffff
11111,8815591245fffff
11112,881559803bfffff
11113,88155d706dfffff
11114,88154ad167fffff
11115,88154ac2edfffff
11116,881559d1b5fffff
11117,88155d6ea3fffff
11118,88155da54bfffff
11119,88155998cdfffff
11120,88155d72e1fffff
11121,881559824bfffff
11122,88155d6109fffff
11123,88155d7a13fffff
11124,88155d0ed7fffff
11125,8815598615fffff
11126,88155d2a4bfffff
11127,88155daf3dfffff
11128,881558ad57fffff
11129,88154ac323fffff
11130,88155991b1fffff
11131,881558aca9fffff
11132,88155d6313fffff
11133,88155d7499fffff
11134,88154a4263fffff
11135,88155d60abfffff
11136,88155d0f15fffff
11137,8815583803fffff
11138,8815583625fffff
11139,88155d4511fffff
11140,8815583469fffff
11141,881558aeb5fffff
11142,88155da4cdfffff
11143,88154acc9dfffff
11144,88155836cdfffff
11145,88155d600dfffff
11146,88155992edfffff
11147,8815583227fffff
11148,88155da9adfffff
11149,881559d1d1fffff
11150,8815583011fffff
11151,88155d05e3fffff
11152,881558380bfffff
11153,8815599b07fffff
11154,881559da67fffff
11155,88154ad1a7fffff
11156,88155d6003fffff
11157,8815599067fffff
11158,8815598a95fffff
11159,88154a5009fffff
11160,88155d0f67fffff
11161,88155d2037fffff
11162,8815583503fffff
11163,88155d0c83fffff
11164,8815582053fffff
11165,88155d3921fffff
11166,881559d29bfffff
11167,88154ad8b7fffff
11168,88155d042dfffff
11169,88154acacdfffff
11170,88155d7ae3fffff
11171,88154a58dbfffff
11172,881559c159fffff
11173,88155d3a65fffff
11174,88155d3453fffff
11175,881559db59fffff
11176,8815598a11fffff
11177,88154ad955fffff
11178,881559b961fffff
11179,88155d75d3fffff
11180,881558266bfffff
11181,8815598f1bfffff
11182,88155d2addfffff
11183,88155d6eb9fffff
11184,881558320bfffff
11185,88155d2751fffff
11186,8815583a17fffff
11187,88155d72d1fffff
11188,88155d6847fffff
11189,88154ada15fffff
11190,881558adbdfffff
11191,88154ad8c7fffff
11192,88155da9e7fffff
11193,881559c619fffff
11194,88154ac065fffff
11195,88155d3041fffff
11196,88155d65e5fffff
11197,88155da593fffff
11198,88155d2411fffff
11199,88155d7641fffff
11200,88154adab3fffff
11201,88155d44a5fffff
11202,88155d2a59fffff
11203,88154a4723fffff
11204,88155d2663fffff
11205,881559d129fffff
11206,88155d26e9fffff
11207,88154a5535fffff
11208,88155d45ebfffff
11209,88155d340bfffff
11210,88155d22a1fffff
11211,88154ace01fffff
11212,881559d349fffff
11213,88155d2b11fffff
11214,88155d28dbfffff
11215,8815598869fffff
11216,881559b341fffff
11217,881559b329fffff
11218,88155d60c7fffff
11219,881558a49dfffff
11220,88155d0e83fffff
11221,881558ad91fffff
11222,881559c239fffff
11223,881558a681fffff
11224,88155d20c5fffff
11225,881559bb0bfffff
11226,8815598e17fffff
11227,88155834e3fffff
11228,88154a42a1fffff
11229,88155da8b7fffff
11230,88155d70bdfffff
11231,8815582081fffff
11232,88155d0db9fffff
11233,881559c209fffff
11234,88154aca69fffff
11235,88155d05bbfffff
11236,88154ad959fffff
11237,88155da543fffff
11238,88155d7115fffff
11239,881559da1dfffff
11240,8815598589fffff
11241,881559949bfffff
11242,88155d6561fffff
11243,88154a4b63fffff
11244,881558228dfffff
11245,88155d6aa3fffff
11246,88155d2aedfffff
11247,88155d70d9fffff
11248,88155d3059fffff
11249,88154a576bfffff
11250,881558ad33fffff
11251,88154ad1b1fffff
11252,8815582e01fffff
11253,8815582705fffff
11254,88154ad851fffff
11255,881558a5d1fffff
11256,88155d3167fffff
11257,881559942dfffff
11258,88155d2417fffff
11259,8815583523fffff
11260,88155d35c7fffff
11261,881559d529fffff
11262,88155d0517fffff
11263,8815583233fffff
11264,8815582065fffff
11265,88155d2b47fffff
11266,88155820d7fffff
11267,88155d6535fffff
11268,881559941bfffff
11269,88154accb7fffff
11270,88155d39cbfffff
11271,8815598a57fffff
11272,88155dac4dfffff
11273,88154a51a7fffff
11274,88155d3935fffff
11275,88155d6db5fffff
11276,88155984c9fffff
11277,8815582e55fffff
11278,88154a5b6dfffff
11279,8815598819fffff
11280,881559856bfffff
11281,88155d2001fffff
11282,88154adad7fffff
11283,881559ba31fffff
11284,881559dad3fffff
11285,881559d415fffff
11286,881559d883fffff
11287,8815582031fffff
11288,881559840bfffff
11289,88154a5567fffff
11290,8815583115fffff
11291,881559c26dfffff
11292,881558316bfffff
11293,88155d46ddfffff
11294,88155990d9fffff
11295,88154a415bfffff
11296,88155d6d2dfffff
11297,88155830c1fffff
11298,88155d6f43fffff
11299,8815582361fffff
11300,88155d34b3fffff
11301,88154a581bfffff
11302,88154acac1fffff
11303,8815598e37fffff
11304,8815583667fffff
11305,88155d09c9fffff
11306,881559d453fffff
11307,88154ac32dfffff
11308,88155d6615fffff
11309,88155d4531fffff
11310,88155d68a9fffff
11311,88154ac821fffff
11312,88155d78ddfffff
11313,88155d4537fffff
11314,88155d6f47fffff
11315,8815598d1bfffff
11316,88155da525fffff
11317,88155d22d1fffff
11318,88155d0d49fffff
11319,88155d0d41fffff
11320,88155da6b9fffff
11321,88155d224dfffff
11322,881558203dfffff
11323,88155d6b55fffff
11324,88154aca41fffff
11325,88155d458bfffff
11326,8815598f03fffff
11327,88154a572dfffff
11328,88154a51a3fffff
11329,88155d7883fffff
11330,88155d2f3bfffff
11331,88154a5363fffff
11332,88155d2c35fffff
11333,88155d6cc5fffff
11334,8815598707fffff
11335,88155830c7fffff
11336,881559d75bfffff
11337,88154ad125fffff
11338,88155832edfffff
11339,8815598969fffff
11340,8815599995fffff
11341,88154ad0b5fffff
11342,88155d0c6dfffff
11343,88155d2559fffff
11344,881559d26bfffff
11345,88155d449bfffff
11346,88155d6595fffff
11347,881559d693fffff
11348,88155da727fffff
11349,88155d042bfffff
11350,8815599321fffff
11351,88154ad1c3fffff
11352,88155d2aadfffff
11353,88155d7151fffff
11354,88155da567fffff
11355,88154a48e7fffff
11356,88155998dbfffff
11357,88154a506dfffff
11358,88155d4ed1fffff
11359,8815599307fffff
11360,88155d350dfffff
11361,88154a5185fffff
11362,88155d0e53fffff
11363,88155d0f25fffff
11364,88155d0897fffff
11365,88155dae93fffff
11366,88155d0f11fffff
11367,88155d324bfffff
11368,88155d0e39fffff
11369,88155d46d7fffff
11370,88155d74e3fffff
11371,88155d2ee7fffff
11372,88155d08dbfffff
11373,88155d2133fffff
11374,881558a687fffff
11375,8815598195fffff
11376,88155d2e13fffff
11377,88154a533dfffff
11378,881559b36dfffff
11379,88155da527fffff
11380,88155d68abfffff
11381,88155d2f31fffff
11382,88155982e7fffff
11383,88155d29d3fffff
11384,8815582091fffff
11385,88155d6803fffff
11386,8815599a07fffff
11387,88155d6f3dfffff
11388,881559c24bfffff
11389,8815582293fffff
11390,88155d34e3fffff
11391,88155d44dbfffff
11392,88155d7111fffff
11393,88154acb21fffff
11394,88155d2c27fffff
11395,88155d2825fffff
11396,88154a400bfffff
11397,88154a5811fffff
11398,88155d66d5fffff
11399,88155d2e17fffff
11400,881559bb39fffff
11401,88155d6459fffff
11402,88155daf3bfffff
11403,8815598a09fffff
11404,88155d0091fffff
11405,88155d60d1fffff
11406,88154acdbbfffff
11407,8815598443fffff
11408,88155da093fffff
11409,88154acc51fffff
11410,88155d7125fffff
11411,88155d2c29fffff
11412,88154acc1dfffff
11413,88155d6d41fffff
11414,88155d2ad1fffff
11415,88155d3209fffff
11416,8815598b23fffff
11417,88155d2d35fffff
11418,88155d290bfffff
11419,88155da537fffff
11420,88155d6839fffff
11421,881558ade3fffff
11422,88155d6aa1fffff
11423,88155d226dfffff
11424,8815598f21fffff
11425,88154a4251fffff
11426,88155d2737fffff
11427,88155d6653fffff
11428,88155da899fffff
11429,88155d7743fffff
11430,881559972bfffff
11431,88154acf57fffff
11432,88155d3443fffff
11433,88155d059bfffff
11434,881559d1c7fffff
11435,88155d3b09fffff
11436,88155d336bfffff
11437,88155d7a09fffff
11438,88155d7465fffff
11439,8815599421fffff
11440,88155d6281fffff
11441,88154a4919fffff
11442,88155d7437fffff
11443,88155dac83fffff
11444,881559d09dfffff
11445,88155dae69fffff
11446,88155d6e13fffff
11447,881559d0abfffff
11448,88155d0593fffff
11449,88155d0ecbfffff
11450,88155d7993fffff
11451,88155d2a2bfffff
11452,88154a52edfffff
11453,88154a5357fffff
11454,88155d08c3fffff
11455,88155d0e89fffff
11456,8815598627fffff
11457,88155994e9fffff
11458,88155d6203fffff
11459,8815583621fffff
11460,88155d6345fffff
11461,88155d68b1fffff
11462,88155d2701fffff
11463,88155d7955fffff
11464,88155d6769fffff
11465,88154a5ab9fffff
11466,88154ac14bfffff
11467,88155d6655fffff
11468,88155d4545fffff
11469,88155d3b0dfffff
11470,88154a49a1fffff
11471,8815599521fffff
11472,881559db13fffff
11473,88154ac081fffff
11474,88155d664dfffff
11475,8815599551fffff
11476,88154ad02bfffff
11477,88155dad45fffff
11478,88155994adfffff
11479,88155d2327fffff
11480,8815598c5dfffff
11481,88154a50b7fffff
11482,881559d33bfffff
11483,88155d0443fffff
11484,881559b841fffff
11485,88155838c3fffff
11486,881559d011fffff
11487,881559d117fffff
11488,8815582009fffff
11489,88155d7a35fffff
11490,88155d2ec7fffff
11491,88155d65d5fffff
11492,8815582057fffff
11493,8815598333fffff
11494,88155980c9fffff
11495,8815582e25fffff
11496,88155d3b07fffff
11497,88155d25a1fffff
11498,88155d6413fffff
11499,88155d0925fffff
11500,88155d2159fffff
11501,881559b325fffff
11502,8815599901fffff
11503,88155d6cc3fffff
11504,88155d2193fffff
11505,88155d7821fffff
11506,88155d243bfffff
11507,88155d2cabfffff
11508,88155d6627fffff
11509,88155d2c25fffff
11510,88155d36bbfffff
11511,88155d706bfffff
11512,88155d3909fffff
11513,881559970dfffff
11514,88154aca83fffff
11515,88155dadc9fffff
11516,88154acee5fffff
11517,881559913dfffff
11518,881559d569fffff
11519,881559d4a9fffff
11520,8815583587fffff
11521,88154ac111fffff
11522,8815598a8dfffff
11523,88155d39d3fffff
11524,8815583ac1fffff
11525,88155d7419fffff
11526,88155d2e31fffff
11527,88155dace5fffff
11528,881559d9d9fffff
11529,88155d6a31fffff
11530,881559d13bfffff
11531,88155d6219fffff
11532,88154acd9dfffff
11533,881558265dfffff
11534,88155d3727fffff
11535,88155d0a93fffff
11536,881558355bfffff
11537,88154a42e7fffff
11538,88154a4067fffff
11539,88154ac95dfffff
11540,88154acf07fffff
11541,88155d01a3fffff
11542,8815598cd5fffff
11543,88155d6d25fffff
11544,88155d3611fffff
11545,881558ac99fffff
11546,88155d7345fffff
11547,88154a4155fffff
11548,88155980edfffff
11549,881558ac23fffff
11550,88154a4053fffff
11551,88154a473dfffff
11552,88154acc33fffff
11553,8815598361fffff
11554,88155d29a1fffff
11555,881559956dfffff
11556,881559b901fffff
11557,8815598515fffff
11558,88155d242dfffff
11559,88155d2cd7fffff
11560,88155d4ed9fffff
11561,881558274bfffff
11562,88155d22bbfffff
11563,88155d0d2bfffff
11564,88155dae3bfffff
11565,881558a691fffff
11566,88155d7363fffff
11567,88155d6c43fffff
11568,88155d30c7fffff
11569,8815598497fffff
11570,88155d3305fffff
11571,88155d39a1fffff
11572,88155d30c3fffff
11573,8815599a37fffff
11574,881558a699fffff
11575,88154a4805fffff
11576,88154ad1c5fffff
11577,88154a49c7fffff
11578,88155820c3fffff
11579,88154a4839fffff
11580,881559832dfffff
11581,88155d35bbfffff
11582,88155d783bfffff
11583,8815599959fffff
11584,88155d2d03fffff
11585,88155d6ce9fffff
11586,88155d71a1fffff
11587,88154a58bbfffff
11588,88154acf37fffff
11589,8815599723fffff
11590,88155834c3fffff
11591,88155d68cdfffff
11592,88154ac1e7fffff
11593,8815598edbfffff
11594,88155989c9fffff
11595,881558ad0bfffff
11596,88155d3187fffff
11597,88155d2f09fffff
11598,88155d0ed5fffff
11599,881559c36bfffff
11600,8815599359fffff
11601,88155daf55fffff
11602,88154ad9d3fffff
11603,88155d6c29fffff
11604,88155d0f0dfffff
11605,881559d03bfffff
11606,8815583137fffff
11607,8815598741fffff
11608,88154ac351fffff
11609,881559da5dfffff
11610,88154a4469fffff
11611,8815598b35fffff
11612,88154a506bfffff
11613,88155d6b11fffff
11614,881559d293fffff
11615,8815599a6bfffff
11616,88155d36a3fffff
11617,881559db39fffff
11618,8815599445fffff
11619,88155dae67fffff
11620,8815598205fffff
11621,88154ac263fffff
11622,88155d2627fffff
11623,88155d2739fffff
11624,88155d660bfffff
11625,88155d2e37fffff
11626,881559d54bfffff
11627,88154ad8b1fffff
11628,88155d6801fffff
11629,88154a528bfffff
11630,8815583409fffff
11631,881558224dfffff
11632,88155dac07fffff
11633,88154acde5fffff
11634,88155d2debfffff
11635,881558a4dbfffff
11636,88155d0aa1fffff
11637,88155d6439fffff
11638,88155d3159fffff
11639,881558aeddfffff
11640,88155d7683fffff
11641,88155d6749fffff
11642,8815582623fffff
11643,88154a5863fffff
11644,881558266dfffff
11645,88155995bdfffff
11646,881559852dfffff
11647,88155dac61fffff
11648,88155d2c81fffff
11649,8815599645fffff
11650,88155d7669fffff
11651,88154a5acdfffff
11652,88154a556dfffff
11653,881558372dfffff
11654,88154ac923fffff
11655,8815599617fffff
11656,881558ad89fffff
11657,88155d4449fffff
11658,881559daa1fffff
11659,88155d2447fffff
11660,88155d2151fffff
11661,8815598b5dfffff
11662,88155dacdbfffff
11663,88155d6107fffff
11664,881559d069fffff
11665,88155d04a9fffff
11666,88155d3515fffff
11667,88154ac925fffff
11668,8815599051fffff
11669,88155dae5bfffff
11670,88155d29bbfffff
11671,88155d364bfffff
11672,88155d449dfffff
11673,88155d6f5bfffff
11674,88155dac25fffff
11675,881559b849fffff
11676,88155d29c3fffff
11677,8815598d5dfffff
11678,88155dadd7fffff
11679,88155d6427fffff
11680,8815582189fffff
11681,8815583061fffff
11682,88155d2921fffff
11683,8815599903fffff
11684,88155d218dfffff
11685,88154a5329fffff
11686,881559969dfffff
11687,88155d7731fffff
11688,88154a402dfffff
11689,88154a4299fffff
11690,881559d92dfffff
11691,881558ac95fffff
11692,88154a5929fffff
11693,88155d0d19fffff
11694,88154acd83fffff
11695,88155d0f37fffff
11696,88154a5257fffff
11697,881559dab7fffff
11698,881559bb45fffff
11699,88154a1963fffff
11700,88155d2457fffff
11701,88155d3b3dfffff
11702,88155d72c3fffff
11703,88155d72c9fffff
11704,88155d302bfffff
11705,8815598e31fffff
11706,88155d3a1bfffff
11707,88155d35c1fffff
11708,88155982d7fffff
11709,881558a59bfffff
11710,88155d313bfffff
11711,88155d2267fffff
11712,88154ad0e5fffff
11713,88154ada09fffff
11714,88155d3a31fffff
11715,8815599a81fffff
11716,88155981c7fffff
11717,88155d0883fffff
11718,88155d7b59fffff
11719,88155836a3fffff
11720,881559cb4dfffff
11721,8815598d41fffff
11722,8815598d63fffff
11723,88155832a3fffff
11724,88155d740dfffff
11725,88154ac809fffff
11726,88155d6485fffff
11727,8815598ea3fffff
11728,88155830cdfffff
11729,88155d445bfffff
11730,88155da637fffff
11731,881558ac37fffff
11732,8815599743fffff
11733,88155d44c5fffff
11734,88155d2287fffff
11735,88154a5227fffff
11736,8815598a5dfffff
11737,88155d0e19fffff
11738,88155d266dfffff
11739,8815598461fffff
11740,88155d4e9bfffff
11741,88155821a7fffff
11742,8815598025fffff
11743,88155d0a9dfffff
11744,88155dacc7fffff
11745,88155d69d5fffff
11746,8815599555fffff
11747,88154adab7fffff
11748,88155d6449fffff
11749,88155d4549fffff
11750,88154a52ebfffff
11751,88155d0c55fffff
11752,881559da61fffff
11753,88154ac855fffff
11754,88155d0939fffff
11755,88155d2465fffff
11756,8815582301fffff
11757,8815598c53fffff
11758,88154ac245fffff
11759,88155986d9fffff
11760,88155d0423fffff
11761,88155d0f21fffff
11762,88155d6857fffff
11763,88155d26abfffff
11764,88155d4689fffff
11765,8815599163fffff
11766,8815599633fffff
11767,88154ac123fffff
11768,88154ad917fffff
11769,88155836dbfffff
11770,88155d2e4dfffff
11771,88155d0411fffff
11772,88154ad123fffff
11773,88155835a7fffff
11774,88155d6319fffff
11775,88155995e5fffff
11776,88155d6867fffff
11777,88155d285dfffff
11778,88155d2929fffff
11779,88154acb03fffff
11780,88154a5747fffff
11781,88154a55c5fffff
11782,88155d0c6bfffff
11783,881559d58bfffff
11784,88155d6753fffff
11785,88155d2123fffff
11786,88155d0e01fffff
11787,8815598581fffff
11788,88155d60e1fffff
11789,88155d34c5fffff
11790,88155d3265fffff
11791,88154a4131fffff
11792,881558a5ddfffff
11793,88155d6e67fffff
11794,88155d22ebfffff
11795,8815598e4bfffff
11796,881559bb23fffff
11797,88155d3ad9fffff
11798,88155d0e23fffff
11799,88155d0aa7fffff
11800,88155d6739fffff
11801,881559d2e3fffff
11802,88155d2c0bfffff
11803,88155d4469fffff
11804,8815598e45fffff
11805,881559912bfffff
11806,88155da429fffff
11807,88155d20ddfffff
11808,881558ad19fffff
11809,88154acd3dfffff
11810,881559889dfffff
11811,88155d0d45fffff
11812,881559d859fffff
11813,88155da5c7fffff
11814,88154ac829fffff
11815,8815598e09fffff
11816,8815598331fffff
11817,88155d31adfffff
11818,8815583a3dfffff
11819,88155d2097fffff
11820,88155d7b1dfffff
11821,88155d234bfffff
11822,88155d78b3fffff
11823,88154a5a97fffff
11824,88154a49c9fffff
11825,88154ad94bfffff
11826,88155d695dfffff
11827,88155d2c97fffff
11828,88155d2d93fffff
11829,88155998b1fffff
11830,88155d2223fffff
11831,88155d3aa1fffff
11832,88155d0f45fffff
11833,881559b81dfffff
11834,88154a58d5fffff
11835,88154ac161fffff
11836,8815582037fffff
11837,881559c069fffff
11838,8815598639fffff
11839,881559d8e9fffff
11840,881559daa3fffff
11841,88154acb05fffff
11842,88154adb15fffff
11843,8815582193fffff
11844,88155d28a1fffff
11845,88155d2a11fffff
11846,88155d7a25fffff
11847,88155d76d7fffff
11848,88155d3313fffff
11849,88155989e3fffff
11850,88155d0cb7fffff
11851,88154acc27fffff
11852,88155d64b9fffff
11853,881559d203fffff
11854,88154ad815fffff
11855,88155836abfffff
11856,88154a5829fffff
11857,88154a5151fffff
11858,88155835abfffff
11859,88155d0e15fffff
11860,88155d340dfffff
11861,88155d333bfffff
11862,88155d2251fffff
11863,881559d45bfffff
11864,88155d34a9fffff
11865,88155d6ac1fffff
11866,881559d08bfffff
11867,88155d20abfffff
11868,8815583563fffff
11869,88154a594bfffff
11870,88155831b1fffff
11871,881559d60bfffff
11872,88154ac139fffff
11873,88155da449fffff
11874,88155d3a57fffff
11875,88155830b1fffff
11876,88155d3563fffff
11877,88155daf6bfffff
11878,88155d34abfffff
11879,88155d0e6bfffff
11880,881558ac09fffff
11881,88155d7a45fffff
11882,88155d6667fffff
11883,88155d6ecbfffff
11884,88155d7525fffff
11885,88155d6185fffff
11886,88155d6a05fffff
11887,88155982d3fffff
11888,8815598843fffff
11889,88155d626bfffff
11890,88155d6755fffff
11891,88154a58e1fffff
11892,88155832abfffff
11893,8815582545fffff
11894,88155d301dfffff
11895,88155d2209fffff
11896,88155d2833fffff
11897,88155d25e1fffff
11898,88155999e7fffff
11899,88155d66dbfffff
11900,88155d3359fffff
11901,881559d245fffff
11902,881559902bfffff
11903,88155d36d7fffff
11904,88155d3343fffff
11905,88154ac353fffff
11906,88154acf25fffff
11907,88155d38ebfffff
11908,8815582025fffff
11909,88154ad103fffff
11910,8815599037fffff
11911,88154ad929fffff
11912,8815598ad9fffff
11913,8815582195fffff
11914,88155d2e91fffff
11915,8815599a09fffff
11916,8815583105fffff
11917,88155d2909fffff
11918,881558ac05fffff
11919,88155d6e33fffff
11920,88155d2855fffff
11921,88155d64d3fffff
11922,8815599825fffff
11923,88155d2827fffff
11924,88155992e3fffff
11925,88155d25c5fffff
11926,88154adae1fffff
11927,88154ad199fffff
11928,881559d49dfffff
11929,88154a4ac3fffff
11930,8815583037fffff
11931,88155d2893fffff
11932,88155d3481fffff
11933,88155da5ddfffff
11934,8815583635fffff
11935,88155d2e5dfffff
11936,8815598723fffff
11937,88155d6855fffff
11938,881559c949fffff
11939,88154a40dbfffff
11940,88155d76b5fffff
11941,88155dad9bfffff
11942,88155d675bfffff
11943,881558356dfffff
11944,88155d048bfffff
11945,88155dae13fffff
11946,881559d749fffff
11947,88155821adfffff
11948,88155d3819fffff
11949,88155d0f69fffff
11950,88155d3abdfffff
11951,88154a429dfffff
11952,88155d2f39fffff
11953,88154a4109fffff
11954,88155d2ad3fffff
11955,88154ac0abfffff
11956,88155830d3fffff
11957,88155d06c3fffff
11958,88155d270dfffff
11959,88154aca2dfffff
11960,88155d2441fffff
11961,88155d7629fffff
11962,8815598291fffff
11963,88155d64bbfffff
11964,88155d64c7fffff
11965,88155d768bfffff
11966,88155d6f07fffff
11967,88154ad80bfffff
11968,88155980e3fffff
11969,88155835ebfffff
11970,8815598f55fffff
11971,88155d3649fffff
11972,88155d6a41fffff
11973,881559d211fffff
11974,88154adad9fffff
11975,88155d6ae7fffff
11976,88154acd07fffff
11977,88155d2817fffff
11978,88155d2951fffff
11979,88154a51b3fffff
11980,88155d3b4bfffff
11981,88155d6e95fffff
11982,88155d4527fffff
11983,88154a4b6dfffff
11984,88155d7493fffff
11985,88155d0c3bfffff
11986,881559864bfffff
11987,881559d357fffff
11988,88155d0569fffff
11989,881559d259fffff
11990,88155d2341fffff
11991,881559c269fffff
11992,881558aec7fffff
11993,88154ac93bfffff
11994,88155834ebfffff
11995,881559d4bbfffff
11996,88154acacbfffff
11997,88155d60a7fffff
11998,88155989edfffff
11999,88155d7089fffff
12000,88155d6893fffff
12001,88154aca9bfffff
12002,8815598901fffff
12003,88155d0d29fffff
12004,88155d70ddfffff
12005,88155dad8bfffff
12006,88154a501bfffff
12007,8815598939fffff
12008,88155d24cbfffff
12009,88155d719dfffff
12010,88154a5a0bfffff
12011,88155d39dbfffff
12012,88155d2eb1fffff
12013,881559d2c1fffff
12014,88155820abfffff
12015,88155d292bfffff
12016,88154a4139fffff
12017,881558ac21fffff
12018,88154a500dfffff
12019,88155822a9fffff
12020,88155d3b35fffff
12021,88155d74e9fffff
12022,88154a4205fffff
12023,88155d6141fffff
12024,88154a428dfffff
12025,88155d3307fffff
12026,88155985a1fffff
12027,88155d711bfffff
12028,88155d76dbfffff
12029,881558234bfffff
12030,88155821b7fffff
12031,8815583a39fffff
12032,881559910bfffff
12033,88155d3295fffff
12034,8815599a59fffff
12035,88155d0c2dfffff
12036,88155d78a5fffff
12037,881559c303fffff
12038,88155d3437fffff
12039,88155d75cdfffff
12040,881559d017fffff
12041,88155999e3fffff
12042,88155d39d9fffff
12043,88155980dbfffff
12044,88154a5b2dfffff
12045,88154ac949fffff
12046,88155836b5fffff
12047,88155daf17fffff
12048,88155d248bfffff
12049,88155988d9fffff
12050,881559d155fffff
12051,88155d6debfffff
12052,88155daeb5fffff
12053,881559995bfffff
12054,88155d21d1fffff
12055,88155d0525fffff
12056,88154a42d1fffff
12057,88154a5b6bfffff
12058,8815598ea1fffff
12059,881559b953fffff
12060,8815598c0dfffff
12061,88155d2757fffff
12062,881559bb11fffff
12063,88155d7741fffff
12064,8815598297fffff
12065,88154a4b29fffff
12066,8815583093fffff
12067,88154ac9a7fffff
12068,88155d2f0bfffff
12069,88154a5923fffff
12070,88155d7aa5fffff
12071,88155d624dfffff
12072,8815598f2dfffff
12073,88155d7adbfffff
12074,88155d2f59fffff
12075,88155d7a1dfffff
12076,88155d36cbfffff
12077,881559d2a9fffff
12078,88155d2dc3fffff
12079,88154a5b3dfffff
12080,88154acdabfffff
12081,88155d6051fffff
12082,88155d75c9fffff
12083,88155d6355fffff
12084,8815599ac7fffff
12085,88154ac9c3fffff
12086,88155d7acdfffff
12087,88154a5007fffff
12088,8815599143fffff
12089,88154ad903fffff
12090,881559991bfffff
12091,88155d2237fffff
12092,88155da1bbfffff
12093,88155d0d83fffff
12094,881559d015fffff
12095,88155da0b3fffff
12096,88154ace2bfffff
12097,88154adb13fffff
12098,881558ade7fffff
12099,88154a4039fffff
12100,88155d2ac5fffff
12101,8815583553fffff
12102,88155d341dfffff
12103,88155dac81fffff
12104,8815599311fffff
12105,881558a4a5fffff
12106,88155d31dbfffff
12107,88155d7a51fffff
12108,881559900dfffff
12109,8815598ae9fffff
12110,881559da35fffff
12111,88155d2f45fffff
12112,88154a42c3fffff
12113,88155d0991fffff
12114,88154a41cdfffff
12115,88155da4a5fffff
12116,88154aca65fffff
12117,88154acc4bfffff
12118,88154ace3dfffff
12119,88154ad115fffff
12120,881558254dfffff
12121,8815598491fffff
12122,88154a5ad9fffff
12123,8815583525fffff
12124,881558a5bdfffff
12125,8815598d49fffff
12126,88155d78edfffff
12127,88154a50d9fffff
12128,88154acf1dfffff
12129,88155d2c3dfffff
12130,88154acaadfffff
12131,88155982e9fffff
12132,8815582139fffff
12133,88155dad93fffff
12134,88155994e5fffff
12135,88155834e9fffff
12136,88154ac23bfffff
12137,88155d7893fffff
12138,881558305bfffff
12139,88155d7169fffff
12140,88155d226bfffff
12141,88154a403dfffff
12142,88155d3ae7fffff
12143,8815598b53fffff
12144,88154a5aedfffff
12145,88155d2137fffff
12146,88155d682bfffff
12147,88155d46c3fffff
12148,88155d6103fffff
12149,8815582307fffff
12150,881559d321fffff
12151,8815598143fffff
12152,881558a6d9fffff
12153,88154a5a31fffff
12154,8815598405fffff
12155,88155d316dfffff
12156,8815582669fffff
12157,88154acac7fffff
12158,88155d3285fffff
12159,8815599803fffff
12160,8815583435fffff
12161,88155d38a3fffff
12162,88155da531fffff
12163,88155d21d7fffff
12164,88155d4597fffff
12165,88154a5ad1fffff
12166,88154a52a5fffff
12167,881559954dfffff
12168,88155d6525fffff
12169,88155d74b3fffff
12170,88155d3587fffff
12171,8815582059fffff
12172,88155d7067fffff
12173,88154a5515fffff
12174,88154a4161fffff
12175,8815599a61fffff
12176,88155d6421fffff
12177,8815599015fffff
12178,88155d658bfffff
12179,88155d2187fffff
12180,88155d3b5dfffff
12181,881559d145fffff
12182,88155d2425fffff
12183,88155d384dfffff
12184,88155d3695fffff
12185,88155d30a7fffff
12186,88155996bbfffff
12187,88155d65a9fffff
12188,8815598737fffff
12189,88155d7637fffff
12190,8815598f59fffff
12191,881559b80dfffff
12192,881558ac0dfffff
12193,881559d297fffff
12194,8815599027fffff
12195,881559bb55fffff
12196,88155d2ea3fffff
12197,8815582345fffff
12198,88155d6e21fffff
12199,88154a4947fffff
12200,88154a5155fffff
12201,88155d38c5fffff
12202,88155da425fffff
12203,88155d09adfffff
12204,88155d22e3fffff
12205,88155d4485fffff
12206,88155d7ae5fffff
12207,88155d2b0dfffff
12208,88155d2eb9fffff
12209,881559d9a9fffff
12210,88155d2b5bfffff
12211,8815599715fffff
12212,8815598d69fffff
12213,88155d3803fffff
12214,88154a4945fffff
12215,88154accb3fffff
12216,881559d997fffff
12217,88155daea1fffff
12218,88155d21dbfffff
12219,88154a5909fffff
12220,881558ac1bfffff
12221,88155d734bfffff
12222,881559d451fffff
12223,88155dadd3fffff
12224,8815598321fffff
12225,8815598213fffff
12226,881559910dfffff
12227,881559851bfffff
12228,88155d2403fffff
12229,88155d20cbfffff
12230,88155d2b63fffff
12231,88154a5827fffff
12232,88155982b5fffff
12233,881559c307fffff
12234,88155d6265fffff
12235,8815599287fffff
12236,88155d65ebfffff
12237,88155da4e9fffff
12238,88155d2505fffff
12239,88154a1961fffff
12240,88155d2c03fffff
12241,88155d21e9fffff
12242,88154ac133fffff
12243,881558ade1fffff
12244,881559b98dfffff
12245,88155d6c55fffff
12246,8815582201fffff
12247,88154a51e5fffff
12248,88155994e7fffff
12249,88155d3b5bfffff
12250,88155d7249fffff
12251,8815598a43fffff
12252,881559c2d5fffff
12253,88155d3853fffff
12254,88155d746dfffff
12255,88154ada3dfffff
12256,8815598e15fffff
12257,88154a4349fffff
12258,881558305dfffff
12259,88154acde7fffff
12260,88155d2407fffff
12261,88155d3251fffff
12262,88155d7851fffff
12263,881559916bfffff
12264,881559db15fffff
12265,8815582ad1fffff
12266,881559c2e7fffff
12267,88155d3a23fffff
12268,8815583547fffff
12269,881559d769fffff
12270,8815598999fffff
12271,88154adaabfffff
12272,88155dae95fffff
12273,88155d7611fffff
12274,88155d2145fffff
12275,88154a425bfffff
12276,88155d65adfffff
12277,88155d6539fffff
12278,88155982e1fffff
12279,8815582069fffff
12280,88154a42edfffff
12281,88155820c5fffff
12282,881559c051fffff
12283,88155822b3fffff
12284,88154ac819fffff
12285,88155d26a9fffff
12286,88155daf0dfffff
12287,88154ad923fffff
12288,88154adaa5fffff
12289,88154acb0bfffff
12290,88155d6a21fffff
12291,88154a5337fffff
12292,88155dada1fffff
12293,8815583559fffff
12294,881559922dfffff
12295,88154a4a8dfffff
12296,88155821a9fffff
12297,88154ac237fffff
12298,88154acd33fffff
12299,88155dad21fffff
12300,88155da9d7fffff
12301,88155981b3fffff
12302,881559d06dfffff
12303,88155d7953fffff
12304,88154ac193fffff
12305,88154a49b9fffff
12306,88155d0f2bfffff
12307,8815582729fffff
12308,8815598911fffff
12309,88155835c3fffff
12310,88154a5a03fffff
12311,8815598f41fffff
12312,88155d7541fffff
12313,881559d28bfffff
12314,88154adb01fffff
12315,88154a51e9fffff
12316,88155d7a8bfffff
12317,88154accd7fffff
12318,881558ac4bfffff
12319,88154ac333fffff
12320,8815582603fffff
12321,88155d2333fffff
12322,88155980e9fffff
12323,88155d4491fffff
12324,88155d2483fffff
12325,88155daecbfffff
12326,88155d71e5fffff
12327,881558ad35fffff
12328,88155992d3fffff
12329,88154a55a1fffff
12330,88155d69cdfffff
12331,88155d083dfffff
12332,88155d2d5dfffff
12333,8815599987fffff
12334,88154a4b5bfffff
12335,8815598f0bfffff
12336,88155d7007fffff
12337,88155d3aabfffff
12338,88155daec3fffff
12339,88155d6981fffff
12340,8815598ec1fffff
12341,88155d285bfffff
12342,88154a4225fffff
12343,881559d447fffff
12344,88155d2cd1fffff
12345,88154a5047fffff
12346,8815598ed3fffff
12347,88155d6917fffff
12348,88155dad53fffff
12349,88155d7ab3fffff
12350,88155d04c9fffff
12351,88154ad0bbfffff
12352,88155835cbfffff
12353,88155d2e83fffff
12354,881559968bfffff
12355,88155831cdfffff
12356,88155da5e7fffff
12357,88154ac199fffff
12358,88155d318bfffff
12359,88155d62ebfffff
12360,881559863bfffff
12361,88155d6e8dfffff
12362,88155d7451fffff
12363,88154a5913fffff
12364,881558a4a7fffff
12365,88155d65c7fffff
12366,88155d6419fffff
12367,88154a4113fffff
12368,88154a55c1fffff
12369,88155d4539fffff
12370,88155d7811fffff
12371,88155d2e93fffff
12372,88155d3599fffff
12373,88155d6943fffff
12374,88155d2255fffff
12375,88155d0935fffff
12376,8815598ac1fffff
12377,88154ac0c5fffff
12378,881559d6e5fffff
12379,8815582325fffff
12380,88154aca55fffff
12381,8815599581fffff
12382,88154ac055fffff
12383,88154acb65fffff
12384,88154ad867fffff
12385,881558a6cbfffff
12386,88155d7b55fffff
12387,881558ade9fffff
12388,88155d2181fffff
12389,88154a5a91fffff
12390,88155d6189fffff
12391,88155d6261fffff
12392,88155982b9fffff
12393,88155d2a67fffff
12394,88155d4433fffff
12395,8815598b13fffff
12396,88155d25a3fffff
12397,88155d0985fffff
12398,8815599ab3fffff
12399,88154ac565fffff
12400,88155d3a53fffff
12401,88154ad0b3fffff
12402,88154ad847fffff
12403,8815598e9bfffff
12404,8815599985fffff
12405,88154a51dbfffff
12406,88155d2b65fffff
12407,88155d6683fffff
12408,88154a5587fffff
12409,88155d2841fffff
12410,88155d05d1fffff
12411,88155d0d05fffff
12412,88155d6a37fffff
12413,88155d75adfffff
12414,88154a5b39fffff
12415,88154ad8d7fffff
12416,88155d3751fffff
12417,88154a5927fffff
12418,88155dac85fffff
12419,88154aca13fffff
12420,88154a5127fffff
12421,88155992b1fffff
12422,88155d2499fffff
12423,8815598323fffff
12424,88154a196dfffff
12425,88155d69d9fffff
12426,8815583499fffff
12427,8815598e11fffff
12428,88155d36ddfffff
12429,88155d74cbfffff
12430,88155d68bbfffff
12431,8815598d1dfffff
12432,881559d4e7fffff
12433,88155d291dfffff
12434,881559d057fffff
12435,88155d251dfffff
12436,8815598963fffff
12437,88155d39d1fffff
12438,88155d7a61fffff
12439,8815598521fffff
12440,88154acd11fffff
12441,88155d2d25fffff
12442,8815583a19fffff
12443,88154a5b5dfffff
12444,88155d74a5fffff
12445,88155d6e61fffff
12446,88155d2c53fffff
12447,88155d2a27fffff
12448,88155d0957fffff
12449,881559828dfffff
12450,88155d0f4bfffff
12451,8815599821fffff
12452,8815599869fffff
12453,881559c35dfffff
12454,88155d6eadfffff
12455,88154a4a31fffff
12456,88155d453bfffff
12457,88155d6347fffff
12458,88155dac9bfffff
12459,88155d76abfffff
12460,881558270dfffff
12461,88154a4859fffff
12462,88155d459bfffff
12463,88155d4735fffff
12464,88155d3645fffff
12465,88155d04c7fffff
12466,88154a5a2dfffff
12467,88154ad849fffff
12468,88155d6a51fffff
12469,88155d2f1dfffff
12470,8815599297fffff
12471,88155d62a5fffff
12472,88155d78a3fffff
12473,88155d2999fffff
12474,88155d6ebdfffff
12475,881559d695fffff
12476,88155d6063fffff
12477,881558aed3fffff
12478,88155d3603fffff
12479,8815583219fffff
12480,8815599267fffff
12481,88154adae7fffff
12482,88155d2cb9fffff
12483,881559bb0dfffff
12484,88154ace13fffff
12485,8815583a91fffff
12486,88154acf43fffff
12487,88155d3049fffff
12488,88155d7153fffff
12489,88155d3a9bfffff
12490,881558ac45fffff
12491,88154a5149fffff
12492,88154a4843fffff
12493,88154ad12dfffff
12494,8815598817fffff
12495,8815582323fffff
12496,88155d259bfffff
12497,8815599721fffff
12498,88155d28d1fffff
12499,88154a5b13fffff
12500,881559d6d5fffff
12501,88155d61adfffff
12502,88155d20b7fffff
12503,88154a5b1bfffff
12504,88155d4515fffff
12505,88155d6885fffff
12506,88155d7837fffff
12507,8815582357fffff
12508,88155d72b1fffff
12509,88155d275dfffff
12510,8815583ae1fffff
12511,88154acdbdfffff
12512,88154a570dfffff
12513,88155d6201fffff
12514,881559d861fffff
12515,88154a5053fffff
12516,88154ad19dfffff
12517,88155d0d1dfffff
12518,881559d2a7fffff
12519,881559d137fffff
12520,88155d74d3fffff
12521,88155da585fffff
12522,881559c349fffff
12523,881559905bfffff
12524,88155d364dfffff
12525,88155d0511fffff
12526,88155985dbfffff
12527,88154ac331fffff
12528,88155d3051fffff
12529,88155d72c5fffff
12530,8815599165fffff
12531,88155d2d83fffff
12532,881559b33dfffff
12533,88154ac315fffff
12534,88155dac6dfffff
12535,8815598017fffff
12536,88155986b3fffff
12537,8815598235fffff
12538,88155d3719fffff
12539,88154ac91bfffff
12540,88155d6c8bfffff
12541,88155d710dfffff
12542,8815598183fffff
12543,88154a1967fffff
12544,881559d191fffff
12545,88154ac903fffff
12546,881558364bfffff
12547,88155d0197fffff
12548,881559c14dfffff
12549,881559db67fffff
12550,88154a490bfffff
12551,88155d2f4bfffff
12552,8815599aa9fffff
12553,88154a4761fffff
12554,88154a4923fffff
12555,881559c21bfffff
12556,881558b6d7fffff
12557,8815582217fffff
12558,88154a550dfffff
12559,88155832bdfffff
12560,88155d6a33fffff
12561,88154ac8dbfffff
12562,88155d3a11fffff
12563,88155d3ae3fffff
12564,8815599563fffff
12565,88155d6467fffff
12566,8815598453fffff
12567,88154acf23fffff
12568,88155d7037fffff
12569,88155d6147fffff
12570,881559da0bfffff
12571,88155992a1fffff
12572,88155d2421fffff
12573,88154a5721fffff
12574,88155d610bfffff
12575,881559d55dfffff
12576,8815599531fffff
12577,88155d2735fffff
12578,88155d6831fffff
12579,88155d352bfffff
12580,88155dae0dfffff
12581,881559d045fffff
12582,88154aca31fffff
12583,88155d20b3fffff
12584,88155d752bfffff
12585,88154a5a61fffff
12586,88154a5ae5fffff
12587,8815598541fffff
12588,881559816dfffff
12589,88155d75cbfffff
12590,8815598b07fffff
12591,881558a491fffff
12592,88155d3a8dfffff
12593,881559822dfffff
12594,88155986c7fffff
12595,881559d635fffff
12596,88155d3a35fffff
12597,8815582017fffff
12598,88154a4103fffff
12599,88155d3309fffff
12600,88155d0d31fffff
12601,88155990b9fffff
12602,88155d7ab1fffff
12603,881558a5bbfffff
12604,88154a4025fffff
12605,881558a4d3fffff
12606,881558346dfffff
12607,88155992d7fffff
12608,88155d3357fffff
12609,88155d24a3fffff
12610,8815598f67fffff
12611,88155d45adfffff
12612,88155da5b9fffff
12613,88155d2ddbfffff
12614,88155da8c7fffff
12615,88155996e9fffff
12616,88154a5361fffff
12617,88155d245dfffff
12618,88155da6b5fffff
12619,88155d7603fffff
12620,88155d6d17fffff
12621,88155d3315fffff
12622,8815582019fffff
12623,88155d76c7fffff
12624,88154ac9b5fffff
12625,88155d240bfffff
12626,88155daebdfffff
12627,881558255dfffff
12628,8815598603fffff
12629,881559984bfffff
12630,88155d6a35fffff
12631,8815598091fffff
12632,88155d6d23fffff
12633,8815598087fffff
12634,88155d0993fffff
12635,88155d764bfffff
12636,8815598a39fffff
12637,88154a4369fffff
12638,881558add1fffff
12639,88155d3509fffff
12640,8815599757fffff
12641,88155d349bfffff
12642,88154acb41fffff
12643,88154ac921fffff
12644,88155832ebfffff
12645,8815582225fffff
12646,88155999bbfffff
12647,88155d3461fffff
12648,88155d75d7fffff
12649,88155d629dfffff
12650,88154a5161fffff
12651,88155d3551fffff
12652,88154a4847fffff
12653,88155d2313fffff
12654,88155d7b33fffff
12655,881558a593fffff
12656,88155d7161fffff
12657,88155d4431fffff
12658,8815599091fffff
12659,88154a401dfffff
12660,881558246bfffff
12661,88155d6715fffff
12662,8815599505fffff
12663,88155d29b3fffff
12664,88155d30bdfffff
12665,881559d511fffff
12666,88155d3917fffff
12667,88155d2661fffff
12668,881559d417fffff
12669,8815599115fffff
12670,881559d127fffff
12671,881558a4c7fffff
12672,8815598a45fffff
12673,8815599185fffff
12674,881559b9c5fffff
12675,88154ac361fffff
12676,88154a4009fffff
12677,88154ac36bfffff
12678,88155d2d27fffff
12679,88155d7649fffff
12680,8815598f6bfffff
12681,88154a4907fffff
12682,88155d45b5fffff
12683,88155d3065fffff
12684,88154ac22dfffff
12685,88154ac03dfffff
12686,88155da8d5fffff
12687,88154a4715fffff
12688,881558a6bdfffff
12689,88154aca03fffff
12690,881559db69fffff
12691,881559d9edfffff
12692,88155d6087fffff
12693,8815599301fffff
12694,88155d44b3fffff
12695,8815598a21fffff
12696,88155d2b3bfffff
12697,8815598131fffff
12698,88155d608bfffff
12699,8815599035fffff
12700,88155d3861fffff
12701,88155d6e35fffff
12702,881558264bfffff
12703,8815599709fffff
12704,88155d046bfffff
12705,88155d3993fffff
12706,88155d26d7fffff
12707,881559d315fffff
12708,88155d6f27fffff
12709,88155d2c89fffff
12710,8815582461fffff
12711,88155999dbfffff
12712,88154ac94dfffff
12713,88155d6709fffff
12714,88155d04dbfffff
12715,881559803dfffff
12716,88154ada51fffff
12717,88154ad1e9fffff
12718,88155d71d5fffff
12719,88154a5999fffff
12720,88155d443bfffff
12721,88154ada69fffff
12722,88154adad5fffff
12723,88155d0c1dfffff
12724,881559d2d1fffff
12725,88155daca7fffff
12726,8815582269fffff
12727,88155d380dfffff
12728,88155999e5fffff
12729,881558ac6dfffff
12730,88155d6d6dfffff
12731,88155d69b9fffff
12732,8815599033fffff
12733,88155980e1fffff
12734,88155d6367fffff
12735,88155d7593fffff
12736,88155d05dbfffff
12737,8815598623fffff
12738,88155d7767fffff
12739,881559d427fffff
12740,88155d069bfffff
12741,881559b82bfffff
12742,8815598861fffff
12743,88155daf45fffff
12744,88154ac14dfffff
12745,88155d7433fffff
12746,88155d2945fffff
12747,88154ad195fffff
12748,88155d7691fffff
12749,88154ac037fffff
12750,881559bb61fffff
12751,88155d7093fffff
12752,88155d2e3dfffff
12753,8815583535fffff
12754,88155d6603fffff
12755,88155d324dfffff
12756,881559972dfffff
12757,881559d5e5fffff
12758,88154a553bfffff
12759,88154ad865fffff
12760,88155d30d3fffff
12761,8815598685fffff
12762,881559d68bfffff
12763,88155d38cdfffff
12764,88155da995fffff
12765,88154a4925fffff
12766,88154ad9dbfffff
12767,88154acd8dfffff
12768,88155d2993fffff
12769,88155d2941fffff
12770,88155d31d7fffff
12771,88154a4015fffff
12772,88155d0cd9fffff
12773,8815598207fffff
12774,881559981dfffff
12775,88154a51d5fffff
12776,88155d6e87fffff
12777,88155982cbfffff
12778,8815598893fffff
12779,88155d68adfffff
12780,88155d655dfffff
12781,88154a5135fffff
12782,8815583033fffff
12783,88155d6e99fffff
12784,8815582601fffff
12785,88155d0e85fffff
12786,88154a5641fffff
12787,881559d4edfffff
12788,88155da439fffff
12789,88154a4227fffff
12790,88154a4a2bfffff
12791,88155d29a5fffff
12792,88155d601bfffff
12793,88154ad93dfffff
12794,88155d6a43fffff
12795,88154acae5fffff
12796,8815598f25fffff
12797,88154aca8dfffff
12798,881559851dfffff
12799,88154a4acdfffff
12800,88155d743dfffff
12801,88155d04e7fffff
12802,88155d671bfffff
12803,8815598005fffff
12804,881559daedfffff
12805,88154a4a11fffff
12806,88155dae09fffff
12807,8815598b39fffff
12808,88155d766dfffff
12809,88155998c7fffff
12810,88155d08ddfffff
12811,881558ac3bfffff
12812,88155d343dfffff
12813,88155da8c3fffff
12814,881559d84dfffff
12815,88154a4265fffff
12816,8815599133fffff
12817,88155d6765fffff
12818,88155da5bdfffff
12819,88155d7227fffff
12820,88155d60c5fffff
12821,88155d3431fffff
12822,88155d6a6bfffff
12823,88154ac205fffff
12824,8815583549fffff
12825,881558345bfffff
12826,88155d24d9fffff
12827,8815599929fffff
12828,88155d6ec3fffff
12829,88155d0eb1fffff
12830,88154a531bfffff
12831,8815598a4dfffff
12832,88155980d3fffff
12833,881559831bfffff
12834,8815599843fffff
12835,88155d636dfffff
12836,88155d2d3bfffff
12837,8815583053fffff
12838,88155d2a97fffff
12839,8815583501fffff
12840,88155d26e1fffff
12841,8815598f17fffff
12842,88155d2293fffff
12843,88155d069dfffff
12844,881559970bfffff
12845,88154ac8cbfffff
12846,88154a523dfffff
12847,881558346bfffff
12848,88154a4297fffff
12849,88155d7423fffff
12850,88155986b9fffff
12851,88155d3331fffff
12852,8815582737fffff
12853,88154acb31fffff
12854,88155da4d7fffff
12855,8815583545fffff
12856,8815598e1bfffff
12857,88155d7687fffff
12858,88155d22adfffff
12859,8815598adbfffff
12860,88155daee3fffff
12861,88155d7237fffff
12862,88155835b7fffff
12863,88155834bbfffff
12864,8815598019fffff
12865,8815583565fffff
12866,881559d301fffff
12867,88155d30cbfffff
12868,881559d953fffff
12869,88154ac153fffff
12870,8815599139fffff
12871,88155986d5fffff
12872,88155d3561fffff
12873,88155d32d5fffff
12874,881559d937fffff
12875,88154a5aa9fffff
12876,88155d2241fffff
12877,88154a5b27fffff
12878,88155988a7fffff
12879,881559848bfffff
12880,88155d39e9fffff
12881,881559960dfffff
12882,88154a4003fffff
12883,88154ad107fffff
12884,88154acabdfffff
12885,88154a5289fffff
12886,88155d34a3fffff
12887,88154a5187fffff
12888,88155d656dfffff
12889,88155d6139fffff
12890,88155d22a9fffff
12891,88155da495fffff
12892,88155d218bfffff
12893,88155835b5fffff
12894,88155d2923fffff
12895,881559d493fffff
12896,881558aed7fffff
12897,88155d303bfffff
12898,88154a51bbfffff
12899,88155d64d9fffff
12900,88155d2453fffff
12901,88154ad9e3fffff
12902,8815598eabfffff
12903,88155d3157fffff
12904,88155d473bfffff
12905,88154a5997fffff
12906,881559b82dfffff
12907,8815582135fffff
12908,88154ad119fffff
12909,88155d2db1fffff
12910,88154a5013fffff
12911,88155d620dfffff
12912,881559d81dfffff
12913,88155d0ecdfffff
12914,88154a42b7fffff
12915,8815599acdfffff
12916,8815598735fffff
12917,88154ad1b3fffff
12918,88155d2acbfffff
12919,88155d089bfffff
12920,88155832e3fffff
12921,88154a5849fffff
12922,881559d18bfffff
12923,881559d50bfffff
12924,88155da451fffff
12925,88155d4445fffff
12926,88154a41e9fffff
12927,88154ac8a5fffff
12928,88155d3985fffff
12929,88155dac2bfffff
12930,881559849dfffff
12931,881559891dfffff
12932,88155d0ab5fffff
12933,88155831c1fffff
12934,8815582753fffff
12935,88155998bdfffff
12936,881559db25fffff
12937,88155d6c03fffff
12938,88155d70c1fffff
12939,88154a5343fffff
12940,88155d68dbfffff
12941,88155d0da3fffff
12942,881559d551fffff
12943,88155d39bbfffff
12944,88155dacb1fffff
12945,88154ad161fffff
12946,88154ac211fffff
12947,8815583747fffff
12948,88154ad137fffff
12949,88155835d3fffff
12950,88154acd1bfffff
12951,88155d0815fffff
12952,88154ac017fffff
12953,881558af17fffff
12954,88155d79abfffff
12955,88154a503dfffff
12956,881559bb6dfffff
12957,88154ac2e9fffff
12958,88155d745dfffff
12959,88155838cdfffff
12960,88155d34edfffff
12961,8815599519fffff
12962,8815598e85fffff
12963,8815598167fffff
12964,88155d3b63fffff
12965,88155da54dfffff
12966,8815598125fffff
12967,88155dae17fffff
12968,881559900bfffff
12969,88155d6713fffff
12970,88154adb4dfffff
12971,88155d2911fffff
12972,881559cb6dfffff
12973,88155d672dfffff
12974,88155d64b5fffff
12975,8815582007fffff
12976,88155d44edfffff
12977,88155d6149fffff
12978,88155d359bfffff
12979,88155d3b41fffff
12980,881559b847fffff
12981,88154a58c3fffff
12982,88155989e9fffff
12983,88155d6029fffff
12984,88155986edfffff
12985,881559d8ebfffff
12986,88154a5181fffff
12987,88154a4b1dfffff
12988,88155835a1fffff
12989,88155985b9fffff
12990,881559873bfffff
12991,88155da4a1fffff
12992,88155d0cd7fffff
12993,88155d323bfffff
12994,88155d2aa3fffff
12995,88155d3967fffff
12996,8815598351fffff
12997,88155d4691fffff
12998,88155d22d7fffff
12999,88154a4b1bfffff
13000,88155d0cc3fffff
13001,88154a58b3fffff
13002,88154acf35fffff
13003,8815582337fffff
13004,88155d2355fffff
13005,88155d2551fffff
13006,88155994cbfffff
13007,88155d66bdfffff
13008,88155d6e45fffff
13009,88154ac10dfffff
13010,881559d2b9fffff
13011,88155d683bfffff
13012,881559d147fffff
13013,8815599203fffff
13014,88155d6741fffff
13015,88155984abfffff
13016,88154ac339fffff
13017,88155d74d5fffff
13018,88155d0805fffff
13019,88155d7705fffff
13020,881559d8dbfffff
13021,88155da8bdfffff
13022,88155d26cdfffff
13023,88155d2649fffff
13024,88155d224bfffff
13025,88155d703bfffff
13026,881559db0bfffff
13027,88155990bdfffff
13028,8815582715fffff
13029,88154ac067fffff
13030,8815598b09fffff
13031,88155831b5fffff
13032,88155dad85fffff
13033,88155d649bfffff
13034,8815599101fffff
13035,88154a5aa5fffff
13036,88155d6157fffff
13037,8815599a93fffff
13038,88155d7853fffff
13039,88155d38c3fffff
13040,88154ad811fffff
13041,8815598867fffff
13042,881559c263fffff
13043,881559811bfffff
13044,88155d7421fffff
13045,881558aeb9fffff
13046,8815583851fffff
13047,88154a4addfffff
13048,88154a4b13fffff
13049,88155d6aa5fffff
13050,8815599129fffff
13051,88155994b5fffff
13052,88155d3269fffff
13053,88155d7b4bfffff
13054,88155d72cbfffff
13055,88154ac80bfffff
13056,88155d68e3fffff
13057,88155d294dfffff
13058,88155daeb7fffff
13059,88155d0ee3fffff
13060,8815582555fffff
13061,88154a5005fffff
13062,881559c02bfffff
13063,88154ace09fffff
13064,88155d6c57fffff
13065,88155d78c1fffff
13066,88155da889fffff
13067,8815599619fffff
13068,88154a416bfffff
13069,8815598a5bfffff
13070,88155d662bfffff
13071,88154a5609fffff
13072,88154a4b19fffff
13073,88155dada3fffff
13074,88154ac897fffff
13075,8815582441fffff
13076,8815598103fffff
13077,88155d0d25fffff
13078,8815599585fffff
13079,88155d6b21fffff
13080,88154a52adfffff
13081,88155d6315fffff
13082,881559d027fffff
13083,8815598465fffff
13084,88155d2019fffff
13085,88155d7565fffff
13086,8815583ab7fffff
13087,88155d4419fffff
13088,88155d69dbfffff
13089,881558ace1fffff
13090,88155d26c3fffff
13091,88154ac88dfffff
13092,88155d0dbdfffff
13093,88154a49b5fffff
13094,88155820ddfffff
13095,8815583043fffff
13096,88155daea7fffff
13097,88154acab7fffff
13098,88155d2883fffff
13099,8815599b37fffff
13100,88154a4215fffff
13101,88154ac233fffff
13102,88154ad121fffff
13103,88155d65b5fffff
13104,88154a4327fffff
13105,88154ac8cdfffff
13106,88155d3405fffff
13107,88155da9ddfffff
13108,88155dae6dfffff
13109,88155d74ddfffff
13110,8815598b37fffff
13111,88155d24e9fffff
13112,88155d7695fffff
13113,88155d36c1fffff
13114,88155d70cdfffff
13115,88155d78adfffff
13116,88155da9b3fffff
13117,88155d3183fffff
13118,8815583463fffff
13119,8815598aa3fffff
13120,88154a4105fffff
13121,88155834c7fffff
13122,88155d28b9fffff
13123,8815599aedfffff
13124,88155dae5dfffff
13125,88155daf19fffff
13126,8815598445fffff
13127,88155986cdfffff
13128,8815599253fffff
13129,88155d2f51fffff
13130,88155dac39fffff
13131,88155d6533fffff
13132,88155d70a5fffff
13133,88155dad2bfffff
13134,88155d4501fffff
13135,88155d06b5fffff
13136,88155d2459fffff
13137,88155d0721fffff
13138,88155dad61fffff
13139,88154ac009fffff
13140,88154a4201fffff
13141,88155d2061fffff
13142,8815583063fffff
13143,881558ac19fffff
13144,88155d353bfffff
13145,88155d6d2bfffff
13146,8815582341fffff
13147,8815582115fffff
13148,8815583aabfffff
13149,88154a58a3fffff
13150,88155d6e19fffff
13151,88155d351dfffff
13152,88155990ddfffff
13153,88155d650bfffff
13154,881559dac9fffff
13155,881558af33fffff
13156,881559985dfffff
13157,88155d0c17fffff
13158,88155d36e3fffff
13159,8815583761fffff
13160,88155d0e41fffff
13161,88155d7b03fffff
13162,881559b91bfffff
13163,88155d0e93fffff
13164,88154a50cbfffff
13165,88155994d5fffff
13166,88155dadabfffff
13167,88155da415fffff
13168,88155d2031fffff
13169,8815598e81fffff
13170,88155d3327fffff
13171,8815599257fffff
13172,88155d79a7fffff
13173,88154a52c1fffff
13174,88155d6555fffff
13175,88155d6953fffff
13176,88155d4441fffff
13177,88155d2129fffff
13178,88155d6865fffff
13179,88155d28c9fffff
13180,88155d3355fffff
13181,881559d409fffff
13182,881559d583fffff
13183,88154ac347fffff
13184,88155d6f05fffff
13185,881559d421fffff
13186,88154a4223fffff
13187,88155d2925fffff
13188,88154ada05fffff
13189,88155821edfffff
13190,88155d362dfffff
13191,8815598749fffff
13192,88155d36b5fffff
13193,88154ada63fffff
13194,88154a41e1fffff
13195,88155d0ea9fffff
13196,88155d70d1fffff
13197,88155994dbfffff
13198,88154acb4bfffff
13199,881559b909fffff
13200,88154a5995fffff
13201,88155d255bfffff
13202,88154ac257fffff
13203,88155988e3fffff
13204,8815598d09fffff
13205,881559d959fffff
13206,88155d3641fffff
13207,881559d8e1fffff
13208,88155995ebfffff
13209,88155d3945fffff
13210,88155d386dfffff
13211,88155d3827fffff
13212,881559d2a1fffff
13213,88155821c9fffff
13214,881559d187fffff
13215,88154acd1dfffff
13216,88155d7143fffff
13217,881558370dfffff
13218,88155990b5fffff
13219,88155d2731fffff
13220,88155d3691fffff
13221,8815599739fffff
13222,88155d08b3fffff
13223,88155d09cdfffff
13224,881558322bfffff
13225,88155838c1fffff
13226,88155d3225fffff
13227,88155d2ccbfffff
13228,881558ad55fffff
13229,881558ad11fffff
13230,88155d4429fffff
13231,88155d2259fffff
13232,88155d731bfffff
13233,88155d732bfffff
13234,881559d095fffff
13235,88155d75b9fffff
13236,88155d615dfffff
13237,88155d3a47fffff
13238,8815582043fffff
13239,88154acb1bfffff
13240,88155d46cdfffff
13241,88155838d3fffff
13242,881559d059fffff
13243,88155d76e5fffff
13244,88155d392dfffff
13245,88155d6301fffff
13246,88155d0457fffff
13247,8815599543fffff
13248,881559c00bfffff
13249,88155d7ab7fffff
13250,881558a4e9fffff
13251,881559d0e3fffff
13252,88154ad8cbfffff
13253,881559d88dfffff
13254,88155d0ca5fffff
13255,88155d7049fffff
13256,88155821c3fffff
13257,88155dad03fffff
13258,881559d645fffff
13259,88155986d1fffff
13260,881559d253fffff
13261,88155834edfffff
13262,88155d2c13fffff
13263,88155998d1fffff
13264,88154a5b31fffff
13265,881559d35bfffff
13266,88154a59a1fffff
13267,88155da9edfffff
13268,8815583315fffff
13269,88154a41e3fffff
13270,881559d23bfffff
13271,8815598101fffff
13272,88155d26d1fffff
13273,88154ace31fffff
13274,88154a411bfffff
13275,88154a52cdfffff
13276,88155d7581fffff
13277,8815583495fffff
13278,88154a4951fffff
13279,88155d6acbfffff
13280,88155d7689fffff
13281,88155d09d7fffff
13282,88155d79a3fffff
13283,88155da6adfffff
13284,8815598347fffff
13285,881559c961fffff
13286,88155d385bfffff
13287,88154a4123fffff
13288,881558224bfffff
13289,88155d680bfffff
13290,88155d766bfffff
13291,88155d3349fffff
13292,88155d6e9dfffff
13293,88155d6c8dfffff
13294,88155daf2bfffff
13295,88154a521dfffff
13296,88155980e7fffff
13297,88155d2069fffff
13298,88155d6501fffff
13299,88155d7297fffff
13300,88155d652dfffff
13301,88154a514bfffff
13302,88155d6819fffff
13303,881559c153fffff
13304,8815598a4bfffff
13305,88155dae91fffff
13306,881559d4b3fffff
13307,8815583583fffff
13308,88155d6249fffff
13309,881558341dfffff
13310,88154a5a89fffff
13311,881559d927fffff
13312,88155d3205fffff
13313,88155d2067fffff
13314,88154a5851fffff
13315,88155d3749fffff
13316,8815598401fffff
13317,8815599635fffff
13318,88155d6ce5fffff
13319,88155994c3fffff
13320,88154a49d5fffff
13321,88155d45d9fffff
13322,88155991c7fffff
13323,8815598697fffff
13324,881559c151fffff
13325,88155d26c5fffff
13326,88154a5085fffff
13327,88154a5a25fffff
13328,88154a4a5bfffff
13329,88155d3317fffff
13330,88154a550bfffff
13331,88155daf31fffff
13332,88155d6821fffff
13333,88155d64b1fffff
13334,881559da31fffff
13335,8815598327fffff
13336,88155d3537fffff
13337,88155d24a7fffff
13338,88154a51bdfffff
13339,88155994a1fffff
13340,881558ac41fffff
13341,88155d2245fffff
13342,8815599305fffff
13343,88155d6c31fffff
13344,881559d543fffff
13345,88154ad9a9fffff
13346,88155d7341fffff
13347,88154aca0bfffff
13348,88154a421dfffff
13349,88155d701dfffff
13350,88155d6633fffff
13351,8815598a0dfffff
13352,88155d2f37fffff
13353,88155992a3fffff
13354,88155d2ae7fffff
13355,88154ace25fffff
13356,88155d6a07fffff
13357,8815599441fffff
13358,88155d65b1fffff
13359,881559c009fffff
13360,88155d6f25fffff
13361,88155991d3fffff
13362,8815598a07fffff
13363,88155986cbfffff
13364,8815583161fffff
13365,88155d6253fffff
13366,8815598a51fffff
13367,88154acc0bfffff
13368,88155d4411fffff
13369,88155da557fffff
13370,881558adbbfffff
13371,88154a5857fffff
13372,88155d2995fffff
13373,88155d44e9fffff
13374,88155d2a35fffff
13375,881559d667fffff
13376,88154ace21fffff
13377,88155d2335fffff
13378,88155d693bfffff
13379,88155d0ec1fffff
13380,88155d2c41fffff
13381,88155d0c0bfffff
13382,88155d0e25fffff
13383,8815582261fffff
13384,88154a4a35fffff
13385,8815582e67fffff
13386,88154a59e3fffff
13387,88154a5ab7fffff
13388,88154adae5fffff
13389,8815598747fffff
13390,88155d7561fffff
13391,88154ac02bfffff
13392,881559d80bfffff
13393,88154ace37fffff
13394,88155d7117fffff
13395,88155994bdfffff
13396,88155d346bfffff
13397,88155d4557fffff
13398,88155d633bfffff
13399,881559892dfffff
13400,88155d75b1fffff
13401,88155d38b9fffff
13402,8815599053fffff
13403,88155835e9fffff
13404,88155d7b4dfffff
13405,88155980a1fffff
13406,8815598555fffff
13407,88155834d7fffff
13408,881558306bfffff
13409,88154a486bfffff
13410,88155d0f17fffff
13411,88155d2481fffff
13412,881559d967fffff
13413,88154aca15fffff
13414,88155d08cbfffff
13415,88154ac015fffff
13416,88154ac987fffff
13417,88155830a3fffff
13418,881559800dfffff
13419,88155d2719fffff
13420,88155d6113fffff
13421,88155d7131fffff
13422,881559d9dbfffff
13423,88155d0453fffff
13424,88155d2d9dfffff
13425,8815583015fffff
13426,88155d65abfffff
13427,88154ad0b1fffff
13428,88155daf35fffff
13429,88155d7291fffff
13430,881559c319fffff
13431,88155d74b5fffff
13432,88155d79d5fffff
13433,8815599415fffff
13434,88154a55cdfffff
13435,88155d2eddfffff
13436,88155d6809fffff
13437,8815598759fffff
13438,88154ad829fffff
13439,88154a534bfffff
13440,88155d3ac5fffff
13441,8815583085fffff
13442,88154ac057fffff
13443,88155d79e5fffff
13444,88154ac927fffff
13445,881559d6e1fffff
13446,8815598e43fffff
13447,881559869dfffff
13448,88155d2965fffff
13449,881558376bfffff
13450,88154ad881fffff
13451,88155d64e7fffff
13452,88155dada9fffff
13453,881559842dfffff
13454,88155d78e7fffff
13455,88155d2b0bfffff
13456,88154ac01bfffff
13457,88155d6c21fffff
13458,881559d003fffff
13459,8815598b67fffff
13460,88155da9bdfffff
13461,88155d721bfffff
13462,8815598c61fffff
13463,88154a528dfffff
13464,88154aca9dfffff
13465,88154a4863fffff
13466,8815599011fffff
13467,881558a4cdfffff
13468,88154ac12dfffff
13469,88154a598dfffff
13470,88154acf33fffff
13471,881559825dfffff
13472,88154acd61fffff
13473,88155d618dfffff
13474,8815582199fffff
13475,88155d69a7fffff
13476,88155d35b9fffff
13477,8815583a33fffff
13478,881559d999fffff
13479,88155d2321fffff
13480,88155d2851fffff
13481,88155d78cdfffff
13482,8815599457fffff
13483,88155da5edfffff
13484,88155d3929fffff
13485,8815598511fffff
13486,88155d35e3fffff
13487,8815583a8bfffff
13488,8815599039fffff
13489,88154ace4bfffff
13490,8815599401fffff
13491,88155d7609fffff
13492,88155da457fffff
13493,88155d74e7fffff
13494,881559126bfffff
13495,88155d6269fffff
13496,88154a4329fffff
13497,88155982c9fffff
13498,881558234dfffff
13499,88155d7833fffff
13500,88155990e7fffff
13501,88155d7109fffff
13502,88154ad82dfffff
13503,88155d268dfffff
13504,88155da8edfffff
13505,88155d0da9fffff
13506,88154a4b61fffff
13507,881559d845fffff
13508,88154a525dfffff
13509,88155d2161fffff
13510,8815598c1dfffff
13511,88155d7989fffff
13512,88155d79a9fffff
13513,88154a5945fffff
13514,8815598d47fffff
13515,8815598109fffff
13516,88154a5ad5fffff
13517,8815583899fffff
13518,88154ad183fffff
13519,8815583657fffff
13520,88155d6041fffff
13521,88155da8d1fffff
13522,88155d308bfffff
13523,881559d50dfffff
13524,881558ac6bfffff
13525,88155998d7fffff
13526,88154ac031fffff
13527,88155d09b5fffff
13528,88155d46c7fffff
13529,881559d521fffff
13530,88155991c9fffff
13531,881559868dfffff
13532,88155d7a0dfffff
13533,881558363dfffff
13534,88155d2e2bfffff
13535,88155995d3fffff
13536,88155d6ea7fffff
13537,88155d394bfffff
13538,881559993bfffff
13539,8815598a3bfffff
13540,88155991b3fffff
13541,88155d2d45fffff
13542,88155d276dfffff
13543,881559c321fffff
13544,8815599b45fffff
13545,881559d367fffff
13546,88155d60c1fffff
13547,881559c359fffff
13548,88155d6991fffff
13549,88155d44d9fffff
13550,88154ad9cdfffff
13551,88154a50e3fffff
13552,88155831a5fffff
13553,881559b867fffff
13554,88154a5a13fffff
13555,8815598357fffff
13556,88155d7a43fffff
13557,881559d6ddfffff
13558,88155d7057fffff
13559,8815583529fffff
13560,88155d68c7fffff
13561,88155d0eedfffff
13562,88155d2f11fffff
13563,88154a4a67fffff
13564,88155d21b1fffff
13565,88155d21a5fffff
13566,88155d765dfffff
13567,88155d2ce7fffff
13568,88155da497fffff
13569,88155d6a6dfffff
13570,88155830e9fffff
13571,88154ac225fffff
13572,88155d25d3fffff
13573,881558ac2bfffff
13574,88155998a3fffff
13575,8815599469fffff
13576,881559b955fffff
13577,88155d3291fffff
13578,88154a588bfffff
13579,88155d2057fffff
13580,88154acab1fffff
13581,881559ca2dfffff
13582,88155d44c7fffff
13583,88155d234dfffff
13584,88155d355bfffff
13585,88154a5233fffff
13586,88155d74a7fffff
13587,88155d2869fffff
13588,881559865dfffff
13589,88154a4057fffff
13590,88155d7b07fffff
13591,88155d7447fffff
13592,88155d44d7fffff
13593,88155d643dfffff
13594,8815582133fffff
13595,88155832adfffff
13596,88154ac319fffff
13597,881558301bfffff
13598,88154a42abfffff
13599,88155d2085fffff
13600,881559dadbfffff
13601,88155d76a9fffff
13602,88155832d9fffff
13603,881559954bfffff
13604,88155d6ac9fffff
13605,88155d0681fffff
13606,88155d32bbfffff
13607,88155d2a03fffff
13608,8815583697fffff
13609,8815599583fffff
13610,8815599751fffff
13611,881559d307fffff
13612,88155d6a9dfffff
13613,88155d753dfffff
13614,88154acdb3fffff
13615,88154a4a4bfffff
13616,8815598aa5fffff
13617,88155d71b3fffff
13618,88154a4127fffff
13619,88155d053dfffff
13620,88155d6a69fffff
13621,88154adabdfffff
13622,88154ac853fffff
13623,881559ba59fffff
13624,8815582a83fffff
13625,88155d6a47fffff
13626,88155dad3dfffff
13627,88155da44bfffff
13628,88154a422bfffff
13629,88154aca6bfffff
13630,88155821e9fffff
13631,88155d6341fffff
13632,88155d6297fffff
13633,881559d209fffff
13634,88155d2acdfffff
13635,8815599097fffff
13636,88155d61ddfffff
13637,88155d2c5bfffff
13638,88154ac045fffff
13639,88154adb55fffff
13640,88154a4141fffff
13641,88155d2055fffff
13642,8815598751fffff
13643,881558adb5fffff
13644,881559ba3bfffff
13645,88154acd41fffff
13646,88154a55e5fffff
13647,88155d6891fffff
13648,88155d3019fffff
13649,88155d7483fffff
13650,881558213bfffff
13651,88154ac8ebfffff
13652,88154a574bfffff
13653,88155d6061fffff
13654,88155d38e9fffff
13655,88155d6503fffff
13656,88155d2c37fffff
13657,881559826bfffff
13658,88154a49ebfffff
13659,88155d6037fffff
13660,8815598b3bfffff
13661,88155d6ee7fffff
13662,88155d75bbfffff
13663,88155d6703fffff
13664,88154a592dfffff
13665,88155d6221fffff
13666,88155d630dfffff
13667,88155d204bfffff
13668,88155d695bfffff
13669,88155d7083fffff
13670,88155d7327fffff
13671,8815598c47fffff
13672,88155d79cbfffff
13673,881559d549fffff
13674,88155dac0dfffff
13675,8815582149fffff
13676,88155998c9fffff
13677,88154ac109fffff
13678,88155d3ae5fffff
13679,88155d04ebfffff
13680,88155d225dfffff
13681,88155d2595fffff
13682,88155d6ce3fffff
13683,88155d6c61fffff
13684,88154a5651fffff
13685,88154a59d3fffff
13686,88155d254bfffff
13687,88155820ebfffff
13688,88155d7a33fffff
13689,88155d26d5fffff
13690,88155988c1fffff
13691,88154ac9c1fffff
13692,881559da45fffff
13693,88155d6e85fffff
13694,88155835d9fffff
13695,881559d249fffff
13696,8815599127fffff
13697,88155d0e45fffff
13698,88155d32c3fffff
13699,88155d225bfffff
13700,88155d71adfffff
13701,88155d459dfffff
13702,88154a4a5dfffff
13703,88155984e1fffff
13704,8815598739fffff
13705,8815598eedfffff
13706,88155d72adfffff
13707,88155d316bfffff
13708,88155986a9fffff
13709,88155d0ea3fffff
13710,881559924bfffff
13711,88155d2e15fffff
13712,88155d64d5fffff
13713,88155998e7fffff
13714,88155d2f6dfffff
13715,88154a4717fffff
13716,88155d39e7fffff
13717,881559cb69fffff
13718,88155d4487fffff
13719,88155834c1fffff
13720,88155d6621fffff
13721,8815598cddfffff
13722,88154a4965fffff
13723,88155d2b29fffff
13724,88154ad1a9fffff
13725,88155d452bfffff
13726,88154a52a1fffff
13727,881559d581fffff
13728,88155d6007fffff
13729,88155daed3fffff
13730,8815598ccbfffff
13731,881558230dfffff
13732,88155da8adfffff
13733,88154ac143fffff
13734,88155d6ea5fffff
13735,881558315bfffff
13736,881559c04bfffff
13737,88154ada27fffff
13738,88154ac815fffff
13739,88155985c5fffff
13740,88154ac1ddfffff
13741,88155d3533fffff
13742,88155d2c83fffff
13743,88155d2211fffff
13744,88155d6697fffff
13745,88155835bdfffff
13746,88155d3a39fffff
13747,88155d0c2bfffff
13748,88154a4929fffff
13749,88155d6711fffff
13750,88155d62cdfffff
13751,88155d2299fffff
13752,8815583ad5fffff
13753,881558ac1dfffff
13754,88155d3333fffff
13755,881559d8abfffff
13756,8815598b69fffff
13757,88154a52abfffff
13758,8815598031fffff
13759,88155990e5fffff
13760,8815599895fffff
13761,88155986b5fffff
13762,881559b957fffff
13763,88154a1927fffff
13764,88155988abfffff
13765,8815583155fffff
13766,88155820bbfffff
13767,88154ac913fffff
13768,8815598015fffff
13769,88155d049dfffff
13770,8815598945fffff
13771,88155d0727fffff
13772,881559d5adfffff
13773,881559d195fffff
13774,88155d3255fffff
13775,8815598e8bfffff
13776,8815583465fffff
13777,8815598549fffff
13778,88155982d5fffff
13779,88155da489fffff
13780,8815598219fffff
13781,881559d0cdfffff
13782,88155d4509fffff
13783,88154a5b0bfffff
13784,88155998cbfffff
13785,88155d4623fffff
13786,88155996a3fffff
13787,88155d2695fffff
13788,88155d6c65fffff
13789,881559825bfffff
13790,88154acae1fffff
13791,881559d119fffff
13792,88155d6a03fffff
13793,88155d3499fffff
13794,8815582107fffff
13795,88155d723dfffff
13796,88155d76c1fffff
13797,88155d08bbfffff
13798,88155999d3fffff
13799,88155d0537fffff
13800,88155981a5fffff
13801,88155d2a99fffff
13802,88154a5199fffff
13803,88155d773dfffff
13804,881559d541fffff
13805,88155d70b3fffff
13806,88155d2349fffff
13807,881559d995fffff
13808,881559c2e3fffff
13809,8815582159fffff
13810,88155d30a5fffff
13811,88155992e5fffff
13812,88155d0507fffff
13813,881559c26bfffff
13814,88155d2d61fffff
13815,881559d143fffff
13816,88154ac91dfffff
13817,88155d6d09fffff
13818,88155986d3fffff
13819,881559d627fffff
13820,881559873dfffff
13821,88155d756bfffff
13822,88155da1b7fffff
13823,8815599917fffff
13824,881558ac89fffff
13825,881558ace5fffff
13826,88155d0ea5fffff
13827,88155d2487fffff
13828,881559862dfffff
13829,88154acc07fffff
13830,88155991bbfffff
13831,88155d79d1fffff
13832,8815598505fffff
13833,8815598731fffff
13834,8815582563fffff
13835,88154acf15fffff
13836,88155d723bfffff
13837,881558add9fffff
13838,88154a42b5fffff
13839,88155d30e1fffff
13840,881559d02bfffff
13841,88155dacc5fffff
13842,88155d6e97fffff
13843,88155d2b2bfffff
13844,88155d72ddfffff
13845,8815599b63fffff
13846,88155d2f49fffff
13847,88155d79d3fffff
13848,88155d06a5fffff
13849,88155daccdfffff
13850,881559bb53fffff
13851,88154a42c5fffff
13852,88155d7463fffff
13853,8815583167fffff
13854,8815583203fffff
13855,8815583701fffff
13856,88154a58cbfffff
13857,88155d0de5fffff
13858,8815598439fffff
13859,88155994c7fffff
13860,88155d7625fffff
13861,88154a40c3fffff
13862,88155d28c3fffff
13863,8815583097fffff
13864,88155d2063fffff
13865,88155d0e13fffff
13866,88155d3889fffff
13867,88155995a7fffff
13868,88154ac0e5fffff
13869,88155d221dfffff
13870,8815599693fffff
13871,88155d6c0dfffff
13872,881559d021fffff
13873,881559cb25fffff
13874,88155d221bfffff
13875,88155d0d59fffff
13876,88154a5b29fffff
13877,88154a41edfffff
13878,8815583459fffff
13879,88155d6f01fffff
13880,88155d0c27fffff
13881,8815582311fffff
13882,88154ac9bdfffff
13883,8815599485fffff
13884,88154a4a57fffff
13885,881559d5c9fffff
13886,88154acb5bfffff
13887,88155822bdfffff
13888,881559d969fffff
13889,88155d3701fffff
13890,8815599b03fffff
13891,88155835edfffff
13892,88155daeabfffff
13893,8815582029fffff
13894,881559d83dfffff
13895,88155832c7fffff
13896,88155d04c1fffff
13897,88155994c1fffff
13898,881558272dfffff
13899,88154accc1fffff
13900,88155d6613fffff
13901,881559bb35fffff
13902,88155dae85fffff
13903,88154ac83bfffff
13904,88155d2461fffff
13905,88154a52a7fffff
13906,88155d61c3fffff
13907,88155999adfffff
13908,881559d113fffff
13909,8815583659fffff
13910,881559d4cdfffff
13911,88154ad131fffff
13912,881559983dfffff
13913,88155da51dfffff
13914,881559db11fffff
13915,88155d235dfffff
13916,88155d0c4bfffff
13917,88155d05c9fffff
13918,88155d3293fffff
13919,881559d683fffff
13920,88155d7063fffff
13921,88154aceadfffff
13922,88155dad35fffff
13923,881559b169fffff
13924,88155d0d65fffff
13925,8815583aedfffff
13926,88155d0f55fffff
13927,88155dac69fffff
13928,88154a4121fffff
13929,88154ad843fffff
13930,8815599529fffff
13931,88155999c7fffff
13932,8815598f49fffff
13933,8815598585fffff
13934,88154a42e1fffff
13935,88155d009bfffff
13936,88155d7729fffff
13937,8815598633fffff
13938,88154adac3fffff
13939,88155d3a29fffff
13940,881558a6d5fffff
13941,88155d68cbfffff
13942,881559da91fffff
13943,88155836a1fffff
13944,881559d1b9fffff
13945,8815598b0dfffff
13946,88154a42adfffff
13947,881558221dfffff
13948,88155d31a5fffff
13949,8815598a55fffff
13950,88155d7633fffff
13951,88154a5117fffff
13952,8815582713fffff
13953,88155dae9dfffff
13954,88155d3885fffff
13955,88154a524bfffff
13956,88155d66a7fffff
13957,88155d6c47fffff
13958,881559d63bfffff
13959,88154aca09fffff
13960,88154a420dfffff
13961,881559d29dfffff
13962,88154ad1edfffff
13963,88155d623dfffff
13964,88155d7087fffff
13965,881559c007fffff
13966,88155d088dfffff
13967,88154a5265fffff
13968,88155d39d7fffff
13969,881559d437fffff
13970,88154adb59fffff
13971,88155d6b43fffff
13972,881559889bfffff
13973,88154a4b4bfffff
13974,88155d674dfffff
13975,88155d61edfffff
13976,8815582257fffff
13977,88155d0c61fffff
13978,88155d70c5fffff
13979,88155d3629fffff
13980,881558228bfffff
13981,88155d0ee5fffff
13982,88154a4857fffff
13983,8815583067fffff
13984,881559d423fffff
13985,88155d325dfffff
13986,8815582a99fffff
13987,88155d3753fffff
13988,88155d216bfffff
13989,88155834a7fffff
13990,88155da461fffff
13991,881558ae85fffff
13992,88154adacbfffff
13993,88154a4119fffff
13994,8815583ab3fffff
13995,88155d321bfffff
13996,881559882bfffff
13997,881559db51fffff
13998,88154a591dfffff
13999,88154a4a29fffff
14000,8815599495fffff
14001,8815583027fffff
14002,88155daee7fffff
14003,88155d28d3fffff
14004,88155da417fffff
14005,881558263dfffff
14006,88155d6a4bfffff
14007,881559860bfffff
14008,88155d0db1fffff
14009,88155d06d3fffff
14010,88155d2a81fffff
14011,88155d373bfffff
14012,88155d3961fffff
14013,881559c653fffff
14014,88155d36a5fffff
14015,88154a49c1fffff
14016,88155d7aedfffff
14017,88155d6303fffff
14018,881559d317fffff
14019,88154a49e1fffff
14020,8815583507fffff
14021,881558308dfffff
14022,881559d945fffff
14023,8815582093fffff
14024,88155d66b9fffff
14025,88155d0c5dfffff
14026,88155d6645fffff
14027,88154a5767fffff
14028,88155d7835fffff
14029,88154acc4dfffff
14030,8815598f69fffff
14031,88154ad181fffff
14032,88154a526dfffff
14033,88155dad65fffff
14034,88155d78d9fffff
14035,881558356bfffff
14036,88154a55cbfffff
14037,8815582745fffff
14038,88154a5aabfffff
14039,88155d776bfffff
14040,88155d610dfffff
14041,8815598d19fffff
14042,881558acc9fffff
14043,88155d6e4dfffff
14044,88155d45a9fffff
14045,88155daed5fffff
14046,8815599223fffff
14047,88154a58d3fffff
14048,88155d6359fffff
14049,8815599ae9fffff
14050,88154ac99dfffff
14051,88155d3867fffff
14052,88155d20e5fffff
14053,88155d61c5fffff
14054,88154a4851fffff
14055,88155da8b9fffff
14056,88154a4985fffff
14057,881559dab1fffff
14058,88155d64d1fffff
14059,88155d0f01fffff
14060,88155d6e59fffff
14061,8815598523fffff
14062,88155d22cdfffff
14063,88154a52ddfffff
14064,88155d36a9fffff
14065,8815598ed9fffff
14066,8815583643fffff
14067,88155d2155fffff
14068,88154a5125fffff
14069,88154acb2bfffff
14070,88155d2899fffff
14071,88155d28edfffff
14072,8815598a6dfffff
14073,88155d2897fffff
14074,88155d64c9fffff
14075,881559d333fffff
14076,881558ad93fffff
14077,8815598295fffff
14078,88155d6cabfffff
14079,88155d4417fffff
14080,88155d62b7fffff
14081,88155994cdfffff
14082,88155830dbfffff
14083,88154ad18dfffff
14084,881559da6bfffff
14085,88155da421fffff
14086,88155d06a3fffff
14087,88155daeb9fffff
14088,88155984c1fffff
14089,88155d2597fffff
14090,88155d601dfffff
14091,88154a50d1fffff
14092,88155d6eb5fffff
14093,8815599289fffff
14094,88155d6863fffff
14095,88155d64a7fffff
14096,8815598245fffff
14097,88155991c5fffff
14098,88155d2d37fffff
14099,8815598621fffff
14100,881559d235fffff
14101,881558319bfffff
14102,881558222dfffff
14103,88155d2f25fffff
14104,881558a4c3fffff
14105,88155d36e9fffff
14106,88154ac16bfffff
14107,88155d6151fffff
14108,88155da98bfffff
14109,88154a58cdfffff
14110,88155d2849fffff
14111,88154ac087fffff
14112,88155996bdfffff
14113,8815599615fffff
14114,88155d06bbfffff
14115,88155981bdfffff
14116,88154a4b2bfffff
14117,88154a50d5fffff
14118,881559923bfffff
14119,88154ac813fffff
14120,88155d3933fffff
14121,88155980b1fffff
14122,8815582329fffff
14123,88155d2c43fffff
14124,88155d440bfffff
14125,881559d685fffff
14126,8815599187fffff
14127,881559d915fffff
14128,881558ad99fffff
14129,8815598d6bfffff
14130,88155d3689fffff
14131,881559da21fffff
14132,8815598b2bfffff
14133,8815598065fffff
14134,88155d28cdfffff
14135,88155d2f01fffff
14136,8815582247fffff
14137,88155d3545fffff
14138,881559d443fffff
14139,88155d45b1fffff
14140,88154ac981fffff
14141,88154a518bfffff
14142,881559d0ddfffff
14143,88154a4a05fffff
14144,88155d632bfffff
14145,88155d3681fffff
14146,8815598eb9fffff
14147,881559925bfffff
14148,881558350dfffff
14149,88154ada39fffff
14150,88155da5a9fffff
14151,88154ad1dbfffff
14152,8815599a8dfffff
14153,88155992ddfffff
14154,88155d2ab7fffff
14155,8815598369fffff
14156,88154a4b0dfffff
14157,88155da43dfffff
14158,88155d6addfffff
14159,88155d44e1fffff
14160,881559d0adfffff
14161,88154a5189fffff
14162,8815599a49fffff
14163,8815598c57fffff
14164,88155998c1fffff
14165,88155d380bfffff
14166,88155d60e9fffff
14167,88155d2e69fffff
14168,88155d2f1bfffff
14169,88155d74a1fffff
14170,881558a5d9fffff
14171,88155d3b39fffff
14172,88155d0c8dfffff
14173,88155d72abfffff
14174,8815598927fffff
14175,8815598007fffff
14176,88155d250bfffff
14177,88154a5723fffff
14178,8815582e45fffff
14179,88154a42cdfffff
14180,88155d680dfffff
14181,88155d0e29fffff
14182,881559d8edfffff
14183,88155836e7fffff
14184,88155d0ebdfffff
14185,88155d3259fffff
14186,88155d0461fffff
14187,88154adb1bfffff
14188,88155d2d8dfffff
14189,88154ada53fffff
14190,88155dadcbfffff
14191,88155d28a5fffff
14192,8815598287fffff
14193,8815598c69fffff
14194,88154adb3bfffff
14195,8815583199fffff
14196,88155985ebfffff
14197,88155d3195fffff
14198,881559d345fffff
14199,88154ac239fffff
14200,88155821d1fffff
14201,88155d26e3fffff
14202,8815598a85fffff
14203,881558ad8dfffff
14204,88155d331bfffff
14205,88155d29cbfffff
14206,88155d375dfffff
14207,88155d756dfffff
14208,88155d0cbdfffff
14209,88154a51d1fffff
14210,88155d39b7fffff
14211,88155d71c7fffff
14212,88154ac165fffff
14213,88154acac3fffff
14214,88155d210dfffff
14215,88155d6d55fffff
14216,8815599503fffff
14217,88155d2041fffff
14218,88155d7ae9fffff
14219,88155d2957fffff
14220,8815582253fffff
14221,8815598b45fffff
14222,88155988d3fffff
14223,881559d131fffff
14224,8815582021fffff
14225,88154a5a23fffff
14226,88155d2b1bfffff
14227,88155834abfffff
14228,88155d7257fffff
14229,88154acb1dfffff
14230,88155d7557fffff
14231,88154ad127fffff
14232,88155d2967fffff
14233,881559d103fffff
14234,8815599493fffff
14235,88154acc5bfffff
14236,88154acf67fffff
14237,88155d2199fffff
14238,88155da9b9fffff
14239,881559db29fffff
14240,881559b869fffff
14241,88154ac26bfffff
14242,8815598839fffff
14243,88154a4a13fffff
14244,88154a4953fffff
14245,88155d468bfffff
14246,8815598ac9fffff
14247,88154a4207fffff
14248,88155d611dfffff
14249,881558385dfffff
14250,88154ac317fffff
14251,881559db45fffff
14252,88155d3553fffff
14253,88155d0699fffff
14254,88155d3353fffff
14255,88155d0c9dfffff
14256,8815599061fffff
14257,88154a4741fffff
14258,88155986b7fffff
14259,88154a41e5fffff
14260,881559998bfffff
14261,88155d04d9fffff
14262,88155d6237fffff
14263,88155835e1fffff
14264,88155d6895fffff
14265,88155d2d2bfffff
14266,88154ac92dfffff
14267,88154ad99bfffff
14268,88155d69cbfffff
14269,881559956bfffff
14270,88155da519fffff
14271,88154ac89dfffff
14272,88155d34b5fffff
14273,88155d2565fffff
14274,8815582e21fffff
14275,88154ac93dfffff
14276,88155838c9fffff
14277,88155da8cbfffff
14278,881559802dfffff
14279,88154ac9e5fffff
14280,881559c00dfffff
14281,88155d30c5fffff
14282,88155d3321fffff
14283,88155d2231fffff
14284,88154a52a9fffff
14285,88155dadbbfffff
14286,88155d2b57fffff
14287,881558acc1fffff
14288,88154ad827fffff
14289,88155d7ad7fffff
14290,88155d3467fffff
14291,88155d2917fffff
14292,8815599ac3fffff
14293,88155d7a49fffff
14294,88155d0d95fffff
14295,88154acf03fffff
14296,88155d2865fffff
14297,88155d0d0dfffff
14298,88154a552bfffff
14299,88154ac81bfffff
14300,88155d0e31fffff
14301,88155d68a5fffff
14302,88155dad99fffff
14303,881558ad01fffff
14304,881559893bfffff
14305,88155d6023fffff
14306,88155d3aedfffff
14307,88155d3743fffff
14308,881559990dfffff
14309,881559d14bfffff
14310,88155d0895fffff
14311,881559d405fffff
14312,88154ac167fffff
14313,88155d69bbfffff
14314,88154acd25fffff
14315,88155d39e5fffff
14316,88155d2ee3fffff
14317,8815583003fffff
14318,88155d4ec9fffff
14319,881558353bfffff
14320,88155dac1dfffff
14321,88155d35a7fffff
14322,8815598c4dfffff
14323,88155d79c3fffff
14324,8815599863fffff
14325,8815582363fffff
14326,88154a4987fffff
14327,881559c301fffff
14328,88155d70bbfffff
14329,88155d08d5fffff
14330,881559ca69fffff
14331,8815582315fffff
14332,88155d30e5fffff
14333,8815598e05fffff
14334,88155dada5fffff
14335,88154ad16bfffff
14336,88155d32bdfffff
14337,88155830adfffff
14338,88154acc2bfffff
14339,881559d68dfffff
14340,88155d79bdfffff
14341,88155d7867fffff
14342,88154a556bfffff
14343,881559b14dfffff
14344,88155d6ee3fffff
14345,8815598193fffff
14346,881559896bfffff
14347,88155dad57fffff
14348,88155d6363fffff
14349,88155d2c23fffff
14350,8815582191fffff
14351,88155d6ca1fffff
14352,88155da9dbfffff
14353,88155d455bfffff
14354,88155d2693fffff
14355,88154acb39fffff
14356,88155d2ca9fffff
14357,88155d6dc7fffff
14358,88155d06e7fffff
14359,88154a5309fffff
14360,881558233dfffff
14361,881559d343fffff
14362,881559d719fffff
14363,8815583731fffff
14364,88155831c9fffff
14365,88155834e1fffff
14366,8815598227fffff
14367,8815583889fffff
14368,88155d2b19fffff
14369,881558363bfffff
14370,88155d7769fffff
14371,88154a5801fffff
14372,88155d35c3fffff
14373,881558adc5fffff
14374,88154ac137fffff
14375,88154ada87fffff
14376,88155dac91fffff
14377,88155d6c6bfffff
14378,8815591249fffff
14379,881558350bfffff
14380,88155da55dfffff
14381,88154acf55fffff
14382,8815582063fffff
14383,88155d6025fffff
14384,881559d943fffff
14385,881559c2d1fffff
14386,88154acdb5fffff
14387,881559881bfffff
14388,881558ac2dfffff
14389,88155d7495fffff
14390,88155d2cedfffff
14391,88155d0d67fffff
14392,88154acf2bfffff
14393,88155d46c9fffff
14394,881559c2dbfffff
14395,8815599361fffff
14396,88155d25b1fffff
14397,88155d2363fffff
14398,88155d6c59fffff
14399,88155996d7fffff
14400,88155d4563fffff
14401,88155d0d85fffff
14402,88155998a5fffff
14403,881559d097fffff
14404,88155d2305fffff
14405,881558212bfffff
14406,88155d38a7fffff
14407,88154a412bfffff
14408,88154ada99fffff
14409,881558236dfffff
14410,88155dae63fffff
14411,88155d2abbfffff
14412,88155d6c95fffff
14413,88155d0db5fffff
14414,881559b95dfffff
14415,88155d7657fffff
14416,88155d2913fffff
14417,8815582663fffff
14418,88155d70b7fffff
14419,88155d4483fffff
14420,8815598717fffff
14421,8815599347fffff
14422,88154a49d9fffff
14423,88155d0919fffff
14424,88155d2a89fffff
14425,881559b96bfffff
14426,8815599819fffff
14427,88154ace05fffff
14428,88154ac329fffff
14429,8815598c55fffff
14430,88155d34e9fffff
14431,8815599167fffff
14432,88155d35a3fffff
14433,881558ad47fffff
14434,881559d55bfffff
14435,88154ad9bbfffff
14436,88155d39b9fffff
14437,88154ad8dbfffff
14438,881558a6bbfffff
14439,88154a5101fffff
14440,88155d0c9bfffff
14441,881559d887fffff
14442,88155d6859fffff
14443,88155d686dfffff
14444,88155d2dc5fffff
14445,881558225bfffff
14446,8815598535fffff
14447,8815599addfffff
14448,88154ad133fffff
14449,8815598d01fffff
14450,881559958bfffff
14451,88155d3897fffff
14452,88154ac1b9fffff
14453,88155d0c05fffff
14454,88154acd31fffff
14455,88155d053bfffff
14456,88155d6dd7fffff
14457,88155d253dfffff
14458,88154ada13fffff
14459,88155d3213fffff
14460,88154ada5dfffff
14461,88155d3843fffff
14462,88155d6cadfffff
14463,88155dad25fffff
14464,88155d24a1fffff
14465,8815599063fffff
14466,88155daee9fffff
14467,88155d2b03fffff
14468,88154adb27fffff
14469,88155d20a7fffff
14470,88155d731dfffff
14471,88155d0e37fffff
14472,88155d7481fffff
14473,88155d7165fffff
14474,88155d25adfffff
14475,8815583059fffff
14476,88155d6ec7fffff
14477,88154a594dfffff
14478,88154acd09fffff
14479,88155d66edfffff
14480,88154ac343fffff
14481,88155d6243fffff
14482,88155d7299fffff
14483,88155996c1fffff
14484,88155d6005fffff
14485,88154adae9fffff
14486,88155d2657fffff
14487,88154ac865fffff
14488,88154a5145fffff
14489,881559826dfffff
14490,881559d037fffff
14491,88155d091dfffff
14492,88155d4599fffff
14493,8815582e4dfffff
14494,881559da49fffff
14495,88155d08b9fffff
14496,881558202dfffff
14497,88154ac803fffff
14498,88155d2d09fffff
14499,881559d6b9fffff
14500,88154ac359fffff
14501,88154ac9a1fffff
14502,88155d3ad7fffff
14503,8815598909fffff
14504,88155d2433fffff
14505,88154a58a5fffff
14506,8815598133fffff
14507,881559c05dfffff
14508,88155d232dfffff
14509,88155d0c69fffff
14510,8815599455fffff
14511,881559988dfffff
14512,88155d293dfffff
14513,88155d604dfffff
14514,88155d6587fffff
14515,881559c043fffff
14516,88154acd67fffff
14517,8815583185fffff
14518,88154ac8bdfffff
14519,88155d6229fffff
14520,88155d6933fffff
14521,8815598703fffff
14522,88155d6b19fffff
14523,881558ac63fffff
14524,88155d6e63fffff
14525,88155d0c41fffff
14526,8815599599fffff
14527,88154a454dfffff
14528,88154acee7fffff
14529,88155d6f11fffff
14530,88154a4a27fffff
14531,88155996e5fffff
14532,8815598299fffff
14533,88155dae0bfffff
14534,88155d3815fffff
14535,881559d5d3fffff
14536,88155996a7fffff
14537,88154acc3bfffff
14538,88154acd43fffff
14539,88155d06e1fffff
14540,88155d4533fffff
14541,8815599109fffff
14542,88155d60e3fffff
14543,88155d603bfffff
14544,8815598b51fffff
14545,88155822b5fffff
14546,88155d2cc1fffff
14547,88155d3a51fffff
14548,88155d269bfffff
14549,8815598b43fffff
14550,88155d2d6dfffff
14551,881558214bfffff
14552,88155d6423fffff
14553,88154ac849fffff
14554,88155d0c23fffff
14555,881559c2ebfffff
14556,8815599339fffff
14557,88155d6d1bfffff
14558,88155822c3fffff
14559,88154a5759fffff
14560,881558a5adfffff
14561,88154a5881fffff
14562,88155d3413fffff
14563,881558aea9fffff
14564,88154a5295fffff
14565,88155d3a33fffff
14566,88154acd05fffff
14567,88155985e9fffff
14568,88155d256dfffff
14569,88155d6481fffff
14570,881559d9b1fffff
14571,8815599b59fffff
14572,88155d74c7fffff
14573,88154ac9d1fffff
14574,88155d624bfffff
14575,88155d46a5fffff
14576,88154a4a25fffff
14577,88155d66e5fffff
14578,88154a406dfffff
14579,881558262dfffff
14580,8815598c29fffff
14581,881559d76bfffff
14582,8815583a95fffff
14583,88155d2637fffff
14584,88155d3369fffff
14585,8815598243fffff
14586,88155dad3bfffff
14587,88155dade9fffff
14588,8815599081fffff
14589,8815598a19fffff
14590,881559c201fffff
14591,88155d05b9fffff
14592,88154ac8d7fffff
