,geohash
0,8810c055c5fffff
1,8810c04aadfffff
2,8810c62421fffff
3,8810c0514dfffff
4,8810c04259fffff
5,8810c0c2dbfffff
6,8810c0c2d9fffff
7,8810c008a5fffff
8,8810c05969fffff
9,8810c05901fffff
10,8810c01949fffff
11,8810c0c297fffff
12,8810c051ebfffff
13,8810c04ee5fffff
14,8810c07a09fffff
15,8810c00d9dfffff
16,8810c2b0c9fffff
17,8810c076b3fffff
18,8810c00ca5fffff
19,8810c054ebfffff
20,8810c05269fffff
21,8810c07603fffff
22,8810c01b2dfffff
23,8810c01903fffff
24,8810c056adfffff
25,8810c04c55fffff
26,8810c0c053fffff
27,8810c01317fffff
28,8810c01153fffff
29,8810c00939fffff
30,8810c0d4b9fffff
31,8810c058b3fffff
32,8810c0c957fffff
33,8810c0cd65fffff
34,8810c0d585fffff
35,8810c04ac1fffff
36,8810c040a1fffff
37,8810c0403bfffff
38,8810c01167fffff
39,8810c2b255fffff
40,8810c08b13fffff
41,8810c0cec5fffff
42,8810c04619fffff
43,8810c089e9fffff
44,8810c0c4bbfffff
45,8810c2b353fffff
46,8810c626bdfffff
47,8810c05603fffff
48,8810c039a7fffff
49,8810c62401fffff
50,8810c0459dfffff
51,8810c07557fffff
52,8810c0284dfffff
53,8810c05135fffff
54,8810c00c81fffff
55,8810c04a99fffff
56,8810c0516dfffff
57,8810c0c901fffff
58,8810c0c033fffff
59,8810c05953fffff
60,8810c0543bfffff
61,8810c05aa5fffff
62,8810c07a27fffff
63,8810c0cd45fffff
64,8810c05ac1fffff
65,8810c05891fffff
66,8810c0483bfffff
67,8810c00d3dfffff
68,8810c0d6a7fffff
69,8810c0d6d3fffff
70,8810c040cbfffff
71,8810c0734bfffff
72,8810c0481dfffff
73,8810c05251fffff
74,8810c2b2abfffff
75,8810c0896dfffff
76,8810c0c56dfffff
77,8810c05561fffff
78,8810c074a9fffff
79,8810c0cd01fffff
80,8810c04099fffff
81,8810c08843fffff
82,8810c62697fffff
83,8810c058b5fffff
84,8810c0c9a5fffff
85,8810c00f31fffff
86,8810c05633fffff
87,8810c009a1fffff
88,8810c05645fffff
89,8810c0504dfffff
90,8810c0d469fffff
91,8810c0566dfffff
92,8810c625b1fffff
93,8810c0748dfffff
94,8810c05525fffff
95,8810c0c4adfffff
96,8810c0d5a9fffff
97,8810c04625fffff
98,8810c2b04bfffff
99,8810c0714dfffff
100,8810c07185fffff
101,8810c05809fffff
102,8810c052e5fffff
103,8810c00c23fffff
104,8810c01b43fffff
105,8810c0cda3fffff
106,8810c05211fffff
107,8810c05b1dfffff
108,8810c04d25fffff
109,8810c0433bfffff
110,8810c04f01fffff
111,8810c0424bfffff
112,8810c04607fffff
113,8810c0416dfffff
114,8810c0583dfffff
115,8810c0588dfffff
116,8810c0c9ebfffff
117,8810c0434bfffff
118,8810c0c71dfffff
119,8810c05109fffff
120,8810c07029fffff
121,8810c0396bfffff
122,8810c0192dfffff
123,8810c0d403fffff
124,8810c07231fffff
125,8810c04683fffff
126,8810c0574bfffff
127,8810c05705fffff
128,8810c04243fffff
129,8810c0c4d5fffff
130,8810c046d3fffff
131,8810c04835fffff
132,8810c008d3fffff
133,8810c0cf63fffff
134,8810c05a35fffff
135,8810c0c75dfffff
136,8810c040b1fffff
137,8810c0394dfffff
138,8810c04a01fffff
139,8810c04ab5fffff
140,8810c051b3fffff
141,8810c2b211fffff
142,8810c0cd59fffff
143,8810c08829fffff
144,8810c0c657fffff
145,8810c0549dfffff
146,8810c05441fffff
147,8810c04193fffff
148,8810c0418dfffff
149,8810c02861fffff
150,8810c0c611fffff
151,8810c05047fffff
152,8810c05a2bfffff
153,8810c00967fffff
154,8810c05039fffff
155,8810c05219fffff
156,8810c0130dfffff
157,8810c04753fffff
158,8810c07209fffff
159,8810c04dc7fffff
160,8810c2b1b7fffff
161,8810c046c3fffff
162,8810c04269fffff
163,8810c04e03fffff
164,8810c009c5fffff
165,8810c03947fffff
166,8810c04159fffff
167,8810c01323fffff
168,8810c07307fffff
169,8810c04e0dfffff
170,8810c2b22dfffff
171,8810c0585dfffff
172,8810c0ce53fffff
173,8810c0c217fffff
174,8810c055edfffff
175,8810c0624dfffff
176,8810c02b03fffff
177,8810c0d557fffff
178,8810c049ddfffff
179,8810c0c9d5fffff
180,8810c0ccd9fffff
181,8810c008d7fffff
182,8810c05517fffff
183,8810c2b015fffff
184,8810c072c1fffff
185,8810c00db1fffff
186,8810c07321fffff
187,8810c0c095fffff
188,8810c00c11fffff
189,8810c2b221fffff
190,8810c0c4a5fffff
191,8810c0796bfffff
192,8810c05ae3fffff
193,8810c089c1fffff
194,8810c0525dfffff
195,8810c08853fffff
196,8810c2b201fffff
197,8810c072d9fffff
198,8810c0d4abfffff
199,8810c0134dfffff
200,8810c058adfffff
201,8810c0ced1fffff
202,8810c01141fffff
203,8810c0418bfffff
204,8810c054e5fffff
205,8810c0c9b3fffff
206,8810c05353fffff
207,8810c0d487fffff
208,8810c00d69fffff
209,8810c00e11fffff
210,8810c0cc21fffff
211,8810c0c1c9fffff
212,8810c0cf2dfffff
213,8810c05221fffff
214,8810c0511dfffff
215,8810c0c565fffff
216,8810c0510bfffff
217,8810c0c5e7fffff
218,8810c0136bfffff
219,8810c0c63dfffff
220,8810c055c1fffff
221,8810c2963bfffff
222,8810c08935fffff
223,8810c04647fffff
224,8810c0c65dfffff
225,8810c05961fffff
226,8810c04111fffff
227,8810c04601fffff
228,8810c049a1fffff
229,8810c044cdfffff
230,8810c2b11dfffff
231,8810c05829fffff
232,8810c05637fffff
233,8810c0cc13fffff
234,8810c0cc2dfffff
235,8810c071d1fffff
236,8810c0c659fffff
237,8810c05881fffff
238,8810c07227fffff
239,8810c07145fffff
240,8810c06257fffff
241,8810c0486bfffff
242,8810c62495fffff
243,8810c2b65bfffff
244,8810c044d5fffff
245,8810c05b4bfffff
246,8810c0503bfffff
247,8810c0c415fffff
248,8810c0cd39fffff
249,8810c2b119fffff
250,8810c072e1fffff
251,8810c050b5fffff
252,8810c08923fffff
253,8810c0590bfffff
254,8810c08919fffff
255,8810c0110dfffff
256,8810c03935fffff
257,8810c05735fffff
258,8810c07201fffff
259,8810c01347fffff
260,8810c07141fffff
261,8810c04595fffff
262,8810c07359fffff
263,8810c05a25fffff
264,8810c01169fffff
265,8810c01b6bfffff
266,8810c0d5d7fffff
267,8810c07009fffff
268,8810c00b3dfffff
269,8810c08913fffff
270,8810c04a0bfffff
271,8810c0ce4bfffff
272,8810c0ce59fffff
273,8810c0cee3fffff
274,8810c0d511fffff
275,8810c07287fffff
276,8810c0522bfffff
277,8810c04999fffff
278,8810c0564dfffff
279,8810c0cf09fffff
280,8810c02869fffff
281,8810c0c0cbfffff
282,8810c07495fffff
283,8810c0c013fffff
284,8810c04a03fffff
285,8810c07069fffff
286,8810c00d25fffff
287,8810c054edfffff
288,8810c076ddfffff
289,8810c0c513fffff
290,8810c0c495fffff
291,8810c0c439fffff
292,8810c07a55fffff
293,8810c00e33fffff
294,8810c0528dfffff
295,8810c008b3fffff
296,8810c0ce8dfffff
297,8810c051d7fffff
298,8810c0c98dfffff
299,8810c07451fffff
300,8810c07a65fffff
301,8810c0c501fffff
302,8810c0cd57fffff
303,8810c07215fffff
304,8810c04ce3fffff
305,8810c625e1fffff
306,8810c0892dfffff
307,8810c2b20bfffff
308,8810c00b25fffff
309,8810c0c429fffff
310,8810c05b0dfffff
311,8810c07551fffff
312,8810c0d4cbfffff
313,8810c00917fffff
314,8810c0c0a7fffff
315,8810c089ebfffff
316,8810c07001fffff
317,8810c00d61fffff
318,8810c0ceddfffff
319,8810c00ee5fffff
320,8810c01311fffff
321,8810c2b2e5fffff
322,8810c049c3fffff
323,8810c072b7fffff
324,8810c0cdedfffff
325,8810c05719fffff
326,8810c08a51fffff
327,8810c04d5dfffff
328,8810c07691fffff
329,8810c01963fffff
330,8810c00f53fffff
331,8810c0c08dfffff
332,8810c0c537fffff
333,8810c0ce85fffff
334,8810c0584bfffff
335,8810c0cc1bfffff
336,8810c0d591fffff
337,8810c058b7fffff
338,8810c04c41fffff
339,8810c01161fffff
340,8810c04123fffff
341,8810c05939fffff
342,8810c0cdddfffff
343,8810c04d8dfffff
344,8810c0882dfffff
345,8810c0462bfffff
346,8810c0c68dfffff
347,8810c05297fffff
348,8810c0c74dfffff
349,8810c0098bfffff
350,8810c04da9fffff
351,8810c05a9bfffff
352,8810c056e5fffff
353,8810c05647fffff
354,8810c00f27fffff
355,8810c04701fffff
356,8810c07711fffff
357,8810c04ea1fffff
358,8810c04c4dfffff
359,8810c04725fffff
360,8810c0c8e5fffff
361,8810c0d489fffff
362,8810c076bbfffff
363,8810c05a83fffff
364,8810c051a3fffff
365,8810c0cc0bfffff
366,8810c04435fffff
367,8810c04e05fffff
368,8810c04699fffff
369,8810c04267fffff
370,8810c01b4bfffff
371,8810c08937fffff
372,8810c00197fffff
373,8810c00f6bfffff
374,8810c04e2bfffff
375,8810c0cd21fffff
376,8810c01355fffff
377,8810c0c8a1fffff
378,8810c00c87fffff
379,8810c0295dfffff
380,8810c01139fffff
381,8810c04dedfffff
382,8810c0cd47fffff
383,8810c07313fffff
384,8810c071e3fffff
385,8810c2b293fffff
386,8810c051e3fffff
387,8810c0c085fffff
388,8810c051edfffff
389,8810c0cf21fffff
390,8810c042a5fffff
391,8810c05651fffff
392,8810c0c831fffff
393,8810c04857fffff
394,8810c089cbfffff
395,8810c070c3fffff
396,8810c62685fffff
397,8810c0c2b3fffff
398,8810c00e6dfffff
399,8810c07667fffff
400,8810c04f5bfffff
401,8810c624e5fffff
402,8810c0702bfffff
403,8810c03969fffff
404,8810c04215fffff
405,8810c008d9fffff
406,8810c2b157fffff
407,8810c055b7fffff
408,8810c055cdfffff
409,8810c050ebfffff
410,8810c05a01fffff
411,8810c054abfffff
412,8810c05715fffff
413,8810c044c3fffff
414,8810c05549fffff
415,8810c05857fffff
416,8810c04157fffff
417,8810c07755fffff
418,8810c2b209fffff
419,8810c04ad3fffff
420,8810c08959fffff
421,8810c048c1fffff
422,8810c07a0bfffff
423,8810c0090dfffff
424,8810c0c4b9fffff
425,8810c04603fffff
426,8810c07037fffff
427,8810c2b241fffff
428,8810c076b7fffff
429,8810c0769dfffff
430,8810c0ce5bfffff
431,8810c009edfffff
432,8810c02943fffff
433,8810c0733bfffff
434,8810c04343fffff
435,8810c04417fffff
436,8810c054dbfffff
437,8810c05903fffff
438,8810c05a37fffff
439,8810c05769fffff
440,8810c0c893fffff
441,8810c051c5fffff
442,8810c01351fffff
443,8810c0c443fffff
444,8810c08ae7fffff
445,8810c04819fffff
446,8810c05951fffff
447,8810c05253fffff
448,8810c070bdfffff
449,8810c0c427fffff
450,8810c2b2cbfffff
451,8810c0c4a1fffff
452,8810c0c833fffff
453,8810c0c64dfffff
454,8810c2b291fffff
455,8810c048d1fffff
456,8810c07555fffff
457,8810c04581fffff
458,8810c055cbfffff
459,8810c048b3fffff
460,8810c07011fffff
461,8810c0c1c3fffff
462,8810c04105fffff
463,8810c0754dfffff
464,8810c041c9fffff
465,8810c05b03fffff
466,8810c07a53fffff
467,8810c01363fffff
468,8810c001abfffff
469,8810c00f55fffff
470,8810c0c625fffff
471,8810c0736bfffff
472,8810c0403dfffff
473,8810c05a1bfffff
474,8810c04663fffff
475,8810c04aebfffff
476,8810c099a5fffff
477,8810c04a93fffff
478,8810c07115fffff
479,8810c05107fffff
480,8810c076edfffff
481,8810c01b59fffff
482,8810c0cdc7fffff
483,8810c072adfffff
484,8810c07a4dfffff
485,8810c04f4dfffff
486,8810c07455fffff
487,8810c0411dfffff
488,8810c03965fffff
489,8810c0ccc5fffff
490,8810c0c4e9fffff
491,8810c01947fffff
492,8810c0cdd5fffff
493,8810c0576bfffff
494,8810c00dd5fffff
495,8810c0d6d7fffff
496,8810c00a87fffff
497,8810c04cc5fffff
498,8810c0c4c5fffff
499,8810c07409fffff
500,8810c2b10bfffff
501,8810c04323fffff
502,8810c00e3dfffff
503,8810c04dd1fffff
504,8810c05a3bfffff
505,8810c0c549fffff
506,8810c08aebfffff
507,8810c05507fffff
508,8810c0c735fffff
509,8810c0c41bfffff
510,8810c072c9fffff
511,8810c62557fffff
512,8810c0cc35fffff
513,8810c08927fffff
514,8810c0476bfffff
515,8810c01939fffff
516,8810c07251fffff
517,8810c0392dfffff
518,8810c0430bfffff
519,8810c0c983fffff
520,8810c0ccb1fffff
521,8810c05a09fffff
522,8810c01335fffff
523,8810c05a21fffff
524,8810c04c57fffff
525,8810c0563dfffff
526,8810c05539fffff
527,8810c07039fffff
528,8810c0c617fffff
529,8810c0cc57fffff
530,8810c076a3fffff
531,8810c0cdd7fffff
532,8810c04c25fffff
533,8810c01063fffff
534,8810c00943fffff
535,8810c00827fffff
536,8810c0c421fffff
537,8810c00dabfffff
538,8810c04593fffff
539,8810c0c76dfffff
540,8810c04c21fffff
541,8810c0c28dfffff
542,8810c08a21fffff
543,8810c05201fffff
544,8810c050e1fffff
545,8810c041bbfffff
546,8810c05085fffff
547,8810c01333fffff
548,8810c07419fffff
549,8810c626d3fffff
550,8810c0cf23fffff
551,8810c0cd67fffff
552,8810c00d23fffff
553,8810c0c01dfffff
554,8810c08b4dfffff
555,8810c058d7fffff
556,8810c0ce27fffff
557,8810c054a5fffff
558,8810c07335fffff
559,8810c0c707fffff
560,8810c049d1fffff
561,8810c2b641fffff
562,8810c05483fffff
563,8810c0c00bfffff
564,8810c2b28bfffff
565,8810c075c1fffff
566,8810c05265fffff
567,8810c05613fffff
568,8810c04e23fffff
569,8810c058e1fffff
570,8810c0cf1dfffff
571,8810c04103fffff
572,8810c08b65fffff
573,8810c089e7fffff
574,8810c0c521fffff
575,8810c00d4dfffff
576,8810c04ce9fffff
577,8810c2b113fffff
578,8810c00b09fffff
579,8810c0c9e5fffff
580,8810c07031fffff
581,8810c02b11fffff
582,8810c0792dfffff
583,8810c05511fffff
584,8810c05805fffff
585,8810c0c059fffff
586,8810c0764bfffff
587,8810c0c8abfffff
588,8810c0532bfffff
589,8810c0c919fffff
590,8810c07459fffff
591,8810c05449fffff
592,8810c0434dfffff
593,8810c05b07fffff
594,8810c08103fffff
595,8810c07905fffff
596,8810c055e1fffff
597,8810c0c5cdfffff
598,8810c0506bfffff
599,8810c072d3fffff
600,8810c00cc1fffff
601,8810c04047fffff
602,8810c00b47fffff
603,8810c042b1fffff
604,8810c04721fffff
605,8810c07543fffff
606,8810c07021fffff
607,8810c0088bfffff
608,8810c0cf43fffff
609,8810c0708bfffff
610,8810c048cdfffff
611,8810c0d5e5fffff
612,8810c008bdfffff
613,8810c0732bfffff
614,8810c070b5fffff
615,8810c05195fffff
616,8810c05555fffff
617,8810c00e61fffff
618,8810c089a5fffff
619,8810c04005fffff
620,8810c62435fffff
621,8810c01b65fffff
622,8810c05833fffff
623,8810c04b19fffff
624,8810c040dbfffff
625,8810c00b35fffff
626,8810c054a7fffff
627,8810c2b1bbfffff
628,8810c05295fffff
629,8810c0ccd5fffff
630,8810c07515fffff
631,8810c07761fffff
632,8810c04213fffff
633,8810c058c3fffff
634,8810c00f59fffff
635,8810c008a7fffff
636,8810c0ceabfffff
637,8810c0401dfffff
638,8810c04667fffff
639,8810c04809fffff
640,8810c0cc47fffff
641,8810c008e5fffff
642,8810c07485fffff
643,8810c0420bfffff
644,8810c07927fffff
645,8810c041a7fffff
646,8810c625ebfffff
647,8810c07057fffff
648,8810c2b34bfffff
649,8810c070c7fffff
650,8810c2b1d9fffff
651,8810c07047fffff
652,8810c0c211fffff
653,8810c089c9fffff
654,8810c0435bfffff
655,8810c01301fffff
656,8810c07189fffff
657,8810c00b27fffff
658,8810c01a0bfffff
659,8810c00c07fffff
660,8810c624e1fffff
661,8810c04189fffff
662,8810c0c5c9fffff
663,8810c62519fffff
664,8810c01103fffff
665,8810c044ebfffff
666,8810c62597fffff
667,8810c050d7fffff
668,8810c0728bfffff
669,8810c2b359fffff
670,8810c05567fffff
671,8810c0c0adfffff
672,8810c03945fffff
673,8810c070a7fffff
674,8810c04653fffff
675,8810c00913fffff
676,8810c0771bfffff
677,8810c04c17fffff
678,8810c0c511fffff
679,8810c0113bfffff
680,8810c05605fffff
681,8810c05311fffff
682,8810c04127fffff
683,8810c07745fffff
684,8810c0d5e7fffff
685,8810c0d68dfffff
686,8810c05431fffff
687,8810c07213fffff
688,8810c2b28dfffff
689,8810c62497fffff
690,8810c04b11fffff
691,8810c05b49fffff
692,8810c05a4dfffff
693,8810c00f51fffff
694,8810c04d51fffff
695,8810c05003fffff
696,8810c046d7fffff
697,8810c0d4e9fffff
698,8810c0cd83fffff
699,8810c08b0dfffff
700,8810c048a3fffff
701,8810c0726bfffff
702,8810c05ae7fffff
703,8810c0c2e9fffff
704,8810c0cd41fffff
705,8810c0488bfffff
706,8810c2b263fffff
707,8810c01061fffff
708,8810c04113fffff
709,8810c0d46dfffff
710,8810c05843fffff
711,8810c07067fffff
712,8810c04339fffff
713,8810c0c2a1fffff
714,8810c0c0a1fffff
715,8810c041d9fffff
716,8810c04067fffff
717,8810c0c1d9fffff
718,8810c04985fffff
719,8810c046dbfffff
720,8810c04987fffff
721,8810c05031fffff
722,8810c0412dfffff
723,8810c008e1fffff
724,8810c0404dfffff
725,8810c00f33fffff
726,8810c04e4dfffff
727,8810c07663fffff
728,8810c0192bfffff
729,8810c07669fffff
730,8810c009a7fffff
731,8810c2b2bdfffff
732,8810c0596bfffff
733,8810c07299fffff
734,8810c01a47fffff
735,8810c2b063fffff
736,8810c625d3fffff
737,8810c0cda1fffff
738,8810c05305fffff
739,8810c05203fffff
740,8810c05ac9fffff
741,8810c0115bfffff
742,8810c04697fffff
743,8810c05487fffff
744,8810c0d5c9fffff
745,8810c07687fffff
746,8810c07289fffff
747,8810c07113fffff
748,8810c044edfffff
749,8810c054b5fffff
750,8810c0c4ebfffff
751,8810c01b27fffff
752,8810c0d51bfffff
753,8810c624dbfffff
754,8810c04f13fffff
755,8810c04a21fffff
756,8810c04cbbfffff
757,8810c0ce03fffff
758,8810c00997fffff
759,8810c0c9c5fffff
760,8810c04f29fffff
761,8810c04629fffff
762,8810c0c2e5fffff
763,8810c08b03fffff
764,8810c04801fffff
765,8810c0520dfffff
766,8810c07601fffff
767,8810c0c1c1fffff
768,8810c05019fffff
769,8810c042e3fffff
770,8810c05aa3fffff
771,8810c04e61fffff
772,8810c2b15bfffff
773,8810c04487fffff
774,8810c04d6bfffff
775,8810c0d6b1fffff
776,8810c04c67fffff
777,8810c08aadfffff
778,8810c0765dfffff
779,8810c0cf3dfffff
780,8810c05761fffff
781,8810c2b051fffff
782,8810c01ac9fffff
783,8810c0115dfffff
784,8810c01157fffff
785,8810c0559dfffff
786,8810c05547fffff
787,8810c0d5adfffff
788,8810c07165fffff
789,8810c05b33fffff
790,8810c04315fffff
791,8810c04115fffff
792,8810c04d65fffff
793,8810c0c015fffff
794,8810c0cd89fffff
795,8810c0425bfffff
796,8810c072b3fffff
797,8810c07b25fffff
798,8810c01339fffff
799,8810c0721dfffff
800,8810c056bdfffff
801,8810c01111fffff
802,8810c04695fffff
803,8810c01105fffff
804,8810c05621fffff
805,8810c00d39fffff
806,8810c2b2d5fffff
807,8810c08a55fffff
808,8810c071d7fffff
809,8810c0c09bfffff
810,8810c0cca3fffff
811,8810c0cc37fffff
812,8810c04e3dfffff
813,8810c62489fffff
814,8810c0c54bfffff
815,8810c076e3fffff
816,8810c05261fffff
817,8810c0415dfffff
818,8810c04831fffff
819,8810c04051fffff
820,8810c001bdfffff
821,8810c0c283fffff
822,8810c04135fffff
823,8810c05185fffff
824,8810c04251fffff
825,8810c2b347fffff
826,8810c049bbfffff
827,8810c0c199fffff
828,8810c056a1fffff
829,8810c0cda9fffff
830,8810c0c1ddfffff
831,8810c0c213fffff
832,8810c00eb3fffff
833,8810c049a3fffff
834,8810c008e7fffff
835,8810c07737fffff
836,8810c072d5fffff
837,8810c0512dfffff
838,8810c01a05fffff
839,8810c08b27fffff
840,8810c056d3fffff
841,8810c0c289fffff
842,8810c04299fffff
843,8810c2b06dfffff
844,8810c04d33fffff
845,8810c0c43bfffff
846,8810c05489fffff
847,8810c07119fffff
848,8810c008b9fffff
849,8810c040c5fffff
850,8810c0096bfffff
851,8810c04c33fffff
852,8810c2b043fffff
853,8810c07267fffff
854,8810c041c3fffff
855,8810c62499fffff
856,8810c00d8bfffff
857,8810c052a3fffff
858,8810c07305fffff
859,8810c01a57fffff
860,8810c08b3bfffff
861,8810c0c8a7fffff
862,8810c05855fffff
863,8810c07701fffff
864,8810c07345fffff
865,8810c049c9fffff
866,8810c04195fffff
867,8810c0cda5fffff
868,8810c0741bfffff
869,8810c044b5fffff
870,8810c03929fffff
871,8810c0c441fffff
872,8810c048abfffff
873,8810c076bdfffff
874,8810c072b1fffff
875,8810c04313fffff
876,8810c03925fffff
877,8810c04d2bfffff
878,8810c0cdadfffff
879,8810c044a3fffff
880,8810c0485dfffff
881,8810c019e7fffff
882,8810c008e3fffff
883,8810c08827fffff
884,8810c04ddbfffff
885,8810c00c9bfffff
886,8810c01165fffff
887,8810c00c4dfffff
888,8810c0ccc7fffff
889,8810c00cb3fffff
890,8810c05947fffff
891,8810c042c1fffff
892,8810c05929fffff
893,8810c0c6bdfffff
894,8810c62513fffff
895,8810c0d73bfffff
896,8810c0cf51fffff
897,8810c0c011fffff
898,8810c07253fffff
899,8810c0556dfffff
900,8810c0cc87fffff
901,8810c0c5ddfffff
902,8810c041cbfffff
903,8810c0d519fffff
904,8810c04219fffff
905,8810c0591bfffff
906,8810c05b53fffff
907,8810c0568dfffff
908,8810c01901fffff
909,8810c0c431fffff
910,8810c07403fffff
911,8810c04a31fffff
912,8810c0d4c9fffff
913,8810c0719bfffff
914,8810c08a5dfffff
915,8810c0575dfffff
916,8810c05147fffff
917,8810c059d7fffff
918,8810c00d5dfffff
919,8810c044cbfffff
920,8810c04597fffff
921,8810c05b57fffff
922,8810c0572bfffff
923,8810c07a21fffff
924,8810c0c989fffff
925,8810c040e9fffff
926,8810c04347fffff
927,8810c05913fffff
928,8810c0cea3fffff
929,8810c0cd4dfffff
930,8810c0c541fffff
931,8810c04c6bfffff
932,8810c07705fffff
933,8810c07429fffff
934,8810c04c93fffff
935,8810c04c53fffff
936,8810c0724dfffff
937,8810c62453fffff
938,8810c0d559fffff
939,8810c0472dfffff
940,8810c07205fffff
941,8810c04a85fffff
942,8810c04e01fffff
943,8810c0c633fffff
944,8810c0416bfffff
945,8810c624b9fffff
946,8810c0c8b3fffff
947,8810c0c8dbfffff
948,8810c0c2c7fffff
949,8810c019e3fffff
950,8810c08aa5fffff
951,8810c0554bfffff
952,8810c62587fffff
953,8810c001a3fffff
954,8810c055c7fffff
955,8810c042e7fffff
956,8810c07633fffff
957,8810c0cd23fffff
958,8810c00c31fffff
959,8810c07629fffff
960,8810c07423fffff
961,8810c0cd9dfffff
962,8810c054d3fffff
963,8810c625a1fffff
964,8810c0813dfffff
965,8810c01b41fffff
966,8810c00f63fffff
967,8810c04011fffff
968,8810c009d3fffff
969,8810c072a5fffff
970,8810c05053fffff
971,8810c0d6a1fffff
972,8810c07129fffff
973,8810c07427fffff
974,8810c058edfffff
975,8810c04c6dfffff
976,8810c0c655fffff
977,8810c0cc99fffff
978,8810c0d587fffff
979,8810c05217fffff
980,8810c04851fffff
981,8810c04605fffff
982,8810c2b05bfffff
983,8810c04f05fffff
984,8810c046c9fffff
985,8810c2b643fffff
986,8810c08859fffff
987,8810c009e1fffff
988,8810c0ccd1fffff
989,8810c2b03bfffff
990,8810c0c4d7fffff
991,8810c01a1bfffff
992,8810c052ddfffff
993,8810c04a0dfffff
994,8810c07269fffff
995,8810c08a1dfffff
996,8810c041c5fffff
997,8810c039cdfffff
998,8810c0c737fffff
999,8810c0d51dfffff
1000,8810c008ebfffff
1001,8810c04761fffff
1002,8810c05a03fffff
1003,8810c0ceb1fffff
1004,8810c0c9ddfffff
1005,8810c29615fffff
1006,8810c04591fffff
1007,8810c05609fffff
1008,8810c00de1fffff
1009,8810c04029fffff
1010,8810c0d423fffff
1011,8810c02b61fffff
1012,8810c056a7fffff
1013,8810c07097fffff
1014,8810c04ad9fffff
1015,8810c04f6dfffff
1016,8810c05145fffff
1017,8810c04481fffff
1018,8810c0718bfffff
1019,8810c04aedfffff
1020,8810c04681fffff
1021,8810c0c419fffff
1022,8810c04d91fffff
1023,8810c00ab1fffff
1024,8810c05a45fffff
1025,8810c05149fffff
1026,8810c07263fffff
1027,8810c05a5bfffff
1028,8810c00b07fffff
1029,8810c2b111fffff
1030,8810c009cdfffff
1031,8810c0c63bfffff
1032,8810c04c89fffff
1033,8810c03b63fffff
1034,8810c00901fffff
1035,8810c05a4bfffff
1036,8810c0d593fffff
1037,8810c0561dfffff
1038,8810c02863fffff
1039,8810c05405fffff
1040,8810c08865fffff
1041,8810c0c4c7fffff
1042,8810c046a3fffff
1043,8810c2b243fffff
1044,8810c0ce2bfffff
1045,8810c0c21bfffff
1046,8810c2b00bfffff
1047,8810c00883fffff
1048,8810c04881fffff
1049,8810c074d1fffff
1050,8810c05b55fffff
1051,8810c0c9c9fffff
1052,8810c04297fffff
1053,8810c089e3fffff
1054,8810c0d52bfffff
1055,8810c05293fffff
1056,8810c0d55bfffff
1057,8810c2b041fffff
1058,8810c074b9fffff
1059,8810c04ca5fffff
1060,8810c042a3fffff
1061,8810c08a3bfffff
1062,8810c07065fffff
1063,8810c0469bfffff
1064,8810c6241bfffff
1065,8810c0409dfffff
1066,8810c07651fffff
1067,8810c05087fffff
1068,8810c0cd13fffff
1069,8810c05443fffff
1070,8810c05249fffff
1071,8810c0769bfffff
1072,8810c07059fffff
1073,8810c07101fffff
1074,8810c00f69fffff
1075,8810c050dbfffff
1076,8810c0ce07fffff
1077,8810c0530dfffff
1078,8810c04d05fffff
1079,8810c054d1fffff
1080,8810c2b349fffff
1081,8810c0893dfffff
1082,8810c05015fffff
1083,8810c04f2bfffff
1084,8810c0596dfffff
1085,8810c08131fffff
1086,8810c04d53fffff
1087,8810c00b65fffff
1088,8810c05a9dfffff
1089,8810c2b299fffff
1090,8810c04c9dfffff
1091,8810c055d3fffff
1092,8810c045b7fffff
1093,8810c04c3bfffff
1094,8810c059ddfffff
1095,8810c08905fffff
1096,8810c07461fffff
1097,8810c045a1fffff
1098,8810c0cce5fffff
1099,8810c0ce99fffff
1100,8810c042b5fffff
1101,8810c6259dfffff
1102,8810c0729dfffff
1103,8810c00f09fffff
1104,8810c00c85fffff
1105,8810c04759fffff
1106,8810c01101fffff
1107,8810c2b02dfffff
1108,8810c0c56bfffff
1109,8810c0886bfffff
1110,8810c0cecdfffff
1111,8810c0c733fffff
1112,8810c04291fffff
1113,8810c04a81fffff
1114,8810c0c6c9fffff
1115,8810c0112dfffff
1116,8810c07049fffff
1117,8810c0ceb3fffff
1118,8810c056b7fffff
1119,8810c04a51fffff
1120,8810c05839fffff
1121,8810c070abfffff
1122,8810c0710dfffff
1123,8810c2b24bfffff
1124,8810c0d465fffff
1125,8810c624e3fffff
1126,8810c0774bfffff
1127,8810c0196dfffff
1128,8810c07561fffff
1129,8810c00b29fffff
1130,8810c05adbfffff
1131,8810c02b13fffff
1132,8810c05001fffff
1133,8810c054b1fffff
1134,8810c0c42dfffff
1135,8810c04c11fffff
1136,8810c07291fffff
1137,8810c07027fffff
1138,8810c04755fffff
1139,8810c05081fffff
1140,8810c04089fffff
1141,8810c04165fffff
1142,8810c2b343fffff
1143,8810c056a3fffff
1144,8810c00c05fffff
1145,8810c0431bfffff
1146,8810c08b43fffff
1147,8810c051d3fffff
1148,8810c0c189fffff
1149,8810c04cd3fffff
1150,8810c044a9fffff
1151,8810c04645fffff
1152,8810c058d3fffff
1153,8810c02b23fffff
1154,8810c04c69fffff
1155,8810c0c995fffff
1156,8810c07019fffff
1157,8810c0c599fffff
1158,8810c00cbdfffff
1159,8810c0c751fffff
1160,8810c07041fffff
1161,8810c0c531fffff
1162,8810c0c6cdfffff
1163,8810c05067fffff
1164,8810c04e6dfffff
1165,8810c08817fffff
1166,8810c0c6e5fffff
1167,8810c04ee7fffff
1168,8810c00c63fffff
1169,8810c0524bfffff
1170,8810c05801fffff
1171,8810c05065fffff
1172,8810c00eb7fffff
1173,8810c099a1fffff
1174,8810c01341fffff
1175,8810c04185fffff
1176,8810c05935fffff
1177,8810c07743fffff
1178,8810c04ca7fffff
1179,8810c0cda7fffff
1180,8810c0772dfffff
1181,8810c00c0dfffff
1182,8810c01b09fffff
1183,8810c07a43fffff
1184,8810c2b059fffff
1185,8810c0d5b7fffff
1186,8810c07717fffff
1187,8810c07199fffff
1188,8810c08b6bfffff
1189,8810c0c44dfffff
1190,8810c62595fffff
1191,8810c0c899fffff
1192,8810c04d9bfffff
1193,8810c05607fffff
1194,8810c04d13fffff
1195,8810c04d99fffff
1196,8810c0cf57fffff
1197,8810c049d5fffff
1198,8810c05601fffff
1199,8810c08b57fffff
1200,8810c045bbfffff
1201,8810c058c9fffff
1202,8810c07a63fffff
1203,8810c07621fffff
1204,8810c05617fffff
1205,8810c00d45fffff
1206,8810c07707fffff
1207,8810c0432bfffff
1208,8810c0cd6bfffff
1209,8810c07025fffff
1210,8810c04c47fffff
1211,8810c01b63fffff
1212,8810c2b21bfffff
1213,8810c0c0dbfffff
1214,8810c048d9fffff
1215,8810c0ce65fffff
1216,8810c059d5fffff
1217,8810c05301fffff
1218,8810c0ccb9fffff
1219,8810c07749fffff
1220,8810c044c5fffff
1221,8810c08b19fffff
1222,8810c0581dfffff
1223,8810c0d4ddfffff
1224,8810c08b55fffff
1225,8810c0cc55fffff
1226,8810c02b39fffff
1227,8810c04087fffff
1228,8810c04f6bfffff
1229,8810c0405bfffff
1230,8810c05095fffff
1231,8810c0cc9bfffff
1232,8810c042c9fffff
1233,8810c07413fffff
1234,8810c07921fffff
1235,8810c0d441fffff
1236,8810c2a343fffff
1237,8810c074abfffff
1238,8810c08985fffff
1239,8810c0c58bfffff
1240,8810c07489fffff
1241,8810c04261fffff
1242,8810c042d5fffff
1243,8810c05895fffff
1244,8810c076a5fffff
1245,8810c00e39fffff
1246,8810c624edfffff
1247,8810c02b07fffff
1248,8810c07281fffff
1249,8810c05aebfffff
1250,8810c0019dfffff
1251,8810c2b227fffff
1252,8810c02b37fffff
1253,8810c0d53bfffff
1254,8810c0c701fffff
1255,8810c0d435fffff
1256,8810c05117fffff
1257,8810c0cd37fffff
1258,8810c00897fffff
1259,8810c0c8b9fffff
1260,8810c05541fffff
1261,8810c04751fffff
1262,8810c071d5fffff
1263,8810c00d15fffff
1264,8810c04d07fffff
1265,8810c0535bfffff
1266,8810c052bbfffff
1267,8810c01b29fffff
1268,8810c008c7fffff
1269,8810c05557fffff
1270,8810c04a1bfffff
1271,8810c0c0c7fffff
1272,8810c04aa5fffff
1273,8810c08139fffff
1274,8810c00f25fffff
1275,8810c0c54dfffff
1276,8810c0c401fffff
1277,8810c050d1fffff
1278,8810c05127fffff
1279,8810c03951fffff
1280,8810c0c9e3fffff
1281,8810c0cc23fffff
1282,8810c05137fffff
1283,8810c0c99dfffff
1284,8810c2b257fffff
1285,8810c0c595fffff
1286,8810c001b1fffff
1287,8810c0d497fffff
1288,8810c07511fffff
1289,8810c00c89fffff
1290,8810c076cdfffff
1291,8810c04dddfffff
1292,8810c04f0bfffff
1293,8810c0706bfffff
1294,8810c01069fffff
1295,8810c04aabfffff
1296,8810c00e35fffff
1297,8810c0c5cbfffff
1298,8810c04d89fffff
1299,8810c052dbfffff
1300,8810c04845fffff
1301,8810c0c2a7fffff
1302,8810c0c53bfffff
1303,8810c0c52dfffff
1304,8810c0ce37fffff
1305,8810c05115fffff
1306,8810c0106dfffff
1307,8810c0d501fffff
1308,8810c052b5fffff
1309,8810c05597fffff
1310,8810c624e9fffff
1311,8810c05899fffff
1312,8810c04643fffff
1313,8810c071edfffff
1314,8810c08b35fffff
1315,8810c00cd5fffff
1316,8810c0518bfffff
1317,8810c009b7fffff
1318,8810c0569bfffff
1319,8810c04c5bfffff
1320,8810c05059fffff
1321,8810c0c465fffff
1322,8810c04b13fffff
1323,8810c00895fffff
1324,8810c02841fffff
1325,8810c04c1bfffff
1326,8810c01927fffff
1327,8810c04f0dfffff
1328,8810c62483fffff
1329,8810c07339fffff
1330,8810c04d21fffff
1331,8810c07685fffff
1332,8810c07055fffff
1333,8810c0c435fffff
1334,8810c008adfffff
1335,8810c0c689fffff
1336,8810c009a9fffff
1337,8810c2b203fffff
1338,8810c08a3dfffff
1339,8810c01a1dfffff
1340,8810c04e21fffff
1341,8810c07723fffff
1342,8810c042b3fffff
1343,8810c07293fffff
1344,8810c008ddfffff
1345,8810c08949fffff
1346,8810c04c35fffff
1347,8810c00999fffff
1348,8810c0515bfffff
1349,8810c6269bfffff
1350,8810c048e9fffff
1351,8810c04d45fffff
1352,8810c0112bfffff
1353,8810c0c0a3fffff
1354,8810c00d87fffff
1355,8810c0c539fffff
1356,8810c00d07fffff
1357,8810c00f39fffff
1358,8810c070bbfffff
1359,8810c04ad1fffff
1360,8810c07565fffff
1361,8810c040a9fffff
1362,8810c04153fffff
1363,8810c052c9fffff
1364,8810c0cf53fffff
1365,8810c2b1adfffff
1366,8810c009b3fffff
1367,8810c0ce6bfffff
1368,8810c04431fffff
1369,8810c049bdfffff
1370,8810c0c639fffff
1371,8810c0c43dfffff
1372,8810c00b23fffff
1373,8810c0552bfffff
1374,8810c0cdb1fffff
1375,8810c08835fffff
1376,8810c0c0c5fffff
1377,8810c2b283fffff
1378,8810c075edfffff
1379,8810c0c4b3fffff
1380,8810c0c897fffff
1381,8810c01965fffff
1382,8810c04107fffff
1383,8810c04ac3fffff
1384,8810c2b309fffff
1385,8810c0cd19fffff
1386,8810c0cd29fffff
1387,8810c2b037fffff
1388,8810c07659fffff
1389,8810c07327fffff
1390,8810c0568bfffff
1391,8810c0551dfffff
1392,8810c08a65fffff
1393,8810c074c3fffff
1394,8810c08803fffff
1395,8810c05a57fffff
1396,8810c0460bfffff
1397,8810c0d4c1fffff
1398,8810c05827fffff
1399,8810c00dd1fffff
1400,8810c0c50bfffff
1401,8810c03b67fffff
1402,8810c04f4bfffff
1403,8810c00da3fffff
1404,8810c04197fffff
1405,8810c00d01fffff
1406,8810c6258dfffff
1407,8810c0c451fffff
1408,8810c07235fffff
1409,8810c0715bfffff
1410,8810c0469dfffff
1411,8810c041b1fffff
1412,8810c08a0dfffff
1413,8810c0ce39fffff
1414,8810c0c6d5fffff
1415,8810c070a1fffff
1416,8810c0d437fffff
1417,8810c08a57fffff
1418,8810c054c9fffff
1419,8810c056d7fffff
1420,8810c0c295fffff
1421,8810c0c1d1fffff
1422,8810c2b259fffff
1423,8810c00f29fffff
1424,8810c05419fffff
1425,8810c08a2dfffff
1426,8810c05965fffff
1427,8810c009e7fffff
1428,8810c054a9fffff
1429,8810c00c41fffff
1430,8810c03901fffff
1431,8810c05b0bfffff
1432,8810c05347fffff
1433,8810c05595fffff
1434,8810c04c99fffff
1435,8810c019e1fffff
1436,8810c07a59fffff
1437,8810c07699fffff
1438,8810c04411fffff
1439,8810c04c5dfffff
1440,8810c0c6e1fffff
1441,8810c042bdfffff
1442,8810c00d37fffff
1443,8810c05259fffff
1444,8810c056d1fffff
1445,8810c04addfffff
1446,8810c070e1fffff
1447,8810c0114bfffff
1448,8810c058e9fffff
1449,8810c0cdcbfffff
1450,8810c0c697fffff
1451,8810c04d1bfffff
1452,8810c00f2bfffff
1453,8810c2b0c3fffff
1454,8810c0c5d9fffff
1455,8810c0728dfffff
1456,8810c041a3fffff
1457,8810c0c717fffff
1458,8810c01a01fffff
1459,8810c00f1bfffff
1460,8810c070d1fffff
1461,8810c0ce9dfffff
1462,8810c051d5fffff
1463,8810c071dbfffff
1464,8810c04995fffff
1465,8810c042c3fffff
1466,8810c070dbfffff
1467,8810c2b1e5fffff
1468,8810c0ce1bfffff
1469,8810c0cd1dfffff
1470,8810c05337fffff
1471,8810c039adfffff
1472,8810c08135fffff
1473,8810c04419fffff
1474,8810c04263fffff
1475,8810c08b2dfffff
1476,8810c071cbfffff
1477,8810c07211fffff
1478,8810c00ca7fffff
1479,8810c04013fffff
1480,8810c0414dfffff
1481,8810c050e5fffff
1482,8810c0c747fffff
1483,8810c625b9fffff
1484,8810c00927fffff
1485,8810c070ddfffff
1486,8810c0402bfffff
1487,8810c0449dfffff
1488,8810c0c2ebfffff
1489,8810c01b0dfffff
1490,8810c0c621fffff
1491,8810c0755dfffff
1492,8810c05a17fffff
1493,8810c62691fffff
1494,8810c0c193fffff
1495,8810c05b3bfffff
1496,8810c0c55dfffff
1497,8810c00ccdfffff
1498,8810c0c481fffff
1499,8810c0ccbdfffff
1500,8810c0c1bbfffff
1501,8810c62437fffff
1502,8810c04849fffff
1503,8810c0d405fffff
1504,8810c2b2b9fffff
1505,8810c08849fffff
1506,8810c08847fffff
1507,8810c0c9d1fffff
1508,8810c05631fffff
1509,8810c0cd93fffff
1510,8810c05ad9fffff
1511,8810c0768dfffff
1512,8810c0391bfffff
1513,8810c05363fffff
1514,8810c0709dfffff
1515,8810c0c4edfffff
1516,8810c05aa1fffff
1517,8810c00963fffff
1518,8810c0404bfffff
1519,8810c2b067fffff
1520,8810c05741fffff
1521,8810c08a5bfffff
1522,8810c049a7fffff
1523,8810c05723fffff
1524,8810c2b339fffff
1525,8810c0c28bfffff
1526,8810c08ac5fffff
1527,8810c05097fffff
1528,8810c01135fffff
1529,8810c040edfffff
1530,8810c0d503fffff
1531,8810c0c885fffff
1532,8810c08909fffff
1533,8810c0cca1fffff
1534,8810c0cf1bfffff
1535,8810c076d9fffff
1536,8810c0701bfffff
1537,8810c051c9fffff
1538,8810c624b5fffff
1539,8810c0c719fffff
1540,8810c05907fffff
1541,8810c048d5fffff
1542,8810c04cebfffff
1543,8810c01367fffff
1544,8810c0703bfffff
1545,8810c05341fffff
1546,8810c07229fffff
1547,8810c058a1fffff
1548,8810c052a9fffff
1549,8810c0756bfffff
1550,8810c04109fffff
1551,8810c2b1a7fffff
1552,8810c0102bfffff
1553,8810c0c683fffff
1554,8810c05309fffff
1555,8810c0895bfffff
1556,8810c0424dfffff
1557,8810c2b2edfffff
1558,8810c04145fffff
1559,8810c05327fffff
1560,8810c0c6e7fffff
1561,8810c6241dfffff
1562,8810c05713fffff
1563,8810c00da7fffff
1564,8810c04a2bfffff
1565,8810c04f49fffff
1566,8810c0541dfffff
1567,8810c08a11fffff
1568,8810c05307fffff
1569,8810c04439fffff
1570,8810c04a8dfffff
1571,8810c0c52bfffff
1572,8810c0742bfffff
1573,8810c00c2dfffff
1574,8810c0569dfffff
1575,8810c0c6cbfffff
1576,8810c0703dfffff
1577,8810c02b6bfffff
1578,8810c0093bfffff
1579,8810c08955fffff
1580,8810c2b303fffff
1581,8810c05315fffff
1582,8810c052abfffff
1583,8810c07169fffff
1584,8810c07193fffff
1585,8810c05583fffff
1586,8810c0484dfffff
1587,8810c0193bfffff
1588,8810c009adfffff
1589,8810c05a07fffff
1590,8810c0d69bfffff
1591,8810c070ebfffff
1592,8810c00e37fffff
1593,8810c07443fffff
1594,8810c0c519fffff
1595,8810c046d1fffff
1596,8810c6249bfffff
1597,8810c052e1fffff
1598,8810c0d5bdfffff
1599,8810c0cd31fffff
1600,8810c07449fffff
1601,8810c0d495fffff
1602,8810c2b1ebfffff
1603,8810c045b9fffff
1604,8810c08831fffff
1605,8810c2a34bfffff
1606,8810c0572dfffff
1607,8810c03919fffff
1608,8810c0ce87fffff
1609,8810c055b5fffff
1610,8810c0d5abfffff
1611,8810c0086dfffff
1612,8810c05b63fffff
1613,8810c05739fffff
1614,8810c058bbfffff
1615,8810c041b5fffff
1616,8810c0cd49fffff
1617,8810c00e67fffff
1618,8810c0cdb9fffff
1619,8810c04843fffff
1620,8810c03905fffff
1621,8810c0c5b7fffff
1622,8810c0464bfffff
1623,8810c0c0edfffff
1624,8810c00f1dfffff
1625,8810c05893fffff
1626,8810c072ddfffff
1627,8810c01067fffff
1628,8810c01a65fffff
1629,8810c070c5fffff
1630,8810c0725dfffff
1631,8810c08ac7fffff
1632,8810c07143fffff
1633,8810c0ccc1fffff
1634,8810c0cc89fffff
1635,8810c0c4d9fffff
1636,8810c05303fffff
1637,8810c0c29bfffff
1638,8810c008a3fffff
1639,8810c00887fffff
1640,8810c05213fffff
1641,8810c00f03fffff
1642,8810c0d445fffff
1643,8810c0cc3bfffff
1644,8810c0473dfffff
1645,8810c04a11fffff
1646,8810c0d713fffff
1647,8810c04e47fffff
1648,8810c0089dfffff
1649,8810c02b09fffff
1650,8810c0d505fffff
1651,8810c0c197fffff
1652,8810c0415bfffff
1653,8810c04303fffff
1654,8810c04f19fffff
1655,8810c05167fffff
1656,8810c07355fffff
1657,8810c2b047fffff
1658,8810c05151fffff
1659,8810c08a0bfffff
1660,8810c08917fffff
1661,8810c0c2adfffff
1662,8810c29611fffff
1663,8810c0c9cbfffff
1664,8810c0cc91fffff
1665,8810c0590dfffff
1666,8810c04f11fffff
1667,8810c00abdfffff
1668,8810c04f1bfffff
1669,8810c05a33fffff
1670,8810c0cc25fffff
1671,8810c055a9fffff
1672,8810c0c741fffff
1673,8810c04d6dfffff
1674,8810c08a2bfffff
1675,8810c055e7fffff
1676,8810c08b31fffff
1677,8810c0c093fffff
1678,8810c08137fffff
1679,8810c2b253fffff
1680,8810c04059fffff
1681,8810c04d9dfffff
1682,8810c050abfffff
1683,8810c04abbfffff
1684,8810c05ac3fffff
1685,8810c071d9fffff
1686,8810c056c9fffff
1687,8810c00c97fffff
1688,8810c07b5bfffff
1689,8810c048c3fffff
1690,8810c0cd09fffff
1691,8810c05435fffff
1692,8810c01a07fffff
1693,8810c0c62bfffff
1694,8810c0c2d7fffff
1695,8810c01119fffff
1696,8810c051ddfffff
1697,8810c042ebfffff
1698,8810c04d19fffff
1699,8810c054bdfffff
1700,8810c04f45fffff
1701,8810c008abfffff
1702,8810c2b18dfffff
1703,8810c04139fffff
1704,8810c04151fffff
1705,8810c0c2c3fffff
1706,8810c01303fffff
1707,8810c2b313fffff
1708,8810c071c1fffff
1709,8810c056e1fffff
1710,8810c03825fffff
1711,8810c07103fffff
1712,8810c04d03fffff
1713,8810c0d481fffff
1714,8810c04dabfffff
1715,8810c041e5fffff
1716,8810c08b51fffff
1717,8810c049d9fffff
1718,8810c0890bfffff
1719,8810c00c39fffff
1720,8810c076e9fffff
1721,8810c00919fffff
1722,8810c055ddfffff
1723,8810c07607fffff
1724,8810c62583fffff
1725,8810c04e0bfffff
1726,8810c04361fffff
1727,8810c04de5fffff
1728,8810c05591fffff
1729,8810c050a7fffff
1730,8810c00ee1fffff
1731,8810c044e1fffff
1732,8810c0588bfffff
1733,8810c0ccc3fffff
1734,8810c0c547fffff
1735,8810c04715fffff
1736,8810c04d4dfffff
1737,8810c0c881fffff
1738,8810c05749fffff
1739,8810c0c485fffff
1740,8810c296cbfffff
1741,8810c054ddfffff
1742,8810c0cd33fffff
1743,8810c074e3fffff
1744,8810c04d87fffff
1745,8810c05017fffff
1746,8810c00dc7fffff
1747,8810c07417fffff
1748,8810c04765fffff
1749,8810c05423fffff
1750,8810c07051fffff
1751,8810c0c627fffff
1752,8810c05667fffff
1753,8810c070edfffff
1754,8810c042cdfffff
1755,8810c06203fffff
1756,8810c05707fffff
1757,8810c0498dfffff
1758,8810c04493fffff
1759,8810c05889fffff
1760,8810c019e5fffff
1761,8810c2b2e7fffff
1762,8810c0514bfffff
1763,8810c08947fffff
1764,8810c0598bfffff
1765,8810c0c6d9fffff
1766,8810c00c29fffff
1767,8810c0c2e3fffff
1768,8810c0cf03fffff
1769,8810c0c037fffff
1770,8810c07765fffff
1771,8810c0cd91fffff
1772,8810c0394bfffff
1773,8810c0c6abfffff
1774,8810c2b2b5fffff
1775,8810c01321fffff
1776,8810c054a1fffff
1777,8810c07567fffff
1778,8810c2b159fffff
1779,8810c04dd5fffff
1780,8810c2b287fffff
1781,8810c0cc03fffff
1782,8810c2b21dfffff
1783,8810c089b5fffff
1784,8810c04a55fffff
1785,8810c04895fffff
1786,8810c04f25fffff
1787,8810c0740bfffff
1788,8810c00b2dfffff
1789,8810c0c75bfffff
1790,8810c0c5edfffff
1791,8810c074e1fffff
1792,8810c03927fffff
1793,8810c0896bfffff
1794,8810c0c691fffff
1795,8810c05a6dfffff
1796,8810c0d4a5fffff
1797,8810c0d415fffff
1798,8810c0cc01fffff
1799,8810c0c457fffff
1800,8810c07343fffff
1801,8810c0723bfffff
1802,8810c0c453fffff
1803,8810c0cc61fffff
1804,8810c009e5fffff
1805,8810c01143fffff
1806,8810c01969fffff
1807,8810c01a3dfffff
1808,8810c07a23fffff
1809,8810c0770bfffff
1810,8810c08b33fffff
1811,8810c01907fffff
1812,8810c00ab9fffff
1813,8810c072b9fffff
1814,8810c0190bfffff
1815,8810c042e5fffff
1816,8810c2b269fffff
1817,8810c0c69dfffff
1818,8810c2b1ddfffff
1819,8810c04227fffff
1820,8810c0509bfffff
1821,8810c009c1fffff
1822,8810c046ddfffff
1823,8810c0c413fffff
1824,8810c05a65fffff
1825,8810c0ce4dfffff
1826,8810c0733dfffff
1827,8810c0396dfffff
1828,8810c054c5fffff
1829,8810c04cb3fffff
1830,8810c076d7fffff
1831,8810c05a6bfffff
1832,8810c0716dfffff
1833,8810c054c7fffff
1834,8810c076adfffff
1835,8810c04a5dfffff
1836,8810c055e9fffff
1837,8810c0d583fffff
1838,8810c0d5e1fffff
1839,8810c050e3fffff
1840,8810c07b57fffff
1841,8810c05299fffff
1842,8810c041adfffff
1843,8810c0762dfffff
1844,8810c0116dfffff
1845,8810c0d5cdfffff
1846,8810c2b1e1fffff
1847,8810c0d40dfffff
1848,8810c2b651fffff
1849,8810c05161fffff
1850,8810c0082dfffff
1851,8810c04497fffff
1852,8810c0cea9fffff
1853,8810c05763fffff
1854,8810c0d417fffff
1855,8810c0c66bfffff
1856,8810c04031fffff
1857,8810c04217fffff
1858,8810c08907fffff
1859,8810c04f31fffff
1860,8810c0551bfffff
1861,8810c05153fffff
1862,8810c62423fffff
1863,8810c08967fffff
1864,8810c0cc6dfffff
1865,8810c08a03fffff
1866,8810c008d5fffff
1867,8810c2b06bfffff
1868,8810c048edfffff
1869,8810c07061fffff
1870,8810c050d5fffff
1871,8810c048d7fffff
1872,8810c04aa1fffff
1873,8810c02b17fffff
1874,8810c055b1fffff
1875,8810c0c587fffff
1876,8810c04897fffff
1877,8810c05413fffff
1878,8810c05963fffff
1879,8810c02b4dfffff
1880,8810c626b1fffff
1881,8810c0554dfffff
1882,8810c0c0d5fffff
1883,8810c04707fffff
1884,8810c62433fffff
1885,8810c0c1cdfffff
1886,8810c0c0b1fffff
1887,8810c0762bfffff
1888,8810c08b21fffff
1889,8810c0564bfffff
1890,8810c6259bfffff
1891,8810c0c515fffff
1892,8810c00959fffff
1893,8810c05205fffff
1894,8810c0ce33fffff
1895,8810c0092bfffff
1896,8810c050b1fffff
1897,8810c00b33fffff
1898,8810c01b69fffff
1899,8810c04d43fffff
1900,8810c07963fffff
1901,8810c0d531fffff
1902,8810c0c4dbfffff
1903,8810c042cbfffff
1904,8810c07609fffff
1905,8810c624ebfffff
1906,8810c00e2bfffff
1907,8810c0c589fffff
1908,8810c03963fffff
1909,8810c0c8d7fffff
1910,8810c02b41fffff
1911,8810c056d9fffff
1912,8810c0c2e1fffff
1913,8810c08863fffff
1914,8810c04c13fffff
1915,8810c0d485fffff
1916,8810c05619fffff
1917,8810c0d413fffff
1918,8810c05043fffff
1919,8810c001bbfffff
1920,8810c2b64bfffff
1921,8810c01107fffff
1922,8810c00a83fffff
1923,8810c62411fffff
1924,8810c07665fffff
1925,8810c0c583fffff
1926,8810c01961fffff
1927,8810c0c055fffff
1928,8810c07b2dfffff
1929,8810c00b43fffff
1930,8810c04cc9fffff
1931,8810c0c2cbfffff
1932,8810c05703fffff
1933,8810c044d3fffff
1934,8810c04899fffff
1935,8810c089a3fffff
1936,8810c2b1a1fffff
1937,8810c0c097fffff
1938,8810c0793dfffff
1939,8810c0704dfffff
1940,8810c04045fffff
1941,8810c07017fffff
1942,8810c0cc49fffff
1943,8810c2b207fffff
1944,8810c0734dfffff
1945,8810c05681fffff
1946,8810c04019fffff
1947,8810c01a6dfffff
1948,8810c0cd9bfffff
1949,8810c081e5fffff
1950,8810c0c0a9fffff
1951,8810c044dbfffff
1952,8810c05819fffff
1953,8810c08aa1fffff
1954,8810c0c92bfffff
1955,8810c055a3fffff
1956,8810c05b51fffff
1957,8810c04c95fffff
1958,8810c07329fffff
1959,8810c2b1c1fffff
1960,8810c06201fffff
1961,8810c0586dfffff
1962,8810c00b69fffff
1963,8810c08b29fffff
1964,8810c0c641fffff
1965,8810c2b1a9fffff
1966,8810c0c585fffff
1967,8810c0c4c3fffff
1968,8810c00d81fffff
1969,8810c07325fffff
1970,8810c070d9fffff
1971,8810c0c68bfffff
1972,8810c072e9fffff
1973,8810c08903fffff
1974,8810c052e7fffff
1975,8810c04c31fffff
1976,8810c0544dfffff
1977,8810c050e9fffff
1978,8810c0714bfffff
1979,8810c051b1fffff
1980,8810c05a39fffff
1981,8810c2b053fffff
1982,8810c05817fffff
1983,8810c02b19fffff
1984,8810c0895dfffff
1985,8810c0480bfffff
1986,8810c00db9fffff
1987,8810c05627fffff
1988,8810c076b5fffff
1989,8810c0c93dfffff
1990,8810c00dd9fffff
1991,8810c05267fffff
1992,8810c00ca9fffff
1993,8810c00985fffff
1994,8810c0c0b3fffff
1995,8810c0c5ebfffff
1996,8810c07615fffff
1997,8810c0d449fffff
1998,8810c08ae9fffff
1999,8810c05a55fffff
2000,8810c08b63fffff
2001,8810c0584dfffff
2002,8810c0391dfffff
2003,8810c2b64dfffff
2004,8810c01129fffff
2005,8810c0c19dfffff
2006,8810c009c7fffff
2007,8810c0c099fffff
2008,8810c0393bfffff
2009,8810c05751fffff
2010,8810c2b341fffff
2011,8810c00d2bfffff
2012,8810c00d31fffff
2013,8810c0cd27fffff
2014,8810c051a9fffff
2015,8810c0c619fffff
2016,8810c0133bfffff
2017,8810c070c9fffff
2018,8810c00965fffff
2019,8810c05615fffff
2020,8810c0536bfffff
2021,8810c0ccc9fffff
2022,8810c071c3fffff
2023,8810c01905fffff
2024,8810c00cd7fffff
2025,8810c05905fffff
2026,8810c625b3fffff
2027,8810c0cca9fffff
2028,8810c040d3fffff
2029,8810c0cd53fffff
2030,8810c04a25fffff
2031,8810c00f23fffff
2032,8810c00b15fffff
2033,8810c0730bfffff
2034,8810c0cc11fffff
2035,8810c00dd7fffff
2036,8810c0c2c5fffff
2037,8810c0c647fffff
2038,8810c01a39fffff
2039,8810c0cf13fffff
2040,8810c02b0bfffff
2041,8810c0d48dfffff
2042,8810c0d467fffff
2043,8810c05537fffff
2044,8810c0cf25fffff
2045,8810c0c6a1fffff
2046,8810c62429fffff
2047,8810c0746bfffff
2048,8810c03b2dfffff
2049,8810c041b7fffff
2050,8810c0ce89fffff
2051,8810c07003fffff
2052,8810c05551fffff
2053,8810c04e07fffff
2054,8810c08b15fffff
2055,8810c04053fffff
2056,8810c08ac3fffff
2057,8810c624bdfffff
2058,8810c08925fffff
2059,8810c071e1fffff
2060,8810c0591dfffff
2061,8810c049a9fffff
2062,8810c07945fffff
2063,8810c04adbfffff
2064,8810c05a43fffff
2065,8810c042a9fffff
2066,8810c07657fffff
2067,8810c2b357fffff
2068,8810c04de3fffff
2069,8810c05661fffff
2070,8810c00d53fffff
2071,8810c04207fffff
2072,8810c05acdfffff
2073,8810c0c981fffff
2074,8810c0c1cbfffff
2075,8810c04a41fffff
2076,8810c2b223fffff
2077,8810c04365fffff
2078,8810c0ce67fffff
2079,8810c08b01fffff
2080,8810c009ebfffff
2081,8810c626b9fffff
2082,8810c62403fffff
2083,8810c00921fffff
2084,8810c046d5fffff
2085,8810c042b9fffff
2086,8810c07155fffff
2087,8810c051cdfffff
2088,8810c0501dfffff
2089,8810c07367fffff
2090,8810c00d1bfffff
2091,8810c07241fffff
2092,8810c0ce57fffff
2093,8810c049cbfffff
2094,8810c074cbfffff
2095,8810c04dc9fffff
2096,8810c0390bfffff
2097,8810c07735fffff
2098,8810c052edfffff
2099,8810c62481fffff
2100,8810c2b02bfffff
2101,8810c04d55fffff
2102,8810c04125fffff
2103,8810c08953fffff
2104,8810c04729fffff
2105,8810c0756dfffff
2106,8810c0465dfffff
2107,8810c00c55fffff
2108,8810c071e9fffff
2109,8810c07081fffff
2110,8810c0c417fffff
2111,8810c08a69fffff
2112,8810c04a07fffff
2113,8810c04c91fffff
2114,8810c00e2dfffff
2115,8810c04981fffff
2116,8810c02b6dfffff
2117,8810c0405dfffff
2118,8810c0d599fffff
2119,8810c00947fffff
2120,8810c05687fffff
2121,8810c04641fffff
2122,8810c05187fffff
2123,8810c08a07fffff
2124,8810c07b5dfffff
2125,8810c058d1fffff
2126,8810c051dbfffff
2127,8810c0429bfffff
2128,8810c01b51fffff
2129,8810c01127fffff
2130,8810c041abfffff
2131,8810c0593bfffff
2132,8810c08ac9fffff
2133,8810c04225fffff
2134,8810c08b39fffff
2135,8810c0d48bfffff
2136,8810c0d4bbfffff
2137,8810c6242bfffff
2138,8810c08125fffff
2139,8810c07727fffff
2140,8810c04287fffff
2141,8810c008dbfffff
2142,8810c03b21fffff
2143,8810c2b215fffff
2144,8810c00c03fffff
2145,8810c04ce7fffff
2146,8810c04c63fffff
2147,8810c07645fffff
2148,8810c08911fffff
2149,8810c0790dfffff
2150,8810c04327fffff
2151,8810c042b7fffff
2152,8810c04433fffff
2153,8810c04d47fffff
2154,8810c00825fffff
2155,8810c0566bfffff
2156,8810c626bbfffff
2157,8810c0c05bfffff
2158,8810c0c563fffff
2159,8810c0c433fffff
2160,8810c0c48bfffff
2161,8810c0c6c1fffff
2162,8810c04187fffff
2163,8810c01b47fffff
2164,8810c0414bfffff
2165,8810c2b2d9fffff
2166,8810c05519fffff
2167,8810c00d67fffff
2168,8810c04c15fffff
2169,8810c040c3fffff
2170,8810c0520bfffff
2171,8810c62591fffff
2172,8810c04e09fffff
2173,8810c07661fffff
2174,8810c2b019fffff
2175,8810c00b0dfffff
2176,8810c00931fffff
2177,8810c07091fffff
2178,8810c076e7fffff
2179,8810c05837fffff
2180,8810c05625fffff
2181,8810c0c9abfffff
2182,8810c0c61dfffff
2183,8810c058e5fffff
2184,8810c00de7fffff
2185,8810c05897fffff
2186,8810c0196bfffff
2187,8810c00d29fffff
2188,8810c07a19fffff
2189,8810c0700dfffff
2190,8810c051d9fffff
2191,8810c6248dfffff
2192,8810c0708dfffff
2193,8810c056a5fffff
2194,8810c0c9d3fffff
2195,8810c07721fffff
2196,8810c0cd1bfffff
2197,8810c04305fffff
2198,8810c070b1fffff
2199,8810c0c9b9fffff
2200,8810c055ebfffff
2201,8810c04cb1fffff
2202,8810c0c72bfffff
2203,8810c0400bfffff
2204,8810c01365fffff
2205,8810c04f21fffff
2206,8810c054cdfffff
2207,8810c0ce47fffff
2208,8810c0c467fffff
2209,8810c07151fffff
2210,8810c0cee1fffff
2211,8810c625c9fffff
2212,8810c2b289fffff
2213,8810c05223fffff
2214,8810c058c7fffff
2215,8810c04a49fffff
2216,8810c01369fffff
2217,8810c0cdc3fffff
2218,8810c0cd25fffff
2219,8810c0cde3fffff
2220,8810c01917fffff
2221,8810c056ddfffff
2222,8810c05169fffff
2223,8810c05599fffff
2224,8810c05131fffff
2225,8810c0768bfffff
2226,8810c0c6d3fffff
2227,8810c07157fffff
2228,8810c07a2bfffff
2229,8810c0ce8bfffff
2230,8810c07347fffff
2231,8810c0470bfffff
2232,8810c04f67fffff
2233,8810c0c4e5fffff
2234,8810c040c1fffff
2235,8810c08825fffff
2236,8810c044c1fffff
2237,8810c07125fffff
2238,8810c0543dfffff
2239,8810c2b109fffff
2240,8810c048c7fffff
2241,8810c055d7fffff
2242,8810c046c7fffff
2243,8810c08a25fffff
2244,8810c07903fffff
2245,8810c00b6dfffff
2246,8810c08837fffff
2247,8810c048ebfffff
2248,8810c28699fffff
2249,8810c072c3fffff
2250,8810c052c1fffff
2251,8810c0c5abfffff
2252,8810c05757fffff
2253,8810c0c62dfffff
2254,8810c0518dfffff
2255,8810c0732dfffff
2256,8810c04161fffff
2257,8810c0884bfffff
2258,8810c00f13fffff
2259,8810c0d711fffff
2260,8810c07249fffff
2261,8810c0560bfffff
2262,8810c04691fffff
2263,8810c05359fffff
2264,8810c0d425fffff
2265,8810c050edfffff
2266,8810c048e3fffff
2267,8810c0c023fffff
2268,8810c05727fffff
2269,8810c00d89fffff
2270,8810c0513dfffff
2271,8810c05235fffff
2272,8810c03907fffff
2273,8810c00ab7fffff
2274,8810c07007fffff
2275,8810c05623fffff
2276,8810c05a87fffff
2277,8810c0505bfffff
2278,8810c0ceb9fffff
2279,8810c0c5a7fffff
2280,8810c07635fffff
2281,8810c0088dfffff
2282,8810c2b2c1fffff
2283,8810c05ac7fffff
2284,8810c00933fffff
2285,8810c04ac5fffff
2286,8810c0723dfffff
2287,8810c04815fffff
2288,8810c05049fffff
2289,8810c00dc5fffff
2290,8810c08b0bfffff
2291,8810c05657fffff
2292,8810c62407fffff
2293,8810c06219fffff
2294,8810c04a91fffff
2295,8810c0d733fffff
2296,8810c07a61fffff
2297,8810c00c13fffff
2298,8810c04d37fffff
2299,8810c009a3fffff
2300,8810c07a2dfffff
2301,8810c0796dfffff
2302,8810c052d1fffff
2303,8810c0cdabfffff
2304,8810c0c463fffff
2305,8810c6242dfffff
2306,8810c05105fffff
2307,8810c046b5fffff
2308,8810c0cc67fffff
2309,8810c0761dfffff
2310,8810c625e7fffff
2311,8810c2b2a1fffff
2312,8810c05351fffff
2313,8810c0761bfffff
2314,8810c0558dfffff
2315,8810c00b31fffff
2316,8810c04a59fffff
2317,8810c07929fffff
2318,8810c04d49fffff
2319,8810c07005fffff
2320,8810c07967fffff
2321,8810c04c81fffff
2322,8810c00e25fffff
2323,8810c0428bfffff
2324,8810c0c543fffff
2325,8810c625e9fffff
2326,8810c62431fffff
2327,8810c08a35fffff
2328,8810c2b2c9fffff
2329,8810c07503fffff
2330,8810c04319fffff
2331,8810c08a6dfffff
2332,8810c07b59fffff
2333,8810c08b41fffff
2334,8810c07223fffff
2335,8810c0ce05fffff
2336,8810c00915fffff
2337,8810c04133fffff
2338,8810c04a15fffff
2339,8810c051cbfffff
2340,8810c2b1e3fffff
2341,8810c0c9d9fffff
2342,8810c296c9fffff
2343,8810c046b3fffff
2344,8810c0c58dfffff
2345,8810c07315fffff
2346,8810c0c1b9fffff
2347,8810c04ce5fffff
2348,8810c07a47fffff
2349,8810c0c031fffff
2350,8810c056cdfffff
2351,8810c0c01bfffff
2352,8810c00f61fffff
2353,8810c0c913fffff
2354,8810c04a39fffff
2355,8810c0625bfffff
2356,8810c040d7fffff
2357,8810c05021fffff
2358,8810c2b305fffff
2359,8810c00ce1fffff
2360,8810c6240bfffff
2361,8810c0d687fffff
2362,8810c0425dfffff
2363,8810c04817fffff
2364,8810c0c5e3fffff
2365,8810c07309fffff
2366,8810c0cdb7fffff
2367,8810c624d9fffff
2368,8810c0c909fffff
2369,8810c05045fffff
2370,8810c03941fffff
2371,8810c04017fffff
2372,8810c071ddfffff
2373,8810c08b49fffff
2374,8810c0412bfffff
2375,8810c0c603fffff
2376,8810c08945fffff
2377,8810c046a7fffff
2378,8810c04687fffff
2379,8810c625d1fffff
2380,8810c04c85fffff
2381,8810c2b2c3fffff
2382,8810c0546bfffff
2383,8810c04719fffff
2384,8810c0094bfffff
2385,8810c02b05fffff
2386,8810c05141fffff
2387,8810c070b9fffff
2388,8810c00f19fffff
2389,8810c0cc6bfffff
2390,8810c041ddfffff
2391,8810c04c87fffff
2392,8810c056b9fffff
2393,8810c04a8bfffff
2394,8810c0d517fffff
2395,8810c072d7fffff
2396,8810c070d3fffff
2397,8810c0c8b7fffff
2398,8810c045d3fffff
2399,8810c04015fffff
2400,8810c0c6adfffff
2401,8810c01b6dfffff
2402,8810c04d83fffff
2403,8810c05451fffff
2404,8810c6268bfffff
2405,8810c00d47fffff
2406,8810c046b9fffff
2407,8810c009cbfffff
2408,8810c02b67fffff
2409,8810c05b31fffff
2410,8810c050c5fffff
2411,8810c07233fffff
2412,8810c00861fffff
2413,8810c04837fffff
2414,8810c0571bfffff
2415,8810c05a99fffff
2416,8810c2b235fffff
2417,8810c07625fffff
2418,8810c08a05fffff
2419,8810c07441fffff
2420,8810c050c7fffff
2421,8810c0cf5bfffff
2422,8810c01967fffff
2423,8810c0c4ddfffff
2424,8810c072a3fffff
2425,8810c00e07fffff
2426,8810c04d59fffff
2427,8810c2b2d7fffff
2428,8810c2b2d1fffff
2429,8810c0423bfffff
2430,8810c04023fffff
2431,8810c01a15fffff
2432,8810c00cc9fffff
2433,8810c07111fffff
2434,8810c099b3fffff
2435,8810c07087fffff
2436,8810c070b7fffff
2437,8810c00c21fffff
2438,8810c00dd3fffff
2439,8810c624b1fffff
2440,8810c04e6bfffff
2441,8810c058d9fffff
2442,8810c0718dfffff
2443,8810c05339fffff
2444,8810c01329fffff
2445,8810c0c5d7fffff
2446,8810c624bbfffff
2447,8810c05481fffff
2448,8810c05847fffff
2449,8810c0c017fffff
2450,8810c0729bfffff
2451,8810c0d427fffff
2452,8810c0cd5dfffff
2453,8810c05247fffff
2454,8810c041a1fffff
2455,8810c06211fffff
2456,8810c075cdfffff
2457,8810c0cd43fffff
2458,8810c05a93fffff
2459,8810c0c509fffff
2460,8810c05a85fffff
2461,8810c05743fffff
2462,8810c2b035fffff
2463,8810c02845fffff
2464,8810c072cdfffff
2465,8810c05427fffff
2466,8810c00d63fffff
2467,8810c62585fffff
2468,8810c04117fffff
2469,8810c0ce21fffff
2470,8810c0d457fffff
2471,8810c00c61fffff
2472,8810c03915fffff
2473,8810c0d447fffff
2474,8810c0562dfffff
2475,8810c076e5fffff
2476,8810c00c2bfffff
2477,8810c05a67fffff
2478,8810c04143fffff
2479,8810c0c41dfffff
2480,8810c0472bfffff
2481,8810c2b2adfffff
2482,8810c05abdfffff
2483,8810c055adfffff
2484,8810c0ce29fffff
2485,8810c08acbfffff
2486,8810c07425fffff
2487,8810c0cc2bfffff
2488,8810c04a83fffff
2489,8810c0c5bdfffff
2490,8810c0c0c1fffff
2491,8810c02b15fffff
2492,8810c624c3fffff
2493,8810c040b9fffff
2494,8810c0091bfffff
2495,8810c0c2a3fffff
2496,8810c074cdfffff
2497,8810c0cc39fffff
2498,8810c008c3fffff
2499,8810c0093dfffff
2500,8810c05b59fffff
2501,8810c0466dfffff
2502,8810c05917fffff
2503,8810c04891fffff
2504,8810c0c6ddfffff
2505,8810c08b3dfffff
2506,8810c0461bfffff
2507,8810c04183fffff
2508,8810c07225fffff
2509,8810c054a3fffff
2510,8810c00dddfffff
2511,8810c051b7fffff
2512,8810c0cec1fffff
2513,8810c0529dfffff
2514,8810c0d4d1fffff
2515,8810c0cd15fffff
2516,8810c00b63fffff
2517,8810c058a9fffff
2518,8810c04d41fffff
2519,8810c0c0e3fffff
2520,8810c2b189fffff
2521,8810c02947fffff
2522,8810c07159fffff
2523,8810c07547fffff
2524,8810c05485fffff
2525,8810c0c6b9fffff
2526,8810c04f35fffff
2527,8810c2b117fffff
2528,8810c0c0ddfffff
2529,8810c04d81fffff
2530,8810c0cc63fffff
2531,8810c0792bfffff
2532,8810c0c4a9fffff
2533,8810c0c763fffff
2534,8810c00d57fffff
2535,8810c0ce9bfffff
2536,8810c0d597fffff
2537,8810c2b23dfffff
2538,8810c048a9fffff
2539,8810c0c6b5fffff
2540,8810c0c08bfffff
2541,8810c05345fffff
2542,8810c0c6d1fffff
2543,8810c0cd0dfffff
2544,8810c0740dfffff
2545,8810c0c753fffff
2546,8810c07a1dfffff
2547,8810c01327fffff
2548,8810c6243dfffff
2549,8810c0089bfffff
2550,8810c009d7fffff
2551,8810c03823fffff
2552,8810c072e3fffff
2553,8810c05665fffff
2554,8810c04a89fffff
2555,8810c08823fffff
2556,8810c0c70bfffff
2557,8810c054c1fffff
2558,8810c04057fffff
2559,8810c01b4dfffff
2560,8810c05569fffff
2561,8810c04495fffff
2562,8810c05725fffff
2563,8810c0485bfffff
2564,8810c05a2dfffff
2565,8810c04ae1fffff
2566,8810c01315fffff
2567,8810c0d4e5fffff
2568,8810c0ce49fffff
2569,8810c0c469fffff
2570,8810c0cc31fffff
2571,8810c04f2dfffff
2572,8810c008b7fffff
2573,8810c0102dfffff
2574,8810c07a07fffff
2575,8810c00cb9fffff
2576,8810c0764dfffff
2577,8810c2b655fffff
2578,8810c07317fffff
2579,8810c01b53fffff
2580,8810c0c5dbfffff
2581,8810c0d553fffff
2582,8810c04711fffff
2583,8810c2b1c5fffff
2584,8810c05333fffff
2585,8810c0cdc5fffff
2586,8810c044e5fffff
2587,8810c07697fffff
2588,8810c0cc4dfffff
2589,8810c04b1bfffff
2590,8810c07559fffff
2591,8810c041ebfffff
2592,8810c04aa7fffff
2593,8810c04eabfffff
2594,8810c05323fffff
2595,8810c009e3fffff
2596,8810c04e33fffff
2597,8810c02b45fffff
2598,8810c04ac9fffff
2599,8810c624d3fffff
2600,8810c0526dfffff
2601,8810c07741fffff
2602,8810c08839fffff
2603,8810c2b30dfffff
2604,8810c0422dfffff
2605,8810c0d5b9fffff
2606,8810c624b3fffff
2607,8810c071ebfffff
2608,8810c0c083fffff
2609,8810c05887fffff
2610,8810c0c499fffff
2611,8810c04acbfffff
2612,8810c04a35fffff
2613,8810c058b9fffff
2614,8810c0751bfffff
2615,8810c0d58bfffff
2616,8810c0c837fffff
2617,8810c0776bfffff
2618,8810c0886dfffff
2619,8810c04657fffff
2620,8810c072edfffff
2621,8810c04cadfffff
2622,8810c0c019fffff
2623,8810c0c60dfffff
2624,8810c0c2a5fffff
2625,8810c0d483fffff
2626,8810c03943fffff
2627,8810c08941fffff
2628,8810c0c5a9fffff
2629,8810c0489bfffff
2630,8810c055abfffff
2631,8810c0d46bfffff
2632,8810c04de1fffff
2633,8810c07767fffff
2634,8810c2b045fffff
2635,8810c00dadfffff
2636,8810c05005fffff
2637,8810c042abfffff
2638,8810c2b007fffff
2639,8810c03955fffff
2640,8810c0710bfffff
2641,8810c058c5fffff
2642,8810c07753fffff
2643,8810c05a69fffff
2644,8810c04349fffff
2645,8810c04ea7fffff
2646,8810c08b47fffff
2647,8810c01a4bfffff
2648,8810c0c497fffff
2649,8810c05581fffff
2650,8810c0cee9fffff
2651,8810c074e7fffff
2652,8810c02b35fffff
2653,8810c089adfffff
2654,8810c0c987fffff
2655,8810c05a47fffff
2656,8810c0ce41fffff
2657,8810c0524dfffff
2658,8810c0c69bfffff
2659,8810c62485fffff
2660,8810c0c9bbfffff
2661,8810c02b53fffff
2662,8810c626a3fffff
2663,8810c0c6b7fffff
2664,8810c05b3dfffff
2665,8810c0c5c3fffff
2666,8810c0116bfffff
2667,8810c00e29fffff
2668,8810c0593dfffff
2669,8810c001b5fffff
2670,8810c0ccadfffff
2671,8810c01929fffff
2672,8810c0c4b7fffff
2673,8810c05a61fffff
2674,8810c04063fffff
2675,8810c2b023fffff
2676,8810c009dbfffff
2677,8810c0cdebfffff
2678,8810c04281fffff
2679,8810c00cebfffff
2680,8810c04331fffff
2681,8810c076b1fffff
2682,8810c0cc69fffff
2683,8810c089edfffff
2684,8810c048a7fffff
2685,8810c0c769fffff
2686,8810c07361fffff
2687,8810c0cc4bfffff
2688,8810c00cb1fffff
2689,8810c00cb5fffff
2690,8810c089a1fffff
2691,8810c2b333fffff
2692,8810c04f55fffff
2693,8810c08a31fffff
2694,8810c04c8dfffff
2695,8810c00c0bfffff
2696,8810c0d5ddfffff
2697,8810c05691fffff
2698,8810c070cbfffff
2699,8810c0c45dfffff
2700,8810c2b26bfffff
2701,8810c0c727fffff
2702,8810c049c5fffff
2703,8810c05545fffff
2704,8810c05845fffff
2705,8810c072bbfffff
2706,8810c0c057fffff
2707,8810c02b21fffff
2708,8810c07a69fffff
2709,8810c0d4d5fffff
2710,8810c05233fffff
2711,8810c04d17fffff
2712,8810c045dbfffff
2713,8810c056edfffff
2714,8810c2b25bfffff
2715,8810c056d5fffff
2716,8810c076d1fffff
2717,8810c05737fffff
2718,8810c0c191fffff
2719,8810c07085fffff
2720,8810c0534bfffff
2721,8810c0880dfffff
2722,8810c01909fffff
2723,8810c0724bfffff
2724,8810c05683fffff
2725,8810c02b57fffff
2726,8810c001b3fffff
2727,8810c0ce19fffff
2728,8810c00a9bfffff
2729,8810c0106bfffff
2730,8810c0565dfffff
2731,8810c0530bfffff
2732,8810c05aa9fffff
2733,8810c0cc81fffff
2734,8810c04203fffff
2735,8810c05957fffff
2736,8810c08a33fffff
2737,8810c00c45fffff
2738,8810c05155fffff
2739,8810c0c9a9fffff
2740,8810c00cddfffff
2741,8810c0092dfffff
2742,8810c044bbfffff
2743,8810c09997fffff
2744,8810c04091fffff
2745,8810c05425fffff
2746,8810c0c487fffff
2747,8810c0c50dfffff
2748,8810c04321fffff
2749,8810c04727fffff
2750,8810c04847fffff
2751,8810c03939fffff
2752,8810c07469fffff
2753,8810c0ccd3fffff
2754,8810c041e9fffff
2755,8810c05ad5fffff
2756,8810c00ce5fffff
2757,8810c00899fffff
2758,8810c01b21fffff
2759,8810c0ce95fffff
2760,8810c046a5fffff
2761,8810c00b0bfffff
2762,8810c0c5adfffff
2763,8810c05849fffff
2764,8810c0719dfffff
2765,8810c052ebfffff
2766,8810c0c407fffff
2767,8810c0d5a7fffff
2768,8810c05365fffff
2769,8810c05643fffff
2770,8810c04cc1fffff
2771,8810c04485fffff
2772,8810c05825fffff
2773,8810c04239fffff
2774,8810c05355fffff
2775,8810c0499dfffff
2776,8810c05717fffff
2777,8810c0095dfffff
2778,8810c08a67fffff
2779,8810c07a0dfffff
2780,8810c0720bfffff
2781,8810c05245fffff
2782,8810c04231fffff
2783,8810c00db5fffff
2784,8810c6243bfffff
2785,8810c04cabfffff
2786,8810c01151fffff
2787,8810c0464dfffff
2788,8810c00935fffff
2789,8810c0d43dfffff
2790,8810c0c6edfffff
2791,8810c001b9fffff
2792,8810c0880bfffff
2793,8810c624a1fffff
2794,8810c08ac1fffff
2795,8810c07363fffff
2796,8810c00da9fffff
2797,8810c04d0bfffff
2798,8810c04257fffff
2799,8810c0548dfffff
2800,8810c040e3fffff
2801,8810c01313fffff
2802,8810c05635fffff
2803,8810c0c4d3fffff
2804,8810c00cc3fffff
2805,8810c070a5fffff
2806,8810c08845fffff
2807,8810c0c725fffff
2808,8810c0c281fffff
2809,8810c02b69fffff
2810,8810c071d3fffff
2811,8810c04ad7fffff
2812,8810c0d523fffff
2813,8810c2b065fffff
2814,8810c05453fffff
2815,8810c05501fffff
2816,8810c00923fffff
2817,8810c07507fffff
2818,8810c2b017fffff
2819,8810c0d50bfffff
2820,8810c0409bfffff
2821,8810c04253fffff
2822,8810c0c911fffff
2823,8810c04dcdfffff
2824,8810c0c0abfffff
2825,8810c02b65fffff
2826,8810c0d533fffff
2827,8810c0431dfffff
2828,8810c04295fffff
2829,8810c05a95fffff
2830,8810c08b07fffff
2831,8810c0c533fffff
2832,8810c0c629fffff
2833,8810c0ccb3fffff
2834,8810c08915fffff
2835,8810c06253fffff
2836,8810c04709fffff
2837,8810c05083fffff
2838,8810c08b6dfffff
2839,8810c055d9fffff
2840,8810c070b3fffff
2841,8810c046c5fffff
2842,8810c01147fffff
2843,8810c049adfffff
2844,8810c089e5fffff
2845,8810c04dd3fffff
2846,8810c04659fffff
2847,8810c0774dfffff
2848,8810c00e3bfffff
2849,8810c05711fffff
2850,8810c0c6ebfffff
2851,8810c04221fffff
2852,8810c054e9fffff
2853,8810c0704bfffff
2854,8810c01307fffff
2855,8810c04f33fffff
2856,8810c0cd61fffff
2857,8810c04c61fffff
2858,8810c00a95fffff
2859,8810c00f35fffff
2860,8810c07435fffff
2861,8810c044a1fffff
2862,8810c04309fffff
2863,8810c00c69fffff
2864,8810c05119fffff
2865,8810c02b3bfffff
2866,8810c625edfffff
2867,8810c0d411fffff
2868,8810c05b17fffff
2869,8810c0cd07fffff
2870,8810c624adfffff
2871,8810c04705fffff
2872,8810c07501fffff
2873,8810c0cd5bfffff
2874,8810c072d1fffff
2875,8810c041d3fffff
2876,8810c0c827fffff
2877,8810c01305fffff
2878,8810c00911fffff
2879,8810c0c455fffff
2880,8810c0529bfffff
2881,8810c625adfffff
2882,8810c00c35fffff
2883,8810c0893bfffff
2884,8810c07a5dfffff
2885,8810c0cde7fffff
2886,8810c04a3bfffff
2887,8810c0c749fffff
2888,8810c0d4b5fffff
2889,8810c0c8b1fffff
2890,8810c0091dfffff
2891,8810c624d7fffff
2892,8810c626d7fffff
2893,8810c0744bfffff
2894,8810c05a49fffff
2895,8810c05411fffff
2896,8810c0cc43fffff
2897,8810c04833fffff
2898,8810c056b3fffff
2899,8810c0c2b1fffff
2900,8810c05815fffff
2901,8810c0d4a3fffff
2902,8810c0c40dfffff
2903,8810c0cd85fffff
2904,8810c05b5bfffff
2905,8810c0746dfffff
2906,8810c0c607fffff
2907,8810c056a9fffff
2908,8810c625d7fffff
2909,8810c0571dfffff
2910,8810c00d17fffff
2911,8810c04363fffff
2912,8810c04121fffff
2913,8810c62693fffff
2914,8810c0cc1dfffff
2915,8810c04137fffff
2916,8810c07a67fffff
2917,8810c059d9fffff
2918,8810c0c98bfffff
2919,8810c00b21fffff
2920,8810c04c23fffff
2921,8810c00dc1fffff
2922,8810c0468bfffff
2923,8810c6250bfffff
2924,8810c0d5a3fffff
2925,8810c01065fffff
2926,8810c05369fffff
2927,8810c00e23fffff
2928,8810c2b055fffff
2929,8810c0500bfffff
2930,8810c07035fffff
2931,8810c04c0bfffff
2932,8810c0546dfffff
2933,8810c05aa7fffff
2934,8810c2b2e9fffff
2935,8810c0c73dfffff
2936,8810c07207fffff
2937,8810c050bdfffff
2938,8810c07093fffff
2939,8810c2b1d5fffff
2940,8810c076d5fffff
2941,8810c00e01fffff
2942,8810c0c713fffff
2943,8810c00987fffff
2944,8810c05807fffff
2945,8810c07445fffff
2946,8810c624c5fffff
2947,8810c00b67fffff
2948,8810c05653fffff
2949,8810c04763fffff
2950,8810c05addfffff
2951,8810c2b031fffff
2952,8810c08805fffff
2953,8810c05515fffff
2954,8810c03909fffff
2955,8810c00925fffff
2956,8810c2b00dfffff
2957,8810c0d4ebfffff
2958,8810c0420dfffff
2959,8810c045b5fffff
2960,8810c00f15fffff
2961,8810c01acdfffff
2962,8810c05041fffff
2963,8810c0c761fffff
2964,8810c08867fffff
2965,8810c00a91fffff
2966,8810c0581bfffff
2967,8810c2b2e1fffff
2968,8810c01a6bfffff
2969,8810c0c4d1fffff
2970,8810c072a9fffff
2971,8810c04e63fffff
2972,8810c02a27fffff
2973,8810c0c96bfffff
2974,8810c05611fffff
2975,8810c05823fffff
2976,8810c0133dfffff
2977,8810c05659fffff
2978,8810c0410bfffff
2979,8810c00b39fffff
2980,8810c07681fffff
2981,8810c07649fffff
2982,8810c0cd63fffff
2983,8810c00b41fffff
2984,8810c0d715fffff
2985,8810c05a31fffff
2986,8810c040b5fffff
2987,8810c0d4e7fffff
2988,8810c0550bfffff
2989,8810c0c5c5fffff
2990,8810c0134bfffff
2991,8810c05509fffff
2992,8810c0c29dfffff
2993,8810c001b7fffff
2994,8810c0cc07fffff
2995,8810c0cebdfffff
2996,8810c0cc59fffff
2997,8810c07181fffff
2998,8810c07147fffff
2999,8810c0d681fffff
3000,8810c05227fffff
3001,8810c2b239fffff
3002,8810c04009fffff
3003,8810c04c09fffff
3004,8810c0c5e5fffff
3005,8810c0d5e9fffff
3006,8810c052a5fffff
3007,8810c07415fffff
3008,8810c07239fffff
3009,8810c00993fffff
3010,8810c05469fffff
3011,8810c0c0e5fffff
3012,8810c056c3fffff
3013,8810c088edfffff
3014,8810c08b37fffff
3015,8810c05a0bfffff
3016,8810c07351fffff
3017,8810c02b63fffff
3018,8810c042ddfffff
3019,8810c07411fffff
3020,8810c05023fffff
3021,8810c05ad7fffff
3022,8810c04069fffff
3023,8810c0589dfffff
3024,8810c00d19fffff
3025,8810c07757fffff
3026,8810c050d3fffff
3027,8810c056b1fffff
3028,8810c07689fffff
3029,8810c0750dfffff
3030,8810c0d4c7fffff
3031,8810c049c1fffff
3032,8810c0713dfffff
3033,8810c0cc8bfffff
3034,8810c2b285fffff
3035,8810c044adfffff
3036,8810c0ce3bfffff
3037,8810c2b01dfffff
3038,8810c05229fffff
3039,8810c0ced3fffff
3040,8810c0882bfffff
3041,8810c0d507fffff
3042,8810c0d401fffff
3043,8810c00f3dfffff
3044,8810c05063fffff
3045,8810c0cc3dfffff
3046,8810c2b229fffff
3047,8810c0c9b5fffff
3048,8810c01937fffff
3049,8810c058c1fffff
3050,8810c07545fffff
3051,8810c2b0ebfffff
3052,8810c07947fffff
3053,8810c0d6c7fffff
3054,8810c041bdfffff
3055,8810c04201fffff
3056,8810c04ae5fffff
3057,8810c0c483fffff
3058,8810c08aedfffff
3059,8810c01029fffff
3060,8810c00f67fffff
3061,8810c044b3fffff
3062,8810c00cc5fffff
3063,8810c05495fffff
3064,8810c0d693fffff
3065,8810c2b645fffff
3066,8810c07259fffff
3067,8810c05013fffff
3068,8810c00b2bfffff
3069,8810c0d5dbfffff
3070,8810c0c757fffff
3071,8810c056b5fffff
3072,8810c2b245fffff
3073,8810c00949fffff
3074,8810c04a23fffff
3075,8810c07437fffff
3076,8810c0c8adfffff
3077,8810c04acdfffff
3078,8810c0cc29fffff
3079,8810c05731fffff
3080,8810c08939fffff
3081,8810c050cbfffff
3082,8810c2b355fffff
3083,8810c05745fffff
3084,8810c2b1cdfffff
3085,8810c009b5fffff
3086,8810c62487fffff
3087,8810c076b9fffff
3088,8810c04061fffff
3089,8810c0ccb5fffff
3090,8810c0555dfffff
3091,8810c0521dfffff
3092,8810c00d11fffff
3093,8810c05033fffff
3094,8810c01115fffff
3095,8810c0cec7fffff
3096,8810c0766dfffff
3097,8810c01a55fffff
3098,8810c00ce9fffff
3099,8810c0cc5dfffff
3100,8810c0553dfffff
3101,8810c00c3bfffff
3102,8810c0580bfffff
3103,8810c0c2c1fffff
3104,8810c050b9fffff
3105,8810c0c889fffff
3106,8810c099a3fffff
3107,8810c0413dfffff
3108,8810c05029fffff
3109,8810c01021fffff
3110,8810c0c669fffff
3111,8810c01a61fffff
3112,8810c0cd97fffff
3113,8810c07453fffff
3114,8810c0540dfffff
3115,8810c04eadfffff
3116,8810c0745dfffff
3117,8810c04c51fffff
3118,8810c05909fffff
3119,8810c046d9fffff
3120,8810c05753fffff
3121,8810c07513fffff
3122,8810c07769fffff
3123,8810c0c2b7fffff
3124,8810c0d455fffff
3125,8810c05529fffff
3126,8810c0d421fffff
3127,8810c0c731fffff
3128,8810c05663fffff
3129,8810c0d539fffff
3130,8810c076c9fffff
3131,8810c04869fffff
3132,8810c05407fffff
3133,8810c07a41fffff
3134,8810c0c9a7fffff
3135,8810c08951fffff
3136,8810c051bbfffff
3137,8810c08b4bfffff
3138,8810c0c493fffff
3139,8810c055e3fffff
3140,8810c06259fffff
3141,8810c2b2d3fffff
3142,8810c040e1fffff
3143,8810c0ceebfffff
3144,8810c0531dfffff
3145,8810c0770dfffff
3146,8810c07467fffff
3147,8810c051b5fffff
3148,8810c0c5c7fffff
3149,8810c0d6a3fffff
3150,8810c04d39fffff
3151,8810c00d03fffff
3152,8810c059c9fffff
3153,8810c05693fffff
3154,8810c0ce23fffff
3155,8810c05655fffff
3156,8810c05505fffff
3157,8810c046abfffff
3158,8810c00865fffff
3159,8810c0c6d7fffff
3160,8810c05ab3fffff
3161,8810c07719fffff
3162,8810c0c545fffff
3163,8810c04265fffff
3164,8810c624a5fffff
3165,8810c0885dfffff
3166,8810c0573dfffff
3167,8810c0c2a9fffff
3168,8810c0c685fffff
3169,8810c00d6dfffff
3170,8810c04317fffff
3171,8810c01a53fffff
3172,8810c044e9fffff
3173,8810c00aa3fffff
3174,8810c0c5bbfffff
3175,8810c0cecbfffff
3176,8810c074ddfffff
3177,8810c08b11fffff
3178,8810c055b9fffff
3179,8810c070c1fffff
3180,8810c0cc05fffff
3181,8810c03923fffff
3182,8810c04693fffff
3183,8810c088e9fffff
3184,8810c045a3fffff
3185,8810c05191fffff
3186,8810c0d41bfffff
3187,8810c050a3fffff
3188,8810c04de7fffff
3189,8810c06247fffff
3190,8810c0432dfffff
3191,8810c0cca5fffff
3192,8810c0c887fffff
3193,8810c0c64bfffff
3194,8810c04883fffff
3195,8810c049cdfffff
3196,8810c00c4bfffff
3197,8810c0429dfffff
3198,8810c01123fffff
3199,8810c0098dfffff
3200,8810c625cbfffff
3201,8810c02b0dfffff
3202,8810c00f43fffff
3203,8810c0c459fffff
3204,8810c626a9fffff
3205,8810c06251fffff
3206,8810c07365fffff
3207,8810c05535fffff
3208,8810c0484bfffff
3209,8810c04367fffff
3210,8810c04163fffff
3211,8810c04c49fffff
3212,8810c0592bfffff
3213,8810c0cf29fffff
3214,8810c07715fffff
3215,8810c04a9dfffff
3216,8810c0775bfffff
3217,8810c00953fffff
3218,8810c2b049fffff
3219,8810c05497fffff
3220,8810c0c74bfffff
3221,8810c07043fffff
3222,8810c0731bfffff
3223,8810c08801fffff
3224,8810c0c6e9fffff
3225,8810c08a6bfffff
3226,8810c059cbfffff
3227,8810c0515dfffff
3228,8810c07257fffff
3229,8810c0cdbdfffff
3230,8810c00f5dfffff
3231,8810c070e7fffff
3232,8810c0c9bdfffff
3233,8810c0c561fffff
3234,8810c0194bfffff
3235,8810c05133fffff
3236,8810c0c935fffff
3237,8810c04885fffff
3238,8810c0392bfffff
3239,8810c00c33fffff
3240,8810c0436bfffff
3241,8810c05007fffff
3242,8810c04587fffff
3243,8810c049abfffff
3244,8810c0c567fffff
3245,8810c050c3fffff
3246,8810c08901fffff
3247,8810c0c6c7fffff
3248,8810c2b345fffff
3249,8810c04301fffff
3250,8810c04f63fffff
3251,8810c04c19fffff
3252,8810c08ae1fffff
3253,8810c0498bfffff
3254,8810c0c2b5fffff
3255,8810c00b1dfffff
3256,8810c07a45fffff
3257,8810c042c5fffff
3258,8810c0c09dfffff
3259,8810c0773bfffff
3260,8810c07655fffff
3261,8810c00ab5fffff
3262,8810c625d9fffff
3263,8810c054cbfffff
3264,8810c070adfffff
3265,8810c046b1fffff
3266,8810c04169fffff
3267,8810c0d695fffff
3268,8810c0cd8bfffff
3269,8810c05463fffff
3270,8810c62417fffff
3271,8810c6253bfffff
3272,8810c01a43fffff
3273,8810c07631fffff
3274,8810c0c70dfffff
3275,8810c07763fffff
3276,8810c0ceb5fffff
3277,8810c08b59fffff
3278,8810c040adfffff
3279,8810c08a17fffff
3280,8810c2b301fffff
3281,8810c07a4bfffff
3282,8810c04757fffff
3283,8810c042d7fffff
3284,8810c07739fffff
3285,8810c049b1fffff
3286,8810c070cdfffff
3287,8810c0443dfffff
3288,8810c04661fffff
3289,8810c2b04dfffff
3290,8810c04c37fffff
3291,8810c009bbfffff
3292,8810c05417fffff
3293,8810c0812bfffff
3294,8810c058abfffff
3295,8810c0cce9fffff
3296,8810c0194dfffff
3297,8810c0c0c9fffff
3298,8810c070a3fffff
3299,8810c0401bfffff
3300,8810c0cf11fffff
3301,8810c00d43fffff
3302,8810c07265fffff
3303,8810c2b267fffff
3304,8810c0754bfffff
3305,8810c0d4b3fffff
3306,8810c07605fffff
3307,8810c041dbfffff
3308,8810c059dbfffff
3309,8810c0c60bfffff
3310,8810c06245fffff
3311,8810c0595dfffff
3312,8810c0c5b9fffff
3313,8810c04a47fffff
3314,8810c0c569fffff
3315,8810c05a29fffff
3316,8810c625c1fffff
3317,8810c0c4b5fffff
3318,8810c0d493fffff
3319,8810c0c695fffff
3320,8810c05035fffff
3321,8810c072a7fffff
3322,8810c0d5d1fffff
3323,8810c0cd2bfffff
3324,8810c0700bfffff
3325,8810c0cc45fffff
3326,8810c08a29fffff
3327,8810c056ebfffff
3328,8810c0ce13fffff
3329,8810c07619fffff
3330,8810c0c437fffff
3331,8810c00dc9fffff
3332,8810c2b251fffff
3333,8810c00d95fffff
3334,8810c05331fffff
3335,8810c04cc3fffff
3336,8810c001a7fffff
3337,8810c0d4dbfffff
3338,8810c0586bfffff
3339,8810c2b225fffff
3340,8810c04181fffff
3341,8810c05733fffff
3342,8810c0ccbbfffff
3343,8810c0c5b3fffff
3344,8810c0c557fffff
3345,8810c0d5e3fffff
3346,8810c04311fffff
3347,8810c0750bfffff
3348,8810c62683fffff
3349,8810c624c9fffff
3350,8810c044a7fffff
3351,8810c04237fffff
3352,8810c0c0bdfffff
3353,8810c01935fffff
3354,8810c05055fffff
3355,8810c040a7fffff
3356,8810c04d5bfffff
3357,8810c04997fffff
3358,8810c072abfffff
3359,8810c07401fffff
3360,8810c2b0c1fffff
3361,8810c04a27fffff
3362,8810c05445fffff
3363,8810c056e7fffff
3364,8810c0c931fffff
3365,8810c0725bfffff
3366,8810c04d2dfffff
3367,8810c07095fffff
3368,8810c0cc53fffff
3369,8810c05089fffff
3370,8810c2b1e9fffff
3371,8810c0c55bfffff
3372,8810c058ddfffff
3373,8810c076abfffff
3374,8810c06243fffff
3375,8810c0c993fffff
3376,8810c0cc33fffff
3377,8810c08931fffff
3378,8810c0cf39fffff
3379,8810c08a19fffff
3380,8810c04c39fffff
3381,8810c076c3fffff
3382,8810c2b22bfffff
3383,8810c074c7fffff
3384,8810c04a4bfffff
3385,8810c049dbfffff
3386,8810c05257fffff
3387,8810c07713fffff
3388,8810c04621fffff
3389,8810c625bbfffff
3390,8810c2b0edfffff
3391,8810c02801fffff
3392,8810c05863fffff
3393,8810c2b185fffff
3394,8810c07569fffff
3395,8810c0d6abfffff
3396,8810c055bbfffff
3397,8810c2b233fffff
3398,8810c009bdfffff
3399,8810c07013fffff
3400,8810c0c5a5fffff
3401,8810c05ae9fffff
3402,8810c0c705fffff
3403,8810c2b319fffff
3404,8810c62457fffff
3405,8810c0393dfffff
3406,8810c009a5fffff
3407,8810c0555bfffff
3408,8810c052c3fffff
3409,8810c074bdfffff
3410,8810c04f59fffff
3411,8810c00d97fffff
3412,8810c01331fffff
3413,8810c04003fffff
3414,8810c046a1fffff
3415,8810c07563fffff
3416,8810c0550dfffff
3417,8810c0545bfffff
3418,8810c05915fffff
3419,8810c02b47fffff
3420,8810c0c527fffff
3421,8810c05859fffff
3422,8810c0cd69fffff
3423,8810c055bdfffff
3424,8810c08855fffff
3425,8810c0461dfffff
3426,8810c02b2dfffff
3427,8810c0c0cdfffff
3428,8810c04803fffff
3429,8810c2b295fffff
3430,8810c07109fffff
3431,8810c62699fffff
3432,8810c2b217fffff
3433,8810c02b4bfffff
3434,8810c05b01fffff
3435,8810c0cd6dfffff
3436,8810c0c0b5fffff
3437,8810c626d9fffff
3438,8810c04583fffff
3439,8810c05ab7fffff
3440,8810c04d95fffff
3441,8810c00e27fffff
3442,8810c07149fffff
3443,8810c07a57fffff
3444,8810c040d9fffff
3445,8810c00f4bfffff
3446,8810c0c4b1fffff
3447,8810c0c891fffff
3448,8810c05943fffff
3449,8810c04dd7fffff
3450,8810c0c9dbfffff
3451,8810c2b247fffff
3452,8810c0cf33fffff
3453,8810c02b01fffff
3454,8810c042d1fffff
3455,8810c05803fffff
3456,8810c072ebfffff
3457,8810c07033fffff
3458,8810c0ccebfffff
3459,8810c05a91fffff
3460,8810c0d439fffff
3461,8810c0c723fffff
3462,8810c0d68bfffff
3463,8810c0cd87fffff
3464,8810c042adfffff
3465,8810c2b001fffff
3466,8810c04f47fffff
3467,8810c074c1fffff
3468,8810c048bbfffff
3469,8810c04a57fffff
3470,8810c05861fffff
3471,8810c0c961fffff
3472,8810c0ce69fffff
3473,8810c07197fffff
3474,8810c07525fffff
3475,8810c01b57fffff
3476,8810c626a1fffff
3477,8810c072dbfffff
3478,8810c00c37fffff
3479,8810c00d93fffff
3480,8810c072e7fffff
3481,8810c07695fffff
3482,8810c08b1bfffff
3483,8810c0570dfffff
3484,8810c01915fffff
3485,8810c00b05fffff
3486,8810c07333fffff
3487,8810c0426bfffff
3488,8810c0c491fffff
3489,8810c04039fffff
3490,8810c0620bfffff
3491,8810c2b13bfffff
3492,8810c05629fffff
3493,8810c2b351fffff
3494,8810c05493fffff
3495,8810c00ddbfffff
3496,8810c00c83fffff
3497,8810c041c1fffff
3498,8810c04065fffff
3499,8810c0c591fffff
3500,8810c01b01fffff
3501,8810c00829fffff
3502,8810c2b115fffff
3503,8810c08a37fffff
3504,8810c0cd03fffff
3505,8810c0885bfffff
3506,8810c29617fffff
3507,8810c0d69dfffff
3508,8810c0c6b1fffff
3509,8810c04037fffff
3510,8810c00f17fffff
3511,8810c00d5bfffff
3512,8810c0511bfffff
3513,8810c0406bfffff
3514,8810c625a3fffff
3515,8810c04a53fffff
3516,8810c2a341fffff
3517,8810c0475dfffff
3518,8810c04c43fffff
3519,8810c04c1dfffff
3520,8810c0ccd7fffff
3521,8810c01a03fffff
3522,8810c009b9fffff
3523,8810c0d409fffff
3524,8810c08b5dfffff
3525,8810c62491fffff
3526,8810c0d6b9fffff
3527,8810c01309fffff
3528,8810c07693fffff
3529,8810c00c25fffff
3530,8810c051a5fffff
3531,8810c04ca3fffff
3532,8810c05091fffff
3533,8810c0c183fffff
3534,8810c04dadfffff
3535,8810c058bdfffff
3536,8810c049a5fffff
3537,8810c05709fffff
3538,8810c0433dfffff
3539,8810c05abbfffff
3540,8810c05287fffff
3541,8810c00885fffff
3542,8810c0d691fffff
3543,8810c0c4bdfffff
3544,8810c07653fffff
3545,8810c052d3fffff
3546,8810c2b213fffff
3547,8810c0748bfffff
3548,8810c04f53fffff
3549,8810c04a95fffff
3550,8810c00905fffff
3551,8810c0504bfffff
3552,8810c0522dfffff
3553,8810c0448bfffff
3554,8810c05367fffff
3555,8810c08b17fffff
3556,8810c0d4cdfffff
3557,8810c0505dfffff
3558,8810c05565fffff
3559,8810c0ced5fffff
3560,8810c0c5e9fffff
3561,8810c08b05fffff
3562,8810c048a1fffff
3563,8810c626a5fffff
3564,8810c040a3fffff
3565,8810c07331fffff
3566,8810c03949fffff
3567,8810c2b0c5fffff
3568,8810c00b49fffff
3569,8810c04989fffff
3570,8810c00187fffff
3571,8810c0813bfffff
3572,8810c0881dfffff
3573,8810c00b6bfffff
3574,8810c058cdfffff
3575,8810c00969fffff
3576,8810c04811fffff
3577,8810c00995fffff
3578,8810c08a89fffff
3579,8810c0110bfffff
3580,8810c04f69fffff
3581,8810c0536dfffff
3582,8810c04d97fffff
3583,8810c0ce09fffff
3584,8810c07647fffff
3585,8810c0ce61fffff
3586,8810c0763dfffff
3587,8810c0502bfffff
3588,8810c0ce11fffff
3589,8810c2b1e7fffff
3590,8810c0400dfffff
3591,8810c058dbfffff
3592,8810c056bbfffff
3593,8810c0d40bfffff
3594,8810c05459fffff
3595,8810c0cdcdfffff
3596,8810c2b005fffff
3597,8810c07a6dfffff
3598,8810c2b2cdfffff
3599,8810c0502dfffff
3600,8810c0c2d5fffff
3601,8810c050a5fffff
3602,8810c0481bfffff
3603,8810c07b51fffff
3604,8810c05241fffff
3605,8810c05ab1fffff
3606,8810c0193dfffff
3607,8810c05093fffff
3608,8810c08b61fffff
3609,8810c04c2dfffff
3610,8810c01b49fffff
3611,8810c055b3fffff
3612,8810c0c0a5fffff
3613,8810c04a43fffff
3614,8810c2b205fffff
3615,8810c0c0d3fffff
3616,8810c0c9edfffff
3617,8810c00c59fffff
3618,8810c2b0e1fffff
3619,8810c05499fffff
3620,8810c00cadfffff
3621,8810c0624bfffff
3622,8810c05467fffff
3623,8810c00951fffff
3624,8810c0c091fffff
3625,8810c05343fffff
3626,8810c04351fffff
3627,8810c04ae3fffff
3628,8810c0712dfffff
3629,8810c05867fffff
3630,8810c0735dfffff
3631,8810c62493fffff
3632,8810c05527fffff
3633,8810c07139fffff
3634,8810c02b1bfffff
3635,8810c08b09fffff
3636,8810c0528bfffff
3637,8810c07613fffff
3638,8810c056c1fffff
3639,8810c00dc3fffff
3640,8810c0c9b1fffff
3641,8810c04a37fffff
3642,8810c04e29fffff
3643,8810c048c5fffff
3644,8810c05357fffff
3645,8810c052a7fffff
3646,8810c04cd5fffff
3647,8810c01a2dfffff
3648,8810c0474dfffff
3649,8810c0519dfffff
3650,8810c00d0bfffff
3651,8810c00c5dfffff
3652,8810c08b67fffff
3653,8810c04741fffff
3654,8810c040e5fffff
3655,8810c0d463fffff
3656,8810c0d535fffff
3657,8810c00821fffff
3658,8810c0cde1fffff
3659,8810c07023fffff
3660,8810c08869fffff
3661,8810c0526bfffff
3662,8810c04747fffff
3663,8810c049b7fffff
3664,8810c04a1dfffff
3665,8810c05639fffff
3666,8810c05869fffff
3667,8810c625b5fffff
3668,8810c04c05fffff
3669,8810c01941fffff
3670,8810c0c0d7fffff
3671,8810c2b20dfffff
3672,8810c0cc97fffff
3673,8810c04141fffff
3674,8810c00c17fffff
3675,8810c075c9fffff
3676,8810c0751dfffff
3677,8810c0722dfffff
3678,8810c00d8dfffff
3679,8810c2b103fffff
3680,8810c0d5a1fffff
3681,8810c04413fffff
3682,8810c07421fffff
3683,8810c2b2ebfffff
3684,8810c054d7fffff
3685,8810c05641fffff
3686,8810c070d7fffff
3687,8810c058d5fffff
3688,8810c62517fffff
3689,8810c04255fffff
3690,8810c0c76bfffff
3691,8810c2b025fffff
3692,8810c2b003fffff
3693,8810c05729fffff
3694,8810c0ce81fffff
3695,8810c058cbfffff
3696,8810c0c517fffff
3697,8810c08a27fffff
3698,8810c2b03dfffff
3699,8810c2b29bfffff
3700,8810c0d491fffff
3701,8810c62681fffff
3702,8810c0531bfffff
3703,8810c05401fffff
3704,8810c00c3dfffff
3705,8810c05349fffff
3706,8810c0ceb7fffff
3707,8810c2b0e5fffff
3708,8810c0466bfffff
3709,8810c044c9fffff
3710,8810c041e3fffff
3711,8810c04155fffff
3712,8810c05b1bfffff
3713,8810c03959fffff
3714,8810c05289fffff
3715,8810c0d699fffff
3716,8810c001a5fffff
3717,8810c04c2bfffff
3718,8810c04c9bfffff
3719,8810c0595bfffff
3720,8810c01125fffff
3721,8810c044d9fffff
3722,8810c05aedfffff
3723,8810c04745fffff
3724,8810c058e7fffff
3725,8810c0519bfffff
3726,8810c0c963fffff
3727,8810c00e57fffff
3728,8810c0d683fffff
3729,8810c01a11fffff
3730,8810c0d431fffff
3731,8810c075e9fffff
3732,8810c0c8d3fffff
3733,8810c0c9b7fffff
3734,8810c0c285fffff
3735,8810c00c43fffff
3736,8810c044e3fffff
3737,8810c076c1fffff
3738,8810c0c2ddfffff
3739,8810c00981fffff
3740,8810c049b9fffff
3741,8810c0d5d5fffff
3742,8810c041edfffff
3743,8810c04a13fffff
3744,8810c040c7fffff
3745,8810c0ccdbfffff
3746,8810c0525bfffff
3747,8810c0c8a5fffff
3748,8810c07b4bfffff
3749,8810c00907fffff
3750,8810c00d49fffff
3751,8810c00929fffff
3752,8810c00ea3fffff
3753,8810c071c7fffff
3754,8810c0cf05fffff
3755,8810c00f0bfffff
3756,8810c02b3dfffff
3757,8810c0cd3bfffff
3758,8810c041b3fffff
3759,8810c07405fffff
3760,8810c0d689fffff
3761,8810c07a6bfffff
3762,8810c0111dfffff
3763,8810c0755bfffff
3764,8810c0c1d7fffff
3765,8810c01353fffff
3766,8810c07243fffff
3767,8810c02b29fffff
3768,8810c048c9fffff
3769,8810c0c601fffff
3770,8810c04993fffff
3771,8810c0c91dfffff
3772,8810c0741dfffff
3773,8810c00f65fffff
3774,8810c62511fffff
3775,8810c00c8dfffff
3776,8810c07623fffff
3777,8810c0c535fffff
3778,8810c04855fffff
3779,8810c05321fffff
3780,8810c054b3fffff
3781,8810c00cedfffff
3782,8810c059d3fffff
3783,8810c0508dfffff
3784,8810c2b1c9fffff
3785,8810c2b1bdfffff
3786,8810c04d11fffff
3787,8810c07a39fffff
3788,8810c0c9c3fffff
3789,8810c089bdfffff
3790,8810c0705dfffff
3791,8810c06255fffff
3792,8810c0ceadfffff
3793,8810c07731fffff
3794,8810c04c03fffff
3795,8810c03967fffff
3796,8810c05765fffff
3797,8810c04d57fffff
3798,8810c01349fffff
3799,8810c07a25fffff
3800,8810c00ce3fffff
3801,8810c0c929fffff
3802,8810c070d5fffff
3803,8810c62427fffff
3804,8810c0406dfffff
3805,8810c0702dfffff
3806,8810c042edfffff
3807,8810c0c835fffff
3808,8810c0090bfffff
3809,8810c07295fffff
3810,8810c072bdfffff
3811,8810c045abfffff
3812,8810c00dbbfffff
3813,8810c05747fffff
3814,8810c08969fffff
3815,8810c00cb7fffff
3816,8810c04dd9fffff
3817,8810c070a9fffff
3818,8810c04021fffff
3819,8810c04f07fffff
3820,8810c050e7fffff
3821,8810c07107fffff
3822,8810c296c5fffff
3823,8810c042e1fffff
3824,8810c0c551fffff
3825,8810c04aa9fffff
3826,8810c0d6d5fffff
3827,8810c01923fffff
3828,8810c03911fffff
3829,8810c048b5fffff
3830,8810c07709fffff
3831,8810c0742dfffff
3832,8810c00d41fffff
3833,8810c04043fffff
3834,8810c04223fffff
3835,8810c0625dfffff
3836,8810c052b7fffff
3837,8810c05111fffff
3838,8810c07549fffff
3839,8810c00c15fffff
3840,8810c0d4edfffff
3841,8810c0c087fffff
3842,8810c0cd05fffff
3843,8810c0c089fffff
3844,8810c04f23fffff
3845,8810c00db7fffff
3846,8810c0c6c3fffff
3847,8810c05a1dfffff
3848,8810c0583bfffff
3849,8810c0c90bfffff
3850,8810c009e9fffff
3851,8810c05669fffff
3852,8810c04119fffff
3853,8810c0c71bfffff
3854,8810c04ce1fffff
3855,8810c62593fffff
3856,8810c009d1fffff
3857,8810c044ddfffff
3858,8810c056c7fffff
3859,8810c0480dfffff
3860,8810c0cdbbfffff
3861,8810c0c46dfffff
3862,8810c074e9fffff
3863,8810c009abfffff
3864,8810c01a5bfffff
3865,8810c0d6bdfffff
3866,8810c2b24dfffff
3867,8810c0c503fffff
3868,8810c0c0b9fffff
3869,8810c051a1fffff
3870,8810c08a61fffff
3871,8810c051adfffff
3872,8810c07099fffff
3873,8810c04c07fffff
3874,8810c04001fffff
3875,8810c05121fffff
3876,8810c02847fffff
3877,8810c0570bfffff
3878,8810c055d5fffff
3879,8810c05685fffff
3880,8810c04025fffff
3881,8810c0c555fffff
3882,8810c0cf35fffff
3883,8810c2b01bfffff
3884,8810c044b9fffff
3885,8810c00a93fffff
3886,8810c0c645fffff
3887,8810c0135dfffff
3888,8810c00961fffff
3889,8810c0c745fffff
3890,8810c052b9fffff
3891,8810c0cd0bfffff
3892,8810c05329fffff
3893,8810c04e31fffff
3894,8810c050cdfffff
3895,8810c2b265fffff
3896,8810c04335fffff
3897,8810c04205fffff
3898,8810c04cb7fffff
3899,8810c00889fffff
3900,8810c0562bfffff
3901,8810c04d15fffff
3902,8810c00e21fffff
3903,8810c2b029fffff
3904,8810c07349fffff
3905,8810c00a9dfffff
3906,8810c2b23bfffff
3907,8810c041a5fffff
3908,8810c0421dfffff
3909,8810c0c65bfffff
3910,8810c0d697fffff
3911,8810c0542bfffff
3912,8810c05543fffff
3913,8810c01149fffff
3914,8810c04859fffff
3915,8810c0534dfffff
3916,8810c048dbfffff
3917,8810c04c4bfffff
3918,8810c055a5fffff
3919,8810c02b1dfffff
3920,8810c0ce31fffff
3921,8810c0c9adfffff
3922,8810c049d3fffff
3923,8810c2b281fffff
3924,8810c00de9fffff
3925,8810c0cedbfffff
3926,8810c0cce3fffff
3927,8810c04c8bfffff
3928,8810c2b249fffff
3929,8810c624cdfffff
3930,8810c07a3dfffff
3931,8810c04ca1fffff
3932,8810c0890dfffff
3933,8810c05157fffff
3934,8810c054c3fffff
3935,8810c00d35fffff
3936,8810c089a9fffff
3937,8810c00d2dfffff
3938,8810c03921fffff
3939,8810c0c51bfffff
3940,8810c00f2dfffff
3941,8810c0cc19fffff
3942,8810c01a63fffff
3943,8810c0cebbfffff
3944,8810c0cd95fffff
3945,8810c6258bfffff
3946,8810c04369fffff
3947,8810c0582bfffff
3948,8810c0413bfffff
3949,8810c08833fffff
3950,8810c04613fffff
3951,8810c0cf15fffff
3952,8810c05a27fffff
3953,8810c07a5bfffff
3954,8810c04739fffff
3955,8810c04e2dfffff
3956,8810c04cedfffff
3957,8810c0c759fffff
3958,8810c040e7fffff
3959,8810c0c631fffff
3960,8810c2b027fffff
3961,8810c04d0dfffff
3962,8810c03957fffff
3963,8810c039a5fffff
3964,8810c0441bfffff
3965,8810c0c88bfffff
3966,8810c05835fffff
3967,8810c626b5fffff
3968,8810c05009fffff
3969,8810c03961fffff
3970,8810c04ccdfffff
3971,8810c0d58dfffff
3972,8810c0c4c1fffff
3973,8810c044abfffff
3974,8810c04ab9fffff
3975,8810c0c8bbfffff
3976,8810c0c8a3fffff
3977,8810c052cbfffff
3978,8810c0c729fffff
3979,8810c042dbfffff
3980,8810c04d8bfffff
3981,8810c05101fffff
3982,8810c0476dfffff
3983,8810c0132dfffff
3984,8810c07941fffff
3985,8810c04f43fffff
3986,8810c049b5fffff
3987,8810c0744dfffff
3988,8810c0c0bbfffff
3989,8810c0402dfffff
3990,8810c00183fffff
3991,8810c62551fffff
3992,8810c05415fffff
3993,8810c04f03fffff
3994,8810c2b261fffff
3995,8810c0c0c3fffff
3996,8810c07167fffff
3997,8810c2b1abfffff
3998,8810c0560dfffff
3999,8810c040d1fffff
4000,8810c0ce3dfffff
4001,8810c0475bfffff
4002,8810c044a5fffff
4003,8810c0c44bfffff
4004,8810c04229fffff
4005,8810c058b1fffff
4006,8810c0516bfffff
4007,8810c0d42bfffff
4008,8810c0489dfffff
4009,8810c0c609fffff
4010,8810c02b31fffff
4011,8810c0c051fffff
4012,8810c0559bfffff
4013,8810c626b7fffff
4014,8810c0cc8dfffff
4015,8810c041c7fffff
4016,8810c04d09fffff
4017,8810c0cdb5fffff
4018,8810c07637fffff
4019,8810c04f41fffff
4020,8810c05209fffff
4021,8810c04c65fffff
4022,8810c00983fffff
4023,8810c05409fffff
4024,8810c045bdfffff
4025,8810c0c2d3fffff
4026,8810c2b25dfffff
4027,8810c08b2bfffff
4028,8810c04dc1fffff
4029,8810c05ae5fffff
4030,8810c04191fffff
4031,8810c05239fffff
4032,8810c0095bfffff
4033,8810c0390dfffff
4034,8810c0c9d7fffff
4035,8810c04129fffff
4036,8810c07725fffff
4037,8810c0cdc9fffff
4038,8810c0510dfffff
4039,8810c05051fffff
4040,8810c0c681fffff
4041,8810c08a63fffff
4042,8810c044b7fffff
4043,8810c2b649fffff
4044,8810c0c72dfffff
4045,8810c0cf27fffff
4046,8810c0d6b3fffff
4047,8810c07639fffff
4048,8810c05b15fffff
4049,8810c0294bfffff
4050,8810c072c5fffff
4051,8810c05b39fffff
4052,8810c624c1fffff
4053,8810c06241fffff
4054,8810c624a3fffff
4055,8810c0523dfffff
4056,8810c0c9e9fffff
4057,8810c2b307fffff
4058,8810c04355fffff
4059,8810c0ce43fffff
4060,8810c019a7fffff
4061,8810c009c9fffff
4062,8810c0c711fffff
4063,8810c05255fffff
4064,8810c04e3bfffff
4065,8810c00ab3fffff
4066,8810c0499bfffff
4067,8810c0cd99fffff
4068,8810c052b3fffff
4069,8810c099a7fffff
4070,8810c044e7fffff
4071,8810c001a1fffff
4072,8810c00195fffff
4073,8810c0cea1fffff
4074,8810c0c613fffff
4075,8810c04dc3fffff
4076,8810c071c9fffff
4077,8810c0d527fffff
4078,8810c05011fffff
4079,8810c2b33bfffff
4080,8810c04a9bfffff
4081,8810c08a43fffff
4082,8810c05ad3fffff
4083,8810c01b55fffff
4084,8810c0d551fffff
4085,8810c0cc65fffff
4086,8810c071cdfffff
4087,8810c051abfffff
4088,8810c625ddfffff
4089,8810c04007fffff
4090,8810c07505fffff
4091,8810c08b45fffff
4092,8810c0ce15fffff
4093,8810c0d429fffff
4094,8810c04655fffff
4095,8810c01933fffff
4096,8810c0532dfffff
4097,8810c0430dfffff
4098,8810c04d35fffff
4099,8810c0099bfffff
4100,8810c0c4cdfffff
4101,8810c052adfffff
4102,8810c0711bfffff
4103,8810c04651fffff
4104,8810c045b3fffff
4105,8810c05b5dfffff
4106,8810c0585bfffff
4107,8810c04d29fffff
4108,8810c00d51fffff
4109,8810c0d685fffff
4110,8810c050d9fffff
4111,8810c0d4adfffff
4112,8810c2b315fffff
4113,8810c2b1b3fffff
4114,8810c05689fffff
4115,8810c05841fffff
4116,8810c04c27fffff
4117,8810c055e5fffff
4118,8810c2b1c7fffff
4119,8810c0c905fffff
4120,8810c00903fffff
4121,8810c00c9dfffff
4122,8810c0c2edfffff
4123,8810c00cabfffff
4124,8810c04483fffff
4125,8810c00c6dfffff
4126,8810c2b311fffff
4127,8810c0cd51fffff
4128,8810c0c99bfffff
4129,8810c00f4dfffff
4130,8810c286d7fffff
4131,8810c07529fffff
4132,8810c009ddfffff
4133,8810c00f37fffff
4134,8810c00ca1fffff
4135,8810c0731dfffff
4136,8810c0ced9fffff
4137,8810c0474bfffff
4138,8810c6249dfffff
4139,8810c04415fffff
4140,8810c0c59dfffff
4141,8810c051c3fffff
4142,8810c0c523fffff
4143,8810c04049fffff
4144,8810c0471dfffff
4145,8810c0d5b5fffff
4146,8810c07303fffff
4147,8810c05215fffff
4148,8810c03933fffff
4149,8810c62581fffff
4150,8810c00c95fffff
4151,8810c2b2a7fffff
4152,8810c0c5a1fffff
4153,8810c07255fffff
4154,8810c04debfffff
4155,8810c05503fffff
4156,8810c2b2c5fffff
4157,8810c0c643fffff
4158,8810c0cc9dfffff
4159,8810c0541bfffff
4160,8810c0d6b5fffff
4161,8810c044c7fffff
4162,8810c0c91bfffff
4163,8810c0cf31fffff
4164,8810c04329fffff
4165,8810c0d461fffff
4166,8810c07907fffff
4167,8810c00945fffff
4168,8810c0c51dfffff
4169,8810c0771dfffff
4170,8810c07487fffff
4171,8810c05a15fffff
4172,8810c0716bfffff
4173,8810c2b1b5fffff
4174,8810c07369fffff
4175,8810c05a3dfffff
4176,8810c0ce0bfffff
4177,8810c05313fffff
4178,8810c04ab7fffff
4179,8810c08a23fffff
4180,8810c0509dfffff
4181,8810c0760bfffff
4182,8810c07a03fffff
4183,8810c00d83fffff
4184,8810c04199fffff
4185,8810c625abfffff
4186,8810c0cdd9fffff
4187,8810c05129fffff
4188,8810c046bdfffff
4189,8810c058a5fffff
4190,8810c07203fffff
4191,8810c04cd7fffff
4192,8810c01325fffff
4193,8810c071c5fffff
4194,8810c052bdfffff
4195,8810c0468dfffff
4196,8810c0c291fffff
4197,8810c0726dfffff
4198,8810c626abfffff
4199,8810c0722bfffff
4200,8810c0552dfffff
4201,8810c0d42dfffff
4202,8810c052d7fffff
4203,8810c2b231fffff
4204,8810c286dbfffff
4205,8810c04cb5fffff
4206,8810c076a7fffff
4207,8810c0c9a1fffff
4208,8810c08b1dfffff
4209,8810c00c6bfffff
4210,8810c07533fffff
4211,8810c0576dfffff
4212,8810c0cc15fffff
4213,8810c0408dfffff
4214,8810c00f07fffff
4215,8810c0cc5bfffff
4216,8810c0c0d9fffff
4217,8810c07759fffff
4218,8810c0772bfffff
4219,8810c051b9fffff
4220,8810c0426dfffff
4221,8810c0574dfffff
4222,8810c02b2bfffff
4223,8810c00d59fffff
4224,8810c00ea7fffff
4225,8810c6248bfffff
4226,8810c2b143fffff
4227,8810c0c699fffff
4228,8810c07961fffff
4229,8810c008d1fffff
4230,8810c626b3fffff
4231,8810c00de5fffff
4232,8810c2b35bfffff
4233,8810c07311fffff
4234,8810c01005fffff
4235,8810c04e67fffff
4236,8810c2b2ddfffff
4237,8810c01159fffff
4238,8810c058ebfffff
4239,8810c076dbfffff
4240,8810c076cbfffff
4241,8810c0c409fffff
4242,8810c00957fffff
4243,8810c01a4dfffff
4244,8810c048b1fffff
4245,8810c08815fffff
4246,8810c0766bfffff
4247,8810c0540bfffff
4248,8810c0705bfffff
4249,8810c0d5d3fffff
4250,8810c625c3fffff
4251,8810c0c5d1fffff
4252,8810c2b0e9fffff
4253,8810c02809fffff
4254,8810c05a13fffff
4255,8810c0ce51fffff
4256,8810c01a23fffff
4257,8810c05b11fffff
4258,8810c0136dfffff
4259,8810c019a1fffff
4260,8810c05885fffff
4261,8810c0c081fffff
4262,8810c05183fffff
4263,8810c0621dfffff
4264,8810c04ae7fffff
4265,8810c04081fffff
4266,8810c05325fffff
4267,8810c0ce6dfffff
4268,8810c056cbfffff
4269,8810c05593fffff
4270,8810c01121fffff
4271,8810c2b2a3fffff
4272,8810c0c0e9fffff
4273,8810c0c559fffff
4274,8810c08acdfffff
4275,8810c055c3fffff
4276,8810c04241fffff
4277,8810c05285fffff
4278,8810c04e69fffff
4279,8810c0cf3bfffff
4280,8810c054d5fffff
4281,8810c00937fffff
4282,8810c05061fffff
4283,8810c0c653fffff
4284,8810c00eedfffff
4285,8810c05853fffff
4286,8810c076e1fffff
4287,8810c0c755fffff
4288,8810c04e25fffff
4289,8810c074d9fffff
4290,8810c0561bfffff
4291,8810c0ccabfffff
4292,8810c052c7fffff
4293,8810c040d5fffff
4294,8810c05587fffff
4295,8810c04769fffff
4296,8810c04723fffff
4297,8810c07483fffff
4298,8810c0712bfffff
4299,8810c0ce83fffff
4300,8810c05649fffff
4301,8810c00c09fffff
4302,8810c05b09fffff
4303,8810c05a41fffff
4304,8810c08807fffff
4305,8810c01145fffff
4306,8810c0cce7fffff
4307,8810c00d91fffff
4308,8810c0c5b5fffff
4309,8810c07b19fffff
4310,8810c0d4c5fffff
4311,8810c0735bfffff
4312,8810c0553bfffff
4313,8810c0c2bdfffff
4314,8810c07509fffff
4315,8810c04f5dfffff
4316,8810c0701dfffff
4317,8810c00893fffff
4318,8810c625b7fffff
4319,8810c00c91fffff
4320,8810c07481fffff
4321,8810c058a3fffff
4322,8810c00f0dfffff
4323,8810c00cbbfffff
4324,8810c07407fffff
4325,8810c0c411fffff
4326,8810c08b25fffff
4327,8810c04131fffff
4328,8810c0c4cbfffff
4329,8810c0721bfffff
4330,8810c00867fffff
4331,8810c04357fffff
4332,8810c07161fffff
4333,8810c048cbfffff
4334,8810c0462dfffff
4335,8810c04e35fffff
4336,8810c08921fffff
4337,8810c054b9fffff
4338,8810c0c8d5fffff
4339,8810c04e45fffff
4340,8810c074c9fffff
4341,8810c03903fffff
4342,8810c0720dfffff
4343,8810c2b34dfffff
4344,8810c07465fffff
4345,8810c041e7fffff
4346,8810c07217fffff
4347,8810c0c739fffff
4348,8810c04a97fffff
4349,8810c04d3dfffff
4350,8810c0753bfffff
4351,8810c0cee5fffff
4352,8810c051e5fffff
4353,8810c0cccbfffff
4354,8810c04609fffff
4355,8810c0c5c1fffff
4356,8810c2b011fffff
4357,8810c04499fffff
4358,8810c074edfffff
4359,8810c0c615fffff
4360,8810c0713bfffff
4361,8810c04085fffff
4362,8810c01319fffff
4363,8810c2b153fffff
4364,8810c00dbdfffff
4365,8810c0c597fffff
4366,8810c05123fffff
4367,8810c0cccdfffff
4368,8810c04211fffff
4369,8810c0094dfffff
4370,8810c04249fffff
4371,8810c07153fffff
4372,8810c07521fffff
4373,8810c00dcbfffff
4374,8810c04d3bfffff
4375,8810c00c01fffff
4376,8810c00f49fffff
4377,8810c04e65fffff
4378,8810c04703fffff
4379,8810c04cb9fffff
4380,8810c04a4dfffff
4381,8810c0c53dfffff
4382,8810c08a39fffff
4383,8810c2b2b1fffff
4384,8810c6251bfffff
4385,8810c2b2dbfffff
4386,8810c042a7fffff
4387,8810c0c997fffff
4388,8810c04d4bfffff
4389,8810c0cca7fffff
4390,8810c04a45fffff
4391,8810c050b3fffff
4392,8810c0436dfffff
4393,8810c0523bfffff
4394,8810c04d1dfffff
4395,8810c054bbfffff
4396,8810c042d3fffff
4397,8810c2b31bfffff
4398,8810c0cce1fffff
4399,8810c03931fffff
4400,8810c04cbdfffff
4401,8810c2b155fffff
4402,8810c0cea7fffff
4403,8810c01a29fffff
4404,8810c0ccedfffff
4405,8810c0c651fffff
4406,8810c08857fffff
4407,8810c00b4dfffff
4408,8810c050bbfffff
4409,8810c0114dfffff
4410,8810c04285fffff
4411,8810c04d27fffff
4412,8810c08ad9fffff
4413,8810c04101fffff
4414,8810c625e3fffff
4415,8810c05a53fffff
4416,8810c0ce35fffff
4417,8810c08819fffff
4418,8810c00d1dfffff
4419,8810c051d1fffff
4420,8810c0d6ebfffff
4421,8810c04149fffff
4422,8810c04d63fffff
4423,8810c07733fffff
4424,8810c019edfffff
4425,8810c048e1fffff
4426,8810c0411bfffff
4427,8810c08127fffff
4428,8810c04c0dfffff
4429,8810c04e27fffff
4430,8810c07045fffff
4431,8810c0d6adfffff
4432,8810c05125fffff
4433,8810c08ae3fffff
4434,8810c07611fffff
4435,8810c07341fffff
4436,8810c05a51fffff
4437,8810c0c425fffff
4438,8810c2b057fffff
4439,8810c624a9fffff
4440,8810c05697fffff
4441,8810c0c61bfffff
4442,8810c0428dfffff
4443,8810c0513bfffff
4444,8810c04e43fffff
4445,8810c089abfffff
4446,8810c071e5fffff
4447,8810c0408bfffff
4448,8810c0cc41fffff
4449,8810c0752dfffff
4450,8810c2b219fffff
4451,8810c0c293fffff
4452,8810c2b061fffff
4453,8810c2b197fffff
4454,8810c06209fffff
4455,8810c08809fffff
4456,8810c0556bfffff
4457,8810c07457fffff
4458,8810c00989fffff
4459,8810c0c73bfffff
4460,8810c00dcdfffff
4461,8810c0c5d3fffff
4462,8810c0cd4bfffff
4463,8810c08a13fffff
4464,8810c08933fffff
4465,8810c072cbfffff
4466,8810c0131dfffff
4467,8810c0d4a9fffff
4468,8810c0c445fffff
4469,8810c0c917fffff
4470,8810c2b26dfffff
4471,8810c0c4e3fffff
4472,8810c04889fffff
4473,8810c62439fffff
4474,8810c0c489fffff
4475,8810c04147fffff
4476,8810c07517fffff
4477,8810c624b7fffff
4478,8810c05a81fffff
4479,8810c0488dfffff
4480,8810c00f45fffff
4481,8810c00d6bfffff
4482,8810c0580dfffff
4483,8810c05865fffff
4484,8810c0ce55fffff
4485,8810c07a29fffff
4486,8810c00d85fffff
4487,8810c04f17fffff
4488,8810c0d43bfffff
4489,8810c00c67fffff
4490,8810c0c6a5fffff
4491,8810c00c65fffff
4492,8810c040ddfffff
4493,8810c00d65fffff
4494,8810c05a8bfffff
4495,8810c05563fffff
4496,8810c00f6dfffff
4497,8810c00d27fffff
4498,8810c04f27fffff
4499,8810c04e39fffff
4500,8810c0c8d1fffff
4501,8810c04a33fffff
4502,8810c2b31dfffff
4503,8810c049d7fffff
4504,8810c01925fffff
4505,8810c08addfffff
4506,8810c2b1cbfffff
4507,8810c0549bfffff
4508,8810c03b35fffff
4509,8810c05113fffff
4510,8810c00b01fffff
4511,8810c05589fffff
4512,8810c07751fffff
4513,8810c05911fffff
4514,8810c04f3dfffff
4515,8810c050c9fffff
4516,8810c0cdd1fffff
4517,8810c04307fffff
4518,8810c0c939fffff
4519,8810c0c90dfffff
4520,8810c08841fffff
4521,8810c046cbfffff
4522,8810c0c0b7fffff
4523,8810c0d4bdfffff
4524,8810c04f51fffff
4525,8810c0794dfffff
4526,8810c04863fffff
4527,8810c0d627fffff
4528,8810c0465bfffff
4529,8810c04ab3fffff
4530,8810c624c7fffff
4531,8810c00ca3fffff
4532,8810c2b15dfffff
4533,8810c041d7fffff
4534,8810c04669fffff
4535,8810c01945fffff
4536,8810c00d4bfffff
4537,8810c0c999fffff
4538,8810c0500dfffff
4539,8810c04da5fffff
4540,8810c05533fffff
4541,8810c07337fffff
4542,8810c0ce2dfffff
4543,8810c07053fffff
4544,8810c0d4e1fffff
4545,8810c624d5fffff
4546,8810c0cc93fffff
4547,8810c04d93fffff
4548,8810c07245fffff
4549,8810c054b7fffff
4550,8810c0ce25fffff
4551,8810c05281fffff
4552,8810c0cde5fffff
4553,8810c0419dfffff
4554,8810c0c883fffff
4555,8810c01a45fffff
4556,8810c040cdfffff
4557,8810c01b35fffff
4558,8810c0280dfffff
4559,8810c00d33fffff
4560,8810c625c7fffff
4561,8810c0563bfffff
4562,8810c05165fffff
4563,8810c05a63fffff
4564,8810c0535dfffff
4565,8810c07747fffff
4566,8810c04f57fffff
4567,8810c0c009fffff
4568,8810c0d59bfffff
4569,8810c08b53fffff
4570,8810c00da5fffff
4571,8810c076d3fffff
4572,8810c00909fffff
4573,8810c0c19bfffff
4574,8810c08a53fffff
4575,8810c0c5b1fffff
4576,8810c07641fffff
4577,8810c626d1fffff
4578,8810c08a59fffff
4579,8810c01a41fffff
4580,8810c0d6b7fffff
4581,8810c04055fffff
4582,8810c0c9c7fffff
4583,8810c2b35dfffff
4584,8810c08943fffff
4585,8810c05027fffff
4586,8810c05225fffff
4587,8810c0c2e7fffff
4588,8810c04d23fffff
4589,8810c008a1fffff
4590,8810c0c5d5fffff
4591,8810c07b1bfffff
4592,8810c0410dfffff
4593,8810c07083fffff
4594,8810c0286bfffff
4595,8810c0cf0dfffff
4596,8810c08ae5fffff
4597,8810c0891dfffff
4598,8810c089e1fffff
4599,8810c04035fffff
4600,8810c041e1fffff
4601,8810c01b61fffff
4602,8810c05243fffff
4603,8810c07237fffff
4604,8810c2b297fffff
4605,8810c05335fffff
4606,8810c04d67fffff
4607,8810c07519fffff
4608,8810c0c66dfffff
4609,8810c04767fffff
4610,8810c05a5dfffff
4611,8810c045b1fffff
4612,8810c07105fffff
4613,8810c089c5fffff
4614,8810c08123fffff
4615,8810c62405fffff
4616,8810c0533bfffff
4617,8810c0cf2bfffff
4618,8810c04f65fffff
4619,8810c048b7fffff
4620,8810c0c721fffff
4621,8810c00ccbfffff
4622,8810c07089fffff
4623,8810c07121fffff
4624,8810c0c525fffff
4625,8810c0c405fffff
4626,8810c05461fffff
4627,8810c0cd55fffff
4628,8810c625e5fffff
4629,8810c05ac5fffff
4630,8810c0c907fffff
4631,8810c0c529fffff
4632,8810c0460dfffff
4633,8810c0c299fffff
4634,8810c0c2b9fffff
4635,8810c0c0d1fffff
4636,8810c00cd3fffff
4637,8810c050a9fffff
4638,8810c04a5bfffff
4639,8810c626a7fffff
4640,8810c0c709fffff
4641,8810c08107fffff
4642,8810c0d5cbfffff
4643,8810c08929fffff
4644,8810c0d581fffff
4645,8810c04333fffff
4646,8810c00d99fffff
4647,8810c00f41fffff
4648,8810c04c59fffff
4649,8810c076ebfffff
4650,8810c00e31fffff
4651,8810c0c1d3fffff
4652,8810c0c89bfffff
4653,8810c04f61fffff
4654,8810c04de9fffff
4655,8810c624e7fffff
4656,8810c0763bfffff
4657,8810c041d5fffff
4658,8810c0c48dfffff
4659,8810c62599fffff
4660,8810c044bdfffff
4661,8810c04235fffff
4662,8810c05143fffff
4663,8810c05291fffff
4664,8810c05a0dfffff
4665,8810c07221fffff
4666,8810c0c937fffff
4667,8810c01a51fffff
4668,8810c074d5fffff
4669,8810c0449bfffff
4670,8810c2b30bfffff
4671,8810c04233fffff
4672,8810c054e3fffff
4673,8810c08a1bfffff
4674,8810c03937fffff
4675,8810c05207fffff
4676,8810c0c9a3fffff
4677,8810c049b3fffff
4678,8810c0d5b1fffff
4679,8810c05521fffff
4680,8810c01b5dfffff
4681,8810c0d717fffff
4682,8810c054d9fffff
4683,8810c0c605fffff
4684,8810c070e5fffff
4685,8810c0c403fffff
4686,8810c04ca9fffff
4687,8810c05025fffff
4688,8810c0cf55fffff
4689,8810c00a97fffff
4690,8810c050c1fffff
4691,8810c0c8bdfffff
4692,8810c05923fffff
4693,8810c00f5bfffff
4694,8810c2b659fffff
4695,8810c056c5fffff
4696,8810c0cf17fffff
4697,8810c2b317fffff
4698,8810c05437fffff
4699,8810c07541fffff
4700,8810c051bdfffff
4701,8810c01345fffff
4702,8810c042bbfffff
4703,8810c054e7fffff
4704,8810c08b5bfffff
4705,8810c0883bfffff
4706,8810c07965fffff
4707,8810c050adfffff
4708,8810c01a59fffff
4709,8810c01117fffff
4710,8810c01a5dfffff
4711,8810c05189fffff
4712,8810c05759fffff
4713,8810c040a5fffff
4714,8810c01a19fffff
4715,8810c04293fffff
4716,8810c04289fffff
4717,8810c0cc85fffff
4718,8810c0cd8dfffff
4719,8810c05767fffff
4720,8810c04f09fffff
4721,8810c01163fffff
4722,8810c2b013fffff
4723,8810c04e49fffff
4724,8810c0548bfffff
4725,8810c0883dfffff
4726,8810c05361fffff
4727,8810c0c0e7fffff
4728,8810c01343fffff
4729,8810c624abfffff
4730,8810c008b1fffff
4731,8810c05403fffff
4732,8810c01943fffff
4733,8810c05b2bfffff
4734,8810c0c687fffff
4735,8810c0c703fffff
4736,8810c0cdd3fffff
4737,8810c08961fffff
4738,8810c0421bfffff
4739,8810c05b37fffff
4740,8810c2b1c3fffff
4741,8810c05831fffff
4742,8810c07b53fffff
4743,8810c03827fffff
4744,8810c048e5fffff
4745,8810c04491fffff
4746,8810c099b7fffff
4747,8810c040bdfffff
4748,8810c04283fffff
4749,8810c04247fffff
4750,8810c2b2a9fffff
4751,8810c0730dfffff
4752,8810c054e1fffff
4753,8810c04743fffff
4754,8810c00955fffff
4755,8810c05231fffff
4756,8810c07729fffff
4757,8810c07301fffff
4758,8810c0cd2dfffff
4759,8810c04983fffff
4760,8810c0c8edfffff
4761,8810c296c1fffff
4762,8810c07285fffff
4763,8810c2b05dfffff
4764,8810c05103fffff
4765,8810c00f01fffff
4766,8810c0c1d5fffff
4767,8810c04095fffff
4768,8810c0d6e1fffff
4769,8810c0c46bfffff
4770,8810c04807fffff
4771,8810c04ea5fffff
4772,8810c0cf37fffff
4773,8810c0d595fffff
4774,8810c089cdfffff
4775,8810c0cea5fffff
4776,8810c00de3fffff
4777,8810c07617fffff
4778,8810c07117fffff
4779,8810c08811fffff
4780,8810c05585fffff
4781,8810c04167fffff
4782,8810c009c3fffff
4783,8810c0d419fffff
4784,8810c05a19fffff
4785,8810c04041fffff
4786,8810c0c49dfffff
4787,8810c0508bfffff
4788,8810c0775dfffff
4789,8810c05513fffff
4790,8810c0512bfffff
4791,8810c05883fffff
4792,8810c04a19fffff
4793,8810c0ce63fffff
4794,8810c00b03fffff
4795,8810c00c49fffff
4796,8810c0589bfffff
4797,8810c00e0bfffff
4798,8810c0d4c3fffff
4799,8810c041a9fffff
4800,8810c009d9fffff
4801,8810c08821fffff
4802,8810c0c507fffff
4803,8810c04033fffff
4804,8810c099bbfffff
4805,8810c04887fffff
4806,8810c04f37fffff
4807,8810c00f05fffff
4808,8810c2b2c7fffff
4809,8810c05237fffff
4810,8810c05ad1fffff
4811,8810c2b65dfffff
4812,8810c0190dfffff
4813,8810c625dbfffff
4814,8810c05319fffff
4815,8810c009b1fffff
4816,8810c0ce93fffff
4817,8810c0743bfffff
4818,8810c0c915fffff
4819,8810c08b69fffff
4820,8810c2b0c7fffff
4821,8810c62589fffff
4822,8810c07b11fffff
4823,8810c052d5fffff
4824,8810c07357fffff
4825,8810c05439fffff
4826,8810c04cc7fffff
4827,8810c08861fffff
4828,8810c0d5b3fffff
4829,8810c0cf01fffff
4830,8810c0c447fffff
4831,8810c0c461fffff
4832,8810c05263fffff
4833,8810c0d433fffff
4834,8810c0459bfffff
4835,8810c04325fffff
4836,8810c0ce5dfffff
4837,8810c040c9fffff
4838,8810c07703fffff
4839,8810c2b11bfffff
4840,8810c0c2cdfffff
4841,8810c0743dfffff
4842,8810c00db3fffff
4843,8810c0395dfffff
4844,8810c296cdfffff
4845,8810c0884dfffff
4846,8810c0533dfffff
4847,8810c0d499fffff
4848,8810c0c743fffff
4849,8810c0749dfffff
4850,8810c05721fffff
4851,8810c0c93bfffff
4852,8810c05531fffff
4853,8810c0d589fffff
4854,8810c2b187fffff
4855,8810c07439fffff
4856,8810c05455fffff
4857,8810c6269dfffff
4858,8810c019a5fffff
4859,8810c00891fffff
4860,8810c0d513fffff
4861,8810c00e65fffff
4862,8810c055c9fffff
4863,8810c05aabfffff
4864,8810c625bdfffff
4865,8810c05057fffff
4866,8810c01b45fffff
4867,8810c04ad5fffff
4868,8810c0c693fffff
4869,8810c286d3fffff
4870,8810c0c6bbfffff
4871,8810c624cbfffff
4872,8810c05283fffff
4873,8810c0d5c7fffff
4874,8810c07163fffff
4875,8810c0c903fffff
4876,8810c0736dfffff
4877,8810c07a05fffff
4878,8810c0c715fffff
4879,8810c07925fffff
4880,8810c01b67fffff
4881,8810c0c18bfffff
4882,8810c052c5fffff
4883,8810c05457fffff
4884,8810c00c1bfffff
4885,8810c041d1fffff
4886,8810c0cc09fffff
4887,8810c62553fffff
4888,8810c0435dfffff
4889,8810c0130bfffff
4890,8810c04f1dfffff
4891,8810c04d01fffff
4892,8810c0d44dfffff
4893,8810c0d5a5fffff
4894,8810c03b29fffff
4895,8810c0ccb7fffff
4896,8810c05465fffff
4897,8810c0c4e1fffff
4898,8810c2b1b1fffff
4899,8810c0d49dfffff
4900,8810c05181fffff
4901,8810c00c27fffff
4902,8810c05523fffff
4903,8810c2b29dfffff
4904,8810c042c7fffff
4905,8810c08b23fffff
4906,8810c0c8b5fffff
4907,8810c2b653fffff
4908,8810c2b0cdfffff
4909,8810c0d453fffff
4910,8810c0c2d1fffff
4911,8810c00f11fffff
4912,8810c05099fffff
4913,8810c074c5fffff
4914,8810c00f3bfffff
4915,8810c05429fffff
4916,8810c07553fffff
4917,8810c058e3fffff
4918,8810c0c593fffff
4919,8810c05159fffff
4920,8810c0d515fffff
4921,8810c0503dfffff
4922,8810c0c623fffff
4923,8810c052e3fffff
4924,8810c0c5a3fffff
4925,8810c07539fffff
4926,8810c07447fffff
4927,8810c625cdfffff
4928,8810c04a17fffff
4929,8810c01155fffff
4930,8810c00d05fffff
4931,8810c0c0e1fffff
4932,8810c0d6e7fffff
4933,8810c04337fffff
4934,8810c0cd35fffff
4935,8810c074a1fffff
4936,8810c01131fffff
4937,8810c04a09fffff
4938,8810c05433fffff
4939,8810c01b25fffff
4940,8810c04749fffff
4941,8810c625c5fffff
4942,8810c0898dfffff
4943,8810c04489fffff
4944,8810c0ce0dfffff
4945,8810c0c42bfffff
4946,8810c00c99fffff
4947,8810c0ce01fffff
4948,8810c03953fffff
4949,8810c052cdfffff
4950,8810c0cdb3fffff
4951,8810c0c49bfffff
4952,8810c048e7fffff
4953,8810c0c4abfffff
4954,8810c072a1fffff
4955,8810c04245fffff
4956,8810c040ebfffff
4957,8810c049c7fffff
4958,8810c0c8a9fffff
4959,8810c625a9fffff
4960,8810c04209fffff
4961,8810c052d9fffff
4962,8810c0894bfffff
4963,8810c05aadfffff
4964,8810c0d407fffff
4965,8810c056e9fffff
4966,8810c0ce17fffff
4967,8810c0c4c9fffff
4968,8810c0c2abfffff
4969,8810c046cdfffff
4970,8810c04c3dfffff
4971,8810c0cc0dfffff
4972,8810c02b55fffff
4973,8810c041b9fffff
4974,8810c04c29fffff
4975,8810c0cf0bfffff
4976,8810c0715dfffff
4977,8810c0d6e3fffff
4978,8810c2b0cbfffff
4979,8810c29613fffff
4980,8810c0c03bfffff
4981,8810c00c93fffff
4982,8810c0cd17fffff
4983,8810c2b069fffff
4984,8810c04e41fffff
4985,8810c00c8bfffff
4986,8810c048ddfffff
4987,8810c01931fffff
4988,8810c00d0dfffff
4989,8810c0cec3fffff
4990,8810c0cdc1fffff
4991,8810c05421fffff
4992,8810c0c581fffff
4993,8810c0565bfffff
4994,8810c05a8dfffff
4995,8810c0c6a7fffff
4996,8810c00d13fffff
4997,8810c04dc5fffff
4998,8810c00d3bfffff
4999,8810c0c4a3fffff
5000,8810c089a7fffff
5001,8810c00dedfffff
5002,8810c0711dfffff
5003,8810c00f57fffff
5004,8810c00881fffff
5005,8810c0d4d7fffff
5006,8810c0d537fffff
5007,8810c0c985fffff
5008,8810c0d71bfffff
5009,8810c0086bfffff
5010,8810c050a1fffff
5011,8810c00c1dfffff
5012,8810c048b9fffff
5013,8810c0cd3dfffff
5014,8810c04813fffff
5015,8810c0573bfffff
5016,8810c042d9fffff
5017,8810c04ae9fffff
5018,8810c01a49fffff
5019,8810c62695fffff
5020,8810c07683fffff
5021,8810c01357fffff
5022,8810c048adfffff
5023,8810c2b151fffff
5024,8810c04a87fffff
5025,8810c2b009fffff
5026,8810c04839fffff
5027,8810c07a01fffff
5028,8810c0470dfffff
5029,8810c072b5fffff
5030,8810c04353fffff
5031,8810c05a11fffff
5032,8810c00f47fffff
5033,8810c2b2b7fffff
5034,8810c01337fffff
5035,8810c072e5fffff
5036,8810c0d4b1fffff
5037,8810c04ab1fffff
5038,8810c07431fffff
5039,8810c07283fffff
5040,8810c0cc27fffff
5041,8810c0745bfffff
5042,8810c052b1fffff
5043,8810c05b13fffff
5044,8810c0776dfffff
5045,8810c051e9fffff
5046,8810c625d5fffff
5047,8810c04841fffff
5048,8810c0d53dfffff
5049,8810c05b19fffff
5050,8810c055a7fffff
5051,8810c0ccddfffff
5052,8810c0558bfffff
5053,8810c0c9c1fffff
5054,8810c0c4a7fffff
5055,8810c00cc7fffff
5056,8810c058a7fffff
5057,8810c08957fffff
5058,8810c05193fffff
5059,8810c0cd11fffff
5060,8810c048bdfffff
5061,8810c07297fffff
5062,8810c0c505fffff
5063,8810c0521bfffff
5064,8810c2b039fffff
5065,8810c042e9fffff
5066,8810c0c6a9fffff
5067,8810c04f3bfffff
5068,8810c2b237fffff
5069,8810c059cdfffff
5070,8810c0d6a5fffff
5071,8810c2b2bbfffff
5072,8810c0c9e1fffff
5073,8810c2b033fffff
5074,8810c00da1fffff
5075,8810c0709bfffff
5076,8810c0448dfffff
5077,8810c048a5fffff
5078,8810c05931fffff
5079,8810c0c2c9fffff
5080,8810c05a89fffff
5081,8810c0545dfffff
5082,8810c0d6a9fffff
5083,8810c00d21fffff
5084,8810c00d9bfffff
5085,8810c07247fffff
5086,8810c04dcbfffff
5087,8810c07015fffff
5088,8810c050b7fffff
5089,8810c050ddfffff
5090,8810c624a7fffff
5091,8810c04083fffff
5092,8810c0544bfffff
5093,8810c05699fffff
5094,8810c00e15fffff
5095,8810c039a1fffff
5096,8810c056dbfffff
5097,8810c2b36bfffff
5098,8810c0d5d9fffff
5099,8810c00ce7fffff
5100,8810c0422bfffff
5101,8810c07219fffff
5102,8810c07261fffff
5103,8810c0cee7fffff
5104,8810c0c195fffff
5105,8810c0894dfffff
5106,8810c0cddbfffff
5107,8810c07627fffff
5108,8810c07463fffff
5109,8810c07969fffff
5110,8810c0113dfffff
5111,8810c008a9fffff
5112,8810c008b5fffff
5113,8810c0d4b7fffff
5114,8810c0ce1dfffff
5115,8810c044b1fffff
5116,8810c056abfffff
5117,8810c0c5e1fffff
5118,8810c055d1fffff
5119,8810c62419fffff
5120,8810c626dbfffff
5121,8810c046c1fffff
5122,8810c0c40bfffff
5123,8810c0132bfffff
5124,8810c0cde9fffff
5125,8810c0c423fffff
5126,8810c0cf19fffff
5127,8810c0c4e7fffff
5128,8810c0c553fffff
5129,8810c00b3bfffff
5130,8810c0706dfffff
5131,8810c05755fffff
5132,8810c05acbfffff
5133,8810c05199fffff
5134,8810c07127fffff
5135,8810c08965fffff
5136,8810c05a97fffff
5137,8810c00abbfffff
5138,8810c00b37fffff
5139,8810c046b7fffff
5140,8810c05559fffff
5141,8810c01a0dfffff
5142,8810c08a01fffff
5143,8810c0760dfffff
5144,8810c059d1fffff
5145,8810c0c6c5fffff
5146,8810c04ac7fffff
5147,8810c0d5bbfffff
5148,8810c0c665fffff
5149,8810c0c663fffff
5150,8810c04805fffff
5151,8810c0d4e3fffff
5152,8810c2b2a5fffff
5153,8810c0c45bfffff
5154,8810c07323fffff
5155,8810c0c287fffff
5156,8810c044d1fffff
5157,8810c05a05fffff
5158,8810c0c59bfffff
5159,8810c04027fffff
5160,8810c0c89dfffff
5161,8810c624d1fffff
5162,8810c05955fffff
5163,8810c01921fffff
5164,8810c04991fffff
5165,8810c01361fffff
5166,8810c04d85fffff
5167,8810c0c933fffff
5168,8810c01a09fffff
5169,8810c051c1fffff
5170,8810c0d5c5fffff
5171,8810c0c661fffff
5172,8810c05a59fffff
5173,8810c0d4d3fffff
5174,8810c0d41dfffff
5175,8810c01025fffff
5176,8810c04f39fffff
5177,8810c0cc83fffff
5178,8810c00b61fffff
5179,8810c075c5fffff
5180,8810c0cc17fffff
5181,8810c00d55fffff
5182,8810c070e3fffff
5183,8810c62687fffff
5184,8810c04aa3fffff
5185,8810c04853fffff
5186,8810c00c47fffff
5187,8810c0ceedfffff
5188,8810c05851fffff
5189,8810c03b25fffff
5190,8810c04abdfffff
5191,8810c07b55fffff
5192,8810c0c6a3fffff
5193,8810c0c035fffff
5194,8810c00f21fffff
5195,8810c08851fffff
5196,8810c041cdfffff
5197,8810c0c2bbfffff
5198,8810c0ce97fffff
5199,8810c05813fffff
5200,8810c04345fffff
5201,8810c0ce91fffff
5202,8810c076c7fffff
5203,8810c0c9e7fffff
5204,8810c05163fffff
5205,8810c04a3dfffff
5206,8810c2b0ddfffff
5207,8810c07643fffff
5208,8810c0c88dfffff
5209,8810c0c667fffff
5210,8810c0cc95fffff
5211,8810c0d5ebfffff
5212,8810c00b17fffff
5213,8810c0c6dbfffff
5214,8810c01a69fffff
5215,8810c2b021fffff
5216,8810c04c97fffff
5217,8810c07063fffff
5218,8810c0cf07fffff
5219,8810c05811fffff
5220,8810c0d4d9fffff
5221,8810c01109fffff
5222,8810c076a9fffff
5223,8810c07a51fffff
5224,8810c04665fffff
5225,8810c00e1dfffff
5226,8810c056e3fffff
5227,8810c04f15fffff
5228,8810c0765bfffff
5229,8810c04c01fffff
5230,8810c0419bfffff
5231,8810c0c765fffff
5232,8810c05959fffff
5233,8810c05553fffff
5234,8810c0d4a7fffff
5235,8810c051e1fffff
5236,8810c04d31fffff
5237,8810c07a49fffff
5238,8810c2b2e3fffff
5239,8810c05919fffff
5240,8810c05701fffff
5241,8810c00d09fffff
5242,8810c62413fffff
5243,8810c626adfffff
5244,8810c07191fffff
5245,8810c072c7fffff
5246,8810c2b1a3fffff
5247,8810c00e03fffff
5248,8810c009d5fffff
5249,8810c055dbfffff
5250,8810c04d61fffff
5251,8810c01b05fffff
5252,8810c055a1fffff
5253,8810c0099dfffff
5254,8810c0d59dfffff
5255,8810c00991fffff
5256,8810c0c9cdfffff
5257,8810c040abfffff
5258,8810c0c1dbfffff
5259,8810c05197fffff
5260,8810c00941fffff
5261,8810c06249fffff
5262,8810c046bbfffff
5263,8810c0c449fffff
5264,8810c0423dfffff
5265,8810c04e37fffff
5266,8810c08963fffff
5267,8810c0891bfffff
5268,8810c0d5c3fffff
5269,8810c05695fffff
5270,8810c0d5c1fffff
5271,8810c052a1fffff
5272,8810c0c635fffff
5273,8810c076c5fffff
5274,8810c62415fffff
5275,8810c051c7fffff
5276,8810c0d6bbfffff
5277,8810c05ae1fffff
5278,8810c0c0ebfffff
5279,8810c01b0bfffff
5280,8810c0d49bfffff
5281,8810c051a7fffff
5282,8810c0501bfffff
5283,8810c07319fffff
5284,8810c04c45fffff
5285,8810c01b5bfffff
5286,8810c04341fffff
5287,8810c0c767fffff
5288,8810c01a67fffff
5289,8810c0575bfffff
5290,8810c059edfffff
5291,8810c048d3fffff
5292,8810c0cec9fffff
5293,8810c62425fffff
5294,8810c08a09fffff
5295,8810c04359fffff
5296,8810c05ab9fffff
5297,8810c05a23fffff
5298,8810c052e9fffff
5299,8810c0cf67fffff
5300,8810c05037fffff
5301,8810c0582dfffff
5302,8810c0c991fffff
5303,8810c08a15fffff
5304,8810c04c83fffff
5305,8810c0cc51fffff
5306,8810c076a1fffff
5307,8810c051e7fffff
5308,8810c05317fffff
5309,8810c0ced7fffff
5310,8810c03b27fffff
5311,8810c04649fffff
5312,8810c0c649fffff
5313,8810c00debfffff
5314,8810c05447fffff
5315,8810c044d7fffff
5316,8810c04599fffff
5317,8810c05491fffff
5318,8810c07353fffff
5319,8810c008bbfffff
5320,8810c045d9fffff
5321,8810c04689fffff
5322,8810c0c895fffff
5323,8810c0542dfffff
5324,8810c0d5edfffff
5325,8810c0cd81fffff
5326,8810c05821fffff
5327,8810c00b45fffff
5328,8810c0892bfffff
5329,8810c074ebfffff
5330,8810c054adfffff
5331,8810c0ce45fffff
5332,8810c0c6e3fffff
5333,8810c0c637fffff
5334,8810c624ddfffff
5335,8810c0773dfffff
5336,8810c070e9fffff
5337,8810c05ab5fffff
5338,8810c0096dfffff
5339,8810c00ee9fffff
5340,8810c0d4a1fffff
5341,8810c0c6b3fffff
5342,8810c05139fffff
5343,8810c042a1fffff
5344,8810c019adfffff
5345,8810c0443bfffff
5346,8810c2b337fffff
