,geohash
0,88316505abfffff
1,8831652d6dfffff
2,8831651645fffff
3,883165ce93fffff
4,8831619a6dfffff
5,883165280dfffff
6,88316520bdfffff
7,8831653a2bfffff
8,883165ac93fffff
9,8831657359fffff
10,883165705dfffff
11,88316572d5fffff
12,882ec96e9bfffff
13,8831652d19fffff
14,8831657765fffff
15,8831657597fffff
16,8831650741fffff
17,8831653a95fffff
18,88316534e5fffff
19,88316509e9fffff
20,8831653623fffff
21,8831650d13fffff
22,8831653733fffff
23,883165629dfffff
24,883165a88dfffff
25,88316511d7fffff
26,88316525abfffff
27,883165773bfffff
28,88316566a1fffff
29,8831650829fffff
30,8831657561fffff
31,8831652ce9fffff
32,88316515ddfffff
33,883165546bfffff
34,8831652707fffff
35,883165a851fffff
36,88316514ddfffff
37,88316501b9fffff
38,8831652aabfffff
39,883165adbbfffff
40,8831651139fffff
41,883165af31fffff
42,8831652a45fffff
43,8831619361fffff
44,883165ada7fffff
45,88316528c9fffff
46,8831658da1fffff
47,883165a859fffff
48,88316522b9fffff
49,8831652065fffff
50,8831652923fffff
51,8831657583fffff
52,8831651b3dfffff
53,883165ad3bfffff
54,8831653605fffff
55,8831657553fffff
56,8831652593fffff
57,8831652529fffff
58,8831658debfffff
59,8831651aa9fffff
60,88316515c1fffff
61,883165ad93fffff
62,8831653969fffff
63,88316502bbfffff
64,88316532d9fffff
65,8831657297fffff
66,8831650cc9fffff
67,8831653917fffff
68,883165aa9dfffff
69,8831652b47fffff
70,8831652c19fffff
71,883165209dfffff
72,88316519c7fffff
73,8831650c35fffff
74,883165a8e5fffff
75,8831619047fffff
76,8831651719fffff
77,883165160dfffff
78,8831650623fffff
79,883165154dfffff
80,88316504edfffff
81,8831650341fffff
82,883165cebbfffff
83,88316528e7fffff
84,882ec96ca1fffff
85,8831652853fffff
86,88316539b7fffff
87,8831619353fffff
88,8831656657fffff
89,88316576b7fffff
90,8831651417fffff
91,8831652747fffff
92,8831653835fffff
93,88316192d1fffff
94,8831653805fffff
95,882ec964a9fffff
96,883165720bfffff
97,8831652a6dfffff
98,8831651811fffff
99,88316526e5fffff
100,8831619043fffff
101,8831652739fffff
102,88316576cbfffff
103,8831651195fffff
104,883165a9a5fffff
105,883165260dfffff
106,8831652a55fffff
107,8831652227fffff
108,8831652e65fffff
109,88316521edfffff
110,8831657281fffff
111,88316572a3fffff
112,8831651569fffff
113,8831652c05fffff
114,883165386bfffff
115,88316539e1fffff
116,88316572c9fffff
117,88316519cdfffff
118,8831651a91fffff
119,883165166dfffff
120,883165a13dfffff
121,882ec92cbdfffff
122,8831651963fffff
123,8831650cb1fffff
124,8831651825fffff
125,8831651b07fffff
126,88316536e5fffff
127,8831653ac1fffff
128,883165aa81fffff
129,883165232dfffff
130,8831619357fffff
131,8831652869fffff
132,883165af21fffff
133,8831651521fffff
134,883165a981fffff
135,88316535a9fffff
136,88316528a1fffff
137,8831653083fffff
138,8831650815fffff
139,8831619007fffff
140,8831653467fffff
141,883165296dfffff
142,8831652b59fffff
143,88316566d9fffff
144,883165a987fffff
145,8831619327fffff
146,883165042dfffff
147,883165ad4bfffff
148,8831650cd5fffff
149,8831653b51fffff
150,8831651609fffff
151,883161911dfffff
152,8831653517fffff
153,883165a1a5fffff
154,88316575adfffff
155,883165343bfffff
156,8831657483fffff
157,8831650b3dfffff
158,88316519b9fffff
159,88316574e9fffff
160,8831652031fffff
161,8831651b69fffff
162,8831657227fffff
163,883165383bfffff
164,8831651b13fffff
165,8831653039fffff
166,8831651aedfffff
167,8831652f23fffff
168,883165295bfffff
169,8831650ed1fffff
170,8831650811fffff
171,8831619167fffff
172,88316521c3fffff
173,8831651809fffff
174,8831652291fffff
175,8831652d1bfffff
176,883165a995fffff
177,8831652363fffff
178,883165331bfffff
179,8831652b19fffff
180,88316536a1fffff
181,8831650ac7fffff
182,8831652cd7fffff
183,8831656421fffff
184,8831652849fffff
185,883165ada5fffff
186,882ec96495fffff
187,883165ad85fffff
188,883165563dfffff
189,883165a947fffff
190,8831652517fffff
191,8831619031fffff
192,8831653655fffff
193,8831657541fffff
194,88316536b7fffff
195,8831619351fffff
196,882ec92ca3fffff
197,8831653615fffff
198,88316504d5fffff
199,883165112bfffff
200,8831650d6bfffff
201,883165041dfffff
202,8831651ad5fffff
203,8831652c3dfffff
204,8831657319fffff
205,8831650001fffff
206,8831653a3bfffff
207,883165aa99fffff
208,8831650027fffff
209,8831652157fffff
210,8831619203fffff
211,883165a917fffff
212,8831652e1bfffff
213,8831652509fffff
214,8831650b63fffff
215,88316535dbfffff
216,8831650a5bfffff
217,8831653b53fffff
218,883165285bfffff
219,8831650c13fffff
220,88316508b7fffff
221,8831656647fffff
222,883165295dfffff
223,883165376bfffff
224,88316504b1fffff
225,88316510d5fffff
226,883165a8c1fffff
227,883165728bfffff
228,8831653859fffff
229,8831651919fffff
230,883165084bfffff
231,883165386dfffff
232,88316536d7fffff
233,8831653205fffff
234,8831657493fffff
235,883165059bfffff
236,8831619a05fffff
237,883165ada1fffff
238,8831650199fffff
239,8831656735fffff
240,88316525b9fffff
241,8831653003fffff
242,883165028bfffff
243,8831656687fffff
244,8831653085fffff
245,8831652e9dfffff
246,8831650233fffff
247,8831653481fffff
248,883165106dfffff
249,8831619109fffff
250,8831653851fffff
251,883165111bfffff
252,8831619207fffff
253,8831656483fffff
254,8831650ed9fffff
255,8831653a39fffff
256,8831652ec7fffff
257,8831650cddfffff
258,8831655615fffff
259,8831657045fffff
260,88316529a1fffff
261,88316192c1fffff
262,8831652cddfffff
263,88316500abfffff
264,8831652131fffff
265,8831652287fffff
266,88316501e3fffff
267,8831652e11fffff
268,883165749dfffff
269,883165ad39fffff
270,8831651923fffff
271,883165099dfffff
272,8831652ce3fffff
273,8831656701fffff
274,8831652105fffff
275,88316508b1fffff
276,883165188bfffff
277,8831651595fffff
278,8831653611fffff
279,88316519c9fffff
280,8831650d8bfffff
281,8831655661fffff
282,8831657425fffff
283,883165364dfffff
284,882ec92c19fffff
285,88316505e7fffff
286,883165665bfffff
287,8831652e39fffff
288,8831619329fffff
289,8831651b15fffff
290,883165344bfffff
291,883165288dfffff
292,882ec92da1fffff
293,8831619301fffff
294,8831657521fffff
295,8831650957fffff
296,8831652987fffff
297,8831653451fffff
298,8831650a01fffff
299,883165ceb1fffff
300,8831653b65fffff
301,88316500cdfffff
302,8831652d07fffff
303,8831653627fffff
304,8831651ae5fffff
305,88316535c5fffff
306,8831650dc5fffff
307,88316510b3fffff
308,8831653529fffff
309,8831619a1bfffff
310,883165a909fffff
311,8831651a93fffff
312,8831619229fffff
313,88316538ddfffff
314,8831652533fffff
315,8831619313fffff
316,883165acbbfffff
317,8831652a03fffff
318,8831652cb9fffff
319,8831653489fffff
320,88316500d1fffff
321,883165752dfffff
322,8831653741fffff
323,8831650e31fffff
324,8831650e09fffff
325,882ec96e95fffff
326,8831652a87fffff
327,88316564c5fffff
328,8831650a2dfffff
329,88316514cdfffff
330,8831657509fffff
331,8831651095fffff
332,8831650541fffff
333,8831650601fffff
334,88316521c5fffff
335,8831655651fffff
336,8831652d67fffff
337,8831619337fffff
338,88316522e3fffff
339,8831657555fffff
340,88316528c1fffff
341,8831652551fffff
342,883165ace7fffff
343,8831653889fffff
344,8831652359fffff
345,88316574b7fffff
346,8831652183fffff
347,8831651539fffff
348,88316500edfffff
349,8831656591fffff
350,883165ad17fffff
351,8831658d31fffff
352,883165184dfffff
353,882ec96e97fffff
354,883165a803fffff
355,88316528cdfffff
356,88316574c5fffff
357,883165313dfffff
358,8831653645fffff
359,88316525b5fffff
360,883165adc7fffff
361,88316511bbfffff
362,8831652027fffff
363,88316531e3fffff
364,883165170dfffff
365,883165a8b7fffff
366,8831650809fffff
367,8831655483fffff
368,8831653585fffff
369,883165215bfffff
370,8831652503fffff
371,8831656461fffff
372,8831652369fffff
373,8831651003fffff
374,882ec96cc1fffff
375,883165669dfffff
376,88316570b5fffff
377,8831650119fffff
378,88316515e9fffff
379,88316525a7fffff
380,8831652597fffff
381,8831657725fffff
382,8831651037fffff
383,8831652231fffff
384,883165095dfffff
385,8831651233fffff
386,88316538c3fffff
387,8831652b2dfffff
388,8831619023fffff
389,883165346dfffff
390,8831650f33fffff
391,883165af05fffff
392,8831650069fffff
393,8831651109fffff
394,883165363dfffff
395,8831652b2bfffff
396,8831650833fffff
397,8831652e0bfffff
398,8831619127fffff
399,8831651061fffff
400,8831652305fffff
401,883165212bfffff
402,8831653825fffff
403,88316509c9fffff
404,882ec92d17fffff
405,883165add7fffff
406,8831653acdfffff
407,8831619221fffff
408,8831653117fffff
409,8831651901fffff
410,8831652d17fffff
411,88316522c1fffff
412,883165022bfffff
413,883165760dfffff
414,88316501c7fffff
415,883161920bfffff
416,88316506d7fffff
417,88316529d5fffff
418,8831653313fffff
419,8831651749fffff
420,883165adb5fffff
421,8831652e99fffff
422,8831651223fffff
423,88316564c3fffff
424,883165a899fffff
425,8831653019fffff
426,883165a9d9fffff
427,8831652865fffff
428,883165351dfffff
429,8831650115fffff
430,882ec92cb5fffff
431,88316522a5fffff
432,8831652115fffff
433,8831650433fffff
434,88316520d9fffff
435,883165aad1fffff
436,8831650a0bfffff
437,883165063dfffff
438,8831652dcdfffff
439,88316506b3fffff
440,882ec92da3fffff
441,883165048dfffff
442,8831651021fffff
443,883165055dfffff
444,8831651b0bfffff
445,8831652619fffff
446,88316570d3fffff
447,8831651621fffff
448,883165098dfffff
449,8831651a21fffff
450,88316576cdfffff
451,8831652c9bfffff
452,882ec96cd1fffff
453,8831652643fffff
454,88316505c5fffff
455,88316556d9fffff
456,882ec96e81fffff
457,8831652f3bfffff
458,8831653817fffff
459,8831619215fffff
460,8831652425fffff
461,8831650f55fffff
462,8831650b43fffff
463,8831650b11fffff
464,883165aaa3fffff
465,8831650c1dfffff
466,883161928dfffff
467,8831650091fffff
468,883165105dfffff
469,8831651a1bfffff
470,883165355bfffff
471,8831619335fffff
472,883165200bfffff
473,882ec92dabfffff
474,883165196dfffff
475,883165aab1fffff
476,8831653155fffff
477,88316514c3fffff
478,8831651827fffff
479,8831650b15fffff
480,88316556dbfffff
481,883165286bfffff
482,883165369dfffff
483,8831653367fffff
484,8831651813fffff
485,883165a8e9fffff
486,88316508b3fffff
487,883165af41fffff
488,8831655429fffff
489,883165018bfffff
490,8831653ab3fffff
491,88316531b7fffff
492,88316520cbfffff
493,8831652319fffff
494,8831652061fffff
495,882ec92cb7fffff
496,88316505ddfffff
497,88316536c7fffff
498,88316531adfffff
499,8831651b23fffff
500,8831652b17fffff
501,8831650915fffff
502,883165242bfffff
503,8831651941fffff
504,88316522d7fffff
505,88316504e5fffff
506,8831652e33fffff
507,883165568bfffff
508,8831652835fffff
509,88316515adfffff
510,88316538c9fffff
511,8831653899fffff
512,8831655403fffff
513,88316570c7fffff
514,8831650f15fffff
515,8831650a65fffff
516,883165671dfffff
517,8831658dd3fffff
518,88316521d9fffff
519,8831619a53fffff
520,8831652053fffff
521,883161936bfffff
522,883165049bfffff
523,8831650627fffff
524,88316534edfffff
525,88316535d9fffff
526,88316539d7fffff
527,8831650267fffff
528,88316506abfffff
529,8831653863fffff
530,8831651043fffff
531,88316576e5fffff
532,88316525a5fffff
533,883165045bfffff
534,8831657641fffff
535,8831657715fffff
536,8831651515fffff
537,8831650b0dfffff
538,883165393dfffff
539,883165152dfffff
540,883165001bfffff
541,8831650287fffff
542,883165114bfffff
543,88316508d7fffff
544,88316522c3fffff
545,883165348bfffff
546,883165af5bfffff
547,883165a127fffff
548,88316522e5fffff
549,882ec9648bfffff
550,8831653123fffff
551,88316556ebfffff
552,8831651093fffff
553,88316500adfffff
554,8831653459fffff
555,883165a8b1fffff
556,8831657423fffff
557,8831650dd1fffff
558,8831650b23fffff
559,8831650b3bfffff
560,8831651039fffff
561,8831651a33fffff
562,88316554d3fffff
563,88316505edfffff
564,883165a1e5fffff
565,88316514c9fffff
566,8831652b6dfffff
567,8831652f27fffff
568,883165a83dfffff
569,8831650107fffff
570,883165645dfffff
571,883165572bfffff
572,883165af4bfffff
573,88316556cdfffff
574,88316502cdfffff
575,8831653a9dfffff
576,88316522e9fffff
577,8831650c25fffff
578,88316575b1fffff
579,883165231bfffff
580,8831650533fffff
581,883165052bfffff
582,8831652711fffff
583,883165ceb9fffff
584,8831653565fffff
585,8831651523fffff
586,88316505c7fffff
587,8831653ae5fffff
588,88316511edfffff
589,883165ad1bfffff
590,8831619a5bfffff
591,8831650501fffff
592,8831652511fffff
593,8831652299fffff
594,882ec96eb9fffff
595,883161905bfffff
596,8831650ed5fffff
597,8831651507fffff
598,8831652447fffff
599,8831652947fffff
600,8831658d95fffff
601,8831653a69fffff
602,883165376dfffff
603,883165242dfffff
604,88316504a7fffff
605,8831656659fffff
606,8831651757fffff
607,8831651ac9fffff
608,883165ad03fffff
609,8831652269fffff
610,8831619363fffff
611,8831652b45fffff
612,88316509c3fffff
613,8831652ac7fffff
614,883165adadfffff
615,8831651837fffff
616,88316575d3fffff
617,88316534a9fffff
618,883165adc3fffff
619,8831657093fffff
620,8831650d39fffff
621,8831619319fffff
622,8831653347fffff
623,8831650c41fffff
624,8831651335fffff
625,8831652317fffff
626,883165080dfffff
627,8831651513fffff
628,8831652aebfffff
629,883165ad61fffff
630,883165a9b7fffff
631,88316506a7fffff
632,8831655685fffff
633,8831650dd3fffff
634,8831650ce5fffff
635,8831658da9fffff
636,8831651015fffff
637,8831653987fffff
638,8831650ebdfffff
639,883165a929fffff
640,883165af59fffff
641,883165570bfffff
642,8831653815fffff
643,883165ac25fffff
644,88316525c1fffff
645,8831652eb9fffff
646,883165cd97fffff
647,8831650e59fffff
648,8831651421fffff
649,8831650a27fffff
650,883165704bfffff
651,883165751dfffff
652,883165025dfffff
653,8831652069fffff
654,8831657019fffff
655,8831652aa9fffff
656,88316508a9fffff
657,883165151dfffff
658,883165a847fffff
659,8831650f3bfffff
660,883165aca3fffff
661,88316531cdfffff
662,8831650a67fffff
663,88316511e1fffff
664,8831653509fffff
665,8831651863fffff
666,8831652a21fffff
667,883165a96dfffff
668,883165041bfffff
669,8831652c13fffff
670,88316505ebfffff
671,8831653283fffff
672,882ec92c31fffff
673,882ec92c83fffff
674,8831650011fffff
675,8831652abbfffff
676,883165756dfffff
677,883165ccd1fffff
678,882ec92dd9fffff
679,8831652125fffff
680,883165302dfffff
681,8831652ea3fffff
682,883165005dfffff
683,8831650db1fffff
684,8831619a55fffff
685,88316532adfffff
686,88316574d5fffff
687,8831653485fffff
688,88316509b9fffff
689,8831651055fffff
690,8831651acbfffff
691,8831657267fffff
692,8831658da3fffff
693,883161901bfffff
694,8831652f53fffff
695,8831651443fffff
696,88316574ddfffff
697,88316510a9fffff
698,8831651a9dfffff
699,8831650e03fffff
700,8831652de1fffff
701,8831652453fffff
702,8831651317fffff
703,8831650123fffff
704,883165273dfffff
705,883165659dfffff
706,883165088bfffff
707,8831651101fffff
708,88316510d1fffff
709,883165216dfffff
710,88316508cdfffff
711,88316528abfffff
712,8831650605fffff
713,8831650c49fffff
714,8831653001fffff
715,88316519a7fffff
716,8831652d25fffff
717,88316500c7fffff
718,8831650305fffff
719,8831652eabfffff
720,8831652cbbfffff
721,8831657645fffff
722,883165149dfffff
723,88316562d5fffff
724,88316565cbfffff
725,8831653249fffff
726,8831652ccbfffff
727,8831652181fffff
728,883165119bfffff
729,8831657545fffff
730,88316531a1fffff
731,883165a92dfffff
732,8831650a37fffff
733,883165093bfffff
734,883165674bfffff
735,882ec96e83fffff
736,8831658d97fffff
737,8831650ca9fffff
738,883165360bfffff
739,88316572cbfffff
740,88316564e3fffff
741,8831652f61fffff
742,88316504ddfffff
743,882ec92d89fffff
744,8831652cebfffff
745,88316191c5fffff
746,8831653063fffff
747,8831651537fffff
748,8831619a49fffff
749,88316570bbfffff
750,8831653341fffff
751,88316562c5fffff
752,8831653121fffff
753,8831652e23fffff
754,8831653ac5fffff
755,8831653865fffff
756,88316531bbfffff
757,883165254dfffff
758,883165664bfffff
759,8831619161fffff
760,8831653757fffff
761,883165244dfffff
762,883165663dfffff
763,8831651921fffff
764,88316504ebfffff
765,8831650c9bfffff
766,88316564e1fffff
767,8831650a61fffff
768,8831650549fffff
769,88316538cdfffff
770,8831650a35fffff
771,88316511c1fffff
772,8831650eedfffff
773,882ec92d3dfffff
774,883165065dfffff
775,88316539a1fffff
776,8831653181fffff
777,8831652263fffff
778,883165194dfffff
779,8831653333fffff
780,8831653149fffff
781,88316576d5fffff
782,883165741bfffff
783,8831653269fffff
784,88316506c5fffff
785,88316575a7fffff
786,883165768bfffff
787,8831650459fffff
788,8831650d87fffff
789,8831652ae7fffff
790,88316521cbfffff
791,8831651209fffff
792,8831655701fffff
793,882ec92d21fffff
794,8831650ae9fffff
795,8831653651fffff
796,8831653911fffff
797,882ec92cb9fffff
798,883165231dfffff
799,883165745dfffff
800,8831651267fffff
801,8831651839fffff
802,8831652a69fffff
803,883165008dfffff
804,8831652e51fffff
805,88316539e3fffff
806,88316521e1fffff
807,88316539b9fffff
808,8831652461fffff
809,883165155dfffff
810,8831653a05fffff
811,8831653043fffff
812,88316570e3fffff
813,8831657495fffff
814,8831652981fffff
815,88316508c9fffff
816,883165385dfffff
817,88316500b5fffff
818,88316525edfffff
819,8831655611fffff
820,88316564ddfffff
821,88316504a1fffff
822,883165a9c9fffff
823,88316524a5fffff
824,883165352dfffff
825,882ec92d87fffff
826,88316529b5fffff
827,8831657615fffff
828,88316538a1fffff
829,882ec96cbdfffff
830,8831652a05fffff
831,88316515a3fffff
832,8831653991fffff
833,88316192ddfffff
834,883165570dfffff
835,8831650865fffff
836,8831656683fffff
837,8831651a07fffff
838,883165004bfffff
839,88316538c5fffff
840,8831652f0dfffff
841,8831651435fffff
842,8831653253fffff
843,8831650e6dfffff
844,88316554edfffff
845,8831653a97fffff
846,88316511b1fffff
847,88316529a7fffff
848,8831652741fffff
849,8831650e45fffff
850,8831657463fffff
851,88316562c7fffff
852,88316534b3fffff
853,8831650e19fffff
854,8831650f11fffff
855,8831653881fffff
856,883165af37fffff
857,8831652147fffff
858,883165a9adfffff
859,88316530c5fffff
860,8831651705fffff
861,883165228dfffff
862,883165aa15fffff
863,88316536c1fffff
864,883165002bfffff
865,88316572b7fffff
866,8831651449fffff
867,8831652733fffff
868,8831650969fffff
869,8831657431fffff
870,8831651527fffff
871,88316519adfffff
872,88316504c5fffff
873,8831650265fffff
874,883165264bfffff
875,88316576e3fffff
876,8831650007fffff
877,883165072dfffff
878,8831652541fffff
879,8831652ad7fffff
880,883165a82dfffff
881,88316574abfffff
882,88316570a9fffff
883,8831653431fffff
884,883165ace5fffff
885,88316506adfffff
886,883165131bfffff
887,8831650505fffff
888,88316564d7fffff
889,8831652595fffff
890,8831651591fffff
891,8831652f5dfffff
892,883165728dfffff
893,8831653625fffff
894,8831650733fffff
895,883165048bfffff
896,883165a961fffff
897,8831653a1dfffff
898,8831655465fffff
899,8831650b09fffff
900,883165051bfffff
901,883165270bfffff
902,8831651547fffff
903,88316538ebfffff
904,883165ac85fffff
905,8831653359fffff
906,8831650085fffff
907,88316504b9fffff
908,883165725bfffff
909,8831650ccbfffff
910,8831652655fffff
911,8831651a17fffff
912,8831650d23fffff
913,8831653259fffff
914,88316532a3fffff
915,8831653ad5fffff
916,8831619013fffff
917,8831650cebfffff
918,88316556d1fffff
919,88316531c7fffff
920,8831650295fffff
921,88316525d3fffff
922,8831652dc3fffff
923,88316539cdfffff
924,8831650e05fffff
925,8831658dc5fffff
926,88316505a7fffff
927,8831652a09fffff
928,883165723dfffff
929,88316510c1fffff
930,8831653adbfffff
931,882ec96cddfffff
932,8831652289fffff
933,8831652b53fffff
934,8831652233fffff
935,88316536b1fffff
936,8831651667fffff
937,8831657207fffff
938,883165aaa1fffff
939,883165300bfffff
940,883165a9bbfffff
941,88316532e9fffff
942,8831657455fffff
943,8831651a9bfffff
944,883165aabdfffff
945,8831656695fffff
946,8831652997fffff
947,8831652017fffff
948,8831650eb9fffff
949,8831653561fffff
950,8831651841fffff
951,8831650e5bfffff
952,8831657261fffff
953,88316530c7fffff
954,8831650c43fffff
955,8831650c15fffff
956,8831657205fffff
957,8831650237fffff
958,88316575edfffff
959,8831619255fffff
960,8831653643fffff
961,883165aaedfffff
962,8831652a41fffff
963,8831619139fffff
964,88316534cdfffff
965,8831657283fffff
966,88316576a5fffff
967,883165275dfffff
968,88316529c7fffff
969,8831656761fffff
970,8831652219fffff
971,88316520c9fffff
972,8831652e6dfffff
973,883165adb3fffff
974,8831650c61fffff
975,8831656663fffff
976,8831650215fffff
977,883165062dfffff
978,8831652237fffff
979,882ec96cd9fffff
980,882ec92ddbfffff
981,883165173bfffff
982,883165302bfffff
983,88316539c7fffff
984,8831651741fffff
985,883165148bfffff
986,883161926dfffff
987,883165273bfffff
988,8831653909fffff
989,88316192a1fffff
990,8831650eebfffff
991,8831650421fffff
992,883161924bfffff
993,8831652941fffff
994,8831653a15fffff
995,8831653a5dfffff
996,883165303bfffff
997,88316510a1fffff
998,8831652f57fffff
999,8831652839fffff
1000,88316576d3fffff
1001,883165118dfffff
1002,883165068dfffff
1003,883165189dfffff
1004,883165ad0bfffff
1005,88316539d5fffff
1006,8831651a87fffff
1007,8831657047fffff
1008,883165641bfffff
1009,8831657485fffff
1010,8831619233fffff
1011,8831619065fffff
1012,8831651803fffff
1013,88316564bbfffff
1014,88316501d3fffff
1015,883165648dfffff
1016,8831653211fffff
1017,8831619169fffff
1018,8831650f53fffff
1019,8831657695fffff
1020,883165174bfffff
1021,8831652cd5fffff
1022,883165243dfffff
1023,883165199bfffff
1024,8831619365fffff
1025,8831657687fffff
1026,88316512c9fffff
1027,8831653ad3fffff
1028,88316522bbfffff
1029,88316564b5fffff
1030,8831619315fffff
1031,88316512edfffff
1032,8831650d21fffff
1033,883165282dfffff
1034,883165a9e5fffff
1035,8831657689fffff
1036,8831650739fffff
1037,8831652a9dfffff
1038,88316515cdfffff
1039,88316511c7fffff
1040,8831653297fffff
1041,883165332bfffff
1042,8831657501fffff
1043,8831652dadfffff
1044,8831655469fffff
1045,8831657625fffff
1046,8831652801fffff
1047,8831653a91fffff
1048,883165adcbfffff
1049,88316531b1fffff
1050,8831656715fffff
1051,8831658ce5fffff
1052,8831655667fffff
1053,8831653723fffff
1054,883165a915fffff
1055,8831652a67fffff
1056,8831651151fffff
1057,8831650d57fffff
1058,8831653037fffff
1059,8831656413fffff
1060,8831657727fffff
1061,883165180bfffff
1062,883165144dfffff
1063,8831653525fffff
1064,8831651861fffff
1065,88316530d7fffff
1066,88316532e7fffff
1067,882ec96c81fffff
1068,88316565c7fffff
1069,883165668bfffff
1070,8831650893fffff
1071,8831651aadfffff
1072,88316531a9fffff
1073,8831650219fffff
1074,8831653281fffff
1075,88316528d7fffff
1076,8831650e89fffff
1077,883165053dfffff
1078,8831656465fffff
1079,8831652403fffff
1080,8831655637fffff
1081,8831650285fffff
1082,8831650aa7fffff
1083,883165201dfffff
1084,882ec964b1fffff
1085,8831650203fffff
1086,88316566cbfffff
1087,8831652965fffff
1088,8831652d43fffff
1089,8831650637fffff
1090,8831652ed3fffff
1091,8831651b49fffff
1092,883161903dfffff
1093,8831652811fffff
1094,88316516b7fffff
1095,8831652a13fffff
1096,883165750dfffff
1097,8831653ae9fffff
1098,8831653aa1fffff
1099,8831652401fffff
1100,8831653a0bfffff
1101,882ec92db7fffff
1102,8831650331fffff
1103,883165182dfffff
1104,8831653363fffff
1105,88316532edfffff
1106,8831652edbfffff
1107,88316566cdfffff
1108,8831652a53fffff
1109,883165240dfffff
1110,882ec96485fffff
1111,883165158dfffff
1112,8831658d99fffff
1113,8831652905fffff
1114,8831652549fffff
1115,8831650465fffff
1116,8831651087fffff
1117,8831651847fffff
1118,88316556c7fffff
1119,8831652ab3fffff
1120,8831652c97fffff
1121,88316566ddfffff
1122,8831653263fffff
1123,88316572e3fffff
1124,8831650747fffff
1125,8831652463fffff
1126,8831652909fffff
1127,883165388dfffff
1128,88316512ebfffff
1129,8831651a25fffff
1130,882ec964bbfffff
1131,8831652b63fffff
1132,8831652487fffff
1133,883165aaebfffff
1134,883165204dfffff
1135,883165a805fffff
1136,8831653107fffff
1137,882ec92d65fffff
1138,8831650127fffff
1139,883165393bfffff
1140,88316502b1fffff
1141,8831653ae3fffff
1142,8831657263fffff
1143,8831652a5bfffff
1144,8831651099fffff
1145,8831657221fffff
1146,8831650e87fffff
1147,883165330dfffff
1148,88316528a5fffff
1149,8831658da7fffff
1150,8831652903fffff
1151,8831652459fffff
1152,88316511abfffff
1153,883165094bfffff
1154,883165074dfffff
1155,882ec92ce5fffff
1156,883165053bfffff
1157,883161934dfffff
1158,88316192e9fffff
1159,8831657657fffff
1160,8831651541fffff
1161,88316522dbfffff
1162,8831652727fffff
1163,8831652567fffff
1164,88316191c1fffff
1165,8831651597fffff
1166,88316514a7fffff
1167,883165a93bfffff
1168,8831653323fffff
1169,8831650033fffff
1170,883165222bfffff
1171,8831655491fffff
1172,883165215dfffff
1173,8831650c5dfffff
1174,8831652e13fffff
1175,8831657095fffff
1176,8831651605fffff
1177,8831651555fffff
1178,8831650563fffff
1179,883165111dfffff
1180,8831652f4bfffff
1181,8831652141fffff
1182,8831652867fffff
1183,882ec96497fffff
1184,883165343dfffff
1185,88316539abfffff
1186,883165759bfffff
1187,8831650c87fffff
1188,88316570b1fffff
1189,8831650737fffff
1190,8831650d83fffff
1191,8831656557fffff
1192,8831650845fffff
1193,8831652addfffff
1194,8831652167fffff
1195,8831653a8bfffff
1196,883165763bfffff
1197,8831652c31fffff
1198,8831650245fffff
1199,883165143dfffff
1200,88316574edfffff
1201,8831652325fffff
1202,8831652ed1fffff
1203,88316524bdfffff
1204,88316538d3fffff
1205,8831650d6dfffff
1206,883165390dfffff
1207,883165a985fffff
1208,8831657011fffff
1209,8831650489fffff
1210,88316556adfffff
1211,883165323bfffff
1212,8831652931fffff
1213,8831652659fffff
1214,8831653753fffff
1215,8831657711fffff
1216,88316556a5fffff
1217,883165344dfffff
1218,88316529b1fffff
1219,88316536abfffff
1220,8831619239fffff
1221,883165575bfffff
1222,8831658db5fffff
1223,883165ade1fffff
1224,882ec92d29fffff
1225,8831650e47fffff
1226,8831657603fffff
1227,88316572c3fffff
1228,8831651433fffff
1229,8831652485fffff
1230,8831619227fffff
1231,8831651b45fffff
1232,883165af49fffff
1233,88316564cdfffff
1234,883165aa13fffff
1235,88316526e9fffff
1236,88316532cbfffff
1237,88316536a9fffff
1238,88316528d3fffff
1239,883165a9b5fffff
1240,8831656643fffff
1241,883165321bfffff
1242,8831650005fffff
1243,88316535e5fffff
1244,8831652a8dfffff
1245,8831651047fffff
1246,8831652ab7fffff
1247,8831650339fffff
1248,883165200dfffff
1249,8831652025fffff
1250,8831652457fffff
1251,88316528bbfffff
1252,8831619069fffff
1253,88316572cdfffff
1254,8831651717fffff
1255,8831653647fffff
1256,8831650539fffff
1257,8831656433fffff
1258,8831650529fffff
1259,88316510dbfffff
1260,883165266bfffff
1261,88316192e1fffff
1262,88316501adfffff
1263,8831652c11fffff
1264,8831650707fffff
1265,8831653055fffff
1266,8831651a57fffff
1267,8831650dedfffff
1268,8831650913fffff
1269,88316531d9fffff
1270,88316528ebfffff
1271,8831650a97fffff
1272,883165094dfffff
1273,8831655481fffff
1274,8831656607fffff
1275,8831650c51fffff
1276,8831619a13fffff
1277,8831651b53fffff
1278,88316532c5fffff
1279,883165742dfffff
1280,883165a81dfffff
1281,8831652c89fffff
1282,8831650f5dfffff
1283,883165709bfffff
1284,8831651419fffff
1285,8831650483fffff
1286,8831650293fffff
1287,8831657567fffff
1288,88316512e7fffff
1289,88316536c3fffff
1290,8831652993fffff
1291,8831653581fffff
1292,883165544dfffff
1293,8831652889fffff
1294,8831619009fffff
1295,883165cccbfffff
1296,8831651353fffff
1297,88316512b5fffff
1298,88316575dbfffff
1299,8831652581fffff
1300,8831652d29fffff
1301,8831650451fffff
1302,8831652021fffff
1303,8831652041fffff
1304,8831650731fffff
1305,8831652119fffff
1306,8831650d19fffff
1307,883165395dfffff
1308,8831655759fffff
1309,8831650c0dfffff
1310,883165382bfffff
1311,883165cc93fffff
1312,8831650b19fffff
1313,8831657289fffff
1314,8831657683fffff
1315,8831653725fffff
1316,882ec96493fffff
1317,883165361dfffff
1318,8831653619fffff
1319,8831652055fffff
1320,8831650a05fffff
1321,8831650d41fffff
1322,8831651481fffff
1323,883165ad6dfffff
1324,88316574e7fffff
1325,8831651007fffff
1326,8831650ae7fffff
1327,8831652b15fffff
1328,8831651231fffff
1329,88316556e1fffff
1330,8831657439fffff
1331,883165a955fffff
1332,8831650445fffff
1333,883165299bfffff
1334,883165240bfffff
1335,88316566e1fffff
1336,8831653821fffff
1337,8831653a13fffff
1338,8831652b3bfffff
1339,8831653743fffff
1340,8831652c03fffff
1341,883165a8ddfffff
1342,8831652887fffff
1343,8831657041fffff
1344,8831650f1bfffff
1345,8831651663fffff
1346,88316504d3fffff
1347,88316575abfffff
1348,8831653931fffff
1349,8831655697fffff
1350,8831657299fffff
1351,88316528d9fffff
1352,8831650ce7fffff
1353,8831653427fffff
1354,882ec96cadfffff
1355,88316525c7fffff
1356,8831652759fffff
1357,8831657535fffff
1358,8831650441fffff
1359,8831652acbfffff
1360,8831653555fffff
1361,8831651031fffff
1362,883165aac7fffff
1363,883165a99bfffff
1364,8831650d45fffff
1365,8831658db3fffff
1366,883165198dfffff
1367,8831650a5dfffff
1368,883165130bfffff
1369,8831653049fffff
1370,883165aae3fffff
1371,8831653291fffff
1372,8831653a25fffff
1373,8831619a59fffff
1374,8831650283fffff
1375,8831656297fffff
1376,883165a8d1fffff
1377,8831651725fffff
1378,883165353dfffff
1379,8831653103fffff
1380,8831650c4bfffff
1381,8831650745fffff
1382,883165233bfffff
1383,88316572edfffff
1384,8831656409fffff
1385,8831653419fffff
1386,8831650e39fffff
1387,8831650269fffff
1388,88316535a5fffff
1389,8831652f03fffff
1390,8831652b69fffff
1391,88316510b1fffff
1392,8831658dedfffff
1393,8831652347fffff
1394,882ec96c59fffff
1395,8831652a8bfffff
1396,883165181dfffff
1397,883165641dfffff
1398,88316520edfffff
1399,8831657053fffff
1400,883165a9edfffff
1401,8831657295fffff
1402,8831657585fffff
1403,883165046dfffff
1404,88316531e7fffff
1405,883165776dfffff
1406,8831655687fffff
1407,88316575ddfffff
1408,88316510cbfffff
1409,8831652215fffff
1410,8831650905fffff
1411,88316531a3fffff
1412,8831650c83fffff
1413,8831652e8bfffff
1414,8831652099fffff
1415,883165729dfffff
1416,8831650ce9fffff
1417,88316539d9fffff
1418,88316536d1fffff
1419,8831650523fffff
1420,8831651463fffff
1421,883165028dfffff
1422,8831651949fffff
1423,8831653345fffff
1424,8831652ebdfffff
1425,8831650759fffff
1426,8831650669fffff
1427,883165021dfffff
1428,8831651565fffff
1429,8831650223fffff
1430,8831650225fffff
1431,883165aa8bfffff
1432,8831653693fffff
1433,88316539ddfffff
1434,88316502a9fffff
1435,8831652949fffff
1436,88316502e9fffff
1437,883165ad35fffff
1438,8831619163fffff
1439,8831650595fffff
1440,8831652617fffff
1441,8831652c47fffff
1442,8831653265fffff
1443,88316514a5fffff
1444,88316538a7fffff
1445,88316539bdfffff
1446,88316521c9fffff
1447,883165216bfffff
1448,8831651467fffff
1449,883165a89dfffff
1450,883165774dfffff
1451,88316556a3fffff
1452,88316529e7fffff
1453,88316565d7fffff
1454,883165aa33fffff
1455,883165ad51fffff
1456,88316562cbfffff
1457,8831653081fffff
1458,8831657441fffff
1459,882ec96481fffff
1460,88316529adfffff
1461,8831653aebfffff
1462,8831652c41fffff
1463,8831653665fffff
1464,8831650343fffff
1465,8831650503fffff
1466,88316506d9fffff
1467,8831652d11fffff
1468,883165358bfffff
1469,88316535d5fffff
1470,8831652c3bfffff
1471,883165a91bfffff
1472,8831651439fffff
1473,8831650161fffff
1474,8831653867fffff
1475,88316572c5fffff
1476,8831655689fffff
1477,883165262bfffff
1478,883165186dfffff
1479,8831651159fffff
1480,8831652983fffff
1481,8831650c2dfffff
1482,8831650307fffff
1483,8831650751fffff
1484,8831652437fffff
1485,8831651911fffff
1486,8831655461fffff
1487,883165ccb1fffff
1488,88316564b7fffff
1489,8831653689fffff
1490,883165255dfffff
1491,88316518edfffff
1492,8831650cb3fffff
1493,8831650d27fffff
1494,8831653a53fffff
1495,883165756bfffff
1496,8831657539fffff
1497,88316532abfffff
1498,8831657749fffff
1499,8831651995fffff
1500,8831656693fffff
1501,88316501e1fffff
1502,88316532d3fffff
1503,88316521c1fffff
1504,8831651103fffff
1505,88316502b9fffff
1506,88316524adfffff
1507,8831650dbbfffff
1508,8831652e55fffff
1509,8831657631fffff
1510,8831650253fffff
1511,8831652c63fffff
1512,8831619209fffff
1513,88316529cdfffff
1514,8831652d37fffff
1515,8831651437fffff
1516,8831650a83fffff
1517,8831657003fffff
1518,8831653603fffff
1519,88316508a5fffff
1520,883165095bfffff
1521,8831652161fffff
1522,8831650349fffff
1523,8831651829fffff
1524,8831652107fffff
1525,8831650a43fffff
1526,8831650aa3fffff
1527,8831651641fffff
1528,8831651509fffff
1529,8831652253fffff
1530,8831651767fffff
1531,883165060bfffff
1532,883165ada9fffff
1533,8831657099fffff
1534,8831652ac1fffff
1535,88316536b3fffff
1536,8831657659fffff
1537,883165158bfffff
1538,883165ad0dfffff
1539,883165120bfffff
1540,8831652d23fffff
1541,8831619a19fffff
1542,8831651583fffff
1543,883165223bfffff
1544,8831651661fffff
1545,8831651855fffff
1546,8831651115fffff
1547,8831652283fffff
1548,8831657753fffff
1549,883165013dfffff
1550,88316532b9fffff
1551,883165362dfffff
1552,88316508bbfffff
1553,8831656733fffff
1554,8831653755fffff
1555,88316576d7fffff
1556,8831650cd9fffff
1557,8831652a07fffff
1558,8831650243fffff
1559,883165af5dfffff
1560,8831651835fffff
1561,883165036dfffff
1562,8831651307fffff
1563,88316502ebfffff
1564,883165326dfffff
1565,8831652451fffff
1566,883165aad9fffff
1567,883165248dfffff
1568,883165368dfffff
1569,88316511e9fffff
1570,8831619a11fffff
1571,88316528e5fffff
1572,8831652f45fffff
1573,8831655631fffff
1574,883165014dfffff
1575,8831651a65fffff
1576,8831652441fffff
1577,88316562dbfffff
1578,8831650e01fffff
1579,883165573bfffff
1580,883165120dfffff
1581,8831650159fffff
1582,8831650e49fffff
1583,8831652769fffff
1584,883165253bfffff
1585,8831650325fffff
1586,8831652c45fffff
1587,883165183dfffff
1588,8831651a99fffff
1589,8831653b1bfffff
1590,883165aad5fffff
1591,8831650803fffff
1592,8831650da1fffff
1593,8831657433fffff
1594,8831619035fffff
1595,88316509ddfffff
1596,8831651a53fffff
1597,8831657531fffff
1598,88316508edfffff
1599,8831653213fffff
1600,883165388bfffff
1601,8831650665fffff
1602,88316520b5fffff
1603,8831653aedfffff
1604,8831652851fffff
1605,8831650c5bfffff
1606,883165748bfffff
1607,8831652f3dfffff
1608,8831656739fffff
1609,8831653507fffff
1610,883165056bfffff
1611,8831653311fffff
1612,8831653023fffff
1613,8831652b57fffff
1614,8831652c0bfffff
1615,8831652b13fffff
1616,8831650d1bfffff
1617,8831657049fffff
1618,8831652d5dfffff
1619,8831619231fffff
1620,88316566d1fffff
1621,8831650ae3fffff
1622,883165085dfffff
1623,8831653b59fffff
1624,8831657223fffff
1625,88316572c1fffff
1626,883165ad09fffff
1627,88316538e5fffff
1628,8831650ac5fffff
1629,8831650e41fffff
1630,8831653133fffff
1631,8831651a5bfffff
1632,8831652a0dfffff
1633,88316536ddfffff
1634,8831657435fffff
1635,8831652a37fffff
1636,883165109dfffff
1637,882ec92da7fffff
1638,8831655695fffff
1639,8831657649fffff
1640,88316515c7fffff
1641,88316512b1fffff
1642,8831653b33fffff
1643,8831650511fffff
1644,883165aa23fffff
1645,8831650a4bfffff
1646,88316528c3fffff
1647,8831650723fffff
1648,88316506a1fffff
1649,8831619343fffff
1650,8831658dc7fffff
1651,8831652f37fffff
1652,883165312bfffff
1653,8831650b61fffff
1654,8831653b13fffff
1655,88316515e5fffff
1656,8831652615fffff
1657,8831657653fffff
1658,8831650dadfffff
1659,8831650d93fffff
1660,8831655617fffff
1661,88316521d5fffff
1662,88316520abfffff
1663,8831657517fffff
1664,88316566c7fffff
1665,8831657637fffff
1666,8831656423fffff
1667,8831650527fffff
1668,88316529d1fffff
1669,8831652ed9fffff
1670,8831657733fffff
1671,8831619143fffff
1672,8831651215fffff
1673,883165c5b7fffff
1674,8831650247fffff
1675,883165735bfffff
1676,883165019dfffff
1677,8831651415fffff
1678,8831652f25fffff
1679,8831651927fffff
1680,8831650ae5fffff
1681,883165574bfffff
1682,8831652337fffff
1683,8831656667fffff
1684,8831650213fffff
1685,88316566bdfffff
1686,88316531e1fffff
1687,8831653609fffff
1688,8831652709fffff
1689,8831619151fffff
1690,8831652761fffff
1691,88316574cbfffff
1692,88316534c1fffff
1693,88316534c5fffff
1694,8831650805fffff
1695,88316191edfffff
1696,88316539ebfffff
1697,883165108bfffff
1698,8831650a63fffff
1699,883165a881fffff
1700,88316192e3fffff
1701,8831650887fffff
1702,883165298bfffff
1703,8831653721fffff
1704,8831650195fffff
1705,8831653827fffff
1706,883165110dfffff
1707,883165084dfffff
1708,883165316bfffff
1709,8831651213fffff
1710,883165625bfffff
1711,88316524a7fffff
1712,8831651aa3fffff
1713,8831652637fffff
1714,8831653317fffff
1715,8831650705fffff
1716,8831653465fffff
1717,883165230dfffff
1718,883165080bfffff
1719,88316518abfffff
1720,8831651935fffff
1721,88316518a5fffff
1722,8831652f55fffff
1723,8831619339fffff
1724,88316566c9fffff
1725,8831652189fffff
1726,8831652057fffff
1727,8831650e57fffff
1728,883161923bfffff
1729,8831651041fffff
1730,8831650c05fffff
1731,883165142bfffff
1732,8831651947fffff
1733,8831653907fffff
1734,8831656459fffff
1735,8831653b49fffff
1736,8831653293fffff
1737,8831653681fffff
1738,883165aabbfffff
1739,8831657701fffff
1740,8831652863fffff
1741,8831653147fffff
1742,883165373dfffff
1743,8831650881fffff
1744,88316576ddfffff
1745,8831650425fffff
1746,8831651517fffff
1747,88316554c7fffff
1748,8831650da3fffff
1749,8831650a95fffff
1750,8831652513fffff
1751,8831658dbbfffff
1752,883165554bfffff
1753,88316502d5fffff
1754,88316518d1fffff
1755,88316534a7fffff
1756,88316501a7fffff
1757,88316576e1fffff
1758,8831655489fffff
1759,883165133bfffff
1760,883165068bfffff
1761,88316504d1fffff
1762,88316530c1fffff
1763,883165a969fffff
1764,8831651107fffff
1765,883165314dfffff
1766,883165214bfffff
1767,88316534a5fffff
1768,8831652929fffff
1769,8831619019fffff
1770,883165152bfffff
1771,8831653041fffff
1772,8831651739fffff
1773,88316505d3fffff
1774,88316509c5fffff
1775,8831651727fffff
1776,88316501b7fffff
1777,883165ad4dfffff
1778,8831650f6dfffff
1779,88316570e9fffff
1780,8831652193fffff
1781,88316536bdfffff
1782,883165303dfffff
1783,88316525dbfffff
1784,88316515b3fffff
1785,8831650461fffff
1786,88316522d3fffff
1787,8831651407fffff
1788,8831652f59fffff
1789,883165a809fffff
1790,8831653891fffff
1791,8831652b41fffff
1792,8831619347fffff
1793,8831650e15fffff
1794,883165a821fffff
1795,88316536a7fffff
1796,883165a831fffff
1797,88316519b3fffff
1798,883165258bfffff
1799,883165208bfffff
1800,8831650715fffff
1801,8831650b39fffff
1802,883165ade3fffff
1803,88316566bbfffff
1804,8831650361fffff
1805,8831656449fffff
1806,8831651addfffff
1807,883165336bfffff
1808,883165769bfffff
1809,88316518ebfffff
1810,8831652c1dfffff
1811,8831650647fffff
1812,88316515dbfffff
1813,8831650db9fffff
1814,882ec965a7fffff
1815,8831657353fffff
1816,88316192e7fffff
1817,88316522edfffff
1818,883165ccd7fffff
1819,8831652a51fffff
1820,883165383dfffff
1821,883165171bfffff
1822,883165015bfffff
1823,8831657285fffff
1824,8831652d49fffff
1825,8831653a51fffff
1826,883165adb1fffff
1827,8831652a99fffff
1828,883165066bfffff
1829,88316538b5fffff
1830,88316515a7fffff
1831,88316564adfffff
1832,8831657613fffff
1833,8831657543fffff
1834,8831650ad1fffff
1835,883165ccb9fffff
1836,8831652eebfffff
1837,8831653503fffff
1838,883165a959fffff
1839,88316564a3fffff
1840,8831650d61fffff
1841,8831652757fffff
1842,88316539dbfffff
1843,883165198bfffff
1844,883165742bfffff
1845,88316521d1fffff
1846,88316572d7fffff
1847,883165380bfffff
1848,88316530e5fffff
1849,883165745bfffff
1850,8831653327fffff
1851,88316512a5fffff
1852,8831652e5bfffff
1853,8831650039fffff
1854,88316510e3fffff
1855,8831656689fffff
1856,883165541dfffff
1857,88316515b7fffff
1858,8831655411fffff
1859,883165cc95fffff
1860,882ec92d95fffff
1861,8831652627fffff
1862,88316502a5fffff
1863,88316528e9fffff
1864,883165075dfffff
1865,883165560bfffff
1866,883165670dfffff
1867,8831650b51fffff
1868,8831652827fffff
1869,883165073dfffff
1870,8831656613fffff
1871,8831653649fffff
1872,883165365bfffff
1873,8831652349fffff
1874,8831653ae1fffff
1875,8831652d69fffff
1876,8831657239fffff
1877,8831652063fffff
1878,88316192e5fffff
1879,883165234bfffff
1880,8831650d05fffff
1881,8831650667fffff
1882,8831653869fffff
1883,8831651b4dfffff
1884,882ec92de1fffff
1885,8831657511fffff
1886,8831653a87fffff
1887,8831653521fffff
1888,8831652ab1fffff
1889,8831657697fffff
1890,8831651017fffff
1891,88316511c9fffff
1892,8831652eb7fffff
1893,88316505b9fffff
1894,88316504a9fffff
1895,8831653541fffff
1896,8831650e2bfffff
1897,883165371bfffff
1898,8831650231fffff
1899,8831653b43fffff
1900,883165115bfffff
1901,88316520ebfffff
1902,8831652a63fffff
1903,88316505d7fffff
1904,88316502a3fffff
1905,8831652145fffff
1906,8831652241fffff
1907,8831656705fffff
1908,8831652d6bfffff
1909,883165a88bfffff
1910,8831652e8dfffff
1911,8831658dc3fffff
1912,8831656253fffff
1913,8831650525fffff
1914,883165218bfffff
1915,883165a933fffff
1916,883165705bfffff
1917,88316511c5fffff
1918,8831652765fffff
1919,8831653093fffff
1920,8831650c09fffff
1921,88316515c3fffff
1922,88316535c9fffff
1923,8831650185fffff
1924,88316501cbfffff
1925,8831652c29fffff
1926,883165af6dfffff
1927,8831619369fffff
1928,88316566abfffff
1929,8831652c57fffff
1930,8831650ad9fffff
1931,88316531e5fffff
1932,8831652749fffff
1933,8831652083fffff
1934,8831651a35fffff
1935,8831650b53fffff
1936,882ec96ca3fffff
1937,8831650955fffff
1938,8831619111fffff
1939,8831650a07fffff
1940,8831653735fffff
1941,8831653765fffff
1942,883165219bfffff
1943,88316520e7fffff
1944,8831651a2bfffff
1945,88316501ddfffff
1946,883165159dfffff
1947,8831655763fffff
1948,8831619117fffff
1949,88316510e1fffff
1950,8831650169fffff
1951,88316521a9fffff
1952,882ec92d3bfffff
1953,882ec92c1dfffff
1954,8831653a5bfffff
1955,8831652423fffff
1956,8831651581fffff
1957,8831619349fffff
1958,8831650b65fffff
1959,8831652899fffff
1960,8831650e97fffff
1961,883165103bfffff
1962,883165262dfffff
1963,8831657209fffff
1964,883165aa35fffff
1965,883165254bfffff
1966,8831652e41fffff
1967,8831650113fffff
1968,8831656291fffff
1969,883165765dfffff
1970,883165c5b3fffff
1971,8831651005fffff
1972,8831651917fffff
1973,883165666bfffff
1974,8831657469fffff
1975,883165743dfffff
1976,883165a903fffff
1977,8831652043fffff
1978,88316514b3fffff
1979,8831651a0bfffff
1980,883165398dfffff
1981,8831652b5dfffff
1982,8831651293fffff
1983,8831651319fffff
1984,8831653021fffff
1985,88316536b9fffff
1986,8831658db9fffff
1987,883165749bfffff
1988,8831650f17fffff
1989,8831653b45fffff
1990,8831653145fffff
1991,8831655643fffff
1992,88316566d7fffff
1993,8831650855fffff
1994,88316576c7fffff
1995,883165a9a3fffff
1996,8831652de3fffff
1997,882ec96c91fffff
1998,8831651b43fffff
1999,8831652647fffff
2000,88316505e3fffff
2001,883165293dfffff
2002,8831652b05fffff
2003,883165281dfffff
2004,8831650e11fffff
2005,883165054bfffff
2006,8831652eedfffff
2007,8831652917fffff
2008,8831657415fffff
2009,8831652095fffff
2010,88316525e3fffff
2011,8831652b39fffff
2012,883165adedfffff
2013,8831655443fffff
2014,883165af09fffff
2015,88316522e7fffff
2016,8831650e95fffff
2017,883165a94dfffff
2018,88316524a1fffff
2019,88316530b7fffff
2020,8831652d39fffff
2021,883165284dfffff
2022,8831656411fffff
2023,883165565dfffff
2024,8831651951fffff
2025,883161916bfffff
2026,883165006dfffff
2027,88316508cbfffff
2028,8831650c6bfffff
2029,8831653963fffff
2030,8831652195fffff
2031,8831650585fffff
2032,8831653b5bfffff
2033,88316556e9fffff
2034,8831650721fffff
2035,8831652ce1fffff
2036,8831652991fffff
2037,88316530a7fffff
2038,8831656615fffff
2039,8831652ae3fffff
2040,8831651295fffff
2041,88316506c7fffff
2042,8831652429fffff
2043,88316524e7fffff
2044,8831650c3bfffff
2045,88316528b9fffff
2046,8831657549fffff
2047,8831650e3bfffff
2048,88316519e3fffff
2049,8831653239fffff
2050,883165ada3fffff
2051,8831651199fffff
2052,8831619245fffff
2053,8831653b4dfffff
2054,88316566b1fffff
2055,8831650025fffff
2056,8831653943fffff
2057,8831657665fffff
2058,8831652085fffff
2059,883165a8e7fffff
2060,883161915bfffff
2061,8831652c5dfffff
2062,8831653237fffff
2063,88316500b3fffff
2064,8831653883fffff
2065,883165163dfffff
2066,8831653a37fffff
2067,88316509b5fffff
2068,8831653a1bfffff
2069,8831619325fffff
2070,8831651ae1fffff
2071,8831652e47fffff
2072,8831652185fffff
2073,8831653913fffff
2074,883165ad63fffff
2075,8831652995fffff
2076,88316506e3fffff
2077,8831658dd7fffff
2078,8831650ac9fffff
2079,8831619a67fffff
2080,88316532a5fffff
2081,8831653a17fffff
2082,883165394bfffff
2083,883165cc91fffff
2084,8831652d27fffff
2085,88316515d1fffff
2086,8831652197fffff
2087,883165252dfffff
2088,8831655663fffff
2089,88316535e3fffff
2090,8831652665fffff
2091,8831650643fffff
2092,882ec92db3fffff
2093,8831651763fffff
2094,8831651059fffff
2095,8831650661fffff
2096,8831650217fffff
2097,883165a98bfffff
2098,883165ad69fffff
2099,8831650593fffff
2100,8831651b65fffff
2101,8831652d8dfffff
2102,8831650cc5fffff
2103,8831651981fffff
2104,883165a8abfffff
2105,883165353bfffff
2106,8831652e49fffff
2107,8831652743fffff
2108,88316506e7fffff
2109,883165ccb3fffff
2110,8831650037fffff
2111,8831653415fffff
2112,8831650753fffff
2113,88316500a1fffff
2114,8831650555fffff
2115,8831650c21fffff
2116,8831650323fffff
2117,88316574a7fffff
2118,8831650867fffff
2119,8831650853fffff
2120,88316535e1fffff
2121,8831653569fffff
2122,8831650133fffff
2123,8831657529fffff
2124,8831650899fffff
2125,8831619251fffff
2126,8831650683fffff
2127,8831653105fffff
2128,8831652113fffff
2129,8831653231fffff
2130,883165162bfffff
2131,8831652aa5fffff
2132,883165374bfffff
2133,8831652939fffff
2134,88316529a9fffff
2135,8831651a8dfffff
2136,88316532d7fffff
2137,883165228bfffff
2138,8831651441fffff
2139,8831619257fffff
2140,8831650a6bfffff
2141,8831653761fffff
2142,883165a85dfffff
2143,8831651665fffff
2144,8831652e93fffff
2145,8831657621fffff
2146,8831650c1bfffff
2147,8831653409fffff
2148,883165372bfffff
2149,883165088dfffff
2150,88316531d3fffff
2151,883165666dfffff
2152,88316521d3fffff
2153,883165241dfffff
2154,883165cdb3fffff
2155,883165325bfffff
2156,8831651315fffff
2157,883165205bfffff
2158,8831653563fffff
2159,88316510bbfffff
2160,88316508e5fffff
2161,88316510c9fffff
2162,8831619131fffff
2163,883165255bfffff
2164,88316576abfffff
2165,882ec92d37fffff
2166,883161902dfffff
2167,8831653803fffff
2168,8831655623fffff
2169,883165aac5fffff
2170,883165340bfffff
2171,8831651853fffff
2172,883165a861fffff
2173,8831650c33fffff
2174,88316575bdfffff
2175,8831651629fffff
2176,8831652847fffff
2177,88316556c5fffff
2178,883165a897fffff
2179,8831652935fffff
2180,883165a9d7fffff
2181,8831652641fffff
2182,883165a815fffff
2183,8831652e17fffff
2184,8831652341fffff
2185,8831653551fffff
2186,8831650703fffff
2187,882ec96ccbfffff
2188,88316506b9fffff
2189,883165350dfffff
2190,8831657085fffff
2191,88316556c9fffff
2192,88316566a7fffff
2193,8831653539fffff
2194,8831650749fffff
2195,88316518ddfffff
2196,883165326bfffff
2197,8831650291fffff
2198,8831652569fffff
2199,8831652c1bfffff
2200,882ec92ccbfffff
2201,8831653545fffff
2202,882ec92c1bfffff
2203,88316508d3fffff
2204,8831652aa1fffff
2205,88316530b5fffff
2206,8831652611fffff
2207,8831657747fffff
2208,8831650eb5fffff
2209,8831653b55fffff
2210,8831657735fffff
2211,8831650d95fffff
2212,883165311dfffff
2213,8831656627fffff
2214,883165644bfffff
2215,8831619281fffff
2216,883165329bfffff
2217,88316539b3fffff
2218,88316514b5fffff
2219,88316192cbfffff
2220,88316511a9fffff
2221,8831655633fffff
2222,8831619323fffff
2223,88316511d3fffff
2224,8831653135fffff
2225,8831656447fffff
2226,8831653717fffff
2227,8831652007fffff
2228,88316536ebfffff
2229,8831650765fffff
2230,88316512d9fffff
2231,88316502d3fffff
2232,8831656655fffff
2233,883165271dfffff
2234,8831658d3bfffff
2235,883165a8a5fffff
2236,8831652989fffff
2237,883165221bfffff
2238,8831652259fffff
2239,8831651157fffff
2240,8831651731fffff
2241,88316514d3fffff
2242,8831653a65fffff
2243,883165389bfffff
2244,88316521b1fffff
2245,883165a9e3fffff
2246,882ec96c85fffff
2247,88316514edfffff
2248,8831652a9bfffff
2249,883165061bfffff
2250,8831650909fffff
2251,8831650645fffff
2252,883165016dfffff
2253,883165ccd9fffff
2254,88316518b5fffff
2255,883165202dfffff
2256,8831656497fffff
2257,883165648bfffff
2258,8831657767fffff
2259,8831650709fffff
2260,88316500cbfffff
2261,8831651a51fffff
2262,883165766bfffff
2263,8831653025fffff
2264,88316190cdfffff
2265,883165668dfffff
2266,8831652c67fffff
2267,8831653b05fffff
2268,8831653b57fffff
2269,8831657629fffff
2270,8831651505fffff
2271,883165a8edfffff
2272,8831656581fffff
2273,8831652583fffff
2274,883165065bfffff
2275,8831656437fffff
2276,883165708dfffff
2277,883165182bfffff
2278,88316536a5fffff
2279,8831651089fffff
2280,8831652883fffff
2281,8831652803fffff
2282,8831619051fffff
2283,883165ad15fffff
2284,8831650cb9fffff
2285,8831653b0dfffff
2286,88316529ebfffff
2287,8831655609fffff
2288,8831658d9dfffff
2289,8831619105fffff
2290,88316511b9fffff
2291,8831653837fffff
2292,883165236bfffff
2293,8831653763fffff
2294,883165024bfffff
2295,88316528bdfffff
2296,88316500a9fffff
2297,8831652d59fffff
2298,8831651993fffff
2299,8831652607fffff
2300,8831650b03fffff
2301,8831650ddbfffff
2302,88316535a3fffff
2303,8831652c65fffff
2304,8831651831fffff
2305,8831653413fffff
2306,88316501a9fffff
2307,882ec92d61fffff
2308,88316511e3fffff
2309,88316505a1fffff
2310,88316524b7fffff
2311,88316510c7fffff
2312,88316521e5fffff
2313,8831650047fffff
2314,883165ccbbfffff
2315,8831651299fffff
2316,8831652225fffff
2317,8831651081fffff
2318,88316566a5fffff
2319,88316575a5fffff
2320,8831651737fffff
2321,88316522a9fffff
2322,8831650917fffff
2323,8831652657fffff
2324,8831650a09fffff
2325,8831651229fffff
2326,8831653947fffff
2327,8831656719fffff
2328,88316506dbfffff
2329,8831657451fffff
2330,8831653187fffff
2331,883165373bfffff
2332,8831653983fffff
2333,883165113dfffff
2334,8831650207fffff
2335,8831653961fffff
2336,8831651203fffff
2337,88316511adfffff
2338,88316192b9fffff
2339,8831651431fffff
2340,8831650249fffff
2341,88316521b3fffff
2342,88316502b5fffff
2343,88316532a1fffff
2344,8831658dadfffff
2345,8831651ac1fffff
2346,8831652343fffff
2347,8831655705fffff
2348,8831650b67fffff
2349,88316566d3fffff
2350,88316519bdfffff
2351,883165354bfffff
2352,88316574adfffff
2353,8831650e9bfffff
2354,8831653599fffff
2355,883165075bfffff
2356,88316524e5fffff
2357,8831652d09fffff
2358,8831655709fffff
2359,8831652117fffff
2360,88316506ebfffff
2361,8831653365fffff
2362,8831652959fffff
2363,8831652e0dfffff
2364,8831651519fffff
2365,883165562bfffff
2366,88316575c3fffff
2367,883165030bfffff
2368,8831652cd9fffff
2369,8831652039fffff
2370,883165acb3fffff
2371,8831653567fffff
2372,8831651acdfffff
2373,8831650559fffff
2374,8831656605fffff
2375,88316515d3fffff
2376,883165008bfffff
2377,8831650addfffff
2378,88316534b7fffff
2379,882ec92c37fffff
2380,8831650db3fffff
2381,8831653b5dfffff
2382,883165305bfffff
2383,882ec96eb3fffff
2384,88316574bdfffff
2385,8831656635fffff
2386,8831650de1fffff
2387,88316530cbfffff
2388,8831650dabfffff
2389,88316521bbfffff
2390,8831656763fffff
2391,883165101dfffff
2392,883165331dfffff
2393,882ec96cc3fffff
2394,883165091bfffff
2395,8831652f69fffff
2396,88316519a3fffff
2397,883165af3dfffff
2398,8831651845fffff
2399,8831652087fffff
2400,883165751bfffff
2401,8831652251fffff
2402,883165ad53fffff
2403,8831650eb7fffff
2404,882ec92ce9fffff
2405,8831619005fffff
2406,88316525b3fffff
2407,883165320bfffff
2408,8831650cc3fffff
2409,883165374dfffff
2410,8831651939fffff
2411,883165759dfffff
2412,883161934bfffff
2413,8831650c8dfffff
2414,88316572dbfffff
2415,8831651943fffff
2416,883165ad87fffff
2417,88316512c3fffff
2418,88316510c5fffff
2419,883165568dfffff
2420,8831651401fffff
2421,883165a839fffff
2422,8831657761fffff
2423,8831651069fffff
2424,88316556b3fffff
2425,8831651999fffff
2426,88316572b9fffff
2427,8831650ab9fffff
2428,88316509bbfffff
2429,88316509b3fffff
2430,88316575b5fffff
2431,883165a863fffff
2432,8831652443fffff
2433,8831650a0dfffff
2434,883165651bfffff
2435,8831652837fffff
2436,88316538e3fffff
2437,88316556edfffff
2438,8831650689fffff
2439,8831651751fffff
2440,8831653a07fffff
2441,883165ace3fffff
2442,88316511dbfffff
2443,882ec92cb1fffff
2444,88316518b3fffff
2445,8831653ad1fffff
2446,88316500c3fffff
2447,8831652a97fffff
2448,88316554c1fffff
2449,882ec96ee3fffff
2450,883165203dfffff
2451,88316519c1fffff
2452,88316564cbfffff
2453,883165031bfffff
2454,8831650f29fffff
2455,8831653301fffff
2456,88316538b7fffff
2457,8831652705fffff
2458,883161931dfffff
2459,88316514e5fffff
2460,8831619a4dfffff
2461,8831650e67fffff
2462,88316538b1fffff
2463,88316519e5fffff
2464,88316506b7fffff
2465,883165aaa9fffff
2466,8831650ec7fffff
2467,8831653513fffff
2468,88316532dbfffff
2469,8831652223fffff
2470,8831650b35fffff
2471,8831650919fffff
2472,8831652355fffff
2473,88316570d5fffff
2474,883165a85bfffff
2475,8831653261fffff
2476,8831653957fffff
2477,8831655607fffff
2478,88316572abfffff
2479,883165129bfffff
2480,883165351bfffff
2481,8831651623fffff
2482,88316511d5fffff
2483,88316505c1fffff
2484,883165aad7fffff
2485,8831653587fffff
2486,8831650239fffff
2487,88316520a3fffff
2488,883165a835fffff
2489,8831652a4bfffff
2490,88316539d3fffff
2491,8831650695fffff
2492,883165354dfffff
2493,8831652ee7fffff
2494,8831650d09fffff
2495,8831650d9dfffff
2496,88316518a1fffff
2497,883165723bfffff
2498,8831656441fffff
2499,8831651051fffff
2500,8831619a61fffff
2501,88316512b9fffff
2502,88316520e5fffff
2503,8831653663fffff
2504,8831652a5dfffff
2505,8831652589fffff
2506,883165646dfffff
2507,8831652f09fffff
2508,8831656283fffff
2509,8831650d55fffff
2510,883165775dfffff
2511,88316506bdfffff
2512,8831656445fffff
2513,8831652c8bfffff
2514,883165275bfffff
2515,88316502e3fffff
2516,88316521abfffff
2517,8831653855fffff
2518,88316538a5fffff
2519,88316515ebfffff
2520,8831650883fffff
2521,883165172bfffff
2522,8831656293fffff
2523,88316515b9fffff
2524,883165043bfffff
2525,88316508a3fffff
2526,883165649dfffff
2527,8831650251fffff
2528,883165acb7fffff
2529,8831619237fffff
2530,8831652ad9fffff
2531,8831657017fffff
2532,88316530d9fffff
2533,883165acbdfffff
2534,8831653089fffff
2535,88316192c3fffff
2536,882ec92dc7fffff
2537,88316509e3fffff
2538,8831652469fffff
2539,8831652ee9fffff
2540,88316519cbfffff
2541,88316511a1fffff
2542,8831652859fffff
2543,8831651289fffff
2544,8831651119fffff
2545,8831650221fffff
2546,883165aae9fffff
2547,88316502adfffff
2548,8831650817fffff
2549,8831650607fffff
2550,883165a827fffff
2551,8831651117fffff
2552,8831652e61fffff
2553,883165a925fffff
2554,883165211dfffff
2555,8831653b25fffff
2556,88316574ebfffff
2557,883165036bfffff
2558,88316192dbfffff
2559,88316531ddfffff
2560,882ec92debfffff
2561,8831650dddfffff
2562,8831650521fffff
2563,8831651b6bfffff
2564,8831651461fffff
2565,8831650d67fffff
2566,8831650b29fffff
2567,883165292bfffff
2568,8831653305fffff
2569,8831650337fffff
2570,88316531a7fffff
2571,88316512b7fffff
2572,883165a943fffff
2573,8831650857fffff
2574,8831653353fffff
2575,883165a997fffff
2576,8831650487fffff
2577,883165ad95fffff
2578,8831651997fffff
2579,882ec92d31fffff
2580,8831658d9bfffff
2581,8831653b31fffff
2582,88316511cdfffff
2583,88316500e5fffff
2584,883165225dfffff
2585,8831652649fffff
2586,88316512cdfffff
2587,883165172dfffff
2588,882ec96cdbfffff
2589,883165a945fffff
2590,8831650a31fffff
2591,88316514e3fffff
2592,883165ccd3fffff
2593,883165ae2dfffff
2594,8831650d91fffff
2595,88316538adfffff
2596,88316570c5fffff
2597,8831653a31fffff
2598,8831650831fffff
2599,8831650989fffff
2600,88316501e5fffff
2601,883165726bfffff
2602,8831656481fffff
2603,8831650843fffff
2604,88316576edfffff
2605,8831653955fffff
2606,88316525d9fffff
2607,8831651533fffff
2608,8831653099fffff
2609,88316536cbfffff
2610,8831619307fffff
2611,8831653b61fffff
2612,8831650469fffff
2613,88316506bbfffff
2614,88316510ebfffff
2615,8831651207fffff
2616,8831653995fffff
2617,8831656669fffff
2618,8831619003fffff
2619,883165a9ddfffff
2620,8831653469fffff
2621,8831650003fffff
2622,8831650031fffff
2623,883161913dfffff
2624,8831619309fffff
2625,882ec92c85fffff
2626,88316505adfffff
2627,88316521ebfffff
2628,883165ad01fffff
2629,883165266dfffff
2630,883165a811fffff
2631,88316520dbfffff
2632,8831650415fffff
2633,8831652519fffff
2634,88316556ddfffff
2635,8831651143fffff
2636,88316502d1fffff
2637,8831653a93fffff
2638,883165031dfffff
2639,88316538c1fffff
2640,883165740bfffff
2641,8831650949fffff
2642,88316530b1fffff
2643,88316565c3fffff
2644,8831651053fffff
2645,883161935bfffff
2646,88316501d9fffff
2647,8831650b6dfffff
2648,88316539a7fffff
2649,8831650b49fffff
2650,8831650467fffff
2651,882ec92ccdfffff
2652,8831653b0bfffff
2653,883165adc5fffff
2654,883165a883fffff
2655,8831652101fffff
2656,8831650261fffff
2657,88316508ebfffff
2658,883165a935fffff
2659,8831657233fffff
2660,88316505b3fffff
2661,883165a1e7fffff
2662,883165a825fffff
2663,8831653501fffff
2664,88316574c1fffff
2665,8831650c07fffff
2666,8831652805fffff
2667,8831657707fffff
2668,88316521e7fffff
2669,883165280bfffff
2670,883165661dfffff
2671,88316506a9fffff
2672,8831650155fffff
2673,8831656519fffff
2674,883165a9e7fffff
2675,8831619253fffff
2676,88316510edfffff
2677,8831650b5dfffff
2678,883165655bfffff
2679,88316528c7fffff
2680,883165023dfffff
2681,8831650c9dfffff
2682,883165ad47fffff
2683,8831650495fffff
2684,88316510b7fffff
2685,8831652a33fffff
2686,883165a8a7fffff
2687,8831650197fffff
2688,8831652c61fffff
2689,883165363bfffff
2690,8831651447fffff
2691,88316556bbfffff
2692,8831650a99fffff
2693,8831653993fffff
2694,88316524b1fffff
2695,8831652e09fffff
2696,88316502b7fffff
2697,8831657741fffff
2698,8831652ad1fffff
2699,8831650101fffff
2700,8831652cc5fffff
2701,883165274bfffff
2702,8831650547fffff
2703,8831653695fffff
2704,883165660dfffff
2705,8831653967fffff
2706,883165148dfffff
2707,88316514ebfffff
2708,8831650311fffff
2709,8831657507fffff
2710,883165006bfffff
2711,8831653441fffff
2712,8831652265fffff
2713,8831652d03fffff
2714,883165385bfffff
2715,8831651a39fffff
2716,8831650e0bfffff
2717,883165381bfffff
2718,883165af29fffff
2719,88316515d7fffff
2720,88316514c5fffff
2721,8831652407fffff
2722,883165573dfffff
2723,8831650727fffff
2724,8831653729fffff
2725,883165724dfffff
2726,8831650d99fffff
2727,88316529abfffff
2728,883165026bfffff
2729,882ec92ce1fffff
2730,8831652f63fffff
2731,8831651409fffff
2732,883165304dfffff
2733,8831652841fffff
2734,883165724bfffff
2735,8831657605fffff
2736,8831650611fffff
2737,883165661bfffff
2738,883165a8d9fffff
2739,8831653905fffff
2740,8831652a25fffff
2741,8831652239fffff
2742,883165384dfffff
2743,883165ad29fffff
2744,883165545dfffff
2745,8831657217fffff
2746,88316535a1fffff
2747,883165283dfffff
2748,88316574a9fffff
2749,88316514cbfffff
2750,8831651551fffff
2751,8831653595fffff
2752,88316509dbfffff
2753,8831651587fffff
2754,883165226bfffff
2755,88316539edfffff
2756,883165335bfffff
2757,88316518b1fffff
2758,8831650f41fffff
2759,8831653245fffff
2760,8831652029fffff
2761,8831652d31fffff
2762,8831651ac3fffff
2763,8831650d69fffff
2764,8831652e81fffff
2765,8831653289fffff
2766,883165ccd5fffff
2767,8831653a6bfffff
2768,8831652a2dfffff
2769,8831651707fffff
2770,88316515bdfffff
2771,8831653839fffff
2772,8831651589fffff
2773,8831651b57fffff
2774,883161904dfffff
2775,88316535cbfffff
2776,8831650837fffff
2777,88316536e9fffff
2778,88316519a5fffff
2779,88316565cdfffff
2780,883165aa27fffff
2781,8831651257fffff
2782,8831653321fffff
2783,8831650569fffff
2784,8831657651fffff
2785,88316508abfffff
2786,8831651227fffff
2787,8831652d0dfffff
2788,883165721dfffff
2789,88316520d5fffff
2790,883165aaa7fffff
2791,8831650963fffff
2792,88316570bdfffff
2793,88316556d7fffff
2794,8831651897fffff
2795,8831656589fffff
2796,88316505e1fffff
2797,8831652455fffff
2798,883165069bfffff
2799,8831650e55fffff
2800,883165035bfffff
2801,882ec96ca7fffff
2802,883165119dfffff
2803,88316509d1fffff
2804,883165010bfffff
2805,8831653207fffff
2806,8831650537fffff
2807,883165252bfffff
2808,8831650435fffff
2809,883165076bfffff
2810,8831651931fffff
2811,883165166bfffff
2812,8831653061fffff
2813,88316534a1fffff
2814,8831653029fffff
2815,88316512ddfffff
2816,8831652b49fffff
2817,88316556d3fffff
2818,8831650a41fffff
2819,8831650f39fffff
2820,8831653829fffff
2821,8831651aa5fffff
2822,883165274dfffff
2823,8831650c01fffff
2824,88316515cbfffff
2825,88316500a5fffff
2826,883161910bfffff
2827,8831650aadfffff
2828,88316521b5fffff
2829,8831650687fffff
2830,883165251dfffff
2831,8831650513fffff
2832,8831651899fffff
2833,883165345bfffff
2834,8831650c63fffff
2835,8831619305fffff
2836,8831651557fffff
2837,88316564d3fffff
2838,8831652211fffff
2839,883165af07fffff
2840,8831651991fffff
2841,8831652713fffff
2842,88316522e1fffff
2843,8831653325fffff
2844,8831650993fffff
2845,883165349dfffff
2846,88316518bbfffff
2847,88316505a9fffff
2848,8831652631fffff
2849,883165ad23fffff
2850,8831653959fffff
2851,883165002dfffff
2852,8831657445fffff
2853,8831657055fffff
2854,882ec96eb1fffff
2855,8831653853fffff
2856,88316535b3fffff
2857,8831650cd1fffff
2858,8831650427fffff
2859,8831652135fffff
2860,8831650557fffff
2861,883165304bfffff
2862,8831657643fffff
2863,88316514e1fffff
2864,8831655459fffff
2865,8831653a3dfffff
2866,8831652985fffff
2867,8831652715fffff
2868,88316532cdfffff
2869,8831650a23fffff
2870,8831652c27fffff
2871,8831651a31fffff
2872,8831651989fffff
2873,8831652335fffff
2874,883165056dfffff
2875,8831652f2dfffff
2876,8831652603fffff
2877,8831653457fffff
2878,88316518d7fffff
2879,8831651b55fffff
2880,8831650453fffff
2881,883165672bfffff
2882,883165548bfffff
2883,88316516a7fffff
2884,883165003dfffff
2885,8831652c83fffff
2886,8831650c85fffff
2887,883165183bfffff
2888,883165770dfffff
2889,88316510cdfffff
2890,8831651011fffff
2891,8831650f63fffff
2892,88316522d9fffff
2893,8831650825fffff
2894,883165731bfffff
2895,8831651027fffff
2896,882ec96eedfffff
2897,883165ad21fffff
2898,883165245bfffff
2899,8831650dd5fffff
2900,882ec96c99fffff
2901,8831651351fffff
2902,8831652d63fffff
2903,88316518b9fffff
2904,8831650457fffff
2905,88316505bbfffff
2906,883165a9d5fffff
2907,8831650f19fffff
2908,8831652301fffff
2909,8831653a4dfffff
2910,88316502bdfffff
2911,8831650f61fffff
2912,883165662bfffff
2913,883165aa3bfffff
2914,8831652023fffff
2915,8831651711fffff
2916,883165335dfffff
2917,883165375bfffff
2918,883165226dfffff
2919,883165052dfffff
2920,8831653559fffff
2921,8831651235fffff
2922,8831650a93fffff
2923,8831653aabfffff
2924,8831652321fffff
2925,8831651933fffff
2926,8831657087fffff
2927,8831619159fffff
2928,88316566e3fffff
2929,88316576c1fffff
2930,882ec92d91fffff
2931,8831652c07fffff
2932,883161930dfffff
2933,8831651a11fffff
2934,883165753dfffff
2935,88316525cdfffff
2936,88316531b5fffff
2937,883165643bfffff
2938,883165ceb5fffff
2939,88316510e5fffff
2940,88316526e1fffff
2941,8831655451fffff
2942,88316192abfffff
2943,8831651843fffff
2944,8831652357fffff
2945,8831653aa3fffff
2946,8831656489fffff
2947,8831650907fffff
2948,8831657713fffff
2949,883165188dfffff
2950,88316506d1fffff
2951,883165566dfffff
2952,8831650363fffff
2953,88316556b1fffff
2954,88316574e1fffff
2955,883165164dfffff
2956,88316534adfffff
2957,8831652c51fffff
2958,8831652121fffff
2959,883165a8bbfffff
2960,883165090dfffff
2961,88316572bdfffff
2962,8831652217fffff
2963,8831651859fffff
2964,883165382dfffff
2965,883165235dfffff
2966,8831650543fffff
2967,88316511a7fffff
2968,88316528a7fffff
2969,883165366bfffff
2970,883165ad97fffff
2971,8831651b17fffff
2972,88316508e3fffff
2973,88316539cbfffff
2974,8831653633fffff
2975,8831652b67fffff
2976,88316519d5fffff
2977,8831650ea9fffff
2978,882ec9649dfffff
2979,88316574d9fffff
2980,8831650609fffff
2981,8831650145fffff
2982,8831652a93fffff
2983,8831650a9dfffff
2984,8831657427fffff
2985,8831651755fffff
2986,8831650a47fffff
2987,88316512e3fffff
2988,8831652a6bfffff
2989,8831652245fffff
2990,88316570dbfffff
2991,8831653713fffff
2992,8831652eadfffff
2993,88316514e7fffff
2994,8831651529fffff
2995,883165185dfffff
2996,8831652f43fffff
2997,8831652257fffff
2998,8831653057fffff
2999,883165adebfffff
3000,8831653035fffff
3001,88316522abfffff
3002,8831651b31fffff
3003,8831651127fffff
3004,8831653a63fffff
3005,8831653b01fffff
3006,88316575cdfffff
3007,88316521b7fffff
3008,8831656281fffff
3009,883161914dfffff
3010,88316532a7fffff
3011,8831657547fffff
3012,8831619243fffff
3013,8831653635fffff
3014,88316528a3fffff
3015,8831651967fffff
3016,8831653953fffff
3017,8831656455fffff
3018,883165018dfffff
3019,8831651155fffff
3020,883165aa91fffff
3021,8831651b5bfffff
3022,8831651769fffff
3023,8831651ab1fffff
3024,8831650c57fffff
3025,8831653235fffff
3026,8831652c17fffff
3027,8831656729fffff
3028,8831653407fffff
3029,8831655635fffff
3030,8831652b37fffff
3031,8831653109fffff
3032,883165105bfffff
3033,883165203bfffff
3034,8831657467fffff
3035,883165ad31fffff
3036,883165662dfffff
3037,883165ad2dfffff
3038,8831655753fffff
3039,8831650725fffff
3040,8831655495fffff
3041,8831652f15fffff
3042,883165128bfffff
3043,883165359bfffff
3044,88316566e5fffff
3045,8831650659fffff
3046,88316562cdfffff
3047,8831656595fffff
3048,8831652d05fffff
3049,88316572e7fffff
3050,8831653433fffff
3051,88316508d1fffff
3052,8831656707fffff
3053,88316576dbfffff
3054,883165334dfffff
3055,8831653999fffff
3056,88316525c9fffff
3057,8831653a03fffff
3058,8831650b41fffff
3059,8831650d47fffff
3060,88316570b7fffff
3061,8831652163fffff
3062,883165621bfffff
3063,883165131dfffff
3064,88316554d7fffff
3065,8831651889fffff
3066,8831650351fffff
3067,8831650947fffff
3068,883165193bfffff
3069,883165af55fffff
3070,88316562c1fffff
3071,8831650193fffff
3072,88316534bdfffff
3073,8831650e63fffff
3074,8831652a43fffff
3075,8831650821fffff
3076,8831651867fffff
3077,8831652dc9fffff
3078,883165312dfffff
3079,883165060dfffff
3080,88316505c9fffff
3081,8831619a43fffff
3082,88316539c9fffff
3083,883165146dfffff
3084,8831650067fffff
3085,88316191cbfffff
3086,88316191e9fffff
3087,8831655717fffff
3088,8831653299fffff
3089,88316500c9fffff
3090,8831653069fffff
3091,88316538a9fffff
3092,8831652ee1fffff
3093,8831651709fffff
3094,8831652153fffff
3095,8831652e21fffff
3096,8831651ad1fffff
3097,8831650551fffff
3098,8831651b19fffff
3099,88316531c5fffff
3100,8831653801fffff
3101,883165aac3fffff
3102,883165766dfffff
3103,8831650163fffff
3104,88316520bbfffff
3105,8831650429fffff
3106,8831619263fffff
3107,8831655681fffff
3108,8831650209fffff
3109,8831651b6dfffff
3110,883165ade9fffff
3111,88316538e7fffff
3112,883165a833fffff
3113,8831651237fffff
3114,8831658d91fffff
3115,8831653449fffff
3116,883165776bfffff
3117,883165241bfffff
3118,8831650651fffff
3119,8831651b63fffff
3120,8831652dcbfffff
3121,883165a891fffff
3122,8831651ab7fffff
3123,8831652e97fffff
3124,883165322dfffff
3125,88316515abfffff
3126,8831656645fffff
3127,8831653047fffff
3128,8831653515fffff
3129,88316501e7fffff
3130,883165675dfffff
3131,8831653191fffff
3132,8831619027fffff
3133,8831652f33fffff
3134,883165104dfffff
3135,8831656491fffff
3136,88316532b7fffff
3137,8831619057fffff
3138,8831653739fffff
3139,8831651313fffff
3140,883165232bfffff
3141,8831657607fffff
3142,8831652311fffff
3143,882ec92d2dfffff
3144,8831652b11fffff
3145,883161931bfffff
3146,8831650015fffff
3147,8831650a15fffff
3148,88316506d5fffff
3149,8831653659fffff
3150,8831650e4dfffff
3151,88316512e1fffff
3152,883165a86bfffff
3153,883165721bfffff
3154,883165aab3fffff
3155,883165396dfffff
3156,883165123dfffff
3157,882ec96e87fffff
3158,883165764dfffff
3159,8831653113fffff
3160,8831653b35fffff
3161,8831655711fffff
3162,8831652339fffff
3163,88316532b5fffff
3164,883165333dfffff
3165,8831655445fffff
3166,8831650719fffff
3167,8831653543fffff
3168,882ec96cb3fffff
3169,88316534cbfffff
3170,8831653097fffff
3171,88316572b3fffff
3172,883165ab65fffff
3173,8831653ae7fffff
3174,882ec92dd1fffff
3175,8831658de3fffff
3176,8831650c97fffff
3177,8831655747fffff
3178,883165a139fffff
3179,8831653101fffff
3180,883165112dfffff
3181,8831619049fffff
3182,883165a957fffff
3183,88316518adfffff
3184,883165174dfffff
3185,8831657623fffff
3186,8831658d37fffff
3187,8831650acdfffff
3188,883165a92bfffff
3189,8831652205fffff
3190,883165adcdfffff
3191,88316522b3fffff
3192,8831652563fffff
3193,88316539a3fffff
3194,8831653303fffff
3195,8831650b33fffff
3196,8831650f07fffff
3197,8831652e31fffff
3198,8831653719fffff
3199,882ec96c97fffff
3200,8831653711fffff
3201,8831653aa7fffff
3202,8831652465fffff
3203,8831655735fffff
3204,8831650cedfffff
3205,8831652c5bfffff
3206,8831652c4dfffff
3207,88316501ebfffff
3208,8831657457fffff
3209,883165a913fffff
3210,8831650db5fffff
3211,88316531bdfffff
3212,8831652a0bfffff
3213,8831650b4bfffff
3214,8831651b29fffff
3215,8831650045fffff
3216,8831650d4bfffff
3217,883165034dfffff
3218,8831650767fffff
3219,8831619345fffff
3220,88316531abfffff
3221,883165154bfffff
3222,8831652209fffff
3223,8831650227fffff
3224,88316539b5fffff
3225,883165674dfffff
3226,883165a91dfffff
3227,8831653a33fffff
3228,883165af67fffff
3229,8831650059fffff
3230,88316512a1fffff
3231,8831653111fffff
3232,883165140dfffff
3233,883165ad27fffff
3234,8831653199fffff
3235,8831650f59fffff
3236,882ec92c11fffff
3237,8831650f13fffff
3238,8831657443fffff
3239,8831652c0dfffff
3240,8831653337fffff
3241,88316501abfffff
3242,8831653ad7fffff
3243,883161921dfffff
3244,88316531dbfffff
3245,8831656665fffff
3246,8831657609fffff
3247,883165755bfffff
3248,8831651483fffff
3249,8831652881fffff
3250,88316525e5fffff
3251,883165625dfffff
3252,8831650663fffff
3253,8831657269fffff
3254,8831650e35fffff
3255,8831652937fffff
3256,883165021bfffff
3257,8831651193fffff
3258,8831657685fffff
3259,88316554cbfffff
3260,8831652417fffff
3261,8831653547fffff
3262,8831650335fffff
3263,88316505cdfffff
3264,8831655603fffff
3265,8831650f31fffff
3266,8831650ce1fffff
3267,88316572d9fffff
3268,8831619267fffff
3269,883165ad2bfffff
3270,8831650345fffff
3271,88316564c9fffff
3272,8831653167fffff
3273,8831656467fffff
3274,8831650447fffff
3275,883165aab9fffff
3276,88316566a9fffff
3277,883165a8b3fffff
3278,883165210dfffff
3279,8831650333fffff
3280,883165a845fffff
3281,8831657619fffff
3282,88316564b3fffff
3283,8831650017fffff
3284,8831653601fffff
3285,883165ab67fffff
3286,8831652cc3fffff
3287,8831650c11fffff
3288,8831650013fffff
3289,8831652c35fffff
3290,8831652f1bfffff
3291,8831657703fffff
3292,88316575b9fffff
3293,8831650717fffff
3294,8831653981fffff
3295,8831652ac5fffff
3296,8831650c99fffff
3297,88316530c3fffff
3298,88316508d9fffff
3299,88316512d5fffff
3300,8831652f6dfffff
3301,8831650b47fffff
3302,8831655707fffff
3303,88316519d3fffff
3304,8831650507fffff
3305,883165194bfffff
3306,8831650981fffff
3307,8831656417fffff
3308,8831652a95fffff
3309,8831650d17fffff
3310,88316556bdfffff
3311,8831652a85fffff
3312,883165ad11fffff
3313,8831653b47fffff
3314,883161929dfffff
3315,8831619157fffff
3316,8831650e9dfffff
3317,8831653ac7fffff
3318,8831651b67fffff
3319,882ec96c5bfffff
3320,883165050bfffff
3321,8831650ac1fffff
3322,8831652ecbfffff
3323,883165181bfffff
3324,8831653887fffff
3325,88316565c9fffff
3326,88316566b5fffff
3327,883165cc9bfffff
3328,8831650165fffff
3329,88316538b3fffff
3330,88316556a7fffff
3331,8831652b65fffff
3332,8831652adbfffff
3333,8831652243fffff
3334,8831653b03fffff
3335,883165089dfffff
3336,883165186bfffff
3337,8831652433fffff
3338,8831650ee7fffff
3339,8831650a1dfffff
3340,8831653607fffff
3341,88316519a9fffff
3342,8831650847fffff
3343,8831652c91fffff
3344,8831650e17fffff
3345,8831653849fffff
3346,8831657737fffff
3347,882ec96ebbfffff
3348,882ec96c83fffff
3349,8831651137fffff
3350,8831655743fffff
3351,8831650ee9fffff
3352,88316508adfffff
3353,8831653005fffff
3354,883165700bfffff
3355,8831652527fffff
3356,8831656691fffff
3357,883165a1a3fffff
3358,8831651281fffff
3359,8831652767fffff
3360,8831652091fffff
3361,8831652855fffff
3362,8831652d0bfffff
3363,88316512d1fffff
3364,8831652235fffff
3365,8831651937fffff
3366,883165a8e1fffff
3367,882ec92dedfffff
3368,883165aa11fffff
3369,883165af27fffff
3370,882ec96c8bfffff
3371,88316504e3fffff
3372,88316515e7fffff
3373,8831652cc7fffff
3374,883165375dfffff
3375,8831653985fffff
3376,883165762bfffff
3377,8831651ae3fffff
3378,8831650e33fffff
3379,8831652b35fffff
3380,8831651427fffff
3381,883165246dfffff
3382,8831652a29fffff
3383,88316501bdfffff
3384,8831619025fffff
3385,8831651959fffff
3386,883165655dfffff
3387,8831653011fffff
3388,8831658de7fffff
3389,883165321dfffff
3390,882ec92d9dfffff
3391,88316519e7fffff
3392,88316522ebfffff
3393,88316570e1fffff
3394,8831651b33fffff
3395,88316570d1fffff
3396,8831650a55fffff
3397,882ec92cc7fffff
3398,8831653597fffff
3399,8831619247fffff
3400,883165286dfffff
3401,8831650629fffff
3402,883165775bfffff
3403,8831650b59fffff
3404,883161923dfffff
3405,883165709dfffff
3406,8831651865fffff
3407,8831652303fffff
3408,8831650d3dfffff
3409,8831651b21fffff
3410,8831650e29fffff
3411,8831650cc7fffff
3412,88316500a7fffff
3413,88316564a1fffff
3414,8831655639fffff
3415,8831652a01fffff
3416,88316530d5fffff
3417,883165270dfffff
3418,8831653a89fffff
3419,8831650a45fffff
3420,8831653637fffff
3421,88316554c3fffff
3422,8831656649fffff
3423,8831656749fffff
3424,883165a9c1fffff
3425,8831650f0bfffff
3426,8831650e8dfffff
3427,882ec96ea9fffff
3428,8831656407fffff
3429,88316509cbfffff
3430,8831651585fffff
3431,882ec96487fffff
3432,8831653737fffff
3433,8831652857fffff
3434,8831652951fffff
3435,88316515e3fffff
3436,88316506a5fffff
3437,883165a83bfffff
3438,8831652427fffff
3439,8831650b31fffff
3440,8831650c27fffff
3441,8831650137fffff
3442,8831653065fffff
3443,8831651009fffff
3444,8831652545fffff
3445,8831652089fffff
3446,8831655629fffff
3447,8831652467fffff
3448,883165ad37fffff
3449,88316554d9fffff
3450,8831651b03fffff
3451,8831651283fffff
3452,8831652ae9fffff
3453,88316511b3fffff
3454,8831619165fffff
3455,883165256bfffff
3456,882ec96c87fffff
3457,8831652e4bfffff
3458,8831652613fffff
3459,882ec96cb1fffff
3460,8831653527fffff
3461,883165765bfffff
3462,8831657595fffff
3463,8831651497fffff
3464,8831651647fffff
3465,8831652ec3fffff
3466,8831652345fffff
3467,883165151bfffff
3468,883165746bfffff
3469,8831652297fffff
3470,8831656745fffff
3471,88316505d5fffff
3472,8831653705fffff
3473,8831652a57fffff
3474,88316522c5fffff
3475,8831653709fffff
3476,8831652431fffff
3477,8831652329fffff
3478,8831656697fffff
3479,88316501d1fffff
3480,8831655409fffff
3481,8831650105fffff
3482,8831652521fffff
3483,883165571bfffff
3484,88316520b7fffff
3485,88316534b5fffff
3486,883165ad07fffff
3487,8831650181fffff
3488,8831652a15fffff
3489,8831650e51fffff
3490,883165291dfffff
3491,8831650553fffff
3492,8831655613fffff
3493,8831650e0dfffff
3494,8831619021fffff
3495,883165708bfffff
3496,8831653535fffff
3497,883165372dfffff
3498,8831652247fffff
3499,88316530a3fffff
3500,8831656599fffff
3501,8831652dc1fffff
3502,88316536e1fffff
3503,8831651553fffff
3504,88316534ebfffff
3505,8831652051fffff
3506,8831650d89fffff
3507,8831651331fffff
3508,88316514abfffff
3509,8831658da5fffff
3510,8831653935fffff
3511,883165aad3fffff
3512,882ec92c15fffff
3513,88316536adfffff
3514,8831651801fffff
3515,8831656405fffff
3516,8831656651fffff
3517,88316524abfffff
3518,88316509abfffff
3519,8831652a3bfffff
3520,88316531b9fffff
3521,8831656425fffff
3522,8831619a69fffff
3523,8831657437fffff
3524,8831652a1bfffff
3525,8831652547fffff
3526,882ec92cddfffff
3527,8831653939fffff
3528,8831651b37fffff
3529,883161921bfffff
3530,883165285dfffff
3531,882ec96c95fffff
3532,8831653221fffff
3533,88316534e3fffff
3534,8831655659fffff
3535,8831652b07fffff
3536,8831651907fffff
3537,88316576c3fffff
3538,88316556cbfffff
3539,883165043dfffff
3540,88316501bbfffff
3541,8831651743fffff
3542,883161900dfffff
3543,8831652823fffff
3544,88316528cbfffff
3545,8831651961fffff
3546,8831652b1bfffff
3547,88316504a3fffff
3548,88316531ebfffff
3549,8831652b29fffff
3550,8831652139fffff
3551,88316522a3fffff
3552,88316528b3fffff
3553,8831657569fffff
3554,883165aa37fffff
3555,8831653683fffff
3556,88316525e7fffff
3557,88316535edfffff
3558,88316511b7fffff
3559,883165155bfffff
3560,883165a951fffff
3561,88316539a5fffff
3562,883165a8b9fffff
3563,88316566c5fffff
3564,8831655729fffff
3565,88316534c9fffff
3566,883165083dfffff
3567,883165a12bfffff
3568,88316539e9fffff
3569,883165175bfffff
3570,8831651a37fffff
3571,8831652d53fffff
3572,883165701dfffff
3573,8831619213fffff
3574,8831655605fffff
3575,883165223dfffff
3576,883165af53fffff
3577,8831650099fffff
3578,883165a865fffff
3579,8831650b05fffff
3580,88316538d5fffff
3581,883165676bfffff
3582,88316576b5fffff
3583,8831650635fffff
3584,8831651125fffff
3585,8831657633fffff
3586,8831651217fffff
3587,8831652d1dfffff
3588,883165aadbfffff
3589,8831653461fffff
3590,8831650d01fffff
3591,8831650aabfffff
3592,8831658d27fffff
3593,8831652aa3fffff
3594,882ec964abfffff
3595,8831619055fffff
3596,8831650a19fffff
3597,883165205dfffff
3598,8831652e63fffff
3599,8831652735fffff
3600,883165a983fffff
3601,8831650da7fffff
3602,8831652b31fffff
3603,883165a989fffff
3604,8831652a83fffff
3605,8831651219fffff
3606,8831650455fffff
3607,88316515bbfffff
3608,8831656419fffff
3609,8831650adbfffff
3610,883165af45fffff
3611,8831650d3bfffff
3612,883165a889fffff
3613,8831650229fffff
3614,88316521b9fffff
3615,8831652e35fffff
3616,8831651625fffff
3617,8831656289fffff
3618,883165356dfffff
3619,88316506b5fffff
3620,8831650cdbfffff
3621,88316500e3fffff
3622,883165743bfffff
3623,8831650049fffff
3624,882ec92c35fffff
3625,8831652a47fffff
3626,88316501e9fffff
3627,8831653511fffff
3628,883165122dfffff
3629,88316515b1fffff
3630,88316505d9fffff
3631,882ec92c89fffff
3632,8831657723fffff
3633,88316554c5fffff
3634,883165a9e9fffff
3635,883165a931fffff
3636,88316528b1fffff
3637,8831653159fffff
3638,882ec92c81fffff
3639,8831652149fffff
3640,8831652e03fffff
3641,8831653257fffff
3642,8831651ad7fffff
3643,8831652719fffff
3644,883165a1a9fffff
3645,88316529bbfffff
3646,88316570c1fffff
3647,8831650863fffff
3648,8831650aa1fffff
3649,8831658dabfffff
3650,8831650a6dfffff
3651,8831651851fffff
3652,88316192c5fffff
3653,8831650735fffff
3654,8831652de5fffff
3655,883165a96bfffff
3656,883165290bfffff
3657,8831650763fffff
3658,88316570cbfffff
3659,8831655723fffff
3660,88316534b9fffff
3661,8831650f49fffff
3662,8831651b59fffff
3663,8831658d81fffff
3664,88316521e3fffff
3665,8831652f39fffff
3666,8831657081fffff
3667,88316506cbfffff
3668,8831619367fffff
3669,8831653287fffff
3670,8831651885fffff
3671,8831656295fffff
3672,8831651333fffff
3673,8831652eddfffff
3674,8831650437fffff
3675,88316564e9fffff
3676,882ec96e85fffff
3677,8831656435fffff
3678,8831650653fffff
3679,88316510abfffff
3680,88316501cdfffff
3681,88316525c3fffff
3682,88316575b3fffff
3683,882ec96e8dfffff
3684,8831652a1dfffff
3685,883165764bfffff
3686,88316572d1fffff
3687,8831653087fffff
3688,88316528c5fffff
3689,8831653169fffff
3690,883161924dfffff
3691,8831653439fffff
3692,8831650b21fffff
3693,8831650625fffff
3694,883165283bfffff
3695,88316531cbfffff
3696,88316529b9fffff
3697,8831619a6bfffff
3698,883165319dfffff
3699,88316528adfffff
3700,88316520a1fffff
3701,883165369bfffff
3702,8831657757fffff
3703,8831650cabfffff
3704,8831652e27fffff
3705,88316554dbfffff
3706,883165a8adfffff
3707,883165330bfffff
3708,88316514adfffff
3709,883165aae7fffff
3710,8831657617fffff
3711,883165ad59fffff
3712,8831650e69fffff
3713,88316504b7fffff
3714,8831650e93fffff
3715,8831651aebfffff
3716,8831652891fffff
3717,8831651a05fffff
3718,883165ab25fffff
3719,883165a905fffff
3720,88316572c7fffff
3721,8831653a81fffff
3722,8831652a35fffff
3723,8831653233fffff
3724,8831652c09fffff
3725,883165a9c5fffff
3726,883165a9bdfffff
3727,8831651487fffff
3728,8831655665fffff
3729,883165072bfffff
3730,883165725dfffff
3731,88316575a9fffff
3732,88316576c9fffff
3733,88316538dbfffff
3734,8831657601fffff
3735,8831652925fffff
3736,8831652c6bfffff
3737,883165085bfffff
3738,8831653819fffff
3739,8831650405fffff
3740,8831619333fffff
3741,88316522a7fffff
3742,8831653a09fffff
3743,8831653495fffff
3744,8831651013fffff
3745,8831650241fffff
3746,88316508bdfffff
3747,88316514d5fffff
3748,883165264dfffff
3749,8831650eb3fffff
3750,88316574b1fffff
3751,8831653703fffff
3752,8831653641fffff
3753,8831650e81fffff
3754,8831650dcdfffff
3755,882ec92db1fffff
3756,8831652365fffff
3757,88316521dbfffff
3758,8831652005fffff
3759,88316506cdfffff
3760,883165a841fffff
3761,88316515c5fffff
3762,8831651445fffff
3763,8831652a81fffff
3764,88316192cdfffff
3765,8831650449fffff
3766,8831653369fffff
3767,88316570d9fffff
3768,883165020dfffff
3769,8831650943fffff
3770,8831651b47fffff
3771,8831653151fffff
3772,8831658de1fffff
3773,88316536dbfffff
3774,88316535b9fffff
3775,883165aa85fffff
3776,8831652a89fffff
3777,88316576a9fffff
3778,88316538d7fffff
3779,8831650e2dfffff
3780,88316192c9fffff
3781,883165af01fffff
3782,8831657533fffff
3783,88316509b7fffff
3784,88316564dbfffff
3785,8831653315fffff
3786,8831650f0dfffff
3787,88316525c5fffff
3788,88316566e9fffff
3789,883165643dfffff
3790,883165763dfffff
3791,8831651a97fffff
3792,8831653657fffff
3793,8831619a51fffff
3794,8831650e8bfffff
3795,8831651a83fffff
3796,8831653833fffff
3797,8831652eb5fffff
3798,8831650205fffff
3799,8831650b25fffff
3800,88316565d9fffff
3801,8831653a21fffff
3802,88316501a5fffff
3803,88316570b3fffff
3804,8831650d33fffff
3805,8831650f51fffff
3806,8831650e23fffff
3807,8831657237fffff
3808,883165664dfffff
3809,88316518c7fffff
3810,88316510bdfffff
3811,8831653143fffff
3812,88316501d7fffff
3813,883165a885fffff
3814,8831650ae1fffff
3815,8831653583fffff
3816,88316521ddfffff
3817,883161915dfffff
3818,883165081bfffff
3819,883165222dfffff
3820,88316515a9fffff
3821,8831652b23fffff
3822,88316532bdfffff
3823,8831653349fffff
3824,883165308dfffff
3825,8831657219fffff
3826,8831653423fffff
3827,883165253dfffff
3828,88316506ddfffff
3829,8831652281fffff
3830,883165058dfffff
3831,88316531edfffff
3832,883165083bfffff
3833,883165aa8dfffff
3834,8831652b4bfffff
3835,8831653027fffff
3836,8831651501fffff
3837,8831657403fffff
3838,882ec96cb7fffff
3839,8831652625fffff
3840,883165206bfffff
3841,88316518a3fffff
3842,883165109bfffff
3843,8831653a43fffff
3844,883165313bfffff
3845,88316575d9fffff
3846,8831657499fffff
3847,88316506e5fffff
3848,88316504bbfffff
3849,8831656439fffff
3850,88316514a3fffff
3851,883165070bfffff
3852,883165342dfffff
3853,8831651311fffff
3854,8831653b15fffff
3855,8831652ebbfffff
3856,883165001dfffff
3857,883165a867fffff
3858,883165261bfffff
3859,882ec92d63fffff
3860,883165193dfffff
3861,883165271bfffff
3862,8831653329fffff
3863,883165569bfffff
3864,8831653727fffff
3865,88316570c3fffff
3866,883165a8a3fffff
3867,8831651535fffff
3868,883165660bfffff
3869,8831619121fffff
3870,8831619219fffff
3871,882ec92d23fffff
3872,883165259bfffff
3873,88316502e7fffff
3874,8831657663fffff
3875,8831650289fffff
3876,883165301bfffff
3877,8831651337fffff
3878,883165284bfffff
3879,88316519d9fffff
3880,8831651197fffff
3881,88316192ebfffff
3882,8831653045fffff
3883,8831650315fffff
3884,8831650417fffff
3885,883165a817fffff
3886,8831650355fffff
3887,8831651735fffff
3888,8831657259fffff
3889,88316509b1fffff
3890,88316535b5fffff
3891,8831653ad9fffff
3892,88316574c9fffff
3893,88316572b5fffff
3894,8831650ad7fffff
3895,8831653697fffff
3896,8831650a17fffff
3897,8831650a8bfffff
3898,8831656485fffff
3899,8831650d29fffff
3900,883165341bfffff
3901,882ec92dc1fffff
3902,88316556b5fffff
3903,883165229dfffff
3904,8831653ab5fffff
3905,883165336dfffff
3906,88316508ddfffff
3907,8831652505fffff
3908,88316538a3fffff
3909,8831650281fffff
3910,882ec92d99fffff
3911,8831651113fffff
3912,88316532bbfffff
3913,8831657009fffff
3914,8831650299fffff
3915,882ec92d35fffff
3916,8831650de9fffff
3917,8831650d81fffff
3918,883165340dfffff
3919,88316554cdfffff
3920,8831652e07fffff
3921,8831657717fffff
3922,8831651893fffff
3923,8831619029fffff
3924,8831653531fffff
3925,882ec92d33fffff
3926,8831656639fffff
3927,8831652143fffff
3928,8831653b69fffff
3929,883165aca1fffff
3930,8831653051fffff
3931,8831655625fffff
3932,88316524e3fffff
3933,8831650a39fffff
3934,88316516b3fffff
3935,8831653463fffff
3936,883165722bfffff
3937,883165adc9fffff
3938,8831657763fffff
3939,8831650407fffff
3940,8831653129fffff
3941,883165546dfffff
3942,88316530e3fffff
3943,8831652ad3fffff
3944,883165a89bfffff
3945,8831650eadfffff
3946,8831653965fffff
3947,8831653685fffff
3948,8831651123fffff
3949,883165540dfffff
3950,883165a9e1fffff
3951,883165aa39fffff
3952,88316574c3fffff
3953,883165aae5fffff
3954,88316574cdfffff
3955,8831652843fffff
3956,88316576c5fffff
3957,8831650d4dfffff
3958,8831653a61fffff
3959,88316192d5fffff
3960,8831652725fffff
3961,88316511bdfffff
3962,883165a131fffff
3963,88316192c7fffff
3964,8831657291fffff
3965,883165365dfffff
3966,883165153dfffff
3967,883165aaa5fffff
3968,8831656219fffff
3969,8831650143fffff
3970,8831650613fffff
3971,88316501c3fffff
3972,8831652d2dfffff
3973,8831651b39fffff
3974,88316574a3fffff
3975,883165364bfffff
3976,88316534c7fffff
3977,882ec96c9dfffff
3978,882ec92dcdfffff
3979,8831655655fffff
3980,8831651953fffff
3981,883165086dfffff
3982,88316518e9fffff
3983,88316522cbfffff
3984,883165add1fffff
3985,8831652c2bfffff
3986,88316576ebfffff
3987,8831657537fffff
3988,88316566c1fffff
3989,8831653b17fffff
3990,8831652845fffff
3991,8831652543fffff
3992,8831651a29fffff
3993,8831653addfffff
3994,88316516b5fffff
3995,8831658dd5fffff
3996,8831650b07fffff
3997,8831650dc3fffff
3998,88316511e5fffff
3999,8831655719fffff
4000,882ec92dadfffff
4001,883165204bfffff
4002,8831657243fffff
4003,88316556a1fffff
4004,8831650f35fffff
4005,88316514b7fffff
4006,8831652e01fffff
4007,88316576a7fffff
4008,8831653219fffff
4009,8831652821fffff
4010,883165549dfffff
4011,8831652953fffff
4012,8831650c95fffff
4013,8831652895fffff
4014,8831652d21fffff
4015,882ec96ee7fffff
4016,8831651701fffff
4017,8831650a49fffff
4018,883165250dfffff
4019,8831657593fffff
4020,883165770bfffff
4021,88316528e1fffff
4022,8831651187fffff
4023,8831653183fffff
4024,88316508dbfffff
4025,8831650d07fffff
4026,883165772bfffff
4027,88316538e9fffff
4028,8831652001fffff
4029,8831651759fffff
4030,8831657091fffff
4031,8831652d65fffff
4032,883161905dfffff
4033,8831650d31fffff
4034,8831652561fffff
4035,88316515d5fffff
4036,883165af23fffff
4037,8831652907fffff
4038,882ec92cedfffff
4039,8831619283fffff
4040,88316572a9fffff
4041,88316504bdfffff
4042,883165128dfffff
4043,883165aa95fffff
4044,8831653abdfffff
4045,88316575c9fffff
4046,88316529d3fffff
4047,8831657245fffff
4048,8831655493fffff
4049,8831652ab9fffff
4050,882ec96ee1fffff
4051,8831653841fffff
4052,883165ad57fffff
4053,883161902bfffff
4054,883165292dfffff
4055,8831619155fffff
4056,8831650f01fffff
4057,882ec92d2bfffff
4058,8831650d5bfffff
4059,88316519b7fffff
4060,8831653843fffff
4061,8831651ad3fffff
4062,8831653997fffff
4063,8831650cc1fffff
4064,88316526a5fffff
4065,88316526edfffff
4066,883165150dfffff
4067,88316565c1fffff
4068,8831651891fffff
4069,8831652dedfffff
4070,8831650135fffff
4071,882ec92c33fffff
4072,8831653621fffff
4073,8831657251fffff
4074,88316192a5fffff
4075,883165073bfffff
4076,8831650d0bfffff
4077,8831651489fffff
4078,883165771dfffff
4079,8831619103fffff
4080,8831652333fffff
4081,8831650109fffff
4082,883165033dfffff
4083,883165af51fffff
4084,8831652501fffff
4085,8831653751fffff
4086,88316508b9fffff
4087,8831651503fffff
4088,883165289bfffff
4089,883165a911fffff
4090,8831652d4bfffff
4091,8831653119fffff
4092,883165191bfffff
4093,8831655755fffff
4094,8831651135fffff
4095,88316529d9fffff
4096,883165272dfffff
4097,88316500dbfffff
4098,88316520a5fffff
4099,8831650633fffff
4100,8831656621fffff
4101,88316532ebfffff
4102,88316564b9fffff
4103,8831652249fffff
4104,8831650cadfffff
4105,883165a843fffff
4106,8831652035fffff
4107,8831652159fffff
4108,88316539d1fffff
4109,883165aaabfffff
4110,883161925bfffff
4111,88316520d7fffff
4112,8831650263fffff
4113,8831657215fffff
4114,8831651713fffff
4115,883161900bfffff
4116,88316511cbfffff
4117,883165aab5fffff
4118,88316564d1fffff
4119,8831651a8bfffff
4120,883165a84dfffff
4121,88316504c3fffff
4122,88316521cdfffff
4123,8831652261fffff
4124,8831652c59fffff
4125,88316535bdfffff
4126,8831651287fffff
4127,883165175dfffff
4128,8831619017fffff
4129,882ec92cadfffff
4130,8831619a09fffff
4131,883165235bfffff
4132,8831652745fffff
4133,8831653185fffff
4134,88316562bbfffff
4135,88316576d1fffff
4136,8831651985fffff
4137,88316522b5fffff
4138,8831652ea5fffff
4139,8831653161fffff
4140,8831652309fffff
4141,88316501c1fffff
4142,8831650841fffff
4143,88316564a7fffff
4144,88316518d5fffff
4145,8831656685fffff
4146,88316519c5fffff
4147,88316532d1fffff
4148,88316564abfffff
4149,8831655741fffff
4150,8831651a03fffff
4151,883165add9fffff
4152,8831653403fffff
4153,88316508a1fffff
4154,8831657693fffff
4155,883165276bfffff
4156,883165049dfffff
4157,88316505d1fffff
4158,8831650b13fffff
4159,883165309bfffff
4160,883165170bfffff
4161,88316512a7fffff
4162,8831651a67fffff
4163,8831651983fffff
4164,8831655439fffff
4165,8831652731fffff
4166,88316500ddfffff
4167,8831650b0bfffff
4168,88316521a7fffff
4169,8831652e95fffff
4170,88316505b5fffff
4171,8831650561fffff
4172,8831655449fffff
4173,8831652d45fffff
4174,8831653845fffff
4175,883165762dfffff
4176,8831652b33fffff
4177,88316576e7fffff
4178,88316506e1fffff
4179,883165213bfffff
4180,8831650d03fffff
4181,8831651821fffff
4182,8831655601fffff
4183,88316501b3fffff
4184,8831651593fffff
4185,88316514d9fffff
4186,8831650151fffff
4187,88316501dbfffff
4188,8831650e91fffff
4189,883165014bfffff
4190,8831650535fffff
4191,88316534b1fffff
4192,8831656583fffff
4193,88316192d7fffff
4194,8831657611fffff
4195,8831652913fffff
4196,883165ad9bfffff
4197,883165099bfffff
4198,8831652dc5fffff
4199,8831650f21fffff
4200,883165150bfffff
4201,88316525cbfffff
4202,883165076dfffff
4203,883165265dfffff
4204,8831653a27fffff
4205,88316554d5fffff
4206,883165220dfffff
4207,8831652885fffff
4208,883165024dfffff
4209,8831650995fffff
4210,882ec96cb5fffff
4211,883165391bfffff
4212,8831652123fffff
4213,88316575c1fffff
4214,883165a823fffff
4215,8831653a8dfffff
4216,88316524a9fffff
4217,88316534d7fffff
4218,88316538e1fffff
4219,88316534e7fffff
4220,8831650697fffff
4221,8831650cd7fffff
4222,88316530b9fffff
4223,88316192adfffff
4224,8831653331fffff
4225,8831653a29fffff
4226,8831657559fffff
4227,8831650ee3fffff
4228,88316502c1fffff
4229,8831653b1dfffff
4230,8831651253fffff
4231,883165761bfffff
4232,8831652cc9fffff
4233,8831651599fffff
4234,8831657419fffff
4235,8831652537fffff
4236,883165225bfffff
4237,8831651b41fffff
4238,8831653747fffff
4239,8831652445fffff
4240,8831650701fffff
4241,8831619359fffff
4242,88316530dbfffff
4243,8831650ed7fffff
4244,88316510b5fffff
4245,8831650191fffff
4246,8831651045fffff
4247,88316570ddfffff
4248,8831651357fffff
4249,8831653153fffff
4250,8831652109fffff
4251,8831651761fffff
4252,8831650ac3fffff
4253,8831651b5dfffff
4254,88316522c9fffff
4255,8831653949fffff
4256,8831651729fffff
4257,8831652ad5fffff
4258,8831653519fffff
4259,883165190bfffff
4260,88316572e1fffff
4261,8831653945fffff
4262,883165ad99fffff
4263,88316520adfffff
4264,8831651411fffff
4265,88316535b1fffff
4266,88316520b9fffff
4267,8831652c99fffff
4268,88316192a7fffff
4269,88316535b7fffff
4270,8831651469fffff
4271,883165371dfffff
4272,8831652b03fffff
4273,883165258dfffff
4274,8831650493fffff
4275,8831658de9fffff
4276,883165ad43fffff
4277,883165af35fffff
4278,8831656609fffff
4279,8831652669fffff
4280,8831650c93fffff
4281,8831651857fffff
4282,8831650365fffff
4283,8831650621fffff
4284,8831656633fffff
4285,883165306dfffff
4286,883165224dfffff
4287,8831658dd9fffff
4288,8831619147fffff
4289,883165294bfffff
4290,88316509e7fffff
4291,8831650ed3fffff
4292,8831653933fffff
4293,883165196bfffff
4294,8831652831fffff
4295,8831651ad9fffff
4296,8831652207fffff
4297,883161935dfffff
4298,883165195bfffff
4299,8831656603fffff
4300,8831652f13fffff
4301,88316519e1fffff
4302,8831652c9dfffff
4303,8831657211fffff
4304,883165744dfffff
4305,8831650f69fffff
4306,88316535e7fffff
4307,8831651765fffff
4308,8831651aa7fffff
4309,883165649bfffff
4310,8831652b25fffff
4311,88316576adfffff
4312,8831650c55fffff
4313,88316529a5fffff
4314,8831650515fffff
4315,8831650a91fffff
4316,8831652e9bfffff
4317,8831657231fffff
4318,8831652635fffff
4319,8831653a67fffff
4320,88316505bdfffff
4321,88316508a7fffff
4322,883165045dfffff
4323,882ec92dcbfffff
4324,8831657001fffff
4325,8831650e99fffff
4326,8831652c43fffff
4327,883161913bfffff
4328,8831657409fffff
4329,8831650439fffff
4330,883165263bfffff
4331,883165adb9fffff
4332,883165011dfffff
4333,8831653405fffff
4334,883165233dfffff
4335,8831651abdfffff
4336,8831652b43fffff
4337,8831619a01fffff
4338,883165750bfffff
4339,882ec92de7fffff
4340,88316534d9fffff
4341,8831650567fffff
4342,883165212dfffff
4343,8831652b1dfffff
4344,8831650d35fffff
4345,883165346bfffff
4346,883165ce91fffff
4347,8831656451fffff
4348,88316510a5fffff
4349,8831657681fffff
4350,882ec92c3bfffff
4351,8831651b51fffff
4352,8831652e37fffff
4353,883161904bfffff
4354,883165a8b5fffff
4355,8831652751fffff
4356,883165122bfffff
4357,8831650a81fffff
4358,8831651185fffff
4359,882ec92da9fffff
4360,8831651097fffff
4361,8831653745fffff
4362,882ec964b3fffff
4363,8831650111fffff
4364,8831652c95fffff
4365,882ec96cd7fffff
4366,8831658db7fffff
4367,88316520cdfffff
4368,8831653b2bfffff
4369,8831652b27fffff
4370,88316564d9fffff
4371,8831652b61fffff
4372,883165019bfffff
4373,883165a893fffff
4374,8831652aadfffff
4375,882ec92c03fffff
4376,8831657287fffff
4377,882ec92d85fffff
4378,88316506edfffff
4379,88316512d3fffff
4380,88316525ddfffff
4381,883165aaddfffff
4382,8831652523fffff
4383,8831650c37fffff
4384,88316539adfffff
4385,8831652f4dfffff
4386,88316524a3fffff
4387,88316522b7fffff
4388,88316532c1fffff
4389,88316574a1fffff
4390,8831651563fffff
4391,882ec96ee5fffff
4392,88316518e1fffff
4393,88316532e1fffff
4394,8831651b2bfffff
4395,8831650023fffff
4396,8831619289fffff
4397,8831657351fffff
4398,8831653a4bfffff
4399,883165aae1fffff
4400,88316506c1fffff
4401,88316538bdfffff
4402,8831658d85fffff
4403,8831651b27fffff
4404,8831652d35fffff
4405,883165ad91fffff
4406,8831655715fffff
4407,8831650f1dfffff
4408,8831650545fffff
4409,8831650debfffff
4410,8831653165fffff
4411,8831653b63fffff
4412,88316535ebfffff
4413,8831650b55fffff
4414,883165208dfffff
4415,8831656623fffff
4416,8831650c65fffff
4417,8831652e67fffff
4418,88316574a5fffff
4419,883165a9b3fffff
4420,882ec92c8bfffff
4421,8831651211fffff
4422,8831650d2dfffff
4423,8831652003fffff
4424,8831656709fffff
4425,8831651a3bfffff
4426,8831653a47fffff
4427,8831656625fffff
4428,883165361bfffff
4429,8831652ed5fffff
4430,883165291bfffff
4431,883165ad33fffff
4432,883165673bfffff
4433,8831652559fffff
4434,8831650c4dfffff
4435,883165a81bfffff
4436,8831653443fffff
4437,8831653919fffff
4438,8831650e3dfffff
4439,8831652933fffff
4440,8831650aa5fffff
4441,88316192a9fffff
4442,8831652a23fffff
4443,8831653669fffff
4444,883165342bfffff
4445,8831657249fffff
4446,883165569dfffff
4447,8831651635fffff
4448,88316534ddfffff
4449,8831656757fffff
4450,8831653951fffff
4451,8831653b27fffff
4452,8831650ab1fffff
4453,8831651abbfffff
4454,8831650317fffff
4455,8831650255fffff
4456,883165a829fffff
4457,882ec96eadfffff
4458,8831652ec9fffff
4459,8831657411fffff
4460,8831619149fffff
4461,88316530a9fffff
4462,8831619a63fffff
4463,8831650f27fffff
4464,8831650f47fffff
4465,8831652011fffff
4466,8831619331fffff
4467,8831652515fffff
4468,8831653163fffff
4469,8831619311fffff
4470,8831650b57fffff
4471,883165245dfffff
4472,88316192edfffff
4473,8831619259fffff
4474,8831652ec1fffff
4475,88316565bbfffff
4476,8831653b39fffff
4477,88316574b5fffff
4478,883165ade5fffff
4479,8831650d1dfffff
4480,88316521e9fffff
4481,8831652555fffff
4482,882ec92de3fffff
4483,8831651083fffff
4484,8831650f25fffff
4485,88316514dbfffff
4486,883165a8ebfffff
4487,88316508e1fffff
4488,882ec96e93fffff
4489,8831652717fffff
4490,883165044bfffff
4491,88316529d7fffff
4492,8831651543fffff
4493,88316524e1fffff
4494,88316572ddfffff
4495,883165260bfffff
4496,8831653401fffff
4497,883165a9b1fffff
4498,8831651285fffff
4499,8831619269fffff
4500,8831653067fffff
4501,8831658d93fffff
4502,88316520a7fffff
4503,883165a9ebfffff
4504,88316525e9fffff
4505,88316510c3fffff
4506,88316510d9fffff
4507,8831650095fffff
4508,882ec92ea5fffff
4509,882ec92d81fffff
4510,88316518bdfffff
4511,8831650dd9fffff
4512,88316529b3fffff
4513,883165013bfffff
4514,8831650491fffff
4515,8831657421fffff
4516,8831650b2bfffff
4517,88316575cbfffff
4518,8831652c15fffff
4519,883165543dfffff
4520,883165ad8bfffff
4521,8831650e53fffff
4522,88316562c3fffff
4523,8831653989fffff
4524,8831650e1dfffff
4525,8831653861fffff
4526,8831652629fffff
4527,883165a95dfffff
4528,8831653b67fffff
4529,883165329dfffff
4530,88316511ddfffff
4531,88316505a3fffff
4532,8831650ab5fffff
4533,8831650c81fffff
4534,8831652e2dfffff
4535,88316508e9fffff
4536,8831653831fffff
4537,8831652f6bfffff
4538,883165a895fffff
4539,88316531e9fffff
4540,8831650de3fffff
4541,8831653639fffff
4542,8831651b01fffff
4543,8831651ab9fffff
4544,8831652d15fffff
4545,88316502d9fffff
4546,8831619317fffff
4547,8831650097fffff
4548,8831650481fffff
4549,8831650c91fffff
4550,88316519e9fffff
4551,88316519b5fffff
4552,8831650b17fffff
4553,88316538d1fffff
4554,8831652d13fffff
4555,88316575a1fffff
4556,883165315bfffff
4557,8831651753fffff
4558,88316500b9fffff
4559,8831653033fffff
4560,883161916dfffff
4561,8831651b25fffff
4562,8831653941fffff
4563,8831656751fffff
4564,8831656703fffff
4565,88316504cdfffff
4566,8831650897fffff
4567,8831650c6dfffff
4568,8831658d25fffff
4569,8831650ec9fffff
4570,88316511a3fffff
4571,882ec92d83fffff
4572,8831652605fffff
4573,88316539e5fffff
4574,8831653929fffff
4575,8831656713fffff
4576,8831651085fffff
4577,883165a1b5fffff
4578,883165305dfffff
4579,883165a919fffff
4580,8831651b0dfffff
4581,8831652999fffff
4582,8831652d41fffff
4583,883165263dfffff
4584,883165012bfffff
4585,883165ad05fffff
4586,8831650a87fffff
4587,88316510a3fffff
4588,8831657769fffff
4589,8831650b6bfffff
4590,8831652165fffff
4591,883165ad65fffff
4592,8831650dcbfffff
4593,8831650211fffff
4594,882ec92c95fffff
4595,8831619119fffff
4596,88316574d3fffff
4597,883165a869fffff
4598,883165773dfffff
4599,883165022dfffff
4600,8831656443fffff
4601,88316519edfffff
4602,88316564e5fffff
4603,8831650a53fffff
4604,8831657489fffff
4605,882ec96e33fffff
4606,882ec92dc9fffff
4607,8831652919fffff
4608,883165772dfffff
4609,883165399bfffff
4610,8831653a99fffff
4611,883165740dfffff
4612,88316525a3fffff
4613,883165ade7fffff
4614,883165265bfffff
4615,882ec92db9fffff
4616,8831650cb5fffff
4617,88316520c3fffff
4618,883165341dfffff
4619,8831652f51fffff
4620,88316575bbfffff
4621,883165358dfffff
4622,8831650699fffff
4623,883165704dfffff
4624,8831650f5bfffff
4625,8831651b09fffff
4626,8831650d8dfffff
4627,883165562dfffff
4628,883165210bfffff
4629,883165032bfffff
4630,8831653667fffff
4631,883165a8cdfffff
4632,8831652a39fffff
4633,88316535adfffff
4634,8831651733fffff
4635,8831650ccdfffff
4636,883165368bfffff
4637,8831653701fffff
4638,883165768dfffff
4639,88316502a1fffff
4640,8831656631fffff
4641,8831650d5dfffff
4642,8831653707fffff
4643,883165640bfffff
4644,8831652351fffff
4645,8831657589fffff
4646,883165288bfffff
4647,88316538abfffff
4648,8831652639fffff
4649,8831651105fffff
4650,88316512bdfffff
4651,8831658d17fffff
4652,88316520e3fffff
4653,8831651049fffff
4654,8831619113fffff
4655,8831656767fffff
4656,8831652e85fffff
4657,8831652633fffff
4658,8831657729fffff
4659,8831650b01fffff
4660,8831651001fffff
4661,882ec92d9bfffff
4662,882ec92db5fffff
4663,882ec96ca9fffff
4664,883165760bfffff
4665,883165ad49fffff
4666,8831653215fffff
4667,883165a8bdfffff
4668,883165761dfffff
4669,8831650e6bfffff
4670,8831650ca3fffff
4671,88316192bdfffff
4672,88316575e1fffff
4673,883165acb5fffff
4674,8831650189fffff
4675,8831650b45fffff
4676,882ec92d67fffff
4677,883165a9c7fffff
4678,883165771bfffff
4679,883165a98dfffff
4680,8831619261fffff
4681,88316562d7fffff
4682,88316566dbfffff
4683,8831653141fffff
4684,8831652829fffff
4685,883165359dfffff
4686,883161906dfffff
4687,88316531d5fffff
4688,8831619a4bfffff
4689,8831656431fffff
4690,88316525b1fffff
4691,8831652955fffff
4692,883165328dfffff
4693,8831652de9fffff
4694,8831650657fffff
4695,8831655627fffff
4696,8831650983fffff
4697,88316519ddfffff
4698,8831650ecdfffff
4699,88316514a1fffff
4700,88316538c7fffff
4701,883165356bfffff
4702,8831655653fffff
4703,8831650401fffff
4704,88316538bbfffff
4705,8831650cb7fffff
4706,8831650a4dfffff
4707,8831652e91fffff
4708,88316532ddfffff
4709,88316529cbfffff
4710,8831653201fffff
4711,88316526adfffff
4712,88316514e9fffff
4713,88316502abfffff
4714,8831653411fffff
4715,883161922bfffff
4716,88316522cdfffff
4717,8831651403fffff
4718,88316575d5fffff
4719,8831650035fffff
4720,8831656513fffff
4721,8831656453fffff
4722,8831650403fffff
4723,8831650757fffff
4724,8831619299fffff
4725,8831651715fffff
4726,8831650851fffff
4727,8831657587fffff
4728,88316520ddfffff
4729,8831652d33fffff
4730,88316536bbfffff
4731,883165acadfffff
4732,88316536d5fffff
4733,8831652307fffff
4734,88316566b3fffff
4735,883165af69fffff
4736,883165753bfffff
4737,8831652d47fffff
4738,8831651499fffff
4739,8831657089fffff
4740,883165061dfffff
4741,8831652015fffff
4742,88316556e3fffff
4743,882ec92d13fffff
4744,8831652815fffff
4745,8831653343fffff
4746,8831657751fffff
4747,8831651805fffff
4748,883165108dfffff
4749,883165ad41fffff
4750,8831651425fffff
4751,8831656753fffff
4752,8831651495fffff
4753,8831651adbfffff
4754,8831650413fffff
4755,8831653523fffff
4756,883165246bfffff
4757,8831650a03fffff
4758,883165003bfffff
4759,883165a837fffff
4760,8831655405fffff
4761,8831650157fffff
4762,8831652e89fffff
4763,883161912dfffff
4764,883165259dfffff
4765,8831651925fffff
4766,88316534e9fffff
4767,882ec92d8dfffff
4768,883165aa3dfffff
4769,8831651023fffff
4770,8831619223fffff
4771,88316564a9fffff
4772,8831653a41fffff
4773,88316539c1fffff
4774,8831650187fffff
4775,8831658d8bfffff
4776,883165004dfffff
4777,882ec92dbbfffff
4778,8831650895fffff
4779,88316512bbfffff
4780,8831657627fffff
4781,88316575e3fffff
4782,8831652009fffff
4783,88316572ebfffff
4784,8831652f05fffff
4785,88316572b1fffff
4786,883165256dfffff
4787,88316515a5fffff
4788,88316512e5fffff
4789,883165153bfffff
4790,8831653549fffff
4791,88316502c3fffff
4792,8831652c25fffff
4793,8831651b61fffff
4794,883165aca7fffff
4795,8831653811fffff
4796,88316508d5fffff
4797,8831655401fffff
4798,8831652405fffff
4799,88316504c1fffff
4800,8831653661fffff
4801,8831653453fffff
4802,88316509edfffff
4803,88316509c7fffff
4804,882ec92c39fffff
4805,8831656611fffff
4806,882ec92ce3fffff
4807,88316566edfffff
4808,88316510a7fffff
4809,88316508c7fffff
4810,8831652ea1fffff
4811,8831652557fffff
4812,883165294dfffff
4813,883165741dfffff
4814,882ec96cc9fffff
4815,883165af6bfffff
4816,883165318dfffff
4817,88316554ddfffff
4818,882ec96eb7fffff
4819,8831652813fffff
4820,88316575e7fffff
4821,883165010dfffff
4822,88316519abfffff
4823,8831650eabfffff
4824,8831652531fffff
4825,8831652f41fffff
4826,88316519d1fffff
4827,883165663bfffff
4828,883165029dfffff
4829,883165141bfffff
4830,882ec96cb9fffff
4831,8831657447fffff
4832,8831651057fffff
4833,8831651887fffff
4834,8831619a5dfffff
4835,8831650ecbfffff
4836,8831650cbbfffff
4837,8831656593fffff
4838,883165173dfffff
4839,8831652763fffff
4840,883161912bfffff
4841,883165121bfffff
4842,88316574d1fffff
4843,8831652313fffff
4844,8831653ac3fffff
4845,88316566b9fffff
4846,883165159bfffff
4847,8831651a15fffff
4848,8831650b37fffff
4849,882ec92cabfffff
4850,88316502ddfffff
4851,88316506b1fffff
4852,88316529e5fffff
4853,883165aa07fffff
4854,883165082bfffff
4855,8831656619fffff
4856,883165ad3dfffff
4857,883165348dfffff
4858,883165a849fffff
4859,883165a8c5fffff
4860,883165642dfffff
4861,883165a9d1fffff
4862,88316520c1fffff
4863,8831652911fffff
4864,88316535c3fffff
4865,8831652b0dfffff
4866,882ec964d5fffff
4867,8831619115fffff
4868,8831657527fffff
4869,883165726dfffff
4870,883165774bfffff
4871,8831653255fffff
4872,8831650347fffff
4873,88316554d1fffff
4874,8831650485fffff
4875,8831650755fffff
4876,8831650aedfffff
4877,8831652acdfffff
4878,8831652807fffff
4879,883165009bfffff
4880,882ec92c07fffff
4881,8831651965fffff
4882,883165670bfffff
4883,8831653059fffff
4884,883165ad89fffff
4885,88316570e7fffff
4886,8831650abdfffff
4887,88316509ebfffff
4888,88316511c3fffff
4889,88316501b1fffff
4890,8831652419fffff
4891,8831650303fffff
4892,8831652d57fffff
4893,8831653abbfffff
4894,88316574bbfffff
4895,88316539e7fffff
4896,88316500c5fffff
4897,8831652255fffff
4898,88316514b1fffff
4899,883165c5b1fffff
4900,883165a807fffff
4901,8831652e29fffff
4902,88316525bbfffff
4903,8831657255fffff
4904,8831651153fffff
4905,8831619201fffff
4906,8831619107fffff
4907,8831650acbfffff
4908,8831653225fffff
4909,883165644dfffff
4910,883165a999fffff
4911,8831650f57fffff
4912,8831657429fffff
4913,8831653613fffff
4914,88316528e3fffff
4915,88316535bbfffff
4916,8831652e87fffff
4917,8831656681fffff
4918,882ec96ea3fffff
4919,8831650885fffff
4920,8831657591fffff
4921,883165a135fffff
4922,8831650a8dfffff
4923,883161901dfffff
4924,8831653b6bfffff
4925,8831619153fffff
4926,8831619067fffff
4927,8831651201fffff
4928,88316556e5fffff
4929,8831650f09fffff
4930,88316524e9fffff
4931,88316538edfffff
4932,8831657247fffff
4933,8831652e2bfffff
4934,88316529c9fffff
4935,8831653767fffff
4936,88316500d9fffff
4937,883165640dfffff
4938,883165042bfffff
4939,883165250bfffff
4940,8831652229fffff
4941,883165000dfffff
4942,8831651561fffff
4943,883165035dfffff
4944,8831619341fffff
4945,8831652f07fffff
4946,883165142dfffff
4947,8831652da9fffff
4948,883165322bfffff
4949,883165015dfffff
4950,8831653a0dfffff
4951,8831652701fffff
4952,8831652b09fffff
4953,8831650e13fffff
4954,882ec92cc1fffff
4955,883165ad55fffff
4956,883161922dfffff
4957,8831652ee5fffff
4958,882ec96ccdfffff
4959,88316562d3fffff
4960,883165315dfffff
4961,883165a819fffff
4962,88316530ddfffff
4963,8831653447fffff
4964,8831652661fffff
4965,88316500b7fffff
4966,883165089bfffff
4967,8831652f19fffff
4968,8831653a45fffff
4969,88316521c7fffff
4970,883165133dfffff
4971,8831651905fffff
4972,88316539c5fffff
4973,8831619053fffff
4974,883165033bfffff
4975,88316521a3fffff
4976,8831652d3bfffff
4977,8831619287fffff
4978,8831652a27fffff
4979,8831650dc1fffff
4980,8831650409fffff
4981,88316528b7fffff
4982,8831653a2dfffff
4983,88316528d1fffff
4984,883165229bfffff
4985,88316532b3fffff
4986,8831652539fffff
4987,8831652585fffff
4988,8831652439fffff
4989,88316566b7fffff
4990,883165156dfffff
4991,8831656401fffff
4992,883165180dfffff
4993,88316531a5fffff
4994,883165391dfffff
4995,883165676dfffff
4996,8831655657fffff
4997,88316529c1fffff
4998,8831656251fffff
4999,8831650125fffff
5000,8831650f67fffff
5001,883165211bfffff
5002,88316556a9fffff
5003,8831652c33fffff
5004,8831657655fffff
5005,8831657253fffff
5006,88316518e5fffff
5007,8831658d89fffff
5008,8831650eb1fffff
5009,883165ccddfffff
5010,8831653847fffff
5011,8831657755fffff
5012,8831619011fffff
5013,883165189bfffff
5014,883165a9abfffff
5015,8831653b3bfffff
5016,8831651b11fffff
5017,8831650565fffff
5018,88316576a1fffff
5019,8831651063fffff
5020,88316530b3fffff
5021,883165a967fffff
5022,883165071dfffff
5023,8831657051fffff
5024,8831651339fffff
5025,8831650869fffff
5026,88316535abfffff
5027,88316509c1fffff
5028,8831652047fffff
5029,8831653a23fffff
5030,882ec92dbdfffff
5031,8831652067fffff
5032,883165a133fffff
5033,8831653267fffff
5034,883165a137fffff
5035,883165230bfffff
5036,883165af61fffff
5037,8831651a81fffff
5038,88316514bdfffff
5039,8831653127fffff
5040,883165236dfffff
5041,8831653731fffff
5042,8831650061fffff
5043,88316520c7fffff
5044,8831650c29fffff
5045,88316505e9fffff
5046,8831650a3dfffff
5047,88316518e3fffff
5048,88316509bdfffff
5049,8831651721fffff
5050,88316566a3fffff
5051,8831657551fffff
5052,8831650c19fffff
5053,8831657057fffff
5054,8831652c01fffff
5055,883165ad45fffff
5056,8831650c17fffff
5057,8831653339fffff
5058,882ec92cebfffff
5059,8831653809fffff
5060,883165cc99fffff
5061,88316501b5fffff
5062,8831651969fffff
5063,8831650c8bfffff
5064,88316505e5fffff
5065,8831650043fffff
5066,8831650c31fffff
5067,8831650b4dfffff
5068,8831657709fffff
5069,8831650257fffff
5070,8831651b05fffff
5071,8831653361fffff
5072,883165398bfffff
5073,883165a953fffff
5074,8831651189fffff
5075,8831652b21fffff
5076,8831658d87fffff
5077,883165395bfffff
5078,8831652f01fffff
5079,882ec96cd3fffff
5080,88316192a3fffff
5081,883165029bfffff
5082,88316536c5fffff
5083,883165563bfffff
5084,8831652c6dfffff
5085,88316505c3fffff
5086,88316502d7fffff
5087,883165ad6bfffff
5088,8831652cd3fffff
5089,883165adddfffff
5090,88316529e3fffff
5091,8831650509fffff
5092,88316518e7fffff
5093,8831653335fffff
5094,8831652169fffff
5095,8831650d97fffff
5096,8831650e21fffff
5097,88316538d9fffff
5098,88316531c3fffff
5099,88316510e7fffff
5100,88316514c1fffff
5101,8831652b51fffff
5102,8831652667fffff
5103,8831653017fffff
5104,8831650419fffff
5105,8831650259fffff
5106,88316518c5fffff
5107,883165659bfffff
5108,8831650093fffff
5109,883165754dfffff
5110,8831656493fffff
5111,8831650087fffff
5112,8831650729fffff
5113,88316502e1fffff
5114,883165a8dbfffff
5115,88316504d7fffff
5116,883165091dfffff
5117,8831656755fffff
5118,8831652897fffff
5119,882ec92c8dfffff
5120,88316529e1fffff
5121,882ec96489fffff
5122,88316532c3fffff
5123,88316518a9fffff
5124,8831650ee5fffff
5125,883165560dfffff
5126,883165565bfffff
5127,8831652f17fffff
5128,882ec92dd5fffff
5129,8831652327fffff
5130,8831653031fffff
5131,8831652eb1fffff
5132,8831652b6bfffff
5133,88316518cbfffff
5134,8831656637fffff
5135,883165298dfffff
5136,882ec92dc5fffff
5137,8831650131fffff
5138,8831657413fffff
5139,8831657515fffff
5140,88316518c3fffff
5141,8831653b19fffff
5142,8831657225fffff
5143,883165561dfffff
5144,8831653319fffff
5145,88316575c7fffff
5146,8831652609fffff
5147,88316535ddfffff
5148,883165671bfffff
5149,8831652e6bfffff
5150,883165115dfffff
5151,882ec96e9dfffff
5152,88316521a1fffff
5153,88316522ddfffff
5154,88316576e9fffff
5155,8831650ab3fffff
5156,8831652621fffff
5157,8831653ab1fffff
5158,8831657639fffff
5159,883165191dfffff
5160,88316528ddfffff
5161,8831651a23fffff
5162,8831652f65fffff
5163,882ec96eb5fffff
5164,883165224bfffff
5165,8831653095fffff
5166,883165a813fffff
5167,8831652651fffff
5168,883165aca9fffff
5169,883165a9cdfffff
5170,883165ceb3fffff
5171,883165314bfffff
5172,8831653139fffff
5173,8831651181fffff
5174,8831619303fffff
5175,8831619041fffff
5176,88316518b7fffff
5177,8831650103fffff
5178,8831652f47fffff
5179,882ec96c9bfffff
5180,8831652267fffff
5181,88316526e7fffff
5182,883165564bfffff
5183,8831652599fffff
5184,8831652833fffff
5185,8831651747fffff
5186,883165282bfffff
5187,88316502edfffff
5188,88316501c5fffff
5189,8831650065fffff
5190,8831655463fffff
5191,882ec96491fffff
5192,883165a8d7fffff
5193,883165aa87fffff
5194,8831650ab7fffff
5195,8831652d51fffff
5196,883165184bfffff
5197,8831651221fffff
5198,88316566adfffff
5199,88316500d7fffff
5200,8831651aabfffff
5201,8831650f4dfffff
5202,88316504b5fffff
5203,8831657647fffff
5204,883165af2bfffff
5205,88316190c1fffff
5206,883165171dfffff
5207,8831652c69fffff
5208,8831652133fffff
5209,88316572bbfffff
5210,8831652921fffff
5211,8831652e69fffff
5212,88316514c7fffff
5213,8831653487fffff
5214,8831653243fffff
5215,8831653a57fffff
5216,88316529dbfffff
5217,8831653285fffff
5218,88316556b7fffff
5219,883165543bfffff
5220,8831656737fffff
5221,88316539bbfffff
5222,8831650c89fffff
5223,8831658d83fffff
5224,8831655419fffff
5225,8831619a47fffff
5226,88316512a9fffff
5227,8831653acbfffff
5228,88316505cbfffff
5229,88316534d5fffff
5230,88316530d1fffff
5231,8831653227fffff
5232,8831650081fffff
5233,8831650183fffff
5234,8831652591fffff
5235,88316538cbfffff
5236,8831619285fffff
5237,8831650423fffff
5238,88316511ebfffff
5239,88316564d5fffff
5240,88316512a3fffff
5241,883165366dfffff
5242,8831651029fffff
5243,8831655699fffff
5244,8831650167fffff
5245,883165ad1dfffff
5246,88316531b3fffff
5247,88316530a5fffff
5248,882ec96e91fffff
5249,882ec92dddfffff
5250,8831652f11fffff
5251,8831657097fffff
5252,8831653ab9fffff
5253,88316522adfffff
5254,88316510d7fffff
5255,8831657201fffff
5256,8831650d51fffff
5257,8831652b4dfffff
5258,8831652737fffff
5259,882ec92ca5fffff
5260,88316574c7fffff
5261,8831656601fffff
5262,8831653533fffff
5263,8831652c93fffff
5264,88316570c9fffff
5265,882ec92d97fffff
5266,8831653309fffff
5267,8831653a6dfffff
5268,8831653923fffff
5269,883165a9d3fffff
5270,8831651531fffff
5271,8831653823fffff
5272,883165aac1fffff
5273,8831657265fffff
5274,88316534e1fffff
5275,8831652ecdfffff
5276,8831652203fffff
5277,8831653629fffff
5278,883161925dfffff
5279,883165ccb7fffff
5280,88316504adfffff
5281,883165a1a1fffff
5282,883165096bfffff
5283,8831650da5fffff
5284,88316510d3fffff
5285,8831650297fffff
5286,882ec92c27fffff
5287,8831650057fffff
5288,8831650d25fffff
5289,8831652c2dfffff
5290,8831657505fffff
5291,88316508c3fffff
5292,88316520a9fffff
5293,883165a907fffff
5294,8831652e25fffff
5295,88316518dbfffff
5296,88316530abfffff
5297,88316575c5fffff
5298,883165645bfffff
5299,883165011bfffff
5300,883165324bfffff
5301,8831652293fffff
5302,8831652353fffff
5303,8831651ae9fffff
5304,8831652a11fffff
5305,88316575a3fffff
5306,8831652e3dfffff
5307,883165026dfffff
5308,88316521a5fffff
5309,883165009dfffff
5310,883165654bfffff
5311,88316518c9fffff
5312,88316525ebfffff
5313,883165a937fffff
5314,88316515e1fffff
5315,883165100bfffff
5316,883165123bfffff
5317,8831650911fffff
5318,883165ad25fffff
5319,88316576d9fffff
5320,882ec96c89fffff
5321,88316520c5fffff
5322,8831656769fffff
5323,883165300dfffff
5324,88316536d9fffff
5325,8831657731fffff
5326,8831653617fffff
5327,883165a1adfffff
5328,883165162dfffff
5329,88316510b9fffff
5330,883165219dfffff
5331,88316512c1fffff
5332,883161920dfffff
5333,883161932bfffff
5334,883165082dfffff
5335,8831652dc7fffff
5336,88316574e5fffff
5337,8831652565fffff
5338,8831652e3bfffff
5339,8831653435fffff
5340,883165754bfffff
5341,8831650c69fffff
5342,88316192d3fffff
5343,88316572e9fffff
5344,883165296bfffff
5345,883165272bfffff
5346,883165af0dfffff
5347,8831650761fffff
5348,8831650519fffff
5349,8831651955fffff
5350,883165af03fffff
5351,8831651ab3fffff
5352,88316536e7fffff
5353,8831652653fffff
5354,8831653125fffff
5355,8831651ae7fffff
5356,8831657293fffff
5357,883165aa89fffff
5358,88316500e9fffff
5359,883165cebdfffff
5360,8831653557fffff
5361,8831652c55fffff
5362,882ec92d93fffff
5363,883165769dfffff
5364,8831650ea3fffff
5365,8831652c23fffff
5366,8831651913fffff
5367,88316530e7fffff
5368,8831656495fffff
5369,88316564b1fffff
5370,8831653769fffff
5371,8831619101fffff
5372,8831653897fffff
5373,8831650051fffff
5374,88316501a1fffff
5375,8831619249fffff
5376,88316570edfffff
5377,883165103dfffff
5378,88316574e3fffff
5379,883165069dfffff
5380,8831651129fffff
5381,883165311bfffff
5382,883165aacdfffff
5383,8831655713fffff
5384,88316506a3fffff
5385,8831652059fffff
5386,8831657669fffff
5387,8831652221fffff
5388,8831650357fffff
5389,8831652285fffff
5390,88316509cdfffff
5391,88316530c9fffff
5392,88316521bdfffff
5393,883165aa17fffff
5394,8831650029fffff
5395,8831652553fffff
5396,8831651b4bfffff
5397,8831658db1fffff
5398,88316504e9fffff
5399,883165121dfffff
5400,8831652723fffff
5401,883165af0bfffff
5402,883165a80bfffff
5403,882ec92c87fffff
5404,8831652e05fffff
5405,8831652093fffff
5406,8831650a59fffff
5407,8831650693fffff
5408,8831656415fffff
5409,882ec964bdfffff
5410,8831650587fffff
5411,88316509a3fffff
5412,8831650f2bfffff
5413,883165a991fffff
5414,88316566d5fffff
5415,88316502c9fffff
5416,8831650691fffff
5417,8831651291fffff
5418,8831650615fffff
5419,8831653b11fffff
5420,883165addbfffff
5421,88316570abfffff
5422,8831619205fffff
5423,8831657417fffff
5424,88316525b7fffff
5425,883165392dfffff
5426,8831651a27fffff
5427,8831651559fffff
5428,882ec96ebdfffff
5429,8831652201fffff
5430,8831650053fffff
5431,883165040dfffff
5432,88316530e9fffff
5433,8831652481fffff
5434,883165af43fffff
5435,88316504a5fffff
5436,8831651297fffff
5437,883165735dfffff
5438,8831652f29fffff
5439,8831619225fffff
5440,88316510adfffff
5441,8831656759fffff
5442,8831652945fffff
5443,883165ad81fffff
5444,88316501c9fffff
5445,8831652b3dfffff
5446,883165392bfffff
5447,8831650c67fffff
5448,8831650619fffff
5449,88316506c3fffff
5450,88316502c7fffff
5451,88316506c9fffff
5452,88316511a5fffff
5453,88316191c9fffff
5454,883165113bfffff
5455,883165220bfffff
5456,883165755dfffff
5457,882ec92cc3fffff
5458,8831619129fffff
5459,8831656559fffff
5460,883165132bfffff
5461,8831651b2dfffff
5462,883165030dfffff
5463,883165a9a9fffff
5464,8831657491fffff
5465,8831655407fffff
5466,8831652ae5fffff
5467,8831650e61fffff
5468,8831653437fffff
5469,88316528edfffff
5470,8831650f43fffff
5471,88316525a1fffff
5472,883165a123fffff
5473,8831650ca7fffff
5474,8831652409fffff
5475,8831652f35fffff
5476,8831652601fffff
5477,8831652623fffff
5478,8831619001fffff
5479,88316530ebfffff
5480,8831652b5bfffff
5481,88316539c3fffff
5482,8831652d5bfffff
5483,8831650e83fffff
5484,8831652295fffff
5485,883165244bfffff
5486,88316536c9fffff
5487,8831652753fffff
5488,883165074bfffff
5489,883165ad9dfffff
5490,8831652127fffff
5491,8831652d4dfffff
5492,8831655447fffff
5493,8831650ca1fffff
5494,883165149bfffff
5495,882ec92da5fffff
5496,8831652a91fffff
5497,883165a9a7fffff
5498,8831651567fffff
5499,8831653295fffff
5500,883165281bfffff
5501,88316512d7fffff
5502,88316531c9fffff
5503,8831652957fffff
5504,8831651883fffff
5505,8831651549fffff
5506,8831650eddfffff
5507,8831652aedfffff
5508,8831650649fffff
5509,88316564a5fffff
5510,883165a8c9fffff
5511,883165046bfffff
5512,8831652e53fffff
5513,8831650819fffff
5514,8831653483fffff
5515,88316565d1fffff
5516,88316514a9fffff
5517,8831650309fffff
5518,88316536e3fffff
5519,8831650d63fffff
5520,8831650083fffff
5521,8831651723fffff
5522,8831652d01fffff
5523,8831652f67fffff
5524,8831656597fffff
5525,88316509d7fffff
5526,88316556c1fffff
5527,88316536edfffff
5528,88316528b5fffff
5529,8831650443fffff
5530,8831653157fffff
5531,8831653307fffff
5532,88316535a7fffff
5533,8831650d53fffff
5534,88316530d3fffff
5535,8831652b55fffff
5536,8831655731fffff
5537,8831650a1bfffff
5538,8831650d59fffff
5539,88316534c3fffff
5540,88316574dbfffff
5541,8831653a83fffff
5542,88316525d5fffff
5543,883165701bfffff
5544,8831652199fffff
5545,883165a923fffff
5546,8831652a17fffff
5547,8831652ee3fffff
5548,8831656721fffff
5549,8831650987fffff
5550,8831650599fffff
5551,88316535e9fffff
5552,8831658d33fffff
5553,8831650681fffff
5554,8831653b29fffff
5555,8831652e59fffff
5556,8831619235fffff
5557,8831657513fffff
5558,883165299dfffff
5559,8831653593fffff
5560,8831656711fffff
5561,8831650c39fffff
5562,8831653013fffff
5563,8831653699fffff
5564,883165540bfffff
5565,88316522b1fffff
5566,8831652901fffff
5567,8831651b35fffff
5568,8831655453fffff
5569,8831653247fffff
5570,8831652ac3fffff
5571,8831650639fffff
5572,882ec92d05fffff
5573,8831652825fffff
5574,8831650d0dfffff
5575,88316521adfffff
5576,8831650121fffff
5577,883165a901fffff
5578,8831651807fffff
5579,88316519bbfffff
5580,88316529edfffff
5581,8831650a11fffff
5582,8831658dbdfffff
5583,88316575d7fffff
5584,88316538b9fffff
5585,8831652703fffff
5586,88316556c3fffff
5587,883165cc9dfffff
5588,88316500ebfffff
5589,883161926bfffff
5590,88316529e9fffff
5591,883165729bfffff
5592,883165a1b7fffff
5593,8831651511fffff
5594,8831651745fffff
5595,8831650b69fffff
5596,8831656463fffff
5597,883165a90dfffff
5598,883165005bfffff
5599,883165722dfffff
5600,88316520d1fffff
5601,88316506e9fffff
5602,8831650a9bfffff
5603,8831657453fffff
5604,8831655619fffff
5605,8831650117fffff
5606,8831653091fffff
5607,8831656457fffff
5608,8831650655fffff
5609,8831653b4bfffff
5610,883165ad19fffff
5611,8831651303fffff
5612,8831652323fffff
5613,88316505b1fffff
5614,8831653b41fffff
5615,8831650c45fffff
5616,8831655499fffff
5617,8831619059fffff
5618,8831651255fffff
5619,8831651423fffff
5620,8831656641fffff
5621,88316536b5fffff
5622,88316566c3fffff
5623,8831652c49fffff
5624,883165a80dfffff
5625,883165566bfffff
5626,88316500e7fffff
5627,88316534bbfffff
5628,8831650581fffff
5629,8831650ea1fffff
5630,883165acb1fffff
5631,8831651627fffff
5632,882ec92de9fffff
5633,883165070dfffff
5634,8831650201fffff
5635,8831650321fffff
5636,883165a93dfffff
5637,8831650f03fffff
5638,88316502cbfffff
5639,8831653901fffff
5640,883165c5a7fffff
5641,8831650235fffff
5642,883165176bfffff
5643,8831650cd3fffff
5644,88316529bdfffff
5645,883165023bfffff
5646,8831652861fffff
5647,8831651aa1fffff
5648,8831651491fffff
5649,88316572e5fffff
5650,8831651a95fffff
5651,8831652213fffff
5652,8831657563fffff
5653,88316528d5fffff
5654,8831651405fffff
5655,8831656499fffff
5656,8831650953fffff
5657,8831653691fffff
5658,8831657565fffff
5659,8831651ac7fffff
5660,8831653937fffff
5661,883165325dfffff
5662,883165066dfffff
5663,883165adb7fffff
5664,88316536a3fffff
5665,883165399dfffff
5666,883165aab7fffff
5667,8831653ac9fffff
5668,883165101bfffff
5669,8831619141fffff
5670,883165ceb7fffff
5671,883165192dfffff
5672,8831650999fffff
5673,883161911bfffff
5674,8831650b5bfffff
5675,88316534d1fffff
5676,8831652c53fffff
5677,8831650d37fffff
5678,8831650f4bfffff
5679,883165214dfffff
5680,88316529c5fffff
5681,88316570d7fffff
5682,882ec92c23fffff
5683,8831619135fffff
5684,8831650945fffff
5685,8831650807fffff
5686,8831651a85fffff
5687,88316529a3fffff
5688,8831650c2bfffff
5689,8831652809fffff
5690,8831651111fffff
5691,8831619355fffff
5692,8831650631fffff
5693,883165381dfffff
5694,8831651a2dfffff
5695,88316512cbfffff
5696,88316570cdfffff
5697,88316564edfffff
5698,8831650951fffff
5699,88316519d7fffff
5700,88316524ebfffff
5701,8831655693fffff
5702,8831652a31fffff
5703,8831653209fffff
5704,8831653425fffff
5705,8831652961fffff
5706,8831652a59fffff
5707,8831653927fffff
5708,8831656551fffff
5709,883165360dfffff
5710,8831655733fffff
5711,8831651a01fffff
5712,8831650f37fffff
5713,883165190dfffff
5714,8831650839fffff
5715,8831657721fffff
5716,88316534a3fffff
5717,8831650a3bfffff
5718,8831656717fffff
5719,88316520b3fffff
5720,883165012dfffff
5721,8831650517fffff
5722,883165a121fffff
5723,8831653813fffff
5724,88316504cbfffff
5725,8831651091fffff
5726,883165199dfffff
5727,8831650147fffff
5728,8831653807fffff
5729,8831653b37fffff
5730,883165aa9bfffff
5731,8831650685fffff
5732,8831652f0bfffff
5733,88316562d1fffff
5734,8831657465fffff
5735,8831650ce3fffff
5736,883165a9cbfffff
5737,883165390bfffff
5738,883165319bfffff
5739,8831652e19fffff
5740,88316510e9fffff
5741,883165201bfffff
5742,8831652ea9fffff
5743,8831650f2dfffff
5744,8831650a21fffff
5745,883165aa1bfffff
5746,882ec92d27fffff
5747,88316529b7fffff
5748,883165ac97fffff
5749,883165cc97fffff
5750,8831651869fffff
5751,8831653921fffff
5752,8831652645fffff
5753,88316556d5fffff
5754,88316512c7fffff
5755,883165ad83fffff
5756,88316530e1fffff
5757,883165380dfffff
5758,8831650c03fffff
5759,8831656259fffff
5760,8831650ebbfffff
5761,883165020bfffff
5762,8831652dddfffff
5763,8831619217fffff
5764,88316500e1fffff
5765,88316508c5fffff
5766,8831655621fffff
5767,8831653915fffff
5768,8831652943fffff
5769,883165a853fffff
5770,8831658d23fffff
5771,8831653229fffff
5772,8831653591fffff
5773,883165396bfffff
5774,882ec92dc3fffff
5775,8831652c21fffff
5776,8831652129fffff
5777,882ec92d25fffff
5778,8831650997fffff
5779,88316518c1fffff
5780,8831650d11fffff
5781,8831650b1dfffff
5782,883165034bfffff
5783,8831619a0dfffff
5784,88316501edfffff
5785,8831650499fffff
5786,883165746dfffff
5787,883165aa93fffff
5788,882ec96c93fffff
5789,883165549bfffff
5790,88316565d5fffff
5791,88316509d5fffff
5792,8831650ec1fffff
5793,883165135bfffff
5794,88316500c1fffff
5795,88316512abfffff
5796,88316192b1fffff
5797,88316532d5fffff
5798,883165a9c3fffff
5799,8831651b3bfffff
5800,88316511d9fffff
5801,88316531c1fffff
5802,8831650019fffff
5803,8831657203fffff
5804,8831619045fffff
5805,8831650597fffff
5806,883165aca5fffff
5807,883165362bfffff
5808,8831657739fffff
5809,883165752bfffff
5810,883165af25fffff
5811,88316532e3fffff
5812,8831652187fffff
5813,8831652f5bfffff
5814,8831651929fffff
5815,882ec92dd7fffff
5816,8831653a59fffff
5817,8831650089fffff
5818,88316570a3fffff
5819,8831655441fffff
5820,8831650827fffff
5821,8831619145fffff
5822,88316576bdfffff
5823,8831658ddbfffff
5824,883165aaadfffff
5825,8831651987fffff
5826,8831655413fffff
5827,8831650c47fffff
5828,883165086bfffff
5829,8831650dc9fffff
5830,883165a965fffff
5831,88316532b1fffff
5832,8831650e65fffff
5833,8831650531fffff
5834,8831652e1dfffff
5835,88316501d5fffff
5836,883165a82bfffff
5837,8831650153fffff
5838,8831652e57fffff
5839,8831653903fffff
5840,88316562ddfffff
5841,883165a855fffff
5842,8831652d3dfffff
5843,883165ab2dfffff
5844,8831657401fffff
5845,883165a9a1fffff
5846,882ec92c3dfffff
5847,883165206dfffff
5848,882ec92d07fffff
5849,88316511b5fffff
5850,8831656487fffff
5851,8831657759fffff
5852,88316536d3fffff
5853,88316574b3fffff
5854,883165071bfffff
5855,8831656723fffff
5856,883165141dfffff
5857,8831657407fffff
5858,8831655435fffff
5859,8831650a13fffff
5860,8831653925fffff
5861,8831619a41fffff
5862,8831650e85fffff
5863,8831650009fffff
5864,88316525d1fffff
5865,8831652a61fffff
5866,88316564e7fffff
5867,8831650327fffff
5868,8831657059fffff
5869,8831650de7fffff
5870,8831652de7fffff
5871,883165355dfffff
5872,88316525bdfffff
5873,8831657599fffff
5874,882ec92cd5fffff
5875,883165213dfffff
5876,883165ce9bfffff
5877,8831657557fffff
5878,883165628bfffff
5879,8831653a35fffff
5880,883165cdb7fffff
5881,883165aac9fffff
5882,8831650a51fffff
5883,8831651903fffff
5884,8831652aa7fffff
5885,883165af39fffff
5886,883165251bfffff
5887,883165320dfffff
5888,8831652a3dfffff
5889,88316572a1fffff
5890,883165a887fffff
5891,8831657705fffff
5892,883165143bfffff
5893,8831652debfffff
5894,88316576a3fffff
5895,8831652817fffff
5896,8831653217fffff
5897,8831651413fffff
5898,8831652cdbfffff
5899,8831650ea5fffff
5900,883165744bfffff
5901,8831652cd1fffff
5902,8831653553fffff
5903,8831652f21fffff
5904,88316502dbfffff
5905,8831652ae1fffff
5906,8831619321fffff
5907,88316535d3fffff
5908,8831652b0bfffff
5909,883165334bfffff
5910,8831657229fffff
5911,88316530bbfffff
5912,8831650f6bfffff
5913,8831650a29fffff
5914,8831650359fffff
5915,88316500d3fffff
5916,883165ad13fffff
5917,8831651817fffff
5918,8831656553fffff
5919,8831651525fffff
5920,88316564c1fffff
5921,883165a857fffff
5922,88316535d7fffff
5923,8831653885fffff
5924,8831650743fffff
5925,8831651669fffff
5926,8831652ccdfffff
5927,883165575dfffff
5928,88316502c5fffff
5929,8831651915fffff
5930,8831653131fffff
5931,8831652103fffff
5932,883165a8d5fffff
5933,8831651239fffff
5934,8831650801fffff
5935,88316575e5fffff
5936,8831652963fffff
5937,88316501a3fffff
5938,8831651815fffff
5939,88316572a5fffff
5940,8831651121fffff
5941,8831655457fffff
5942,8831652755fffff
5943,88316500b1fffff
5944,8831650f45fffff
5945,883165144bfffff
5946,8831652ab5fffff
5947,8831652d55fffff
5948,88316514b9fffff
5949,8831650ad3fffff
5950,882ec96eabfffff
5951,8831650de5fffff
5952,883165323dfffff
5953,883165642bfffff
5954,8831650369fffff
5955,882ec96483fffff
5956,8831651429fffff
5957,8831650e25fffff
5958,883165ce97fffff
5959,88316520b1fffff
5960,883165a8a9fffff
5961,882ec964b7fffff
5962,88316515edfffff
5963,883165098bfffff
5964,882ec96cabfffff
5965,8831655647fffff
5966,883165044dfffff
5967,882ec92ca7fffff
5968,8831650ea7fffff
5969,8831651133fffff
5970,8831652535fffff
5971,883165293bfffff
5972,8831653a85fffff
5973,8831619a1dfffff
5974,8831619a0bfffff
5975,8831651465fffff
5976,8831650e4bfffff
5977,88316500bdfffff
5978,88316500d5fffff
5979,88316572a7fffff
5980,883165541bfffff
5981,8831652a4dfffff
5982,8831651849fffff
5983,8831655739fffff
5984,8831658dddfffff
5985,883165a84bfffff
5986,8831650ee1fffff
5987,88316556abfffff
5988,8831652191fffff
5989,88316504b3fffff
5990,882ec92dd3fffff
5991,8831657691fffff
5992,883165af63fffff
5993,8831652ac9fffff
5994,883165301dfffff
5995,8831650a89fffff
5996,8831651909fffff
5997,8831652361fffff
5998,8831652331fffff
5999,883165673dfffff
6000,8831651819fffff
6001,88316565dbfffff
6002,883165025bfffff
6003,8831619123fffff
6004,8831652421fffff
6005,882ec964b9fffff
6006,8831657241fffff
6007,883165195dfffff
6008,883165af57fffff
6009,88316519c3fffff
6010,883165332dfffff
6011,88316564bdfffff
6012,88316575ebfffff
6013,8831650f3dfffff
6014,883165af2dfffff
6015,8831657661fffff
6016,8831656747fffff
6017,8831650ec5fffff
6018,8831650a69fffff
6019,8831650d2bfffff
6020,883165333bfffff
6021,883165aa83fffff
6022,883165318bfffff
6023,883165051dfffff
6024,8831652e5dfffff
6025,88316504d9fffff
6026,883165276dfffff
6027,8831651131fffff
6028,883165adabfffff
6029,88316530edfffff
6030,88316575b7fffff
6031,8831652507fffff
6032,883165064dfffff
6033,88316565c5fffff
6034,8831651205fffff
6035,88316576b1fffff
6036,883165a8d3fffff
6037,88316524b5fffff
6038,883165289dfffff
6039,882ec92cc5fffff
6040,8831651067fffff
6041,8831650991fffff
6042,8831656617fffff
6043,88316572adfffff
6044,88316576b3fffff
6045,8831652c39fffff
6046,8831652e15fffff
6047,88316570ebfffff
6048,8831652013fffff
6049,8831653053fffff
6050,883165703bfffff
6051,88316535cdfffff
6052,883165665dfffff
6053,88316509d3fffff
6054,8831653759fffff
6055,88316519a1fffff
6056,8831655415fffff
6057,883165040bfffff
6058,8831651035fffff
6059,8831656629fffff
6060,883165a8c7fffff
6061,8831650a85fffff
6062,8831652449fffff
6063,883165758dfffff
6064,8831657581fffff
6065,88316508c1fffff
6066,8831651a3dfffff
6067,88316512b3fffff
6068,8831651ab5fffff
6069,88316528a9fffff
6070,8831652915fffff
6071,882ec92d8bfffff
6072,8831651a13fffff
6073,883165aa97fffff
6074,8831650985fffff
6075,88316576bbfffff
6076,883165acabfffff
6077,8831652e4dfffff
6078,8831650711fffff
6079,8831656743fffff
6080,8831619039fffff
6081,883165176dfffff
6082,883165218dfffff
6083,8831650641fffff
6084,8831650b1bfffff
6085,88316508e7fffff
6086,883165ad8dfffff
6087,8831650d9bfffff
6088,8831652927fffff
6089,8831650e1bfffff
6090,88316512adfffff
6091,8831652525fffff
6092,8831653b07fffff
6093,8831653355fffff
6094,8831653357fffff
6095,88316564ebfffff
6096,88316530bdfffff
6097,8831650463fffff
6098,88316575d1fffff
6099,883165350bfffff
6100,8831650041fffff
6101,883165063bfffff
6102,88316509a9fffff
6103,8831653895fffff
6104,883165545bfffff
6105,8831650129fffff
6106,8831655641fffff
6107,8831655751fffff
6108,883165a8e3fffff
6109,8831652c8dfffff
6110,8831650591fffff
6111,88316514d1fffff
6112,88316574b9fffff
6113,883165a801fffff
6114,8831656429fffff
6115,883165a8c3fffff
6116,8831656469fffff
6117,88316512dbfffff
6118,88316515b5fffff
6119,882ec96ea7fffff
6120,8831651823fffff
6121,8831653589fffff
6122,882ec92de5fffff
6123,8831653429fffff
6124,8831653893fffff
6125,88316502e5fffff
6126,883165106bfffff
6127,883161930bfffff
6128,883165720dfffff
6129,8831650861fffff
6130,88316506d3fffff
6131,88316539a9fffff
6132,88316530a1fffff
6133,882ec92ca9fffff
6134,8831651019fffff
6135,88316192d9fffff
6136,8831650d85fffff
6137,883165156bfffff
6138,8831619265fffff
6139,8831656299fffff
6140,8831653007fffff
6141,88316522c7fffff
6142,883165748dfffff
6143,882ec96ea1fffff
6144,8831650edbfffff
6145,88316521d7fffff
6146,8831650dbdfffff
6147,88316562c9fffff
6148,8831650367fffff
6149,8831652097fffff
6150,8831650901fffff
6151,882ec96cc7fffff
6152,8831653251fffff
6153,8831653857fffff
6154,8831619015fffff
6155,883165ac27fffff
6156,8831653aa5fffff
6157,8831653a49fffff
6158,8831657213fffff
6159,8831650a33fffff
6160,8831650583fffff
6161,883161933dfffff
6162,88316520d3fffff
6163,8831650063fffff
6164,8831653a11fffff
6165,8831650e37fffff
6166,882ec964d7fffff
6167,88316515a1fffff
6168,8831657015fffff
6169,8831653189fffff
6170,88316556e7fffff
6171,88316515d9fffff
6172,88316524edfffff
6173,88316520e1fffff
6174,8831651b1bfffff
6175,8831658de5fffff
6176,8831651895fffff
6177,8831652137fffff
6178,8831653a55fffff
6179,8831650301fffff
6180,88316532e5fffff
6181,883165104bfffff
6182,8831651225fffff
6183,8831657459fffff
6184,8831650497fffff
6185,8831657525fffff
6186,8831653ab7fffff
6187,88316519dbfffff
6188,88316504abfffff
6189,8831658dd1fffff
6190,883165add5fffff
6191,8831650835fffff
6192,88316504e1fffff
6193,883165a9dbfffff
6194,883165102dfffff
6195,8831650319fffff
6196,88316572d3fffff
6197,8831650891fffff
6198,883165016bfffff
6199,8831619125fffff
6200,8831657497fffff
6201,8831651881fffff
6202,883165308bfffff
6203,88316508b5fffff
6204,88316565d3fffff
6205,883165324dfffff
6206,8831652a49fffff
6207,8831650849fffff
6208,883165561bfffff
6209,8831650a57fffff
6210,883165af65fffff
6211,8831650c53fffff
6212,88316525a9fffff
6213,8831650c23fffff
6214,88316529ddfffff
6215,8831650055fffff
6216,8831653715fffff
6217,8831619063fffff
6218,88316504c7fffff
6219,8831650813fffff
6220,883161932dfffff
6221,8831650d43fffff
6222,883165658bfffff
6223,883165a90bfffff
6224,8831652f1dfffff
6225,883165118bfffff
6226,883165a927fffff
6227,88316570b9fffff
6228,8831652c4bfffff
6229,8831653b23fffff
6230,8831619241fffff
6231,88316531d1fffff
6232,883165adbdfffff
6233,8831650da9fffff
6234,88316530adfffff
6235,8831651545fffff
6236,883165aa31fffff
6237,883165221dfffff
6238,88316500bbfffff
6239,8831650aebfffff
6240,882ec92c13fffff
6241,8831652a19fffff
6242,88316534abfffff
6243,883165389dfffff
6244,8831650f65fffff
6245,883165af47fffff
6246,8831652033fffff
6247,883165345dfffff
6248,8831652411fffff
6249,8831651945fffff
6250,8831652f31fffff
6251,8831650149fffff
6252,8831653015fffff
6253,88316524b3fffff
6254,8831657449fffff
6255,8831653aa9fffff
6256,883165394dfffff
6257,8831653505fffff
6258,8831653203fffff
6259,88316532c9fffff
6260,883165306bfffff
6261,883165185bfffff
6262,8831651493fffff
6263,8831657743fffff
6264,8831653653fffff
6265,883165100dfffff
6266,88316565ddfffff
6267,8831652663fffff
6268,8831650cbdfffff
6269,8831652f49fffff
6270,8831656403fffff
6271,883165370bfffff
6272,88316525e1fffff
6273,88316504e7fffff
6274,8831657043fffff
6275,8831657481fffff
6276,8831650f23fffff
6277,8831652111fffff
6278,8831650e5dfffff
6279,8831651703fffff
6280,883165352bfffff
6281,883165646bfffff
6282,88316514bbfffff
6283,8831652c81fffff
6284,88316525d7fffff
6285,883165675bfffff
6286,8831657667fffff
6287,8831619a45fffff
6288,882ec96cd5fffff
6289,883165192bfffff
6290,8831653115fffff
6291,8831652435fffff
6292,8831653b3dfffff
6293,8831650a2bfffff
6294,88316518cdfffff
6295,883165110bfffff
6296,88316518a7fffff
6297,883165140bfffff
6298,883165309dfffff
6299,8831657013fffff
6300,88316532a9fffff
6301,8831652967fffff
6302,8831657519fffff
6303,883165202bfffff
6304,883165328bfffff
6305,8831651a1dfffff
6306,8831656699fffff
6307,883161910dfffff
6308,8831652729fffff
6309,8831650823fffff
6310,8831651957fffff
6311,88316539b1fffff
6312,8831653687fffff
6313,8831657083fffff
6314,88316520e9fffff
6315,88316504c9fffff
6316,88316505b7fffff
6317,88316522a1fffff
6318,883161903bfffff
6319,8831655431fffff
6320,88316505dbfffff
6321,883161936dfffff
6322,8831652045fffff
6323,883165a963fffff
6324,8831650dc7fffff
6325,883165090bfffff
6326,883165adc1fffff
6327,8831653223fffff
6328,8831656661fffff
6329,88316575e9fffff
6330,8831653241fffff
6331,8831651183fffff
6332,88316502a7fffff
6333,88316532c7fffff
6334,8831653b09fffff
6335,8831653537fffff
6336,8831652e45fffff
6337,8831652969fffff
6338,8831652b01fffff
6339,8831657461fffff
6340,882ec92ca1fffff
6341,8831651251fffff
6342,88316512c5fffff
6343,88316511e7fffff
6344,883165102bfffff
6345,8831650e27fffff
6346,88316191cdfffff
6347,8831653197fffff
6348,8831650713fffff
6349,8831653445fffff
6350,8831657405fffff
6351,883161914bfffff
6352,88316574d7fffff
6353,8831653b6dfffff
6354,8831657257fffff
6355,88316531d7fffff
6356,88316536cdfffff
6357,883165310bfffff
6358,883165062bfffff
6359,8831652a2bfffff
6360,88316562d9fffff
6361,8831650617fffff
6362,883165370dfffff
6363,883165146bfffff
6364,88316518d9fffff
6365,8831653a19fffff
6366,8831652d2bfffff
6367,883165290dfffff
6368,8831650ca5fffff
6369,8831650f05fffff
6370,883165544bfffff
6371,8831650139fffff
6372,88316529c3fffff
6373,883165081dfffff
6374,8831650b2dfffff
6375,8831652037fffff
6376,883165310dfffff
6377,88316535d1fffff
6378,8831656653fffff
6379,8831652721fffff
6380,88316566e7fffff
6381,8831650c59fffff
6382,8831650c0bfffff
6383,88316518d3fffff
6384,8831650313fffff
6385,8831651065fffff
6386,883165064bfffff
6387,8831619211fffff
6388,8831650a25fffff
6389,8831650ec3fffff
6390,883165571dfffff
6391,882ec96cbbfffff
6392,88316509e1fffff
6393,8831653749fffff
6394,8831652019fffff
6395,883165ad67fffff
6396,88316576b9fffff
6397,88316522d5fffff
6398,883165758bfffff
6399,883165129dfffff
6400,8831658d8dfffff
6401,883165a939fffff
6402,8831653b21fffff
6403,8831652cc1fffff
6404,8831651ac5fffff
6405,8831619a57fffff
6406,883165af4dfffff
6407,8831653195fffff
6408,8831653aadfffff
6409,883165ac9bfffff
6410,8831655683fffff
6411,8831658d13fffff
6412,8831655417fffff
6413,8831650ad5fffff
6414,8831652e83fffff
6415,88316556b9fffff
6416,8831653455fffff
6417,8831650141fffff
6418,88316519b1fffff
6419,88316509d9fffff
6420,88316535c1fffff
6421,8831656731fffff
6422,8831653b2dfffff
6423,8831655455fffff
6424,8831650e07fffff
6425,8831650603fffff
6426,8831652587fffff
6427,8831651033fffff
6428,8831650d65fffff
6429,8831651191fffff
6430,8831652f2bfffff
6431,8831650903fffff
6432,8831652049fffff
6433,8831658d35fffff
6434,88316535c7fffff
6435,883165a95bfffff
6436,883165032dfffff
6437,88316522bdfffff
6438,8831653009fffff
6439,883161928bfffff
6440,8831653631fffff
6441,8831653351fffff
6442,8831652415fffff
6443,88316511d1fffff
6444,8831650589fffff
6445,8831650d49fffff
6446,8831652a65fffff
6447,8831650941fffff
6448,8831657503fffff
6449,882ec92d39fffff
6450,8831652d61fffff
6451,88316515c9fffff
6452,8831652ed7fffff
6453,8831652893fffff
6454,8831653137fffff
6455,8831650431fffff
6456,883165261dfffff
6457,88316514d7fffff
6458,8831652151fffff
6459,8831653193fffff
6460,883165ad5dfffff
6461,8831650abbfffff
6462,8831650021fffff
6463,8831653417fffff
6464,883165316dfffff
6465,88316512e9fffff
6466,883165add3fffff
6467,883165243bfffff
6468,8831655703fffff
6469,8831650db7fffff
6470,8831650b27fffff
6471,8831657523fffff
6472,88316502b3fffff
6473,883165055bfffff
6474,883165a993fffff
6475,88316504dbfffff
6476,88316526a7fffff
6477,883165629bfffff
6478,8831656741fffff
6479,8831650c3dfffff
6480,883161933bfffff
6481,883165a921fffff
6482,8831656427fffff
6483,883165a99dfffff
6484,882ec92ce7fffff
6485,8831657745fffff
6486,883165234dfffff
6487,8831652ea7fffff
6488,883165058bfffff
6489,883165050dfffff
6490,883165a8cbfffff
6491,8831652081fffff
6492,88316522d1fffff
6493,88316564c7fffff
6494,88316528dbfffff
6495,8831653421fffff
6496,8831651a19fffff
6497,8831650e43fffff
6498,88316500a3fffff
6499,883165059dfffff
6500,88316525adfffff
6501,8831652eb3fffff
6502,8831657635fffff
6503,8831650889fffff
6504,8831652155fffff
6505,883165669bfffff
6506,8831650d15fffff
6507,8831651025fffff
6508,8831652315fffff
6509,8831650329fffff
6510,8831652abdfffff
6511,882ec92c17fffff
6512,8831653a01fffff
6513,8831650353fffff
6514,883165ccdbfffff
6515,8831655549fffff
6516,8831657235fffff
6517,8831651b1dfffff
6518,8831650411fffff
6519,883161906bfffff
6520,883165209bfffff
6521,883165a9b9fffff
6522,8831619061fffff
6523,8831652819fffff
6524,8831657699fffff
6525,8831650959fffff
6526,8831650dd7fffff
6527,8831651833fffff
6528,883165054dfffff
6529,8831652367fffff
6530,88316519ebfffff
6531,8831652ec5fffff
6532,8831653a9bfffff
6533,8831650aa9fffff
6534,88316510ddfffff
6535,8831657719fffff
6536,8831657487fffff
6537,88316190c9fffff
6538,8831651a89fffff
6539,883165384bfffff
6540,883165a1a7fffff
6541,88316566ebfffff
6542,88316534dbfffff
6543,883165a8a1fffff
6544,883165aacbfffff
6545,8831650769fffff
6546,883165000bfffff
6547,8831655691fffff
6548,8831652cedfffff
6549,8831655757fffff
6550,8831652c37fffff
6551,88316554c9fffff
6552,88316530cdfffff
6553,8831652e43fffff
6554,8831651485fffff
6555,8831650859fffff
6556,88316505a5fffff
