,geohash
0,880d835457fffff
1,880d99a601fffff
2,880d9dd349fffff
3,880d8359b7fffff
4,880d99b617fffff
5,880d99a1a1fffff
6,880d8a49ddfffff
7,880d8a0115fffff
8,880d83c6b9fffff
9,880d9d0003fffff
10,880d8a10adfffff
11,880d98a68dfffff
12,880d9d7429fffff
13,880d8ac639fffff
14,880d9d0e23fffff
15,880d8a0f61fffff
16,880d83456bfffff
17,880d83c6a7fffff
18,880d8a7853fffff
19,880d83c58bfffff
20,880d83c0c5fffff
21,880d9dd2e5fffff
22,880d99a4bdfffff
23,880d834865fffff
24,880d9db0d9fffff
25,880d822c43fffff
26,880d8a0107fffff
27,880d9d4ea3fffff
28,880d8a02c5fffff
29,880d9dce0bfffff
30,880d9c94c7fffff
31,880d8ac423fffff
32,880d9dad05fffff
33,880d9c9695fffff
34,880d8a7565fffff
35,880d9d46d5fffff
36,880d9d7151fffff
37,880d8a7083fffff
38,880ca4d095fffff
39,880d8a0a95fffff
40,880d9d0657fffff
41,880d9d5485fffff
42,880d8a50c5fffff
43,880d9d621dfffff
44,880d835483fffff
45,880d9dada7fffff
46,880d9dd1b3fffff
47,880d8a7729fffff
48,880d8349a9fffff
49,880d8a4557fffff
50,880d998ce1fffff
51,880d8a4611fffff
52,880ca4d88bfffff
53,880d83cecbfffff
54,880d99a4c9fffff
55,880d9d60cdfffff
56,880d8ac4d3fffff
57,880d9ca501fffff
58,880d8ac60bfffff
59,880d834b23fffff
60,880d822c0dfffff
61,880d98b497fffff
62,880d9dd997fffff
63,880d9d2f63fffff
64,880d831143fffff
65,880d9c35b7fffff
66,880d9d45e9fffff
67,880d9dd1e7fffff
68,880d9d761bfffff
69,880d99b891fffff
70,880d9d2737fffff
71,880d831943fffff
72,880d830c5dfffff
73,880d8346b5fffff
74,880d9d0d95fffff
75,880d98b4a5fffff
76,880d8a5699fffff
77,880ca4d72bfffff
78,880d99a747fffff
79,880d8a0d09fffff
80,880d9dd837fffff
81,880d8a5a87fffff
82,880d9c9427fffff
83,880d8a499bfffff
84,880d822ec1fffff
85,880d9dcd05fffff
86,880d9d7001fffff
87,880d9db937fffff
88,880d9d21bdfffff
89,880d9d6645fffff
90,880d8a1b13fffff
91,880d830d59fffff
92,880d9d3621fffff
93,880d8a4749fffff
94,880d830867fffff
95,880d83ce3dfffff
96,880d99a6d5fffff
97,880d9d4c09fffff
98,880d9d6019fffff
99,880d9d01c1fffff
100,880d8a4a3bfffff
101,880d99aa3dfffff
102,880d8a553bfffff
103,880d8344b9fffff
104,880d998015fffff
105,880d9da313fffff
106,880d8a408dfffff
107,880d99a881fffff
108,880d9dd819fffff
109,880d835b25fffff
110,880d9dc33bfffff
111,880d8a4d3bfffff
112,880d9dacd9fffff
113,880d83c88bfffff
114,880d9d38b7fffff
115,880d8318a7fffff
116,880d998c99fffff
117,880d99b765fffff
118,880d837327fffff
119,880d9cb449fffff
120,880d99d2e5fffff
121,880d836a85fffff
122,880d9d690bfffff
123,880d8301a5fffff
124,880d8a791bfffff
125,880d8350bdfffff
126,880d99af41fffff
127,880d9dacedfffff
128,880d9dd017fffff
129,880d9dca59fffff
130,880d9d0895fffff
131,880d8a5285fffff
132,880d831b43fffff
133,880d9dd131fffff
134,880d9d0b3bfffff
135,880d83c487fffff
136,880d9da2a7fffff
137,880d8a4031fffff
138,880d9dd039fffff
139,880d83526dfffff
140,880d8a004bfffff
141,880d8a7821fffff
142,880d9d2011fffff
143,880d9da197fffff
144,880d9d3189fffff
145,880d835835fffff
146,880d8a8849fffff
147,880d9d31c1fffff
148,880d9da80dfffff
149,880d999493fffff
150,880d8a4461fffff
151,880d9da331fffff
152,880d822debfffff
153,880d9d7aa9fffff
154,880d9d0997fffff
155,880d9dd4a9fffff
156,880d8379d1fffff
157,880d8341cbfffff
158,880d837a61fffff
159,880d99ba13fffff
160,880d83c9d7fffff
161,880d99a407fffff
162,880d834747fffff
163,880d9d2047fffff
164,880d9d0de1fffff
165,880d9da9e1fffff
166,880d999147fffff
167,880d9c26abfffff
168,880d8a1341fffff
169,880d99a8d7fffff
170,880d9cb0a5fffff
171,880d9dd325fffff
172,880d9d0da5fffff
173,880d8308b1fffff
174,880d998737fffff
175,880d9c958bfffff
176,880d836e47fffff
177,880d99d29dfffff
178,880d9d380dfffff
179,880d834ea1fffff
180,880d9dca69fffff
181,880d99a681fffff
182,880d998e03fffff
183,880d9d7223fffff
184,880d9ca2e1fffff
185,880d83136bfffff
186,880d831327fffff
187,880d9d3283fffff
188,880d999139fffff
189,880d9d3089fffff
190,880d9dcdd1fffff
191,880d999431fffff
192,880d999831fffff
193,880d9d05b3fffff
194,880d998b43fffff
195,880d831aabfffff
196,880d835049fffff
197,880d8a0e45fffff
198,880d9d3911fffff
199,880d9d024bfffff
200,880d9d4dbdfffff
201,880d834f67fffff
202,880d998e1dfffff
203,880d998159fffff
204,880d9d5319fffff
205,880d9d3821fffff
206,880d822f53fffff
207,880d8a1809fffff
208,880d9d0c81fffff
209,880d9ca059fffff
210,880d99aa07fffff
211,880d8a5219fffff
212,880d8a4719fffff
213,880d9db03dfffff
214,880d9d95d5fffff
215,880d99bac1fffff
216,880d9dc4edfffff
217,880d83176dfffff
218,880d9d75c1fffff
219,880d8360edfffff
220,880d9d3865fffff
221,880d99b353fffff
222,880d834959fffff
223,880d8a6d57fffff
224,880d834d13fffff
225,880d9dcc1dfffff
226,880d9ca2d3fffff
227,880d838c33fffff
228,880d8a1251fffff
229,880d99b02dfffff
230,880d9c86a1fffff
231,880d837859fffff
232,880d99880bfffff
233,880d99aabbfffff
234,880d835043fffff
235,880d9d4d93fffff
236,880d9c3421fffff
237,880d830347fffff
238,880d8a5487fffff
239,880d998135fffff
240,880d834265fffff
241,880d99b901fffff
242,880d9d70a9fffff
243,880d9d683dfffff
244,880d831889fffff
245,880d9d86cdfffff
246,880d8a4065fffff
247,880d8a74e1fffff
248,880d9dd955fffff
249,880d99a8e7fffff
250,880d99840dfffff
251,880d8adb05fffff
252,880d9d8457fffff
253,880d9d8487fffff
254,880d9dcf2dfffff
255,880d99b05bfffff
256,880d83c40dfffff
257,880d9d441dfffff
258,880d9cac9bfffff
259,880d9d6c9dfffff
260,880d830e2dfffff
261,880d9db137fffff
262,880d835515fffff
263,880d9d2443fffff
264,880d9daae1fffff
265,880d9dc947fffff
266,880d9dd1d1fffff
267,880d9d7831fffff
268,880d83cd93fffff
269,880d8a5257fffff
270,880d838f65fffff
271,880d99ab43fffff
272,880d837303fffff
273,880d99b943fffff
274,880d9d65a9fffff
275,880d9ca49bfffff
276,880d9916bdfffff
277,880d99a529fffff
278,880d8a5637fffff
279,880d99b64dfffff
280,880d9db0c3fffff
281,880d836c45fffff
282,880d9d39dbfffff
283,880d9d4735fffff
284,880d9d0001fffff
285,880d9c34b1fffff
286,880d9d4409fffff
287,880d9dce8bfffff
288,880d9dc683fffff
289,880d9d31e5fffff
290,880d9d4e41fffff
291,880d9d1b6bfffff
292,880d99b643fffff
293,880d99bb1bfffff
294,880d9d458dfffff
295,880d83c6d7fffff
296,880d8ac583fffff
297,880d8a4563fffff
298,880d991697fffff
299,880d9d1903fffff
300,880d9d576dfffff
301,880d9d5247fffff
302,880d9d089bfffff
303,880d836b67fffff
304,880d99b0c7fffff
305,880d834355fffff
306,880d8ad5a1fffff
307,880d83565dfffff
308,880d8a7b17fffff
309,880d8a4521fffff
310,880d8a6a8bfffff
311,880d834847fffff
312,880d9d788dfffff
313,880d831931fffff
314,880d999241fffff
315,880d8a79cdfffff
316,880d834dc9fffff
317,880d9dacddfffff
318,880d9d65a3fffff
319,880d9d295dfffff
320,880d8a5283fffff
321,880d998a55fffff
322,880ca4ca5dfffff
323,880d9d1a01fffff
324,880d8ad489fffff
325,880d9cb22bfffff
326,880d9d3751fffff
327,880d9dd505fffff
328,880d8a52e3fffff
329,880d9d69a7fffff
330,880d822dddfffff
331,880d822dc5fffff
332,880d99ac25fffff
333,880d836ad9fffff
334,880d8a61b3fffff
335,880d9d7807fffff
336,880d9daf41fffff
337,880d8a4da3fffff
338,880d9dd459fffff
339,880d8a54c1fffff
340,880d9d1323fffff
341,880d9d31a1fffff
342,880d9d2883fffff
343,880d9d4c93fffff
344,880d834707fffff
345,880d9c368dfffff
346,880d9c3445fffff
347,880d8ad909fffff
348,880d8a7855fffff
349,880d9c361bfffff
350,880d8a6b43fffff
351,880d8a586dfffff
352,880d836a63fffff
353,880d83c0c3fffff
354,880d830191fffff
355,880d837251fffff
356,880d835abbfffff
357,880d99919bfffff
358,880d9980c7fffff
359,880d9991b3fffff
360,880d834cebfffff
361,880d9dc85dfffff
362,880d99ba07fffff
363,880d9d6d55fffff
364,880d999a13fffff
365,880d83416dfffff
366,880d9d44d3fffff
367,880d9d7635fffff
368,880d9d7b5bfffff
369,880d9d6cd3fffff
370,880d9dd469fffff
371,880d830f1bfffff
372,880d9ca255fffff
373,880d8a88ebfffff
374,880d9dd8a7fffff
375,880d9cb017fffff
376,880ca4d953fffff
377,880d9d6919fffff
378,880d830239fffff
379,880d8a605bfffff
380,880d83c8a9fffff
381,880d8a0193fffff
382,880d830c09fffff
383,880d9d2a2dfffff
384,880d8344d3fffff
385,880d8a4335fffff
386,880d998e53fffff
387,880d830ce5fffff
388,880d830a21fffff
389,880d8a4141fffff
390,880d9d01d5fffff
391,880d8a134dfffff
392,880d8a6b55fffff
393,880ca4ca41fffff
394,880d9982c3fffff
395,880d9d7013fffff
396,880d83ca15fffff
397,880d9d04e1fffff
398,880d9d0d3bfffff
399,880d9dd185fffff
400,880d834d27fffff
401,880d8360a7fffff
402,880d9dd58bfffff
403,880d9c2455fffff
404,880d999061fffff
405,880d99a01dfffff
406,880d837a17fffff
407,880ca4da37fffff
408,880d83c1d3fffff
409,880d9d3945fffff
410,880d9d4ce7fffff
411,880d9d861bfffff
412,880d99b66bfffff
413,880d9d182bfffff
414,880d8a7403fffff
415,880d9d3433fffff
416,880ca4ca6dfffff
417,880d9da30bfffff
418,880d8a4803fffff
419,880d83523dfffff
420,880d9db5e9fffff
421,880d8a6b01fffff
422,880d9d72ebfffff
423,880d9dad45fffff
424,880d83c429fffff
425,880d8acd61fffff
426,880d9d844dfffff
427,880d9da541fffff
428,880d99981dfffff
429,880d9d5413fffff
430,880d8a8b17fffff
431,880d9d0423fffff
432,880d837305fffff
433,880d8a8a93fffff
434,880d9dce61fffff
435,880d9dac85fffff
436,880d834ac5fffff
437,880d9ca763fffff
438,880d99a6d7fffff
439,880d9db32bfffff
440,880d99b8d9fffff
441,880d999863fffff
442,880d9d7141fffff
443,880d837923fffff
444,880ca4d86bfffff
445,880d9da959fffff
446,880d9cb52dfffff
447,880d8e5845fffff
448,880d9dd80bfffff
449,880d9d24e9fffff
450,880d8a123dfffff
451,880d9d2763fffff
452,880d99ad59fffff
453,880d9d96e1fffff
454,880d8a0105fffff
455,880d9daa23fffff
456,880d9d3ad9fffff
457,880d835513fffff
458,880d838d41fffff
459,880d8a7ae7fffff
460,880d9dd183fffff
461,880d99a1e3fffff
462,880d99d6d3fffff
463,880d822e91fffff
464,880d98b655fffff
465,880d9d7591fffff
466,880d9914bdfffff
467,880d9d2eddfffff
468,880d8a4497fffff
469,880d9db1d9fffff
470,880d8a696bfffff
471,880d99a657fffff
472,880d9d71cdfffff
473,880d834907fffff
474,880d9dd485fffff
475,880d835885fffff
476,880d831041fffff
477,880d835adbfffff
478,880ca4d0e1fffff
479,880d9d6ea1fffff
480,880d9d2641fffff
481,880d99d45bfffff
482,880d9dc88bfffff
483,880d9d96ebfffff
484,880d8a0883fffff
485,880d832cb3fffff
486,880d9d0d55fffff
487,880d9d0b67fffff
488,880d8a01e5fffff
489,880d9da0edfffff
490,880ca4d861fffff
491,880d9da955fffff
492,880d8a45b9fffff
493,880d9c26dbfffff
494,880d9db8dbfffff
495,880d838d6dfffff
496,880d8a4c99fffff
497,880d8a7845fffff
498,880d8310adfffff
499,880d8a5903fffff
500,880d831b39fffff
501,880d8a0949fffff
502,880d830949fffff
503,880d99a483fffff
504,880d8a1197fffff
505,880d9d09bbfffff
506,880d9dc1edfffff
507,880d834037fffff
508,880d9d6ec7fffff
509,880d9c3717fffff
510,880d9daeddfffff
511,880d9dd70dfffff
512,880d9d4003fffff
513,880d8a794dfffff
514,880d9d1a09fffff
515,880d9d0513fffff
516,880d8310c1fffff
517,880d9d20ebfffff
518,880d9d74bdfffff
519,880d9dc969fffff
520,880d9d2893fffff
521,880d9d61bdfffff
522,880d831503fffff
523,880d838833fffff
524,880d99168bfffff
525,880d836337fffff
526,880d830a5bfffff
527,880d8a0045fffff
528,880d835b69fffff
529,880d835153fffff
530,880d9d0545fffff
531,880d834f5bfffff
532,880d9d040dfffff
533,880d83c835fffff
534,880d9d6ce3fffff
535,880d8a1221fffff
536,880d99a1c9fffff
537,880d9d710bfffff
538,880d8a5231fffff
539,880d8a75c5fffff
540,880d9dce53fffff
541,880d8a7a03fffff
542,880d9db191fffff
543,880d999a47fffff
544,880d9d5215fffff
545,880d831ac7fffff
546,880d9dd133fffff
547,880d9d0eb1fffff
548,880d9986e7fffff
549,880d99a035fffff
550,880d9d66e3fffff
551,880d9c3457fffff
552,880d9d2887fffff
553,880d8ad911fffff
554,880d8a132dfffff
555,880d836013fffff
556,880d9dc265fffff
557,880d9996e1fffff
558,880d9dcd31fffff
559,880d998dd5fffff
560,880d99a5d7fffff
561,880d99a30bfffff
562,880d98b661fffff
563,880d8a62d1fffff
564,880d8a79edfffff
565,880d830369fffff
566,880d9d11dbfffff
567,880d8a6d43fffff
568,880d9db289fffff
569,880d9ca2a9fffff
570,880d8a1103fffff
571,880d8a1ae9fffff
572,880d9991bbfffff
573,880d9c96a9fffff
574,880d9d372bfffff
575,880d8ac5e7fffff
576,880d9d66a7fffff
577,880d836b5bfffff
578,880d8a1165fffff
579,880ca4d719fffff
580,880d9dc365fffff
581,880d8acdcbfffff
582,880d9d5241fffff
583,880d837995fffff
584,880d9ca493fffff
585,880d9d4229fffff
586,880d99b701fffff
587,880d8359b5fffff
588,880d9d0325fffff
589,880d99a063fffff
590,880d999aa7fffff
591,880d99902dfffff
592,880d9dca6dfffff
593,880d9ddb21fffff
594,880d9d8297fffff
595,880d9d2845fffff
596,880d9d40cbfffff
597,880d822e2bfffff
598,880d98b0c7fffff
599,880d9d2ebdfffff
600,880d9d0f0dfffff
601,880d98b0d5fffff
602,880d836d95fffff
603,880d9982d1fffff
604,880d8355e3fffff
605,880d9cb619fffff
606,880d830967fffff
607,880d9da361fffff
608,880d830a03fffff
609,880d9d2aebfffff
610,880d9d3a63fffff
611,880d9da52dfffff
612,880d836c4dfffff
613,880d8a0b25fffff
614,880d834e5bfffff
615,880d8a102dfffff
616,880d8a54a1fffff
617,880d8a5a35fffff
618,880d8a4315fffff
619,880d9d2ea3fffff
620,880d9da9a3fffff
621,880d99959dfffff
622,880d8a48b3fffff
623,880d9dc40dfffff
624,880d9cb0d9fffff
625,880d99912dfffff
626,880d836f55fffff
627,880d9d44b1fffff
628,880d999485fffff
629,880d9d1ac5fffff
630,880d9cadcdfffff
631,880d9d2a85fffff
632,880d9d1b03fffff
633,880d9d62c7fffff
634,880d9dd893fffff
635,880d9d019bfffff
636,880d835433fffff
637,880d9d7935fffff
638,880d9d7833fffff
639,880d9daa4dfffff
640,880d9d61b1fffff
641,880d834187fffff
642,880d99941dfffff
643,880d8a0055fffff
644,880d8a010bfffff
645,880d8a1119fffff
646,880d8e5901fffff
647,880d83610dfffff
648,880d9d262dfffff
649,880d831b1dfffff
650,880d822dc9fffff
651,880ca4d44bfffff
652,880d9ca0cdfffff
653,880d9dcb53fffff
654,880d9dd8e9fffff
655,880d834595fffff
656,880d99af61fffff
657,880d9d3139fffff
658,880d8a09a5fffff
659,880d8368bdfffff
660,880d9d4dddfffff
661,880d9da531fffff
662,880d9da761fffff
663,880d9d7a83fffff
664,880d99af11fffff
665,880d8ac5d9fffff
666,880d834351fffff
667,880d998615fffff
668,880d83ce83fffff
669,880d9d6217fffff
670,880d822c87fffff
671,880d8a46cbfffff
672,880d83cd23fffff
673,880d8a0125fffff
674,880d99b71dfffff
675,880d8a414dfffff
676,880d9992abfffff
677,880d99d233fffff
678,880d8309b3fffff
679,880d998893fffff
680,880d83433bfffff
681,880d9d751bfffff
682,880d9db135fffff
683,880d9ca60dfffff
684,880d9dcb67fffff
685,880d8379a9fffff
686,880d836c13fffff
687,880d8318b9fffff
688,880d8a4309fffff
689,880d999157fffff
690,880d8a46bdfffff
691,880d99a64dfffff
692,880d830009fffff
693,880d99a8b5fffff
694,880d834e63fffff
695,880d9d623bfffff
696,880d8a122dfffff
697,880d8a5267fffff
698,880d836521fffff
699,880d9d5541fffff
700,880d834011fffff
701,880d9dd85bfffff
702,880d83c49dfffff
703,880d83485bfffff
704,880d9d7269fffff
705,880d998ed9fffff
706,880d9988dbfffff
707,880d9d1819fffff
708,880d837b41fffff
709,880d999abdfffff
710,880d8348a9fffff
711,880d9d4e5bfffff
712,880d9dd583fffff
713,880d83c9bbfffff
714,880d83798dfffff
715,880d837a15fffff
716,880d9d60a1fffff
717,880d9984abfffff
718,880d9dc68dfffff
719,880d8a0965fffff
720,880d834ae9fffff
721,880d8acf5bfffff
722,880d9d6769fffff
723,880d83530bfffff
724,880d9d64e7fffff
725,880d9982b5fffff
726,880d8a0ab9fffff
727,880d9c3629fffff
728,880d99b329fffff
729,880d9c22d5fffff
730,880d83c503fffff
731,880d83ccb9fffff
732,880d9d32a3fffff
733,880d9d2acdfffff
734,880d9dc5d3fffff
735,880d98a4d1fffff
736,880d8a6839fffff
737,880d83c853fffff
738,880d8a4525fffff
739,880d9d3b15fffff
740,880d9db147fffff
741,880d83552bfffff
742,880d9dd4c5fffff
743,880d8a4b37fffff
744,880d837885fffff
745,880d99aeb1fffff
746,880d8a6993fffff
747,880d998449fffff
748,880d9d7851fffff
749,880d999023fffff
750,880ca4db1dfffff
751,880d98b6d7fffff
752,880d9d70abfffff
753,880d99bb01fffff
754,880d99d0d9fffff
755,880d83c631fffff
756,880d9914cbfffff
757,880d8a7b21fffff
758,880d8340e5fffff
759,880d9db897fffff
760,880d998cc3fffff
761,880d9d2d8bfffff
762,880d9d28b7fffff
763,880d9d8693fffff
764,880d9cac87fffff
765,880d9d14a1fffff
766,880d8a7767fffff
767,880d9d6e91fffff
768,880d9dcd17fffff
769,880d8a56cdfffff
770,880d9981c9fffff
771,880d9d45a9fffff
772,880d836995fffff
773,880d99a4cdfffff
774,880d834425fffff
775,880d99af69fffff
776,880d9d373bfffff
777,880d8a4491fffff
778,880d9d500bfffff
779,880d9d0883fffff
780,880d8a0817fffff
781,880d8300e5fffff
782,880d8a4347fffff
783,880d9d2433fffff
784,880d9d845bfffff
785,880d8a0f39fffff
786,880d9d044bfffff
787,880d8a503dfffff
788,880d9d4663fffff
789,880d8a4b65fffff
790,880d9cb5a1fffff
791,880d9d3813fffff
792,880d9d695dfffff
793,880d98b611fffff
794,880d8a1345fffff
795,880ca4d887fffff
796,880d9dc707fffff
797,880d9d2de9fffff
798,880d99a2a3fffff
799,880d9db06bfffff
800,880d8a4b1bfffff
801,880d9ca2e9fffff
802,880d9d6c63fffff
803,880d8a5249fffff
804,880d83ce17fffff
805,880d9d6059fffff
806,880d9dd8dbfffff
807,880ca4da99fffff
808,880d9d52abfffff
809,880d9d15a7fffff
810,880d9dda07fffff
811,880d837b4dfffff
812,880d9d4063fffff
813,880d8a193bfffff
814,880d9990bdfffff
815,880d837ac7fffff
816,880d9c2419fffff
817,880d9dc4bbfffff
818,880d9d08a3fffff
819,880d9da199fffff
820,880d99a413fffff
821,880d8a1ae1fffff
822,880d9d7853fffff
823,880d9d0cc7fffff
824,880d9d5495fffff
825,880d9d3641fffff
826,880d8a44e1fffff
827,880d8a4101fffff
828,880d9d7229fffff
829,880d8a708dfffff
830,880d83172dfffff
831,880d835859fffff
832,880d9c3741fffff
833,880d9da083fffff
834,880d99a369fffff
835,880d83c03dfffff
836,880d9cb625fffff
837,880d9d0483fffff
838,880d8a12c1fffff
839,880d9d46e5fffff
840,880d837a31fffff
841,880d835647fffff
842,880d9da9e3fffff
843,880d9d3853fffff
844,880d9cb4e5fffff
845,880d99908bfffff
846,880d9dd1a1fffff
847,880d9d08a5fffff
848,880d8a885dfffff
849,880d8acc23fffff
850,880d9d6145fffff
851,880d8ac723fffff
852,880d9d4e89fffff
853,880d822c53fffff
854,880d8a48a7fffff
855,880d9d4657fffff
856,880d9d4727fffff
857,880d9d770bfffff
858,880d98b6e9fffff
859,880d8acf2dfffff
860,880d830b01fffff
861,880d8a4a51fffff
862,880d9d750dfffff
863,880d9916cdfffff
864,880d8a40cbfffff
865,880d9c962dfffff
866,880d9d5755fffff
867,880d83c0b7fffff
868,880d835905fffff
869,880d9dc093fffff
870,880d83784dfffff
871,880d9d41e9fffff
872,880d8a6d47fffff
873,880d9d70edfffff
874,880d8a1a5dfffff
875,880d9dc49dfffff
876,880d998553fffff
877,880d9d1581fffff
878,880d9d2b5bfffff
879,880d8e4b29fffff
880,880d9da35bfffff
881,880d9dd763fffff
882,880d998613fffff
883,880d9d280dfffff
884,880d830dbbfffff
885,880ca4d333fffff
886,880d8388edfffff
887,880d834cd5fffff
888,880d8a1231fffff
889,880d9dd905fffff
890,880d9dc483fffff
891,880d998b05fffff
892,880d9dac05fffff
893,880d9dc537fffff
894,880d9d2761fffff
895,880d998463fffff
896,880d8acd09fffff
897,880d998c27fffff
898,880d8a00bdfffff
899,880d9daa29fffff
900,880d8a4da5fffff
901,880d8a6885fffff
902,880d9d94b1fffff
903,880d9d068dfffff
904,880d9991d1fffff
905,880d8a0b39fffff
906,880d9ca0b9fffff
907,880d9dd72bfffff
908,880d9d96d5fffff
909,880d99b507fffff
910,880d83cc99fffff
911,880d83ca35fffff
912,880d830937fffff
913,880d9d0d1bfffff
914,880d8a751dfffff
915,880ca4d813fffff
916,880d8319e1fffff
917,880d8355a5fffff
918,880d9d029dfffff
919,880d9d62b5fffff
920,880d9996c5fffff
921,880d83198bfffff
922,880d9dc583fffff
923,880d9d4d9dfffff
924,880d98b4bbfffff
925,880d9d2033fffff
926,880d99d209fffff
927,880d998e9dfffff
928,880d9ca5ddfffff
929,880d822d09fffff
930,880d9d523bfffff
931,880d9dc9e7fffff
932,880d9d1939fffff
933,880d834dd3fffff
934,880d99b73dfffff
935,880d9d3905fffff
936,880d9991e3fffff
937,880d835a1bfffff
938,880d8a41b3fffff
939,880d998a89fffff
940,880d8355d1fffff
941,880d998c13fffff
942,880d99a2a7fffff
943,880d9ca0d9fffff
944,880d99b913fffff
945,880d9d2f49fffff
946,880d99a0d1fffff
947,880d8a1839fffff
948,880d831821fffff
949,880d9dd967fffff
950,880d830a65fffff
951,880d9dd803fffff
952,880d9d7b61fffff
953,880d9d31dbfffff
954,880d83cc33fffff
955,880d999223fffff
956,880d9d14ebfffff
957,880d83111dfffff
958,880d9d40b3fffff
959,880d9d626bfffff
960,880d9d2e69fffff
961,880d9d25dbfffff
962,880d9c9645fffff
963,880d9d05d3fffff
964,880d9dd069fffff
965,880d8a0f01fffff
966,880d9d3115fffff
967,880d8a4d19fffff
968,880d9ddb59fffff
969,880d837123fffff
970,880d9d0d21fffff
971,880d998ee7fffff
972,880d9dce07fffff
973,880d9da0d7fffff
974,880d9dd2e7fffff
975,880d8a60adfffff
976,880d99a431fffff
977,880d9d46e1fffff
978,880d836a31fffff
979,880d83cac1fffff
980,880d9da0a9fffff
981,880d8356dbfffff
982,880d835081fffff
983,880d999801fffff
984,880d8310bdfffff
985,880d9cb59bfffff
986,880d9d3a81fffff
987,880d99324dfffff
988,880d8a18edfffff
989,880d9dd641fffff
990,880d9d0c21fffff
991,880d9d6ed3fffff
992,880d8a474bfffff
993,880d9dcc4bfffff
994,880d99a06dfffff
995,880d99d02bfffff
996,880d8acdb1fffff
997,880d8a415bfffff
998,880d838f05fffff
999,880d9d35bdfffff
1000,880d8a4aebfffff
1001,880d83c0d1fffff
1002,880d8a4567fffff
1003,880d9d25ddfffff
1004,880d838ce5fffff
1005,880d9d5491fffff
1006,880d9d045bfffff
1007,880d9dd259fffff
1008,880d836c3dfffff
1009,880d9dc19bfffff
1010,880d8a6b5dfffff
1011,880d9d6d0bfffff
1012,880d998257fffff
1013,880d830c17fffff
1014,880d9d2891fffff
1015,880d835041fffff
1016,880d836a81fffff
1017,880d9ddb2bfffff
1018,880d9d0e01fffff
1019,880d9daeadfffff
1020,880d999131fffff
1021,880d9c2549fffff
1022,880d9d8683fffff
1023,880d8a8a37fffff
1024,880d9ca19bfffff
1025,880d9dc83dfffff
1026,880d9d2d31fffff
1027,880d9d0ad3fffff
1028,880d9d0853fffff
1029,880d9d730bfffff
1030,880d8a5501fffff
1031,880d834f41fffff
1032,880d999229fffff
1033,880d9da115fffff
1034,880d8a4c95fffff
1035,880d9dd355fffff
1036,880d9985c3fffff
1037,880d9d6ebbfffff
1038,880d9db583fffff
1039,880d9d6e4bfffff
1040,880d9d28adfffff
1041,880d9db055fffff
1042,880d9d00c5fffff
1043,880d836e37fffff
1044,880d9d10a9fffff
1045,880d9c94dbfffff
1046,880d9dad37fffff
1047,880d9da50bfffff
1048,880d836a69fffff
1049,880d9cada3fffff
1050,880d8a524bfffff
1051,880d8344c3fffff
1052,880d9d2539fffff
1053,880d999a3bfffff
1054,880d9d2625fffff
1055,880d9d3809fffff
1056,880d9d26e1fffff
1057,880d99b1b9fffff
1058,880d998543fffff
1059,880ca4d901fffff
1060,880d8356d1fffff
1061,880d9d50b5fffff
1062,880d9cb767fffff
1063,880d8ac747fffff
1064,880d999643fffff
1065,880d9ca63bfffff
1066,880d834505fffff
1067,880d9d32bbfffff
1068,880d8310b9fffff
1069,880d83c497fffff
1070,880d998c29fffff
1071,880d9d2225fffff
1072,880d8a6c17fffff
1073,880d83632dfffff
1074,880d9dc1d5fffff
1075,880d830c23fffff
1076,880d83788dfffff
1077,880ca4da25fffff
1078,880d835ac7fffff
1079,880d8accdbfffff
1080,880d98a68bfffff
1081,880d8a525dfffff
1082,880d8a7935fffff
1083,880d8a469dfffff
1084,880d8a62c1fffff
1085,880d8342abfffff
1086,880d9d4c01fffff
1087,880d9d4261fffff
1088,880d9d86bbfffff
1089,880d834ebbfffff
1090,880d9c32d7fffff
1091,880ca4d805fffff
1092,880d99b921fffff
1093,880d998ea7fffff
1094,880d834dc1fffff
1095,880d99a8cbfffff
1096,880d9d712dfffff
1097,880d9d5227fffff
1098,880d9d8751fffff
1099,880d8308d5fffff
1100,880d835005fffff
1101,880d9d212bfffff
1102,880d9dc855fffff
1103,880d9d72a9fffff
1104,880d998569fffff
1105,880d9d4065fffff
1106,880d9d79a9fffff
1107,880d9dd515fffff
1108,880d8a8933fffff
1109,880d8a5a53fffff
1110,880d99922bfffff
1111,880d8a7a15fffff
1112,880d8351d7fffff
1113,880d999911fffff
1114,880d8a08abfffff
1115,880d8352bbfffff
1116,880d9d844bfffff
1117,880d9d2f51fffff
1118,880d9d08a1fffff
1119,880d8a81b5fffff
1120,880d9d2155fffff
1121,880d822f05fffff
1122,880d99b987fffff
1123,880d9d6353fffff
1124,880d9d353dfffff
1125,880d8309b1fffff
1126,880d8a6d85fffff
1127,880d8a0a51fffff
1128,880d9c9457fffff
1129,880d8354adfffff
1130,880d8a41cdfffff
1131,880d9db331fffff
1132,880d8a5437fffff
1133,880d8a6d8dfffff
1134,880d834c69fffff
1135,880d998e63fffff
1136,880d9d272bfffff
1137,880d9db009fffff
1138,880ca4d0e3fffff
1139,880d83500bfffff
1140,880d9d60d7fffff
1141,880d9d74cbfffff
1142,880d9d66abfffff
1143,880d8a74cdfffff
1144,880d834b55fffff
1145,880d8359e3fffff
1146,880d8361e5fffff
1147,880d8a5347fffff
1148,880d9dd9c3fffff
1149,880d99d6d9fffff
1150,880d9cb0c1fffff
1151,880d99a303fffff
1152,880d834c3dfffff
1153,880d835407fffff
1154,880d9da74bfffff
1155,880d836f23fffff
1156,880d99b8a1fffff
1157,880d99a857fffff
1158,880d834603fffff
1159,880d9d55a9fffff
1160,880d8a51adfffff
1161,880d9dc153fffff
1162,880d8ac0bbfffff
1163,880d837245fffff
1164,880d9d6f3dfffff
1165,880d9d023bfffff
1166,880d9dc727fffff
1167,880d9d0a47fffff
1168,880d9d6f25fffff
1169,880d99b023fffff
1170,880d836e35fffff
1171,880d9dd409fffff
1172,880d9d4469fffff
1173,880d9d054bfffff
1174,880d9cb287fffff
1175,880d8a1331fffff
1176,880d9cb547fffff
1177,880d99bb37fffff
1178,880d99a6e1fffff
1179,880d8a08e5fffff
1180,880d9c22bdfffff
1181,880d9dbacdfffff
1182,880d836da3fffff
1183,880d83cc29fffff
1184,880d9db149fffff
1185,880d9d6c4bfffff
1186,880d834e0bfffff
1187,880ca4d917fffff
1188,880d83c5c3fffff
1189,880d9d1585fffff
1190,880d9dae21fffff
1191,880d998287fffff
1192,880d8309c7fffff
1193,880d99af65fffff
1194,880d9d6899fffff
1195,880d9cb5b9fffff
1196,880d8a0c43fffff
1197,880d8a89b9fffff
1198,880d830211fffff
1199,880d8ac451fffff
1200,880d835231fffff
1201,880d9d30c3fffff
1202,880d9dcea7fffff
1203,880d834701fffff
1204,880d9916b5fffff
1205,880d8341e5fffff
1206,880d83c4d7fffff
1207,880d8acd27fffff
1208,880d836f43fffff
1209,880d8a70b9fffff
1210,880d998535fffff
1211,880d9cb489fffff
1212,880d9d2687fffff
1213,880d9d2a25fffff
1214,880d9d39b5fffff
1215,880d998d59fffff
1216,880d9dcee3fffff
1217,880d8346c7fffff
1218,880d8a75dbfffff
1219,880d9d635bfffff
1220,880d9dad63fffff
1221,880d830b35fffff
1222,880d8a51e5fffff
1223,880d9d3709fffff
1224,880d99ba9bfffff
1225,880ca4d763fffff
1226,880d9d402dfffff
1227,880d830d57fffff
1228,880d9d2c39fffff
1229,880d9d3061fffff
1230,880d8ac28bfffff
1231,880d9d3411fffff
1232,880d822dc1fffff
1233,880d83c165fffff
1234,880d99a837fffff
1235,880d9cad3bfffff
1236,880d8a0a5dfffff
1237,880d8a0843fffff
1238,880d9daa99fffff
1239,880d9d6195fffff
1240,880d9cad19fffff
1241,880d8a6debfffff
1242,880d9d6837fffff
1243,880d8a4eb9fffff
1244,880d836b0dfffff
1245,880d9d8489fffff
1246,880d9d7b51fffff
1247,880d8350a3fffff
1248,880d8a0137fffff
1249,880d9d64c7fffff
1250,880d98b4c7fffff
1251,880d831007fffff
1252,880d9990d9fffff
1253,880d8a4a87fffff
1254,880d83c4d9fffff
1255,880d9d2707fffff
1256,880d83c987fffff
1257,880d83094bfffff
1258,880d9d06bdfffff
1259,880d835581fffff
1260,880d9d150dfffff
1261,880d8350cbfffff
1262,880d98b6b1fffff
1263,880d99b301fffff
1264,880d9d0a6bfffff
1265,880d99ba33fffff
1266,880d9d1415fffff
1267,880d9db5abfffff
1268,880d9dd2b9fffff
1269,880d8a69c5fffff
1270,880d9d16d7fffff
1271,880d99943dfffff
1272,880d838ca3fffff
1273,880d9d2937fffff
1274,880d8a4a41fffff
1275,880d9dda97fffff
1276,880d8a41e3fffff
1277,880d9d66cdfffff
1278,880d834c99fffff
1279,880d8318d7fffff
1280,880d8a4949fffff
1281,880d9d3943fffff
1282,880d9d20edfffff
1283,880d8ac51dfffff
1284,880d9ca62bfffff
1285,880d831853fffff
1286,880d9ca611fffff
1287,880d9dc137fffff
1288,880d9c9415fffff
1289,880d83cca7fffff
1290,880d836aedfffff
1291,880d99b111fffff
1292,880d9d4ca7fffff
1293,880d9d09b7fffff
1294,880d838d91fffff
1295,880d9c2641fffff
1296,880d83468bfffff
1297,880d9d1a1dfffff
1298,880d9cb413fffff
1299,880d98b50bfffff
1300,880d8a4451fffff
1301,880d9dd9e9fffff
1302,880d8a8b1bfffff
1303,880d9dd73dfffff
1304,880d99b34bfffff
1305,880d8a4db9fffff
1306,880d8a46d3fffff
1307,880d8a7823fffff
1308,880d9da041fffff
1309,880d99972dfffff
1310,880d9c95cdfffff
1311,880d83c5e1fffff
1312,880d9cad83fffff
1313,880d9dbaa1fffff
1314,880d9d0655fffff
1315,880d9d0d83fffff
1316,880d9d316bfffff
1317,880d9d1505fffff
1318,880d83c98dfffff
1319,880d834607fffff
1320,880d99a1abfffff
1321,880d8a5869fffff
1322,880d9dd8bdfffff
1323,880d9d2159fffff
1324,880d835947fffff
1325,880d99a6adfffff
1326,880d837135fffff
1327,880d83425bfffff
1328,880d9d2e01fffff
1329,880d9d7995fffff
1330,880d83c581fffff
1331,880d9dd29dfffff
1332,880d8ac6e1fffff
1333,880d9d74c9fffff
1334,880d9dd76bfffff
1335,880d9914bbfffff
1336,880d8a0727fffff
1337,880d8a0847fffff
1338,880d998f67fffff
1339,880d98b0c3fffff
1340,880d99d647fffff
1341,880d9cb351fffff
1342,880d83c119fffff
1343,880d83188dfffff
1344,880d831305fffff
1345,880d9d52bdfffff
1346,880d9d6a2dfffff
1347,880ca4ca45fffff
1348,880d9d700dfffff
1349,880d8a894dfffff
1350,880d9d342dfffff
1351,880d9d444bfffff
1352,880d8372a9fffff
1353,880d9d9593fffff
1354,880d9d0f1dfffff
1355,880d9d164bfffff
1356,880d99d6cbfffff
1357,880d837039fffff
1358,880d9d42e3fffff
1359,880d9d5361fffff
1360,880d9d0b47fffff
1361,880d83410bfffff
1362,880d8a42c1fffff
1363,880d836cadfffff
1364,880d8a5b55fffff
1365,880d9ca717fffff
1366,880d9db9bbfffff
1367,880d8a5657fffff
1368,880d99bb15fffff
1369,880d830d05fffff
1370,880d998587fffff
1371,880d8a1897fffff
1372,880d9c309dfffff
1373,880d83cc57fffff
1374,880d8a483bfffff
1375,880d8a0a9bfffff
1376,880d8a42a3fffff
1377,880d9dc643fffff
1378,880d9c35d1fffff
1379,880d9d2643fffff
1380,880d9d79d1fffff
1381,880d9cb505fffff
1382,880d9d45d7fffff
1383,880d9d3855fffff
1384,880d8a44d1fffff
1385,880d9cb229fffff
1386,880d9d3545fffff
1387,880d999559fffff
1388,880d83cd4bfffff
1389,880d9cb295fffff
1390,880d9c2689fffff
1391,880d9d3535fffff
1392,880d9d2659fffff
1393,880d9dd76dfffff
1394,880ca4d21dfffff
1395,880d9da289fffff
1396,880d9d2d25fffff
1397,880d83cf37fffff
1398,880d9914dbfffff
1399,880d99b855fffff
1400,880d99a417fffff
1401,880d9d2ec9fffff
1402,880d9d8d9bfffff
1403,880d9dd835fffff
1404,880d998b2dfffff
1405,880d838dd3fffff
1406,880d9dc5adfffff
1407,880d99ace5fffff
1408,880d9c9419fffff
1409,880d8a4a53fffff
1410,880d9dd8bbfffff
1411,880d83c163fffff
1412,880d831a13fffff
1413,880d9d65d1fffff
1414,880d99ad03fffff
1415,880d9d3a11fffff
1416,880d9d2e95fffff
1417,880d99b9b7fffff
1418,880d83715dfffff
1419,880d8a426bfffff
1420,880ca4da05fffff
1421,880d831207fffff
1422,880d9d04b3fffff
1423,880d9d50c1fffff
1424,880d8a4a99fffff
1425,880d834027fffff
1426,880d9d31cbfffff
1427,880d8371cdfffff
1428,880d9d2189fffff
1429,880d9d254dfffff
1430,880d9d780dfffff
1431,880d9ddaa5fffff
1432,880d8a5443fffff
1433,880d834119fffff
1434,880d9d6edbfffff
1435,880d83cde7fffff
1436,880d8a54abfffff
1437,880d830da9fffff
1438,880d835ab5fffff
1439,880d999b5dfffff
1440,880d998ce9fffff
1441,880d835649fffff
1442,880d9d668bfffff
1443,880d9d6ec1fffff
1444,880d83ce1dfffff
1445,880d8a5723fffff
1446,880d9da245fffff
1447,880d8a5b49fffff
1448,880d9d6205fffff
1449,880d9dc1a3fffff
1450,880d831835fffff
1451,880d9dc615fffff
1452,880d9cb087fffff
1453,880d8388b1fffff
1454,880d9916d1fffff
1455,880d998407fffff
1456,880d99b8d7fffff
1457,880d8a46edfffff
1458,880d9dce11fffff
1459,880d9dad15fffff
1460,880d836b37fffff
1461,880d9d0e1bfffff
1462,880d8a4dc3fffff
1463,880d9980d7fffff
1464,880d8a4e21fffff
1465,880d9d39b3fffff
1466,880d9d0489fffff
1467,880d99b13bfffff
1468,880ca4d36bfffff
1469,880d9d750bfffff
1470,880d998607fffff
1471,880d8372dbfffff
1472,880d8a404bfffff
1473,880d9d14b9fffff
1474,880d8acd85fffff
1475,880d9dca23fffff
1476,880d836f37fffff
1477,880d8346d1fffff
1478,880d99a999fffff
1479,880d9ca21dfffff
1480,880d9dd891fffff
1481,880d8a6d07fffff
1482,880d9d543bfffff
1483,880d9d6853fffff
1484,880d831a17fffff
1485,880d9d6511fffff
1486,880d9d6c55fffff
1487,880ca4dab3fffff
1488,880d8a74c5fffff
1489,880d9cb5d3fffff
1490,880d999443fffff
1491,880d998201fffff
1492,880d8a5049fffff
1493,880d9cb6bbfffff
1494,880d9d05d5fffff
1495,880d8a50e3fffff
1496,880d8acce7fffff
1497,880d834d8dfffff
1498,880d99aa27fffff
1499,880d99960dfffff
1500,880d8a56d9fffff
1501,880d9da149fffff
1502,880d99a439fffff
1503,880d8a6b4dfffff
1504,880d8340b7fffff
1505,880ca4d263fffff
1506,880d8ac437fffff
1507,880d8361d9fffff
1508,880d8a4f29fffff
1509,880d8e594bfffff
1510,880d8a0869fffff
1511,880d9d132bfffff
1512,880d8379b5fffff
1513,880d83c521fffff
1514,880d8a59e7fffff
1515,880d9d8447fffff
1516,880d9d4747fffff
1517,880d9dccc1fffff
1518,880d83cf13fffff
1519,880d9992b7fffff
1520,880d9db22dfffff
1521,880d9ca4adfffff
1522,880d9c3491fffff
1523,880d9986b7fffff
1524,880d9d4157fffff
1525,880d8311ebfffff
1526,880d831831fffff
1527,880d9d2d11fffff
1528,880d9d759dfffff
1529,880d99b28bfffff
1530,880d8a5667fffff
1531,880d834ed9fffff
1532,880d9dcad5fffff
1533,880d8a0e0bfffff
1534,880d9c328bfffff
1535,880d99b927fffff
1536,880d9d34e7fffff
1537,880d83cc31fffff
1538,880d8a5151fffff
1539,880d99b52dfffff
1540,880d83092bfffff
1541,880d9d519bfffff
1542,880d998d55fffff
1543,880d9dc8a5fffff
1544,880d9d311bfffff
1545,880ca4d16bfffff
1546,880d9db109fffff
1547,880d8355c1fffff
1548,880d9d873dfffff
1549,880d822f0dfffff
1550,880d8a773bfffff
1551,880d8a110bfffff
1552,880d9cb01dfffff
1553,880d9d20b3fffff
1554,880d8361ebfffff
1555,880d98b439fffff
1556,880d8a518bfffff
1557,880d9caed7fffff
1558,880d98b697fffff
1559,880d9d0833fffff
1560,880d999629fffff
1561,880d830201fffff
1562,880d99a1bbfffff
1563,880d9db535fffff
1564,880d83c9c7fffff
1565,880d9db9cdfffff
1566,880d9d2991fffff
1567,880d8356cdfffff
1568,880d831527fffff
1569,880d837003fffff
1570,880d9d6d85fffff
1571,880d9c3091fffff
1572,880d9d0a63fffff
1573,880d9d2d29fffff
1574,880d8a0895fffff
1575,880d9d774bfffff
1576,880d9dc553fffff
1577,880d83c8a1fffff
1578,880d8a4903fffff
1579,880d9d51cdfffff
1580,880d8a5235fffff
1581,880d83c8c9fffff
1582,880d835a13fffff
1583,880d835ae9fffff
1584,880d8a1b23fffff
1585,880d9d2527fffff
1586,880d9916ddfffff
1587,880d9d4551fffff
1588,880d9d0ea9fffff
1589,880d9d6db3fffff
1590,880d9d3313fffff
1591,880d9d6ea7fffff
1592,880d8a19e9fffff
1593,880d99a14dfffff
1594,880d8a0e27fffff
1595,880d8a00e5fffff
1596,880d8a6cabfffff
1597,880d9d6883fffff
1598,880d8a8f6bfffff
1599,880d9d0861fffff
1600,880d9c362dfffff
1601,880d835667fffff
1602,880d999591fffff
1603,880d99d643fffff
1604,880d8acf59fffff
1605,880d9d4e13fffff
1606,880d831147fffff
1607,880d8acc65fffff
1608,880d99d0c3fffff
1609,880d9d2559fffff
1610,880d8a105bfffff
1611,880d999099fffff
1612,880d9dab33fffff
1613,880d9daa59fffff
1614,880d9d176dfffff
1615,880d822d5dfffff
1616,880d99815bfffff
1617,880d9c2665fffff
1618,880d837b57fffff
1619,880d9d2529fffff
1620,880d9d863dfffff
1621,880d9d71d5fffff
1622,880d8a41a7fffff
1623,880ca4d6c5fffff
1624,880d9dc9abfffff
1625,880d99b595fffff
1626,880d83ccd7fffff
1627,880d9d20ddfffff
1628,880d9d4485fffff
1629,880d9d6537fffff
1630,880d99b935fffff
1631,880ca4d91dfffff
1632,880d9d4259fffff
1633,880d9d65e5fffff
1634,880d99a21dfffff
1635,880d99a441fffff
1636,880d9d71e7fffff
1637,880d9d6105fffff
1638,880d9d8455fffff
1639,880d822d43fffff
1640,880d9d50d9fffff
1641,880d8a58adfffff
1642,880d9d60e5fffff
1643,880d8ac6a9fffff
1644,880d834527fffff
1645,880d99a351fffff
1646,880d99b4cbfffff
1647,880d9d3023fffff
1648,880d9d6e51fffff
1649,880d9dcb63fffff
1650,880d8acd33fffff
1651,880d8e5a2bfffff
1652,880d9d3b11fffff
1653,880d998433fffff
1654,880d8a5817fffff
1655,880d99af1bfffff
1656,880d9d7969fffff
1657,880d8a4511fffff
1658,880d834627fffff
1659,880d9d5289fffff
1660,880d834ed3fffff
1661,880d8e4997fffff
1662,880d9d69b7fffff
1663,880d9d550bfffff
1664,880d9d2b13fffff
1665,880d836191fffff
1666,880d9916edfffff
1667,880d99800dfffff
1668,880d9d3919fffff
1669,880d836aebfffff
1670,880d8a56ebfffff
1671,880d9c3545fffff
1672,880ca4db19fffff
1673,880d836ec1fffff
1674,880d8a7427fffff
1675,880d99990dfffff
1676,880d998647fffff
1677,880d8a5449fffff
1678,880d9da501fffff
1679,880d99b949fffff
1680,880d9d854bfffff
1681,880d9dd201fffff
1682,880d834aadfffff
1683,880d9dd407fffff
1684,880d9d3b17fffff
1685,880d99a82bfffff
1686,880d9da03dfffff
1687,880d9d0dc3fffff
1688,880d834305fffff
1689,880d9d6567fffff
1690,880d98a6c3fffff
1691,880d831095fffff
1692,880d83400dfffff
1693,880d9d1335fffff
1694,880d99a033fffff
1695,880d9cb55bfffff
1696,880d8ad94bfffff
1697,880d8a74ebfffff
1698,880d99b105fffff
1699,880d9c26a3fffff
1700,880d9ca549fffff
1701,880d83c53dfffff
1702,880d9d01ddfffff
1703,880d9caeb3fffff
1704,880d99baa7fffff
1705,880d834221fffff
1706,880d99b627fffff
1707,880ca4d239fffff
1708,880d8ac297fffff
1709,880d8a0a91fffff
1710,880d9da9cbfffff
1711,880ca4d869fffff
1712,880d83cce1fffff
1713,880d99ba01fffff
1714,880d9dc2bbfffff
1715,880d831283fffff
1716,880d9ca613fffff
1717,880d834235fffff
1718,880d9cb013fffff
1719,880d9996a3fffff
1720,880d9d140dfffff
1721,880d8e5a27fffff
1722,880d9d95e3fffff
1723,880d9daca1fffff
1724,880d9dd727fffff
1725,880d8a6d6bfffff
1726,880d8a4689fffff
1727,880d822593fffff
1728,880d83112dfffff
1729,880d9dc255fffff
1730,880d8ac561fffff
1731,880d9d003dfffff
1732,880d8acf17fffff
1733,880d9db8c7fffff
1734,880d9dc287fffff
1735,880d8ac6d1fffff
1736,880d9d0041fffff
1737,880d999149fffff
1738,880d83cea1fffff
1739,880d9dd91dfffff
1740,880d834dabfffff
1741,880d8a454dfffff
1742,880d99a9e1fffff
1743,880d9992bbfffff
1744,880d83103bfffff
1745,880d83ceadfffff
1746,880d99d24dfffff
1747,880d8a722dfffff
1748,880d8a08d5fffff
1749,880d9985c5fffff
1750,880d831aadfffff
1751,880d9991dbfffff
1752,880d99160bfffff
1753,880d83cd51fffff
1754,880d8a111bfffff
1755,880d8a18e9fffff
1756,880d9c2769fffff
1757,880d9d86b3fffff
1758,880d99ac5dfffff
1759,880d822491fffff
1760,880d9dcaddfffff
1761,880d8acc45fffff
1762,880d999437fffff
1763,880d998121fffff
1764,880d9dd0a7fffff
1765,880d998aedfffff
1766,880d9d38d3fffff
1767,880d834519fffff
1768,880d83cc5dfffff
1769,880d8300a5fffff
1770,880d8a75c7fffff
1771,880d8ac6c9fffff
1772,880d9d60e7fffff
1773,880ca4d8e9fffff
1774,880d998f2dfffff
1775,880d8369d9fffff
1776,880d9d2429fffff
1777,880d9c36d1fffff
1778,880d998419fffff
1779,880d99a33dfffff
1780,880d830229fffff
1781,880d835b6dfffff
1782,880d8346abfffff
1783,880d9d7301fffff
1784,880d834995fffff
1785,880d98b5c5fffff
1786,880d831965fffff
1787,880d98b5cbfffff
1788,880ca4d8ddfffff
1789,880d8309d3fffff
1790,880d8a1b67fffff
1791,880d830b2dfffff
1792,880d8a500bfffff
1793,880d9d7227fffff
1794,880d9dcc65fffff
1795,880d99961dfffff
1796,880ca4d10dfffff
1797,880d9d94bbfffff
1798,880d9dcb1bfffff
1799,880d9d4e3dfffff
1800,880d9d0629fffff
1801,880d8ad5d3fffff
1802,880d9d674bfffff
1803,880d998c01fffff
1804,880d998213fffff
1805,880d99aaddfffff
1806,880d9d8741fffff
1807,880d836ce7fffff
1808,880d9c94adfffff
1809,880ca4d101fffff
1810,880d9cadc9fffff
1811,880d837acbfffff
1812,880d9d6ac1fffff
1813,880d9dd83bfffff
1814,880d9dc4d5fffff
1815,880d8a4325fffff
1816,880d8a0d0dfffff
1817,880ca4d129fffff
1818,880d9d5347fffff
1819,880d99a943fffff
1820,880d9d6d17fffff
1821,880d9d6aabfffff
1822,880d9d56a3fffff
1823,880d9dae13fffff
1824,880d9c32ddfffff
1825,880d9d86b7fffff
1826,880d8a09a9fffff
1827,880d9d0a87fffff
1828,880d9db511fffff
1829,880d8a5859fffff
1830,880d9dc851fffff
1831,880d99a66bfffff
1832,880d8a5981fffff
1833,880d9dcdbdfffff
1834,880d9ca4c5fffff
1835,880d9d5717fffff
1836,880d8e5b0bfffff
1837,880d83182bfffff
1838,880d835897fffff
1839,880d99864bfffff
1840,880d8a6851fffff
1841,880d830f25fffff
1842,880d834893fffff
1843,880d9dbab7fffff
1844,880d99b089fffff
1845,880d9d0d25fffff
1846,880d9c2651fffff
1847,880d834019fffff
1848,880d8acf53fffff
1849,880d9d01a5fffff
1850,880d99804bfffff
1851,880d9da559fffff
1852,880d998b51fffff
1853,880d83092dfffff
1854,880d831a19fffff
1855,880ca4db67fffff
1856,880d99b09dfffff
1857,880d9dc5bdfffff
1858,880d9c2467fffff
1859,880d9d4e61fffff
1860,880d99854dfffff
1861,880d834c01fffff
1862,880d9d328bfffff
1863,880d838dd5fffff
1864,880d9d1433fffff
1865,880d834993fffff
1866,880d9cb419fffff
1867,880d9d44a1fffff
1868,880d9dd32bfffff
1869,880d9cb6a1fffff
1870,880d8ac8b5fffff
1871,880d9ca0c1fffff
1872,880d9d168dfffff
1873,880d9dba35fffff
1874,880d8a1335fffff
1875,880d999841fffff
1876,880d8a7465fffff
1877,880d9dccebfffff
1878,880d9990c1fffff
1879,880d9d1511fffff
1880,880d9da805fffff
1881,880d999329fffff
1882,880d9d2537fffff
1883,880d8a0189fffff
1884,880d8ac713fffff
1885,880d834a8dfffff
1886,880ca4d8c3fffff
1887,880d8a1349fffff
1888,880d83c6b3fffff
1889,880d9d84d9fffff
1890,880d9d94a5fffff
1891,880d9d7a81fffff
1892,880d998c93fffff
1893,880d98b0d7fffff
1894,880d837119fffff
1895,880d837b5dfffff
1896,880d8e492dfffff
1897,880d8a196dfffff
1898,880d83471dfffff
1899,880d99a959fffff
1900,880d8a7345fffff
1901,880d9992c1fffff
1902,880d9dd0ebfffff
1903,880d8a01edfffff
1904,880d9c961dfffff
1905,880ca4db59fffff
1906,880d8342d5fffff
1907,880d8312c5fffff
1908,880d9da12dfffff
1909,880d99a1bdfffff
1910,880d9d7817fffff
1911,880d8a1b69fffff
1912,880d9d4647fffff
1913,880d9da0d1fffff
1914,880d8a8a33fffff
1915,880d822d8dfffff
1916,880d8a10c7fffff
1917,880d98b41dfffff
1918,880d837b65fffff
1919,880d999495fffff
1920,880d9d2019fffff
1921,880d8a4a35fffff
1922,880d837b33fffff
1923,880d9d18c5fffff
1924,880d834729fffff
1925,880d8a42a5fffff
1926,880d8a46cdfffff
1927,880d99b1cbfffff
1928,880d8a5201fffff
1929,880d9d21e7fffff
1930,880d8a54cdfffff
1931,880d9dd9adfffff
1932,880d8a41e9fffff
1933,880d8a0345fffff
1934,880d83088dfffff
1935,880ca4d085fffff
1936,880d9db1adfffff
1937,880d8a541dfffff
1938,880d99b485fffff
1939,880d9d02b1fffff
1940,880d8a0921fffff
1941,880d9d068bfffff
1942,880d9d3b2bfffff
1943,880d9c353bfffff
1944,880d8ac445fffff
1945,880d8378b9fffff
1946,880d834829fffff
1947,880d9d9603fffff
1948,880d8a52d5fffff
1949,880ca4c323fffff
1950,880d9c86e1fffff
1951,880d838d23fffff
1952,880d834dcdfffff
1953,880d999301fffff
1954,880d83c137fffff
1955,880d998729fffff
1956,880ca4d8c1fffff
1957,880d8a8ae5fffff
1958,880d9db31dfffff
1959,880d830115fffff
1960,880d8349a3fffff
1961,880d836c67fffff
1962,880d83c5d7fffff
1963,880d99a435fffff
1964,880d999083fffff
1965,880d9dcc05fffff
1966,880d9d74d5fffff
1967,880d99b721fffff
1968,880d9d365bfffff
1969,880d9d0ea7fffff
1970,880d9d282dfffff
1971,880d9daec3fffff
1972,880d99ab49fffff
1973,880d8302c7fffff
1974,880d9d2319fffff
1975,880d83554bfffff
1976,880d9dc639fffff
1977,880d9d4f5dfffff
1978,880d8a1359fffff
1979,880d835b29fffff
1980,880d9d3915fffff
1981,880d8a0359fffff
1982,880d9dd531fffff
1983,880d9d0891fffff
1984,880d8a1b33fffff
1985,880d836dc7fffff
1986,880d9dc5ddfffff
1987,880d9d4dd9fffff
1988,880d8352a9fffff
1989,880d9d8949fffff
1990,880d836197fffff
1991,880d9d0b0bfffff
1992,880d8a7713fffff
1993,880d837255fffff
1994,880d9996d9fffff
1995,880d9d08dbfffff
1996,880d83582dfffff
1997,880d9d728dfffff
1998,880d9c965dfffff
1999,880d835487fffff
2000,880d99aadbfffff
2001,880d9dc193fffff
2002,880d8361a9fffff
2003,880d831b31fffff
2004,880d8a7085fffff
2005,880d831565fffff
2006,880d838d0dfffff
2007,880d9dcf19fffff
2008,880d98b099fffff
2009,880d9c9631fffff
2010,880d8a5233fffff
2011,880d83cc9bfffff
2012,880d8a5743fffff
2013,880d9d640bfffff
2014,880d9d44bdfffff
2015,880d9d195dfffff
2016,880d83564dfffff
2017,880d9dcae3fffff
2018,880d9dd083fffff
2019,880d9dd537fffff
2020,880d99a2c7fffff
2021,880d834ea5fffff
2022,880d9d74c1fffff
2023,880d9990c7fffff
2024,880d9d509bfffff
2025,880d9cb0dbfffff
2026,880d99a089fffff
2027,880d9dc567fffff
2028,880d83ca95fffff
2029,880d8a0353fffff
2030,880d9cac17fffff
2031,880d9d14a9fffff
2032,880d831b2dfffff
2033,880d9dae05fffff
2034,880d8a5b6bfffff
2035,880d830307fffff
2036,880d9da337fffff
2037,880d9db935fffff
2038,880d99843dfffff
2039,880d9cae6bfffff
2040,880d99b905fffff
2041,880d9d231dfffff
2042,880d83cc11fffff
2043,880d83c565fffff
2044,880ca4d969fffff
2045,880d99969bfffff
2046,880d9d0509fffff
2047,880d99a19bfffff
2048,880d8ad861fffff
2049,880d9d3a1bfffff
2050,880d831b55fffff
2051,880d9db165fffff
2052,880d9c32dbfffff
2053,880d9d36a9fffff
2054,880d9d559bfffff
2055,880d836159fffff
2056,880d9db333fffff
2057,880d9ca227fffff
2058,880d9da951fffff
2059,880d99d2d1fffff
2060,880d8acebbfffff
2061,880d9dc0c5fffff
2062,880d9d7093fffff
2063,880d993219fffff
2064,880d830805fffff
2065,880d9c35b1fffff
2066,880d9d0541fffff
2067,880d9dd16bfffff
2068,880d998ec9fffff
2069,880d9da33dfffff
2070,880d8a0369fffff
2071,880d831b29fffff
2072,880d8a4637fffff
2073,880d9d06b9fffff
2074,880d8a10b3fffff
2075,880d99b8c5fffff
2076,880d836d29fffff
2077,880d83415dfffff
2078,880d9d392bfffff
2079,880d83c0c9fffff
2080,880d836917fffff
2081,880d8a5a85fffff
2082,880d836e4bfffff
2083,880d8a721dfffff
2084,880d9dd331fffff
2085,880d9dc315fffff
2086,880d9d9923fffff
2087,880d99a665fffff
2088,880d8a00b3fffff
2089,880d8e5a29fffff
2090,880d838d19fffff
2091,880d9dbac3fffff
2092,880d99b561fffff
2093,880d9d616bfffff
2094,880d83476dfffff
2095,880d8a7307fffff
2096,880d9dd71dfffff
2097,880d8a4319fffff
2098,880d9d6251fffff
2099,880d9dc023fffff
2100,880d8a5021fffff
2101,880d8a4705fffff
2102,880d9991d7fffff
2103,880d9dca5dfffff
2104,880d9d1669fffff
2105,880d9d968bfffff
2106,880d8a023dfffff
2107,880d9dd20bfffff
2108,880d9d39d5fffff
2109,880d9ca4c1fffff
2110,880d9d0653fffff
2111,880d83c55dfffff
2112,880d8356d3fffff
2113,880d9d4761fffff
2114,880d9916c3fffff
2115,880d99a8edfffff
2116,880d9d5407fffff
2117,880d9cad93fffff
2118,880d99b2b1fffff
2119,880d8a59abfffff
2120,880d99a889fffff
2121,880d83cc07fffff
2122,880d8a50abfffff
2123,880d835b21fffff
2124,880d9cb28bfffff
2125,880d835463fffff
2126,880d8a4a9bfffff
2127,880d83c135fffff
2128,880d8a6ad9fffff
2129,880d9cb2ebfffff
2130,880d9d2a2bfffff
2131,880d9d3611fffff
2132,880d9d1081fffff
2133,880d9d70b1fffff
2134,880d9d5231fffff
2135,880d8a8811fffff
2136,880d9980e5fffff
2137,880d822ca3fffff
2138,880d9d7543fffff
2139,880d99a2b1fffff
2140,880d8a4de5fffff
2141,880d8388e9fffff
2142,880d8a0f23fffff
2143,880d9dd5e5fffff
2144,880d9daa3dfffff
2145,880d9d6f69fffff
2146,880d8a4b31fffff
2147,880d99860dfffff
2148,880d99b931fffff
2149,880d99ba6bfffff
2150,880d8a4f37fffff
2151,880d9da9b3fffff
2152,880d835135fffff
2153,880d9d6a23fffff
2154,880d9d30dbfffff
2155,880d8ac98dfffff
2156,880d8346cdfffff
2157,880d830c1dfffff
2158,880d9d0419fffff
2159,880d9d040bfffff
2160,880d999a2dfffff
2161,880d9d76e3fffff
2162,880d8a5923fffff
2163,880d8a6931fffff
2164,880d9d0b6bfffff
2165,880d8361c1fffff
2166,880d9daa0dfffff
2167,880d9dcc43fffff
2168,880d8a5ae1fffff
2169,880d9d6037fffff
2170,880d8ada67fffff
2171,880d8a5711fffff
2172,880d831953fffff
2173,880d9d1649fffff
2174,880d830887fffff
2175,880d9daf27fffff
2176,880d9da0d3fffff
2177,880d9cb403fffff
2178,880d9dda9bfffff
2179,880d835249fffff
2180,880d99b0bbfffff
2181,880d8a01bdfffff
2182,880d834753fffff
2183,880d83419dfffff
2184,880d8ad847fffff
2185,880d9994a5fffff
2186,880d831ab9fffff
2187,880d9c2719fffff
2188,880d9982ddfffff
2189,880d9cb56dfffff
2190,880d8a0299fffff
2191,880d9dce23fffff
2192,880d8a0819fffff
2193,880d9dd60dfffff
2194,880d8a4127fffff
2195,880d9dcf29fffff
2196,880d9994e5fffff
2197,880d9d2315fffff
2198,880d998d01fffff
2199,880d9d2403fffff
2200,880d8a4665fffff
2201,880d8a5065fffff
2202,880d999b6bfffff
2203,880d9dd2abfffff
2204,880d9d15adfffff
2205,880d9d38c7fffff
2206,880d8a7a65fffff
2207,880d98b76dfffff
2208,880d830337fffff
2209,880d998019fffff
2210,880d9d4dc3fffff
2211,880d998dd7fffff
2212,880d99a10dfffff
2213,880d99972bfffff
2214,880d9dae61fffff
2215,880d99b1dbfffff
2216,880d99d147fffff
2217,880d8308b7fffff
2218,880d998029fffff
2219,880d8a8f61fffff
2220,880d9d5417fffff
2221,880d9dba11fffff
2222,880d8a7857fffff
2223,880d9d70a7fffff
2224,880d99985dfffff
2225,880d9d6893fffff
2226,880d9d61d9fffff
2227,880d9d7983fffff
2228,880d8310d1fffff
2229,880d9db0e1fffff
2230,880d9d6eb3fffff
2231,880d9d22e9fffff
2232,880d8ad845fffff
2233,880d9ca221fffff
2234,880d830f57fffff
2235,880d8302a9fffff
2236,880d9d2cebfffff
2237,880d9dce43fffff
2238,880d99a9cbfffff
2239,880d9dc4b9fffff
2240,880d8a6961fffff
2241,880d9cb1c3fffff
2242,880d9d6dd1fffff
2243,880d9dca93fffff
2244,880d8a8805fffff
2245,880d9936c5fffff
2246,880d8a48d5fffff
2247,880d834c47fffff
2248,880d835355fffff
2249,880d8a45e5fffff
2250,880d9d68ddfffff
2251,880d8a7b23fffff
2252,880d9d6835fffff
2253,880d83c883fffff
2254,880d83601dfffff
2255,880d9d1711fffff
2256,880d999a99fffff
2257,880d9d316dfffff
2258,880d9ddb1bfffff
2259,880d8a8f39fffff
2260,880d8a4e07fffff
2261,880d999481fffff
2262,880d836067fffff
2263,880d99d203fffff
2264,880d838807fffff
2265,880d9dc1c7fffff
2266,880d9d3a2bfffff
2267,880d8a4c1bfffff
2268,880d8351bbfffff
2269,880d8a1a97fffff
2270,880d836d03fffff
2271,880d99b5a3fffff
2272,880d9cb4d1fffff
2273,880d83116bfffff
2274,880d99b14dfffff
2275,880d8312a5fffff
2276,880d9d69e5fffff
2277,880d9d2769fffff
2278,880d8a56a9fffff
2279,880d830ab5fffff
2280,880d9dcdc7fffff
2281,880d8ac5e3fffff
2282,880d836a41fffff
2283,880d9d0999fffff
2284,880d8a4237fffff
2285,880d9d0d87fffff
2286,880d99b211fffff
2287,880d9db1abfffff
2288,880d8a79ebfffff
2289,880d99966dfffff
2290,880d9d0485fffff
2291,880d99906dfffff
2292,880d9cadddfffff
2293,880d9d06bbfffff
2294,880d8a6b4bfffff
2295,880d9d7addfffff
2296,880d8a5a57fffff
2297,880d8acd4dfffff
2298,880d9996edfffff
2299,880d8a1a25fffff
2300,880d9d5253fffff
2301,880d83c52dfffff
2302,880d9dd19bfffff
2303,880d9da931fffff
2304,880d9dd285fffff
2305,880d99b043fffff
2306,880d831949fffff
2307,880d9984ebfffff
2308,880d9d4265fffff
2309,880d8a184bfffff
2310,880d8a5691fffff
2311,880d9cb6d7fffff
2312,880d9c3753fffff
2313,880d8a8999fffff
2314,880d8a5a07fffff
2315,880d9d6563fffff
2316,880d8a42d5fffff
2317,880d8a5731fffff
2318,880d83c815fffff
2319,880d8a00c9fffff
2320,880d830ae3fffff
2321,880d9dcf43fffff
2322,880d8a5245fffff
2323,880d9d3a09fffff
2324,880d8acd49fffff
2325,880d9dc0e9fffff
2326,880d9ca71dfffff
2327,880d9cb585fffff
2328,880d8a519bfffff
2329,880d99ba9dfffff
2330,880d9d4ce1fffff
2331,880d8a4023fffff
2332,880d9d5427fffff
2333,880d9dd8cbfffff
2334,880d83725dfffff
2335,880d8a1023fffff
2336,880d8a58a7fffff
2337,880d999497fffff
2338,880d83c0a7fffff
2339,880d834a41fffff
2340,880d9ca40bfffff
2341,880d835943fffff
2342,880d9d185bfffff
2343,880d8a0a37fffff
2344,880d9dceddfffff
2345,880d9c35e3fffff
2346,880d83cd27fffff
2347,880d830e09fffff
2348,880d9d2203fffff
2349,880d9d4053fffff
2350,880d9d01a7fffff
2351,880d9d396bfffff
2352,880d8ad935fffff
2353,880d8a0ad1fffff
2354,880d9d2417fffff
2355,880d9980d9fffff
2356,880d9db515fffff
2357,880d9dacd5fffff
2358,880d8a7941fffff
2359,880d83714dfffff
2360,880d9dc087fffff
2361,880d837057fffff
2362,880d9d15e9fffff
2363,880d8a465bfffff
2364,880d9932c9fffff
2365,880d9d56e3fffff
2366,880d9d531bfffff
2367,880d9d44ddfffff
2368,880d9da44dfffff
2369,880d9d7b05fffff
2370,880d9ca019fffff
2371,880d998225fffff
2372,880d98b749fffff
2373,880d83696dfffff
2374,880d835325fffff
2375,880d9dd107fffff
2376,880d9d61b3fffff
2377,880d99b9c1fffff
2378,880d999211fffff
2379,880d8a8f55fffff
2380,880d9dc587fffff
2381,880d822c03fffff
2382,880d83174bfffff
2383,880d9d6b57fffff
2384,880d830163fffff
2385,880d831053fffff
2386,880d99b499fffff
2387,880d8a1365fffff
2388,880d8a1803fffff
2389,880d9dc9c1fffff
2390,880d8a4e47fffff
2391,880d8a7b29fffff
2392,880d9d6067fffff
2393,880d831a05fffff
2394,880d999715fffff
2395,880d8a8915fffff
2396,880d9dc8c5fffff
2397,880d99a11bfffff
2398,880d99a755fffff
2399,880d8ac1a3fffff
2400,880d8340e7fffff
2401,880d9dba1bfffff
2402,880d8a18a5fffff
2403,880d9d070bfffff
2404,880d9d291bfffff
2405,880d9d6285fffff
2406,880d9d5725fffff
2407,880d999605fffff
2408,880d9d676bfffff
2409,880d9d3451fffff
2410,880d8e5949fffff
2411,880d9ca0b1fffff
2412,880d83585dfffff
2413,880d8a0851fffff
2414,880d8acf63fffff
2415,880d837b6bfffff
2416,880d99976bfffff
2417,880d9db269fffff
2418,880d99aae1fffff
2419,880d9d703bfffff
2420,880d83c851fffff
2421,880d9d6d3dfffff
2422,880d8a5897fffff
2423,880d9dcf5bfffff
2424,880d9d60abfffff
2425,880d8a6a9bfffff
2426,880d830e29fffff
2427,880d835353fffff
2428,880d9995bdfffff
2429,880d9db2c7fffff
2430,880d9d86ebfffff
2431,880d83724bfffff
2432,880d9d3657fffff
2433,880d8a5a67fffff
2434,880d9cb015fffff
2435,880d8ad96bfffff
2436,880d9c944dfffff
2437,880d831243fffff
2438,880d99a94bfffff
2439,880d9916e1fffff
2440,880d9d6081fffff
2441,880d8a02ebfffff
2442,880d8a881dfffff
2443,880d9d6887fffff
2444,880d9d6dd7fffff
2445,880d9daacbfffff
2446,880d83434dfffff
2447,880d9d1499fffff
2448,880d9d6b59fffff
2449,880d9d1857fffff
2450,880d9dd0a5fffff
2451,880d8a4707fffff
2452,880d99a233fffff
2453,880ca4d217fffff
2454,880d8352d7fffff
2455,880d9d66a1fffff
2456,880d9d0dd9fffff
2457,880d822e27fffff
2458,880d9ca081fffff
2459,880d9d3681fffff
2460,880d9cb2a1fffff
2461,880d9d4e65fffff
2462,880d9d1b67fffff
2463,880d830d0dfffff
2464,880d998197fffff
2465,880d9d5481fffff
2466,880d8ac669fffff
2467,880d8300edfffff
2468,880d9d283dfffff
2469,880d9d3a61fffff
2470,880d9cb611fffff
2471,880d9d091dfffff
2472,880d9dcf6bfffff
2473,880d9d8cb1fffff
2474,880d8a021bfffff
2475,880d998e07fffff
2476,880d83c005fffff
2477,880d8acd55fffff
2478,880d9dc4b5fffff
2479,880d9d3005fffff
2480,880d830f0dfffff
2481,880d8a504dfffff
2482,880d831725fffff
2483,880d9d8603fffff
2484,880d8ac49dfffff
2485,880d8a19c7fffff
2486,880d8ac42bfffff
2487,880d9d3b01fffff
2488,880d998195fffff
2489,880d8ac701fffff
2490,880d998329fffff
2491,880d8ac8ebfffff
2492,880d8a7933fffff
2493,880d9cadd3fffff
2494,880d836833fffff
2495,880d9dd043fffff
2496,880d9db849fffff
2497,880d99b093fffff
2498,880d83682bfffff
2499,880d83ccb3fffff
2500,880d9db813fffff
2501,880d9d06d9fffff
2502,880d8a4759fffff
2503,880d8e59d1fffff
2504,880d9d0e53fffff
2505,880d9d05d7fffff
2506,880d9d60e9fffff
2507,880d8a134bfffff
2508,880d9d0501fffff
2509,880d9980c3fffff
2510,880d8a070dfffff
2511,880d9dba01fffff
2512,880d834899fffff
2513,880d9d625bfffff
2514,880d9d2191fffff
2515,880d835559fffff
2516,880d9d96d9fffff
2517,880d9d46bdfffff
2518,880ca4d617fffff
2519,880d9d14d7fffff
2520,880d9c94ebfffff
2521,880d8a4081fffff
2522,880d834db3fffff
2523,880d83ce29fffff
2524,880d8a69abfffff
2525,880d8a02bbfffff
2526,880d8a54e1fffff
2527,880d9996d5fffff
2528,880d8a4c03fffff
2529,880d9d19c1fffff
2530,880d998299fffff
2531,880d8a0197fffff
2532,880d83118bfffff
2533,880d9d11d1fffff
2534,880d8a0343fffff
2535,880d98b70dfffff
2536,880d8a4103fffff
2537,880d9dc823fffff
2538,880d9d173dfffff
2539,880d9dc249fffff
2540,880d9d8713fffff
2541,880d9dc455fffff
2542,880d99876dfffff
2543,880d98b685fffff
2544,880d9dd42bfffff
2545,880d998411fffff
2546,880ca4d0cdfffff
2547,880d8345c5fffff
2548,880d83cf2bfffff
2549,880d9d305dfffff
2550,880d9ca2ebfffff
2551,880d9d046bfffff
2552,880d9d76a1fffff
2553,880d9c96cbfffff
2554,880d8a46e7fffff
2555,880d8318dbfffff
2556,880d8a18e5fffff
2557,880d9d2f01fffff
2558,880d9d68a9fffff
2559,880d99d207fffff
2560,880d9d133dfffff
2561,880d9d62a9fffff
2562,880d998c1dfffff
2563,880d8ac4b3fffff
2564,880d9da2b3fffff
2565,880d99b4e7fffff
2566,880d822ed5fffff
2567,880d99b685fffff
2568,880d9cb20dfffff
2569,880d835815fffff
2570,880d9d4339fffff
2571,880d999763fffff
2572,880d8a01cdfffff
2573,880d8342a9fffff
2574,880d8a42d7fffff
2575,880d9db02dfffff
2576,880d9d0647fffff
2577,880d8a7469fffff
2578,880d835889fffff
2579,880d8300a7fffff
2580,880d8a0939fffff
2581,880d9d0603fffff
2582,880d9d2e0bfffff
2583,880d8a1abbfffff
2584,880d836db1fffff
2585,880ca4d089fffff
2586,880d9dc293fffff
2587,880d9d0969fffff
2588,880d99a105fffff
2589,880d99bb3dfffff
2590,880d8a61a7fffff
2591,880d9d45e1fffff
2592,880d9d2045fffff
2593,880d8a4059fffff
2594,880d83c6b7fffff
2595,880d9c36b9fffff
2596,880d834963fffff
2597,880d9d5403fffff
2598,880d9cacd7fffff
2599,880d9d2199fffff
2600,880d999439fffff
2601,880d9d252bfffff
2602,880d998e6bfffff
2603,880d9d6839fffff
2604,880d9ca5bbfffff
2605,880d9d5467fffff
2606,880d9dc32bfffff
2607,880d9d24e5fffff
2608,880d99d2a3fffff
2609,880d8a40e5fffff
2610,880d99d2d3fffff
2611,880d99b983fffff
2612,880d9d4cc3fffff
2613,880ca4d713fffff
2614,880d9d2e6bfffff
2615,880d9d1861fffff
2616,880d834ac9fffff
2617,880d8a4849fffff
2618,880d8a54d9fffff
2619,880d9cb0a1fffff
2620,880d8351e5fffff
2621,880ca4d911fffff
2622,880d9d8761fffff
2623,880d999995fffff
2624,880d9dd747fffff
2625,880d834e5dfffff
2626,880d9d4e29fffff
2627,880d9d242bfffff
2628,880d8368d9fffff
2629,880d9d6085fffff
2630,880d8a7457fffff
2631,880d999421fffff
2632,880d9dda13fffff
2633,880d99b629fffff
2634,880d999967fffff
2635,880d9da21bfffff
2636,880d9c2217fffff
2637,880d8a5763fffff
2638,880d8a4c3bfffff
2639,880d99d2adfffff
2640,880d835aabfffff
2641,880d9dc481fffff
2642,880d999729fffff
2643,880d8a6903fffff
2644,880d8a8855fffff
2645,880d83482dfffff
2646,880d9995abfffff
2647,880d8ac8a7fffff
2648,880d9d0069fffff
2649,880d998eb3fffff
2650,880d8311a9fffff
2651,880d999ad7fffff
2652,880d9cacebfffff
2653,880d835069fffff
2654,880d831743fffff
2655,880d99885bfffff
2656,880d9c2627fffff
2657,880d9d7257fffff
2658,880d830263fffff
2659,880d836881fffff
2660,880d9d0c53fffff
2661,880d8350c3fffff
2662,880d8acf35fffff
2663,880d8a40d1fffff
2664,880d9d4437fffff
2665,880d8a09dbfffff
2666,880d9d208dfffff
2667,880d836167fffff
2668,880d99b82bfffff
2669,880d83151dfffff
2670,880d8311a3fffff
2671,880d9d0267fffff
2672,880d9dac61fffff
2673,880d8a714dfffff
2674,880d8a4a1dfffff
2675,880d9dc811fffff
2676,880d9d1537fffff
2677,880d9d71b1fffff
2678,880d99d245fffff
2679,880d8388cbfffff
2680,880d9dab63fffff
2681,880d9c36e5fffff
2682,880d9d21b1fffff
2683,880d9cb69bfffff
2684,880d8a08adfffff
2685,880d8a4d39fffff
2686,880d9d2465fffff
2687,880d9d0e51fffff
2688,880d9d1925fffff
2689,880d9dda2bfffff
2690,880d9d4e2bfffff
2691,880d998429fffff
2692,880d9d6555fffff
2693,880d835b09fffff
2694,880d9da869fffff
2695,880d9dd711fffff
2696,880d8a110dfffff
2697,880d9cac6dfffff
2698,880d9da8cdfffff
2699,880d99b865fffff
2700,880d834903fffff
2701,880d9d7633fffff
2702,880d8a1ae7fffff
2703,880d834f09fffff
2704,880d9d11c7fffff
2705,880d9d0b3dfffff
2706,880d9dc831fffff
2707,880d9d7055fffff
2708,880d9dd42dfffff
2709,880d8a5345fffff
2710,880d9d7027fffff
2711,880d9d0901fffff
2712,880d83c8d9fffff
2713,880d999305fffff
2714,880d9c34abfffff
2715,880ca4d2d3fffff
2716,880d9db287fffff
2717,880d8accabfffff
2718,880d9d24e7fffff
2719,880ca4d0dbfffff
2720,880d836a33fffff
2721,880d836aa1fffff
2722,880d9db121fffff
2723,880d9995cbfffff
2724,880d9dd65dfffff
2725,880d8360abfffff
2726,880d9d1619fffff
2727,880d9dbab5fffff
2728,880d9d784dfffff
2729,880d998111fffff
2730,880d9d6733fffff
2731,880ca4da1dfffff
2732,880d8a4959fffff
2733,880d830d07fffff
2734,880d9d0e05fffff
2735,880d9d7615fffff
2736,880d99b295fffff
2737,880d99a985fffff
2738,880d9da8d7fffff
2739,880d9d08c7fffff
2740,880d8a5829fffff
2741,880d822cd3fffff
2742,880d8342e5fffff
2743,880d835741fffff
2744,880d9d6409fffff
2745,880d8a6f5bfffff
2746,880d9d42cdfffff
2747,880d836967fffff
2748,880d8ac413fffff
2749,880d8a6c11fffff
2750,880d8a70d9fffff
2751,880d83c4adfffff
2752,880d8a182dfffff
2753,880d8a5027fffff
2754,880d9db083fffff
2755,880d8a4235fffff
2756,880d9d10b9fffff
2757,880d8345cbfffff
2758,880d9dd115fffff
2759,880d8e4b47fffff
2760,880d9d22d9fffff
2761,880d99b65bfffff
2762,880d83cae5fffff
2763,880d8a7a25fffff
2764,880d8a52b9fffff
2765,880d9db323fffff
2766,880d9db967fffff
2767,880d837359fffff
2768,880d9c2633fffff
2769,880d831825fffff
2770,880d9d0e67fffff
2771,880d9da1c5fffff
2772,880d999593fffff
2773,880d9d115dfffff
2774,880d9d64c3fffff
2775,880d9dcca1fffff
2776,880d999533fffff
2777,880d9dc011fffff
2778,880d9daa95fffff
2779,880d8a4c87fffff
2780,880d834123fffff
2781,880d9d6ac9fffff
2782,880d8a74c7fffff
2783,880ca4d449fffff
2784,880d9dbae9fffff
2785,880d9d11cbfffff
2786,880d834405fffff
2787,880d9dba51fffff
2788,880d8ac4cbfffff
2789,880d8a50e7fffff
2790,880d8300a1fffff
2791,880d998027fffff
2792,880d998427fffff
2793,880d9d41d5fffff
2794,880d9dc4d7fffff
2795,880ca4dacbfffff
2796,880d8ac58dfffff
2797,880d8e4825fffff
2798,880d8a01b1fffff
2799,880d9d4411fffff
2800,880d83491dfffff
2801,880d9d7ae3fffff
2802,880d9d6a55fffff
2803,880d9d5453fffff
2804,880d998ae5fffff
2805,880d9d7965fffff
2806,880d9d4443fffff
2807,880d9da94bfffff
2808,880d834d51fffff
2809,880d98b62dfffff
2810,880d8ac559fffff
2811,880d834d91fffff
2812,880d9cadc7fffff
2813,880d837b63fffff
2814,880d8a6db7fffff
2815,880d9d34adfffff
2816,880d9db305fffff
2817,880d830023fffff
2818,880d83465dfffff
2819,880d83c8ddfffff
2820,880d8348a7fffff
2821,880d8a1145fffff
2822,880d9d0211fffff
2823,880d8a6f61fffff
2824,880d9d66bbfffff
2825,880d99369bfffff
2826,880d9db1ebfffff
2827,880d9dced7fffff
2828,880d834ca7fffff
2829,880d9ca727fffff
2830,880d83ca19fffff
2831,880d9ddb65fffff
2832,880d9d514bfffff
2833,880d8e5915fffff
2834,880d999635fffff
2835,880d8a4ecdfffff
2836,880d998513fffff
2837,880d8a48e5fffff
2838,880d8312b1fffff
2839,880d9d4563fffff
2840,880d99d2bdfffff
2841,880d8a7ae9fffff
2842,880d9d1145fffff
2843,880d8a6d9dfffff
2844,880d8a7a69fffff
2845,880d998c69fffff
2846,880d8a5833fffff
2847,880d9db085fffff
2848,880d9d195bfffff
2849,880d834ce1fffff
2850,880d83cab5fffff
2851,880d8a5189fffff
2852,880d9db9dbfffff
2853,880d8358a5fffff
2854,880d830c55fffff
2855,880d8a7a2dfffff
2856,880d83cc3bfffff
2857,880d8a5959fffff
2858,880d8ad84dfffff
2859,880d9dc749fffff
2860,880d9998a5fffff
2861,880d8ac8c1fffff
2862,880d99924dfffff
2863,880d8a4555fffff
2864,880d9d875dfffff
2865,880d8e59cbfffff
2866,880d99d769fffff
2867,880d9d0669fffff
2868,880d8ac0ebfffff
2869,880d99ad53fffff
2870,880d9d79d7fffff
2871,880d8e5909fffff
2872,880d9dd19dfffff
2873,880d99b713fffff
2874,880d9c2443fffff
2875,880d9dd5c1fffff
2876,880d9d6e9dfffff
2877,880d998009fffff
2878,880d831939fffff
2879,880d9d2703fffff
2880,880d9ca0b3fffff
2881,880d9da28bfffff
2882,880d8a51ddfffff
2883,880d8a5653fffff
2884,880d9da53dfffff
2885,880d9d0905fffff
2886,880d8a5b47fffff
2887,880d8a0845fffff
2888,880d8311e9fffff
2889,880d9d6491fffff
2890,880d9cb30dfffff
2891,880d830a05fffff
2892,880d999b0dfffff
2893,880d9d0abbfffff
2894,880d836121fffff
2895,880d9c96c5fffff
2896,880d9d51d5fffff
2897,880d9dd317fffff
2898,880d9cb405fffff
2899,880d8a5623fffff
2900,880d9ca755fffff
2901,880d9da8b1fffff
2902,880d9d09a7fffff
2903,880d9d70d5fffff
2904,880d9d234bfffff
2905,880d99b061fffff
2906,880d9d7533fffff
2907,880d99d201fffff
2908,880ca4db45fffff
2909,880d83404dfffff
2910,880d9d4403fffff
2911,880ca4d8a3fffff
2912,880d9d0e89fffff
2913,880d8a42c7fffff
2914,880d83455bfffff
2915,880d9dcb2bfffff
2916,880d9c9697fffff
2917,880d838989fffff
2918,880d836b65fffff
2919,880d8a622bfffff
2920,880d9d2031fffff
2921,880d9d2c3dfffff
2922,880d9cb5a5fffff
2923,880d8a5a05fffff
2924,880d9caec9fffff
2925,880d83691dfffff
2926,880d83cd67fffff
2927,880d9da731fffff
2928,880d9c3605fffff
2929,880d9d6a25fffff
2930,880d8a5163fffff
2931,880d9d704bfffff
2932,880d8a506dfffff
2933,880d8a6001fffff
2934,880d8a8d67fffff
2935,880d83518dfffff
2936,880d9c26b7fffff
2937,880d8341e9fffff
2938,880d9c26bdfffff
2939,880d9d00ddfffff
2940,880d9d2567fffff
2941,880d822d5bfffff
2942,880d9d06a3fffff
2943,880d9998ebfffff
2944,880d834d19fffff
2945,880d83191bfffff
2946,880d9ca751fffff
2947,880d8a7b5bfffff
2948,880d9985edfffff
2949,880d8342c5fffff
2950,880d83130bfffff
2951,880d9d5505fffff
2952,880d9dacd7fffff
2953,880d8a6127fffff
2954,880d831285fffff
2955,880d8a6b69fffff
2956,880d9dd653fffff
2957,880d9d02cdfffff
2958,880d8a4ab7fffff
2959,880d9d0357fffff
2960,880d831b57fffff
2961,880d830841fffff
2962,880d9d21bbfffff
2963,880d8345abfffff
2964,880d83026dfffff
2965,880d9996b7fffff
2966,880d9994d9fffff
2967,880d9d1a85fffff
2968,880d99aad1fffff
2969,880d8352e9fffff
2970,880d9ca539fffff
2971,880d998aabfffff
2972,880d9cb5c7fffff
2973,880d9c3423fffff
2974,880d99360bfffff
2975,880d9dc235fffff
2976,880d8a511dfffff
2977,880d9d62e9fffff
2978,880d836a23fffff
2979,880d830b49fffff
2980,880d8ac0a5fffff
2981,880d8ac5c5fffff
2982,880d8a18c9fffff
2983,880d9d2907fffff
2984,880d8ad599fffff
2985,880d8a4001fffff
2986,880d9c9683fffff
2987,880d83c4c1fffff
2988,880d98b41bfffff
2989,880d8a584bfffff
2990,880d8a6213fffff
2991,880d9d6b65fffff
2992,880d9d0f65fffff
2993,880d8a08dbfffff
2994,880d9d8b69fffff
2995,880d9d02b5fffff
2996,880d835a09fffff
2997,880d8ad93bfffff
2998,880d8ad95bfffff
2999,880d9d1b15fffff
3000,880d8a5143fffff
3001,880d99aa5bfffff
3002,880d9916c7fffff
3003,880d836839fffff
3004,880d8a58d3fffff
3005,880d9d96cdfffff
3006,880d9d6cd5fffff
3007,880d9d2e1bfffff
3008,880d9d222bfffff
3009,880d83515bfffff
3010,880d9d8459fffff
3011,880d9d5037fffff
3012,880d9992a5fffff
3013,880d9d69dbfffff
3014,880d835869fffff
3015,880d831205fffff
3016,880d8a5a65fffff
3017,880d8a748bfffff
3018,880d99bb43fffff
3019,880d99901bfffff
3020,880d8ad49bfffff
3021,880d8378e9fffff
3022,880d83c8d7fffff
3023,880d9dc297fffff
3024,880d836327fffff
3025,880d9d729dfffff
3026,880d836a11fffff
3027,880d99acb1fffff
3028,880d9d5701fffff
3029,880d9c2765fffff
3030,880d9999a5fffff
3031,880d837ab5fffff
3032,880d9d3085fffff
3033,880d8e593dfffff
3034,880d9dcd37fffff
3035,880d838c09fffff
3036,880d8acd41fffff
3037,880d99849bfffff
3038,880d9d0443fffff
3039,880d999047fffff
3040,880d9c8607fffff
3041,880d834545fffff
3042,880d831925fffff
3043,880d9d0d29fffff
3044,880d83c595fffff
3045,880d99835dfffff
3046,880d822f2bfffff
3047,880d9d103bfffff
3048,880d8a1053fffff
3049,880d8a1b5bfffff
3050,880d9d50edfffff
3051,880d8a751bfffff
3052,880d831905fffff
3053,880d9caf57fffff
3054,880d8a1815fffff
3055,880d99af35fffff
3056,880d9d6241fffff
3057,880d8a6dcdfffff
3058,880d9d61b7fffff
3059,880d9d0965fffff
3060,880d9d68cbfffff
3061,880d836195fffff
3062,880d9dc4a9fffff
3063,880d9d7a5bfffff
3064,880d9dd249fffff
3065,880d9c95cbfffff
3066,880d831345fffff
3067,880d83cd55fffff
3068,880d8a4f33fffff
3069,880d837055fffff
3070,880d9ca0adfffff
3071,880d8a08b1fffff
3072,880d830199fffff
3073,880d83192bfffff
3074,880d9d688bfffff
3075,880d9980abfffff
3076,880d9d6d41fffff
3077,880d98a687fffff
3078,880d836225fffff
3079,880d9d40b5fffff
3080,880d83c9b7fffff
3081,880d834dddfffff
3082,880d9d0d43fffff
3083,880d8a8807fffff
3084,880d9d1631fffff
3085,880d9d2949fffff
3086,880d9d0869fffff
3087,880d9d46d9fffff
3088,880d9d7243fffff
3089,880d835595fffff
3090,880d835641fffff
3091,880d99b433fffff
3092,880d8a5261fffff
3093,880d8a625bfffff
3094,880d8a42ebfffff
3095,880d9d2da3fffff
3096,880d9d94b9fffff
3097,880d99b0b1fffff
3098,880d9d321dfffff
3099,880d998e41fffff
3100,880d836ad1fffff
3101,880d8a1151fffff
3102,880d9d50c7fffff
3103,880d9dd745fffff
3104,880d834301fffff
3105,880d99816bfffff
3106,880d8ace69fffff
3107,880d83c827fffff
3108,880ca4da59fffff
3109,880d8adb2bfffff
3110,880ca4dac7fffff
3111,880ca4da2dfffff
3112,880d8355b7fffff
3113,880d8acf0bfffff
3114,880d8a193dfffff
3115,880d9db815fffff
3116,880d9cac9dfffff
3117,880d8a1a6bfffff
3118,880d9c363dfffff
3119,880d9d211dfffff
3120,880ca4d63dfffff
3121,880d8a584dfffff
3122,880d83c6bbfffff
3123,880d99819dfffff
3124,880d9dac03fffff
3125,880d9d245bfffff
3126,880d9d39edfffff
3127,880d9da285fffff
3128,880d9da965fffff
3129,880d836db7fffff
3130,880d8a4ecbfffff
3131,880d8318edfffff
3132,880d9d6b47fffff
3133,880d9d6049fffff
3134,880d8a61a3fffff
3135,880d9d6f43fffff
3136,880d8a5465fffff
3137,880d8a5029fffff
3138,880d8310c5fffff
3139,880d9d44c7fffff
3140,880d9da093fffff
3141,880d8a09c5fffff
3142,880d9d275bfffff
3143,880d9d7aa7fffff
3144,880d8a4cb9fffff
3145,880d83541dfffff
3146,880d9d7541fffff
3147,880d834e29fffff
3148,880d8a48adfffff
3149,880d9dcd61fffff
3150,880d8a18ebfffff
3151,880d9d4ccdfffff
3152,880d830d89fffff
3153,880d830895fffff
3154,880d83c723fffff
3155,880d83c817fffff
3156,880d9d0687fffff
3157,880d9d16bbfffff
3158,880d9db1ddfffff
3159,880d99b88dfffff
3160,880d9d95d7fffff
3161,880d99942dfffff
3162,880d831199fffff
3163,880d8e49adfffff
3164,880d999ab3fffff
3165,880d8a0355fffff
3166,880d9d1407fffff
3167,880d9cb003fffff
3168,880d830b45fffff
3169,880d99874dfffff
3170,880d99a2edfffff
3171,880d999111fffff
3172,880d99b119fffff
3173,880d9d6765fffff
3174,880d99b1d9fffff
3175,880d9dcd97fffff
3176,880d8302a1fffff
3177,880d9d691bfffff
3178,880d8ac4b7fffff
3179,880d83cc93fffff
3180,880d9d4e1dfffff
3181,880d8a4b45fffff
3182,880d9daf01fffff
3183,880d8a41bdfffff
3184,880d9d7a01fffff
3185,880d8e4b45fffff
3186,880d8a081bfffff
3187,880ca4d64dfffff
3188,880d9d1b43fffff
3189,880ca4d81dfffff
3190,880d8acc2bfffff
3191,880d8a12b1fffff
3192,880d9d39c5fffff
3193,880d8acc41fffff
3194,880d9d2543fffff
3195,880d834985fffff
3196,880d8388e3fffff
3197,880d8a02bdfffff
3198,880d9d32c3fffff
3199,880d9da93bfffff
3200,880d9d00d3fffff
3201,880d99975bfffff
3202,880d834455fffff
3203,880d99ae0bfffff
3204,880d8a40c1fffff
3205,880d834587fffff
3206,880d9d6d6dfffff
3207,880d9d080bfffff
3208,880d9ca28bfffff
3209,880d999a9dfffff
3210,880d9dbb27fffff
3211,880d9d289bfffff
3212,880d99ab5dfffff
3213,880d9d469bfffff
3214,880d99bb27fffff
3215,880d836145fffff
3216,880d83452bfffff
3217,880d9d86d9fffff
3218,880d9dae17fffff
3219,880d9db9a7fffff
3220,880d9d6ee5fffff
3221,880d8a4d87fffff
3222,880d9dd369fffff
3223,880d9d2119fffff
3224,880d8a7543fffff
3225,880d8ad497fffff
3226,880d835b1bfffff
3227,880d8a5109fffff
3228,880d8a5551fffff
3229,880d9d6a45fffff
3230,880d9dc043fffff
3231,880d9d3305fffff
3232,880d836d17fffff
3233,880d99a58bfffff
3234,880d9d395dfffff
3235,880d8a00b5fffff
3236,880d835665fffff
3237,880d99aa51fffff
3238,880d9d4037fffff
3239,880d9d3687fffff
3240,880d9dc017fffff
3241,880d9914cdfffff
3242,880d9d250dfffff
3243,880d998e05fffff
3244,880d9d0843fffff
3245,880d8a8893fffff
3246,880d9dc759fffff
3247,880d834c95fffff
3248,880d8a68adfffff
3249,880d9ca705fffff
3250,880d9cb225fffff
3251,880d9d5419fffff
3252,880d836a83fffff
3253,880d835923fffff
3254,880d834e81fffff
3255,880d831985fffff
3256,880d8a4345fffff
3257,880d8a098dfffff
3258,880d999661fffff
3259,880d9980d5fffff
3260,880d83556dfffff
3261,880d9db919fffff
3262,880d8a1b0bfffff
3263,880d8ad5d7fffff
3264,880ca4d209fffff
3265,880d9cad8bfffff
3266,880d9dad99fffff
3267,880d8309d5fffff
3268,880d9daa27fffff
3269,880d830d33fffff
3270,880d8a4565fffff
3271,880d9dcb23fffff
3272,880d9d2e67fffff
3273,880d8a40a9fffff
3274,880d998109fffff
3275,880d8a54e7fffff
3276,880d8a8f25fffff
3277,880d9ca735fffff
3278,880d9996ebfffff
3279,880d99b803fffff
3280,880d83ca85fffff
3281,880d834035fffff
3282,880d830b23fffff
3283,880d99b951fffff
3284,880d998a59fffff
3285,880d9dd521fffff
3286,880d8a575dfffff
3287,880d998dc3fffff
3288,880d9d6863fffff
3289,880d9d615bfffff
3290,880d8319cbfffff
3291,880d9dd81dfffff
3292,880d9d0cc1fffff
3293,880d83455dfffff
3294,880d9d3b55fffff
3295,880d83c42bfffff
3296,880d834241fffff
3297,880d9ca08bfffff
3298,880d8352edfffff
3299,880d9d2a5dfffff
3300,880d8352adfffff
3301,880d99b0d9fffff
3302,880d9cb635fffff
3303,880d99b6cdfffff
3304,880d8a0263fffff
3305,880d9d5043fffff
3306,880d8a09c3fffff
3307,880d9c3561fffff
3308,880d9d3a5bfffff
3309,880d836187fffff
3310,880d9cb2e3fffff
3311,880d835b3dfffff
3312,880d83505dfffff
3313,880d998401fffff
3314,880d835a87fffff
3315,880d9d4e57fffff
3316,880d9d2c91fffff
3317,880d9da717fffff
3318,880d99a6a5fffff
3319,880d83c887fffff
3320,880d999741fffff
3321,880d8a6923fffff
3322,880d9dcd63fffff
3323,880d8ac62bfffff
3324,880d9ddb1dfffff
3325,880d9d7ad7fffff
3326,880d9dd9c7fffff
3327,880d8342b5fffff
3328,880d830f41fffff
3329,880d99a0adfffff
3330,880d998dc1fffff
3331,880d8a1a2bfffff
3332,880d9d285dfffff
3333,880d9d8659fffff
3334,880d8a8d23fffff
3335,880d99d2e1fffff
3336,880d9d6a53fffff
3337,880d9cb565fffff
3338,880d838f25fffff
3339,880d9d40dbfffff
3340,880d9d193dfffff
3341,880d831539fffff
3342,880d83694bfffff
3343,880d8a0149fffff
3344,880d8e4943fffff
3345,880d999aa9fffff
3346,880d836123fffff
3347,880d835b05fffff
3348,880d8a002dfffff
3349,880d836117fffff
3350,880d9d45b9fffff
3351,880d8a50c9fffff
3352,880d8e4923fffff
3353,880d9d7959fffff
3354,880d835aa9fffff
3355,880d998719fffff
3356,880d8359abfffff
3357,880d838aa7fffff
3358,880d9da843fffff
3359,880d9d7599fffff
3360,880d998685fffff
3361,880d9d028bfffff
3362,880d83c5b9fffff
3363,880d9d4433fffff
3364,880d999537fffff
3365,880d99b9b9fffff
3366,880d9ca1ddfffff
3367,880ca4dac3fffff
3368,880d834951fffff
3369,880d831017fffff
3370,880d98b4cbfffff
3371,880d8a1301fffff
3372,880d9da51dfffff
3373,880d9dc51dfffff
3374,880d830869fffff
3375,880d9dd565fffff
3376,880d9d6a33fffff
3377,880d99a917fffff
3378,880d9d6d6bfffff
3379,880d9d7869fffff
3380,880d9d7627fffff
3381,880d99a945fffff
3382,880d9c8651fffff
3383,880d8acd15fffff
3384,880d9d0059fffff
3385,880d835951fffff
3386,880d9dc109fffff
3387,880d8341d1fffff
3388,880d9d4415fffff
3389,880d9d1965fffff
3390,880d83cd01fffff
3391,880d8369e1fffff
3392,880d8a18b9fffff
3393,880d9da141fffff
3394,880d9982b9fffff
3395,880d822d03fffff
3396,880d9da529fffff
3397,880d9dd46dfffff
3398,880d9d69cbfffff
3399,880d9d36ebfffff
3400,880d9d42c9fffff
3401,880d9d38d7fffff
3402,880d99a867fffff
3403,880d83502bfffff
3404,880d9ca4d5fffff
3405,880d99b315fffff
3406,880d99a639fffff
3407,880d9d68b1fffff
3408,880d9d4ce9fffff
3409,880d83731bfffff
3410,880d99b059fffff
3411,880d9c271bfffff
3412,880d8aceb9fffff
3413,880d9d4219fffff
3414,880d9dce09fffff
3415,880d9981e5fffff
3416,880d9d2a8bfffff
3417,880d835093fffff
3418,880d8a0e59fffff
3419,880d836169fffff
3420,880d8312b5fffff
3421,880d8a096bfffff
3422,880d8a4561fffff
3423,880d9da853fffff
3424,880ca4d641fffff
3425,880d98a483fffff
3426,880d9990a1fffff
3427,880d9dab09fffff
3428,880d8a5119fffff
3429,880d99d23dfffff
3430,880d9d05a1fffff
3431,880d9dad97fffff
3432,880d835001fffff
3433,880d9d3b33fffff
3434,880d9dc5e3fffff
3435,880d9ca73dfffff
3436,880d998461fffff
3437,880d9d20a9fffff
3438,880d998b45fffff
3439,880d9d8931fffff
3440,880d9d35b1fffff
3441,880d9d50cdfffff
3442,880d8310ddfffff
3443,880d9d6d9dfffff
3444,880d8349abfffff
3445,880d8a4c11fffff
3446,880d9db587fffff
3447,880d8a7519fffff
3448,880d836e39fffff
3449,880d9d5299fffff
3450,880d8adb13fffff
3451,880d83c039fffff
3452,880d834611fffff
3453,880d8a5025fffff
3454,880d8a4607fffff
3455,880d999b43fffff
3456,880d9d3727fffff
3457,880d83c5d3fffff
3458,880d8acf47fffff
3459,880d99a017fffff
3460,880d9d38adfffff
3461,880d9d2a0dfffff
3462,880d9c24cdfffff
3463,880d8371e7fffff
3464,880d8a0017fffff
3465,880d8a54bbfffff
3466,880d9d2757fffff
3467,880d998f1bfffff
3468,880d8378d3fffff
3469,880d9d3a0bfffff
3470,880d9d452bfffff
3471,880d830a1dfffff
3472,880d835281fffff
3473,880d8a433bfffff
3474,880d9d718dfffff
3475,880d8344e7fffff
3476,880d8346c3fffff
3477,880d9d4089fffff
3478,880d9db14bfffff
3479,880d9d55adfffff
3480,880d9d3713fffff
3481,880d8a19cdfffff
3482,880d8a6159fffff
3483,880d8a4859fffff
3484,880d9d0461fffff
3485,880d9d2131fffff
3486,880d9d0eedfffff
3487,880d9dc543fffff
3488,880d9d68bbfffff
3489,880d9c2221fffff
3490,880d99a5b7fffff
3491,880d8a4129fffff
3492,880d834669fffff
3493,880d9d2931fffff
3494,880d8349d7fffff
3495,880d830aedfffff
3496,880d8a6861fffff
3497,880d83c9a7fffff
3498,880d99d261fffff
3499,880d83cf03fffff
3500,880d8a7859fffff
3501,880d834ae7fffff
3502,880d9d663dfffff
3503,880ca4d9d3fffff
3504,880d8a6b25fffff
3505,880d8a68e3fffff
3506,880d9d664dfffff
3507,880d83022dfffff
3508,880d834691fffff
3509,880d8ac6c7fffff
3510,880d9d1a43fffff
3511,880d9da19bfffff
3512,880d9ca543fffff
3513,880ca4d2bbfffff
3514,880d8345a5fffff
3515,880d9cb567fffff
3516,880d836907fffff
3517,880d8a0b17fffff
3518,880d9db00dfffff
3519,880d9dd1dbfffff
3520,880d9d7431fffff
3521,880d9ca201fffff
3522,880d9994e3fffff
3523,880ca4da8bfffff
3524,880d8acd1bfffff
3525,880d9d6e61fffff
3526,880d835849fffff
3527,880d83cf67fffff
3528,880d9db12dfffff
3529,880d9cb5ebfffff
3530,880d9d255bfffff
3531,880d8a4025fffff
3532,880d822e89fffff
3533,880d8e5b39fffff
3534,880ca4d851fffff
3535,880d822c57fffff
3536,880d99833bfffff
3537,880d834e21fffff
3538,880d9d4641fffff
3539,880d99a491fffff
3540,880d9d2dbbfffff
3541,880d9da9b5fffff
3542,880d9cb2e1fffff
3543,880d83c483fffff
3544,880d9d1913fffff
3545,880d99b63dfffff
3546,880d9dadc5fffff
3547,880d9d0525fffff
3548,880d836335fffff
3549,880d9d6083fffff
3550,880d8369c7fffff
3551,880d9da535fffff
3552,880d9dc165fffff
3553,880d9dd1c7fffff
3554,880d999657fffff
3555,880d99a141fffff
3556,880d9d0493fffff
3557,880ca4da0bfffff
3558,880d9dcb3dfffff
3559,880d9d15d7fffff
3560,880d9d2f1bfffff
3561,880d834403fffff
3562,880d9d2125fffff
3563,880d9dd1a5fffff
3564,880d9db1a5fffff
3565,880d9d684bfffff
3566,880d834529fffff
3567,880d9d6cd1fffff
3568,880d9d30a1fffff
3569,880d99ac97fffff
3570,880d8acca9fffff
3571,880d838a17fffff
3572,880d9c2693fffff
3573,880d99d36bfffff
3574,880d83535dfffff
3575,880d9cb6d1fffff
3576,880d9d7815fffff
3577,880d8a09a7fffff
3578,880d9d3b3dfffff
3579,880d9d2db9fffff
3580,880d9d2d3bfffff
3581,880d9d6443fffff
3582,880d9d1127fffff
3583,880d9d7b21fffff
3584,880d99b429fffff
3585,880d8acca3fffff
3586,880ca4d963fffff
3587,880d8361b9fffff
3588,880ca4d94bfffff
3589,880d9dcc09fffff
3590,880d83c16dfffff
3591,880d9984d1fffff
3592,880d9d6e45fffff
3593,880d83c8a3fffff
3594,880d8a00d1fffff
3595,880d9d74b9fffff
3596,880d9c3431fffff
3597,880d9d8699fffff
3598,880d99a615fffff
3599,880d9d7401fffff
3600,880d9caf51fffff
3601,880d8e4b69fffff
3602,880d8a79c9fffff
3603,880d8354c1fffff
3604,880d8a6d31fffff
3605,880d9d6631fffff
3606,880d8accc7fffff
3607,880d9d0a49fffff
3608,880d9cad33fffff
3609,880d8a624bfffff
3610,880d836b13fffff
3611,880d98b69dfffff
3612,880d9dd6c1fffff
3613,880d834825fffff
3614,880d99b03bfffff
3615,880d9996d7fffff
3616,880d83716dfffff
3617,880d9980cdfffff
3618,880d9ca5c9fffff
3619,880d834a83fffff
3620,880d835181fffff
3621,880d822d0dfffff
3622,880d8a1b35fffff
3623,880d99a65bfffff
3624,880d9dd917fffff
3625,880d9dc5d9fffff
3626,880d835327fffff
3627,880d8a0837fffff
3628,880d9d2353fffff
3629,880d9dc821fffff
3630,880d999105fffff
3631,880d9d550dfffff
3632,880d9cae63fffff
3633,880d834b05fffff
3634,880d83403bfffff
3635,880d9986edfffff
3636,880d98b55dfffff
3637,880d9dc069fffff
3638,880d83c0e5fffff
3639,880d8a1b6dfffff
3640,880d998ad5fffff
3641,880d999357fffff
3642,880d998f4bfffff
3643,880d9d51b1fffff
3644,880d834d53fffff
3645,880d99a717fffff
3646,880d8310d3fffff
3647,880d9d232bfffff
3648,880d9d4741fffff
3649,880d9db82bfffff
3650,880d9d3239fffff
3651,880d998353fffff
3652,880d8a0a65fffff
3653,880d8388d5fffff
3654,880d9d5191fffff
3655,880d83119bfffff
3656,880d835ad3fffff
3657,880d9d2a09fffff
3658,880d83c72dfffff
3659,880d9914d9fffff
3660,880d9d21e9fffff
3661,880d8a5813fffff
3662,880d99d04dfffff
3663,880d83174dfffff
3664,880d9d3557fffff
3665,880d837a89fffff
3666,880d99148dfffff
3667,880d8a4425fffff
3668,880d8a02b9fffff
3669,880d9d30a3fffff
3670,880d9ca445fffff
3671,880d9cb741fffff
3672,880d9cacdbfffff
3673,880d837051fffff
3674,880d9d01adfffff
3675,880d9dc40bfffff
3676,880d834453fffff
3677,880d8a1913fffff
3678,880d9d452dfffff
3679,880d98b769fffff
3680,880d9d1a15fffff
3681,880d99971bfffff
3682,880ca4d701fffff
3683,880d8e49c5fffff
3684,880d9d269bfffff
3685,880d999539fffff
3686,880d8a5587fffff
3687,880d9d09a9fffff
3688,880d9d5747fffff
3689,880d8aceb3fffff
3690,880d99a037fffff
3691,880d83699bfffff
3692,880d9992e9fffff
3693,880d834149fffff
3694,880d8a5b37fffff
3695,880d9d3aa7fffff
3696,880d9dd121fffff
3697,880d99b48bfffff
3698,880d8a54c9fffff
3699,880d9dc761fffff
3700,880d9982b7fffff
3701,880d9d52adfffff
3702,880d8a4f5dfffff
3703,880d999583fffff
3704,880d9999d3fffff
3705,880d99b417fffff
3706,880d9cb0b7fffff
3707,880d8ac48bfffff
3708,880d993241fffff
3709,880d8a6b59fffff
3710,880d8369edfffff
3711,880d8a5327fffff
3712,880d9d10e3fffff
3713,880d9db357fffff
3714,880d9dc8abfffff
3715,880d9d681bfffff
3716,880d998127fffff
3717,880d998467fffff
3718,880d83109bfffff
3719,880d9d2651fffff
3720,880d830dcbfffff
3721,880d9d0f45fffff
3722,880d9d4319fffff
3723,880d9c94d3fffff
3724,880d9d0333fffff
3725,880d8a09bdfffff
3726,880ca4d2cbfffff
3727,880d9d65ebfffff
3728,880d834339fffff
3729,880ca4d727fffff
3730,880d9db2edfffff
3731,880d835067fffff
3732,880d9c2219fffff
3733,880d83c809fffff
3734,880d83682dfffff
3735,880d9d96e3fffff
3736,880d8e4981fffff
3737,880d83c0e7fffff
3738,880d9c863dfffff
3739,880d99854bfffff
3740,880d8a4711fffff
3741,880d8ac453fffff
3742,880d9dd911fffff
3743,880d822c51fffff
3744,880d8a6185fffff
3745,880d8ad913fffff
3746,880d9d518bfffff
3747,880d8ad90dfffff
3748,880d9dcb4dfffff
3749,880d8acce3fffff
3750,880d8a6843fffff
3751,880d830a5dfffff
3752,880d8ac447fffff
3753,880d98b49dfffff
3754,880d9d631bfffff
3755,880d9d2065fffff
3756,880d9dbaa9fffff
3757,880d9c221dfffff
3758,880d99aa8bfffff
3759,880d999807fffff
3760,880d9d22e1fffff
3761,880d8a4069fffff
3762,880d9d4d9bfffff
3763,880d998d5dfffff
3764,880d8a4d49fffff
3765,880d9d0639fffff
3766,880d9d0027fffff
3767,880d999009fffff
3768,880d8388abfffff
3769,880d9d2f03fffff
3770,880d8a4041fffff
3771,880d9da023fffff
3772,880d83c535fffff
3773,880d9d2605fffff
3774,880d8a8aabfffff
3775,880d9d6e8dfffff
3776,880d9d7619fffff
3777,880d9d7885fffff
3778,880d99b8e9fffff
3779,880d8a1347fffff
3780,880d9ca5e3fffff
3781,880d9ca537fffff
3782,880d9dc081fffff
3783,880d99a253fffff
3784,880d8a592dfffff
3785,880d998f3bfffff
3786,880d9da0ddfffff
3787,880d83c6e3fffff
3788,880d9daea9fffff
3789,880d83125dfffff
3790,880d9d2d95fffff
3791,880d8a8803fffff
3792,880d836a4dfffff
3793,880d9d6609fffff
3794,880d83cc21fffff
3795,880d9d2ed7fffff
3796,880d9db351fffff
3797,880d9d0a21fffff
3798,880d83690bfffff
3799,880d8a6d67fffff
3800,880d9d08b7fffff
3801,880d9d5621fffff
3802,880d9d2f69fffff
3803,880d9d325bfffff
3804,880d837941fffff
3805,880d8352a3fffff
3806,880d9d5535fffff
3807,880ca4d9e7fffff
3808,880d99a62bfffff
3809,880d9d60bdfffff
3810,880d9dd135fffff
3811,880d9990d5fffff
3812,880d835503fffff
3813,880d99a14bfffff
3814,880d837a0dfffff
3815,880d9d6c39fffff
3816,880d9d2a03fffff
3817,880d99d6d7fffff
3818,880d998551fffff
3819,880d9d1829fffff
3820,880d8a0a9dfffff
3821,880d9d351bfffff
3822,880d99853dfffff
3823,880d9dacdbfffff
3824,880d837933fffff
3825,880d98b6a7fffff
3826,880d9d8c9dfffff
3827,880d8ac4edfffff
3828,880d9d1663fffff
3829,880d9caf11fffff
3830,880d9d2293fffff
3831,880d98b5cdfffff
3832,880d99b401fffff
3833,880d83c445fffff
3834,880d9dac91fffff
3835,880d836063fffff
3836,880d99b9bdfffff
3837,880d9da50dfffff
3838,880d9d463bfffff
3839,880d835527fffff
3840,880d9d6c41fffff
3841,880d9d55a7fffff
3842,880d999425fffff
3843,880d99d613fffff
3844,880d8a4f09fffff
3845,880d9d6821fffff
3846,880d999097fffff
3847,880d8301e1fffff
3848,880d99a8c3fffff
3849,880d9d7863fffff
3850,880d9db53bfffff
3851,880d835265fffff
3852,880d991689fffff
3853,880d835257fffff
3854,880d99361dfffff
3855,880d8a44c1fffff
3856,880d83093dfffff
3857,880d9d6ad3fffff
3858,880d9d1a59fffff
3859,880d83430bfffff
3860,880d83ced7fffff
3861,880d8349dbfffff
3862,880d9dd541fffff
3863,880d830855fffff
3864,880d9d6e89fffff
3865,880d9d0e91fffff
3866,880d822ebbfffff
3867,880d834f57fffff
3868,880d8345b5fffff
3869,880d9dd2bdfffff
3870,880d838f35fffff
3871,880d8a4ac3fffff
3872,880d9d2281fffff
3873,880d99d359fffff
3874,880d8a0f49fffff
3875,880d9da893fffff
3876,880d83c1e1fffff
3877,880d9d5705fffff
3878,880d831155fffff
3879,880d9caed3fffff
3880,880d8a6d03fffff
3881,880d9d6addfffff
3882,880d834727fffff
3883,880d8a5a95fffff
3884,880d9c34c1fffff
3885,880d9cb735fffff
3886,880d9d2d13fffff
3887,880d8a5935fffff
3888,880d9d3037fffff
3889,880d831219fffff
3890,880d834b6dfffff
3891,880d830d95fffff
3892,880d9ca601fffff
3893,880d9db129fffff
3894,880d8a5149fffff
3895,880d835801fffff
3896,880d99870dfffff
3897,880d9d1b4dfffff
3898,880d8379a5fffff
3899,880d99b495fffff
3900,880d836823fffff
3901,880d9d0119fffff
3902,880d8a88dbfffff
3903,880d837ac9fffff
3904,880d8a8905fffff
3905,880d8ac551fffff
3906,880d9992c9fffff
3907,880d9cad5bfffff
3908,880d9dce55fffff
3909,880d830269fffff
3910,880d9cb23dfffff
3911,880d9d6121fffff
3912,880d9dda91fffff
3913,880d834f1bfffff
3914,880d8e49e3fffff
3915,880d8ac401fffff
3916,880d8adb27fffff
3917,880d9d0e55fffff
3918,880d99b8a3fffff
3919,880d9d0a59fffff
3920,880d9d7a63fffff
3921,880d9c2727fffff
3922,880d9d4407fffff
3923,880d9db9e9fffff
3924,880d993699fffff
3925,880d8354c9fffff
3926,880d9d1693fffff
3927,880d8a7589fffff
3928,880d998e69fffff
3929,880d8356c5fffff
3930,880d9d5187fffff
3931,880d9d604bfffff
3932,880d9caeb1fffff
3933,880d9dc73bfffff
3934,880d9dd29bfffff
3935,880d9d6b29fffff
3936,880d836807fffff
3937,880d8361bbfffff
3938,880d9d76bdfffff
3939,880d9d3885fffff
3940,880d98b583fffff
3941,880d9c270dfffff
3942,880d99a659fffff
3943,880d835621fffff
3944,880d9dd519fffff
3945,880d8a1929fffff
3946,880d99b6d1fffff
3947,880d9c9411fffff
3948,880d8a7739fffff
3949,880d8ac70dfffff
3950,880d8a5701fffff
3951,880d9cb737fffff
3952,880d8a8801fffff
3953,880d9982bdfffff
3954,880d837935fffff
3955,880d8a4455fffff
3956,880d9d3ae7fffff
3957,880d9d3421fffff
3958,880d8acd6dfffff
3959,880d83c43bfffff
3960,880d99ba91fffff
3961,880d836dd5fffff
3962,880d9dc515fffff
3963,880d8a00cbfffff
3964,880d9d4087fffff
3965,880d9cb501fffff
3966,880ca4d061fffff
3967,880d832c97fffff
3968,880d83c357fffff
3969,880d999457fffff
3970,880d831b53fffff
3971,880d8a4d11fffff
3972,880d9d2097fffff
3973,880d9d6113fffff
3974,880d999b63fffff
3975,880d99970dfffff
3976,880d9d8915fffff
3977,880d99ab51fffff
3978,880d8a1139fffff
3979,880d8ac085fffff
3980,880d99d66bfffff
3981,880d9d1b31fffff
3982,880d9d34edfffff
3983,880d9d16b9fffff
3984,880d9d65bbfffff
3985,880d998007fffff
3986,880d99d259fffff
3987,880d9d6c17fffff
3988,880d834059fffff
3989,880d8e596bfffff
3990,880d8ad49dfffff
3991,880d8ace95fffff
3992,880d9d0cb7fffff
3993,880d8a0e09fffff
3994,880d831b6bfffff
3995,880d9ca2edfffff
3996,880d9d21a9fffff
3997,880d9dc99dfffff
3998,880d9cb03bfffff
3999,880d8a5989fffff
4000,880d834e95fffff
4001,880d8301cbfffff
4002,880d9d41c5fffff
4003,880d9d7497fffff
4004,880d835933fffff
4005,880d83cc35fffff
4006,880d8a08ddfffff
4007,880d99d059fffff
4008,880d9d7951fffff
4009,880d9d4cddfffff
4010,880d9d62e7fffff
4011,880d9d0e8bfffff
4012,880d9d3327fffff
4013,880d9d86d7fffff
4014,880d9d2583fffff
4015,880ca4d847fffff
4016,880d9cb085fffff
4017,880d831103fffff
4018,880d9dc259fffff
4019,880d9dda41fffff
4020,880d9985adfffff
4021,880d9d3263fffff
4022,880d9dcb65fffff
4023,880d822eddfffff
4024,880d9db961fffff
4025,880d9d66adfffff
4026,880d9d7ae9fffff
4027,880d8a024dfffff
4028,880d83552dfffff
4029,880d9c3093fffff
4030,880d999823fffff
4031,880d830a31fffff
4032,880d9d1147fffff
4033,880d830a33fffff
4034,880d999039fffff
4035,880d8309a9fffff
4036,880d8309ddfffff
4037,880d837029fffff
4038,880d9d75c7fffff
4039,880d99a305fffff
4040,880d9d5723fffff
4041,880d8a40d3fffff
4042,880d834563fffff
4043,880d9d7299fffff
4044,880d8a4c19fffff
4045,880d83c195fffff
4046,880d9cad13fffff
4047,880d9d7893fffff
4048,880d9db945fffff
4049,880d8352b3fffff
4050,880d8a69a5fffff
4051,880d834997fffff
4052,880d9d7889fffff
4053,880d8e5837fffff
4054,880d99b08bfffff
4055,880d8379ebfffff
4056,880d9dc849fffff
4057,880d9d0dd3fffff
4058,880d8361e3fffff
4059,880d8a6123fffff
4060,880d9d2369fffff
4061,880d8a4d01fffff
4062,880d9d05ddfffff
4063,880d9d16ddfffff
4064,880d9db8cdfffff
4065,880d8acf01fffff
4066,880d9dc307fffff
4067,880ca4d761fffff
4068,880ca4d653fffff
4069,880d8a6d19fffff
4070,880d99b215fffff
4071,880d8a6217fffff
4072,880d9dd343fffff
4073,880d8a68c3fffff
4074,880d9d6885fffff
4075,880d83c18bfffff
4076,880d9dda6dfffff
4077,880d835b61fffff
4078,880d99ab69fffff
4079,880d9ca5cbfffff
4080,880d836e43fffff
4081,880d999115fffff
4082,880d8a6dc9fffff
4083,880d9d6181fffff
4084,880d834031fffff
4085,880d98a601fffff
4086,880d98a6ddfffff
4087,880d9986dbfffff
4088,880d836883fffff
4089,880d9d7553fffff
4090,880d9d1a05fffff
4091,880d8ac0e5fffff
4092,880d9d002bfffff
4093,880d8a5225fffff
4094,880d9cb0e1fffff
4095,880d9d6b1dfffff
4096,880d835401fffff
4097,880d9cb40dfffff
4098,880d9d435dfffff
4099,880d8a09ddfffff
4100,880d8ad4d7fffff
4101,880d83c523fffff
4102,880d8a1201fffff
4103,880d9db915fffff
4104,880d838f67fffff
4105,880d9d0863fffff
4106,880d83cc45fffff
4107,880d8a1153fffff
4108,880d9d411dfffff
4109,880d8379adfffff
4110,880d8355b1fffff
4111,880d822c37fffff
4112,880d9d3667fffff
4113,880d8acc9dfffff
4114,880d838a89fffff
4115,880d999135fffff
4116,880d830d51fffff
4117,880d8ad92dfffff
4118,880d99bab5fffff
4119,880d83542bfffff
4120,880d9cad55fffff
4121,880d9cb693fffff
4122,880d8a7407fffff
4123,880d9d24e3fffff
4124,880d83786dfffff
4125,880d9cb5e3fffff
4126,880d83cce3fffff
4127,880d9dd1a3fffff
4128,880d8a59cbfffff
4129,880d8a4509fffff
4130,880d9d6755fffff
4131,880d9d2723fffff
4132,880d9d69bbfffff
4133,880d998667fffff
4134,880d9992edfffff
4135,880d9d0e31fffff
4136,880d9d15bbfffff
4137,880d8a5883fffff
4138,880d9dc60dfffff
4139,880d99d761fffff
4140,880d9dcdddfffff
4141,880ca4da95fffff
4142,880d9dd1d5fffff
4143,880d9dc199fffff
4144,880d999011fffff
4145,880d8a4445fffff
4146,880d9d6359fffff
4147,880d9dd321fffff
4148,880d99b88bfffff
4149,880d8a40a3fffff
4150,880d9da86bfffff
4151,880d99a9c1fffff
4152,880d9d3927fffff
4153,880d9d21d7fffff
4154,880d9981d7fffff
4155,880d9c372bfffff
4156,880d835b6bfffff
4157,880d8a6dc5fffff
4158,880d99b6e7fffff
4159,880d9c241bfffff
4160,880d8359cdfffff
4161,880d8acda3fffff
4162,880d9d34abfffff
4163,880d835633fffff
4164,880d8ad499fffff
4165,880d9d22bdfffff
4166,880d830f23fffff
4167,880d99b5b3fffff
4168,880d9c9717fffff
4169,880d9d4e0dfffff
4170,880d8a5721fffff
4171,880d9cb0a3fffff
4172,880d9916abfffff
4173,880d99a5d9fffff
4174,880d9d50a5fffff
4175,880d82249bfffff
4176,880d9dd009fffff
4177,880d9cb4ddfffff
4178,880d83ced5fffff
4179,880d8ad905fffff
4180,880d8a4117fffff
4181,880d8e4959fffff
4182,880d99816dfffff
4183,880d9dccd3fffff
4184,880d99a583fffff
4185,880d9d508bfffff
4186,880d9daec5fffff
4187,880d8ac6d3fffff
4188,880d8309e3fffff
4189,880d8a74d3fffff
4190,880d8a6813fffff
4191,880d9d70ddfffff
4192,880d9d792dfffff
4193,880d9dba9dfffff
4194,880d834369fffff
4195,880d830a01fffff
4196,880d83cc51fffff
4197,880d8a19b3fffff
4198,880d8ac0d1fffff
4199,880d9984d3fffff
4200,880d99a715fffff
4201,880d9984c5fffff
4202,880d9dd9bbfffff
4203,880d9d7a17fffff
4204,880d83134bfffff
4205,880d9d4c13fffff
4206,880d8a56c9fffff
4207,880d836081fffff
4208,880d998addfffff
4209,880d831809fffff
4210,880d831521fffff
4211,880d9d6dcdfffff
4212,880d99b62dfffff
4213,880d834c65fffff
4214,880d8a4811fffff
4215,880d9d2e45fffff
4216,880d8ad4a5fffff
4217,880d9ddb6dfffff
4218,880d9c346bfffff
4219,880d8ad59bfffff
4220,880d9d7347fffff
4221,880d9d4c05fffff
4222,880d9dace3fffff
4223,880d8a5439fffff
4224,880d99b6c7fffff
4225,880d9c9463fffff
4226,880d998085fffff
4227,880d9dc1b5fffff
4228,880d9dd92bfffff
4229,880d830b3bfffff
4230,880d8a61adfffff
4231,880d8a74d1fffff
4232,880d830c6dfffff
4233,880d9db9c7fffff
4234,880d8309c3fffff
4235,880d99a4a1fffff
4236,880d99bae1fffff
4237,880d9d0659fffff
4238,880d83541bfffff
4239,880d9ca43bfffff
4240,880d9d52c5fffff
4241,880d8354a7fffff
4242,880d99988bfffff
4243,880d8378bbfffff
4244,880d8a50a1fffff
4245,880d9dba15fffff
4246,880d9db949fffff
4247,880d8acc15fffff
4248,880d837ab3fffff
4249,880d830049fffff
4250,880d8341e3fffff
4251,880d83c5abfffff
4252,880d8a545dfffff
4253,880d8a4f23fffff
4254,880d831995fffff
4255,880d8a546bfffff
4256,880d834c11fffff
4257,880d8312cdfffff
4258,880d99b523fffff
4259,880d9d2b37fffff
4260,880d9da849fffff
4261,880d8a88a1fffff
4262,880d99ac9dfffff
4263,880d8e4b07fffff
4264,880d8a1953fffff
4265,880d8a440bfffff
4266,880d831649fffff
4267,880d9d0521fffff
4268,880d9dc647fffff
4269,880d9d3695fffff
4270,880d836ac1fffff
4271,880d8a7099fffff
4272,880d99b8a9fffff
4273,880d8a6915fffff
4274,880d83701bfffff
4275,880d9992cbfffff
4276,880d9d4565fffff
4277,880d9ca013fffff
4278,880d9dc9d3fffff
4279,880d8a8845fffff
4280,880d9d470dfffff
4281,880d822d53fffff
4282,880d9c34ddfffff
4283,880d9dd23dfffff
4284,880d83c113fffff
4285,880d830f21fffff
4286,880d8a5895fffff
4287,880d8a1a13fffff
4288,880d9d961dfffff
4289,880d9d30cbfffff
4290,880d9cac51fffff
4291,880d9991e1fffff
4292,880d9cb5b5fffff
4293,880d9ca09bfffff
4294,880d837993fffff
4295,880d9d7287fffff
4296,880d9db9c9fffff
4297,880d9d8cbdfffff
4298,880d8a75e9fffff
4299,880d99ba63fffff
4300,880d8a8a83fffff
4301,880d9db341fffff
4302,880d99b4c1fffff
4303,880d8a6b6bfffff
4304,880d99a457fffff
4305,880d9d1a61fffff
4306,880d83c685fffff
4307,880d8351a5fffff
4308,880d8a6855fffff
4309,880d9dc527fffff
4310,880d9d2617fffff
4311,880d9dadcbfffff
4312,880d836157fffff
4313,880d9ca607fffff
4314,880d9dd963fffff
4315,880d999931fffff
4316,880d9d3991fffff
4317,880d83c1d1fffff
4318,880d9d610dfffff
4319,880d8a1361fffff
4320,880d9d00c3fffff
4321,880d8a7317fffff
4322,880d8a7825fffff
4323,880d9d7929fffff
4324,880d9cb097fffff
4325,880d9d0eabfffff
4326,880d83475bfffff
4327,880d99a8a3fffff
4328,880d9d96edfffff
4329,880d8351dbfffff
4330,880d83782dfffff
4331,880d9c9669fffff
4332,880d8a79d7fffff
4333,880d83c0d5fffff
4334,880d99b767fffff
4335,880d830839fffff
4336,880d830d67fffff
4337,880d9d4c51fffff
4338,880d9d11a3fffff
4339,880d9d228dfffff
4340,880ca4d999fffff
4341,880d9dc887fffff
4342,880d835125fffff
4343,880d831aa9fffff
4344,880d8ac193fffff
4345,880d9d366bfffff
4346,880d8a4703fffff
4347,880d9996e5fffff
4348,880d9d0ce5fffff
4349,880d83c8b9fffff
4350,880d9d7b2bfffff
4351,880d999b67fffff
4352,880d8a753bfffff
4353,880d8a4b19fffff
4354,880d998337fffff
4355,880d8360c3fffff
4356,880d8a6f27fffff
4357,880d9c8639fffff
4358,880d83003bfffff
4359,880d9da96dfffff
4360,880d98b457fffff
4361,880d9d05adfffff
4362,880d99acbbfffff
4363,880d9dc6dbfffff
4364,880d8341a1fffff
4365,880d9d0b59fffff
4366,880d834e37fffff
4367,880d8ac621fffff
4368,880d9ddb0dfffff
4369,880d837861fffff
4370,880d830a95fffff
4371,880d83128bfffff
4372,880d9d548bfffff
4373,880d99a05bfffff
4374,880d99af67fffff
4375,880d998f6dfffff
4376,880d9d4725fffff
4377,880d8a5769fffff
4378,880d8311e7fffff
4379,880d83540bfffff
4380,880d9d7a53fffff
4381,880d8a0257fffff
4382,880d99d051fffff
4383,880d8a463bfffff
4384,880d98b469fffff
4385,880d9dcb07fffff
4386,880d9d0599fffff
4387,880d99b001fffff
4388,880d831b2bfffff
4389,880d99b8b5fffff
4390,880d99b281fffff
4391,880d9db947fffff
4392,880d835a61fffff
4393,880d99909bfffff
4394,880d8349c5fffff
4395,880d99a9ddfffff
4396,880d9ca5b7fffff
4397,880d99ae25fffff
4398,880d9d1ab9fffff
4399,880d8a490bfffff
4400,880d9d332dfffff
4401,880d9dab4bfffff
4402,880d9d14a3fffff
4403,880d8a784bfffff
4404,880d8ace83fffff
4405,880d9d5303fffff
4406,880d83025dfffff
4407,880d9d6203fffff
4408,880d830f03fffff
4409,880d9d3655fffff
4410,880d9cad51fffff
4411,880d8a626dfffff
4412,880d8a6215fffff
4413,880d9d0eb9fffff
4414,880d8356c3fffff
4415,880d8a1b37fffff
4416,880d99a919fffff
4417,880d834f55fffff
4418,880d9cac31fffff
4419,880d9ca5e9fffff
4420,880ca4c325fffff
4421,880d9d6025fffff
4422,880d9dd9ebfffff
4423,880d9db059fffff
4424,880d9c374dfffff
4425,880d8e5957fffff
4426,880ca4d915fffff
4427,880d9da207fffff
4428,880d999a91fffff
4429,880d837313fffff
4430,880d8a5409fffff
4431,880d9982e7fffff
4432,880d8344c5fffff
4433,880d9d7147fffff
4434,880d9dc983fffff
4435,880d836989fffff
4436,880d8371c9fffff
4437,880ca4d927fffff
4438,880d83512dfffff
4439,880d9db15dfffff
4440,880d8a8183fffff
4441,880d9d7617fffff
4442,880d9d0725fffff
4443,880d822f17fffff
4444,880d8a793bfffff
4445,880d9d75c3fffff
4446,880d837b27fffff
4447,880d9d2197fffff
4448,880d9d556bfffff
4449,880d8a5695fffff
4450,880d8a6929fffff
4451,880d8a19c9fffff
4452,880d9d734dfffff
4453,880d998b59fffff
4454,880d9d0427fffff
4455,880d9d6445fffff
4456,880d83575dfffff
4457,880d8ac0e3fffff
4458,880d9d5067fffff
4459,880d83011dfffff
4460,880d83ca3bfffff
4461,880d9914d7fffff
4462,880d9ca709fffff
4463,880d8ac8a3fffff
4464,880d9d19d1fffff
4465,880d831815fffff
4466,880d99aaa7fffff
4467,880d9d6a19fffff
4468,880d9d80dbfffff
4469,880d83786bfffff
4470,880d8e582dfffff
4471,880d99aa15fffff
4472,880d99883bfffff
4473,880d9916e5fffff
4474,880d9dc6a9fffff
4475,880d837965fffff
4476,880d83c465fffff
4477,880d830d5bfffff
4478,880d99ba35fffff
4479,880d9dd101fffff
4480,880d8a8895fffff
4481,880d838e35fffff
4482,880d9d1707fffff
4483,880d8378a5fffff
4484,880d9d09e3fffff
4485,880d8a46d9fffff
4486,880d9d0569fffff
4487,880d8a7a31fffff
4488,880d9c9439fffff
4489,880d9d0e35fffff
4490,880d8aced5fffff
4491,880d9cac4bfffff
4492,880d9d2c03fffff
4493,880d9d6e35fffff
4494,880d9999e9fffff
4495,880d838c4bfffff
4496,880d9d4c39fffff
4497,880d9dc46dfffff
4498,880d9d3743fffff
4499,880d9984e7fffff
4500,880d9cb543fffff
4501,880d9db1c1fffff
4502,880d8a0d5dfffff
4503,880d831317fffff
4504,880d9d0a0bfffff
4505,880d9dae51fffff
4506,880d8a19abfffff
4507,880d9d2a99fffff
4508,880d834db9fffff
4509,880d9d2341fffff
4510,880d9dae5bfffff
4511,880d9d3881fffff
4512,880d9d3abbfffff
4513,880d998233fffff
4514,880d9c356bfffff
4515,880d8a6a61fffff
4516,880d9d4c21fffff
4517,880d8ac587fffff
4518,880d999667fffff
4519,880d9da321fffff
4520,880d99d239fffff
4521,880d8ad4b5fffff
4522,880d9980b1fffff
4523,880d8a7323fffff
4524,880d99b08dfffff
4525,880d99acadfffff
4526,880d9d6f2bfffff
4527,880d99d303fffff
4528,880d830f65fffff
4529,880d98a6dbfffff
4530,880d9dd925fffff
4531,880d830f43fffff
4532,880d99aacdfffff
4533,880d9d6253fffff
4534,880d9d5069fffff
4535,880d83193dfffff
4536,880d83712dfffff
4537,880d8a7249fffff
4538,880d837acdfffff
4539,880d838f45fffff
4540,880d9d7169fffff
4541,880d9d0f29fffff
4542,880ca4da45fffff
4543,880d9d020dfffff
4544,880d836f65fffff
4545,880d9da887fffff
4546,880ca4d12dfffff
4547,880d9d3065fffff
4548,880d9d2b61fffff
4549,880d999487fffff
4550,880d99a825fffff
4551,880d8a58b9fffff
4552,880d9da2c3fffff
4553,880d8a0133fffff
4554,880d9d69b5fffff
4555,880d83cdbdfffff
4556,880d9db8b5fffff
4557,880d9dd36dfffff
4558,880d9d5405fffff
4559,880d9db929fffff
4560,880d9cb633fffff
4561,880d8a8d41fffff
4562,880d9d20c3fffff
4563,880d8a0a15fffff
4564,880d9d1559fffff
4565,880d8a756dfffff
4566,880d98a619fffff
4567,880d999315fffff
4568,880d9d434bfffff
4569,880d9dd217fffff
4570,880d8a70dbfffff
4571,880d99d651fffff
4572,880d9d424bfffff
4573,880d8a0211fffff
4574,880d9d841dfffff
4575,880d8352ddfffff
4576,880d8acccdfffff
4577,880d9dc513fffff
4578,880d9d46dbfffff
4579,880d9d22b3fffff
4580,880d9d66ebfffff
4581,880d8361e9fffff
4582,880d9dd4c1fffff
4583,880d8a0185fffff
4584,880d9d1097fffff
4585,880d9dd033fffff
4586,880d99925bfffff
4587,880d8e5a21fffff
4588,880d83559dfffff
4589,880d83461bfffff
4590,880d8a4a2bfffff
4591,880d9d6c2dfffff
4592,880d8311abfffff
4593,880ca4d9c5fffff
4594,880d9cb5d5fffff
4595,880d9d3a43fffff
4596,880d9d0867fffff
4597,880d9d70c1fffff
4598,880d9d0ae1fffff
4599,880d9dd593fffff
4600,880d9da94dfffff
4601,880d83789bfffff
4602,880d8a0991fffff
4603,880d9d8943fffff
4604,880d9d0551fffff
4605,880d837ab9fffff
4606,880d998249fffff
4607,880d99b439fffff
4608,880d99b8ddfffff
4609,880ca4ca59fffff
4610,880d9dd25bfffff
4611,880d9cad53fffff
4612,880d8a8927fffff
4613,880d9d7999fffff
4614,880d999ad3fffff
4615,880d99d0c9fffff
4616,880d9da0dbfffff
4617,880d99bb45fffff
4618,880ca4d819fffff
4619,880d830309fffff
4620,880d8a4eddfffff
4621,880d9ca509fffff
4622,880d8a0917fffff
4623,880d9d4635fffff
4624,880d9d7505fffff
4625,880d9d68adfffff
4626,880d99ae27fffff
4627,880d8accebfffff
4628,880d83cd41fffff
4629,880d9ca6a3fffff
4630,880d8a49abfffff
4631,880d9d1305fffff
4632,880d835b15fffff
4633,880d9da213fffff
4634,880d83ca89fffff
4635,880d9d50c9fffff
4636,880d9d2497fffff
4637,880d9d554dfffff
4638,880d9dd6abfffff
4639,880ca4d853fffff
4640,880d999029fffff
4641,880d83c837fffff
4642,880d834105fffff
4643,880d8368d1fffff
4644,880d822ce5fffff
4645,880d8310e5fffff
4646,880d8a7437fffff
4647,880d9dc047fffff
4648,880d9d4441fffff
4649,880d99aa6dfffff
4650,880d99a1b5fffff
4651,880d99956dfffff
4652,880d9da767fffff
4653,880d9dca57fffff
4654,880d9d5591fffff
4655,880d835013fffff
4656,880d834329fffff
4657,880d830985fffff
4658,880d9d0009fffff
4659,880d99b081fffff
4660,880d99af1dfffff
4661,880d8a09cdfffff
4662,880d9d1b6dfffff
4663,880d8ad965fffff
4664,880d8a4a23fffff
4665,880d99844dfffff
4666,880d8e496dfffff
4667,880d831039fffff
4668,880d9c3437fffff
4669,880d9d6e21fffff
4670,880d8acd5bfffff
4671,880d9d561bfffff
4672,880d9d5295fffff
4673,880d9d39c7fffff
4674,880d9da23dfffff
4675,880d9988d9fffff
4676,880d8a4355fffff
4677,880d9c2281fffff
4678,880d8a49a1fffff
4679,880d9d3733fffff
4680,880d8358e5fffff
4681,880d9cace5fffff
4682,880d993601fffff
4683,880d8a19ebfffff
4684,880d836523fffff
4685,880d9d1995fffff
4686,880d9d2311fffff
4687,880d83685dfffff
4688,880d998033fffff
4689,880d99ae0dfffff
4690,880d9c246bfffff
4691,880d8a4987fffff
4692,880d9d3763fffff
4693,880d830853fffff
4694,880d822c33fffff
4695,880d99ba85fffff
4696,880d8a4915fffff
4697,880d9d4285fffff
4698,880ca4d54bfffff
4699,880d9da95dfffff
4700,880d8a5687fffff
4701,880d99a8d9fffff
4702,880d8a410bfffff
4703,880d9d3739fffff
4704,880d9d4d13fffff
4705,880d834b25fffff
4706,880d8a4c27fffff
4707,880d83ce25fffff
4708,880d835a11fffff
4709,880ca4d025fffff
4710,880d99b267fffff
4711,880d8a4e03fffff
4712,880d9d152bfffff
4713,880d9d46abfffff
4714,880d99a1e7fffff
4715,880d99149bfffff
4716,880d8acdddfffff
4717,880d9d3893fffff
4718,880d8a5683fffff
4719,880d837011fffff
4720,880d834a6bfffff
4721,880d9d218bfffff
4722,880d9ca5a9fffff
4723,880d9d5425fffff
4724,880d9dd341fffff
4725,880d83131dfffff
4726,880d9d6741fffff
4727,880d8a56c7fffff
4728,880d9da82dfffff
4729,880d99b567fffff
4730,880d83684dfffff
4731,880d9dcf07fffff
4732,880d9d426dfffff
4733,880d9d6315fffff
4734,880d99a1c3fffff
4735,880d83cac3fffff
4736,880d9d5511fffff
4737,880d835687fffff
4738,880d8a59cdfffff
4739,880d9d18a3fffff
4740,880d998481fffff
4741,880d9dcb69fffff
4742,880d9d2a39fffff
4743,880d9dd94bfffff
4744,880d8e59a5fffff
4745,880d9d64e9fffff
4746,880d9d2721fffff
4747,880d83c053fffff
4748,880d9dd1c3fffff
4749,880d8a5569fffff
4750,880d9d1a2bfffff
4751,880d9d2c4bfffff
4752,880d8a034dfffff
4753,880d9d96b7fffff
4754,880d9d05edfffff
4755,880d998469fffff
4756,880d9d4039fffff
4757,880d9d6009fffff
4758,880d8a5631fffff
4759,880d8a4817fffff
4760,880d9d355bfffff
4761,880d8348ddfffff
4762,880d9d2685fffff
4763,880d9916cbfffff
4764,880d9d46adfffff
4765,880d8342cdfffff
4766,880d9d3287fffff
4767,880d9dc959fffff
4768,880d98b6a9fffff
4769,880d9c3619fffff
4770,880d9dd1e5fffff
4771,880d8a6235fffff
4772,880d9ca689fffff
4773,880d9dd5a1fffff
4774,880d8345d5fffff
4775,880d9c8449fffff
4776,880d9dda63fffff
4777,880d8a7545fffff
4778,880d998c57fffff
4779,880d9dd897fffff
4780,880d8a1237fffff
4781,880d9dcf45fffff
4782,880d9d6807fffff
4783,880d99a545fffff
4784,880d8a68c1fffff
4785,880d830185fffff
4786,880d98b633fffff
4787,880d8a8857fffff
4788,880d9d8497fffff
4789,880d83c509fffff
4790,880d99a437fffff
4791,880d9d7047fffff
4792,880d9d71c1fffff
4793,880d8a48a5fffff
4794,880d9c24d3fffff
4795,880d83c5bbfffff
4796,880d8a408bfffff
4797,880d9d11b9fffff
4798,880d8acd3bfffff
4799,880d9d6a21fffff
4800,880d8ac463fffff
4801,880d9d22b5fffff
4802,880d9d41bdfffff
4803,880d9cb56bfffff
4804,880d8a09e5fffff
4805,880d99b8e1fffff
4806,880d9d50d1fffff
4807,880d99981bfffff
4808,880d8ac663fffff
4809,880d9cb5e7fffff
4810,880d9d326dfffff
4811,880d83492dfffff
4812,880d9d074dfffff
4813,880d8310abfffff
4814,880d9d6dcbfffff
4815,880d9d7359fffff
4816,880d836f29fffff
4817,880d99b963fffff
4818,880d9d0111fffff
4819,880d9d7953fffff
4820,880d8a51bdfffff
4821,880d9dc01dfffff
4822,880d99962bfffff
4823,880d8a4841fffff
4824,880d8a5321fffff
4825,880ca4d23bfffff
4826,880d9d78b3fffff
4827,880ca4da41fffff
4828,880d9d144dfffff
4829,880d836325fffff
4830,880d9d1a27fffff
4831,880d98b433fffff
4832,880d9d0095fffff
4833,880d99a0b5fffff
4834,880d9dcabbfffff
4835,880d8a0f6bfffff
4836,880d834d09fffff
4837,880d9d5025fffff
4838,880d9d7895fffff
4839,880d835651fffff
4840,880d999ae1fffff
4841,880d836561fffff
4842,880d9d7a45fffff
4843,880d8a09d9fffff
4844,880d9999d9fffff
4845,880d9d6dbbfffff
4846,880d99aa93fffff
4847,880d9dc207fffff
4848,880d835147fffff
4849,880d9d3b3bfffff
4850,880d9cae05fffff
4851,880d9dc5e7fffff
4852,880d8a08e1fffff
4853,880d9981c3fffff
4854,880d99d35dfffff
4855,880d9d22cbfffff
4856,880d9dd2c7fffff
4857,880d8a5aabfffff
4858,880d8a12e5fffff
4859,880d99bacdfffff
4860,880d8a1089fffff
4861,880d8a6219fffff
4862,880d83540dfffff
4863,880d8341d7fffff
4864,880ca4d1a9fffff
4865,880d98b413fffff
4866,880d9d21c9fffff
4867,880d9d3293fffff
4868,880d9d4585fffff
4869,880d83594dfffff
4870,880d8a8f0bfffff
4871,880d8310c7fffff
4872,880d9dbad9fffff
4873,880d830169fffff
4874,880d8a0aabfffff
4875,880d99b9a7fffff
4876,880d9d1865fffff
4877,880d9d16dbfffff
4878,880d8a0b23fffff
4879,880d9dae63fffff
4880,880d9d09a1fffff
4881,880d8a19d9fffff
4882,880d9d2a47fffff
4883,880d9d4353fffff
4884,880d83c0edfffff
4885,880d83033bfffff
4886,880d9d3b5bfffff
4887,880d9da565fffff
4888,880d830d27fffff
4889,880d9d39abfffff
4890,880d9dd721fffff
4891,880d8a1283fffff
4892,880d9db031fffff
4893,880d83ce57fffff
4894,880d9d6981fffff
4895,880d8ac0b7fffff
4896,880d9c8609fffff
4897,880d9d5547fffff
4898,880d8ac1a7fffff
4899,880d9d74ddfffff
4900,880d8a752bfffff
4901,880d8342e7fffff
4902,880d9da867fffff
4903,880d8e482bfffff
4904,880d99d611fffff
4905,880d9d7463fffff
4906,880d9d2a9dfffff
4907,880d9d7057fffff
4908,880d8a6061fffff
4909,880d9ca463fffff
4910,880ca4d245fffff
4911,880d9d2c21fffff
4912,880d8a0b1bfffff
4913,880d9d0327fffff
4914,880d999a0dfffff
4915,880d835057fffff
4916,880d99824bfffff
4917,880d99b1d1fffff
4918,880d9d4e37fffff
4919,880d830157fffff
4920,880d822e35fffff
4921,880d8a4debfffff
4922,880d9dc487fffff
4923,880d9d6ea5fffff
4924,880d9d1723fffff
4925,880d8a8b39fffff
4926,880d9cb643fffff
4927,880d9d14bbfffff
4928,880d8e5929fffff
4929,880d9d1729fffff
4930,880d99b5c7fffff
4931,880d9d1a25fffff
4932,880d998239fffff
4933,880d9d2219fffff
4934,880d9d2a93fffff
4935,880d9d0065fffff
4936,880d8342a1fffff
4937,880d8a4a43fffff
4938,880d8a6e47fffff
4939,880d8ac729fffff
4940,880d9cb401fffff
4941,880d9c3607fffff
4942,880d8a0347fffff
4943,880d9d2d01fffff
4944,880d8a1937fffff
4945,880d8a0a0dfffff
4946,880d8a6f29fffff
4947,880d831059fffff
4948,880d8a1227fffff
4949,880d8312c3fffff
4950,880d9da863fffff
4951,880d9d3629fffff
4952,880d837a85fffff
4953,880d98b08bfffff
4954,880d9d0245fffff
4955,880d99b0e9fffff
4956,880d8a49a3fffff
4957,880d8379e1fffff
4958,880d9d5343fffff
4959,880d83451bfffff
4960,880d8a4843fffff
4961,880d834b11fffff
4962,880d9dc913fffff
4963,880d9d05e5fffff
4964,880d8a7b13fffff
4965,880d9d4619fffff
4966,880d838abdfffff
4967,880d9d763bfffff
4968,880d9d0043fffff
4969,880d9d2925fffff
4970,880d99875dfffff
4971,880d99b839fffff
4972,880d99a285fffff
4973,880d835827fffff
4974,880d9d6013fffff
4975,880d834ad3fffff
4976,880d9d28cbfffff
4977,880d99b72bfffff
4978,880d8acd69fffff
4979,880d8a0b27fffff
4980,880d9d192bfffff
4981,880d9d2aabfffff
4982,880d99b4e5fffff
4983,880d9c364dfffff
4984,880d837363fffff
4985,880d9d66b5fffff
4986,880d9caeebfffff
4987,880d8a62cbfffff
4988,880d9d793dfffff
4989,880d8ac8b9fffff
4990,880d8a791dfffff
4991,880d99d235fffff
4992,880d9d6169fffff
4993,880d9db0d5fffff
4994,880d9d7b03fffff
4995,880d9d2d91fffff
4996,880d8a6dcbfffff
4997,880d9d084dfffff
4998,880d9dc92bfffff
4999,880d9da9e9fffff
5000,880d9c9591fffff
5001,880ca4daa1fffff
5002,880d9cac05fffff
5003,880d83726bfffff
5004,880d99aa61fffff
5005,880d9d42a5fffff
5006,880d83004bfffff
5007,880d9d6dabfffff
5008,880d8310dbfffff
5009,880d8a69d1fffff
5010,880d9d0093fffff
5011,880d9d60d3fffff
5012,880d99b6d5fffff
5013,880d9cad57fffff
5014,880d8a031dfffff
5015,880d83693dfffff
5016,880d9d28abfffff
5017,880d99a6e7fffff
5018,880d8acf11fffff
5019,880d9ca643fffff
5020,880d99b745fffff
5021,880d8a0f29fffff
5022,880d99a625fffff
5023,880d8a50b5fffff
5024,880d9da351fffff
5025,880ca4d753fffff
5026,880d8358ddfffff
5027,880d9d310bfffff
5028,880d998347fffff
5029,880d8a080dfffff
5030,880d9dd34dfffff
5031,880ca4da9dfffff
5032,880d830821fffff
5033,880d835247fffff
5034,880d8a570bfffff
5035,880d9cb435fffff
5036,880d8acc31fffff
5037,880d9d2b11fffff
5038,880d9d3481fffff
5039,880d8a7b39fffff
5040,880d9da769fffff
5041,880ca4d243fffff
5042,880d9dda47fffff
5043,880d9dd757fffff
5044,880d9dac37fffff
5045,880d9dd51dfffff
5046,880d822c15fffff
5047,880d9db313fffff
5048,880d8a01c9fffff
5049,880d8a4aa1fffff
5050,880d9dd09dfffff
5051,880d9d7a47fffff
5052,880d8ac191fffff
5053,880d993245fffff
5054,880d9cada5fffff
5055,880d9d45a7fffff
5056,880d8345ddfffff
5057,880d9da447fffff
5058,880d830ae7fffff
5059,880d9d22e5fffff
5060,880d8a5841fffff
5061,880d9c3485fffff
5062,880d9d634bfffff
5063,880d9d09a5fffff
5064,880d835999fffff
5065,880d8a033dfffff
5066,880d834481fffff
5067,880d9d79bbfffff
5068,880ca4d74dfffff
5069,880d834619fffff
5070,880d9d2415fffff
5071,880d9d0c3dfffff
5072,880d83c33dfffff
5073,880d830c31fffff
5074,880d9981c7fffff
5075,880d98b6d9fffff
5076,880d834e27fffff
5077,880d9d0167fffff
5078,880d9d3899fffff
5079,880d9d4c27fffff
5080,880d836b31fffff
5081,880d9cb2e7fffff
5082,880d99962dfffff
5083,880d99974dfffff
5084,880d9d0a27fffff
5085,880d99b13dfffff
5086,880d9d230bfffff
5087,880d9d3339fffff
5088,880d99aa09fffff
5089,880d9c2647fffff
5090,880d9c86d7fffff
5091,880d9c3623fffff
5092,880d9d333dfffff
5093,880d9d40d1fffff
5094,880d83cae3fffff
5095,880d999247fffff
5096,880d837a23fffff
5097,880d83788bfffff
5098,880d9dd70bfffff
5099,880d9d0da7fffff
5100,880d8a4011fffff
5101,880d8309edfffff
5102,880d9916e7fffff
5103,880d8a49c9fffff
5104,880d9ca055fffff
5105,880d8a7915fffff
5106,880d99886bfffff
5107,880d8a01a5fffff
5108,880d991685fffff
5109,880d99b61bfffff
5110,880d9d6da7fffff
5111,880d9da92bfffff
5112,880d8adb55fffff
5113,880d830333fffff
5114,880d9dad43fffff
5115,880d9984e9fffff
5116,880ca4d637fffff
5117,880d8acd31fffff
5118,880d9d6cdbfffff
5119,880d8a4469fffff
5120,880d8a435dfffff
5121,880d999259fffff
5122,880d9dda17fffff
5123,880d9da309fffff
5124,880d8308a9fffff
5125,880d99a133fffff
5126,880d9991bdfffff
5127,880d999941fffff
5128,880d99b527fffff
5129,880d83c4a7fffff
5130,880d9d296dfffff
5131,880d8a4c1dfffff
5132,880d9d5487fffff
5133,880d9d6cc9fffff
5134,880d8a0b0bfffff
5135,880d83cc03fffff
5136,880d9d78dbfffff
5137,880d98a64dfffff
5138,880d8a4087fffff
5139,880d9d284dfffff
5140,880d9d78e7fffff
5141,880d830e49fffff
5142,880d9c2757fffff
5143,880d8a6c37fffff
5144,880d99ba0bfffff
5145,880d8a10edfffff
5146,880d83881bfffff
5147,880d9d192dfffff
5148,880d9dc0c9fffff
5149,880d9d6703fffff
5150,880d836955fffff
5151,880d8a5607fffff
5152,880d822c93fffff
5153,880d9d2eedfffff
5154,880d8a54b5fffff
5155,880d9d0709fffff
5156,880d9d72a1fffff
5157,880d9da095fffff
5158,880d998e17fffff
5159,880d8379c3fffff
5160,880d9d72c5fffff
5161,880d9d2d1bfffff
5162,880d8a79d9fffff
5163,880d8e4b6bfffff
5164,880d8a1989fffff
5165,880d999b41fffff
5166,880d9d94e3fffff
5167,880d9dc8bdfffff
5168,880d9998c3fffff
5169,880d999abbfffff
5170,880d8a4e89fffff
5171,880d9d0f01fffff
5172,880d9d25e3fffff
5173,880d8a62d9fffff
5174,880ca4d66bfffff
5175,880d8342cbfffff
5176,880d831a49fffff
5177,880d83099dfffff
5178,880d835a93fffff
5179,880d9d6f5bfffff
5180,880d9d029bfffff
5181,880d9d2987fffff
5182,880d83c10dfffff
5183,880d834f49fffff
5184,880d834a19fffff
5185,880d831b13fffff
5186,880d9d4eebfffff
5187,880d8a683bfffff
5188,880d9dd613fffff
5189,880d83194dfffff
5190,880d8342b3fffff
5191,880d8a0d59fffff
5192,880ca4d715fffff
5193,880d98b557fffff
5194,880d8a58e1fffff
5195,880d9cb76bfffff
5196,880d8a8b2bfffff
5197,880d998749fffff
5198,880d83590dfffff
5199,880d8a6ce7fffff
5200,880d9c24e9fffff
5201,880d830965fffff
5202,880d9d7b23fffff
5203,880d9c26e7fffff
5204,880d8a625dfffff
5205,880d9d6489fffff
5206,880d835421fffff
5207,880d9da363fffff
5208,880d835235fffff
5209,880d837a9bfffff
5210,880d83108bfffff
5211,880ca4db03fffff
5212,880d9d7b33fffff
5213,880d9d3503fffff
5214,880d8a4133fffff
5215,880d8aceb5fffff
5216,880d8a631bfffff
5217,880d99b331fffff
5218,880d9d1b3bfffff
5219,880d9cb6d9fffff
5220,880d9c24cbfffff
5221,880d8a5539fffff
5222,880d9da9e5fffff
5223,880d999a07fffff
5224,880d99b123fffff
5225,880d9d169bfffff
5226,880d99b327fffff
5227,880d8a1155fffff
5228,880d99d68bfffff
5229,880d9cb691fffff
5230,880d83792dfffff
5231,880d998603fffff
5232,880d838c49fffff
5233,880d830143fffff
5234,880d835451fffff
5235,880d8a548dfffff
5236,880d83cedbfffff
5237,880d99b689fffff
5238,880d9d2141fffff
5239,880d8acc4dfffff
5240,880d998843fffff
5241,880d9d196bfffff
5242,880d8a5291fffff
5243,880d8340edfffff
5244,880d83185bfffff
5245,880d9d4c0bfffff
5246,880d9c2283fffff
5247,880d9c35bdfffff
5248,880d99a0e9fffff
5249,880d9d2a1bfffff
5250,880d9dd13bfffff
5251,880d9db2c1fffff
5252,880d9c2223fffff
5253,880d8a4983fffff
5254,880d8359e1fffff
5255,880d9ca093fffff
5256,880d9dd209fffff
5257,880d98b423fffff
5258,880d9d1895fffff
5259,880d9d2251fffff
5260,880d9d9935fffff
5261,880d9cb4b7fffff
5262,880d8a7827fffff
5263,880d9dc705fffff
5264,880d8a5099fffff
5265,880d9d06a7fffff
5266,880d99a11dfffff
5267,880d9da317fffff
5268,880d8a5299fffff
5269,880d8acc3bfffff
5270,880d9d2b63fffff
5271,880d9d2e0dfffff
5272,880d9916a7fffff
5273,880d83cd87fffff
5274,880d835535fffff
5275,880d9d6c4dfffff
5276,880d8a4449fffff
5277,880d9d8945fffff
5278,880d9dc1d1fffff
5279,880d8a5a5dfffff
5280,880d9dc603fffff
5281,880d834e03fffff
5282,880d99a8bdfffff
5283,880d8309c9fffff
5284,880d9d01b7fffff
5285,880d999b37fffff
5286,880d83120dfffff
5287,880d99803dfffff
5288,880d8a62e1fffff
5289,880d838f6bfffff
5290,880d9d8639fffff
5291,880d8a1069fffff
5292,880d837b15fffff
5293,880d9c35a1fffff
5294,880d8a416dfffff
5295,880d9d3a3bfffff
5296,880d9d41b1fffff
5297,880d836a37fffff
5298,880d99a1e1fffff
5299,880ca4d22bfffff
5300,880d8346e1fffff
5301,880d9dcf0bfffff
5302,880ca4d647fffff
5303,880d8a12cbfffff
5304,880d9d146bfffff
5305,880d8a113dfffff
5306,880d9c35cdfffff
5307,880d9d2081fffff
5308,880d8a1127fffff
5309,880d9d54c5fffff
5310,880d9dd8edfffff
5311,880d9d4631fffff
5312,880d9dc26dfffff
5313,880d8a74d5fffff
5314,880d9dd483fffff
5315,880d8a7761fffff
5316,880d8a1239fffff
5317,880d9d8ca3fffff
5318,880d8a4c91fffff
5319,880d8ac76bfffff
5320,880d835045fffff
5321,880d9d4c19fffff
5322,880d9d0e27fffff
5323,880d83570dfffff
5324,880d9dc029fffff
5325,880d9dd097fffff
5326,880d99b313fffff
5327,880d838dc1fffff
5328,880d9d0ee5fffff
5329,880d99ab61fffff
5330,880d9d3329fffff
5331,880d8a4f49fffff
5332,880d8a89e7fffff
5333,880d837183fffff
5334,880ca4da5dfffff
5335,880d9c22c1fffff
5336,880d9d04a1fffff
5337,880d830227fffff
5338,880d9d0b65fffff
5339,880d9cb5c3fffff
5340,880d9c2293fffff
5341,880d998221fffff
5342,880d9cb05dfffff
5343,880d9cac69fffff
5344,880d9d3b0bfffff
5345,880d8a0e63fffff
5346,880d9d2f3bfffff
5347,880d99165dfffff
5348,880d9c26d5fffff
5349,880d835855fffff
5350,880d9d7109fffff
5351,880d9d04e5fffff
5352,880d9c2681fffff
5353,880d83cd35fffff
5354,880d9ddb6bfffff
5355,880d9d2469fffff
5356,880d9c864bfffff
5357,880d8a602dfffff
5358,880d83525dfffff
5359,880d9dc4e1fffff
5360,880d8319a5fffff
5361,880d8ac687fffff
5362,880d9d1b53fffff
5363,880d8a689bfffff
5364,880d9ca6d5fffff
5365,880d8ac557fffff
5366,880d9dcec3fffff
5367,880d99ad9bfffff
5368,880d99a1adfffff
5369,880d9c9453fffff
5370,880d8a4401fffff
5371,880d83592bfffff
5372,880d9d7539fffff
5373,880d9d30d9fffff
5374,880d8a1959fffff
5375,880d836d5dfffff
5376,880d830b11fffff
5377,880d831a2dfffff
5378,880d9d4ca1fffff
5379,880d98b621fffff
5380,880d9caca1fffff
5381,880d9c26e9fffff
5382,880d9d6cc1fffff
5383,880d9d110dfffff
5384,880d8a7361fffff
5385,880d998f6bfffff
5386,880d9d42d5fffff
5387,880d9d2153fffff
5388,880d9c261dfffff
5389,880d9d64bdfffff
5390,880d999467fffff
5391,880d99acb7fffff
5392,880d9dc917fffff
5393,880d9d2637fffff
5394,880d838a87fffff
5395,880d9d2231fffff
5396,880d9c9587fffff
5397,880d9ca4c7fffff
5398,880d9c30d1fffff
5399,880d8a52edfffff
5400,880d830893fffff
5401,880d9cb6a7fffff
5402,880d9988edfffff
5403,880d9cb52bfffff
5404,880d8a5ad9fffff
5405,880d9dada1fffff
5406,880d9d32ebfffff
5407,880d99b0d7fffff
5408,880d8a11b5fffff
5409,880d9d2263fffff
5410,880d9d5297fffff
5411,880d9d64c9fffff
5412,880ca4d2e3fffff
5413,880d99b28dfffff
5414,880d8389b5fffff
5415,880d9c3541fffff
5416,880d8a46e3fffff
5417,880d835019fffff
5418,880d9d39e7fffff
5419,880d830c6bfffff
5420,880d9dd2c9fffff
5421,880d831981fffff
5422,880d9d573dfffff
5423,880d83549dfffff
5424,880d9db309fffff
5425,880d8a0f2bfffff
5426,880d8a0903fffff
5427,880d9d7253fffff
5428,880d998ec5fffff
5429,880d8a1205fffff
5430,880d834401fffff
5431,880d8a4403fffff
5432,880d9da161fffff
5433,880d8a1213fffff
5434,880d8a6f49fffff
5435,880d8344e9fffff
5436,880d99ba37fffff
5437,880d99af3dfffff
5438,880d8a5133fffff
5439,880d83733dfffff
5440,880d9d68dbfffff
5441,880d98b4d1fffff
5442,880d8a09b1fffff
5443,880d99990bfffff
5444,880d9d1681fffff
5445,880d9c36c1fffff
5446,880d9d2121fffff
5447,880d9d563bfffff
5448,880d9c9621fffff
5449,880d831751fffff
5450,880d99856dfffff
5451,880d8a09e7fffff
5452,880d8ad841fffff
5453,880d822cd9fffff
5454,880d8a01b7fffff
5455,880d9d6681fffff
5456,880d998617fffff
5457,880d83619bfffff
5458,880d9daf53fffff
5459,880d9d06d3fffff
5460,880d837a53fffff
5461,880d834f29fffff
5462,880d8a5287fffff
5463,880d9cb50bfffff
5464,880d8a5853fffff
5465,880d8a50bdfffff
5466,880d8a4855fffff
5467,880d835913fffff
5468,880d9d28d1fffff
5469,880d83cd13fffff
5470,880d9d5053fffff
5471,880d8a10ebfffff
5472,880d836c65fffff
5473,880d8a69b1fffff
5474,880d822c65fffff
5475,880d9d3907fffff
5476,880d9ca0edfffff
5477,880d9d0c2bfffff
5478,880d83c1d9fffff
5479,880d838d5dfffff
5480,880d8368cdfffff
5481,880d99b24dfffff
5482,880d8340d3fffff
5483,880d99ba11fffff
5484,880d9cb201fffff
5485,880d830031fffff
5486,880d998e3bfffff
5487,880d9cb6b7fffff
5488,880d9dc067fffff
5489,880d8a089dfffff
5490,880d834f39fffff
5491,880d834755fffff
5492,880d83c84bfffff
5493,880d8349bdfffff
5494,880d83c713fffff
5495,880d9d7b1bfffff
5496,880d8a58d5fffff
5497,880d9d62c1fffff
5498,880d822ca5fffff
5499,880d9d1961fffff
5500,880d998ac1fffff
5501,880d9cb651fffff
5502,880d831893fffff
5503,880d8a8a87fffff
5504,880d9dd40dfffff
5505,880d9d5689fffff
5506,880d83186bfffff
5507,880d9990d1fffff
5508,880d83cebdfffff
5509,880d9d285bfffff
5510,880d999219fffff
5511,880d9d3063fffff
5512,880d8a70e3fffff
5513,880d8a55c7fffff
5514,880d830aa7fffff
5515,880d837abdfffff
5516,880d9d2b6dfffff
5517,880d8a89e9fffff
5518,880d9cb455fffff
5519,880d9dd759fffff
5520,880d8a4d8bfffff
5521,880d9c95dbfffff
5522,880d9d75b7fffff
5523,880d9c30bbfffff
5524,880d8a405dfffff
5525,880d83631bfffff
5526,880d834c97fffff
5527,880d83098bfffff
5528,880d9d249dfffff
5529,880d9dcf27fffff
5530,880d8a4663fffff
5531,880d99d363fffff
5532,880d9d4ee9fffff
5533,880d9d0a15fffff
5534,880d8acda9fffff
5535,880d9d1765fffff
5536,880d8a081dfffff
5537,880d834153fffff
5538,880d9d6f11fffff
5539,880d9cb45bfffff
5540,880d8ac4ebfffff
5541,880d9d7803fffff
5542,880d838dc7fffff
5543,880d99b493fffff
5544,880d83cf27fffff
5545,880d9dce29fffff
5546,880d9dd421fffff
5547,880d9dac4bfffff
5548,880d8a0861fffff
5549,880d9d5559fffff
5550,880d9ca0c7fffff
5551,880d9da0e5fffff
5552,880d837161fffff
5553,880d991499fffff
5554,880d9d668dfffff
5555,880d9dc291fffff
5556,880d8a1a61fffff
5557,880d998c09fffff
5558,880ca4ca69fffff
5559,880d835a67fffff
5560,880d9d2b67fffff
5561,880d9dcac7fffff
5562,880d8ad583fffff
5563,880d836ee5fffff
5564,880d836125fffff
5565,880d99ab35fffff
5566,880d83c1c5fffff
5567,880d83566dfffff
5568,880d83cc41fffff
5569,880d83499bfffff
5570,880ca4da85fffff
5571,880d838d45fffff
5572,880d8a01e3fffff
5573,880d99a73bfffff
5574,880d83015bfffff
5575,880d9ca45dfffff
5576,880d99930dfffff
5577,880d9c3089fffff
5578,880d835413fffff
5579,880d8379edfffff
5580,880d9da9d5fffff
5581,880d999693fffff
5582,880d9d55abfffff
5583,880d9d2ab5fffff
5584,880d9ca085fffff
5585,880d837053fffff
5586,880d8a6231fffff
5587,880d9d2f67fffff
5588,880d999867fffff
5589,880d998a43fffff
5590,880d99b34dfffff
5591,880d9da539fffff
5592,880d9d18abfffff
5593,880d83cd07fffff
5594,880d8a56adfffff
5595,880d9dd4bdfffff
5596,880d8a4899fffff
5597,880d9d40d9fffff
5598,880d9d758dfffff
5599,880d99d6edfffff
5600,880d9d2021fffff
5601,880d8ac653fffff
5602,880d9dd8c3fffff
5603,880d9d41ddfffff
5604,880d9dba07fffff
5605,880d9dac83fffff
5606,880d9d4197fffff
5607,880d8a180bfffff
5608,880d8a60a7fffff
5609,880d9d6653fffff
5610,880d8a033bfffff
5611,880d9da019fffff
5612,880d83c0cdfffff
5613,880d8ac467fffff
5614,880d83c015fffff
5615,880d99b743fffff
5616,880d8311e3fffff
5617,880d8a580dfffff
5618,880d9d2c23fffff
5619,880d8a583bfffff
5620,880d836d0bfffff
5621,880d8a073dfffff
5622,880d9986c5fffff
5623,880d9982e5fffff
5624,880d9d4e43fffff
5625,880d83cdb3fffff
5626,880d9d0993fffff
5627,880d834c57fffff
5628,880ca4d899fffff
5629,880d998219fffff
5630,880d837843fffff
5631,880d9d6c45fffff
5632,880d998691fffff
5633,880d83c637fffff
5634,880d8a4a21fffff
5635,880d8a0933fffff
5636,880d9ca1d5fffff
5637,880d9d2cdbfffff
5638,880d8369adfffff
5639,880d999335fffff
5640,880d83519dfffff
5641,880d9d20a1fffff
5642,880d835615fffff
5643,880d9d2663fffff
5644,880d99b947fffff
5645,880d9dab03fffff
5646,880d8a5819fffff
5647,880d9c220dfffff
5648,880d998001fffff
5649,880d9dd6a5fffff
5650,880ca4d545fffff
5651,880d9ca52dfffff
5652,880d9dac81fffff
5653,880d9dc349fffff
5654,880d9ca5adfffff
5655,880d9c241dfffff
5656,880d8a5b19fffff
5657,880d822cdbfffff
5658,880d99863dfffff
5659,880d9dc6d1fffff
5660,880d9dd9a9fffff
5661,880d9db1edfffff
5662,880d9d5461fffff
5663,880d8a6d4dfffff
5664,880d8340d9fffff
5665,880d9d3257fffff
5666,880d83106bfffff
5667,880d998d5bfffff
5668,880d8a1313fffff
5669,880d99b323fffff
5670,880d8a508dfffff
5671,880d9d70d1fffff
5672,880d8a0281fffff
5673,880d8a6d3bfffff
5674,880d998293fffff
5675,880d9d5239fffff
5676,880d837a1bfffff
5677,880d8ad931fffff
5678,880d83c9adfffff
5679,880ca4d08bfffff
5680,880d9d4247fffff
5681,880d9dab2bfffff
5682,880d998025fffff
5683,880d9d6a4dfffff
5684,880d8a0989fffff
5685,880d9d1543fffff
5686,880d8a8957fffff
5687,880d9d792bfffff
5688,880d9d2981fffff
5689,880d836f11fffff
5690,880d9d38b3fffff
5691,880d9d324dfffff
5692,880d8a4835fffff
5693,880d98b519fffff
5694,880d9980cbfffff
5695,880d9d3b45fffff
5696,880d9d4457fffff
5697,880d9d94cbfffff
5698,880d8a785bfffff
5699,880d9cb223fffff
5700,880d998b01fffff
5701,880d9d7523fffff
5702,880d83c5ddfffff
5703,880d838dc9fffff
5704,880d998f47fffff
5705,880d8346edfffff
5706,880d83446dfffff
5707,880d836b01fffff
5708,880d9da901fffff
5709,880d99a6e5fffff
5710,880d998c67fffff
5711,880d8ac981fffff
5712,880d9dc991fffff
5713,880d9db823fffff
5714,880d8a8d35fffff
5715,880d9d7339fffff
5716,880d9da903fffff
5717,880d9d06c7fffff
5718,880d8a0d47fffff
5719,880d9d636bfffff
5720,880d830b3dfffff
5721,880d9dcc89fffff
5722,880d9ca461fffff
5723,880d83433dfffff
5724,880d83c199fffff
5725,880d8a58bbfffff
5726,880d83ce69fffff
5727,880d8a0807fffff
5728,880d9d235bfffff
5729,880d999b35fffff
5730,880d98b55bfffff
5731,880d98b42bfffff
5732,880d99ab21fffff
5733,880d836901fffff
5734,880d836dadfffff
5735,880d9dcc5dfffff
5736,880d830a23fffff
5737,880d8a4d8dfffff
5738,880d9d0ca9fffff
5739,880d831907fffff
5740,880d98b60dfffff
5741,880d83ce6dfffff
5742,880d83ca91fffff
5743,880d9da29bfffff
5744,880d83cc8bfffff
5745,880d9c8653fffff
5746,880d9c2667fffff
5747,880d9d0d51fffff
5748,880d998267fffff
5749,880d999753fffff
5750,880d99861bfffff
5751,880d8a4a69fffff
5752,880d9dcab9fffff
5753,880d8a4733fffff
5754,880d9d0881fffff
5755,880d9d61ddfffff
5756,880d99b1ebfffff
5757,880d8a5911fffff
5758,880d8a1a55fffff
5759,880d9d3431fffff
5760,880d8a5417fffff
5761,880d9c9437fffff
5762,880d9d46ebfffff
5763,880d9d276dfffff
5764,880d99a163fffff
5765,880d838d07fffff
5766,880d9dd8e7fffff
5767,880d9daf6dfffff
5768,880d9d441bfffff
5769,880d9d7331fffff
5770,880d9d56bbfffff
5771,880d8a50dbfffff
5772,880d99bad5fffff
5773,880d8a4287fffff
5774,880d99ad41fffff
5775,880d99d63dfffff
5776,880d9dd293fffff
5777,880d9d6aa7fffff
5778,880d98b4d5fffff
5779,880d9d4263fffff
5780,880d9d251bfffff
5781,880d9d3861fffff
5782,880d9d6a87fffff
5783,880d8a5045fffff
5784,880d99b2cbfffff
5785,880d9da031fffff
5786,880d830911fffff
5787,880d999811fffff
5788,880d9d36edfffff
5789,880d8a4a5bfffff
5790,880d9dc5a7fffff
5791,880d9db301fffff
5792,880d8a4f1bfffff
5793,880d9d6261fffff
5794,880d99d295fffff
5795,880d99bb35fffff
5796,880d99b4bdfffff
5797,880d8a4c83fffff
5798,880d9999bdfffff
5799,880d8a4159fffff
5800,880d9cb6d3fffff
5801,880d8319c5fffff
5802,880d9dc41bfffff
5803,880d9d7439fffff
5804,880d8a758dfffff
5805,880d9dd1a7fffff
5806,880d99b8c3fffff
5807,880d8311dbfffff
5808,880d9d0cd1fffff
5809,880d9dd1e3fffff
5810,880d9d02a1fffff
5811,880d822d55fffff
5812,880d9d205dfffff
5813,880d8a59e3fffff
5814,880d9d44cdfffff
5815,880d83544dfffff
5816,880d9dd33bfffff
5817,880d9da2c7fffff
5818,880d8a5037fffff
5819,880d83720bfffff
5820,880d8a114dfffff
5821,880d8350e3fffff
5822,880d8a00adfffff
5823,880d8a42d3fffff
5824,880d8e498dfffff
5825,880d8a88b9fffff
5826,880d9d3a3dfffff
5827,880d998d6bfffff
5828,880d9ca249fffff
5829,880d8346b1fffff
5830,880d99866dfffff
5831,880d99a059fffff
5832,880d83cc85fffff
5833,880d9d1437fffff
5834,880d8a19a5fffff
5835,880d9d631dfffff
5836,880d998b39fffff
5837,880d8a585bfffff
5838,880d9d8709fffff
5839,880d9dcb51fffff
5840,880d830969fffff
5841,880d8ace37fffff
5842,880d9d2abbfffff
5843,880d999325fffff
5844,880d836817fffff
5845,880d9d893bfffff
5846,880d8ac9b9fffff
5847,880d9dca5bfffff
5848,880d8ac8c7fffff
5849,880d8a8883fffff
5850,880d8a88c9fffff
5851,880d8350ddfffff
5852,880d831b45fffff
5853,880ca4d723fffff
5854,880d9d62c5fffff
5855,880d9c3297fffff
5856,880d9cacd1fffff
5857,880d8a69bbfffff
5858,880d9c363bfffff
5859,880d9dc869fffff
5860,880d9db063fffff
5861,880d9d0155fffff
5862,880d99b101fffff
5863,880d83ce2bfffff
5864,880d99b605fffff
5865,880d8a5733fffff
5866,880d8a58c7fffff
5867,880d9dada5fffff
5868,880d9da751fffff
5869,880d99b1c7fffff
5870,880d9d5449fffff
5871,880d9d1191fffff
5872,880d9d29c1fffff
5873,880ca4d317fffff
5874,880d9dca2dfffff
5875,880d98b631fffff
5876,880d9db513fffff
5877,880d8a0f51fffff
5878,880d9d4ec9fffff
5879,880d99b419fffff
5880,880d830903fffff
5881,880d8a0b57fffff
5882,880d9d0039fffff
5883,880d838f29fffff
5884,880d9d3507fffff
5885,880d9c9403fffff
5886,880d83608bfffff
5887,880d9dda31fffff
5888,880d9d7b43fffff
5889,880d999527fffff
5890,880d9db839fffff
5891,880d9d6ab3fffff
5892,880d8354abfffff
5893,880d9d361bfffff
5894,880d8a6967fffff
5895,880d9d32b7fffff
5896,880d9d5669fffff
5897,880d99d765fffff
5898,880d835311fffff
5899,880d834d03fffff
5900,880d9ca28dfffff
5901,880d9c9407fffff
5902,880d8a6da7fffff
5903,880d9db231fffff
5904,880d836e21fffff
5905,880d836b19fffff
5906,880d9d2f53fffff
5907,880d836501fffff
5908,880d8a0aadfffff
5909,880d9d213bfffff
5910,880d9d2cb7fffff
5911,880d99a6cdfffff
5912,880d8a435bfffff
5913,880d8a09d7fffff
5914,880d9ca5b3fffff
5915,880d834ce9fffff
5916,880d8355e7fffff
5917,880d9d736dfffff
5918,880d9d21c1fffff
5919,880d99996dfffff
5920,880d998e0dfffff
5921,880d99b019fffff
5922,880d9d2ca3fffff
5923,880d8a5ab9fffff
5924,880d9cb5a9fffff
5925,880d99820bfffff
5926,880d9dc939fffff
5927,880d9d72b5fffff
5928,880d9d1023fffff
5929,880d99b6ddfffff
5930,880d9c2229fffff
5931,880d9d19cbfffff
5932,880d98b51dfffff
5933,880d99956bfffff
5934,880d9d2f4bfffff
5935,880d8ac52dfffff
5936,880d9d2b65fffff
5937,880d999b51fffff
5938,880d8a7811fffff
5939,880d9d7315fffff
5940,880d9d2c4dfffff
5941,880d8301d7fffff
5942,880d9d1a35fffff
5943,880d99a6edfffff
5944,880d83ceebfffff
5945,880d9d7ae5fffff
5946,880d9d66d3fffff
5947,880d8a899dfffff
5948,880d8acc29fffff
5949,880d835269fffff
5950,880d9d6053fffff
5951,880d9d3669fffff
5952,880d99a6ebfffff
5953,880d9ca4b7fffff
5954,880d834f1dfffff
5955,880d9db899fffff
5956,880d8a512bfffff
5957,880d834a67fffff
5958,880d8301d5fffff
5959,880d99b6bbfffff
5960,880d9d38bbfffff
5961,880d8a1857fffff
5962,880d9cad99fffff
5963,880d8a6841fffff
5964,880d835681fffff
5965,880d99a95bfffff
5966,880d9dc0d3fffff
5967,880d9c944bfffff
5968,880d9c359bfffff
5969,880d9c94c3fffff
5970,880d83cf01fffff
5971,880d83c021fffff
5972,880d99b919fffff
5973,880d99a2b7fffff
5974,880d83736bfffff
5975,880d9ca6b9fffff
5976,880d8350d7fffff
5977,880d8ac4adfffff
5978,880d9d4567fffff
5979,880d98b4c5fffff
5980,880d835939fffff
5981,880d9cae09fffff
5982,880d8a5351fffff
5983,880d9d394bfffff
5984,880d998c5dfffff
5985,880d99d341fffff
5986,880d9daea3fffff
5987,880d99d043fffff
5988,880d9dd05dfffff
5989,880d9d4ec3fffff
5990,880d83193bfffff
5991,880d835211fffff
5992,880d9dd9ddfffff
5993,880d9d333bfffff
5994,880d9dd103fffff
5995,880d830f3dfffff
5996,880d9d0651fffff
5997,880d9ca411fffff
5998,880d8a4e81fffff
5999,880d835583fffff
6000,880d9996b5fffff
6001,880d99bac3fffff
6002,880d9936d5fffff
6003,880d99b647fffff
6004,880d834d93fffff
6005,880d9dbaa7fffff
6006,880d8a8f01fffff
6007,880d9d2001fffff
6008,880d9d293dfffff
6009,880d9d0105fffff
6010,880d8a5001fffff
6011,880d9cb557fffff
6012,880d9d4c99fffff
6013,880d9dcca7fffff
6014,880d83cda9fffff
6015,880d99b601fffff
6016,880d83780dfffff
6017,880d99d60bfffff
6018,880d834659fffff
6019,880d9caea1fffff
6020,880d9d2d85fffff
6021,880d9d7419fffff
6022,880d8ac4b5fffff
6023,880d9dbb15fffff
6024,880d9c26c9fffff
6025,880d831295fffff
6026,880d9d3281fffff
6027,880d99aa39fffff
6028,880d83735dfffff
6029,880d9da2cdfffff
6030,880d8a75cbfffff
6031,880d9d6743fffff
6032,880d8389edfffff
6033,880d831b0dfffff
6034,880d9d1845fffff
6035,880d8a0f09fffff
6036,880d8a69edfffff
6037,880d99836bfffff
6038,880d8ac8adfffff
6039,880d9d22d7fffff
6040,880d834a5dfffff
6041,880d837959fffff
6042,880d8a4ad9fffff
6043,880d8a4d89fffff
6044,880d8a42e1fffff
6045,880d99ac89fffff
6046,880d822de7fffff
6047,880d9d8499fffff
6048,880d9daa2bfffff
6049,880d9dd339fffff
6050,880d836c5dfffff
6051,880d9daea7fffff
6052,880d99bb55fffff
6053,880d8a1a95fffff
6054,880d9c964dfffff
6055,880d834731fffff
6056,880d831a87fffff
6057,880d9d1609fffff
6058,880d8acc13fffff
6059,880d835837fffff
6060,880d8a88e9fffff
6061,880d998813fffff
6062,880d9c9619fffff
6063,880d8accbdfffff
6064,880d9d32e3fffff
6065,880d9999c5fffff
6066,880d999731fffff
6067,880d9dc19dfffff
6068,880d998f03fffff
6069,880d9d30d1fffff
6070,880d8342adfffff
6071,880d9c3707fffff
6072,880d99b895fffff
6073,880d8a036dfffff
6074,880d9d4681fffff
6075,880d8a8d49fffff
6076,880d8308e3fffff
6077,880d99a28bfffff
6078,880d9d0285fffff
6079,880d999a53fffff
6080,880d9d0d5dfffff
6081,880d9d752dfffff
6082,880d9db141fffff
6083,880d8a604bfffff
6084,880d8a51c7fffff
6085,880d9998d1fffff
6086,880d9d2181fffff
6087,880d9dad85fffff
6088,880d99b737fffff
6089,880d83cca3fffff
6090,880d83c111fffff
6091,880d822c17fffff
6092,880d8a6b1dfffff
6093,880d8a1209fffff
6094,880d9cb2b9fffff
6095,880d8a4f61fffff
6096,880d998f13fffff
6097,880d83cee3fffff
6098,880d9dd69dfffff
6099,880d8a8f07fffff
6100,880d8a8b27fffff
6101,880d9d9489fffff
6102,880d836b3bfffff
6103,880d8a0f03fffff
6104,880d998259fffff
6105,880d9dce83fffff
6106,880d998039fffff
6107,880d822e25fffff
6108,880d999059fffff
6109,880d99b84dfffff
6110,880d8a6b45fffff
6111,880d8e5905fffff
6112,880d9d4751fffff
6113,880d9dab65fffff
6114,880d83ceabfffff
6115,880d836a1bfffff
6116,880d8a096dfffff
6117,880d9ddb57fffff
6118,880d834885fffff
6119,880d830ae5fffff
6120,880d9d2185fffff
6121,880d9cb61bfffff
6122,880d8a0723fffff
6123,880d8ac993fffff
6124,880d998e5dfffff
6125,880d837a55fffff
6126,880d9d1b55fffff
6127,880d9cb6c3fffff
6128,880d9d7811fffff
6129,880d8a4911fffff
6130,880d9d05c7fffff
6131,880d8378c1fffff
6132,880d9d0d61fffff
6133,880d836f2dfffff
6134,880d835817fffff
6135,880d836f0bfffff
6136,880d836dd9fffff
6137,880d8a7505fffff
6138,880d9dd9d9fffff
6139,880d9d8901fffff
6140,880d831541fffff
6141,880d99b2e1fffff
6142,880d99a1d5fffff
6143,880d838d93fffff
6144,880d9c36bdfffff
6145,880d8a0825fffff
6146,880d9991cbfffff
6147,880d9dcc25fffff
6148,880d9d2ad5fffff
6149,880d9d70bdfffff
6150,880d8a42bdfffff
6151,880d834269fffff
6152,880d8a56e3fffff
6153,880d9d7a43fffff
6154,880d9d6429fffff
6155,880d99b15bfffff
6156,880d9dbab1fffff
6157,880d8acd4bfffff
6158,880d9dd529fffff
6159,880d834a65fffff
6160,880d99a743fffff
6161,880d83caa9fffff
6162,880d83cd81fffff
6163,880d9d7035fffff
6164,880d8312b9fffff
6165,880d834239fffff
6166,880d9dad6bfffff
6167,880d9dc037fffff
6168,880d8a58e5fffff
6169,880d8a6d93fffff
6170,880d9c341dfffff
6171,880d9998e1fffff
6172,880d8a8d2bfffff
6173,880d9daf2bfffff
6174,880d9d1607fffff
6175,880d9d253bfffff
6176,880d8a468bfffff
6177,880d8348a1fffff
6178,880d9d3219fffff
6179,880d9dcd1bfffff
6180,880d8a6987fffff
6181,880d836929fffff
6182,880d9d01d9fffff
6183,880d9d5465fffff
6184,880d9dd4d1fffff
6185,880d9db319fffff
6186,880d9d3923fffff
6187,880d83795bfffff
6188,880d9d2d5bfffff
6189,880d83ced9fffff
6190,880d83ce3bfffff
6191,880d9ca051fffff
6192,880d9dc93bfffff
6193,880d999adbfffff
6194,880d8a098bfffff
6195,880d9dd2d9fffff
6196,880d822c97fffff
6197,880d9d8965fffff
6198,880d9dba9bfffff
6199,880d9db223fffff
6200,880d8368e9fffff
6201,880d9dc05dfffff
6202,880d99bb05fffff
6203,880d9d71b9fffff
6204,880d9dcac1fffff
6205,880d9d458bfffff
6206,880d8e595bfffff
6207,880d9d191bfffff
6208,880d9ca663fffff
6209,880d98b5c7fffff
6210,880d836ad5fffff
6211,880d8a5511fffff
6212,880d99d6c5fffff
6213,880d9d5287fffff
6214,880d99980bfffff
6215,880d9d5523fffff
6216,880d837937fffff
6217,880d8ac501fffff
6218,880d8362b1fffff
6219,880d8344b3fffff
6220,880d8a6c23fffff
6221,880d99b1e7fffff
6222,880d9c9435fffff
6223,880d99ae8bfffff
6224,880d8ac62dfffff
6225,880d830b59fffff
6226,880d9d46b5fffff
6227,880ca4d29dfffff
6228,880d9dab2dfffff
6229,880d9ca08dfffff
6230,880d9d665dfffff
6231,880d8a1851fffff
6232,880d8a8859fffff
6233,880d8a5651fffff
6234,880ca4d0b9fffff
6235,880d9d09d7fffff
6236,880d836d89fffff
6237,880d834b5bfffff
6238,880d83000dfffff
6239,880d8311a7fffff
6240,880d8a6c19fffff
6241,880d8a1993fffff
6242,880d8a7513fffff
6243,880d8ace49fffff
6244,880d9988cdfffff
6245,880d834413fffff
6246,880d9da861fffff
6247,880d8a1965fffff
6248,880d9d8b25fffff
6249,880d9d08d9fffff
6250,880d8a6da9fffff
6251,880d9db20dfffff
6252,880d8a4833fffff
6253,880d98b755fffff
6254,880d998ed5fffff
6255,880d9d6945fffff
6256,880d9d705dfffff
6257,880d8a12d9fffff
6258,880d9c3539fffff
6259,880d9c96adfffff
6260,880d9d694dfffff
6261,880d8a7b61fffff
6262,880d9d32c7fffff
6263,880ca4d115fffff
6264,880d9cb267fffff
6265,880d9d0f3bfffff
6266,880d834dd1fffff
6267,880d9cb043fffff
6268,880d830a45fffff
6269,880d83603dfffff
6270,880d9d611dfffff
6271,880ca4d835fffff
6272,880d9cb4dbfffff
6273,880d9d2d0bfffff
6274,880d9d6483fffff
6275,880d9c96b9fffff
6276,880d9c22bbfffff
6277,880d9dcc31fffff
6278,880d8a89a5fffff
6279,880d9d24a7fffff
6280,880d99b725fffff
6281,880d8a0927fffff
6282,880d83191dfffff
6283,880d9cb721fffff
6284,880d834349fffff
6285,880d9d076bfffff
6286,880d836eedfffff
6287,880d83554dfffff
6288,880d9d2e99fffff
6289,880d9d5667fffff
6290,880d830addfffff
6291,880d9dcd21fffff
6292,880d835a23fffff
6293,880d9d181dfffff
6294,880d9dc437fffff
6295,880d99b735fffff
6296,880d8a0d4bfffff
6297,880d9dcf1dfffff
6298,880d837101fffff
6299,880d831ae1fffff
6300,880d83484dfffff
6301,880d8372c3fffff
6302,880d9db843fffff
6303,880d9d6469fffff
6304,880d99a6b5fffff
6305,880d9d849bfffff
6306,880d9dd9d3fffff
6307,880d8a10b1fffff
6308,880d9dc493fffff
6309,880d9d4e03fffff
6310,880d9da015fffff
6311,880d8a79b5fffff
6312,880d830205fffff
6313,880d9d41c7fffff
6314,880d9d1b23fffff
6315,880d835b57fffff
6316,880d9d22ebfffff
6317,880d8a1b1bfffff
6318,880ca4d843fffff
6319,880d9dce05fffff
6320,880d9dd20dfffff
6321,880d8a4ee9fffff
6322,880d9dc16bfffff
6323,880d8a7b51fffff
6324,880d831261fffff
6325,880d83c633fffff
6326,880d9d3051fffff
6327,880d9dd035fffff
6328,880d834e9dfffff
6329,880d8a5a29fffff
6330,880d998a45fffff
6331,880d9c96e3fffff
6332,880d838c0bfffff
6333,880d9d0f57fffff
6334,880d8a083dfffff
6335,880d9d0311fffff
6336,880d9d6941fffff
6337,880d8360e5fffff
6338,880d8a5497fffff
6339,880d99a85dfffff
6340,880d9db0c9fffff
6341,880d8a4633fffff
6342,880d9d651dfffff
6343,880d9d0645fffff
6344,880d99ac2dfffff
6345,880d8a09b9fffff
6346,880d9d1b49fffff
6347,880d8354bdfffff
6348,880d99a8c5fffff
6349,880d8a076bfffff
6350,880d83c819fffff
6351,880d822ed1fffff
6352,880d9d04d3fffff
6353,880d836569fffff
6354,880d99d293fffff
6355,880d9dac1bfffff
6356,880d8a8925fffff
6357,880d9d7285fffff
6358,880d8a5b35fffff
6359,880d8ac765fffff
6360,880d83013bfffff
6361,880d9c35d5fffff
6362,880d9d3443fffff
6363,880d8a4883fffff
6364,880d9936ddfffff
6365,880d99a5b3fffff
6366,880d83c9cdfffff
6367,880d837b2dfffff
6368,880d9d26a5fffff
6369,880d9d38a1fffff
6370,880d9dcdd5fffff
6371,880d9db867fffff
6372,880d9d6229fffff
6373,880d8ac8a9fffff
6374,880ca4d213fffff
6375,880d9d28a7fffff
6376,880d830829fffff
6377,880d99b6a9fffff
6378,880d834219fffff
6379,880d830b6bfffff
6380,880d8a093bfffff
6381,880d9dd687fffff
6382,880d9c3733fffff
6383,880d9d568dfffff
6384,880d9d0e25fffff
6385,880d99b887fffff
6386,880d83519bfffff
6387,880d99911dfffff
6388,880d8a5a83fffff
6389,880d8a1a33fffff
6390,880d8a0a03fffff
6391,880d8a4307fffff
6392,880d834101fffff
6393,880d8ad869fffff
6394,880d834141fffff
6395,880d83083dfffff
6396,880ca4d76dfffff
6397,880d9dad17fffff
6398,880d9cb581fffff
6399,880d9dac19fffff
6400,880d9d108dfffff
6401,880d836809fffff
6402,880ca4d84dfffff
6403,880d8a5937fffff
6404,880d9d02a3fffff
6405,880d8352cdfffff
6406,880d9d465bfffff
6407,880d9da119fffff
6408,880d8ac995fffff
6409,880d83cc61fffff
6410,880d999327fffff
6411,880d9c30b9fffff
6412,880d8a008dfffff
6413,880d8a4229fffff
6414,880d99b76bfffff
6415,880d8355a1fffff
6416,880d83c319fffff
6417,880d8a7529fffff
6418,880d822d0bfffff
6419,880d9d5091fffff
6420,880d9d6d8bfffff
6421,880d9cb685fffff
6422,880d9d21b9fffff
6423,880d9d94c7fffff
6424,880d9d3993fffff
6425,880d9dd22bfffff
6426,880d9ca23bfffff
6427,880d9d42a3fffff
6428,880d9d4467fffff
6429,880d9d0db9fffff
6430,880d9d5431fffff
6431,880d835309fffff
6432,880d9d1705fffff
6433,880d99aab3fffff
6434,880d8348c9fffff
6435,880d9990b9fffff
6436,880d9da21dfffff
6437,880d8a18a1fffff
6438,880d9ca435fffff
6439,880d998839fffff
6440,880d9d5421fffff
6441,880d99d631fffff
6442,880d9d41b3fffff
6443,880d8348dbfffff
6444,880d9d26b1fffff
6445,880d9d2e15fffff
6446,880d9dd55dfffff
6447,880d9c949dfffff
6448,880ca4d95dfffff
6449,880d9d61abfffff
6450,880d8a4d25fffff
6451,880d8a6dd1fffff
6452,880d8a0067fffff
6453,880d836a2dfffff
6454,880d9d0d67fffff
6455,880d9d6c5dfffff
6456,880d9d7aa5fffff
6457,880d9dc817fffff
6458,880d834ce5fffff
6459,880d9d0d6bfffff
6460,880d9d3abdfffff
6461,880d9d2461fffff
6462,880d999133fffff
6463,880d99859bfffff
6464,880d9dcc11fffff
6465,880d835233fffff
6466,880d9d529bfffff
6467,880d9db08dfffff
6468,880d9dcea5fffff
6469,880d99b099fffff
6470,880d8ac6bdfffff
6471,880d831ae5fffff
6472,880d9dd1d3fffff
6473,880d9dadc1fffff
6474,880d831ae7fffff
6475,880d83558dfffff
6476,880d8ac88dfffff
6477,880d99989bfffff
6478,880d9c9637fffff
6479,880d83ccddfffff
6480,880d8a0a47fffff
6481,880d99aa85fffff
6482,880d822cadfffff
6483,880d8a1083fffff
6484,880d836a67fffff
6485,880d98b0d9fffff
6486,880d9dc467fffff
6487,880d9c22b7fffff
6488,880d837961fffff
6489,880d9d4c37fffff
6490,880d8a4327fffff
6491,880d8a0909fffff
6492,880d9ca5b5fffff
6493,880d835415fffff
6494,880d8acdc5fffff
6495,880d9d1629fffff
6496,880d8354b9fffff
6497,880d99874bfffff
6498,880d8a4757fffff
6499,880d8a496dfffff
6500,880d9dcad3fffff
6501,880d83448dfffff
6502,880d831229fffff
6503,880d9d75e3fffff
6504,880d9d35a3fffff
6505,880d83784bfffff
6506,880d83c4e7fffff
6507,880d9d78b7fffff
6508,880d9d2211fffff
6509,880d9d1a2dfffff
6510,880d9dd015fffff
6511,880d9d6103fffff
6512,880d9d0847fffff
6513,880d9ca2cbfffff
6514,880d8a426dfffff
6515,880d999281fffff
6516,880d9d5351fffff
6517,880d8388c3fffff
6518,880d8a0e4bfffff
6519,880d9d66d7fffff
6520,880d8a74adfffff
6521,880d99983bfffff
6522,880d836b05fffff
6523,880d83529dfffff
6524,880d998503fffff
6525,880d9d7323fffff
6526,880d9d2eebfffff
6527,880d9d14cdfffff
6528,880d9dcd47fffff
6529,880d9992c3fffff
6530,880d9d6627fffff
6531,880d9d6697fffff
6532,880d9d390dfffff
6533,880d9d1485fffff
6534,880d9dca19fffff
6535,880d9dda45fffff
6536,880d837a91fffff
6537,880d8a1b55fffff
6538,880d9d476bfffff
6539,880d837821fffff
6540,880d998b21fffff
6541,880d9d4245fffff
6542,880d834e65fffff
6543,880d83c463fffff
6544,880d8359ddfffff
6545,880d9dc555fffff
6546,880d8349a7fffff
6547,880d9db30dfffff
6548,880d9dcae7fffff
6549,880d835ab9fffff
6550,880d9d40c9fffff
6551,880d8a62c9fffff
6552,880d9cb65dfffff
6553,880d9cb283fffff
6554,880d9c9455fffff
6555,880d998581fffff
6556,880d9dac01fffff
6557,880d9d719bfffff
6558,880d9cb24bfffff
6559,880d8a89ddfffff
6560,880d9d2023fffff
6561,880d8346bbfffff
6562,880d998a41fffff
6563,880ca4d203fffff
6564,880d99365bfffff
6565,880ca4d2a3fffff
6566,880d9dc525fffff
6567,880d9da187fffff
6568,880d9d0dc7fffff
6569,880d9d6f29fffff
6570,880d9d3537fffff
6571,880d9dd213fffff
6572,880d9d75ebfffff
6573,880d8a55d3fffff
6574,880d9d116dfffff
6575,880d9936dbfffff
6576,880d9d42c1fffff
6577,880d837863fffff
6578,880d8301c7fffff
6579,880d9dc72dfffff
6580,880d8a6983fffff
6581,880d8ac623fffff
6582,880d830e2bfffff
6583,880d9db8edfffff
6584,880d8a1323fffff
6585,880d9c3549fffff
6586,880d8a496bfffff
6587,880d9936d7fffff
6588,880d8a560dfffff
6589,880d9dd553fffff
6590,880d998129fffff
6591,880d9d36d3fffff
6592,880d99b199fffff
6593,880d9d571bfffff
6594,880d9da061fffff
6595,880d9d6959fffff
6596,880d9db1cdfffff
6597,880d9d360dfffff
6598,880d99b9d1fffff
6599,880d99a181fffff
6600,880d98b765fffff
6601,880d99a61bfffff
6602,880d8ac725fffff
6603,880d98b09bfffff
6604,880d8a4e37fffff
6605,880ca4dae5fffff
6606,880d8a445bfffff
6607,880d9dce15fffff
6608,880d9cb00dfffff
6609,880d9d4ed1fffff
6610,880d8ac0d5fffff
6611,880d99b6edfffff
6612,880d9d86c9fffff
6613,880d99d2d9fffff
6614,880d9d454dfffff
6615,880d8a4891fffff
6616,880d9d2e09fffff
6617,880d9d221dfffff
6618,880d9c3591fffff
6619,880d9ca1d7fffff
6620,880d9d16e3fffff
6621,880d8a1ac1fffff
6622,880d9dd203fffff
6623,880d8369abfffff
6624,880d9dd59bfffff
6625,880d837aa5fffff
6626,880d8a0b5dfffff
6627,880d9d3849fffff
6628,880d9c96d3fffff
6629,880d9d5557fffff
6630,880d998cc1fffff
6631,880d9db1d1fffff
6632,880d8a4549fffff
6633,880d9da907fffff
6634,880d9dc24dfffff
6635,880d9d1acbfffff
6636,880d9da11dfffff
6637,880d9ca5a7fffff
6638,880d999489fffff
6639,880d9dae25fffff
6640,880d9dd2c5fffff
6641,880d999483fffff
6642,880d9db507fffff
6643,880d9d6915fffff
6644,880d8a5319fffff
6645,880d9d118bfffff
6646,880d831919fffff
6647,880d83c017fffff
6648,880d9d7361fffff
6649,880d9cacb7fffff
6650,880d834e31fffff
6651,880d8a5135fffff
6652,880d999957fffff
6653,880d99a1c5fffff
6654,880d8a088dfffff
6655,880ca4d11bfffff
6656,880d99ad65fffff
6657,880d8358e7fffff
6658,880d9ca0c3fffff
6659,880d9db019fffff
6660,880d9d199bfffff
6661,880d8a4321fffff
6662,880d998b1dfffff
6663,880d9d2f07fffff
6664,880d83cc47fffff
6665,880d8379bbfffff
6666,880d8a8f69fffff
6667,880d9c2417fffff
6668,880d8acc87fffff
6669,880d99a691fffff
6670,880d8a88a7fffff
6671,880d8ac58bfffff
6672,880d9c262bfffff
6673,880d830d2bfffff
6674,880d835a6dfffff
6675,880d8a56b5fffff
6676,880d822ec7fffff
6677,880d831123fffff
6678,880d834db5fffff
6679,880d9dc6bbfffff
6680,880d8a5441fffff
6681,880d9d659bfffff
6682,880d9d40a1fffff
6683,880d834f11fffff
6684,880d8a1aadfffff
6685,880d99b003fffff
6686,880d8a4295fffff
6687,880d9d15d9fffff
6688,880d83650bfffff
6689,880d9d034bfffff
6690,880d99b0a3fffff
6691,880d9d16c1fffff
6692,880d999689fffff
6693,880d9d6f07fffff
6694,880d8a7907fffff
6695,880d9d65a7fffff
6696,880d8a5ab5fffff
6697,880d8ac4e7fffff
6698,880d9dd817fffff
6699,880d9d4355fffff
6700,880d9dca63fffff
6701,880ca4d913fffff
6702,880d8a0251fffff
6703,880d8adb5dfffff
6704,880d99a18dfffff
6705,880d8310a1fffff
6706,880d9dccdbfffff
6707,880d9da205fffff
6708,880d99bb29fffff
6709,880d9c34a9fffff
6710,880d9c941bfffff
6711,880d8a5a43fffff
6712,880d9dccb7fffff
6713,880d9988cbfffff
6714,880d9dc123fffff
6715,880d835563fffff
6716,880d9d55bdfffff
6717,880d99b0cbfffff
6718,880d9c343bfffff
6719,880d9d5311fffff
6720,880d9dd695fffff
6721,880d8341edfffff
6722,880d8a7467fffff
6723,880d9dd81bfffff
6724,880d8a8f23fffff
6725,880d9d5019fffff
6726,880d83cab9fffff
6727,880d9d1095fffff
6728,880d836aabfffff
6729,880d8a6913fffff
6730,880d8a0341fffff
6731,880d83ce99fffff
6732,880d8ace19fffff
6733,880d998847fffff
6734,880d9db311fffff
6735,880d99d2c3fffff
6736,880d9d870bfffff
6737,880d99828bfffff
6738,880d9d3b31fffff
6739,880d998637fffff
6740,880d830debfffff
6741,880d9d7a51fffff
6742,880d9dc763fffff
6743,880d99a9c5fffff
6744,880d9d2c17fffff
6745,880d834061fffff
6746,880d8a8d4bfffff
6747,880d99940bfffff
6748,880d835461fffff
6749,880d9d118dfffff
6750,880d99b6b9fffff
6751,880d834f15fffff
6752,880d8a553dfffff
6753,880d998cd3fffff
6754,880d83615bfffff
6755,880d9da139fffff
6756,880d9dba1dfffff
6757,880d9da743fffff
6758,880d9d4269fffff
6759,880d83cd37fffff
6760,880d8a89a3fffff
6761,880d8e5865fffff
6762,880d830a8dfffff
6763,880d9d0023fffff
6764,880d8ac5ebfffff
6765,880d9d02e9fffff
6766,880d8a5881fffff
6767,880d9d6687fffff
6768,880d9dd53dfffff
6769,880d9dc6b9fffff
6770,880d999567fffff
6771,880d835495fffff
6772,880d9d45a1fffff
6773,880d9d0963fffff
6774,880d9da519fffff
6775,880d9db80bfffff
6776,880d99bab3fffff
6777,880d99b8bdfffff
6778,880d8309e9fffff
6779,880d8ac883fffff
6780,880d9d42d1fffff
6781,880d9d50a7fffff
6782,880d9d102dfffff
6783,880d9dc99bfffff
6784,880d836835fffff
6785,880d83c027fffff
6786,880d9da8e7fffff
6787,880d9dda6bfffff
6788,880d837943fffff
6789,880d9d50e1fffff
6790,880d999237fffff
6791,880d9c864dfffff
6792,880d9d6b0bfffff
6793,880d836b6bfffff
6794,880d8a1561fffff
6795,880d9d542dfffff
6796,880d9d6861fffff
6797,880d834231fffff
6798,880d9d61ebfffff
6799,880d834c1bfffff
6800,880d8a1129fffff
6801,880d9996cdfffff
6802,880d9dcecbfffff
6803,880d831921fffff
6804,880d9ca2d5fffff
6805,880d8a42d9fffff
6806,880d8a0153fffff
6807,880d836f59fffff
6808,880d831507fffff
6809,880d8a0039fffff
6810,880d8ac63bfffff
6811,880d9d6a43fffff
6812,880d8a109dfffff
6813,880d9d033bfffff
6814,880d99b869fffff
6815,880d9cb491fffff
6816,880ca4d729fffff
6817,880d9db0b9fffff
6818,880d8a49d1fffff
6819,880d9dac63fffff
6820,880d8a4737fffff
6821,880d9d0139fffff
6822,880d9db845fffff
6823,880d8a6045fffff
6824,880d99a5a3fffff
6825,880d99a04bfffff
6826,880d9c862dfffff
6827,880d99d681fffff
6828,880d9dc921fffff
6829,880d9d00e3fffff
6830,880ca4d993fffff
6831,880d9999cdfffff
6832,880d830d15fffff
6833,880d8a6267fffff
6834,880d9d6507fffff
6835,880d9d6127fffff
6836,880d834497fffff
6837,880d836131fffff
6838,880d9c94cdfffff
6839,880d9d2a13fffff
6840,880d8a4109fffff
6841,880d9d701dfffff
6842,880d8349e5fffff
6843,880d834b53fffff
6844,880d9cb069fffff
6845,880d83489bfffff
6846,880d8a575bfffff
6847,880d83cac9fffff
6848,880d831b5dfffff
6849,880d9d70a5fffff
6850,880d9da2b5fffff
6851,880d8a6207fffff
6852,880d99b163fffff
6853,880d8ad9adfffff
6854,880ca4d10bfffff
6855,880d9c34d5fffff
6856,880d836b41fffff
6857,880d9d0991fffff
6858,880d835323fffff
6859,880d9d0411fffff
6860,880d822e85fffff
6861,880d9dd991fffff
6862,880d9ca24dfffff
6863,880d998597fffff
6864,880d9db197fffff
6865,880d8344dbfffff
6866,880d9d754dfffff
6867,880d9d7921fffff
6868,880d837227fffff
6869,880d9d320dfffff
6870,880d99b46dfffff
6871,880d9d2f31fffff
6872,880d9992dbfffff
6873,880d9dd96bfffff
6874,880d998819fffff
6875,880d9d2f41fffff
6876,880d8e5b33fffff
6877,880d83473dfffff
6878,880d9d0d99fffff
6879,880d834d57fffff
6880,880d8ac5b7fffff
6881,880d9d5411fffff
6882,880d9d560dfffff
6883,880d836805fffff
6884,880d9d6639fffff
6885,880d99b883fffff
6886,880d8a4b27fffff
6887,880d8a6319fffff
6888,880d830dd9fffff
6889,880d999b15fffff
6890,880d83cd99fffff
6891,880d8a50cdfffff
6892,880d8ace5bfffff
6893,880d9d0a01fffff
6894,880d99b083fffff
6895,880d9d29a3fffff
6896,880d9cb0cdfffff
6897,880d9d1463fffff
6898,880d83449dfffff
6899,880d9d3585fffff
6900,880d99b233fffff
6901,880d9d2c85fffff
6902,880d9d6f63fffff
6903,880d8a191bfffff
6904,880d9d7ae7fffff
6905,880d9ddb3dfffff
6906,880d9d32c1fffff
6907,880d836135fffff
6908,880d9d1733fffff
6909,880d9d6553fffff
6910,880d9c2489fffff
6911,880d9d4607fffff
6912,880d9d0429fffff
6913,880d9ca53dfffff
6914,880d8311c1fffff
6915,880d9dc569fffff
6916,880d8a5a59fffff
6917,880d8ace35fffff
6918,880d99a06bfffff
6919,880d9dd287fffff
6920,880d99b303fffff
6921,880d9d775dfffff
6922,880d9d724dfffff
6923,880d822e63fffff
6924,880d8a562dfffff
6925,880d835a33fffff
6926,880d9cb769fffff
6927,880d836dd1fffff
6928,880d9da70bfffff
6929,880d9dda55fffff
6930,880d83650dfffff
6931,880d99a309fffff
6932,880d8a75c1fffff
6933,880d9d074bfffff
6934,880d8a5115fffff
6935,880d99b4cdfffff
6936,880d831193fffff
6937,880d9d215bfffff
6938,880d822d05fffff
6939,880d8a600dfffff
6940,880d99a20bfffff
6941,880d8a5297fffff
6942,880d9988c9fffff
6943,880d999acdfffff
6944,880d9c8649fffff
6945,880d83c515fffff
6946,880d8372a7fffff
6947,880d830d65fffff
6948,880d9cb24dfffff
6949,880d8a0059fffff
6950,880d9d11adfffff
6951,880d83574dfffff
6952,880d9c942dfffff
6953,880d99aea3fffff
6954,880d8ac0e7fffff
6955,880d8312c1fffff
6956,880d822ed7fffff
6957,880d838837fffff
6958,880d8a899bfffff
6959,880d9d7567fffff
6960,880d9d30e1fffff
6961,880d9c9649fffff
6962,880d9d04d9fffff
6963,880d9d6d67fffff
6964,880d8e5935fffff
6965,880d837ae1fffff
6966,880d9dc8d1fffff
6967,880d8a5ac9fffff
6968,880d9d2a6bfffff
6969,880d99a827fffff
6970,880d9d5457fffff
6971,880d8a19bdfffff
6972,880d8a4e1dfffff
6973,880d9d464dfffff
6974,880d8a5a2dfffff
6975,880d8e4933fffff
6976,880d9dc2b1fffff
6977,880d8a55e7fffff
6978,880d830de1fffff
6979,880d9da281fffff
6980,880d8e4917fffff
6981,880d99ace3fffff
6982,880d8355a7fffff
6983,880d9d4e93fffff
6984,880d9dc4a3fffff
6985,880d8a55e5fffff
6986,880d9d0855fffff
6987,880d834005fffff
6988,880d9d3149fffff
6989,880d9dd681fffff
6990,880d8a68a3fffff
6991,880d830e15fffff
6992,880d9d68a7fffff
6993,880d9d0053fffff
6994,880d83ce15fffff
6995,880d837a97fffff
6996,880d9d28d3fffff
6997,880d9dc1c9fffff
6998,880d9dac57fffff
6999,880d830255fffff
7000,880d9d3b4dfffff
7001,880d9d20e1fffff
7002,880d835843fffff
7003,880d8359e5fffff
7004,880d8a4a0bfffff
7005,880d99b9a9fffff
7006,880d83c9c5fffff
7007,880d9d69ddfffff
7008,880d838c03fffff
7009,880d8a6c2bfffff
7010,880d8a1967fffff
7011,880d9c34ebfffff
7012,880d99a343fffff
7013,880d8368abfffff
7014,880d8340c5fffff
7015,880d835465fffff
7016,880d9d09b3fffff
7017,880d99a249fffff
7018,880d8309cdfffff
7019,880d98b431fffff
7020,880d9d2e5bfffff
7021,880ca4d9a3fffff
7022,880d8a581bfffff
7023,880d83792bfffff
7024,880d99a55bfffff
7025,880d9d3a21fffff
7026,880d998089fffff
7027,880d831911fffff
7028,880d9db8d5fffff
7029,880d9c225bfffff
7030,880d9d30e3fffff
7031,880d99a329fffff
7032,880d99b347fffff
7033,880d9dc6edfffff
7034,880d9da0a5fffff
7035,880d99974bfffff
7036,880d9dcc5bfffff
7037,880d9d26a3fffff
7038,880d9d6d93fffff
7039,880d8a42b7fffff
7040,880d9d718bfffff
7041,880d9d54b7fffff
7042,880d83c53bfffff
7043,880d9d3747fffff
7044,880d9982cdfffff
7045,880d8accc3fffff
7046,880ca4d6edfffff
7047,880d9d84c1fffff
7048,880d9daf57fffff
7049,880d99b95dfffff
7050,880d8a4501fffff
7051,880d83c8e1fffff
7052,880d83c8e9fffff
7053,880d8354d7fffff
7054,880d999a11fffff
7055,880d9d0123fffff
7056,880d9c356dfffff
7057,880d8a1207fffff
7058,880d9dace9fffff
7059,880d83019dfffff
7060,880d9d2e87fffff
7061,880d831745fffff
7062,880d9dba45fffff
7063,880d9db0bdfffff
7064,880d99a849fffff
7065,880d9d4e15fffff
7066,880d9d3323fffff
7067,880d9d4239fffff
7068,880d830251fffff
7069,880d9d1627fffff
7070,880d8ad929fffff
7071,880d836a43fffff
7072,880d9d5211fffff
7073,880d99818dfffff
7074,880d8ac2b1fffff
7075,880d9d41edfffff
7076,880d9d6147fffff
7077,880d8adb39fffff
7078,880d9d0505fffff
7079,880d837741fffff
7080,880d9ca241fffff
7081,880d9d0745fffff
7082,880d9d4e9bfffff
7083,880d99ba19fffff
7084,880d9dce2bfffff
7085,880d83520dfffff
7086,880d822eebfffff
7087,880d8e4951fffff
7088,880d83cd0dfffff
7089,880d9cb243fffff
7090,880d98a495fffff
7091,880d830c3dfffff
7092,880d9ca655fffff
7093,880d998c4dfffff
7094,880d9dc695fffff
7095,880d83c333fffff
7096,880d8a61b1fffff
7097,880d8a68abfffff
7098,880d9d69abfffff
7099,880d9d9459fffff
7100,880d9dc5c7fffff
7101,880d9992e1fffff
7102,880d9d2439fffff
7103,880d9d0515fffff
7104,880d8a40adfffff
7105,880d99b623fffff
7106,880d9d558bfffff
7107,880d9d3207fffff
7108,880d99af05fffff
7109,880d9ca4cdfffff
7110,880d99b5abfffff
7111,880d8a4419fffff
7112,880d9d8645fffff
7113,880d9cae21fffff
7114,880d9d283bfffff
7115,880ca4d0d9fffff
7116,880d9da54dfffff
7117,880d9d9495fffff
7118,880d8a4dabfffff
7119,880d83030bfffff
7120,880d822c59fffff
7121,880d9d94e7fffff
7122,880d8372a3fffff
7123,880d99a8a5fffff
7124,880d9c264bfffff
7125,880d9d02a9fffff
7126,880d838d57fffff
7127,880d9dcee1fffff
7128,880d83cc27fffff
7129,880d9d5653fffff
7130,880d8a0097fffff
7131,880d9d38bdfffff
7132,880d9d0c4dfffff
7133,880d999613fffff
7134,880d8a6c3dfffff
7135,880d9d176bfffff
7136,880d9d86c7fffff
7137,880d9d2701fffff
7138,880d9d546dfffff
7139,880d8a6ce3fffff
7140,880d835083fffff
7141,880d9db069fffff
7142,880d9d3723fffff
7143,880d9d0d59fffff
7144,880d8a4343fffff
7145,880d9cb6e7fffff
7146,880d999627fffff
7147,880d9d3653fffff
7148,880d999261fffff
7149,880d835883fffff
7150,880d9d05b9fffff
7151,880d83584dfffff
7152,880d9d7b3dfffff
7153,880d8a8d09fffff
7154,880d9d8967fffff
7155,880ca4db27fffff
7156,880d9d6eb5fffff
7157,880d9cad15fffff
7158,880d9ca297fffff
7159,880d998aa5fffff
7160,880d9dc18bfffff
7161,880d822dbdfffff
7162,880d836adbfffff
7163,880d98b4b3fffff
7164,880d8ac469fffff
7165,880d8e49b1fffff
7166,880d9d2dd1fffff
7167,880d8a7a67fffff
7168,880d99d049fffff
7169,880d9dc05bfffff
7170,880d9d7703fffff
7171,880d834029fffff
7172,880d9d253dfffff
7173,880d9d11cdfffff
7174,880d8a18a9fffff
7175,880d9cada9fffff
7176,880d9d39cbfffff
7177,880d99af5dfffff
7178,880d9dd11bfffff
7179,880d8e4b41fffff
7180,880d8a5059fffff
7181,880d9d2dd9fffff
7182,880d99872bfffff
7183,880d998dc7fffff
7184,880d83414bfffff
7185,880d9ca0ddfffff
7186,880d8a46d7fffff
7187,880d8a501bfffff
7188,880d83ce41fffff
7189,880d9d3841fffff
7190,880d9dc127fffff
7191,880d99872dfffff
7192,880d9dc155fffff
7193,880d99b94dfffff
7194,880d8accc5fffff
7195,880d9dac49fffff
7196,880d98b441fffff
7197,880d9d0555fffff
7198,880d8ad4bdfffff
7199,880d9dd143fffff
7200,880d9ca54bfffff
7201,880d9caddbfffff
7202,880d8a8d05fffff
7203,880d9999bbfffff
7204,880d9da2d5fffff
7205,880d8319d7fffff
7206,880d836f47fffff
7207,880d8a4d31fffff
7208,880d9d3527fffff
7209,880d9d55ebfffff
7210,880d9d691dfffff
7211,880d9d6d59fffff
7212,880d9da813fffff
7213,880d98b657fffff
7214,880d834445fffff
7215,880d9d0283fffff
7216,880d9d3435fffff
7217,880d8a4483fffff
7218,880d9d2d35fffff
7219,880d83498bfffff
7220,880d9d62b1fffff
7221,880d83cdc3fffff
7222,880d8a52c1fffff
7223,880d9d6b07fffff
7224,880d8a8f05fffff
7225,880d99b149fffff
7226,880ca4d821fffff
7227,880d8acc9bfffff
7228,880d9dd9e3fffff
7229,880d99d69dfffff
7230,880d9d2839fffff
7231,880d9d18b5fffff
7232,880d9d1921fffff
7233,880d9da009fffff
7234,880d9d6c67fffff
7235,880d83cc2dfffff
7236,880d8351c3fffff
7237,880d9c2461fffff
7238,880d8a5541fffff
7239,880d9d42c5fffff
7240,880d8a0ad5fffff
7241,880d9cb49dfffff
7242,880d9d35e7fffff
7243,880d9d8b6dfffff
7244,880d99b11dfffff
7245,880d8a4f4bfffff
7246,880d9dd327fffff
7247,880d9d7499fffff
7248,880d99a421fffff
7249,880d9d6f0bfffff
7250,880d9dc933fffff
7251,880d9d4359fffff
7252,880d9d764dfffff
7253,880d830331fffff
7254,880d9d44a5fffff
7255,880d99b667fffff
7256,880d8a5527fffff
7257,880d822dedfffff
7258,880d8a4559fffff
7259,880d9dc60bfffff
7260,880d9d7801fffff
7261,880d9cb1dbfffff
7262,880d835a97fffff
7263,880d8a8a97fffff
7264,880d99a6a7fffff
7265,880d8ad863fffff
7266,880d834da5fffff
7267,880d9ca18bfffff
7268,880d9dc359fffff
7269,880d9d6425fffff
7270,880d9c35bbfffff
7271,880d83cd6bfffff
7272,880d9d7167fffff
7273,880d9d753bfffff
7274,880d8ac6c1fffff
7275,880d8a441bfffff
7276,880d99b693fffff
7277,880d9d68a3fffff
7278,880d99aebbfffff
7279,880d99b9c3fffff
7280,880d9cb759fffff
7281,880d8a58c1fffff
7282,880d830c61fffff
7283,880d83441bfffff
7284,880d9d5333fffff
7285,880d99b31bfffff
7286,880d834b19fffff
7287,880d9dcae9fffff
7288,880d9d206dfffff
7289,880d8a00ddfffff
7290,880d99d2edfffff
7291,880d9dad49fffff
7292,880d9dc333fffff
7293,880d99920bfffff
7294,880d83c421fffff
7295,880d98b701fffff
7296,880d9c9425fffff
7297,880d998295fffff
7298,880d8360ddfffff
7299,880d830013fffff
7300,880d9d2aa1fffff
7301,880d9994c5fffff
7302,880d8a898bfffff
7303,880d98b6bbfffff
7304,880d9d5757fffff
7305,880d9d2cc9fffff
7306,880d8a7969fffff
7307,880d9dc431fffff
7308,880d9d0d39fffff
7309,880d8a0ae1fffff
7310,880d838851fffff
7311,880d9db851fffff
7312,880d834927fffff
7313,880d9d2ae9fffff
7314,880d9cb515fffff
7315,880d9d3619fffff
7316,880d8348adfffff
7317,880d9dc191fffff
7318,880d830983fffff
7319,880d9dd049fffff
7320,880d8ace5dfffff
7321,880d9d0935fffff
7322,880d9d1817fffff
7323,880d9dc6e1fffff
7324,880d9d2a07fffff
7325,880d9d1439fffff
7326,880d9d181bfffff
7327,880d99aae9fffff
7328,880d9c35dbfffff
7329,880d9d64cdfffff
7330,880d9db9ddfffff
7331,880d9db8b3fffff
7332,880d83c095fffff
7333,880d9dba85fffff
7334,880d834613fffff
7335,880d9d6b5bfffff
7336,880d8a7b57fffff
7337,880d9d725dfffff
7338,880d9d799dfffff
7339,880d9da0c9fffff
7340,880d998e0bfffff
7341,880d9d04b9fffff
7342,880d99accbfffff
7343,880d9da8c7fffff
7344,880d999637fffff
7345,880d9d71a1fffff
7346,880d9d41abfffff
7347,880d9d16ebfffff
7348,880d8a0363fffff
7349,880d9d4e5dfffff
7350,880d9d0a03fffff
7351,880d8a4751fffff
7352,880d8ad961fffff
7353,880d9cb2c9fffff
7354,880d9d2ac9fffff
7355,880d9914d1fffff
7356,880d9d01c5fffff
7357,880d9d36dbfffff
7358,880d8379d9fffff
7359,880d9cb653fffff
7360,880d834c29fffff
7361,880d8a482dfffff
7362,880d8a5a39fffff
7363,880d9d78cdfffff
7364,880d9d39c1fffff
7365,880d8a1107fffff
7366,880d9d4043fffff
7367,880d835a37fffff
7368,880d9d2193fffff
7369,880d9dc243fffff
7370,880d9d4627fffff
7371,880d9dc0d7fffff
7372,880d9da30dfffff
7373,880d9d7a41fffff
7374,880d9dcdd7fffff
7375,880d9dcd6bfffff
7376,880d9cb2adfffff
7377,880d83c9e9fffff
7378,880d9d6165fffff
7379,880d98b6d1fffff
7380,880d83c813fffff
7381,880ca4d74bfffff
7382,880d830d09fffff
7383,880d9dd60bfffff
7384,880d9dc72bfffff
7385,880d9d5551fffff
7386,880d9d95d9fffff
7387,880d8a0881fffff
7388,880d8a6137fffff
7389,880d8e5861fffff
7390,880d8ac989fffff
7391,880d9db9a1fffff
7392,880d9daa5bfffff
7393,880ca4d33dfffff
7394,880d993205fffff
7395,880d99325dfffff
7396,880d993657fffff
7397,880d9d8649fffff
7398,880d99a803fffff
7399,880d9d6c51fffff
7400,880d9d4c1bfffff
7401,880d9995e7fffff
7402,880d9d0d3dfffff
7403,880d831a3dfffff
7404,880d834acbfffff
7405,880d9d3447fffff
7406,880d9d16c9fffff
7407,880d9d0221fffff
7408,880d837027fffff
7409,880d9d0949fffff
7410,880d9d3025fffff
7411,880d9d4749fffff
7412,880d9d3299fffff
7413,880d9dab35fffff
7414,880d9d3047fffff
7415,880d83183bfffff
7416,880d9dc161fffff
7417,880d9d18a1fffff
7418,880d8369d1fffff
7419,880d8a4083fffff
7420,880d9d4dadfffff
7421,880d8a730bfffff
7422,880d83c55bfffff
7423,880d9984a9fffff
7424,880d9cb4b1fffff
7425,880d8358a1fffff
7426,880d9d50a3fffff
7427,880d834edbfffff
7428,880d836895fffff
7429,880d9d4599fffff
7430,880d99918dfffff
7431,880d999027fffff
7432,880d99b007fffff
7433,880d9ca0d5fffff
7434,880ca4d8b5fffff
7435,880d834307fffff
7436,880d998641fffff
7437,880d9d7907fffff
7438,880d9d6ae7fffff
7439,880d98b63dfffff
7440,880d9c3499fffff
7441,880d9d4067fffff
7442,880d9dac25fffff
7443,880d8a1009fffff
7444,880d9db811fffff
7445,880d8a476bfffff
7446,880d9d96dbfffff
7447,880d8a595bfffff
7448,880d9dc2b5fffff
7449,880d8a40e7fffff
7450,880d9d68d7fffff
7451,880d998163fffff
7452,880d9d7659fffff
7453,880d8a51e1fffff
7454,880d837a67fffff
7455,880d99936dfffff
7456,880d8318a9fffff
7457,880d9d2657fffff
7458,880d9dc429fffff
7459,880d9c94e3fffff
7460,880d9d6157fffff
7461,880d8a4653fffff
7462,880d836a59fffff
7463,880d9d0c13fffff
7464,880d9d3453fffff
7465,880d9dae69fffff
7466,880d8a4aa5fffff
7467,880d99a287fffff
7468,880d9dc517fffff
7469,880d9d5223fffff
7470,880d8a5839fffff
7471,880d999a3dfffff
7472,880d8a8d27fffff
7473,880d837945fffff
7474,880d99b0cdfffff
7475,880d834b27fffff
7476,880d8a7843fffff
7477,880d9d459bfffff
7478,880d999969fffff
7479,880d9ca1dbfffff
7480,880d836b11fffff
7481,880d83563dfffff
7482,880d9d7595fffff
7483,880d99a339fffff
7484,880d99b051fffff
7485,880d9d023dfffff
7486,880d99bb49fffff
7487,880d822c27fffff
7488,880d83150bfffff
7489,880d9d0351fffff
7490,880d9d35c1fffff
7491,880d838d31fffff
7492,880d9d065dfffff
7493,880d9d6109fffff
7494,880d9d78a7fffff
7495,880d9d019dfffff
7496,880d9d16edfffff
7497,880d9dae89fffff
7498,880d9da307fffff
7499,880d999893fffff
7500,880d830ac7fffff
7501,880d9d0b41fffff
7502,880d831b6dfffff
7503,880d9d6911fffff
7504,880d9c959dfffff
7505,880d8a10c1fffff
7506,880d9da993fffff
7507,880d8a12d7fffff
7508,880d9d2237fffff
7509,880d8a5845fffff
7510,880d8a421dfffff
7511,880d9d741bfffff
7512,880d8a6919fffff
7513,880d99d065fffff
7514,880d8372c7fffff
7515,880d9d0e93fffff
7516,880d9991b7fffff
7517,880d83cc39fffff
7518,880d9d2ee9fffff
7519,880d9dd1d7fffff
7520,880d9d763dfffff
7521,880d9d733dfffff
7522,880d822c05fffff
7523,880d9d84b5fffff
7524,880d9d89e7fffff
7525,880d830f2dfffff
7526,880d9d3b47fffff
7527,880d9d08e3fffff
7528,880d999b55fffff
7529,880d9d4709fffff
7530,880d8a6917fffff
7531,880d9992e5fffff
7532,880d9da003fffff
7533,880d9d6db5fffff
7534,880d9d95b3fffff
7535,880d9d6855fffff
7536,880d9cb513fffff
7537,880d9c34bbfffff
7538,880d8ac519fffff
7539,880d83112bfffff
7540,880ca4d0c3fffff
7541,880d83488dfffff
7542,880d83722dfffff
7543,880d835a43fffff
7544,880d8a7807fffff
7545,880d835957fffff
7546,880d8a6f65fffff
7547,880d998091fffff
7548,880ca4d817fffff
7549,880d9d6c11fffff
7550,880d9cb4e3fffff
7551,880d8a4223fffff
7552,880d83c5e3fffff
7553,880d8348b9fffff
7554,880d9d8969fffff
7555,880d9dc701fffff
7556,880d9d2507fffff
7557,880d834127fffff
7558,880d836105fffff
7559,880d99a139fffff
7560,880d9c255bfffff
7561,880d834653fffff
7562,880d9d3091fffff
7563,880d99b2cdfffff
7564,880d9da2edfffff
7565,880d999331fffff
7566,880d9d2e97fffff
7567,880d9dd283fffff
7568,880d9dc5e5fffff
7569,880d9d969dfffff
7570,880d9c34e9fffff
7571,880d9d1445fffff
7572,880d9dc86dfffff
7573,880d8a52bbfffff
7574,880d99d223fffff
7575,880d83c45dfffff
7576,880d836d6dfffff
7577,880d8a084bfffff
7578,880d9d0751fffff
7579,880d8a1ab9fffff
7580,880d8a68b7fffff
7581,880d8a0e5bfffff
7582,880d9c3429fffff
7583,880d9cb221fffff
7584,880d9d0d27fffff
7585,880d83c2adfffff
7586,880d9cb529fffff
7587,880d999a59fffff
7588,880d9dd8cdfffff
7589,880d9c3447fffff
7590,880d83cf11fffff
7591,880d8e5981fffff
7592,880d9da137fffff
7593,880d9dcf69fffff
7594,880d8308d3fffff
7595,880d9d6325fffff
7596,880ca4db33fffff
7597,880d83cdd1fffff
7598,880d9d65edfffff
7599,880d83688bfffff
7600,880d9d30d5fffff
7601,880d836d55fffff
7602,880d8a8ae1fffff
7603,880d9d6ac5fffff
7604,880d9dcdb9fffff
7605,880d8352a1fffff
7606,880d998cddfffff
7607,880d9dc221fffff
7608,880d99a355fffff
7609,880d8346b9fffff
7610,880d9d5629fffff
7611,880d9cb34bfffff
7612,880d8a4211fffff
7613,880d8a7265fffff
7614,880d83586bfffff
7615,880d99ba51fffff
7616,880d83470dfffff
7617,880d9d503dfffff
7618,880d8a7b1dfffff
7619,880d8370ebfffff
7620,880d9d7011fffff
7621,880d99a453fffff
7622,880d9d76dbfffff
7623,880d830a3bfffff
7624,880d9d8743fffff
7625,880d9d54ebfffff
7626,880d9dc4e3fffff
7627,880d9d2c61fffff
7628,880d8ac75bfffff
7629,880d8ad963fffff
7630,880d837189fffff
7631,880d9dcd43fffff
7632,880d831149fffff
7633,880d830907fffff
7634,880d9d4351fffff
7635,880d834303fffff
7636,880d9d28c3fffff
7637,880d9d6467fffff
7638,880d837a07fffff
7639,880d9d46c3fffff
7640,880d834c6dfffff
7641,880d9d10b1fffff
7642,880d9991d9fffff
7643,880d836961fffff
7644,880d9d7415fffff
7645,880d98b72bfffff
7646,880ca4d85dfffff
7647,880d9d1709fffff
7648,880d9ca5b1fffff
7649,880d9d1645fffff
7650,880d9d3415fffff
7651,880d836b29fffff
7652,880d8acf07fffff
7653,880d83cf0bfffff
7654,880d9ca5c5fffff
7655,880d9da1e5fffff
7656,880d83cd31fffff
7657,880d9d7b29fffff
7658,880d8a6da3fffff
7659,880d9da2abfffff
7660,880d998563fffff
7661,880d8a133bfffff
7662,880d9cb203fffff
7663,880d8a4693fffff
7664,880d8a7553fffff
7665,880d9d4c9dfffff
7666,880d9d000bfffff
7667,880d830121fffff
7668,880d8a7837fffff
7669,880d9d2e21fffff
7670,880d9dc8e5fffff
7671,880d9dc1a9fffff
7672,880d831225fffff
7673,880d99b851fffff
7674,880d830193fffff
7675,880d9cadc1fffff
7676,880d8301a7fffff
7677,880d9dc96dfffff
7678,880d9d7225fffff
7679,880d8a5a61fffff
7680,880d8a4851fffff
7681,880d9d0a8bfffff
7682,880d9d2913fffff
7683,880d822ee1fffff
7684,880d9d6ae3fffff
7685,880d99834bfffff
7686,880d8a0131fffff
7687,880d830b57fffff
7688,880d9d4199fffff
7689,880d9dc561fffff
7690,880d8a415dfffff
7691,880d998b17fffff
7692,880d9d6d15fffff
7693,880d836cb7fffff
7694,880d9d0467fffff
7695,880d9db963fffff
7696,880d9da013fffff
7697,880d9d9411fffff
7698,880d830845fffff
7699,880d8a12bbfffff
7700,880d8a58b3fffff
7701,880d835061fffff
7702,880d9c3483fffff
7703,880d8a4a6dfffff
7704,880d9ca693fffff
7705,880d831297fffff
7706,880d835729fffff
7707,880d9996e7fffff
7708,880d8a55d7fffff
7709,880d9d6215fffff
7710,880d9c34a5fffff
7711,880d9d7209fffff
7712,880d9dd1b9fffff
7713,880d8ac5b5fffff
7714,880d9d7639fffff
7715,880d9d1493fffff
7716,880d9d95cbfffff
7717,880d8a4c4dfffff
7718,880d8a0f4dfffff
7719,880d9d5243fffff
7720,880d831119fffff
7721,880d8a46a5fffff
7722,880d9c34cdfffff
7723,880d998609fffff
7724,880d9d6693fffff
7725,880d9d71bbfffff
7726,880d9d7739fffff
7727,880d835245fffff
7728,880d9d96d7fffff
7729,880d9dc98dfffff
7730,880d9d016bfffff
7731,880d9c969dfffff
7732,880d99b703fffff
7733,880d836819fffff
7734,880ca4dabbfffff
7735,880d8acde1fffff
7736,880d83684bfffff
7737,880d99989dfffff
7738,880d998655fffff
7739,880d998065fffff
7740,880d834ccbfffff
7741,880d8a48b7fffff
7742,880d9d6e4dfffff
7743,880d83489dfffff
7744,880d8a092dfffff
7745,880d83cf39fffff
7746,880d8a0a27fffff
7747,880d9d0289fffff
7748,880d8a6d3dfffff
7749,880d9d6d97fffff
7750,880ca4d743fffff
7751,880d99b461fffff
7752,880d9d65d3fffff
7753,880d9d14bdfffff
7754,880d998331fffff
7755,880d9dd659fffff
7756,880d8346adfffff
7757,880d834c27fffff
7758,880d836011fffff
7759,880d9dcd07fffff
7760,880d9d7837fffff
7761,880d830c01fffff
7762,880d99a9c3fffff
7763,880d9d4cd5fffff
7764,880d9d2595fffff
7765,880d99a1a5fffff
7766,880d9d69b1fffff
7767,880d83c519fffff
7768,880d9d70e7fffff
7769,880d9d18c1fffff
7770,880d9db2e7fffff
7771,880d8a4c39fffff
7772,880d838c31fffff
7773,880d991699fffff
7774,880d8a41b1fffff
7775,880d9dd447fffff
7776,880d9c20dbfffff
7777,880d8a1b57fffff
7778,880d83cd11fffff
7779,880d9dcd9bfffff
7780,880d8361c5fffff
7781,880d9db18bfffff
7782,880d9c9467fffff
7783,880d835b1dfffff
7784,880d834721fffff
7785,880d836ce3fffff
7786,880d9d75b3fffff
7787,880d99b923fffff
7788,880d9cb209fffff
7789,880d8a56e1fffff
7790,880d9d8681fffff
7791,880d9d6b01fffff
7792,880d9d3625fffff
7793,880d8ac6a3fffff
7794,880d9d70d3fffff
7795,880d9d4193fffff
7796,880d9d3509fffff
7797,880d99d253fffff
7798,880d9ca4b3fffff
7799,880d9d36a3fffff
7800,880d83cc8dfffff
7801,880d9d3623fffff
7802,880d9ca5d3fffff
7803,880d99a129fffff
7804,880d8a40b9fffff
7805,880d838f11fffff
7806,880d9d2705fffff
7807,880d9d6515fffff
7808,880d8a18b7fffff
7809,880d8a88e1fffff
7810,880d9d84d5fffff
7811,880d9d6a31fffff
7812,880d834083fffff
7813,880d9c3681fffff
7814,880d8309bbfffff
7815,880d9d725bfffff
7816,880d999117fffff
7817,880d8a1a2dfffff
7818,880d9d78d5fffff
7819,880d99a2a9fffff
7820,880ca4d1e1fffff
7821,880d9dccc9fffff
7822,880d99ba69fffff
7823,880d9cb5b3fffff
7824,880d83caedfffff
7825,880d99ac09fffff
7826,880d99ae65fffff
7827,880d836a6dfffff
7828,880d99b533fffff
7829,880d9d00b9fffff
7830,880d9d4e3bfffff
7831,880d99b9d5fffff
7832,880d8a50b7fffff
7833,880d99a261fffff
7834,880d835645fffff
7835,880d9d08b9fffff
7836,880d8ac529fffff
7837,880d9d01ebfffff
7838,880d9d39c9fffff
7839,880d8a12a5fffff
7840,880d98a6ebfffff
7841,880d99bb11fffff
7842,880d8a448bfffff
7843,880d8379e5fffff
7844,880d999663fffff
7845,880d9980e9fffff
7846,880d9dcd33fffff
7847,880d9c2233fffff
7848,880d9d14c7fffff
7849,880d998e33fffff
7850,880d9d80d7fffff
7851,880d9d299dfffff
7852,880d998e27fffff
7853,880d9d2ed1fffff
7854,880d99b8cdfffff
7855,880d9d30b9fffff
7856,880d9dd2d5fffff
7857,880d9d3987fffff
7858,880d83c00dfffff
7859,880d9dd2a9fffff
7860,880d9d6881fffff
7861,880d9dac6dfffff
7862,880d8a4cd7fffff
7863,880d8a505dfffff
7864,880d99855bfffff
7865,880d9d4061fffff
7866,880d9d119dfffff
7867,880d9d552bfffff
7868,880d9da34bfffff
7869,880d8a4adbfffff
7870,880d99d343fffff
7871,880d830939fffff
7872,880d9d0e9dfffff
7873,880d8ac727fffff
7874,880d99a183fffff
7875,880d8ac4a7fffff
7876,880d9dc753fffff
7877,880d9d15b1fffff
7878,880d99bb33fffff
7879,880d9d7065fffff
7880,880d8a5433fffff
7881,880ca4d983fffff
7882,880d9d7131fffff
7883,880d835857fffff
7884,880d8a5b13fffff
7885,880d83c6abfffff
7886,880d999aebfffff
7887,880d9caf55fffff
7888,880d9d2a63fffff
7889,880d9d5339fffff
7890,880d8a6255fffff
7891,880d9d4493fffff
7892,880d9d3593fffff
7893,880d8a1885fffff
7894,880d98b40dfffff
7895,880d835639fffff
7896,880d8a19c1fffff
7897,880d9dc2c5fffff
7898,880d9d6655fffff
7899,880d9d2967fffff
7900,880d836c2bfffff
7901,880d99aad7fffff
7902,880d9d3589fffff
7903,880d9995b9fffff
7904,880d99a151fffff
7905,880d8355b3fffff
7906,880d8a42cbfffff
7907,880d999885fffff
7908,880d9d022bfffff
7909,880d9d2de3fffff
7910,880d98b0d1fffff
7911,880d8355d5fffff
7912,880d9c9647fffff
7913,880d99d663fffff
7914,880d9dba4bfffff
7915,880d8a69e9fffff
7916,880d8a424dfffff
7917,880d8a5ae7fffff
7918,880d99ae2bfffff
7919,880d98b4e1fffff
7920,880d8a503bfffff
7921,880d9dd003fffff
7922,880d9d2b3bfffff
7923,880d8adb0dfffff
7924,880d9dc6c9fffff
7925,880d9d043dfffff
7926,880d9ca091fffff
7927,880d834a07fffff
7928,880d9d26e7fffff
7929,880d99a5c9fffff
7930,880d9ddaadfffff
7931,880d9c86e3fffff
7932,880d98b72dfffff
7933,880d9d442dfffff
7934,880d9c371bfffff
7935,880d99b6c3fffff
7936,880d9d4695fffff
7937,880d8a596dfffff
7938,880d9d2c83fffff
7939,880d9d715bfffff
7940,880d9d7241fffff
7941,880d99b5cdfffff
7942,880d8a796dfffff
7943,880d9cb423fffff
7944,880d9d7123fffff
7945,880d8a56cbfffff
7946,880d9cb51bfffff
7947,880d9d2025fffff
7948,880d9936d3fffff
7949,880d83c42dfffff
7950,880d9c3765fffff
7951,880d8a44b1fffff
7952,880d830d99fffff
7953,880d9ca2c3fffff
7954,880d9d14e9fffff
7955,880d9da315fffff
7956,880d8a114bfffff
7957,880d836057fffff
7958,880d9d6023fffff
7959,880d83531bfffff
7960,880d999725fffff
7961,880d99d351fffff
7962,880d9d25d5fffff
7963,880d8354e1fffff
7964,880d9d2a4dfffff
7965,880d9d31b5fffff
7966,880d9d2acbfffff
7967,880d9d1553fffff
7968,880d9dca47fffff
7969,880d998ebbfffff
7970,880d9d0e43fffff
7971,880d8acd65fffff
7972,880d834f6bfffff
7973,880d9d1a55fffff
7974,880d8a4813fffff
7975,880d9d6f1dfffff
7976,880d9d52a3fffff
7977,880d8a5289fffff
7978,880ca4d737fffff
7979,880d8a4abbfffff
7980,880ca4d859fffff
7981,880d8a00b1fffff
7982,880d9d335dfffff
7983,880d830c39fffff
7984,880d998133fffff
7985,880d9d5017fffff
7986,880d8a529bfffff
7987,880d9d2351fffff
7988,880d834253fffff
7989,880d9da1d7fffff
7990,880d8a0853fffff
7991,880d9d6117fffff
7992,880d99b8edfffff
7993,880d8a62c7fffff
7994,880d9dd8a1fffff
7995,880ca4db21fffff
7996,880d9d782dfffff
7997,880d99ad63fffff
7998,880d8a4615fffff
7999,880d9d0ae3fffff
8000,880d99914dfffff
8001,880d83510bfffff
8002,880d8a7a17fffff
8003,880d9d3403fffff
8004,880d9d2d87fffff
8005,880d8a5a03fffff
8006,880d9d69d9fffff
8007,880d9d2aa9fffff
8008,880d9dc8b7fffff
8009,880d998291fffff
8010,880d99b497fffff
8011,880d99ab31fffff
8012,880d999561fffff
8013,880d9d0739fffff
8014,880d9d45e5fffff
8015,880d83ccc1fffff
8016,880d9d5587fffff
8017,880d99d691fffff
8018,880d9d42dbfffff
8019,880d99a083fffff
8020,880d99b903fffff
8021,880d998341fffff
8022,880d99845bfffff
8023,880d9d6c59fffff
8024,880d9d40a9fffff
8025,880d99a1d7fffff
8026,880d999563fffff
8027,880d9d18e1fffff
8028,880d9d7b31fffff
8029,880d998b6dfffff
8030,880d9cb5cdfffff
8031,880d836f57fffff
8032,880d9d0661fffff
8033,880d8a0201fffff
8034,880d9d45abfffff
8035,880d9d8633fffff
8036,880d9d78d9fffff
8037,880d83431dfffff
8038,880d9d5357fffff
8039,880d835b01fffff
8040,880d9d74a7fffff
8041,880d9d2a23fffff
8042,880d9d7649fffff
8043,880d99a5c3fffff
8044,880d9dc523fffff
8045,880d83c065fffff
8046,880d834689fffff
8047,880d83411dfffff
8048,880d8a798dfffff
8049,880d9d2289fffff
8050,880d834cd9fffff
8051,880d822e9bfffff
8052,880d831b27fffff
8053,880d998e9bfffff
8054,880d9dd64dfffff
8055,880d9d6cd7fffff
8056,880d831259fffff
8057,880d9c968dfffff
8058,880d8a4c97fffff
8059,880d8ac599fffff
8060,880d9d5251fffff
8061,880d9db355fffff
8062,880d836e45fffff
8063,880d99b6a5fffff
8064,880d8356cbfffff
8065,880d9d2e19fffff
8066,880d83c583fffff
8067,880d831359fffff
8068,880ca4d44dfffff
8069,880d98b603fffff
8070,880d8a1a4bfffff
8071,880d8a4863fffff
8072,880d8ace4bfffff
8073,880d9991e7fffff
8074,880d99a4b3fffff
8075,880d9d863bfffff
8076,880d9cb41bfffff
8077,880d99d2c9fffff
8078,880d9d2855fffff
8079,880d9cb245fffff
8080,880d9d4753fffff
8081,880d83090bfffff
8082,880d9d0a5dfffff
8083,880d8a5abbfffff
8084,880d9dcc19fffff
8085,880d9d01a1fffff
8086,880d8a6835fffff
8087,880d8a4333fffff
8088,880d9da20dfffff
8089,880d8a10cdfffff
8090,880d9daf37fffff
8091,880d9d3ab1fffff
8092,880d834f27fffff
8093,880ca4d63bfffff
8094,880d8a46d5fffff
8095,880d8a469bfffff
8096,880d9cb595fffff
8097,880d9dd9a3fffff
8098,880d9d7221fffff
8099,880d834c83fffff
8100,880d99acd5fffff
8101,880d8e5a09fffff
8102,880ca4c327fffff
8103,880d83c093fffff
8104,880d836f07fffff
8105,880d8a44ebfffff
8106,880d9dcf4dfffff
8107,880d99b6c5fffff
8108,880d9d651bfffff
8109,880d9d0251fffff
8110,880d99ab09fffff
8111,880d9d7899fffff
8112,880d9c2603fffff
8113,880d9d62a5fffff
8114,880d99a333fffff
8115,880d837807fffff
8116,880d835761fffff
8117,880d99b539fffff
8118,880d8ac9d5fffff
8119,880d9d51b5fffff
8120,880d8a5591fffff
8121,880d9d25cdfffff
8122,880d8a418bfffff
8123,880d9d446bfffff
8124,880d8359adfffff
8125,880d9d6cbbfffff
8126,880d9984edfffff
8127,880d9d554bfffff
8128,880d9d6d37fffff
8129,880d99b333fffff
8130,880d8accb7fffff
8131,880d8301adfffff
8132,880d830e63fffff
8133,880d8360bbfffff
8134,880d99d219fffff
8135,880d8a533dfffff
8136,880d9d3345fffff
8137,880d9d7993fffff
8138,880d998451fffff
8139,880d9d3917fffff
8140,880d9d1a29fffff
8141,880d8a7b0bfffff
8142,880d83c0c1fffff
8143,880d83123dfffff
8144,880d8a46c5fffff
8145,880d9dd915fffff
8146,880d99d689fffff
8147,880d9d3319fffff
8148,880d9dc1b1fffff
8149,880d9d35a1fffff
8150,880d9d28bdfffff
8151,880d98b459fffff
8152,880d9d0d65fffff
8153,880d83c4c9fffff
8154,880d830063fffff
8155,880d998a49fffff
8156,880d999943fffff
8157,880d98a491fffff
8158,880d8a0b49fffff
8159,880d837301fffff
8160,880d9dda85fffff
8161,880d9db9b1fffff
8162,880d9dbb03fffff
8163,880d8e4b43fffff
8164,880d9dc9a7fffff
8165,880d9d2247fffff
8166,880ca4c30dfffff
8167,880d9c943dfffff
8168,880d83511dfffff
8169,880d8389b3fffff
8170,880d8389e3fffff
8171,880d8a50c7fffff
8172,880d9d2d27fffff
8173,880d9d3009fffff
8174,880d999897fffff
8175,880d9dce3bfffff
8176,880d8a8f6dfffff
8177,880d9d7683fffff
8178,880d9db36bfffff
8179,880d834d41fffff
8180,880d9d0b49fffff
8181,880d9dc32dfffff
8182,880d8a4421fffff
8183,880d8a6b63fffff
8184,880d9d1949fffff
8185,880d9d0567fffff
8186,880d831201fffff
8187,880d9d4c25fffff
8188,880d9984e5fffff
8189,880d830117fffff
8190,880d8350edfffff
8191,880d9d39e9fffff
8192,880d8acdadfffff
8193,880d8a12c7fffff
8194,880d9d5741fffff
8195,880d9db92bfffff
8196,880d8a0301fffff
8197,880d9986cdfffff
8198,880d8a018bfffff
8199,880d8a8d43fffff
8200,880d9d54c1fffff
8201,880d8a4537fffff
8202,880d99a455fffff
8203,880d9dc595fffff
8204,880d99b44dfffff
8205,880d8a5431fffff
8206,880d99b50dfffff
8207,880ca4d8a1fffff
8208,880d98b4b7fffff
8209,880d9db24bfffff
8210,880d835087fffff
8211,880d9d0623fffff
8212,880d9d9487fffff
8213,880d9dc6c7fffff
8214,880d9d4249fffff
8215,880d9dd66dfffff
8216,880d9d7409fffff
8217,880d9c34b5fffff
8218,880d9d0737fffff
8219,880d9db8c3fffff
8220,880d9981b9fffff
8221,880d9db1b1fffff
8222,880d9dd5dbfffff
8223,880d999723fffff
8224,880d9dc58dfffff
8225,880d9d6e09fffff
8226,880d99b831fffff
8227,880d9d6a81fffff
8228,880d99a259fffff
8229,880d9cb319fffff
8230,880d9cb75bfffff
8231,880d834917fffff
8232,880ca4d759fffff
8233,880d9d4e95fffff
8234,880d8a5b21fffff
8235,880d9c24d5fffff
8236,880d9d2167fffff
8237,880d8a596bfffff
8238,880d99b509fffff
8239,880d9d3031fffff
8240,880d830039fffff
8241,880d99ae05fffff
8242,880d8a7433fffff
8243,880d83695dfffff
8244,880d8a5931fffff
8245,880d8a59dbfffff
8246,880d99b90bfffff
8247,880d99a567fffff
8248,880d9d7133fffff
8249,880d9ca5d7fffff
8250,880d9da20bfffff
8251,880d9d6435fffff
8252,880d9dd5a5fffff
8253,880d9d2419fffff
8254,880d9d74abfffff
8255,880d8a0d6bfffff
8256,880d8a7b25fffff
8257,880d9dc893fffff
8258,880d9d86cbfffff
8259,880d83cd69fffff
8260,880d9d4ca3fffff
8261,880d83c6a5fffff
8262,880d8360c5fffff
8263,880d8ac0a9fffff
8264,880d8340ddfffff
8265,880d836cb3fffff
8266,880d8a6819fffff
8267,880d9d15b7fffff
8268,880d83475dfffff
8269,880d9d4765fffff
8270,880d9999dbfffff
8271,880d9dda67fffff
8272,880d9d5265fffff
8273,880d9d2cd3fffff
8274,880d9992d5fffff
8275,880d8a54e9fffff
8276,880d8340b9fffff
8277,880d8a0191fffff
8278,880d99b235fffff
8279,880d99b53dfffff
8280,880d99813bfffff
8281,880d835589fffff
8282,880d8acc27fffff
8283,880d8a7b03fffff
8284,880d99a45dfffff
8285,880d9d3551fffff
8286,880d83c69bfffff
8287,880d9d45a3fffff
8288,880d99ae43fffff
8289,880ca4d71bfffff
8290,880d9daee7fffff
8291,880d9d40b1fffff
8292,880ca4d651fffff
8293,880d9d94bdfffff
8294,880d9c36c3fffff
8295,880d830b5bfffff
8296,880d99a15dfffff
8297,880d9dc90dfffff
8298,880d9c364bfffff
8299,880d99b40dfffff
8300,880d9d5497fffff
8301,880d8a5ad1fffff
8302,880d9d7425fffff
8303,880d9dba97fffff
8304,880d8a0365fffff
8305,880d83783dfffff
8306,880d836d01fffff
8307,880d9d6433fffff
8308,880d834c43fffff
8309,880d83685bfffff
8310,880d9cb551fffff
8311,880d9cb617fffff
8312,880d830987fffff
8313,880d8301d1fffff
8314,880d8acc6bfffff
8315,880d8a6c03fffff
8316,880d9d0831fffff
8317,880d99b1a3fffff
8318,880d9d0aa5fffff
8319,880d9cb745fffff
8320,880d99b747fffff
8321,880d998eabfffff
8322,880d9c2643fffff
8323,880d9d9599fffff
8324,880d9d7491fffff
8325,880d834cddfffff
8326,880d9dd739fffff
8327,880d9dc81dfffff
8328,880d98b637fffff
8329,880d8a89d3fffff
8330,880d9d79a1fffff
8331,880d9d1521fffff
8332,880d9991d3fffff
8333,880d9ca647fffff
8334,880d8ac61dfffff
8335,880d9dc865fffff
8336,880d8a8a91fffff
8337,880d998f11fffff
8338,880d9d1963fffff
8339,880d9d38abfffff
8340,880d837913fffff
8341,880d8a1529fffff
8342,880d8a52d7fffff
8343,880d9d1495fffff
8344,880d8a45edfffff
8345,880d9d7655fffff
8346,880d9daa19fffff
8347,880d9d1957fffff
8348,880d9cb497fffff
8349,880d9c3513fffff
8350,880d9dd0c7fffff
8351,880d835635fffff
8352,880d831867fffff
8353,880d9d4401fffff
8354,880d9d0ea1fffff
8355,880d836e6bfffff
8356,880d9d8291fffff
8357,880d9dd965fffff
8358,880d83549bfffff
8359,880d834843fffff
8360,880d9dd0d3fffff
8361,880d9d2a65fffff
8362,880d9d0367fffff
8363,880d9cb239fffff
8364,880d9dac99fffff
8365,880d9d408bfffff
8366,880d9dc267fffff
8367,880d8a0269fffff
8368,880d835699fffff
8369,880d9dd44bfffff
8370,880d8a55cbfffff
8371,880d9984b7fffff
8372,880d9d36a7fffff
8373,880d9dacadfffff
8374,880d830f2bfffff
8375,880d8a8959fffff
8376,880d835749fffff
8377,880d9ca439fffff
8378,880d99d155fffff
8379,880d83ce1bfffff
8380,880d8a52a1fffff
8381,880d822d49fffff
8382,880d9d25d7fffff
8383,880d8a0aa5fffff
8384,880d8a4901fffff
8385,880d834569fffff
8386,880d99b1b3fffff
8387,880d9d3937fffff
8388,880d8a404dfffff
8389,880d8a0a3dfffff
8390,880d9d258dfffff
8391,880d830207fffff
8392,880d83c5c9fffff
8393,880d836951fffff
8394,880d9dd9a1fffff
8395,880d9d28b5fffff
8396,880d9dca4dfffff
8397,880d998f69fffff
8398,880d8a6b57fffff
8399,880d8a482bfffff
8400,880d99850bfffff
8401,880d834d07fffff
8402,880d9dc4a5fffff
8403,880d9dc853fffff
8404,880d9da295fffff
8405,880d834855fffff
8406,880d9d0e3bfffff
8407,880d9d6d35fffff
8408,880d83c6b1fffff
8409,880d9dd741fffff
8410,880d99a0a3fffff
8411,880d9dab67fffff
8412,880d99ba1bfffff
8413,880d836a65fffff
8414,880d83ca83fffff
8415,880d9992a1fffff
8416,880d8a481dfffff
8417,880d8a0f15fffff
8418,880d9c8685fffff
8419,880d8354b7fffff
8420,880d8a5b0dfffff
8421,880d9da229fffff
8422,880d83550bfffff
8423,880d9d2eb7fffff
8424,880d8a55adfffff
8425,880d9d7b6dfffff
8426,880d9d2505fffff
8427,880d9d373dfffff
8428,880d999201fffff
8429,880d99a221fffff
8430,880d822523fffff
8431,880d998423fffff
8432,880d9d4459fffff
8433,880d8a402dfffff
8434,880d8a6069fffff
8435,880d9dd267fffff
8436,880d9d612bfffff
8437,880d8e494bfffff
8438,880d98a65bfffff
8439,880d8a51a9fffff
8440,880d999341fffff
8441,880d9d6063fffff
8442,880d8a88d5fffff
8443,880d99d14dfffff
8444,880d83cc81fffff
8445,880d999907fffff
8446,880d998a13fffff
8447,880d8e5987fffff
8448,880d9d081dfffff
8449,880d831057fffff
8450,880d998731fffff
8451,880d83cee1fffff
8452,880d831045fffff
8453,880d9d51c7fffff
8454,880d8a4d5dfffff
8455,880d9d44e7fffff
8456,880d8341d9fffff
8457,880d998c3bfffff
8458,880d9d6099fffff
8459,880d9c942bfffff
8460,880ca4d235fffff
8461,880d834c59fffff
8462,880d9dd947fffff
8463,880d9c30b1fffff
8464,880d9d72ddfffff
8465,880d9d6e1bfffff
8466,880d836cbdfffff
8467,880d8ad4a1fffff
8468,880d83496bfffff
8469,880d9d0e15fffff
8470,880d8adb5bfffff
8471,880d9db023fffff
8472,880d9d76a9fffff
8473,880d9db8adfffff
8474,880d83cf17fffff
8475,880d9dc025fffff
8476,880d8350c5fffff
8477,880d836c0dfffff
8478,880d834c41fffff
8479,880d9d4617fffff
8480,880d8a8817fffff
8481,880d8a6d33fffff
8482,880d8a4d6bfffff
8483,880d8a7717fffff
8484,880d999499fffff
8485,880d9d6849fffff
8486,880ca4da15fffff
8487,880d99d6e9fffff
8488,880d9dce37fffff
8489,880d98b61bfffff
8490,880d8a8837fffff
8491,880d9d2815fffff
8492,880d8a1a21fffff
8493,880d9d4713fffff
8494,880d9da963fffff
8495,880d8e5961fffff
8496,880d9d5345fffff
8497,880d8a5967fffff
8498,880d9d1601fffff
8499,880d8a409dfffff
8500,880d9d7121fffff
8501,880d9dadd7fffff
8502,880d9d8b47fffff
8503,880d9d6095fffff
8504,880d8a552bfffff
8505,880d8340d7fffff
8506,880d8a1187fffff
8507,880d83cf63fffff
8508,880d834e1dfffff
8509,880d99bb5dfffff
8510,880d9d0c3bfffff
8511,880d8e4823fffff
8512,880d9dcea3fffff
8513,880d8a89abfffff
8514,880d99160dfffff
8515,880d9db8b1fffff
8516,880d9d5561fffff
8517,880d998861fffff
8518,880d9d685bfffff
8519,880d99b9d7fffff
8520,880d999417fffff
8521,880d83cc5bfffff
8522,880d83611bfffff
8523,880d8a18d5fffff
8524,880d9dc993fffff
8525,880d9db8e1fffff
8526,880d834e53fffff
8527,880d998ce7fffff
8528,880d9d245dfffff
8529,880d9d7861fffff
8530,880d834717fffff
8531,880d83718bfffff
8532,880d9dd157fffff
8533,880d9dada3fffff
8534,880d9d7363fffff
8535,880d9d30d7fffff
8536,880d8ad595fffff
8537,880d9ca557fffff
8538,880d83ce65fffff
8539,880d99a4bbfffff
8540,880d99b5e7fffff
8541,880d8a6887fffff
8542,880d8a89e3fffff
8543,880d998635fffff
8544,880d9d0197fffff
8545,880d834a45fffff
8546,880d9991a9fffff
8547,880d8a4a91fffff
8548,880d9daac3fffff
8549,880d9cb499fffff
8550,880d83c8a7fffff
8551,880d9d229bfffff
8552,880d83533bfffff
8553,880d8a511bfffff
8554,880d9cb5a7fffff
8555,880d837929fffff
8556,880d9d5765fffff
8557,880d8ad493fffff
8558,880d9daad5fffff
8559,880d822d11fffff
8560,880d9dd567fffff
8561,880d9c2703fffff
8562,880d830017fffff
8563,880d9ddb37fffff
8564,880ca4d289fffff
8565,880d8a6863fffff
8566,880d8a1861fffff
8567,880d9d008dfffff
8568,880d9d20d9fffff
8569,880d8a5295fffff
8570,880d99b4b9fffff
8571,880d9d78c5fffff
8572,880d9d2061fffff
8573,880d9ca037fffff
8574,880d8acc85fffff
8575,880d83596dfffff
8576,880d9d31cdfffff
8577,880d99aad9fffff
8578,880d9dba03fffff
8579,880d99818bfffff
8580,880ca4da69fffff
8581,880d9c9623fffff
8582,880d8a4c17fffff
8583,880d83005dfffff
8584,880d8a5843fffff
8585,880d998e13fffff
8586,880ca4d0d7fffff
8587,880d99a33bfffff
8588,880d8acd45fffff
8589,880d9d2939fffff
8590,880d99b4d9fffff
8591,880d9d3997fffff
8592,880d834821fffff
8593,880d8a62d3fffff
8594,880d99a5ddfffff
8595,880d9d64adfffff
8596,880d9cb753fffff
8597,880d8a59bbfffff
8598,880d83494bfffff
8599,880d9d78bbfffff
8600,880d9d19e9fffff
8601,880d83450dfffff
8602,880d9dcc2dfffff
8603,880d830adbfffff
8604,880ca4db43fffff
8605,880d9dae3bfffff
8606,880d8356abfffff
8607,880d9d6e15fffff
8608,880d837105fffff
8609,880d9da0bbfffff
8610,880d8a5803fffff
8611,880d8a5a21fffff
8612,880d8a6d59fffff
8613,880d8358a7fffff
8614,880d9dbaabfffff
8615,880d9d3a87fffff
8616,880d83c057fffff
8617,880d9dc82bfffff
8618,880d8370c9fffff
8619,880d9dae67fffff
8620,880d99aa21fffff
8621,880d834c3bfffff
8622,880d9dc105fffff
8623,880d8352c5fffff
8624,880d9d2f21fffff
8625,880d9db001fffff
8626,880d9d0281fffff
8627,880d9d56ddfffff
8628,880d831065fffff
8629,880d9d0491fffff
8630,880d83154dfffff
8631,880d9dc245fffff
8632,880d8a5919fffff
8633,880d8a5423fffff
8634,880d8a18b1fffff
8635,880d9ca757fffff
8636,880d9cae23fffff
8637,880d998b33fffff
8638,880d9d3445fffff
8639,880d9dd11dfffff
8640,880d8a56a1fffff
8641,880ca4d8b7fffff
8642,880d834f45fffff
8643,880d9d5617fffff
8644,880d99a0dbfffff
8645,880d9db84bfffff
8646,880d834937fffff
8647,880d83021dfffff
8648,880d834ec7fffff
8649,880d9d2b51fffff
8650,880d9d4f19fffff
8651,880d9da033fffff
8652,880d9d08edfffff
8653,880d8a0215fffff
8654,880d9da9abfffff
8655,880d9d0cc3fffff
8656,880d8a7551fffff
8657,880d835909fffff
8658,880d9dd411fffff
8659,880d8a0a33fffff
8660,880d99b2c7fffff
8661,880d8a530dfffff
8662,880d834719fffff
8663,880d99a289fffff
8664,880d838ad5fffff
8665,880d9d96a1fffff
8666,880d9da319fffff
8667,880d9d5603fffff
8668,880d9cadb7fffff
8669,880d8a41dbfffff
8670,880d998491fffff
8671,880d9d7623fffff
8672,880d9d1091fffff
8673,880d998f17fffff
8674,880d9d4597fffff
8675,880d9dab21fffff
8676,880d83090dfffff
8677,880d8a01d9fffff
8678,880d99d213fffff
8679,880d9d3285fffff
8680,880d9db531fffff
8681,880d9d24edfffff
8682,880d8378c7fffff
8683,880d9d5743fffff
8684,880d9d6c83fffff
8685,880d9d01c7fffff
8686,880d9daa37fffff
8687,880d9daac7fffff
8688,880d8a40b7fffff
8689,880d9d4db7fffff
8690,880d99ae95fffff
8691,880d9da089fffff
8692,880d99908dfffff
8693,880d998153fffff
8694,880d835753fffff
8695,880d9d0acdfffff
8696,880d9d758bfffff
8697,880d9d0193fffff
8698,880d9dd5a7fffff
8699,880d8356a9fffff
8700,880d9d506bfffff
8701,880d835aa7fffff
8702,880d9db953fffff
8703,880d9d6b69fffff
8704,880d9dd36bfffff
8705,880d822cc3fffff
8706,880d9d874dfffff
8707,880d9dc22dfffff
8708,880d9d2805fffff
8709,880d9d65c3fffff
8710,880d9d4733fffff
8711,880d9da323fffff
8712,880d98b669fffff
8713,880d8a1a27fffff
8714,880d8a4ebdfffff
8715,880d9d28e5fffff
8716,880d9d6cc3fffff
8717,880d9c9661fffff
8718,880d8a62ebfffff
8719,880d9dc911fffff
8720,880d9dbab3fffff
8721,880d8a755bfffff
8722,880d9d6155fffff
8723,880d8360d7fffff
8724,880d9dce6bfffff
8725,880d9936c7fffff
8726,880d99b6d9fffff
8727,880ca4da49fffff
8728,880d9ddaa9fffff
8729,880d8a884bfffff
8730,880d9c354bfffff
8731,880d9dcde9fffff
8732,880d8a472bfffff
8733,880d836969fffff
8734,880d998a83fffff
8735,880d83683dfffff
8736,880ca4d135fffff
8737,880d8e49c9fffff
8738,880d9dc859fffff
8739,880d8a6043fffff
8740,880d998309fffff
8741,880d9d78e3fffff
8742,880d8a46b1fffff
8743,880d999b17fffff
8744,880d9d1943fffff
8745,880ca4d2a5fffff
8746,880d9916d3fffff
8747,880d99a161fffff
8748,880d8a1aa9fffff
8749,880d830d03fffff
8750,880d98b5dbfffff
8751,880d9d6591fffff
8752,880d99a69dfffff
8753,880d83793bfffff
8754,880d99d019fffff
8755,880d9d1695fffff
8756,880d8a51e7fffff
8757,880d822c01fffff
8758,880d9d3185fffff
8759,880d9d4d95fffff
8760,880d98b6c5fffff
8761,880d9995c1fffff
8762,880d9d62d9fffff
8763,880d835a9dfffff
8764,880d8a5489fffff
8765,880d834a85fffff
8766,880d83cf29fffff
8767,880d9dd455fffff
8768,880d8a7715fffff
8769,880d9d5695fffff
8770,880d836827fffff
8771,880d83124bfffff
8772,880d8301b1fffff
8773,880d8a4f17fffff
8774,880d9d31a3fffff
8775,880d98b4d3fffff
8776,880d83c4ddfffff
8777,880d83c15bfffff
8778,880d8ac0ddfffff
8779,880d830045fffff
8780,880d8356adfffff
8781,880d83524dfffff
8782,880d83525bfffff
8783,880d837233fffff
8784,880d8a48abfffff
8785,880d9da125fffff
8786,880d9d1599fffff
8787,880d9cb645fffff
8788,880d834d9bfffff
8789,880d9d55d7fffff
8790,880d8a02b5fffff
8791,880d837a4bfffff
8792,880d9ddad7fffff
8793,880d9d0d11fffff
8794,880d8a4687fffff
8795,880d8a7089fffff
8796,880d9d6e27fffff
8797,880d8a5759fffff
8798,880d8ac4ddfffff
8799,880d8311d5fffff
8800,880d8352bdfffff
8801,880d835abdfffff
8802,880d993655fffff
8803,880d834c17fffff
8804,880d9d6423fffff
8805,880d9d381dfffff
8806,880d9cb72dfffff
8807,880d9cb613fffff
8808,880d9d4009fffff
8809,880d999913fffff
8810,880d835b47fffff
8811,880d9d40c5fffff
8812,880d834285fffff
8813,880d9d786dfffff
8814,880d8a49d3fffff
8815,880d8a4739fffff
8816,880d9cb041fffff
8817,880d99a167fffff
8818,880d8ace07fffff
8819,880d8a48d9fffff
8820,880d9dc9a9fffff
8821,880d8e49e5fffff
8822,880d9d0591fffff
8823,880d83cf53fffff
8824,880d8a692bfffff
8825,880d9dd697fffff
8826,880d99b1a1fffff
8827,880d8a7533fffff
8828,880d9cac07fffff
8829,880d836a87fffff
8830,880d9dad61fffff
8831,880d9d0a93fffff
8832,880d9984bbfffff
8833,880d99888dfffff
8834,880d9db169fffff
8835,880d8a893dfffff
8836,880ca4db37fffff
8837,880d9d05a5fffff
8838,880d9d451bfffff
8839,880d8a4e55fffff
8840,880d9d36abfffff
8841,880d99b43dfffff
8842,880d9d2dd7fffff
8843,880d9d7039fffff
8844,880d9d699bfffff
8845,880d9d0837fffff
8846,880d9c36a7fffff
8847,880d835337fffff
8848,880d9c36e9fffff
8849,880d8a5255fffff
8850,880d9992d3fffff
8851,880d999535fffff
8852,880d9d4055fffff
8853,880d98b4abfffff
8854,880d9c32d1fffff
8855,880d9dc9c3fffff
8856,880d8a7367fffff
8857,880d834145fffff
8858,880d999891fffff
8859,880d99a84bfffff
8860,880d9d5693fffff
8861,880d8a7167fffff
8862,880d83502dfffff
8863,880d9d1457fffff
8864,880d9d6301fffff
8865,880d9d00a3fffff
8866,880d99ba67fffff
8867,880d9d6a0dfffff
8868,880d9985d1fffff
8869,880d9d4e69fffff
8870,880ca4d749fffff
8871,880d9d305bfffff
8872,880d8a5a5bfffff
8873,880d9da8c3fffff
8874,880d99a511fffff
8875,880d9d7849fffff
8876,880d9d4de3fffff
8877,880d8a089bfffff
8878,880d9d1611fffff
8879,880d8a02a1fffff
8880,880d9ca429fffff
8881,880d834685fffff
8882,880d9d4ca5fffff
8883,880d998a05fffff
8884,880d9db205fffff
8885,880d8a4ad3fffff
8886,880d834713fffff
8887,880d999861fffff
8888,880d8e59b7fffff
8889,880d9ca247fffff
8890,880d8345d9fffff
8891,880d8a8931fffff
8892,880d9990bbfffff
8893,880d9dcc45fffff
8894,880d9d114bfffff
8895,880d822c49fffff
8896,880d8a58a3fffff
8897,880d8a1091fffff
8898,880d9d5259fffff
8899,880d8a0981fffff
8900,880d9d6237fffff
8901,880d9d94ddfffff
8902,880d9998edfffff
8903,880d8ace55fffff
8904,880d8a08e3fffff
8905,880d83512bfffff
8906,880d99a2bbfffff
8907,880d9db039fffff
8908,880d9da037fffff
8909,880d98b507fffff
8910,880d99d2b1fffff
8911,880d8acc81fffff
8912,880d98b45bfffff
8913,880d9da333fffff
8914,880d99b835fffff
8915,880d9cb4c5fffff
8916,880d9d7a65fffff
8917,880d8a4493fffff
8918,880d834da3fffff
8919,880d8a88c3fffff
8920,880d836ad3fffff
8921,880d99b41bfffff
8922,880d83c1b3fffff
8923,880d8ace6bfffff
8924,880d99bae5fffff
8925,880d830831fffff
8926,880d9ca4d3fffff
8927,880d83462bfffff
8928,880d8ace63fffff
8929,880d9d36a5fffff
8930,880d835acdfffff
8931,880d9d6419fffff
8932,880d9986b1fffff
8933,880d8a558bfffff
8934,880d9d3aa1fffff
8935,880d9d6847fffff
8936,880d83c31dfffff
8937,880d8388a1fffff
8938,880d834da7fffff
8939,880d9d866bfffff
8940,880d9daa4bfffff
8941,880d8ac9d1fffff
8942,880d998841fffff
8943,880d9d6337fffff
8944,880d834199fffff
8945,880d9d2223fffff
8946,880d9dcd4dfffff
8947,880ca4d995fffff
8948,880d834763fffff
8949,880d8a7955fffff
8950,880d836365fffff
8951,880d8ac627fffff
8952,880d9d0ddbfffff
8953,880d9d3127fffff
8954,880d99b18dfffff
8955,880d9cae81fffff
8956,880d8a7203fffff
8957,880d9d2669fffff
8958,880d832c93fffff
8959,880d9dcf37fffff
8960,880d9d0d01fffff
8961,880d837893fffff
8962,880d83c1ebfffff
8963,880d9da845fffff
8964,880d998c6bfffff
8965,880d836a95fffff
8966,880ca4d9e5fffff
8967,880d9d471dfffff
8968,880d8a40bdfffff
8969,880d9dda61fffff
8970,880d9d4583fffff
8971,880d8a56e7fffff
8972,880d9ca0a1fffff
8973,880d838acbfffff
8974,880d9d073bfffff
8975,880d9d0909fffff
8976,880d9cb1ddfffff
8977,880d9991d5fffff
8978,880d9d7351fffff
8979,880d8a6b39fffff
8980,880d9d6689fffff
8981,880d8310b7fffff
8982,880d8a4eedfffff
8983,880d837827fffff
8984,880d83ce33fffff
8985,880d8a5583fffff
8986,880d835903fffff
8987,880d8319d3fffff
8988,880d9c3517fffff
8989,880d831ab1fffff
8990,880d9d4503fffff
8991,880d98b461fffff
8992,880d8a18b5fffff
8993,880d9dc505fffff
8994,880d98b553fffff
8995,880d9d6eb1fffff
8996,880d9cb555fffff
8997,880d8adb37fffff
8998,880d999ae9fffff
8999,880d83c547fffff
9000,880d8a49a5fffff
9001,880d99a045fffff
9002,880ca4d633fffff
9003,880d98a481fffff
9004,880d9d1a39fffff
9005,880d8a89c9fffff
9006,880d9dc031fffff
9007,880d9dcde3fffff
9008,880d9dd929fffff
9009,880d9d6a9bfffff
9010,880d83573dfffff
9011,880d9dc641fffff
9012,880d9d0f2dfffff
9013,880d9c9491fffff
9014,880d9c204dfffff
9015,880d9db9b3fffff
9016,880d8a8b33fffff
9017,880d8355d7fffff
9018,880d837927fffff
9019,880d834163fffff
9020,880d9d8627fffff
9021,880d99ac81fffff
9022,880d8a0247fffff
9023,880d822c81fffff
9024,880d9d19ddfffff
9025,880d8a6ca5fffff
9026,880d9d2c95fffff
9027,880d9dc731fffff
9028,880d9d4543fffff
9029,880d99b897fffff
9030,880d8a68cdfffff
9031,880d9dba31fffff
9032,880ca4d219fffff
9033,880d99b2e5fffff
9034,880d9d84dbfffff
9035,880d9d3b25fffff
9036,880d9c26e5fffff
9037,880d83418bfffff
9038,880d9da0b1fffff
9039,880d8310d9fffff
9040,880d8a0a3bfffff
9041,880d9991e9fffff
9042,880d8a4ab9fffff
9043,880d9da33bfffff
9044,880d8358cdfffff
9045,880d9d1a3bfffff
9046,880d8369b3fffff
9047,880d9d2129fffff
9048,880d9dd98dfffff
9049,880d9dad13fffff
9050,880d9d099bfffff
9051,880d99aa13fffff
9052,880d9d6455fffff
9053,880d9d5753fffff
9054,880d9db989fffff
9055,880d9d0ae5fffff
9056,880d8a74edfffff
9057,880d834183fffff
9058,880d8a5307fffff
9059,880d9d7063fffff
9060,880d8acebdfffff
9061,880d99d2e7fffff
9062,880d8ad5b7fffff
9063,880d8361abfffff
9064,880d8a19b9fffff
9065,880d830d47fffff
9066,880d99aeb3fffff
9067,880d8ac553fffff
9068,880ca4d921fffff
9069,880d83c191fffff
9070,880d99a193fffff
9071,880d8a128bfffff
9072,880d98b705fffff
9073,880d9d4537fffff
9074,880d9d2e83fffff
9075,880ca4d855fffff
9076,880d8a434bfffff
9077,880d836db9fffff
9078,880d9d666bfffff
9079,880d999297fffff
9080,880d8a59a3fffff
9081,880ca4d1e7fffff
9082,880d9d4023fffff
9083,880d830931fffff
9084,880d9cae55fffff
9085,880d8a62adfffff
9086,880d998457fffff
9087,880d9da123fffff
9088,880d83681dfffff
9089,880d9d42adfffff
9090,880d9d3613fffff
9091,880d9daa43fffff
9092,880d999acbfffff
9093,880ca4d2edfffff
9094,880d8ac715fffff
9095,880d9d1993fffff
9096,880d834041fffff
9097,880d9998b3fffff
9098,880d83cdabfffff
9099,880d834703fffff
9100,880d99bad9fffff
9101,880d9cb4a5fffff
9102,880ca4d99dfffff
9103,880d9d7b55fffff
9104,880d9d303bfffff
9105,880d99d2a7fffff
9106,880d8348d5fffff
9107,880d837139fffff
9108,880d9ca75dfffff
9109,880d8309abfffff
9110,880d9dd159fffff
9111,880d83421bfffff
9112,880d9db96dfffff
9113,880d99b139fffff
9114,880d9d6d0dfffff
9115,880d99d009fffff
9116,880d83608dfffff
9117,880d9d76d7fffff
9118,880d99d285fffff
9119,880d8e5b31fffff
9120,880d8348ebfffff
9121,880d830055fffff
9122,880d9d969bfffff
9123,880d998d19fffff
9124,880d9d50bdfffff
9125,880d99bb4bfffff
9126,880d9d7ab5fffff
9127,880d8a00c1fffff
9128,880d8352a5fffff
9129,880d9dc845fffff
9130,880d8354b1fffff
9131,880d9d5597fffff
9132,880d99d25dfffff
9133,880d834ad1fffff
9134,880d99d061fffff
9135,880d993659fffff
9136,880d9d772dfffff
9137,880d9d08a9fffff
9138,880d9d3203fffff
9139,880d9c34a1fffff
9140,880d9caf3bfffff
9141,880d9ca0bbfffff
9142,880d83c4c5fffff
9143,880d9dd345fffff
9144,880d9dcc59fffff
9145,880d8a4093fffff
9146,880d8a0051fffff
9147,880d9dad1dfffff
9148,880d9d62cdfffff
9149,880d9ca2a1fffff
9150,880d99ba97fffff
9151,880d822ee7fffff
9152,880ca4db3bfffff
9153,880d9daa8bfffff
9154,880d83c0bdfffff
9155,880ca4d2e1fffff
9156,880d9c355bfffff
9157,880d9ca0d7fffff
9158,880d9d6101fffff
9159,880d8a4da1fffff
9160,880d9dd011fffff
9161,880d9d062dfffff
9162,880d98b52bfffff
9163,880d9d1461fffff
9164,880d835a85fffff
9165,880d834683fffff
9166,880d998b0dfffff
9167,880d9d16b3fffff
9168,880d9d7589fffff
9169,880d834737fffff
9170,880d99d151fffff
9171,880d998805fffff
9172,880d8a6d09fffff
9173,880d8a5ad3fffff
9174,880d9d7037fffff
9175,880d9dc143fffff
9176,880d8a7415fffff
9177,880d998e1bfffff
9178,880d8a1b11fffff
9179,880d9d5651fffff
9180,880d99aab1fffff
9181,880d999659fffff
9182,880d998c97fffff
9183,880d836d25fffff
9184,880d8a4365fffff
9185,880d9d0c8bfffff
9186,880d835141fffff
9187,880d9ca741fffff
9188,880d9d6e67fffff
9189,880d9d6003fffff
9190,880d8a4c05fffff
9191,880d9d194dfffff
9192,880d9d2d5dfffff
9193,880d9da2b9fffff
9194,880d9981d3fffff
9195,880d8a4a49fffff
9196,880d99b159fffff
9197,880d998e8dfffff
9198,880d8a42bbfffff
9199,880d9da00dfffff
9200,880d998867fffff
9201,880d99baa3fffff
9202,880d9d35a5fffff
9203,880d9db1b5fffff
9204,880d8a1311fffff
9205,880d8a6da5fffff
9206,880ca4da53fffff
9207,880d831a85fffff
9208,880d836f25fffff
9209,880d9d02d1fffff
9210,880d9d6651fffff
9211,880d9d1087fffff
9212,880d99b185fffff
9213,880d8a08b5fffff
9214,880d8a55bdfffff
9215,880d9d0091fffff
9216,880d830245fffff
9217,880d99b911fffff
9218,880d9da13bfffff
9219,880d9dd149fffff
9220,880d9cb2bbfffff
9221,880d99d28bfffff
9222,880d9d78ebfffff
9223,880d99aa87fffff
9224,880d9d9681fffff
9225,880d98a695fffff
9226,880ca4d291fffff
9227,880d8311e1fffff
9228,880d8308bdfffff
9229,880d9d788bfffff
9230,880d9d09bdfffff
9231,880d9dcb29fffff
9232,880d8350b3fffff
9233,880d99b9dbfffff
9234,880d8ac083fffff
9235,880d83493dfffff
9236,880d8a0121fffff
9237,880d9c30d5fffff
9238,880d9d7305fffff
9239,880d8ada21fffff
9240,880d83521dfffff
9241,880d9d69e7fffff
9242,880d838aa3fffff
9243,880d831501fffff
9244,880d9c329bfffff
9245,880d9d29d1fffff
9246,880d9da995fffff
9247,880d9d0431fffff
9248,880d99a0c7fffff
9249,880d98b591fffff
9250,880d9dd025fffff
9251,880d8ac615fffff
9252,880d830219fffff
9253,880d9d6051fffff
9254,880d9d22a7fffff
9255,880d8a48cbfffff
9256,880d9d776dfffff
9257,880d9d14c9fffff
9258,880d99955bfffff
9259,880d8a4ac5fffff
9260,880d9dc415fffff
9261,880d83504dfffff
9262,880d9d3027fffff
9263,880d998131fffff
9264,880d9da221fffff
9265,880d836b63fffff
9266,880d9d0581fffff
9267,880d99858bfffff
9268,880d830f61fffff
9269,880d9dd281fffff
9270,880d9d35abfffff
9271,880d8a0f5bfffff
9272,880d834949fffff
9273,880d8acf27fffff
9274,880d99ae69fffff
9275,880d9dcb15fffff
9276,880d830959fffff
9277,880d9d2963fffff
9278,880d99d291fffff
9279,880d999187fffff
9280,880d9d25c7fffff
9281,880d83729bfffff
9282,880d9d2d57fffff
9283,880d9980a1fffff
9284,880d8355c5fffff
9285,880d8a68b1fffff
9286,880d9ddb11fffff
9287,880d98b627fffff
9288,880d9dd441fffff
9289,880d834c53fffff
9290,880d9d8449fffff
9291,880d83ce8dfffff
9292,880d831001fffff
9293,880d834289fffff
9294,880d837849fffff
9295,880d9d2ae7fffff
9296,880d9cb719fffff
9297,880d991613fffff
9298,880d99ad4dfffff
9299,880d99b359fffff
9300,880d99ae13fffff
9301,880d836f49fffff
9302,880d834abdfffff
9303,880d9db2e5fffff
9304,880d8a6969fffff
9305,880d8a7b27fffff
9306,880d9d1643fffff
9307,880d8a7911fffff
9308,880d999513fffff
9309,880d9dd80dfffff
9310,880d8a4ec5fffff
9311,880d9986a7fffff
9312,880d8ad949fffff
9313,880ca4da17fffff
9314,880d9db11dfffff
9315,880d9db111fffff
9316,880d8a5113fffff
9317,880d9d56d3fffff
9318,880d9d086bfffff
9319,880d8a5455fffff
9320,880d9ca74bfffff
9321,880d9dcddbfffff
9322,880d9d71bdfffff
9323,880d8ac0c3fffff
9324,880d9dd939fffff
9325,880d9d69adfffff
9326,880d9986bbfffff
9327,880d8359d7fffff
9328,880d9cacc5fffff
9329,880d9d7509fffff
9330,880d8a51d9fffff
9331,880d9caec7fffff
9332,880d9cb5cbfffff
9333,880ca4daddfffff
9334,880d9d2897fffff
9335,880d9da8abfffff
9336,880d9d2005fffff
9337,880d8a4eabfffff
9338,880d9d6d99fffff
9339,880d834925fffff
9340,880d822f13fffff
9341,880d8a085bfffff
9342,880d9d52e7fffff
9343,880d9d4e17fffff
9344,880d8a5b61fffff
9345,880d999b45fffff
9346,880d999231fffff
9347,880d99a957fffff
9348,880d8a0f0dfffff
9349,880d836a8dfffff
9350,880d8a4937fffff
9351,880d8a6c1dfffff
9352,880d9daea5fffff
9353,880d9d6c15fffff
9354,880d9cb303fffff
9355,880d999607fffff
9356,880d99983dfffff
9357,880d9c3567fffff
9358,880d9dc719fffff
9359,880d830033fffff
9360,880d8a7093fffff
9361,880d8ad9a5fffff
9362,880d9c96d1fffff
9363,880d8a7547fffff
9364,880d9d2dddfffff
9365,880d8adb1bfffff
9366,880d8a6e69fffff
9367,880d998ea1fffff
9368,880d822e99fffff
9369,880d9d0e47fffff
9370,880d838dd9fffff
9371,880d9c96edfffff
9372,880d9d80d9fffff
9373,880d9d70e3fffff
9374,880d99ba03fffff
9375,880d8388c7fffff
9376,880d9d728bfffff
9377,880d8a4907fffff
9378,880d9d7767fffff
9379,880d9d2c49fffff
9380,880d9c2617fffff
9381,880d9dbac9fffff
9382,880d8a1535fffff
9383,880d99aca7fffff
9384,880d822ec9fffff
9385,880d9c26b3fffff
9386,880d8a5639fffff
9387,880d9dc733fffff
9388,880d836a2bfffff
9389,880d831705fffff
9390,880d834649fffff
9391,880d98b54bfffff
9392,880d8a6313fffff
9393,880d9d30c7fffff
9394,880d835689fffff
9395,880d9d6a8bfffff
9396,880d9c3703fffff
9397,880d9d535bfffff
9398,880d99b9e7fffff
9399,880d8a7439fffff
9400,880d83020dfffff
9401,880d8a4f01fffff
9402,880d8acc51fffff
9403,880d9dc5ebfffff
9404,880d9dc765fffff
9405,880d83656dfffff
9406,880d99b597fffff
9407,880d9d211bfffff
9408,880d9dc2a7fffff
9409,880d9d00d7fffff
9410,880d9cb605fffff
9411,880d9d6b39fffff
9412,880d99aed9fffff
9413,880d9cb457fffff
9414,880d9d015dfffff
9415,880d9db917fffff
9416,880d8a5019fffff
9417,880d83c167fffff
9418,880d831329fffff
9419,880d8a8d4dfffff
9420,880d9dd1cbfffff
9421,880d9d52a5fffff
9422,880d9ca591fffff
9423,880d831247fffff
9424,880d9d69d5fffff
9425,880d9d4759fffff
9426,880d8a698bfffff
9427,880d99806bfffff
9428,880d9d099dfffff
9429,880d9dc961fffff
9430,880d9d319dfffff
9431,880d9d4eddfffff
9432,880d9db88dfffff
9433,880d9d1b63fffff
9434,880d8a6907fffff
9435,880d831819fffff
9436,880d8a4639fffff
9437,880d99a009fffff
9438,880d9d01b3fffff
9439,880d9da895fffff
9440,880d8301a3fffff
9441,880d837a49fffff
9442,880d9dda53fffff
9443,880d9cac97fffff
9444,880d9ca437fffff
9445,880d835313fffff
9446,880d9dc34dfffff
9447,880d999ad1fffff
9448,880d9da31dfffff
9449,880d9da855fffff
9450,880d9cac09fffff
9451,880d8a0d01fffff
9452,880d8a4957fffff
9453,880d9d7441fffff
9454,880d998693fffff
9455,880ca4d159fffff
9456,880d9d56c1fffff
9457,880d99923bfffff
9458,880d9996a7fffff
9459,880d834237fffff
9460,880d9d25edfffff
9461,880d9ca417fffff
9462,880d83ce59fffff
9463,880d9d5221fffff
9464,880d9d64dbfffff
9465,880d9d791dfffff
9466,880d8358d5fffff
9467,880d8ac755fffff
9468,880d8360cdfffff
9469,880d998b13fffff
9470,880d8349e7fffff
9471,880d8346a5fffff
9472,880d9d5519fffff
9473,880d8a555dfffff
9474,880d9c36c5fffff
9475,880d98b68bfffff
9476,880d99b995fffff
9477,880d9d0d5bfffff
9478,880d9db92dfffff
9479,880d99809dfffff
9480,880d99d2a1fffff
9481,880d998cb1fffff
9482,880d9d6221fffff
9483,880d9dd0bbfffff
9484,880d99a9d5fffff
9485,880d999631fffff
9486,880d8ac631fffff
9487,880d9d081bfffff
9488,880d9d2921fffff
9489,880d9ddb53fffff
9490,880d8ac8d7fffff
9491,880d830863fffff
9492,880d9d7021fffff
9493,880d8372edfffff
9494,880d837063fffff
9495,880d831abdfffff
9496,880d9c949bfffff
9497,880d830a19fffff
9498,880d9db193fffff
9499,880d9d16d1fffff
9500,880d9d6cb9fffff
9501,880d9ca58dfffff
9502,880d8319c7fffff
9503,880d99d317fffff
9504,880d9d3869fffff
9505,880d9cadbdfffff
9506,880d98a641fffff
9507,880d9cb213fffff
9508,880d99a147fffff
9509,880d993215fffff
9510,880d8acd3dfffff
9511,880d8a5b69fffff
9512,880d9d74a9fffff
9513,880d836dbbfffff
9514,880d836023fffff
9515,880d9c35a9fffff
9516,880d838de3fffff
9517,880d838f1dfffff
9518,880d9d0a35fffff
9519,880d98b435fffff
9520,880d9c3417fffff
9521,880d9d6705fffff
9522,880d9d61a1fffff
9523,880d8a0339fffff
9524,880d9c365dfffff
9525,880d9d1ab5fffff
9526,880d9d1addfffff
9527,880d8a0d05fffff
9528,880d8a7959fffff
9529,880d8a5a99fffff
9530,880d9d79c1fffff
9531,880d99910dfffff
9532,880d9d6f27fffff
9533,880d9d2eb9fffff
9534,880d9d14d5fffff
9535,880d9d5195fffff
9536,880d9c34d1fffff
9537,880d9d7765fffff
9538,880d8a1191fffff
9539,880d83cc87fffff
9540,880d9d1565fffff
9541,880d9d04ddfffff
9542,880d9d7945fffff
9543,880d9dd13dfffff
9544,880d9d65adfffff
9545,880d9d246bfffff
9546,880d9c35e7fffff
9547,880d9d1623fffff
9548,880d9daf2dfffff
9549,880d999ac3fffff
9550,880d9d356dfffff
9551,880d9dd099fffff
9552,880d9d2d53fffff
9553,880d835959fffff
9554,880d83c4e9fffff
9555,880d83c311fffff
9556,880d835301fffff
9557,880d9d714dfffff
9558,880d9d070dfffff
9559,880d83cebbfffff
9560,880d835b67fffff
9561,880d99b129fffff
9562,880d9cb29bfffff
9563,880d9d18d9fffff
9564,880d9cad87fffff
9565,880d8a4459fffff
9566,880d9dcaabfffff
9567,880d8372d5fffff
9568,880d998ed7fffff
9569,880d9dd847fffff
9570,880d998443fffff
9571,880d9d7747fffff
9572,880d99ab05fffff
9573,880d9d5207fffff
9574,880d83c447fffff
9575,880d8a5b63fffff
9576,880d9d06b7fffff
9577,880d9c22d3fffff
9578,880d9dd625fffff
9579,880d99b545fffff
9580,880d8a5921fffff
9581,880d836891fffff
9582,880d8a5aa7fffff
9583,880d8a5735fffff
9584,880d9d84d1fffff
9585,880d9d16bdfffff
9586,880d9d6633fffff
9587,880d8a6055fffff
9588,880d8a6c13fffff
9589,880d9d6139fffff
9590,880d9dd0a9fffff
9591,880d9d4069fffff
9592,880d9d862bfffff
9593,880d99a20dfffff
9594,880d8a4e19fffff
9595,880d837331fffff
9596,880d83c5cdfffff
9597,880d998185fffff
9598,880d8a7943fffff
9599,880d837b35fffff
9600,880d999ab5fffff
9601,880d9d524dfffff
9602,880d8a6b31fffff
9603,880d8ace4dfffff
9604,880d8a112dfffff
9605,880d9d01abfffff
9606,880d8a5259fffff
9607,880d9da301fffff
9608,880d834f47fffff
9609,880d834629fffff
9610,880d99d055fffff
9611,880d998e95fffff
9612,880d99b045fffff
9613,880d998a3bfffff
9614,880d9d6817fffff
9615,880d8a4b2bfffff
9616,880d9dc5c3fffff
9617,880d9d34a7fffff
9618,880d9d7611fffff
9619,880d831833fffff
9620,880d9d4c5dfffff
9621,880d9d3015fffff
9622,880d836841fffff
9623,880d836b03fffff
9624,880d835039fffff
9625,880d9da1ddfffff
9626,880d9d4eb5fffff
9627,880d9d7a57fffff
9628,880d9d02e1fffff
9629,880d8a69ddfffff
9630,880d99b4a5fffff
9631,880d9daad3fffff
9632,880d837869fffff
9633,880d83102dfffff
9634,880d8a489bfffff
9635,880d822ce7fffff
9636,880d8accb1fffff
9637,880d9d569bfffff
9638,880d8a554dfffff
9639,880d822e83fffff
9640,880d9d86c3fffff
9641,880ca4d147fffff
9642,880d999681fffff
9643,880d98a6e3fffff
9644,880d99958dfffff
9645,880d9d6d33fffff
9646,880d9d2255fffff
9647,880d9dcd09fffff
9648,880d83653dfffff
9649,880d9d41a3fffff
9650,880d9d4c5bfffff
9651,880d9ca6a9fffff
9652,880d9d7a35fffff
9653,880d9d4cabfffff
9654,880d9d74d3fffff
9655,880d8a6a99fffff
9656,880d9992e3fffff
9657,880d83c0d9fffff
9658,880d9d10b3fffff
9659,880d9d3347fffff
9660,880d83199dfffff
9661,880d9d4593fffff
9662,880d9d4527fffff
9663,880d9d115bfffff
9664,880d8a11d1fffff
9665,880d9d22a3fffff
9666,880d9d80d3fffff
9667,880d99aaa9fffff
9668,880d9dc91dfffff
9669,880d822da1fffff
9670,880d9ca76bfffff
9671,880d830b17fffff
9672,880d9dc4c3fffff
9673,880d9dac9dfffff
9674,880d8a4283fffff
9675,880d9d35b3fffff
9676,880d99364dfffff
9677,880d8a895dfffff
9678,880d99ac9bfffff
9679,880d9d201bfffff
9680,880d9cace9fffff
9681,880d834e15fffff
9682,880d9dd363fffff
9683,880d8361e1fffff
9684,880d9d860dfffff
9685,880d9d6cbdfffff
9686,880d8a7197fffff
9687,880d9da36bfffff
9688,880d8a19e7fffff
9689,880d99aa37fffff
9690,880d9d2d33fffff
9691,880d83413dfffff
9692,880d9daf29fffff
9693,880d9c22e9fffff
9694,880d9dcf17fffff
9695,880d9d66a5fffff
9696,880d9ddad5fffff
9697,880d9d0237fffff
9698,880d9dc95bfffff
9699,880d830aa3fffff
9700,880d836963fffff
9701,880d99a68bfffff
9702,880d8a574bfffff
9703,880d8a742bfffff
9704,880d9d0ed3fffff
9705,880d9c3465fffff
9706,880d9d2ea1fffff
9707,880d9c2053fffff
9708,880d8acd13fffff
9709,880d8ad5b3fffff
9710,880d8308cdfffff
9711,880d83470bfffff
9712,880d9dacc7fffff
9713,880d83cd19fffff
9714,880ca4da81fffff
9715,880d9caf33fffff
9716,880d998351fffff
9717,880d8a1123fffff
9718,880d9dadd9fffff
9719,880d838899fffff
9720,880d9d241dfffff
9721,880d834dedfffff
9722,880d8a5243fffff
9723,880d9d144bfffff
9724,880d9d3465fffff
9725,880d834ec5fffff
9726,880d8359a3fffff
9727,880d9cb459fffff
9728,880d830a17fffff
9729,880d9916b1fffff
9730,880d9d6d13fffff
9731,880d8ac461fffff
9732,880d8a1817fffff
9733,880d998aa9fffff
9734,880d9da159fffff
9735,880d9d0a9dfffff
9736,880d8acf65fffff
9737,880d9d6d45fffff
9738,880d9dc6c3fffff
9739,880d9dd03bfffff
9740,880d9d2169fffff
9741,880d8ac635fffff
9742,880d9d0295fffff
9743,880d9d425bfffff
9744,880d8e49cdfffff
9745,880d99b20bfffff
9746,880d9d7b45fffff
9747,880d8a5725fffff
9748,880d9d7485fffff
9749,880d83c451fffff
9750,880d9d6709fffff
9751,880d9d286bfffff
9752,880d8a730dfffff
9753,880d8a75c9fffff
9754,880d9d75a1fffff
9755,880d9d0cd7fffff
9756,880d99b183fffff
9757,880d99b037fffff
9758,880d838895fffff
9759,880d9db5e1fffff
9760,880d9da737fffff
9761,880d99831bfffff
9762,880d998b2bfffff
9763,880d834247fffff
9764,880d83514bfffff
9765,880d9dd051fffff
9766,880d8acd93fffff
9767,880d8a5a81fffff
9768,880d9d6243fffff
9769,880d8ac433fffff
9770,880d8a4ae5fffff
9771,880d9dacb1fffff
9772,880d83c481fffff
9773,880d834ad9fffff
9774,880d99ad05fffff
9775,880d8ac4e3fffff
9776,880d9d2083fffff
9777,880d9cb517fffff
9778,880d8379d5fffff
9779,880d834631fffff
9780,880d999a19fffff
9781,880d8a014bfffff
9782,880d9d440dfffff
9783,880d9d74edfffff
9784,880d99b2b7fffff
9785,880d9dd8c5fffff
9786,880d835295fffff
9787,880d9d949dfffff
9788,880d9d036bfffff
9789,880d8a0867fffff
9790,880d9d65d7fffff
9791,880d8e4941fffff
9792,880d8a734dfffff
9793,880d834cb3fffff
9794,880d831851fffff
9795,880ca4d955fffff
9796,880d9d4059fffff
9797,880d830b47fffff
9798,880d98b601fffff
9799,880d9d0199fffff
9800,880d9d7685fffff
9801,880d8ac5cdfffff
9802,880d837a57fffff
9803,880d837165fffff
9804,880d83794dfffff
9805,880d9d653bfffff
9806,880d831563fffff
9807,880d9cb743fffff
9808,880d830927fffff
9809,880d83c331fffff
9810,880d9d8495fffff
9811,880d9d0553fffff
9812,880d835525fffff
9813,880d8a49b3fffff
9814,880d98b64dfffff
9815,880d99b517fffff
9816,880d9dcd01fffff
9817,880d9da22dfffff
9818,880d998285fffff
9819,880d9d1739fffff
9820,880d99b355fffff
9821,880d9d96b9fffff
9822,880d9d4589fffff
9823,880d830817fffff
9824,880d99d64bfffff
9825,880d9c9405fffff
9826,880d8a61b7fffff
9827,880d9d4db5fffff
9828,880d8a69c9fffff
9829,880ca4d1adfffff
9830,880d9d0a55fffff
9831,880d9ca203fffff
9832,880d9d00c1fffff
9833,880d8a086bfffff
9834,880d9dca83fffff
9835,880d836525fffff
9836,880d9d0d9dfffff
9837,880d9dac2bfffff
9838,880d8a7849fffff
9839,880d83c5b5fffff
9840,880d9986a5fffff
9841,880d831181fffff
9842,880d99821dfffff
9843,880d834309fffff
9844,880d9ca5a5fffff
9845,880d99b445fffff
9846,880d9c8689fffff
9847,880d999691fffff
9848,880d9dab19fffff
9849,880d8a7b33fffff
9850,880ca4d857fffff
9851,880d837985fffff
9852,880d998761fffff
9853,880d99931dfffff
9854,880d836e15fffff
9855,880d8a01d7fffff
9856,880d8318a5fffff
9857,880d83c1e7fffff
9858,880d83561dfffff
9859,880d9d3b39fffff
9860,880d834d31fffff
9861,880d9d0e8dfffff
9862,880d9dca9dfffff
9863,880d9d5661fffff
9864,880d8a02d1fffff
9865,880d8a02a5fffff
9866,880d830e07fffff
9867,880d8a5101fffff
9868,880d836cedfffff
9869,880d9cad97fffff
9870,880d834d23fffff
9871,880d9d603bfffff
9872,880d8a4969fffff
9873,880d9d11c3fffff
9874,880d9d3423fffff
9875,880d9d314bfffff
9876,880d838d27fffff
9877,880d9d3949fffff
9878,880d9d86c1fffff
9879,880d9d0081fffff
9880,880d83c405fffff
9881,880d9dadbbfffff
9882,880d99a46bfffff
9883,880d8a61a9fffff
9884,880d9d7a67fffff
9885,880d831015fffff
9886,880d9dc0e7fffff
9887,880d9d0f43fffff
9888,880d8a0e61fffff
9889,880d8a005bfffff
9890,880d9d78c9fffff
9891,880d8379a7fffff
9892,880d8a08e7fffff
9893,880ca4d109fffff
9894,880d9d2e3bfffff
9895,880d999199fffff
9896,880d998251fffff
9897,880d9daa49fffff
9898,880d836129fffff
9899,880d9d94abfffff
9900,880d9d96bbfffff
9901,880d98b63bfffff
9902,880d8acc61fffff
9903,880d9d46a7fffff
9904,880d8a0b0dfffff
9905,880ca4d909fffff
9906,880d9dd0d9fffff
9907,880d8309dbfffff
9908,880d834615fffff
9909,880d8342d3fffff
9910,880d9cb095fffff
9911,880d9dc233fffff
9912,880d9d5639fffff
9913,880d822cb9fffff
9914,880d9da32bfffff
9915,880d831369fffff
9916,880d8a032bfffff
9917,880d99d2b9fffff
9918,880d8a58bdfffff
9919,880d9d29c3fffff
9920,880d9c3507fffff
9921,880d8acce5fffff
9922,880d8a4105fffff
9923,880d8a7b07fffff
9924,880d8a6c29fffff
9925,880d9ca2bbfffff
9926,880d837323fffff
9927,880d838c69fffff
9928,880d9d702dfffff
9929,880d9d7ac3fffff
9930,880d9d548dfffff
9931,880d83690dfffff
9932,880d999651fffff
9933,880d9d8601fffff
9934,880d9d4e6bfffff
9935,880d9dc803fffff
9936,880d99b501fffff
9937,880d8360e3fffff
9938,880d9d2961fffff
9939,880d8340a9fffff
9940,880d8ac457fffff
9941,880d9d1acdfffff
9942,880d8a4aabfffff
9943,880d9d6711fffff
9944,880d8369e3fffff
9945,880d9d3a9bfffff
9946,880d9996bdfffff
9947,880d8360a1fffff
9948,880d9c3651fffff
9949,880d9c272bfffff
9950,880d835511fffff
9951,880d83cc59fffff
9952,880d998c03fffff
9953,880d8e4939fffff
9954,880d99baa1fffff
9955,880d9c3603fffff
9956,880d836ce5fffff
9957,880d99b203fffff
9958,880d83450bfffff
9959,880ca4da27fffff
9960,880d834d61fffff
9961,880d9d75d9fffff
9962,880d9d32e1fffff
9963,880d9dd0e3fffff
9964,880d9cae47fffff
9965,880d83cf43fffff
9966,880d9d288bfffff
9967,880d998013fffff
9968,880ca4dabdfffff
9969,880d9dca33fffff
9970,880d830c05fffff
9971,880d9d5033fffff
9972,880d8a5155fffff
9973,880d838a13fffff
9974,880d835845fffff
9975,880d99ba81fffff
9976,880d836d15fffff
9977,880d9cb425fffff
9978,880d9cb6e1fffff
9979,880d837309fffff
9980,880d9d51bbfffff
9981,880d9d61e1fffff
9982,880d9d009bfffff
9983,880d9c26bbfffff
9984,880d9dd0b3fffff
9985,880d83cecdfffff
9986,880d9c9493fffff
9987,880d9d3117fffff
9988,880d83488bfffff
9989,880d998f09fffff
9990,880ca4d2e9fffff
9991,880d9982c7fffff
9992,880d9d3755fffff
9993,880d837127fffff
9994,880d9dc157fffff
9995,880d830b43fffff
9996,880d9d451dfffff
9997,880d8356edfffff
9998,880d8368ddfffff
9999,880d9d15abfffff
10000,880d8a52a9fffff
10001,880d9d3437fffff
10002,880d8354d1fffff
10003,880d9dae15fffff
10004,880d9db90bfffff
10005,880d9dd231fffff
10006,880d993605fffff
10007,880d9d6d57fffff
10008,880d9dc007fffff
10009,880d8a4d1bfffff
10010,880d99b1c1fffff
10011,880d835ad1fffff
10012,880d9d1b17fffff
10013,880d9dc55dfffff
10014,880d9d1331fffff
10015,880d998a21fffff
10016,880d9998ddfffff
10017,880d8a000bfffff
10018,880d8a5339fffff
10019,880d9d46e3fffff
10020,880d8a095bfffff
10021,880d9dcd89fffff
10022,880d999361fffff
10023,880d99b4d7fffff
10024,880d9dcd35fffff
10025,880d8ac527fffff
10026,880d9dd58dfffff
10027,880d98b405fffff
10028,880d9dd0e1fffff
10029,880d830b33fffff
10030,880d837a65fffff
10031,880d8aced9fffff
10032,880d9d7293fffff
10033,880d9d706dfffff
10034,880d8a8947fffff
10035,880d8a4605fffff
10036,880d83c315fffff
10037,880d99b307fffff
10038,880d9981bdfffff
10039,880d83190dfffff
10040,880d9d5313fffff
10041,880d9cb523fffff
10042,880d9d6ddbfffff
10043,880d9ca20bfffff
10044,880d8a0333fffff
10045,880d9d31d5fffff
10046,880d9ca229fffff
10047,880d98b409fffff
10048,880d8a62e3fffff
10049,880d99b9ddfffff
10050,880d8e49a5fffff
10051,880d83cf1dfffff
10052,880ca4d949fffff
10053,880d835b55fffff
10054,880d9dd683fffff
10055,880d9d7185fffff
10056,880d9d171dfffff
10057,880d8a4801fffff
10058,880d99b98bfffff
10059,880d834739fffff
10060,880d8a444bfffff
10061,880d9dc027fffff
10062,880d8a44edfffff
10063,880d9d604dfffff
10064,880d8a89c3fffff
10065,880d9c3481fffff
10066,880d9d0939fffff
10067,880d9d00cdfffff
10068,880d836725fffff
10069,880d9c9689fffff
10070,880d9d3a37fffff
10071,880d9d0697fffff
10072,880d99b811fffff
10073,880d9d94e1fffff
10074,880ca4d9a5fffff
10075,880d83ce39fffff
10076,880d8359b1fffff
10077,880d83618bfffff
10078,880d9d5657fffff
10079,880d8a81b1fffff
10080,880d9d4c2bfffff
10081,880d99b437fffff
10082,880d8a7193fffff
10083,880d8a103bfffff
10084,880d9ca0e5fffff
10085,880d998ca1fffff
10086,880ca4d9b1fffff
10087,880d9d256dfffff
10088,880d836e57fffff
10089,880d830b61fffff
10090,880d9d3501fffff
10091,880d9c34b7fffff
10092,880d8372bbfffff
10093,880d83091dfffff
10094,880d9dd881fffff
10095,880ca4daabfffff
10096,880d9dc6e9fffff
10097,880d9caebbfffff
10098,880d9d64a5fffff
10099,880d9914d3fffff
10100,880d9d0343fffff
10101,880d8a1269fffff
10102,880d9dc551fffff
10103,880d99a451fffff
10104,880d9dc943fffff
10105,880d9da109fffff
10106,880d830ab7fffff
10107,880d998759fffff
10108,880d9d1425fffff
10109,880d8a59ddfffff
10110,880d99d013fffff
10111,880ca4d885fffff
10112,880d8a4a27fffff
10113,880d9d96d3fffff
10114,880d8ace99fffff
10115,880d9d663bfffff
10116,880d99a245fffff
10117,880d9d11c9fffff
10118,880d99a321fffff
10119,880d9ca425fffff
10120,880d834f21fffff
10121,880d9d66e1fffff
10122,880d835035fffff
10123,880d99a991fffff
10124,880d9d6a11fffff
10125,880d9d0ce3fffff
10126,880d9d34c1fffff
10127,880d9d24ddfffff
10128,880d99b349fffff
10129,880d9995a9fffff
10130,880d8accc9fffff
10131,880d9da927fffff
10132,880d834ca1fffff
10133,880d8a6dc3fffff
10134,880d83099bfffff
10135,880d8adb03fffff
10136,880d98a6c7fffff
10137,880d836133fffff
10138,880d83ce01fffff
10139,880d9dc4e5fffff
10140,880d9ca223fffff
10141,880d8a4531fffff
10142,880d9d42abfffff
10143,880d9cb083fffff
10144,880d9d552dfffff
10145,880d831023fffff
10146,880d8a5b29fffff
10147,880d9d666dfffff
10148,880d8a4c3dfffff
10149,880d83c0ebfffff
10150,880d99934dfffff
10151,880d822c5dfffff
10152,880d9dc13bfffff
10153,880d835597fffff
10154,880d834e07fffff
10155,880d9d7009fffff
10156,880d9ddab3fffff
10157,880ca4d711fffff
10158,880d9d52ebfffff
10159,880d838d87fffff
10160,880d9cac85fffff
10161,880d9ca401fffff
10162,880d9d0c33fffff
10163,880d9d0903fffff
10164,880d9dc039fffff
10165,880d838de5fffff
10166,880d83c8edfffff
10167,880d98b717fffff
10168,880d99824dfffff
10169,880d9999adfffff
10170,880d8a11bbfffff
10171,880d99a745fffff
10172,880d8a55d1fffff
10173,880d9d034dfffff
10174,880d99b583fffff
10175,880d8a19d3fffff
10176,880d9d46b1fffff
10177,880d99b8b7fffff
10178,880d9d362bfffff
10179,880d9d6de5fffff
10180,880ca4da67fffff
10181,880d835003fffff
10182,880d9d5649fffff
10183,880d9d145dfffff
10184,880d9dadbdfffff
10185,880d9d0c65fffff
10186,880d836f61fffff
10187,880d99a0cdfffff
10188,880d9dc919fffff
10189,880d9cb68bfffff
10190,880d998debfffff
10191,880d9d0c45fffff
10192,880d831027fffff
10193,880d9db255fffff
10194,880d8a1ab5fffff
10195,880d9ca61dfffff
10196,880d830a61fffff
10197,880d9d2c37fffff
10198,880d9da9b7fffff
10199,880d9c3295fffff
10200,880d9d5365fffff
10201,880d999103fffff
10202,880d8ac66dfffff
10203,880d8a4f35fffff
10204,880d8a5669fffff
10205,880d8ad4adfffff
10206,880d8ac999fffff
10207,880d9dc03bfffff
10208,880d99b6b1fffff
10209,880d9d7689fffff
10210,880d9ddb61fffff
10211,880d9d6501fffff
10212,880d8344abfffff
10213,880d9d4d97fffff
10214,880d99d237fffff
10215,880d834e39fffff
10216,880d9d02e3fffff
10217,880d8a0037fffff
10218,880d99ad07fffff
10219,880d9d65e9fffff
10220,880d8ac523fffff
10221,880d834ed1fffff
10222,880d9dae11fffff
10223,880d99a645fffff
10224,880d9c36b1fffff
10225,880d99ba17fffff
10226,880d9ca235fffff
10227,880d99ba47fffff
10228,880d8a0155fffff
10229,880d9dc11bfffff
10230,880d8a7a3dfffff
10231,880d8a7ae5fffff
10232,880d9d730dfffff
10233,880d9dc08dfffff
10234,880d8a5b4dfffff
10235,880d9cacb1fffff
10236,880ca4d2a7fffff
10237,880d9d71e1fffff
10238,880d9d6eb7fffff
10239,880d83c6a1fffff
10240,880d9da8ebfffff
10241,880d9d7031fffff
10242,880d834cbbfffff
10243,880d8e586bfffff
10244,880d99b0c9fffff
10245,880d9da23bfffff
10246,880d9d669bfffff
10247,880d8a5635fffff
10248,880d9d4dd5fffff
10249,880d9dc995fffff
10250,880d8e5a23fffff
10251,880d8ace43fffff
10252,880d9c948bfffff
10253,880d9caee7fffff
10254,880d99aa99fffff
10255,880d9d303dfffff
10256,880d9dd0c3fffff
10257,880d8acc5bfffff
10258,880d8225a7fffff
10259,880d831b23fffff
10260,880d9d4729fffff
10261,880d8a6d9bfffff
10262,880d8342a5fffff
10263,880d9d71cbfffff
10264,880d8a8891fffff
10265,880d9d7adbfffff
10266,880d831aa7fffff
10267,880d8a41b7fffff
10268,880d83c5dbfffff
10269,880d822db1fffff
10270,880d83cca9fffff
10271,880d8a44cdfffff
10272,880d8ac0b1fffff
10273,880d9d35cdfffff
10274,880d9c3689fffff
10275,880d9ca213fffff
10276,880d99924bfffff
10277,880d8ace67fffff
10278,880d8a5b09fffff
10279,880d99d6c9fffff
10280,880d8a195bfffff
10281,880d9991c1fffff
10282,880d9dc829fffff
10283,880d836a01fffff
10284,880d9d40d3fffff
10285,880d83cdb7fffff
10286,880d9d4e4dfffff
10287,880d8a4a07fffff
10288,880d8a11a9fffff
10289,880d8a68e1fffff
10290,880d99b5e9fffff
10291,880d99b443fffff
10292,880d9dc5a9fffff
10293,880d9dd26dfffff
10294,880d9d95b9fffff
10295,880d9d15b5fffff
10296,880d9dda09fffff
10297,880d83c735fffff
10298,880ca4daebfffff
10299,880d834a05fffff
10300,880d9d2299fffff
10301,880d99b2b5fffff
10302,880d98b711fffff
10303,880ca4d68bfffff
10304,880d99a2adfffff
10305,880d9d058dfffff
10306,880d83cc0bfffff
10307,880d9ddb23fffff
10308,880d8a6b47fffff
10309,880d8a54d5fffff
10310,880d9916c5fffff
10311,880d99b857fffff
10312,880d8a4821fffff
10313,880d8a4ed9fffff
10314,880d9d0315fffff
10315,880d99d047fffff
10316,880d9cb519fffff
10317,880d9d7211fffff
10318,880d9d628bfffff
10319,880d99d621fffff
10320,880d9d0451fffff
10321,880d9d54bdfffff
10322,880d99baabfffff
10323,880d9d776bfffff
10324,880d9d1123fffff
10325,880d9d75abfffff
10326,880d9d4743fffff
10327,880d9d7a99fffff
10328,880d9dd6d7fffff
10329,880d9c2625fffff
10330,880d9d3983fffff
10331,880d9d6a83fffff
10332,880d99b615fffff
10333,880d8a00d5fffff
10334,880d8ac899fffff
10335,880d9d69c3fffff
10336,880d83082bfffff
10337,880d9dc8e7fffff
10338,880d831213fffff
10339,880d9d063dfffff
10340,880d9d4701fffff
10341,880d9d6523fffff
10342,880d9d6587fffff
10343,880d8a682dfffff
10344,880d99a891fffff
10345,880d9c2243fffff
10346,880d9d0107fffff
10347,880d9ca523fffff
10348,880d8a7169fffff
10349,880d9d3601fffff
10350,880d9d2b05fffff
10351,880d8a4645fffff
10352,880d834d3dfffff
10353,880d9d0705fffff
10354,880d834651fffff
10355,880d9dd609fffff
10356,880d9d65ddfffff
10357,880d9c2445fffff
10358,880d9dc451fffff
10359,880d9ca2e5fffff
10360,880d9dca1dfffff
10361,880d9c35e5fffff
10362,880d9dc86bfffff
10363,880d9dc631fffff
10364,880d9dda65fffff
10365,880d9da127fffff
10366,880d9d2009fffff
10367,880d834225fffff
10368,880d99999dfffff
10369,880d99a809fffff
10370,880d9984e1fffff
10371,880d9994abfffff
10372,880d9dc15bfffff
10373,880d9d318bfffff
10374,880d834969fffff
10375,880d9cb011fffff
10376,880d831909fffff
10377,880d9d2ed9fffff
10378,880d9dd25dfffff
10379,880d99b30dfffff
10380,880d9dca99fffff
10381,880d830145fffff
10382,880d9da241fffff
10383,880d99ba83fffff
10384,880d8319abfffff
10385,880d99b463fffff
10386,880ca4d349fffff
10387,880d9d0b27fffff
10388,880d8a4415fffff
10389,880d8a1265fffff
10390,880d9dd66bfffff
10391,880d9d0f03fffff
10392,880d9cad0bfffff
10393,880d9cae95fffff
10394,880d9d521bfffff
10395,880d8a4431fffff
10396,880d9d0181fffff
10397,880d9d40abfffff
10398,880d822eb3fffff
10399,880d830861fffff
10400,880d9dccc7fffff
10401,880d8a5837fffff
10402,880d8a4ae7fffff
10403,880d99b807fffff
10404,880d9d15cbfffff
10405,880d83189bfffff
10406,880d83515dfffff
10407,880d9d8625fffff
10408,880d8a1125fffff
10409,880d835131fffff
10410,880d830225fffff
10411,880d83cd29fffff
10412,880d9c9469fffff
10413,880d99ac93fffff
10414,880d822ccdfffff
10415,880d9da73bfffff
10416,880d8a54d7fffff
10417,880d99bac5fffff
10418,880d998561fffff
10419,880d9ddae9fffff
10420,880d9d79b5fffff
10421,880d8a1b09fffff
10422,880d9d4dedfffff
10423,880d9c9595fffff
10424,880d822e97fffff
10425,880d9d0205fffff
10426,880d99b611fffff
10427,880d8a4009fffff
10428,880d9d0debfffff
10429,880d8a4ea5fffff
10430,880d9d18adfffff
10431,880d99861dfffff
10432,880d99b86dfffff
10433,880d8a5589fffff
10434,880d9d75cbfffff
10435,880d8a0f31fffff
10436,880d99ab57fffff
10437,880d9ca2a3fffff
10438,880d836e29fffff
10439,880d9d6c65fffff
10440,880d9d04a5fffff
10441,880d8a5005fffff
10442,880d8a1837fffff
10443,880d8a5355fffff
10444,880d8a12cdfffff
10445,880d9ddae7fffff
10446,880d9d2c31fffff
10447,880d83cc25fffff
10448,880ca4da0dfffff
10449,880d9cacc9fffff
10450,880d9d7427fffff
10451,880d830247fffff
10452,880d999235fffff
10453,880d9d66b7fffff
10454,880d9d36e5fffff
10455,880d99bad7fffff
10456,880d99a853fffff
10457,880d8a4135fffff
10458,880d830a93fffff
10459,880d9c244dfffff
10460,880d9c3503fffff
10461,880d998661fffff
10462,880d9d42ddfffff
10463,880d9c94c1fffff
10464,880d9ca259fffff
10465,880d9d01e9fffff
10466,880d9cb711fffff
10467,880d8a4f31fffff
10468,880d99ba93fffff
10469,880d8e4b01fffff
10470,880d9dcdedfffff
10471,880d99b011fffff
10472,880d9da305fffff
10473,880d9dd94dfffff
10474,880d836ca1fffff
10475,880d9cb0c3fffff
10476,880d99a42dfffff
10477,880d9dda21fffff
10478,880d99a065fffff
10479,880d999367fffff
10480,880d9d22a1fffff
10481,880d9ca653fffff
10482,880d83c2a5fffff
10483,880d8a1981fffff
10484,880d835b0dfffff
10485,880d9d3995fffff
10486,880d9ca6c3fffff
10487,880d830d91fffff
10488,880d835123fffff
10489,880d83c537fffff
10490,880d9d61e3fffff
10491,880d9cb74bfffff
10492,880d83194bfffff
10493,880d8e59b9fffff
10494,880d8a5aadfffff
10495,880d9d7551fffff
10496,880d8356bdfffff
10497,880d9c2655fffff
10498,880d8a58b1fffff
10499,880d99d603fffff
10500,880d8a18b3fffff
10501,880d998e59fffff
10502,880d9db2a9fffff
10503,880d9cac89fffff
10504,880ca4d907fffff
10505,880d99b69bfffff
10506,880d9c3701fffff
10507,880d83cd03fffff
10508,880d9d6527fffff
10509,880d9d42d3fffff
10510,880d8e4b4dfffff
10511,880d8344d9fffff
10512,880d9d28cdfffff
10513,880d834e2dfffff
10514,880d8a48bdfffff
10515,880d9c96c3fffff
10516,880d9dd403fffff
10517,880d998311fffff
10518,880d9d54d3fffff
10519,880d8a4ae1fffff
10520,880d9c376dfffff
10521,880d8ac8b1fffff
10522,880d99ae63fffff
10523,880d9d4c85fffff
10524,880d8ad925fffff
10525,880d9da2a1fffff
10526,880d831151fffff
10527,880d9980e1fffff
10528,880d8a681bfffff
10529,880d9d04e9fffff
10530,880d83021bfffff
10531,880d8a48ebfffff
10532,880d9da2e5fffff
10533,880d9db123fffff
10534,880d831561fffff
10535,880d9d4f13fffff
10536,880d9d4ce3fffff
10537,880ca4d91bfffff
10538,880d8a4ad7fffff
10539,880d9d8767fffff
10540,880d9d2003fffff
10541,880d9d64ddfffff
10542,880d9d630bfffff
10543,880d9db281fffff
10544,880d8a5999fffff
10545,880d9cad95fffff
10546,880d8acd01fffff
10547,880d9d0c31fffff
10548,880d99a6c3fffff
10549,880d9db2a5fffff
10550,880d998d4dfffff
10551,880d8a4acdfffff
10552,880d8a56b9fffff
10553,880d8358e9fffff
10554,880d9d2593fffff
10555,880d9d54c7fffff
10556,880d8a5697fffff
10557,880ca4d211fffff
10558,880d998c65fffff
10559,880d9d4757fffff
10560,880d9d418dfffff
10561,880d831161fffff
10562,880d834109fffff
10563,880d9c8655fffff
10564,880d9c3767fffff
10565,880d999847fffff
10566,880d9d2249fffff
10567,880d8ac98bfffff
10568,880d9dad25fffff
10569,880d8378b3fffff
10570,880d83c459fffff
10571,880d9d141dfffff
10572,880d8354a3fffff
10573,880d9d0a19fffff
10574,880d9d4f59fffff
10575,880d837b23fffff
10576,880d8a89b7fffff
10577,880d9999ddfffff
10578,880d99a82dfffff
10579,880ca4d987fffff
10580,880d9d6903fffff
10581,880d9d35bbfffff
10582,880d8a09d3fffff
10583,880d83571bfffff
10584,880d8a8d07fffff
10585,880d8a185dfffff
10586,880d9d5625fffff
10587,880d8a6247fffff
10588,880d9d1a63fffff
10589,880d99a89dfffff
10590,880ca4d1a1fffff
10591,880d999a4dfffff
10592,880d9d6ee7fffff
10593,880d9998dbfffff
10594,880d9d403bfffff
10595,880d9db167fffff
10596,880d9da91dfffff
10597,880d834135fffff
10598,880d9d1089fffff
10599,880d8acd59fffff
10600,880d8a4661fffff
10601,880d836d39fffff
10602,880d9db997fffff
10603,880d8349e9fffff
10604,880d9d2639fffff
10605,880d8a4e01fffff
10606,880d9d7729fffff
10607,880d9d0dddfffff
10608,880d999ab1fffff
10609,880d9dc12dfffff
10610,880d83602bfffff
10611,880d9d3609fffff
10612,880d8acd63fffff
10613,880d9d2d59fffff
10614,880d8a4545fffff
10615,880d9d623dfffff
10616,880d9d14edfffff
10617,880d834549fffff
10618,880d8e491bfffff
10619,880d99d297fffff
10620,880d9dd9a7fffff
10621,880d9988d7fffff
10622,880d9d012dfffff
10623,880d9d2445fffff
10624,880d834a5bfffff
10625,880d9c273dfffff
10626,880d998dc5fffff
10627,880d9ca4dbfffff
10628,880d8a4ddbfffff
10629,880d9d19b9fffff
10630,880d8a0235fffff
10631,880d99a113fffff
10632,880d9dd229fffff
10633,880d9d6043fffff
10634,880d9cb20bfffff
10635,880d8a4895fffff
10636,880d83c8e3fffff
10637,880d8a4943fffff
10638,880d9d69d1fffff
10639,880d998445fffff
10640,880d9dd591fffff
10641,880d83ce93fffff
10642,880d837809fffff
10643,880d9d6351fffff
10644,880d8388a7fffff
10645,880d831a99fffff
10646,880d9db965fffff
10647,880d8a12d3fffff
10648,880d83c157fffff
10649,880d8a11cbfffff
10650,880d9d60bbfffff
10651,880d9d3ad7fffff
10652,880d834cb9fffff
10653,880d9dc257fffff
10654,880d9d236dfffff
10655,880d99b6c9fffff
10656,880d9d359dfffff
10657,880d8e490dfffff
10658,880d9dc5edfffff
10659,880d8369d3fffff
10660,880d9db829fffff
10661,880d9d2983fffff
10662,880d99b1e3fffff
10663,880d830d13fffff
10664,880d830dc9fffff
10665,880d99b487fffff
10666,880d83569bfffff
10667,880d9d4e45fffff
10668,880d99813dfffff
10669,880d838985fffff
10670,880d8a4165fffff
10671,880d99a12bfffff
10672,880d9d2713fffff
10673,880d8a1135fffff
10674,880d9d79c9fffff
10675,880d9c366dfffff
10676,880d9d45bbfffff
10677,880d9d3159fffff
10678,880d8a4163fffff
10679,880d83ceb5fffff
10680,880d9ca25bfffff
10681,880d9d78edfffff
10682,880d9da747fffff
10683,880d9d1833fffff
10684,880d9caf15fffff
10685,880d9dace5fffff
10686,880d834d65fffff
10687,880d9d70c3fffff
10688,880d9da9d1fffff
10689,880d8ac895fffff
10690,880d836d93fffff
10691,880d9d6dd5fffff
10692,880d9dd491fffff
10693,880d8a5917fffff
10694,880d9d6ab5fffff
10695,880ca4d629fffff
10696,880d999511fffff
10697,880d9d60e1fffff
10698,880d999293fffff
10699,880d83c11dfffff
10700,880d8ad865fffff
10701,880d9d71d3fffff
10702,880d8a434dfffff
10703,880d99d301fffff
10704,880d9d6e01fffff
10705,880d9dc00dfffff
10706,880d9d064dfffff
10707,880d8355e5fffff
10708,880d8a449bfffff
10709,880d999191fffff
10710,880d9d78e5fffff
10711,880d99866bfffff
10712,880d9991b1fffff
10713,880d9dd811fffff
10714,880d9d66edfffff
10715,880d834f3dfffff
10716,880d9d3745fffff
10717,880d836e2dfffff
10718,880d9d6921fffff
10719,880d9d0c6dfffff
10720,880d9d62a1fffff
10721,880d99bb03fffff
10722,880d999a09fffff
10723,880d9c2639fffff
10724,880d9d2635fffff
10725,880d98b403fffff
10726,880d83176bfffff
10727,880d99810bfffff
10728,880d9da25dfffff
10729,880d83414dfffff
10730,880d8a75a5fffff
10731,880d835299fffff
10732,880d822c1dfffff
10733,880d9da05bfffff
10734,880d9d2debfffff
10735,880d83115dfffff
10736,880d8a7411fffff
10737,880d9d2291fffff
10738,880d998623fffff
10739,880d8a771bfffff
10740,880d8368a1fffff
10741,880d83c5adfffff
10742,880d8a6ad5fffff
10743,880d9ca4abfffff
10744,880d8a7813fffff
10745,880d99b365fffff
10746,880d8a50a5fffff
10747,880d9d073dfffff
10748,880d8a4183fffff
10749,880d8ac683fffff
10750,880d9d6909fffff
10751,880d9d142bfffff
10752,880d9d75a7fffff
10753,880d9d090dfffff
10754,880d835a59fffff
10755,880ca4d825fffff
10756,880d836da9fffff
10757,880d8a0117fffff
10758,880d9d7a93fffff
10759,880d835167fffff
10760,880d8a623bfffff
10761,880d838c25fffff
10762,880d9d0c91fffff
10763,880d9dab31fffff
10764,880d8a6d61fffff
10765,880ca4d123fffff
10766,880d834a4dfffff
10767,880d9d0685fffff
10768,880d9d64bbfffff
10769,880d9d7435fffff
10770,880d8389c3fffff
10771,880d9d383dfffff
10772,880d9d1a47fffff
10773,880d9d042dfffff
10774,880d9db0a3fffff
10775,880d9dacd3fffff
10776,880d9dcb31fffff
10777,880d9cb0d7fffff
10778,880d9d69c1fffff
10779,880d835437fffff
10780,880d8a68b5fffff
10781,880d9d1517fffff
10782,880d98b761fffff
10783,880d999249fffff
10784,880d9d0c17fffff
10785,880d9998b7fffff
10786,880d9d560bfffff
10787,880d837181fffff
10788,880d9dae03fffff
10789,880d9d10e1fffff
10790,880d8a4695fffff
10791,880d99966bfffff
10792,880d83c897fffff
10793,880d830e43fffff
10794,880d9d716bfffff
10795,880d830181fffff
10796,880d8e5967fffff
10797,880d9d6ce9fffff
10798,880d9d2413fffff
10799,880d9d78c3fffff
10800,880d9dc83bfffff
10801,880d838d39fffff
10802,880d9d34a5fffff
10803,880d8a5aa5fffff
10804,880d8a4e17fffff
10805,880d8a0969fffff
10806,880d9dc4a7fffff
10807,880d9da759fffff
10808,880d8349a5fffff
10809,880d9da88dfffff
10810,880d83c981fffff
10811,880d99a22bfffff
10812,880d99810dfffff
10813,880d9d96e5fffff
10814,880d8a0b63fffff
10815,880d8e5903fffff
10816,880d9d6209fffff
10817,880d8a58e3fffff
10818,880d83085bfffff
10819,880d998e47fffff
10820,880d99b821fffff
10821,880d9dc065fffff
10822,880d9db011fffff
10823,880d9dcd23fffff
10824,880d8a704dfffff
10825,880d836f19fffff
10826,880d8ace11fffff
10827,880d8a8b31fffff
10828,880d9d6f35fffff
10829,880d99b1a7fffff
10830,880d998b6bfffff
10831,880d8371a7fffff
10832,880d9d29a5fffff
10833,880d998b5dfffff
10834,880d83c0b1fffff
10835,880d9d44abfffff
10836,880d99a831fffff
10837,880d9cb715fffff
10838,880d9c22e1fffff
10839,880d8a6aebfffff
10840,880d8a4045fffff
10841,880d991659fffff
10842,880d9d01bdfffff
10843,880d9d0ac1fffff
10844,880d8a0abdfffff
10845,880d99991dfffff
10846,880d9dadc9fffff
10847,880d99a461fffff
10848,880d8a8847fffff
10849,880d9d6459fffff
10850,880d8a4e63fffff
10851,880d835593fffff
10852,880d83463bfffff
10853,880d836e5bfffff
10854,880d9d09b5fffff
10855,880d9d9431fffff
10856,880d8a55a5fffff
10857,880d9d1b09fffff
10858,880d8a7425fffff
10859,880d9cac43fffff
10860,880d9c8629fffff
10861,880d9d7669fffff
10862,880d8359a9fffff
10863,880d83000bfffff
10864,880d8a1285fffff
10865,880d9d4e9dfffff
10866,880d9d2187fffff
10867,880d99a495fffff
10868,880d9d5285fffff
10869,880d99a0c9fffff
10870,880d8a450bfffff
10871,880d8e5b03fffff
10872,880d9d69e1fffff
10873,880d8a818bfffff
10874,880d9da2cbfffff
10875,880d9d0d57fffff
10876,880d831947fffff
10877,880d834e25fffff
10878,880d9dc6e3fffff
10879,880d998633fffff
10880,880d8a46b7fffff
10881,880d8e5b2bfffff
10882,880d99a5a7fffff
10883,880d98b0ddfffff
10884,880ca4d119fffff
10885,880d9916d7fffff
10886,880d9c351bfffff
10887,880d838ab5fffff
10888,880d9da057fffff
10889,880d8a135bfffff
10890,880d8a509bfffff
10891,880d9d0691fffff
10892,880d83ce95fffff
10893,880d838a81fffff
10894,880d830aabfffff
10895,880d9d5493fffff
10896,880d836003fffff
10897,880d8a559dfffff
10898,880d9d2ad3fffff
10899,880d9d2f2bfffff
10900,880d8e5b3dfffff
10901,880d9995a5fffff
10902,880d8369b9fffff
10903,880d8ad96dfffff
10904,880d9d0d33fffff
10905,880d9d025dfffff
10906,880d8a003bfffff
10907,880d9d74ebfffff
10908,880d9988e9fffff
10909,880d8a428bfffff
10910,880d8a4dc7fffff
10911,880d99a6a3fffff
10912,880d8a133dfffff
10913,880d8a1255fffff
10914,880d9d8719fffff
10915,880d9daaadfffff
10916,880d9d150bfffff
10917,880d822d91fffff
10918,880d83c485fffff
10919,880ca4d609fffff
10920,880d998107fffff
10921,880d8a7319fffff
10922,880d9d175bfffff
10923,880d9d6045fffff
10924,880d98b09dfffff
10925,880d8a535dfffff
10926,880d9dd253fffff
10927,880d999125fffff
10928,880d99ac91fffff
10929,880d836c49fffff
10930,880d998a1bfffff
10931,880d9d421dfffff
10932,880ca4da33fffff
10933,880d9d7757fffff
10934,880d99b201fffff
10935,880d99821bfffff
10936,880d9d7255fffff
10937,880d835499fffff
10938,880d9d4685fffff
10939,880d99973bfffff
10940,880d99b4e3fffff
10941,880d8a0e51fffff
10942,880d99b837fffff
10943,880d99ba5bfffff
10944,880d9d4c07fffff
10945,880d9dd41dfffff
10946,880d8a881bfffff
10947,880d8a4999fffff
10948,880d9daf1bfffff
10949,880d834c21fffff
10950,880d9dc2c9fffff
10951,880d8a75e5fffff
10952,880d99b467fffff
10953,880d83cd85fffff
10954,880d9c275dfffff
10955,880ca4dae9fffff
10956,880d9d0d81fffff
10957,880d9d890dfffff
10958,880d9d61d3fffff
10959,880d8a5017fffff
10960,880d9d7521fffff
10961,880d9cac23fffff
10962,880d9d1037fffff
10963,880d9d0e03fffff
10964,880d83ceb1fffff
10965,880d999a43fffff
10966,880d9d3331fffff
10967,880d8a000dfffff
10968,880d831a9dfffff
10969,880d9d4d89fffff
10970,880d9ca42dfffff
10971,880d83153dfffff
10972,880d9dd085fffff
10973,880d837155fffff
10974,880d9d426bfffff
10975,880d9ca637fffff
10976,880d834c93fffff
10977,880d9994a9fffff
10978,880d8ac515fffff
10979,880d9d02d5fffff
10980,880d8ac9d7fffff
10981,880d9dcc83fffff
10982,880d8a6065fffff
10983,880d8ac891fffff
10984,880ca4da07fffff
10985,880d834f4dfffff
10986,880d8a6d37fffff
10987,880d8a489dfffff
10988,880d83c511fffff
10989,880d9dc019fffff
10990,880d99ae01fffff
10991,880d83cf69fffff
10992,880d9d1841fffff
10993,880d9db1dbfffff
10994,880d9dd35dfffff
10995,880d9d675bfffff
10996,880d998b37fffff
10997,880d9dc8b1fffff
10998,880d8a498bfffff
10999,880d9d773dfffff
11000,880d83c855fffff
11001,880d9d1b47fffff
11002,880ca4d251fffff
11003,880d9c30b3fffff
11004,880d9d2035fffff
11005,880d835033fffff
11006,880d9dd61dfffff
11007,880d9d6635fffff
11008,880d8a019bfffff
11009,880d83cf21fffff
11010,880d9d62b3fffff
11011,880d8adb51fffff
11012,880d9d6069fffff
11013,880d9d7961fffff
11014,880d9dc6a5fffff
11015,880d9d0321fffff
11016,880d9d644bfffff
11017,880d9d6b45fffff
11018,880d8a5617fffff
11019,880d99932dfffff
11020,880d8a11b9fffff
11021,880d9d6993fffff
11022,880d9db213fffff
11023,880d9ca72bfffff
11024,880d9994c7fffff
11025,880d836d99fffff
11026,880d8a0a45fffff
11027,880d9dd6cbfffff
11028,880d9d6c81fffff
11029,880d83681bfffff
11030,880d8a0859fffff
11031,880d9d608dfffff
11032,880d9dd189fffff
11033,880d9d6495fffff
11034,880d9d1ae3fffff
11035,880d9c2743fffff
11036,880d9d7a2dfffff
11037,880d9da809fffff
11038,880d8e5b23fffff
11039,880d8a7831fffff
11040,880d9db8d9fffff
11041,880d822d95fffff
11042,880d9dd417fffff
11043,880d9da365fffff
11044,880d9da8c5fffff
11045,880d99b54bfffff
11046,880d9d6b15fffff
11047,880d9d3603fffff
11048,880d99a35dfffff
11049,880d83095dfffff
11050,880d9dc1bbfffff
11051,880d8ac6cbfffff
11052,880d8a74c3fffff
11053,880d8310b3fffff
11054,880d8a471dfffff
11055,880d9d404dfffff
11056,880d9d94d7fffff
11057,880d99d045fffff
11058,880d998021fffff
11059,880d998e83fffff
11060,880d83614dfffff
11061,880d9d748dfffff
11062,880d8a11dbfffff
11063,880d8a1087fffff
11064,880d83c155fffff
11065,880d836f4dfffff
11066,880d9992adfffff
11067,880d9db58dfffff
11068,880d838d69fffff
11069,880d8a49b1fffff
11070,880d830ac9fffff
11071,880d834ac7fffff
11072,880d831353fffff
11073,880d8acd91fffff
11074,880d99a1a3fffff
11075,880d9db1a3fffff
11076,880d9d4227fffff
11077,880d9da303fffff
11078,880d9d65dbfffff
11079,880d9db8b7fffff
11080,880d991687fffff
11081,880d9d424dfffff
11082,880d8319b5fffff
11083,880d9d1541fffff
11084,880d9ca0d3fffff
11085,880d9da76bfffff
11086,880d9d10adfffff
11087,880d830947fffff
11088,880d9d1985fffff
11089,880d830243fffff
11090,880d834a29fffff
11091,880d830221fffff
11092,880d9db23bfffff
11093,880d9dd945fffff
11094,880d9916e3fffff
11095,880d9d41bbfffff
11096,880d822495fffff
11097,880d8369a5fffff
11098,880d98b437fffff
11099,880d9da8cbfffff
11100,880d9d01dbfffff
11101,880d8355e1fffff
11102,880d9d0dcbfffff
11103,880d9da231fffff
11104,880d8a5821fffff
11105,880d9d298dfffff
11106,880d8a6285fffff
11107,880d9c373dfffff
11108,880d999119fffff
11109,880d8ac4a3fffff
11110,880d9d2a43fffff
11111,880d8a5145fffff
11112,880d9d1613fffff
11113,880d838983fffff
11114,880d9d2997fffff
11115,880d9cb707fffff
11116,880d9d723bfffff
11117,880d99d149fffff
11118,880d83128dfffff
11119,880d831a0dfffff
11120,880d9d7723fffff
11121,880ca4d0c9fffff
11122,880d83c433fffff
11123,880d9cb29dfffff
11124,880d83c807fffff
11125,880d836851fffff
11126,880d9d2e63fffff
11127,880d9d2615fffff
11128,880d8309c1fffff
11129,880d838999fffff
11130,880d99d20dfffff
11131,880d8ace03fffff
11132,880d9ca589fffff
11133,880d998103fffff
11134,880d99d339fffff
11135,880d98b559fffff
11136,880d834d6bfffff
11137,880d9ca619fffff
11138,880d999b23fffff
11139,880d83c4b3fffff
11140,880d9c35a7fffff
11141,880d8a0b3bfffff
11142,880d9d385dfffff
11143,880d9daa2dfffff
11144,880d99b997fffff
11145,880d9dd901fffff
11146,880d9c3413fffff
11147,880d9ca403fffff
11148,880d8aceadfffff
11149,880d9d6889fffff
11150,880d8360e7fffff
11151,880d9d5703fffff
11152,880d9d30b1fffff
11153,880ca4d9bdfffff
11154,880d9d235dfffff
11155,880d9dc581fffff
11156,880d836f3bfffff
11157,880d99b457fffff
11158,880d8362a7fffff
11159,880d9db8e9fffff
11160,880d831067fffff
11161,880d838dcdfffff
11162,880d8ac547fffff
11163,880d9dd6b9fffff
11164,880d9d5531fffff
11165,880d99a955fffff
11166,880d99aa4bfffff
11167,880d8a4729fffff
11168,880d9d4623fffff
11169,880d83106dfffff
11170,880d838ac5fffff
11171,880d834d4dfffff
11172,880d9da1dbfffff
11173,880d83c317fffff
11174,880d8a0141fffff
11175,880d9ca0bdfffff
11176,880d9dc76bfffff
11177,880d9d3109fffff
11178,880d9dad33fffff
11179,880d822f11fffff
11180,880d9d6c89fffff
11181,880d834a39fffff
11182,880d8379cdfffff
11183,880d8a0e4dfffff
11184,880d9d5055fffff
11185,880d9d446dfffff
11186,880d99aa17fffff
11187,880d9d6e9bfffff
11188,880d83c43dfffff
11189,880d8ac6b1fffff
11190,880d8a118bfffff
11191,880d83105dfffff
11192,880ca4da43fffff
11193,880d9dc861fffff
11194,880d99d05dfffff
11195,880d9d7957fffff
11196,880d9d0809fffff
11197,880d9dac53fffff
11198,880d830ab9fffff
11199,880d837909fffff
11200,880d99bae9fffff
11201,880d9d2ee3fffff
11202,880d9d8641fffff
11203,880d9daab9fffff
11204,880d9dd22dfffff
11205,880d835011fffff
11206,880d9d79adfffff
11207,880d999095fffff
11208,880d999767fffff
11209,880d9d193bfffff
11210,880d9ca1d3fffff
11211,880d9d6311fffff
11212,880d9cb2c1fffff
11213,880d83ce47fffff
11214,880d9d1b69fffff
11215,880d8a01c3fffff
11216,880d9dc091fffff
11217,880d9d4595fffff
11218,880d99b8c9fffff
11219,880d9dc09dfffff
11220,880d8ac6b5fffff
11221,880d9dd90dfffff
11222,880d8a4169fffff
11223,880d838dddfffff
11224,880d9d3553fffff
11225,880d9c35e1fffff
11226,880d9986ebfffff
11227,880ca4d295fffff
11228,880d83464dfffff
11229,880d8312bbfffff
11230,880d837037fffff
11231,880d8ac0d7fffff
11232,880d9d336bfffff
11233,880d9da2d9fffff
11234,880d9dc697fffff
11235,880d99ae15fffff
11236,880d83c983fffff
11237,880d830c2bfffff
11238,880d831087fffff
11239,880d8a1037fffff
11240,880d9cb2a7fffff
11241,880d83cc17fffff
11242,880d99b6e3fffff
11243,880d836dcdfffff
11244,880d8a1aabfffff
11245,880d8a4013fffff
11246,880d9d669dfffff
11247,880d9d0d9bfffff
11248,880d8301c5fffff
11249,880ca4d82bfffff
11250,880d831ad3fffff
11251,880d8a7429fffff
11252,880d8a89cdfffff
11253,880d9d00b1fffff
11254,880d9d78b5fffff
11255,880d9d156bfffff
11256,880d8a1111fffff
11257,880d9d1b29fffff
11258,880d9d2ec3fffff
11259,880d9d014dfffff
11260,880d9ca657fffff
11261,880d838c05fffff
11262,880d83cd2dfffff
11263,880d9d3a65fffff
11264,880d83c12dfffff
11265,880d99b411fffff
11266,880d998e5bfffff
11267,880d835b33fffff
11268,880d9999c7fffff
11269,880d837047fffff
11270,880d9d013dfffff
11271,880d9d209dfffff
11272,880d9da939fffff
11273,880d9d75d5fffff
11274,880d834009fffff
11275,880d834605fffff
11276,880d8a4e25fffff
11277,880d9da097fffff
11278,880ca4d0ebfffff
11279,880d998a07fffff
11280,880d837a27fffff
11281,880d8ad5b5fffff
11282,880d9d50e9fffff
11283,880d99d0c5fffff
11284,880d838c2dfffff
11285,880d9db863fffff
11286,880d9daab3fffff
11287,880d9d64c1fffff
11288,880d9d3a15fffff
11289,880d8354e7fffff
11290,880d9d2f6dfffff
11291,880d9dc4e9fffff
11292,880ca4c149fffff
11293,880d9ca6a5fffff
11294,880d9da2adfffff
11295,880d9d39a7fffff
11296,880d8a773dfffff
11297,880d99aa69fffff
11298,880d9d4cb1fffff
11299,880d9d2c99fffff
11300,880d9dad93fffff
11301,880d98b689fffff
11302,880d8356e9fffff
11303,880d8a6357fffff
11304,880d9dc433fffff
11305,880d9d648bfffff
11306,880d8a4313fffff
11307,880d835431fffff
11308,880d99b4a1fffff
11309,880d9d65e3fffff
11310,880d83593dfffff
11311,880d9dbad5fffff
11312,880d98b54dfffff
11313,880d834863fffff
11314,880d9da2e9fffff
11315,880d838d55fffff
11316,880d8372b9fffff
11317,880d99b0e5fffff
11318,880d99a905fffff
11319,880d831865fffff
11320,880d9d0ec9fffff
11321,880d838d53fffff
11322,880d9dcc8dfffff
11323,880d98b643fffff
11324,880d8a41a1fffff
11325,880d9c220bfffff
11326,880d9d18cbfffff
11327,880d9dcc55fffff
11328,880d99a887fffff
11329,880d9d75d1fffff
11330,880d83150dfffff
11331,880d834493fffff
11332,880d9d78b1fffff
11333,880d9c3521fffff
11334,880d9cb281fffff
11335,880d8e4b4bfffff
11336,880d8a1a6dfffff
11337,880d836abbfffff
11338,880d9d2727fffff
11339,880d8a8949fffff
11340,880d998629fffff
11341,880d836e61fffff
11342,880d83c0b5fffff
11343,880d8346a3fffff
11344,880d836ca5fffff
11345,880d9dc90bfffff
11346,880d998d43fffff
11347,880d9d8911fffff
11348,880d8358dbfffff
11349,880d8a5517fffff
11350,880d998767fffff
11351,880d9d78c7fffff
11352,880d8a7539fffff
11353,880d8a49d7fffff
11354,880d9d6829fffff
11355,880d8ac497fffff
11356,880d8a44c3fffff
11357,880d98a6abfffff
11358,880d9d3817fffff
11359,880d9d1369fffff
11360,880d9d42ebfffff
11361,880d8a50a9fffff
11362,880d8e49a1fffff
11363,880d9ca4ebfffff
11364,880d9dc213fffff
11365,880d83023bfffff
11366,880d9dcdcbfffff
11367,880d9d3521fffff
11368,880d8a180dfffff
11369,880d9c9643fffff
11370,880d9d240dfffff
11371,880d99a2bdfffff
11372,880d9cb591fffff
11373,880d8a79c1fffff
11374,880d8a4619fffff
11375,880d99a195fffff
11376,880d830051fffff
11377,880d83420dfffff
11378,880d8a4231fffff
11379,880d8a4ee3fffff
11380,880d83596bfffff
11381,880d8a691bfffff
11382,880d9da255fffff
11383,880d9dab57fffff
11384,880d9d698bfffff
11385,880d9dd109fffff
11386,880d9c228dfffff
11387,880d99b907fffff
11388,880d9cacd5fffff
11389,880d9dc167fffff
11390,880d8acee7fffff
11391,880d8a586bfffff
11392,880d8ac0a1fffff
11393,880d998cb5fffff
11394,880d8ac45dfffff
11395,880d9d52c3fffff
11396,880d836025fffff
11397,880d9d46cbfffff
11398,880d9d6a95fffff
11399,880d9d408dfffff
11400,880d9d1937fffff
11401,880d99944bfffff
11402,880d9dc31bfffff
11403,880d8a4465fffff
11404,880d8a59c3fffff
11405,880d837ac3fffff
11406,880d837285fffff
11407,880d9d1737fffff
11408,880d9d5205fffff
11409,880d9d0067fffff
11410,880d9dd657fffff
11411,880d99d323fffff
11412,880d8a6acdfffff
11413,880d8a4741fffff
11414,880d998645fffff
11415,880d99b035fffff
11416,880d8a5619fffff
11417,880d83c023fffff
11418,880d9d5293fffff
11419,880d8a8f27fffff
11420,880d9d7155fffff
11421,880d9dc423fffff
11422,880d9d225bfffff
11423,880d99af0bfffff
11424,880d99b68dfffff
11425,880d9d35ddfffff
11426,880d99d263fffff
11427,880d834d37fffff
11428,880d9da99dfffff
11429,880d8311adfffff
11430,880d836021fffff
11431,880d834143fffff
11432,880d822eb5fffff
11433,880d9d24bbfffff
11434,880d8acf03fffff
11435,880d9c9489fffff
11436,880d8a130dfffff
11437,880d9d024dfffff
11438,880d9d570dfffff
11439,880d8a8d01fffff
11440,880d9d5611fffff
11441,880d831989fffff
11442,880d998d81fffff
11443,880d9c94d1fffff
11444,880d9d0b35fffff
11445,880d8ac645fffff
11446,880d8acd37fffff
11447,880d9cb43dfffff
11448,880d9d6a0bfffff
11449,880d99d06dfffff
11450,880d8a7441fffff
11451,880d998f4dfffff
11452,880d8a59ebfffff
11453,880d83610bfffff
11454,880d9d0339fffff
11455,880d9ca05bfffff
11456,880d9d70ebfffff
11457,880d9cb5d7fffff
11458,880d9d6695fffff
11459,880d8a719bfffff
11460,880d822d97fffff
11461,880d9dd0ddfffff
11462,880d9dcea9fffff
11463,880d834e51fffff
11464,880d99d321fffff
11465,880d9dc215fffff
11466,880d9d093bfffff
11467,880d9da905fffff
11468,880d834c35fffff
11469,880d8a1369fffff
11470,880d9cb6ddfffff
11471,880d83ccd3fffff
11472,880d9d6867fffff
11473,880d9d8655fffff
11474,880d8ac509fffff
11475,880d836f17fffff
11476,880d9999a9fffff
11477,880d99b065fffff
11478,880d99d693fffff
11479,880d834437fffff
11480,880d9d6c01fffff
11481,880d83c105fffff
11482,880ca4d9e1fffff
11483,880d830c21fffff
11484,880d9d6c29fffff
11485,880d8a4f45fffff
11486,880d9d6eadfffff
11487,880d8ac4c1fffff
11488,880d9ca049fffff
11489,880d9ca40dfffff
11490,880d835485fffff
11491,880d9d4611fffff
11492,880d831701fffff
11493,880d999649fffff
11494,880d9d3addfffff
11495,880d9d0eddfffff
11496,880d999491fffff
11497,880d9dd487fffff
11498,880d8a1291fffff
11499,880d831ab7fffff
11500,880d9d050dfffff
11501,880d99b22bfffff
11502,880d9d010bfffff
11503,880d835963fffff
11504,880d8a0351fffff
11505,880d837a83fffff
11506,880d9d15dbfffff
11507,880d9c3515fffff
11508,880d8a5ac7fffff
11509,880d9d4c29fffff
11510,880d9d6967fffff
11511,880d9d56d5fffff
11512,880d9cb527fffff
11513,880d9d4267fffff
11514,880d83c9bdfffff
11515,880d9db19bfffff
11516,880d8352d1fffff
11517,880d8a4ca9fffff
11518,880d9d54d5fffff
11519,880d834125fffff
11520,880d9d7593fffff
11521,880d9dd863fffff
11522,880d8309d1fffff
11523,880d9d3a53fffff
11524,880d9d35e1fffff
11525,880d9da09dfffff
11526,880d9dcd95fffff
11527,880d9d7067fffff
11528,880d9d51dbfffff
11529,880ca4d8d3fffff
11530,880d8ace93fffff
11531,880d9d4ca9fffff
11532,880d9d69a3fffff
11533,880d99aa25fffff
11534,880d835523fffff
11535,880d830f51fffff
11536,880d836727fffff
11537,880d9d1741fffff
11538,880d9d00bbfffff
11539,880d83c8d1fffff
11540,880d836a93fffff
11541,880d8341e7fffff
11542,880d831a5bfffff
11543,880d9c3735fffff
11544,880d835ac9fffff
11545,880d831a81fffff
11546,880ca4d745fffff
11547,880d9d7719fffff
11548,880d98b6c9fffff
11549,880d8a01adfffff
11550,880d830dc7fffff
11551,880d9da8bbfffff
11552,880d831061fffff
11553,880d9dd41bfffff
11554,880d8a4215fffff
11555,880d8a094bfffff
11556,880d9d60b1fffff
11557,880d8344e1fffff
11558,880ca4d903fffff
11559,880d9da225fffff
11560,880d9dcedbfffff
11561,880d835199fffff
11562,880d837967fffff
11563,880d9d61edfffff
11564,880d9cb2c3fffff
11565,880d836a03fffff
11566,880d83c469fffff
11567,880d8a6e4dfffff
11568,880d9d7ab9fffff
11569,880d83611dfffff
11570,880d999761fffff
11571,880d8a520dfffff
11572,880d998665fffff
11573,880d999b6dfffff
11574,880d834f43fffff
11575,880d8e49a3fffff
11576,880d99ba59fffff
11577,880d9d384dfffff
11578,880d99a0edfffff
11579,880d8acc19fffff
11580,880d831741fffff
11581,880d9d4481fffff
11582,880ca4d941fffff
11583,880d9d42e7fffff
11584,880d83199bfffff
11585,880d99bae7fffff
11586,880d9d61a7fffff
11587,880d835737fffff
11588,880d9d180bfffff
11589,880d9936d1fffff
11590,880d9dd753fffff
11591,880d83405bfffff
11592,880d8a4a47fffff
11593,880d9995edfffff
11594,880d9d50b9fffff
11595,880d9d203dfffff
11596,880d998669fffff
11597,880d99d661fffff
11598,880d8a4e5dfffff
11599,880d99b98dfffff
11600,880d99aca3fffff
11601,880d8ac8c5fffff
11602,880d8a4cbdfffff
11603,880d99832bfffff
11604,880d9d70bbfffff
11605,880d99aae7fffff
11606,880d8a022dfffff
11607,880d9d75d3fffff
11608,880d830b0dfffff
11609,880d9d1b57fffff
11610,880d834b61fffff
11611,880d9d3605fffff
11612,880d99ab17fffff
11613,880d9ca759fffff
11614,880d83cd05fffff
11615,880d99bb07fffff
11616,880d98a4bbfffff
11617,880d9d6ee9fffff
11618,880d830c0dfffff
11619,880d837769fffff
11620,880d830c07fffff
11621,880d9c35adfffff
11622,880d9d60dbfffff
11623,880d9ca4c9fffff
11624,880d9985d3fffff
11625,880d9981dbfffff
11626,880d9dd12dfffff
11627,880d9d0ebdfffff
11628,880d9dcd19fffff
11629,880d8a451dfffff
11630,880d83ccd5fffff
11631,880d9d2a49fffff
11632,880d9cac2dfffff
11633,880d9d7a4dfffff
11634,880d99ae2dfffff
11635,880d8e5b11fffff
11636,880d83c697fffff
11637,880d999717fffff
11638,880d834857fffff
11639,880d9d0f69fffff
11640,880d9d7a97fffff
11641,880d9dd5d9fffff
11642,880d9d1033fffff
11643,880d9c36cbfffff
11644,880d8acd53fffff
11645,880d9dca13fffff
11646,880d99b9d3fffff
11647,880d8a4039fffff
11648,880d8354bbfffff
11649,880d9d329dfffff
11650,880d837103fffff
11651,880d9d6213fffff
11652,880d9dd4b5fffff
11653,880d835a03fffff
11654,880d9d5087fffff
11655,880d9d0a29fffff
11656,880d9d04c1fffff
11657,880d9d672bfffff
11658,880d834a37fffff
11659,880d83ca39fffff
11660,880d9dc021fffff
11661,880d837141fffff
11662,880d8368d7fffff
11663,880d9d501bfffff
11664,880ca4d8a5fffff
11665,880d998c61fffff
11666,880d9dd969fffff
11667,880d99a599fffff
11668,880d83124dfffff
11669,880d9d0a6dfffff
11670,880d8a6de3fffff
11671,880d999143fffff
11672,880d9d5699fffff
11673,880d999707fffff
11674,880d9d570bfffff
11675,880d9d5229fffff
11676,880d8a08edfffff
11677,880d9d50b1fffff
11678,880d9ca285fffff
11679,880d9d113bfffff
11680,880d9d5707fffff
11681,880d9d5323fffff
11682,880d8a44d9fffff
11683,880d98b503fffff
11684,880d9dc8cdfffff
11685,880d9d2929fffff
11686,880d9d0ee9fffff
11687,880d837017fffff
11688,880d8a51c1fffff
11689,880d99ad09fffff
11690,880d8a0865fffff
11691,880d8ac44bfffff
11692,880d9d3a01fffff
11693,880d998067fffff
11694,880d9d5045fffff
11695,880ca4dab7fffff
11696,880d8a0e05fffff
11697,880d99ba89fffff
11698,880d8a0a29fffff
11699,880d9dd597fffff
11700,880d99b12bfffff
11701,880d8a6b05fffff
11702,880d9ca6cdfffff
11703,880d834dcbfffff
11704,880d8ac605fffff
11705,880d8379e9fffff
11706,880d8a4b47fffff
11707,880d99929dfffff
11708,880d99b145fffff
11709,880d9d44c5fffff
11710,880d9d06c5fffff
11711,880d99aabdfffff
11712,880d8a4a45fffff
11713,880d9d7517fffff
11714,880d998547fffff
11715,880d8a4d67fffff
11716,880d8a1a65fffff
11717,880d99ab0bfffff
11718,880d822ddbfffff
11719,880d9ca5abfffff
11720,880d830a59fffff
11721,880d9d86e7fffff
11722,880d9dd5c7fffff
11723,880d83caddfffff
11724,880d8a8809fffff
11725,880d8a6ca7fffff
11726,880d822dd7fffff
11727,880d83c88dfffff
11728,880d8acecbfffff
11729,880d8a4641fffff
11730,880d9d650dfffff
11731,880d837289fffff
11732,880d99b753fffff
11733,880d9d0c89fffff
11734,880d9dc65bfffff
11735,880d9d3843fffff
11736,880d834897fffff
11737,880d8a00e1fffff
11738,880d9d3017fffff
11739,880d99b189fffff
11740,880d83ca53fffff
11741,880d9da1e1fffff
11742,880d838dadfffff
11743,880d9d4255fffff
11744,880d9d2c55fffff
11745,880d8a1065fffff
11746,880d9d2e13fffff
11747,880d9d3225fffff
11748,880d831035fffff
11749,880d8355c3fffff
11750,880d831a91fffff
11751,880d835a01fffff
11752,880d9dd86bfffff
11753,880d9d636dfffff
11754,880d9d095dfffff
11755,880d9d2401fffff
11756,880d8348d9fffff
11757,880d9d154dfffff
11758,880ca4d9cdfffff
11759,880d8a4185fffff
11760,880d9d709bfffff
11761,880d9d51d7fffff
11762,880d9d8c91fffff
11763,880d9dcc57fffff
11764,880d8ad86dfffff
11765,880d9cadb3fffff
11766,880d822d19fffff
11767,880d9cb4e7fffff
11768,880d998155fffff
11769,880d838f21fffff
11770,880d8ac6a1fffff
11771,880d8a5a69fffff
11772,880d9daab7fffff
11773,880d999251fffff
11774,880d9dcc0dfffff
11775,880d9d1539fffff
11776,880d9d24c1fffff
11777,880d8a6283fffff
11778,880d830f17fffff
11779,880d8345bdfffff
11780,880d8a543bfffff
11781,880d8318bdfffff
11782,880d99b141fffff
11783,880d99d255fffff
11784,880d83c4edfffff
11785,880d9da52bfffff
11786,880d9d61a3fffff
11787,880d99a111fffff
11788,880d99a16bfffff
11789,880d9dc66bfffff
11790,880d8a7455fffff
11791,880d8a4285fffff
11792,880d9d6b37fffff
11793,880d9dd9e7fffff
11794,880d9999b1fffff
11795,880d822de3fffff
11796,880d835611fffff
11797,880d9dd535fffff
11798,880d9d5429fffff
11799,880d999339fffff
11800,880d9d61d7fffff
11801,880d83575bfffff
11802,880d9d01e1fffff
11803,880d9c2245fffff
11804,880d9d242dfffff
11805,880d9dcd0dfffff
11806,880d8308abfffff
11807,880d8319c1fffff
11808,880d9c3537fffff
11809,880d99a087fffff
11810,880d8a890bfffff
11811,880d9d0219fffff
11812,880d9dd527fffff
11813,880d836f69fffff
11814,880d9dd49dfffff
11815,880d8a80e5fffff
11816,880d9ddb15fffff
11817,880d8a7a6bfffff
11818,880d837235fffff
11819,880d834d59fffff
11820,880d834443fffff
11821,880d837903fffff
11822,880d830b05fffff
11823,880d99b74bfffff
11824,880d9d4651fffff
11825,880d830f0bfffff
11826,880d9d3237fffff
11827,880d83c549fffff
11828,880d9d2c97fffff
11829,880d834a11fffff
11830,880d8a7205fffff
11831,880d8e59abfffff
11832,880d9d7369fffff
11833,880d99a10bfffff
11834,880d999283fffff
11835,880d822cc9fffff
11836,880d8312dbfffff
11837,880d83569dfffff
11838,880d822da3fffff
11839,880d83cc53fffff
11840,880d8301e5fffff
11841,880d8ac6e7fffff
11842,880d83c765fffff
11843,880d99b469fffff
11844,880ca4d25bfffff
11845,880d9c2715fffff
11846,880d9ca533fffff
11847,880d9dd405fffff
11848,880d9d1763fffff
11849,880d9d2c67fffff
11850,880d9d2cb9fffff
11851,880d83195bfffff
11852,880d9c963bfffff
11853,880d9996b3fffff
11854,880d83082dfffff
11855,880d8ac695fffff
11856,880d8a599bfffff
11857,880d835a0bfffff
11858,880d8a40cdfffff
11859,880d9dc25dfffff
11860,880d837981fffff
11861,880d9dd0abfffff
11862,880d9cb705fffff
11863,880d8308c9fffff
11864,880d9cb73dfffff
11865,880d835a27fffff
11866,880d8a6049fffff
11867,880d8e598bfffff
11868,880d9d35a9fffff
11869,880ca4da83fffff
11870,880ca4d215fffff
11871,880d9db113fffff
11872,880d9ca24bfffff
11873,880d8a18adfffff
11874,880d8319ddfffff
11875,880d9d2741fffff
11876,880d999263fffff
11877,880d9d4343fffff
11878,880d9db9c5fffff
11879,880d99ad0bfffff
11880,880d8a6d5dfffff
11881,880d8a546dfffff
11882,880d99ab2bfffff
11883,880d9916dbfffff
11884,880d9dd4a3fffff
11885,880d9d44b3fffff
11886,880d9cb193fffff
11887,880d8a55c3fffff
11888,880d8318e5fffff
11889,880d9d71b3fffff
11890,880d834cbdfffff
11891,880d822dc7fffff
11892,880d83c54dfffff
11893,880ca4d0d5fffff
11894,880d8389ebfffff
11895,880d83c6d1fffff
11896,880d822ccbfffff
11897,880d8359d9fffff
11898,880d99163bfffff
11899,880d9d8cb5fffff
11900,880d830335fffff
11901,880d8a7939fffff
11902,880d8a532bfffff
11903,880d8350e5fffff
11904,880d83c9d9fffff
11905,880d9dd6e9fffff
11906,880d831a43fffff
11907,880d8a68d7fffff
11908,880d831a3bfffff
11909,880d9dbb33fffff
11910,880d8a4407fffff
11911,880d9d6097fffff
11912,880d834c07fffff
11913,880d83615dfffff
11914,880d9d39a5fffff
11915,880d99a5e9fffff
11916,880d8acca1fffff
11917,880d9c8615fffff
11918,880ca4da13fffff
11919,880d83691bfffff
11920,880d9d0921fffff
11921,880d8a4ee5fffff
11922,880d9d2ee7fffff
11923,880d9d6593fffff
11924,880d99b42dfffff
11925,880d822dadfffff
11926,880d9d50adfffff
11927,880d998157fffff
11928,880d9d14a5fffff
11929,880d9daacdfffff
11930,880d98b539fffff
11931,880d9cb4d5fffff
11932,880d9dace7fffff
11933,880d834ee9fffff
11934,880d834e3dfffff
11935,880d8a5129fffff
11936,880d99b2d7fffff
11937,880d9d1889fffff
11938,880ca4d05bfffff
11939,880d99a75bfffff
11940,880d9cac25fffff
11941,880d8adb57fffff
11942,880d8a59adfffff
11943,880d9d3a45fffff
11944,880d9dd0edfffff
11945,880d8a40bbfffff
11946,880d8a7847fffff
11947,880d9daa81fffff
11948,880d830e31fffff
11949,880d9d890bfffff
11950,880d99a9d7fffff
11951,880d9d6a67fffff
11952,880d8a4c5dfffff
11953,880d836d83fffff
11954,880d9d6dc1fffff
11955,880d99324bfffff
11956,880d99b087fffff
11957,880d83ca81fffff
11958,880d998d8bfffff
11959,880d9d322bfffff
11960,880d9db94dfffff
11961,880d99a9e3fffff
11962,880d9db36dfffff
11963,880d834d39fffff
11964,880d9d0719fffff
11965,880d8a4819fffff
11966,880d83170dfffff
11967,880d9ca63dfffff
11968,880d8a4543fffff
11969,880d9dd223fffff
11970,880d9dd26bfffff
11971,880d834cd1fffff
11972,880d9c26e3fffff
11973,880d822cd5fffff
11974,880d8a01c1fffff
11975,880d9daf0bfffff
11976,880ca4d247fffff
11977,880d8a4d2bfffff
11978,880d8a00a1fffff
11979,880d8a6de1fffff
11980,880ca4d249fffff
11981,880d8a4f57fffff
11982,880d9d4487fffff
11983,880d99b719fffff
11984,880d9d696dfffff
11985,880d8a450dfffff
11986,880d8a892bfffff
11987,880d837a37fffff
11988,880d834223fffff
11989,880d9dd1cdfffff
11990,880d8a0a67fffff
11991,880d99af63fffff
11992,880d8a0943fffff
11993,880d9d715dfffff
11994,880d9dd9b3fffff
11995,880d8a185bfffff
11996,880d834f3bfffff
11997,880d9c36b3fffff
11998,880d8a6d99fffff
11999,880d9d2db7fffff
12000,880d9d0097fffff
12001,880d99b825fffff
12002,880d83513bfffff
12003,880d8a6227fffff
12004,880d8a5713fffff
12005,880d835553fffff
12006,880d9da521fffff
12007,880d9d0817fffff
12008,880d9d72dbfffff
12009,880d9d68d9fffff
12010,880d9d56b9fffff
12011,880d9d16e5fffff
12012,880d9d652dfffff
12013,880d9d1a6dfffff
12014,880d9dc253fffff
12015,880d9ca01dfffff
12016,880ca4db55fffff
12017,880d83c505fffff
12018,880d9d08c1fffff
12019,880d9d2c11fffff
12020,880d8a40a7fffff
12021,880d9d7805fffff
12022,880d838c47fffff
12023,880d9d0925fffff
12024,880d9d06adfffff
12025,880d998053fffff
12026,880d9c3449fffff
12027,880d8342d1fffff
12028,880d9d40d7fffff
12029,880d9d4521fffff
12030,880d9d6815fffff
12031,880d9d6901fffff
12032,880d8a082bfffff
12033,880d9c3523fffff
12034,880d9da857fffff
12035,880d9994b9fffff
12036,880d8a7a29fffff
12037,880d9d0747fffff
12038,880d9dd52bfffff
12039,880d8a0f41fffff
12040,880d822da9fffff
12041,880d8a462bfffff
12042,880d9d2447fffff
12043,880d9d0c05fffff
12044,880d9d6365fffff
12045,880d8a4985fffff
12046,880d9d3407fffff
12047,880d99a0c1fffff
12048,880d9d2f5dfffff
12049,880d8a128dfffff
12050,880d99b4a9fffff
12051,880d9cacb9fffff
12052,880d9ddab1fffff
12053,880d9d05bbfffff
12054,880d998229fffff
12055,880d99a00dfffff
12056,880d9dcf15fffff
12057,880d9d04adfffff
12058,880d999465fffff
12059,880d836ab1fffff
12060,880d9c360dfffff
12061,880d83518bfffff
12062,880d9d00e1fffff
12063,880d8a44d5fffff
12064,880d9d7641fffff
12065,880d9d9481fffff
12066,880d99ac85fffff
12067,880d8a563dfffff
12068,880d9d680dfffff
12069,880d99ba53fffff
12070,880d9d2599fffff
12071,880d9d529dfffff
12072,880d834859fffff
12073,880d9dd119fffff
12074,880d9d2a41fffff
12075,880d99902bfffff
12076,880d9d7731fffff
12077,880d8a5413fffff
12078,880d8a1831fffff
12079,880d9da341fffff
12080,880d9da103fffff
12081,880d9daeb5fffff
12082,880d9d7143fffff
12083,880d9d15c9fffff
12084,880d9d2837fffff
12085,880d8a1addfffff
12086,880d9d0c59fffff
12087,880d9da941fffff
12088,880d9d5245fffff
12089,880d835543fffff
12090,880d99949dfffff
12091,880d8a5709fffff
12092,880d9d0cbdfffff
12093,880d9dd319fffff
12094,880d830e65fffff
12095,880d8a18c3fffff
12096,880d830c45fffff
12097,880d8a49c7fffff
12098,880d8a10d3fffff
12099,880d9dc2adfffff
12100,880d83096dfffff
12101,880d837023fffff
12102,880d998c05fffff
12103,880d9da025fffff
12104,880d8a19e3fffff
12105,880d9d6b23fffff
12106,880d9d6521fffff
12107,880d99149dfffff
12108,880d9d2103fffff
12109,880d83c6bdfffff
12110,880d8346a9fffff
12111,880d9d282bfffff
12112,880d836a13fffff
12113,880d9d1899fffff
12114,880d99b751fffff
12115,880d9daf63fffff
12116,880d9d6437fffff
12117,880d837033fffff
12118,880d9ddb51fffff
12119,880d8a54dbfffff
12120,880d99a251fffff
12121,880d9cb0bdfffff
12122,880d8e4821fffff
12123,880d9d96a5fffff
12124,880d9d6107fffff
12125,880d8a5b03fffff
12126,880d9dae19fffff
12127,880d8a6281fffff
12128,880d9d110bfffff
12129,880d9d7197fffff
12130,880d8a12d5fffff
12131,880d9d02cbfffff
12132,880d834655fffff
12133,880d9d3731fffff
12134,880ca4da31fffff
12135,880d834267fffff
12136,880d8a568bfffff
12137,880d9c868dfffff
12138,880d9d78adfffff
12139,880d9da215fffff
12140,880d8a4997fffff
12141,880d8a5357fffff
12142,880d8352d9fffff
12143,880d9d94a9fffff
12144,880d9d1137fffff
12145,880d9d0a1bfffff
12146,880d9ca6bbfffff
12147,880d999745fffff
12148,880d9ca5a3fffff
12149,880d9dc8bbfffff
12150,880d9d3583fffff
12151,880d99a8cdfffff
12152,880d9d1b0bfffff
12153,880d837355fffff
12154,880d99815dfffff
12155,880d9d3565fffff
12156,880d9da9dbfffff
12157,880d8a59bdfffff
12158,880d9d1a8bfffff
12159,880d83118dfffff
12160,880d9c3739fffff
12161,880d99a983fffff
12162,880d8ace91fffff
12163,880d9d08a7fffff
12164,880d8302cbfffff
12165,880d8a6b03fffff
12166,880d8a0029fffff
12167,880d83cd3dfffff
12168,880d9d0019fffff
12169,880d9daf05fffff
12170,880d8ac1b3fffff
12171,880d99a541fffff
12172,880d834333fffff
12173,880d8acdd5fffff
12174,880d8a4359fffff
12175,880ca4c36dfffff
12176,880d831983fffff
12177,880d83c857fffff
12178,880d9d4605fffff
12179,880d8ac4e1fffff
12180,880d9db95dfffff
12181,880d99d315fffff
12182,880d9992c5fffff
12183,880d9d38a7fffff
12184,880d9c36a5fffff
12185,880d9db081fffff
12186,880ca4d15dfffff
12187,880d831849fffff
12188,880d998005fffff
12189,880d9c2649fffff
12190,880d9db263fffff
12191,880d9984b3fffff
12192,880d8a70d3fffff
12193,880d9c36a9fffff
12194,880d8ace85fffff
12195,880d9d8623fffff
12196,880d8a4c5bfffff
12197,880d9d42c3fffff
12198,880d835a1dfffff
12199,880d9dc901fffff
12200,880d9daa57fffff
12201,880d9d2d0dfffff
12202,880d99a23dfffff
12203,880d9d266dfffff
12204,880d99a237fffff
12205,880d9db05bfffff
12206,880d9d325dfffff
12207,880d8a750dfffff
12208,880d837b0bfffff
12209,880d8a18c7fffff
12210,880ca4db5bfffff
12211,880d8a0f17fffff
12212,880d9d0c5bfffff
12213,880d9dd539fffff
12214,880ca4db2bfffff
12215,880d9d399dfffff
12216,880d9dc80bfffff
12217,880d8a0267fffff
12218,880d9d6cc7fffff
12219,880d9dc29bfffff
12220,880d9d60e3fffff
12221,880d9914b1fffff
12222,880d9d6b5dfffff
12223,880d8a58abfffff
12224,880d8358adfffff
12225,880d835b43fffff
12226,880d9dd163fffff
12227,880d834159fffff
12228,880d9c36ebfffff
12229,880d9d1727fffff
12230,880d9da859fffff
12231,880d9d5569fffff
12232,880ca4db07fffff
12233,880d8a75edfffff
12234,880d99965dfffff
12235,880d8a4b07fffff
12236,880d8a51d7fffff
12237,880d9c260dfffff
12238,880d836e63fffff
12239,880d998447fffff
12240,880d9d1a99fffff
12241,880d8a6d4bfffff
12242,880d9d760dfffff
12243,880d99a429fffff
12244,880d8a11edfffff
12245,880d9dd4d3fffff
12246,880d99af55fffff
12247,880d9c3721fffff
12248,880d99b991fffff
12249,880d8a58cbfffff
12250,880d9d0995fffff
12251,880d9d3341fffff
12252,880d9d02a7fffff
12253,880d9d2493fffff
12254,880d8a4927fffff
12255,880d9dc49bfffff
12256,880d99a2b5fffff
12257,880d8a5223fffff
12258,880d9d6931fffff
12259,880d9d0049fffff
12260,880d9dd52dfffff
12261,880d9c2289fffff
12262,880d9990d7fffff
12263,880d9d3a03fffff
12264,880d9d56b5fffff
12265,880d99a613fffff
12266,880d8e4929fffff
12267,880d9d0363fffff
12268,880ca4d093fffff
12269,880d9ca587fffff
12270,880d9cb415fffff
12271,880d9d553dfffff
12272,880ca4d285fffff
12273,880d8ac1bdfffff
12274,880d9da9e7fffff
12275,880d9d461dfffff
12276,880d9ddac7fffff
12277,880d835103fffff
12278,880d9d2217fffff
12279,880d991695fffff
12280,880d9d0ce1fffff
12281,880d8a016dfffff
12282,880d9c95ddfffff
12283,880d99a941fffff
12284,880d83152dfffff
12285,880d99a4c5fffff
12286,880d822dd1fffff
12287,880d9d6345fffff
12288,880d836b25fffff
12289,880d9db82dfffff
12290,880d83576dfffff
12291,880ca4d93bfffff
12292,880d9d4c17fffff
12293,880d9db8ebfffff
12294,880d9dd6e3fffff
12295,880d9cb215fffff
12296,880d8a4a89fffff
12297,880d9db087fffff
12298,880d9d184bfffff
12299,880d83cd49fffff
12300,880d998059fffff
12301,880d9d20dbfffff
12302,880d9daf35fffff
12303,880d9d443dfffff
12304,880d9d02a5fffff
12305,880d9cb33bfffff
12306,880d8acc6dfffff
12307,880d830a07fffff
12308,880d8a68d1fffff
12309,880d8ad927fffff
12310,880d9c32b3fffff
12311,880d9d6e13fffff
12312,880d9d0e17fffff
12313,880d999a21fffff
12314,880d83486bfffff
12315,880d9da82bfffff
12316,880d99a649fffff
12317,880d9dd1c1fffff
12318,880d9dc6a7fffff
12319,880d9d7a5dfffff
12320,880d9c94c5fffff
12321,880d9d6985fffff
12322,880d9d606dfffff
12323,880d8a8ae3fffff
12324,880d9d84a3fffff
12325,880d9d2f57fffff
12326,880d835805fffff
12327,880d83196dfffff
12328,880d834e91fffff
12329,880d9d7247fffff
12330,880d83c091fffff
12331,880d9c3625fffff
12332,880d9db8a1fffff
12333,880d99baa5fffff
12334,880d9dd191fffff
12335,880d8a0d67fffff
12336,880d83734dfffff
12337,880d83468dfffff
12338,880d9cb683fffff
12339,880d9dd427fffff
12340,880d835157fffff
12341,880d8a0043fffff
12342,880d838aa9fffff
12343,880d998aa3fffff
12344,880d8a5847fffff
12345,880d9d8441fffff
12346,880d99b2bdfffff
12347,880d9d64a1fffff
12348,880d830835fffff
12349,880d9c352dfffff
12350,880d8a5855fffff
12351,880d9db243fffff
12352,880d9d1abdfffff
12353,880d8ace27fffff
12354,880d9d472dfffff
12355,880d8346e3fffff
12356,880d9d2691fffff
12357,880ca4db65fffff
12358,880d9d0b15fffff
12359,880d9d4e25fffff
12360,880d8acd95fffff
12361,880d8a6b61fffff
12362,880d9cb6a3fffff
12363,880d822cabfffff
12364,880d9c3559fffff
12365,880d9d86edfffff
12366,880d9dba55fffff
12367,880d8a75a1fffff
12368,880d9d61d5fffff
12369,880d9d001dfffff
12370,880d83cf23fffff
12371,880d8a1807fffff
12372,880d998333fffff
12373,880d9dd823fffff
12374,880d9dce63fffff
12375,880d9994e1fffff
12376,880d83c401fffff
12377,880d8a40d7fffff
12378,880d99993dfffff
12379,880d8a1b39fffff
12380,880d837b07fffff
12381,880d9d6f19fffff
12382,880d9c9431fffff
12383,880d998b55fffff
12384,880d99942bfffff
12385,880d8354d5fffff
12386,880d9d75a5fffff
12387,880d9dc725fffff
12388,880d9d3217fffff
12389,880d83152bfffff
12390,880d9d2f33fffff
12391,880d9daa9dfffff
12392,880d9d2649fffff
12393,880d9d6319fffff
12394,880d9d7947fffff
12395,880d8309a7fffff
12396,880d8a6f2dfffff
12397,880d9d02ebfffff
12398,880d9cb64bfffff
12399,880d8ac1dbfffff
12400,880d999609fffff
12401,880d9d21e5fffff
12402,880d834d89fffff
12403,880d99a6d9fffff
12404,880d8ad5a3fffff
12405,880d9dcc6dfffff
12406,880d99ac99fffff
12407,880d9dc8e3fffff
12408,880d9d4235fffff
12409,880d99a2cdfffff
12410,880d9d0b53fffff
12411,880d99b5a1fffff
12412,880d8a7b09fffff
12413,880d83cc95fffff
12414,880d998cebfffff
12415,880d99b2b9fffff
12416,880d9d0347fffff
12417,880d8a58ebfffff
12418,880d9ca2cdfffff
12419,880d837a39fffff
12420,880d9d65c1fffff
12421,880d8a4ab3fffff
12422,880d9dad0dfffff
12423,880d9d1ad9fffff
12424,880d9d7a9dfffff
12425,880d8e4b39fffff
12426,880d9ca293fffff
12427,880d999185fffff
12428,880d99975dfffff
12429,880d98b489fffff
12430,880d83710bfffff
12431,880d83c0e3fffff
12432,880d822e23fffff
12433,880d8a51b7fffff
12434,880d99bad1fffff
12435,880d9d1a83fffff
12436,880d99904bfffff
12437,880d9d04d7fffff
12438,880d9d06b5fffff
12439,880d8a8851fffff
12440,880d99a013fffff
12441,880d98b453fffff
12442,880d831b3bfffff
12443,880d83c687fffff
12444,880d8354e9fffff
12445,880d9d94ebfffff
12446,880d9d4d85fffff
12447,880d9cadd5fffff
12448,880d9d2313fffff
12449,880d8a4f21fffff
12450,880d8a46e1fffff
12451,880d835a81fffff
12452,880d8a0ac7fffff
12453,880d9d7621fffff
12454,880d9dc1a5fffff
12455,880d9dd233fffff
12456,880d8a5a8dfffff
12457,880d834b0bfffff
12458,880d9d0e87fffff
12459,880d9cae9dfffff
12460,880d8a4b43fffff
12461,880d99b455fffff
12462,880d998705fffff
12463,880d99ab55fffff
12464,880d99d699fffff
12465,880d8a724bfffff
12466,880d99a0e7fffff
12467,880d9dd8a3fffff
12468,880d9d2abdfffff
12469,880d9dce45fffff
12470,880d9db0e9fffff
12471,880d8a6c2dfffff
12472,880d8a6d69fffff
12473,880d99a093fffff
12474,880d9d753dfffff
12475,880d8a6e61fffff
12476,880d8311b1fffff
12477,880d9c94cbfffff
12478,880d834811fffff
12479,880d8319a1fffff
12480,880d8a6935fffff
12481,880d8a4303fffff
12482,880d8a0069fffff
12483,880d9d0d91fffff
12484,880d8a1163fffff
12485,880d8ac585fffff
12486,880d9d6929fffff
12487,880d998101fffff
12488,880d9cb207fffff
12489,880d99950dfffff
12490,880d83c555fffff
12491,880d999427fffff
12492,880d9cb1bbfffff
12493,880d8a6ac3fffff
12494,880d8341d5fffff
12495,880d8a4447fffff
12496,880d834089fffff
12497,880d99aa83fffff
12498,880d998405fffff
12499,880d8346a7fffff
12500,880d835165fffff
12501,880d8341adfffff
12502,880d9d19b5fffff
12503,880d8a0329fffff
12504,880d8361b3fffff
12505,880d8311b9fffff
12506,880d830d6dfffff
12507,880d9cb4cdfffff
12508,880d9dc8adfffff
12509,880d9dca51fffff
12510,880d9dc1d7fffff
12511,880d8a4201fffff
12512,880d9d8d97fffff
12513,880ca4d059fffff
12514,880d83010dfffff
12515,880d998d8dfffff
12516,880d9d6039fffff
12517,880d8a08a3fffff
12518,880d9dd633fffff
12519,880d9d1085fffff
12520,880d9d291dfffff
12521,880d8a0c45fffff
12522,880d9982a5fffff
12523,880d9ca25dfffff
12524,880d8a6cb5fffff
12525,880d8a7557fffff
12526,880d9d22b9fffff
12527,880d835861fffff
12528,880d999151fffff
12529,880d9dcd5dfffff
12530,880d9d0d53fffff
12531,880d8a746bfffff
12532,880d9d2459fffff
12533,880d9d0487fffff
12534,880d9d5061fffff
12535,880d9da9d3fffff
12536,880d8a1b21fffff
12537,880d99a8e5fffff
12538,880d9d7545fffff
12539,880d99d215fffff
12540,880d9d1153fffff
12541,880d998e91fffff
12542,880d9d656dfffff
12543,880d9d34b1fffff
12544,880d998a9bfffff
12545,880d83c48dfffff
12546,880d8a743bfffff
12547,880d8ac75dfffff
12548,880d8354d9fffff
12549,880d99ad2dfffff
12550,880d83ce55fffff
12551,880d8350b5fffff
12552,880d8a11cdfffff
12553,880d98b6a3fffff
12554,880d83c033fffff
12555,880d9cb099fffff
12556,880d9d6c43fffff
12557,880d9d395bfffff
12558,880d998f39fffff
12559,880d8358ebfffff
12560,880d83480dfffff
12561,880d8ac51bfffff
12562,880d9d1155fffff
12563,880d8a4c93fffff
12564,880d9c94e5fffff
12565,880d9dd95bfffff
12566,880d9d7b53fffff
12567,880d9d46d7fffff
12568,880d9dad09fffff
12569,880d836e3dfffff
12570,880d8a88c1fffff
12571,880d8a432bfffff
12572,880d9d654dfffff
12573,880d9d26e5fffff
12574,880d8a44a9fffff
12575,880d8a56a5fffff
12576,880d9dc857fffff
12577,880d9d4201fffff
12578,880d83cad1fffff
12579,880d99b731fffff
12580,880d99a517fffff
12581,880d99953dfffff
12582,880d9c36e7fffff
12583,880d8a1a51fffff
12584,880d9cac35fffff
12585,880d830ac3fffff
12586,880d9dd839fffff
12587,880d8350adfffff
12588,880d9999e1fffff
12589,880d831933fffff
12590,880d99812bfffff
12591,880d8e4989fffff
12592,880d8e59bbfffff
12593,880d9d6e97fffff
12594,880d99b057fffff
12595,880d8a0239fffff
12596,880d835619fffff
12597,880d9db9e3fffff
12598,880d99a403fffff
12599,880d8310b5fffff
12600,880d8a68b9fffff
12601,880d836d11fffff
12602,880d836903fffff
12603,880d834943fffff
12604,880d9d29b9fffff
12605,880d9dac0bfffff
12606,880d9c960dfffff
12607,880d99b135fffff
12608,880d9dc8d5fffff
12609,880d836ab7fffff
12610,880d9d0a11fffff
12611,880d9d28c9fffff
12612,880d9990a3fffff
12613,880d83c0e9fffff
12614,880d99b9e9fffff
12615,880d836a61fffff
12616,880d8ac5a1fffff
12617,880d8a1149fffff
12618,880d9d6c97fffff
12619,880d8a8903fffff
12620,880d8ac0e1fffff
12621,880d83c0a5fffff
12622,880d9c2201fffff
12623,880d99b75dfffff
12624,880d9dcab1fffff
12625,880d9994d1fffff
12626,880d8a69d9fffff
12627,880d8a189dfffff
12628,880d9d136bfffff
12629,880d8a4053fffff
12630,880d9d2911fffff
12631,880d9d39ebfffff
12632,880d8a0569fffff
12633,880d9d1a49fffff
12634,880d831303fffff
12635,880d8a772bfffff
12636,880d9d72adfffff
12637,880d9dcc8bfffff
12638,880d8a4e87fffff
12639,880ca4daadfffff
12640,880d8a6827fffff
12641,880d9dc5d5fffff
12642,880d99903bfffff
12643,880d9dd8c1fffff
12644,880d9d036dfffff
12645,880d83c129fffff
12646,880d99b2a5fffff
12647,880d9d284bfffff
12648,880d9dd935fffff
12649,880d8a4f6bfffff
12650,880d9d0255fffff
12651,880d8a4507fffff
12652,880d99a0d9fffff
12653,880d83442bfffff
12654,880d83619dfffff
12655,880d83caa5fffff
12656,880d831311fffff
12657,880d9d2861fffff
12658,880d9d25b5fffff
12659,880d98a651fffff
12660,880d9d1431fffff
12661,880d9d0595fffff
12662,880d9d0265fffff
12663,880d838d33fffff
12664,880d9d8b63fffff
12665,880d9d0011fffff
12666,880d9d7559fffff
12667,880d9d28a9fffff
12668,880d9da8b3fffff
12669,880d99a239fffff
12670,880d9d2ac7fffff
12671,880d9dd801fffff
12672,880d836953fffff
12673,880d9996b9fffff
12674,880d9dca0bfffff
12675,880d9d7127fffff
12676,880d9cb681fffff
12677,880d99a62dfffff
12678,880d9dd047fffff
12679,880d8e4b09fffff
12680,880d9db1d3fffff
12681,880d838d83fffff
12682,880d8a5483fffff
12683,880d8a89edfffff
12684,880d9d629dfffff
12685,880d998529fffff
12686,880d9dca1bfffff
12687,880d9d6e65fffff
12688,880d9d2041fffff
12689,880d8e5829fffff
12690,880d83080bfffff
12691,880d9d16d3fffff
12692,880d9d4251fffff
12693,880d9d71adfffff
12694,880d9c2659fffff
12695,880ca4db23fffff
12696,880d9cb695fffff
12697,880d9d0db1fffff
12698,880d837311fffff
12699,880d8e5937fffff
12700,880d9d42a1fffff
12701,880d9d2e47fffff
12702,880d9d0923fffff
12703,880d9dc2abfffff
12704,880d999993fffff
12705,880d9d6f03fffff
12706,880d9d4639fffff
12707,880d834e0dfffff
12708,880d83c5ebfffff
12709,880d9da121fffff
12710,880d9d421bfffff
12711,880d8a4b3bfffff
12712,880d9d685dfffff
12713,880d8a1823fffff
12714,880ca4d8abfffff
12715,880d8a4161fffff
12716,880d83c561fffff
12717,880d9d3105fffff
12718,880d9cb359fffff
12719,880d838f07fffff
12720,880d9d96d1fffff
12721,880d9d2267fffff
12722,880d9d2287fffff
12723,880d9d55a1fffff
12724,880d99b413fffff
12725,880d8acf1bfffff
12726,880d8a19a9fffff
12727,880d8359bbfffff
12728,880d9d6b0dfffff
12729,880d9dcd29fffff
12730,880d9d6a91fffff
12731,880d9d5335fffff
12732,880d834c2dfffff
12733,880d999899fffff
12734,880d99928bfffff
12735,880d9d1aedfffff
12736,880d9ca483fffff
12737,880d8a1067fffff
12738,880d8a1963fffff
12739,880d9db08bfffff
12740,880d99851dfffff
12741,880d9dca3bfffff
12742,880d836a35fffff
12743,880d99b041fffff
12744,880d8a7733fffff
12745,880d99d367fffff
12746,880d9d62d5fffff
12747,880d999923fffff
12748,880d999005fffff
12749,880d9d8491fffff
12750,880d835701fffff
12751,880d838db1fffff
12752,880d9cae3bfffff
12753,880d9dacbbfffff
12754,880d9d55e5fffff
12755,880d8a08c9fffff
12756,880d9990b1fffff
12757,880d9990c3fffff
12758,880d8acde9fffff
12759,880d9cae07fffff
12760,880d9d2321fffff
12761,880d9d565dfffff
12762,880d836505fffff
12763,880d9dd913fffff
12764,880d9da0a7fffff
12765,880d9d1427fffff
12766,880d99b369fffff
12767,880d9d55b5fffff
12768,880d834733fffff
12769,880d9d6065fffff
12770,880d9caeabfffff
12771,880d8a68e5fffff
12772,880d9d76d1fffff
12773,880d8a544dfffff
12774,880d9d8621fffff
12775,880d836317fffff
12776,880d9da1cdfffff
12777,880d9dd2e1fffff
12778,880d9d16cbfffff
12779,880d9d7b19fffff
12780,880d8a4c31fffff
12781,880d831551fffff
12782,880d999a49fffff
12783,880d9c96a3fffff
12784,880d9d1a3dfffff
12785,880d9d556dfffff
12786,880d9dc0dbfffff
12787,880d8a0011fffff
12788,880d8a18d7fffff
12789,880d8a0b13fffff
12790,880d9d0593fffff
12791,880d9db585fffff
12792,880d8379d3fffff
12793,880ca4d091fffff
12794,880d99aa63fffff
12795,880d8a794bfffff
12796,880d9d5763fffff
12797,880d8a618dfffff
12798,880d9dcd51fffff
12799,880d8a6e6dfffff
12800,880d8a6d87fffff
12801,880d836b43fffff
12802,880d9cae27fffff
12803,880d9cb049fffff
12804,880d8a6999fffff
12805,880d9d6e33fffff
12806,880d9d6f6bfffff
12807,880d8a6ac5fffff
12808,880d998317fffff
12809,880d9da249fffff
12810,880d9d7267fffff
12811,880d830215fffff
12812,880d9d6641fffff
12813,880d8301d3fffff
12814,880d835105fffff
12815,880d83435dfffff
12816,880d837001fffff
12817,880d9d62c9fffff
12818,880d835aa1fffff
12819,880d83c895fffff
12820,880d8a4241fffff
12821,880d9d60cbfffff
12822,880d9ca0c5fffff
12823,880d9c24c5fffff
12824,880d9c2607fffff
12825,880d9db33bfffff
12826,880d9d161dfffff
12827,880d9d7607fffff
12828,880d9d65a5fffff
12829,880d8a5b57fffff
12830,880d9dc209fffff
12831,880d8a0ad7fffff
12832,880d9916c9fffff
12833,880d99d241fffff
12834,880d9ddb63fffff
12835,880d9ca2c1fffff
12836,880d9d0857fffff
12837,880d9d0353fffff
12838,880d837035fffff
12839,880d834249fffff
12840,880d83cc37fffff
12841,880d9ca48dfffff
12842,880d9db881fffff
12843,880d999109fffff
12844,880d9dc311fffff
12845,880d9d71ebfffff
12846,880d8a0929fffff
12847,880d8ace81fffff
12848,880d837185fffff
12849,880d8351d9fffff
12850,880d99a953fffff
12851,880d9daa69fffff
12852,880d9d430bfffff
12853,880d8a6859fffff
12854,880d8a0993fffff
12855,880d998a27fffff
12856,880d9d0e57fffff
12857,880d8a11d7fffff
12858,880d9c352bfffff
12859,880d8a0999fffff
12860,880d998a25fffff
12861,880d8a4c09fffff
12862,880d9d2e89fffff
12863,880d834d35fffff
12864,880d9d2ec7fffff
12865,880d9db153fffff
12866,880d99d015fffff
12867,880d9d3a4bfffff
12868,880d830235fffff
12869,880d9d3851fffff
12870,880d9d3717fffff
12871,880d9d7a19fffff
12872,880d8a4b13fffff
12873,880d9dcdc9fffff
12874,880d9d874bfffff
12875,880d99a5d1fffff
12876,880d9dc1a7fffff
12877,880d8a4627fffff
12878,880d8378d9fffff
12879,880d9d26b7fffff
12880,880d834dc5fffff
12881,880d831855fffff
12882,880d8a5457fffff
12883,880d9db215fffff
12884,880d9da899fffff
12885,880ca4d201fffff
12886,880d998c81fffff
12887,880d835b07fffff
12888,880d999b25fffff
12889,880d8a0913fffff
12890,880d8311c7fffff
12891,880d99a32bfffff
12892,880d830989fffff
12893,880d8a59b3fffff
12894,880d83689dfffff
12895,880d822c13fffff
12896,880d9cac27fffff
12897,880d83002dfffff
12898,880d9dae2bfffff
12899,880d8ac54dfffff
12900,880d9dac95fffff
12901,880d9d3193fffff
12902,880d9d0297fffff
12903,880d8e4b61fffff
12904,880d8a4e4bfffff
12905,880d9cb713fffff
12906,880d9992ddfffff
12907,880d9cb1c9fffff
12908,880d836031fffff
12909,880d9ddac1fffff
12910,880d9994adfffff
12911,880d9ca5e1fffff
12912,880d834751fffff
12913,880d9dd2c1fffff
12914,880d834cd3fffff
12915,880d836909fffff
12916,880d9cadd7fffff
12917,880d836aa9fffff
12918,880d9da569fffff
12919,880d9d2d6dfffff
12920,880d9d6199fffff
12921,880d9daca7fffff
12922,880d9ca6d9fffff
12923,880d8358d3fffff
12924,880d9dca95fffff
12925,880d9d2a1dfffff
12926,880d9dc611fffff
12927,880d8e591bfffff
12928,880d9dc899fffff
12929,880d9d1b25fffff
12930,880d9d22dbfffff
12931,880d9d6d4bfffff
12932,880d9d403dfffff
12933,880d9cac55fffff
12934,880d83cf57fffff
12935,880d834b3dfffff
12936,880d838ad7fffff
12937,880d9cb4d7fffff
12938,880d831055fffff
12939,880d9d6011fffff
12940,880d99baedfffff
12941,880d8a7347fffff
12942,880d8388d9fffff
12943,880d9d34cbfffff
12944,880d98b599fffff
12945,880d99b669fffff
12946,880d9d5261fffff
12947,880d8a4aa3fffff
12948,880d99ae49fffff
12949,880d9da2e7fffff
12950,880d9d6e25fffff
12951,880d836d49fffff
12952,880d8318b1fffff
12953,880d99ac43fffff
12954,880d9d1a13fffff
12955,880d9db28dfffff
12956,880d9d2999fffff
12957,880ca4d14bfffff
12958,880d99b66dfffff
12959,880d9d18a7fffff
12960,880d9d6601fffff
12961,880d8356b7fffff
12962,880d8a1b01fffff
12963,880d8a54a7fffff
12964,880d998651fffff
12965,880d8a0007fffff
12966,880d9d6b63fffff
12967,880d98b725fffff
12968,880d9dd623fffff
12969,880d99a047fffff
12970,880d9cb649fffff
12971,880d8a10e1fffff
12972,880d9d0103fffff
12973,880d8a11adfffff
12974,880d9d7547fffff
12975,880d83728bfffff
12976,880ca4d8e7fffff
12977,880d8345b1fffff
12978,880d9c242bfffff
12979,880d9dae09fffff
12980,880d99ab13fffff
12981,880d9dc609fffff
12982,880d9d05cdfffff
12983,880d835017fffff
12984,880d9dd82bfffff
12985,880d8a4255fffff
12986,880d9d389dfffff
12987,880d9d00b3fffff
12988,880d9cae01fffff
12989,880d99a159fffff
12990,880d9d2063fffff
12991,880d8a580bfffff
12992,880d9ca19dfffff
12993,880d9dc46bfffff
12994,880d83cee7fffff
12995,880d98b491fffff
12996,880d9d208bfffff
12997,880d9d38ebfffff
12998,880d9d1365fffff
12999,880d99842bfffff
13000,880d834525fffff
13001,880d8a015bfffff
13002,880d9db9e1fffff
13003,880d9d31a5fffff
13004,880d9dcc15fffff
13005,880d9d6729fffff
13006,880d8acda7fffff
13007,880d8a1249fffff
13008,880d9dc189fffff
13009,880d8a00a9fffff
13010,880d99a229fffff
13011,880d830851fffff
13012,880d99d011fffff
13013,880d9d0e9bfffff
13014,880d9d78abfffff
13015,880d8ac08bfffff
13016,880d8355cdfffff
13017,880d9d4de9fffff
13018,880d9d6ab1fffff
13019,880d9d431bfffff
13020,880d9d76b7fffff
13021,880d9d4189fffff
13022,880d8e5807fffff
13023,880d9d2c25fffff
13024,880d834c05fffff
13025,880d836d45fffff
13026,880d9dcf33fffff
13027,880d8a5003fffff
13028,880d8a8aa7fffff
13029,880d8a4743fffff
13030,880d9cac5dfffff
13031,880d8a0207fffff
13032,880d9cb04dfffff
13033,880d9da2e1fffff
13034,880d9d0619fffff
13035,880d9d0d13fffff
13036,880d99a345fffff
13037,880d835763fffff
13038,880d9db2ebfffff
13039,880d83c5a5fffff
13040,880d9d334bfffff
13041,880ca4d965fffff
13042,880d9da359fffff
13043,880d83c6a3fffff
13044,880d9d6603fffff
13045,880d9c94b3fffff
13046,880d8a89a1fffff
13047,880d9d4539fffff
13048,880d9d9413fffff
13049,880d8a7363fffff
13050,880d99a8c9fffff
13051,880d835901fffff
13052,880d8acc83fffff
13053,880d830a2dfffff
13054,880d9ca513fffff
13055,880d9d533dfffff
13056,880d8300e7fffff
13057,880d8a42d1fffff
13058,880d835839fffff
13059,880d998421fffff
13060,880d9d1999fffff
13061,880d999805fffff
13062,880d9990e7fffff
13063,880d998cd5fffff
13064,880d9da89dfffff
13065,880ca4d8dbfffff
13066,880d9d6a2bfffff
13067,880d83c699fffff
13068,880d83ce6bfffff
13069,880d83c13dfffff
13070,880d8344a9fffff
13071,880d9d4591fffff
13072,880d8a522bfffff
13073,880d822497fffff
13074,880d9dcc63fffff
13075,880d8a8961fffff
13076,880d9d5647fffff
13077,880d998095fffff
13078,880d99994bfffff
13079,880d83c031fffff
13080,880d9d2935fffff
13081,880d83c5b1fffff
13082,880d83ce13fffff
13083,880d8a4805fffff
13084,880d9d7237fffff
13085,880d836a6bfffff
13086,880d9d6735fffff
13087,880d99948bfffff
13088,880d9d2f0dfffff
13089,880d8a4a6bfffff
13090,880d9d0c03fffff
13091,880d837237fffff
13092,880d9dcc23fffff
13093,880d9cb03dfffff
13094,880d99a331fffff
13095,880d8a4583fffff
13096,880d9c8613fffff
13097,880d8ad939fffff
13098,880d9d8717fffff
13099,880d8351b5fffff
13100,880d99820dfffff
13101,880d9ca69dfffff
13102,880d8a036bfffff
13103,880d834095fffff
13104,880d9dca03fffff
13105,880d9d0da1fffff
13106,880d8a19dbfffff
13107,880d9d6561fffff
13108,880d9d109dfffff
13109,880d834201fffff
13110,880d99a8c1fffff
13111,880d9dc511fffff
13112,880d9daf13fffff
13113,880d835a89fffff
13114,880d99a569fffff
13115,880d9db053fffff
13116,880d8a100bfffff
13117,880d9d79a5fffff
13118,880d99b5b9fffff
13119,880d8a4007fffff
13120,880d9c2685fffff
13121,880d83cdb1fffff
13122,880d8a1157fffff
13123,880d831189fffff
13124,880d834aa1fffff
13125,880d9d7985fffff
13126,880d834823fffff
13127,880d9da1c1fffff
13128,880d8a0aa7fffff
13129,880d9dd2b1fffff
13130,880d836855fffff
13131,880d83c46bfffff
13132,880d834465fffff
13133,880d99a909fffff
13134,880d836d61fffff
13135,880d99aa29fffff
13136,880d8a69c3fffff
13137,880d9d6ca9fffff
13138,880d9dc9c5fffff
13139,880d9db1c7fffff
13140,880d9d0b45fffff
13141,880d99b8a7fffff
13142,880d9dcd8bfffff
13143,880ca4d2dbfffff
13144,880d8a5181fffff
13145,880d9d3057fffff
13146,880d998223fffff
13147,880d9d3897fffff
13148,880d99a759fffff
13149,880d9d08adfffff
13150,880d8359ebfffff
13151,880d999ad9fffff
13152,880d9d7991fffff
13153,880d9dd987fffff
13154,880d9dca27fffff
13155,880d98b401fffff
13156,880d8a1007fffff
13157,880d99b5e1fffff
13158,880d9d2c15fffff
13159,880d9d158dfffff
13160,880d9d4de7fffff
13161,880d9c268bfffff
13162,880d8a4a4bfffff
13163,880d9d7733fffff
13164,880d9d08bdfffff
13165,880d99a61dfffff
13166,880d9dcaa7fffff
13167,880d8e593bfffff
13168,880d9d328dfffff
13169,880d9d4ea9fffff
13170,880d9d79dbfffff
13171,880d9c2559fffff
13172,880d834111fffff
13173,880d8345d3fffff
13174,880d9d14b5fffff
13175,880d99ac49fffff
13176,880d83c49bfffff
13177,880d9d5011fffff
13178,880d9c9749fffff
13179,880d836d4bfffff
13180,880d9ddab7fffff
13181,880d99b2d1fffff
13182,880d835445fffff
13183,880d8a0225fffff
13184,880d8a035bfffff
13185,880d8acf67fffff
13186,880d83603bfffff
13187,880d9caf1bfffff
13188,880d9d7819fffff
13189,880d9cb34dfffff
13190,880d9d151dfffff
13191,880d8a41abfffff
13192,880d838d63fffff
13193,880d9cb66bfffff
13194,880d8a11e9fffff
13195,880d9d0805fffff
13196,880d9da92dfffff
13197,880d9d6803fffff
13198,880d830935fffff
13199,880d8ac5abfffff
13200,880d9dc441fffff
13201,880d9d2c6dfffff
13202,880d9dcf05fffff
13203,880d9d40d5fffff
13204,880d9990abfffff
13205,880d9dd995fffff
13206,880d998d17fffff
13207,880d98b5c3fffff
13208,880d83c41bfffff
13209,880d9d405bfffff
13210,880d8ac709fffff
13211,880d9d415bfffff
13212,880d9d6715fffff
13213,880d9dda37fffff
13214,880d99d22bfffff
13215,880d9d0f27fffff
13216,880d9c36b5fffff
13217,880d8e586dfffff
13218,880d8a413dfffff
13219,880d9d00dbfffff
13220,880d9d78a3fffff
13221,880d836333fffff
13222,880d9ca245fffff
13223,880d8a013bfffff
13224,880d9d54dbfffff
13225,880d98b68dfffff
13226,880d9dadc7fffff
13227,880d9d7a09fffff
13228,880d9d5065fffff
13229,880d9d0213fffff
13230,880d8341cdfffff
13231,880d998c8dfffff
13232,880d98a6c5fffff
13233,880d99bb57fffff
13234,880d991495fffff
13235,880d9d2499fffff
13236,880d8acec7fffff
13237,880d9dc2d1fffff
13238,880d9d0c39fffff
13239,880d8a736dfffff
13240,880d9d0a4dfffff
13241,880d834053fffff
13242,880d8302a7fffff
13243,880d9db819fffff
13244,880d9dcdb5fffff
13245,880d9da357fffff
13246,880d999207fffff
13247,880d8a6d63fffff
13248,880d830811fffff
13249,880d99b8b3fffff
13250,880d8accc1fffff
13251,880d9d74c7fffff
13252,880d99a09dfffff
13253,880d9d261dfffff
13254,880d9d3533fffff
13255,880d8a1881fffff
13256,880d8e5907fffff
13257,880d836e41fffff
13258,880d9d7823fffff
13259,880d9d0437fffff
13260,880d8a6e65fffff
13261,880d9d958bfffff
13262,880d99985bfffff
13263,880d8a1a43fffff
13264,880d9984bdfffff
13265,880d9d1321fffff
13266,880d9d79edfffff
13267,880d8a4c65fffff
13268,880d8a8841fffff
13269,880d83474dfffff
13270,880d8340b1fffff
13271,880d99a94dfffff
13272,880ca4cb4dfffff
13273,880d9ca4e9fffff
13274,880d822c91fffff
13275,880d8342c9fffff
13276,880d9d4185fffff
13277,880d8a0549fffff
13278,880d83024dfffff
13279,880d8a41e5fffff
13280,880d9ca2adfffff
13281,880d9991edfffff
13282,880d9dc597fffff
13283,880d9998c9fffff
13284,880d835731fffff
13285,880d9dd1a9fffff
13286,880d9d3309fffff
13287,880d9d786bfffff
13288,880d9da31bfffff
13289,880d9d34cdfffff
13290,880d8a6261fffff
13291,880d99b225fffff
13292,880d9cad1bfffff
13293,880d836941fffff
13294,880d83c9d3fffff
13295,880d998d1bfffff
13296,880d999453fffff
13297,880d9dd919fffff
13298,880d8adb3bfffff
13299,880d8ac705fffff
13300,880d835539fffff
13301,880d9dc313fffff
13302,880d831049fffff
13303,880d9d78d3fffff
13304,880d9d64d1fffff
13305,880d9cb059fffff
13306,880d9d78ddfffff
13307,880d8ac56dfffff
13308,880d9dc331fffff
13309,880d9d4e2dfffff
13310,880d99a01bfffff
13311,880d8ac0adfffff
13312,880d9c86c3fffff
13313,880d9d8cb9fffff
13314,880d836b5dfffff
13315,880d834e4bfffff
13316,880d9dc987fffff
13317,880d835833fffff
13318,880d9ca505fffff
13319,880d8a10c5fffff
13320,880ca4d809fffff
13321,880d9d6ad7fffff
13322,880d8a51cdfffff
13323,880d9d4209fffff
13324,880d8a744dfffff
13325,880d9d6d47fffff
13326,880d99a80bfffff
13327,880d9da0adfffff
13328,880d9ca31bfffff
13329,880d9d2d37fffff
13330,880d9cb603fffff
13331,880d9d7213fffff
13332,880d8a452bfffff
13333,880d8372b1fffff
13334,880d9d69bdfffff
13335,880d9d78d1fffff
13336,880d9d36e7fffff
13337,880d83565bfffff
13338,880d830da3fffff
13339,880d9dad03fffff
13340,880d835881fffff
13341,880d834321fffff
13342,880d8309e5fffff
13343,880d8a5a09fffff
13344,880d8ac88bfffff
13345,880d99822dfffff
13346,880d8a46bbfffff
13347,880d9cace3fffff
13348,880d83cf2dfffff
13349,880d9d689dfffff
13350,880d8e5803fffff
13351,880d99d6dbfffff
13352,880d9d2b47fffff
13353,880d9d0aedfffff
13354,880d999a2bfffff
13355,880d9980c9fffff
13356,880d9c2253fffff
13357,880d9db229fffff
13358,880d9d6f05fffff
13359,880d834447fffff
13360,880d831029fffff
13361,880d83453dfffff
13362,880d99b9a1fffff
13363,880d8a101dfffff
13364,880d8a1a8bfffff
13365,880d9dd8b1fffff
13366,880d9d568bfffff
13367,880d9d363dfffff
13368,880d99b01bfffff
13369,880d83c991fffff
13370,880d8a495bfffff
13371,880d83ccc7fffff
13372,880d9d2989fffff
13373,880d9980a9fffff
13374,880d9d2265fffff
13375,880d99a28dfffff
13376,880d9cb5c5fffff
13377,880d9d048bfffff
13378,880d99af6dfffff
13379,880d999b1dfffff
13380,880d8a4181fffff
13381,880d9d39bbfffff
13382,880d998a51fffff
13383,880d834a31fffff
13384,880d9da297fffff
13385,880d8a0237fffff
13386,880d9d96bdfffff
13387,880d9d770dfffff
13388,880d8a7951fffff
13389,880d9c2285fffff
13390,880d99aeb7fffff
13391,880d9ca5e7fffff
13392,880d9c2767fffff
13393,880d835863fffff
13394,880d9d6415fffff
13395,880d99b009fffff
13396,880d834e8dfffff
13397,880d8379b9fffff
13398,880d9d0417fffff
13399,880d831251fffff
13400,880d9cb0b1fffff
13401,880d8a12abfffff
13402,880d9cb5e5fffff
13403,880d9d2869fffff
13404,880d9c9651fffff
13405,880d8ac403fffff
13406,880d9cb665fffff
13407,880d99819bfffff
13408,880d837aabfffff
13409,880d9d5005fffff
13410,880d8a42b5fffff
13411,880d9dceabfffff
13412,880d998b47fffff
13413,880d8a0b09fffff
13414,880d8a5761fffff
13415,880d99829bfffff
13416,880d99ae03fffff
13417,880d8a441dfffff
13418,880d9c86d9fffff
13419,880d83696bfffff
13420,880d9d7717fffff
13421,880d9d1125fffff
13422,880d831997fffff
13423,880d9db1bbfffff
13424,880d99945dfffff
13425,880d9d274bfffff
13426,880d9c276dfffff
13427,880d8a5535fffff
13428,880d8ac409fffff
13429,880d8a515dfffff
13430,880d8a4d9bfffff
13431,880d9daa03fffff
13432,880d9dd6adfffff
13433,880d837a9dfffff
13434,880d9dcc99fffff
13435,880d9d1549fffff
13436,880d8a5161fffff
13437,880d9d06e3fffff
13438,880d9d2d1dfffff
13439,880d830813fffff
13440,880d830a63fffff
13441,880d8309c5fffff
13442,880d99d305fffff
13443,880d83c4b7fffff
13444,880d99b819fffff
13445,880d998f19fffff
13446,880d836f5bfffff
13447,880d998ac3fffff
13448,880d9d8961fffff
13449,880d8a5427fffff
13450,880d9d20bbfffff
13451,880d99b637fffff
13452,880d830801fffff
13453,880d9ca669fffff
13454,880d9da567fffff
13455,880d8310cdfffff
13456,880d9c245dfffff
13457,880d998f51fffff
13458,880d8a79e1fffff
13459,880d998d47fffff
13460,880d9d56c3fffff
13461,880d9da22bfffff
13462,880d8a0811fffff
13463,880d9dd599fffff
13464,880d9d3a95fffff
13465,880d835111fffff
13466,880d831883fffff
13467,880d9d2101fffff
13468,880d8a55b7fffff
13469,880d9d2a51fffff
13470,880d99a64bfffff
13471,880d993603fffff
13472,880d9d20e7fffff
13473,880d99848dfffff
13474,880d83154bfffff
13475,880d9c2741fffff
13476,880d9d3087fffff
13477,880d9d8727fffff
13478,880d9d25b1fffff
13479,880d98b593fffff
13480,880d9c3633fffff
13481,880d9dcd5bfffff
13482,880d8389c1fffff
13483,880d99b127fffff
13484,880d9c2227fffff
13485,880d8a56ddfffff
13486,880d9dce99fffff
13487,880d9da101fffff
13488,880ca4d541fffff
13489,880d83cca5fffff
13490,880d98b44dfffff
13491,880d9dad1bfffff
13492,880d9d8611fffff
13493,880d9dc4b3fffff
13494,880d9d79d5fffff
13495,880d9d7281fffff
13496,880d99b801fffff
13497,880d99ab6bfffff
13498,880d831899fffff
13499,880d9cb0a9fffff
13500,880d9d6ad1fffff
13501,880d9dadddfffff
13502,880d9d04e3fffff
13503,880d8ad4b1fffff
13504,880d9d6f61fffff
13505,880d8a4e45fffff
13506,880d8a1259fffff
13507,880d8a40ebfffff
13508,880d8349c9fffff
13509,880d8a1ab1fffff
13510,880d834a47fffff
13511,880d8a444dfffff
13512,880d99ab39fffff
13513,880d9da9d7fffff
13514,880d830d11fffff
13515,880d9d06ddfffff
13516,880d8a4aadfffff
13517,880d998369fffff
13518,880d8a4f5bfffff
13519,880d999839fffff
13520,880d99b867fffff
13521,880d9dc237fffff
13522,880d998435fffff
13523,880d9982ebfffff
13524,880d8344c7fffff
13525,880d9d71a9fffff
13526,880d8a08cdfffff
13527,880d9dd8a5fffff
13528,880d9dd261fffff
13529,880d9d2ec5fffff
13530,880d83c435fffff
13531,880ca4d62bfffff
13532,880d8a1045fffff
13533,880d834e55fffff
13534,880d9c2745fffff
13535,880d9dd853fffff
13536,880d8a0f57fffff
13537,880d8ac597fffff
13538,880d9db855fffff
13539,880d9d6813fffff
13540,880d8a5325fffff
13541,880d99d669fffff
13542,880d83cd95fffff
13543,880d9c860bfffff
13544,880d8356bbfffff
13545,880d9db8d3fffff
13546,880d9d74d9fffff
13547,880d8a1aedfffff
13548,880d8ac505fffff
13549,880d83028dfffff
13550,880d9d892dfffff
13551,880d99baddfffff
13552,880d99a6c5fffff
13553,880d838ce7fffff
13554,880d83ce23fffff
13555,880d837957fffff
13556,880d9dba2bfffff
13557,880d9d41b5fffff
13558,880d99a361fffff
13559,880d8a6d39fffff
13560,880d9dc8ddfffff
13561,880d834f13fffff
13562,880d8e4937fffff
13563,880d9914ddfffff
13564,880d99954bfffff
13565,880d834e57fffff
13566,880d9dc5b7fffff
13567,880d9dc503fffff
13568,880d9d3b4bfffff
13569,880d9cad9dfffff
13570,880d8a1abdfffff
13571,880d831363fffff
13572,880d99a54dfffff
13573,880d99a467fffff
13574,880d9d232dfffff
13575,880d8a7ae1fffff
13576,880d99d265fffff
13577,880d8a6829fffff
13578,880d9d1983fffff
13579,880d99b885fffff
13580,880d9dcdb7fffff
13581,880d830a27fffff
13582,880d8378a1fffff
13583,880d8a8929fffff
13584,880d9d15d3fffff
13585,880d9d6e39fffff
13586,880d9dc9ddfffff
13587,880d9d68c3fffff
13588,880d9cb64dfffff
13589,880d998e2bfffff
13590,880d8ac595fffff
13591,880d99884bfffff
13592,880d9d16c5fffff
13593,880d9ca1cbfffff
13594,880d8a548bfffff
13595,880d9ca701fffff
13596,880d9dc403fffff
13597,880d9d3b59fffff
13598,880d9d2709fffff
13599,880d9c3595fffff
13600,880d8a4dddfffff
13601,880d9d7aedfffff
13602,880d9d04ebfffff
13603,880d8a485dfffff
13604,880d83c4b9fffff
13605,880d8372e9fffff
13606,880d98b551fffff
13607,880d99b569fffff
13608,880d9d4243fffff
13609,880d836b1dfffff
13610,880d8309bdfffff
13611,880d8345c7fffff
13612,880d9d55c9fffff
13613,880d838c57fffff
13614,880d830361fffff
13615,880d9c35a5fffff
13616,880d9d4257fffff
13617,880d9dce25fffff
13618,880d8a12dbfffff
13619,880d9dce59fffff
13620,880d9ca0c9fffff
13621,880d9cb2c7fffff
13622,880d9d618dfffff
13623,880d9cb6cbfffff
13624,880d9d9485fffff
13625,880d9d0b13fffff
13626,880d99982dfffff
13627,880d99ab45fffff
13628,880d8a4c69fffff
13629,880d8a5b6dfffff
13630,880d822eb7fffff
13631,880d99a91bfffff
13632,880d99912bfffff
13633,880d8a12b5fffff
13634,880d8389adfffff
13635,880ca4d9edfffff
13636,880d9c36d7fffff
13637,880d99b423fffff
13638,880d9db163fffff
13639,880d9dd303fffff
13640,880d9d6027fffff
13641,880d8a5333fffff
13642,880d9dd829fffff
13643,880d98b71bfffff
13644,880d9d5ad1fffff
13645,880d9c240bfffff
13646,880d9dcb35fffff
13647,880d9d25d1fffff
13648,880d9d6565fffff
13649,880d9cac39fffff
13650,880d8ad82dfffff
13651,880d8a6ad1fffff
13652,880d9d6943fffff
13653,880d9dc061fffff
13654,880d83436bfffff
13655,880d99b04bfffff
13656,880d9d323dfffff
13657,880d9dd751fffff
13658,880d8a8939fffff
13659,880d9d66e7fffff
13660,880d8ace57fffff
13661,880d8a486dfffff
13662,880d8ac41bfffff
13663,880d9d7a95fffff
13664,880d99bae3fffff
13665,880d999a6bfffff
13666,880d9d2dcdfffff
13667,880d835419fffff
13668,880d9d3427fffff
13669,880d9ca0cbfffff
13670,880d9dc305fffff
13671,880d9d15cdfffff
13672,880d8a0c61fffff
13673,880d9d8707fffff
13674,880d9d9451fffff
13675,880d8a4e6dfffff
13676,880d9d2f65fffff
13677,880d8388b5fffff
13678,880d830155fffff
13679,880d8a1951fffff
13680,880d837b39fffff
13681,880d99a1dbfffff
13682,880d9d620bfffff
13683,880d9c8647fffff
13684,880d8a0887fffff
13685,880d83559bfffff
13686,880d8308a5fffff
13687,880d9d470bfffff
13688,880d9dc125fffff
13689,880d831347fffff
13690,880d9d30bdfffff
13691,880d999407fffff
13692,880d9dc113fffff
13693,880d8a51ebfffff
13694,880d9d6513fffff
13695,880d998c41fffff
13696,880d9d6e31fffff
13697,880d9dc837fffff
13698,880d999a35fffff
13699,880d837825fffff
13700,880d837883fffff
13701,880d8a431dfffff
13702,880d98b421fffff
13703,880d9d65c7fffff
13704,880d9da267fffff
13705,880d831263fffff
13706,880d8a69adfffff
13707,880d837315fffff
13708,880d9d0637fffff
13709,880d8a1805fffff
13710,880d836e59fffff
13711,880d998509fffff
13712,880d8a693dfffff
13713,880d834ea7fffff
13714,880d8a10e9fffff
13715,880d9dcb6bfffff
13716,880d831b59fffff
13717,880d834045fffff
13718,880d8a1a41fffff
13719,880d9da1ebfffff
13720,880d9d620dfffff
13721,880d9db999fffff
13722,880d998cbdfffff
13723,880d9d1507fffff
13724,880d9ca00bfffff
13725,880d9d301dfffff
13726,880d8a55d5fffff
13727,880d9d0f2bfffff
13728,880d8a59e9fffff
13729,880d9d065bfffff
13730,880d9d8493fffff
13731,880d8a4669fffff
13732,880d9994dbfffff
13733,880d99b1e1fffff
13734,880d99b5c5fffff
13735,880d9d611bfffff
13736,880d822d93fffff
13737,880d8a75abfffff
13738,880d9c3713fffff
13739,880d99b241fffff
13740,880d99b593fffff
13741,880d9dad4dfffff
13742,880d8a8981fffff
13743,880d9d2a55fffff
13744,880d8a7b4bfffff
13745,880d8a1921fffff
13746,880d9d5517fffff
13747,880d8a5613fffff
13748,880d9d650bfffff
13749,880d8352a7fffff
13750,880d9d7b69fffff
13751,880d8ac5ddfffff
13752,880d9982d5fffff
13753,880d8a6b65fffff
13754,880d8a5507fffff
13755,880d9d6f13fffff
13756,880d9c3583fffff
13757,880d8a46c7fffff
13758,880d9db361fffff
13759,880d822f23fffff
13760,880d8a89bbfffff
13761,880d8a7a45fffff
13762,880d9d3001fffff
13763,880d831a67fffff
13764,880d9ca5d9fffff
13765,880ca4d631fffff
13766,880d9dd755fffff
13767,880d9dcc3dfffff
13768,880d9d790bfffff
13769,880d836c59fffff
13770,880d83ca37fffff
13771,880d9cae3dfffff
13772,880d9c2211fffff
13773,880d8a5335fffff
13774,880d83cea7fffff
13775,880d8a0b53fffff
13776,880d8a0987fffff
13777,880d8acddbfffff
13778,880d8a1253fffff
13779,880d83526bfffff
13780,880d9d2545fffff
13781,880d8a563bfffff
13782,880d9d0ab5fffff
13783,880d9d18b3fffff
13784,880d9d0247fffff
13785,880d9d7469fffff
13786,880d9d2995fffff
13787,880d9d15c7fffff
13788,880d999615fffff
13789,880d83790bfffff
13790,880d99ac8dfffff
13791,880d837345fffff
13792,880d9d61c1fffff
13793,880d99984dfffff
13794,880d834e83fffff
13795,880d9d2ccbfffff
13796,880d9dae47fffff
13797,880d9d6481fffff
13798,880d9d10d1fffff
13799,880d9d0a31fffff
13800,880d9dad4bfffff
13801,880d9d2e59fffff
13802,880d834205fffff
13803,880d9d343bfffff
13804,880d9da735fffff
13805,880d9d05a7fffff
13806,880d8a0545fffff
13807,880d9ca585fffff
13808,880d9db339fffff
13809,880d8309a3fffff
13810,880d9d79d3fffff
13811,880d8a1095fffff
13812,880d9d198bfffff
13813,880d83c0b3fffff
13814,880d8a12b9fffff
13815,880d9dade7fffff
13816,880d9d7917fffff
13817,880d8a12d1fffff
13818,880d9d35a7fffff
13819,880d9d7839fffff
13820,880d9d3961fffff
13821,880d9daf21fffff
13822,880d836039fffff
13823,880d99ae6bfffff
13824,880d9dac31fffff
13825,880d9d0ea3fffff
13826,880d9c3439fffff
13827,880d9d95bbfffff
13828,880d83689bfffff
13829,880d9daaabfffff
13830,880d9d2cc7fffff
13831,880d9d3aedfffff
13832,880d9d56d7fffff
13833,880d8a631dfffff
13834,880d8a1a23fffff
13835,880d8a884dfffff
13836,880d9dc5e1fffff
13837,880d8e59cdfffff
13838,880d9d66c3fffff
13839,880d9dd0c1fffff
13840,880d9dc843fffff
13841,880d998709fffff
13842,880d99aac5fffff
13843,880d9d2c3bfffff
13844,880d9daf07fffff
13845,880d9d1417fffff
13846,880d9da1a7fffff
13847,880d830d37fffff
13848,880d9d3a29fffff
13849,880d9d2c9bfffff
13850,880d998aebfffff
13851,880ca4d8d5fffff
13852,880d9d26b5fffff
13853,880d835721fffff
13854,880d8a5665fffff
13855,880ca4d90bfffff
13856,880d9d3055fffff
13857,880d9dca67fffff
13858,880d8a4d81fffff
13859,880d9dd549fffff
13860,880d98b743fffff
13861,880d9d6abbfffff
13862,880d9d6683fffff
13863,880d999705fffff
13864,880d834407fffff
13865,880d837aa1fffff
13866,880d99a8b1fffff
13867,880d9d6207fffff
13868,880d9d42d9fffff
13869,880d9d40cdfffff
13870,880d9d7a6dfffff
13871,880d999b29fffff
13872,880d9ca6cbfffff
13873,880d835b53fffff
13874,880d99d32dfffff
13875,880d999233fffff
13876,880d9d2d81fffff
13877,880ca4c367fffff
13878,880d9dd50bfffff
13879,880d9d39e5fffff
13880,880d9d39a9fffff
13881,880d9c2725fffff
13882,880d9d3639fffff
13883,880d8a198dfffff
13884,880d99b5a7fffff
13885,880d9c22d1fffff
13886,880d998545fffff
13887,880d836369fffff
13888,880d9ca45bfffff
13889,880d835627fffff
13890,880d835243fffff
13891,880d9c373bfffff
13892,880d9d0307fffff
13893,880d9da145fffff
13894,880d999927fffff
13895,880d8a41c9fffff
13896,880d9da891fffff
13897,880d9d40a5fffff
13898,880d9cae89fffff
13899,880d9d7a37fffff
13900,880d8354e5fffff
13901,880d99a0ebfffff
13902,880d998cd1fffff
13903,880d999909fffff
13904,880d9d6087fffff
13905,880d836803fffff
13906,880d9d24b7fffff
13907,880d822e37fffff
13908,880d98b495fffff
13909,880d9d54a9fffff
13910,880d9cb039fffff
13911,880d9995d7fffff
13912,880d9d1811fffff
13913,880d9c96c1fffff
13914,880d9dab4dfffff
13915,880d99a807fffff
13916,880d8a481bfffff
13917,880d9d6749fffff
13918,880d9d7b3bfffff
13919,880d9985b5fffff
13920,880d8accd1fffff
13921,880d9d68c9fffff
13922,880d834353fffff
13923,880d9d3615fffff
13924,880d9d143bfffff
13925,880d8e4969fffff
13926,880d98b511fffff
13927,880d9dd457fffff
13928,880d9d2923fffff
13929,880d8a69e3fffff
13930,880d8a4e13fffff
13931,880d9d0ecbfffff
13932,880d9d70b3fffff
13933,880d9d54abfffff
13934,880d9dc659fffff
13935,880d8378dbfffff
13936,880ca4d93dfffff
13937,880d9d96c9fffff
13938,880d99b589fffff
13939,880d9db837fffff
13940,880d9d6d11fffff
13941,880d8355abfffff
13942,880d9dd6cdfffff
13943,880d9cb5e1fffff
13944,880d8a465dfffff
13945,880d8acf25fffff
13946,880d99a9dbfffff
13947,880d99a2d9fffff
13948,880d9daca9fffff
13949,880d9da09bfffff
13950,880d8ac459fffff
13951,880d9db25dfffff
13952,880d8a896bfffff
13953,880d99b6a3fffff
13954,880d9cb58dfffff
13955,880d8345e5fffff
13956,880d8a52c9fffff
13957,880d831287fffff
13958,880d998a11fffff
13959,880d99a633fffff
13960,880d9db22bfffff
13961,880d834459fffff
13962,880d8310ebfffff
13963,880ca4d75bfffff
13964,880d835723fffff
13965,880d83caa1fffff
13966,880d8a7839fffff
13967,880d9db245fffff
13968,880d9d95a5fffff
13969,880d9da2c1fffff
13970,880d9dc16dfffff
13971,880d9d645dfffff
13972,880d99ac8bfffff
13973,880d9db983fffff
13974,880d83492bfffff
13975,880d8a569bfffff
13976,880d99d307fffff
13977,880d8a0001fffff
13978,880d99a267fffff
13979,880d83c82bfffff
13980,880d99d741fffff
13981,880d8acdb3fffff
13982,880d99a1ebfffff
13983,880d99a84dfffff
13984,880d8e59c7fffff
13985,880d8a01d1fffff
13986,880d9c362bfffff
13987,880d83022bfffff
13988,880d8348c7fffff
13989,880d9d56d1fffff
13990,880d8a4d85fffff
13991,880d9d5521fffff
13992,880d9d74b5fffff
13993,880d9d6321fffff
13994,880d8a5b31fffff
13995,880d8345a9fffff
13996,880d83c125fffff
13997,880d9d3245fffff
13998,880d999521fffff
13999,880d9d0961fffff
14000,880d99b74dfffff
14001,880d8ace9dfffff
14002,880d9db067fffff
14003,880d9d2c5dfffff
14004,880d83426dfffff
14005,880d835145fffff
14006,880d835769fffff
14007,880d83401dfffff
14008,880d8a6c15fffff
14009,880d834941fffff
14010,880d98b493fffff
14011,880d9d54b1fffff
14012,880d999107fffff
14013,880d99a859fffff
14014,880d9da1b9fffff
14015,880d9db861fffff
14016,880d8359b9fffff
14017,880d835727fffff
14018,880d831769fffff
14019,880d9d2323fffff
14020,880d8a1aa5fffff
14021,880d831897fffff
14022,880d835025fffff
14023,880d99a591fffff
14024,880d8ad591fffff
14025,880d9d75e5fffff
14026,880d9dd8b5fffff
14027,880d8a1aebfffff
14028,880d830d31fffff
14029,880d9d3131fffff
14030,880d8a7585fffff
14031,880d83c81dfffff
14032,880d99b9edfffff
14033,880d838f19fffff
14034,880d9d4317fffff
14035,880d837295fffff
14036,880d99aa49fffff
14037,880d9d7691fffff
14038,880d83c9a1fffff
14039,880d9984a3fffff
14040,880d831ab3fffff
14041,880d8a4917fffff
14042,880d8a4885fffff
14043,880d8a5aa1fffff
14044,880ca4d16dfffff
14045,880d8a4433fffff
14046,880d83c1c7fffff
14047,880d8e5925fffff
14048,880d9dcad9fffff
14049,880d999509fffff
14050,880d9dd1edfffff
14051,880d9d68d3fffff
14052,880d8e4905fffff
14053,880d9d5acbfffff
14054,880d9da527fffff
14055,880d8a7b6bfffff
14056,880d9c35d3fffff
14057,880d8a7aa1fffff
14058,880d9d673bfffff
14059,880d9c9665fffff
14060,880d9d3259fffff
14061,880d9dd6bbfffff
14062,880d837325fffff
14063,880d9da0abfffff
14064,880d998f61fffff
14065,880d83c1a9fffff
14066,880d998d53fffff
14067,880d9db161fffff
14068,880d99ac4bfffff
14069,880d9d3a4dfffff
14070,880d830a9bfffff
14071,880d822dd5fffff
14072,880d9d84cbfffff
14073,880d998289fffff
14074,880d835b41fffff
14075,880d998c95fffff
14076,880d83c8e5fffff
14077,880d836563fffff
14078,880d8354e3fffff
14079,880d834f6dfffff
14080,880d9d6809fffff
14081,880d8a889bfffff
14082,880d8308bbfffff
14083,880d9da34dfffff
14084,880d9dd8a9fffff
14085,880d9d0215fffff
14086,880d9ca2dbfffff
14087,880d83460bfffff
14088,880d9ca4ddfffff
14089,880d834a13fffff
14090,880d9ca683fffff
14091,880d9d2b6bfffff
14092,880d835987fffff
14093,880d8ace61fffff
14094,880d8a89a7fffff
14095,880d998325fffff
14096,880d9d14c5fffff
14097,880d8a5531fffff
14098,880d9d5021fffff
14099,880d83636bfffff
14100,880d9d6c95fffff
14101,880d8ac717fffff
14102,880d9dbb31fffff
14103,880d9d6eddfffff
14104,880d8a5a01fffff
14105,880d835643fffff
14106,880d9ca511fffff
14107,880d998a67fffff
14108,880d838d59fffff
14109,880d9c20d1fffff
14110,880d99bb4dfffff
14111,880d8e4967fffff
14112,880d9da913fffff
14113,880d8e49bdfffff
14114,880d834217fffff
14115,880d9cb637fffff
14116,880d9994d5fffff
14117,880d9d6e5bfffff
14118,880d9dc4d1fffff
14119,880d83cc01fffff
14120,880d9d112dfffff
14121,880d837281fffff
14122,880d8a1367fffff
14123,880d8a7227fffff
14124,880d8a7705fffff
14125,880d9da9edfffff
14126,880d9d3701fffff
14127,880d8372b7fffff
14128,880d99b207fffff
14129,880d99b205fffff
14130,880d836a9dfffff
14131,880ca4db05fffff
14132,880d8acc95fffff
14133,880d8acea3fffff
14134,880d83cc6bfffff
14135,880d8a6191fffff
14136,880d8a4b0dfffff
14137,880d9d0a2bfffff
14138,880d8a70b5fffff
14139,880d9dd1b1fffff
14140,880d998215fffff
14141,880d8e4d27fffff
14142,880d9d3187fffff
14143,880d8a0e03fffff
14144,880d9d10d5fffff
14145,880d9d18a9fffff
14146,880d9ddb17fffff
14147,880d83ccb1fffff
14148,880d8a4d6dfffff
14149,880d9ca519fffff
14150,880d8a6c21fffff
14151,880d9d6d53fffff
14152,880d8a61b9fffff
14153,880d8a442bfffff
14154,880d8a11b7fffff
14155,880d830f53fffff
14156,880d822f3dfffff
14157,880d9dae49fffff
14158,880ca4d65dfffff
14159,880d99ae55fffff
14160,880d9da105fffff
14161,880d9d0f31fffff
14162,880d9d4613fffff
14163,880d834b59fffff
14164,880d9d4523fffff
14165,880d9cb4cbfffff
14166,880d8a10cbfffff
14167,880d9d0517fffff
14168,880d8ac43dfffff
14169,880d8310cbfffff
14170,880d9dda43fffff
14171,880d9d845dfffff
14172,880d9d28c1fffff
14173,880d83cac7fffff
14174,880d9d2cedfffff
14175,880d8a002bfffff
14176,880d9d052dfffff
14177,880d836165fffff
14178,880d836945fffff
14179,880d9d352dfffff
14180,880d9db581fffff
14181,880d9ca1d9fffff
14182,880d9d2303fffff
14183,880d83cad9fffff
14184,880d8311cdfffff
14185,880d8a4551fffff
14186,880d9d0e69fffff
14187,880d834d33fffff
14188,880d8a6b35fffff
14189,880d99a637fffff
14190,880d83198dfffff
14191,880d9d0b6dfffff
14192,880d830197fffff
14193,880d8e4b0dfffff
14194,880d83c40bfffff
14195,880d9998b9fffff
14196,880d9981ebfffff
14197,880d9d4233fffff
14198,880ca4d931fffff
14199,880d9dd429fffff
14200,880d8340cdfffff
14201,880d998d91fffff
14202,880d835aa3fffff
14203,880d9d7ad3fffff
14204,880d9c9613fffff
14205,880d8a49a7fffff
14206,880d9da469fffff
14207,880d9d34e5fffff
14208,880d83115bfffff
14209,880d83c545fffff
14210,880d8a7b31fffff
14211,880d8349b1fffff
14212,880d9dd585fffff
14213,880d8a0e39fffff
14214,880d9dd309fffff
14215,880d9d5499fffff
14216,880d834c25fffff
14217,880d9d7205fffff
14218,880d9982a7fffff
14219,880ca4da87fffff
14220,880d9d8451fffff
14221,880d99b305fffff
14222,880d99b9cdfffff
14223,880d9c3593fffff
14224,880d8a5acdfffff
14225,880d838abbfffff
14226,880d835059fffff
14227,880d9d090bfffff
14228,880d9da287fffff
14229,880d8a690bfffff
14230,880d9ca583fffff
14231,880ca4d933fffff
14232,880d998589fffff
14233,880d9d22c9fffff
14234,880d9dce33fffff
14235,880d9cae39fffff
14236,880d9d2511fffff
14237,880d8a8861fffff
14238,880d99b70bfffff
14239,880d9dd24dfffff
14240,880ca4d9dbfffff
14241,880d8a466bfffff
14242,880d9d2269fffff
14243,880d8312d3fffff
14244,880d998cb7fffff
14245,880d835021fffff
14246,880d99b2c3fffff
14247,880d9d20cdfffff
14248,880d9dc2a1fffff
14249,880d83c5a9fffff
14250,880d8a4d93fffff
14251,880d8a4ca5fffff
14252,880d9d2ca7fffff
14253,880d9c26a1fffff
14254,880d8a7535fffff
14255,880ca4d95bfffff
14256,880d9d551bfffff
14257,880d83c8c7fffff
14258,880d8319a7fffff
14259,880d99b2ddfffff
14260,880d9d861dfffff
14261,880d8379b7fffff
14262,880d8a08d1fffff
14263,880d9dc055fffff
14264,880d8a8187fffff
14265,880d9cb35dfffff
14266,880d998f05fffff
14267,880d9c30b7fffff
14268,880d9d64edfffff
14269,880d831339fffff
14270,880d9d1121fffff
14271,880d8a6db3fffff
14272,880d9dd9bdfffff
14273,880d8ac647fffff
14274,880d9d4529fffff
14275,880d8acf57fffff
14276,880d9dac33fffff
14277,880d9d2f47fffff
14278,880d998403fffff
14279,880d9d865bfffff
14280,880ca4daedfffff
14281,880d9d3b43fffff
14282,880d834b2dfffff
14283,880d9d4e63fffff
14284,880ca4da23fffff
14285,880d9d2151fffff
14286,880d99bb59fffff
14287,880d99846bfffff
14288,880d9dae3dfffff
14289,880d8a8f2dfffff
14290,880d9d693dfffff
14291,880d8a5a6bfffff
14292,880d9cb599fffff
14293,880d99a897fffff
14294,880d9c3531fffff
14295,880d9d2f19fffff
14296,880d9ca495fffff
14297,880d9d4033fffff
14298,880d838813fffff
14299,880d99a0d3fffff
14300,880d9d0b05fffff
14301,880d8a1143fffff
14302,880d8a0e35fffff
14303,880d8a10bbfffff
14304,880d830329fffff
14305,880d9caf53fffff
14306,880d9d2ab7fffff
14307,880d8a5b59fffff
14308,880d9c92dbfffff
14309,880d9dc589fffff
14310,880d9d7097fffff
14311,880d9d0101fffff
14312,880d99b345fffff
14313,880d9d3133fffff
14314,880d8a4ccdfffff
14315,880d998525fffff
14316,880d998e85fffff
14317,880d9da95bfffff
14318,880d9d0cd9fffff
14319,880d9d712bfffff
14320,880d99a90dfffff
14321,880d9caf31fffff
14322,880d8a1aa7fffff
14323,880d9d2e8dfffff
14324,880d9d6a5dfffff
14325,880d8ace8bfffff
14326,880d822e95fffff
14327,880d8352c1fffff
14328,880d99a007fffff
14329,880d9d6acdfffff
14330,880d9dc539fffff
14331,880d9d31c7fffff
14332,880d99b93dfffff
14333,880d838c3dfffff
14334,880d8318bbfffff
14335,880d8acf3dfffff
14336,880d83c19bfffff
14337,880d9c9447fffff
14338,880d9dbaa3fffff
14339,880d9db907fffff
14340,880d9d5281fffff
14341,880d9cacd3fffff
14342,880d9d4ed3fffff
14343,880d834147fffff
14344,880d999267fffff
14345,880d9d1633fffff
14346,880d9d7681fffff
14347,880d9d01c9fffff
14348,880d9d298bfffff
14349,880d9db0e7fffff
14350,880d9c3751fffff
14351,880d8a0061fffff
14352,880d9cb46dfffff
14353,880d9d11b1fffff
14354,880d8a09abfffff
14355,880d9d8605fffff
14356,880d99a96bfffff
14357,880d9d0cc9fffff
14358,880d9d4cd3fffff
14359,880d834c5dfffff
14360,880d835941fffff
14361,880d998d57fffff
14362,880d9d371dfffff
14363,880d9990ddfffff
14364,880d83c335fffff
14365,880d9da19dfffff
14366,880d8378bdfffff
14367,880d8a493dfffff
14368,880d8a4a67fffff
14369,880d998117fffff
14370,880d9d2eb3fffff
14371,880d9d3a8bfffff
14372,880d9cb597fffff
14373,880d9dcf01fffff
14374,880d9daa05fffff
14375,880d9d30abfffff
14376,880d8a6269fffff
14377,880d9d766dfffff
14378,880d837b49fffff
14379,880d8e4b31fffff
14380,880d999a51fffff
14381,880d9d755bfffff
14382,880d8a1917fffff
14383,880d999751fffff
14384,880d998557fffff
14385,880d8a50e1fffff
14386,880d99b1b7fffff
14387,880d8a753dfffff
14388,880d8a50d7fffff
14389,880d8acd9bfffff
14390,880d8ac491fffff
14391,880d9d32a7fffff
14392,880d9d2695fffff
14393,880d9d0f11fffff
14394,880d9dccb1fffff
14395,880d998a85fffff
14396,880d9cb08bfffff
14397,880d98b6bdfffff
14398,880d9d0355fffff
14399,880d8ac6ddfffff
14400,880d99a901fffff
14401,880d8302a5fffff
14402,880d8a7927fffff
14403,880d999a39fffff
14404,880d838c55fffff
14405,880d9985e5fffff
14406,880d8e59edfffff
14407,880d9d1b1bfffff
14408,880d9d4453fffff
14409,880d9d8485fffff
14410,880d834909fffff
14411,880d9982d9fffff
14412,880d999159fffff
14413,880d9c30d9fffff
14414,880d835a19fffff
14415,880d9cae93fffff
14416,880d9cb4b5fffff
14417,880d9d74adfffff
14418,880d8312e3fffff
14419,880d8344a5fffff
14420,880d99b9c7fffff
14421,880d998359fffff
14422,880d9dad8bfffff
14423,880d83c89bfffff
14424,880d8ac9c1fffff
14425,880d8a7731fffff
14426,880d9d205bfffff
14427,880d8a685dfffff
14428,880d9d8c95fffff
14429,880d9dd1e1fffff
14430,880d9d19b1fffff
14431,880d9916ebfffff
14432,880d8a54b3fffff
14433,880d9c35e9fffff
14434,880d838ce1fffff
14435,880d837045fffff
14436,880d9d0113fffff
14437,880d9d01b1fffff
14438,880d8a0205fffff
14439,880d9c3425fffff
14440,880d834641fffff
14441,880d8a02a9fffff
14442,880d8a40a5fffff
14443,880d98a48bfffff
14444,880d8a08e9fffff
14445,880d837157fffff
14446,880d98b59dfffff
14447,880d830f69fffff
14448,880d83406bfffff
14449,880d9dc099fffff
14450,880d9ca453fffff
14451,880d8a49cdfffff
14452,880d8a0101fffff
14453,880d831a4bfffff
14454,880d99ae57fffff
14455,880d9d045dfffff
14456,880d8349adfffff
14457,880d83528dfffff
14458,880d9c30dbfffff
14459,880d9d3459fffff
14460,880d9c94e7fffff
14461,880d8a01cbfffff
14462,880d9d01d3fffff
14463,880d838891fffff
14464,880d99a60bfffff
14465,880d8ac74bfffff
14466,880d9d698dfffff
14467,880d8a4411fffff
14468,880d9d7025fffff
14469,880d9985b7fffff
14470,880d9d774dfffff
14471,880d99d6cdfffff
14472,880d83719dfffff
14473,880d9d7091fffff
14474,880d8a568dfffff
14475,880d83551dfffff
14476,880d9d6ecbfffff
14477,880d834c19fffff
14478,880d9d5543fffff
14479,880d8ac6cdfffff
14480,880d8a1b53fffff
14481,880d99a593fffff
14482,880d8a4a09fffff
14483,880d9d5759fffff
14484,880d8a4955fffff
14485,880d9dc36dfffff
14486,880d99b981fffff
14487,880d8a6c85fffff
14488,880d9d2c53fffff
14489,880d9da163fffff
14490,880d998a09fffff
14491,880d822c3dfffff
14492,880d9d2631fffff
14493,880d9c2623fffff
14494,880d99b961fffff
14495,880d830047fffff
14496,880d99a109fffff
14497,880d9dd75bfffff
14498,880d9985d5fffff
14499,880d9d72b7fffff
14500,880d835521fffff
14501,880d9d40b7fffff
14502,880d9d96cbfffff
14503,880d9c2753fffff
14504,880d9d1617fffff
14505,880d9d6ca5fffff
14506,880d8a7903fffff
14507,880d9ca193fffff
14508,880d99b53bfffff
14509,880d9c309bfffff
14510,880d9d1ad3fffff
14511,880d8ad947fffff
14512,880d9c3613fffff
14513,880d9db16dfffff
14514,880d8a5127fffff
14515,880d9c8605fffff
14516,880ca4dae3fffff
14517,880d8368d5fffff
14518,880d8a4b09fffff
14519,880d99accdfffff
14520,880d9d0f6bfffff
14521,880d9d183dfffff
14522,880d822c11fffff
14523,880d99d313fffff
14524,880d9d3883fffff
14525,880d9d3181fffff
14526,880d98b66bfffff
14527,880d8a0229fffff
14528,880d9d02c3fffff
14529,880d8a74e5fffff
14530,880d8a6899fffff
14531,880d837a33fffff
14532,880d9dd2b7fffff
14533,880d999665fffff
14534,880d9d0633fffff
14535,880d8a70d1fffff
14536,880d8a411dfffff
14537,880d8310b1fffff
14538,880d830897fffff
14539,880d8aced3fffff
14540,880d8acc67fffff
14541,880d9d2965fffff
14542,880d99b4e9fffff
14543,880d8a4853fffff
14544,880d9d3a91fffff
14545,880d835b17fffff
14546,880d831a33fffff
14547,880d834831fffff
14548,880d836e07fffff
14549,880d9d42b9fffff
14550,880d9d56e7fffff
14551,880d9d14d3fffff
14552,880d9d0217fffff
14553,880d8a8901fffff
14554,880d8a7443fffff
14555,880d99b707fffff
14556,880d8a5a4dfffff
14557,880d998499fffff
14558,880d9dc449fffff
14559,880d998305fffff
14560,880d9d0601fffff
14561,880d9dc0a5fffff
14562,880d98b5c1fffff
14563,880d9d871dfffff
14564,880d9db159fffff
14565,880d9d16a9fffff
14566,880d8acd67fffff
14567,880d8341abfffff
14568,880d8a8987fffff
14569,880d998137fffff
14570,880d8378e3fffff
14571,880d8a0e2dfffff
14572,880d99a03dfffff
14573,880d998c53fffff
14574,880d99b705fffff
14575,880d9c95d5fffff
14576,880d9d0129fffff
14577,880d83474bfffff
14578,880d9dcd65fffff
14579,880d830217fffff
14580,880d9d02abfffff
14581,880d8369ebfffff
14582,880d8a1a4dfffff
14583,880d9d72b1fffff
14584,880d9dc909fffff
14585,880d8ac295fffff
14586,880d836d63fffff
14587,880d9dd153fffff
14588,880d9dcb0bfffff
14589,880d83183dfffff
14590,880d836dc5fffff
14591,880d998a4dfffff
14592,880d9dac9bfffff
14593,880d8318e7fffff
14594,880d834d85fffff
14595,880d8a6cedfffff
14596,880d8318d5fffff
14597,880d9d3ab5fffff
14598,880d9da143fffff
14599,880d8a124bfffff
14600,880d99a899fffff
14601,880d9d2823fffff
14602,880d9d80d1fffff
14603,880d831b1bfffff
14604,880d8ace3bfffff
14605,880d8224b1fffff
14606,880d8acee5fffff
14607,880d998681fffff
14608,880d831299fffff
14609,880d8a59a5fffff
14610,880d9d6581fffff
14611,880d99a069fffff
14612,880d8acc49fffff
14613,880d9da967fffff
14614,880d837915fffff
14615,880d9da733fffff
14616,880d9dc151fffff
14617,880d9d1659fffff
14618,880d836e0bfffff
14619,880d99b853fffff
14620,880d9d94d9fffff
14621,880d9d0947fffff
14622,880d9db9c1fffff
14623,880d837207fffff
14624,880d836f51fffff
14625,880d830b69fffff
14626,880d9dcaebfffff
14627,880d834b4bfffff
14628,880d9daa93fffff
14629,880d9cb541fffff
14630,880d831987fffff
14631,880d8a4317fffff
14632,880d9db021fffff
14633,880d835addfffff
14634,880d9dc301fffff
14635,880d835819fffff
14636,880d8350abfffff
14637,880d8389cbfffff
14638,880d9d82d3fffff
14639,880d9d6811fffff
14640,880d83712bfffff
14641,880d9d5685fffff
14642,880d8a621dfffff
14643,880d8a5965fffff
14644,880d9dce49fffff
14645,880d836d37fffff
14646,880d9d29e3fffff
14647,880d9985b3fffff
14648,880d9d0a95fffff
14649,880d99a025fffff
14650,880d8a88b1fffff
14651,880d9d76c1fffff
14652,880d9d060bfffff
14653,880d8a61abfffff
14654,880d8344edfffff
14655,880d9d2603fffff
14656,880d9d4f1bfffff
14657,880d8a4e31fffff
14658,880d98b6c7fffff
14659,880d83ce9bfffff
14660,880d83553bfffff
14661,880d9d0eebfffff
14662,880d9d7939fffff
14663,880d9d66cbfffff
14664,880d8a08cbfffff
14665,880d9da08dfffff
14666,880d99a689fffff
14667,880d8e5921fffff
14668,880ca4d051fffff
14669,880d9db5b3fffff
14670,880d9c9617fffff
14671,880d9d39a3fffff
14672,880d9d21c7fffff
14673,880d8a88b3fffff
14674,880d9dc593fffff
14675,880d837167fffff
14676,880d9ddb01fffff
14677,880d9d5563fffff
14678,880d834287fffff
14679,880d8a0957fffff
14680,880d9d7465fffff
14681,880d99b72dfffff
14682,880d9dd161fffff
14683,880d8a4267fffff
14684,880d9dc59dfffff
14685,880d9dd96dfffff
14686,880d9d643bfffff
14687,880d83728dfffff
14688,880d8a1899fffff
14689,880d9d0153fffff
14690,880d9dd923fffff
14691,880d9d682dfffff
14692,880d9cb535fffff
14693,880d9db5a5fffff
14694,880d8a540bfffff
14695,880d9cade1fffff
14696,880d9d4419fffff
14697,880d8e5b15fffff
14698,880d99a8a7fffff
14699,880d9dd6ebfffff
14700,880d83412bfffff
14701,880d8a1b19fffff
14702,880d8378abfffff
14703,880d9dcd39fffff
14704,880d9d7249fffff
14705,880d99858dfffff
14706,880d9c3501fffff
14707,880d9d0c01fffff
14708,880d9d7353fffff
14709,880d9d6949fffff
14710,880d9d40e5fffff
14711,880d8a790dfffff
14712,880d83c127fffff
14713,880d8a8923fffff
14714,880d9d0a0dfffff
14715,880d99b063fffff
14716,880d9d19edfffff
14717,880d9dd56dfffff
14718,880d999183fffff
14719,880d834331fffff
14720,880d8a7703fffff
14721,880d9dd709fffff
14722,880d834215fffff
14723,880d9dcc61fffff
14724,880d9d84ddfffff
14725,880d9d1625fffff
14726,880d9d026bfffff
14727,880d99ba23fffff
14728,880d8a7353fffff
14729,880d9dc2cbfffff
14730,880d8a5663fffff
14731,880d8a01a1fffff
14732,880d9992b5fffff
14733,880d99a683fffff
14734,880d99b285fffff
14735,880d8388c1fffff
14736,880d98b651fffff
14737,880d9c22a1fffff
14738,880d9dae07fffff
14739,880d9d1099fffff
14740,880d9da8c1fffff
14741,880d83ca99fffff
14742,880d9cac1bfffff
14743,880d8a0261fffff
14744,880d99ae61fffff
14745,880d9dc033fffff
14746,880ca4db25fffff
14747,880d9c96d9fffff
14748,880d8310a5fffff
14749,880d9996bbfffff
14750,880d8a5aedfffff
14751,880d8a6823fffff
14752,880d8ac53dfffff
14753,880d9d0e2bfffff
14754,880d831935fffff
14755,880d99aa65fffff
14756,880d9d260dfffff
14757,880d9db539fffff
14758,880d99ae97fffff
14759,880d9d0329fffff
14760,880d9d6d5bfffff
14761,880d8a42a7fffff
14762,880d8388adfffff
14763,880d9d363bfffff
14764,880d8a8945fffff
14765,880d836181fffff
14766,880d99ae19fffff
14767,880d9d6129fffff
14768,880d9d6c35fffff
14769,880d9dcaadfffff
14770,880d9da985fffff
14771,880d9990e9fffff
14772,880d83089bfffff
14773,880d9dda69fffff
14774,880d8a795bfffff
14775,880d9d5001fffff
14776,880d9c3589fffff
14777,880d9ca0e3fffff
14778,880d837147fffff
14779,880d9dc963fffff
14780,880d9d532bfffff
14781,880d8341a5fffff
14782,880d9d8907fffff
14783,880d8a5191fffff
14784,880d9db225fffff
14785,880d999611fffff
14786,880d9d01c3fffff
14787,880d8a4dd3fffff
14788,880ca4d011fffff
14789,880d8378a7fffff
14790,880d9d19c5fffff
14791,880d9da9d9fffff
14792,880d9c94b5fffff
14793,880d83c501fffff
14794,880d98a655fffff
14795,880d9d42b3fffff
14796,880d9d315bfffff
14797,880d9d7083fffff
14798,880d9dd735fffff
14799,880d9dda81fffff
14800,880d838d13fffff
14801,880d9d2d49fffff
14802,880d8adb33fffff
14803,880d9dc28dfffff
14804,880d9d7923fffff
14805,880d830aadfffff
14806,880d99af21fffff
14807,880d9dab15fffff
14808,880d83cf5dfffff
14809,880d9c94e9fffff
14810,880d9da021fffff
14811,880d836f6bfffff
14812,880d838f33fffff
14813,880d8348c1fffff
14814,880d9c2409fffff
14815,880d99b2a7fffff
14816,880d834227fffff
14817,880d9d1851fffff
14818,880d998f01fffff
14819,880d9d6eabfffff
14820,880d9db833fffff
14821,880d836863fffff
14822,880d98a6d1fffff
14823,880d99b513fffff
14824,880d99326bfffff
14825,880ca4d8adfffff
14826,880d99a119fffff
14827,880d836541fffff
14828,880d99b945fffff
14829,880d830d0bfffff
14830,880d834a55fffff
14831,880d834359fffff
14832,880d9db987fffff
14833,880d9cae25fffff
14834,880d83795dfffff
14835,880d836e55fffff
14836,880d8a5593fffff
14837,880d8a0a2bfffff
14838,880d8a41edfffff
14839,880d835693fffff
14840,880d834eb9fffff
14841,880d9dab23fffff
14842,880d8acee3fffff
14843,880d98b6b9fffff
14844,880d9cb1cbfffff
14845,880d9da131fffff
14846,880d9dae81fffff
14847,880d99b0e1fffff
14848,880d836991fffff
14849,880d9d2253fffff
14850,880d8a1935fffff
14851,880d8a621bfffff
14852,880d9dd8adfffff
14853,880d99b017fffff
14854,880d9da2ddfffff
14855,880d9d6363fffff
14856,880d9c9421fffff
14857,880d8a5b2bfffff
14858,880d834523fffff
14859,880d835115fffff
14860,880d836f1bfffff
14861,880d834151fffff
14862,880d9d2841fffff
14863,880d8a79d1fffff
14864,880d9d05ebfffff
14865,880d9d866dfffff
14866,880d99aa97fffff
14867,880d8acdbdfffff
14868,880d99ba5dfffff
14869,880d9d6917fffff
14870,880d9dd415fffff
14871,880d8e4935fffff
14872,880d9d09e9fffff
14873,880d9984ddfffff
14874,880d834cb7fffff
14875,880d9dc43dfffff
14876,880d8a4989fffff
14877,880d8a00b9fffff
14878,880d9d79b7fffff
14879,880d83cc19fffff
14880,880d99b2b3fffff
14881,880d835751fffff
14882,880d9d16b7fffff
14883,880d998711fffff
14884,880d83c4abfffff
14885,880d9d20c5fffff
14886,880d9d6dc3fffff
14887,880ca4d96dfffff
14888,880d834a1dfffff
14889,880d9d00c9fffff
14890,880d834015fffff
14891,880d9daaa1fffff
14892,880d835443fffff
14893,880ca4da11fffff
14894,880d9cb54bfffff
14895,880d9cb76dfffff
14896,880d9dd867fffff
14897,880d831313fffff
14898,880d9d6c9bfffff
14899,880d8a118dfffff
14900,880d9d32b3fffff
14901,880d9db931fffff
14902,880d8a7435fffff
14903,880d9d08b1fffff
14904,880d9d624dfffff
14905,880d9d294dfffff
14906,880d9daab5fffff
14907,880d9db337fffff
14908,880d9d71c7fffff
14909,880d98b447fffff
14910,880d9dc889fffff
14911,880d8ad495fffff
14912,880d83698bfffff
14913,880d9d2db3fffff
14914,880d8a4d15fffff
14915,880d9985d9fffff
14916,880d8a4b41fffff
14917,880d8a732bfffff
14918,880d83445dfffff
14919,880d9d6b33fffff
14920,880d99b535fffff
14921,880d8a551dfffff
14922,880d835491fffff
14923,880d8ac4c5fffff
14924,880d8a4c07fffff
14925,880d9d76ebfffff
14926,880d8a1199fffff
14927,880d8a4a55fffff
14928,880d9cae99fffff
14929,880d836a3dfffff
14930,880d99a525fffff
14931,880d9d0ac7fffff
14932,880d99982bfffff
14933,880d83101dfffff
14934,880d8a41a3fffff
14935,880d9c964bfffff
14936,880d8a51e9fffff
14937,880d8a55edfffff
14938,880d9d545bfffff
14939,880d8a419bfffff
14940,880d831047fffff
14941,880d998c8bfffff
14942,880d822eb1fffff
14943,880d9d7337fffff
14944,880d8ad5d5fffff
14945,880d9d5455fffff
14946,880d9d726dfffff
14947,880d9d94d5fffff
14948,880d99a1d9fffff
14949,880d834a15fffff
14950,880d8224b5fffff
14951,880d9d4c0dfffff
14952,880d83c587fffff
14953,880d99a257fffff
14954,880d9d30c5fffff
14955,880d99a51dfffff
14956,880d9d4ea1fffff
14957,880d831ae9fffff
14958,880d9dc15dfffff
14959,880d99a851fffff
14960,880d831b21fffff
14961,880d83c18dfffff
14962,880d8a7b37fffff
14963,880d99b0edfffff
14964,880d9dada9fffff
14965,880d999189fffff
14966,880d999121fffff
14967,880d9d621bfffff
14968,880d9dcf47fffff
14969,880d9d6d39fffff
14970,880d8a119bfffff
14971,880d99a643fffff
14972,880d9d10ddfffff
14973,880d8ac8d1fffff
14974,880d8a0d57fffff
14975,880d9dcf59fffff
14976,880d9d5023fffff
14977,880d9dd313fffff
14978,880d99165bfffff
14979,880d8a0aedfffff
14980,880d9db007fffff
14981,880d9dd2e9fffff
14982,880d998e21fffff
14983,880d9c3461fffff
14984,880d9d2947fffff
14985,880d9d3019fffff
14986,880d9d68c7fffff
14987,880ca4dad5fffff
14988,880d8352e1fffff
14989,880d9d4e39fffff
14990,880d9dd989fffff
14991,880d9d00edfffff
14992,880d83686dfffff
14993,880d8309b9fffff
14994,880d834901fffff
14995,880ca4db63fffff
14996,880d99b35dfffff
14997,880d836f21fffff
14998,880d8344b7fffff
14999,880d83c9b3fffff
15000,880d8e5a3dfffff
15001,880d8a0b35fffff
15002,880d9d0005fffff
15003,880d9dd10dfffff
15004,880d99b5d9fffff
15005,880d83ce81fffff
15006,880d9d28d5fffff
15007,880d8a5a33fffff
15008,880d8a89e1fffff
15009,880d998c55fffff
15010,880d9d286dfffff
15011,880d834991fffff
15012,880d998a61fffff
15013,880d8a1ab7fffff
15014,880d991653fffff
15015,880d8a4909fffff
15016,880d9d60a3fffff
15017,880d830823fffff
15018,880d830d85fffff
15019,880d9d79b1fffff
15020,880d99814dfffff
15021,880d999835fffff
15022,880d8a8f65fffff
15023,880d830d69fffff
15024,880d9d662dfffff
15025,880d8ac5bdfffff
15026,880d831203fffff
15027,880d9c341bfffff
15028,880d9ddac5fffff
15029,880d837931fffff
15030,880d99ab47fffff
15031,880d9cb007fffff
15032,880d9d2127fffff
15033,880d9dacc5fffff
15034,880d9d6f01fffff
15035,880d8a5581fffff
15036,880d8a58e9fffff
15037,880d9dc1c3fffff
15038,880d8ac889fffff
15039,880d998e23fffff
15040,880d9daa35fffff
15041,880d8a6c27fffff
15042,880d83c013fffff
15043,880d99a865fffff
15044,880d830913fffff
15045,880d8ac0cbfffff
15046,880d83548bfffff
15047,880d8ad95dfffff
15048,880d99a1d1fffff
15049,880d9d4511fffff
15050,880d9dc895fffff
15051,880d8acc17fffff
15052,880d9daa25fffff
15053,880d8a8195fffff
15054,880d8350b9fffff
15055,880d831823fffff
15056,880d9d476dfffff
15057,880d8a00d9fffff
15058,880d9d0563fffff
15059,880d9d2ab1fffff
15060,880d834debfffff
15061,880d8a40e1fffff
15062,880d8349b9fffff
15063,880d9dac0dfffff
15064,880d9d296bfffff
15065,880d836183fffff
15066,880d83c4a3fffff
15067,880d99d287fffff
15068,880d9dd5e1fffff
15069,880d834439fffff
15070,880d836ac9fffff
15071,880d9c34bdfffff
15072,880d83589bfffff
15073,880d98b639fffff
15074,880d9d62b7fffff
15075,880d835a39fffff
15076,880d998e3dfffff
15077,880d9dba43fffff
15078,880d9dcd67fffff
15079,880d9d8609fffff
15080,880d99aa55fffff
15081,880d8a89bdfffff
15082,880d99801bfffff
15083,880d8a4257fffff
15084,880d8372ebfffff
15085,880d99b60bfffff
15086,880d9ca629fffff
15087,880d99af01fffff
15088,880d9d4ed7fffff
15089,880d9ca467fffff
15090,880d8359d5fffff
15091,880d822c09fffff
15092,880d8a52e7fffff
15093,880d83cc49fffff
15094,880d9d0495fffff
15095,880d9dd561fffff
15096,880d836905fffff
15097,880d9d75cdfffff
15098,880d8adb2dfffff
15099,880d8a7257fffff
15100,880d9dd6c7fffff
15101,880d834367fffff
15102,880d8a6287fffff
15103,880d8312a1fffff
15104,880d8a7909fffff
15105,880d99b82dfffff
15106,880d9d15c5fffff
15107,880d9cb5ddfffff
15108,880d83c1d7fffff
15109,880d8a6941fffff
15110,880d8a591dfffff
15111,880d9dc20dfffff
15112,880d9d62adfffff
15113,880d8ac6dbfffff
15114,880d831757fffff
15115,880d99b253fffff
15116,880d8341a9fffff
15117,880d8a4745fffff
15118,880d9d633dfffff
15119,880d9db8c1fffff
15120,880d8344a1fffff
15121,880d99af4dfffff
15122,880d8ad4b3fffff
15123,880d993201fffff
15124,880d8a551bfffff
15125,880d99ad0dfffff
15126,880d9d789dfffff
15127,880d9dc1abfffff
15128,880d8a51a1fffff
15129,880d99a357fffff
15130,880d9d9639fffff
15131,880d9dc95dfffff
15132,880d9dcc53fffff
15133,880d9d3003fffff
15134,880d9d7303fffff
15135,880d8a5867fffff
15136,880d9cadcbfffff
15137,880ca4da3dfffff
15138,880d999a95fffff
15139,880d998765fffff
15140,880d9dac17fffff
15141,880d9d61e9fffff
15142,880d8378a3fffff
15143,880d8a81abfffff
15144,880d8a119dfffff
15145,880d836cb5fffff
15146,880d9dcd81fffff
15147,880d8a1203fffff
15148,880d9dd501fffff
15149,880d9d4c43fffff
15150,880d830a39fffff
15151,880d993611fffff
15152,880d8360a3fffff
15153,880d9dcacbfffff
15154,880d8ac897fffff
15155,880d998a53fffff
15156,880d9c3497fffff
15157,880d8301b3fffff
15158,880d998123fffff
15159,880ca4db4bfffff
15160,880d9dca9bfffff
15161,880d98a4dbfffff
15162,880d8a7833fffff
15163,880d9d7657fffff
15164,880d9c95bbfffff
15165,880d9d9617fffff
15166,880d83cdc1fffff
15167,880d9d50c5fffff
15168,880d99d021fffff
15169,880d9d1117fffff
15170,880d99d267fffff
15171,880d9d3807fffff
15172,880d9994a7fffff
15173,880d99a6abfffff
15174,880d9d2137fffff
15175,880d9d11e1fffff
15176,880d83ce19fffff
15177,880d9d72edfffff
15178,880d99a2ddfffff
15179,880d9d551dfffff
15180,880d830043fffff
15181,880d9d0759fffff
15182,880d998cc5fffff
15183,880d998ab1fffff
15184,880d9d2e91fffff
15185,880d99a5a9fffff
15186,880d9d65c5fffff
15187,880d9d0a3bfffff
15188,880d9d6761fffff
15189,880d8a75d1fffff
15190,880d9da327fffff
15191,880d83889dfffff
15192,880d83720dfffff
15193,880d99940dfffff
15194,880d999165fffff
15195,880d831885fffff
15196,880d8a7301fffff
15197,880ca4dad7fffff
15198,880d9dcb43fffff
15199,880d8a7aabfffff
15200,880d9c36abfffff
15201,880d9d336dfffff
15202,880d8369c9fffff
15203,880d9d70c9fffff
15204,880d9d28a5fffff
15205,880d999709fffff
15206,880d9d6493fffff
15207,880d83c499fffff
15208,880d9d70a3fffff
15209,880d8340e3fffff
15210,880d8a4a83fffff
15211,880d9d7713fffff
15212,880d9d8cbbfffff
15213,880d99b21bfffff
15214,880d99366bfffff
15215,880d9dd1e9fffff
15216,880d9d7aadfffff
15217,880d9dc41dfffff
15218,880d9d848bfffff
15219,880d99b829fffff
15220,880d834827fffff
15221,880d998437fffff
15222,880d999a81fffff
15223,880d8346cbfffff
15224,880d9d3223fffff
15225,880d834517fffff
15226,880d9d18b1fffff
15227,880d8a010dfffff
15228,880d9d8b67fffff
15229,880d9d0931fffff
15230,880d9d56abfffff
15231,880d98b4bdfffff
15232,880d9cb407fffff
15233,880d8a401bfffff
15234,880d9d5761fffff
15235,880d8a6d13fffff
15236,880d9d50b3fffff
15237,880d9d4ec1fffff
15238,880d835197fffff
15239,880d9d645bfffff
15240,880d9d340dfffff
15241,880d9d2301fffff
15242,880d9db01dfffff
15243,880d9d355dfffff
15244,880d8a61e3fffff
15245,880d8a4b6dfffff
15246,880d83c2a7fffff
15247,880d8a4035fffff
15248,880d9d5039fffff
15249,880d99b23bfffff
15250,880d83ccbbfffff
15251,880d9988d3fffff
15252,880d99880dfffff
15253,880d8a528bfffff
15254,880d8e5b37fffff
15255,880d9c22ebfffff
15256,880d9d096dfffff
15257,880d998565fffff
15258,880d9d2ea7fffff
15259,880d822e8bfffff
15260,880d8348c3fffff
15261,880d83506bfffff
15262,880d83033dfffff
15263,880d9dc285fffff
15264,880d8acd39fffff
15265,880d9d2069fffff
15266,880d999827fffff
15267,880d9cb047fffff
15268,880d8a7327fffff
15269,880d8e4953fffff
15270,880d8371c3fffff
15271,880d9cb31dfffff
15272,880d99b49bfffff
15273,880d8a604dfffff
15274,880d9d1083fffff
15275,880d83cf41fffff
15276,880d9db957fffff
15277,880d99b6a7fffff
15278,880d831b61fffff
15279,880d9d5349fffff
15280,880d9d6913fffff
15281,880d9dac87fffff
15282,880d8a1887fffff
15283,880d9d566dfffff
15284,880d9ca215fffff
15285,880d8340cbfffff
15286,880d8a4721fffff
15287,880d834b45fffff
15288,880d9d5529fffff
15289,880d9d3359fffff
15290,880d9d71e3fffff
15291,880d9d06b1fffff
15292,880d9d75edfffff
15293,880d9db9adfffff
15294,880d9ca58bfffff
15295,880d836923fffff
15296,880d9d28edfffff
15297,880d8ac1d7fffff
15298,880d9c308bfffff
15299,880d9d7367fffff
15300,880d9ca0a7fffff
15301,880d9d294bfffff
15302,880d836931fffff
15303,880d9cb299fffff
15304,880d9cb511fffff
15305,880d9dc263fffff
15306,880d9d69a9fffff
15307,880d9d6dadfffff
15308,880d838db5fffff
15309,880d9dc1e5fffff
15310,880d822c45fffff
15311,880d838c0dfffff
15312,880d8a1995fffff
15313,880d8a024bfffff
15314,880d8a099dfffff
15315,880d8a885bfffff
15316,880d8372d1fffff
15317,880d99a8b7fffff
15318,880d99a227fffff
15319,880d834d49fffff
15320,880d8a42b9fffff
15321,880d8a7a27fffff
15322,880ca4d725fffff
15323,880d9d7b4dfffff
15324,880d836b2bfffff
15325,880d83cd45fffff
15326,880d8a1985fffff
15327,880d9db1c9fffff
15328,880d99d64dfffff
15329,880d836d19fffff
15330,880d83cdebfffff
15331,880d9dd021fffff
15332,880d9d20c9fffff
15333,880d83c599fffff
15334,880d9d0233fffff
15335,880d9c9641fffff
15336,880d8a0891fffff
15337,880d9d4435fffff
15338,880ca4d0d3fffff
15339,880d8a69a9fffff
15340,880d9da029fffff
15341,880d836b57fffff
15342,880d9db1a9fffff
15343,880d834ab3fffff
15344,880d9d2551fffff
15345,880d8a0135fffff
15346,880d9d2c6bfffff
15347,880d99814bfffff
15348,880d9dca41fffff
15349,880d998069fffff
15350,880d9d72a3fffff
15351,880d9ca083fffff
15352,880d9dcd59fffff
15353,880d99a145fffff
15354,880d99a081fffff
15355,880d9daf15fffff
15356,880d9db887fffff
15357,880d9dc0b9fffff
15358,880d83423dfffff
15359,880d834953fffff
15360,880d99ab27fffff
15361,880d9caeb7fffff
15362,880d83c4a5fffff
15363,880d9ddae5fffff
15364,880d9dc9a5fffff
15365,880d9d086dfffff
15366,880d83706dfffff
15367,880d9dd181fffff
15368,880d9dd55bfffff
15369,880d8acea1fffff
15370,880d9d79a7fffff
15371,880d8a484bfffff
15372,880ca4d751fffff
15373,880d9d5607fffff
15374,880d9d6c3dfffff
15375,880d8a19a1fffff
15376,880d8369c5fffff
15377,880d998b23fffff
15378,880d9d0c99fffff
15379,880d83613bfffff
15380,880d999655fffff
15381,880d99a247fffff
15382,880d9dab07fffff
15383,880d837a3bfffff
15384,880d9d4513fffff
15385,880d999997fffff
15386,880d999419fffff
15387,880d9991a5fffff
15388,880d83ce89fffff
15389,880d8acdd9fffff
15390,880d998151fffff
15391,880d9da523fffff
15392,880d834b67fffff
15393,880d98a6cdfffff
15394,880d99a81dfffff
15395,880d8a18e3fffff
15396,880d998515fffff
15397,880d835237fffff
15398,880d99855dfffff
15399,880d8a5661fffff
15400,880d9d7931fffff
15401,880d9da8d3fffff
15402,880d8ac183fffff
15403,880d8342b1fffff
15404,880d9d4de1fffff
15405,880d9dd851fffff
15406,880d9c24ddfffff
15407,880d9dba49fffff
15408,880d83cdd9fffff
15409,880d993645fffff
15410,880d835267fffff
15411,880d8a550dfffff
15412,880d99bad3fffff
15413,880d9ca499fffff
15414,880d998ec3fffff
15415,880d831a2bfffff
15416,880d9d6dedfffff
15417,880d9d6307fffff
15418,880d836813fffff
15419,880d9d0c47fffff
15420,880d8372adfffff
15421,880d83c83bfffff
15422,880d9d372dfffff
15423,880d9d243bfffff
15424,880d9dcc21fffff
15425,880d9d2cadfffff
15426,880d837b05fffff
15427,880d99831dfffff
15428,880d9dd51bfffff
15429,880d9d0239fffff
15430,880d8a4993fffff
15431,880d99845dfffff
15432,880d9d2ae1fffff
15433,880d8a4c49fffff
15434,880d9c3529fffff
15435,880d99b213fffff
15436,880d9d4e31fffff
15437,880d8a58b5fffff
15438,880d99a4e1fffff
15439,880d9d5715fffff
15440,880d9da193fffff
15441,880d8a7555fffff
15442,880d8a6881fffff
15443,880d9999d5fffff
15444,880d9d4c11fffff
15445,880d8a7a01fffff
15446,880d836111fffff
15447,880d8ac769fffff
15448,880d8a4d05fffff
15449,880d8ac60dfffff
15450,880d99ac87fffff
15451,880d99b50bfffff
15452,880d8a6d23fffff
15453,880d9d0d8bfffff
15454,880d9d54a5fffff
15455,880d9db5e3fffff
15456,880d9d84d7fffff
15457,880d9ca70dfffff
15458,880d99b845fffff
15459,880d8359b3fffff
15460,880d83789dfffff
15461,880d99915bfffff
15462,880d99a641fffff
15463,880d8a8963fffff
15464,880d9d44c9fffff
15465,880d830dcdfffff
15466,880d8a5563fffff
15467,880d9dd631fffff
15468,880d9d8443fffff
15469,880d9d352bfffff
15470,880d9d058bfffff
15471,880d9c959bfffff
15472,880d834ce7fffff
15473,880d9d2d9dfffff
15474,880d999269fffff
15475,880d99889dfffff
15476,880d9d8099fffff
15477,880d8350c7fffff
15478,880d9d026dfffff
15479,880d835121fffff
15480,880d99b6b5fffff
15481,880d991603fffff
15482,880d8a02b3fffff
15483,880d998643fffff
15484,880d83421dfffff
15485,880d9d0c09fffff
15486,880d83c151fffff
15487,880d8ac2b3fffff
15488,880d9d11ddfffff
15489,880d9da80bfffff
15490,880d9d2521fffff
15491,880d83cdddfffff
15492,880d83616dfffff
15493,880d9d608bfffff
15494,880d9d0ad7fffff
15495,880d9d0813fffff
15496,880d9ca057fffff
15497,880ca4d9c7fffff
15498,880d8a1241fffff
15499,880d835915fffff
15500,880d99ba0dfffff
15501,880d8a4939fffff
15502,880d83796bfffff
15503,880d9d731dfffff
15504,880d9da803fffff
15505,880d9dd291fffff
15506,880d8a5097fffff
15507,880d99d257fffff
15508,880ca4da57fffff
15509,880d9d1513fffff
15510,880d8a00b7fffff
15511,880d8a4b49fffff
15512,880d9dc499fffff
15513,880d8a08bdfffff
15514,880d9d6f5dfffff
15515,880d8a5239fffff
15516,880d998e2dfffff
15517,880d9d6c0dfffff
15518,880ca4d6e5fffff
15519,880d83ca9bfffff
15520,880d9d28d9fffff
15521,880d9dca55fffff
15522,880d9dac93fffff
15523,880d9d6db7fffff
15524,880d99a027fffff
15525,880d8a0c4bfffff
15526,880d9d44b5fffff
15527,880d99ac41fffff
15528,880d9d4e85fffff
15529,880d98b75dfffff
15530,880d9d7263fffff
15531,880ca4da4bfffff
15532,880d9d25e9fffff
15533,880d99846dfffff
15534,880d8a5533fffff
15535,880d9d32e5fffff
15536,880d9daee9fffff
15537,880d837317fffff
15538,880d8a4e5bfffff
15539,880d999a05fffff
15540,880d8a4a61fffff
15541,880d836185fffff
15542,880d9d0617fffff
15543,880d9d6ca7fffff
15544,880d9ca2a5fffff
15545,880d8a4c29fffff
15546,880d9ca66dfffff
15547,880d9d231bfffff
15548,880d8a026dfffff
15549,880d999051fffff
15550,880d8a6259fffff
15551,880d8a0f21fffff
15552,880d830c51fffff
15553,880d9d2a87fffff
15554,880d8ac997fffff
15555,880d9d4ee5fffff
15556,880d83c569fffff
15557,880d9d2da5fffff
15558,880d9d3145fffff
15559,880d8a4e41fffff
15560,880d8adb29fffff
15561,880d9d949bfffff
15562,880d830021fffff
15563,880d9ca41dfffff
15564,880d8a5a0bfffff
15565,880d9d61b9fffff
15566,880d8a62e5fffff
15567,880d99d243fffff
15568,880d9daf51fffff
15569,880d9d160dfffff
15570,880d9dcc03fffff
15571,880d8311c5fffff
15572,880d83591bfffff
15573,880d9d4449fffff
15574,880d8a4685fffff
15575,880d8a4e39fffff
15576,880d9d8695fffff
15577,880d99af3bfffff
15578,880d834457fffff
15579,880d9d3a97fffff
15580,880d9d055dfffff
15581,880d998a0dfffff
15582,880d99a929fffff
15583,880d8388e1fffff
15584,880d830003fffff
15585,880d9d52d5fffff
15586,880ca4d947fffff
15587,880ca4d839fffff
15588,880d998a2dfffff
15589,880d9d11e5fffff
15590,880d9d464bfffff
15591,880d998f59fffff
15592,880d9d0917fffff
15593,880d8a080bfffff
15594,880d8351a1fffff
15595,880d9d0de3fffff
15596,880d831185fffff
15597,880d9dc23bfffff
15598,880d999b4bfffff
15599,880d9d306dfffff
15600,880d9d0607fffff
15601,880d9dd423fffff
15602,880d8acd23fffff
15603,880d83025bfffff
15604,880d998035fffff
15605,880d9c35ebfffff
15606,880d9d4e11fffff
15607,880d9d72d1fffff
15608,880d9d392dfffff
15609,880d998c5bfffff
15610,880d9d945bfffff
15611,880d8a1a09fffff
15612,880d9d20b9fffff
15613,880d8a780bfffff
15614,880d99a811fffff
15615,880d9d6767fffff
15616,880d8300e1fffff
15617,880d8acdc7fffff
15618,880d9986d7fffff
15619,880d834a03fffff
15620,880d9d6449fffff
15621,880d83c89dfffff
15622,880d9d0749fffff
15623,880d8a0f11fffff
15624,880d8a0169fffff
15625,880d9d474dfffff
15626,880d99922dfffff
15627,880d9dc201fffff
15628,880d834cd7fffff
15629,880d83c10bfffff
15630,880d9d5213fffff
15631,880d8a0057fffff
15632,880d8356b9fffff
15633,880d8a1ab3fffff
15634,880d9d36c5fffff
15635,880d8a10c9fffff
15636,880d8a7309fffff
15637,880d8ac71bfffff
15638,880d8a79d5fffff
15639,880d8ac64bfffff
15640,880d831a5dfffff
15641,880d834933fffff
15642,880d9dcb0dfffff
15643,880d8a1955fffff
15644,880d9cb6e9fffff
15645,880d9d4db1fffff
15646,880d8a5b39fffff
15647,880d9cac03fffff
15648,880d98b0d3fffff
15649,880d9ca1b1fffff
15650,880d9d1757fffff
15651,880d8a011bfffff
15652,880d834697fffff
15653,880d9991a1fffff
15654,880d830a9dfffff
15655,880d8389dbfffff
15656,880d99a023fffff
15657,880d83c4d5fffff
15658,880d9dc531fffff
15659,880d9cade9fffff
15660,880d9d3511fffff
15661,880d99aa2bfffff
15662,880d9c350dfffff
15663,880d83459dfffff
15664,880d83418dfffff
15665,880d9dc30dfffff
15666,880d834585fffff
15667,880d8358e1fffff
15668,880d835359fffff
15669,880d822e9dfffff
15670,880d9985e1fffff
15671,880d8a6333fffff
15672,880d9c9417fffff
15673,880d8a4965fffff
15674,880d9cae87fffff
15675,880d9d6369fffff
15676,880d8368a9fffff
15677,880d998ec7fffff
15678,880d9dc013fffff
15679,880d830213fffff
15680,880d8a422bfffff
15681,880d99a49bfffff
15682,880d9dc187fffff
15683,880d9d15d5fffff
15684,880d993663fffff
15685,880d9990e1fffff
15686,880d8ac41dfffff
15687,880d837a95fffff
15688,880d99a485fffff
15689,880d835a6bfffff
15690,880d838d2dfffff
15691,880d9d01a3fffff
15692,880d8a7431fffff
15693,880d9dbae1fffff
15694,880d8a5035fffff
15695,880ca4d9c9fffff
15696,880d9d3845fffff
15697,880d9d6e95fffff
15698,880d836ce9fffff
15699,880ca4d2d7fffff
15700,880d9d54edfffff
15701,880d8a1825fffff
15702,880d999809fffff
15703,880d9d0045fffff
15704,880d830057fffff
15705,880d836cb1fffff
15706,880d9dad59fffff
15707,880ca4d985fffff
15708,880d99a58dfffff
15709,880d834981fffff
15710,880d9990a5fffff
15711,880d8a589dfffff
15712,880d9d370dfffff
15713,880d9d32a1fffff
15714,880d822cbdfffff
15715,880d9db199fffff
15716,880d9dcdd3fffff
15717,880d9d52d1fffff
15718,880d831157fffff
15719,880d999921fffff
15720,880d83718dfffff
15721,880d8a52e1fffff
15722,880d9d24c7fffff
15723,880d9d2115fffff
15724,880d9d6b67fffff
15725,880d83c33bfffff
15726,880ca4d283fffff
15727,880d9d8917fffff
15728,880d8a796bfffff
15729,880d9d09a3fffff
15730,880d8a0331fffff
15731,880d9c22b1fffff
15732,880d8a624dfffff
15733,880d9d2d4dfffff
15734,880d8a5645fffff
15735,880d9d3141fffff
15736,880d9da1b7fffff
15737,880d8a7445fffff
15738,880d98a689fffff
15739,880d9dc405fffff
15740,880d838d05fffff
15741,880d9d3a1dfffff
15742,880d8a1909fffff
15743,880d834243fffff
15744,880d8346ebfffff
15745,880d98b411fffff
15746,880d9dc0cbfffff
15747,880d99aca5fffff
15748,880d9c8619fffff
15749,880d830103fffff
15750,880d830d1dfffff
15751,880d98b541fffff
15752,880d9d210bfffff
15753,880d8a8f5dfffff
15754,880d9d5093fffff
15755,880d8a0955fffff
15756,880d9d2089fffff
15757,880d98b44bfffff
15758,880ca4d991fffff
15759,880d999255fffff
15760,880d9d31a9fffff
15761,880d8a8815fffff
15762,880d9d3827fffff
15763,880d9d6d29fffff
15764,880d8a6d21fffff
15765,880d9db503fffff
15766,880d834807fffff
15767,880d9d1529fffff
15768,880d8a09d1fffff
15769,880d8a628bfffff
15770,880d831a15fffff
15771,880d98b4a3fffff
15772,880d831703fffff
15773,880d9d6649fffff
15774,880d8a0129fffff
15775,880d838819fffff
15776,880d8a6029fffff
15777,880d9d6c0bfffff
15778,880d998f0dfffff
15779,880d8a7269fffff
15780,880d837749fffff
15781,880d8ac299fffff
15782,880d8a6249fffff
15783,880d9dcb39fffff
15784,880d8a0003fffff
15785,880d999a5bfffff
15786,880d9d6731fffff
15787,880d8a7b45fffff
15788,880d998657fffff
15789,880d8a74c1fffff
15790,880d8301bbfffff
15791,880d9d2819fffff
15792,880d83c4b5fffff
15793,880d9d533bfffff
15794,880d8a4dadfffff
15795,880d9d0609fffff
15796,880d99b0c3fffff
15797,880d835551fffff
15798,880d8a475bfffff
15799,880d9cae4dfffff
15800,880d9d848dfffff
15801,880d834b17fffff
15802,880d8360bdfffff
15803,880d8378e5fffff
15804,880d9d29b5fffff
15805,880d835ad7fffff
15806,880d83c001fffff
15807,880d8a893bfffff
15808,880d9d5149fffff
15809,880d834251fffff
15810,880d9ca217fffff
15811,880d9dae53fffff
15812,880d8a41e1fffff
15813,880d99964bfffff
15814,880d834c89fffff
15815,880d836141fffff
15816,880d9d419dfffff
15817,880d8a8821fffff
15818,880d9dd127fffff
15819,880d9d083dfffff
15820,880d8ac9a3fffff
15821,880d9d3955fffff
15822,880d9d96e9fffff
15823,880d9cb6c5fffff
15824,880d8a4c41fffff
15825,880d9d7b0bfffff
15826,880d99aad3fffff
15827,880d9d6699fffff
15828,880d9d0de9fffff
15829,880d9d7443fffff
15830,880d99828dfffff
15831,880d99b0b3fffff
15832,880d9db20bfffff
15833,880d9dcdb3fffff
15834,880d9ca29dfffff
15835,880d8a7329fffff
15836,880d8acf3bfffff
15837,880d8ac55bfffff
15838,880d8a0f45fffff
15839,880d8360adfffff
15840,880d9cad89fffff
15841,880d99d319fffff
15842,880d9d0013fffff
15843,880d9d36e3fffff
15844,880d999a31fffff
15845,880d83123bfffff
15846,880d9cb28dfffff
15847,880d9d6865fffff
15848,880d8ac2d5fffff
15849,880d8e4b37fffff
15850,880d8361cbfffff
15851,880d8a56bbfffff
15852,880d99b0a1fffff
15853,880d9d0131fffff
15854,880d834547fffff
15855,880d99b257fffff
15856,880d9dcd87fffff
15857,880d8a5515fffff
15858,880d998055fffff
15859,880d8ac6e5fffff
15860,880d9d20b5fffff
15861,880d998cedfffff
15862,880d8a55c5fffff
15863,880d999181fffff
15864,880d8352d3fffff
15865,880d9dab45fffff
15866,880d8e5b3bfffff
15867,880d9d11c5fffff
15868,880d9d429bfffff
15869,880d9d4601fffff
15870,880d999653fffff
15871,880d9d0f37fffff
15872,880d836893fffff
15873,880d834723fffff
15874,880d9d52bbfffff
15875,880d831945fffff
15876,880d99ae93fffff
15877,880d9d6d65fffff
15878,880d9cae5bfffff
15879,880d99a0c3fffff
15880,880d9d7103fffff
15881,880d9d2665fffff
15882,880d83523bfffff
15883,880d9980edfffff
15884,880d9db985fffff
15885,880d998f37fffff
15886,880d8a0f27fffff
15887,880d9d2627fffff
15888,880d838c11fffff
15889,880d83131bfffff
15890,880d999363fffff
15891,880d8a0f3dfffff
15892,880d9d6a59fffff
15893,880d8a41d9fffff
15894,880d830343fffff
15895,880d9d04c9fffff
15896,880d9d4687fffff
15897,880d9d71edfffff
15898,880d9dcdb1fffff
15899,880d9d7549fffff
15900,880d83ce27fffff
15901,880d9d02c1fffff
15902,880ca4d15bfffff
15903,880d8a6dc7fffff
15904,880d99d00bfffff
15905,880d9999d1fffff
15906,880d8adb63fffff
15907,880d8a5861fffff
15908,880d9c2449fffff
15909,880d8ac087fffff
15910,880d83c527fffff
15911,880d8a10d9fffff
15912,880d9d0c07fffff
15913,880d836329fffff
15914,880d9d1185fffff
15915,880ca4d765fffff
15916,880d98a643fffff
15917,880d8a7b35fffff
15918,880d8a792bfffff
15919,880d9da017fffff
15920,880d999565fffff
15921,880d822d83fffff
15922,880d99ba09fffff
15923,880d9d79e9fffff
15924,880d8a6aadfffff
15925,880d9d2629fffff
15926,880d99a63bfffff
15927,880d9d2f3dfffff
15928,880d9995a3fffff
15929,880d830d87fffff
15930,880d9c3407fffff
15931,880d9984cbfffff
15932,880d9d22e7fffff
15933,880d9da8b7fffff
15934,880d8a5521fffff
15935,880d9d003bfffff
15936,880d83522dfffff
15937,880d9d0c9dfffff
15938,880d837a6bfffff
15939,880d8311d1fffff
15940,880d8a1a5bfffff
15941,880d9d959bfffff
15942,880d83401bfffff
15943,880d9d561dfffff
15944,880d8a4e3bfffff
15945,880d9d6613fffff
15946,880d8a510dfffff
15947,880d9c34b9fffff
15948,880ca4dae7fffff
15949,880d9d0d0dfffff
15950,880d838d21fffff
15951,880d8ac5e5fffff
15952,880d9caee5fffff
15953,880d830b4dfffff
15954,880d9ca697fffff
15955,880d8a4d55fffff
15956,880d830acdfffff
15957,880d8a7b19fffff
15958,880d83cd21fffff
15959,880d9982c1fffff
15960,880d99a821fffff
15961,880d8a0ac1fffff
15962,880d9d7029fffff
15963,880d9d2147fffff
15964,880d8e493bfffff
15965,880d9dc4ddfffff
15966,880d835b2bfffff
15967,880d834869fffff
15968,880d98b763fffff
15969,880d834229fffff
15970,880d9d0927fffff
15971,880d8ac691fffff
15972,880d9d0b0dfffff
15973,880d8ad58bfffff
15974,880d822535fffff
15975,880d9d1b19fffff
15976,880d9d16adfffff
15977,880d999b11fffff
15978,880d9d4c63fffff
15979,880d9d6519fffff
15980,880d8a55c1fffff
15981,880d9dbb17fffff
15982,880d9d34c7fffff
15983,880d8a0091fffff
15984,880d9d19c7fffff
15985,880d9d5439fffff
15986,880d9d4711fffff
15987,880d9dd0dbfffff
15988,880d9d5515fffff
15989,880d9cb35bfffff
15990,880d838aa1fffff
15991,880d98b4ebfffff
15992,880d9d7519fffff
15993,880d9ca197fffff
15994,880d99b9b3fffff
15995,880d836d27fffff
15996,880d99ad69fffff
15997,880ca4d833fffff
15998,880d9c940dfffff
15999,880d9d7b57fffff
16000,880d9dd707fffff
16001,880d9d1067fffff
16002,880d8a0f13fffff
16003,880d999623fffff
16004,880d9da129fffff
16005,880d8acc0dfffff
16006,880d9ddb5dfffff
16007,880d9d2601fffff
16008,880d8a0f6dfffff
16009,880d9d4447fffff
16010,880d9d2ac1fffff
16011,880d9dca85fffff
16012,880d83c9dbfffff
16013,880d999991fffff
16014,880d8a49bbfffff
16015,880d9daae7fffff
16016,880d9d6dbdfffff
16017,880d9d3811fffff
16018,880d8a52c7fffff
16019,880d9d39e1fffff
16020,880d999067fffff
16021,880d8a6801fffff
16022,880d9dd453fffff
16023,880d9cb761fffff
16024,880d8a6dabfffff
16025,880d8371a9fffff
16026,880d83cf59fffff
16027,880d8a52a5fffff
16028,880d8a45c9fffff
16029,880d83c993fffff
16030,880d9dae0dfffff
16031,880d9dd30bfffff
16032,880d9dcd15fffff
16033,880d8ac707fffff
16034,880d83ccadfffff
16035,880d8a419dfffff
16036,880d835047fffff
16037,880d8a50b3fffff
16038,880d83c6e1fffff
16039,880d8a115bfffff
16040,880d83c597fffff
16041,880d9dac97fffff
16042,880d98b555fffff
16043,880d8a1525fffff
16044,880d837ac1fffff
16045,880d9cb533fffff
16046,880d9d95d3fffff
16047,880d9d3737fffff
16048,880d9994ebfffff
16049,880d8340d5fffff
16050,880d83ca97fffff
16051,880d83cec5fffff
16052,880d8a020dfffff
16053,880d8a0701fffff
16054,880d8a4189fffff
16055,880d9d032bfffff
16056,880d9d1035fffff
16057,880d830963fffff
16058,880d9d8db3fffff
16059,880d99b251fffff
16060,880d9d534dfffff
16061,880d9ca595fffff
16062,880d99b93bfffff
16063,880d9db1b7fffff
16064,880d830315fffff
16065,880d834a8bfffff
16066,880d8a4051fffff
16067,880d9dae43fffff
16068,880d99ab29fffff
16069,880d9dc447fffff
16070,880d99b6c1fffff
16071,880d835813fffff
16072,880d8a5913fffff
16073,880ca4d8b1fffff
16074,880d8a0a4bfffff
16075,880d9d72c1fffff
16076,880d9da16bfffff
16077,880d9dd1c5fffff
16078,880d8a41cbfffff
16079,880d8a8b21fffff
16080,880d9d671bfffff
16081,880d8379a3fffff
16082,880d8a0a1dfffff
16083,880d9d71ddfffff
16084,880d99a25bfffff
16085,880d8302c1fffff
16086,880d822db9fffff
16087,880d99b18bfffff
16088,880d831a69fffff
16089,880d9da2a9fffff
16090,880d9996dbfffff
16091,880d9d86adfffff
16092,880d9ca295fffff
16093,880d999825fffff
16094,880d8a88cdfffff
16095,880d8a5a25fffff
16096,880d83ce91fffff
16097,880d9d7195fffff
16098,880d9d4405fffff
16099,880d83c5edfffff
16100,880d9c3551fffff
16101,880d8a023bfffff
16102,880d9d6405fffff
16103,880d9dac3bfffff
16104,880d834541fffff
16105,880d8372abfffff
16106,880d9d40e7fffff
16107,880d9da509fffff
16108,880d99b1abfffff
16109,880d8a5185fffff
16110,880d8a1263fffff
16111,880d9d0369fffff
16112,880d8a4991fffff
16113,880d9d2053fffff
16114,880d8ac9adfffff
16115,880d8a48e1fffff
16116,880d99933dfffff
16117,880d9d2e2bfffff
16118,880d9d56a1fffff
16119,880d9d28a1fffff
16120,880d998801fffff
16121,880d8a01e7fffff
16122,880d9d7b37fffff
16123,880d9d0ec7fffff
16124,880d8a7a0dfffff
16125,880d8a470dfffff
16126,880d830a49fffff
16127,880d8a1105fffff
16128,880d8a6891fffff
16129,880d8a1293fffff
16130,880d9984c3fffff
16131,880d9d0c2dfffff
16132,880d9cb4b9fffff
16133,880d9dae0bfffff
16134,880d9dcc35fffff
16135,880d99ba29fffff
16136,880d9cb4adfffff
16137,880d99a6c9fffff
16138,880d9d2843fffff
16139,880d9dc52dfffff
16140,880d9c9611fffff
16141,880d9dcd13fffff
16142,880d9d2ce5fffff
16143,880d9d3531fffff
16144,880d9d4715fffff
16145,880d831555fffff
16146,880d9dd647fffff
16147,880d9d562bfffff
16148,880d83ceb3fffff
16149,880d8a5237fffff
16150,880d9d3a35fffff
16151,880d9d2c09fffff
16152,880d8a69a1fffff
16153,880d830a91fffff
16154,880d99a59bfffff
16155,880d9d42bbfffff
16156,880d9dcf3dfffff
16157,880d8a56bdfffff
16158,880d830aa9fffff
16159,880d9ca191fffff
16160,880d83698dfffff
16161,880d99a553fffff
16162,880d9d52d3fffff
16163,880d9dd1bdfffff
16164,880d8a6cebfffff
16165,880d9d7603fffff
16166,880d99b965fffff
16167,880d99d159fffff
16168,880ca4d36dfffff
16169,880d9995a1fffff
16170,880d9d1ad5fffff
16171,880d8a52dbfffff
16172,880d834069fffff
16173,880d9d3267fffff
16174,880d998b29fffff
16175,880d9d7835fffff
16176,880d99b269fffff
16177,880d831a97fffff
16178,880d9dc2ebfffff
16179,880d8a4aa9fffff
16180,880d8a50adfffff
16181,880d99803bfffff
16182,880d83ce21fffff
16183,880d9d3191fffff
16184,880d834a43fffff
16185,880d9d45c5fffff
16186,880d9d302dfffff
16187,880d9c9459fffff
16188,880d98a61bfffff
16189,880d9ca593fffff
16190,880d837163fffff
16191,880d9da943fffff
16192,880d9d2117fffff
16193,880d835319fffff
16194,880d9d306bfffff
16195,880d8a0adbfffff
16196,880d9dd713fffff
16197,880d9d221bfffff
16198,880d99b2c1fffff
16199,880d8a196bfffff
16200,880d9d4633fffff
16201,880d8a6ac1fffff
16202,880d99d357fffff
16203,880d836c4bfffff
16204,880d8a7a63fffff
16205,880d8312a7fffff
16206,880d8e583dfffff
16207,880d83501bfffff
16208,880d9dd215fffff
16209,880d9d6637fffff
16210,880d835625fffff
16211,880d836ae1fffff
16212,880d9dd0e9fffff
16213,880d9d8db9fffff
16214,880d8ac499fffff
16215,880d830991fffff
16216,880d8a680dfffff
16217,880d8a0e69fffff
16218,880d9c26b1fffff
16219,880d9d16a5fffff
16220,880d9d6661fffff
16221,880d9dcaa1fffff
16222,880d8a5051fffff
16223,880d836ab5fffff
16224,880d9d6461fffff
16225,880d9d1515fffff
16226,880d9dcc17fffff
16227,880d8a6945fffff
16228,880d9d2993fffff
16229,880d9dd8e5fffff
16230,880d834819fffff
16231,880d8a44c7fffff
16232,880d9d1aa5fffff
16233,880d9dc463fffff
16234,880d8a69c1fffff
16235,880d98b425fffff
16236,880d99869bfffff
16237,880d9d3a93fffff
16238,880d8a5211fffff
16239,880d9d2609fffff
16240,880d83089dfffff
16241,880d8a5139fffff
16242,880d9da465fffff
16243,880d9d8735fffff
16244,880d9dce03fffff
16245,880d99bb41fffff
16246,880d8a70a9fffff
16247,880d83c50dfffff
16248,880d9c20d3fffff
16249,880d9984c1fffff
16250,880d99d355fffff
16251,880d9dc443fffff
16252,880d9d4e99fffff
16253,880d9d10dbfffff
16254,880d8a00a5fffff
16255,880d8a5603fffff
16256,880d9d7763fffff
16257,880d9d30ebfffff
16258,880d9d0f39fffff
16259,880d8a536dfffff
16260,880d9c2311fffff
16261,880d838c15fffff
16262,880d8a544bfffff
16263,880d831a95fffff
16264,880d830e41fffff
16265,880d8a6239fffff
16266,880d99a24dfffff
16267,880d8a5a55fffff
16268,880d9dd09bfffff
16269,880d8a89ebfffff
16270,880d8a882dfffff
16271,880d9d40a3fffff
16272,880d835209fffff
16273,880d9dc8cbfffff
16274,880d9d186bfffff
16275,880d9d2b25fffff
16276,880d8a7463fffff
16277,880d99ab0dfffff
16278,880d9999b7fffff
16279,880d9db10bfffff
16280,880d835b19fffff
16281,880d9d01a9fffff
16282,880d8ace1dfffff
16283,880d9d4c87fffff
16284,880d8a1a69fffff
16285,880d9d62a7fffff
16286,880d9d5733fffff
16287,880d99b4d3fffff
16288,880d8301b9fffff
16289,880d9d0889fffff
16290,880d8a4c59fffff
16291,880d9c375bfffff
16292,880d8a4d59fffff
16293,880d8a5a11fffff
16294,880d837819fffff
16295,880d9cac47fffff
16296,880d8a5493fffff
16297,880d999915fffff
16298,880d9d796bfffff
16299,880d9d525bfffff
16300,880d9c3743fffff
16301,880d8ac991fffff
16302,880d9da881fffff
16303,880d9dd857fffff
16304,880d9d6a57fffff
16305,880d9da339fffff
16306,880d834749fffff
16307,880d9d2d69fffff
16308,880d8e490bfffff
16309,880d83546dfffff
16310,880d835351fffff
16311,880d8a5157fffff
16312,880d9dd89dfffff
16313,880d8a819dfffff
16314,880d8348abfffff
16315,880d9ca53bfffff
16316,880d9c359dfffff
16317,880d9d4315fffff
16318,880d8ac525fffff
16319,880d9d0e99fffff
16320,880d9d0989fffff
16321,880d9d25bbfffff
16322,880d9d0dd5fffff
16323,880d9c86c5fffff
16324,880d8a7a33fffff
16325,880d993209fffff
16326,880d99b91bfffff
16327,880d9d2165fffff
16328,880d8352ebfffff
16329,880d9d6d95fffff
16330,880d99a169fffff
16331,880d9dcce9fffff
16332,880d9d24d3fffff
16333,880d9cb53bfffff
16334,880d8a4807fffff
16335,880d9d3833fffff
16336,880d8a4dedfffff
16337,880d8ac443fffff
16338,880d830943fffff
16339,880d9dc769fffff
16340,880d99ab23fffff
16341,880d8341c1fffff
16342,880d9d7043fffff
16343,880d9dad55fffff
16344,880d9d0ca3fffff
16345,880d9d10abfffff
16346,880d8370edfffff
16347,880d835609fffff
16348,880d9992bdfffff
16349,880d831759fffff
16350,880d9d310dfffff
16351,880d9dcd3dfffff
16352,880d99acc9fffff
16353,880d8e4b27fffff
16354,880d9ca257fffff
16355,880d9caf19fffff
16356,880d9ca6ebfffff
16357,880d9caecbfffff
16358,880d9d6de9fffff
16359,880d9d7725fffff
16360,880d837ae3fffff
16361,880d9ca51dfffff
16362,880d831335fffff
16363,880d8354b3fffff
16364,880d8a5513fffff
16365,880d9dd0adfffff
16366,880d835605fffff
16367,880d9d526bfffff
16368,880d9d7721fffff
16369,880d9db04dfffff
16370,880d83c8b7fffff
16371,880d8ac50bfffff
16372,880d9d2803fffff
16373,880d9d1ac9fffff
16374,880d9dc625fffff
16375,880d99bb09fffff
16376,880d9dc10dfffff
16377,880d8acd5dfffff
16378,880d9d186dfffff
16379,880d9d71c5fffff
16380,880d8a69bdfffff
16381,880d9d5513fffff
16382,880d83196bfffff
16383,880d9d4c91fffff
16384,880d8a12b3fffff
16385,880d9d2ad7fffff
16386,880d9cb0ddfffff
16387,880d998b35fffff
16388,880d9d348dfffff
16389,880d8a1327fffff
16390,880d835129fffff
16391,880d9db537fffff
16392,880d83c63bfffff
16393,880d8a462dfffff
16394,880d9da999fffff
16395,880d835b35fffff
16396,880d8ac4b9fffff
16397,880d9d0649fffff
16398,880d9dd589fffff
16399,880d83c1ddfffff
16400,880d99ad6dfffff
16401,880d9d21c5fffff
16402,880d9dca8bfffff
16403,880d9d08ddfffff
16404,880d9d2ab3fffff
16405,880d9d0893fffff
16406,880d9d4495fffff
16407,880d8a4acbfffff
16408,880d83093bfffff
16409,880d9dd463fffff
16410,880d9ca555fffff
16411,880d831209fffff
16412,880d9c24c1fffff
16413,880d9db365fffff
16414,880d9d7191fffff
16415,880d9cb205fffff
16416,880ca4d615fffff
16417,880d9d658dfffff
16418,880d8acf51fffff
16419,880d8a692dfffff
16420,880d9d2091fffff
16421,880d8361c3fffff
16422,880d9d3401fffff
16423,880d9dc1d3fffff
16424,880d9d3b65fffff
16425,880d99a815fffff
16426,880d9c94b7fffff
16427,880d9c2733fffff
16428,880d830035fffff
16429,880d9d2329fffff
16430,880d8a6817fffff
16431,880d9916c1fffff
16432,880d9cb0b3fffff
16433,880d8a5213fffff
16434,880d9dc195fffff
16435,880d837b21fffff
16436,880d8354a9fffff
16437,880d9c3729fffff
16438,880d9dcce1fffff
16439,880d9cb081fffff
16440,880d834929fffff
16441,880d834a99fffff
16442,880d9d95a7fffff
16443,880d83c4a9fffff
16444,880d9dc48bfffff
16445,880d834815fffff
16446,880d83c6e5fffff
16447,880d834033fffff
16448,880d8a7b1bfffff
16449,880d999a8dfffff
16450,880d831917fffff
16451,880d99a189fffff
16452,880d834e19fffff
16453,880ca4d233fffff
16454,880d838d8bfffff
16455,880d99b62bfffff
16456,880d9d64e5fffff
16457,880d9dc111fffff
16458,880d9d55c5fffff
16459,880d9d2eabfffff
16460,880d8342e9fffff
16461,880d9d8445fffff
16462,880d99b2a9fffff
16463,880d9d6e53fffff
16464,880d8a198bfffff
16465,880d83713dfffff
16466,880d8ac5c3fffff
16467,880d99ae35fffff
16468,880ca4d925fffff
16469,880d83ce0dfffff
16470,880d83c415fffff
16471,880d8a4d33fffff
16472,880d8310c3fffff
16473,880d9daaa5fffff
16474,880d8e5919fffff
16475,880d99b8dbfffff
16476,880d8a4c9dfffff
16477,880d99a08dfffff
16478,880d9da0cbfffff
16479,880d822f57fffff
16480,880d9d44d7fffff
16481,880d9dd5abfffff
16482,880d834c09fffff
16483,880d8a1a07fffff
16484,880d9d4461fffff
16485,880d9db115fffff
16486,880d8a0181fffff
16487,880d99a585fffff
16488,880d837891fffff
16489,880d8acd89fffff
16490,880ca4d013fffff
16491,880d99a9e9fffff
16492,880d9d04b1fffff
16493,880d835a8dfffff
16494,880d836367fffff
16495,880d838d9bfffff
16496,880d9d09d3fffff
16497,880d9d3013fffff
16498,880d998a6dfffff
16499,880d9dd649fffff
16500,880d9cb255fffff
16501,880d9d8613fffff
16502,880d8a6f23fffff
16503,880d9d12bdfffff
16504,880d9d0191fffff
16505,880d9d61e7fffff
16506,880d9dcd27fffff
16507,880ca4d9b3fffff
16508,880d822f1dfffff
16509,880d9da355fffff
16510,880d822e2dfffff
16511,880d9d84a7fffff
16512,880ca4ca49fffff
16513,880d9d71b5fffff
16514,880d9d875bfffff
16515,880d8a09e3fffff
16516,880d9d254bfffff
16517,880d838887fffff
16518,880d9d5099fffff
16519,880d8e49a9fffff
16520,880d8369b5fffff
16521,880d8a4dd7fffff
16522,880d98b4e9fffff
16523,880d99a019fffff
16524,880d99d053fffff
16525,880d99a337fffff
16526,880d9d2f61fffff
16527,880d9d0631fffff
16528,880d8a81d3fffff
16529,880d8a4e6bfffff
16530,880d9d9657fffff
16531,880d9d6289fffff
16532,880d9dab37fffff
16533,880d8a7325fffff
16534,880d998361fffff
16535,880d835203fffff
16536,880d8adb25fffff
16537,880d9d4555fffff
16538,880d9d3823fffff
16539,880d9d864bfffff
16540,880d9dcb49fffff
16541,880d9dcb21fffff
16542,880d99b231fffff
16543,880d9d7b09fffff
16544,880d9d704dfffff
16545,880d8312a3fffff
16546,880d8ac9bbfffff
16547,880d9d10bdfffff
16548,880d837a99fffff
16549,880d9d076dfffff
16550,880d9c9581fffff
16551,880d9d7867fffff
16552,880d8acd97fffff
16553,880d9cac41fffff
16554,880d9d8b29fffff
16555,880d9dad5bfffff
16556,880d9d5509fffff
16557,880d83781bfffff
16558,880d8a1049fffff
16559,880d83114dfffff
16560,880d998e31fffff
16561,880d9d0823fffff
16562,880d8a7223fffff
16563,880d9d4767fffff
16564,880d9d2229fffff
16565,880d9d95abfffff
16566,880d9d6991fffff
16567,880d9cb4c9fffff
16568,880ca4d1a5fffff
16569,880d8a1211fffff
16570,880d9dae41fffff
16571,880d9d75b1fffff
16572,880d8a18a7fffff
16573,880d9d3129fffff
16574,880d9caeb9fffff
16575,880d9ca4d1fffff
16576,880d9dc42bfffff
16577,880d834449fffff
16578,880d998537fffff
16579,880d83c529fffff
16580,880d8310e3fffff
16581,880d8a00c3fffff
16582,880d9d12b5fffff
16583,880d9d0cedfffff
16584,880d99b5ebfffff
16585,880d830f37fffff
16586,880d9d39b7fffff
16587,880d9984b1fffff
16588,880d9d28e3fffff
16589,880d9d76adfffff
16590,880d9d7447fffff
16591,880d8a4603fffff
16592,880d830921fffff
16593,880d835887fffff
16594,880d9c24d7fffff
16595,880d8388c5fffff
16596,880d834a0bfffff
16597,880d831b37fffff
16598,880d9dd4abfffff
16599,880d9c866dfffff
16600,880d836567fffff
16601,880d99950bfffff
16602,880d9d5731fffff
16603,880d99a315fffff
16604,880d83c4e3fffff
16605,880d9db045fffff
16606,880d9d2b19fffff
16607,880d9dbae3fffff
16608,880d835a2dfffff
16609,880d831a57fffff
16610,880d99b94bfffff
16611,880d83caa3fffff
16612,880d9d0469fffff
16613,880d831105fffff
16614,880d99a59dfffff
16615,880d9d7095fffff
16616,880d9cb22dfffff
16617,880d9dc5a3fffff
16618,880d8a531bfffff
16619,880d9d6ecdfffff
16620,880d835a83fffff
16621,880d9dc45dfffff
16622,880d8a4617fffff
16623,880d8a4e51fffff
16624,880d835217fffff
16625,880d999b21fffff
16626,880d8adb1dfffff
16627,880d9d61c3fffff
16628,880d98b5ebfffff
16629,880d9dc9a3fffff
16630,880d8a00e3fffff
16631,880d8a1acdfffff
16632,880d831841fffff
16633,880d99ad51fffff
16634,880d8a136bfffff
16635,880d9d736bfffff
16636,880d9db8c5fffff
16637,880d9c974bfffff
16638,880d836acbfffff
16639,880d9db19dfffff
16640,880d8a5741fffff
16641,880d9d3863fffff
16642,880d9d3801fffff
16643,880d9d6135fffff
16644,880d99b5ddfffff
16645,880d98b4c3fffff
16646,880d9dc2d3fffff
16647,880d8e49abfffff
16648,880d9d0127fffff
16649,880d8a7351fffff
16650,880d9c22edfffff
16651,880d9d22c3fffff
16652,880d99a80dfffff
16653,880d8a48c5fffff
16654,880ca4d065fffff
16655,880d9d7405fffff
16656,880d8a032dfffff
16657,880d9dce2dfffff
16658,880d9d893dfffff
16659,880d8a514dfffff
16660,880d835259fffff
16661,880d9cade5fffff
16662,880d8a618bfffff
16663,880d8a75ebfffff
16664,880d8a5105fffff
16665,880d8a754bfffff
16666,880d9d1807fffff
16667,880d99af59fffff
16668,880d9d2535fffff
16669,880d9d075dfffff
16670,880d8a7507fffff
16671,880d8ac489fffff
16672,880d9db9d7fffff
16673,880d9d435bfffff
16674,880d9d2945fffff
16675,880d8a6f67fffff
16676,880d9d41c3fffff
16677,880d9d2933fffff
16678,880d838e2bfffff
16679,880d830aa5fffff
16680,880d9cb051fffff
16681,880d99d645fffff
16682,880d8a4049fffff
16683,880d83c1e9fffff
16684,880ca4cb49fffff
16685,880d9d1883fffff
16686,880d830b15fffff
16687,880d8a628dfffff
16688,880d9d795bfffff
16689,880d9d8461fffff
16690,880d998ac7fffff
16691,880d9cb6b3fffff
16692,880d9d180dfffff
16693,880d99b481fffff
16694,880d9caee3fffff
16695,880d9d960bfffff
16696,880d9d84e1fffff
16697,880d9d19a7fffff
16698,880d8361adfffff
16699,880d9dd511fffff
16700,880d9d7457fffff
16701,880d83633bfffff
16702,880d83463dfffff
16703,880d8a4e3dfffff
16704,880ca4d54dfffff
16705,880d8a4659fffff
16706,880d98b619fffff
16707,880d83683bfffff
16708,880d8346e9fffff
16709,880d9d0959fffff
16710,880d9d2f05fffff
16711,880d9ca269fffff
16712,880d8e4921fffff
16713,880d9d143dfffff
16714,880d8adb3dfffff
16715,880d9dc053fffff
16716,880d9d1b01fffff
16717,880d9d94a3fffff
16718,880d9d1aadfffff
16719,880d9991ddfffff
16720,880d9cb71bfffff
16721,880d830303fffff
16722,880d9cb445fffff
16723,880d9d76bbfffff
16724,880d9d6b51fffff
16725,880d8a10b7fffff
16726,880d999209fffff
16727,880d8a42ddfffff
16728,880d98b767fffff
16729,880d8311b5fffff
16730,880d8a0c67fffff
16731,880d8a4ac9fffff
16732,880d834cedfffff
16733,880d834b21fffff
16734,880d836cebfffff
16735,880d9d8b35fffff
16736,880d9d1b35fffff
16737,880d8342b7fffff
16738,880d9d1907fffff
16739,880d99a893fffff
16740,880d9d4301fffff
16741,880d9dc4dbfffff
16742,880d8a1859fffff
16743,880d822537fffff
16744,880d9d6017fffff
16745,880d998f35fffff
16746,880d8a011dfffff
16747,880d998003fffff
16748,880d9d70a1fffff
16749,880ca4d929fffff
16750,880ca4d20bfffff
16751,880d9d2889fffff
16752,880d99a13bfffff
16753,880d838ae7fffff
16754,880d8a0233fffff
16755,880d9d08e9fffff
16756,880d9d9695fffff
16757,880d9dae85fffff
16758,880d8a8a2bfffff
16759,880d99900bfffff
16760,880d9996a1fffff
16761,880d8a68e9fffff
16762,880d99871bfffff
16763,880d99b25bfffff
16764,880d9d3689fffff
16765,880d9ca5cdfffff
16766,880d9d1689fffff
16767,880d9d6e93fffff
16768,880d999355fffff
16769,880d83c413fffff
16770,880d9dc1c1fffff
16771,880d822c35fffff
16772,880d8a6807fffff
16773,880d9dd84dfffff
16774,880d8a530bfffff
16775,880d9db0a1fffff
16776,880d8e59e1fffff
16777,880ca4d659fffff
16778,880d9d8469fffff
16779,880d8a606dfffff
16780,880d99a325fffff
16781,880d9ca2b1fffff
16782,880d998319fffff
16783,880d9dc94bfffff
16784,880d9d7955fffff
16785,880d831723fffff
16786,880d8a0f1dfffff
16787,880d99a4e9fffff
16788,880ca4d94dfffff
16789,880d8a68b3fffff
16790,880d9d3253fffff
16791,880d9d7a1dfffff
16792,880d9d6583fffff
16793,880d9d11a7fffff
16794,880d99d2ddfffff
16795,880d9d94adfffff
16796,880d9d00a5fffff
16797,880d9d5059fffff
16798,880d836b33fffff
16799,880d9da947fffff
16800,880d830f4bfffff
16801,880d9da293fffff
16802,880d83120bfffff
16803,880d9d8759fffff
16804,880d834f33fffff
16805,880d9c3661fffff
16806,880d8a7aebfffff
16807,880d8ac737fffff
16808,880d998093fffff
16809,880d8a0d69fffff
16810,880d9dd027fffff
16811,880d9dd815fffff
16812,880d8a50c1fffff
16813,880d9d069bfffff
16814,880d8a75adfffff
16815,880d835a65fffff
16816,880d9c96a7fffff
16817,880d836b6dfffff
16818,880d8a882bfffff
16819,880d9ca243fffff
16820,880d99a155fffff
16821,880d9c3693fffff
16822,880d8ace01fffff
16823,880d8a6949fffff
16824,880d9dc0bbfffff
16825,880d9dc757fffff
16826,880d9d31a7fffff
16827,880d9db257fffff
16828,880d9c2615fffff
16829,880d9d0f23fffff
16830,880d9da921fffff
16831,880d836015fffff
16832,880d99a597fffff
16833,880d9d76ddfffff
16834,880d83cda5fffff
16835,880d8a125bfffff
16836,880d9d4d81fffff
16837,880d99b633fffff
16838,880d8a5b07fffff
16839,880d838d85fffff
16840,880d836dedfffff
16841,880d9d376dfffff
16842,880d9d7455fffff
16843,880d9d0145fffff
16844,880d830187fffff
16845,880d8a7963fffff
16846,880d9d0ebbfffff
16847,880d99b4c7fffff
16848,880d835b03fffff
16849,880d999945fffff
16850,880d9cac3dfffff
16851,880d9d0481fffff
16852,880d9dd64bfffff
16853,880d9d3ad1fffff
16854,880d9db035fffff
16855,880ca4db17fffff
16856,880d9d3989fffff
16857,880d830123fffff
16858,880d83081dfffff
16859,880d83495bfffff
16860,880d9d625dfffff
16861,880ca4da6dfffff
16862,880d837243fffff
16863,880d822591fffff
16864,880d8a5957fffff
16865,880d9d54c3fffff
16866,880d834c51fffff
16867,880ca4d24dfffff
16868,880d9d4665fffff
16869,880d9db143fffff
16870,880d8ac70bfffff
16871,880d8a5137fffff
16872,880d9998bdfffff
16873,880d8a0995fffff
16874,880d9dceedfffff
16875,880d9d1b3dfffff
16876,880d9d0c83fffff
16877,880d8ac5c7fffff
16878,880d9d799bfffff
16879,880d834833fffff
16880,880d9d535dfffff
16881,880d8a08a7fffff
16882,880d8a475dfffff
16883,880d9d6b4dfffff
16884,880d8a7aadfffff
16885,880d9dab55fffff
16886,880d822ec5fffff
16887,880d9cae57fffff
16888,880d8a5ab1fffff
16889,880d9c22a9fffff
16890,880d9dd125fffff
16891,880d8a5629fffff
16892,880ca4d957fffff
16893,880d9d6413fffff
16894,880d9d2565fffff
16895,880d8a4249fffff
16896,880d9c348bfffff
16897,880d838f2bfffff
16898,880d9d3325fffff
16899,880d9d8923fffff
16900,880d831531fffff
16901,880d9dd5e7fffff
16902,880d83404bfffff
16903,880d83428bfffff
16904,880d836f45fffff
16905,880d9dd061fffff
16906,880d9991c3fffff
16907,880d9d32e9fffff
16908,880d98b58bfffff
16909,880d9dc401fffff
16910,880d998723fffff
16911,880d999625fffff
16912,880d9d0eb7fffff
16913,880d9d29b1fffff
16914,880d99b939fffff
16915,880d9dcda7fffff
16916,880d830b27fffff
16917,880d9d6e07fffff
16918,880d9d4215fffff
16919,880d8370e1fffff
16920,880d8a0e23fffff
16921,880d9d6f59fffff
16922,880d9c9659fffff
16923,880d834d63fffff
16924,880d8a455dfffff
16925,880d9db939fffff
16926,880d8a6dadfffff
16927,880d9da099fffff
16928,880d9dc9e9fffff
16929,880d9d2e5dfffff
16930,880d9d1545fffff
16931,880d8a0b07fffff
16932,880d9d2edbfffff
16933,880d9dc723fffff
16934,880d8a4825fffff
16935,880d998a31fffff
16936,880d9c3469fffff
16937,880d9d095bfffff
16938,880d8318d3fffff
16939,880d9998e7fffff
16940,880d99a5b1fffff
16941,880d9d0305fffff
16942,880d8acd8bfffff
16943,880d8a5147fffff
16944,880d9d0ca5fffff
16945,880d9ddaedfffff
16946,880d9dced1fffff
16947,880d8a012bfffff
16948,880d8a4453fffff
16949,880d9d281dfffff
16950,880d8a88cbfffff
16951,880d9da997fffff
16952,880d834ad5fffff
16953,880d9c3433fffff
16954,880d9d1405fffff
16955,880d9db589fffff
16956,880d9d3a41fffff
16957,880d8310edfffff
16958,880d8a12c5fffff
16959,880d834609fffff
16960,880d99a635fffff
16961,880d9ca4b9fffff
16962,880d99ace9fffff
16963,880d9995e5fffff
16964,880d836d53fffff
16965,880d99a31bfffff
16966,880d9d7989fffff
16967,880d8e5945fffff
16968,880d98b4ddfffff
16969,880d9d148bfffff
16970,880d9d0597fffff
16971,880d9d1a51fffff
16972,880d99a835fffff
16973,880d8a1219fffff
16974,880d9cad5dfffff
16975,880d9d791bfffff
16976,880d835481fffff
16977,880d99ba8bfffff
16978,880d9d4dc1fffff
16979,880d9dd04dfffff
16980,880d8a4b61fffff
16981,880d8a4cadfffff
16982,880d9dd841fffff
16983,880d8344c9fffff
16984,880d8308c3fffff
16985,880d9d75bbfffff
16986,880d8a1317fffff
16987,880d9d06d5fffff
16988,880d8a4341fffff
16989,880d8ac6a7fffff
16990,880d99a103fffff
16991,880d9d0c85fffff
16992,880d8a523bfffff
16993,880d9d7325fffff
16994,880d8a1b3bfffff
16995,880d8a409bfffff
16996,880d9d3591fffff
16997,880d835ac1fffff
16998,880d99a41bfffff
16999,880d830249fffff
17000,880d8346d9fffff
17001,880d9d4d91fffff
17002,880d8a891bfffff
17003,880d9dcccdfffff
17004,880d834361fffff
17005,880d9cb72bfffff
17006,880d9d7843fffff
17007,880d83469bfffff
17008,880d8a11c3fffff
17009,880d9d15a1fffff
17010,880d9d2e4dfffff
17011,880d9d2f09fffff
17012,880d99d221fffff
17013,880d834635fffff
17014,880d9da1edfffff
17015,880d9d7941fffff
17016,880d834803fffff
17017,880d9d25c1fffff
17018,880d837803fffff
17019,880d834b49fffff
17020,880d9cb00bfffff
17021,880d9d45cbfffff
17022,880d9d2951fffff
17023,880d9d0a81fffff
17024,880d8a89d9fffff
17025,880d831315fffff
17026,880d9d36d7fffff
17027,880d834d01fffff
17028,880d9d0a91fffff
17029,880d83889bfffff
17030,880d8370cdfffff
17031,880d99b341fffff
17032,880d9d6137fffff
17033,880d834531fffff
17034,880d9d864dfffff
17035,880d9c22b3fffff
17036,880ca4d0c1fffff
17037,880d8ad491fffff
17038,880d838995fffff
17039,880d83cf4bfffff
17040,880d9d4e53fffff
17041,880d9d2307fffff
17042,880d9d34a1fffff
17043,880d9dadedfffff
17044,880d8ac425fffff
17045,880d9ca0ebfffff
17046,880d9998c7fffff
17047,880d8a49c3fffff
17048,880d998a0bfffff
17049,880d9d3965fffff
17050,880d8a480dfffff
17051,880d830151fffff
17052,880d99b0d3fffff
17053,880d83006dfffff
17054,880d8a1865fffff
17055,880d9d528dfffff
17056,880d83ceb9fffff
17057,880d8ad955fffff
17058,880d8a51b9fffff
17059,880d8ac503fffff
17060,880d9dc0ddfffff
17061,880d835169fffff
17062,880d9dc121fffff
17063,880d838a11fffff
17064,880d9d7697fffff
17065,880d83cc97fffff
17066,880d9d4333fffff
17067,880d8378ddfffff
17068,880d8a156dfffff
17069,880d836313fffff
17070,880d99b609fffff
17071,880d9c86c1fffff
17072,880d9d36cbfffff
17073,880d9c2683fffff
17074,880d9d0a5bfffff
17075,880d9d3b61fffff
17076,880d9da8edfffff
17077,880d836e0dfffff
17078,880d836507fffff
17079,880d9dcab3fffff
17080,880d99b955fffff
17081,880d9d35dbfffff
17082,880d9c351dfffff
17083,880d9cb689fffff
17084,880d830101fffff
17085,880d9d7307fffff
17086,880d9d0537fffff
17087,880d9cb09bfffff
17088,880d9d41d1fffff
17089,880d83ccedfffff
17090,880d99b31dfffff
17091,880d834d99fffff
17092,880d9dbb39fffff
17093,880d838897fffff
17094,880d83ce43fffff
17095,880d9db903fffff
17096,880d831a65fffff
17097,880d8370c5fffff
17098,880d9d364bfffff
17099,880d998eebfffff
17100,880d9dcc1bfffff
17101,880d9d2b69fffff
17102,880d834a63fffff
17103,880d9da937fffff
17104,880d998b19fffff
17105,880d9d0449fffff
17106,880d9da06dfffff
17107,880d9d8453fffff
17108,880d837949fffff
17109,880d9db0a7fffff
17110,880d998323fffff
17111,880d9d24cbfffff
17112,880d9dcec5fffff
17113,880d8a1355fffff
17114,880d9dd617fffff
17115,880d835a3dfffff
17116,880d9d22b7fffff
17117,880d8a6dd9fffff
17118,880d9dd401fffff
17119,880d9d190dfffff
17120,880d9d70dbfffff
17121,880d9995d1fffff
17122,880d830e35fffff
17123,880d9db88bfffff
17124,880d99d657fffff
17125,880d9da06bfffff
17126,880d9d42edfffff
17127,880ca4d83bfffff
17128,880d9c36adfffff
17129,880d8a41c1fffff
17130,880d9d111bfffff
17131,880d8a0093fffff
17132,880d99b613fffff
17133,880d9cb485fffff
17134,880d9d7423fffff
17135,880d83c85dfffff
17136,880d8a8969fffff
17137,880d834161fffff
17138,880d8319e7fffff
17139,880d8a0187fffff
17140,880d836d43fffff
17141,880d9d0cd5fffff
17142,880d8368a5fffff
17143,880d83c069fffff
17144,880d99aab5fffff
17145,880d9d02bdfffff
17146,880d9cac33fffff
17147,880d9caeadfffff
17148,880d9d2f2dfffff
17149,880d9d1615fffff
17150,880d9dc11dfffff
17151,880d9dca11fffff
17152,880ca4d80bfffff
17153,880d8a52d1fffff
17154,880d9c966dfffff
17155,880d831081fffff
17156,880d9d6239fffff
17157,880d9d340bfffff
17158,880d9d71abfffff
17159,880d9d25a1fffff
17160,880ca4d21bfffff
17161,880d83c067fffff
17162,880d9cac83fffff
17163,880d8309b7fffff
17164,880d999545fffff
17165,880d83c193fffff
17166,880d8a42a1fffff
17167,880d9d3665fffff
17168,880d838889fffff
17169,880d8a4413fffff
17170,880d8345ebfffff
17171,880d9d54a1fffff
17172,880d9dcb11fffff
17173,880d8a100dfffff
17174,880d8a11a5fffff
17175,880d9d7637fffff
17176,880d9dd5c5fffff
17177,880d9d4c03fffff
17178,880d8a0027fffff
17179,880d9cb739fffff
17180,880d9c2723fffff
17181,880d835137fffff
17182,880d8a00ebfffff
17183,880d8a40ddfffff
17184,880d9d223bfffff
17185,880d99a359fffff
17186,880d9d46b3fffff
17187,880d9d7acdfffff
17188,880d998889fffff
17189,880d9c2609fffff
17190,880d9d68bdfffff
17191,880d99360dfffff
17192,880d9d2049fffff
17193,880d9d4e4bfffff
17194,880d9d2747fffff
17195,880d830b6dfffff
17196,880d9d40e1fffff
17197,880d9dcd53fffff
17198,880d99a5dbfffff
17199,880d9dc4bdfffff
17200,880d99a24bfffff
17201,880d9d6219fffff
17202,880d83c5e9fffff
17203,880d8a5865fffff
17204,880d9d4181fffff
17205,880d9d79e7fffff
17206,880d998c49fffff
17207,880d8ac4d1fffff
17208,880d834a3bfffff
17209,880d834d25fffff
17210,880d8ac6d7fffff
17211,880d9dc53bfffff
17212,880d9d756bfffff
17213,880d8311edfffff
17214,880d8a471bfffff
17215,880d9da885fffff
17216,880d998aa7fffff
17217,880d9da72bfffff
17218,880d9db951fffff
17219,880d9d56b3fffff
17220,880d830dabfffff
17221,880d834427fffff
17222,880d9d45c3fffff
17223,880d9c2405fffff
17224,880d837b4bfffff
17225,880d8a89a9fffff
17226,880d8a6d51fffff
17227,880d9d6093fffff
17228,880d8a4533fffff
17229,880d9d4049fffff
17230,880d99d21bfffff
17231,880d99b36bfffff
17232,880d9da233fffff
17233,880d9ca691fffff
17234,880d9dad69fffff
17235,880d8a5811fffff
17236,880d9dd169fffff
17237,880d9dd555fffff
17238,880d99a0a7fffff
17239,880d9db5b9fffff
17240,880d838a85fffff
17241,880d9d96adfffff
17242,880d830365fffff
17243,880d9c22cdfffff
17244,880d9d2dbdfffff
17245,880d8a1a83fffff
17246,880d9985abfffff
17247,880d8a030dfffff
17248,880d8a562bfffff
17249,880d83c533fffff
17250,880d8e59d7fffff
17251,880d9d2dc7fffff
17252,880d9d35adfffff
17253,880d8a12a1fffff
17254,880d8a12a7fffff
17255,880d83ce09fffff
17256,880d8a4947fffff
17257,880d9d6629fffff
17258,880d9ca681fffff
17259,880d998063fffff
17260,880d83c4e1fffff
17261,880d836e25fffff
17262,880d8ac985fffff
17263,880d8a4019fffff
17264,880d9d0253fffff
17265,880d831735fffff
17266,880d834313fffff
17267,880d834765fffff
17268,880d9d6329fffff
17269,880d837329fffff
17270,880d9d2525fffff
17271,880d9d8669fffff
17272,880d9d2731fffff
17273,880d9d02d9fffff
17274,880d9d1621fffff
17275,880d9dcac9fffff
17276,880d9c2691fffff
17277,880d9d5565fffff
17278,880d991669fffff
17279,880d99d04bfffff
17280,880d9ca6bdfffff
17281,880d8a0c65fffff
17282,880d99ad2bfffff
17283,880d9dca8dfffff
17284,880d9d38c5fffff
17285,880d8ac4c7fffff
17286,880d99ba3dfffff
17287,880d9d44adfffff
17288,880d9dc1adfffff
17289,880d9d2f5bfffff
17290,880d9d7abdfffff
17291,880d9d6595fffff
17292,880d8a41b5fffff
17293,880d9d7745fffff
17294,880d99b8ebfffff
17295,880d8309a5fffff
17296,880d8a4457fffff
17297,880d9da1d3fffff
17298,880d9db037fffff
17299,880d8a70a7fffff
17300,880d999551fffff
17301,880d9d2b39fffff
17302,880d8a5b53fffff
17303,880d9d5683fffff
17304,880d836debfffff
17305,880d99a241fffff
17306,880d9998e9fffff
17307,880ca4d61bfffff
17308,880d9d335bfffff
17309,880d8308d9fffff
17310,880d836aadfffff
17311,880d9cb483fffff
17312,880d9d2611fffff
17313,880d9d2725fffff
17314,880d9d066dfffff
17315,880d83c1a3fffff
17316,880d9ca0b7fffff
17317,880d8379dbfffff
17318,880d99a415fffff
17319,880d8a4ec3fffff
17320,880d9d42b7fffff
17321,880d9d251dfffff
17322,880d9d1027fffff
17323,880d9cb257fffff
17324,880d836f05fffff
17325,880d8352e7fffff
17326,880d9dba41fffff
17327,880d83005bfffff
17328,880d8342d9fffff
17329,880d8a4f59fffff
17330,880d837159fffff
17331,880d9d6ac7fffff
17332,880d9ca6adfffff
17333,880d9d8753fffff
17334,880d834923fffff
17335,880d9d1639fffff
17336,880d99d6d5fffff
17337,880d99d60dfffff
17338,880d9990a7fffff
17339,880d8ac73dfffff
17340,880d9d1827fffff
17341,880d8ac667fffff
17342,880d8345e7fffff
17343,880d83cd91fffff
17344,880d8a5263fffff
17345,880d9d74a3fffff
17346,880d836019fffff
17347,880d8a49b5fffff
17348,880d8a6821fffff
17349,880d9dad83fffff
17350,880d9d8b0dfffff
17351,880d9d771bfffff
17352,880d9cb437fffff
17353,880d835063fffff
17354,880d9ca2b7fffff
17355,880d831a6dfffff
17356,880d835517fffff
17357,880d9d94c1fffff
17358,880d8a5707fffff
17359,880d838a1bfffff
17360,880d831737fffff
17361,880d99b357fffff
17362,880d9d8691fffff
17363,880d8a8833fffff
17364,880d998f43fffff
17365,880d9dbad7fffff
17366,880ca4d24bfffff
17367,880d99b167fffff
17368,880d999215fffff
17369,880d9d52a9fffff
17370,880d9d6db9fffff
17371,880d9da911fffff
17372,880d9c36d9fffff
17373,880d822cb3fffff
17374,880d835a07fffff
17375,880d8a0315fffff
17376,880d99b755fffff
17377,880d8a7349fffff
17378,880d99b245fffff
17379,880d9daa65fffff
17380,880d9d783bfffff
17381,880d8a52abfffff
17382,880d8a1829fffff
17383,880d999543fffff
17384,880d8a4867fffff
17385,880d8a4149fffff
17386,880d99b005fffff
17387,880d9d15ebfffff
17388,880d9dd2a3fffff
17389,880d831801fffff
17390,880d99d0cbfffff
17391,880d99d041fffff
17392,880d8a5611fffff
17393,880d8a81d7fffff
17394,880d9d6ab7fffff
17395,880d9985cdfffff
17396,880d8a0e21fffff
17397,880d9ca50bfffff
17398,880d9cacb3fffff
17399,880d9d51bdfffff
17400,880d9d19e7fffff
17401,880d831843fffff
17402,880d8302adfffff
17403,880d836abdfffff
17404,880d99804dfffff
17405,880d8a6f21fffff
17406,880d998a87fffff
17407,880d9db981fffff
17408,880ca4d8c9fffff
17409,880d99b993fffff
17410,880ca4d9b5fffff
17411,880d8a5b45fffff
17412,880d83c8a5fffff
17413,880d9d5729fffff
17414,880d9d7513fffff
17415,880d834357fffff
17416,880d834ae1fffff
17417,880d8ac411fffff
17418,880d998f5dfffff
17419,880d99d299fffff
17420,880d9c22abfffff
17421,880d9d6047fffff
17422,880d999895fffff
17423,880d9d70cbfffff
17424,880d98b549fffff
17425,880d8a8157fffff
17426,880d9dc2e3fffff
17427,880d9db0c1fffff
17428,880d9dc9adfffff
17429,880d836e51fffff
17430,880d9d66d5fffff
17431,880d9d45b3fffff
17432,880d835a35fffff
17433,880d9980a5fffff
17434,880d9c3691fffff
17435,880d8341b5fffff
17436,880d9cb55dfffff
17437,880d822ce1fffff
17438,880d9dab5dfffff
17439,880d9d0a45fffff
17440,880d998453fffff
17441,880d836b51fffff
17442,880d99d00dfffff
17443,880d99d289fffff
17444,880d9dc459fffff
17445,880d9d2c63fffff
17446,880d9d96ddfffff
17447,880d8aceebfffff
17448,880d99b0d5fffff
17449,880d83c5d5fffff
17450,880d835653fffff
17451,880d9cac3bfffff
17452,880d99a223fffff
17453,880d83586dfffff
17454,880d9d3461fffff
17455,880d8a034bfffff
17456,880d99b749fffff
17457,880d8a4b33fffff
17458,880d9d6a3dfffff
17459,880d9dbb2bfffff
17460,880d9db86dfffff
17461,880d98b699fffff
17462,880d998327fffff
17463,880d99a0bbfffff
17464,880d9981b5fffff
17465,880ca4d2e5fffff
17466,880ca4d09bfffff
17467,880d9dd1ddfffff
17468,880d9d69d3fffff
17469,880d9d50dbfffff
17470,880d8a88e5fffff
17471,880d99a883fffff
17472,880d836de9fffff
17473,880d838853fffff
17474,880d9d09cdfffff
17475,880d9d3643fffff
17476,880d8a0ae5fffff
17477,880d8a4941fffff
17478,880d8389a5fffff
17479,880d834485fffff
17480,880d834647fffff
17481,880d9dcd69fffff
17482,880d836d05fffff
17483,880d9da729fffff
17484,880d8a10bdfffff
17485,880d9dceebfffff
17486,880d8355e9fffff
17487,880d998243fffff
17488,880d9d0c37fffff
17489,880d830d17fffff
17490,880d83723bfffff
17491,880d83c003fffff
17492,880d99b5d1fffff
17493,880d8a01ddfffff
17494,880d8a6d91fffff
17495,880d9d1767fffff
17496,880d83711bfffff
17497,880d8a41adfffff
17498,880d8a1b1dfffff
17499,880d999b4dfffff
17500,880d9dce19fffff
17501,880d8ad4a3fffff
17502,880d9d2355fffff
17503,880d8a4d83fffff
17504,880d9d7727fffff
17505,880d834431fffff
17506,880d9cac67fffff
17507,880d98b709fffff
17508,880d8a735bfffff
17509,880d9dd503fffff
17510,880d99934bfffff
17511,880d99bb39fffff
17512,880d99a947fffff
17513,880d9d0c11fffff
17514,880d9daec1fffff
17515,880d9dcd93fffff
17516,880d9c35c5fffff
17517,880d8ac487fffff
17518,880d9d525dfffff
17519,880d8308adfffff
17520,880d83613dfffff
17521,880d8a5827fffff
17522,880d9d713dfffff
17523,880d8a1a11fffff
17524,880d99b247fffff
17525,880d999a27fffff
17526,880d9994b5fffff
17527,880d8a4dcbfffff
17528,880d9dc6a3fffff
17529,880d9d0b01fffff
17530,880d9d1ac1fffff
17531,880d8a5567fffff
17532,880d9db93bfffff
17533,880d8ac8bbfffff
17534,880d9d6317fffff
17535,880d9ddb3bfffff
17536,880d99b9e1fffff
17537,880d835907fffff
17538,880d8a4f2bfffff
17539,880d9996d1fffff
17540,880d9d0291fffff
17541,880d8a516bfffff
17542,880d8a5009fffff
17543,880d83588dfffff
17544,880d9da059fffff
17545,880d834961fffff
17546,880d830dd1fffff
17547,880d8a1005fffff
17548,880d835493fffff
17549,880d9dc25bfffff
17550,880d9d1855fffff
17551,880d9ca0a3fffff
17552,880d9d6a29fffff
17553,880d9995c7fffff
17554,880d9d430dfffff
17555,880d9d94c3fffff
17556,880d8372cdfffff
17557,880d9d1b1dfffff
17558,880d9d6f2dfffff
17559,880d9d622dfffff
17560,880d835291fffff
17561,880d9d4cebfffff
17562,880d98b74dfffff
17563,880d9d30c1fffff
17564,880d9c9601fffff
17565,880ca4d2b5fffff
17566,880d9cac63fffff
17567,880d8a19d5fffff
17568,880d9d4c3dfffff
17569,880d835b5dfffff
17570,880d9cb503fffff
17571,880d835537fffff
17572,880d9d1525fffff
17573,880d8ac097fffff
17574,880d9d20d1fffff
17575,880d835549fffff
17576,880d9d6713fffff
17577,880d9d5049fffff
17578,880d9d3303fffff
17579,880d8a5739fffff
17580,880d836f35fffff
17581,880d9cb249fffff
17582,880d8a8ab7fffff
17583,880d83ce03fffff
17584,880d9d6597fffff
17585,880d9d86a7fffff
17586,880d8a0e6bfffff
17587,880d9d4cedfffff
17588,880d9d2441fffff
17589,880d830815fffff
17590,880d99ae5dfffff
17591,880d99921dfffff
17592,880d9d6e0dfffff
17593,880d8a6121fffff
17594,880d99a6a1fffff
17595,880d830313fffff
17596,880d8ac601fffff
17597,880d99b107fffff
17598,880d9cb667fffff
17599,880d99b4dbfffff
17600,880d9cb6e5fffff
17601,880d9916d9fffff
17602,880d8a4a01fffff
17603,880d8356a3fffff
17604,880d9d683bfffff
17605,880d8a89e5fffff
17606,880d8a4f55fffff
17607,880d9cb54dfffff
17608,880d99d68dfffff
17609,880d9d09b9fffff
17610,880d993647fffff
17611,880d9c96b3fffff
17612,880d99a6b9fffff
17613,880d822ee3fffff
17614,880d9d21e3fffff
17615,880d9db307fffff
17616,880d8ac69bfffff
17617,880d9dd2dbfffff
17618,880d99d01bfffff
17619,880d83032dfffff
17620,880d83732dfffff
17621,880d8a54ddfffff
17622,880d9d51cbfffff
17623,880d9d2c27fffff
17624,880d998281fffff
17625,880d8a686bfffff
17626,880d9d6245fffff
17627,880d9d6e6dfffff
17628,880d99325bfffff
17629,880d8371d9fffff
17630,880d83121bfffff
17631,880d9cb60dfffff
17632,880d8344b5fffff
17633,880d9dcc67fffff
17634,880d99a8e9fffff
17635,880d99864dfffff
17636,880d998037fffff
17637,880d8a7b3bfffff
17638,880d8a4dd5fffff
17639,880d9988c3fffff
17640,880d998265fffff
17641,880d83c047fffff
17642,880d8a52e9fffff
17643,880d8a88e7fffff
17644,880d8a4e53fffff
17645,880d998313fffff
17646,880d9d75bdfffff
17647,880d8a5849fffff
17648,880d998881fffff
17649,880d8a49c5fffff
17650,880d837a3dfffff
17651,880d8a4a03fffff
17652,880d9cb241fffff
17653,880d8a11a7fffff
17654,880d9d8549fffff
17655,880d8a7359fffff
17656,880d9dd5b7fffff
17657,880d99a2c5fffff
17658,880d9db2a7fffff
17659,880d9dd2adfffff
17660,880d9ca4e5fffff
17661,880d9dd14bfffff
17662,880d9cb2ddfffff
17663,880d836811fffff
17664,880d8e4d25fffff
17665,880d9ddb39fffff
17666,880d8348e7fffff
17667,880d9d2aa3fffff
17668,880d99995dfffff
17669,880d9d62dbfffff
17670,880d8a4d0bfffff
17671,880d835089fffff
17672,880d9980ebfffff
17673,880d9d3a07fffff
17674,880d834039fffff
17675,880d999ad5fffff
17676,880d8accd5fffff
17677,880d9d4497fffff
17678,880d835aebfffff
17679,880d8e4b51fffff
17680,880d99a039fffff
17681,880d998619fffff
17682,880d837997fffff
17683,880d8a4a17fffff
17684,880d8a6243fffff
17685,880ca4db49fffff
17686,880d8a5753fffff
17687,880d9d05abfffff
17688,880d9da8dbfffff
17689,880d9c9461fffff
17690,880ca4d721fffff
17691,880d9d2cd7fffff
17692,880d8a8f29fffff
17693,880d834451fffff
17694,880d99aac1fffff
17695,880ca4d26bfffff
17696,880d83110dfffff
17697,880d8ac887fffff
17698,880d8ada25fffff
17699,880d9d0913fffff
17700,880d8a0d51fffff
17701,880d8a59d5fffff
17702,880d9c869bfffff
17703,880d9d4e97fffff
17704,880d830167fffff
17705,880d99a1cbfffff
17706,880d999343fffff
17707,880d831115fffff
17708,880d999937fffff
17709,880d9da0bdfffff
17710,880d9dc117fffff
17711,880d9dcf61fffff
17712,880d98b6e3fffff
17713,880d9d762bfffff
17714,880d99a9d9fffff
17715,880d8368a3fffff
17716,880d9d6aebfffff
17717,880d9cb525fffff
17718,880ca4dab5fffff
17719,880d9c8657fffff
17720,880d9d233bfffff
17721,880d8358b9fffff
17722,880d830da5fffff
17723,880d9d274dfffff
17724,880d837833fffff
17725,880d9d0915fffff
17726,880d834715fffff
17727,880d8a5b1bfffff
17728,880d9dc4adfffff
17729,880d9d6227fffff
17730,880d9ca719fffff
17731,880d8a44e9fffff
17732,880d99b73bfffff
17733,880d9d30bbfffff
17734,880d9dc411fffff
17735,880d83481dfffff
17736,880d998f21fffff
17737,880d9c32b7fffff
17738,880d9dc119fffff
17739,880d9d743bfffff
17740,880d8a1185fffff
17741,880d9d171bfffff
17742,880d9da15bfffff
17743,880d8319d9fffff
17744,880d9da957fffff
17745,880d9d3335fffff
17746,880d830319fffff
17747,880d8ac565fffff
17748,880d99a015fffff
17749,880d9caea7fffff
17750,880d999617fffff
17751,880d8341b1fffff
17752,880d9dd689fffff
17753,880d8a4b59fffff
17754,880d999195fffff
17755,880d9d21cdfffff
17756,880d9d2f15fffff
17757,880d99a841fffff
17758,880d9ca6a1fffff
17759,880d9dd105fffff
17760,880d99a915fffff
17761,880d9cae69fffff
17762,880d834b07fffff
17763,880d9d1337fffff
17764,880d836a1dfffff
17765,880d9d46e7fffff
17766,880d9dd2b3fffff
17767,880d9d54b9fffff
17768,880d9d3a8dfffff
17769,880d9d39ddfffff
17770,880d99a127fffff
17771,880d9c36d5fffff
17772,880d9ca59bfffff
17773,880d9d6d27fffff
17774,880d834b6bfffff
17775,880d8a4125fffff
17776,880d8a5505fffff
17777,880d831187fffff
17778,880d99b4a3fffff
17779,880ca4d153fffff
17780,880d9db2adfffff
17781,880d9dd1c9fffff
17782,880d9cb43bfffff
17783,880d9dc14bfffff
17784,880d99b809fffff
17785,880d834d45fffff
17786,880d9996b1fffff
17787,880d9d041bfffff
17788,880d830153fffff
17789,880ca4d169fffff
17790,880d9d72c9fffff
17791,880d9c3641fffff
17792,880d9d362dfffff
17793,880d9d0aebfffff
17794,880d9d6ec9fffff
17795,880d835a99fffff
17796,880d830a6dfffff
17797,880d9dc1cbfffff
17798,880d9d96b5fffff
17799,880d9d21d5fffff
17800,880d9ca68bfffff
17801,880d998ca9fffff
17802,880d9d0257fffff
17803,880d9dba87fffff
17804,880d9d51d1fffff
17805,880d999917fffff
17806,880d9c86cdfffff
17807,880d9cb1b9fffff
17808,880d9d6999fffff
17809,880d9cb4e1fffff
17810,880d831125fffff
17811,880d9dd6b1fffff
17812,880d8302e9fffff
17813,880d9dc8a1fffff
17814,880d99a205fffff
17815,880d99b5a9fffff
17816,880d9d164dfffff
17817,880d9d84bdfffff
17818,880d9994cbfffff
17819,880d8e4b2dfffff
17820,880d830345fffff
17821,880d8a0855fffff
17822,880d9d5095fffff
17823,880d9d0a53fffff
17824,880d9d9483fffff
17825,880d8359d3fffff
17826,880d9d36c3fffff
17827,880d830289fffff
17828,880d9d76a3fffff
17829,880d9d7663fffff
17830,880d9c2699fffff
17831,880d9d69a1fffff
17832,880d8349d9fffff
17833,880d9d4cc9fffff
17834,880d835759fffff
17835,880d8a746dfffff
17836,880d9d78c1fffff
17837,880d9dc147fffff
17838,880d83c9b9fffff
17839,880d8a1161fffff
17840,880d9d9415fffff
17841,880d83119dfffff
17842,880d998c1bfffff
17843,880d8a0021fffff
17844,880d8312c9fffff
17845,880d8368edfffff
17846,880d9d6091fffff
17847,880d9992b9fffff
17848,880d9c22adfffff
17849,880d99ab33fffff
17850,880d9981a3fffff
17851,880d9d6161fffff
17852,880d830c37fffff
17853,880d830113fffff
17854,880d8a0325fffff
17855,880d8a192dfffff
17856,880d8ac0b5fffff
17857,880d83104bfffff
17858,880d99aeb9fffff
17859,880d9dcab5fffff
17860,880d83888bfffff
17861,880d9dd465fffff
17862,880d8a8ab5fffff
17863,880d9c244bfffff
17864,880d834433fffff
17865,880d9ca4b5fffff
17866,880d999ab9fffff
17867,880d9d1ab3fffff
17868,880d8a576dfffff
17869,880d9da1a3fffff
17870,880d834a25fffff
17871,880d9d3b5dfffff
17872,880d99aaa1fffff
17873,880d9cac59fffff
17874,880d9caf35fffff
17875,880d9c372dfffff
17876,880d830b29fffff
17877,880d9995cdfffff
17878,880d9ca521fffff
17879,880d99a225fffff
17880,880d9da12bfffff
17881,880d9d08e1fffff
17882,880d8a5b41fffff
17883,880d99a1c7fffff
17884,880d83c441fffff
17885,880d9d329bfffff
17886,880d9ca725fffff
17887,880ca4d8d7fffff
17888,880d9dc715fffff
17889,880d9d3261fffff
17890,880d8318ddfffff
17891,880d9d2c13fffff
17892,880d830c63fffff
17893,880d998c59fffff
17894,880d998687fffff
17895,880d8ad5d1fffff
17896,880d9c36bbfffff
17897,880d9dc169fffff
17898,880d8a0ae9fffff
17899,880d9dc0ebfffff
17900,880d8a49e9fffff
17901,880d9d4035fffff
17902,880d9ca695fffff
17903,880d99bb25fffff
17904,880d9d572bfffff
17905,880d9db369fffff
17906,880d8a4d63fffff
17907,880d99b22dfffff
17908,880d9d30adfffff
17909,880d9d0b09fffff
17910,880d998041fffff
17911,880d830317fffff
17912,880d9d7525fffff
17913,880d8a69cdfffff
17914,880d9c3655fffff
17915,880d9d4ed9fffff
17916,880d9daa83fffff
17917,880d8a7517fffff
17918,880d834e59fffff
17919,880d834cdbfffff
17920,880d9dd4d9fffff
17921,880d8acda5fffff
17922,880d831333fffff
17923,880d99aaadfffff
17924,880d9da8a5fffff
17925,880d98b509fffff
17926,880d8a7931fffff
17927,880d9984b9fffff
17928,880d8a5621fffff
17929,880d9d7949fffff
17930,880d999295fffff
17931,880d9dd615fffff
17932,880d8ac637fffff
17933,880d9dced5fffff
17934,880d8a6cadfffff
17935,880d9d6987fffff
17936,880d9d202dfffff
17937,880d9d6cb3fffff
17938,880d9d165bfffff
17939,880d9dd18dfffff
17940,880d8352c3fffff
17941,880d8346dbfffff
17942,880d9daf4dfffff
17943,880d9db841fffff
17944,880d9982c5fffff
17945,880d836c05fffff
17946,880d9d24e1fffff
17947,880d9d0b23fffff
17948,880d9c3643fffff
17949,880d9ca597fffff
17950,880d8a571dfffff
17951,880d834e69fffff
17952,880d8a542dfffff
17953,880d9d7117fffff
17954,880d831829fffff
17955,880d83cf35fffff
17956,880d9c229dfffff
17957,880d83cd47fffff
17958,880d83c189fffff
17959,880d8a0f69fffff
17960,880d822cedfffff
17961,880d9d3a23fffff
17962,880d8a79e5fffff
17963,880d834ab7fffff
17964,880d9d1847fffff
17965,880d9d5369fffff
17966,880d837835fffff
17967,880d9d7345fffff
17968,880d9d0547fffff
17969,880d9dab69fffff
17970,880d9d2ac5fffff
17971,880d9dcc95fffff
17972,880d9cb4a3fffff
17973,880d8ac0b9fffff
17974,880d9d7609fffff
17975,880d83cc63fffff
17976,880d9dad53fffff
17977,880d9d84c3fffff
17978,880d83129dfffff
17979,880d999035fffff
17980,880d83555dfffff
17981,880d9d11e3fffff
17982,880d9d7735fffff
17983,880d836d59fffff
17984,880d837351fffff
17985,880d9d6d87fffff
17986,880d831325fffff
17987,880d837217fffff
17988,880d836f27fffff
17989,880d9d86a5fffff
17990,880d9d95dbfffff
17991,880d8a4429fffff
17992,880d838817fffff
17993,880d9d6453fffff
17994,880d830327fffff
17995,880d822c19fffff
17996,880d83c081fffff
17997,880d8a50cbfffff
17998,880d9d3093fffff
17999,880d9ca2d1fffff
18000,880d9991cdfffff
18001,880d9d1531fffff
18002,880d99aa01fffff
18003,880d836b27fffff
18004,880d830125fffff
18005,880d9dd63dfffff
18006,880d999645fffff
18007,880d831aedfffff
18008,880d9d2c87fffff
18009,880d9d2847fffff
18010,880d9d45cdfffff
18011,880d9dc2e7fffff
18012,880d99a08bfffff
18013,880d999b31fffff
18014,880d9d42e5fffff
18015,880d9c3527fffff
18016,880d8a79b1fffff
18017,880d9dc8e9fffff
18018,880d9dd611fffff
18019,880d9d088bfffff
18020,880d8a589bfffff
18021,880d9d2865fffff
18022,880ca4d8a7fffff
18023,880d83c01dfffff
18024,880d9d3049fffff
18025,880d834957fffff
18026,880d9da347fffff
18027,880d9d6c8dfffff
18028,880d9d3295fffff
18029,880d9d7925fffff
18030,880d9dc755fffff
18031,880d9d0e61fffff
18032,880d9d65e7fffff
18033,880d999081fffff
18034,880d9dd605fffff
18035,880d836539fffff
18036,880d9db9e7fffff
18037,880d9d0e49fffff
18038,880d9da243fffff
18039,880d9da9bdfffff
18040,880d9d69c7fffff
18041,880d830135fffff
18042,880d98b4e7fffff
18043,880ca4d9e9fffff
18044,880d99d66dfffff
18045,880d9d3607fffff
18046,880d834c4bfffff
18047,880d9d4297fffff
18048,880d9d8715fffff
18049,880ca4da21fffff
18050,880d9d0f33fffff
18051,880d9dbae7fffff
18052,880d8310a3fffff
18053,880d8a8f43fffff
18054,880d9d16d5fffff
18055,880d8ac1bbfffff
18056,880d835955fffff
18057,880d9d89e5fffff
18058,880d8a0c69fffff
18059,880d8a4925fffff
18060,880d9d44ebfffff
18061,880d9d371bfffff
18062,880d9d6f1bfffff
18063,880d9d38d1fffff
18064,880d9d6e11fffff
18065,880d998727fffff
18066,880d99b43bfffff
18067,880d83cd65fffff
18068,880d836d3dfffff
18069,880d837ac5fffff
18070,880d9dce3dfffff
18071,880d9d6747fffff
18072,880d830a0dfffff
18073,880d9dc413fffff
18074,880d9d188bfffff
18075,880d9dc101fffff
18076,880d9d0753fffff
18077,880d9d2451fffff
18078,880d8a4995fffff
18079,880d9db1e9fffff
18080,880d8369bdfffff
18081,880d9d0851fffff
18082,880d9d3635fffff
18083,880d99a907fffff
18084,880d9d8765fffff
18085,880d9cb63bfffff
18086,880d9ca017fffff
18087,880d9dce6dfffff
18088,880d9d6125fffff
18089,880d99bb19fffff
18090,880d9d212dfffff
18091,880d99d6c7fffff
18092,880d9d200bfffff
18093,880d8acc99fffff
18094,880d83520bfffff
18095,880d8301e9fffff
18096,880d83cdbbfffff
18097,880d9dadebfffff
18098,880d993243fffff
18099,880d99af31fffff
18100,880d9dd627fffff
18101,880d9d0183fffff
18102,880d98b419fffff
18103,880d8312d1fffff
18104,880d9d0c87fffff
18105,880d999091fffff
18106,880d8ac5b3fffff
18107,880d9db23dfffff
18108,880d9dcf53fffff
18109,880d9d21ebfffff
18110,880d837817fffff
18111,880d9dcb37fffff
18112,880d9d6281fffff
18113,880d9dd08dfffff
18114,880d83cf3dfffff
18115,880d9d0cebfffff
18116,880d99b6adfffff
18117,880d835a5dfffff
18118,880d8a895bfffff
18119,880d83c431fffff
18120,880d9ca687fffff
18121,880d8344cdfffff
18122,880d998541fffff
18123,880d8a4647fffff
18124,880d9d0723fffff
18125,880d9d7105fffff
18126,880d99b337fffff
18127,880d9d1721fffff
18128,880d9dcda5fffff
18129,880d8350ebfffff
18130,880d99b8e3fffff
18131,880d8acf4dfffff
18132,880d9d692dfffff
18133,880d9d64b3fffff
18134,880d9c240dfffff
18135,880d8a5969fffff
18136,880d836889fffff
18137,880d9dcee9fffff
18138,880ca4d0c7fffff
18139,880d835b59fffff
18140,880d9d1ad7fffff
18141,880d9da167fffff
18142,880d9d1931fffff
18143,880d83c51bfffff
18144,880d9d2f6bfffff
18145,880d8352e3fffff
18146,880d9d7891fffff
18147,880d8acc57fffff
18148,880d8a10abfffff
18149,880d9d0cdbfffff
18150,880d834511fffff
18151,880d838d15fffff
18152,880ca4d961fffff
18153,880d8a7563fffff
18154,880d9da043fffff
18155,880d836e23fffff
18156,880d9d2349fffff
18157,880d8e5b07fffff
18158,880d9d9497fffff
18159,880d9db9c3fffff
18160,880d834817fffff
18161,880d9d5433fffff
18162,880d99965bfffff
18163,880d9ca003fffff
18164,880d8e4b49fffff
18165,880d8350e1fffff
18166,880d834889fffff
18167,880d9d0161fffff
18168,880d8acc8bfffff
18169,880d8a1565fffff
18170,880d9d1a95fffff
18171,880d9d5047fffff
18172,880d9d0e19fffff
18173,880d98b59bfffff
18174,880d9d41d3fffff
18175,880d8a6d45fffff
18176,880d999647fffff
18177,880d8a0a2dfffff
18178,880d9d056dfffff
18179,880d99a4a3fffff
18180,880d9d448bfffff
18181,880d836a07fffff
18182,880d8a029bfffff
18183,880d8a0985fffff
18184,880d9cb0c7fffff
18185,880d835a17fffff
18186,880d83716bfffff
18187,880d8308b5fffff
18188,880d834131fffff
18189,880d837b51fffff
18190,880d83c567fffff
18191,880d9cae59fffff
18192,880d99b263fffff
18193,880d831ad1fffff
18194,880d9ca559fffff
18195,880d8a4297fffff
18196,880d99992dfffff
18197,880d83caebfffff
18198,880d8a09b5fffff
18199,880d99aa41fffff
18200,880d8ac4a9fffff
18201,880d9dc02bfffff
18202,880d9d6b1bfffff
18203,880d8ac5edfffff
18204,880d9daec7fffff
18205,880d9d2111fffff
18206,880d9d0919fffff
18207,880d836da5fffff
18208,880d83018bfffff
18209,880ca4d741fffff
18210,880d9d4db9fffff
18211,880d998733fffff
18212,880d998751fffff
18213,880d9d32d9fffff
18214,880d83c455fffff
18215,880d8a1267fffff
18216,880d9ca291fffff
18217,880d9914c3fffff
18218,880ca4d103fffff
18219,880d83c5c1fffff
18220,880d9da713fffff
18221,880d998531fffff
18222,880d8a1a93fffff
18223,880d836b59fffff
18224,880d9dd813fffff
18225,880d8361b5fffff
18226,880d836a09fffff
18227,880d8a4061fffff
18228,880d9dade1fffff
18229,880d8ac689fffff
18230,880ca4d2d5fffff
18231,880d836f1dfffff
18232,880d9daee1fffff
18233,880d8a1b27fffff
18234,880d9da9a5fffff
18235,880d9d0835fffff
18236,880d831a55fffff
18237,880ca4d68dfffff
18238,880d9d0dbbfffff
18239,880d8a455bfffff
18240,880d8a48c3fffff
18241,880d9ca2abfffff
18242,880d9d14dbfffff
18243,880d9d358bfffff
18244,880d99364bfffff
18245,880d99ae31fffff
18246,880d98b517fffff
18247,880d836aa3fffff
18248,880d9dd635fffff
18249,880d8a508bfffff
18250,880d9d04edfffff
18251,880d830dbdfffff
18252,880d9d6535fffff
18253,880d9d3243fffff
18254,880d9d22e3fffff
18255,880d830c03fffff
18256,880d83c009fffff
18257,880d8a4ab1fffff
18258,880d9d3097fffff
18259,880d830b03fffff
18260,880d8a0a1bfffff
18261,880d83440bfffff
18262,880d9ca451fffff
18263,880d835541fffff
18264,880d8a68bbfffff
18265,880d83c339fffff
18266,880d9da8a3fffff
18267,880d9dc64bfffff
18268,880d9dce85fffff
18269,880d822ca1fffff
18270,880d9d0519fffff
18271,880d9db9d5fffff
18272,880d9d70b5fffff
18273,880d9d0261fffff
18274,880d831037fffff
18275,880d99b283fffff
18276,880d9d6a39fffff
18277,880d8369cbfffff
18278,880d9d11e9fffff
18279,880d9d6da1fffff
18280,880d998f41fffff
18281,880d9cb6c7fffff
18282,880d9d31adfffff
18283,880d9da763fffff
18284,880d831729fffff
18285,880d998891fffff
18286,880d8a45b5fffff
18287,880d8a59c5fffff
18288,880d999ac7fffff
18289,880d8adb0bfffff
18290,880d831091fffff
18291,880d9d041dfffff
18292,880d8a1a87fffff
18293,880d9ca627fffff
18294,880d9d42b5fffff
18295,880d9d2801fffff
18296,880d8a0219fffff
18297,880d9d6ce7fffff
18298,880d8358b5fffff
18299,880d837a09fffff
18300,880d9d156dfffff
18301,880d8a4f15fffff
18302,880d8308edfffff
18303,880d9dc2d5fffff
18304,880d8acf41fffff
18305,880d8a4a97fffff
18306,880d9da561fffff
18307,880d8a1287fffff
18308,880d9d509dfffff
18309,880d998465fffff
18310,880ca4d2ddfffff
18311,880d9da18bfffff
18312,880d8e59ddfffff
18313,880d9dc43bfffff
18314,880d9d9699fffff
18315,880d9d60d5fffff
18316,880d9d2523fffff
18317,880d836987fffff
18318,880d9d7181fffff
18319,880d838f3bfffff
18320,880d9980ddfffff
18321,880d9d3563fffff
18322,880d9dc8d7fffff
18323,880d9d36d1fffff
18324,880d9dc131fffff
18325,880d8e49c3fffff
18326,880d8a4cb7fffff
18327,880d83c025fffff
18328,880d9d6dd3fffff
18329,880d9d74e3fffff
18330,880d830285fffff
18331,880d9982e9fffff
18332,880d8a1167fffff
18333,880d9d3acdfffff
18334,880d8acd0dfffff
18335,880d9caebdfffff
18336,880d999221fffff
18337,880d9ca095fffff
18338,880d9caf1dfffff
18339,880d8a02e3fffff
18340,880d99b0b7fffff
18341,880d9d7a11fffff
18342,880d98b483fffff
18343,880d838987fffff
18344,880d9da841fffff
18345,880d999951fffff
18346,880d835423fffff
18347,880d9d0f51fffff
18348,880d99ba15fffff
18349,880d9d0b5dfffff
18350,880d9d4c41fffff
18351,880d830137fffff
18352,880d9d2697fffff
18353,880d9d3059fffff
18354,880d8ac495fffff
18355,880d9d1a8dfffff
18356,880d834c63fffff
18357,880d9d2755fffff
18358,880d9dd4c3fffff
18359,880d8a5353fffff
18360,880d9cb5adfffff
18361,880d9d1823fffff
18362,880d8378edfffff
18363,880d9d2135fffff
18364,880d9d7ad1fffff
18365,880d9dd4cbfffff
18366,880d999749fffff
18367,880d9d7a89fffff
18368,880d9c205bfffff
18369,880d9d68b3fffff
18370,880d831aebfffff
18371,880d9d1755fffff
18372,880d831a25fffff
18373,880d9d8705fffff
18374,880d834299fffff
18375,880d9d436bfffff
18376,880d8ac521fffff
18377,880d9d3291fffff
18378,880d998141fffff
18379,880d8accadfffff
18380,880d99b09bfffff
18381,880d9d6233fffff
18382,880d9d4545fffff
18383,880d8a5083fffff
18384,880d9d025bfffff
18385,880d830905fffff
18386,880d9d6153fffff
18387,880d99babbfffff
18388,880d83cc4dfffff
18389,880d835707fffff
18390,880d9dc5d7fffff
18391,880d837349fffff
18392,880d8a5361fffff
18393,880d99a031fffff
18394,880d9cb2e9fffff
18395,880d8a50edfffff
18396,880d8a62cdfffff
18397,880d9dca39fffff
18398,880d9d2ce3fffff
18399,880d830f07fffff
18400,880d9d6e55fffff
18401,880d9dc08bfffff
18402,880d99b19bfffff
18403,880d9cad59fffff
18404,880d83cacbfffff
18405,880d9dd45bfffff
18406,880d9dd9edfffff
18407,880d9dacb9fffff
18408,880d8a19cbfffff
18409,880d9d214bfffff
18410,880d8a55ebfffff
18411,880d9dc6c5fffff
18412,880d836993fffff
18413,880d8349ebfffff
18414,880d9d1509fffff
18415,880d999003fffff
18416,880d9c340dfffff
18417,880d9ca55dfffff
18418,880d9d9419fffff
18419,880d99971dfffff
18420,880d9dae8dfffff
18421,880d9cb339fffff
18422,880d8345c1fffff
18423,880d9d6335fffff
18424,880d83c8e7fffff
18425,880d9d2405fffff
18426,880d8a4197fffff
18427,880d9d4e27fffff
18428,880d99832dfffff
18429,880d822ec3fffff
18430,880d9dac11fffff
18431,880d9d7135fffff
18432,880d9986b3fffff
18433,880d99919dfffff
18434,880d8a7263fffff
18435,880d9d75e1fffff
18436,880d9d0f49fffff
18437,880d830dc3fffff
18438,880d9d1b37fffff
18439,880d998c4bfffff
18440,880d9cb431fffff
18441,880d9d2885fffff
18442,880d9dc59bfffff
18443,880d8a4113fffff
18444,880d8a4361fffff
18445,880d834d2bfffff
18446,880d9d72b3fffff
18447,880d99b1d3fffff
18448,880d8a5251fffff
18449,880d8a681dfffff
18450,880d9d8745fffff
18451,880d9caca3fffff
18452,880d9d731bfffff
18453,880d8ad945fffff
18454,880d9dce21fffff
18455,880d838839fffff
18456,880d9d3ac5fffff
18457,880d834e47fffff
18458,880d9d609dfffff
18459,880d9995c3fffff
18460,880d9caeb5fffff
18461,880d998c43fffff
18462,880d9c9693fffff
18463,880d9d726bfffff
18464,880d9d6545fffff
18465,880d8ac753fffff
18466,880d838f09fffff
18467,880d9cb757fffff
18468,880d835a29fffff
18469,880d9d445bfffff
18470,880ca4db09fffff
18471,880d8a5247fffff
18472,880d99834dfffff
18473,880d8311ddfffff
18474,880d83126dfffff
18475,880d837215fffff
18476,880d99ae23fffff
18477,880d9d08c3fffff
18478,880d9dce1dfffff
18479,880d8378c9fffff
18480,880d9d764bfffff
18481,880d9d1a23fffff
18482,880d9d052bfffff
18483,880d9d3197fffff
18484,880d9d7aabfffff
18485,880d9daaa9fffff
18486,880ca4d923fffff
18487,880d837853fffff
18488,880d9da461fffff
18489,880d9d2e51fffff
18490,880d9c24c3fffff
18491,880d9dc159fffff
18492,880d9d5015fffff
18493,880d9d0185fffff
18494,880d9d2e8bfffff
18495,880d8a5107fffff
18496,880d9d2e23fffff
18497,880d9d4c35fffff
18498,880d99d6ddfffff
18499,880d99848bfffff
18500,880d838f4dfffff
18501,880d8319d5fffff
18502,880d9ca2c9fffff
18503,880d8a0b01fffff
18504,880d8a70b3fffff
18505,880d8a0335fffff
18506,880d8ac19dfffff
18507,880d9d6057fffff
18508,880d9d2ce9fffff
18509,880d8a70d7fffff
18510,880d8a0d41fffff
18511,880d8a072dfffff
18512,880d8a55e9fffff
18513,880d9d3307fffff
18514,880d9c366bfffff
18515,880d8368e5fffff
18516,880d9d201dfffff
18517,880d9dc927fffff
18518,880d9d4429fffff
18519,880d83c08bfffff
18520,880d99164bfffff
18521,880d83cc69fffff
18522,880d836027fffff
18523,880d9d4637fffff
18524,880d99d069fffff
18525,880d9ca5c7fffff
18526,880d836821fffff
18527,880d9d7335fffff
18528,880d8e59c3fffff
18529,880d9d0409fffff
18530,880d831357fffff
18531,880d9d11b7fffff
18532,880d8a402bfffff
18533,880ca4d845fffff
18534,880d9d5237fffff
18535,880d83c5d9fffff
18536,880d8a4225fffff
18537,880d9ddadbfffff
18538,880d8a4a39fffff
18539,880d9d3661fffff
18540,880d8a8ae7fffff
18541,880d9da56dfffff
18542,880d9dc563fffff
18543,880d9dc197fffff
18544,880d9dc227fffff
18545,880d9d0985fffff
18546,880d9dc35bfffff
18547,880d9d4ea7fffff
18548,880d83c8ebfffff
18549,880d999683fffff
18550,880d83c995fffff
18551,880d8356d5fffff
18552,880d99d337fffff
18553,880d837041fffff
18554,880d99a35bfffff
18555,880d9cb4a7fffff
18556,880d830005fffff
18557,880d836837fffff
18558,880d836869fffff
18559,880d834c03fffff
18560,880d9daa09fffff
18561,880d8a6187fffff
18562,880d830b31fffff
18563,880d99b10dfffff
18564,880d9da1a5fffff
18565,880d9cb561fffff
18566,880d9c261bfffff
18567,880d8a69cbfffff
18568,880d99840bfffff
18569,880d8a18e7fffff
18570,880d998183fffff
18571,880d835065fffff
18572,880d838f47fffff
18573,880d8361d5fffff
18574,880d998a1dfffff
18575,880d998a29fffff
18576,880d9d5525fffff
18577,880d9dd643fffff
18578,880d9d61bbfffff
18579,880d8a81d1fffff
18580,880d99ae29fffff
18581,880d8a8b63fffff
18582,880d837a25fffff
18583,880d8ace13fffff
18584,880d9d42a7fffff
18585,880d999a67fffff
18586,880d8a81a7fffff
18587,880d9d2831fffff
18588,880d9d6131fffff
18589,880d99ace1fffff
18590,880d9d0e5dfffff
18591,880d9dacebfffff
18592,880d9d05dbfffff
18593,880d9dd72dfffff
18594,880d9da8ddfffff
18595,880d8a09c7fffff
18596,880d9d6a5bfffff
18597,880d835519fffff
18598,880d9d7601fffff
18599,880d9d0407fffff
18600,880d836a45fffff
18601,880d8a70b1fffff
18602,880d9dc94dfffff
18603,880d9995c5fffff
18604,880d99b4b3fffff
18605,880d9d2c0bfffff
18606,880d830819fffff
18607,880d9d1411fffff
18608,880d9d0abdfffff
18609,880d9d2b33fffff
18610,880d8a1319fffff
18611,880d8ace41fffff
18612,880d8ac643fffff
18613,880d9d6a03fffff
18614,880d9d2017fffff
18615,880d8a8881fffff
18616,880d999423fffff
18617,880d9cadebfffff
18618,880d9d6f37fffff
18619,880d8a7829fffff
18620,880d830aa1fffff
18621,880d8a5947fffff
18622,880d83c6b5fffff
18623,880d8358c9fffff
18624,880d8a532dfffff
18625,880d8a5519fffff
18626,880d9d5751fffff
18627,880d835439fffff
18628,880d9dab61fffff
18629,880d9d2ed5fffff
18630,880d8a4e49fffff
18631,880d9dc489fffff
18632,880d998b11fffff
18633,880d836e05fffff
18634,880d837341fffff
18635,880d831069fffff
18636,880d9dd889fffff
18637,880d99b63bfffff
18638,880d99a9cdfffff
18639,880d9d10a3fffff
18640,880d998735fffff
18641,880d8a4727fffff
18642,880d9dce91fffff
18643,880ca4d28dfffff
18644,880d9ca46dfffff
18645,880d834d5bfffff
18646,880d9980e3fffff
18647,880d8319edfffff
18648,880d9d0f53fffff
18649,880d9c35ddfffff
18650,880d8a00d7fffff
18651,880d9d84a9fffff
18652,880d99b41dfffff
18653,880d99a2b3fffff
18654,880d8a0a93fffff
18655,880d9dc107fffff
18656,880d8a4a15fffff
18657,880d8a69e5fffff
18658,880d9db533fffff
18659,880d9ca64bfffff
18660,880d9daf45fffff
18661,880d99b49dfffff
18662,880d9ca1c3fffff
18663,880d8a708bfffff
18664,880d9d7b63fffff
18665,880d831ad5fffff
18666,880ca4d141fffff
18667,880d9d053dfffff
18668,880d9dd93dfffff
18669,880d8a56b1fffff
18670,880d9c32d5fffff
18671,880d8ac5a3fffff
18672,880d9dc425fffff
18673,880d9da70dfffff
18674,880d9d2e4bfffff
18675,880d9d71d1fffff
18676,880d8e5943fffff
18677,880d9985e9fffff
18678,880d8a49b9fffff
18679,880d9986cbfffff
18680,880d83ceddfffff
18681,880d9d4dd7fffff
18682,880d83cad5fffff
18683,880d9d96abfffff
18684,880d8a5b4bfffff
18685,880d9d674dfffff
18686,880d9c86cbfffff
18687,880d9dc669fffff
18688,880d999085fffff
18689,880d8ac46dfffff
18690,880d9dc115fffff
18691,880d9dac8bfffff
18692,880d8a1b31fffff
18693,880d830dedfffff
18694,880d99bb6bfffff
18695,880ca4d643fffff
18696,880d9d7a91fffff
18697,880d8ad5b1fffff
18698,880d9d3633fffff
18699,880d837ab7fffff
18700,880d9d722dfffff
18701,880d99b711fffff
18702,880d99b99bfffff
18703,880d837897fffff
18704,880d8a102bfffff
18705,880d9d720dfffff
18706,880d99b0b9fffff
18707,880d8ad4bbfffff
18708,880d83c453fffff
18709,880d9dc2d7fffff
18710,880d9d6a8dfffff
18711,880d99d26bfffff
18712,880d8a8a39fffff
18713,880d83cf0dfffff
18714,880d9c8699fffff
18715,880d9c3097fffff
18716,880d9d8941fffff
18717,880d8a4b5bfffff
18718,880d9db155fffff
18719,880d834d9dfffff
18720,880d8341bbfffff
18721,880d834097fffff
18722,880d99a1b7fffff
18723,880d8a41d7fffff
18724,880d837225fffff
18725,880d834f17fffff
18726,880d9dc1c5fffff
18727,880d834b65fffff
18728,880d9d1a87fffff
18729,880d9c22dbfffff
18730,880d9d7b07fffff
18731,880d8a5983fffff
18732,880d9dcec7fffff
18733,880d835945fffff
18734,880d834129fffff
18735,880d8a11b3fffff
18736,880d99b165fffff
18737,880d9d18bdfffff
18738,880d9dd089fffff
18739,880d99b1cdfffff
18740,880d99b1bdfffff
18741,880d8a8951fffff
18742,880d831aa5fffff
18743,880d9d6ee3fffff
18744,880d9d3921fffff
18745,880d9d26edfffff
18746,880d9dba13fffff
18747,880d9c3525fffff
18748,880d8a4de3fffff
18749,880d8a1a67fffff
18750,880d9dd6a9fffff
18751,880d9cb0cbfffff
18752,880d9d3a2dfffff
18753,880d8a5633fffff
18754,880d8a7919fffff
18755,880d9d2243fffff
18756,880d834ae5fffff
18757,880d9d4223fffff
18758,880d9d7215fffff
18759,880d9d60c1fffff
18760,880d836825fffff
18761,880d8a4809fffff
18762,880d9ca529fffff
18763,880d99984bfffff
18764,880d9da1adfffff
18765,880d9d0945fffff
18766,880d9d4517fffff
18767,880d9d224dfffff
18768,880d838a9dfffff
18769,880d99826bfffff
18770,880d8ac9b5fffff
18771,880d99a751fffff
18772,880d83700bfffff
18773,880d8a6b67fffff
18774,880d83598bfffff
18775,880d8a411bfffff
18776,880d834b15fffff
18777,880d836a97fffff
18778,880d9d66c9fffff
18779,880d8ac69dfffff
18780,880d8a5649fffff
18781,880d9dce69fffff
18782,880d836a47fffff
18783,880d83c6dbfffff
18784,880d998e97fffff
18785,880d993249fffff
18786,880d9d4d8bfffff
18787,880d9916a1fffff
18788,880d830161fffff
18789,880d9cb521fffff
18790,880d9c2255fffff
18791,880d9d64a9fffff
18792,880d8a1229fffff
18793,880d8a492dfffff
18794,880d8a698dfffff
18795,880d9dadcdfffff
18796,880d8acc01fffff
18797,880d9d6607fffff
18798,880d9dd56bfffff
18799,880d9d2a37fffff
18800,880d99b531fffff
18801,880d9dd499fffff
18802,880d9c8641fffff
18803,880d99812dfffff
18804,880d837b1dfffff
18805,880d9c22d9fffff
18806,880d9d7459fffff
18807,880d8351e3fffff
18808,880d9da2bbfffff
18809,880d9cb40bfffff
18810,880d8a5033fffff
18811,880d99b9a3fffff
18812,880d8a1243fffff
18813,880d8a620dfffff
18814,880d99992bfffff
18815,880d831085fffff
18816,880d99365dfffff
18817,880d8e5989fffff
18818,880d9ddb07fffff
18819,880d831ac3fffff
18820,880d9ca739fffff
18821,880d835a21fffff
18822,880d8a504bfffff
18823,880d9d18dbfffff
18824,880ca4d755fffff
18825,880d9d76a7fffff
18826,880d8a75d3fffff
18827,880d999aabfffff
18828,880d9d6a17fffff
18829,880d9c9485fffff
18830,880d9dc657fffff
18831,880d9d7245fffff
18832,880d9d4011fffff
18833,880d8389e5fffff
18834,880d9dd92dfffff
18835,880d99973dfffff
18836,880d8a421bfffff
18837,880d9da739fffff
18838,880d9dc5c1fffff
18839,880d83572bfffff
18840,880d9ca011fffff
18841,880d9990cbfffff
18842,880d8a1001fffff
18843,880d9d31b9fffff
18844,880d9d6cc5fffff
18845,880d834023fffff
18846,880d8a5509fffff
18847,880d9d3333fffff
18848,880d99a8c7fffff
18849,880d9d4183fffff
18850,880d9cac01fffff
18851,880d9d7737fffff
18852,880d8a7925fffff
18853,880d831839fffff
18854,880d9dcb17fffff
18855,880d837963fffff
18856,880d998aa1fffff
18857,880d9d0d49fffff
18858,880d9d7163fffff
18859,880d9dce89fffff
18860,880d8354d3fffff
18861,880d9d894bfffff
18862,880d8a7241fffff
18863,880d83774dfffff
18864,880d9d6939fffff
18865,880d9d3857fffff
18866,880d8a090dfffff
18867,880d9d1ad1fffff
18868,880d9d860bfffff
18869,880d9d393bfffff
18870,880d9d5151fffff
18871,880d9dc485fffff
18872,880d83551bfffff
18873,880d8301a9fffff
18874,880d9d5009fffff
18875,880d9da0e9fffff
18876,880d9c86c7fffff
18877,880d9d25b9fffff
18878,880d9c3759fffff
18879,880ca4da97fffff
18880,880d835967fffff
18881,880d9d6dd9fffff
18882,880d9daecbfffff
18883,880d9db893fffff
18884,880d9d05a9fffff
18885,880d998345fffff
18886,880d9d86c5fffff
18887,880d838c39fffff
18888,880d9d2d41fffff
18889,880d836d33fffff
18890,880d99926bfffff
18891,880d9d869bfffff
18892,880d83c4c7fffff
18893,880d9dc75dfffff
18894,880d834c9bfffff
18895,880d9da8c9fffff
18896,880d9d3847fffff
18897,880d830925fffff
18898,880d9d29e9fffff
18899,880d8a1925fffff
18900,880d99a5d5fffff
18901,880d9c345dfffff
18902,880d9d1197fffff
18903,880d9d4da7fffff
18904,880d9d6503fffff
18905,880d8302c9fffff
18906,880d9d5443fffff
18907,880d8341b3fffff
18908,880d8a1b15fffff
18909,880d83ced3fffff
18910,880d998143fffff
18911,880d99a185fffff
18912,880d9dd357fffff
18913,880d9d475dfffff
18914,880d8a12c9fffff
18915,880d9980d1fffff
18916,880d9d0987fffff
18917,880d836d2dfffff
18918,880d9d4eb3fffff
18919,880d9d749bfffff
18920,880d9da26bfffff
18921,880d9d66c7fffff
18922,880d83cf15fffff
18923,880d8a41c3fffff
18924,880d99951dfffff
18925,880d9d719dfffff
18926,880d9d501dfffff
18927,880d9cb5c9fffff
18928,880d9dd75dfffff
18929,880d9d96e7fffff
18930,880d9dc9d9fffff
18931,880d836549fffff
18932,880d830c4bfffff
18933,880d8301b7fffff
18934,880d831013fffff
18935,880d9d4c83fffff
18936,880d9dc4c1fffff
18937,880d9c36dbfffff
18938,880d9d66e9fffff
18939,880d835a4bfffff
18940,880d99901dfffff
18941,880d9dce41fffff
18942,880d9dd0b1fffff
18943,880d8a89c1fffff
18944,880d8a51d3fffff
18945,880d9d5737fffff
18946,880d8319b1fffff
18947,880d9d006dfffff
18948,880d9d2059fffff
18949,880d9d15c1fffff
18950,880d836addfffff
18951,880d999b03fffff
18952,880d8a5085fffff
18953,880d9d31ddfffff
18954,880d99b155fffff
18955,880d9d52edfffff
18956,880d9d1025fffff
18957,880d99ad61fffff
18958,880d9986ddfffff
18959,880d9d4c1dfffff
18960,880d9d7111fffff
18961,880d8ac8d3fffff
18962,880d834dd7fffff
18963,880d830259fffff
18964,880d8361bdfffff
18965,880d9d2d39fffff
18966,880d9d44c3fffff
18967,880d8312e7fffff
18968,880d9dad21fffff
18969,880d9cb197fffff
18970,880d8a0e2bfffff
18971,880d838d3dfffff
18972,880d99a895fffff
18973,880d998c3dfffff
18974,880d9d3043fffff
18975,880d8e4901fffff
18976,880d8a0e49fffff
18977,880d822c6dfffff
18978,880d837aa7fffff
18979,880d9d2dc9fffff
18980,880d9d3a67fffff
18981,880d8a4f13fffff
18982,880d9d7295fffff
18983,880d831237fffff
18984,880d8a0841fffff
18985,880d8ac659fffff
18986,880d99944dfffff
18987,880d9d6a41fffff
18988,880d830f09fffff
18989,880d9c3443fffff
18990,880d83482bfffff
18991,880d98b665fffff
18992,880d9d74e5fffff
18993,880d8a4709fffff
18994,880d98b721fffff
18995,880d831707fffff
18996,880d838d2bfffff
18997,880d9d2335fffff
18998,880ca4d9b9fffff
18999,880d9c3667fffff
19000,880d8a02e5fffff
19001,880d8ac719fffff
19002,880d9d2423fffff
19003,880d9d28b1fffff
19004,880d83cf5bfffff
19005,880d9dc737fffff
19006,880d8a55dbfffff
19007,880d830165fffff
19008,880d9cace7fffff
19009,880d9ca50dfffff
19010,880ca4d707fffff
19011,880d99b937fffff
19012,880d8a4353fffff
19013,880d8e49c1fffff
19014,880d8a02cdfffff
19015,880d9d5489fffff
19016,880d9d1195fffff
19017,880d9d3761fffff
19018,880d9d3183fffff
19019,880d8a7419fffff
19020,880d9d0ee7fffff
19021,880d8a1949fffff
19022,880d9d2453fffff
19023,880d9ca5b9fffff
19024,880d8a6195fffff
19025,880d9dd957fffff
19026,880d83503bfffff
19027,880d8a58d7fffff
19028,880d83c1a5fffff
19029,880d8a8b3bfffff
19030,880d8a40dbfffff
19031,880d8369bbfffff
19032,880d9da76dfffff
19033,880d830ad7fffff
19034,880d998857fffff
19035,880d8344adfffff
19036,880d8acec5fffff
19037,880d99a313fffff
19038,880d83429bfffff
19039,880d8a56a7fffff
19040,880d99b543fffff
19041,880d830e69fffff
19042,880d9d2dcbfffff
19043,880d99a1d3fffff
19044,880d998f5bfffff
19045,880d9d5549fffff
19046,880d99ba8dfffff
19047,880d9d1697fffff
19048,880d9dd669fffff
19049,880d9d3631fffff
19050,880d9cb733fffff
19051,880d98a647fffff
19052,880d837143fffff
19053,880d9dc465fffff
19054,880d9daaa3fffff
19055,880d9d5643fffff
19056,880d8ac629fffff
19057,880d9d36d9fffff
19058,880d9d0735fffff
19059,880d9dd859fffff
19060,880d9ca427fffff
19061,880d8a1a99fffff
19062,880d9dd031fffff
19063,880d8a682bfffff
19064,880d9d382dfffff
19065,880d831233fffff
19066,880d998ae1fffff
19067,880d8a48a3fffff
19068,880d831b07fffff
19069,880d8a46b5fffff
19070,880d834ddbfffff
19071,880d8ad9e1fffff
19072,880d9dae39fffff
19073,880d83531dfffff
19074,880d9d7341fffff
19075,880d9d9581fffff
19076,880d9d2489fffff
19077,880d836cabfffff
19078,880d9d603dfffff
19079,880d9db061fffff
19080,880d837addfffff
19081,880d8a6201fffff
19082,880d8348e5fffff
19083,880d99a2e3fffff
19084,880d99933bfffff
19085,880d9d2f27fffff
19086,880d9dcc13fffff
19087,880d8a4f0dfffff
19088,880d9dadd5fffff
19089,880d9d5337fffff
19090,880d8e59a3fffff
19091,880d9991c9fffff
19092,880d9cadabfffff
19093,880d9dd00bfffff
19094,880d8a5081fffff
19095,880d9dac43fffff
19096,880d9d18e3fffff
19097,880d83ce0bfffff
19098,880d99d697fffff
19099,880d9cb71dfffff
19100,880d8354cdfffff
19101,880d99a149fffff
19102,880d9d675dfffff
19103,880d9d8c93fffff
19104,880d822dcbfffff
19105,880d8a01b9fffff
19106,880d8ac2b7fffff
19107,880d99b5c3fffff
19108,880d83570bfffff
19109,880d9dcca5fffff
19110,880d83460dfffff
19111,880d99ab4dfffff
19112,880d9dda39fffff
19113,880d8a0f5dfffff
19114,880d83c1cdfffff
19115,880d9d4e8bfffff
19116,880d8ac0d3fffff
19117,880d99acb3fffff
19118,880ca4d71dfffff
19119,880d9d54e7fffff
19120,880d9d96a9fffff
19121,880d9c270bfffff
19122,880d8a0221fffff
19123,880d9db09dfffff
19124,880d9ca56dfffff
19125,880d9da721fffff
19126,880d9d1103fffff
19127,880d8a6205fffff
19128,880d836119fffff
19129,880d9dccd9fffff
19130,880d9d7a05fffff
19131,880d8a1957fffff
19132,880d8a0357fffff
19133,880d8a8863fffff
19134,880d8a5aebfffff
19135,880d8a4731fffff
19136,880d9dc9edfffff
19137,880d9c34e7fffff
19138,880d9dccedfffff
19139,880d9c94e1fffff
19140,880d9cb439fffff
19141,880d9d1ae7fffff
19142,880d830189fffff
19143,880d999757fffff
19144,880d9c2457fffff
19145,880d83733bfffff
19146,880d8356ebfffff
19147,880d9d30e7fffff
19148,880d9d62bbfffff
19149,880d8a89c5fffff
19150,880d8e4961fffff
19151,880d830f5dfffff
19152,880d837b5bfffff
19153,880d99a911fffff
19154,880d998011fffff
19155,880d83cac5fffff
19156,880d83c52bfffff
19157,880d9d2e53fffff
19158,880d8a8d61fffff
19159,880d9d6f17fffff
19160,880d9d4cc5fffff
19161,880d8a560bfffff
19162,880d9dc059fffff
19163,880d822c1bfffff
19164,880d83420bfffff
19165,880d9c22a3fffff
19166,880d9d30d3fffff
19167,880d9d32a5fffff
19168,880d9cb0e7fffff
19169,880d9988ddfffff
19170,880d9d000dfffff
19171,880d9d2d15fffff
19172,880d9ca4a3fffff
19173,880d9985cbfffff
19174,880d9d02b7fffff
19175,880d9d2b0bfffff
19176,880d8a8f3dfffff
19177,880d98b2b3fffff
19178,880d835663fffff
19179,880d9da091fffff
19180,880d9d25c5fffff
19181,880d8acd99fffff
19182,880d99b255fffff
19183,880d9d035dfffff
19184,880d8a5933fffff
19185,880d8a0767fffff
19186,880d9d0e13fffff
19187,880d8a5747fffff
19188,880d98b65dfffff
19189,880d836091fffff
19190,880d998de9fffff
19191,880d9dd28bfffff
19192,880d836c41fffff
19193,880d8a7953fffff
19194,880d8a8f63fffff
19195,880d9d40edfffff
19196,880d9dad67fffff
19197,880d8a4dc5fffff
19198,880d9ca6edfffff
19199,880d8a41a9fffff
19200,880d9d549bfffff
19201,880d9981a1fffff
19202,880d9d29a9fffff
19203,880d9d9689fffff
19204,880d9dc491fffff
19205,880d998ec1fffff
19206,880d9981d5fffff
19207,880d9c349dfffff
19208,880d99d6d1fffff
19209,880d9d39a1fffff
19210,880d9daa47fffff
19211,880d9d36cdfffff
19212,880d83598dfffff
19213,880d9d6d49fffff
19214,880d9d09ddfffff
19215,880d9994c3fffff
19216,880d9dd15dfffff
19217,880d9d6a13fffff
19218,880d8a5815fffff
19219,880d8ac53bfffff
19220,880d9dc655fffff
19221,880d8a0243fffff
19222,880d8a4f6dfffff
19223,880d8a88a3fffff
19224,880d9d8757fffff
19225,880d99b249fffff
19226,880d9d7119fffff
19227,880d9d38a5fffff
19228,880d8a48c7fffff
19229,880d99955dfffff
19230,880d9da42dfffff
19231,880d9d2dc5fffff
19232,880d8a02abfffff
19233,880d9dca21fffff
19234,880d9c9603fffff
19235,880d9daeedfffff
19236,880d834a61fffff
19237,880d8ac1d9fffff
19238,880d8ac43bfffff
19239,880d9c9583fffff
19240,880d998441fffff
19241,880d8ac431fffff
19242,880d9d6925fffff
19243,880d8a6a91fffff
19244,880d822c8bfffff
19245,880d838ae1fffff
19246,880d9d8909fffff
19247,880d9c34e5fffff
19248,880d9d28bbfffff
19249,880d998431fffff
19250,880d8359e9fffff
19251,880d99d211fffff
19252,880d83182dfffff
19253,880d98b737fffff
19254,880d9d1161fffff
19255,880d9d2b57fffff
19256,880d999701fffff
19257,880d9d576bfffff
19258,880d9ddb43fffff
19259,880d9da749fffff
19260,880d8a554bfffff
19261,880d9da0b9fffff
19262,880d9d4ecdfffff
19263,880d9cb507fffff
19264,880d9d00e5fffff
19265,880d9d965bfffff
19266,880d8a7a1dfffff
19267,880d9d6367fffff
19268,880d9d46c5fffff
19269,880d9d5301fffff
19270,880d9db367fffff
19271,880d822ea7fffff
19272,880d9d2e39fffff
19273,880d8a52b5fffff
19274,880d99835bfffff
19275,880d834dbdfffff
19276,880d9d6e29fffff
19277,880d998dcdfffff
19278,880d9d6dc7fffff
19279,880d9cb04bfffff
19280,880d8355cbfffff
19281,880d9d72cdfffff
19282,880d998593fffff
19283,880d9d689bfffff
19284,880d999755fffff
19285,880d8a59c7fffff
19286,880d99a6ddfffff
19287,880ca4da9bfffff
19288,880d9d2d8dfffff
19289,880d9d456dfffff
19290,880d9d222dfffff
19291,880d834947fffff
19292,880d9980c5fffff
19293,880d9d7933fffff
19294,880d9d76b3fffff
19295,880d9dd237fffff
19296,880d999821fffff
19297,880d9ca26bfffff
19298,880d9db01bfffff
19299,880d8a4b6bfffff
19300,880d83030dfffff
19301,880d9dcb05fffff
19302,880d9c3695fffff
19303,880d9dda8dfffff
19304,880d9ca66bfffff
19305,880d9dcde5fffff
19306,880d9d22edfffff
19307,880d9dd091fffff
19308,880d998eb1fffff
19309,880d9981e1fffff
19310,880d8a0a5bfffff
19311,880d834de5fffff
19312,880d831807fffff
19313,880d835a0dfffff
19314,880d999057fffff
19315,880d9d7467fffff
19316,880d8adb07fffff
19317,880d8a726bfffff
19318,880d9d672dfffff
19319,880d9d5739fffff
19320,880d8a11d5fffff
19321,880d9d3165fffff
19322,880d9d6dc5fffff
19323,880d9d4d8dfffff
19324,880d9d05e1fffff
19325,880d9d2e41fffff
19326,880d9d3a33fffff
19327,880d99b427fffff
19328,880d8a70bdfffff
19329,880d9da925fffff
19330,880d99a463fffff
19331,880d8a19adfffff
19332,880d9d2ae3fffff
19333,880d9db0edfffff
19334,880d9d0543fffff
19335,880d831165fffff
19336,880d9d20a5fffff
19337,880d9d343dfffff
19338,880d9d5355fffff
19339,880d99aca1fffff
19340,880d9ca433fffff
19341,880d8e59e9fffff
19342,880d993253fffff
19343,880d8ac49bfffff
19344,880d8312e1fffff
19345,880d9d0b11fffff
19346,880d9d08b3fffff
19347,880d8a6c67fffff
19348,880d8ac54bfffff
19349,880d8371e3fffff
19350,880d8a502bfffff
19351,880d838da7fffff
19352,880d9d7ab7fffff
19353,880d834a35fffff
19354,880d9d2745fffff
19355,880d9d9619fffff
19356,880d83cf6dfffff
19357,880d9ca4cbfffff
19358,880d9dce13fffff
19359,880d8a1933fffff
19360,880d8372ddfffff
19361,880d830253fffff
19362,880d9d4413fffff
19363,880d9da81dfffff
19364,880d83c539fffff
19365,880d9dc1bdfffff
19366,880d9d4207fffff
19367,880d8a0e65fffff
19368,880d8342ddfffff
19369,880d8a02e9fffff
19370,880d8a629dfffff
19371,880d9dc6abfffff
19372,880d9d624bfffff
19373,880d9d213dfffff
19374,880d99b367fffff
19375,880d8a88bdfffff
19376,880d830929fffff
19377,880d9da90dfffff
19378,880d9d0147fffff
19379,880d8345bbfffff
19380,880d9da765fffff
19381,880d8a486bfffff
19382,880d83c5a7fffff
19383,880d9d3519fffff
19384,880d8308e9fffff
19385,880d838e3dfffff
19386,880d83101bfffff
19387,880d9d7203fffff
19388,880d9daae9fffff
19389,880d8e4b3dfffff
19390,880d830353fffff
19391,880d9dd5a9fffff
19392,880d9d68abfffff
19393,880d8a5891fffff
19394,880d837919fffff
19395,880d836db3fffff
19396,880d9d721bfffff
19397,880d8a0885fffff
19398,880d831221fffff
19399,880d99a5cbfffff
19400,880d9d96c3fffff
19401,880d9d7583fffff
19402,880d9d11d5fffff
19403,880d9d0a97fffff
19404,880d9ca413fffff
19405,880d9d7ac1fffff
19406,880d9d4e83fffff
19407,880d8a091bfffff
19408,880d9c2403fffff
19409,880d9d64d5fffff
19410,880d8a8d47fffff
19411,880d9d0195fffff
19412,880d9cae41fffff
19413,880d9db317fffff
19414,880d9dc61bfffff
19415,880d9dc1cdfffff
19416,880d8a550bfffff
19417,880d8a454bfffff
19418,880d8369d5fffff
19419,880d9d56d9fffff
19420,880d83c563fffff
19421,880d9d4e81fffff
19422,880d8a62ddfffff
19423,880d9d70b7fffff
19424,880d9c22c7fffff
19425,880d9d06c1fffff
19426,880d9d6259fffff
19427,880d9dd533fffff
19428,880d830e61fffff
19429,880d830237fffff
19430,880d9d2483fffff
19431,880d8356b3fffff
19432,880d9d0365fffff
19433,880d830a2bfffff
19434,880d8a4a29fffff
19435,880d9cadb9fffff
19436,880d831903fffff
19437,880d836d07fffff
19438,880d9dc2bdfffff
19439,880d83c8c3fffff
19440,880d99ba6dfffff
19441,880d822e87fffff
19442,880d8379cbfffff
19443,880d8371e1fffff
19444,880ca4d831fffff
19445,880d836565fffff
19446,880d99b4abfffff
19447,880d830a8bfffff
19448,880d8e4991fffff
19449,880d9d65cdfffff
19450,880d99836dfffff
19451,880d9d06ebfffff
19452,880d9d450bfffff
19453,880d998e09fffff
19454,880d8a5801fffff
19455,880d9cb669fffff
19456,880d9dc141fffff
19457,880d83c1bdfffff
19458,880d9d76c3fffff
19459,880d8a1b43fffff
19460,880d99873bfffff
19461,880d8a69b3fffff
19462,880d8e4b23fffff
19463,880d9ca55bfffff
19464,880d98b4a1fffff
19465,880d834d87fffff
19466,880d8a6047fffff
19467,880d9d3ab3fffff
19468,880d9dd545fffff
19469,880d9dd54dfffff
19470,880d83885bfffff
19471,880d9d71d7fffff
19472,880d9c2747fffff
19473,880d8acf1dfffff
19474,880d837a01fffff
19475,880d9ca517fffff
19476,880d9d6197fffff
19477,880d9c223dfffff
19478,880d9dc93dfffff
19479,880d8378d7fffff
19480,880d9d6c91fffff
19481,880d99b33dfffff
19482,880d9d6235fffff
19483,880d99bb0bfffff
19484,880d834a81fffff
19485,880d9d7865fffff
19486,880d8a460dfffff
19487,880d9d445dfffff
19488,880d9d6a1dfffff
19489,880d8a45b1fffff
19490,880d9c3487fffff
19491,880d8a8813fffff
19492,880d9d7193fffff
19493,880d838da5fffff
19494,880d9d0f5dfffff
19495,880d8a19e5fffff
19496,880d998511fffff
19497,880d9d2ca9fffff
19498,880d9cb6a9fffff
19499,880d8311d7fffff
19500,880d9dc0bdfffff
19501,880d9d31d3fffff
19502,880d9da24dfffff
19503,880d98b6a5fffff
19504,880d99bb0dfffff
19505,880d98b5e9fffff
19506,880d998d89fffff
19507,880d99a83dfffff
19508,880ca4d8e3fffff
19509,880d8a004dfffff
19510,880d8361a5fffff
19511,880d836095fffff
19512,880d998b03fffff
19513,880d999025fffff
19514,880ca4d943fffff
19515,880d9d4187fffff
19516,880d99a46dfffff
19517,880d9d2ad1fffff
19518,880d8ac0dbfffff
19519,880d99b5adfffff
19520,880d834067fffff
19521,880d8a44d7fffff
19522,880d9d60ddfffff
19523,880d9d0c15fffff
19524,880d9d450dfffff
19525,880d99a845fffff
19526,880d9991e5fffff
19527,880ca4d9c1fffff
19528,880d830997fffff
19529,880d9d0743fffff
19530,880d9dd21dfffff
19531,880d834a21fffff
19532,880d9d8903fffff
19533,880d837987fffff
19534,880d9d46a1fffff
19535,880d835201fffff
19536,880d8a1261fffff
19537,880d8a7a85fffff
19538,880d836861fffff
19539,880d9dd0b7fffff
19540,880d9d782bfffff
19541,880d83723dfffff
19542,880d9994a1fffff
19543,880d999553fffff
19544,880d9c2711fffff
19545,880d834565fffff
19546,880d9dd68dfffff
19547,880d99a043fffff
19548,880d9dd4d7fffff
19549,880d9d463dfffff
19550,880d9990ebfffff
19551,880d9ddb49fffff
19552,880d9cae1bfffff
19553,880d8ac5bbfffff
19554,880ca4db0bfffff
19555,880d9d18d3fffff
19556,880d9d2105fffff
19557,880d98b649fffff
19558,880d8a720bfffff
19559,880d99a0d7fffff
19560,880d83602dfffff
19561,880d83084dfffff
19562,880d8a0089fffff
19563,880d99aed7fffff
19564,880d9d62bdfffff
19565,880d99a839fffff
19566,880d8a126bfffff
19567,880d9c2215fffff
19568,880d993251fffff
19569,880d9c2235fffff
19570,880d8a4905fffff
19571,880d9d7087fffff
19572,880d9dcdc3fffff
19573,880d8a88c5fffff
19574,880d9ca419fffff
19575,880d822ce9fffff
19576,880d99d31dfffff
19577,880d9d6231fffff
19578,880d9dba53fffff
19579,880d9cb409fffff
19580,880d9dce95fffff
19581,880d8a4489fffff
19582,880d9d3b1bfffff
19583,880d9d216dfffff
19584,880d8351adfffff
19585,880d8acf61fffff
19586,880d836f33fffff
19587,880d8ac439fffff
19588,880d9d14c3fffff
19589,880d831257fffff
19590,880d99aa3bfffff
19591,880d8a7321fffff
19592,880d9dbab9fffff
19593,880d99b221fffff
19594,880d8a0ae3fffff
19595,880d8a4a0dfffff
19596,880d9d661bfffff
19597,880d8a8ab9fffff
19598,880d9d61d1fffff
19599,880d9d2917fffff
19600,880d9dc88dfffff
19601,880d9d519dfffff
19602,880d9dc247fffff
19603,880d9ca04bfffff
19604,880d999145fffff
19605,880d99b9b1fffff
19606,880d9dd263fffff
19607,880d9dd0d1fffff
19608,880d8a6cb7fffff
19609,880d9d6c33fffff
19610,880d834f51fffff
19611,880d9da9a9fffff
19612,880d8a5a6dfffff
19613,880d9d7709fffff
19614,880d9c22d7fffff
19615,880d83c6e7fffff
19616,880d9d4c8dfffff
19617,880d9c94c9fffff
19618,880d83cc67fffff
19619,880d8a4519fffff
19620,880d8a1353fffff
19621,880d8a1a81fffff
19622,880d99a90bfffff
19623,880d9d0f09fffff
19624,880d9dc84dfffff
19625,880d8a08c5fffff
19626,880d9da035fffff
19627,880d99a051fffff
19628,880d9d4f5bfffff
19629,880d9d773bfffff
19630,880d835961fffff
19631,880ca4d241fffff
19632,880d9dd007fffff
19633,880d8a52d3fffff
19634,880d9d6b09fffff
19635,880d9da8e1fffff
19636,880d8a88adfffff
19637,880d99164dfffff
19638,880d9991c5fffff
19639,880d9d2491fffff
19640,880d8ac2b5fffff
19641,880d9d0229fffff
19642,880d9da0c1fffff
19643,880d8a58c3fffff
19644,880d9dc5cdfffff
19645,880d99b265fffff
19646,880d836927fffff
19647,880d9d54d1fffff
19648,880d834291fffff
19649,880d9d79abfffff
19650,880d9da837fffff
19651,880d9d6805fffff
19652,880d8a1a59fffff
19653,880d99b46bfffff
19654,880d8a4c6dfffff
19655,880d9d0eadfffff
19656,880d9d794bfffff
19657,880d99d6e5fffff
19658,880d9d2325fffff
19659,880d8a4f27fffff
19660,880d9d558dfffff
19661,880d9cae35fffff
19662,880d8a5435fffff
19663,880d9d6f45fffff
19664,880d9d62e1fffff
19665,880d8a7aa9fffff
19666,880d998ca7fffff
19667,880d9dcae5fffff
19668,880d9dc981fffff
19669,880d830e45fffff
19670,880d830209fffff
19671,880d9d2a89fffff
19672,880d8a0309fffff
19673,880d83c803fffff
19674,880d9d86d3fffff
19675,880d9ca76dfffff
19676,880d9ca20dfffff
19677,880d8ac1d3fffff
19678,880d8a0935fffff
19679,880d8319cdfffff
19680,880d9d6955fffff
19681,880d83cd1dfffff
19682,880d9d31abfffff
19683,880d9db363fffff
19684,880d8a5929fffff
19685,880d9cae4bfffff
19686,880d9cae45fffff
19687,880d8a6965fffff
19688,880d835735fffff
19689,880d9dc0c7fffff
19690,880d9d6f4bfffff
19691,880d9d158bfffff
19692,880d9dcf65fffff
19693,880d836ab3fffff
19694,880d8a1919fffff
19695,880d8a1a0bfffff
19696,880d8a6925fffff
19697,880d9d1131fffff
19698,880d9cb1d9fffff
19699,880d8a0a81fffff
19700,880d8a88d3fffff
19701,880d9d2b15fffff
19702,880d9d52e9fffff
19703,880d8358d9fffff
19704,880d8ac71dfffff
19705,880d8a1931fffff
19706,880d9d2647fffff
19707,880d8a1b59fffff
19708,880d8a4a3dfffff
19709,880d9c3419fffff
19710,880d8a4e35fffff
19711,880d99b843fffff
19712,880d830de7fffff
19713,880d9d09c5fffff
19714,880d8a61d3fffff
19715,880d9cae31fffff
19716,880d83133dfffff
19717,880d8a70d5fffff
19718,880d835743fffff
19719,880d9d059dfffff
19720,880d8a68a9fffff
19721,880d8a0c6dfffff
19722,880d9ca685fffff
19723,880d9c34a7fffff
19724,880d8a62edfffff
19725,880d9d2f4dfffff
19726,880d9d2b03fffff
19727,880d8e599dfffff
19728,880d9d7687fffff
19729,880d8ac6adfffff
19730,880d9c370dfffff
19731,880d83c8cdfffff
19732,880d99d2bbfffff
19733,880d9d6341fffff
19734,880d9cadbbfffff
19735,880d8a62d7fffff
19736,880d99ad55fffff
19737,880d8388d7fffff
19738,880d9ca2d9fffff
19739,880d9d275dfffff
19740,880d8a4cabfffff
19741,880d9d6eedfffff
19742,880d9db329fffff
19743,880d830dddfffff
19744,880d9d1a91fffff
19745,880d9d2a45fffff
19746,880d99b4a7fffff
19747,880d83130dfffff
19748,880d9d24a3fffff
19749,880d9d40c3fffff
19750,880d9d6151fffff
19751,880d99830bfffff
19752,880d834cabfffff
19753,880d99a4c1fffff
19754,880d9db201fffff
19755,880d83cc2bfffff
19756,880d8341dbfffff
19757,880d9d2aedfffff
19758,880d83692bfffff
19759,880d9d7813fffff
19760,880d8a5997fffff
19761,880d99801dfffff
19762,880d9d4f51fffff
19763,880d9d0721fffff
19764,880d9cb6c9fffff
19765,880d998ee1fffff
19766,880d99b459fffff
19767,880d9d34e3fffff
19768,880d8356b5fffff
19769,880d9d0d41fffff
19770,880d8a5031fffff
19771,880ca4d635fffff
19772,880d8a5597fffff
19773,880d9d95b7fffff
19774,880d9d0f61fffff
19775,880d98a685fffff
19776,880d9ca44dfffff
19777,880d8a4143fffff
19778,880d9d0047fffff
19779,880d831239fffff
19780,880d83572dfffff
19781,880d9dc223fffff
19782,880d991641fffff
19783,880d8a199dfffff
19784,880d837a41fffff
19785,880d8a6dd3fffff
19786,880d999b1bfffff
19787,880d8a190bfffff
19788,880d8a429bfffff
19789,880d9d04b7fffff
19790,880d9dcf4bfffff
19791,880d8a8a3dfffff
19792,880d9dccc3fffff
19793,880d9dac39fffff
19794,880d83cd5dfffff
19795,880d9cb583fffff
19796,880d830241fffff
19797,880d9d301bfffff
19798,880d837213fffff
19799,880d9d51ddfffff
19800,880d831739fffff
19801,880d9d7a29fffff
19802,880d8a0099fffff
19803,880d837319fffff
19804,880d8a433dfffff
19805,880d9ca01bfffff
19806,880d9ca089fffff
19807,880d8a4f67fffff
19808,880d836113fffff
19809,880d8a5a2bfffff
19810,880ca4d2b3fffff
19811,880d9dcb3bfffff
19812,880d9dc0d1fffff
19813,880ca4d625fffff
19814,880d830133fffff
19815,880d8ac0abfffff
19816,880d835847fffff
19817,880d9d224bfffff
19818,880d83ca1bfffff
19819,880d8a49a9fffff
19820,880d8a44e5fffff
19821,880d98b713fffff
19822,880d998237fffff
19823,880d9dd495fffff
19824,880d83c061fffff
19825,880d8a55e3fffff
19826,880d9d35d5fffff
19827,880d9d742bfffff
19828,880d8ad5dbfffff
19829,880d9984a1fffff
19830,880d8a4251fffff
19831,880d998849fffff
19832,880d838801fffff
19833,880d99b739fffff
19834,880d9c2429fffff
19835,880d8ac199fffff
19836,880d831a53fffff
19837,880d8a6831fffff
19838,880d834d11fffff
19839,880d9cb2d7fffff
19840,880d9d375bfffff
19841,880d9db0b5fffff
19842,880ca4da1bfffff
19843,880d9d2085fffff
19844,880d83cde5fffff
19845,880d9daa07fffff
19846,880d8372d7fffff
19847,880d99b415fffff
19848,880d8e598dfffff
19849,880d837283fffff
19850,880d836ab9fffff
19851,880d8a40abfffff
19852,880d8ac651fffff
19853,880d9d1119fffff
19854,880d998f2bfffff
19855,880d9c2697fffff
19856,880d9d54bbfffff
19857,880d998853fffff
19858,880d822c2bfffff
19859,880d9c94a7fffff
19860,880d9d749dfffff
19861,880d9d7557fffff
19862,880d8a0349fffff
19863,880d8a7a8dfffff
19864,880d9d09e5fffff
19865,880d834e13fffff
19866,880d83568bfffff
19867,880d8a6ce9fffff
19868,880d9d9659fffff
19869,880d9d2eadfffff
19870,880d8ac9d3fffff
19871,880d998639fffff
19872,880d9988b9fffff
19873,880d99a801fffff
19874,880d8a75d7fffff
19875,880d9dd15bfffff
19876,880d836ca7fffff
19877,880d9c940bfffff
19878,880d8a754dfffff
19879,880d9c8659fffff
19880,880d99a913fffff
19881,880d9dccb5fffff
19882,880d8a5b51fffff
19883,880d8350b1fffff
19884,880d9dd2edfffff
19885,880d9d4309fffff
19886,880ca4d067fffff
19887,880d99862dfffff
19888,880d83790dfffff
19889,880d9dad91fffff
19890,880d836037fffff
19891,880d837811fffff
19892,880ca4d1e5fffff
19893,880d9dcd4bfffff
19894,880d99b435fffff
19895,880d9c9429fffff
19896,880d83c30bfffff
19897,880d838d4dfffff
19898,880d835567fffff
19899,880d8acd2dfffff
19900,880d831731fffff
19901,880d8a5411fffff
19902,880d9dc09bfffff
19903,880d9d44cbfffff
19904,880d9d55d1fffff
19905,880d838d49fffff
19906,880d99a56dfffff
19907,880d9d4c4bfffff
19908,880d83023dfffff
19909,880d9dd883fffff
19910,880d9d86b5fffff
19911,880d9dd167fffff
19912,880d9ca407fffff
19913,880d99b5bbfffff
19914,880d9ca183fffff
19915,880d9c224bfffff
19916,880d9c24d1fffff
19917,880d8a5a45fffff
19918,880d9dc98bfffff
19919,880d8a1a91fffff
19920,880d835a45fffff
19921,880d83c115fffff
19922,880d8a5925fffff
19923,880d8a50ebfffff
19924,880d83116dfffff
19925,880d8a6d05fffff
19926,880d9d3a51fffff
19927,880d9ca545fffff
19928,880d8a1109fffff
19929,880d8388a3fffff
19930,880d830d53fffff
19931,880d8a4301fffff
19932,880d837aa9fffff
19933,880d830f27fffff
19934,880d9d30ddfffff
19935,880d9d714bfffff
19936,880d99b113fffff
19937,880d9dceb9fffff
19938,880d835427fffff
19939,880d9d4d17fffff
19940,880d8225bbfffff
19941,880d9dc52bfffff
19942,880d9d3021fffff
19943,880d9d2e2dfffff
19944,880d831a51fffff
19945,880d9d574bfffff
19946,880d9d2765fffff
19947,880d9d393dfffff
19948,880d8369a7fffff
19949,880d9d04dbfffff
19950,880d99a157fffff
19951,880d999b27fffff
19952,880d9cac57fffff
19953,880d9d6c21fffff
19954,880d9999e3fffff
19955,880d9dc295fffff
19956,880d9dc085fffff
19957,880d98a699fffff
19958,880d8a4523fffff
19959,880d9d0c4bfffff
19960,880d831355fffff
19961,880d9dd449fffff
19962,880d837a1dfffff
19963,880d9d114dfffff
19964,880d8accb5fffff
19965,880d9dd899fffff
19966,880d9dcac3fffff
19967,880d834ca5fffff
19968,880d83441dfffff
19969,880d9daf25fffff
19970,880d9986d9fffff
19971,880d9dab1dfffff
19972,880d8a424bfffff
19973,880d836d31fffff
19974,880d8ac563fffff
19975,880d9db847fffff
19976,880d99a43dfffff
19977,880d9dcd2bfffff
19978,880d9d6505fffff
19979,880d8a7357fffff
19980,880d8ac6edfffff
19981,880d9dc6adfffff
19982,880d9d702bfffff
19983,880d8a5b5bfffff
19984,880d83014bfffff
19985,880d838f23fffff
19986,880d99d347fffff
19987,880d8a473bfffff
19988,880d8309cbfffff
19989,880d8a51b1fffff
19990,880d99a6e9fffff
19991,880d9d2813fffff
19992,880d8a6241fffff
19993,880d8351cbfffff
19994,880d9db803fffff
19995,880d8e59d9fffff
19996,880d838997fffff
19997,880d9dd0a3fffff
19998,880d8e5a01fffff
19999,880d9d34bdfffff
20000,880d9dbaa5fffff
20001,880d9d60a5fffff
20002,880d9981edfffff
20003,880d9da727fffff
20004,880d8ad825fffff
20005,880d9ca405fffff
20006,880d9dc9e3fffff
20007,880d835409fffff
20008,880d9dac47fffff
20009,880d99a02bfffff
20010,880d9dd005fffff
20011,880d99d659fffff
20012,880d9d4eb7fffff
20013,880d8a4b1dfffff
20014,880d8369c3fffff
20015,880d8a436bfffff
20016,880d8a4a33fffff
20017,880d9dd8c7fffff
20018,880d8a7801fffff
20019,880d8a7805fffff
20020,880d8a6d6dfffff
20021,880d9d6c87fffff
20022,880d9dad9dfffff
20023,880d9db13bfffff
20024,880d8a4227fffff
20025,880d9cb42dfffff
20026,880d9d08d3fffff
20027,880d9d5503fffff
20028,880d8a1869fffff
20029,880d8a121bfffff
20030,880d9dc36bfffff
20031,880d9d312bfffff
20032,880d9db013fffff
20033,880d9d0d15fffff
20034,880d838cadfffff
20035,880d8311bdfffff
20036,880d99acdbfffff
20037,880d8a7867fffff
20038,880d9db90dfffff
20039,880d9dd723fffff
20040,880d8a1969fffff
20041,880d838d3bfffff
20042,880d99ad25fffff
20043,880ca4d143fffff
20044,880d98b6adfffff
20045,880d8a5555fffff
20046,880d9db9cbfffff
20047,880d9d4ed5fffff
20048,880d998051fffff
20049,880d9981e9fffff
20050,880d9990cdfffff
20051,880d8a0983fffff
20052,880d99a687fffff
20053,880d822ca7fffff
20054,880d834551fffff
20055,880d9d6a1bfffff
20056,880d9c35d7fffff
20057,880d9d2055fffff
20058,880d9da335fffff
20059,880d9c95d1fffff
20060,880d9994edfffff
20061,880d9d6831fffff
20062,880d830f6bfffff
20063,880d9d30e9fffff
20064,880d834539fffff
20065,880d8a40c3fffff
20066,880ca4d107fffff
20067,880d9d0549fffff
20068,880d8a8d29fffff
20069,880d99aa1dfffff
20070,880d9d3719fffff
20071,880d834495fffff
20072,880d9d2b45fffff
20073,880d9d2ca5fffff
20074,880d9dacc3fffff
20075,880d8ac9d9fffff
20076,880d9dc439fffff
20077,880d8a0561fffff
20078,880d8a425dfffff
20079,880d99b521fffff
20080,880d9d32abfffff
20081,880d9da165fffff
20082,880d9d29bdfffff
20083,880d9d172dfffff
20084,880d9da53bfffff
20085,880d9d18e9fffff
20086,880d9d3b53fffff
20087,880d9d65d9fffff
20088,880d9d69c5fffff
20089,880d8ac8dbfffff
20090,880d831961fffff
20091,880d9d2d07fffff
20092,880d8a593dfffff
20093,880d8a1ae3fffff
20094,880d9d0f07fffff
20095,880d9dd2cbfffff
20096,880d83580dfffff
20097,880d991649fffff
20098,880d999319fffff
20099,880d8a0b43fffff
20100,880d8342bbfffff
20101,880d9c26d7fffff
20102,880d9d6547fffff
20103,880d99a40dfffff
20104,880d998459fffff
20105,880d9da929fffff
20106,880d8a1a85fffff
20107,880d8a7413fffff
20108,880d9dda11fffff
20109,880d8ad5a5fffff
20110,880d9d0033fffff
20111,880d8358a3fffff
20112,880d8342c1fffff
20113,880d9daf69fffff
20114,880d822de9fffff
20115,880d8a0b65fffff
20116,880d9d6643fffff
20117,880d8a783dfffff
20118,880d8a4c61fffff
20119,880d8a5acbfffff
20120,880d8ace97fffff
20121,880d9c360bfffff
20122,880d9d7987fffff
20123,880d999639fffff
20124,880d822c4bfffff
20125,880d9d281bfffff
20126,880d9d308bfffff
20127,880d9da819fffff
20128,880d83496dfffff
20129,880d8a19bbfffff
20130,880d99a5e5fffff
20131,880d834643fffff
20132,880d9d76a5fffff
20133,880d9cb217fffff
20134,880d83483bfffff
20135,880d9d4da9fffff
20136,880d8a54bdfffff
20137,880d8ac45bfffff
20138,880d838f31fffff
20139,880d9d3487fffff
20140,880d8ac9abfffff
20141,880d9981adfffff
20142,880d9dc63bfffff
20143,880d9d5423fffff
20144,880d9d8293fffff
20145,880d99a0a5fffff
20146,880d9dca3dfffff
20147,880d9c9615fffff
20148,880d9d0c49fffff
20149,880d9d0b69fffff
20150,880d8a4047fffff
20151,880d9d0d37fffff
20152,880d9d1151fffff
20153,880d8302abfffff
20154,880d83558bfffff
20155,880d836b35fffff
20156,880d836151fffff
20157,880d9d0d4dfffff
20158,880d834de7fffff
20159,880d9da553fffff
20160,880d999ae3fffff
20161,880d836d9bfffff
20162,880d8351b3fffff
20163,880d9d0733fffff
20164,880d99b925fffff
20165,880d8318c3fffff
20166,880d99a86dfffff
20167,880d9d6c03fffff
20168,880d9db9d3fffff
20169,880d836b3dfffff
20170,880d98b487fffff
20171,880d99b2ebfffff
20172,880d99953bfffff
20173,880d99a713fffff
20174,880d9dda8bfffff
20175,880d9dc44bfffff
20176,880d9db827fffff
20177,880d8a7965fffff
20178,880d836e1bfffff
20179,880d8a4357fffff
20180,880d8a46e5fffff
20181,880d98b4a9fffff
20182,880d9ddb31fffff
20183,880d9db9d9fffff
20184,880d83c1b7fffff
20185,880d9d653dfffff
20186,880d9d6db1fffff
20187,880d9cb429fffff
20188,880d99935bfffff
20189,880d834ee5fffff
20190,880d9d00c7fffff
20191,880d9db98bfffff
20192,880d8a1a3dfffff
20193,880d9d641bfffff
20194,880d8a59a1fffff
20195,880d8a89adfffff
20196,880d98b683fffff
20197,880d83c9ebfffff
20198,880d9d2365fffff
20199,880d822c2dfffff
20200,880ca4da65fffff
20201,880d998a9dfffff
20202,880d8a42e9fffff
20203,880d8310a9fffff
20204,880d99aaebfffff
20205,880d9cb53dfffff
20206,880d9da217fffff
20207,880d9da833fffff
20208,880ca4d9c3fffff
20209,880d9986e9fffff
20210,880d8a7735fffff
20211,880d9d2e61fffff
20212,880d9cad9bfffff
20213,880d834637fffff
20214,880d9d4ebdfffff
20215,880d999817fffff
20216,880d9d3463fffff
20217,880d9dd8b9fffff
20218,880d998e57fffff
20219,880d8e4987fffff
20220,880d8a0033fffff
20221,880d998a5dfffff
20222,880d8a6de9fffff
20223,880d8a733dfffff
20224,880d998b3dfffff
20225,880d822d1bfffff
20226,880d9d2e31fffff
20227,880d8a4823fffff
20228,880d9d3555fffff
20229,880d9db923fffff
20230,880d834f53fffff
20231,880d999a9bfffff
20232,880d8acdc9fffff
20233,880d9936cbfffff
20234,880d9d02e5fffff
20235,880d9985c9fffff
20236,880d838c37fffff
20237,880d991683fffff
20238,880d999a57fffff
20239,880d99d01dfffff
20240,880d83c593fffff
20241,880d834a69fffff
20242,880d9d0d1dfffff
20243,880d9dc883fffff
20244,880d8a52bdfffff
20245,880d99a969fffff
20246,880d8a564bfffff
20247,880d8a8889fffff
20248,880d9c3081fffff
20249,880d9d1093fffff
20250,880d9c9441fffff
20251,880d9dc9bdfffff
20252,880d99a725fffff
20253,880d9d1329fffff
20254,880d9d541bfffff
20255,880d8346e5fffff
20256,880d822d4bfffff
20257,880d8a561bfffff
20258,880d8a466dfffff
20259,880d822e29fffff
20260,880d9dd9d1fffff
20261,880d8a4c2dfffff
20262,880d9dc833fffff
20263,880d8389a9fffff
20264,880d8ac741fffff
20265,880d9db0e5fffff
20266,880d8a19c5fffff
20267,880d83735bfffff
20268,880d8ac48dfffff
20269,880d9d94d1fffff
20270,880d822c9dfffff
20271,880d9d38a3fffff
20272,880d8a0361fffff
20273,880d999415fffff
20274,880d8a18bdfffff
20275,880d9db895fffff
20276,880d99ab11fffff
20277,880d8a8913fffff
20278,880d9c263dfffff
20279,880d9d05c3fffff
20280,880d9d79c3fffff
20281,880d999955fffff
20282,880d831a27fffff
20283,880d837989fffff
20284,880d998283fffff
20285,880d9da961fffff
20286,880d9dd1ebfffff
20287,880d8ace59fffff
20288,880d999601fffff
20289,880d9d892bfffff
20290,880d9ca29bfffff
20291,880d9d7ad9fffff
20292,880d9d745bfffff
20293,880d9db9b7fffff
20294,880d99d751fffff
20295,880d999b0bfffff
20296,880d836b07fffff
20297,880d9d52c9fffff
20298,880d98b499fffff
20299,880d8ac68bfffff
20300,880d9db883fffff
20301,880d8342c7fffff
20302,880d9d3a25fffff
20303,880d836921fffff
20304,880d9dbb3dfffff
20305,880d834b29fffff
20306,880d8a4935fffff
20307,880d8a4099fffff
20308,880d835449fffff
20309,880d998d83fffff
20310,880d9995e9fffff
20311,880d9dc495fffff
20312,880d998139fffff
20313,880d9d0b39fffff
20314,880d8a6dedfffff
20315,880d8ac5adfffff
20316,880d9dd49bfffff
20317,880d9d5027fffff
20318,880d999961fffff
20319,880d834ea9fffff
20320,880d999585fffff
20321,880d9d2dabfffff
20322,880d9dacb7fffff
20323,880d99ac29fffff
20324,880d837951fffff
20325,880d9dccddfffff
20326,880d8a1033fffff
20327,880d9da32dfffff
20328,880d9d781bfffff
20329,880d99ac05fffff
20330,880d9dd063fffff
20331,880d9982d7fffff
20332,880d9dd61bfffff
20333,880d830843fffff
20334,880d8a485bfffff
20335,880d9dc949fffff
20336,880d9d7495fffff
20337,880d9d0b5bfffff
20338,880d9dd845fffff
20339,880d8a8843fffff
20340,880d9dcc81fffff
20341,880d9cb659fffff
20342,880d998e49fffff
20343,880d9da1d1fffff
20344,880d837a5dfffff
20345,880d99d005fffff
20346,880d9d01b9fffff
20347,880d831863fffff
20348,880d8a4ce7fffff
20349,880d9db9a9fffff
20350,880d9d20e9fffff
20351,880d9dd06dfffff
20352,880d9dda3dfffff
20353,880d9d655dfffff
20354,880d9d7145fffff
20355,880d838c63fffff
20356,880d9d364dfffff
20357,880d9d455dfffff
20358,880d99b525fffff
20359,880d831963fffff
20360,880d830ddbfffff
20361,880d9dd703fffff
20362,880d9d0f4bfffff
20363,880d9c8603fffff
20364,880d99d003fffff
20365,880d8a0e3dfffff
20366,880d99acabfffff
20367,880d8acf23fffff
20368,880d9d9937fffff
20369,880d9db8a7fffff
20370,880d8a518dfffff
20371,880ca4d019fffff
20372,880d8ac655fffff
20373,880d8a406bfffff
20374,880d8351b7fffff
20375,880d83ccc5fffff
20376,880d8a780dfffff
20377,880d9d41ebfffff
20378,880d8352b5fffff
20379,880d9d0c55fffff
20380,880d8a6805fffff
20381,880d9d1aa7fffff
20382,880d8a4d65fffff
20383,880d99a32dfffff
20384,880d9d2161fffff
20385,880d9d2cc5fffff
20386,880d8a02b1fffff
20387,880d8a5b05fffff
20388,880d8acf29fffff
20389,880d834aa5fffff
20390,880d9d11abfffff
20391,880d98b6b3fffff
20392,880d999a87fffff
20393,880d991489fffff
20394,880d9d65b1fffff
20395,880d991615fffff
20396,880d999167fffff
20397,880d9d31b3fffff
20398,880ca4d20dfffff
20399,880d83c9c3fffff
20400,880d9d75d7fffff
20401,880d836a05fffff
20402,880d83195dfffff
20403,880d8a8a27fffff
20404,880d9cb30bfffff
20405,880d9d4eb9fffff
20406,880d9caea5fffff
20407,880d998769fffff
20408,880d9d7529fffff
20409,880d9d21edfffff
20410,880d830355fffff
20411,880d99a2e1fffff
20412,880d8e5827fffff
20413,880ca4d2c5fffff
20414,880d836d69fffff
20415,880ca4da6bfffff
20416,880d9d7515fffff
20417,880d9d05e9fffff
20418,880d9d163bfffff
20419,880d99d6c3fffff
20420,880d834eb5fffff
20421,880d9d2b53fffff
20422,880d8e5917fffff
20423,880d9991adfffff
20424,880d99bb61fffff
20425,880d9d534bfffff
20426,880d8a4ea3fffff
20427,880d835185fffff
20428,880d9d0db3fffff
20429,880d830c0bfffff
20430,880d838f63fffff
20431,880d99d61dfffff
20432,880d9dd02bfffff
20433,880d9dd6e7fffff
20434,880ca4d325fffff
20435,880d9da181fffff
20436,880d8345cdfffff
20437,880d8319a3fffff
20438,880d83590bfffff
20439,880d834a6dfffff
20440,880d83c9c9fffff
20441,880d8349d1fffff
20442,880d98a609fffff
20443,880d9da0c7fffff
20444,880d831ac1fffff
20445,880d9d0827fffff
20446,880d9d52b7fffff
20447,880d9c9433fffff
20448,880d836c43fffff
20449,880d9d011dfffff
20450,880d834ee7fffff
20451,880d8344d5fffff
20452,880d9d0341fffff
20453,880d9d2ecbfffff
20454,880d9d2555fffff
20455,880d8a8995fffff
20456,880d9da883fffff
20457,880d8a55cdfffff
20458,880d9db825fffff
20459,880d9d4515fffff
20460,880d998c31fffff
20461,880d830ae9fffff
20462,880d830025fffff
20463,880d998f0bfffff
20464,880d9dd24bfffff
20465,880d9db5e7fffff
20466,880d822f31fffff
20467,880d8a015dfffff
20468,880d8a01b5fffff
20469,880d9d30a9fffff
20470,880d9d0017fffff
20471,880d9d742dfffff
20472,880d8346b3fffff
20473,880d83c0d3fffff
20474,880d83424dfffff
20475,880d9d4237fffff
20476,880d99a617fffff
20477,880d9d8689fffff
20478,880d9dd9d5fffff
20479,880d9d6f31fffff
20480,880d838c01fffff
20481,880d9db185fffff
20482,880d99a847fffff
20483,880d9db027fffff
20484,880d998e25fffff
20485,880d99823bfffff
20486,880d9c2295fffff
20487,880d834d83fffff
20488,880d8a4e85fffff
20489,880d9dc4d3fffff
20490,880d99960bfffff
20491,880d8a55b1fffff
20492,880d9dce5dfffff
20493,880d9d013bfffff
20494,880d837187fffff
20495,880d9da269fffff
20496,880d9ca703fffff
20497,880d99a42bfffff
20498,880d99b849fffff
20499,880d9dc6b3fffff
20500,880d8a8f35fffff
20501,880d9dcc01fffff
20502,880d83cd61fffff
20503,880d9d01edfffff
20504,880d9ddb2dfffff
20505,880d8359dbfffff
20506,880d9d2e25fffff
20507,880d8318cbfffff
20508,880d99b4bbfffff
20509,880d835953fffff
20510,880d8a5a9dfffff
20511,880d99b555fffff
20512,880d8a5ae9fffff
20513,880d8a519dfffff
20514,880d835099fffff
20515,880d998227fffff
20516,880d8e4911fffff
20517,880d834d21fffff
20518,880d998ac9fffff
20519,880d9d32edfffff
20520,880d9d374dfffff
20521,880d99811bfffff
20522,880d836915fffff
20523,880d9d289dfffff
20524,880d8ac8b3fffff
20525,880d9d42c7fffff
20526,880d9cb065fffff
20527,880d9c35c7fffff
20528,880d834347fffff
20529,880d99b1d5fffff
20530,880d8a1947fffff
20531,880d83cc91fffff
20532,880d9995bbfffff
20533,880d9d24bdfffff
20534,880d999243fffff
20535,880d8a422dfffff
20536,880d836ae3fffff
20537,880d9d7b0dfffff
20538,880d9d28dbfffff
20539,880d98b6e7fffff
20540,880d831951fffff
20541,880ca4d2abfffff
20542,880ca4d033fffff
20543,880d8e4909fffff
20544,880d998f55fffff
20545,880d8a5705fffff
20546,880d9d3b0dfffff
20547,880d991645fffff
20548,880d9d4c49fffff
20549,880d83014dfffff
20550,880d9d6ec5fffff
20551,880d9d6357fffff
20552,880d8a0a85fffff
20553,880ca4d9d7fffff
20554,880d830129fffff
20555,880d998b53fffff
20556,880d9dcdbbfffff
20557,880d835b11fffff
20558,880d9ddacdfffff
20559,880d99a655fffff
20560,880d9d00d5fffff
20561,880d8378adfffff
20562,880d830027fffff
20563,880d83694dfffff
20564,880d9dcaa5fffff
20565,880d9995d9fffff
20566,880d998715fffff
20567,880d8301cdfffff
20568,880d835a31fffff
20569,880d99913dfffff
20570,880d9d26a9fffff
20571,880d834255fffff
20572,880d9d1b21fffff
20573,880d9d2467fffff
20574,880d9998a3fffff
20575,880d831253fffff
20576,880d9c223bfffff
20577,880d8ac555fffff
20578,880d8a7a61fffff
20579,880d9c348dfffff
20580,880d8a491dfffff
20581,880d9da085fffff
20582,880d99af19fffff
20583,880d998c11fffff
20584,880d9d468dfffff
20585,880d9d0a8dfffff
20586,880d9c36a3fffff
20587,880d8350c1fffff
20588,880d83cae7fffff
20589,880d8a1a1bfffff
20590,880d9cb545fffff
20591,880d8a0565fffff
20592,880d99aa03fffff
20593,880d9d61b5fffff
20594,880d9c3509fffff
20595,880d8a6b49fffff
20596,880d9dd941fffff
20597,880d8a7947fffff
20598,880d8a79b7fffff
20599,880d999999fffff
20600,880d9dd581fffff
20601,880d9d3803fffff
20602,880d83c2b5fffff
20603,880d9d652bfffff
20604,880d9d391dfffff
20605,880d99a699fffff
20606,880d9cb0c9fffff
20607,880d9dc1e9fffff
20608,880d9d6667fffff
20609,880d834ec1fffff
20610,880d8a4187fffff
20611,880d8a6aa7fffff
20612,880d9ca2ddfffff
20613,880d8a7917fffff
20614,880d8a0b1dfffff
20615,880d9db261fffff
20616,880d822d89fffff
20617,880ca4da3bfffff
20618,880d834597fffff
20619,880d9d2943fffff
20620,880d8a183bfffff
20621,880d8a55e1fffff
20622,880d9d260bfffff
20623,880d9d0a1dfffff
20624,880d9c2635fffff
20625,880d9d7903fffff
20626,880d9da9c7fffff
20627,880d9d2d05fffff
20628,880d8a4a2dfffff
20629,880d9d74c5fffff
20630,880d830833fffff
20631,880d9dd361fffff
20632,880d9d6a65fffff
20633,880d9d2d3dfffff
20634,880d99b729fffff
20635,880d835533fffff
20636,880d999459fffff
20637,880d998d9bfffff
20638,880d8ac4a1fffff
20639,880d9dac41fffff
20640,880d9d4115fffff
20641,880d9cb717fffff
20642,880d8a79ddfffff
20643,880d99b1e5fffff
20644,880d9d528bfffff
20645,880d9db1d5fffff
20646,880d998cbbfffff
20647,880d8a108bfffff
20648,880d9c266bfffff
20649,880d83c0adfffff
20650,880d8311c3fffff
20651,880d99ab03fffff
20652,880d99b16dfffff
20653,880d9c30ddfffff
20654,880d9d5537fffff
20655,880d8ac1d1fffff
20656,880d9ca299fffff
20657,880d9d45ddfffff
20658,880d835435fffff
20659,880d9c2263fffff
20660,880d9d094bfffff
20661,880d8a782bfffff
20662,880d9d06d7fffff
20663,880d9cb627fffff
20664,880d9d2c69fffff
20665,880d837205fffff
20666,880d837129fffff
20667,880d9dc713fffff
20668,880d9d703dfffff
20669,880d9d7857fffff
20670,880d9d2e43fffff
20671,880d83cc23fffff
20672,880d9d4c89fffff
20673,880d9d66a3fffff
20674,880d9da8bdfffff
20675,880d8a0815fffff
20676,880d83446bfffff
20677,880d9d21ddfffff
20678,880d9d6721fffff
20679,880d9dad81fffff
20680,880d9c86c9fffff
20681,880d8ace31fffff
20682,880d9d7a61fffff
20683,880d838c61fffff
20684,880d835ae7fffff
20685,880d9d466bfffff
20686,880d8a5405fffff
20687,880d8309a1fffff
20688,880d836925fffff
20689,880d9c26a9fffff
20690,880d9d6431fffff
20691,880d83c9abfffff
20692,880d838f27fffff
20693,880d834acdfffff
20694,880d99ae9dfffff
20695,880d83ca87fffff
20696,880d9d7107fffff
20697,880d9dc129fffff
20698,880d9d9583fffff
20699,880d834f0bfffff
20700,880d83001dfffff
20701,880d831967fffff
20702,880d9dad2bfffff
20703,880d9d38e9fffff
20704,880d9d16abfffff
20705,880d9d2693fffff
20706,880d9d3b07fffff
20707,880d999697fffff
20708,880d8308c5fffff
20709,880d8a4d61fffff
20710,880d9dd4c9fffff
20711,880d9d5235fffff
20712,880d8318e3fffff
20713,880d8a56b7fffff
20714,880d83096bfffff
20715,880d99b591fffff
20716,880d9da549fffff
20717,880d834509fffff
20718,880d835829fffff
20719,880d9d175dfffff
20720,880d9986b9fffff
20721,880d8368b9fffff
20722,880d9d3441fffff
20723,880d83c5e5fffff
20724,880d99add3fffff
20725,880d9dc421fffff
20726,880d8350d5fffff
20727,880d834601fffff
20728,880d822ce3fffff
20729,880d83462dfffff
20730,880d8a793dfffff
20731,880d998f27fffff
20732,880d9ca4a7fffff
20733,880d9dce87fffff
20734,880d9d31d7fffff
20735,880d9d96c1fffff
20736,880d9d6a3bfffff
20737,880d9d0189fffff
20738,880d9ddb27fffff
20739,880d9d0585fffff
20740,880d98b451fffff
20741,880d8a7b55fffff
20742,880d9d0c0dfffff
20743,880d8a0801fffff
20744,880d9d744dfffff
20745,880d8a4213fffff
20746,880d9d46d3fffff
20747,880d9caeddfffff
20748,880d9d1853fffff
20749,880d99bb69fffff
20750,880d9cacabfffff
20751,880d998c07fffff
20752,880d834a01fffff
20753,880d8368c1fffff
20754,880d9d31b7fffff
20755,880d99841dfffff
20756,880d8a0a53fffff
20757,880d9d7b25fffff
20758,880d9dcd55fffff
20759,880d9d6a4bfffff
20760,880d9d4629fffff
20761,880d8a12bdfffff
20762,880d99a8b9fffff
20763,880d9d0063fffff
20764,880d9dd701fffff
20765,880d8e492bfffff
20766,880d8a41c7fffff
20767,880d8ac6bbfffff
20768,880d9dc009fffff
20769,880d9d2c8dfffff
20770,880d9dc507fffff
20771,880d9d6d83fffff
20772,880d9d5645fffff
20773,880d9d419bfffff
20774,880d8a473dfffff
20775,880ca4da09fffff
20776,880d8a0049fffff
20777,880d83c8abfffff
20778,880d8a0a89fffff
20779,880d99ba2bfffff
20780,880d9ca617fffff
20781,880d9da1e3fffff
20782,880d9d4e01fffff
20783,880d8a5647fffff
20784,880d99aa91fffff
20785,880d8301abfffff
20786,880d835411fffff
20787,880d9d1467fffff
20788,880d9cb5edfffff
20789,880d8a1307fffff
20790,880d9c2239fffff
20791,880d998a17fffff
20792,880d8a4e1bfffff
20793,880d8a4111fffff
20794,880d9d5327fffff
20795,880d99a1edfffff
20796,880d99b0dbfffff
20797,880d837121fffff
20798,880d9d358dfffff
20799,880d831a59fffff
20800,880d8a891dfffff
20801,880d836361fffff
20802,880d8a4755fffff
20803,880d836dddfffff
20804,880d8a0265fffff
20805,880d83562dfffff
20806,880d9db285fffff
20807,880d9db5a9fffff
20808,880d8a0b6bfffff
20809,880d9ddb45fffff
20810,880d9d2d09fffff
20811,880d9daac1fffff
20812,880d9dbad1fffff
20813,880d99a9c9fffff
20814,880d99ae07fffff
20815,880d99a629fffff
20816,880d99b599fffff
20817,880d99acebfffff
20818,880d8a4f07fffff
20819,880d8a8d21fffff
20820,880d834801fffff
20821,880d999409fffff
20822,880d9d4da3fffff
20823,880d8a08a9fffff
20824,880d8a588dfffff
20825,880d834415fffff
20826,880d838c21fffff
20827,880d9d09e1fffff
20828,880d99a30dfffff
20829,880d9c2663fffff
20830,880d8a6cb1fffff
20831,880d9cb74dfffff
20832,880d9992d1fffff
20833,880d99d6bbfffff
20834,880d9d31c5fffff
20835,880d99d2b5fffff
20836,880ca4d11dfffff
20837,880d8a4409fffff
20838,880d9daa55fffff
20839,880d9d575bfffff
20840,880d8a01c5fffff
20841,880d8a6e49fffff
20842,880d9c2447fffff
20843,880d9d76c5fffff
20844,880d9d9457fffff
20845,880d8ac543fffff
20846,880d9c3727fffff
20847,880d9d829bfffff
20848,880d9d035bfffff
20849,880d8a492bfffff
20850,880d998ed1fffff
20851,880d8a0f65fffff
20852,880d8accb9fffff
20853,880d8a0303fffff
20854,880d999b01fffff
20855,880d9da04bfffff
20856,880d8a0725fffff
20857,880d83024bfffff
20858,880d838ca1fffff
20859,880d834eb7fffff
20860,880d834ed5fffff
20861,880d9d0e4bfffff
20862,880d998559fffff
20863,880d8a1217fffff
20864,880d9d62e5fffff
20865,880d8a59c9fffff
20866,880d8a4d4dfffff
20867,880d8a51d5fffff
20868,880d9d0f41fffff
20869,880d99a209fffff
20870,880d9c2751fffff
20871,880d9dc0e1fffff
20872,880d99b65dfffff
20873,880d9d4cb5fffff
20874,880d9d56cdfffff
20875,880d9d4c4dfffff
20876,880d9d82b3fffff
20877,880d9d8711fffff
20878,880ca4c32dfffff
20879,880d9dd557fffff
20880,880d9d1981fffff
20881,880d99a99dfffff
20882,880d9d318dfffff
20883,880d8a1945fffff
20884,880d8a1a45fffff
20885,880d99a19dfffff
20886,880d9d1953fffff
20887,880d9d0941fffff
20888,880d9cb219fffff
20889,880d8a18cdfffff
20890,880d99d69bfffff
20891,880d9dd8b7fffff
20892,880d9ca6dbfffff
20893,880d998edbfffff
20894,880d9d345dfffff
20895,880d9cb59dfffff
20896,880d9cb495fffff
20897,880d9c2637fffff
20898,880d8a54a9fffff
20899,880d9d0983fffff
20900,880d8a0157fffff
20901,880d837337fffff
20902,880d836ac5fffff
20903,880d8a5907fffff
20904,880d9d8957fffff
20905,880d9d1a57fffff
20906,880d9dc915fffff
20907,880d9d2427fffff
20908,880d9d3a6bfffff
20909,880d8a0a13fffff
20910,880d9d79e1fffff
20911,880d99d6e7fffff
20912,880d8a5749fffff
20913,880d83c5e7fffff
20914,880d9d5527fffff
20915,880d8a0b6dfffff
20916,880d9da1d9fffff
20917,880d8341c9fffff
20918,880d99b847fffff
20919,880d9d2e11fffff
20920,880d9d0621fffff
20921,880d83408bfffff
20922,880d8acea7fffff
20923,880d8ac72dfffff
20924,880d9d386bfffff
20925,880d9d4153fffff
20926,880d834515fffff
20927,880d830f4dfffff
20928,880d9dcd03fffff
20929,880d834addfffff
20930,880d9d44e1fffff
20931,880d9ddaa7fffff
20932,880ca4d9a7fffff
20933,880d99ba05fffff
20934,880d9d0da3fffff
20935,880d9d2eb5fffff
20936,880d99b917fffff
20937,880d8a521dfffff
20938,880d99a215fffff
20939,880d830dc1fffff
20940,880d999947fffff
20941,880d9d756dfffff
20942,880d9dda23fffff
20943,880d834c55fffff
20944,880d83c4c3fffff
20945,880d838dbdfffff
20946,880d9d0c35fffff
20947,880d8ac6c5fffff
20948,880d9cad37fffff
20949,880d99b70dfffff
20950,880d837ad5fffff
20951,880d830b53fffff
20952,880d99a411fffff
20953,880d9d0683fffff
20954,880d8342a3fffff
20955,880d837067fffff
20956,880d9db93dfffff
20957,880d9d664bfffff
20958,880d835a41fffff
20959,880d9d3143fffff
20960,880ca4d1edfffff
20961,880d9d2517fffff
20962,880d99863bfffff
20963,880d8a781bfffff
20964,880d99860bfffff
20965,880d9cadadfffff
20966,880d8acc2dfffff
20967,880d8a8abbfffff
20968,880d9d010dfffff
20969,880d8355b9fffff
20970,880d834157fffff
20971,880d8acdd1fffff
20972,880d834c49fffff
20973,880d831159fffff
20974,880d830c3bfffff
20975,880d99a813fffff
20976,880d9d19cdfffff
20977,880d9dd8c9fffff
20978,880d9dc045fffff
20979,880d9d08d1fffff
20980,880d9dc1b7fffff
20981,880d8a1a35fffff
20982,880d9994a3fffff
20983,880d830d63fffff
20984,880d9d74c3fffff
20985,880d8225b3fffff
20986,880ca4d2a9fffff
20987,880d9db85dfffff
20988,880d8a4addfffff
20989,880d831a8dfffff
20990,880d9982dbfffff
20991,880d9da71bfffff
20992,880d9da8d9fffff
20993,880d8acd83fffff
20994,880d9d34a3fffff
20995,880d9d2e07fffff
20996,880d9da505fffff
20997,880d9db151fffff
20998,880d8a6b41fffff
20999,880d9caca9fffff
21000,880d830837fffff
21001,880ca4dac5fffff
21002,880d8a50b9fffff
21003,880d9dc743fffff
21004,880d99b9e5fffff
21005,880d9d4027fffff
21006,880d9d132dfffff
21007,880d99b691fffff
21008,880d8ad94dfffff
21009,880d838db7fffff
21010,880d99946bfffff
21011,880d9db303fffff
21012,880d9d2305fffff
21013,880d83529bfffff
21014,880d99d2c7fffff
21015,880d9d4e0bfffff
21016,880d998803fffff
21017,880d83003dfffff
21018,880d8a622dfffff
21019,880d9d2ec1fffff
21020,880d83018dfffff
21021,880d9da2bdfffff
21022,880d9994e9fffff
21023,880d8a001bfffff
21024,880d9c2713fffff
21025,880ca4d157fffff
21026,880d8a7851fffff
21027,880d9d508dfffff
21028,880d836e19fffff
21029,880d9cb451fffff
21030,880d8a11d9fffff
21031,880d9d7845fffff
21032,880d83098dfffff
21033,880d98a49bfffff
21034,880d8a4115fffff
21035,880d830e6dfffff
21036,880d8ac5b1fffff
21037,880d99b40bfffff
21038,880d83408dfffff
21039,880d8361c7fffff
21040,880d8a1181fffff
21041,880d9dae5dfffff
21042,880d99b657fffff
21043,880d830a1bfffff
21044,880d9992a3fffff
21045,880d999a45fffff
21046,880d99a061fffff
21047,880d99b709fffff
21048,880d9ca635fffff
21049,880d9d6b11fffff
21050,880d838aebfffff
21051,880ca4d2adfffff
21052,880d999b33fffff
21053,880d9db133fffff
21054,880d822c0bfffff
21055,880d998755fffff
21056,880d8a5757fffff
21057,880d99af2bfffff
21058,880d9d0089fffff
21059,880d9dc217fffff
21060,880d8ad90bfffff
21061,880d8a4699fffff
21062,880d9d3209fffff
21063,880d9d6763fffff
21064,880d8371d5fffff
21065,880d9d042bfffff
21066,880d9d1665fffff
21067,880d8308d1fffff
21068,880d9d0529fffff
21069,880d834e6bfffff
21070,880d9d2e37fffff
21071,880d9daae3fffff
21072,880d9dc68bfffff
21073,880d99b361fffff
21074,880d9d04a3fffff
21075,880d9d428dfffff
21076,880d8379ddfffff
21077,880d836999fffff
21078,880d9d0897fffff
21079,880d8318a3fffff
21080,880d830f5bfffff
21081,880d9d38d9fffff
21082,880d99b2d5fffff
21083,880d99b085fffff
21084,880d9dac15fffff
21085,880d8372a1fffff
21086,880d9ca707fffff
21087,880ca4d13dfffff
21088,880d8369ddfffff
21089,880d8a19b7fffff
21090,880d99a125fffff
21091,880d8e49a7fffff
21092,880d8a7409fffff
21093,880ca4d62dfffff
21094,880d8359bdfffff
21095,880d8a4933fffff
21096,880d83c1b5fffff
21097,880d8360b5fffff
21098,880d8ad919fffff
21099,880d9d50bbfffff
21100,880d99b58dfffff
21101,880d9d32cdfffff
21102,880d8acccbfffff
21103,880d8a6337fffff
21104,880d83cf09fffff
21105,880d837b37fffff
21106,880d831b05fffff
21107,880d835927fffff
21108,880ca4d66dfffff
21109,880d9cadd9fffff
21110,880d8a6937fffff
21111,880d99b229fffff
21112,880d9d0edbfffff
21113,880d99bac7fffff
21114,880d83543bfffff
21115,880d99ac67fffff
21116,880d835807fffff
21117,880d835225fffff
21118,880d8a5445fffff
21119,880d9c3569fffff
21120,880d99a885fffff
21121,880d9d4211fffff
21122,880d9d7101fffff
21123,880d99148bfffff
21124,880d9dd719fffff
21125,880d9da1b1fffff
21126,880d9d8b2bfffff
21127,880d8a430dfffff
21128,880d9988ebfffff
21129,880d9d7b49fffff
21130,880d83031dfffff
21131,880d9dd89bfffff
21132,880d831acdfffff
21133,880d99af53fffff
21134,880d9d1b0dfffff
21135,880d9d0223fffff
21136,880d9d2b2dfffff
21137,880d830f19fffff
21138,880d9d3581fffff
21139,880d834d69fffff
21140,880d98b659fffff
21141,880d99871dfffff
21142,880d9dd927fffff
21143,880d9d6089fffff
21144,880d9dc089fffff
21145,880d8a030bfffff
21146,880d9da9cdfffff
21147,880d83c9a3fffff
21148,880d9d5749fffff
21149,880d998ebdfffff
21150,880d8a0b55fffff
21151,880d8a742dfffff
21152,880d9d0713fffff
21153,880d835097fffff
21154,880d8a4b51fffff
21155,880d9d3289fffff
21156,880d9d8637fffff
21157,880d9d2adbfffff
21158,880d8371c5fffff
21159,880d830001fffff
21160,880d9c9653fffff
21161,880d9984a5fffff
21162,880d9d22abfffff
21163,880d9da055fffff
21164,880d8ace15fffff
21165,880d838d17fffff
21166,880d998abdfffff
21167,880d830149fffff
21168,880d9d19d7fffff
21169,880d9d69edfffff
21170,880d9d6aadfffff
21171,880d9d6b13fffff
21172,880d98b407fffff
21173,880d9dcae1fffff
21174,880d8a5a37fffff
21175,880d98b4dbfffff
21176,880d8a0a83fffff
21177,880d9d7537fffff
21178,880d822c47fffff
21179,880d9d3b05fffff
21180,880d9c22c9fffff
21181,880ca4daa5fffff
21182,880d8a1115fffff
21183,880d838de7fffff
21184,880d8a5a41fffff
21185,880d9d2a83fffff
21186,880d9d7597fffff
21187,880d83c437fffff
21188,880d822da5fffff
21189,880d9dc035fffff
21190,880d830f47fffff
21191,880d8345d7fffff
21192,880d998625fffff
21193,880d83102bfffff
21194,880d8361cdfffff
21195,880d9d05a3fffff
21196,880d8a7365fffff
21197,880d9d64d3fffff
21198,880d9d65e1fffff
21199,880d9d6539fffff
21200,880d83c183fffff
21201,880d836b61fffff
21202,880d830d55fffff
21203,880d83cccbfffff
21204,880d9d1703fffff
21205,880d8a1911fffff
21206,880d9dd507fffff
21207,880d8ac697fffff
21208,880d98b6c3fffff
21209,880d9dc319fffff
21210,880d9d6de3fffff
21211,880d834a51fffff
21212,880d9dd2cdfffff
21213,880d835223fffff
21214,880d9d033dfffff
21215,880d8358b7fffff
21216,880d8ac72bfffff
21217,880d830de5fffff
21218,880d9daa41fffff
21219,880d8344b1fffff
21220,880d99d2cbfffff
21221,880d9d2a31fffff
21222,880d9db353fffff
21223,880d9d2d45fffff
21224,880d8a4443fffff
21225,880d834b33fffff
21226,880d99ac69fffff
21227,880d9ca5e5fffff
21228,880d98a64bfffff
21229,880d99ae51fffff
21230,880d9d4e33fffff
21231,880d8a0f37fffff
21232,880d9d5615fffff
21233,880d83155dfffff
21234,880d9db217fffff
21235,880d8a0147fffff
21236,880d9986a1fffff
21237,880d99ad49fffff
21238,880d98b6b5fffff
21239,880d9d4029fffff
21240,880d830f45fffff
21241,880d83104dfffff
21242,880d8a54c3fffff
21243,880d8a1097fffff
21244,880d8a41ebfffff
21245,880d8a7819fffff
21246,880d8a4f41fffff
21247,880d9d1991fffff
21248,880d8ad801fffff
21249,880d8a49ebfffff
21250,880d9d6a63fffff
21251,880d8a44cbfffff
21252,880d9d3903fffff
21253,880d99a56bfffff
21254,880d822cbbfffff
21255,880d9dda51fffff
21256,880d9d86a1fffff
21257,880d99a5b9fffff
21258,880d9d7319fffff
21259,880d9d1489fffff
21260,880d836d3bfffff
21261,880d998d0dfffff
21262,880d8388cdfffff
21263,880d836143fffff
21264,880d9d0aabfffff
21265,880d9d7493fffff
21266,880d99a98bfffff
21267,880d83c143fffff
21268,880d99aaedfffff
21269,880d8acde3fffff
21270,880d9d56ebfffff
21271,880d837113fffff
21272,880d9d31d9fffff
21273,880d9db047fffff
21274,880d98a6c1fffff
21275,880d9c34e3fffff
21276,880d830e25fffff
21277,880d9d2dd5fffff
21278,880d822e21fffff
21279,880d999843fffff
21280,880d9d502dfffff
21281,880d8ac761fffff
21282,880d9dd601fffff
21283,880d9d8cb7fffff
21284,880d9daf4bfffff
21285,880d9d6421fffff
21286,880d8ac293fffff
21287,880d9d4213fffff
21288,880d8a4ca7fffff
21289,880d9d4117fffff
21290,880d834c8dfffff
21291,880d99aad5fffff
21292,880d83ce5bfffff
21293,880ca4d867fffff
21294,880d9d60c5fffff
21295,880d834233fffff
21296,880d835429fffff
21297,880d836199fffff
21298,880d9d172bfffff
21299,880d9ca711fffff
21300,880d9d6327fffff
21301,880d83413bfffff
21302,880d83ce05fffff
21303,880d9da9ebfffff
21304,880d9c2709fffff
21305,880d9d14e1fffff
21306,880d9d2213fffff
21307,880d9caea9fffff
21308,880d9d6309fffff
21309,880d9dc891fffff
21310,880d9d4291fffff
21311,880d9d04c5fffff
21312,880d9db9a5fffff
21313,880d9d628dfffff
21314,880d8368b1fffff
21315,880d999141fffff
21316,880d999113fffff
21317,880d9da865fffff
21318,880d831543fffff
21319,880d9d4c23fffff
21320,880d9db889fffff
21321,880d9dccd5fffff
21322,880d8a6203fffff
21323,880d9d3b6bfffff
21324,880d8a0a43fffff
21325,880d834197fffff
21326,880d9dc6b5fffff
21327,880d998dcbfffff
21328,880d83c02bfffff
21329,880d8a48b5fffff
21330,880d838ae9fffff
21331,880ca4d605fffff
21332,880d9dc1d9fffff
21333,880d8a56e5fffff
21334,880d8a0ae7fffff
21335,880d9dc809fffff
21336,880d9dd729fffff
21337,880d9d2431fffff
21338,880d834c0dfffff
21339,880d8e5b1dfffff
21340,880d99b161fffff
21341,880d838aa5fffff
21342,880d9d4091fffff
21343,880d9dc5c5fffff
21344,880d9995a7fffff
21345,880d8a0d45fffff
21346,880d9dcd8dfffff
21347,880d9d9927fffff
21348,880d98b481fffff
21349,880d99b103fffff
21350,880d99b959fffff
21351,880d9d7265fffff
21352,880d993255fffff
21353,880d8a4427fffff
21354,880d9c342dfffff
21355,880d9dc997fffff
21356,880d8a722bfffff
21357,880d99b881fffff
21358,880d822f33fffff
21359,880d9dd431fffff
21360,880d835a51fffff
21361,880d836a39fffff
21362,880d9d3343fffff
21363,880d8a4b69fffff
21364,880d8a09edfffff
21365,880d836d87fffff
21366,880d9d4341fffff
21367,880d9d2633fffff
21368,880d9d0711fffff
21369,880d9dce0dfffff
21370,880d8a5627fffff
21371,880d99a36dfffff
21372,880d822f3bfffff
21373,880d83582bfffff
21374,880d83cf19fffff
21375,880d8a58dbfffff
21376,880d9d1569fffff
21377,880d8a4205fffff
21378,880d9dd5c9fffff
21379,880d8e4827fffff
21380,880d9cb1d3fffff
21381,880d8a5053fffff
21382,880d83c05bfffff
21383,880d9d20b7fffff
21384,880d99ab07fffff
21385,880d9d0769fffff
21386,880d8a6ad7fffff
21387,880d83c0a9fffff
21388,880d835911fffff
21389,880d8a6a83fffff
21390,880d99b14bfffff
21391,880d9d3aebfffff
21392,880d99a4a9fffff
21393,880d9d280bfffff
21394,880d9d1b4bfffff
21395,880d8a5831fffff
21396,880d9ca6c9fffff
21397,880d9da02dfffff
21398,880d9dd6ddfffff
21399,880d838da3fffff
21400,880d9db315fffff
21401,880d9d6c23fffff
21402,880d99b049fffff
21403,880d99af13fffff
21404,880d998d4bfffff
21405,880d8a01d5fffff
21406,880d9ca5a1fffff
21407,880d8a5941fffff
21408,880ca4d2ebfffff
21409,880d834759fffff
21410,880d8a88d7fffff
21411,880d8ac763fffff
21412,880d9cae15fffff
21413,880d9d1747fffff
21414,880d9d943bfffff
21415,880d9996adfffff
21416,880d998c6dfffff
21417,880d9db203fffff
21418,880d9981c5fffff
21419,880d99ac45fffff
21420,880d8a0a21fffff
21421,880d99ab5bfffff
21422,880d8a0019fffff
21423,880d830e3dfffff
21424,880d9db0b7fffff
21425,880d9dc001fffff
21426,880d998dd3fffff
21427,880d9d2903fffff
21428,880d9d6da3fffff
21429,880d9991abfffff
21430,880d835a53fffff
21431,880d830de3fffff
21432,880d9d3163fffff
21433,880d98b693fffff
21434,880d83490dfffff
21435,880d9d3adbfffff
21436,880d998523fffff
21437,880d9c36cdfffff
21438,880d9d1805fffff
21439,880d9ca65bfffff
21440,880d83cf05fffff
21441,880d9c3663fffff
21442,880d9cae83fffff
21443,880d834d17fffff
21444,880d8a0165fffff
21445,880d9d4dc7fffff
21446,880d8a1a9dfffff
21447,880d9dd227fffff
21448,880d836b39fffff
21449,880d9d4cdbfffff
21450,880d838ab1fffff
21451,880d9d2ecdfffff
21452,880d8a1085fffff
21453,880d8e495bfffff
21454,880d9da54bfffff
21455,880d836e65fffff
21456,880d9c3463fffff
21457,880d9d0757fffff
21458,880d8acec1fffff
21459,880d83cab3fffff
21460,880d837947fffff
21461,880d8a4c13fffff
21462,880d9dc9cdfffff
21463,880d9cac21fffff
21464,880d9d8ca5fffff
21465,880d837907fffff
21466,880d9daa11fffff
21467,880d9d4e19fffff
21468,880d9d5713fffff
21469,880d8348a3fffff
21470,880d8a7405fffff
21471,880d9dd685fffff
21472,880d9d24ebfffff
21473,880d99910bfffff
21474,880d99ae11fffff
21475,880d83034bfffff
21476,880d822ea9fffff
21477,880d838c6bfffff
21478,880d9d6439fffff
21479,880d9d04e7fffff
21480,880d9d2a19fffff
21481,880d8311b3fffff
21482,880d9c3715fffff
21483,880d9d6411fffff
21484,880d9db065fffff
21485,880d9d4c3bfffff
21486,880d9d2821fffff
21487,880d830231fffff
21488,880d9db15bfffff
21489,880d9dc445fffff
21490,880d9d01d7fffff
21491,880d835497fffff
21492,880d98b76bfffff
21493,880d99ae1dfffff
21494,880d836b49fffff
21495,880d9ddb13fffff
21496,880d9d396dfffff
21497,880d9dba57fffff
21498,880d9d60edfffff
21499,880d8a0a01fffff
21500,880d99980dfffff
21501,880d9d2905fffff
21502,880d99a201fffff
21503,880d837299fffff
21504,880d836d65fffff
21505,880d9c9605fffff
21506,880d837b47fffff
21507,880d836dbdfffff
21508,880d9d3523fffff
21509,880d9d6f09fffff
21510,880d99a513fffff
21511,880d9dbaadfffff
21512,880d99a587fffff
21513,880d8351c7fffff
21514,880d835719fffff
21515,880d9d2859fffff
21516,880d8a7261fffff
21517,880d9984b5fffff
21518,880d9c96b5fffff
21519,880d998a8dfffff
21520,880d8a7957fffff
21521,880d99b0e7fffff
21522,880d9dc24bfffff
21523,880d99ab4bfffff
21524,880d8a7905fffff
21525,880d9d0457fffff
21526,880d835151fffff
21527,880d8a1a63fffff
21528,880d9dce35fffff
21529,880d9d51c1fffff
21530,880d9d2233fffff
21531,880d9dc8c9fffff
21532,880d83c461fffff
21533,880d8a48d3fffff
21534,880d9d542bfffff
21535,880d9dc20bfffff
21536,880d9d7329fffff
21537,880d9d740dfffff
21538,880d9da2a5fffff
21539,880d99986dfffff
21540,880d837aebfffff
21541,880d835557fffff
21542,880d9986abfffff
21543,880d9d0e29fffff
21544,880ca4d823fffff
21545,880d8a4a05fffff
21546,880d9ca22bfffff
21547,880d8318adfffff
21548,880d9d6f53fffff
21549,880d9da2d3fffff
21550,880d83cd89fffff
21551,880d9c2755fffff
21552,880d83888dfffff
21553,880d99ba4dfffff
21554,880ca4db01fffff
21555,880d8a6251fffff
21556,880d836017fffff
21557,880d9cb4d3fffff
21558,880d9dcebbfffff
21559,880d9d46c7fffff
21560,880d99a53bfffff
21561,880d8358c5fffff
21562,880d8a4a5dfffff
21563,880d8a4b5dfffff
21564,880d9d6007fffff
21565,880d99970bfffff
21566,880d999001fffff
21567,880d9d5555fffff
21568,880d83514dfffff
21569,880d8a5269fffff
21570,880d8a5719fffff
21571,880d836867fffff
21572,880d99a4b1fffff
21573,880d9d153bfffff
21574,880d9db911fffff
21575,880d9c3505fffff
21576,880d9da133fffff
21577,880d9ca6abfffff
21578,880d837a47fffff
21579,880d99b5e3fffff
21580,880d99aa19fffff
21581,880d838dd1fffff
21582,880d9db853fffff
21583,880d9dac13fffff
21584,880d838ce9fffff
21585,880d8e493dfffff
21586,880ca4c32bfffff
21587,880d9cb411fffff
21588,880d9d5637fffff
21589,880d9dc8c1fffff
21590,880d8ac19bfffff
21591,880d9cb493fffff
21592,880d98b467fffff
21593,880d83cda3fffff
21594,880d9999c3fffff
21595,880d837287fffff
21596,880d9dcb45fffff
21597,880d8a4827fffff
21598,880d8a8f41fffff
21599,880d9d1a67fffff
21600,880d9d218dfffff
21601,880d834e85fffff
21602,880d9d7365fffff
21603,880ca4d76bfffff
21604,880ca4d769fffff
21605,880d83594bfffff
21606,880d9d3457fffff
21607,880d99161dfffff
21608,880d8a495dfffff
21609,880d9dc1b3fffff
21610,880d999603fffff
21611,880d8a6183fffff
21612,880d99806dfffff
21613,880d822c61fffff
21614,880d99b9a5fffff
21615,880d9caea3fffff
21616,880d998409fffff
21617,880d9d2b29fffff
21618,880d9dd28dfffff
21619,880d99babdfffff
21620,880d8a8a35fffff
21621,880d9d1401fffff
21622,880d9d0227fffff
21623,880d8346bdfffff
21624,880d837b67fffff
21625,880d9d046dfffff
21626,880d8a42c3fffff
21627,880d9dd207fffff
21628,880d9c3083fffff
21629,880d8a5281fffff
21630,880d9da08bfffff
21631,880d9cb25dfffff
21632,880d822f37fffff
21633,880d9dc435fffff
21634,880d83cdcbfffff
21635,880d9d7099fffff
21636,880d9da815fffff
21637,880d9d4559fffff
21638,880d99841bfffff
21639,880d83016dfffff
21640,880d837823fffff
21641,880d8acf43fffff
21642,880d99bb21fffff
21643,880d99bb13fffff
21644,880d8a4f19fffff
21645,880d9d74d7fffff
21646,880d9d0aadfffff
21647,880d9999b9fffff
21648,880d8a0831fffff
21649,880d9d6d91fffff
21650,880d9c3597fffff
21651,880d8354a1fffff
21652,880d99d20bfffff
21653,880d999505fffff
21654,880ca4db6dfffff
21655,880d9d4d87fffff
21656,880d9d4e35fffff
21657,880d837065fffff
21658,880d837b59fffff
21659,880d9c35c3fffff
21660,880d9d50b7fffff
21661,880d9dd547fffff
21662,880d9d25abfffff
21663,880d834e4dfffff
21664,880d834017fffff
21665,880d8348b5fffff
21666,880d8361d1fffff
21667,880d9d46b9fffff
21668,880d9c9443fffff
21669,880d83546bfffff
21670,880d9d0e09fffff
21671,880d9d2ab9fffff
21672,880d8a7921fffff
21673,880d836c61fffff
21674,880d8e4b21fffff
21675,880d8a6b6dfffff
21676,880d8ad59dfffff
21677,880d836c8dfffff
21678,880d99a83bfffff
21679,880d8e590bfffff
21680,880d8a093dfffff
21681,880d9d2a4bfffff
21682,880d9d6e47fffff
21683,880d9d3169fffff
21684,880d8a5057fffff
21685,880d836d6bfffff
21686,880d9dd353fffff
21687,880d8312adfffff
21688,880d99b1a9fffff
21689,880d83cdc9fffff
21690,880d9d65cbfffff
21691,880d9d0a99fffff
21692,880d9dd9c1fffff
21693,880d9d766bfffff
21694,880d8a0283fffff
21695,880d9d433bfffff
21696,880d9d61dbfffff
21697,880d9dd23bfffff
21698,880d9d091bfffff
21699,880d9d6a07fffff
21700,880d8a593bfffff
21701,880d9dda33fffff
21702,880d999b69fffff
21703,880d9dce81fffff
21704,880d9daf65fffff
21705,880d8a09a1fffff
21706,880d83c0cbfffff
21707,880d99d62dfffff
21708,880d8a4195fffff
21709,880d8e590dfffff
21710,880d99b723fffff
21711,880d8a5367fffff
21712,880d998205fffff
21713,880d9d2f23fffff
21714,880d99aae3fffff
21715,880d834121fffff
21716,880d8a1041fffff
21717,880d8a4ea1fffff
21718,880d9d409dfffff
21719,880d834319fffff
21720,880d8a0159fffff
21721,880d8344cbfffff
21722,880d9d6e2bfffff
21723,880d998165fffff
21724,880d83c159fffff
21725,880d8a4c8bfffff
21726,880d9daccbfffff
21727,880d99b5dbfffff
21728,880d9d049bfffff
21729,880d9d76e5fffff
21730,880d998c63fffff
21731,880d83510dfffff
21732,880d9d6951fffff
21733,880d836103fffff
21734,880d9cb4a1fffff
21735,880d834661fffff
21736,880d83c1cbfffff
21737,880d8a8907fffff
21738,880d9d1ab1fffff
21739,880d9d713bfffff
21740,880d9d4ddbfffff
21741,880d9c22b5fffff
21742,880d9dc33dfffff
21743,880d9d6b6bfffff
21744,880d8a423bfffff
21745,880d822d39fffff
21746,880d9d2481fffff
21747,880d8a12a3fffff
21748,880d9c34c9fffff
21749,880d8a5659fffff
21750,880d9d0929fffff
21751,880d8a5043fffff
21752,880d834cb1fffff
21753,880d822595fffff
21754,880d999063fffff
21755,880d836f63fffff
21756,880d99bb6dfffff
21757,880d98b50dfffff
21758,880d8a403dfffff
21759,880d9d544bfffff
21760,880d9d02e7fffff
21761,880d8a0ac3fffff
21762,880d98b4b9fffff
21763,880d9d423bfffff
21764,880d9d646bfffff
21765,880d9d005bfffff
21766,880d991487fffff
21767,880d8a4c45fffff
21768,880d998dd1fffff
21769,880d8a10e7fffff
21770,880d9c94bbfffff
21771,880d836a0bfffff
21772,880d99a0a1fffff
21773,880d99b2dbfffff
21774,880d836089fffff
21775,880d8a6de7fffff
21776,880d9d849dfffff
21777,880d9d618bfffff
21778,880d99ad1dfffff
21779,880d830f39fffff
21780,880d99ae53fffff
21781,880d9d2c65fffff
21782,880d8ac4bdfffff
21783,880d9cb231fffff
21784,880d8a0e43fffff
21785,880d9d2425fffff
21786,880d9ca48bfffff
21787,880d8a0249fffff
21788,880d9dc617fffff
21789,880d998851fffff
21790,880d9dd4bbfffff
21791,880d8a1567fffff
21792,880d8a4017fffff
21793,880d9cb655fffff
21794,880d9d9693fffff
21795,880d838ddbfffff
21796,880d9d5507fffff
21797,880d83688dfffff
21798,880d9d3959fffff
21799,880d8a54c5fffff
21800,880d9d4cb7fffff
21801,880d999155fffff
21802,880d99bab7fffff
21803,880d9dc327fffff
21804,880d9d39e3fffff
21805,880d99a4a7fffff
21806,880d9ca033fffff
21807,880d834913fffff
21808,880d9dab1bfffff
21809,880d9d2501fffff
21810,880d99969dfffff
21811,880ca4d057fffff
21812,880d9d4217fffff
21813,880d822dabfffff
21814,880d99b603fffff
21815,880d99b1edfffff
21816,880d9d3ae3fffff
21817,880d9d14e7fffff
21818,880d8a5b67fffff
21819,880d99a057fffff
21820,880d9ca199fffff
21821,880d99a515fffff
21822,880d99ba2dfffff
21823,880d836f03fffff
21824,880d9d6f47fffff
21825,880d83c98bfffff
21826,880d9d45b5fffff
21827,880d99a967fffff
21828,880d9d7565fffff
21829,880d8a89cbfffff
21830,880d8a0d55fffff
21831,880d8acea5fffff
21832,880d9d6691fffff
21833,880d9d1159fffff
21834,880d830a55fffff
21835,880d9d5445fffff
21836,880d9da135fffff
21837,880d9da46bfffff
21838,880d83c6a9fffff
21839,880d8ad481fffff
21840,880d837153fffff
21841,880d8341b9fffff
21842,880d83cacdfffff
21843,880d9d2919fffff
21844,880ca4d811fffff
21845,880d8a49bdfffff
21846,880d9db327fffff
21847,880d8ac1b7fffff
21848,880d834a4bfffff
21849,880d9d7a55fffff
21850,880d9d64d7fffff
21851,880d8a10a9fffff
21852,880d835037fffff
21853,880d83c059fffff
21854,880d9d4c31fffff
21855,880d991453fffff
21856,880d9d7a25fffff
21857,880d9dc653fffff
21858,880d99b967fffff
21859,880d8a7509fffff
21860,880d9d0313fffff
21861,880d8a52c3fffff
21862,880d9d7905fffff
21863,880d8356e3fffff
21864,880d9d894dfffff
21865,880d8a4e83fffff
21866,880d836e5dfffff
21867,880d9d26e3fffff
21868,880d8a181dfffff
21869,880d8ad953fffff
21870,880d9d0adbfffff
21871,880d99d353fffff
21872,880d9d1423fffff
21873,880d9dcc29fffff
21874,880d9d1753fffff
21875,880d9c36e3fffff
21876,880d9d7645fffff
21877,880d9d18c3fffff
21878,880d8a699bfffff
21879,880d9cb48dfffff
21880,880d8ac661fffff
21881,880d835ab7fffff
21882,880d9d52d7fffff
21883,880d9d3839fffff
21884,880d9d6995fffff
21885,880d8a136dfffff
21886,880d9d3429fffff
21887,880d98b4d9fffff
21888,880d9d0109fffff
21889,880d830019fffff
21890,880d9d3255fffff
21891,880d838835fffff
21892,880d8a0d0bfffff
21893,880d9d0445fffff
21894,880d9d0695fffff
21895,880d9d6937fffff
21896,880d9d7915fffff
21897,880d9d3947fffff
21898,880d9ca21bfffff
21899,880d8300adfffff
21900,880d9d2811fffff
21901,880d9d2157fffff
21902,880ca4d997fffff
21903,880d9d0135fffff
21904,880d8a505bfffff
21905,880d9c3687fffff
21906,880d9dae6dfffff
21907,880ca4db15fffff
21908,880d834e67fffff
21909,880d8342dbfffff
21910,880d9d44bbfffff
21911,880d9dc9ebfffff
21912,880d830183fffff
21913,880d9d2667fffff
21914,880d99a843fffff
21915,880d9998bbfffff
21916,880d9d19abfffff
21917,880d9cb765fffff
21918,880d998247fffff
21919,880d9d56bdfffff
21920,880d83c1e5fffff
21921,880d83732bfffff
21922,880d9d6727fffff
21923,880d9dc6cbfffff
21924,880d83126bfffff
21925,880d9d7927fffff
21926,880d99b00bfffff
21927,880d998a15fffff
21928,880d99b10bfffff
21929,880d99b84bfffff
21930,880d8a552dfffff
21931,880d9d3933fffff
21932,880d9d2205fffff
21933,880d9dd9c9fffff
21934,880d834db7fffff
21935,880d8a5ab7fffff
21936,880d831761fffff
21937,880d83588bfffff
21938,880d836137fffff
21939,880d834ca3fffff
21940,880d9d0083fffff
21941,880d834b47fffff
21942,880d9dae29fffff
21943,880d8a448dfffff
21944,880d9d4661fffff
21945,880d9d0c63fffff
21946,880d9db233fffff
21947,880d9db2c5fffff
21948,880d8a694bfffff
21949,880d8348edfffff
21950,880d9d0955fffff
21951,880d8308c7fffff
21952,880d9dcd85fffff
21953,880d834883fffff
21954,880d99a101fffff
21955,880d8351edfffff
21956,880d837b3dfffff
21957,880d9d1603fffff
21958,880d8a1a1dfffff
21959,880d9cb6a5fffff
21960,880ca4d323fffff
21961,880d9d4013fffff
21962,880d9db335fffff
21963,880d8aced1fffff
21964,880d998743fffff
21965,880d9d40bbfffff
21966,880d9c86d3fffff
21967,880d9d080dfffff
21968,880d8e4995fffff
21969,880d9dca2bfffff
21970,880d8350e7fffff
21971,880d9d4e6dfffff
21972,880d9db80dfffff
21973,880d8a5643fffff
21974,880d834935fffff
21975,880d9c3745fffff
21976,880d9d670bfffff
21977,880d99b299fffff
21978,880d838ce3fffff
21979,880d9d15c3fffff
21980,880d9db5a7fffff
21981,880d834133fffff
21982,880d9d6149fffff
21983,880d9d1835fffff
21984,880d9d2421fffff
21985,880d8a7803fffff
21986,880d8ada2dfffff
21987,880d9dbb37fffff
21988,880d83cf07fffff
21989,880d822de1fffff
21990,880d8a61a1fffff
21991,880d999037fffff
21992,880ca4db61fffff
21993,880d9d8697fffff
21994,880d8a0abbfffff
21995,880d998555fffff
21996,880d83654dfffff
21997,880d9da847fffff
21998,880d9d6115fffff
21999,880ca4d82dfffff
22000,880d8a725dfffff
22001,880d838883fffff
22002,880d9d2227fffff
22003,880d8a00c7fffff
22004,880d9d2ddbfffff
22005,880d8a7929fffff
22006,880d9d455bfffff
22007,880d9d6c07fffff
22008,880d9d0dc5fffff
22009,880d836a29fffff
22010,880d831861fffff
22011,880d838d09fffff
22012,880d835755fffff
22013,880d9db89dfffff
22014,880d9d7883fffff
22015,880d8a1315fffff
22016,880d99a265fffff
22017,880d999253fffff
22018,880d9daa87fffff
22019,880d9d4287fffff
22020,880d9d741dfffff
22021,880d831adbfffff
22022,880d9d1167fffff
22023,880d9db991fffff
22024,880d822ea1fffff
22025,880d9cb697fffff
22026,880d8ad959fffff
22027,880d9dac67fffff
22028,880d9dadadfffff
22029,880d98b73bfffff
22030,880d8388ddfffff
22031,880d9c268dfffff
22032,880d8a1943fffff
22033,880d99906bfffff
22034,880d99ab65fffff
22035,880d8a1029fffff
22036,880d834283fffff
22037,880d9caf5dfffff
22038,880d834c67fffff
22039,880d99b863fffff
22040,880d9dd71bfffff
22041,880d8a5a27fffff
22042,880d99ad27fffff
22043,880d98b62bfffff
22044,880d834d47fffff
22045,880d98a6e1fffff
22046,880d8a70b7fffff
22047,880d9981c1fffff
22048,880d8a4c4bfffff
22049,880d9914c7fffff
22050,880d9dcc07fffff
22051,880d9dc9c7fffff
22052,880d9d7a27fffff
22053,880d8a61e5fffff
22054,880d9d79d9fffff
22055,880d9c221bfffff
22056,880d998ac5fffff
22057,880d9d06a1fffff
22058,880d9d500dfffff
22059,880d9ca525fffff
22060,880d99ac61fffff
22061,880d9da087fffff
22062,880d9d8db1fffff
22063,880d99a561fffff
22064,880d9d3449fffff
22065,880d8a006bfffff
22066,880d9d1a4dfffff
22067,880d9980dbfffff
22068,880d9d3547fffff
22069,880d830105fffff
22070,880d9dce5bfffff
22071,880d8a5a93fffff
22072,880d8e59a9fffff
22073,880d99d30bfffff
22074,880d8ac5dbfffff
22075,880d99a449fffff
22076,880d83782bfffff
22077,880d8a558dfffff
22078,880d9d2853fffff
22079,880d835893fffff
22080,880d99a31dfffff
22081,880d8a8aadfffff
22082,880d9d5007fffff
22083,880d9d0151fffff
22084,880d9db34bfffff
22085,880d8a4293fffff
22086,880d8a6315fffff
22087,880d8a4ad1fffff
22088,880d836a21fffff
22089,880d9dc735fffff
22090,880d8a52cbfffff
22091,880d9da9adfffff
22092,880d836985fffff
22093,880d836c27fffff
22094,880d9db2e3fffff
22095,880d9d809dfffff
22096,880d9db247fffff
22097,880d9990adfffff
22098,880d83c045fffff
22099,880d998dc9fffff
22100,880d83135dfffff
22101,880d837169fffff
22102,880d8a81bdfffff
22103,880d8a0a19fffff
22104,880d83c019fffff
22105,880d9d04c3fffff
22106,880d9dc015fffff
22107,880d9d6dddfffff
22108,880d9d0453fffff
22109,880d8a09d5fffff
22110,880d822c67fffff
22111,880d9d35d9fffff
22112,880d9dae37fffff
22113,880d83cdb5fffff
22114,880d9d633bfffff
22115,880d9dc145fffff
22116,880d99a96dfffff
22117,880d9daa39fffff
22118,880d9c2465fffff
22119,880d834d8bfffff
22120,880d8a7401fffff
22121,880d835a55fffff
22122,880d99ac6dfffff
22123,880d9d95bdfffff
22124,880d9d635dfffff
22125,880d9dc241fffff
22126,880d9d56dbfffff
22127,880d8a0a55fffff
22128,880d9996c9fffff
22129,880d8a724dfffff
22130,880d9ca623fffff
22131,880d8a4553fffff
22132,880d9d515bfffff
22133,880d822ca9fffff
22134,880d9d55edfffff
22135,880d993643fffff
22136,880d9d38c9fffff
22137,880d8e59e5fffff
22138,880d8acd51fffff
22139,880d8312c7fffff
22140,880d9ca743fffff
22141,880d9d2829fffff
22142,880d9dc591fffff
22143,880d999555fffff
22144,880d834b3bfffff
22145,880d9d38edfffff
22146,880d9914c1fffff
22147,880d830357fffff
22148,880d9d2343fffff
22149,880d9996ddfffff
22150,880d836e17fffff
22151,880d8a7989fffff
22152,880d8a528dfffff
22153,880d9d6debfffff
22154,880d837805fffff
22155,880d9dcd99fffff
22156,880d99bb47fffff
22157,880d99a349fffff
22158,880d834461fffff
22159,880d8388c9fffff
22160,880d9d3ac3fffff
22161,880d9db99bfffff
22162,880d8a1b65fffff
22163,880d9d1593fffff
22164,880d834a93fffff
22165,880ca4d619fffff
22166,880d8a195dfffff
22167,880d9d08c9fffff
22168,880d998627fffff
22169,880d83c0e1fffff
22170,880d9dba81fffff
22171,880d837b25fffff
22172,880d8345c9fffff
22173,880d9cb05bfffff
22174,880d836a5dfffff
22175,880d8e5835fffff
22176,880d8a11abfffff
22177,880d9c368bfffff
22178,880d9d522bfffff
22179,880ca4d70bfffff
22180,880d9d0951fffff
22181,880d8344d7fffff
22182,880d9d2261fffff
22183,880d99b985fffff
22184,880d8348d1fffff
22185,880d999985fffff
22186,880d8a18d1fffff
22187,880d9cb263fffff
22188,880d830e0bfffff
22189,880d8355a9fffff
22190,880d9981b7fffff
22191,880d998a91fffff
22192,880d831139fffff
22193,880d9d1589fffff
22194,880d998c2bfffff
22195,880d9dd113fffff
22196,880d822c21fffff
22197,880d8acdedfffff
22198,880d9dce9bfffff
22199,880d830d6bfffff
22200,880d9d6605fffff
22201,880d8a1b5dfffff
22202,880d9d10c7fffff
22203,880d9d308dfffff
22204,880d8a0285fffff
22205,880d991493fffff
22206,880d9d0887fffff
22207,880d9dd607fffff
22208,880d9d10b5fffff
22209,880d9d7667fffff
22210,880d8a6c65fffff
22211,880d8388e7fffff
22212,880d8a7267fffff
22213,880d8a4ec7fffff
22214,880d9d2a3dfffff
22215,880d8a88e3fffff
22216,880d8a5ab3fffff
22217,880d9dd869fffff
22218,880d99b33bfffff
22219,880d8359cbfffff
22220,880d8a18dbfffff
22221,880d8a0931fffff
22222,880d9d6acbfffff
22223,880d99b1c5fffff
22224,880d99a5bdfffff
22225,880d9d3251fffff
22226,880d99a595fffff
22227,880d9d751dfffff
22228,880d9d160bfffff
22229,880d834d0bfffff
22230,880d9d54e5fffff
22231,880d9d0ed9fffff
22232,880d9d7751fffff
22233,880d99ab67fffff
22234,880d9d0aa1fffff
22235,880d8368d3fffff
22236,880d9d89edfffff
22237,880d83c56bfffff
22238,880d8a5315fffff
22239,880d999713fffff
22240,880d8a6845fffff
22241,880d9dd333fffff
22242,880d9d2d65fffff
22243,880d99a203fffff
22244,880d998b41fffff
22245,880d83cd3bfffff
22246,880d99928dfffff
22247,880d8ac6d9fffff
22248,880d9cad1dfffff
22249,880d8a4d51fffff
22250,880d83c051fffff
22251,880d831319fffff
22252,880d9d2013fffff
22253,880d836865fffff
22254,880d9c34d9fffff
22255,880d8a88c7fffff
22256,880d9d5721fffff
22257,880d8371e5fffff
22258,880d9d273bfffff
22259,880d8a8a9bfffff
22260,880d9ca767fffff
22261,880d999aadfffff
22262,880d9d7825fffff
22263,880d9d61cbfffff
22264,880d8a6f4dfffff
22265,880d9c95c1fffff
22266,880d8308b9fffff
22267,880d99b635fffff
22268,880d99321dfffff
22269,880d8a6f59fffff
22270,880d9dd21bfffff
22271,880d9d6e5dfffff
22272,880d998315fffff
22273,880d9dca17fffff
22274,880d9cb353fffff
22275,880d8ac507fffff
22276,880d9d1533fffff
22277,880d9c3617fffff
22278,880d99b51bfffff
22279,880d9d0413fffff
22280,880d835317fffff
22281,880d83ca9dfffff
22282,880d9dd4edfffff
22283,880d8a8f2bfffff
22284,880d9dc91bfffff
22285,880d9dd03dfffff
22286,880d9dab01fffff
22287,880d8a4b2dfffff
22288,880d999045fffff
22289,880d9d4489fffff
22290,880d9dc0e3fffff
22291,880d99808dfffff
22292,880d9cb309fffff
22293,880d8ad483fffff
22294,880d9d32b5fffff
22295,880d8a020bfffff
22296,880d999965fffff
22297,880d9990d3fffff
22298,880d98b4adfffff
22299,880d9d6f23fffff
22300,880d9d4603fffff
22301,880d8a4ee1fffff
22302,880d9981e3fffff
22303,880d8a0769fffff
22304,880d9d021dfffff
22305,880d9dd351fffff
22306,880d9d1435fffff
22307,880d834533fffff
22308,880d8389abfffff
22309,880d99881bfffff
22310,880d8a62e9fffff
22311,880d9d5623fffff
22312,880d9cac1dfffff
22313,880ca4d083fffff
22314,880d9d368dfffff
22315,880d9caedbfffff
22316,880d836c07fffff
22317,880d9dce57fffff
22318,880d999043fffff
22319,880d9dc8dbfffff
22320,880d8a524dfffff
22321,880d834469fffff
22322,880d8a103dfffff
22323,880d8ad9ebfffff
22324,880d999227fffff
22325,880d9d891dfffff
22326,880d838d1dfffff
22327,880d9d2c0dfffff
22328,880d999687fffff
22329,880d8e4945fffff
22330,880d9d2107fffff
22331,880d834c9dfffff
22332,880d831547fffff
22333,880d9c2237fffff
22334,880d8ac5d7fffff
22335,880d9d46e9fffff
22336,880d830007fffff
22337,880d9dd629fffff
22338,880d9d02adfffff
22339,880d9986c7fffff
22340,880d9dd907fffff
22341,880d8a4137fffff
22342,880d835163fffff
22343,880d9d1135fffff
22344,880d8a6353fffff
22345,880d9db8a3fffff
22346,880d9994d3fffff
22347,880d9d961bfffff
22348,880d99925dfffff
22349,880d9dd055fffff
22350,880d9dd093fffff
22351,880d9d5359fffff
22352,880d8a5087fffff
22353,880d837133fffff
22354,880d99a2e5fffff
22355,880d9d064bfffff
22356,880d8a112bfffff
22357,880d834c85fffff
22358,880d9d420bfffff
22359,880d9c9589fffff
22360,880d9d0d63fffff
22361,880d8a0103fffff
22362,880d83c1c1fffff
22363,880d999ae5fffff
22364,880d8345a3fffff
22365,880d9d68e1fffff
22366,880d8349ddfffff
22367,880d8a0e25fffff
22368,880d9d7a1bfffff
22369,880d9d1b59fffff
22370,880d9c94a1fffff
22371,880d9dce65fffff
22372,880d83ca93fffff
22373,880d9d236bfffff
22374,880d8a1043fffff
22375,880d83cc43fffff
22376,880d9d4ec7fffff
22377,880d99d311fffff
22378,880d831003fffff
22379,880d8371e9fffff
22380,880d9d1863fffff
22381,880d9d1987fffff
22382,880d99a4e7fffff
22383,880d9d7a59fffff
22384,880d999735fffff
22385,880d9d760bfffff
22386,880d8a7511fffff
22387,880d836e11fffff
22388,880d99aac3fffff
22389,880d9d2a3bfffff
22390,880d8a4221fffff
22391,880d8a5993fffff
22392,880d83185dfffff
22393,880d8389c7fffff
22394,880d9d2807fffff
22395,880d83c8c1fffff
22396,880d8a0a11fffff
22397,880d8308e7fffff
22398,880d9db913fffff
22399,880d9c8753fffff
22400,880d9d7313fffff
22401,880d9dab59fffff
22402,880d99b2a1fffff
22403,880d8a120bfffff
22404,880d830e05fffff
22405,880d9dd489fffff
22406,880d838f39fffff
22407,880d98b6cbfffff
22408,880d99a011fffff
22409,880d8ac8d5fffff
22410,880d83609bfffff
22411,880d9d6619fffff
22412,880d9990a9fffff
22413,880d837269fffff
22414,880d9d341dfffff
22415,880d9998d5fffff
22416,880d8a69b9fffff
22417,880d830267fffff
22418,880d99a231fffff
22419,880d9c2605fffff
22420,880d831265fffff
22421,880d8a1b41fffff
22422,880d8aceb1fffff
22423,880d9d6355fffff
22424,880d9d4c45fffff
22425,880d9d19e1fffff
22426,880d9da72dfffff
22427,880d8ac8e9fffff
22428,880d9d640dfffff
22429,880d8a4239fffff
22430,880d9d52c1fffff
22431,880d835085fffff
22432,880d83680dfffff
22433,880d9d18e7fffff
22434,880d8a7aedfffff
22435,880d9dad57fffff
22436,880d836db5fffff
22437,880d9d3acbfffff
22438,880d9d7743fffff
22439,880d9d270bfffff
22440,880d9caf5bfffff
22441,880d9936d9fffff
22442,880d838c45fffff
22443,880d8a5039fffff
22444,880d9d0839fffff
22445,880d998507fffff
22446,880d9d185dfffff
22447,880d9d1367fffff
22448,880d9d4021fffff
22449,880d9dad31fffff
22450,880d99b0ebfffff
22451,880d83c9b1fffff
22452,880d9d52e5fffff
22453,880d8a6211fffff
22454,880d836721fffff
22455,880d9daf43fffff
22456,880d8a08c3fffff
22457,880d9d5269fffff
22458,880d9d25bdfffff
22459,880d8a5205fffff
22460,880d9d032dfffff
22461,880d8a4c9bfffff
22462,880ca4d807fffff
22463,880d83424bfffff
22464,880d8a52a7fffff
22465,880d9d71e9fffff
22466,880d83428dfffff
22467,880d9d1165fffff
22468,880d8a4369fffff
22469,880d9c96dbfffff
22470,880d8a8997fffff
22471,880d8a4085fffff
22472,880d9d72c3fffff
22473,880d8a5559fffff
22474,880ca4d12bfffff
22475,880d838f13fffff
22476,880d8a1841fffff
22477,880d9d18d1fffff
22478,880d83cf47fffff
22479,880d998357fffff
22480,880d9d0533fffff
22481,880d999451fffff
22482,880d9d2c81fffff
22483,880d9cb2cbfffff
22484,880d831121fffff
22485,880d8a440dfffff
22486,880d8a0c6bfffff
22487,880d837801fffff
22488,880d9d2cc1fffff
22489,880d9d5627fffff
22490,880d98b609fffff
22491,880d838ca5fffff
22492,880d9c96d5fffff
22493,880d99881dfffff
22494,880d9d40a7fffff
22495,880d9d4533fffff
22496,880d9d94d3fffff
22497,880d831b5bfffff
22498,880d9c865dfffff
22499,880d9c2453fffff
22500,880d9d771dfffff
22501,880d9d68b5fffff
22502,880d9d0c6bfffff
22503,880d9d2f59fffff
22504,880d9dd62bfffff
22505,880d9d321bfffff
22506,880d8ac9b1fffff
22507,880d9d30e5fffff
22508,880d9c34c3fffff
22509,880d9981e7fffff
22510,880d9d0163fffff
22511,880d8319e5fffff
22512,880d9d6347fffff
22513,880d998a35fffff
22514,880d99d329fffff
22515,880d836b09fffff
22516,880d9d61c9fffff
22517,880d9d7a03fffff
22518,880d99d2cdfffff
22519,880d9d0b25fffff
22520,880d999365fffff
22521,880d838cedfffff
22522,880d9d3749fffff
22523,880d9d15bdfffff
22524,880d83c999fffff
22525,880d9dd365fffff
22526,880d9caed9fffff
22527,880d9d2717fffff
22528,880d9d1459fffff
22529,880d9d4303fffff
22530,880d8ac657fffff
22531,880d9d4289fffff
22532,880d8a4c21fffff
22533,880d8a5a63fffff
22534,880d831b49fffff
22535,880d8300cdfffff
22536,880d8a585dfffff
22537,880d9d21b5fffff
22538,880d8a5481fffff
22539,880d8a514bfffff
22540,880d9ca5d1fffff
22541,880d831559fffff
22542,880d8a48d7fffff
22543,880ca4d61dfffff
22544,880d9d1021fffff
22545,880d835213fffff
22546,880d9dc281fffff
22547,880d9ca097fffff
22548,880d9d5415fffff
22549,880d83c1dbfffff
22550,880d9d6ed9fffff
22551,880d993653fffff
22552,880d9d5219fffff
22553,880d8a506bfffff
22554,880d9d51b9fffff
22555,880d83cc9dfffff
22556,880d9d5589fffff
22557,880d9dcea1fffff
22558,880d822cc5fffff
22559,880d9d2711fffff
22560,880d9d2037fffff
22561,880d9cb631fffff
22562,880d8e5821fffff
22563,880d99aebdfffff
22564,880d9d3767fffff
22565,880d831a01fffff
22566,880d830359fffff
22567,880d9d00e9fffff
22568,880d9dda2dfffff
22569,880d99b549fffff
22570,880d99a405fffff
22571,880d9d0859fffff
22572,880d834ca9fffff
22573,880d9d32b1fffff
22574,880d999987fffff
22575,880d9d1551fffff
22576,880d9d331dfffff
22577,880d9ca5c3fffff
22578,880d9dc535fffff
22579,880d9d32a9fffff
22580,880d9d3a59fffff
22581,880d9d2515fffff
22582,880d9dc85bfffff
22583,880d9c32bbfffff
22584,880d8a59b5fffff
22585,880d9dba0dfffff
22586,880d8a40a1fffff
22587,880d9cb44bfffff
22588,880d835545fffff
22589,880d99b4d5fffff
22590,880d999353fffff
22591,880d998a6bfffff
22592,880d9d4cb9fffff
22593,880d9d0db7fffff
22594,880d9c96e5fffff
22595,880d831145fffff
22596,880d9d9653fffff
22597,880d834463fffff
22598,880d9d1b2dfffff
22599,880d9d7051fffff
22600,880d9dce8dfffff
22601,880d83083bfffff
22602,880d999853fffff
22603,880d9d520dfffff
22604,880d9d2d99fffff
22605,880ca4d287fffff
22606,880d9d3231fffff
22607,880d8388a5fffff
22608,880d9c96d7fffff
22609,880d9d6c09fffff
22610,880d99d0ddfffff
22611,880d8acecdfffff
22612,880d831113fffff
22613,880d8a68c5fffff
22614,880d9d868bfffff
22615,880d8a4207fffff
22616,880d83c811fffff
22617,880d8a49e7fffff
22618,880d8369c1fffff
22619,880d9c225dfffff
22620,880d8301b5fffff
22621,880d9d7113fffff
22622,880d9d4c15fffff
22623,880d83c9b5fffff
22624,880d9d6005fffff
22625,880d834983fffff
22626,880d831a4dfffff
22627,880d8340abfffff
22628,880d8e59ebfffff
22629,880d83c133fffff
22630,880d9990c9fffff
22631,880d9dc083fffff
22632,880d9d14e3fffff
22633,880d9dc341fffff
22634,880d8a4d29fffff
22635,880d9992a9fffff
22636,880d8ad4a9fffff
22637,880d9db0b1fffff
22638,880ca4d569fffff
22639,880d8a595dfffff
22640,880d9d789bfffff
22641,880d8372b3fffff
22642,880d9dd6bdfffff
22643,880d9d7749fffff
22644,880d8311c9fffff
22645,880d9d94c9fffff
22646,880d9d30a5fffff
22647,880d836dc9fffff
22648,880d8a8899fffff
22649,880d998f23fffff
22650,880d8ac537fffff
22651,880d9d629bfffff
22652,880d9dcf51fffff
22653,880ca4d8cdfffff
22654,880d9d24c9fffff
22655,880d9d74cdfffff
22656,880d837a45fffff
22657,880d9d2327fffff
22658,880ca4d669fffff
22659,880d99802bfffff
22660,880d836919fffff
22661,880d9dccabfffff
22662,880d9dd603fffff
22663,880d99b217fffff
22664,880d9d323bfffff
22665,880d9d18ddfffff
22666,880d99a409fffff
22667,880d9d206bfffff
22668,880d9d2d6bfffff
22669,880d8ac4c9fffff
22670,880d9dcc9bfffff
22671,880d830f01fffff
22672,880d9d2541fffff
22673,880d8a022bfffff
22674,880d9dc8ebfffff
22675,880d8ad967fffff
22676,880d99aca9fffff
22677,880d9dd247fffff
22678,880d99b2c5fffff
22679,880d9d4081fffff
22680,880d8a0d49fffff
22681,880d9d1917fffff
22682,880d9dcc0bfffff
22683,880d9d65b3fffff
22684,880d83599dfffff
22685,880d8a48c1fffff
22686,880d998c91fffff
22687,880d9dc103fffff
22688,880d9d6cadfffff
22689,880d9d404bfffff
22690,880d99bb1dfffff
22691,880d9d7507fffff
22692,880d8a5503fffff
22693,880d8a076dfffff
22694,880d9d2cb1fffff
22695,880d998e11fffff
22696,880d8a81d5fffff
22697,880d9d2da9fffff
22698,880d8a7a21fffff
22699,880d834f37fffff
22700,880d99b1d7fffff
22701,880d9c3659fffff
22702,880d838a8dfffff
22703,880d8ad5a9fffff
22704,880d822f1bfffff
22705,880d8372e7fffff
22706,880d9d21a5fffff
22707,880d8378e1fffff
22708,880d9d3707fffff
22709,880d834107fffff
22710,880d9d41e3fffff
22711,880d837293fffff
22712,880d9d19a9fffff
22713,880d9dd243fffff
22714,880d98b4e3fffff
22715,880d9dc839fffff
22716,880d9d1647fffff
22717,880d9d3113fffff
22718,880d9d6611fffff
22719,880d9d061dfffff
22720,880d8a525bfffff
22721,880d9d5719fffff
22722,880d8301d9fffff
22723,880d822c55fffff
22724,880d83c693fffff
22725,880d9dd057fffff
22726,880d9d6287fffff
22727,880d831509fffff
22728,880d9cb749fffff
22729,880d8369b7fffff
22730,880d99963dfffff
22731,880d834c33fffff
22732,880d999935fffff
22733,880d9c265dfffff
22734,880d98a65dfffff
22735,880d998527fffff
22736,880d83c691fffff
22737,880d9d1547fffff
22738,880d83c68bfffff
22739,880d999933fffff
22740,880d8388e5fffff
22741,880d9c3665fffff
22742,880d9d473dfffff
22743,880d9cace1fffff
22744,880d9d6aedfffff
22745,880d8a4767fffff
22746,880d83c8bbfffff
22747,880d8ac833fffff
22748,880d9ca491fffff
22749,880d8a4f05fffff
22750,880d83ca31fffff
22751,880d9d01cdfffff
22752,880d9d605bfffff
22753,880d9d36ddfffff
22754,880d9d51b3fffff
22755,880d99a669fffff
22756,880d9d2109fffff
22757,880d83580bfffff
22758,880d999905fffff
22759,880d9d6d81fffff
22760,880d9914c5fffff
22761,880d998b67fffff
22762,880d9d1557fffff
22763,880d99a1b1fffff
22764,880d9c96e7fffff
22765,880d9d3517fffff
22766,880d8a4609fffff
22767,880d822c99fffff
22768,880d83cc15fffff
22769,880d9d06cbfffff
22770,880d8a0835fffff
22771,880d9d52cbfffff
22772,880ca4d02dfffff
22773,880d8a8111fffff
22774,880d99a805fffff
22775,880d8e580dfffff
22776,880d8a0085fffff
22777,880d9d94b5fffff
22778,880d99853bfffff
22779,880ca4d967fffff
22780,880d9d459dfffff
22781,880d9cb44dfffff
22782,880d8adb31fffff
22783,880d8a11c7fffff
22784,880d9d79b3fffff
22785,880d9d0dc9fffff
22786,880d9dc985fffff
22787,880d834e23fffff
22788,880d9d1655fffff
22789,880d8a0311fffff
22790,880d9dd749fffff
22791,880d99a107fffff
22792,880d99b559fffff
22793,880d834743fffff
22794,880d9d4241fffff
22795,880ca4d133fffff
22796,880d9d32d7fffff
22797,880d8a59b7fffff
22798,880d9d64e1fffff
22799,880d9d204bfffff
22800,880d9ca73bfffff
22801,880d9d4519fffff
22802,880d83881dfffff
22803,880ca4dae1fffff
22804,880d9c24dbfffff
22805,880d9996c3fffff
22806,880d9dc251fffff
22807,880d831245fffff
22808,880d834c4dfffff
22809,880d8a1b0dfffff
22810,880d8311cbfffff
22811,880d838dc3fffff
22812,880d9d375dfffff
22813,880d99ad67fffff
22814,880d9d3147fffff
22815,880d8a7aa5fffff
22816,880d9ca481fffff
22817,880d9d40e3fffff
22818,880d9d4db3fffff
22819,880d83464bfffff
22820,880d999129fffff
22821,880d9c26c1fffff
22822,880d9d0587fffff
22823,880d9db117fffff
22824,880d8352e5fffff
22825,880d8a7a3bfffff
22826,880d9db933fffff
22827,880d9d0f67fffff
22828,880d99b1bbfffff
22829,880d8a108dfffff
22830,880d9d6297fffff
22831,880d8a536bfffff
22832,880d9d0b4dfffff
22833,880d838aabfffff
22834,880d98b6dbfffff
22835,880ca4db6bfffff
22836,880d98a4b9fffff
22837,880d831721fffff
22838,880d8a5469fffff
22839,880d99b025fffff
22840,880d991655fffff
22841,880d9d1421fffff
22842,880d8a4cbbfffff
22843,880d831097fffff
22844,880d998591fffff
22845,880d99b5b1fffff
22846,880d999a97fffff
22847,880d9d755dfffff
22848,880d8a6acbfffff
22849,880d9dc741fffff
22850,880d83ca8dfffff
22851,880d9d746bfffff
22852,880d8a5899fffff
22853,880d99a8b3fffff
22854,880d99b2a3fffff
22855,880d9d36b5fffff
22856,880d9d6f49fffff
22857,880d83cdcdfffff
22858,880d99a685fffff
22859,880d8351a7fffff
22860,880d831845fffff
22861,880d83189dfffff
22862,880d8a4091fffff
22863,880d8acc35fffff
22864,880d822db5fffff
22865,880d8ac89bfffff
22866,880d9d64cbfffff
22867,880d9d64b5fffff
22868,880d8acc53fffff
22869,880d9d45bdfffff
22870,880d9d94a7fffff
22871,880d9dc1a1fffff
22872,880d836857fffff
22873,880d8a5141fffff
22874,880d9d4045fffff
22875,880d836ddbfffff
22876,880d9dca61fffff
22877,880d8a031bfffff
22878,880d999a4bfffff
22879,880d8a4e0bfffff
22880,880d998ad7fffff
22881,880d9d46a5fffff
22882,880d834d81fffff
22883,880d999837fffff
22884,880d8ac6a5fffff
22885,880d9d5581fffff
22886,880d998c21fffff
22887,880d9d09ebfffff
22888,880d83686bfffff
22889,880d8e5995fffff
22890,880d9d76b1fffff
22891,880d8a1ad5fffff
22892,880d9ca737fffff
22893,880d8372bdfffff
22894,880d8a4da7fffff
22895,880d8a583dfffff
22896,880d83583bfffff
22897,880d83cab1fffff
22898,880d837261fffff
22899,880d8a755dfffff
22900,880d998d1dfffff
22901,880d9d5083fffff
22902,880d9cb195fffff
22903,880d8a520bfffff
22904,880d99b659fffff
22905,880d83c899fffff
22906,880d822e33fffff
22907,880d9d2ea5fffff
22908,880d9d5013fffff
22909,880d9c2413fffff
22910,880ca4d89bfffff
22911,880d834113fffff
22912,880d9d54e1fffff
22913,880d8a1019fffff
22914,880d9da14bfffff
22915,880d9d8703fffff
22916,880d9d7357fffff
22917,880d8a4c85fffff
22918,880d998a37fffff
22919,880d998209fffff
22920,880d8a46a1fffff
22921,880d9d1189fffff
22922,880d834b37fffff
22923,880d83699dfffff
22924,880d9d345bfffff
22925,880d99a327fffff
22926,880d9d1a89fffff
22927,880d9d4667fffff
22928,880d9ca713fffff
22929,880d9dd8e1fffff
22930,880d9cac0bfffff
22931,880d99d0c1fffff
22932,880d8a81b7fffff
22933,880d9d361dfffff
22934,880d9d25a9fffff
22935,880d83506dfffff
22936,880d9dc621fffff
22937,880d9dc343fffff
22938,880d9d0a33fffff
22939,880d831a0bfffff
22940,880d9d011bfffff
22941,880d9d4dd1fffff
22942,880d8adb15fffff
22943,880d9c22c5fffff
22944,880d831163fffff
22945,880d9916b9fffff
22946,880d8a0b45fffff
22947,880d837297fffff
22948,880d8a1281fffff
22949,880d8e59c5fffff
22950,880d8a5945fffff
22951,880d9dad65fffff
22952,880d8a1299fffff
22953,880d9dc557fffff
22954,880d8a811dfffff
22955,880d99af25fffff
22956,880d9d8615fffff
22957,880d9c2653fffff
22958,880d9d0ccdfffff
22959,880d9d2b2bfffff
22960,880d83c029fffff
22961,880d83524bfffff
22962,880d9d6b6dfffff
22963,880d8acdc3fffff
22964,880d8300e9fffff
22965,880d99a8d5fffff
22966,880d9d4581fffff
22967,880d8a69b5fffff
22968,880d8e5947fffff
22969,880d99a753fffff
22970,880d9d3439fffff
22971,880d9d2851fffff
22972,880d998605fffff
22973,880d831361fffff
22974,880d9d0021fffff
22975,880d9d1839fffff
22976,880d99a36bfffff
22977,880d8a130bfffff
22978,880d9dd493fffff
22979,880d8ac429fffff
22980,880d99945bfffff
22981,880d834e3bfffff
22982,880d9d95b1fffff
22983,880d9d1143fffff
22984,880d9c9593fffff
22985,880d9d695bfffff
22986,880d9c2407fffff
22987,880d9da011fffff
22988,880d9dc807fffff
22989,880d836093fffff
22990,880d99876bfffff
22991,880d83409bfffff
22992,880d9ddb35fffff
22993,880d8a5459fffff
22994,880d8a50e9fffff
22995,880d9dd8b3fffff
22996,880d9d721dfffff
22997,880d9d06c9fffff
22998,880d8ac9c7fffff
22999,880d9d2661fffff
23000,880d8319b3fffff
23001,880d99a1b3fffff
23002,880d98b727fffff
23003,880d9dd251fffff
23004,880d83cae9fffff
23005,880d9c375dfffff
23006,880d99a74bfffff
23007,880d9d0ccbfffff
23008,880d8a0a63fffff
23009,880d9d3b19fffff
23010,880d8a5197fffff
23011,880d9d29a1fffff
23012,880d9d28e1fffff
23013,880d8a5403fffff
23014,880d9dd667fffff
23015,880d99a0abfffff
23016,880d8ad937fffff
23017,880d99ae4dfffff
23018,880d9d6963fffff
23019,880d9d865dfffff
23020,880d9ddab9fffff
23021,880d8311b7fffff
23022,880d99a711fffff
23023,880d9daf09fffff
23024,880ca4d981fffff
23025,880d9d690dfffff
23026,880d9d293bfffff
23027,880d8a4ca1fffff
23028,880d99b4ddfffff
23029,880d9995d5fffff
23030,880d9d6857fffff
23031,880d9ca569fffff
23032,880d831281fffff
23033,880d9d18b7fffff
23034,880d830f67fffff
23035,880d8acc11fffff
23036,880d8a191dfffff
23037,880d830321fffff
23038,880d9cb729fffff
23039,880d8a40b1fffff
23040,880d8a45cbfffff
23041,880d9db145fffff
23042,880d9ca207fffff
23043,880d8388d3fffff
23044,880d8ac8e1fffff
23045,880d9d0e95fffff
23046,880d8a12ebfffff
23047,880d9d6a47fffff
23048,880d822cb1fffff
23049,880d8ad597fffff
23050,880d8a1ad3fffff
23051,880d9dc9d1fffff
23052,880d8ac0bdfffff
23053,880d8e4b33fffff
23054,880d836f39fffff
23055,880d9d2a8dfffff
23056,880d9dd887fffff
23057,880d99952bfffff
23058,880d9d7695fffff
23059,880d9daf49fffff
23060,880d9d9587fffff
23061,880d8a772dfffff
23062,880d9d25e5fffff
23063,880d9d15b9fffff
23064,880d9d61a9fffff
23065,880d999429fffff
23066,880d9db025fffff
23067,880d9d0dabfffff
23068,880d9dd985fffff
23069,880d9d0665fffff
23070,880d831231fffff
23071,880d8a6f37fffff
23072,880d835321fffff
23073,880d9dd981fffff
23074,880d8a4337fffff
23075,880d831109fffff
23076,880d9ca503fffff
23077,880d998211fffff
23078,880d99b8cbfffff
23079,880d83ce2dfffff
23080,880d8a4865fffff
23081,880d9da503fffff
23082,880d9db859fffff
23083,880d835195fffff
23084,880ca4d667fffff
23085,880d9d68ebfffff
23086,880d8310d7fffff
23087,880d8a1901fffff
23088,880d9dca81fffff
23089,880d9c2207fffff
23090,880d8389a7fffff
23091,880d99ae37fffff
23092,880d8a4f1dfffff
23093,880d8a5609fffff
23094,880d8a7b63fffff
23095,880d998e87fffff
23096,880d8e49e1fffff
23097,880d9d0f3dfffff
23098,880d8368c3fffff
23099,880d9dc219fffff
23100,880d9982c9fffff
23101,880d8a8b11fffff
23102,880d8354cbfffff
23103,880d9d7653fffff
23104,880d9ca541fffff
23105,880d9d61c5fffff
23106,880d830d23fffff
23107,880d8a7341fffff
23108,880d9db8abfffff
23109,880d99b03dfffff
23110,880d9dd087fffff
23111,880d831011fffff
23112,880d9916b7fffff
23113,880d9ca4d9fffff
23114,880d98a6a9fffff
23115,880d8a8f31fffff
23116,880d9d506dfffff
23117,880d9d2345fffff
23118,880d8a59a7fffff
23119,880d8a1915fffff
23120,880d98b74bfffff
23121,880d99a16dfffff
23122,880d8acd0bfffff
23123,880ca4d099fffff
23124,880d9d9687fffff
23125,880d99b1adfffff
23126,880d8ac703fffff
23127,880d838c17fffff
23128,880d99a8a1fffff
23129,880d9d6759fffff
23130,880d99b8adfffff
23131,880d8a1117fffff
23132,880d9da311fffff
23133,880d999845fffff
23134,880d83c541fffff
23135,880d9d42e9fffff
23136,880d8a7b5dfffff
23137,880d9d84b9fffff
23138,880d9dc56bfffff
23139,880d8a4063fffff
23140,880d8acd35fffff
23141,880d991617fffff
23142,880d9d86a9fffff
23143,880d9d252dfffff
23144,880d99d281fffff
23145,880d830107fffff
23146,880d9dab6dfffff
23147,880d9dced9fffff
23148,880d8ac65dfffff
23149,880ca4d75dfffff
23150,880d9d31c9fffff
23151,880d8a090bfffff
23152,880d830a83fffff
23153,880d9dab25fffff
23154,880d835119fffff
23155,880d8a8b37fffff
23156,880d8a46c3fffff
23157,880ca4d827fffff
23158,880d835929fffff
23159,880d9db267fffff
23160,880d9dceadfffff
23161,880d8ac8c3fffff
23162,880ca4d937fffff
23163,880d830d9dfffff
23164,880d834ed7fffff
23165,880d9d968dfffff
23166,880d98b663fffff
23167,880d835b51fffff
23168,880d9d6cb5fffff
23169,880d8a59e5fffff
23170,880d9d11d9fffff
23171,880d8a4a31fffff
23172,880d99b11bfffff
23173,880d8a0813fffff
23174,880d8358b3fffff
23175,880d9dc541fffff
23176,880d830a4dfffff
23177,880d9c96a5fffff
23178,880d9d0527fffff
23179,880d8ac59bfffff
23180,880d837043fffff
23181,880d83c185fffff
23182,880d9d4ee7fffff
23183,880d9da9c1fffff
23184,880d9d248dfffff
23185,880d837ae5fffff
23186,880d9d7327fffff
23187,880d998e15fffff
23188,880d9d68e9fffff
23189,880d9d6cedfffff
23190,880d9d6c3bfffff
23191,880d9dda25fffff
23192,880d8a44dbfffff
23193,880d8a4405fffff
23194,880d9d75c9fffff
23195,880d8ac441fffff
23196,880d9db237fffff
23197,880d9d686dfffff
23198,880d8350a7fffff
23199,880d999b39fffff
23200,880d9dc181fffff
23201,880d8ac567fffff
23202,880d9d1825fffff
23203,880d9da2b1fffff
23204,880d9d50e5fffff
23205,880d9dc0b1fffff
23206,880d9d8b21fffff
23207,880d835297fffff
23208,880d998e4dfffff
23209,880d830037fffff
23210,880d8a886bfffff
23211,880d9d304bfffff
23212,880d8a443dfffff
23213,880d83080dfffff
23214,880d8a4193fffff
23215,880d999849fffff
23216,880d9dc717fffff
23217,880d8acc25fffff
23218,880d9d1503fffff
23219,880d9d4691fffff
23220,880d8a0139fffff
23221,880d9d219dfffff
23222,880d9d35d1fffff
23223,880d99b195fffff
23224,880d9c3737fffff
23225,880d9d709dfffff
23226,880d9d0f05fffff
23227,880d98b46bfffff
23228,880d999aa1fffff
23229,880d835a8bfffff
23230,880d8ad4d5fffff
23231,880d9c94d5fffff
23232,880d837921fffff
23233,880d9c2739fffff
23234,880d9d7a15fffff
23235,880d9c34edfffff
23236,880d99d2e3fffff
23237,880d9986c3fffff
23238,880d9dda15fffff
23239,880d9dc805fffff
23240,880d9d7187fffff
23241,880d8a4d9dfffff
23242,880d83c03bfffff
23243,880d9da1bdfffff
23244,880d9cae0bfffff
23245,880d99a199fffff
23246,880d8a01a7fffff
23247,880d9dd4cdfffff
23248,880d8ac6ebfffff
23249,880d9dcda3fffff
23250,880d822d9dfffff
23251,880d836a55fffff
23252,880d9da55bfffff
23253,880d9dab3bfffff
23254,880d9d9453fffff
23255,880d9994b3fffff
23256,880d830b13fffff
23257,880d8a1813fffff
23258,880d9dd33dfffff
23259,880d8350d3fffff
23260,880d9dba8bfffff
23261,880d8a581dfffff
23262,880d9d29b3fffff
23263,880d9d350dfffff
23264,880d99a443fffff
23265,880d9cacc3fffff
23266,880d99a8d1fffff
23267,880d9d71a7fffff
23268,880d9d3a57fffff
23269,880d8a403bfffff
23270,880d834557fffff
23271,880d99aa11fffff
23272,880d8a5b5dfffff
23273,880d8a889dfffff
23274,880ca4d601fffff
23275,880d830ad3fffff
23276,880d9d569dfffff
23277,880d83491bfffff
23278,880d9d8737fffff
23279,880d9ca0b5fffff
23280,880d8ac08dfffff
23281,880d8a7091fffff
23282,880d9d1831fffff
23283,880d9d62edfffff
23284,880d9d84c7fffff
23285,880d9d0d07fffff
23286,880d83c5cbfffff
23287,880d9d31edfffff
23288,880d9d86dbfffff
23289,880d8a4e59fffff
23290,880d9dd311fffff
23291,880d9ca52bfffff
23292,880d9d248bfffff
23293,880d9ca09dfffff
23294,880d9d24cdfffff
23295,880d9d35d3fffff
23296,880d9dd619fffff
23297,880d9d469dfffff
23298,880d9cada7fffff
23299,880d9ca441fffff
23300,880d9d9651fffff
23301,880d9d0b57fffff
23302,880d9d2809fffff
23303,880ca4d09dfffff
23304,880d9d6e63fffff
23305,880d835ad9fffff
23306,880d9d0d23fffff
23307,880d9d302bfffff
23308,880d9d54cdfffff
23309,880d99a8ebfffff
23310,880d99904dfffff
23311,880d830ab1fffff
23312,880d9c36c9fffff
23313,880d8a5909fffff
23314,880d9d6cd9fffff
23315,880d9dca01fffff
23316,880d9d40adfffff
23317,880d9d0981fffff
23318,880d8a4f11fffff
23319,880d835b23fffff
23320,880d835691fffff
23321,880d8355ddfffff
23322,880d9d9417fffff
23323,880d9caca5fffff
23324,880d9d2241fffff
23325,880d8389ddfffff
23326,880d999a6dfffff
23327,880ca4db5dfffff
23328,880d8e4b35fffff
23329,880d9ca2e3fffff
23330,880d998ee9fffff
23331,880d9c349bfffff
23332,880d9d94b3fffff
23333,880d8301dbfffff
23334,880d9db1a1fffff
23335,880d8a1195fffff
23336,880d8a5359fffff
23337,880d9d6c85fffff
23338,880d999589fffff
23339,880d9ca263fffff
23340,880d834e9bfffff
23341,880d9dd155fffff
23342,880d9c26a5fffff
23343,880d99b4b7fffff
23344,880ca4c365fffff
23345,880d835a15fffff
23346,880d9d4439fffff
23347,880d9c3519fffff
23348,880d9da741fffff
23349,880d9d39b1fffff
23350,880d9d166dfffff
23351,880d998a4bfffff
23352,880d831a35fffff
23353,880d9d4015fffff
23354,880d9d2e93fffff
23355,880d8a48b1fffff
23356,880d9c2297fffff
23357,880d9db835fffff
23358,880d9981b3fffff
23359,880d83703dfffff
23360,880d9d35c3fffff
23361,880d8a6d97fffff
23362,880d9d05b5fffff
23363,880d9dc703fffff
23364,880d830015fffff
23365,880d9d4cd7fffff
23366,880d9dac1dfffff
23367,880d9d2e27fffff
23368,880d8a4625fffff
23369,880d836e49fffff
23370,880d9d2531fffff
23371,880d9d351dfffff
23372,880d8318cdfffff
23373,880d99a70dfffff
23374,880d9d14e5fffff
23375,880d9d3753fffff
23376,880d9d4719fffff
23377,880d9d5309fffff
23378,880d9d1527fffff
23379,880d9d6751fffff
23380,880d837241fffff
23381,880d9d05d1fffff
23382,880d9d0819fffff
23383,880d9dbaedfffff
23384,880d836947fffff
23385,880d834589fffff
23386,880d837365fffff
23387,880d9dc6d3fffff
23388,880d834945fffff
23389,880d9d6d51fffff
23390,880d9c342bfffff
23391,880d99a521fffff
23392,880d9d18ebfffff
23393,880d9caecdfffff
23394,880d9d35e3fffff
23395,880d9c3587fffff
23396,880d9d95d1fffff
23397,880d9d5635fffff
23398,880d8a5a1bfffff
23399,880d9dadc3fffff
23400,880d9d25c9fffff
23401,880d9d7a31fffff
23402,880d9dc22bfffff
23403,880d9d1183fffff
23404,880d8a0addfffff
23405,880d9991b5fffff
23406,880d9c86e9fffff
23407,880d98b443fffff
23408,880d8340adfffff
23409,880d99a949fffff
23410,880d9dc8d3fffff
23411,880d9d3715fffff
23412,880d9d4417fffff
23413,880d83c0b9fffff
23414,880d9d2513fffff
23415,880d8a7527fffff
23416,880d9d0ea5fffff
23417,880d99b607fffff
23418,880d9d04cbfffff
23419,880d9d2297fffff
23420,880d9daabbfffff
23421,880d8a4945fffff
23422,880d8a5523fffff
23423,880d9d0f6dfffff
23424,880d9dd953fffff
23425,880d999b61fffff
23426,880d835241fffff
23427,880d8311a1fffff
23428,880d9dc81bfffff
23429,880d8a4153fffff
23430,880d9d745dfffff
23431,880d8a092bfffff
23432,880d9d10b7fffff
23433,880d9db325fffff
23434,880d8355b5fffff
23435,880d8a4503fffff
23436,880d9db227fffff
23437,880d9dc9e1fffff
23438,880d9dd715fffff
23439,880d9dbacbfffff
23440,880d9d1641fffff
23441,880d831111fffff
23442,880d99809bfffff
23443,880d830917fffff
23444,880d991693fffff
23445,880d8361b7fffff
23446,880d8319bdfffff
23447,880d9dd12bfffff
23448,880d9d0b55fffff
23449,880d836547fffff
23450,880d831755fffff
23451,880d9cac37fffff
23452,880ca4d8b3fffff
23453,880d999517fffff
23454,880d9d7aa3fffff
23455,880d9cb589fffff
23456,880d9ca6d7fffff
23457,880d8a1093fffff
23458,880d9da063fffff
23459,880d8a1a0dfffff
23460,880d8a68a7fffff
23461,880d9cb5bdfffff
23462,880d9d642bfffff
23463,880d9d4dc9fffff
23464,880d8a4513fffff
23465,880d9dcebdfffff
23466,880d9dd01bfffff
23467,880d83791bfffff
23468,880d836e03fffff
23469,880d8a02a7fffff
23470,880d9db181fffff
23471,880d999a1dfffff
23472,880d9984adfffff
23473,880d8a55b3fffff
23474,880d8a0a61fffff
23475,880d9cb747fffff
23476,880d9dca4bfffff
23477,880ca4d321fffff
23478,880d8ace87fffff
23479,880d9c96e9fffff
23480,880d83c517fffff
23481,880d99ae3bfffff
23482,880d834ec9fffff
23483,880d9d2c51fffff
23484,880d8ac2d1fffff
23485,880d998105fffff
23486,880d831089fffff
23487,880d9d7129fffff
23488,880d9d183bfffff
23489,880d9d2f13fffff
23490,880d8a01bbfffff
23491,880ca4d9ddfffff
23492,880d8a1233fffff
23493,880d8a5a17fffff
23494,880d9d86e5fffff
23495,880d8ac417fffff
23496,880d9d28c5fffff
23497,880d9dd559fffff
23498,880d9dc2edfffff
23499,880d8a4929fffff
23500,880d999007fffff
23501,880d8301c1fffff
23502,880d9d6da5fffff
23503,880d99b9d9fffff
23504,880d9d6e99fffff
23505,880d99b80bfffff
23506,880d831367fffff
23507,880ca4d145fffff
23508,880d8a432dfffff
23509,880ca4d155fffff
23510,880d9dd461fffff
23511,880d99b717fffff
23512,880d8a4a8bfffff
23513,880d834de9fffff
23514,880d9d3035fffff
23515,880d998815fffff
23516,880d9d20adfffff
23517,880d8a58ddfffff
23518,880d999203fffff
23519,880d9d6525fffff
23520,880d99ba4bfffff
23521,880d9998b5fffff
23522,880d9d32adfffff
23523,880d831529fffff
23524,880d9dc9d7fffff
23525,880d9d374bfffff
23526,880d831505fffff
23527,880d837b29fffff
23528,880d822d81fffff
23529,880d9dd63bfffff
23530,880d999a23fffff
23531,880d9dc619fffff
23532,880d9d2195fffff
23533,880d99b453fffff
23534,880d9d6323fffff
23535,880d9d79a3fffff
23536,880d83706bfffff
23537,880d837a2dfffff
23538,880d998599fffff
23539,880d9d541dfffff
23540,880d9cad3dfffff
23541,880d834103fffff
23542,880d9d400dfffff
23543,880d835a2bfffff
23544,880d835143fffff
23545,880d9cb441fffff
23546,880d8a0945fffff
23547,880d8302c5fffff
23548,880d838f6dfffff
23549,880d998f53fffff
23550,880d9daa15fffff
23551,880d8e496bfffff
23552,880d8358e3fffff
23553,880d83791dfffff
23554,880d9d051dfffff
23555,880d8ac4abfffff
23556,880d9d5063fffff
23557,880d9d4dbbfffff
23558,880d8360c1fffff
23559,880d9d7437fffff
23560,880d998415fffff
23561,880d9d56c5fffff
23562,880d9d761dfffff
23563,880d998ed3fffff
23564,880d8a5a51fffff
23565,880d9cb657fffff
23566,880d836e1dfffff
23567,880ca4d613fffff
23568,880d9ca5edfffff
23569,880d835263fffff
23570,880d98b635fffff
23571,880d837025fffff
23572,880d837a0bfffff
23573,880d9d50a1fffff
23574,880d9d6529fffff
23575,880d9d155dfffff
23576,880d9c3299fffff
23577,880d9d7531fffff
23578,880d998297fffff
23579,880d9d39d9fffff
23580,880d9d2d43fffff
23581,880d99ba99fffff
23582,880d999b57fffff
23583,880d9d2719fffff
23584,880d83cdd5fffff
23585,880d8ac4a5fffff
23586,880d9dba89fffff
23587,880d99b515fffff
23588,880d9d0667fffff
23589,880d9d44d1fffff
23590,880d9d0b21fffff
23591,880d835a05fffff
23592,880d9d0e11fffff
23593,880d8a5461fffff
23594,880d999641fffff
23595,880d9d29c7fffff
23596,880d8e49b9fffff
23597,880d8340c1fffff
23598,880d9da935fffff
23599,880d8a4aa7fffff
23600,880d83ccc9fffff
23601,880d9db805fffff
23602,880d8a1305fffff
23603,880d83636dfffff
23604,880d9d1163fffff
23605,880d99b9bbfffff
23606,880d9d6895fffff
23607,880ca4d80dfffff
23608,880d99aa31fffff
23609,880d9d3895fffff
23610,880d999303fffff
23611,880d9d5711fffff
23612,880d9d1a17fffff
23613,880d8348d7fffff
23614,880d9cb093fffff
23615,880d8a6ac9fffff
23616,880d8ac881fffff
23617,880d9cb701fffff
23618,880d8a1833fffff
23619,880d8a4259fffff
23620,880d9d1a5dfffff
23621,880d8a4931fffff
23622,880d9d2359fffff
23623,880d9d5321fffff
23624,880d8a4e09fffff
23625,880d99968dfffff
23626,880d83cd0bfffff
23627,880d8a4d2dfffff
23628,880d9dc44dfffff
23629,880d9c263bfffff
23630,880d830919fffff
23631,880d98a653fffff
23632,880d9d626dfffff
23633,880d9d6957fffff
23634,880d822eabfffff
23635,880d837b19fffff
23636,880d9dbb35fffff
23637,880d9d05c5fffff
23638,880d83543dfffff
23639,880d9dbabdfffff
23640,880d8a1939fffff
23641,880d9d6167fffff
23642,880d99a0e5fffff
23643,880d831525fffff
23644,880d9d7333fffff
23645,880d9d4edbfffff
23646,880d9cb45dfffff
23647,880d8a4ea9fffff
23648,880d9ca625fffff
23649,880d834e6dfffff
23650,880d831b11fffff
23651,880d9d08c5fffff
23652,880d9ca5dbfffff
23653,880d836321fffff
23654,880d8379c7fffff
23655,880d99ae09fffff
23656,880d9980a3fffff
23657,880d834a1bfffff
23658,880ca4d98bfffff
23659,880d9cb0b9fffff
23660,880d838e23fffff
23661,880d9ddb0bfffff
23662,880d8adb19fffff
23663,880d835659fffff
23664,880d8a01e1fffff
23665,880d99b489fffff
23666,880d8a0d5bfffff
23667,880d8358c7fffff
23668,880d9d2519fffff
23669,880ca4dadbfffff
23670,880d99932bfffff
23671,880d8a4a9dfffff
23672,880d8a5625fffff
23673,880d9d204dfffff
23674,880d8a0ab1fffff
23675,880d83cc0dfffff
23676,880d8a4c37fffff
23677,880d9dc1ddfffff
23678,880d9d55dbfffff
23679,880d9dcd83fffff
23680,880d9db183fffff
23681,880d9d0ec5fffff
23682,880d8a8897fffff
23683,880d9c9663fffff
23684,880d8e5805fffff
23685,880d8a6d49fffff
23686,880d8a5a31fffff
23687,880d8a5491fffff
23688,880d998c15fffff
23689,880d8a0ad9fffff
23690,880d9d40c7fffff
23691,880d99ac83fffff
23692,880d9dca07fffff
23693,880d9d2f45fffff
23694,880d9c9607fffff
23695,880d8a5117fffff
23696,880d9da515fffff
23697,880d9dd0bdfffff
23698,880d998d99fffff
23699,880d9d41e7fffff
23700,880d9d4421fffff
23701,880d9d16b1fffff
23702,880d9dab41fffff
23703,880d8308c1fffff
23704,880d9d660bfffff
23705,880d9d163dfffff
23706,880d9994b1fffff
23707,880d9dd825fffff
23708,880d9d4e51fffff
23709,880d8a46e9fffff
23710,880d9d7007fffff
23711,880d8389d1fffff
23712,880d9d2de7fffff
23713,880d8a4157fffff
23714,880d8a0c49fffff
23715,880d999055fffff
23716,880d9da261fffff
23717,880d8a50d1fffff
23718,880d9d89adfffff
23719,880d9d94edfffff
23720,880d834921fffff
23721,880d83088bfffff
23722,880d98a4b1fffff
23723,880d9d00adfffff
23724,880d835895fffff
23725,880d98b449fffff
23726,880d837a87fffff
23727,880ca4da19fffff
23728,880d8a08a1fffff
23729,880d830f63fffff
23730,880d8a6da1fffff
23731,880d9dc841fffff
23732,880d830e67fffff
23733,880d9dc45bfffff
23734,880d9dc8a9fffff
23735,880d9dd9b7fffff
23736,880d999447fffff
23737,880d9da463fffff
23738,880d9d0727fffff
23739,880d99b92dfffff
23740,880d9d3683fffff
23741,880d99b1b5fffff
23742,880d9da195fffff
23743,880d999403fffff
23744,880d9db8e5fffff
23745,880d9c95b3fffff
23746,880d8e4957fffff
23747,880d8309d7fffff
23748,880d9986a9fffff
23749,880d9d4019fffff
23750,880d8a113bfffff
23751,880d8a8955fffff
23752,880d9dd435fffff
23753,880d99a98dfffff
23754,880d9d0c67fffff
23755,880ca4da89fffff
23756,880d8a484dfffff
23757,880d822e81fffff
23758,880d99a2b9fffff
23759,880d9dc5abfffff
23760,880d822d9bfffff
23761,880d836e6dfffff
23762,880d999aa5fffff
23763,880d9da711fffff
23764,880d830807fffff
23765,880d999813fffff
23766,880d99d217fffff
23767,880d9d09b1fffff
23768,880d9dce67fffff
23769,880d8a40d5fffff
23770,880d83cf65fffff
23771,880d9d3119fffff
23772,880ca4d829fffff
23773,880d9d1105fffff
23774,880d9d0717fffff
23775,880d8a6815fffff
23776,880d99acedfffff
23777,880d8a0095fffff
23778,880d9dc28bfffff
23779,880d9d66b1fffff
23780,880d8346ddfffff
23781,880d998e45fffff
23782,880d8a720dfffff
23783,880d99a4edfffff
23784,880d836a53fffff
23785,880d837a6dfffff
23786,880d8348b3fffff
23787,880d9d1139fffff
23788,880d830d81fffff
23789,880d834a59fffff
23790,880d9d51c9fffff
23791,880d9d69e9fffff
23792,880d8348c5fffff
23793,880d830d61fffff
23794,880d8a08ebfffff
23795,880d8a4887fffff
23796,880d8a49cbfffff
23797,880d8a7737fffff
23798,880d98b715fffff
23799,880d8e5933fffff
23800,880d9dd665fffff
23801,880d9db0d1fffff
23802,880d98b75bfffff
23803,880d99ae9bfffff
23804,880d9d7451fffff
23805,880d98b753fffff
23806,880d99aa05fffff
23807,880d9db1c5fffff
23808,880d9ca041fffff
23809,880d9da1b5fffff
23810,880d998f15fffff
23811,880d9d4da1fffff
23812,880d9d60c7fffff
23813,880d99ae83fffff
23814,880d8312e5fffff
23815,880d99b02bfffff
23816,880d99b8c7fffff
23817,880d837343fffff
23818,880d9d4047fffff
23819,880d9c9633fffff
23820,880d99a2a1fffff
23821,880d8a4761fffff
23822,880d9d04a9fffff
23823,880d9dda5bfffff
23824,880d834b4dfffff
23825,880d9d96b3fffff
23826,880d836899fffff
23827,880d837247fffff
23828,880d83ca3dfffff
23829,880d8a62c3fffff
23830,880d8a752dfffff
23831,880d9d0c95fffff
23832,880d9d1915fffff
23833,880d9d2485fffff
23834,880d8a55a7fffff
23835,880d99ba57fffff
23836,880d836545fffff
23837,880d9db8a5fffff
23838,880d8ac2bbfffff
23839,880d836a17fffff
23840,880d834c6bfffff
23841,880d9dd733fffff
23842,880d8a6d5bfffff
23843,880d8a5199fffff
23844,880d9d069dfffff
23845,880d9d322dfffff
23846,880ca4db69fffff
23847,880d99ac95fffff
23848,880d8a4e65fffff
23849,880d9cb2b5fffff
23850,880d8a5421fffff
23851,880d9998d3fffff
23852,880d9d06abfffff
23853,880d9cb469fffff
23854,880d8351d3fffff
23855,880d9914c9fffff
23856,880d9dd4dbfffff
23857,880d999829fffff
23858,880d834f63fffff
23859,880d9dacc9fffff
23860,880d9cb487fffff
23861,880d8a4b03fffff
23862,880d9dc2b7fffff
23863,880ca4c36bfffff
23864,880d838c27fffff
23865,880d9da1c7fffff
23866,880d8a1297fffff
23867,880d8361a7fffff
23868,880d9d38e5fffff
23869,880d8a6c35fffff
23870,880d999a1bfffff
23871,880d8a56e9fffff
23872,880d99865dfffff
23873,880d836c47fffff
23874,880d8349e1fffff
23875,880d8e4b5dfffff
23876,880d9d0d2dfffff
23877,880ca4d327fffff
23878,880d998349fffff
23879,880d8a886dfffff
23880,880d999299fffff
23881,880d9c26c5fffff
23882,880d8a0319fffff
23883,880d8372b5fffff
23884,880d9dc633fffff
23885,880d9dc75bfffff
23886,880d8a5121fffff
23887,880d9cb725fffff
23888,880d9d2f43fffff
23889,880d9d8dbbfffff
23890,880d999aa3fffff
23891,880d99aa6bfffff
23892,880d8a19c3fffff
23893,880d8372e1fffff
23894,880d8361e7fffff
23895,880d9d0ab9fffff
23896,880d8e592dfffff
23897,880d9d1b41fffff
23898,880d9dc953fffff
23899,880d834699fffff
23900,880d8a7a39fffff
23901,880d999a93fffff
23902,880d9d10a1fffff
23903,880d9d1905fffff
23904,880d83c6d3fffff
23905,880d9d0907fffff
23906,880d99a869fffff
23907,880d9d4c6bfffff
23908,880d83495dfffff
23909,880d9c2415fffff
23910,880d835b5bfffff
23911,880d9d3587fffff
23912,880d8a4121fffff
23913,880d9cb6cdfffff
23914,880d99993bfffff
23915,880d8a8b29fffff
23916,880d99b1c3fffff
23917,880d83cae1fffff
23918,880d83c507fffff
23919,880d8a69d7fffff
23920,880d9c9627fffff
23921,880d83780bfffff
23922,880d822493fffff
23923,880d9dc0a9fffff
23924,880d83c5c5fffff
23925,880d8acd17fffff
23926,880d83481bfffff
23927,880d8a1215fffff
23928,880d9d74e7fffff
23929,880d83883bfffff
23930,880d999869fffff
23931,880d9dc8a7fffff
23932,880d999903fffff
23933,880d835015fffff
23934,880d9984d5fffff
23935,880d830b19fffff
23936,880d83c9d1fffff
23937,880d9d0e6bfffff
23938,880d8a6d1dfffff
23939,880d9d2099fffff
23940,880d99b5b5fffff
23941,880d8a8919fffff
23942,880d9d6801fffff
23943,880d834155fffff
23944,880d9d660dfffff
23945,880d9d32ddfffff
23946,880d99a4a5fffff
23947,880d9980adfffff
23948,880d9d1849fffff
23949,880d8a1983fffff
23950,880d99b219fffff
23951,880d9c9635fffff
23952,880d830891fffff
23953,880d99851bfffff
23954,880d9d55b1fffff
23955,880d83ca11fffff
23956,880d9d768bfffff
23957,880d8a74e9fffff
23958,880d9d3301fffff
23959,880d9d062bfffff
23960,880d9d0addfffff
23961,880d8a08bbfffff
23962,880d9daf67fffff
23963,880d9dc1b9fffff
23964,880d837005fffff
23965,880d8a6b07fffff
23966,880d830dadfffff
23967,880ca4d645fffff
23968,880d9dc21dfffff
23969,880d99baebfffff
23970,880d99d2b7fffff
23971,880d9d75b5fffff
23972,880d98b089fffff
23973,880d838d67fffff
23974,880d998739fffff
23975,880d9dd451fffff
23976,880d831523fffff
23977,880d834a53fffff
23978,880d836b2dfffff
23979,880d8a7b3dfffff
23980,880d834e11fffff
23981,880d99d667fffff
23982,880d9d4025fffff
23983,880d9dd239fffff
23984,880d9d2857fffff
23985,880d8a4951fffff
23986,880d9d0d19fffff
23987,880d9d0761fffff
23988,880d99b23dfffff
23989,880d98b43bfffff
23990,880d830341fffff
23991,880d8a09e9fffff
23992,880d8345e3fffff
23993,880d998439fffff
23994,880d9d6c99fffff
23995,880d8a68cbfffff
23996,880d9dad2dfffff
23997,880d9d06c3fffff
23998,880d830c59fffff
23999,880d9d665bfffff
24000,880d9d09adfffff
24001,880d8a1343fffff
24002,880d9dc06dfffff
24003,880d993239fffff
24004,880d9d225dfffff
24005,880d9da1c3fffff
24006,880d98b4cdfffff
24007,880d8a095dfffff
24008,880d9d2339fffff
24009,880d834841fffff
24010,880d9d72a7fffff
24011,880d9cb285fffff
24012,880d9d4e23fffff
24013,880d999213fffff
24014,880d99a89bfffff
24015,880d9cb481fffff
24016,880d8a6d0bfffff
24017,880d9d5539fffff
24018,880d822cebfffff
24019,880d9d0561fffff
24020,880d9da0c3fffff
24021,880d9d0dadfffff
24022,880d9d162bfffff
24023,880d8a88d1fffff
24024,880d9ddb25fffff
24025,880d830233fffff
24026,880d8a0145fffff
24027,880d99ad57fffff
24028,880d9da829fffff
24029,880d9d0f47fffff
24030,880d8368a7fffff
24031,880d8ac607fffff
24032,880d834809fffff
24033,880d9da0a1fffff
24034,880d9d7b13fffff
24035,880d83011bfffff
24036,880d9c242dfffff
24037,880d9d1129fffff
24038,880d83560bfffff
24039,880d9d0007fffff
24040,880d8a4e2bfffff
24041,880d9cb211fffff
24042,880d99b861fffff
24043,880ca4d9a9fffff
24044,880d9daca5fffff
24045,880d9d69d7fffff
24046,880d8a6d29fffff
24047,880d99b511fffff
24048,880d9d6719fffff
24049,880d9d4113fffff
24050,880d99b069fffff
24051,880d9d684dfffff
24052,880d8a6e45fffff
24053,880d9d190bfffff
24054,880d838c67fffff
24055,880d8a4601fffff
24056,880d9d19c9fffff
24057,880d999769fffff
24058,880d9d2317fffff
24059,880d9d00a1fffff
24060,880d9dd257fffff
24061,880d9caec5fffff
24062,880d836ec9fffff
24063,880d8a4d35fffff
24064,880d8a4a85fffff
24065,880d9db959fffff
24066,880d830ab3fffff
24067,880d9dda93fffff
24068,880d9986e1fffff
24069,880d8a6ca1fffff
24070,880d822c63fffff
24071,880d8ad951fffff
24072,880d99b92bfffff
24073,880d83c41dfffff
24074,880d99a301fffff
24075,880d9d8721fffff
24076,880d830323fffff
24077,880d9da065fffff
24078,880d998cd7fffff
24079,880d8a54b1fffff
24080,880d8a1021fffff
24081,880d834b09fffff
24082,880d9d7abbfffff
24083,880d9dd187fffff
24084,880d9d0ce7fffff
24085,880d9d26a7fffff
24086,880d8a5331fffff
24087,880d9d56e1fffff
24088,880d998eb9fffff
24089,880d9da917fffff
24090,880d9d64b9fffff
24091,880d998899fffff
24092,880d9dd141fffff
24093,880d9d52e3fffff
24094,880d9d2767fffff
24095,880d99948dfffff
24096,880d8acf33fffff
24097,880d9dc55bfffff
24098,880d834999fffff
24099,880d8a0f25fffff
24100,880d9d4717fffff
24101,880d8a7501fffff
24102,880d8ac89dfffff
24103,880d9dd59dfffff
24104,880d99b85dfffff
24105,880d9d9697fffff
24106,880d822f39fffff
24107,880d8a4eb5fffff
24108,880d998c45fffff
24109,880d9c2763fffff
24110,880d9d2927fffff
24111,880d9c355dfffff
24112,880d831a9bfffff
24113,880d8a535bfffff
24114,880d822c39fffff
24115,880d8a5a1dfffff
24116,880d998a97fffff
24117,880d8a0e47fffff
24118,880d8a6addfffff
24119,880d8348d3fffff
24120,880d822d13fffff
24121,880d830f33fffff
24122,880d9d45edfffff
24123,880d9d7a8dfffff
24124,880d9d4c53fffff
24125,880d9da107fffff
24126,880d9dcce5fffff
24127,880d9da96bfffff
24128,880d8a50e5fffff
24129,880d998845fffff
24130,880d8a025dfffff
24131,880d9dda95fffff
24132,880d9d6b61fffff
24133,880d9d26b3fffff
24134,880d9d69e3fffff
24135,880d834001fffff
24136,880d99a631fffff
24137,880d9d460dfffff
24138,880d9d6223fffff
24139,880ca4d96bfffff
24140,880d9d2c57fffff
24141,880d822597fffff
24142,880d8a445dfffff
24143,880d9cb6b9fffff
24144,880d9d6823fffff
24145,880ca4d29bfffff
24146,880d9d505bfffff
24147,880d8a6b27fffff
24148,880d834c5bfffff
24149,880d9d7a8bfffff
24150,880d8356d9fffff
24151,880d831955fffff
24152,880d8a8869fffff
24153,880d9d1759fffff
24154,880d99a86bfffff
24155,880d9d266bfffff
24156,880d8319c3fffff
24157,880d83c06dfffff
24158,880d9991ebfffff
24159,880d9ca219fffff
24160,880d8a42c5fffff
24161,880d9c8601fffff
24162,880d99b639fffff
24163,880d998aadfffff
24164,880d9d7413fffff
24165,880d9d40ddfffff
24166,880d8359a7fffff
24167,880d9d5291fffff
24168,880d834849fffff
24169,880d9d32e7fffff
24170,880d838f03fffff
24171,880d8a0b15fffff
24172,880d9d2b59fffff
24173,880d99a34dfffff
24174,880d98a60bfffff
24175,880d9dae55fffff
24176,880d8a4747fffff
24177,880ca4d649fffff
24178,880d83721dfffff
24179,880d83ca8bfffff
24180,880d9dad5dfffff
24181,880d8acc3dfffff
24182,880d830f29fffff
24183,880d9dc14dfffff
24184,880d83ccd1fffff
24185,880d9dcb33fffff
24186,880d838dd7fffff
24187,880d9d7ae1fffff
24188,880d837745fffff
24189,880d9d74e9fffff
24190,880d9dd10bfffff
24191,880d8a4b05fffff
24192,880d830827fffff
24193,880d8a5011fffff
24194,880d993651fffff
24195,880d8a4151fffff
24196,880d9d0e3dfffff
24197,880d9ca1b3fffff
24198,880d9ca2b3fffff
24199,880d9db1e3fffff
24200,880d83542dfffff
24201,880d9da26dfffff
24202,880d8a52d9fffff
24203,880ca4d0e9fffff
24204,880d9d0da9fffff
24205,880d9daa0bfffff
24206,880d8a79b3fffff
24207,880d8adb35fffff
24208,880d831a63fffff
24209,880d99b095fffff
24210,880d9dc8c3fffff
24211,880d9d5583fffff
24212,880d99aa57fffff
24213,880d8a1a15fffff
24214,880d83c59bfffff
24215,880d9d1701fffff
24216,880d9d70e5fffff
24217,880d9cb313fffff
24218,880d8a40b3fffff
24219,880d8a732dfffff
24220,880d8a4261fffff
24221,880d83cda7fffff
24222,880d9d7759fffff
24223,880d8a52cdfffff
24224,880d99bb67fffff
24225,880d9c229bfffff
24226,880d830c69fffff
24227,880d9cb48bfffff
24228,880d99856bfffff
24229,880d9c2287fffff
24230,880d831323fffff
24231,880ca4d8bdfffff
24232,880d8345b3fffff
24233,880d9c9691fffff
24234,880d830d19fffff
24235,880d8354b5fffff
24236,880d9995c9fffff
24237,880d83528bfffff
24238,880d8ad5b9fffff
24239,880d8acf49fffff
24240,880d8a4d97fffff
24241,880d9d8723fffff
24242,880d9d0b51fffff
24243,880d9998abfffff
24244,880d9d6b35fffff
24245,880d834423fffff
24246,880d98b46dfffff
24247,880d9d25a7fffff
24248,880d8a88d9fffff
24249,880d9ddb4bfffff
24250,880d83cd8bfffff
24251,880d9d28e7fffff
24252,880d831b25fffff
24253,880d9d3819fffff
24254,880d9ca2d7fffff
24255,880d8a10c3fffff
24256,880d8a4467fffff
24257,880d9d7005fffff
24258,880d99a5a5fffff
24259,880d8a11e7fffff
24260,880d831569fffff
24261,880ca4d735fffff
24262,880d83500dfffff
24263,880d9cb265fffff
24264,880d9db891fffff
24265,880d9d5709fffff
24266,880d998b07fffff
24267,880d9da715fffff
24268,880d9d1453fffff
24269,880d8340dbfffff
24270,880d831ac9fffff
24271,880d8a001dfffff
24272,880d9d6247fffff
24273,880d98b429fffff
24274,880d9ca715fffff
24275,880d9d2cbbfffff
24276,880d9cb531fffff
24277,880d837203fffff
24278,880d9dd5a3fffff
24279,880d834f35fffff
24280,880d9d082bfffff
24281,880d9d8937fffff
24282,880d9d9613fffff
24283,880d99859dfffff
24284,880d9d3543fffff
24285,880d8ace2dfffff
24286,880d998865fffff
24287,880d8a0b37fffff
24288,880d822d87fffff
24289,880d831101fffff
24290,880d9da1a9fffff
24291,880d8e5a05fffff
24292,880d835031fffff
24293,880d9d3561fffff
24294,880d8a0a0bfffff
24295,880d8a1141fffff
24296,880d9d66dbfffff
24297,880d9d05b7fffff
24298,880d9dd081fffff
24299,880d9d6d69fffff
24300,880d99964dfffff
24301,880d9d06e1fffff
24302,880d8351a3fffff
24303,880d835529fffff
24304,880d9dd197fffff
24305,880d9d51b7fffff
24306,880d8a5221fffff
24307,880d9db239fffff
24308,880d8a4d37fffff
24309,880d836c6dfffff
24310,880d9c8623fffff
24311,880d99a5a1fffff
24312,880d9d0815fffff
24313,880d8312edfffff
24314,880d9d18b9fffff
24315,880d99a605fffff
24316,880d8a0c47fffff
24317,880d9cac13fffff
24318,880d9d71b7fffff
24319,880d8a4829fffff
24320,880d83c589fffff
24321,880d9d868dfffff
24322,880d99929bfffff
24323,880d8a12e1fffff
24324,880d9cb6d5fffff
24325,880d99b42bfffff
24326,880d9d1b61fffff
24327,880d9d246dfffff
24328,880ca4d017fffff
24329,880d9d00a9fffff
24330,880d9dc2c1fffff
24331,880d834c87fffff
24332,880d8a4b63fffff
24333,880d822c69fffff
24334,880d9d1719fffff
24335,880d9d68a5fffff
24336,880d9d4345fffff
24337,880d9d0b1bfffff
24338,880d8350cdfffff
24339,880d9dc29dfffff
24340,880d9dd18bfffff
24341,880d9dc335fffff
24342,880d8a58b7fffff
24343,880d9dd731fffff
24344,880d9d0a39fffff
24345,880d9dc367fffff
24346,880d998653fffff
24347,880d9db927fffff
24348,880d9d2d19fffff
24349,880d8a49d5fffff
24350,880d99af4bfffff
24351,880d830847fffff
24352,880d8a0f33fffff
24353,880d99b0c5fffff
24354,880d9d148dfffff
24355,880d9d28d7fffff
24356,880ca4d6e1fffff
24357,880d8a4233fffff
24358,880d9c22cbfffff
24359,880d9d16e1fffff
24360,880d8ac0a3fffff
24361,880d8ad48dfffff
24362,880d98b607fffff
24363,880d9ca0a9fffff
24364,880d99b71bfffff
24365,880d9da8d5fffff
24366,880d838857fffff
24367,880d99a1c1fffff
24368,880d9c3099fffff
24369,880d9d6c57fffff
24370,880d83584bfffff
24371,880d99b0adfffff
24372,880d998d51fffff
24373,880d83c9ddfffff
24374,880d99bac9fffff
24375,880d9d2aadfffff
24376,880d8a5615fffff
24377,880d9d250bfffff
24378,880d8a58cdfffff
24379,880d837239fffff
24380,880d9dcc6bfffff
24381,880d9d3121fffff
24382,880d836ae5fffff
24383,880d9d2221fffff
24384,880d9d3939fffff
24385,880d9dd301fffff
24386,880d9d0cbbfffff
24387,880d830d4bfffff
24388,880d8a0ac9fffff
24389,880d8adb23fffff
24390,880d9d06e5fffff
24391,880d9d472bfffff
24392,880d8a4123fffff
24393,880d9d7501fffff
24394,880d9d654bfffff
24395,880d9d6403fffff
24396,880d9ddb41fffff
24397,880d9d094dfffff
24398,880ca4d2cdfffff
24399,880d8a0259fffff
24400,880d9d075bfffff
24401,880d998145fffff
24402,880d8a0aebfffff
24403,880d83122dfffff
24404,880d8ac2b9fffff
24405,880d99b2d3fffff
24406,880d8a08b3fffff
24407,880d9d2ee1fffff
24408,880d999289fffff
24409,880d9dc2a3fffff
24410,880d834b03fffff
24411,880d9d1a41fffff
24412,880d9c26a7fffff
24413,880d9dd595fffff
24414,880d834621fffff
24415,880d99a44dfffff
24416,880d9d1869fffff
24417,880d9d3041fffff
24418,880d9dc2e5fffff
24419,880d9cb4ebfffff
24420,880d9c3441fffff
24421,880d9dc929fffff
24422,880d9d15ddfffff
24423,880d99aa33fffff
24424,880d8a531dfffff
24425,880ca4d46dfffff
24426,880d9da507fffff
24427,880d9d1859fffff
24428,880d999ac5fffff
24429,880d9d6c93fffff
24430,880d834561fffff
24431,880d9d6193fffff
24432,880d8ad4b7fffff
24433,880d834d43fffff
24434,880d9dac23fffff
24435,880d9d1751fffff
24436,880d9d0e21fffff
24437,880d8319ebfffff
24438,880d83c121fffff
24439,880d8a6cbdfffff
24440,880d9d0f59fffff
24441,880d9cae8bfffff
24442,880d8a4b23fffff
24443,880d99a041fffff
24444,880d998abbfffff
24445,880d9ca769fffff
24446,880d8a533bfffff
24447,880d830351fffff
24448,880d9da191fffff
24449,880d99a1e5fffff
24450,880d8a8f21fffff
24451,880d9d3829fffff
24452,880d8a46b3fffff
24453,880d831215fffff
24454,880d9ca6b3fffff
24455,880d8a10e5fffff
24456,880d8e4985fffff
24457,880d9d0299fffff
24458,880d9da827fffff
24459,880d99ab3bfffff
24460,880d9d56a7fffff
24461,880d8ad92bfffff
24462,880d9da8d1fffff
24463,880d8a7b11fffff
24464,880d9c8661fffff
24465,880d9d8c9bfffff
24466,880d836529fffff
24467,880d9db921fffff
24468,880d9cb60bfffff
24469,880d8359c9fffff
24470,880d9d3925fffff
24471,880d8a0e6dfffff
24472,880d9d3a9dfffff
24473,880d9c94bdfffff
24474,880d9cb5d9fffff
24475,880d8a8909fffff
24476,880d9c941dfffff
24477,880d83c187fffff
24478,880d998a2bfffff
24479,880d9da821fffff
24480,880d9d4739fffff
24481,880d9d0a07fffff
24482,880d9da56bfffff
24483,880d8a4d43fffff
24484,880d83c107fffff
24485,880d8a51c9fffff
24486,880d8a4cb5fffff
24487,880d8a4323fffff
24488,880d99b4ebfffff
24489,880d99b48dfffff
24490,880d9da1b3fffff
24491,880d8a8853fffff
24492,880d9da053fffff
24493,880d9d3039fffff
24494,880d83cd83fffff
24495,880d83c1c9fffff
24496,880d9d4dd3fffff
24497,880d837149fffff
24498,880d9cb347fffff
24499,880d8ac767fffff
24500,880d8a5901fffff
24501,880d8ad903fffff
24502,880d993203fffff
24503,880d9dcac5fffff
24504,880d8a480bfffff
24505,880d9cb0c5fffff
24506,880d9d55e7fffff
24507,880d831765fffff
24508,880d99b449fffff
24509,880d834ab9fffff
24510,880d835657fffff
24511,880d98b4b5fffff
24512,880d8a69a3fffff
24513,880d9dd5ddfffff
24514,880d9d6935fffff
24515,880d8a1059fffff
24516,880d99a733fffff
24517,880d8a7865fffff
24518,880d8a0183fffff
24519,880d9dd4ddfffff
24520,880d9c96bbfffff
24521,880d9d2d47fffff
24522,880d9d194bfffff
24523,880d8a48dbfffff
24524,880d99d0d1fffff
24525,880d8360d1fffff
24526,880d830c35fffff
24527,880d830955fffff
24528,880d9da8adfffff
24529,880d99a817fffff
24530,880d99918bfffff
24531,880d9d4103fffff
24532,880d834335fffff
24533,880d9caec1fffff
24534,880d834f2bfffff
24535,880d9d300dfffff
24536,880d834263fffff
24537,880d835767fffff
24538,880d835b4dfffff
24539,880d99ab3dfffff
24540,880d8a51e3fffff
24541,880d9985e3fffff
24542,880d8a0d65fffff
24543,880d8a500dfffff
24544,880d8a1b47fffff
24545,880d8a81b9fffff
24546,880d9da93dfffff
24547,880d8a5b1dfffff
24548,880d98b45dfffff
24549,880d9d26b9fffff
24550,880d9dc923fffff
24551,880d99b9abfffff
24552,880d99a091fffff
24553,880d83cd8dfffff
24554,880d837007fffff
24555,880d9c2251fffff
24556,880d9d45c1fffff
24557,880d83c9c1fffff
24558,880d9d35c5fffff
24559,880d9d6d8dfffff
24560,880d8a490dfffff
24561,880d99a1a7fffff
24562,880d9d6a6dfffff
24563,880d99acc7fffff
24564,880d9db901fffff
24565,880d8a18e1fffff
24566,880d8a8865fffff
24567,880d9d29edfffff
24568,880d830195fffff
24569,880d83498dfffff
24570,880d8a1ac3fffff
24571,880d8379a1fffff
24572,880d9d3525fffff
24573,880d834e09fffff
24574,880d9d60c3fffff
24575,880d8a4d41fffff
24576,880d9dc139fffff
24577,880d822de5fffff
24578,880d83c859fffff
24579,880d9d02c7fffff
24580,880d9cae49fffff
24581,880d834259fffff
24582,880d8a4c43fffff
24583,880d9d1141fffff
24584,880d8a592bfffff
24585,880d8a5751fffff
24586,880d99d61bfffff
24587,880d8a5301fffff
24588,880d9d7453fffff
24589,880d9dc8b9fffff
24590,880d83c1edfffff
24591,880d8a091dfffff
24592,880d83188bfffff
24593,880d8a8f4bfffff
24594,880d8a0e5dfffff
24595,880d9dcf25fffff
24596,880d99b969fffff
24597,880d998207fffff
24598,880d99ab37fffff
24599,880d831a03fffff
24600,880d99a8a9fffff
24601,880d9d0e63fffff
24602,880d9d7017fffff
24603,880d9d614dfffff
24604,880d834e1bfffff
24605,880d9dd199fffff
24606,880d9da467fffff
24607,880d999049fffff
24608,880d8a4683fffff
24609,880d830abdfffff
24610,880d999815fffff
24611,880d9d2753fffff
24612,880d9dcd91fffff
24613,880d9d072dfffff
24614,880d9d54a3fffff
24615,880d9d466dfffff
24616,880d9caf39fffff
24617,880d83ce87fffff
24618,880d9d555dfffff
24619,880d8ac4d7fffff
24620,880d8a0253fffff
24621,880d9d605dfffff
24622,880d9d19d3fffff
24623,880d8a41d1fffff
24624,880d8345b9fffff
24625,880d822d33fffff
24626,880d99ad47fffff
24627,880d830b2bfffff
24628,880d9d5081fffff
24629,880d99b61dfffff
24630,880d831941fffff
24631,880d9d601bfffff
24632,880d9d50d3fffff
24633,880d9d36c9fffff
24634,880d9da85bfffff
24635,880d9cb251fffff
24636,880d836e2bfffff
24637,880d837a05fffff
24638,880d99a6e3fffff
24639,880d8a0e55fffff
24640,880d9d21a7fffff
24641,880d9d38cdfffff
24642,880d9984cdfffff
24643,880d9d45a5fffff
24644,880d9d8651fffff
24645,880d9c2259fffff
24646,880d9d701bfffff
24647,880d9db343fffff
24648,880d836847fffff
24649,880d8a01a3fffff
24650,880d9ca61bfffff
24651,880d9d162dfffff
24652,880d83545dfffff
24653,880d8312bdfffff
24654,880d9ddabdfffff
24655,880ca4da8dfffff
24656,880d9d19dbfffff
24657,880d9dd0a1fffff
24658,880d9d6557fffff
24659,880d83004dfffff
24660,880d83006bfffff
24661,880d834867fffff
24662,880d8a8885fffff
24663,880d831a23fffff
24664,880d991651fffff
24665,880d9d0821fffff
24666,880d8a5041fffff
24667,880d837a69fffff
24668,880d8a19edfffff
24669,880d8ace47fffff
24670,880d831747fffff
24671,880d836033fffff
24672,880d83cdd3fffff
24673,880d9dc80dfffff
24674,880d8e5939fffff
24675,880d9d38e3fffff
24676,880d9d0a3dfffff
24677,880d8a606bfffff
24678,880d99ae3dfffff
24679,880d9c3489fffff
24680,880d9c9629fffff
24681,880d9982b3fffff
24682,880d9cae8dfffff
24683,880d9d7647fffff
24684,880d9d056bfffff
24685,880d9d51d9fffff
24686,880d9d0cb3fffff
24687,880d9d043bfffff
24688,880d8a4291fffff
24689,880d9d46cdfffff
24690,880d8a4f39fffff
24691,880d8ace39fffff
24692,880d8a0829fffff
24693,880d8a4219fffff
24694,880d9d4041fffff
24695,880d834323fffff
24696,880d9d0405fffff
24697,880d9dc2d9fffff
24698,880d9d7a49fffff
24699,880d9c96ebfffff
24700,880d9dc163fffff
24701,880d9c9487fffff
24702,880d99946dfffff
24703,880d8342ebfffff
24704,880d9dd999fffff
24705,880d838a83fffff
24706,880d8a569dfffff
24707,880d9dd129fffff
24708,880d9dc521fffff
24709,880d83451dfffff
24710,880d831b63fffff
24711,880d830363fffff
24712,880d8a89d5fffff
24713,880d998335fffff
24714,880d999449fffff
24715,880d99b5c1fffff
24716,880d8a5061fffff
24717,880d830f11fffff
24718,880d9dc549fffff
24719,880d99d617fffff
24720,880d838ca7fffff
24721,880ca4d935fffff
24722,880ca4d92bfffff
24723,880d999a5dfffff
24724,880d9db0adfffff
24725,880d9d31e3fffff
24726,880d830f6dfffff
24727,880d9d1801fffff
24728,880d9d7715fffff
24729,880d99b363fffff
24730,880d9d2985fffff
24731,880d9d62abfffff
24732,880d99b465fffff
24733,880d998231fffff
24734,880d8e59a1fffff
24735,880d8356b1fffff
24736,880d9d549dfffff
24737,880d9d7489fffff
24738,880d9dc881fffff
24739,880d9cb4c3fffff
24740,880d9dd433fffff
24741,880d9ca283fffff
24742,880d83019bfffff
24743,880d99d269fffff
24744,880d8ad593fffff
24745,880d834b1bfffff
24746,880d835b31fffff
24747,880d998b49fffff
24748,880d8a89b1fffff
24749,880d8a8993fffff
24750,880d8348e9fffff
24751,880d9996cbfffff
24752,880d9d431dfffff
24753,880d8379c5fffff
24754,880d99b2d9fffff
24755,880d834695fffff
24756,880d8ac4e9fffff
24757,880d9d0a37fffff
24758,880d836943fffff
24759,880d9d0b63fffff
24760,880d9d7045fffff
24761,880d9cb641fffff
24762,880d9d6f65fffff
24763,880d9dda0dfffff
24764,880d9db2cdfffff
24765,880d9d42e1fffff
24766,880d9d72e7fffff
24767,880d8389b1fffff
24768,880d99a4b9fffff
24769,880d9da83dfffff
24770,880d83516dfffff
24771,880d8a5561fffff
24772,880d8a79c7fffff
24773,880d836d21fffff
24774,880d9c3293fffff
24775,880d83508bfffff
24776,880d835261fffff
24777,880d9d10a5fffff
24778,880d9d2cc3fffff
24779,880d8a748dfffff
24780,880d9dd31bfffff
24781,880d9d16a3fffff
24782,880d8368e7fffff
24783,880d99ab41fffff
24784,880d9d4051fffff
24785,880d9dab11fffff
24786,880d836d57fffff
24787,880d9ca04dfffff
24788,880ca4d623fffff
24789,880d8a1855fffff
24790,880d99a8e1fffff
24791,880d834db1fffff
24792,880d830a4bfffff
24793,880d835095fffff
24794,880d9dc739fffff
24795,880d9d0565fffff
24796,880d99b9adfffff
24797,880d8a428dfffff
24798,880d9d4c81fffff
24799,880ca4d149fffff
24800,880d99a607fffff
24801,880d99a993fffff
24802,880d8a79cbfffff
24803,880d8360b3fffff
24804,880d8a59d3fffff
24805,880d9c8645fffff
24806,880d9d24d5fffff
24807,880d8a5949fffff
24808,880d998a93fffff
24809,880d9cb36bfffff
24810,880d99a705fffff
24811,880d9ca72dfffff
24812,880d9cae33fffff
24813,880d9d30a7fffff
24814,880d8ac603fffff
24815,880d9d2dedfffff
24816,880d838ab7fffff
24817,880d9dd30dfffff
24818,880d831a29fffff
24819,880d8a18d9fffff
24820,880d9dd651fffff
24821,880d9d085dfffff
24822,880d99b00dfffff
24823,880d8a5525fffff
24824,880d9dc0e5fffff
24825,880d8a4569fffff
24826,880d83ce63fffff
24827,880d9dc283fffff
24828,880d9dd0d7fffff
24829,880d8ac42dfffff
24830,880d830b51fffff
24831,880ca4da5bfffff
24832,880d9d2eb1fffff
24833,880d9d0557fffff
24834,880d834cc5fffff
24835,880d8a413bfffff
24836,880d8a1a01fffff
24837,880d831195fffff
24838,880d8a0213fffff
24839,880d9d0a13fffff
24840,880d8a4f3bfffff
24841,880d9d14abfffff
24842,880d8a542bfffff
24843,880d998cabfffff
24844,880d9d3541fffff
24845,880d8a498dfffff
24846,880d837aadfffff
24847,880d834213fffff
24848,880d99b547fffff
24849,880d8acc37fffff
24850,880d9dccb9fffff
24851,880d9d0137fffff
24852,880d8a5889fffff
24853,880d9d6de1fffff
24854,880d9da007fffff
24855,880d8a61bbfffff
24856,880d9d22d1fffff
24857,880d9c96b7fffff
24858,880d835253fffff
24859,880d99b143fffff
24860,880d835823fffff
24861,880d8a62a9fffff
24862,880d831a1bfffff
24863,880d9d1a19fffff
24864,880d9d1487fffff
24865,880d83184bfffff
24866,880d9d720bfffff
24867,880d9d6f0dfffff
24868,880d8a6d8bfffff
24869,880d9d4615fffff
24870,880d9da169fffff
24871,880d83cc1bfffff
24872,880d8a49dbfffff
24873,880d998149fffff
24874,880d8302c3fffff
24875,880d99d745fffff
24876,880d9d2e35fffff
24877,880d9cb69dfffff
24878,880d9db0cdfffff
24879,880d8349edfffff
24880,880d9d5691fffff
24881,880d834203fffff
24882,880d835113fffff
24883,880d9d4e05fffff
24884,880d9d018bfffff
24885,880d8a758bfffff
24886,880d8ac739fffff
24887,880d9d0ab7fffff
24888,880d8ace1bfffff
24889,880d9dd951fffff
24890,880d834317fffff
24891,880d834eadfffff
24892,880d8ad4b9fffff
24893,880d998e37fffff
24894,880d83c4d3fffff
24895,880d8a51b3fffff
24896,880d9d19e5fffff
24897,880d99a527fffff
24898,880d8e49e9fffff
24899,880d9dab51fffff
24900,880d8ac649fffff
24901,880d9c95c9fffff
24902,880d836107fffff
24903,880d999123fffff
24904,880d99acc5fffff
24905,880d8361d7fffff
24906,880d9d56b7fffff
24907,880d99b45bfffff
24908,880d9d273dfffff
24909,880d98b5d7fffff
24910,880d8a4e57fffff
24911,880d83c839fffff
24912,880d99b91dfffff
24913,880d9da155fffff
24914,880d8a6e6bfffff
24915,880ca4cb4bfffff
24916,880d836f4bfffff
24917,880d9d959dfffff
24918,880d9dc4c5fffff
24919,880d9d1b65fffff
24920,880d99b0a9fffff
24921,880d9ca44bfffff
24922,880d9d2e6dfffff
24923,880d9d5435fffff
24924,880d98b48bfffff
24925,880d83c56dfffff
24926,880d9d5363fffff
24927,880d9dd095fffff
24928,880d99a095fffff
24929,880d8a0327fffff
24930,880d835a47fffff
24931,880d8a513bfffff
24932,880d9dae27fffff
24933,880d99a497fffff
24934,880d9d8905fffff
24935,880d9d19a1fffff
24936,880d9d34e1fffff
24937,880d9d1591fffff
24938,880d9d3901fffff
24939,880d8acda1fffff
24940,880d99bb3bfffff
24941,880d9990e3fffff
24942,880d8a48ddfffff
24943,880d8308dbfffff
24944,880d835b13fffff
24945,880d9ca64dfffff
24946,880ca4d603fffff
24947,880d9cb199fffff
24948,880d8ace0dfffff
24949,880d9d02d3fffff
24950,880d835221fffff
24951,880d9d3b6dfffff
24952,880d9dc12bfffff
24953,880d83c181fffff
24954,880d9dc8a3fffff
24955,880d9d45c7fffff
24956,880d99b151fffff
24957,880d9dd831fffff
24958,880d9d56adfffff
24959,880d83503dfffff
24960,880d8ac449fffff
24961,880d9d0c61fffff
24962,880d99a34bfffff
24963,880d8acf21fffff
24964,880d8e5969fffff
24965,880d9d8619fffff
24966,880d9d1157fffff
24967,880d9d1483fffff
24968,880d9dd6d5fffff
24969,880d9c2669fffff
24970,880d83cea5fffff
24971,880d9cac0dfffff
24972,880d838c65fffff
24973,880d9d7661fffff
24974,880d9c9499fffff
24975,880d9d103dfffff
24976,880d8a6989fffff
24977,880d8a0849fffff
24978,880d99b8a5fffff
24979,880d99b1b1fffff
24980,880d8354c3fffff
24981,880d822c41fffff
24982,880d99d655fffff
24983,880d99a18bfffff
24984,880d9dca15fffff
24985,880d830a15fffff
24986,880d9db995fffff
24987,880d9d0ee3fffff
24988,880d9d4645fffff
24989,880d837229fffff
24990,880d999461fffff
24991,880d8a572bfffff
24992,880d9da0b5fffff
24993,880d9d36bdfffff
24994,880d837a13fffff
24995,880d9d0559fffff
24996,880d835489fffff
24997,880d9da147fffff
24998,880d9db5edfffff
24999,880d9c860dfffff
25000,880d8312cbfffff
25001,880d8a0f47fffff
25002,880d830941fffff
25003,880d9d602dfffff
25004,880d9dc6ddfffff
25005,880d998b15fffff
25006,880d8a106bfffff
25007,880d83085dfffff
25008,880d9ca4e3fffff
25009,880d9d6cddfffff
25010,880d9daa1bfffff
25011,880d834745fffff
25012,880d83032bfffff
25013,880d83ce31fffff
25014,880d99988dfffff
25015,880d837b31fffff
25016,880d9d5545fffff
25017,880d9d8935fffff
25018,880d8a12ddfffff
25019,880d8acd87fffff
25020,880d8345a7fffff
25021,880d9d41e1fffff
25022,880d834c39fffff
25023,880d8a1017fffff
25024,880d836ac3fffff
25025,880d9cac61fffff
25026,880d8a126dfffff
25027,880d9d0f19fffff
25028,880d8308a1fffff
25029,880d9d781dfffff
25030,880d99ba55fffff
25031,880d83560dfffff
25032,880d9d1449fffff
25033,880d9d50d7fffff
25034,880d831a31fffff
25035,880ca4d06dfffff
25036,880d8a4db7fffff
25037,880d8a105dfffff
25038,880d8a8989fffff
25039,880d9d35c9fffff
25040,880d9dc693fffff
25041,880d99a22dfffff
25042,880d8a42b1fffff
25043,880d8acd29fffff
25044,880d99ad93fffff
25045,880d8348b7fffff
25046,880d9d7349fffff
25047,880d8a5369fffff
25048,880d8a18ddfffff
25049,880d830c11fffff
25050,880d83c51dfffff
25051,880d9dbb3bfffff
25052,880d9d1927fffff
25053,880d8a4c0bfffff
25054,880d9c8667fffff
25055,880d9dc351fffff
25056,880d836d8dfffff
25057,880d9dc62dfffff
25058,880d9d4f53fffff
25059,880d9dc747fffff
25060,880d835207fffff
25061,880d8ac29dfffff
25062,880d9d19e3fffff
25063,880d838da1fffff
25064,880d8340d1fffff
25065,880d8a688dfffff
25066,880d836535fffff
25067,880d9db5b5fffff
25068,880d9d64b7fffff
25069,880d837a43fffff
25070,880d9d113dfffff
25071,880d9c96c7fffff
25072,880d9d14d1fffff
25073,880d9cb4a9fffff
25074,880d9dc0edfffff
25075,880d8302cdfffff
25076,880d831337fffff
25077,880d9cade3fffff
25078,880d99141bfffff
25079,880d9d220bfffff
25080,880d9d29ebfffff
25081,880d9dd295fffff
25082,880d9d3729fffff
25083,880d8acce9fffff
25084,880d9d1501fffff
25085,880d99a085fffff
25086,880d9dc965fffff
25087,880d99ae6dfffff
25088,880d9da825fffff
25089,880d9dd90bfffff
25090,880d835289fffff
25091,880d9d7a85fffff
25092,880d9d61cdfffff
25093,880d9db03bfffff
25094,880d831005fffff
25095,880d9c36d3fffff
25096,880d99b85bfffff
25097,880d9d79e3fffff
25098,880d8379e3fffff
25099,880d83432bfffff
25100,880d8a5adbfffff
25101,880d8a1827fffff
25102,880d99b1a5fffff
25103,880d9d7665fffff
25104,880d9dc361fffff
25105,880d8378b1fffff
25106,880d834b31fffff
25107,880d8a5341fffff
25108,880d9d79bdfffff
25109,880d8a688bfffff
25110,880d83c08dfffff
25111,880d999747fffff
25112,880d9d3b69fffff
25113,880d9dd14dfffff
25114,880d8a1ad7fffff
25115,880d999b2bfffff
25116,880d836d1bfffff
25117,880d9da36dfffff
25118,880d9d1803fffff
25119,880d8a12e7fffff
25120,880d8ac5d5fffff
25121,880d9d1aabfffff
25122,880d9d0ad9fffff
25123,880d99acddfffff
25124,880d9dc8e1fffff
25125,880d8389cdfffff
25126,880d836161fffff
25127,880d831293fffff
25128,880d9d21c3fffff
25129,880d99aa8dfffff
25130,880d998adbfffff
25131,880d9d544dfffff
25132,880d9d7059fffff
25133,880d99865bfffff
25134,880d99d6e3fffff
25135,880d831291fffff
25136,880d9d0cabfffff
25137,880d9dcc4dfffff
25138,880d9985a1fffff
25139,880d9ca6b1fffff
25140,880d822599fffff
25141,880d9dc2cdfffff
25142,880d9d54cbfffff
25143,880d9d05bdfffff
25144,880d9d2b4bfffff
25145,880d9d0ae9fffff
25146,880d99976dfffff
25147,880d9dadd1fffff
25148,880d9d70e1fffff
25149,880d8a46a9fffff
25150,880d9da723fffff
25151,880d9db1b9fffff
25152,880d9d0203fffff
25153,880d99b067fffff
25154,880d9d271bfffff
25155,880d8a7945fffff
25156,880d830901fffff
25157,880d99986bfffff
25158,880d9dc0cdfffff
25159,880d9d2a81fffff
25160,880d9d0911fffff
25161,880d9daf47fffff
25162,880d9dcc47fffff
25163,880d99b047fffff
25164,880d9d0085fffff
25165,880d9d9439fffff
25166,880ca4d85bfffff
25167,880d9d79e5fffff
25168,880d8a70a3fffff
25169,880d9d39cdfffff
25170,880d8a10b9fffff
25171,880d8a5885fffff
25172,880d9d0dc1fffff
25173,880d999621fffff
25174,880d9dc407fffff
25175,880d8a0231fffff
25176,880d98a493fffff
25177,880d9d0663fffff
25178,880d83422bfffff
25179,880d9d2b1dfffff
25180,880d9d38ddfffff
25181,880d998ab3fffff
25182,880d8a6257fffff
25183,880d9d3aadfffff
25184,880d9d2a27fffff
25185,880d99b96bfffff
25186,880d83634dfffff
25187,880ca4db29fffff
25188,880d99aa1bfffff
25189,880d9d44d5fffff
25190,880d8a451bfffff
25191,880d83184dfffff
25192,880d99a719fffff
25193,880d9d380bfffff
25194,880d9d2733fffff
25195,880d838f3dfffff
25196,880d9dd0e5fffff
25197,880d998567fffff
25198,880d83ce9dfffff
25199,880d9d6c6dfffff
25200,880d8a6311fffff
25201,880d9d6c69fffff
25202,880d9d1595fffff
25203,880d9dc419fffff
25204,880d9dd959fffff
25205,880d83c83dfffff
25206,880d8a4515fffff
25207,880d836885fffff
25208,880d8aceedfffff
25209,880d8e5963fffff
25210,880d9d5085fffff
25211,880d9dc5a5fffff
25212,880d83509bfffff
25213,880d9dd937fffff
25214,880d9d468bfffff
25215,880d9d0335fffff
25216,880d834e93fffff
25217,880d8361d3fffff
25218,880d9d6657fffff
25219,880d8a5015fffff
25220,880d9d7881fffff
25221,880d9d2cddfffff
25222,880d838d9dfffff
25223,880d8a0223fffff
25224,880d99931bfffff
25225,880d83411bfffff
25226,880d9d0061fffff
25227,880d8350d1fffff
25228,880d8a0889fffff
25229,880d8a4921fffff
25230,880d9d1a21fffff
25231,880d9db9b9fffff
25232,880d9d2c33fffff
25233,880d8e49cbfffff
25234,880d9d4c95fffff
25235,880ca4d459fffff
25236,880d9da9b9fffff
25237,880d9da1cbfffff
25238,880d9d20d5fffff
25239,880d9da969fffff
25240,880d8a594dfffff
25241,880d9ddad1fffff
25242,880ca4d8c7fffff
25243,880d8a189bfffff
25244,880d8a75d9fffff
25245,880d9d2a01fffff
25246,880d9d1361fffff
25247,880d99aacbfffff
25248,880d9d8635fffff
25249,880d8e49b7fffff
25250,880d834eddfffff
25251,880d8a0041fffff
25252,880d83419bfffff
25253,880d83013dfffff
25254,880d9ca723fffff
25255,880d8a1031fffff
25256,880d83ce97fffff
25257,880d9db131fffff
25258,880d8369cdfffff
25259,880d8388bbfffff
25260,880d83cad3fffff
25261,880d9d02bbfffff
25262,880d836ac7fffff
25263,880d8a02b7fffff
25264,880d9d0765fffff
25265,880d99b425fffff
25266,880d8e4919fffff
25267,880d834967fffff
25268,880d9dc427fffff
25269,880d9995dbfffff
25270,880d9c3581fffff
25271,880ca4d9d1fffff
25272,880d9d053bfffff
25273,880d9c245bfffff
25274,880d9d0a85fffff
25275,880d99913bfffff
25276,880d9d6c37fffff
25277,880d9d4e59fffff
25278,880d8a4057fffff
25279,880d9d74a1fffff
25280,880d99a819fffff
25281,880d9d5a99fffff
25282,880d9d6aa1fffff
25283,880d830b41fffff
25284,880d9dd6edfffff
25285,880d8e4963fffff
25286,880d837a8bfffff
25287,880d99d619fffff
25288,880d83c6e9fffff
25289,880d8a70bbfffff
25290,880d9dba4dfffff
25291,880d836363fffff
25292,880d9d0de7fffff
25293,880d9d031dfffff
25294,880d99a347fffff
25295,880d9d52b5fffff
25296,880d9dd419fffff
25297,880d8a0b51fffff
25298,880d831083fffff
25299,880d998ecbfffff
25300,880d8a4869fffff
25301,880d83190bfffff
25302,880d9d3161fffff
25303,880d9d6717fffff
25304,880d8a0111fffff
25305,880d8a52ebfffff
25306,880d831a37fffff
25307,880d9cacddfffff
25308,880d99b519fffff
25309,880d9cb661fffff
25310,880d9d0cb9fffff
25311,880d9cb191fffff
25312,880d9d2235fffff
25313,880ca4d1a7fffff
25314,880d8a19b5fffff
25315,880d999549fffff
25316,880d9dcf3bfffff
25317,880d9ca4d7fffff
25318,880d836859fffff
25319,880d9dd367fffff
25320,880d9dd01dfffff
25321,880d9da237fffff
25322,880d98b73dfffff
25323,880d9d0eb3fffff
25324,880d8a4b21fffff
25325,880d83798bfffff
25326,880d9d3a83fffff
25327,880d9d7a33fffff
25328,880d822db7fffff
25329,880d99d2d5fffff
25330,880d8a1a49fffff
25331,880d9c9639fffff
25332,880d99a85bfffff
25333,880d831129fffff
25334,880d9d3b03fffff
25335,880d83034dfffff
25336,880d9c343dfffff
25337,880d9dc665fffff
25338,880d836b17fffff
25339,880d836e4dfffff
25340,880ca4d989fffff
25341,880d8a5ac5fffff
25342,880d9ddb67fffff
25343,880d8a4529fffff
25344,880d9dc53dfffff
25345,880d9d0611fffff
25346,880d83cde1fffff
25347,880ca4db39fffff
25348,880d9d20abfffff
25349,880d9ca253fffff
25350,880d836543fffff
25351,880d8344ebfffff
25352,880d83c09bfffff
25353,880d9db235fffff
25354,880d9d4ccbfffff
25355,880d9db005fffff
25356,880d9d2449fffff
25357,880d831ad7fffff
25358,880d998485fffff
25359,880d998eadfffff
25360,880d8a456dfffff
25361,880d8a0a41fffff
25362,880d8a6d83fffff
25363,880d9d04cdfffff
25364,880d8a5419fffff
25365,880d8a785dfffff
25366,880d9dd35bfffff
25367,880d8318c7fffff
25368,880d998f45fffff
25369,880d836983fffff
25370,880d9dd5ebfffff
25371,880d8a7531fffff
25372,880d9d9683fffff
25373,880d99b989fffff
25374,880d8a1a05fffff
25375,880d9d95b5fffff
25376,880d9d64ebfffff
25377,880d9d95a1fffff
25378,880d9d406dfffff
25379,880d8a5415fffff
25380,880d9ca239fffff
25381,880d8acc05fffff
25382,880d8a4a4dfffff
25383,880d9cb2a9fffff
25384,880d836127fffff
25385,880d9cb031fffff
25386,880d9d21b3fffff
25387,880d99d15dfffff
25388,880d8a1961fffff
25389,880d9d30b3fffff
25390,880d8a42e7fffff
25391,880d9cacc1fffff
25392,880d998235fffff
25393,880d9da8e3fffff
25394,880d9d20d7fffff
25395,880d99b733fffff
25396,880d831191fffff
25397,880d9d0689fffff
25398,880d9cb055fffff
25399,880d836831fffff
25400,880d99bacbfffff
25401,880ca4d139fffff
25402,880d998203fffff
25403,880d9cb587fffff
25404,880d8a5887fffff
25405,880d8a4145fffff
25406,880d8a590bfffff
25407,880d8345dbfffff
25408,880d8361ddfffff
25409,880d8ac4d5fffff
25410,880d9dd4a1fffff
25411,880d9d6d2dfffff
25412,880d9d6997fffff
25413,880d9d288dfffff
25414,880d9dc629fffff
25415,880d9d4221fffff
25416,880d9d465dfffff
25417,880d99a187fffff
25418,880d9dc4b1fffff
25419,880d9da547fffff
25420,880d9ddb4dfffff
25421,880d83c553fffff
25422,880d835569fffff
25423,880d9d1a93fffff
25424,880d9d2b27fffff
25425,880d9d14ddfffff
25426,880d9d2409fffff
25427,880d8a6db1fffff
25428,880d9d5041fffff
25429,880d8a199bfffff
25430,880d8352c9fffff
25431,880d9996abfffff
25432,880d9d0f25fffff
25433,880d9d3967fffff
25434,880d837a5bfffff
25435,880d8a4aedfffff
25436,880d99a137fffff
25437,880d834559fffff
25438,880d83ce37fffff
25439,880d9daf17fffff
25440,880d998f07fffff
25441,880d836d41fffff
25442,880d8a58a5fffff
25443,880d8351c5fffff
25444,880d9d4083fffff
25445,880d83444bfffff
25446,880d8a5ae5fffff
25447,880d998047fffff
25448,880d98b681fffff
25449,880d8a1245fffff
25450,880d9d0605fffff
25451,880d9c35d9fffff
25452,880d9dc685fffff
25453,880d99a667fffff
25454,880d9da081fffff
25455,880d9d66ddfffff
25456,880d9c96a1fffff
25457,880d998721fffff
25458,880d9d098bfffff
25459,880d9dd289fffff
25460,880d98b485fffff
25461,880d8a545bfffff
25462,880d831709fffff
25463,880d9dd347fffff
25464,880d9da367fffff
25465,880d9d1893fffff
25466,880d991483fffff
25467,880d9cb6edfffff
25468,880d9dc607fffff
25469,880d9d05e3fffff
25470,880d8301ebfffff
25471,880ca4d98dfffff
25472,880d9d7153fffff
25473,880d8a8839fffff
25474,880d9d2957fffff
25475,880d9d7937fffff
25476,880d991491fffff
25477,880d9db119fffff
25478,880d9d6b2dfffff
25479,880d8a7423fffff
25480,880d83c48bfffff
25481,880d8acf5dfffff
25482,880d9dd761fffff
25483,880d99b19dfffff
25484,880d9db1bdfffff
25485,880d9d1a97fffff
25486,880d9d39bdfffff
25487,880d9d6abdfffff
25488,880d9d632bfffff
25489,880d8389d7fffff
25490,880d8302e1fffff
25491,880d9d21b7fffff
25492,880d83cf4dfffff
25493,880d8a88b7fffff
25494,880d9daa3bfffff
25495,880d999669fffff
25496,880d8379bdfffff
25497,880d9d62a3fffff
25498,880d9db9b5fffff
25499,880d8ac633fffff
25500,880d9cb259fffff
25501,880d831255fffff
25502,880d831019fffff
25503,880d9d673dfffff
25504,880d8acf6bfffff
25505,880d9d05d9fffff
25506,880d98b465fffff
25507,880d9d2b55fffff
25508,880d9d95a9fffff
25509,880d9d0c9bfffff
25510,880d9d68e5fffff
25511,880d8345d1fffff
25512,880d9d896dfffff
25513,880d9d76abfffff
25514,880d9d6111fffff
25515,880d9d94dbfffff
25516,880d8a5b15fffff
25517,880d8a0005fffff
25518,880d9d0dcdfffff
25519,880d8a59a9fffff
25520,880d83612dfffff
25521,880d8a1011fffff
25522,880d9cacbbfffff
25523,880d83736dfffff
25524,880d9c3411fffff
25525,880d83442dfffff
25526,880d9d1aa1fffff
25527,880d9caccbfffff
25528,880d9cb019fffff
25529,880d99b8b9fffff
25530,880d99b645fffff
25531,880d98b747fffff
25532,880d9ca49dfffff
25533,880d9c26ebfffff
25534,880d9dc71bfffff
25535,880d83110bfffff
25536,880d9d7231fffff
25537,880d9da81bfffff
25538,880d9dd245fffff
25539,880d9d29ddfffff
25540,880d9d649bfffff
25541,880d834d5dfffff
25542,880d9d7481fffff
25543,880d8a18a3fffff
25544,880d9db8d7fffff
25545,880d9d1923fffff
25546,880d8a194bfffff
25547,880d9d4e49fffff
25548,880d99d23bfffff
25549,880d8a41d5fffff
25550,880d9dcb09fffff
25551,880d8a5227fffff
25552,880d8a6d2dfffff
25553,880d837231fffff
25554,880d83c711fffff
25555,880d9dc309fffff
25556,880d837259fffff
25557,880d99b95bfffff
25558,880d838d03fffff
25559,880d9d785dfffff
25560,880d99b343fffff
25561,880d9d391bfffff
25562,880d99af09fffff
25563,880d99baadfffff
25564,880d8a50bbfffff
25565,880d8a09bbfffff
25566,880d8370e9fffff
25567,880d8a4ae9fffff
25568,880d837881fffff
25569,880d9d6a89fffff
25570,880d9dd9abfffff
25571,880d9d876dfffff
25572,880d837829fffff
25573,880d9d76d5fffff
25574,880d9ca581fffff
25575,880d9d11ebfffff
25576,880d834a27fffff
25577,880d834f05fffff
25578,880d8e4b63fffff
25579,880d8e591dfffff
25580,880d8a8823fffff
25581,880d836c29fffff
25582,880d9d566bfffff
25583,880d9db195fffff
25584,880d9ca087fffff
25585,880d9dc1ebfffff
25586,880d8a7313fffff
25587,880d999889fffff
25588,880d8a0163fffff
25589,880d8a5467fffff
25590,880d9dc6c1fffff
25591,880d9d018dfffff
25592,880d8a0721fffff
25593,880d9d46c9fffff
25594,880d998339fffff
25595,880d9d6f3bfffff
25596,880d838c43fffff
25597,880d9dd305fffff
25598,880d9d3485fffff
25599,880d8a0109fffff
25600,880d9d356bfffff
25601,880d9d7855fffff
25602,880d9ca551fffff
25603,880d83108dfffff
25604,880d99a281fffff
25605,880d83426bfffff
25606,880ca4c34dfffff
25607,880d834f23fffff
25608,880d9d1587fffff
25609,880d83589dfffff
25610,880d99a427fffff
25611,880d835ab3fffff
25612,880d8340c3fffff
25613,880d8a55abfffff
25614,880d9c36ddfffff
25615,880d9cb4e9fffff
25616,880d836d8bfffff
25617,880d9c95d3fffff
25618,880d834521fffff
25619,880d8a4623fffff
25620,880d999a83fffff
25621,880d9d2c2bfffff
25622,880d8348e3fffff
25623,880d8a8d45fffff
25624,880d835603fffff
25625,880d9d3597fffff
25626,880d9d7403fffff
25627,880d998191fffff
25628,880d9d6b19fffff
25629,880d9cacedfffff
25630,880d830d45fffff
25631,880d8372d3fffff
25632,880d9dc925fffff
25633,880d998f31fffff
25634,880d831b4bfffff
25635,880d9dac65fffff
25636,880ca4d8ebfffff
25637,880d9d4195fffff
25638,880d8a8917fffff
25639,880d99b54dfffff
25640,880d99d227fffff
25641,880d9d1821fffff
25642,880d83436dfffff
25643,880d9d759bfffff
25644,880d8a09ebfffff
25645,880d9d1a07fffff
25646,880d9dca65fffff
25647,880d8a009dfffff
25648,880d834513fffff
25649,880d9cb291fffff
25650,880d998d93fffff
25651,880d9982cbfffff
25652,880d835285fffff
25653,880d9d35c7fffff
25654,880d831235fffff
25655,880d9985c7fffff
25656,880d9da157fffff
25657,880d9c3555fffff
25658,880d9c369bfffff
25659,880d8a7707fffff
25660,880d831141fffff
25661,880d8a1133fffff
25662,880d9d24c5fffff
25663,880d9d0401fffff
25664,880d9d0287fffff
25665,880d9cb539fffff
25666,880d99b59bfffff
25667,880d999727fffff
25668,880d9d0025fffff
25669,880d99aa67fffff
25670,880d9d473bfffff
25671,880d830c2dfffff
25672,880d8a709dfffff
25673,880d8a6f6dfffff
25674,880d99a191fffff
25675,880d9dc23dfffff
25676,880d9cb51dfffff
25677,880d831a61fffff
25678,880d99aa81fffff
25679,880d835127fffff
25680,880d8a6245fffff
25681,880d8302e5fffff
25682,880d9d6a15fffff
25683,880d8a4861fffff
25684,880d835851fffff
25685,880d9d1713fffff
25686,880d9dc133fffff
25687,880d8a59b1fffff
25688,880d8a0e01fffff
25689,880d9daee5fffff
25690,880d9d09abfffff
25691,880d8349e3fffff
25692,880d99d641fffff
25693,880d9dc533fffff
25694,880d83576bfffff
25695,880d83721bfffff
25696,880d9dd8ddfffff
25697,880d998199fffff
25698,880d8a6853fffff
25699,880d9d384bfffff
25700,880d9996a5fffff
25701,880d8a0765fffff
25702,880d9c24c9fffff
25703,880ca4d767fffff
25704,880d9d6031fffff
25705,880d99b403fffff
25706,880d99b239fffff
25707,880d83403dfffff
25708,880d83899bfffff
25709,880d99d6e1fffff
25710,880d8acf55fffff
25711,880d9d3123fffff
25712,880d838d43fffff
25713,880d9da807fffff
25714,880d9d612dfffff
25715,880d9d1451fffff
25716,880d8a1895fffff
25717,880d9d16e7fffff
25718,880d9d0b07fffff
25719,880d9d3157fffff
25720,880d8ac511fffff
25721,880d99b841fffff
25722,880d99af37fffff
25723,880d8a1015fffff
25724,880d9dcf39fffff
25725,880d9d354dfffff
25726,880d9d69cdfffff
25727,880d9da933fffff
25728,880d9db101fffff
25729,880ca4da29fffff
25730,880d9dcca9fffff
25731,880d9992d7fffff
25732,880d8a46a7fffff
25733,880d99b899fffff
25734,880d99a663fffff
25735,880d836ecdfffff
25736,880d8ac6b9fffff
25737,880d835891fffff
25738,880d9d7089fffff
25739,880d834eb3fffff
25740,880d999a33fffff
25741,880d8a52a3fffff
25742,880d9d381bfffff
25743,880d9d159bfffff
25744,880d838f17fffff
25745,880d999737fffff
25746,880d9db86bfffff
25747,880d9d706bfffff
25748,880d9d846bfffff
25749,880d831727fffff
25750,880d83899dfffff
25751,880d9d0635fffff
25752,880d9c3757fffff
25753,880d8a491bfffff
25754,880d8a573bfffff
25755,880d9d6451fffff
25756,880d9dd921fffff
25757,880d9d29d3fffff
25758,880d9999edfffff
25759,880d99941bfffff
25760,880d9d0715fffff
25761,880d9d3269fffff
25762,880d9dc905fffff
25763,880d999337fffff
25764,880d9c3649fffff
25765,880d9dcacdfffff
25766,880d9dd54bfffff
25767,880d9dc135fffff
25768,880ca4d837fffff
25769,880d83c1a7fffff
25770,880d9c22ddfffff
25771,880d8a5729fffff
25772,880d831ad9fffff
25773,880d8a1811fffff
25774,880d9d45d1fffff
25775,880d99b191fffff
25776,880d8a5451fffff
25777,880d9d02d7fffff
25778,880d8a5807fffff
25779,880d9cb615fffff
25780,880d998ddbfffff
25781,880d8a401dfffff
25782,880d83c4e5fffff
25783,880d831021fffff
25784,880d836f01fffff
25785,880d8a086dfffff
25786,880d8ac6d5fffff
25787,880d9d0ac5fffff
25788,880d998425fffff
25789,880d8a56c1fffff
25790,880d9d4e87fffff
25791,880d834325fffff
25792,880d8371edfffff
25793,880d8a8937fffff
25794,880d9d6d09fffff
25795,880d8ac9ddfffff
25796,880d9cadc5fffff
25797,880d9db53dfffff
25798,880d8a7485fffff
25799,880d831b03fffff
25800,880d9da949fffff
25801,880d8352b9fffff
25802,880d831167fffff
25803,880d834195fffff
25804,880d8a5401fffff
25805,880d830c25fffff
25806,880d8355c9fffff
25807,880d8308a3fffff
25808,880d8e5a0dfffff
25809,880d9cb237fffff
25810,880d8ad4abfffff
25811,880d9dba5bfffff
25812,880d8a0b4dfffff
25813,880d9d7165fffff
25814,880d8a566bfffff
25815,880d9dd5bbfffff
25816,880d9ca68dfffff
25817,880d9dca91fffff
25818,880d98b40bfffff
25819,880d837059fffff
25820,880d9d52c7fffff
25821,880d9d6665fffff
25822,880d8a8d6bfffff
25823,880d9d44e5fffff
25824,880ca4d23dfffff
25825,880d9d365dfffff
25826,880d8a4d95fffff
25827,880d9dd2e3fffff
25828,880d9d19bbfffff
25829,880d83592dfffff
25830,880ca4d163fffff
25831,880d9cb727fffff
25832,880d9c3495fffff
25833,880d836d9dfffff
25834,880d9d1193fffff
25835,880d8a1a37fffff
25836,880d9d6417fffff
25837,880d83429dfffff
25838,880d9dc50bfffff
25839,880d83020bfffff
25840,880d9d028dfffff
25841,880d9d2f0bfffff
25842,880d99a165fffff
25843,880d831535fffff
25844,880d9daf61fffff
25845,880d83534bfffff
25846,880d836a27fffff
25847,880d99aa95fffff
25848,880d9cb46bfffff
25849,880d99998dfffff
25850,880d834e45fffff
25851,880d9d155bfffff
25852,880d8a461bfffff
25853,880d9d0165fffff
25854,880d9dd117fffff
25855,880d9da00bfffff
25856,880d9d264dfffff
25857,880d830995fffff
25858,880d8a42cdfffff
25859,880d8a8867fffff
25860,880d831859fffff
25861,880d9d32d1fffff
25862,880d9dd933fffff
25863,880d998c25fffff
25864,880d9ca65dfffff
25865,880d99a5abfffff
25866,880d8301bdfffff
25867,880d98b5d9fffff
25868,880d99b5bdfffff
25869,880d8a4c53fffff
25870,880d835a69fffff
25871,880d9dc4abfffff
25872,880d9d670dfffff
25873,880d9d6c13fffff
25874,880d8ac983fffff
25875,880d836815fffff
25876,880d8a0ab5fffff
25877,880d99ba87fffff
25878,880d98b293fffff
25879,880d836503fffff
25880,880d8a00cdfffff
25881,880d9dca97fffff
25882,880d9d0e39fffff
25883,880d8ac483fffff
25884,880d8e5913fffff
25885,880d9dae87fffff
25886,880d9d2f37fffff
25887,880d9d3137fffff
25888,880d9d25b3fffff
25889,880d9dacb3fffff
25890,880d998f3dfffff
25891,880d9d40e9fffff
25892,880d830dc5fffff
25893,880d9dd8d7fffff
25894,880d999501fffff
25895,880d834b2bfffff
25896,880d9c2411fffff
25897,880d831847fffff
25898,880d99ab1bfffff
25899,880d9d0803fffff
25900,880d999721fffff
25901,880d9dccd7fffff
25902,880d9dc559fffff
25903,880d8369e5fffff
25904,880d9d2da7fffff
25905,880d998c83fffff
25906,880d9d324bfffff
25907,880d99a353fffff
25908,880d999733fffff
25909,880d83499dfffff
25910,880d9990b5fffff
25911,880d83001bfffff
25912,880d9d4505fffff
25913,880d9dcc49fffff
25914,880d8a4e67fffff
25915,880d998689fffff
25916,880d9d543dfffff
25917,880d99b4d1fffff
25918,880d9dbaebfffff
25919,880d9d55e3fffff
25920,880d9d09c9fffff
25921,880d8a8ab1fffff
25922,880d8a1101fffff
25923,880d837069fffff
25924,880d9d2b43fffff
25925,880d9d1149fffff
25926,880d8a51a5fffff
25927,880d9d0243fffff
25928,880d9980bbfffff
25929,880d8ad957fffff
25930,880d8300a9fffff
25931,880d999265fffff
25932,880d835623fffff
25933,880d8a1329fffff
25934,880d9dc4b7fffff
25935,880d83562bfffff
25936,880d831aa1fffff
25937,880d8a8a3bfffff
25938,880d99168dfffff
25939,880d9999ebfffff
25940,880d8a131bfffff
25941,880d8301edfffff
25942,880d99d247fffff
25943,880d834a09fffff
25944,880d9dd45dfffff
25945,880d8ac1b9fffff
25946,880d8a0047fffff
25947,880d9dab53fffff
25948,880d8e596dfffff
25949,880d993207fffff
25950,880d9d5315fffff
25951,880d836193fffff
25952,880d9dd2ddfffff
25953,880d83561bfffff
25954,880ca4d2b9fffff
25955,880d9db909fffff
25956,880d9d22a5fffff
25957,880d8ac0c7fffff
25958,880d8a4ae3fffff
25959,880d9c9687fffff
25960,880d8a035dfffff
25961,880d9db1e5fffff
25962,880d8a51abfffff
25963,880d9d2f1dfffff
25964,880d836153fffff
25965,880d9c2441fffff
25966,880d8340b3fffff
25967,880d8a685bfffff
25968,880d8360c7fffff
25969,880d837145fffff
25970,880d8a4db1fffff
25971,880d8a1a19fffff
25972,880d835469fffff
25973,880d8a7765fffff
25974,880d837b61fffff
25975,880d998a23fffff
25976,880d831b41fffff
25977,880d9d2749fffff
25978,880d9d0337fffff
25979,880d834ac3fffff
25980,880d9c3621fffff
25981,880d8a6a9dfffff
25982,880ca4d9d9fffff
25983,880d8351bdfffff
25984,880d83c035fffff
25985,880d9d64a3fffff
25986,880d9d0b2bfffff
25987,880d834491fffff
25988,880d9d9437fffff
25989,880d9d6361fffff
25990,880d8a573dfffff
25991,880d9dc989fffff
25992,880d9d1967fffff
25993,880d834c37fffff
25994,880d8a8819fffff
25995,880d9d4283fffff
25996,880d8a0897fffff
25997,880d98a657fffff
25998,880d9dc691fffff
25999,880d9d39adfffff
26000,880d8a4831fffff
26001,880d9d5613fffff
26002,880d835695fffff
26003,880d9d0055fffff
26004,880d9cb723fffff
26005,880d83cd59fffff
26006,880d99d2ebfffff
26007,880d9d2a59fffff
26008,880d830d8bfffff
26009,880d83593bfffff
26010,880d9d6851fffff
26011,880d99926dfffff
26012,880d8a0a57fffff
26013,880d8a8d6dfffff
26014,880d8a1765fffff
26015,880d83c0bbfffff
26016,880d8e59c1fffff
26017,880d83cf1bfffff
26018,880d9d6f21fffff
26019,880d8a0025fffff
26020,880d9d6123fffff
26021,880d9dd5b9fffff
26022,880d836853fffff
26023,880d8a4b55fffff
26024,880d9dc751fffff
26025,880d98b687fffff
26026,880d8369a9fffff
26027,880d9da265fffff
26028,880d8a6de5fffff
26029,880d9cb317fffff
26030,880d99b9cbfffff
26031,880d834025fffff
26032,880d9d3a0dfffff
26033,880d9d1409fffff
26034,880d999307fffff
26035,880d83402bfffff
26036,880d9985e7fffff
26037,880d9d1947fffff
26038,880d999959fffff
26039,880d8389b7fffff
26040,880d831a09fffff
26041,880d9d3969fffff
26042,880d9dc9b1fffff
26043,880d8a5453fffff
26044,880d99ad5bfffff
26045,880d8a1295fffff
26046,880d9cb5a3fffff
26047,880d9c969bfffff
26048,880d9d09edfffff
26049,880d8a888dfffff
26050,880d9d7321fffff
26051,880d8a8d3dfffff
26052,880d9caca7fffff
26053,880d9d0293fffff
26054,880d8a79bdfffff
26055,880d998253fffff
26056,880d83c717fffff
26057,880d9d2331fffff
26058,880d9d7643fffff
26059,880d99aa5dfffff
26060,880d9dc261fffff
26061,880d9d2e9dfffff
26062,880d835831fffff
26063,880d9992b3fffff
26064,880d8ad487fffff
26065,880d9d4cb3fffff
26066,880ca4d0edfffff
26067,880d9dd111fffff
26068,880d9d45e3fffff
26069,880d9dc185fffff
26070,880d9db265fffff
26071,880d9dacbdfffff
26072,880d9d5655fffff
26073,880d9ca1b9fffff
26074,880d8a094dfffff
26075,880d9d7605fffff
26076,880d834cc1fffff
26077,880d9d795dfffff
26078,880d99af07fffff
26079,880d98b417fffff
26080,880d99b80dfffff
26081,880d8acdcdfffff
26082,880d83432dfffff
26083,880d9995ebfffff
26084,880d830865fffff
26085,880d9cb465fffff
26086,880d9d4307fffff
26087,880d9d8687fffff
26088,880d9d8933fffff
26089,880d8349bbfffff
26090,880d83c2a3fffff
26091,880d8a6229fffff
26092,880d8a0b2dfffff
26093,880d9d354bfffff
26094,880d9d44e3fffff
26095,880d8acf45fffff
26096,880d838893fffff
26097,880d99b653fffff
26098,880d83692dfffff
26099,880d9d3769fffff
26100,880d9d216bfffff
26101,880d83cf61fffff
26102,880d98b733fffff
26103,880d8301ddfffff
26104,880d9c3403fffff
26105,880d9d794dfffff
26106,880ca4d331fffff
26107,880d837ae7fffff
26108,880d9d6e8bfffff
26109,880d9ca43dfffff
26110,880d9d4eedfffff
26111,880d98b719fffff
26112,880d9db1b3fffff
26113,880d9994bdfffff
26114,880d8a0ab7fffff
26115,880d9dd6c5fffff
26116,880d9dd725fffff
26117,880d9cb315fffff
26118,880d9db1e1fffff
26119,880d835023fffff
26120,880d9d55c3fffff
26121,880d83614bfffff
26122,880d9d1ac7fffff
26123,880d83c123fffff
26124,880d9d1929fffff
26125,880d8a42c9fffff
26126,880d9d10d7fffff
26127,880d831365fffff
26128,880d836933fffff
26129,880d9d61c7fffff
26130,880d822f15fffff
26131,880d83425dfffff
26132,880d837ad7fffff
26133,880d9db05dfffff
26134,880d8a4d3dfffff
26135,880d831197fffff
26136,880d836ca3fffff
26137,880d9d5605fffff
26138,880d99bb2bfffff
26139,880d8a51cbfffff
26140,880d837901fffff
26141,880d8a4f0bfffff
26142,880d8a072bfffff
26143,880d9ca4a1fffff
26144,880d9d2d2bfffff
26145,880d9d215dfffff
26146,880d9dd95dfffff
26147,880d8354c7fffff
26148,880d822d3bfffff
26149,880d998099fffff
26150,880d8342e3fffff
26151,880d830d1bfffff
26152,880d9d89e1fffff
26153,880d9dcb01fffff
26154,880d9ca6d1fffff
26155,880d9d0c51fffff
26156,880d8a74e7fffff
26157,880d9d10e5fffff
26158,880d9d0a2dfffff
26159,880d9cb0ebfffff
26160,880d83c31bfffff
26161,880d9dab5bfffff
26162,880d9dd0cdfffff
26163,880d8a5599fffff
26164,880d98a645fffff
26165,880d9d5585fffff
26166,880d9dd43bfffff
26167,880d99d35bfffff
26168,880d9ca039fffff
26169,880d8318e1fffff
26170,880d9d8b27fffff
26171,880d99b491fffff
26172,880d998cb3fffff
26173,880d998707fffff
26174,880d9c35edfffff
26175,880d834a23fffff
26176,880d9cacadfffff
26177,880d9d5097fffff
26178,880d99a5d3fffff
26179,880d9d62c3fffff
26180,880d9d1b07fffff
26181,880d9c3627fffff
26182,880d822f07fffff
26183,880d8a6ab7fffff
26184,880d9d36b9fffff
26185,880d9986b5fffff
26186,880d9dc339fffff
26187,880d9d04b5fffff
26188,880d9cb0adfffff
26189,880d9c3563fffff
26190,880d8a7b53fffff
26191,880d8a0821fffff
26192,880d9d1969fffff
26193,880d9c3087fffff
26194,880d9daf31fffff
26195,880d9dc337fffff
26196,880d8378b7fffff
26197,880d837813fffff
26198,880d8a5311fffff
26199,880d9995ddfffff
26200,880d83cf3bfffff
26201,880d9cac6bfffff
26202,880d83566bfffff
26203,880d9c2701fffff
26204,880d99b8c1fffff
26205,880d9d19d5fffff
26206,880d9d76e9fffff
26207,880d8310e9fffff
26208,880d836f5dfffff
26209,880d98b757fffff
26210,880d9d092bfffff
26211,880d9dd329fffff
26212,880d9d4c47fffff
26213,880d9c3723fffff
26214,880d8a135dfffff
26215,880ca4d803fffff
26216,880d8349b5fffff
26217,880d9dadb1fffff
26218,880d9d95a3fffff
26219,880d98b60bfffff
26220,880d9dba3bfffff
26221,880d9d1a0dfffff
26222,880d9d6d19fffff
26223,880d8a468dfffff
26224,880d9d522dfffff
26225,880d9d3419fffff
26226,880d8a6133fffff
26227,880d838885fffff
26228,880d9d2895fffff
26229,880d8a4e05fffff
26230,880d8a0c41fffff
26231,880d99b227fffff
26232,880d8a5337fffff
26233,880d99808bfffff
26234,880d8388bdfffff
26235,880d9d7699fffff
26236,880d99a5b5fffff
26237,880d9d4d99fffff
26238,880d9dac35fffff
26239,880d8ac5a9fffff
26240,880d9d38b5fffff
26241,880d9d18d7fffff
26242,880d9d62e3fffff
26243,880d9d681dfffff
26244,880d99b8d5fffff
26245,880d9d8299fffff
26246,880d9d2d17fffff
26247,880d83535bfffff
26248,880d8a7253fffff
26249,880d8371a5fffff
26250,880d9d3155fffff
26251,880d8372e5fffff
26252,880d9d9597fffff
26253,880d8a58a9fffff
26254,880d9dd211fffff
26255,880d99ace7fffff
26256,880d9d94c5fffff
26257,880d836897fffff
26258,880d8acc1dfffff
26259,880d8a4f69fffff
26260,880d9d0dd7fffff
26261,880d83410dfffff
26262,880d8a734bfffff
26263,880d9d2b4dfffff
26264,880d9d3489fffff
26265,880d9cb233fffff
26266,880d99a1cdfffff
26267,880d9d0a09fffff
26268,880d8a62d5fffff
26269,880d9db925fffff
26270,880d9d188dfffff
26271,880d834b63fffff
26272,880ca4d337fffff
26273,880d98b5d3fffff
26274,880d99994dfffff
26275,880d83600dfffff
26276,880d9d4d1bfffff
26277,880d9dd437fffff
26278,880d8a4505fffff
26279,880d9dc711fffff
26280,880d9d7651fffff
26281,880d9d36d5fffff
26282,880d9cae1dfffff
26283,880d993613fffff
26284,880d8ac283fffff
26285,880d8a896dfffff
26286,880d9d6141fffff
26287,880d8a1863fffff
26288,880d9dd9e5fffff
26289,880d98b415fffff
26290,880d8a6aa5fffff
26291,880d9daf23fffff
26292,880d998663fffff
26293,880d9db95bfffff
26294,880d99843bfffff
26295,880d9dae57fffff
26296,880d83c513fffff
26297,880d8a4481fffff
26298,880d8a6c1bfffff
26299,880d9995b5fffff
26300,880d8389d9fffff
26301,880d999ac9fffff
26302,880d836109fffff
26303,880d9dc66dfffff
26304,880d998a19fffff
26305,880d83094dfffff
26306,880d98a6e9fffff
26307,880d9ca74dfffff
26308,880d8a894bfffff
26309,880d9d41cdfffff
26310,880d9d6463fffff
26311,880d9d0c93fffff
26312,880d8a59d1fffff
26313,880d834295fffff
26314,880d834a17fffff
26315,880d837021fffff
26316,880d8312e9fffff
26317,880d8a11c5fffff
26318,880d99829dfffff
26319,880d8a6d01fffff
26320,880d83714bfffff
26321,880d998e29fffff
26322,880d9d16c3fffff
26323,880d9db015fffff
26324,880d99a0b1fffff
26325,880d9d18a5fffff
26326,880d9d0b03fffff
26327,880d9dc18dfffff
26328,880ca4d255fffff
26329,880d9db81bfffff
26330,880d9d60c9fffff
26331,880d8a48bbfffff
26332,880d834c91fffff
26333,880d9db06dfffff
26334,880d8ad9edfffff
26335,880d9d6b21fffff
26336,880d9d0a65fffff
26337,880d836b21fffff
26338,880d8a683dfffff
26339,880ca4db41fffff
26340,880d99b0e3fffff
26341,880d837ad9fffff
26342,880d834ae3fffff
26343,880d83cd63fffff
26344,880d8a55d9fffff
26345,880d8a68dbfffff
26346,880d9dcf09fffff
26347,880d9c35c9fffff
26348,880d9dd551fffff
26349,880d99a8e3fffff
26350,880d9dc937fffff
26351,880d83103dfffff
26352,880d9c371dfffff
26353,880d9c35abfffff
26354,880d835ae1fffff
26355,880d8a51bbfffff
26356,880d9d0c19fffff
26357,880d834ab5fffff
26358,880d83702dfffff
26359,880d83556bfffff
26360,880d9da74dfffff
26361,880d83ce61fffff
26362,880d8a8f0dfffff
26363,880d9c94a9fffff
26364,880d9dd221fffff
26365,880d99b05dfffff
26366,880d9db321fffff
26367,880d9d1b27fffff
26368,880d9da55dfffff
26369,880d9d6923fffff
26370,880d99d25bfffff
26371,880d99a961fffff
26372,880d834ee3fffff
26373,880d9d7711fffff
26374,880d9dd2bbfffff
26375,880d99b351fffff
26376,880d9dd255fffff
26377,880d822d51fffff
26378,880d9d862dfffff
26379,880d9ddac9fffff
26380,880d8a4247fffff
26381,880d998a47fffff
26382,880d8ac093fffff
26383,880d8a5131fffff
26384,880d8ace29fffff
26385,880d837219fffff
26386,880d999a17fffff
26387,880d836163fffff
26388,880d83125bfffff
26389,880d998d13fffff
26390,880d822dbbfffff
26391,880d99a4e5fffff
26392,880d9d56e5fffff
26393,880d83c011fffff
26394,880d9da2c9fffff
26395,880d8a7525fffff
26396,880d8a59c1fffff
26397,880ca4d703fffff
26398,880d99a627fffff
26399,880d9d3831fffff
26400,880d9dc627fffff
26401,880d9d161bfffff
26402,880d99a563fffff
26403,880d9d4643fffff
26404,880d8a626bfffff
26405,880d8a4003fffff
26406,880d834257fffff
26407,880d99b581fffff
26408,880d8ad48bfffff
26409,880d9d56a5fffff
26410,880d9dd235fffff
26411,880d99b29bfffff
26412,880d9dcc2bfffff
26413,880d9d3b37fffff
26414,880d834b39fffff
26415,880d9d34ebfffff
26416,880d8ac493fffff
26417,880d9dc6e7fffff
26418,880d9dae45fffff
26419,880d8349c1fffff
26420,880d8352c7fffff
26421,880d9d5035fffff
26422,880d8a4027fffff
26423,880d9d740bfffff
26424,880d9d24c3fffff
26425,880ca4d905fffff
26426,880d9d7ab3fffff
26427,880d830b09fffff
26428,880d8acd03fffff
26429,880d8a6847fffff
26430,880d999765fffff
26431,880d8acd19fffff
26432,880d830857fffff
26433,880d838aedfffff
26434,880d998167fffff
26435,880d9d258bfffff
26436,880d8308b3fffff
26437,880d9990e5fffff
26438,880d8a446bfffff
26439,880d9db8e7fffff
26440,880d99a8abfffff
26441,880d8a1b07fffff
26442,880d9d4cbbfffff
26443,880d9cac19fffff
26444,880d834dc7fffff
26445,880d9da189fffff
26446,880d9982edfffff
26447,880d8a8f4dfffff
26448,880d9d1a03fffff
26449,880d9dba39fffff
26450,880d9d0ac9fffff
26451,880d9dcb55fffff
26452,880d99b557fffff
26453,880d831763fffff
26454,880d830a81fffff
26455,880d9c975dfffff
26456,880d9c35cbfffff
26457,880d9d6d05fffff
26458,880d9da625fffff
26459,880d9d6183fffff
26460,880d8ad901fffff
26461,880d9d1735fffff
26462,880d9d2a57fffff
26463,880d83132bfffff
26464,880d834c23fffff
26465,880d83c1d5fffff
26466,880d8a4a93fffff
26467,880d9d389bfffff
26468,880d9cb2a3fffff
26469,880d999069fffff
26470,880d9d1113fffff
26471,880d9db8e3fffff
26472,880d9d2d9bfffff
26473,880d8a6897fffff
26474,880d9dba5dfffff
26475,880d9cae0dfffff
26476,880d83156bfffff
26477,880d9dcf5dfffff
26478,880d98a61dfffff
26479,880d9d772bfffff
26480,880d8a4463fffff
26481,880d834681fffff
26482,880d9d24dbfffff
26483,880d9d2c47fffff
26484,880d8a1169fffff
26485,880d8a5329fffff
26486,880ca4d881fffff
26487,880d9d76c7fffff
26488,880d9d6343fffff
26489,880d9d6ce5fffff
26490,880d98a603fffff
26491,880d9d8747fffff
26492,880d99aae5fffff
26493,880d9d0a9bfffff
26494,880d8e4983fffff
26495,880d9d54e9fffff
26496,880d99a65dfffff
26497,880ca4dad9fffff
26498,880d8309e1fffff
26499,880d99a709fffff
26500,880d9caee9fffff
26501,880d83c727fffff
26502,880d9d344dfffff
26503,880d8acc43fffff
26504,880d9d311dfffff
26505,880d9d331bfffff
26506,880d8a5961fffff
26507,880d837109fffff
26508,880d831343fffff
26509,880d831827fffff
26510,880d9d14adfffff
26511,880d9d0031fffff
26512,880d9daa91fffff
26513,880d9c2645fffff
26514,880d9c2291fffff
26515,880d8318d1fffff
26516,880d9d606bfffff
26517,880d99b26bfffff
26518,880d9d0e4dfffff
26519,880d8a81dbfffff
26520,880d830b37fffff
26521,880d9d1657fffff
26522,880d999089fffff
26523,880d9db5e5fffff
26524,880d8a7561fffff
26525,880d83c913fffff
26526,880d9dc89dfffff
26527,880d8acf15fffff
26528,880d9d006bfffff
26529,880d836009fffff
26530,880d8a4d4bfffff
26531,880d99905bfffff
26532,880d8a7a6dfffff
26533,880d9d4463fffff
26534,880d8a5ad5fffff
26535,880d8a6f35fffff
26536,880d9cb629fffff
26537,880d9d06edfffff
26538,880d99a445fffff
26539,880d99d2e9fffff
26540,880d9d3151fffff
26541,880d9d2581fffff
26542,880d9c3647fffff
26543,880d8e49b3fffff
26544,880d9d0627fffff
26545,880d9d2a11fffff
26546,880d9d4119fffff
26547,880d9d29b7fffff
26548,880d9daca3fffff
26549,880d9da537fffff
26550,880d836843fffff
26551,880d9d2257fffff
26552,880d9d696bfffff
26553,880d9d14b7fffff
26554,880d9dcd0bfffff
26555,880d9daea1fffff
26556,880d8a56abfffff
26557,880d9c9401fffff
26558,880d9d1687fffff
26559,880d834343fffff
26560,880d830d3bfffff
26561,880d9daeb7fffff
26562,880d9dd5edfffff
26563,880d9dae65fffff
26564,880d8e4927fffff
26565,880d831a6bfffff
26566,880d9c961bfffff
26567,880d834093fffff
26568,880d8a8827fffff
26569,880d8a4dc1fffff
26570,880d9d312dfffff
26571,880d8a1159fffff
26572,880d835009fffff
26573,880d8309d9fffff
26574,880d83c14bfffff
26575,880d9c9497fffff
26576,880d834741fffff
26577,880d9dba47fffff
26578,880d83452dfffff
26579,880d9d95c3fffff
26580,880d99acc1fffff
26581,880d9d1901fffff
26582,880d9d2ae5fffff
26583,880d8a68a5fffff
26584,880d9d559dfffff
26585,880d9d0361fffff
26586,880d9d2b3dfffff
26587,880d8acf05fffff
26588,880d83121dfffff
26589,880d834eedfffff
26590,880d9d72c7fffff
26591,880d9d0c8dfffff
26592,880d9d2ce1fffff
26593,880d9dab6bfffff
26594,880d98b4edfffff
26595,880d8a472dfffff
26596,880d9d5267fffff
26597,880d99b06dfffff
26598,880d9d546bfffff
26599,880d9dc4e7fffff
26600,880d9d1583fffff
26601,880d9dd717fffff
26602,880d998269fffff
26603,880d9985b1fffff
26604,880d9c9409fffff
26605,880d9d68a1fffff
26606,880d99a0d5fffff
26607,880d8a431bfffff
26608,880d9d24a5fffff
26609,880d9d1b33fffff
26610,880d9ca599fffff
26611,880d836d81fffff
26612,880d9936c1fffff
26613,880d9d0c69fffff
26614,880d8a6c01fffff
26615,880d9982d3fffff
26616,880d9d6d01fffff
26617,880d9db941fffff
26618,880d9d0125fffff
26619,880d9da1e7fffff
26620,880d98b629fffff
26621,880d83434bfffff
26622,880d8389bbfffff
26623,880d83585bfffff
26624,880d8a8f49fffff
26625,880d9ca4e1fffff
26626,880d8a6289fffff
26627,880d9db831fffff
26628,880ca4d8cbfffff
26629,880d99b51dfffff
26630,880d8a0aa3fffff
26631,880d9dcaa9fffff
26632,880d9c8611fffff
26633,880d8a5425fffff
26634,880d83cdb9fffff
26635,880d99b9b5fffff
26636,880d8a582dfffff
26637,880d8a0ad3fffff
26638,880d9cb09dfffff
26639,880d834137fffff
26640,880d99825bfffff
26641,880d9d6969fffff
26642,880d998f29fffff
26643,880d999205fffff
26644,880d9dd587fffff
26645,880d83cd09fffff
26646,880d835631fffff
26647,880d8a6299fffff
26648,880d8a1927fffff
26649,880d9d0ae7fffff
26650,880d9d7b17fffff
26651,880d8356c1fffff
26652,880d8a541bfffff
26653,880d9d1ae9fffff
26654,880d8a1867fffff
26655,880d8354ddfffff
26656,880d835027fffff
26657,880d9d319bfffff
26658,880d99ad4bfffff
26659,880d9dc325fffff
26660,880d9dcee7fffff
26661,880d9d0d35fffff
26662,880d99b339fffff
26663,880d9d6f39fffff
26664,880d9d7911fffff
26665,880d834f59fffff
26666,880d9d5199fffff
26667,880d830a41fffff
26668,880d9dced3fffff
26669,880d9cad91fffff
26670,880d83c063fffff
26671,880d99a319fffff
26672,880d9db807fffff
26673,880d999803fffff
26674,880d9d1651fffff
26675,880d8379c1fffff
26676,880d9d7629fffff
26677,880d9d00e7fffff
26678,880d9dc729fffff
26679,880d9d62d1fffff
26680,880d822c9bfffff
26681,880d8378cdfffff
26682,880d8e4b65fffff
26683,880d83c457fffff
26684,880d8344a7fffff
26685,880d99a053fffff
26686,880d99a833fffff
26687,880d9d313dfffff
26688,880d9d6a51fffff
26689,880d8a42dbfffff
26690,880d8ac5b9fffff
26691,880d99b031fffff
26692,880d830ac5fffff
26693,880d8318e9fffff
26694,880d99869dfffff
26695,880d830aebfffff
26696,880d9d7503fffff
26697,880d830b1dfffff
26698,880d8a0035fffff
26699,880d8a4021fffff
26700,880d8a1b6bfffff
26701,880d831033fffff
26702,880d99ab53fffff
26703,880d99b4e1fffff
26704,880d8350d9fffff
26705,880d9d1955fffff
26706,880d834165fffff
26707,880d98a4d3fffff
26708,880d834ce3fffff
26709,880d9d04bdfffff
26710,880d831545fffff
26711,880d8a0a87fffff
26712,880d9dadabfffff
26713,880d9cb247fffff
26714,880d9cb5bbfffff
26715,880d9d744bfffff
26716,880d8a88ddfffff
26717,880d9d72d3fffff
26718,880d9d2817fffff
26719,880d83402dfffff
26720,880d9d32b9fffff
26721,880d9d0455fffff
26722,880d9d34e9fffff
26723,880d9dd5bdfffff
26724,880d9d6143fffff
26725,880d9d4561fffff
26726,880d9cac53fffff
26727,880d8ac9c3fffff
26728,880d834293fffff
26729,880d9d08e7fffff
26730,880d831ab5fffff
26731,880d837867fffff
26732,880d999b47fffff
26733,880d8a4701fffff
26734,880d8a5715fffff
26735,880d830a53fffff
26736,880d835745fffff
26737,880d8a8f09fffff
26738,880d837223fffff
26739,880d9dc353fffff
26740,880d9d1455fffff
26741,880d8a6837fffff
26742,880d837b17fffff
26743,880d998621fffff
26744,880d9d4231fffff
26745,880d822d99fffff
26746,880d8341d3fffff
26747,880d9dd9b1fffff
26748,880d9d6a6bfffff
26749,880d99addbfffff
26750,880d998c37fffff
26751,880d9d7a4bfffff
26752,880d9da889fffff
26753,880d9d42b1fffff
26754,880d9d6cebfffff
26755,880d8ac427fffff
26756,880d8a4055fffff
26757,880d999a41fffff
26758,880d99a611fffff
26759,880d9c2761fffff
26760,880d9dc00bfffff
26761,880d834555fffff
26762,880d9d449bfffff
26763,880d835aa5fffff
26764,880d9ca031fffff
26765,880d834483fffff
26766,880d9cac65fffff
26767,880d9d2a69fffff
26768,880d8a0009fffff
26769,880d8344a3fffff
26770,880d838881fffff
26771,880d8a42b3fffff
26772,880d9d66c5fffff
26773,880d99b5edfffff
26774,880d9dac09fffff
26775,880d9dc02dfffff
26776,880d9ca0d1fffff
26777,880d9d4659fffff
26778,880d8a0a8dfffff
26779,880d834989fffff
26780,880d9dd5b5fffff
26781,880d8312a9fffff
26782,880d835995fffff
26783,880d9d2239fffff
26784,880d9da111fffff
26785,880d8a456bfffff
26786,880d99a557fffff
26787,880d8a5a91fffff
26788,880d8a54cbfffff
26789,880d9c36e1fffff
26790,880d9da981fffff
26791,880d999699fffff
26792,880d99a981fffff
26793,880d831857fffff
26794,880d9d0121fffff
26795,880d8a7a07fffff
26796,880d9ca211fffff
26797,880d99b21dfffff
26798,880d8349c7fffff
26799,880d9981bbfffff
26800,880d9d504bfffff
26801,880d9dd961fffff
26802,880d9d0207fffff
26803,880d838de9fffff
26804,880d9cb235fffff
26805,880d9d6189fffff
26806,880d9d4dc5fffff
26807,880d8360a5fffff
26808,880ca4da91fffff
26809,880d9c3453fffff
26810,880d8341c5fffff
26811,880d9c9423fffff
26812,880d9dce39fffff
26813,880d9cb6b1fffff
26814,880d834839fffff
26815,880d9dd53bfffff
26816,880d998301fffff
26817,880d9dc661fffff
26818,880d8a12b7fffff
26819,880d9c94d9fffff
26820,880d9d1b11fffff
26821,880d99bab9fffff
26822,880d9ca233fffff
26823,880ca4d60dfffff
26824,880d9d1419fffff
26825,880d835139fffff
26826,880d83705dfffff
26827,880d9ca0abfffff
26828,880d9d11a9fffff
26829,880d8a4b25fffff
26830,880d834f69fffff
26831,880d9d4655fffff
26832,880d99acbdfffff
26833,880d99aa59fffff
26834,880d9d240bfffff
26835,880d9dac3dfffff
26836,880d9998e3fffff
26837,880d9d4017fffff
26838,880d9d7527fffff
26839,880d8a4649fffff
26840,880d9d088dfffff
26841,880d9d2d4bfffff
26842,880d9d7061fffff
26843,880d99a6d3fffff
26844,880d9d140bfffff
26845,880d9d531dfffff
26846,880d99acd3fffff
26847,880d9d19b7fffff
26848,880d9d2aa7fffff
26849,880d9c95b9fffff
26850,880d9d226bfffff
26851,880d9da0e1fffff
26852,880d8a7869fffff
26853,880d9dade5fffff
26854,880d9d1443fffff
26855,880d9d51c3fffff
26856,880d9da2d1fffff
26857,880d9d565bfffff
26858,880d834085fffff
26859,880d831ac5fffff
26860,880d9da73dfffff
26861,880d9d50d5fffff
26862,880d83c0abfffff
26863,880d9cb4c1fffff
26864,880ca4d2bdfffff
26865,880d999a85fffff
26866,880d83ccb7fffff
26867,880d8a446dfffff
26868,880d8a6059fffff
26869,880d8a488dfffff
26870,880d99811dfffff
26871,880d8a18bbfffff
26872,880d8a4631fffff
26873,880d9d2b01fffff
26874,880d8a4963fffff
26875,880d98b641fffff
26876,880d9d2e55fffff
26877,880d835467fffff
26878,880d834e35fffff
26879,880d9dae4bfffff
26880,880d9d8629fffff
26881,880d9d6585fffff
26882,880d9dc2a9fffff
26883,880d9d00bdfffff
26884,880d98b66dfffff
26885,880d9d4ee3fffff
26886,880d9995d3fffff
26887,880d831881fffff
26888,880d8a48e7fffff
26889,880d998b3bfffff
26890,880d9d2cb3fffff
26891,880d8a5b23fffff
26892,880d9999e5fffff
26893,880d83036dfffff
26894,880d9da831fffff
26895,880d9d6ea9fffff
26896,880d9d0729fffff
26897,880d9d4097fffff
26898,880d9dd949fffff
26899,880d9dc847fffff
26900,880d8a4a11fffff
26901,880d837831fffff
26902,880d838d01fffff
26903,880d830da7fffff
26904,880d9c2613fffff
26905,880d83422dfffff
26906,880d9db209fffff
26907,880d83472dfffff
26908,880d98b5c9fffff
26909,880d9d3067fffff
26910,880d99d695fffff
26911,880d998061fffff
26912,880d834805fffff
26913,880d999519fffff
26914,880d9d0359fffff
26915,880d9d6cb7fffff
26916,880d8a588bfffff
26917,880d8a08c7fffff
26918,880d9d00b7fffff
26919,880d8a6237fffff
26920,880d831813fffff
26921,880d99ba27fffff
26922,880d837a29fffff
26923,880d9cb357fffff
26924,880d8a5aa3fffff
26925,880d9dc813fffff
26926,880d9d0e41fffff
26927,880d9db00bfffff
26928,880d8a75a9fffff
26929,880d838d11fffff
26930,880d9d0e37fffff
26931,880d837211fffff
26932,880d9d309dfffff
26933,880ca4d945fffff
26934,880d8368c9fffff
26935,880d9d0323fffff
26936,880d9d790dfffff
26937,880d9d7569fffff
26938,880d83c54bfffff
26939,880d9c9609fffff
26940,880d9da343fffff
26941,880d83c805fffff
26942,880d9dd509fffff
26943,880d9d7a3bfffff
26944,880d9dc9a1fffff
26945,880d98b4e5fffff
26946,880d9dac07fffff
26947,880d83cc13fffff
26948,880d838dcbfffff
26949,880d83c5bdfffff
26950,880d9d08e5fffff
26951,880d8ad5abfffff
26952,880d8a5765fffff
26953,880d835333fffff
26954,880d8a7a2bfffff
26955,880d98b589fffff
26956,880d834625fffff
26957,880d9d71a5fffff
26958,880d83704dfffff
26959,880d99b9c5fffff
26960,880d8a8b1dfffff
26961,880d9d2113fffff
26962,880d9c3427fffff
26963,880d9d3617fffff
26964,880d8a5a23fffff
26965,880d9d56c7fffff
26966,880d9dd5e3fffff
26967,880d99161bfffff
26968,880d835969fffff
26969,880d837a03fffff
26970,880d9dd88bfffff
26971,880d9998a7fffff
26972,880d9dc64dfffff
26973,880d99b915fffff
26974,880d8a7727fffff
26975,880d9dac21fffff
26976,880d9d25cbfffff
26977,880d8a123bfffff
26978,880d830159fffff
26979,880d9d4ea5fffff
26980,880d8ac6e9fffff
26981,880d9dad39fffff
26982,880d9dce01fffff
26983,880d9da05dfffff
26984,880d8a1057fffff
26985,880d9c35c1fffff
26986,880d8a00e9fffff
26987,880d9d948bfffff
26988,880d830a3dfffff
26989,880d8359c5fffff
26990,880d8a4d47fffff
26991,880d83423bfffff
26992,880d834341fffff
26993,880d9d0503fffff
26994,880d9d1a11fffff
26995,880d8a69a7fffff
26996,880d831135fffff
26997,880d830961fffff
26998,880d83581dfffff
26999,880d834b41fffff
27000,880d8ace6dfffff
27001,880d9d0d97fffff
27002,880d8ace65fffff
27003,880d9dad35fffff
27004,880d9d5153fffff
27005,880d83cc1dfffff
27006,880d998083fffff
27007,880d8a56dbfffff
27008,880d9dad01fffff
27009,880d99ab6dfffff
27010,880d9ca23dfffff
27011,880d8a786dfffff
27012,880d9d68c1fffff
27013,880d999703fffff
27014,880d9d5447fffff
27015,880d9da701fffff
27016,880d834de3fffff
27017,880d9c34c5fffff
27018,880d9985d7fffff
27019,880d9d29bbfffff
27020,880d8a4043fffff
27021,880d9d32d5fffff
27022,880d9d2215fffff
27023,880d9d24d1fffff
27024,880d8a1055fffff
27025,880d8a4d45fffff
27026,880d9ca5bdfffff
27027,880d8a4097fffff
27028,880d9dd737fffff
27029,880d9d3215fffff
27030,880d9d66b9fffff
27031,880d8acc0bfffff
27032,880d9d21a3fffff
27033,880d9dc651fffff
27034,880d9d60a9fffff
27035,880d834b35fffff
27036,880d834e8bfffff
27037,880d99822bfffff
27038,880d9da83bfffff
27039,880d834207fffff
27040,880d9db189fffff
27041,880d9dd74dfffff
27042,880d830b39fffff
27043,880d9d0c1bfffff
27044,880d9d262bfffff
27045,880ca4da51fffff
27046,880d9d46ddfffff
27047,880d9dbac5fffff
27048,880d9d79ddfffff
27049,880d99ad45fffff
27050,880d9d7847fffff
27051,880d9d24d9fffff
27052,880d998757fffff
27053,880d9ca455fffff
27054,880d83c417fffff
27055,880d9da703fffff
27056,880d9d0ad1fffff
27057,880d99a235fffff
27058,880d9d3a89fffff
27059,880d9d12b7fffff
27060,880d98a49dfffff
27061,880d999595fffff
27062,880d8a120dfffff
27063,880d8a8d63fffff
27064,880ca4d293fffff
27065,880d9d0c27fffff
27066,880d9d6819fffff
27067,880d822e31fffff
27068,880d834b01fffff
27069,880d9dcca3fffff
27070,880d8acf09fffff
27071,880d8a5217fffff
27072,880d837911fffff
27073,880d9d6e41fffff
27074,880d9cad4bfffff
27075,880d9dd8d3fffff
27076,880d8ac63dfffff
27077,880d8ad921fffff
27078,880d8a0e0dfffff
27079,880d9d259dfffff
27080,880d998a81fffff
27081,880d9d8d93fffff
27082,880d998e93fffff
27083,880d83c085fffff
27084,880d9d7981fffff
27085,880d8acdd7fffff
27086,880d9c2231fffff
27087,880d836911fffff
27088,880d9c361dfffff
27089,880d83c59dfffff
27090,880d8e49bbfffff
27091,880d830a57fffff
27092,880d837ad1fffff
27093,880d9d7631fffff
27094,880d9dd84bfffff
27095,880d9d1a37fffff
27096,880d9d0a25fffff
27097,880d9dc50dfffff
27098,880d9d6401fffff
27099,880d8a101bfffff
27100,880d9da203fffff
27101,880d835187fffff
27102,880d9cb4c7fffff
27103,880d998c87fffff
27104,880d8acc55fffff
27105,880d998ee5fffff
27106,880d9c2051fffff
27107,880d999a61fffff
27108,880d9d1a69fffff
27109,880ca4d207fffff
27110,880d9dac8dfffff
27111,880d8a0f19fffff
27112,880d8a4c35fffff
27113,880d8e5965fffff
27114,880d8a4cb1fffff
27115,880d8a61b5fffff
27116,880d9d0d09fffff
27117,880d993641fffff
27118,880d8a0209fffff
27119,880d83c543fffff
27120,880d9d622bfffff
27121,880d835705fffff
27122,880d9dcf03fffff
27123,880d8e59b3fffff
27124,880d8a4913fffff
27125,880d8a8911fffff
27126,880d9d34c3fffff
27127,880d8a4845fffff
27128,880d9d3469fffff
27129,880d835841fffff
27130,880d8a0317fffff
27131,880d999503fffff
27132,880d8388b9fffff
27133,880d8a4b29fffff
27134,880d9ddae1fffff
27135,880d8a6d41fffff
27136,880d9da16dfffff
27137,880d8a1997fffff
27138,880d9d0d8dfffff
27139,880d9ddb5bfffff
27140,880d9d014bfffff
27141,880d9d3a19fffff
27142,880d9dd6a1fffff
27143,880d98b645fffff
27144,880d9d02ddfffff
27145,880d9d425dfffff
27146,880d9cad85fffff
27147,880d9c866bfffff
27148,880d9d0c5dfffff
27149,880d831107fffff
27150,880d8a4269fffff
27151,880d8a18cbfffff
27152,880d9c26e1fffff
27153,880d9c3493fffff
27154,880d9dc1e7fffff
27155,880d9c3565fffff
27156,880d9d8b65fffff
27157,880d9995b3fffff
27158,880d8355dbfffff
27159,880d9d2015fffff
27160,880d837b43fffff
27161,880d99b4adfffff
27162,880d83cc55fffff
27163,880d9d540dfffff
27164,880d9985c1fffff
27165,880d9d1813fffff
27166,880d99a153fffff
27167,880d98b617fffff
27168,880d9d388bfffff
27169,880d9dc5a1fffff
27170,880d835949fffff
27171,880d830dd5fffff
27172,880d99b89bfffff
27173,880d8346c1fffff
27174,880d9d2623fffff
27175,880d8a11a1fffff
27176,880d8e59e3fffff
27177,880d9d8c97fffff
27178,880d99d29bfffff
27179,880d9daa85fffff
27180,880d837905fffff
27181,880d83cec9fffff
27182,880d998367fffff
27183,880d9d9493fffff
27184,880d8a735dfffff
27185,880d835b27fffff
27186,880d9dd0b9fffff
27187,880d99b58bfffff
27188,880d9c34e1fffff
27189,880d9d35e5fffff
27190,880d99b115fffff
27191,880d9d7b6bfffff
27192,880d834645fffff
27193,880d835051fffff
27194,880d834665fffff
27195,880d9d7b39fffff
27196,880d83454dfffff
27197,880d9dba0bfffff
27198,880d9dcf13fffff
27199,880d9d2057fffff
27200,880d9d4683fffff
27201,880d83ce5dfffff
27202,880d99169dfffff
27203,880d8a0065fffff
27204,880d9d4253fffff
27205,880d9d46a3fffff
27206,880d835825fffff
27207,880d9d11d7fffff
27208,880d9d71dbfffff
27209,880d9d066bfffff
27210,880d99b90dfffff
27211,880d9d4427fffff
27212,880d8e4907fffff
27213,880d8ad917fffff
27214,880ca4d2e7fffff
27215,880ca4d73bfffff
27216,880d9dd8e3fffff
27217,880d9d2457fffff
27218,880d8a40edfffff
27219,880d9c222bfffff
27220,880ca4db11fffff
27221,880d9d958dfffff
27222,880d8a5727fffff
27223,880d9c3401fffff
27224,880d8a12e3fffff
27225,880d9982bbfffff
27226,880d8e5953fffff
27227,880d99d017fffff
27228,880d838c6dfffff
27229,880d9dcc9dfffff
27230,880d998659fffff
27231,880d8a5209fffff
27232,880d9dca49fffff
27233,880d9d540bfffff
27234,880d8358d7fffff
27235,880d837a8dfffff
27236,880d99d2c1fffff
27237,880d8302e3fffff
27238,880d83796dfffff
27239,880d9d41d9fffff
27240,880d9da069fffff
27241,880d9d0e6dfffff
27242,880d8309e7fffff
27243,880d9d29e5fffff
27244,880d835453fffff
27245,880d98a4d7fffff
27246,880d99b2e3fffff
27247,880d9dba33fffff
27248,880d830265fffff
27249,880d8312d9fffff
27250,880d83cd97fffff
27251,880d9dcaa3fffff
27252,880d9d0933fffff
27253,880d9ca699fffff
27254,880d998817fffff
27255,880d99d28dfffff
27256,880d9c36b7fffff
27257,880d8a192bfffff
27258,880d9d18bbfffff
27259,880d9d382bfffff
27260,880d831a21fffff
27261,880d8a7541fffff
27262,880d9c3639fffff
27263,880d99b197fffff
27264,880d831803fffff
27265,880d8368c5fffff
27266,880d822ebdfffff
27267,880d9ca465fffff
27268,880d8a880dfffff
27269,880d9d60b5fffff
27270,880d9d8483fffff
27271,880d9d2e33fffff
27272,880d9d62b9fffff
27273,880d9cb2cdfffff
27274,880d998e35fffff
27275,880d9cb70dfffff
27276,880d831817fffff
27277,880d9dccd1fffff
27278,880d9d31ebfffff
27279,880d8a40c7fffff
27280,880d9d2d23fffff
27281,880d9d2b21fffff
27282,880d9d5663fffff
27283,880d8a6809fffff
27284,880d9daaddfffff
27285,880d99a68dfffff
27286,880d8a1081fffff
27287,880d8a4753fffff
27288,880d9dd48dfffff
27289,880d9dcdabfffff
27290,880d831b67fffff
27291,880d9da88bfffff
27292,880d9d4547fffff
27293,880d83cce7fffff
27294,880d834dd5fffff
27295,880d9d5533fffff
27296,880d8a0a35fffff
27297,880d9d0e5bfffff
27298,880d9d3aabfffff
27299,880d9d2751fffff
27300,880d9c376bfffff
27301,880d999433fffff
27302,880d8e4955fffff
27303,880d9db8ddfffff
27304,880d834f2dfffff
27305,880d9d7a69fffff
27306,880d9dd993fffff
27307,880d835997fffff
27308,880d8a5b0bfffff
27309,880d9dad11fffff
27310,880d99a75dfffff
27311,880d822d17fffff
27312,880d8e5867fffff
27313,880d8a418dfffff
27314,880d8a4263fffff
27315,880d9d9499fffff
27316,880d8a0d61fffff
27317,880d9cb4abfffff
27318,880d9dda57fffff
27319,880d9dce4bfffff
27320,880d99a311fffff
27321,880d9d28e9fffff
27322,880d9d6953fffff
27323,880d9ca6e3fffff
27324,880d98b445fffff
27325,880d9dccb3fffff
27326,880d9d896bfffff
27327,880d9da40dfffff
27328,880d83c099fffff
27329,880d8a452dfffff
27330,880d99d249fffff
27331,880d8a5601fffff
27332,880d9d7219fffff
27333,880d8a564dfffff
27334,880d83100dfffff
27335,880d9dc903fffff
27336,880d98a613fffff
27337,880d9d2a61fffff
27338,880d9d4c57fffff
27339,880d998f1dfffff
27340,880d834735fffff
27341,880d9d55ddfffff
27342,880d9dcf31fffff
27343,880d8344e3fffff
27344,880d9c3611fffff
27345,880d834139fffff
27346,880d9cadd1fffff
27347,880d834835fffff
27348,880d8350a5fffff
27349,880d8a10a1fffff
27350,880d9d0ca7fffff
27351,880d83c153fffff
27352,880d9dc4c7fffff
27353,880d83ce85fffff
27354,880d830305fffff
27355,880d83026bfffff
27356,880d8a7923fffff
27357,880d999953fffff
27358,880d8312d5fffff
27359,880d838cebfffff
27360,880d8354dbfffff
27361,880d830915fffff
27362,880d9d0087fffff
27363,880d9daf5dfffff
27364,880d9dd807fffff
27365,880d83509dfffff
27366,880d836d5bfffff
27367,880d9d1959fffff
27368,880d9c32d3fffff
27369,880d8a4107fffff
27370,880d83724dfffff
27371,880d835133fffff
27372,880d9d25adfffff
27373,880d9ca659fffff
27374,880d9d016dfffff
27375,880d99d0d5fffff
27376,880d9dc329fffff
27377,880d9dd931fffff
27378,880d99958bfffff
27379,880d9d4569fffff
27380,880d831811fffff
27381,880d822da7fffff
27382,880d8a48a1fffff
27383,880d99b8b1fffff
27384,880d9d45d3fffff
27385,880d9dc469fffff
27386,880d835555fffff
27387,880d9d60d1fffff
27388,880d8a11d3fffff
27389,880d9ca621fffff
27390,880d998f49fffff
27391,880d9c945dfffff
27392,880d8ac44dfffff
27393,880d9d4535fffff
27394,880d8ace05fffff
27395,880d9d2029fffff
27396,880d9d0099fffff
27397,880d9da555fffff
27398,880d99a255fffff
27399,880d8a0013fffff
27400,880d8312ddfffff
27401,880d9d136dfffff
27402,880d998119fffff
27403,880d9d676dfffff
27404,880d822cb7fffff
27405,880d83652dfffff
27406,880d9c3699fffff
27407,880d9d5255fffff
27408,880d8a1289fffff
27409,880d999949fffff
27410,880d9d7161fffff
27411,880d9ca747fffff
27412,880d83563bfffff
27413,880d9d3153fffff
27414,880d8a5a47fffff
27415,880d9c22e5fffff
27416,880d8a5823fffff
27417,880d9916a3fffff
27418,880d8a1357fffff
27419,880d8a8f45fffff
27420,880d8a0925fffff
27421,880d83ce07fffff
27422,880d8acdb5fffff
27423,880d9d453dfffff
27424,880d830c29fffff
27425,880d9dc363fffff
27426,880d999ae7fffff
27427,880d9d2a53fffff
27428,880d99a0ddfffff
27429,880d9d3649fffff
27430,880d8a0961fffff
27431,880d999569fffff
27432,880d8a188bfffff
27433,880d837b11fffff
27434,880d9dd5c3fffff
27435,880d8a8953fffff
27436,880d8a516dfffff
27437,880d9d65b7fffff
27438,880d9d50ebfffff
27439,880d8a0f55fffff
27440,880d8a6803fffff
27441,880d83cc3dfffff
27442,880d835629fffff
27443,880d8a4e33fffff
27444,880d9d60d9fffff
27445,880d8ac66bfffff
27446,880d9db1e7fffff
27447,880d836d0dfffff
27448,880d99a6bdfffff
27449,880d9d031bfffff
27450,880d9d25b7fffff
27451,880d838db9fffff
27452,880d9d6c6bfffff
27453,880d9985bbfffff
27454,880d9d5619fffff
27455,880d8a1b17fffff
27456,880d83cc65fffff
27457,880d835709fffff
27458,880d998169fffff
27459,880d9dc417fffff
27460,880d8a412dfffff
27461,880d8a5349fffff
27462,880d9d4cd9fffff
27463,880d9d530bfffff
27464,880d9d4cd1fffff
27465,880d998495fffff
27466,880d9980b3fffff
27467,880d834169fffff
27468,880d9d2c5bfffff
27469,880d8a4033fffff
27470,880d837a59fffff
27471,880d8a5547fffff
27472,880ca4d9abfffff
27473,880d9da9c5fffff
27474,880d999833fffff
27475,880d835205fffff
27476,880d998725fffff
27477,880ca4d335fffff
27478,880d835403fffff
27479,880d9dd297fffff
27480,880d9d11a1fffff
27481,880d9d448dfffff
27482,880d9cae37fffff
27483,880d83c01bfffff
27484,880d8a7559fffff
27485,880d9994b7fffff
27486,880d9d72a5fffff
27487,880d9d5401fffff
27488,880d8344e5fffff
27489,880d8a89d1fffff
27490,880d9988d1fffff
27491,880d8acde7fffff
27492,880d98a6d9fffff
27493,880d8a4e43fffff
27494,880d834ee1fffff
27495,880d9dade3fffff
27496,880d998363fffff
27497,880d835b37fffff
27498,880d9d1429fffff
27499,880d9d54ddfffff
27500,880d8a6d89fffff
27501,880d9dcde7fffff
27502,880d835a91fffff
27503,880d9d394dfffff
27504,880d9d504dfffff
27505,880d9d4501fffff
27506,880d838ae5fffff
27507,880d83c0ddfffff
27508,880d9d2da1fffff
27509,880d99b8e7fffff
27510,880d9da10bfffff
27511,880d8a4b11fffff
27512,880d83c1adfffff
27513,880d9d2b31fffff
27514,880d8a8983fffff
27515,880d83113dfffff
27516,880d8a0763fffff
27517,880d9916adfffff
27518,880d83c9e7fffff
27519,880d998a69fffff
27520,880d9c3747fffff
27521,880d99a001fffff
27522,880d9d09d9fffff
27523,880d9d79c5fffff
27524,880d9c95d7fffff
27525,880d8a4dc9fffff
27526,880d9d440bfffff
27527,880d9c228bfffff
27528,880d9d119bfffff
27529,880d8a56b3fffff
27530,880d8a8d65fffff
27531,880d99acd7fffff
27532,880d83cec1fffff
27533,880d8a4c57fffff
27534,880d9dd4ebfffff
27535,880d831217fffff
27536,880d9dcf23fffff
27537,880d8356e5fffff
27538,880d9dc183fffff
27539,880d99b0bdfffff
27540,880d9d6833fffff
27541,880d9cb443fffff
27542,880d99b55bfffff
27543,880d822cc7fffff
27544,880d99321bfffff
27545,880d9d0dd1fffff
27546,880d834191fffff
27547,880d8312ebfffff
27548,880d99b529fffff
27549,880d8a1b4bfffff
27550,880d8acd57fffff
27551,880d8a7967fffff
27552,880d830b21fffff
27553,880d9cb70bfffff
27554,880d9c9599fffff
27555,880ca4d705fffff
27556,880d834d1dfffff
27557,880d99b941fffff
27558,880d8a1121fffff
27559,880d9d5331fffff
27560,880d9d7291fffff
27561,880d9d72bdfffff
27562,880d9cb005fffff
27563,880d9d3931fffff
27564,880d998859fffff
27565,880d8a70a1fffff
27566,880d9d304dfffff
27567,880d9d191dfffff
27568,880d9d7b59fffff
27569,880d9ca633fffff
27570,880d8a6ae9fffff
27571,880d8a5737fffff
27572,880d98b6e5fffff
27573,880d834281fffff
27574,880d9d8755fffff
27575,880d8a559bfffff
27576,880d83c8c5fffff
27577,880d99a1b9fffff
27578,880d9d005dfffff
27579,880d9d7207fffff
27580,880d8a474dfffff
27581,880d8a4961fffff
27582,880d9d0943fffff
27583,880d83c5a1fffff
27584,880d9dcc37fffff
27585,880d83c591fffff
27586,880d837983fffff
27587,880d8a0b2bfffff
27588,880d9d8b6bfffff
27589,880d8352b1fffff
27590,880d8348cbfffff
27591,880d9d76e1fffff
27592,880d998115fffff
27593,880d8a0803fffff
27594,880d98a499fffff
27595,880d9dc0c1fffff
27596,880d9d141bfffff
27597,880d835283fffff
27598,880d9dc9c9fffff
27599,880d9d1911fffff
27600,880d9ca609fffff
27601,880d8a6857fffff
27602,880d9c9657fffff
27603,880d9da0d5fffff
27604,880d999b53fffff
27605,880d99900dfffff
27606,880d9d2cd9fffff
27607,880d836007fffff
27608,880d9d6c47fffff
27609,880d8a6c61fffff
27610,880d83cd9dfffff
27611,880d9dd2d3fffff
27612,880d834a89fffff
27613,880d8aceb7fffff
27614,880d9d2c19fffff
27615,880d9d6e0bfffff
27616,880d8a1321fffff
27617,880d830e0dfffff
27618,880d9984e3fffff
27619,880d8a4299fffff
27620,880d99a533fffff
27621,880d9c34d7fffff
27622,880d9d1327fffff
27623,880d9d9591fffff
27624,880d8a42abfffff
27625,880d8a0997fffff
27626,880d9ca2a7fffff
27627,880ca4da55fffff
27628,880d9d1a9dfffff
27629,880d9c94d7fffff
27630,880d837291fffff
27631,880d9981a9fffff
27632,880d99959bfffff
27633,880d834411fffff
27634,880d9d1837fffff
27635,880d8a5963fffff
27636,880d836b1bfffff
27637,880d8a46abfffff
27638,880d9d6159fffff
27639,880d9d54b3fffff
27640,880d98a6d7fffff
27641,880d99d6ebfffff
27642,880d8a8935fffff
27643,880d9d0463fffff
27644,880d991647fffff
27645,880d8a5091fffff
27646,880d9d62d3fffff
27647,880d9d44dbfffff
27648,880d8a6b51fffff
27649,880d9d5451fffff
27650,880d99a26dfffff
27651,880d998ae9fffff
27652,880d9d0eb5fffff
27653,880d8a4f03fffff
27654,880d9d6e81fffff
27655,880d9daeabfffff
27656,880d8ac61bfffff
27657,880d830065fffff
27658,880d9d62ddfffff
27659,880d8368c7fffff
27660,880ca4d131fffff
27661,880d8a41b9fffff
27662,880d9d7283fffff
27663,880d998869fffff
27664,880d9da923fffff
27665,880d8a6233fffff
27666,880ca4d865fffff
27667,880d8a494dfffff
27668,880d9d8667fffff
27669,880d99aa35fffff
27670,880d9d0899fffff
27671,880d835acbfffff
27672,880d834aedfffff
27673,880d8a1889fffff
27674,880d9d34a9fffff
27675,880d99a963fffff
27676,880d9d1199fffff
27677,880d83129bfffff
27678,880d9d2067fffff
27679,880d9d243dfffff
27680,880d8354ebfffff
27681,880d9d60b3fffff
27682,880d83ccebfffff
27683,880d9cac5bfffff
27684,880d8360cbfffff
27685,880d9d3529fffff
27686,880d9dda9dfffff
27687,880ca4d73dfffff
27688,880d8a54adfffff
27689,880d9c271dfffff
27690,880d9d0953fffff
27691,880d8a0b19fffff
27692,880d8ac757fffff
27693,880d9d74dbfffff
27694,880d99a695fffff
27695,880d83591dfffff
27696,880d9d241bfffff
27697,880d9d0e45fffff
27698,880d837a81fffff
27699,880d8a1b4dfffff
27700,880d836829fffff
27701,880d9d6c5bfffff
27702,880d9da0e3fffff
27703,880d8e59b1fffff
27704,880d9cb0bbfffff
27705,880d99a647fffff
27706,880d9d31c3fffff
27707,880d9916d5fffff
27708,880d9dc867fffff
27709,880d9db8cbfffff
27710,880d8ace21fffff
27711,880d8e4947fffff
27712,880d8a4967fffff
27713,880d98b58dfffff
27714,880d9dab13fffff
27715,880d8a4499fffff
27716,880d998e89fffff
27717,880d8a7229fffff
27718,880d9dd43dfffff
27719,880d9d6cb1fffff
27720,880d9d798bfffff
27721,880d8a08d9fffff
27722,880d9d7b01fffff
27723,880d8318d9fffff
27724,880d9d2c41fffff
27725,880ca4cb41fffff
27726,880d9d29d5fffff
27727,880d8a880bfffff
27728,880d8a5565fffff
27729,880d9d6757fffff
27730,880d998c51fffff
27731,880d9dd849fffff
27732,880d8a02edfffff
27733,880d83799dfffff
27734,880d8a5ac1fffff
27735,880d83c9e3fffff
27736,880d9d6d5dfffff
27737,880d998261fffff
27738,880d99a365fffff
27739,880d9d0b31fffff
27740,880d9d0ab3fffff
27741,880d9c2661fffff
27742,880d8a58c9fffff
27743,880d822c31fffff
27744,880d834aa9fffff
27745,880d8a0823fffff
27746,880d999a89fffff
27747,880d8a8943fffff
27748,880d9dca53fffff
27749,880d998a5bfffff
27750,880d8a1acbfffff
27751,880d9982a3fffff
27752,880d8a5069fffff
27753,880d8a5495fffff
27754,880d9d6b49fffff
27755,880d835215fffff
27756,880d9cb2edfffff
27757,880d8a5123fffff
27758,880d8346c5fffff
27759,880d830c33fffff
27760,880d9d2dc1fffff
27761,880d8a1a89fffff
27762,880d831915fffff
27763,880d9d7233fffff
27764,880d9da9b1fffff
27765,880d9d0e07fffff
27766,880d8a082dfffff
27767,880d99d30dfffff
27768,880d9d4311fffff
27769,880d83172bfffff
27770,880d9d1699fffff
27771,880d8a6ac7fffff
27772,880d8a5067fffff
27773,880d9dc907fffff
27774,880d9d31b1fffff
27775,880d835251fffff
27776,880d830999fffff
27777,880d8a6901fffff
27778,880d9d72d7fffff
27779,880d9d048dfffff
27780,880d835965fffff
27781,880d835159fffff
27782,880d83c843fffff
27783,880d9da709fffff
27784,880d99b503fffff
27785,880d83c6edfffff
27786,880d9d45d9fffff
27787,880d99b587fffff
27788,880d9d6e6bfffff
27789,880d9d09c1fffff
27790,880d99a307fffff
27791,880d8a4d17fffff
27792,880d835107fffff
27793,880d837a63fffff
27794,880d83173dfffff
27795,880d8372cbfffff
27796,880d83cf25fffff
27797,880d9cb609fffff
27798,880d8a430bfffff
27799,880d9d55e1fffff
27800,880d9cb6b5fffff
27801,880d83cd6dfffff
27802,880d9daa33fffff
27803,880d8a6933fffff
27804,880d835983fffff
27805,880d835b0bfffff
27806,880d8a0959fffff
27807,880d9cb0b5fffff
27808,880d99b187fffff
27809,880d83521bfffff
27810,880d835149fffff
27811,880d9c353dfffff
27812,880d8a1a17fffff
27813,880d9dc599fffff
27814,880d9d3aa9fffff
27815,880ca4da2bfffff
27816,880d9d649dfffff
27817,880d834813fffff
27818,880d8a1b25fffff
27819,880d822c85fffff
27820,880d835455fffff
27821,880d9dc0b3fffff
27822,880d9c22b9fffff
27823,880d8a0b05fffff
27824,880d83c0a1fffff
27825,880ca4d639fffff
27826,880d83880bfffff
27827,880d9ca71bfffff
27828,880d8ac533fffff
27829,880d9dc457fffff
27830,880d834f0dfffff
27831,880d8a1027fffff
27832,880d8a4417fffff
27833,880d8a4dd1fffff
27834,880d836935fffff
27835,880d83c491fffff
27836,880d9dd68bfffff
27837,880d9d1133fffff
27838,880d9d3513fffff
27839,880d8ac759fffff
27840,880d9da01bfffff
27841,880d837151fffff
27842,880d99b109fffff
27843,880d8a6263fffff
27844,880d9db857fffff
27845,880d836047fffff
27846,880d9d3069fffff
27847,880d83c881fffff
27848,880d8a6d2bfffff
27849,880d9d25a3fffff
27850,880d9d35ebfffff
27851,880d835715fffff
27852,880d998f65fffff
27853,880d9db347fffff
27854,880d99d615fffff
27855,880d838ca9fffff
27856,880d8a4857fffff
27857,880d9da211fffff
27858,880d9dcc3bfffff
27859,880d8e498bfffff
27860,880d99d06bfffff
27861,880d9d08cdfffff
27862,880d837009fffff
27863,880d9d6ab9fffff
27864,880d830e33fffff
27865,880d8a6199fffff
27866,880d83cca1fffff
27867,880d9da13dfffff
27868,880d9dacd1fffff
27869,880d99b20dfffff
27870,880d837131fffff
27871,880d8a8941fffff
27872,880d82249dfffff
27873,880d99d601fffff
27874,880d83cec3fffff
27875,880d9d108bfffff
27876,880d9cb42bfffff
27877,880d838d1bfffff
27878,880d9d6333fffff
27879,880d9d7411fffff
27880,880d8a5b2dfffff
27881,880d9ca053fffff
27882,880d83c4a1fffff
27883,880d9d334dfffff
27884,880d9dc057fffff
27885,880d8a48a9fffff
27886,880d835613fffff
27887,880d998cdbfffff
27888,880d8368b3fffff
27889,880d9936c9fffff
27890,880d8a470bfffff
27891,880d9dc051fffff
27892,880d8355c7fffff
27893,880d831a47fffff
27894,880d9dca37fffff
27895,880d8a4281fffff
27896,880d822cc1fffff
27897,880d8a5545fffff
27898,880d9c350bfffff
27899,880d8a405bfffff
27900,880d9d2591fffff
27901,880d834a9dfffff
27902,880d9dd743fffff
27903,880d8350dbfffff
27904,880d8e5a43fffff
27905,880d9d0057fffff
27906,880d9dcb27fffff
27907,880ca4c369fffff
27908,880d8acc09fffff
27909,880d83c0a3fffff
27910,880d9d0415fffff
27911,880d8a0f63fffff
27912,880d9d614bfffff
27913,880d998b61fffff
27914,880d9d7809fffff
27915,880d830d3dfffff
27916,880d9d10cbfffff
27917,880d9da897fffff
27918,880d83cea3fffff
27919,880d836b47fffff
27920,880d8ac68dfffff
27921,880d9981abfffff
27922,880d9d4587fffff
27923,880d836f67fffff
27924,880d83caadfffff
27925,880d9d255dfffff
27926,880d99d327fffff
27927,880d8a8d31fffff
27928,880d99a1ddfffff
27929,880d8ac99bfffff
27930,880d8e4b59fffff
27931,880d99ad99fffff
27932,880d9dcc69fffff
27933,880d835aadfffff
27934,880d9ca6e9fffff
27935,880d9dd9a5fffff
27936,880d9db9d1fffff
27937,880d9d6ea3fffff
27938,880d9c3761fffff
27939,880d8a1b49fffff
27940,880d999901fffff
27941,880ca4d259fffff
27942,880d998e43fffff
27943,880d998189fffff
27944,880d8a8965fffff
27945,880d8a582bfffff
27946,880d9dc69dfffff
27947,880d8a4167fffff
27948,880d8a7369fffff
27949,880d9daa6dfffff
27950,880d9d6907fffff
27951,880d9dd865fffff
27952,880d8a68d3fffff
27953,880d998745fffff
27954,880d999883fffff
27955,880d998147fffff
27956,880d8a8ab3fffff
27957,880d9db26bfffff
27958,880d835255fffff
27959,880d8a4c67fffff
27960,880d8a4ac1fffff
27961,880d822cb5fffff
27962,880d98b4c1fffff
27963,880d9d08cbfffff
27964,880d9d602bfffff
27965,880d836849fffff
27966,880d83cabdfffff
27967,880d831addfffff
27968,880d8340c7fffff
27969,880d8a0305fffff
27970,880d9d32cbfffff
27971,880d9dcec9fffff
27972,880d836b0bfffff
27973,880d9da86dfffff
27974,880d8a0a07fffff
27975,880d8a4ea7fffff
27976,880d8a5265fffff
27977,880d83c4dbfffff
27978,880d83794bfffff
27979,880d9d4745fffff
27980,880d998c0bfffff
27981,880d830933fffff
27982,880d9d2607fffff
27983,880d8a4217fffff
27984,880d9dd053fffff
27985,880d9d2d61fffff
27986,880d834abbfffff
27987,880d9d762dfffff
27988,880d838f15fffff
27989,880d8340b5fffff
27990,880d9dcf57fffff
27991,880d9d10a7fffff
27992,880d836dabfffff
27993,880d830c41fffff
27994,880d9dad41fffff
27995,880d99ba61fffff
27996,880d83c1b1fffff
27997,880d9d1b51fffff
27998,880d9980bdfffff
27999,880d9d6c25fffff
28000,880d9d398bfffff
28001,880d837999fffff
28002,880d9d2509fffff
28003,880d9ca753fffff
28004,880d836dd3fffff
28005,880d831249fffff
28006,880d831a41fffff
28007,880d9d0aa9fffff
28008,880d9c2459fffff
28009,880d8379c9fffff
28010,880d9dcb6dfffff
28011,880d9d3627fffff
28012,880d9d4e91fffff
28013,880d9d24b5fffff
28014,880d9dcaedfffff
28015,880d9cac99fffff
28016,880d999695fffff
28017,880d9d3999fffff
28018,880d9d3227fffff
28019,880d8a41a5fffff
28020,880d9d4debfffff
28021,880d9d428bfffff
28022,880d9cac4dfffff
28023,880d837b53fffff
28024,880d9dace1fffff
28025,880d836a3bfffff
28026,880d8a01dbfffff
28027,880d99b193fffff
28028,880d835505fffff
28029,880d8308e1fffff
28030,880d8a4191fffff
28031,880d998e19fffff
28032,880d9dda19fffff
28033,880d8a09c9fffff
28034,880d9d55b3fffff
28035,880d9d2597fffff
28036,880d9d7acbfffff
28037,880d9ddaa1fffff
28038,880d83c997fffff
28039,880d9cae53fffff
28040,880d8a4651fffff
28041,880d8a8aa3fffff
28042,880d8a7207fffff
28043,880d8e4b2bfffff
28044,880d9d44a9fffff
28045,880d99a40bfffff
28046,880d9d2f39fffff
28047,880d99d335fffff
28048,880d8e59d5fffff
28049,880d835ac3fffff
28050,880d834055fffff
28051,880d9d02b9fffff
28052,880d8a88a9fffff
28053,880ca4d111fffff
28054,880d8a7581fffff
28055,880d9985b9fffff
28056,880d9996e9fffff
28057,880d8a18d3fffff
28058,880d8a46b9fffff
28059,880d8a5995fffff
28060,880d834f65fffff
28061,880d8350c9fffff
28062,880d9d2969fffff
28063,880d9d3321fffff
28064,880d8a1aa3fffff
28065,880d9d2a95fffff
28066,880d9da8e9fffff
28067,880d9d00d1fffff
28068,880d9d0a51fffff
28069,880d9da991fffff
28070,880d9ca497fffff
28071,880d8a0ac5fffff
28072,880d8acd11fffff
28073,880d8a0a6bfffff
28074,880d83466dfffff
28075,880d836801fffff
28076,880d99b0d1fffff
28077,880d9d7217fffff
28078,880d830a11fffff
28079,880d8a4c01fffff
28080,880d9ca6b5fffff
28081,880d8acd47fffff
28082,880d834709fffff
28083,880d9d6e1dfffff
28084,880d835747fffff
28085,880d9990c5fffff
28086,880d8362b7fffff
28087,880d9dc347fffff
28088,880d8a0123fffff
28089,880d9ca2b9fffff
28090,880d9cb341fffff
28091,880d8a132bfffff
28092,880d9d3957fffff
28093,880d834d1bfffff
28094,880d8341e1fffff
28095,880d99ba25fffff
28096,880d83516bfffff
28097,880d9dc815fffff
28098,880ca4d9cbfffff
28099,880d98b51bfffff
28100,880d9d6d43fffff
28101,880d8a5b11fffff
28102,880d8308e5fffff
28103,880d98a6cbfffff
28104,880d8ac6e3fffff
28105,880d99b565fffff
28106,880d9dca89fffff
28107,880d9d6825fffff
28108,880d9d0cd3fffff
28109,880d9ca447fffff
28110,880d9dcd25fffff
28111,880d9dcb5bfffff
28112,880d99d749fffff
28113,880d9d7081fffff
28114,880d8a0367fffff
28115,880d9dd139fffff
28116,880d9d0ad5fffff
28117,880d9d8b61fffff
28118,880d8ac2d7fffff
28119,880d83c101fffff
28120,880d9ca015fffff
28121,880d8a11a3fffff
28122,880d9d7311fffff
28123,880d9d008bfffff
28124,880d834657fffff
28125,880d9dc2b9fffff
28126,880d8acd1dfffff
28127,880d9d5197fffff
28128,880d9d7769fffff
28129,880d99b625fffff
28130,880d99a2e9fffff
28131,880d8e5a03fffff
28132,880d8a4923fffff
28133,880d9d84b3fffff
28134,880d9d3759fffff
28135,880d834337fffff
28136,880d9d2c35fffff
28137,880d8a0729fffff
28138,880d9d3045fffff
28139,880d837b09fffff
28140,880d831331fffff
28141,880d834ecbfffff
28142,880d9d55cdfffff
28143,880d9dc9bbfffff
28144,880d9d75a9fffff
28145,880d9988c1fffff
28146,880d9dac2dfffff
28147,880d8acc69fffff
28148,880d9d75a3fffff
28149,880d98b6edfffff
28150,880d9daa6bfffff
28151,880d9d398dfffff
28152,880d8a40c5fffff
28153,880d9d383bfffff
28154,880d8a5317fffff
28155,880d99a217fffff
28156,880d837847fffff
28157,880d8a7b41fffff
28158,880d9db943fffff
28159,880d8a6991fffff
28160,880d837a51fffff
28161,880d998321fffff
28162,880d9d7239fffff
28163,880d99ba31fffff
28164,880d8a7537fffff
28165,880d9d5641fffff
28166,880d9dab47fffff
28167,880d9d40b9fffff
28168,880d8224b7fffff
28169,880d9d29a7fffff
28170,880d8340e1fffff
28171,880d9d75ddfffff
28172,880d831269fffff
28173,880d8accd9fffff
28174,880d82259dfffff
28175,880d8310d5fffff
28176,880d999197fffff
28177,880d99a9ebfffff
28178,880d9ca567fffff
28179,880d8a4c0dfffff
28180,880d9dd195fffff
28181,880d836e31fffff
28182,880d9d6303fffff
28183,880d9d350bfffff
28184,880d8a1025fffff
28185,880d99b447fffff
28186,880d9da0ebfffff
28187,880d9dd4b1fffff
28188,880d8a696dfffff
28189,880d8a50c3fffff
28190,880d8a6dbdfffff
28191,880d8acdb7fffff
28192,880d9d94b7fffff
28193,880d830d35fffff
28194,880d9d0b17fffff
28195,880d8a7b01fffff
28196,880d9d7015fffff
28197,880d9d4005fffff
28198,880d99a0e1fffff
28199,880d99b335fffff
28200,880d9d74b3fffff
28201,880d9dad6dfffff
28202,880ca4d709fffff
28203,880d8ac589fffff
28204,880d835733fffff
28205,880d9d3b51fffff
28206,880d98b623fffff
28207,880d8a188dfffff
28208,880d8359e7fffff
28209,880d9d8725fffff
28210,880d9990b3fffff
28211,880d9dba91fffff
28212,880d9dad9bfffff
28213,880d8a4527fffff
28214,880d9d7049fffff
28215,880d9c3749fffff
28216,880d8a56c5fffff
28217,880d834cadfffff
28218,880d8a7863fffff
28219,880ca4db51fffff
28220,880d9dc613fffff
28221,880d98b605fffff
28222,880d8a4b01fffff
28223,880d9dc863fffff
28224,880d8ace0bfffff
28225,880d9d2b17fffff
28226,880d9da291fffff
28227,880d834d3bfffff
28228,880d8a4881fffff
28229,880d8a12a9fffff
28230,880ca4d237fffff
28231,880d8a736bfffff
28232,880d8a436dfffff
28233,880d8a460bfffff
28234,880d9d8b23fffff
28235,880d99a44bfffff
28236,880d8a4de7fffff
28237,880d9dc26bfffff
28238,880d838d89fffff
28239,880d9da04dfffff
28240,880d9cb355fffff
28241,880d8a509dfffff
28242,880d8a5851fffff
28243,880d9d32dbfffff
28244,880d836a25fffff
28245,880d9d6533fffff
28246,880d9c3585fffff
28247,880d83c9a9fffff
28248,880d834663fffff
28249,880d9d0cadfffff
28250,880d9dad87fffff
28251,880d8a8a31fffff
28252,880d9c8665fffff
28253,880d99af33fffff
28254,880d835585fffff
28255,880d9cb699fffff
28256,880d9d710dfffff
28257,880d99aab7fffff
28258,880d9dcb1dfffff
28259,880d830e47fffff
28260,880d8368bbfffff
28261,880d9dd0c9fffff
28262,880d9dba37fffff
28263,880d9d9491fffff
28264,880d9cac81fffff
28265,880d9d3357fffff
28266,880ca4d6e9fffff
28267,880d836a15fffff
28268,880d8ac893fffff
28269,880d99ba39fffff
28270,880d834487fffff
28271,880d83c1abfffff
28272,880d98a69bfffff
28273,880d98b43dfffff
28274,880d9d70e9fffff
28275,880d9dc10bfffff
28276,880d999041fffff
28277,880d835aedfffff
28278,880d9d0d6dfffff
28279,880d9d56c9fffff
28280,880d9d0f15fffff
28281,880d9d31e7fffff
28282,880d9c3455fffff
28283,880d9d8729fffff
28284,880d8e595dfffff
28285,880d998f57fffff
28286,880d8a1ac9fffff
28287,880d9cb62bfffff
28288,880d8a52ddfffff
28289,880d83734bfffff
28290,880d8a68edfffff
28291,880d9d429dfffff
28292,880d999989fffff
28293,880d9d28c7fffff
28294,880d9d2c45fffff
28295,880d99a66dfffff
28296,880d99805bfffff
28297,880d9d600dfffff
28298,880d8a6063fffff
28299,880d8a0b11fffff
28300,880d8a19a7fffff
28301,880d9d00cbfffff
28302,880d8ac089fffff
28303,880d9936c3fffff
28304,880d8ac1b5fffff
28305,880d99a88bfffff
28306,880d835329fffff
28307,880d8348a5fffff
28308,880d99b243fffff
28309,880d99b763fffff
28310,880d99ba65fffff
28311,880d999b19fffff
28312,880d831a45fffff
28313,880d9d44a7fffff
28314,880d9d76c9fffff
28315,880d8a016bfffff
28316,880d99a52dfffff
28317,880d834aebfffff
28318,880d9d18edfffff
28319,880d99b665fffff
28320,880d835053fffff
28321,880d830d43fffff
28322,880d9d214dfffff
28323,880d9dd013fffff
28324,880d9dc2ddfffff
28325,880ca4d657fffff
28326,880d9916b3fffff
28327,880d999053fffff
28328,880d9caee1fffff
28329,880d831901fffff
28330,880d9d38b9fffff
28331,880d9d7a21fffff
28332,880d9dadb5fffff
28333,880d9c2759fffff
28334,880d8a0953fffff
28335,880d9d0435fffff
28336,880d9c9597fffff
28337,880d9d06cdfffff
28338,880d9cae5dfffff
28339,880d9d4693fffff
28340,880d8accd3fffff
28341,880d8a190dfffff
28342,880d99823dfffff
28343,880d998d11fffff
28344,880d9da98bfffff
28345,880d835ab1fffff
28346,880d834a87fffff
28347,880d8a6223fffff
28348,880d9d6b05fffff
28349,880d9cb2abfffff
28350,880d830011fffff
28351,880d8a6d55fffff
28352,880d9d385bfffff
28353,880d9dad07fffff
28354,880d836939fffff
28355,880d9985dbfffff
28356,880d8a7a35fffff
28357,880d9d1761fffff
28358,880d8a44c5fffff
28359,880ca4d0ddfffff
28360,880d9d41d7fffff
28361,880d834a97fffff
28362,880d9dc6a1fffff
28363,880d99a581fffff
28364,880d9c2735fffff
28365,880d83c885fffff
28366,880d9d3aa3fffff
28367,880d9db11bfffff
28368,880d9d6d03fffff
28369,880d9dd4a5fffff
28370,880d9ca6c1fffff
28371,880d99d2a9fffff
28372,880d99a5cdfffff
28373,880d8a41bbfffff
28374,880d8a423dfffff
28375,880d8ad485fffff
28376,880d838da9fffff
28377,880d8a5939fffff
28378,880d9dc5bbfffff
28379,880d9d562dfffff
28380,880d830f13fffff
28381,880d9db187fffff
28382,880d99d22dfffff
28383,880d9d0029fffff
28384,880d99d333fffff
28385,880d9dc4ebfffff
28386,880d9d0a05fffff
28387,880d8a0e1dfffff
28388,880d9d1a65fffff
28389,880d9d25c3fffff
28390,880d8a49e1fffff
28391,880d8a6833fffff
28392,880d831211fffff
28393,880d83cd5bfffff
28394,880d9d3595fffff
28395,880d9d2f35fffff
28396,880d9db969fffff
28397,880d836a57fffff
28398,880d8a51a7fffff
28399,880d9d6457fffff
28400,880d8a4147fffff
28401,880d9d722bfffff
28402,880d9da117fffff
28403,880d838f01fffff
28404,880d9d4425fffff
28405,880d83568dfffff
28406,880d9d521dfffff
28407,880d9d0a43fffff
28408,880d8acc91fffff
28409,880d999311fffff
28410,880d83730dfffff
28411,880d8310e7fffff
28412,880d8a7913fffff
28413,880d8371c7fffff
28414,880d9d5305fffff
28415,880d8ac681fffff
28416,880d9d66e5fffff
28417,880d9d11c1fffff
28418,880d8acd2bfffff
28419,880d9c3669fffff
28420,880d99a00bfffff
28421,880d9daf6bfffff
28422,880d9ca749fffff
28423,880d830c65fffff
28424,880d830f35fffff
28425,880d9d3567fffff
28426,880d9dc4d9fffff
28427,880d9ca181fffff
28428,880d8a5343fffff
28429,880d9d8685fffff
28430,880d9db34dfffff
28431,880d99ac4dfffff
28432,880d9d55bbfffff
28433,880d9d16cdfffff
28434,880d9d41dbfffff
28435,880d9d0ed1fffff
28436,880d836de1fffff
28437,880d9d7901fffff
28438,880d9dd2a5fffff
28439,880d83c117fffff
28440,880d8389e7fffff
28441,880d9d6133fffff
28442,880d9d14cbfffff
28443,880d8a6981fffff
28444,880d8a0c4dfffff
28445,880d9d051bfffff
28446,880d837201fffff
28447,880d8a740bfffff
28448,880d99d05bfffff
28449,880d836065fffff
28450,880d9c354dfffff
28451,880d98b42dfffff
28452,880d8a58c5fffff
28453,880d9d4653fffff
28454,880d9cb1d7fffff
28455,880d9914b9fffff
28456,880d83cde3fffff
28457,880d836949fffff
28458,880d8e5a39fffff
28459,880d834b13fffff
28460,880d9d2d89fffff
28461,880d9d2c05fffff
28462,880d8a1843fffff
28463,880d99b8d1fffff
28464,880d99b715fffff
28465,880d83c467fffff
28466,880d9dd9cbfffff
28467,880d834a57fffff
28468,880d9d2db5fffff
28469,880d99d03dfffff
28470,880d8359c3fffff
28471,880d8a5007fffff
28472,880d837855fffff
28473,880d9d2f25fffff
28474,880d9d2f55fffff
28475,880d834021fffff
28476,880d9dae4dfffff
28477,880d838831fffff
28478,880d9d10d3fffff
28479,880d9d3913fffff
28480,880d9d36a1fffff
28481,880d8a786bfffff
28482,880d99b6b3fffff
28483,880d9d24b3fffff
28484,880d9ca729fffff
28485,880d9d68c5fffff
28486,880d8a400bfffff
28487,880d9d5225fffff
28488,880d836887fffff
28489,880d836061fffff
28490,880d9d6ebdfffff
28491,880d831b65fffff
28492,880d9dd88dfffff
28493,880d9db051fffff
28494,880d8346d5fffff
28495,880d8a5303fffff
28496,880d99b2bbfffff
28497,880d9dda03fffff
28498,880d9dce1bfffff
28499,880d9ca553fffff
28500,880d9d169dfffff
28501,880d99a143fffff
28502,880d8ace17fffff
28503,880d83c1e3fffff
28504,880d8a6883fffff
28505,880d8a4f51fffff
28506,880d837b55fffff
28507,880d834507fffff
28508,880d9dd5cdfffff
28509,880d8309adfffff
28510,880d998b63fffff
28511,880d8a534bfffff
28512,880d8a0901fffff
28513,880d8a499dfffff
28514,880d9dd903fffff
28515,880d99a863fffff
28516,880d9d411bfffff
28517,880d8a8aa9fffff
28518,880d834dadfffff
28519,880d9d3249fffff
28520,880d99b153fffff
28521,880d8acdebfffff
28522,880d8a88abfffff
28523,880d9d0b33fffff
28524,880d9dda49fffff
28525,880d9d06a9fffff
28526,880d830d21fffff
28527,880d9d61adfffff
28528,880d8300e3fffff
28529,880d9dd9cdfffff
28530,880d8a4c47fffff
28531,880d8ac743fffff
28532,880d9d3505fffff
28533,880d831923fffff
28534,880d9d0225fffff
28535,880d8a6d15fffff
28536,880d9d35e9fffff
28537,880d9c2401fffff
28538,880d99b4c9fffff
28539,880d9986d3fffff
28540,880d99ae91fffff
28541,880d9dd02dfffff
28542,880d9dd805fffff
28543,880d830e21fffff
28544,880d8ad9e7fffff
28545,880d9c96bdfffff
28546,880d99ba41fffff
28547,880d99ae67fffff
28548,880d99aa53fffff
28549,880d99d14bfffff
28550,880d8a09a3fffff
28551,880d9db0ebfffff
28552,880ca4db47fffff
28553,880d830c27fffff
28554,880d9da99bfffff
28555,880d99d309fffff
28556,880d99d0cdfffff
28557,880d83c411fffff
28558,880d8342e1fffff
28559,880d9da801fffff
28560,880d99b053fffff
28561,880d8a74cbfffff
28562,880d8a46c9fffff
28563,880d8a571bfffff
28564,880d8a598dfffff
28565,880d9dd1b5fffff
28566,880d8ac56bfffff
28567,880d8a4437fffff
28568,880d836de5fffff
28569,880d8ac611fffff
28570,880d836b45fffff
28571,880d9cade7fffff
28572,880d9d21d1fffff
28573,880d8a412bfffff
28574,880d9d4769fffff
28575,880d9980c1fffff
28576,880d822d41fffff
28577,880d838f2dfffff
28578,880d99d34dfffff
28579,880d8319c9fffff
28580,880d99b541fffff
28581,880d99b6bdfffff
28582,880d83726dfffff
28583,880d9c2213fffff
28584,880d822d57fffff
28585,880d8a5a89fffff
28586,880d9d28ebfffff
28587,880d9d502bfffff
28588,880d8a5987fffff
28589,880d9cb433fffff
28590,880d9dba09fffff
28591,880d9dd661fffff
28592,880d9d693bfffff
28593,880d9d5409fffff
28594,880d9d1469fffff
28595,880d9d166bfffff
28596,880d9d20a7fffff
28597,880d9daf11fffff
28598,880d9d0403fffff
28599,880d8a5253fffff
28600,880d837b01fffff
28601,880d98b4d7fffff
28602,880d83175dfffff
28603,880d9dc269fffff
28604,880d99b137fffff
28605,880d8a5a3bfffff
28606,880d835193fffff
28607,880d8a46ddfffff
28608,880d83084bfffff
28609,880d830d2dfffff
28610,880ca4d299fffff
28611,880d8310c9fffff
28612,880d83ca5bfffff
28613,880d83c439fffff
28614,880d9d1b05fffff
28615,880d83458dfffff
28616,880d834b51fffff
28617,880d9dd467fffff
28618,880d9da027fffff
28619,880d98b6d5fffff
28620,880d99b76dfffff
28621,880d9d1adbfffff
28622,880d8a0923fffff
28623,880d8a5195fffff
28624,880d9d5681fffff
28625,880d8a1303fffff
28626,880d834845fffff
28627,880d9d0cb5fffff
28628,880d9d86abfffff
28629,880d835531fffff
28630,880d9d0707fffff
28631,880d8a46d1fffff
28632,880d9cad11fffff
28633,880d835637fffff
28634,880d8a476dfffff
28635,880d9dc317fffff
28636,880d9d0d93fffff
28637,880d9d02c5fffff
28638,880d83c8b3fffff
28639,880d9daf5bfffff
28640,880d9dd765fffff
28641,880d83606bfffff
28642,880d9cb6dbfffff
28643,880d9d2addfffff
28644,880d8ac481fffff
28645,880d99a207fffff
28646,880d83544bfffff
28647,880d834aa7fffff
28648,880d9da28dfffff
28649,880d835a9bfffff
28650,880d83c8b5fffff
28651,880d830a69fffff
28652,880d9d6d3bfffff
28653,880d999851fffff
28654,880d9c86dbfffff
28655,880d99af39fffff
28656,880d99b83bfffff
28657,880d831127fffff
28658,880d9d2ebbfffff
28659,880d9d4007fffff
28660,880d834b69fffff
28661,880d831b69fffff
28662,880d9d3235fffff
28663,880d9da35dfffff
28664,880d83c089fffff
28665,880d9d2c1bfffff
28666,880d9dacb5fffff
28667,880d9d6d25fffff
28668,880d9d84b1fffff
28669,880d9d0c57fffff
28670,880d9cb2b1fffff
28671,880d9daccdfffff
28672,880d8ac731fffff
28673,880d831b3dfffff
28674,880d8a7763fffff
28675,880ca4d70dfffff
28676,880d98b613fffff
28677,880d9d401bfffff
28678,880d834e41fffff
28679,880d8ace53fffff
28680,880d83725bfffff
28681,880d835417fffff
28682,880d98b4c9fffff
28683,880d9d15e7fffff
28684,880d9c26b5fffff
28685,880d8a0241fffff
28686,880d9d7149fffff
28687,880d9992b1fffff
28688,880d834f01fffff
28689,880d99a91dfffff
28690,880d835331fffff
28691,880d8acf19fffff
28692,880d9dd2c3fffff
28693,880d9d76d3fffff
28694,880d9cb4bbfffff
28695,880d83453bfffff
28696,880d834e97fffff
28697,880d8a4331fffff
28698,880d9d7137fffff
28699,880d9d6313fffff
28700,880d8a8d25fffff
28701,880d9d4541fffff
28702,880d9d785bfffff
28703,880d8ac6b3fffff
28704,880d8a08b9fffff
28705,880d83c489fffff
28706,880d9cb663fffff
28707,880d9d3a47fffff
28708,880d822d15fffff
28709,880d8a40c9fffff
28710,880d8a08d7fffff
28711,880d837b3bfffff
28712,880d9d963bfffff
28713,880d8a5835fffff
28714,880d9d69a5fffff
28715,880d9dc453fffff
28716,880d9d2e85fffff
28717,880d837865fffff
28718,880d9d56b1fffff
28719,880d9dc239fffff
28720,880d9dc6d9fffff
28721,880d998c35fffff
28722,880d9d21cbfffff
28723,880d9dc409fffff
28724,880d8a48e9fffff
28725,880d9dc5dbfffff
28726,880d831b15fffff
28727,880d9d96b1fffff
28728,880d8a4dcdfffff
28729,880d8a0a17fffff
28730,880d837889fffff
28731,880d835227fffff
28732,880d998a99fffff
28733,880d9cae67fffff
28734,880d99830dfffff
28735,880d9dad27fffff
28736,880d8369e7fffff
28737,880d9d4e07fffff
28738,880d9d41c9fffff
28739,880d8acf13fffff
28740,880d83456dfffff
28741,880d99920dfffff
28742,880d99873dfffff
28743,880d99b2c9fffff
28744,880d9d6b17fffff
28745,880d9db9abfffff
28746,880d9d34b7fffff
28747,880d8a6dc1fffff
28748,880d99b027fffff
28749,880d9d2245fffff
28750,880d9d0433fffff
28751,880d98a6c9fffff
28752,880d830a43fffff
28753,880d99af47fffff
28754,880d9992e7fffff
28755,880d9ca205fffff
28756,880d9d0dedfffff
28757,880d8301c9fffff
28758,880d9d3b09fffff
28759,880d9c94ddfffff
28760,880d8a4613fffff
28761,880d9dd9c5fffff
28762,880d998a95fffff
28763,880d9d054dfffff
28764,880d9d3011fffff
28765,880d9d089dfffff
28766,880d99bb53fffff
28767,880d9d159dfffff
28768,880d9d86ddfffff
28769,880d9cb183fffff
28770,880d9d765bfffff
28771,880d9d030dfffff
28772,880d9c265bfffff
28773,880d8310bbfffff
28774,880d9d3805fffff
28775,880d999093fffff
28776,880ca4d8d1fffff
28777,880d9d872bfffff
28778,880d8319bbfffff
28779,880d9da235fffff
28780,880d8a46c1fffff
28781,880d9982abfffff
28782,880d9d044dfffff
28783,880d9d8cb3fffff
28784,880d9d69c9fffff
28785,880d8a50ddfffff
28786,880d837917fffff
28787,880d9d083bfffff
28788,880d9d3aa5fffff
28789,880d9c344bfffff
28790,880d834ea3fffff
28791,880d998c23fffff
28792,880d9d4755fffff
28793,880d9d0d89fffff
28794,880d9dc48dfffff
28795,880d9d70c7fffff
28796,880d9dd307fffff
28797,880d99b147fffff
28798,880d98a691fffff
28799,880d9dc289fffff
28800,880d98b6a1fffff
28801,880d9d8701fffff
28802,880d998b5bfffff
28803,880ca4d0d1fffff
28804,880d9d0885fffff
28805,880d9d0c23fffff
28806,880d9d8731fffff
28807,880d9da8e5fffff
28808,880d830883fffff
28809,880d834591fffff
28810,880d8a1801fffff
28811,880d834aabfffff
28812,880d9dc825fffff
28813,880d83c4cdfffff
28814,880d99a60dfffff
28815,880d9dc003fffff
28816,880d9dd44dfffff
28817,880d835501fffff
28818,880d9d22c1fffff
28819,880d9dd323fffff
28820,880d8a52e5fffff
28821,880d9dca09fffff
28822,880d8ac4c3fffff
28823,880d8ac091fffff
28824,880d9d52a7fffff
28825,880d99a211fffff
28826,880d8a48d1fffff
28827,880d8a08b7fffff
28828,880d8354a5fffff
28829,880d838ac7fffff
28830,880d9cb0edfffff
28831,880d9d0d05fffff
28832,880d8a4681fffff
28833,880d9dcf35fffff
28834,880d99b4b1fffff
28835,880d9d14a7fffff
28836,880d8a10dbfffff
28837,880d9cb65bfffff
28838,880d9dcad7fffff
28839,880d835239fffff
28840,880d9d6349fffff
28841,880d998a57fffff
28842,880d9d5599fffff
28843,880d9d6e83fffff
28844,880d83504bfffff
28845,880d8a7481fffff
28846,880d8a19a3fffff
28847,880d9ca531fffff
28848,880d8a5447fffff
28849,880d9d613bfffff
28850,880d99a4b7fffff
28851,880d834b0dfffff
28852,880d837209fffff
28853,880d8a680bfffff
28854,880d835191fffff
28855,880d9d001bfffff
28856,880d9dd225fffff
28857,880d83113bfffff
28858,880d8a4dbdfffff
28859,880d9da2e3fffff
28860,880d8a182bfffff
28861,880d830d5dfffff
28862,880ca4d64bfffff
28863,880d9db81dfffff
28864,880d8a115dfffff
28865,880d9da557fffff
28866,880d9980e7fffff
28867,880d835b2dfffff
28868,880d9999c9fffff
28869,880d8359c7fffff
28870,880d8ac74dfffff
28871,880d8a6d25fffff
28872,880d834ecdfffff
28873,880d9d420dfffff
28874,880d9c275bfffff
28875,880d8a1821fffff
28876,880d9d765dfffff
28877,880d9d189bfffff
28878,880d9c9449fffff
28879,880d8a4d99fffff
28880,880d98b6ebfffff
28881,880d837267fffff
28882,880d9cb0d5fffff
28883,880d99d229fffff
28884,880d9daa9bfffff
28885,880d9c3547fffff
28886,880d99bb17fffff
28887,880d9c2749fffff
28888,880d9d7483fffff
28889,880d8a5abdfffff
28890,880d83134dfffff
28891,880d8a0833fffff
28892,880d8350a1fffff
28893,880d9daf19fffff
28894,880d8a1819fffff
28895,880d822eb9fffff
28896,880ca4da63fffff
28897,880d8a4621fffff
28898,880d836323fffff
28899,880d83448bfffff
28900,880d8a0307fffff
28901,880d99b033fffff
28902,880d8a5aa9fffff
28903,880d837a21fffff
28904,880d836b55fffff
28905,880d9d96c7fffff
28906,880d9d34c5fffff
28907,880d83c307fffff
28908,880d998747fffff
28909,880d8ac711fffff
28910,880d9d2361fffff
28911,880d836aa5fffff
28912,880d9dba19fffff
28913,880d8369d7fffff
28914,880ca4d161fffff
28915,880d9dbac7fffff
28916,880d8a025bfffff
28917,880d83c80bfffff
28918,880d835993fffff
28919,880d83c4b1fffff
28920,880d822c25fffff
28921,880d9994c9fffff
28922,880d9cb009fffff
28923,880ca4d733fffff
28924,880d9d00abfffff
28925,880d8a6331fffff
28926,880d834965fffff
28927,880d998241fffff
28928,880d8a5b33fffff
28929,880d8a740dfffff
28930,880d9daa89fffff
28931,880d999345fffff
28932,880d9d15a3fffff
28933,880d9d2a97fffff
28934,880d9d1481fffff
28935,880d8ad915fffff
28936,880d998885fffff
28937,880d9d0c43fffff
28938,880d9936cdfffff
28939,880d831b17fffff
28940,880d9dad0bfffff
28941,880d822d59fffff
28942,880d99a8ddfffff
28943,880d837b45fffff
28944,880d9dda05fffff
28945,880d9da89bfffff
28946,880d8a689dfffff
28947,880d9d7693fffff
28948,880d9dcd9dfffff
28949,880d9990b7fffff
28950,880d8a0b33fffff
28951,880d8ac735fffff
28952,880d9dce31fffff
28953,880d8a4b67fffff
28954,880d83c103fffff
28955,880d9db2e9fffff
28956,880d834c1dfffff
28957,880d83192dfffff
28958,880d8a1ac7fffff
28959,880d998b69fffff
28960,880d9d4609fffff
28961,880d9d3ad5fffff
28962,880d9d3355fffff
28963,880d9d2de5fffff
28964,880d83c419fffff
28965,880d83c58dfffff
28966,880d8a81a3fffff
28967,880d830d25fffff
28968,880d8a1003fffff
28969,880ca4d88dfffff
28970,880d99aa9bfffff
28971,880d83c495fffff
28972,880d9ddabbfffff
28973,880d9d6f6dfffff
28974,880d8a6ad3fffff
28975,880d830f49fffff
28976,880d9c34dbfffff
28977,880ca4d621fffff
28978,880d9d78bdfffff
28979,880d8acde5fffff
28980,880d99bb63fffff
28981,880d9d3265fffff
28982,880d99903dfffff
28983,880d9d22cdfffff
28984,880d9d769dfffff
28985,880d9d290bfffff
28986,880d8a5b3dfffff
28987,880d99b32bfffff
28988,880d9d4553fffff
28989,880d998d0bfffff
28990,880d99d331fffff
28991,880d8a5557fffff
28992,880d998487fffff
28993,880d9d263dfffff
28994,880d9d142dfffff
28995,880d9c865bfffff
28996,880d9d7a13fffff
28997,880d9985ddfffff
28998,880d9d7511fffff
28999,880d9d3195fffff
29000,880d8a0a59fffff
29001,880d9d0e83fffff
29002,880d98b735fffff
29003,880d99af17fffff
29004,880d998217fffff
29005,880d9daad1fffff
29006,880d9d35b5fffff
29007,880d9dc6d7fffff
29008,880d9d2dd3fffff
29009,880d9da2a3fffff
29010,880d8302ebfffff
29011,880d9da987fffff
29012,880d9d0e0dfffff
29013,880d8a01ebfffff
29014,880d8e4915fffff
29015,880d9dc897fffff
29016,880d837125fffff
29017,880d8a4a1bfffff
29018,880d83601bfffff
29019,880d8344d1fffff
29020,880d835683fffff
29021,880d9d3659fffff
29022,880d9d0319fffff
29023,880d836f13fffff
29024,880d9d3735fffff
29025,880d9db869fffff
29026,880d9d55a3fffff
29027,880d9d4ce5fffff
29028,880d837939fffff
29029,880d9d6c1bfffff
29030,880d8a0087fffff
29031,880d8a8d37fffff
29032,880d9c22c3fffff
29033,880d9d309bfffff
29034,880ca4db0dfffff
29035,880d8a42e3fffff
29036,880d9d2c59fffff
29037,880d9d2b0dfffff
29038,880d9d2b09fffff
29039,880d8a0919fffff
29040,880d9c960bfffff
29041,880d9d06b3fffff
29042,880d9d553bfffff
29043,880d9ca6e5fffff
29044,880d9cae13fffff
29045,880d8312b7fffff
29046,880d99b8abfffff
29047,880d8a5187fffff
29048,880d9dc5b3fffff
29049,880d9dcc27fffff
29050,880d837ae9fffff
29051,880d8ac9a7fffff
29052,880d9d36e9fffff
29053,880d831025fffff
29054,880d9dd0b5fffff
29055,880d834b5dfffff
29056,880d836de7fffff
29057,880d9cae6dfffff
29058,880d8359d1fffff
29059,880d9dd517fffff
29060,880d8a7725fffff
29061,880d8a0967fffff
29062,880d8355d3fffff
29063,880d8318c1fffff
29064,880d83cc09fffff
29065,880d834013fffff
29066,880d9d1111fffff
29067,880d9d4763fffff
29068,880d8a6d1bfffff
29069,880d9ca03bfffff
29070,880d9d6441fffff
29071,880d9d0d4bfffff
29072,880d9d7a23fffff
29073,880d8a5703fffff
29074,880d9d6f55fffff
29075,880d834f19fffff
29076,880d9d15b3fffff
29077,880d99ba49fffff
29078,880d99b12dfffff
29079,880d835161fffff
29080,880d8a021dfffff
29081,880d993649fffff
29082,880d9c204bfffff
29083,880d8379d7fffff
29084,880d8a013dfffff
29085,880d834211fffff
29086,880d830069fffff
29087,880d8a122bfffff
29088,880d9d6e69fffff
29089,880d8a0127fffff
29090,880d998023fffff
29091,880d9cb647fffff
29092,880d999321fffff
29093,880d9d2ea9fffff
29094,880d9d3741fffff
29095,880d83c02dfffff
29096,880d9caed5fffff
29097,880d9d524bfffff
29098,880d9d796dfffff
29099,880d99a099fffff
29100,880d830909fffff
29101,880d9d2c29fffff
29102,880d834a91fffff
29103,880d99a519fffff
29104,880d837117fffff
29105,880d8ac52bfffff
29106,880d9c3653fffff
29107,880d8ac749fffff
29108,880d8a4029fffff
29109,880d9dcd45fffff
29110,880d9dd6e5fffff
29111,880d9996d3fffff
29112,880d8ac751fffff
29113,880d836b4bfffff
29114,880d8a01d3fffff
29115,880d9981ddfffff
29116,880d9dd145fffff
29117,880d9d0b1dfffff
29118,880d9cb5c1fffff
29119,880d9dc01bfffff
29120,880d9dc323fffff
29121,880d99a425fffff
29122,880d9dcee5fffff
29123,880d8a7499fffff
29124,880d830d41fffff
29125,880d9cb639fffff
29126,880d835617fffff
29127,880ca4c329fffff
29128,880d8a009bfffff
29129,880d8a7721fffff
29130,880d998695fffff
29131,880d8318c5fffff
29132,880d9dd16dfffff
29133,880d9d2827fffff
29134,880d9d0755fffff
29135,880d8a6b2bfffff
29136,880d830ad1fffff
29137,880d998049fffff
29138,880d9d3361fffff
29139,880d9d02b3fffff
29140,880d83c50bfffff
29141,880d9dc063fffff
29142,880d99844bfffff
29143,880d8a1907fffff
29144,880d8a88b5fffff
29145,880d8ace8dfffff
29146,880d830a89fffff
29147,880d9d7189fffff
29148,880d83c8bdfffff
29149,880d8a1051fffff
29150,880d9d7b27fffff
29151,880d9d3539fffff
29152,880d8ace33fffff
29153,880d9d6da9fffff
29154,880d9d38e1fffff
29155,880d9dac27fffff
29156,880d836981fffff
29157,880d8379b1fffff
29158,880d99a367fffff
29159,880d8346b7fffff
29160,880d9d475bfffff
29161,880d9d0e85fffff
29162,880d99a317fffff
29163,880d8a48edfffff
29164,880d99a903fffff
29165,880d9d290dfffff
29166,880d834931fffff
29167,880d834da1fffff
29168,880d83c1bbfffff
29169,880d830b0bfffff
29170,880d9d292bfffff
29171,880d9dc56dfffff
29172,880d9cb687fffff
29173,880d9c9495fffff
29174,880d8a59d7fffff
29175,880d8a1ad9fffff
29176,880d8a0245fffff
29177,880d9da14dfffff
29178,880d8a69c7fffff
29179,880d9daf59fffff
29180,880d8a782dfffff
29181,880d8a6a65fffff
29182,880d9c2041fffff
29183,880d9cb6bdfffff
29184,880d8a5a9bfffff
29185,880d8ada27fffff
29186,880d8a510bfffff
29187,880d8378b5fffff
29188,880d83ccd9fffff
29189,880d9ca4bbfffff
29190,880d8a0f59fffff
29191,880d9d32c5fffff
29192,880d9d015bfffff
29193,880d8a7815fffff
29194,880d9da745fffff
29195,880d8a69dbfffff
29196,880d8a7b43fffff
29197,880d9d10c3fffff
29198,880d9da75dfffff
29199,880d8a0023fffff
29200,880d8ac619fffff
29201,880d9da2d7fffff
29202,880d9d32bdfffff
29203,880d9d3363fffff
29204,880d8a46a3fffff
29205,880d9c205dfffff
29206,880d9d0f17fffff
29207,880d8389e1fffff
29208,880d83c4cbfffff
29209,880d98b5ddfffff
29210,880d9da263fffff
29211,880ca4c361fffff
29212,880d9cb037fffff
29213,880d9d532dfffff
29214,880d9d0e81fffff
29215,880d9d08abfffff
29216,880d9d7317fffff
29217,880d9c3615fffff
29218,880d83534dfffff
29219,880d8ad4a7fffff
29220,880d9dda89fffff
29221,880d834543fffff
29222,880d9db211fffff
29223,880d8ac517fffff
29224,880d9d62cbfffff
29225,880d99b957fffff
29226,880d8a6867fffff
29227,880d8ac09dfffff
29228,880d836e27fffff
29229,880d9d6c1dfffff
29230,880d99d33dfffff
29231,880d99ad01fffff
29232,880d9d0693fffff
29233,880d8a0f0bfffff
29234,880d836b23fffff
29235,880d9dcc39fffff
29236,880d9d50c3fffff
29237,880d83652bfffff
29238,880d834081fffff
29239,880d9d4203fffff
29240,880d9d19a5fffff
29241,880d83186dfffff
29242,880d98b65bfffff
29243,880d8e584dfffff
29244,880d9999b5fffff
29245,880d99aa43fffff
29246,880d830a67fffff
29247,880d8a1b03fffff
29248,880d8a888bfffff
29249,880d83c9cbfffff
29250,880ca4d56bfffff
29251,880d9d530dfffff
29252,880d9da817fffff
29253,880d8ace89fffff
29254,880d9d6d61fffff
29255,880d9d4299fffff
29256,880d8a088bfffff
29257,880d8ac5d1fffff
29258,880d9c246dfffff
29259,880d9d0763fffff
29260,880d8a5ad7fffff
29261,880d83564bfffff
29262,880d999313fffff
29263,880d9d28ddfffff
29264,880d8a0a69fffff
29265,880d9d52dbfffff
29266,880d999819fffff
29267,880d9d4093fffff
29268,880d9d3365fffff
29269,880d9d0589fffff
29270,880d9d2dadfffff
29271,880d9dba83fffff
29272,880d8adb47fffff
29273,880d9db8bdfffff
29274,880d98b2b7fffff
29275,880d9d1933fffff
29276,880d8a51c3fffff
29277,880d9d3247fffff
29278,880d9c345bfffff
29279,880d9d1441fffff
29280,880d8a429dfffff
29281,880d9d0b29fffff
29282,880d9d4eabfffff
29283,880d9d2c8bfffff
29284,880d83459bfffff
29285,880d9dc951fffff
29286,880d831183fffff
29287,880d836dc1fffff
29288,880d9dcf55fffff
29289,880ca4d297fffff
29290,880d9d2ee5fffff
29291,880d9db94bfffff
29292,880d9d3711fffff
29293,880d8a4897fffff
29294,880d9d2ccdfffff
29295,880d9d2ac3fffff
29296,880d9daa45fffff
29297,880d8a1339fffff
29298,880d831959fffff
29299,880d9d6293fffff
29300,880d9dcdc1fffff
29301,880d8a89b5fffff
29302,880d837339fffff
29303,880d8a699dfffff
29304,880d8ac9a5fffff
29305,880d830a13fffff
29306,880d9d0f35fffff
29307,880d9da1bbfffff
29308,880d83c725fffff
29309,880d8a4f2dfffff
29310,880d9dae6bfffff
29311,880d9dd359fffff
29312,880d98b53bfffff
29313,880d99b933fffff
29314,880d99d067fffff
29315,880d9d6eebfffff
29316,880d998113fffff
29317,880d837347fffff
29318,880d9db221fffff
29319,880d9ca4edfffff
29320,880d998595fffff
29321,880d9d7859fffff
29322,880d9d1b2bfffff
29323,880d9d6e2dfffff
29324,880d99a029fffff
29325,880d8a5241fffff
29326,880d9d6041fffff
29327,880d8a5b3bfffff
29328,880d9d26bdfffff
29329,880d9998cbfffff
29330,880d99b055fffff
29331,880d9cb703fffff
29332,880d99ae33fffff
29333,880d9d2e9bfffff
29334,880d998ecdfffff
29335,880d8a442dfffff
29336,880d8a892dfffff
29337,880d8a7a05fffff
29338,880d99886dfffff
29339,880d8a783bfffff
29340,880d98a611fffff
29341,880d9ca225fffff
29342,880d9d7261fffff
29343,880d822c95fffff
29344,880d8358d1fffff
29345,880d9da909fffff
29346,880d83c409fffff
29347,880d9dcdc5fffff
29348,880d9ca487fffff
29349,880d9daf3dfffff
29350,880d9d399bfffff
29351,880d9da247fffff
29352,880d8ac4bbfffff
29353,880d9d26abfffff
29354,880d8a10d5fffff
29355,880d999b07fffff
29356,880d9998a1fffff
29357,880d9dcda9fffff
29358,880d99acb5fffff
29359,880d9c96e1fffff
29360,880d8a6c39fffff
29361,880d99b405fffff
29362,880d9dc0a7fffff
29363,880d9dd767fffff
29364,880d99b30bfffff
29365,880d8a693bfffff
29366,880d9d4347fffff
29367,880d9ddacbfffff
29368,880d8ac513fffff
29369,880d835357fffff
29370,880d9d79c7fffff
29371,880d834c15fffff
29372,880d9dd99dfffff
29373,880d9d1aa9fffff
29374,880d99ba1dfffff
29375,880d99b2e9fffff
29376,880d99ac65fffff
29377,880d9d2043fffff
29378,880d822dd9fffff
29379,880d9dc501fffff
29380,880d999333fffff
29381,880d8356d7fffff
29382,880d9d18e5fffff
29383,880d8a0287fffff
29384,880d8a7303fffff
29385,880d83c313fffff
29386,880d9dc6e5fffff
29387,880d9981b1fffff
29388,880d8349b7fffff
29389,880d8346d7fffff
29390,880d83c301fffff
29391,880d83445bfffff
29392,880d8a5605fffff
29393,880d9d0f0bfffff
29394,880d8a7aa7fffff
29395,880d837361fffff
29396,880d9d39c3fffff
29397,880d9dc545fffff
29398,880d8a7087fffff
29399,880d9d6541fffff
29400,880d8389c5fffff
29401,880d830a87fffff
29402,880d9cb2e5fffff
29403,880d8a5905fffff
29404,880d9da983fffff
29405,880d9d7053fffff
29406,880d9d220dfffff
29407,880d8389d5fffff
29408,880d8ac9bdfffff
29409,880d9d38dbfffff
29410,880d9da9c3fffff
29411,880d9d6d1bfffff
29412,880d9dc92dfffff
29413,880d9dd337fffff
29414,880d999287fffff
29415,880d8355a3fffff
29416,880d9cb2d3fffff
29417,880d998acdfffff
29418,880d9c26d1fffff
29419,880d99850dfffff
29420,880d9d610bfffff
29421,880d99b287fffff
29422,880d9dceb5fffff
29423,880d9982a1fffff
29424,880d99b999fffff
29425,880d9dca29fffff
29426,880d9c22e7fffff
29427,880d9d10e7fffff
29428,880d9d0d85fffff
29429,880d835425fffff
29430,880d9d89a5fffff
29431,880d9cae2dfffff
29432,880d9d1b13fffff
29433,880d83c19dfffff
29434,880d8ace2bfffff
29435,880d834911fffff
29436,880d831957fffff
29437,880d9d644dfffff
29438,880d9da1abfffff
29439,880d9d75dbfffff
29440,880d837a93fffff
29441,880d999557fffff
29442,880d9c3601fffff
29443,880d838dabfffff
29444,880d8a572dfffff
29445,880d9dc547fffff
29446,880d9ca237fffff
29447,880d99a283fffff
29448,880d8a6dd7fffff
29449,880d9d571dfffff
29450,880d8a1193fffff
29451,880d9d7581fffff
29452,880d822cd7fffff
29453,880ca4d9ebfffff
29454,880d9d092dfffff
29455,880d9d769bfffff
29456,880d99a459fffff
29457,880ca4db2dfffff
29458,880d9d7183fffff
29459,880d9dc8d9fffff
29460,880d9c2203fffff
29461,880d99aa89fffff
29462,880d8a51dbfffff
29463,880d8ac415fffff
29464,880d9cb0e5fffff
29465,880d9d3111fffff
29466,880d9d2d97fffff
29467,880d838d99fffff
29468,880d999963fffff
29469,880d8a540dfffff
29470,880d8a0053fffff
29471,880d9d76cbfffff
29472,880d8ad86bfffff
29473,880d83ceedfffff
29474,880d9dcb61fffff
29475,880d99a121fffff
29476,880d8a8991fffff
29477,880d8a501dfffff
29478,880d8ac8a5fffff
29479,880d9cb21dfffff
29480,880d998883fffff
29481,880d99b8bbfffff
29482,880d9daa67fffff
29483,880d9d655bfffff
29484,880d8a62dbfffff
29485,880d836a99fffff
29486,880d9d22b1fffff
29487,880d9ca195fffff
29488,880d83c11bfffff
29489,880d9d3405fffff
29490,880d9d50abfffff
29491,880d9d6e17fffff
29492,880d830da1fffff
29493,880d9d0703fffff
29494,880d8359c1fffff
29495,880d8a1891fffff
29496,880d9d1b5dfffff
29497,880d8ac549fffff
29498,880d8a6197fffff
29499,880d99805dfffff
29500,880d9d02c9fffff
29501,880d98b6c1fffff
29502,880d99b15dfffff
29503,880d8ac55dfffff
29504,880d9ca733fffff
29505,880d9d2259fffff
29506,880d8a513dfffff
29507,880d99a21bfffff
29508,880d8a792dfffff
29509,880d8369b1fffff
29510,880d9d05c1fffff
29511,880d99961bfffff
29512,880d8acea9fffff
29513,880d8a6221fffff
29514,880d8a4c55fffff
29515,880d99d057fffff
29516,880d998dddfffff
29517,880d9d0e33fffff
29518,880d9d615dfffff
29519,880d9d20e3fffff
29520,880d9d6e87fffff
29521,880d9c3637fffff
29522,880d998697fffff
29523,880d9dd00dfffff
29524,880d831a83fffff
29525,880d8348b1fffff
29526,880d8e5983fffff
29527,880d9d6291fffff
29528,880d998097fffff
29529,880d9d2901fffff
29530,880d9da039fffff
29531,880d836da1fffff
29532,880d9d5263fffff
29533,880d9d9589fffff
29534,880d8a598bfffff
29535,880d9dcd6dfffff
29536,880d9dd93bfffff
29537,880d8a4cb3fffff
29538,880d9cae11fffff
29539,880d8a5167fffff
29540,880d9d11bbfffff
29541,880d8a45b3fffff
29542,880d98b49bfffff
29543,880d9d3637fffff
29544,880d83012dfffff
29545,880d9d1ab7fffff
29546,880d834a0dfffff
29547,880d834ab1fffff
29548,880d99ba45fffff
29549,880d98b505fffff
29550,880d99a6c1fffff
29551,880d998489fffff
29552,880ca4d6e3fffff
29553,880d8a5655fffff
29554,880d99b5cbfffff
29555,880d9d6001fffff
29556,880d9d72e9fffff
29557,880d83c12bfffff
29558,880d8a11ddfffff
29559,880d8a09b3fffff
29560,880d9cb447fffff
29561,880d9dd4e5fffff
29562,880d9d0259fffff
29563,880d9d0421fffff
29564,880d9c34adfffff
29565,880d8a10b5fffff
29566,880d9cb0e9fffff
29567,880d9c34d3fffff
29568,880d9cb26bfffff
29569,880d8301c3fffff
29570,880d9d4d83fffff
29571,880d999857fffff
29572,880d8a0b4bfffff
29573,880d83505bfffff
29574,880d83cf45fffff
29575,880d837031fffff
29576,880d9d6d2bfffff
29577,880d99ae4bfffff
29578,880d9992c7fffff
29579,880d8310a7fffff
29580,880d9d173bfffff
29581,880d9dc519fffff
29582,880d9dd067fffff
29583,880d9c9685fffff
29584,880d9d6191fffff
29585,880d9d671dfffff
29586,880d9d2007fffff
29587,880d999547fffff
29588,880d9dae35fffff
29589,880d998e99fffff
29590,880d9d55b9fffff
29591,880d8ad943fffff
29592,880d9dcde1fffff
29593,880d83133bfffff
29594,880d83c69dfffff
29595,880d9d3b2dfffff
29596,880d9d6e59fffff
29597,880d8319a9fffff
29598,880d9d2a91fffff
29599,880d99b6ebfffff
29600,880d834467fffff
29601,880d99ba95fffff
29602,880d9d7355fffff
29603,880d8a5893fffff
29604,880d834adbfffff
29605,880d99acd9fffff
29606,880d9dab3dfffff
29607,880d831557fffff
29608,880d9db83bfffff
29609,880d830257fffff
29610,880d9db32dfffff
29611,880d9db017fffff
29612,880d8a5207fffff
29613,880d8a633bfffff
29614,880ca4daa9fffff
29615,880d8a0747fffff
29616,880d8345e1fffff
29617,880d99a1a9fffff
29618,880d8341b7fffff
29619,880d8a6d0dfffff
29620,880d9d2b41fffff
29621,880d9dc89bfffff
29622,880d9d7829fffff
29623,880d83412dfffff
29624,880d8311bbfffff
29625,880d998897fffff
29626,880d9dce4dfffff
29627,880d8a1351fffff
29628,880d8348bdfffff
29629,880d99968bfffff
29630,880d9d2a29fffff
29631,880d834047fffff
29632,880d8a48cdfffff
29633,880d9dc2b3fffff
29634,880d9d3b67fffff
29635,880d9d7943fffff
29636,880d9998cdfffff
29637,880d8a75ddfffff
29638,880d9d6adbfffff
29639,880d835b63fffff
29640,880d9d264bfffff
29641,880d8a79e3fffff
29642,880d9d0497fffff
29643,880d9d230dfffff
29644,880d9d165dfffff
29645,880d99af45fffff
29646,880d8a6b23fffff
29647,880d9d0507fffff
29648,880ca4c321fffff
29649,880d9d72bbfffff
29650,880d831887fffff
29651,880d99b5b7fffff
29652,880d83c0c7fffff
29653,880d8a4d09fffff
29654,880d9dab43fffff
29655,880d9d641dfffff
29656,880d9da1c9fffff
29657,880d9d2f11fffff
29658,880d9dc049fffff
29659,880d9dc8edfffff
29660,880d835a57fffff
29661,880d8a7097fffff
29662,880d9d1909fffff
29663,880d834297fffff
29664,880d9db9a3fffff
29665,880d83785bfffff
29666,880d99a04dfffff
29667,880d9dcc51fffff
29668,880d9d10edfffff
29669,880d998d03fffff
29670,880d8a0839fffff
29671,880d9db14dfffff
29672,880d838aadfffff
29673,880d998e67fffff
29674,880d9d151bfffff
29675,880ca4d841fffff
29676,880d9d6f33fffff
29677,880d834115fffff
29678,880d8a12adfffff
29679,880d98b4b1fffff
29680,880d83c427fffff
29681,880d8a5681fffff
29682,880d831b01fffff
29683,880d998493fffff
29684,880d9c273bfffff
29685,880d8345a1fffff
29686,880d9996a9fffff
29687,880d8a4ab5fffff
29688,880d8389a3fffff
29689,880d8a8181fffff
29690,880d9d6a09fffff
29691,880d8a483dfffff
29692,880d9995adfffff
29693,880d834d97fffff
29694,880d9d86bdfffff
29695,880d998343fffff
29696,880d99b451fffff
29697,880d8ac195fffff
29698,880d98b741fffff
29699,880d9dda59fffff
29700,880d838d29fffff
29701,880d83cf33fffff
29702,880d9ca415fffff
29703,880d9c2463fffff
29704,880d9d35d7fffff
29705,880d8a5407fffff
29706,880d999525fffff
29707,880d9d462dfffff
29708,880d9dc229fffff
29709,880d9ca631fffff
29710,880d83722bfffff
29711,880d9dd8d5fffff
29712,880d99ad43fffff
29713,880d9d38c1fffff
29714,880d838c1dfffff
29715,880d8a09adfffff
29716,880d99b823fffff
29717,880d835335fffff
29718,880d8acc4bfffff
29719,880d9db2a3fffff
29720,880d8acc47fffff
29721,880d9d0a17fffff
29722,880d8a8119fffff
29723,880d83cadbfffff
29724,880d9dc225fffff
29725,880d83c823fffff
29726,880d9d20c1fffff
29727,880d9d2363fffff
29728,880d9c365bfffff
29729,880d998cd9fffff
29730,880d831b33fffff
29731,880d8ac1b1fffff
29732,880d9d5727fffff
29733,880d9d3ae9fffff
29734,880d999137fffff
29735,880d9dc8b3fffff
29736,880d9da989fffff
29737,880d8a4cc9fffff
29738,880d8ace23fffff
29739,880d8e495dfffff
29740,880d99a8d3fffff
29741,880d83086dfffff
29742,880d8a488bfffff
29743,880d8ac5c9fffff
29744,880d9dd4e1fffff
29745,880d9c2707fffff
29746,880d9dbac1fffff
29747,880d999239fffff
29748,880d8a8b35fffff
29749,880d8389e9fffff
29750,880d9dc5c9fffff
29751,880d9d2283fffff
29752,880d9d7041fffff
29753,880d834c8bfffff
29754,880d9d5141fffff
29755,880d9d0849fffff
29756,880d8302edfffff
29757,880d8ac095fffff
29758,880d99a43bfffff
29759,880d8389b9fffff
29760,880d99a131fffff
29761,880d9c963dfffff
29762,880d9d6617fffff
29763,880d834761fffff
29764,880d9dc71dfffff
29765,880d8358bbfffff
29766,880d99bb31fffff
29767,880d99a055fffff
29768,880d9d11b5fffff
29769,880d8a012dfffff
29770,880d9d15d1fffff
29771,880d99320dfffff
29772,880d835725fffff
29773,880d837969fffff
29774,880d9d54e3fffff
29775,880d9ca189fffff
29776,880d8a11c9fffff
29777,880d9d5367fffff
29778,880d9d1a5bfffff
29779,880d9d01bbfffff
29780,880ca4d92dfffff
29781,880d9cb19dfffff
29782,880d8a7b67fffff
29783,880d9d3a39fffff
29784,880d9dacc1fffff
29785,880d9cb19bfffff
29786,880d8adb67fffff
29787,880d9dd439fffff
29788,880d9d5697fffff
29789,880d9c2687fffff
29790,880d8a1137fffff
29791,880d9c86a9fffff
29792,880d9982e3fffff
29793,880d830ac1fffff
29794,880d9ddaebfffff
29795,880d9d6531fffff
29796,880d9d716dfffff
29797,880d9daddbfffff
29798,880d9caccdfffff
29799,880d9d68e3fffff
29800,880d9caf17fffff
29801,880d8a5183fffff
29802,880d8ac617fffff
29803,880d9ca4b1fffff
29804,880d8acc1bfffff
29805,880d835599fffff
29806,880d9da98dfffff
29807,880d9c8635fffff
29808,880d836097fffff
29809,880d9c2657fffff
29810,880d83c087fffff
29811,880d8e59adfffff
29812,880d822ea3fffff
29813,880d9d45b7fffff
29814,880d8a68d5fffff
29815,880d8a0a49fffff
29816,880d9d46b7fffff
29817,880d83cccdfffff
29818,880d9ddb03fffff
29819,880d9d3703fffff
29820,880d9d0c25fffff
29821,880d836c63fffff
29822,880d831227fffff
29823,880d9ca70bfffff
29824,880d835293fffff
29825,880d9d050bfffff
29826,880d8a5b17fffff
29827,880d8a5111fffff
29828,880d9d0117fffff
29829,880d83c097fffff
29830,880d9d01cbfffff
29831,880d9d700bfffff
29832,880d8a42adfffff
29833,880d9dc585fffff
29834,880d836b53fffff
29835,880d834693fffff
29836,880d8a0707fffff
29837,880d8312d7fffff
29838,880d9c2695fffff
29839,880d9da049fffff
29840,880d9d3a85fffff
29841,880d9d2027fffff
29842,880d999163fffff
29843,880d99a269fffff
29844,880d8a181bfffff
29845,880d9d7a3dfffff
29846,880d9ddac3fffff
29847,880d9ca05dfffff
29848,880d9dd32dfffff
29849,880d9dc54dfffff
29850,880d9dd2a7fffff
29851,880d83485dfffff
29852,880d99d76dfffff
29853,880d9dcb47fffff
29854,880d9d6989fffff
29855,880d8a4b35fffff
29856,880d83715bfffff
29857,880d9da329fffff
29858,880d99ac6bfffff
29859,880d838d37fffff
29860,880d9d3199fffff
29861,880d9cb089fffff
29862,880d8a4c6bfffff
29863,880d8acd8dfffff
29864,880d9d70d7fffff
29865,880d831ae3fffff
29866,880d8ac5c1fffff
29867,880d998e8bfffff
29868,880d9c862bfffff
29869,880d9d20c7fffff
29870,880d8a5553fffff
29871,880d9dd833fffff
29872,880d9d3029fffff
29873,880d835867fffff
29874,880d83c1b9fffff
29875,880d834eabfffff
29876,880d8acee9fffff
29877,880d822f35fffff
29878,880d99a6cbfffff
29879,880d9d30b5fffff
29880,880d9ca5ebfffff
29881,880d9985a9fffff
29882,880d8a7245fffff
29883,880d9d6845fffff
29884,880d99b097fffff
29885,880d9d09dbfffff
29886,880d9d2e03fffff
29887,880d8a6225fffff
29888,880d8a4485fffff
29889,880d8a6041fffff
29890,880d9d2e17fffff
29891,880d9ca0e1fffff
29892,880d9985a3fffff
29893,880d9d049dfffff
29894,880d999217fffff
29895,880d83cda1fffff
29896,880d830a99fffff
29897,880d99b4c3fffff
29898,880d831a07fffff
29899,880d9d2655fffff
29900,880d836957fffff
29901,880d83caabfffff
29902,880d998017fffff
29903,880d8a4d03fffff
29904,880d9d406bfffff
29905,880d8a58d1fffff
29906,880d8a69e1fffff
29907,880d9d4557fffff
29908,880d9d353bfffff
29909,880ca4d2c7fffff
29910,880d9c340bfffff
29911,880d8340bdfffff
29912,880d9dc945fffff
29913,880d8a4d23fffff
29914,880d9d0de5fffff
29915,880d9d112bfffff
29916,880d8a0a05fffff
29917,880d834891fffff
29918,880d836997fffff
29919,880d9d15e5fffff
29920,880d9d219bfffff
29921,880d9d6c2bfffff
29922,880d9c3557fffff
29923,880d9d6485fffff
29924,880d9d55c7fffff
29925,880d834939fffff
29926,880d8a1113fffff
29927,880d9dccadfffff
29928,880d8a7809fffff
29929,880d9dcd41fffff
29930,880d9d6625fffff
29931,880d822dd3fffff
29932,880d9da10dfffff
29933,880d9d61e5fffff
29934,880d99ba21fffff
29935,880d9999c1fffff
29936,880d83599bfffff
29937,880d8a88a5fffff
29938,880d998763fffff
29939,880d8a4f4dfffff
29940,880d999531fffff
29941,880d99935dfffff
29942,880d83c403fffff
29943,880d8319adfffff
29944,880d9998c1fffff
29945,880d9d873bfffff
29946,880d99b223fffff
29947,880d99952dfffff
29948,880d83c99dfffff
29949,880d9d3b27fffff
29950,880d99b6b7fffff
29951,880d9d2437fffff
29952,880d8a6d27fffff
29953,880d9d2d83fffff
29954,880d8a6181fffff
29955,880d9dda27fffff
29956,880d9dd335fffff
29957,880d9dbad3fffff
29958,880d9dd861fffff
29959,880d8a129dfffff
29960,880d8a75cdfffff
29961,880d836099fffff
29962,880d9dc6cdfffff
29963,880d9dd9e1fffff
29964,880d9d2139fffff
29965,880d99b133fffff
29966,880d8a8aa1fffff
29967,880d838d6bfffff
29968,880d8acc21fffff
29969,880d9d0303fffff
29970,880d8a74a9fffff
29971,880d836d91fffff
29972,880d9d6965fffff
29973,880d8356ddfffff
29974,880d998043fffff
29975,880d9ca547fffff
29976,880d9d6647fffff
29977,880d836b4dfffff
29978,880d9d66b3fffff
29979,880d9d2357fffff
29980,880d8372e3fffff
29981,880d99aa9dfffff
29982,880d99b409fffff
29983,880d9d0957fffff
29984,880d9ca651fffff
29985,880d837887fffff
29986,880d99b309fffff
29987,880d8a74e3fffff
29988,880d8a523dfffff
29989,880ca4d8e5fffff
29990,880d9d0f21fffff
29991,880d9d326bfffff
29992,880d998863fffff
29993,880d998cc7fffff
29994,880d9d256bfffff
29995,880d9d5601fffff
29996,880d9d4499fffff
29997,880d8378a9fffff
29998,880d9d25d3fffff
29999,880ca4da4dfffff
30000,880d9d6c61fffff
30001,880d822d1dfffff
30002,880d9d6ae9fffff
30003,880d9dc5e9fffff
30004,880d9d4e21fffff
30005,880d8a4a95fffff
30006,880d8a4c23fffff
30007,880d8a406dfffff
30008,880d8a7225fffff
30009,880d9c3511fffff
30010,880d9d313bfffff
30011,880d9d1b5bfffff
30012,880d998519fffff
30013,880d9d01e7fffff
30014,880d834b1dfffff
30015,880d9d2563fffff
30016,880d8a4329fffff
30017,880d9dd525fffff
30018,880d9d3825fffff
30019,880d998263fffff
30020,880d9cb2d9fffff
30021,880d837a4dfffff
30022,880d83c889fffff
30023,880d9d6753fffff
30024,880d834117fffff
30025,880d9986bdfffff
30026,880d9daa53fffff
30027,880d8acf31fffff
30028,880d9dae1dfffff
30029,880d830d29fffff
30030,880d9d2547fffff
30031,880d9d1843fffff
30032,880d836de3fffff
30033,880d83031bfffff
30034,880d834599fffff
30035,880d9dca05fffff
30036,880ca4d231fffff
30037,880d9d41c1fffff
30038,880d9d3835fffff
30039,880d834895fffff
30040,880d9d0531fffff
30041,880d9d74a5fffff
30042,880d8e4d21fffff
30043,880d9d2915fffff
30044,880d9d708dfffff
30045,880d9da001fffff
30046,880d8a54edfffff
30047,880d9dd4b3fffff
30048,880d837b2bfffff
30049,880d9db96bfffff
30050,880d9d1a53fffff
30051,880d8aceabfffff
30052,880d9c226bfffff
30053,880d9db21bfffff
30054,880d9d3241fffff
30055,880d9ca6b7fffff
30056,880d99d225fffff
30057,880d9c26edfffff
30058,880d8a176dfffff
30059,880d9d21e1fffff
30060,880d838d0bfffff
30061,880d8a68bdfffff
30062,880d9d0b19fffff
30063,880d8adb17fffff
30064,880d8355bbfffff
30065,880d99b75bfffff
30066,880d9d228bfffff
30067,880d8301a1fffff
30068,880d998cadfffff
30069,880d8a0963fffff
30070,880d9999a1fffff
30071,880d9916e9fffff
30072,880d8a0167fffff
30073,880d83595bfffff
30074,880d837955fffff
30075,880d9c2439fffff
30076,880d9cac95fffff
30077,880d9dcc87fffff
30078,880d9c3459fffff
30079,880d9d6119fffff
30080,880d9cadc3fffff
30081,880d99b86bfffff
30082,880d8accedfffff
30083,880d9d8617fffff
30084,880d837265fffff
30085,880d99d2d7fffff
30086,880d8a75e3fffff
30087,880d998809fffff
30088,880d9db91bfffff
30089,880d8a4a13fffff
30090,880d9982a9fffff
30091,880d9daad9fffff
30092,880d9d1a0bfffff
30093,880d998057fffff
30094,880d9c94abfffff
30095,880d9dba05fffff
30096,880d998b65fffff
30097,880d9dc957fffff
30098,880d99b56dfffff
30099,880d830e23fffff
30100,880d83606dfffff
30101,880d8355d9fffff
30102,880d83465bfffff
30103,880d9dc509fffff
30104,880d8acc39fffff
30105,880ca4d9b7fffff
30106,880d9d4e67fffff
30107,880d9d68b7fffff
30108,880d9d08ebfffff
30109,880d8378c3fffff
30110,880ca4d9a1fffff
30111,880d8a7521fffff
30112,880d9c2737fffff
30113,880d83ce8bfffff
30114,880d8a00abfffff
30115,880d8a5203fffff
30116,880d998125fffff
30117,880d837841fffff
30118,880d99aeb5fffff
30119,880d998255fffff
30120,880d8a6d53fffff
30121,880d9c20d9fffff
30122,880ca4db31fffff
30123,880d9d41b9fffff
30124,880d83710dfffff
30125,880d8a6c63fffff
30126,880d830053fffff
30127,880d9c274bfffff
30128,880d98b759fffff
30129,880d9d3b13fffff
30130,880d8a1035fffff
30131,880d9c24d9fffff
30132,880d8ac5d3fffff
30133,880d9cb73bfffff
30134,880d99a603fffff
30135,880d9ca42bfffff
30136,880d83105bfffff
30137,880d8a0905fffff
30138,880ca4da39fffff
30139,880d99b091fffff
30140,880d8a4245fffff
30141,880d8a0937fffff
30142,880d8a7569fffff
30143,880d8a0b21fffff
30144,880d83476bfffff
30145,880d8a4725fffff
30146,880d9dc6b1fffff
30147,880d8a084dfffff
30148,880d9d3b57fffff
30149,880d836e69fffff
30150,880d9dc8b5fffff
30151,880d9cb621fffff
30152,880d835565fffff
30153,880d9d116bfffff
30154,880d8a529dfffff
30155,880d9dadb7fffff
30156,880d8a4e11fffff
30157,880d998e61fffff
30158,880d8a4db5fffff
30159,880d9da151fffff
30160,880d8342c3fffff
30161,880d8a6c05fffff
30162,880d9d0613fffff
30163,880d9c96c9fffff
30164,880d99b2e7fffff
30165,880d99b81dfffff
30166,880d9d7535fffff
30167,880d9d6e23fffff
30168,880d8a10a3fffff
30169,880ca4d717fffff
30170,880d9db16bfffff
30171,880d9d26a1fffff
30172,880d998895fffff
30173,880d83473bfffff
30174,880d99aa0bfffff
30175,880d9d3929fffff
30176,880d8a0947fffff
30177,880d9d3337fffff
30178,880d9daec9fffff
30179,880ca4db4dfffff
30180,880d99aaa3fffff
30181,880d999541fffff
30182,880d9d3a55fffff
30183,880d83cdedfffff
30184,880d837107fffff
30185,880d99b319fffff
30186,880d9c951bfffff
30187,880d822c89fffff
30188,880d9db26dfffff
30189,880d9916a5fffff
30190,880d9d74d1fffff
30191,880d9d4313fffff
30192,880d9dda4bfffff
30193,880d834a2bfffff
30194,880d9db993fffff
30195,880d8a11bdfffff
30196,880d831307fffff
30197,880d99d205fffff
30198,880d822e93fffff
30199,880d9985bdfffff
30200,880d9d3311fffff
30201,880d9d0115fffff
30202,880d8a726dfffff
30203,880d998b57fffff
30204,880d9cb297fffff
30205,880d8a5095fffff
30206,880d9d6d63fffff
30207,880d8a449dfffff
30208,880d98b6e1fffff
30209,880d9d2955fffff
30210,880d9d149dfffff
30211,880d8ad5e7fffff
30212,880d8352cbfffff
30213,880d99a8adfffff
30214,880d8a0f3bfffff
30215,880ca4d2b7fffff
30216,880d9d08d5fffff
30217,880ca4daa3fffff
30218,880d998ad1fffff
30219,880d8389d3fffff
30220,880d9d5181fffff
30221,880d9d7ab1fffff
30222,880d9d0149fffff
30223,880d9ca5c1fffff
30224,880d9d545dfffff
30225,880d8ad5bbfffff
30226,880d99a447fffff
30227,880d9d6615fffff
30228,880d9cb563fffff
30229,880d9d5193fffff
30230,880d8a565dfffff
30231,880d836a91fffff
30232,880d834e61fffff
30233,880d8368adfffff
30234,880d9dab49fffff
30235,880d9d6a99fffff
30236,880d8a026bfffff
30237,880d9d6c31fffff
30238,880d9caf0bfffff
30239,880d998d97fffff
30240,880d999a15fffff
30241,880d8a4005fffff
30242,880d9d941bfffff
30243,880d99a067fffff
30244,880d99ad6bfffff
30245,880d9dc745fffff
30246,880d99909dfffff
30247,880d9cae85fffff
30248,880d830311fffff
30249,880d838d4bfffff
30250,880d836189fffff
30251,880d9cb4d9fffff
30252,880d998e6dfffff
30253,880d83705bfffff
30254,880d9c370bfffff
30255,880d9dc96bfffff
30256,880d8a883bfffff
30257,880d9dd137fffff
30258,880d9d0aa3fffff
30259,880d9daf0dfffff
30260,880d9d76b9fffff
30261,880d8ac081fffff
30262,880d834a9bfffff
30263,880d837b0dfffff
30264,880d834905fffff
30265,880d830c49fffff
30266,880d835441fffff
30267,880d8a12edfffff
30268,880d9cb569fffff
30269,880d999619fffff
30270,880d999983fffff
30271,880d9dd019fffff
30272,880d8a6209fffff
30273,880d9cb5b1fffff
30274,880d99b029fffff
30275,880d9d226dfffff
30276,880d9d16d9fffff
30277,880d9d64d9fffff
30278,880d8a099bfffff
30279,880d9d10ebfffff
30280,880d9dad3dfffff
30281,880d836ae7fffff
30282,880d998d49fffff
30283,880d9c24c7fffff
30284,880d9dd445fffff
30285,880d9cb2d1fffff
30286,880d9cb06dfffff
30287,880d9988c5fffff
30288,880d8341ebfffff
30289,880d9dd62dfffff
30290,880d9c3609fffff
30291,880d9dd147fffff
30292,880d9d4057fffff
30293,880d9d471bfffff
30294,880d9d54d9fffff
30295,880d999065fffff
30296,880d8a4a63fffff
30297,880d99b505fffff
30298,880d8a08c1fffff
30299,880d8a1903fffff
30300,880d8308d7fffff
30301,880ca4d087fffff
30302,880d998acbfffff
30303,880d9d0159fffff
30304,880d9cb2b7fffff
30305,880d9d2a15fffff
30306,880d8a0f4bfffff
30307,880d83c13bfffff
30308,880d838803fffff
30309,880d9dd2a1fffff
30310,880d9da03bfffff
30311,880d998081fffff
30312,880d8ac455fffff
30313,880d9d4c59fffff
30314,880d9d3b41fffff
30315,880d836937fffff
30316,880d9d74e1fffff
30317,880d9dcb13fffff
30318,880d830d39fffff
30319,880d9d3647fffff
30320,880d9dc70dfffff
30321,880d9d7069fffff
30322,880d9cb345fffff
30323,880d9d3b29fffff
30324,880d9d1563fffff
30325,880d8a69ebfffff
30326,880d8a106dfffff
30327,880d8a68ebfffff
30328,880d8ac9b3fffff
30329,880d99d6c1fffff
30330,880d9d768dfffff
30331,880d9dcf41fffff
30332,880d835739fffff
30333,880d83c15dfffff
30334,880d9984c7fffff
30335,880d9d68e7fffff
30336,880d8a5809fffff
30337,880d9914d5fffff
30338,880d8a54ebfffff
30339,880d8a8829fffff
30340,880d830803fffff
30341,880d9d2959fffff
30342,880d9dda29fffff
30343,880d9dc6ebfffff
30344,880d98b6b7fffff
30345,880d834915fffff
30346,880d9d8929fffff
30347,880d9cb18bfffff
30348,880d9dccbdfffff
30349,880d99a15bfffff
30350,880d9d56a9fffff
30351,880d9d6d9bfffff
30352,880d9db31bfffff
30353,880d99145bfffff
30354,880d9d2209fffff
30355,880d9cae2bfffff
30356,880d99169bfffff
30357,880d9d7235fffff
30358,880d9d86e9fffff
30359,880d998e81fffff
30360,880d9c2299fffff
30361,880d999881fffff
30362,880d9d6701fffff
30363,880d9dd6c3fffff
30364,880d8a443bfffff
30365,880d9dc65dfffff
30366,880d9980a7fffff
30367,880d83444dfffff
30368,880d9db9edfffff
30369,880d830a51fffff
30370,880d9d3a31fffff
30371,880d9db127fffff
30372,880d8a6009fffff
30373,880d99b5c9fffff
30374,880d83c46dfffff
30375,880d9d405dfffff
30376,880d9d7585fffff
30377,880d830139fffff
30378,880d9d0845fffff
30379,880d9d18c9fffff
30380,880d9d199dfffff
30381,880d9dcc85fffff
30382,880d99d001fffff
30383,880d834cc9fffff
30384,880d9dc931fffff
30385,880d9daa5dfffff
30386,880d9ca59dfffff
30387,880d837ad3fffff
30388,880d834d0dfffff
30389,880d8a4eadfffff
30390,880d83c695fffff
30391,880d9d6269fffff
30392,880d999859fffff
30393,880d8a1b29fffff
30394,880d999529fffff
30395,880d99b9ebfffff
30396,880d8e5b1bfffff
30397,880d99a005fffff
30398,880d99d24bfffff
30399,880d9d1a31fffff
30400,880d8a54c7fffff
30401,880d9da525fffff
30402,880d9da84bfffff
30403,880d99aac7fffff
30404,880d8a59b9fffff
30405,880d8361a3fffff
30406,880d830f3bfffff
30407,880d834aa3fffff
30408,880d9ca0dbfffff
30409,880d838d61fffff
30410,880d9d6623fffff
30411,880d9d38c3fffff
30412,880d9dd123fffff
30413,880d838135fffff
30414,880d8349cdfffff
30415,880d9d0ec1fffff
30416,880d8a4243fffff
30417,880d9c958dfffff
30418,880d9d4225fffff
30419,880d99b125fffff
30420,880d9d2c07fffff
30421,880d9d2899fffff
30422,880d834f61fffff
30423,880d8360b1fffff
30424,880d9981a5fffff
30425,880d838993fffff
30426,880d9d7487fffff
30427,880d9d0701fffff
30428,880d8351e7fffff
30429,880d9d6ac3fffff
30430,880d8a0161fffff
30431,880d9dd193fffff
30432,880d9ca54dfffff
30433,880d999455fffff
30434,880d998d9dfffff
30435,880d9d0937fffff
30436,880d9dd041fffff
30437,880d9d24b1fffff
30438,880d9d7201fffff
30439,880d9dc84bfffff
30440,880d830b25fffff
30441,880d9c966bfffff
30442,880d9d64abfffff
30443,880d8a59edfffff
30444,880d8a5a15fffff
30445,880d99b6cbfffff
30446,880d9c3599fffff
30447,880d8acf39fffff
30448,880d8ac5e9fffff
30449,880d9d2087fffff
30450,880d8a416bfffff
30451,880d9d735bfffff
30452,880d8acd81fffff
30453,880d9cb75dfffff
30454,880ca4d611fffff
30455,880d9cb2a5fffff
30456,880d83cee9fffff
30457,880d8360b9fffff
30458,880d99b259fffff
30459,880d99a219fffff
30460,880d836087fffff
30461,880d999347fffff
30462,880d8acc5dfffff
30463,880d999a25fffff
30464,880d999161fffff
30465,880d9c94b1fffff
30466,880d9d536dfffff
30467,880d9dca25fffff
30468,880d830809fffff
30469,880d99b56bfffff
30470,880d8a54e3fffff
30471,880d9d6267fffff
30472,880d8a5915fffff
30473,880d8308ddfffff
30474,880d9dda01fffff
30475,880d99a097fffff
30476,880d8a5365fffff
30477,880d838d51fffff
30478,880d830339fffff
30479,880d8309b5fffff
30480,880d9d56e9fffff
30481,880d836101fffff
30482,880d9dc9d5fffff
30483,880d99ae59fffff
30484,880d838debfffff
30485,880d8e5b17fffff
30486,880d8a1ac5fffff
30487,880d9d22d5fffff
30488,880d8a570dfffff
30489,880d9c8663fffff
30490,880d9cb4b3fffff
30491,880d9cb261fffff
30492,880d99d2c5fffff
30493,880d9db13dfffff
30494,880d9d360bfffff
30495,880d8360d5fffff
30496,880d9d3353fffff
30497,880d9db817fffff
30498,880d9d6a01fffff
30499,880d836083fffff
30500,880d8a5685fffff
30501,880d9d7587fffff
30502,880d9d04c7fffff
30503,880d9d063bfffff
30504,880d831063fffff
30505,880d9d5595fffff
30506,880d9d6927fffff
30507,880d9ca761fffff
30508,880d834327fffff
30509,880d99905dfffff
30510,880d8319e9fffff
30511,880d9d28b3fffff
30512,880d9d35cbfffff
30513,880d9d25a5fffff
30514,880d834851fffff
30515,880d83ceb7fffff
30516,880d9d209bfffff
30517,880d9daac5fffff
30518,880d9c24ebfffff
30519,880d834d6dfffff
30520,880d8a1991fffff
30521,880d9d0cddfffff
30522,880d837115fffff
30523,880d9d3ad3fffff
30524,880d99954dfffff
30525,880d9d96c5fffff
30526,880d998ea9fffff
30527,880d9dbae5fffff
30528,880d8a0143fffff
30529,880d8a1ad1fffff
30530,880d83443bfffff
30531,880d99d63bfffff
30532,880d8359a5fffff
30533,880ca4db35fffff
30534,880d830e4dfffff
30535,880d99d007fffff
30536,880d8a1225fffff
30537,880d834193fffff
30538,880d8a6c07fffff
30539,880d83571dfffff
30540,880d8a4199fffff
30541,880d9d2b35fffff
30542,880d9da429fffff
30543,880d99d143fffff
30544,880d9d6a97fffff
30545,880d83c8adfffff
30546,880d8ad969fffff
30547,880d837253fffff
30548,880d837335fffff
30549,880d8a5641fffff
30550,880d83522bfffff
30551,880d9d8631fffff
30552,880d9d3409fffff
30553,880d9dcf2bfffff
30554,880d837257fffff
30555,880d8a5a4bfffff
30556,880d9d634dfffff
30557,880d83181bfffff
30558,880d999507fffff
30559,880d9d42bdfffff
30560,880d8a085dfffff
30561,880d83cc89fffff
30562,880d9daf03fffff
30563,880d830859fffff
30564,880d8ad907fffff
30565,880d999719fffff
30566,880d9d09cbfffff
30567,880d999463fffff
30568,880d9db9bdfffff
30569,880d999317fffff
30570,880d9dc999fffff
30571,880d9d3941fffff
30572,880d83c09dfffff
30573,880d9d376bfffff
30574,880d830059fffff
30575,880d8a5a49fffff
30576,880d9d9925fffff
30577,880d9c35a3fffff
30578,880d9d7913fffff
30579,880d9d732dfffff
30580,880d9da005fffff
30581,880d9d1897fffff
30582,880d8a00e7fffff
30583,880d8a6825fffff
30584,880d8a0063fffff
30585,880d835ae5fffff
30586,880d98b0dbfffff
30587,880d99ae47fffff
30588,880d9d0a41fffff
30589,880d9d1605fffff
30590,880d8378e7fffff
30591,880d9d743dfffff
30592,880d9c9667fffff
30593,880d9c30bdfffff
30594,880d834c13fffff
30595,880d998811fffff
30596,880d8a7421fffff
30597,880d999587fffff
30598,880d9d4dcbfffff
30599,880d8a0951fffff
30600,880d9d1691fffff
30601,880d831993fffff
30602,880d9c965bfffff
30603,880d8a0aa9fffff
30604,880d9d44b9fffff
30605,880d837263fffff
30606,880d99963bfffff
30607,880d8a4441fffff
30608,880d8371ddfffff
30609,880d9d04a7fffff
30610,880d9998e5fffff
30611,880d99a05dfffff
30612,880d99a547fffff
30613,880d8a11e5fffff
30614,880d9c3635fffff
30615,880d8adb21fffff
30616,880d83cc6dfffff
30617,880d8a781dfffff
30618,880d831301fffff
30619,880d8a50a7fffff
30620,880d99b9e3fffff
30621,880d8ac581fffff
30622,880d998c85fffff
30623,880d8368e3fffff
30624,880d998087fffff
30625,880d836aa7fffff
30626,880d9ca745fffff
30627,880d9d189dfffff
30628,880d9db1a7fffff
30629,880d999401fffff
30630,880d8a0f53fffff
30631,880d9d6211fffff
30632,880d9dd4b7fffff
30633,880d8ac59dfffff
30634,880d9d00d9fffff
30635,880d99b81bfffff
30636,880d8a4305fffff
30637,880d9da915fffff
30638,880d9d0625fffff
30639,880d8351cdfffff
30640,880d9dd269fffff
30641,880d9cb293fffff
30642,880d99852dfffff
30643,880d9994e7fffff
30644,880d9c945bfffff
30645,880d8a750bfffff
30646,880d9dd693fffff
30647,880d9db8a9fffff
30648,880d83545bfffff
30649,880d8e4931fffff
30650,880d9cb61dfffff
30651,880d8a7ae3fffff
30652,880d9dc5cbfffff
30653,880d9d5501fffff
30654,880d993211fffff
30655,880d8a42a9fffff
30656,880d9da11bfffff
30657,880d9981d1fffff
30658,880d9995b1fffff
30659,880d9db0c5fffff
30660,880d834365fffff
30661,880d9d19bdfffff
30662,880d99a0b9fffff
30663,880d8a0195fffff
30664,880d8371d1fffff
30665,880d9d6d07fffff
30666,880ca4d0e5fffff
30667,880d8acc33fffff
30668,880d834633fffff
30669,880d8a1893fffff
30670,880d99b36dfffff
30671,880d8a4691fffff
30672,880d9d575dfffff
30673,880d9d0aa7fffff
30674,880d9d8b05fffff
30675,880d838ab9fffff
30676,880d8a18c5fffff
30677,880d9cae29fffff
30678,880d9da15dfffff
30679,880d8ac9b7fffff
30680,880d9d3b21fffff
30681,880d8a502dfffff
30682,880d9d574dfffff
30683,880d9d01d1fffff
30684,880d8a1b51fffff
30685,880d98b751fffff
30686,880d9dcdcdfffff
30687,880d9dd443fffff
30688,880d8a4de1fffff
30689,880d834837fffff
30690,880d99b893fffff
30691,880d83c985fffff
30692,880d8a6ce1fffff
30693,880d998741fffff
30694,880d9dc529fffff
30695,880d99b953fffff
30696,880d999b13fffff
30697,880d8a0b31fffff
30698,880d830f1dfffff
30699,880d8a51c5fffff
30700,880d8ac465fffff
30701,880d9d84e3fffff
30702,880d9d0a57fffff
30703,880d8a52adfffff
30704,880d99a71dfffff
30705,880d9c3291fffff
30706,880d99a589fffff
30707,880d83136dfffff
30708,880d99ab1dfffff
30709,880d8accddfffff
30710,880ca4d661fffff
30711,880d9dab0dfffff
30712,880d99849dfffff
30713,880d83550dfffff
30714,880d99b169fffff
30715,880d9d7421fffff
30716,880d9d6ed7fffff
30717,880d9d682bfffff
30718,880d9d2835fffff
30719,880d9d7755fffff
30720,880d9d0865fffff
30721,880d8a6997fffff
30722,880d9dceb3fffff
30723,880d9d1b45fffff
30724,880ca4d127fffff
30725,880d8a6189fffff
30726,880d99acc3fffff
30727,880d9d012bfffff
30728,880d835607fffff
30729,880d8acc89fffff
30730,880d9d3297fffff
30731,880d998b4dfffff
30732,880d9dae23fffff
30733,880d998c47fffff
30734,880d83c0dbfffff
30735,880d99af29fffff
30736,880d998ccdfffff
30737,880d9dd5adfffff
30738,880d8a4c15fffff
30739,880d999445fffff
30740,880d8a01b3fffff
30741,880d9daee3fffff
30742,880d9996e3fffff
30743,880d83898bfffff
30744,880d9d68cdfffff
30745,880d8acc59fffff
30746,880d9d1465fffff
30747,880d8ac8e7fffff
30748,880d831031fffff
30749,880d9db2e1fffff
30750,880d83095bfffff
30751,880d9d1107fffff
30752,880ca4dacdfffff
30753,880d8ac2dbfffff
30754,880d831117fffff
30755,880d9cb6adfffff
30756,880d9dba8dfffff
30757,880d836913fffff
30758,880d834363fffff
30759,880d8a1835fffff
30760,880d9d6859fffff
30761,880d9cb427fffff
30762,880d830e03fffff
30763,880d9c3405fffff
30764,880d9d2367fffff
30765,880d9d42d7fffff
30766,880d8a556bfffff
30767,880d9dd637fffff
30768,880d83480bfffff
30769,880d9d0a23fffff
30770,880d838c29fffff
30771,880d9d748bfffff
30772,880d9d300bfffff
30773,880d8a0a25fffff
30774,880d8378ebfffff
30775,880d8a1b05fffff
30776,880d8a0b61fffff
30777,880d9cb453fffff
30778,880d9d3725fffff
30779,880d831043fffff
30780,880d9d2503fffff
30781,880d9c2049fffff
30782,880d836d1dfffff
30783,880d9d2867fffff
30784,880d9d8769fffff
30785,880d8a5313fffff
30786,880d8a8b25fffff
30787,880d9d4c97fffff
30788,880d9980b7fffff
30789,880d9d7343fffff
30790,880d9dc2e9fffff
30791,880d98a6d3fffff
30792,880d836d35fffff
30793,880d998c0dfffff
30794,880d9d3221fffff
30795,880d838dc5fffff
30796,880d991691fffff
30797,880d9dd065fffff
30798,880d9dc03dfffff
30799,880d837b03fffff
30800,880d9dcb4bfffff
30801,880d99862bfffff
30802,880d9dce27fffff
30803,880d9d66a9fffff
30804,880d998303fffff
30805,880d9d2149fffff
30806,880d99b261fffff
30807,880d9cac2bfffff
30808,880d99a0c5fffff
30809,880d9db057fffff
30810,880d9cb66dfffff
30811,880d9d462bfffff
30812,880d9dda1dfffff
30813,880d9dc605fffff
30814,880d9d444dfffff
30815,880d99b805fffff
30816,880d9d4f4bfffff
30817,880d9db5b7fffff
30818,880d9999abfffff
30819,880d998eb5fffff
30820,880d8342a7fffff
30821,880d9caf59fffff
30822,880d83731dfffff
30823,880d998d45fffff
30824,880d999ab7fffff
30825,880d9c26cbfffff
30826,880d8309ebfffff
30827,880d837899fffff
30828,880d9d41b7fffff
30829,880d9d7997fffff
30830,880d998187fffff
30831,880d8a7835fffff
30832,880d99951bfffff
30833,880d8a8a07fffff
30834,880d8a4629fffff
30835,880d99a263fffff
30836,880d9ca485fffff
30837,880d9d6a61fffff
30838,880d822cd1fffff
30839,880d8a0b3dfffff
30840,880d9d3081fffff
30841,880d834087fffff
30842,880d9dcdadfffff
30843,880d8a4abdfffff
30844,880d9d25e1fffff
30845,880d8a0e41fffff
30846,880d9c2059fffff
30847,880d8a79c5fffff
30848,880d9d4491fffff
30849,880d835685fffff
30850,880d830981fffff
30851,880d9d401dfffff
30852,880d83cd4dfffff
30853,880d99320bfffff
30854,880d834189fffff
30855,880d9d6ed5fffff
30856,880d834861fffff
30857,880d8a5a19fffff
30858,880d9ca563fffff
30859,880d99a123fffff
30860,880d8a4b4bfffff
30861,880d9d2a67fffff
30862,880d9dcc91fffff
30863,880d991481fffff
30864,880d8360a9fffff
30865,880d83c821fffff
30866,880d8a02adfffff
30867,880d9d0209fffff
30868,880d8a79e9fffff
30869,880d9994d7fffff
30870,880d9d4031fffff
30871,880d9dc635fffff
30872,880d9db0a9fffff
30873,880d9daae5fffff
30874,880d99bb23fffff
30875,880d9dc8c7fffff
30876,880d8a731dfffff
30877,880d8ac291fffff
30878,880d9d6255fffff
30879,880d8ac8a1fffff
30880,880d834f31fffff
30881,880d9ca667fffff
30882,880d998683fffff
30883,880ca4d849fffff
30884,880d83cc83fffff
30885,880d8358c3fffff
30886,880d9dd895fffff
30887,880d9d74bbfffff
30888,880d9d0269fffff
30889,880d9d573bfffff
30890,880d8a56d3fffff
30891,880d8341ddfffff
30892,880d9cb623fffff
30893,880d8a4339fffff
30894,880d9db35bfffff
30895,880d9d7841fffff
30896,880d83431bfffff
30897,880d9dc601fffff
30898,880ca4d757fffff
30899,880ca4d105fffff
30900,880d838d8dfffff
30901,880d836a5bfffff
30902,880d999291fffff
30903,880d8a4e27fffff
30904,880d8345c3fffff
30905,880d8e5825fffff
30906,880d8a623dfffff
30907,880d9d4525fffff
30908,880d9d2589fffff
30909,880d9d0e2dfffff
30910,880d9dd425fffff
30911,880ca4d167fffff
30912,880d9d5659fffff
30913,880d9dd91bfffff
30914,880d9d793bfffff
30915,880d9d3167fffff
30916,880d998eddfffff
30917,880d83c083fffff
30918,880d9ca231fffff
30919,880d9dc721fffff
30920,880d9d7433fffff
30921,880d8360ebfffff
30922,880d8a7243fffff
30923,880d9d315dfffff
30924,880d9d780bfffff
30925,880d9d4c55fffff
30926,880d837aa3fffff
30927,880d9daf39fffff
30928,880d8a018dfffff
30929,880d9d5459fffff
30930,880d83466bfffff
30931,880d834a95fffff
30932,880d830f05fffff
30933,880d9ca51bfffff
30934,880d830f59fffff
30935,880d9d3721fffff
30936,880d83c5a3fffff
30937,880d9d6d4dfffff
30938,880d8358bdfffff
30939,880d998e55fffff
30940,880d8a1569fffff
30941,880d9d330dfffff
30942,880d99b651fffff
30943,880d9916bbfffff
30944,880d8340ebfffff
30945,880d998517fffff
30946,880d99a09bfffff
30947,880d9d4085fffff
30948,880d8a1b63fffff
30949,880d9d0a69fffff
30950,880d835229fffff
30951,880d835a95fffff
30952,880ca4d8c5fffff
30953,880d9dcd1dfffff
30954,880d9c260bfffff
30955,880d83111bfffff
30956,880d8e4b6dfffff
30957,880d83430dfffff
30958,880d9ca287fffff
30959,880d830885fffff
30960,880d9d870dfffff
30961,880d99aa4dfffff
30962,880d8a50d5fffff
30963,880d8a5169fffff
30964,880d8ac50dfffff
30965,880d9d0b4bfffff
30966,880d98b625fffff
30967,880d9d6b3dfffff
30968,880d99a88dfffff
30969,880d9cb6ebfffff
30970,880d9d16a7fffff
30971,880d9d1169fffff
30972,880d8a1257fffff
30973,880d99ae1bfffff
30974,880d9d2f17fffff
30975,880d9d388dfffff
30976,880d9d79ebfffff
30977,880d9dd6b3fffff
30978,880d999257fffff
30979,880d9d4095fffff
30980,880d9d6163fffff
30981,880d9d25ebfffff
30982,880d999865fffff
30983,880d8ac721fffff
30984,880d8a41e7fffff
30985,880d9d6e57fffff
30986,880d9cb467fffff
30987,880d9d6331fffff
30988,880d836a4bfffff
30989,880d831aa3fffff
30990,880d9dae01fffff
30991,880d8a4889fffff
30992,880d999a0bfffff
30993,880d83493bfffff
30994,880d83ccabfffff
30995,880d9d536bfffff
30996,880d998c9dfffff
30997,880d8a5991fffff
30998,880d9d4ebbfffff
30999,880d8a4119fffff
31000,880d9d11b3fffff
31001,880d9d8db7fffff
31002,880d830067fffff
31003,880d9dc0abfffff
31004,880d9cad81fffff
31005,880d99b2abfffff
31006,880d830367fffff
31007,880d9d6339fffff
31008,880d9d39d7fffff
31009,880d8acc93fffff
31010,880d9994ddfffff
31011,880d9d3549fffff
31012,880d9d6e05fffff
31013,880d9d2d21fffff
31014,880d9d3b1dfffff
31015,880d9985a7fffff
31016,880d9d2a5bfffff
31017,880d999855fffff
31018,880d9d370bfffff
31019,880d83ce67fffff
31020,880d8a7503fffff
31021,880d8acec9fffff
31022,880d99b0b5fffff
31023,880d9db8d1fffff
31024,880d8ac531fffff
31025,880d99991bfffff
31026,880d8a10a7fffff
31027,880d8a5429fffff
31028,880d999351fffff
31029,880d8accb3fffff
31030,880d8a74c9fffff
31031,880d9dc5b9fffff
31032,880d9d7139fffff
31033,880d9d8947fffff
31034,880d8ac885fffff
31035,880d9dd2ebfffff
31036,880d9d82bbfffff
31037,880d830945fffff
31038,880d9d1717fffff
31039,880d8a5addfffff
31040,880d8342d7fffff
31041,880d838811fffff
31042,880d8a59d9fffff
31043,880d9d0e59fffff
31044,880d8a6dddfffff
31045,880d9dd65bfffff
31046,880d9dc76dfffff
31047,880d9dca87fffff
31048,880d8a6c25fffff
31049,880d9d0ca1fffff
31050,880d8a6005fffff
31051,880ca4d689fffff
31052,880d9d6b03fffff
31053,880d8a8921fffff
31054,880d9c26b9fffff
31055,880d9d210dfffff
31056,880d8a0313fffff
31057,880d8a00edfffff
31058,880d9d78a5fffff
31059,880d999469fffff
31060,880d993247fffff
31061,880d8a4a65fffff
31062,880d9cb349fffff
31063,880d9dd045fffff
31064,880d837953fffff
31065,880d9d69b3fffff
31066,880d8389a1fffff
31067,880d9dd943fffff
31068,880d9ddaabfffff
31069,880d99b1e9fffff
31070,880d9981cbfffff
31071,880d9db30bfffff
31072,880d8a79c3fffff
31073,880d9dba17fffff
31074,880d9d4e8dfffff
31075,880d9cadedfffff
31076,880d99b5e5fffff
31077,880d998ce5fffff
31078,880d98b703fffff
31079,880d9c94a5fffff
31080,880d9d2a35fffff
31081,880d836b69fffff
31082,880d9d8661fffff
31083,880d9d2435fffff
31084,880d8a4713fffff
31085,880d9dc369fffff
31086,880d8a1847fffff
31087,880d99b01dfffff
31088,880d8388d1fffff
31089,880d99af0dfffff
31090,880d9d2f29fffff
31091,880d9da325fffff
31092,880d9da9bbfffff
31093,880d9cb2b3fffff
31094,880d9c346dfffff
31095,880d83701dfffff
31096,880d8ac407fffff
31097,880d9da90bfffff
31098,880d9d1809fffff
31099,880d830889fffff
31100,880d9db359fffff
31101,880d9d5283fffff
31102,880d8370e5fffff
31103,880d9d0801fffff
31104,880d8a8835fffff
31105,880d9db0a5fffff
31106,880d9d56edfffff
31107,880d9d5329fffff
31108,880d9d198dfffff
31109,880d9d86d5fffff
31110,880d9c26d3fffff
31111,880d830041fffff
31112,880d9caeedfffff
31113,880d8a7b05fffff
31114,880d9d0c41fffff
31115,880d99b813fffff
31116,880d9999a7fffff
31117,880d9d4c9bfffff
31118,880d99a4adfffff
31119,880d8a6c31fffff
31120,880d9c26c7fffff
31121,880d83595dfffff
31122,880d835101fffff
31123,880d8a8b15fffff
31124,880d9d3b23fffff
31125,880d9d0acbfffff
31126,880d99d653fffff
31127,880d8a75d5fffff
31128,880d9c269bfffff
31129,880d9ca75bfffff
31130,880d9d3a49fffff
31131,880d8a54e5fffff
31132,880d99a0bdfffff
31133,880d8a09b7fffff
31134,880d9d94a1fffff
31135,880d9d38d5fffff
31136,880d9ca2bdfffff
31137,880d9d7a0dfffff
31138,880d9dd523fffff
31139,880d99b291fffff
31140,880d9d1ac3fffff
31141,880d9d2553fffff
31142,880d822d47fffff
31143,880d9d386dfffff
31144,880d830b07fffff
31145,880d8a7949fffff
31146,880d8a4535fffff
31147,880d8371c1fffff
31148,880d83cce9fffff
31149,880d830c47fffff
31150,880d9d45d5fffff
31151,880d8a7711fffff
31152,880d999245fffff
31153,880d9d4c33fffff
31154,880d9d7445fffff
31155,880d8a11b1fffff
31156,880d9d724bfffff
31157,880d836dd7fffff
31158,880d98b5d5fffff
31159,880d834a2dfffff
31160,880d9d022dfffff
31161,880d9d3349fffff
31162,880d998d95fffff
31163,880d8224d7fffff
31164,880d99833dfffff
31165,880d8a1013fffff
31166,880d9c36a1fffff
31167,880d9dd037fffff
31168,880d9daaedfffff
31169,880d9dba99fffff
31170,880d9dcf63fffff
31171,880d9d3515fffff
31172,880d9d071dfffff
31173,880d8ac09bfffff
31174,880d8ad5adfffff
31175,880d9cb763fffff
31176,880d9d6723fffff
31177,880d8a5543fffff
31178,880d8a741dfffff
31179,880d9d3b49fffff
31180,880d9d0d31fffff
31181,880d9d7a07fffff
31182,880d98b6d3fffff
31183,880d9daab1fffff
31184,880d9d29d7fffff
31185,880d831b35fffff
31186,880d9d694bfffff
31187,880ca4d665fffff
31188,880d834435fffff
31189,880d9d6ed1fffff
31190,880d9d86b9fffff
31191,880d8a6ce5fffff
31192,880d99a0e3fffff
31193,880d9da8b5fffff
31194,880d9d0b61fffff
31195,880d9d4707fffff
31196,880d8a19b1fffff
31197,880d83c8dbfffff
31198,880d9d0f55fffff
31199,880d8379b3fffff
31200,880d83703bfffff
31201,880ca4d01bfffff
31202,880d9d72abfffff
31203,880d9d705bfffff
31204,880d9d526dfffff
31205,880d8a6b0bfffff
31206,880d8a4c2bfffff
31207,880d99b537fffff
31208,880d998f63fffff
31209,880d8a4723fffff
31210,880d9d6225fffff
31211,880d9dc54bfffff
31212,880d9d8739fffff
31213,880d8a49d9fffff
31214,880d8a0915fffff
31215,880d998ae7fffff
31216,880d8ad9e9fffff
31217,880d9d19d9fffff
31218,880d9dd315fffff
31219,880d8358a9fffff
31220,880d8a565bfffff
31221,880d8a1a31fffff
31222,880d8a0827fffff
31223,880d8accd7fffff
31224,880d8361c9fffff
31225,880d8a4a59fffff
31226,880d8a1a9bfffff
31227,880d9cb58bfffff
31228,880d9d6f4dfffff
31229,880d999285fffff
31230,880d9daa21fffff
31231,880d83c9d5fffff
31232,880d83511bfffff
31233,880d9d55e9fffff
31234,880d835117fffff
31235,880d8a46dbfffff
31236,880d83c989fffff
31237,880d835601fffff
31238,880d9d2e3dfffff
31239,880d837111fffff
31240,880d8a0857fffff
31241,880d8a526bfffff
31242,880d8e582bfffff
31243,880d9c34c7fffff
31244,880d9dd5cbfffff
31245,880d99a433fffff
31246,880d9dac5dfffff
31247,880d8340e9fffff
31248,880d9d36e1fffff
31249,880d9998adfffff
31250,880d8a6c33fffff
31251,880d8a68c7fffff
31252,880d998e01fffff
31253,880d8a7201fffff
31254,880d9d723dfffff
31255,880d8e5911fffff
31256,880d837333fffff
31257,880d9dcb2dfffff
31258,880d9c3645fffff
31259,880d9d332bfffff
31260,880d8a50d3fffff
31261,880d8e491dfffff
31262,880d8a8aa5fffff
31263,880d834d2dfffff
31264,880d9d6669fffff
31265,880d8a0f67fffff
31266,880d9dd8abfffff
31267,880d836147fffff
31268,880d83c8cbfffff
31269,880d9dd04bfffff
31270,880d822c8dfffff
31271,880d99ae41fffff
31272,880d9c3697fffff
31273,880d9cb421fffff
31274,880d9db5a3fffff
31275,880d9dccc5fffff
31276,880d9d31e9fffff
31277,880d98b707fffff
31278,880d9d3981fffff
31279,880d9d4e1bfffff
31280,880d8a6e41fffff
31281,880d9d642dfffff
31282,880d8acc07fffff
31283,880d9d2295fffff
31284,880d9d1363fffff
31285,880d8389bdfffff
31286,880d9d1561fffff
31287,880d8aced7fffff
31288,880d9dc0a1fffff
31289,880d8a574dfffff
31290,880d836345fffff
31291,880d9dda83fffff
31292,880d9daa51fffff
31293,880d9da223fffff
31294,880d991497fffff
31295,880d9d7019fffff
31296,880d9d1a45fffff
31297,880d8a75c3fffff
31298,880d83405dfffff
31299,880d8a6dd5fffff
31300,880d8a5229fffff
31301,880d834c2bfffff
31302,880d83cddbfffff
31303,880d9986d5fffff
31304,880d9dce9dfffff
31305,880d837b69fffff
31306,880d9d3651fffff
31307,880d9d9611fffff
31308,880d9c9481fffff
31309,880d9c358dfffff
31310,880d830993fffff
31311,880d9d84b7fffff
31312,880d8a6f4bfffff
31313,880d9d0263fffff
31314,880d9dd40bfffff
31315,880d837aedfffff
31316,880d8341a7fffff
31317,880d8ac4b1fffff
31318,880d998161fffff
31319,880d8a0863fffff
31320,880d9d4723fffff
31321,880d9d7115fffff
31322,880d9d4e55fffff
31323,880d835991fffff
31324,880d8a1b2bfffff
31325,880d9d46a9fffff
31326,880d8a0d43fffff
31327,880d99d31bfffff
31328,880d9d7a39fffff
31329,880d831b0bfffff
31330,880d9d093dfffff
31331,880d8a4b39fffff
31332,880d83484bfffff
31333,880d9dcf49fffff
31334,880d9dc0a3fffff
31335,880d8e49ebfffff
31336,880d8a4363fffff
31337,880d9cb2d5fffff
31338,880d9dd82dfffff
31339,880d9dc827fffff
31340,880d9dca45fffff
31341,880d9d6295fffff
31342,880d9db1d7fffff
31343,880d99aaa5fffff
31344,880d9d60b7fffff
31345,880d8a619bfffff
31346,880d9cacd9fffff
31347,880d9d78a9fffff
31348,880d9dc2a5fffff
31349,880d9d7b1dfffff
31350,880d99ab59fffff
31351,880d99a81bfffff
31352,880d9dd83dfffff
31353,880d9d658bfffff
31354,880d9ca665fffff
31355,880d9dcdd9fffff
31356,880d9d5217fffff
31357,880d99b83dfffff
31358,880d9d1567fffff
31359,880d9d7b67fffff
31360,880d98b69bfffff
31361,880d9d6905fffff
31362,880d8a02a3fffff
31363,880d9d36c1fffff
31364,880d9d05e7fffff
31365,880d830b65fffff
31366,880d8a58edfffff
31367,880d9d66d9fffff
31368,880d9da757fffff
31369,880d8378d5fffff
31370,880d9db821fffff
31371,880d8ac65bfffff
31372,880d9cb2c5fffff
31373,880d835935fffff
31374,880d8a5a13fffff
31375,880d8a8985fffff
31376,880d9d1497fffff
31377,880d99d34bfffff
31378,880d9d5745fffff
31379,880d99a5edfffff
31380,880d9c96cdfffff
31381,880d8a8b23fffff
31382,880d9cad17fffff
31383,880d8a6b5bfffff
31384,880d9cb4edfffff
31385,880d835711fffff
31386,880d8ac4d9fffff
31387,880d9ca69bfffff
31388,880d9dda35fffff
31389,880d999515fffff
31390,880d8a0e67fffff
31391,880d9d1a9bfffff
31392,880d99b157fffff
31393,880d9dc497fffff
31394,880d8e5869fffff
31395,880d8a02e1fffff
31396,880d836d2bfffff
31397,880d999a03fffff
31398,880d9cb537fffff
31399,880d998cb9fffff
31400,880d8acf4bfffff
31401,880d831937fffff
31402,880d9d08d7fffff
31403,880d99a829fffff
31404,880d8a4ee7fffff
31405,880d99916bfffff
31406,880d9cac11fffff
31407,880d9d7aa1fffff
31408,880d9d3685fffff
31409,880d838e05fffff
31410,880d9c3705fffff
31411,880d98b6cdfffff
31412,880d9dd5d7fffff
31413,880d9dd5d5fffff
31414,880d9d3351fffff
31415,880d99b563fffff
31416,880d8a635bfffff
31417,880d8a410dfffff
31418,880d9d0249fffff
31419,880ca4da61fffff
31420,880d9c948dfffff
31421,880d999939fffff
31422,880d8a7b15fffff
31423,880d999a8bfffff
31424,880d836d09fffff
31425,880d9cb289fffff
31426,880d9dd6b7fffff
31427,880d9dc74dfffff
31428,880d9d16c7fffff
31429,880d8a7701fffff
31430,880d9d32d3fffff
31431,880d8a5549fffff
31432,880d9d52a1fffff
31433,880d9d2645fffff
31434,880d9dd165fffff
31435,880d9d1555fffff
31436,880d8a4cd3fffff
31437,880d9dca43fffff
31438,880d8a0119fffff
31439,880d9dc9b3fffff
31440,880d836155fffff
31441,880d831289fffff
31442,880d9d3053fffff
31443,880d8acd9dfffff
31444,880d99aab9fffff
31445,880d9d56cbfffff
31446,880d9daecdfffff
31447,880d9d0a89fffff
31448,880d9dd1abfffff
31449,880d834e17fffff
31450,880d8a08d3fffff
31451,880d9d0b43fffff
31452,880d835109fffff
31453,880d831805fffff
31454,880d9d4483fffff
31455,880d9d2cabfffff
31456,880d8344bbfffff
31457,880d9dcd2dfffff
31458,880d831a1dfffff
31459,880d8a6d95fffff
31460,880d835287fffff
31461,880d83cf6bfffff
31462,880d9cadb5fffff
31463,880d9dd809fffff
31464,880d99a989fffff
31465,880d8a694dfffff
31466,880d9dcb25fffff
31467,880d9c344dfffff
31468,880d9d3ac7fffff
31469,880d9c274dfffff
31470,880d9d3369fffff
31471,880d8a790bfffff
31472,880d837837fffff
31473,880d99b641fffff
31474,880d834a33fffff
31475,880d8e5951fffff
31476,880d8ac64dfffff
31477,880d993619fffff
31478,880d8308ebfffff
31479,880d99b1ddfffff
31480,880d8e5a07fffff
31481,880d8a6995fffff
31482,880d9d2c89fffff
31483,880d9d0349fffff
31484,880d9dd059fffff
31485,880d830c15fffff
31486,880d8311a5fffff
31487,880d9c369dfffff
31488,880d8a5103fffff
31489,880d8a5323fffff
31490,880d9d74b7fffff
31491,880d8a6889fffff
31492,880d999101fffff
31493,880d835219fffff
31494,880d99b431fffff
31495,880d8a6193fffff
31496,880d9d9595fffff
31497,880d9d35b9fffff
31498,880d9d320bfffff
31499,880d8351abfffff
31500,880d9d941dfffff
31501,880d8a5363fffff
31502,880d8a4e4dfffff
31503,880d834a49fffff
31504,880d9dd645fffff
31505,880d9da707fffff
31506,880d99921bfffff
31507,880d8a4495fffff
31508,880d822c29fffff
31509,880d9d2e81fffff
31510,880d9d46d1fffff
31511,880d99a99bfffff
31512,880d99ba3bfffff
31513,880d9d52b3fffff
31514,880d830a35fffff
31515,880d9da209fffff
31516,880d9d4ecbfffff
31517,880d831549fffff
31518,880ca4d739fffff
31519,880d9daebdfffff
31520,880d9d71d9fffff
31521,880d99d251fffff
31522,880d8a70abfffff
31523,880d8a5159fffff
31524,880d99b631fffff
31525,880d9d8b2dfffff
31526,880d9da0cdfffff
31527,880d9d6e49fffff
31528,880d8a49b7fffff
31529,880d9d3a69fffff
31530,880d999033fffff
31531,880d998b09fffff
31532,880d9cad8dfffff
31533,880d9dd029fffff
31534,880d8a4ec1fffff
31535,880d9999d7fffff
31536,880d9d7555fffff
31537,880d9db18dfffff
31538,880d8e59b5fffff
31539,880d9d418bfffff
31540,880d9d754bfffff
31541,880d9ca765fffff
31542,880d8a006dfffff
31543,880d998713fffff
31544,880d8a6351fffff
31545,880d9dda1bfffff
31546,880d9cac91fffff
31547,880d8a56d1fffff
31548,880d83c139fffff
31549,880d8a5825fffff
31550,880d9d9691fffff
31551,880d8a0f07fffff
31552,880d9ca561fffff
31553,880d9d20e5fffff
31554,880d836da7fffff
31555,880d838d5bfffff
31556,880d9d0459fffff
31557,880d9d7b15fffff
31558,880d9daa97fffff
31559,880d83400bfffff
31560,880ca4d8a9fffff
31561,880d991681fffff
31562,880d83cdd7fffff
31563,880d9d2585fffff
31564,880d9d2a6dfffff
31565,880d83035bfffff
31566,880d9d5249fffff
31567,880d9d41a9fffff
31568,880ca4d053fffff
31569,880d8e592bfffff
31570,880d9986e3fffff
31571,880d9d65abfffff
31572,880d99b4b5fffff
31573,880d8351ebfffff
31574,880d99b2adfffff
31575,880d8a124dfffff
31576,880d9db139fffff
31577,880d9d0583fffff
31578,880d99aa0dfffff
31579,880d8a5047fffff
31580,880d83c99bfffff
31581,880d831341fffff
31582,880d9da2dbfffff
31583,880d98b48dfffff
31584,880d9ca41bfffff
31585,880d9d96a3fffff
31586,880d9d111dfffff
31587,880d9dd621fffff
31588,880d9cb607fffff
31589,880d9d330bfffff
31590,880ca4d151fffff
31591,880d9d8091fffff
31592,880d834419fffff
31593,880d9d1ae1fffff
31594,880d835587fffff
31595,880d8a5309fffff
31596,880d8a111dfffff
31597,880d9caf37fffff
31598,880d9d16a1fffff
31599,880d99d2dbfffff
31600,880d9d259bfffff
31601,880d9cb057fffff
31602,880d9d2143fffff
31603,880d98a681fffff
31604,880d9d3413fffff
31605,880d8a7a23fffff
31606,880d9dc203fffff
31607,880d999685fffff
31608,880d9d2093fffff
31609,880d9c2451fffff
31610,880ca4d165fffff
31611,880d830a29fffff
31612,880d8a5305fffff
31613,880d9ca565fffff
31614,880d9d6f57fffff
31615,880d9d346bfffff
31616,880d834919fffff
31617,880d8351e1fffff
31618,880d8319b9fffff
31619,880d9d6707fffff
31620,880ca4d939fffff
31621,880d9d4531fffff
31622,880d9dd497fffff
31623,880d9dd6e1fffff
31624,880d8a5ac3fffff
31625,880d8312abfffff
31626,880d83c423fffff
31627,880d9d25d9fffff
31628,880ca4dad1fffff
31629,880d999225fffff
31630,880d8a7a37fffff
31631,880d9d3645fffff
31632,880d9c95d9fffff
31633,880d9dc149fffff
31634,880d9db89bfffff
31635,880d9db049fffff
31636,880d834769fffff
31637,880d8a8115fffff
31638,880d8a19d7fffff
31639,880d998c39fffff
31640,880d998c33fffff
31641,880d9984dbfffff
31642,880d9d3ac1fffff
31643,880d830a37fffff
31644,880d99a02dfffff
31645,880d999127fffff
31646,880d8388b3fffff
31647,880d9996c7fffff
31648,880d9da2b7fffff
31649,880d8a0227fffff
31650,880d99915dfffff
31651,880d9d72e3fffff
31652,880d9d4721fffff
31653,880d9dcf1bfffff
31654,880d9da067fffff
31655,880d830825fffff
31656,880d8ac421fffff
31657,880d8a8f67fffff
31658,880d9d50e3fffff
31659,880d99a41dfffff
31660,880d99b827fffff
31661,880d8a46ebfffff
31662,880d8352b7fffff
31663,880d9d2c2dfffff
31664,880d8a4837fffff
31665,880d9d3891fffff
31666,880d993257fffff
31667,880d9d2a33fffff
31668,880d9d0ab1fffff
31669,880d83793dfffff
31670,880d8a0b69fffff
31671,880d9d18cdfffff
31672,880d8acca7fffff
31673,880d83553dfffff
31674,880d9d7003fffff
31675,880d9d8657fffff
31676,880d831009fffff
31677,880d8a44e7fffff
31678,880d8a1a57fffff
31679,880d8a56a3fffff
31680,880d99d283fffff
31681,880d8a4e29fffff
31682,880d9cb731fffff
31683,880d9c2705fffff
31684,880d836dc3fffff
31685,880d9d29cdfffff
31686,880d9d422dfffff
31687,880ca4d121fffff
31688,880d8a4d1dfffff
31689,880d9d7701fffff
31690,880d9d7449fffff
31691,880d8a1941fffff
31692,880d830a97fffff
31693,880d9d1661fffff
31694,880d98a6d5fffff
31695,880d9d0c1dfffff
31696,880d998549fffff
31697,880d8e4949fffff
31698,880d99b317fffff
31699,880d8a10a5fffff
31700,880d8a0805fffff
31701,880d8a7723fffff
31702,880d9d2095fffff
31703,880d835925fffff
31704,880d835853fffff
31705,880d99a9c7fffff
31706,880d9ddb33fffff
31707,880d8359a1fffff
31708,880d9d3559fffff
31709,880d9da0b3fffff
31710,880d99d65bfffff
31711,880d9cb26dfffff
31712,880d8ac485fffff
31713,880d9dc005fffff
31714,880d9dd74bfffff
31715,880d9daaebfffff
31716,880d8a52c5fffff
31717,880d834887fffff
31718,880d9d5003fffff
31719,880d9d75b9fffff
31720,880d9d299bfffff
31721,880d8a1aa1fffff
31722,880d83c85bfffff
31723,880d9d60ebfffff
31724,880d9ddae3fffff
31725,880d8a0b59fffff
31726,880d9dd8d9fffff
31727,880d9d6b53fffff
31728,880d99d609fffff
31729,880d99a8bbfffff
31730,880d8a898dfffff
31731,880d8a18abfffff
31732,880d9da02bfffff
31733,880d99889bfffff
31734,880d9ca0a5fffff
31735,880d837357fffff
31736,880d9d0201fffff
31737,880d9d4cc1fffff
31738,880d8a549dfffff
31739,880d9c96ddfffff
31740,880d9d0169fffff
31741,880d834315fffff
31742,880d9d4ec5fffff
31743,880d9dc835fffff
31744,880d8a1a03fffff
31745,880d9dd4b9fffff
31746,880d9d1637fffff
31747,880d834409fffff
31748,880d834049fffff
31749,880d837221fffff
31750,880d834e05fffff
31751,880d9dce47fffff
31752,880d8ac699fffff
31753,880d9d233dfffff
31754,880ca4d1e3fffff
31755,880d8a5805fffff
31756,880d8a4155fffff
31757,880d9d366dfffff
31758,880d8a4209fffff
31759,880d9dd1b7fffff
31760,880d9d4d11fffff
31761,880d9ca731fffff
31762,880d9d1181fffff
31763,880d822e8dfffff
31764,880d834da9fffff
31765,880d9d68d1fffff
31766,880d835b45fffff
31767,880d83ce11fffff
31768,880d9dd0d5fffff
31769,880d830c57fffff
31770,880d99b727fffff
31771,880d9dd98bfffff
31772,880d8ac6c3fffff
31773,880d991609fffff
31774,880d9992a7fffff
31775,880d99a51bfffff
31776,880d8a4a19fffff
31777,880d9dae2dfffff
31778,880d9d4509fffff
31779,880d8349b3fffff
31780,880ca4d9e3fffff
31781,880d9d55c1fffff
31782,880d836005fffff
31783,880d9d2347fffff
31784,880ca4d9adfffff
31785,880d9dd31dfffff
31786,880d8e5863fffff
31787,880d9d4507fffff
31788,880d8a18c1fffff
31789,880d9da953fffff
31790,880d99b131fffff
31791,880d9d729bfffff
31792,880d835547fffff
31793,880d9db089fffff
31794,880d9d46edfffff
31795,880d830111fffff
31796,880ca4d25dfffff
31797,880d8ac76dfffff
31798,880d9cb307fffff
31799,880ca4d627fffff
31800,880d8a55bbfffff
31801,880d9da46dfffff
31802,880d9d71e5fffff
31803,880ca4da03fffff
31804,880d8388b7fffff
31805,880d8a8d69fffff
31806,880d998ca5fffff
31807,880d834f03fffff
31808,880d8a6985fffff
31809,880d83406dfffff
31810,880d9dd151fffff
31811,880d83035dfffff
31812,880d834dbbfffff
31813,880d9d65b9fffff
31814,880d99a861fffff
31815,880d8a5b65fffff
31816,880d9ddb69fffff
31817,880d8a4f53fffff
31818,880d998b31fffff
31819,880d99b35bfffff
31820,880d9d54b5fffff
31821,880d9dd855fffff
31822,880d999349fffff
31823,880d998f33fffff
31824,880d8ac733fffff
31825,880d9d152dfffff
31826,880d830a09fffff
31827,880d836c85fffff
31828,880d99852bfffff
31829,880d8ac0b3fffff
31830,880d9d6ae1fffff
31831,880d9d1a4bfffff
31832,880d83c131fffff
31833,880d9d6aa9fffff
31834,880d999925fffff
31835,880d99acd1fffff
31836,880d9d3a6dfffff
31837,880d9d29c9fffff
31838,880d9dc935fffff
31839,880d9d3083fffff
31840,880d8e5985fffff
31841,880d835029fffff
31842,880d8318b7fffff
31843,880ca4d86dfffff
31844,880d9d203bfffff
31845,880d8350a9fffff
31846,880d99a26bfffff
31847,880d8368cbfffff
31848,880d8ac665fffff
31849,880d8a521bfffff
31850,880d8e4965fffff
31851,880d9d5addfffff
31852,880d9d3367fffff
31853,880d9dab17fffff
31854,880d9d8cd7fffff
31855,880d99ad35fffff
31856,880d9d15e3fffff
31857,880d9d2b23fffff
31858,880d835821fffff
31859,880d8acec3fffff
31860,880d8a00bbfffff
31861,880d830e55fffff
31862,880d999019fffff
31863,880d837857fffff
31864,880d8a756bfffff
31865,880d9cb2bdfffff
31866,880d9d2455fffff
31867,880d83440dfffff
31868,880d9d0a61fffff
31869,880d99ab2dfffff
31870,880ca4d747fffff
31871,880d9d01e5fffff
31872,880d83cec7fffff
31873,880d99a6a9fffff
31874,880d838c35fffff
31875,880d9998d7fffff
31876,880d9cb343fffff
31877,880d8acc97fffff
31878,880d9d0615fffff
31879,880d9d8663fffff
31880,880d98b543fffff
31881,880d9da0d9fffff
31882,880d8ac8b7fffff
31883,880d9dc2c3fffff
31884,880d9d0811fffff
31885,880d9dc565fffff
31886,880d9ca6e7fffff
31887,880d9d1a33fffff
31888,880d83cd33fffff
31889,880d9d8749fffff
31890,880d83081bfffff
31891,880d9d1815fffff
31892,880d9dc9b9fffff
31893,880d9999e7fffff
31894,880d9d94e9fffff
31895,880d9dc667fffff
31896,880d99ad3dfffff
31897,880d836f6dfffff
31898,880d9c9483fffff
31899,880d8acc8dfffff
31900,880d9d0699fffff
31901,880d8a55ddfffff
31902,880d837249fffff
31903,880d8a61a5fffff
31904,880d9c2205fffff
31905,880d8340a7fffff
31906,880d9d9433fffff
31907,880d831969fffff
31908,880d835189fffff
31909,880d99a465fffff
31910,880d99a423fffff
31911,880d9dd9d7fffff
31912,880d9d7b4bfffff
31913,880d8a0f35fffff
31914,880d9d68edfffff
31915,880d834567fffff
31916,880d8a1a29fffff
31917,880d9dc6bdfffff
31918,880d8a784dfffff
31919,880d9d1403fffff
31920,880d838991fffff
31921,880d8a743dfffff
31922,880d9d3205fffff
31923,880d9d2a0bfffff
31924,880d98b0cbfffff
31925,880d8ac405fffff
31926,880d98b29bfffff
31927,880d8a4d0dfffff
31928,880d9dc885fffff
31929,880d834e49fffff
31930,880d9984c9fffff
31931,880d9984a7fffff
31932,880d8a6a13fffff
31933,880ca4d815fffff
31934,880d9d2c43fffff
31935,880d9dd983fffff
31936,880d9d2db1fffff
31937,880d8a0a23fffff
31938,880d8a0b41fffff
31939,880d9d6827fffff
31940,880d999153fffff
31941,880ca4c345fffff
31942,880d9d456bfffff
31943,880d9cb305fffff
31944,880d831a11fffff
31945,880d9d6663fffff
31946,880d8372c1fffff
31947,880d9db801fffff
31948,880d9d3317fffff
31949,880d8a88edfffff
31950,880d9985a5fffff
31951,880d9d42cbfffff
31952,880d998ccbfffff
31953,880d8a5529fffff
31954,880d9d2145fffff
31955,880d8a09cbfffff
31956,880d9c9413fffff
31957,880d9d09d5fffff
31958,880d8a420bfffff
31959,880d8a515bfffff
31960,880d9d6b3bfffff
31961,880d9d95ddfffff
31962,880d99a653fffff
31963,880ca4d801fffff
31964,880d998e39fffff
31965,880d9ca4a9fffff
31966,880d9dab05fffff
31967,880d9d75e9fffff
31968,880d9cb301fffff
31969,880d9d1951fffff
31970,880d8a605dfffff
31971,880d8a4981fffff
31972,880d99a2abfffff
31973,880d8a4db3fffff
31974,880d9d6841fffff
31975,880d8379abfffff
31976,880d9d2621fffff
31977,880d83cdc5fffff
31978,880d8a5745fffff
31979,880d83c891fffff
31980,880d9d75adfffff
31981,880d9d145bfffff
31982,880d8389c9fffff
31983,880d9c266dfffff
31984,880d8a42e5fffff
31985,880d8a1189fffff
31986,880d83c801fffff
31987,880d9d0015fffff
31988,880d8a6ca9fffff
31989,880d8a464bfffff
31990,880d9d2285fffff
31991,880d9dca31fffff
31992,880d83c721fffff
31993,880d9d3099fffff
31994,880ca4d33bfffff
31995,880d9d265dfffff
31996,880d9c26adfffff
31997,880d9d7a9bfffff
31998,880d9ca1d1fffff
31999,880d8a5b01fffff
32000,880d9d5437fffff
32001,880d8a1a47fffff
32002,880d8a58d9fffff
32003,880d8a0031fffff
32004,880d9c3415fffff
32005,880d8a121dfffff
32006,880d9dc357fffff
32007,880d9dac55fffff
32008,880d9d0523fffff
32009,880d9dca6bfffff
32010,880d8ad4e3fffff
32011,880d9ddb47fffff
32012,880d9d0331fffff
32013,880d9d46c1fffff
32014,880d9d70d9fffff
32015,880d836965fffff
32016,880d99d2a5fffff
32017,880d9d20a3fffff
32018,880d8388ebfffff
32019,880d99ab63fffff
32020,880d999309fffff
32021,880ca4d253fffff
32022,880d83cd43fffff
32023,880d9d2cb5fffff
32024,880d9d29abfffff
32025,880d8ac593fffff
32026,880d9dc097fffff
32027,880d9d16b5fffff
32028,880d9d6a49fffff
32029,880d9dba23fffff
32030,880d8346c9fffff
32031,880d8a1a53fffff
32032,880d9d601dfffff
32033,880d8a54d1fffff
32034,880d9dc9dbfffff
32035,880d834537fffff
32036,880d83cde9fffff
32037,880d9d400bfffff
32038,880d99b761fffff
32039,880d83612bfffff
32040,880d9d600bfffff
32041,880d99a619fffff
32042,880d9dcb03fffff
32043,880d9d7309fffff
32044,880d9c34a3fffff
32045,880d99825dfffff
32046,880d822eadfffff
32047,880d836a9bfffff
32048,880d998245fffff
32049,880d8351b1fffff
32050,880d822d8bfffff
32051,880d835809fffff
32052,880d822cddfffff
32053,880ca4d72dfffff
32054,880d836c6bfffff
32055,880d99a965fffff
32056,880d9d2a21fffff
32057,880d9d71a3fffff
32058,880d9db345fffff
32059,880d9db517fffff
32060,880d838c4dfffff
32061,880d9da919fffff
32062,880d8a0d6dfffff
32063,880d8a4253fffff
32064,880d9dc61dfffff
32065,880d9d0539fffff
32066,880d9ca4bdfffff
32067,880d9c2225fffff
32068,880d999405fffff
32069,880d99d2abfffff
32070,880d9dd265fffff
32071,880d9d4191fffff
32072,880d836085fffff
32073,880d8a1a3bfffff
32074,880d83c337fffff
32075,880d8a0083fffff
32076,880d8a008bfffff
32077,880d835591fffff
32078,880d8a4435fffff
32079,880d835989fffff
32080,880d831a89fffff
32081,880d8e4b05fffff
32082,880d9991b9fffff
32083,880d83ca33fffff
32084,880d83cf49fffff
32085,880d9d36adfffff
32086,880d8a4eebfffff
32087,880d9d2d93fffff
32088,880d8a5a0dfffff
32089,880d9d25e7fffff
32090,880d99943bfffff
32091,880d837a11fffff
32092,880d8368b7fffff
32093,880d9994cdfffff
32094,880d9da755fffff
32095,880d8a4f25fffff
32096,880d9d6933fffff
32097,880d9d453bfffff
32098,880d9d0829fffff
32099,880d9cb2dbfffff
32100,880d8a69d5fffff
32101,880d822f21fffff
32102,880d9d3a05fffff
32103,880d99b64bfffff
32104,880d9d3a17fffff
32105,880d830223fffff
32106,880d9da9a7fffff
32107,880d822c83fffff
32108,880d9d6263fffff
32109,880d8a056dfffff
32110,880d9d0db5fffff
32111,880d83680bfffff
32112,880d99b909fffff
32113,880d9d2c93fffff
32114,880d9cb1d1fffff
32115,880d9d1535fffff
32116,880ca4dab9fffff
32117,880d9d775bfffff
32118,880d9d86a3fffff
32119,880d998b4bfffff
32120,880d8a19ddfffff
32121,880d83cabbfffff
32122,880d9991c7fffff
32123,880d83616bfffff
32124,880d9ca641fffff
32125,880d838c3bfffff
32126,880d9dad51fffff
32127,880d8a425bfffff
32128,880d9ca035fffff
32129,880d9c3685fffff
32130,880d836035fffff
32131,880d9ca1b7fffff
32132,880d834cb5fffff
32133,880d9d2ad9fffff
32134,880d8a61d5fffff
32135,880d8a7523fffff
32136,880d8a4815fffff
32137,880d8341a3fffff
32138,880d9da551fffff
32139,880d99b311fffff
32140,880d838827fffff
32141,880d8348bbfffff
32142,880d822ea5fffff
32143,880d835b65fffff
32144,880d98b739fffff
32145,880d8acdc1fffff
32146,880d9d0187fffff
32147,880d8a58a1fffff
32148,880d9d9633fffff
32149,880d99b55dfffff
32150,880d9d6f51fffff
32151,880d9d021bfffff
32152,880d998c19fffff
32153,880d8349d5fffff
32154,880d8ac5cbfffff
32155,880d9daa63fffff
32156,880d9dc13dfffff
32157,880d831a93fffff
32158,880d9d555bfffff
32159,880d8345adfffff
32160,880d8356e7fffff
32161,880d999a55fffff
32162,880d836f41fffff
32163,880d8acd05fffff
32164,880d9d09d1fffff
32165,880d8ac569fffff
32166,880ca4d9bbfffff
32167,880d999015fffff
32168,880d9dc687fffff
32169,880d834181fffff
32170,880d8a0761fffff
32171,880d9d6497fffff
32172,880ca4d13bfffff
32173,880d9d002dfffff
32174,880d9cb553fffff
32175,880d998c9bfffff
32176,880ca4d99bfffff
32177,880d9d0967fffff
32178,880d8361a1fffff
32179,880d9dc819fffff
32180,880d9dd205fffff
32181,880d9db02bfffff
32182,880d9d686bfffff
32183,880d8a0a8bfffff
32184,880d8351a9fffff
32185,880d8379e7fffff
32186,880d9d6621fffff
32187,880d9dc1dbfffff
32188,880d9d7909fffff
32189,880d9ca457fffff
32190,880d8a464dfffff
32191,880d9dc345fffff
32192,880d83caa7fffff
32193,880d9caf13fffff
32194,880d998355fffff
32195,880d9d6407fffff
32196,880d99b0abfffff
32197,880d8349c3fffff
32198,880d8a152dfffff
32199,880d8a6893fffff
32200,880d9db99dfffff
32201,880d838dedfffff
32202,880d998d41fffff
32203,880d9d7417fffff
32204,880d8388dbfffff
32205,880d9c35b9fffff
32206,880d8acce1fffff
32207,880d9d6249fffff
32208,880d9cb63dfffff
32209,880d835661fffff
32210,880d9d2e65fffff
32211,880d9d5159fffff
32212,880d9ca4e7fffff
32213,880d9ca0e9fffff
32214,880d9dc955fffff
32215,880d8a4919fffff
32216,880d8a4697fffff
32217,880d99a12dfffff
32218,880d9d7741fffff
32219,880d9d2ca1fffff
32220,880d83c407fffff
32221,880d9c8617fffff
32222,880d9d6897fffff
32223,880d830131fffff
32224,880d8351d1fffff
32225,880d8356c9fffff
32226,880d8ac099fffff
32227,880d9d680bfffff
32228,880d8a74d7fffff
32229,880d9d2569fffff
32230,880d8350bbfffff
32231,880d9d44c1fffff
32232,880d9d515dfffff
32233,880d836c25fffff
32234,880d9d6559fffff
32235,880d9d8963fffff
32236,880d99ae17fffff
32237,880d9db5a1fffff
32238,880d998e4bfffff
32239,880ca4d81bfffff
32240,880d99ac0dfffff
32241,880d9d0e0bfffff
32242,880d836959fffff
32243,880d9cb6abfffff
32244,880ca4da93fffff
32245,880d9d6685fffff
32246,880d8a4367fffff
32247,880d9d72d9fffff
32248,880ca4d8d9fffff
32249,880d8340a3fffff
32250,880d9d2c01fffff
32251,880d8ac5e1fffff
32252,880d83cd25fffff
32253,880d9dc303fffff
32254,880d8a01abfffff
32255,880d9d1653fffff
32256,880d9c2257fffff
32257,880d9d24b9fffff
32258,880d8a11e3fffff
32259,880d993609fffff
32260,880d9d0231fffff
32261,880d8a4037fffff
32262,880d99b44bfffff
32263,880d8a56d5fffff
32264,880d9984d7fffff
32265,880d8a0b67fffff
32266,880d9d19a3fffff
32267,880d9dac5bfffff
32268,880d9d3963fffff
32269,880d9dd08bfffff
32270,880ca4db53fffff
32271,880d8a594bfffff
32272,880d9d14b1fffff
32273,880d9d15edfffff
32274,880d8a54a3fffff
32275,880d8a6811fffff
32276,880d9d5201fffff
32277,880d9dc637fffff
32278,880d830c43fffff
32279,880d9d79cbfffff
32280,880d9d7761fffff
32281,880d998631fffff
32282,880d9d6a93fffff
32283,880d99a469fffff
32284,880d9da185fffff
32285,880d9d6061fffff
32286,880d8a0321fffff
32287,880d8adb53fffff
32288,880d9dd0c5fffff
32289,880d9d520bfffff
32290,880d9d2dc3fffff
32291,880d9d7a0bfffff
32292,880d834eebfffff
32293,880d9dd1adfffff
32294,880d9d2309fffff
32295,880d99b015fffff
32296,880d9995b7fffff
32297,880d99aa2dfffff
32298,880d9d196dfffff
32299,880d9cac8bfffff
32300,880d9cb41dfffff
32301,880d8a0ab3fffff
32302,880d9d2463fffff
32303,880d834593fffff
32304,880d9d0535fffff
32305,880d8344c1fffff
32306,880d9c26d9fffff
32307,880d9d4699fffff
32308,880d9d6265fffff
32309,880d83508dfffff
32310,880d9d20d3fffff
32311,880d9d78b9fffff
32312,880d9d06d1fffff
32313,880d8a453dfffff
32314,880d9995e1fffff
32315,880d9d3859fffff
32316,880d8a1337fffff
32317,880d9d1887fffff
32318,880d9d4099fffff
32319,880d999711fffff
32320,880d8a4e23fffff
32321,880d9dcccbfffff
32322,880d998f25fffff
32323,880d8a1061fffff
32324,880d9da823fffff
32325,880d836f15fffff
32326,880d8a1987fffff
32327,880d8358b1fffff
32328,880d830b5dfffff
32329,880d8a4595fffff
32330,880d9d564bfffff
32331,880d834617fffff
32332,880d9d96a7fffff
32333,880d9d6487fffff
32334,880d9d5183fffff
32335,880d830f15fffff
32336,880d834f5dfffff
32337,880d9ca489fffff
32338,880d9d6549fffff
32339,880d9c272dfffff
32340,880d9d75e7fffff
32341,880d998585fffff
32342,880d9dba95fffff
32343,880d99ad29fffff
32344,880d99bab1fffff
32345,880d8a194dfffff
32346,880d9cb559fffff
32347,880d9d40bdfffff
32348,880d9980d3fffff
32349,880d836e53fffff
32350,880d83548dfffff
32351,880d99b297fffff
32352,880d9da84dfffff
32353,880d831133fffff
32354,880d9dd563fffff
32355,880d836d85fffff
32356,880d9d44a3fffff
32357,880d8a5023fffff
32358,880d9d70c5fffff
32359,880d9d35b7fffff
32360,880d830119fffff
32361,880ca4d951fffff
32362,880d830849fffff
32363,880d9db2a1fffff
32364,880d98b515fffff
32365,880d83010bfffff
32366,880d9d474bfffff
32367,880d8acc03fffff
32368,880d99d231fffff
32369,880d8345e9fffff
32370,880d8342bdfffff
32371,880d8a0911fffff
32372,880d8a1b3dfffff
32373,880d8a883dfffff
32374,880d838e07fffff
32375,880d9d6ccbfffff
32376,880d83c45bfffff
32377,880d8319e3fffff
32378,880d9d752bfffff
32379,880d837321fffff
32380,880d998ad9fffff
32381,880d9da9a1fffff
32382,880d998ae3fffff
32383,880d9d30cdfffff
32384,880d8a4351fffff
32385,880d99b6e5fffff
32386,880d8a005dfffff
32387,880d998c2dfffff
32388,880d9dceb1fffff
32389,880d99b293fffff
32390,880d8acd25fffff
32391,880d9d4001fffff
32392,880ca4d83dfffff
32393,880d83cad7fffff
32394,880d9da725fffff
32395,880d83898dfffff
32396,880d9d7033fffff
32397,880d9d08bbfffff
32398,880d9daa8dfffff
32399,880d8a104dfffff
32400,880d8a6d65fffff
32401,880d9d29c5fffff
32402,880d8378d1fffff
32403,880d8a00a7fffff
32404,880d9d659dfffff
32405,880d9daa01fffff
32406,880d83cd17fffff
32407,880d999a37fffff
32408,880d9db21dfffff
32409,880d8301e7fffff
32410,880d9db91dfffff
32411,880d9d059bfffff
32412,880d9d71c3fffff
32413,880d834043fffff
32414,880d9c95c3fffff
32415,880d9dad47fffff
32416,880d9ca5d5fffff
32417,880d9d7199fffff
32418,880d830cedfffff
32419,880d9ca6e1fffff
32420,880ca4d08dfffff
32421,880d830d01fffff
32422,880d8a8967fffff
32423,880d83494dfffff
32424,880d8a4b17fffff
32425,880d8a0337fffff
32426,880d830029fffff
32427,880d9d5353fffff
32428,880d8ac5a7fffff
32429,880d9d2e29fffff
32430,880d9ca46bfffff
32431,880d831567fffff
32432,880d9d6d31fffff
32433,880d8ac609fffff
32434,880d99b619fffff
32435,880d9ca515fffff
32436,880d9d52cdfffff
32437,880d9d0d69fffff
32438,880d9c3731fffff
32439,880d98b6ddfffff
32440,880d9dcf21fffff
32441,880d9dc461fffff
32442,880d9999b3fffff
32443,880d99b24bfffff
32444,880d9d7967fffff
32445,880d9d523dfffff
32446,880d99d063fffff
32447,880d8a5165fffff
32448,880d9d6ae5fffff
32449,880d9d5057fffff
32450,880d9dd0cbfffff
32451,880d9d234dfffff
32452,880d8a51edfffff
32453,880d9d182dfffff
32454,880d8ac545fffff
32455,880d9dba93fffff
32456,880d9d3095fffff
32457,880d834987fffff
32458,880d9cb4bdfffff
32459,880d8a5b43fffff
32460,880d98b513fffff
32461,880d8e59a7fffff
32462,880d9d1881fffff
32463,880d9c262dfffff
32464,880d9c2631fffff
32465,880d9dab0bfffff
32466,880d9d2cd1fffff
32467,880d99b6e1fffff
32468,880d9d5233fffff
32469,880d9d030bfffff
32470,880d9d630dfffff
32471,880d9dc9b5fffff
32472,880d8a6c3bfffff
32473,880d9d8955fffff
32474,880d99a6dbfffff
32475,880d98b71dfffff
32476,880d99d21dfffff
32477,880d9d65bdfffff
32478,880d9d1725fffff
32479,880d836f09fffff
32480,880d9dd885fffff
32481,880d8a4d91fffff
32482,880d9d14c1fffff
32483,880d9dae1bfffff
32484,880d8a5a3dfffff
32485,880d9c3095fffff
32486,880d837015fffff
32487,880d8a40d9fffff
32488,880d9d071bfffff
32489,880d8a49adfffff
32490,880d8acdd3fffff
32491,880d9cb001fffff
32492,880d9d6c49fffff
32493,880d834767fffff
32494,880d8a61e7fffff
32495,880d9d346dfffff
32496,880d9981d9fffff
32497,880d9986adfffff
32498,880d9c3533fffff
32499,880d8a184dfffff
32500,880d999169fffff
32501,880d998717fffff
32502,880d9db8b9fffff
32503,880d83711dfffff
32504,880d9d64c5fffff
32505,880d9d1635fffff
32506,880d8a7841fffff
32507,880d8a054dfffff
32508,880d8a4e2dfffff
32509,880d8369e9fffff
32510,880d9c358bfffff
32511,880d837b6dfffff
32512,880d8302e7fffff
32513,880d8a44d3fffff
32514,880d9dd4e3fffff
32515,880d83583dfffff
32516,880d9ca409fffff
32517,880d9db349fffff
32518,880d8a0a09fffff
32519,880d9c3543fffff
32520,880d8a4b53fffff
32521,880d831b47fffff
32522,880d9d5203fffff
32523,880d9c96abfffff
32524,880d9c264dfffff
32525,880d8a10e3fffff
32526,880d999031fffff
32527,880d9c36edfffff
32528,880d830e6bfffff
32529,880d8a590dfffff
32530,880d9dbaddfffff
32531,880d9cb50dfffff
32532,880d9d2557fffff
32533,880ca4d919fffff
32534,880d99ab01fffff
32535,880d8a4547fffff
32536,880d830a25fffff
32537,880d8a0acdfffff
32538,880d8a7447fffff
32539,880d8a0a6dfffff
32540,880d9dcce3fffff
32541,880d8ad9e5fffff
32542,880d834e01fffff
32543,880d9d0d03fffff
32544,880d9cb091fffff
32545,880d9d4445fffff
32546,880d9988e3fffff
32547,880d99996bfffff
32548,880d9d098dfffff
32549,880d8a461dfffff
32550,880d831869fffff
32551,880d8a5b25fffff
32552,880d9d6257fffff
32553,880d9da753fffff
32554,880d9d6ca1fffff
32555,880d99a71bfffff
32556,880d9d6ee1fffff
32557,880d8ace25fffff
32558,880d9db9ebfffff
32559,880d9db0c7fffff
32560,880d9d6b27fffff
32561,880d8acd43fffff
32562,880d9c34b3fffff
32563,880d9dc4cbfffff
32564,880d9d563dfffff
32565,880d8a5985fffff
32566,880d9dd9b9fffff
32567,880d9ca187fffff
32568,880d9d3315fffff
32569,880d9d3417fffff
32570,880d9d708bfffff
32571,880d837137fffff
32572,880d8a1ae5fffff
32573,880d9d5609fffff
32574,880d9d79cdfffff
32575,880d8348e1fffff
32576,880d9dc321fffff
32577,880d8a0941fffff
32578,880d9998d9fffff
32579,880d8a62e7fffff
32580,880d9da349fffff
32581,880d9d5553fffff
32582,880d9c86d1fffff
32583,880d9c3719fffff
32584,880d99af23fffff
32585,880d9d7b11fffff
32586,880d9990edfffff
32587,880d9d6305fffff
32588,880d9d09c3fffff
32589,880d83783bfffff
32590,880d8acdabfffff
32591,880d9d6891fffff
32592,880d9dcb59fffff
32593,880d9c32d9fffff
32594,880d9d50ddfffff
32595,880d83180bfffff
32596,880d9d6543fffff
32597,880d83ce49fffff
32598,880d9dade9fffff
32599,880d822d85fffff
32600,880d8ad933fffff
32601,880d9994c1fffff
32602,880d8a459dfffff
32603,880d999193fffff
32604,880d9c2209fffff
32605,880d99aa45fffff
32606,880ca4d891fffff
32607,880d9d2cd5fffff
32608,880d9d7753fffff
32609,880d9dcd3bfffff
32610,880d9db809fffff
32611,880d838d65fffff
32612,880d8a0b47fffff
32613,880d9d65d5fffff
32614,880d9d45e7fffff
32615,880d98b427fffff
32616,880d9dd9b5fffff
32617,880d9dd4e9fffff
32618,880d99b32dfffff
32619,880d99b817fffff
32620,880d834623fffff
32621,880d8a4015fffff
32622,880d83170bfffff
32623,880d9cac15fffff
32624,880d9dd639fffff
32625,880d9d76d9fffff
32626,880d9d270dfffff
32627,880d9c94edfffff
32628,880d8a104bfffff
32629,880d837195fffff
32630,880d9d146dfffff
32631,880d9dd219fffff
32632,880d99d349fffff
32633,880ca4db1bfffff
32634,880d9dad8dfffff
32635,880d9d060dfffff
32636,880d9d3ab7fffff
32637,880d8ac2d3fffff
32638,880d835a5bfffff
32639,880d835931fffff
32640,880d8a4735fffff
32641,880d838ae3fffff
32642,880d99a6d1fffff
32643,880d831153fffff
32644,880d99b2edfffff
32645,880d8a4e8dfffff
32646,880d8a591bfffff
32647,880d9ca443fffff
32648,880d9da719fffff
32649,880d8a6d11fffff
32650,880d9ca459fffff
32651,880d9d609bfffff
32652,880d9c3409fffff
32653,880d83cf51fffff
32654,880d830b63fffff
32655,880d99800bfffff
32656,880d8a4f43fffff
32657,880d9d6a27fffff
32658,880d9dd1bbfffff
32659,880d9d646dfffff
32660,880d8a6b21fffff
32661,880d835981fffff
32662,880d8a576bfffff
32663,880d9d21d9fffff
32664,880d9d32c9fffff
32665,880d8a4715fffff
32666,880d8a494bfffff
32667,880d9d2aa5fffff
32668,880d834441fffff
32669,880d9d71c9fffff
32670,880d9ca469fffff
32671,880d8378c5fffff
32672,880d9dcadbfffff
32673,880d8a0f43fffff
32674,880d9d55d5fffff
32675,880d998e51fffff
32676,880d834cc3fffff
32677,880d8a5943fffff
32678,880d83c9e1fffff
32679,880d838addfffff
32680,880d9c2717fffff
32681,880d99a0b7fffff
32682,880d8a75e7fffff
32683,880d8a7081fffff
32684,880d9d30c9fffff
32685,880d8a561dfffff
32686,880d9914b3fffff
32687,880d83086bfffff
32688,880d83c303fffff
32689,880d8a4643fffff
32690,880d8a5689fffff
32691,880d999597fffff
32692,880ca4da01fffff
32693,880d8ace45fffff
32694,880d99bb51fffff
32695,880d9dd513fffff
32696,880d8a4dbbfffff
32697,880d9d7aebfffff
32698,880d9c30d3fffff
32699,880d9c2469fffff
32700,880d8a54b7fffff
32701,880d9d6465fffff
32702,880d8acc63fffff
32703,880d9dc2dbfffff
32704,880d9d632dfffff
32705,880d8e4b67fffff
32706,880d9d09e7fffff
32707,880ca4c305fffff
32708,880d999a29fffff
32709,880d835669fffff
32710,880d9ca603fffff
32711,880d8a4ca3fffff
32712,880d9d4159fffff
32713,880d835459fffff
32714,880d9d369dfffff
32715,880d8a54d3fffff
32716,880d8a463dfffff
32717,880d9d42a9fffff
32718,880d8a68ddfffff
32719,880d9d711dfffff
32720,880d9992ebfffff
32721,880d9dcb41fffff
32722,880d9d16e9fffff
32723,880ca4d84bfffff
32724,880d9dd85dfffff
32725,880d9dad23fffff
32726,880d8acdbbfffff
32727,880d9d3b63fffff
32728,880d8a4a8dfffff
32729,880d83513dfffff
32730,880d835183fffff
32731,880d98b647fffff
32732,880d9dcecdfffff
32733,880d8a1883fffff
32734,880d8a0b29fffff
32735,880d83c00bfffff
32736,880d8a7305fffff
32737,880d8e49b5fffff
32738,880d8a52b7fffff
32739,880d9d1867fffff
32740,880d99d325fffff
32741,880ca4d731fffff
32742,880d9cacb5fffff
32743,880d8a0899fffff
32744,880d8a1b61fffff
32745,880d9d798dfffff
32746,880d9d7b41fffff
32747,880d8319b7fffff
32748,880d8318b3fffff
32749,880d9dadd3fffff
32750,880d9d4455fffff
32751,880d9d8921fffff
32752,880d9da91bfffff
32753,880d9da29dfffff
32754,880d99ab15fffff
32755,880d8a10ddfffff
32756,880d9d2b07fffff
32757,880d9d6a85fffff
32758,880d9cb463fffff
32759,880d834c31fffff
32760,880d9d6b25fffff
32761,880d822c3bfffff
32762,880d8a549bfffff
32763,880d9988d5fffff
32764,880d83461dfffff
32765,880d9d21a1fffff
32766,880d831169fffff
32767,880d836d67fffff
32768,880d9dd5e9fffff
32769,880d9d0f13fffff
32770,880d83c197fffff
32771,880d8a49e5fffff
32772,880d834d4bfffff
32773,880d998ad3fffff
32774,880d9c2601fffff
32775,880d9d2a9bfffff
32776,880d99af49fffff
32777,880d9daa13fffff
32778,880d9d0e1dfffff
32779,880d8ac40bfffff
32780,880d834c0bfffff
32781,880d9d6961fffff
32782,880d8a50b1fffff
32783,880d99a1e9fffff
32784,880d9d15e1fffff
32785,880d99b553fffff
32786,880d830c4dfffff
32787,880d9dcad1fffff
32788,880d9daac9fffff
32789,880d8a60a5fffff
32790,880d835055fffff
32791,880d9ca605fffff
32792,880d8ac99dfffff
32793,880d8a4517fffff
32794,880d830d4dfffff
32795,880d8a7259fffff
32796,880d8a45cdfffff
32797,880d9d0dbdfffff
32798,880d9dc4cdfffff
32799,880d8a7489fffff
32800,880d834007fffff
32801,880d9d4293fffff
32802,880d9d7897fffff
32803,880ca4d28bfffff
32804,880ca4d0cbfffff
32805,880d8ace9bfffff
32806,880d9d0825fffff
32807,880d8308cbfffff
32808,880ca4d863fffff
32809,880d99a2a5fffff
32810,880d99842dfffff
32811,880d836b15fffff
32812,880d8a58e7fffff
32813,880d9d34c9fffff
32814,880d9cb755fffff
32815,880d999919fffff
32816,880d83ce4dfffff
32817,880d8e4993fffff
32818,880d834c81fffff
32819,880d8a1adbfffff
32820,880d8a08a5fffff
32821,880d830c67fffff
32822,880d9dc041fffff
32823,880d9986c1fffff
32824,880d831b51fffff
32825,880ca4d90dfffff
32826,880d9dd5b1fffff
32827,880d830b1bfffff
32828,880d9d6737fffff
32829,880d822c4dfffff
32830,880d9d0141fffff
32831,880d99a855fffff
32832,880d822f19fffff
32833,880d9dd6a3fffff
32834,880d9d8939fffff
32835,880d9d3101fffff
32836,880d9d70adfffff
32837,880d8ac29bfffff
32838,880d83cee5fffff
32839,880d9d84cdfffff
32840,880d9dd705fffff
32841,880d9da01dfffff
32842,880d9984d9fffff
32843,880d9dac69fffff
32844,880d9da24bfffff
32845,880d8a0203fffff
32846,880d831a8bfffff
32847,880d836ad7fffff
32848,880d9d6b2bfffff
32849,880d9dd0e7fffff
32850,880d999633fffff
32851,880d834853fffff
32852,880d9d314dfffff
32853,880d9d54a7fffff
32854,880d8a40b5fffff
32855,880d8a00d3fffff
32856,880d9d200dfffff
32857,880d8acca5fffff
32858,880d9cb417fffff
32859,880d9d0309fffff
32860,880d999b2dfffff
32861,880d9d2039fffff
32862,880d831749fffff
32863,880d830ad9fffff
32864,880d8318c9fffff
32865,880d836a0dfffff
32866,880d99a115fffff
32867,880d8e4903fffff
32868,880ca4d281fffff
32869,880d8a48b9fffff
32870,880d83449bfffff
32871,880d8ac187fffff
32872,880d9ca209fffff
32873,880d8a6db5fffff
32874,880d9dd821fffff
32875,880d835a63fffff
32876,880d9cacbdfffff
32877,880d9dce93fffff
32878,880d9d082dfffff
32879,880d8acf0dfffff
32880,880d9db33dfffff
32881,880d8224bbfffff
32882,880d9cb253fffff
32883,880d9d1997fffff
32884,880d9dac4dfffff
32885,880d9da945fffff
32886,880d8a7937fffff
32887,880d9d6aa3fffff
32888,880d9c30d7fffff
32889,880d83180dfffff
32890,880d9d45c9fffff
32891,880d998ea5fffff
32892,880d9d6ca3fffff
32893,880d9d2e49fffff
32894,880d8e49edfffff
32895,880d83cd57fffff
32896,880d9d1abbfffff
32897,880d8a0a99fffff
32898,880d9d3107fffff
32899,880d9999a3fffff
32900,880d9c3711fffff
32901,880d8a6051fffff
32902,880d99ad19fffff
32903,880d838d25fffff
32904,880d9d36c7fffff
32905,880d9dc1e3fffff
32906,880d8a12e9fffff
32907,880d8a4591fffff
32908,880d9ca661fffff
32909,880ca4dad3fffff
32910,880d83693bfffff
32911,880d9daa31fffff
32912,880d8ace09fffff
32913,880d9d24a1fffff
32914,880d9db5bdfffff
32915,880d8a4b15fffff
32916,880d9d3007fffff
32917,880d9dc4a1fffff
32918,880d8a0e29fffff
32919,880d8342edfffff
32920,880d98b581fffff
32921,880d998a8bfffff
32922,880d9db5c7fffff
32923,880d8346a1fffff
32924,880d9c8669fffff
32925,880d9d6e85fffff
32926,880d9ddad9fffff
32927,880d9ca721fffff
32928,880d8a8831fffff
32929,880d8a6895fffff
32930,880d8a4c51fffff
32931,880d9d52e1fffff
32932,880d9d11e7fffff
32933,880d830f55fffff
32934,880d8ac197fffff
32935,880d9d04abfffff
32936,880d8e49e7fffff
32937,880d830953fffff
32938,880d8a89c7fffff
32939,880d9d6e19fffff
32940,880d9998a9fffff
32941,880d9dadb9fffff
32942,880d9d72d5fffff
32943,880d9d4da5fffff
32944,880d99aa23fffff
32945,880d8acee1fffff
32946,880d99b649fffff
32947,880d99ab25fffff
32948,880d99826dfffff
32949,880d9d0a4bfffff
32950,880d9d109bfffff
32951,880d835405fffff
32952,880d9d02dbfffff
32953,880d9d11d3fffff
32954,880d99af15fffff
32955,880d9dce97fffff
32956,880d9c35b3fffff
32957,880d9cac45fffff
32958,880d9dc0adfffff
32959,880d99a0b3fffff
32960,880d8acf37fffff
32961,880d9d6035fffff
32962,880d9dd569fffff
32963,880d9d2715fffff
32964,880d822499fffff
32965,880d9d4621fffff
32966,880d8a5499fffff
32967,880d9d6f67fffff
32968,880d83c8d3fffff
32969,880d8a48c9fffff
32970,880d9ca6d3fffff
32971,880d8a5755fffff
32972,880d835ae3fffff
32973,880d99acb9fffff
32974,880d8ad91dfffff
32975,880d9c3553fffff
32976,880d9da369fffff
32977,880ca4d117fffff
32978,880d9d0d0bfffff
32979,880d99b0a7fffff
32980,880d9dcc41fffff
32981,880d835713fffff
32982,880d99ae45fffff
32983,880d836a51fffff
32984,880d9d4549fffff
32985,880d9d735dfffff
32986,880d83c831fffff
32987,880d8a453bfffff
32988,880d8ac693fffff
32989,880d836d47fffff
32990,880d9cadb1fffff
32991,880d8a6db9fffff
32992,880d838e37fffff
32993,880ca4d125fffff
32994,880d9dc30bfffff
32995,880d8a5927fffff
32996,880d9ca0e7fffff
32997,880d999a01fffff
32998,880d83ca13fffff
32999,880ca4dac9fffff
33000,880d9d3033fffff
33001,880d83c007fffff
33002,880d9d66bdfffff
33003,880d831351fffff
33004,880d9cae9bfffff
33005,880d9d76b5fffff
33006,880d9dd9dbfffff
33007,880d8a0323fffff
33008,880d9d7a87fffff
33009,880d99b26dfffff
33010,880d837019fffff
33011,880d9d4705fffff
33012,880d99916dfffff
33013,880d9da9c9fffff
33014,880d8adb09fffff
33015,880d8a4953fffff
33016,880d9998c5fffff
33017,880d9d184dfffff
33018,880d837895fffff
33019,880d9d24d7fffff
33020,880d830e39fffff
33021,880d9d45ebfffff
33022,880d83cab7fffff
33023,880d8311e5fffff
33024,880d99b697fffff
33025,880d8311d9fffff
33026,880d9c276bfffff
33027,880d8a49e3fffff
33028,880d9d4ee1fffff
33029,880d9982adfffff
33030,880d998dd9fffff
33031,880d8a7343fffff
33032,880d98b64bfffff
33033,880d9d6499fffff
33034,880d9dc689fffff
33035,880d8a4f3dfffff
33036,880d9d5593fffff
33037,880d9d359bfffff
33038,880d9c2731fffff
33039,880d9d72b9fffff
33040,880d9cac29fffff
33041,880d834ad7fffff
33042,880d9d0133fffff
33043,880d999a69fffff
33044,880d831891fffff
33045,880d830301fffff
33046,880d9d65a1fffff
33047,880d9dd2d7fffff
33048,880d9cb5dbfffff
33049,880d9d15a5fffff
33050,880d9db04bfffff
33051,880d8a51a3fffff
33052,880d998417fffff
33053,880d998ab7fffff
33054,880d9d2735fffff
33055,880d9d1683fffff
33056,880d9c3709fffff
33057,880d9d84c9fffff
33058,880d83c6adfffff
33059,880d9d11bdfffff
33060,880d8a555bfffff
33061,880d9dd2d1fffff
33062,880d9d1a1bfffff
33063,880d9c86d5fffff
33064,880d99af5bfffff
33065,880d9d0441fffff
33066,880d9d619dfffff
33067,880d8a6927fffff
33068,880d837049fffff
33069,880d9d783dfffff
33070,880d831a39fffff
33071,880d9d4205fffff
33072,880d9d876bfffff
33073,880d9d1715fffff
33074,880d9d2a05fffff
33075,880d8371a1fffff
33076,880d9dd5d1fffff
33077,880d834de1fffff
33078,880d999017fffff
33079,880d9d2e1dfffff
33080,880d99ae21fffff
33081,880d9d22d3fffff
33082,880d9d6033fffff
33083,880d8a5293fffff
33084,880d8acd6bfffff
33085,880d8a4203fffff
33086,880d9ca535fffff
33087,880d834063fffff
33088,880d835937fffff
33089,880d9daaa7fffff
33090,880d9cb601fffff
33091,880d830957fffff
33092,880d9d34b5fffff
33093,880d998501fffff
33094,880d9cb227fffff
33095,880d8adb01fffff
33096,880d9d084bfffff
33097,880d83704bfffff
33098,880d9da811fffff
33099,880d99b237fffff
33100,880d9d1b39fffff
33101,880d9db041fffff
33102,880d83415bfffff
33103,880d8acd21fffff
33104,880d999b3bfffff
33105,880d8ace3dfffff
33106,880d9d170bfffff
33107,880d9ca281fffff
33108,880d8ac685fffff
33109,880ca4d205fffff
33110,880d9d442bfffff
33111,880d836029fffff
33112,880d99a2ebfffff
33113,880d83781dfffff
33114,880d9da705fffff
33115,880d83501dfffff
33116,880d8e5839fffff
33117,880d9dc967fffff
33118,880d83695bfffff
33119,880d99d26dfffff
33120,880d83c4bbfffff
33121,880d9d6d21fffff
33122,880d8e5931fffff
33123,880d9dc5b5fffff
33124,880d838f0dfffff
33125,880d99a197fffff
33126,880d8346d3fffff
33127,880d9d643dfffff
33128,880d8a56d7fffff
33129,880d9dc9b7fffff
33130,880d9dac89fffff
33131,880d83cd2bfffff
33132,880d834eb1fffff
33133,880d834e89fffff
33134,880d9d0a83fffff
33135,880d9d7b47fffff
33136,880d9c3683fffff
33137,880d99a0cbfffff
33138,880d83609dfffff
33139,880d837839fffff
33140,880d8a61bdfffff
33141,880d8359edfffff
33142,880d9d4cc7fffff
33143,880d83618dfffff
33144,880d9c962bfffff
33145,880d9d65b5fffff
33146,880d99b99dfffff
33147,880d830261fffff
33148,880ca4d14dfffff
33149,880d9c95c7fffff
33150,880d998eb7fffff
33151,880d9d7963fffff
33152,880d9d6c8bfffff
33153,880d9d22c7fffff
33154,880d9d0439fffff
33155,880ca4d113fffff
33156,880d9d244dfffff
33157,880d9da153fffff
33158,880d9d503bfffff
33159,880d836d97fffff
33160,880d9c946bfffff
33161,880ca4d2c9fffff
33162,880d99a951fffff
33163,880d8300c5fffff
33164,880d8a4da9fffff
33165,880d9dc31dfffff
33166,880d835007fffff
33167,880d838c23fffff
33168,880d8e5927fffff
33169,880ca4d9d5fffff
33170,880d8e5823fffff
33171,880d9da445fffff
33172,880d99b889fffff
33173,880d9d6b31fffff
33174,880ca4d441fffff
33175,880d9d5469fffff
33176,880d9d5189fffff
33177,880d8a12c3fffff
33178,880d9d1115fffff
33179,880d8a0b5bfffff
33180,880d9d45b1fffff
33181,880d8341bdfffff
33182,880d9d1a6bfffff
33183,880d8a00a3fffff
33184,880d9d50cbfffff
33185,880d830a6bfffff
33186,880d9d2729fffff
33187,880d9d3b35fffff
33188,880d8a89dbfffff
33189,880d8a7b0dfffff
33190,880d99d15bfffff
33191,880d8a4667fffff
33192,880d9cb0d1fffff
33193,880d834e87fffff
33194,880d998649fffff
33195,880d9992cdfffff
33196,880d9d5029fffff
33197,880d8369dbfffff
33198,880d8a01e9fffff
33199,880d83581bfffff
33200,880d99b929fffff
33201,880d9cb709fffff
33202,880ca4d60bfffff
33203,880d9d0ac3fffff
33204,880d9da2c5fffff
33205,880d9d1891fffff
33206,880d9dcc93fffff
33207,880d8a8887fffff
33208,880d9d61a5fffff
33209,880d9d3935fffff
33210,880d9d3455fffff
33211,880d9dac51fffff
33212,880d9d4cadfffff
33213,880d9d5257fffff
33214,880d9ddb19fffff
33215,880d835919fffff
33216,880d9d732bfffff
33217,880d9d2333fffff
33218,880d8a56edfffff
33219,880d8a5055fffff
33220,880d830951fffff
33221,880d9dc2e1fffff
33222,880d8a0f2dfffff
33223,880d8ad93dfffff
33224,880d999759fffff
33225,880d9ca2c5fffff
33226,880d8a69e7fffff
33227,880d9d45dbfffff
33228,880d998a65fffff
33229,880d8a5a8bfffff
33230,880d8a4f65fffff
33231,880d9c3725fffff
33232,880d8352d5fffff
33233,880d9cad03fffff
33234,880d993259fffff
33235,880d9d3985fffff
33236,880d99802dfffff
33237,880d8388a9fffff
33238,880d8a5857fffff
33239,880d9d70b9fffff
33240,880d9dad89fffff
33241,880d9dd4c7fffff
33242,880d9d3ab9fffff
33243,880d9d65c9fffff
33244,880d834503fffff
33245,880d9dd48bfffff
33246,880d9d8d95fffff
33247,880d834d55fffff
33248,880d830147fffff
33249,880d9916a9fffff
33250,880d83cea9fffff
33251,880d998a01fffff
33252,880d834a3dfffff
33253,880d834705fffff
33254,880d9d35edfffff
33255,880ca4d2d1fffff
33256,880d9dc709fffff
33257,880d9d0f4dfffff
33258,880d8aceddfffff
33259,880d9c9625fffff
33260,880d999435fffff
33261,880d99a4b5fffff
33262,880d9d6d89fffff
33263,880d99b6e9fffff
33264,880d99b321fffff
33265,880d8a183dfffff
33266,880d9db033fffff
33267,880d9db1c3fffff
33268,880d9c2313fffff
33269,880d831099fffff
33270,880d98b547fffff
33271,880d9d2407fffff
33272,880d9d6d1dfffff
33273,880d830141fffff
33274,880d8a0f1bfffff
33275,880d8301e3fffff
33276,880d9d6569fffff
33277,880d9dc5d1fffff
33278,880d9d8647fffff
33279,880d9dd2b5fffff
33280,880d9d22c5fffff
33281,880d830325fffff
33282,880d99a003fffff
33283,880d9cae17fffff
33284,880d9d1935fffff
33285,880d9d4703fffff
33286,880d836c23fffff
33287,880d9d76cdfffff
33288,880d9d52ddfffff
33289,880d9dc6b7fffff
33290,880d837851fffff
33291,880d8a4067fffff
33292,880d998cc9fffff
33293,880d99b0ddfffff
33294,880d99ad21fffff
33295,880d9d11a5fffff
33296,880d99b9c9fffff
33297,880d99af51fffff
33298,880d83c557fffff
33299,880d99a135fffff
33300,880d9d2de1fffff
33301,880d99af6bfffff
33302,880d834499fffff
33303,880d8a41c5fffff
33304,880d9d0ecdfffff
33305,880d8a5063fffff
33306,880d8acedbfffff
33307,880d9d2051fffff
33308,880d8a68a1fffff
33309,880d8a1b2dfffff
33310,880d8a4763fffff
33311,880d8368e1fffff
33312,880d8a414bfffff
33313,880d9db105fffff
33314,880d99a493fffff
33315,880d998045fffff
33316,880d9d7b35fffff
33317,880d8355ebfffff
33318,880ca4c363fffff
33319,880d9d5209fffff
33320,880d9d3a27fffff
33321,880d8356a7fffff
33322,880d9dc70bfffff
33323,880d8344bdfffff
33324,880d9d692bfffff
33325,880d9ca6c5fffff
33326,880d8a4d13fffff
33327,880d9dd413fffff
33328,880d998193fffff
33329,880d8a7209fffff
33330,880d8a709bfffff
33331,880d9d72cbfffff
33332,880d83c4d1fffff
33333,880d822dc3fffff
33334,880d9d6ad9fffff
33335,880d8349a1fffff
33336,880d9ddab5fffff
33337,880d9d55d9fffff
33338,880d835509fffff
33339,880d836d4dfffff
33340,880d83700dfffff
33341,880d8a1047fffff
33342,880ca4d8edfffff
33343,880d8a6ca3fffff
33344,880ca4d097fffff
33345,880d9dc205fffff
33346,880d9d24adfffff
33347,880d9da839fffff
33348,880d9d461bfffff
33349,880d8a1a8dfffff
33350,880d9d0ee1fffff
33351,880d9ca2e7fffff
33352,880d9d0425fffff
33353,880d99a341fffff
33354,880d99ae5bfffff
33355,880d9d170dfffff
33356,880d9d1919fffff
33357,880d9d0ed7fffff
33358,880d9981a7fffff
33359,880d99d65dfffff
33360,880d9d72e1fffff
33361,880d8a54a5fffff
33362,880d9d7561fffff
33363,880d9d3233fffff
33364,880d9c34cbfffff
33365,880d9d1519fffff
33366,880d9d6745fffff
33367,880d831913fffff
33368,880d9d7ac9fffff
33369,880d9d276bfffff
33370,880d8a003dfffff
33371,880d8a46adfffff
33372,880d83c06bfffff
33373,880d83c585fffff
33374,880d998eedfffff
33375,880d8ac4dbfffff
33376,880d9d7a6bfffff
33377,880d9991a3fffff
33378,880d836c2dfffff
33379,880d9d3599fffff
33380,880d9d0157fffff
33381,880ca4db3dfffff
33382,880d8a5485fffff
33383,880d8a420dfffff
33384,880d998a3dfffff
33385,880d9995e3fffff
33386,880d99a2e7fffff
33387,880d9d86d1fffff
33388,880d9d2ed3fffff
33389,880d8224b3fffff
33390,880d8a49c1fffff
33391,880d8a6939fffff
33392,880d9d19ebfffff
33393,880d83c893fffff
33394,880d8ac8e5fffff
33395,880d9db905fffff
33396,880d9dcec1fffff
33397,880d9d3867fffff
33398,880d9d50e7fffff
33399,880d99a243fffff
33400,880d9d3705fffff
33401,880d9dab29fffff
33402,880d9dca0dfffff
33403,880d830e37fffff
33404,880d834c45fffff
33405,880d9dba59fffff
33406,880d834f25fffff
33407,880d837991fffff
33408,880d8a5a97fffff
33409,880d8a6ddbfffff
33410,880d9c35b5fffff
33411,880d83785dfffff
33412,880d9db043fffff
33413,880d9d4451fffff
33414,880d99a117fffff
33415,880d998d15fffff
33416,880d83713bfffff
33417,880d8a89d7fffff
33418,880d8a1063fffff
33419,880d998413fffff
33420,880d9dd50dfffff
33421,880d9d7705fffff
33422,880d83c493fffff
33423,880d9dac59fffff
33424,880d836527fffff
33425,880d8a7247fffff
33426,880d8a4e0dfffff
33427,880d9d55a5fffff
33428,880d9da0b7fffff
33429,880d9d8481fffff
33430,880d9d26e9fffff
33431,880d9ca60bfffff
33432,880d83cc05fffff
33433,880d83091bfffff
33434,880d9ca6ddfffff
33435,880d835655fffff
33436,880d83114bfffff
33437,880d835717fffff
33438,880d9d4669fffff
33439,880d9c9655fffff
33440,880d8a4e15fffff
33441,880d8361edfffff
33442,880d8356e1fffff
33443,880d8ac8abfffff
33444,880d9d8763fffff
33445,880d9d4dabfffff
33446,880d9d1743fffff
33447,880d9d1447fffff
33448,880d9d0d45fffff
33449,880d834581fffff
33450,880d9ca4a5fffff
33451,880d9d6e37fffff
33452,880d9d00ebfffff
33453,880d998855fffff
33454,880ca4dab1fffff
33455,880d836e3bfffff
33456,880d998539fffff
33457,880d8a4a81fffff
33458,880d9d7887fffff
33459,880d835921fffff
33460,880d99a749fffff
33461,880d9da85dfffff
33462,880d9d3213fffff
33463,880d9dd4adfffff
33464,880d99d2b3fffff
33465,880d9d7625fffff
33466,880d9dd8ebfffff
33467,880d99a23bfffff
33468,880d831927fffff
33469,880d9d09c7fffff
33470,880d9dc42dfffff
33471,880d9db125fffff
33472,880d9da113fffff
33473,880d998ee3fffff
33474,880d99a8dbfffff
33475,880d8352dbfffff
33476,880d8368dbfffff
33477,880d8a75e1fffff
33478,880d9d6d23fffff
33479,880d830ae1fffff
33480,880d835155fffff
33481,880d999441fffff
33482,880d9d7461fffff
33483,880d8a7901fffff
33484,880d9d86e3fffff
33485,880d998a03fffff
33486,880d837353fffff
33487,880d9d3a5dfffff
33488,880d9d5317fffff
33489,880d9d4357fffff
33490,880d834f07fffff
33491,880d8a6911fffff
33492,880d838c2bfffff
33493,880d9914ebfffff
33494,880d8a54b9fffff
33495,880d9d86b1fffff
33496,880d99a74dfffff
33497,880d9d5567fffff
33498,880d9c2729fffff
33499,880d9d7289fffff
33500,880d9991a7fffff
33501,880d9d54d7fffff
33502,880d837369fffff
33503,880d9dc73dfffff
33504,880d9d31d1fffff
33505,880ca4d2c3fffff
33506,880d9d0cc5fffff
33507,880d9d44b7fffff
33508,880ca4db57fffff
33509,880d837815fffff
33510,880d9dac6bfffff
33511,880d8371d7fffff
33512,880d99998bfffff
33513,880d8311d3fffff
33514,880d9d0d47fffff
33515,880d9da045fffff
33516,880d8a1905fffff
33517,880d837013fffff
33518,880d838f1bfffff
33519,880d8a0541fffff
33520,880d9d5735fffff
33521,880d99bb65fffff
33522,880d9d39d3fffff
33523,880d9ca56bfffff
33524,880d998e65fffff
33525,880d9caed1fffff
33526,880d837061fffff
33527,880d8a5b27fffff
33528,880d8a09c1fffff
33529,880ca4d889fffff
33530,880d9d0037fffff
33531,880d9d368bfffff
33532,880d8a55b9fffff
33533,880d8310e1fffff
33534,880d98b723fffff
33535,880d9cb461fffff
33536,880d834881fffff
33537,880d83132dfffff
33538,880d8ad923fffff
33539,880d8a68e7fffff
33540,880d836a19fffff
33541,880d830de9fffff
33542,880d998a63fffff
33543,880d9cb31bfffff
33544,880d9dda87fffff
33545,880d8a1309fffff
33546,880d8a59e1fffff
33547,880d9d4dcdfffff
33548,880d8ac40dfffff
33549,880d9cae65fffff
33550,880d8a5693fffff
33551,880d8a5951fffff
33552,880d98a649fffff
33553,880d9da353fffff
33554,880d8a0809fffff
33555,880d8a5537fffff
33556,880d9d40ebfffff
33557,880d9dd46bfffff
33558,880d8ac0d9fffff
33559,880d822d01fffff
33560,880d8a1235fffff
33561,880d9d3211fffff
33562,880d9d2587fffff
33563,880d9dcf67fffff
33564,880d99930bfffff
33565,880d9988c7fffff
33566,880d9d7157fffff
33567,880d9d1731fffff
33568,880d835757fffff
33569,880d9d51d3fffff
33570,880d99b757fffff
33571,880d9da1d5fffff
33572,880d9dc681fffff
33573,880d9dc9e5fffff
33574,880d8a4de9fffff
33575,880d8350b7fffff
33576,880d8a00dbfffff
33577,880d8ac5a5fffff
33578,880d8ac625fffff
33579,880d99badbfffff
33580,880d9db157fffff
33581,880d8a55a3fffff
33582,880d8a55a9fffff
33583,880d9dac29fffff
33584,880d99a0a9fffff
33585,880d9dd5b3fffff
33586,880d9dc04dfffff
33587,880d99a741fffff
33588,880d99d33bfffff
33589,880d8a01c7fffff
33590,880d9dd543fffff
33591,880d9d410bfffff
33592,880d99b695fffff
33593,880d8acd07fffff
33594,880d9d8925fffff
33595,880d9d06dbfffff
33596,880d9d3569fffff
33597,880d9c26ddfffff
33598,880d9c9465fffff
33599,880d8355bdfffff
33600,880d8ad941fffff
33601,880d9d30b7fffff
33602,880ca4ca4bfffff
33603,880d999ac1fffff
33604,880d9d6ce1fffff
33605,880d83c0d7fffff
33606,880d998365fffff
33607,880d9d94e5fffff
33608,880d8a45b7fffff
33609,880d9d78a1fffff
33610,880d8a4541fffff
33611,880d834c61fffff
33612,880d834209fffff
33613,880d9c946dfffff
33614,880d9d0511fffff
33615,880d831223fffff
33616,880d8a1363fffff
33617,880d9dcce7fffff
33618,880d8a1039fffff
33619,880d83cf55fffff
33620,880d8ac8e3fffff
33621,880d835a25fffff
33622,880d8a89b3fffff
33623,880d834711fffff
33624,880d835865fffff
33625,880d83135bfffff
33626,880d98a683fffff
33627,880d834757fffff
33628,880d9db83dfffff
33629,880d9d4737fffff
33630,880d9d4649fffff
33631,880d8a8825fffff
33632,880d8a8b57fffff
33633,880d99af03fffff
33634,880d83181dfffff
33635,880d83c425fffff
33636,880d9d8665fffff
33637,880d9da239fffff
33638,880d9dc21bfffff
33639,880d837307fffff
33640,880d831b19fffff
33641,880d834185fffff
33642,880d999b5bfffff
33643,880d998c89fffff
33644,880d999021fffff
33645,880d834d67fffff
33646,880d8ad5a7fffff
33647,880d9d3125fffff
33648,880d9986d1fffff
33649,880d9d0447fffff
33650,880d9d229dfffff
33651,880d834b57fffff
33652,880d8372a5fffff
33653,880d998ca3fffff
33654,880d836001fffff
33655,880d8ac535fffff
33656,880d9dc2c7fffff
33657,880d8a6f25fffff
33658,880d99a45bfffff
33659,880d9ca289fffff
33660,880d8a7095fffff
33661,880d9d06a5fffff
33662,880d8a691dfffff
33663,880d9d00a7fffff
33664,880d99af27fffff
33665,880d9d0143fffff
33666,880d9dd4a7fffff
33667,880d9d1945fffff
33668,880d8a7b2dfffff
33669,880d836ce1fffff
33670,880d9d4281fffff
33671,880d9dd481fffff
33672,880d834955fffff
33673,880d9d6a37fffff
33674,880d8319d1fffff
33675,880d998807fffff
33676,880d9d6659fffff
33677,880d9da0c5fffff
33678,880d83cd9bfffff
33679,880d83ccc3fffff
33680,880d8371adfffff
33681,880d9d6201fffff
33682,880d9ca099fffff
33683,880d9d2909fffff
33684,880d9dc63dfffff
33685,880d8a8b13fffff
33686,880d99b60dfffff
33687,880d9d31e1fffff
33688,880d831b4dfffff
33689,880d9d153dfffff
33690,880d8e5b13fffff
33691,880d831309fffff
33692,880d9d3663fffff
33693,880d9dc649fffff
33694,880d99b663fffff
33695,880d838a8bfffff
33696,880d835803fffff
33697,880d8a4131fffff
33698,880d8a6d35fffff
33699,880d837a35fffff
33700,880d9d7297fffff
33701,880d838de1fffff
33702,880d831999fffff
33703,880d822c6bfffff
33704,880d8345edfffff
33705,880d8356c7fffff
33706,880d9daf55fffff
33707,880d9db5b1fffff
33708,880d9d4111fffff
33709,880d9d3837fffff
33710,880d9da8b9fffff
33711,880d99a2c1fffff
33712,880d99d02dfffff
33713,880d83443dfffff
33714,880d835765fffff
33715,880d99936bfffff
33716,880d9c9445fffff
33717,880d9d6aa5fffff
33718,880d9d6725fffff
33719,880d8a44e3fffff
33720,880d9cb62dfffff
33721,880d8a4d57fffff
33722,880d9d20cbfffff
33723,880d9d0e97fffff
33724,880d9d2d2dfffff
33725,880d9d5687fffff
33726,880d9d6ccdfffff
33727,880d8a55a1fffff
33728,880d9dcc97fffff
33729,880d8a4311fffff
33730,880d8a5717fffff
33731,880d99a9d3fffff
33732,880d9da8a7fffff
33733,880d836e01fffff
33734,880d83c5b3fffff
33735,880d9d6983fffff
33736,880d9dc51bfffff
33737,880d9986a3fffff
33738,880d9d9685fffff
33739,880d9d2a17fffff
33740,880d83573bfffff
33741,880d9c861bfffff
33742,880d8a186dfffff
33743,880d9c968bfffff
33744,880d9daa61fffff
33745,880d9998b1fffff
33746,880d9db98dfffff
33747,880ca4c14dfffff
33748,880d9dcabdfffff
33749,880d99b661fffff
33750,880d98b4a7fffff
33751,880d8a1849fffff
33752,880d9daabdfffff
33753,880d99b25dfffff
33754,880d99b4edfffff
33755,880d8372c5fffff
33756,880d98b729fffff
33757,880d9d3815fffff
33758,880d9d06e9fffff
33759,880d8352abfffff
33760,880d9c2611fffff
33761,880d83454bfffff
33762,880d9d1aa3fffff
33763,880d98b691fffff
33764,880d9d7827fffff
33765,880d9d1941fffff
33766,880d9981cdfffff
33767,880d9cae51fffff
33768,880d998455fffff
33769,880d9dcb5dfffff
33770,880d99b5d5fffff
33771,880ca4ca4dfffff
33772,880d8361b1fffff
33773,880d9dcdebfffff
33774,880d9d24a9fffff
33775,880d9d3467fffff
33776,880d8a4265fffff
33777,880d9d76e7fffff
33778,880d9d0499fffff
33779,880d9dcd11fffff
33780,880d9d130dfffff
33781,880d830b67fffff
33782,880d9dcf11fffff
33783,880d8360e1fffff
33784,880d9d0f63fffff
33785,880d8a0f05fffff
33786,880d9da543fffff
33787,880d8a6067fffff
33788,880d9d45adfffff
33789,880d9d3951fffff
33790,880ca4daa7fffff
33791,880d9d423dfffff
33792,880d9d055bfffff
33793,880d9db207fffff
33794,880ca4d2b1fffff
33795,880d99b483fffff
33796,880d83702bfffff
33797,880d99868dfffff
33798,880d9dcab7fffff
33799,880d9dc82dfffff
33800,880d99a363fffff
33801,880d9dc699fffff
33802,880d9dd699fffff
33803,880d8351b9fffff
33804,880d8368ebfffff
33805,880d8355adfffff
33806,880d8369a3fffff
33807,880d8341c3fffff
33808,880d83471bfffff
33809,880d999359fffff
33810,880ca4da47fffff
33811,880d9994bbfffff
33812,880d9ddad3fffff
33813,880ca4d663fffff
33814,880d9d26bbfffff
33815,880d98b70bfffff
33816,880d99b407fffff
33817,880d8a6b29fffff
33818,880d9d06e7fffff
33819,880d9d38cbfffff
33820,880d9cada1fffff
33821,880d9d7ac5fffff
33822,880d9da345fffff
33823,880d9da563fffff
33824,880d9cb6e3fffff
33825,880d998601fffff
33826,880d834667fffff
33827,880d9d3889fffff
33828,880d9db9e5fffff
33829,880d9d05c9fffff
33830,880d8a5153fffff
33831,880d99aaabfffff
33832,880d8a4d5bfffff
33833,880d98b745fffff
33834,880d9d202bfffff
33835,880d8a51d1fffff
33836,880d9d55b7fffff
33837,880d8ad91bfffff
33838,880d9d295bfffff
33839,880d9db8bbfffff
33840,880d9dc69bfffff
33841,880d998a39fffff
33842,880d9d2495fffff
33843,880d83469dfffff
33844,880d8a7861fffff
33845,880d835697fffff
33846,880d9daad7fffff
33847,880d8a7b59fffff
33848,880d8a4f47fffff
33849,880d9d2849fffff
33850,880d8a6adbfffff
33851,880d8a6265fffff
33852,880d8369a1fffff
33853,880d8a7461fffff
33854,880d9d2941fffff
33855,880d9daadbfffff
33856,880d836d23fffff
33857,880d837a19fffff
33858,880d9caf03fffff
33859,880d9d5767fffff
33860,880d9d5307fffff
33861,880d9c95bdfffff
33862,880d8a61d7fffff
33863,880d998ab5fffff
33864,880d8a52b1fffff
33865,880d83c8d5fffff
33866,880d8a4ec9fffff
33867,880d9d04bbfffff
33868,880d8a6d17fffff
33869,880d9d2743fffff
33870,880d999087fffff
33871,880d9dc62bfffff
33872,880d9d4423fffff
33873,880d9d7b65fffff
33874,880d9c94a3fffff
33875,880d8e59e7fffff
33876,880d9d7085fffff
33877,880d830923fffff
33878,880ca4d681fffff
33879,880d830dd7fffff
33880,880d99b1c9fffff
33881,880d8a4e61fffff
33882,880d83c1c3fffff
33883,880d9d18c7fffff
33884,880d822c23fffff
33885,880d83555bfffff
33886,880d8e59c9fffff
33887,880d9dd06bfffff
33888,880d8a1923fffff
33889,880d9d02edfffff
33890,880d835ac5fffff
33891,880d9d2487fffff
33892,880d834dc3fffff
33893,880d9da183fffff
33894,880d830a85fffff
33895,880d9d872dfffff
33896,880d9c3435fffff
33897,880d9999cbfffff
33898,880d9d784bfffff
33899,880d99a69bfffff
33900,880d9d29dbfffff
33901,880d9ddb55fffff
33902,880d834d15fffff
33903,880d9dadb3fffff
33904,880d8371ebfffff
33905,880d9c9699fffff
33906,880d9d6427fffff
33907,880d8ac745fffff
33908,880d9d2183fffff
33909,880d8a56c3fffff
33910,880d9d454bfffff
33911,880d9d1345fffff
33912,880d8a0acbfffff
33913,880d9d661dfffff
33914,880d9d64e3fffff
33915,880d83cce5fffff
33916,880d98a69dfffff
33917,880d998611fffff
33918,880d9db35dfffff
33919,880d9db0abfffff
33920,880d8340a1fffff
33921,880d9dcd49fffff
33922,880d999369fffff
33923,880d98b61dfffff
33924,880d8a400dfffff
33925,880d9d60b9fffff
33926,880d834091fffff
33927,880d834535fffff
33928,880d9d2825fffff
33929,880d830abbfffff
33930,880d8a4089fffff
33931,880d99b8e5fffff
33932,880d9d0cb1fffff
33933,880d9d409bfffff
33934,880d9dc623fffff
33935,880d9d443bfffff
33936,880d9d69b9fffff
33937,880d836d13fffff
33938,880d8360e9fffff
33939,880d9cb25bfffff
33940,880d8a1247fffff
33941,880d9dd299fffff
33942,880d9d62ebfffff
33943,880d9d7023fffff
33944,880d99875bfffff
33945,880d98b455fffff
33946,880d9d78e9fffff
33947,880d83458bfffff
33948,880d9cb033fffff
33949,880d9d6a35fffff
33950,880d834ccdfffff
33951,880d9d223dfffff
33952,880ca4db13fffff
33953,880d99b325fffff
33954,880d9da201fffff
33955,880ca4d2a1fffff
33956,880d8a40e3fffff
33957,880d9d01e3fffff
33958,880d9d0641fffff
33959,880d999739fffff
33960,880d9c3631fffff
33961,880d8a4847fffff
33962,880d83ce51fffff
33963,880d8e5955fffff
33964,880d9d18d5fffff
33965,880d9d1aebfffff
33966,880d99baa9fffff
33967,880d9d2863fffff
33968,880d99aac9fffff
33969,880d99bb5bfffff
33970,880d9cb549fffff
33971,880d9c861dfffff
33972,880d8a534dfffff
33973,880d9d66d1fffff
33974,880d9d0a67fffff
33975,880d83012bfffff
33976,880d834003fffff
33977,880d9d1885fffff
33978,880d9daf1dfffff
33979,880d8a620bfffff
33980,880ca4d0c5fffff
33981,880d8351c1fffff
33982,880d8a8d2dfffff
33983,880d9d1101fffff
33984,880d9cae61fffff
33985,880d9c96b1fffff
33986,880d99870bfffff
33987,880d834261fffff
33988,880d8a4a37fffff
33989,880d9d0f5bfffff
33990,880d8a4e69fffff
33991,880d8a0a97fffff
33992,880d9d249bfffff
33993,880d9d1597fffff
33994,880d99b0a5fffff
33995,880d834417fffff
33996,880d9cae03fffff
33997,880d9dd1d9fffff
33998,880d9dc355fffff
33999,880d9d4eadfffff
34000,880d9d1491fffff
34001,880d9ca2c7fffff
34002,880d835811fffff
34003,880d835b3bfffff
34004,880d9d3953fffff
34005,880d83156dfffff
34006,880d999887fffff
34007,880d9dd73bfffff
34008,880d9d7ac7fffff
34009,880d822dcdfffff
34010,880d8349d3fffff
34011,880d99a661fffff
34012,880d9986c9fffff
34013,880d99a609fffff
34014,880d9d0465fffff
34015,880d835917fffff
34016,880d9d60adfffff
34017,880d9cb6c1fffff
34018,880d8ac419fffff
34019,880d9d4697fffff
34020,880d8a116dfffff
34021,880d8a5093fffff
34022,880d8a0a39fffff
34023,880d834583fffff
34024,880d99ad23fffff
34025,880d9dc0b5fffff
34026,880ca4da35fffff
34027,880d8a4b4dfffff
34028,880d9dbadbfffff
34029,880d9d0c97fffff
34030,880d9d2d55fffff
34031,880d9d688dfffff
34032,880d9db12bfffff
34033,880d83c037fffff
34034,880d9dda4dfffff
34035,880ca4d081fffff
34036,880d830d49fffff
34037,880d99ae39fffff
34038,880d9c3763fffff
34039,880d9d7563fffff
34040,880d9dce17fffff
34041,880d9cb23bfffff
34042,880d9d662bfffff
34043,880d9cb035fffff
34044,880d9d0767fffff
34045,880d9982e1fffff
34046,880d8372d9fffff
34047,880d831349fffff
34048,880d8a083bfffff
34049,880d99a95dfffff
34050,880d831267fffff
34051,880d9d2953fffff
34052,880d9d0807fffff
34053,880d8a4765fffff
34054,880d9d613dfffff
34055,880d8318abfffff
34056,880d9db885fffff
34057,880d9d4731fffff
34058,880d9ca251fffff
34059,880d9c3467fffff
34060,880d9d004bfffff
34061,880d9d0051fffff
34062,880d837845fffff
34063,880d836f3dfffff
34064,880d998307fffff
34065,880d9d572dfffff
34066,880d9d66c1fffff
34067,880d999013fffff
34068,880d8a4a25fffff
34069,880d9d6eb9fffff
34070,880d9d84abfffff
34071,880d9db5ebfffff
34072,880d9d6b55fffff
34073,880d8a41ddfffff
34074,880d9ca62dfffff
34075,880d98b667fffff
34076,880d8a5193fffff
34077,880d9d6869fffff
34078,880d9d6a9dfffff
34079,880d834421fffff
34080,880d9d72e5fffff
34081,880d8372c9fffff
34082,880d83ce53fffff
34083,880d8a6b3dfffff
34084,880d8356a5fffff
34085,880d8340a5fffff
34086,880d9dca35fffff
34087,880d8a40e9fffff
34088,880d8a4439fffff
34089,880d99a6c7fffff
34090,880d8346e7fffff
34091,880d9cb5e9fffff
34092,880d83490bfffff
34093,880d99923dfffff
34094,880d834489fffff
34095,880d83c833fffff
34096,880d9cb01bfffff
34097,880d8a5215fffff
34098,880d9d656bfffff
34099,880d838c07fffff
34100,880d9d20bdfffff
34101,880d8a0a31fffff
34102,880d9d6551fffff
34103,880d99a13dfffff
34104,880d8e4925fffff
34105,880d9daeebfffff
34106,880d835561fffff
34107,880d9dc231fffff
34108,880d8e4b25fffff
34109,880d8ac4cdfffff
34110,880d9daf33fffff
34111,880d9dad3bfffff
34112,880d9dc645fffff
34113,880d998b0bfffff
34114,880d9d6a05fffff
34115,880d9d79b9fffff
34116,880d8a11ebfffff
34117,880d8a6253fffff
34118,880d8a5595fffff
34119,880d8a4b3dfffff
34120,880d9d4465fffff
34121,880d834d95fffff
34122,880d9d7a2bfffff
34123,880d9db865fffff
34124,880d8e59bdfffff
34125,880d9ca1bbfffff
34126,880d830f31fffff
34127,880d999aedfffff
34128,880d9c875bfffff
34129,880d9da047fffff
34130,880d9d2739fffff
34131,880d8a51b5fffff
34132,880d9dc9cbfffff
34133,880d831051fffff
34134,880d9da283fffff
34135,880d99a213fffff
34136,880d8a4b0bfffff
34137,880d8a68d9fffff
34138,880d8a4c63fffff
34139,880d99ac21fffff
34140,880ca4d699fffff
34141,880d99ac63fffff
34142,880ca4dac1fffff
34143,880d822c5bfffff
34144,880d8a4769fffff
34145,880d9d38a9fffff
34146,880d9caec3fffff
34147,880d9d6b4bfffff
34148,880d8a4635fffff
34149,880d8a7b2bfffff
34150,880d98a659fffff
34151,880d8ac539fffff
34152,880d8a4289fffff
34153,880d9d5051fffff
34154,880d9d8927fffff
34155,880d9d2d51fffff
34156,880d8340c9fffff
34157,880d9d8c99fffff
34158,880d8a0081fffff
34159,880d9db2abfffff
34160,880d998d09fffff
34161,880d9d0d2bfffff
34162,880d9d8607fffff
34163,880d9d29d9fffff
34164,880d9d19adfffff
34165,880d99a03bfffff
34166,880d9d20b1fffff
34167,880d9d871bfffff
34168,880d8a41d3fffff
34169,880d8a8abdfffff
34170,880d9ca527fffff
34171,880d8a50a3fffff
34172,880d99a9d1fffff
34173,880d9c3535fffff
34174,880d9d52d9fffff
34175,880d8ac0a7fffff
34176,880d9d6cabfffff
34177,880d8acf2bfffff
34178,880d999523fffff
34179,880d9dcf0dfffff
34180,880d99995bfffff
34181,880d99b5d3fffff
34182,880d9d7b2dfffff
34183,880d99999bfffff
34184,880d9c9681fffff
34185,880d99b021fffff
34186,880d9d271dfffff
34187,880d9d2833fffff
34188,880d8356a1fffff
34189,880d9cb311fffff
34190,880d9980b5fffff
34191,880d9d7159fffff
34192,880d9d4c8bfffff
34193,880d9d52b1fffff
34194,880d8a741bfffff
34195,880d9da1a1fffff
34196,880d9ca6c7fffff
34197,880d9d5631fffff
34198,880d9d05cbfffff
34199,880d9ca615fffff
34200,880d9ca507fffff
34201,880d83cd53fffff
34202,880d836d51fffff
34203,880d9c374bfffff
34204,880d9d505dfffff
34205,880d9d948dfffff
34206,880d9d0035fffff
34207,880d9980b9fffff
34208,880d836069fffff
34209,880d9c9451fffff
34210,880d9d0681fffff
34211,880d99a823fffff
34212,880d8a4ac7fffff
34213,880d831b09fffff
34214,880d83c5b7fffff
34215,880d83c4ebfffff
34216,880d9ca2b5fffff
34217,880d8a7255fffff
34218,880d9da051fffff
34219,880d9d2ce7fffff
34220,880d9d3425fffff
34221,880d98b5d1fffff
34222,880d835507fffff
34223,880d9d1523fffff
34224,880d9dc1e1fffff
34225,880d8e5b35fffff
34226,880d9dc0c3fffff
34227,880d831acbfffff
34228,880d8a44ddfffff
34229,880d9da9ddfffff
34230,880d8a5863fffff
34231,880d9d0317fffff
34232,880d83409dfffff
34233,880d837b13fffff
34234,880d830d8dfffff
34235,880d9996c1fffff
34236,880d99949bfffff
34237,880d835447fffff
34238,880d9c9743fffff
34239,880d9d6ad5fffff
34240,880d8a5953fffff
34241,880d836a8bfffff
34242,880d999743fffff
34243,880d9d8653fffff
34244,880d9dceb7fffff
34245,880d8ac435fffff
34246,880d99b833fffff
34247,880d99a25dfffff
34248,880d8319dbfffff
34249,880d9cad39fffff
34250,880d99b5d7fffff
34251,880d9d564dfffff
34252,880d99a049fffff
34253,880d836509fffff
34254,880d9db103fffff
34255,880d9d05b1fffff
34256,880ca4d1e9fffff
34257,880d9d0643fffff
34258,880d9d6021fffff
34259,880d8a4839fffff
34260,880d834ebdfffff
34261,880d8adb11fffff
34262,880d9d616dfffff
34263,880d9d6dc9fffff
34264,880d9da1e9fffff
34265,880d9d46bbfffff
34266,880d8a1999fffff
34267,880d9dd843fffff
34268,880d9ca645fffff
34269,880d835091fffff
34270,880d9c22e3fffff
34271,880d9d244bfffff
34272,880d9d50a9fffff
34273,880d831093fffff
34274,880d9da835fffff
34275,880d9dda3bfffff
34276,880d8a74ddfffff
34277,880d99a5bbfffff
34278,880d8a4a57fffff
34279,880d99af2dfffff
34280,880d99b181fffff
34281,880d999b05fffff
34282,880d999929fffff
34283,880d8a19d1fffff
34284,880d8a1b45fffff
34285,880d8acdb9fffff
34286,880d9dc6d5fffff
34287,880d83c109fffff
34288,880d8ac46bfffff
34289,880d83c525fffff
34290,880d8a52b3fffff
34291,880d9d24abfffff
34292,880d83ce45fffff
34293,880d83416bfffff
34294,880d8a4d27fffff
34295,880d99d665fffff
34296,880d9dae31fffff
34297,880d831241fffff
34298,880d83ccbdfffff
34299,880d99b421fffff
34300,880d9d84d3fffff
34301,880d999413fffff
34302,880d99b04dfffff
34303,880d830a0bfffff
34304,880d99b441fffff
34305,880d9d6599fffff
34306,880d83122bfffff
34307,880d83016bfffff
34308,880d9d734bfffff
34309,880d9d4cbdfffff
34310,880d8351c9fffff
34311,880d8a619dfffff
34312,880d83ccdbfffff
34313,880d9d3135fffff
34314,880d9d28a3fffff
34315,880d837925fffff
34316,880d9d2133fffff
34317,880d9c3769fffff
34318,880d9dc801fffff
34319,880d998ea3fffff
34320,880d98b615fffff
34321,880d9d54adfffff
34322,880d99bb2dfffff
34323,880d830b55fffff
34324,880d831837fffff
34325,880d835b39fffff
34326,880d9c943bfffff
34327,880d8ac6b7fffff
34328,880d998497fffff
34329,880d9d31bbfffff
34330,880d831321fffff
34331,880d834639fffff
34332,880d9d7259fffff
34333,880d8a0aa1fffff
34334,880d834b43fffff
34335,880d99a335fffff
34336,880d8a1333fffff
34337,880d9cb68dfffff
34338,880d999981fffff
34339,880d9cb0d3fffff
34340,880d8a0893fffff
34341,880d838d47fffff
34342,880d83cc4bfffff
34343,880d8a44c9fffff
34344,880d9d6055fffff
34345,880d8340bbfffff
34346,880d99b859fffff
34347,880d9dc0b7fffff
34348,880d8a00c5fffff
34349,880d83c4bdfffff
34350,880d8a69d3fffff
34351,880d9cb0abfffff
34352,880d9d14b3fffff
34353,880d8a0e07fffff
34354,880d8a019dfffff
34355,880d9daa1dfffff
34356,880d838d35fffff
34357,880d822c07fffff
34358,880d9d3ac9fffff
34359,880d8a522dfffff
34360,880d83cd15fffff
34361,880d9d26adfffff
34362,880d8ac641fffff
34363,880d998583fffff
34364,880d9d78e1fffff
34365,880d8a512dfffff
34366,880d9db10dfffff
34367,880d9d342bfffff
34368,880ca4d607fffff
34369,880d8a5767fffff
34370,880d9db029fffff
34371,880d8a4d21fffff
34372,880d8ac4e5fffff
34373,880d9cb5b7fffff
34374,880d834ac1fffff
34375,880d9dc4c9fffff
34376,880d831767fffff
34377,880d9d21d3fffff
34378,880d999411fffff
34379,880d9d2207fffff
34380,880d9d2c9dfffff
34381,880d8a4b57fffff
34382,880d9d7125fffff
34383,880d9d6947fffff
34384,880d9d62d7fffff
34385,880d8a0907fffff
34386,880d9dd663fffff
34387,880d9d6c53fffff
34388,880d838d81fffff
34389,880d9ca431fffff
34390,880d8a7549fffff
34391,880ca4d2d9fffff
34392,880d83483dfffff
34393,880d831131fffff
34394,880d99ac47fffff
34395,880d9d7919fffff
34396,880d834e99fffff
34397,880d837367fffff
34398,880d8a7515fffff
34399,880d9d1a81fffff
34400,880d998ce3fffff
34401,880d9d020bfffff
34402,880d9d746dfffff
34403,880d9da0a3fffff
34404,880d9d7407fffff
34405,880d9d0e65fffff
34406,880d99b039fffff
34407,880d9d6de7fffff
34408,880d9d0b37fffff
34409,880d9c3657fffff
34410,880d998703fffff
34411,880d9d75c5fffff
34412,880d9dd769fffff
34413,880d8a0d4dfffff
34414,880d838981fffff
34415,880d836149fffff
34416,880d9d6b41fffff
34417,880d9d449dfffff
34418,880d8a7417fffff
34419,880d9d6187fffff
34420,880d83002bfffff
34421,880d836115fffff
34422,880d9dda99fffff
34423,880d9dd6b5fffff
34424,880d9d55cbfffff
34425,880d999b59fffff
34426,880d8358c1fffff
34427,880d99a021fffff
34428,880d9c26cdfffff
34429,880d9dc0d9fffff
34430,880d991611fffff
34431,880d838c41fffff
34432,880d836f0dfffff
34433,880d9d00b5fffff
34434,880d99b29dfffff
34435,880d8a0151fffff
34436,880d8accbbfffff
34437,880d8a556dfffff
34438,880d9cac93fffff
34439,880d9d2123fffff
34440,880d8a6b0dfffff
34441,880d9d6e3dfffff
34442,880d8e494dfffff
34443,880d8a4717fffff
34444,880d8345b7fffff
34445,880d834099fffff
34446,880d9dc58bfffff
34447,880d8a7b47fffff
34448,880d830881fffff
34449,880ca4d8e1fffff
34450,880d9db003fffff
34451,880d9ca649fffff
34452,880d9ca421fffff
34453,880d9d009dfffff
34454,880d83799bfffff
34455,880d8358edfffff
34456,880d834065fffff
34457,880d9ddaddfffff
34458,880d99885dfffff
34459,880d836a49fffff
34460,880d8e4913fffff
34461,880d9ca639fffff
34462,880d9d54c9fffff
34463,880d8a1183fffff
34464,880d834501fffff
34465,880d99b16bfffff
34466,880d9d1989fffff
34467,880d9d4295fffff
34468,880d8a5ae3fffff
34469,880d8361dbfffff
34470,880d9d22a9fffff
34471,880d9d4689fffff
34472,880d9d2759fffff
34473,880d831929fffff
34474,880d9d1109fffff
34475,880d9d0301fffff
34476,880d9dc299fffff
34477,880d998b1bfffff
34478,880d9d86e1fffff
34479,880d9dd909fffff
34480,880d99361bfffff
34481,880d9d6e03fffff
34482,880d8a48e3fffff
34483,880d9d2561fffff
34484,880d83729dfffff
34485,880d9d29cbfffff
34486,880d83036bfffff
34487,880d9dd827fffff
34488,880ca4d2c1fffff
34489,880d9db1cbfffff
34490,880d99a401fffff
34491,880d9d4431fffff
34492,880d9cb49bfffff
34493,880d9dd34bfffff
34494,880d999b65fffff
34495,880d9d6a69fffff
34496,880d834f4bfffff
34497,880d991619fffff
34498,880d8a566dfffff
34499,880d999323fffff
34500,880d999a63fffff
34501,880d9d0b2dfffff
34502,880d9c3755fffff
34503,880d9d3a99fffff
34504,880d830b4bfffff
34505,880d837ab1fffff
34506,880d836c69fffff
34507,880d83cd1bfffff
34508,880d9d21abfffff
34509,880d9d52b9fffff
34510,880d9d38b1fffff
34511,880d9dab27fffff
34512,880d9d6509fffff
34513,880d9dc06bfffff
34514,880d834cc7fffff
34515,880d9c26c3fffff
34516,880d9d1ae5fffff
34517,880d998753fffff
34518,880d8341c7fffff
34519,880d834051fffff
34520,880d8a02e7fffff
34521,880d9d0ce9fffff
34522,880d9cb0a7fffff
34523,880d9cb751fffff
34524,880d9d3229fffff
34525,880d99b89dfffff
34526,880d999599fffff
34527,880d8a116bfffff
34528,880d8a01a9fffff
34529,880d9c36c7fffff
34530,880d99b621fffff
34531,880d9cb21bfffff
34532,880d8348cdfffff
34533,880d99b759fffff
34534,880d838c5dfffff
34535,880d831137fffff
34536,880d834245fffff
34537,880d9db107fffff
34538,880d8ac987fffff
34539,880d9d648dfffff
34540,880d837a2bfffff
34541,880d8351ddfffff
34542,880d98b501fffff
34543,880d8a4d07fffff
34544,880d9d55d3fffff
34545,880d9d2201fffff
34546,880d9d44e9fffff
34547,880d9d84a1fffff
34548,880d8ac541fffff
34549,880d837abbfffff
34550,880d9d44edfffff
34551,880d836f2bfffff
34552,880d9d7707fffff
34553,880d8e49c7fffff
34554,880d8351d5fffff
34555,880d83883dfffff
34556,880d8a5125fffff
34557,880d9d69ebfffff
34558,880d8a0a4dfffff
34559,880d9d004dfffff
34560,880d9d2d67fffff
34561,880d834345fffff
34562,880d9d2cbdfffff
34563,880d8a8aedfffff
34564,880d9d22adfffff
34565,880d9da18dfffff
34566,880d9d0841fffff
34567,880d9d149bfffff
34568,880d8ad4c7fffff
34569,880d9d30edfffff
34570,880d8a62c5fffff
34571,880d99b06bfffff
34572,880d9daa17fffff
34573,880d9d168bfffff
34574,880d99a651fffff
34575,880d9d9615fffff
34576,880d9cac49fffff
34577,880d8342b9fffff
34578,880d9d76edfffff
34579,880d834057fffff
34580,880d99911bfffff
34581,880ca4d959fffff
34582,880d8a4095fffff
34583,880d9d3201fffff
34584,880d9d5633fffff
34585,880d9d0ec3fffff
34586,880d998031fffff
34587,880d99b59dfffff
34588,880ca4d257fffff
34589,880d8a0113fffff
34590,880d9da227fffff
34591,880d836139fffff
34592,880d831abbfffff
34593,880d9ca4c3fffff
34594,880d9dc095fffff
34595,880d99aa47fffff
34596,880d9d733bfffff
34597,880d9d19b3fffff
34598,880d9c269dfffff
34599,880d9d38e7fffff
34600,880d99b0c1fffff
34601,880d9da8a1fffff
34602,880d9ddb09fffff
34603,880d83ca17fffff
34604,880d83574bfffff
34605,880d9d6185fffff
34606,880d83cd39fffff
34607,880d836845fffff
34608,880d999addfffff
34609,880d99b4c5fffff
34610,880d9d341bfffff
34611,880d99a419fffff
34612,880d9d460bfffff
34613,880d9d4e47fffff
34614,880d9cb269fffff
34615,880d9d2b1bfffff
34616,880d9dcd57fffff
34617,880d8a4893fffff
34618,880d8349cbfffff
34619,880d99ab19fffff
34620,880d9d4625fffff
34621,880d9dc767fffff
34622,880d9d0d17fffff
34623,880d83171dfffff
34624,880d999b3dfffff
34625,880d9d263bfffff
34626,880d9dc04bfffff
34627,880d9db5c5fffff
34628,880d836e67fffff
34629,880d9d061bfffff
34630,880d9d4e09fffff
34631,880d836c21fffff
34632,880d9d7251fffff
34633,880d99d32bfffff
34634,880d83656bfffff
34635,880d9d22ddfffff
34636,880d9cb08dfffff
34637,880d8360c9fffff
34638,880d99d649fffff
34639,880d834d05fffff
34640,880d9d78d7fffff
34641,880d9d1685fffff
34642,880d9d21dbfffff
34643,880d9d8643fffff
34644,880d998181fffff
34645,880d991643fffff
34646,880d830109fffff
34647,880d9d3757fffff
34648,880d8a6dbbfffff
34649,880d9dcb19fffff
34650,880d835985fffff
34651,880d83c81bfffff
34652,880d9dccbbfffff
34653,880d99b741fffff
34654,880d9d4151fffff
34655,880d9990dbfffff
34656,880d9da75bfffff
34657,880d999a65fffff
34658,880d9d085bfffff
34659,880d9d3765fffff
34660,880d9d2e05fffff
34661,880d9986e5fffff
34662,880d9dd4e7fffff
34663,880d9dd99bfffff
34664,880d830061fffff
34665,880d99b655fffff
34666,880d83c1a1fffff
34667,880d83472bfffff
34668,880d9d1413fffff
34669,880d8378cbfffff
34670,880d8a6963fffff
34671,880d9d7ad5fffff
34672,880d9ca449fffff
34673,880d8ac6abfffff
34674,880d8358cbfffff
34675,880d834e43fffff
34676,880d99b585fffff
34677,880d9982b1fffff
34678,880d99ad5dfffff
34679,880d9d0ed5fffff
34680,880d99b013fffff
34681,880d8a42edfffff
34682,880d9c2619fffff
34683,880d83109dfffff
34684,880d8a0199fffff
34685,880d9d2163fffff
34686,880d9d3ae5fffff
34687,880d9d711bfffff
34688,880d8344ddfffff
34689,880d835315fffff
34690,880d830127fffff
34691,880d836f31fffff
34692,880d8a6317fffff
34693,880d9ddb29fffff
34694,880d99ba43fffff
34695,880d9d2337fffff
34696,880d9d94cdfffff
34697,880d8a50d9fffff
34698,880d83cdadfffff
34699,880d9d22bbfffff
34700,880d99b45dfffff
34701,880d9d5441fffff
34702,880d99a63dfffff
34703,880d8a0015fffff
34704,880d9d3887fffff
34705,880d9c2621fffff
34706,880d998699fffff
34707,880d9d292dfffff
34708,880d8a61d1fffff
34709,880d9d2e57fffff
34710,880d9dc663fffff
34711,880d836acdfffff
34712,880d835899fffff
34713,880d9db955fffff
34714,880d9cb045fffff
34715,880d9dd8d1fffff
34716,880d99d141fffff
34717,880d83ce4bfffff
34718,880d8ace51fffff
34719,880d8318b5fffff
34720,880ca4d137fffff
34721,880d9d3ae1fffff
34722,880d9d08b5fffff
34723,880d99884dfffff
34724,880d9d7613fffff
34725,880d8312b3fffff
34726,880d9cb0e3fffff
34727,880d8a5463fffff
34728,880d998483fffff
34729,880d9d5483fffff
34730,880d8a0d63fffff
34731,880d8a014dfffff
34732,880d83100bfffff
34733,880d9d2533fffff
34734,880d9d3909fffff
34735,880d836ca9fffff
34736,880d8a6905fffff
34737,880d830e01fffff
34738,880d998533fffff
34739,880d8a1325fffff
34740,880d9c86e7fffff
34741,880d8a4349fffff
34742,880d9d7821fffff
34743,880d999b49fffff
34744,880d9dbabbfffff
34745,880d83ccb5fffff
34746,880d9d1667fffff
34747,880d9d6c05fffff
34748,880d8a4657fffff
34749,880d9d29e7fffff
34750,880d838815fffff
34751,880d9dad19fffff
34752,880d9d68d5fffff
34753,880d8e5831fffff
34754,880d9dc0d5fffff
34755,880d9cb509fffff
34756,880d834d29fffff
34757,880d99b551fffff
34758,880d999581fffff
34759,880d9dad29fffff
34760,880d9dae59fffff
34761,880d9dc74bfffff
34762,880d9d64a7fffff
34763,880d9dcda1fffff
34764,880d9da71dfffff
34765,880d9d21adfffff
34766,880d99b289fffff
34767,880d9dab39fffff
34768,880d8a5089fffff
34769,880d9cac8dfffff
34770,880d9d5089fffff
34771,880d8a4ad5fffff
34772,880d9dda0bfffff
34773,880d9d5769fffff
34774,880d8a795dfffff
34775,880d9d869dfffff
34776,880d834e2bfffff
34777,880d9dbb23fffff
34778,880d9cae97fffff
34779,880d9d5665fffff
34780,880d838ab3fffff
34781,880d9d19c3fffff
34782,880d9d6c27fffff
34783,880d9c2629fffff
34784,880d9d422bfffff
34785,880d999b09fffff
34786,880d8a6b09fffff
34787,880d9cb5abfffff
34788,880d9d2d03fffff
34789,880d8371cbfffff
34790,880d8350e9fffff
34791,880d830203fffff
34792,880d838f37fffff
34793,880d8a131dfffff
34794,880d8360b7fffff
34795,880d9dd05bfffff
34796,880d9d6015fffff
34797,880d830ad5fffff
34798,880d9cb053fffff
34799,880d9d2881fffff
34800,880d9cae91fffff
34801,880d8354c5fffff
34802,880d9d0f1bfffff
34803,880d8318ebfffff
34804,880d8a1853fffff
34805,880d8a0b03fffff
34806,880d9ca6a7fffff
34807,880d99af57fffff
34808,880d9d70cdfffff
34809,880d998505fffff
34810,880d83c531fffff
34811,880d834311fffff
34812,880d99af43fffff
34813,880d9d0c29fffff
34814,880d8a5585fffff
34815,880d991657fffff
34816,880d9d2411fffff
34817,880d8a6a1bfffff
34818,880d8a09e1fffff
34819,880d834725fffff
34820,880d9d68b9fffff
34821,880d99d029fffff
34822,880d8351e9fffff
34823,880d83c8b1fffff
34824,880d836e09fffff
34825,880d9dda5dfffff
34826,880d99b117fffff
34827,880d9dae33fffff
34828,880d9dc5b1fffff
34829,880d9c86ddfffff
34830,880d830899fffff
34831,880d9d2549fffff
34832,880d8a1223fffff
34833,880d9d01b5fffff
34834,880d83ce35fffff
34835,880d9dac45fffff
34836,880d9d699dfffff
34837,880d9d78cbfffff
34838,880d9985ebfffff
34839,880d830d83fffff
34840,880d836e33fffff
34841,880d835ad5fffff
34842,880d9db8c9fffff
34843,880d8ad80dfffff
34844,880d9d402bfffff
34845,880d9d6029fffff
34846,880d831895fffff
34847,880d8ac9dbfffff
34848,880d9c86ebfffff
34849,880d8a599dfffff
34850,880d9d096bfffff
34851,880d9da8a9fffff
34852,880d9d390bfffff
34853,880d9d0731fffff
34854,880d8a4423fffff
34855,880d9dc211fffff
34856,880d836f53fffff
34857,880d9d6843fffff
34858,880d9ddb05fffff
34859,880d83ced1fffff
34860,880d9d39d1fffff
34861,880d9dacabfffff
34862,880d9d0241fffff
34863,880d8ac8bdfffff
34864,880d9cb5d1fffff
34865,880d834ec3fffff
34866,880d9dcb57fffff
34867,880d9c3451fffff
34868,880d835a3bfffff
34869,880d837b1bfffff
34870,880d99914bfffff
34871,880d99b209fffff
34872,880d9d619bfffff
34873,880d8a0217fffff
34874,880d830acbfffff
34875,880d9d072bfffff
34876,880d83cdc7fffff
34877,880d8a19e1fffff
34878,880d8a55c9fffff
34879,880d9d2d63fffff
34880,880d8a1131fffff
34881,880d9d0c0bfffff
34882,880d83cf31fffff
34883,880d9d29e1fffff
34884,880d8368b5fffff
34885,880d9dcc33fffff
34886,880d8ac73bfffff
34887,880d9d1325fffff
34888,880d8a5013fffff
34889,880d8ac613fffff
34890,880d998701fffff
34891,880d834429fffff
34892,880d8a4139fffff
34893,880d8a6b2dfffff
34894,880d8a0705fffff
34895,880d98b653fffff
34896,880d9dd023fffff
34897,880d9d8c83fffff
34898,880d83c683fffff
34899,880d9c231bfffff
34900,880d83015dfffff
34901,880d9d5463fffff
34902,880d9d41cbfffff
34903,880d9db5adfffff
34904,880d8a4539fffff
34905,880d8a543dfffff
34906,880d9db0d7fffff
34907,880d838913fffff
34908,880d9d60a7fffff
34909,880ca4d655fffff
34910,880d9d9585fffff
34911,880d99b121fffff
34912,880d8a0255fffff
34913,880d8a1845fffff
34914,880d9d6517fffff
34915,880d8a7567fffff
34916,880d998a33fffff
34917,880d8a6921fffff
34918,880d830349fffff
34919,880d9cb1d5fffff
34920,880d8e5923fffff
34921,880d9d28b9fffff
34922,880ca4d6ebfffff
34923,880d8318a1fffff
34924,880d9dce51fffff
34925,880d9d0345fffff
34926,880d8a4d53fffff
34927,880d9dd6a7fffff
34928,880d9d6447fffff
34929,880d9d7b5dfffff
34930,880d99888bfffff
34931,880d9cb593fffff
34932,880d9d6f15fffff
34933,880d9db0e3fffff
34934,880d836a89fffff
34935,880d99b815fffff
34936,880d838ac3fffff
34937,880d9cacc7fffff
34938,880d9da0e7fffff
34939,880d9d5031fffff
34940,880d99166bfffff
34941,880d9c8643fffff
34942,880d9cae43fffff
34943,880d8a4655fffff
34944,880d8a4d69fffff
34945,880d8a028dfffff
34946,880d9dd655fffff
34947,880d8ac591fffff
34948,880d8a8f47fffff
34949,880d9dd241fffff
34950,880d9d0741fffff
34951,880d8a55b5fffff
34952,880d8a7961fffff
34953,880d9daf3bfffff
34954,880d822ecbfffff
34955,880d9dc34bfffff
34956,880d9dcf6dfffff
34957,880d9da2ebfffff
34958,880d8358abfffff
34959,880d83435bfffff
34960,880d8a5955fffff
34961,880d8a4f63fffff
34962,880d9d6b43fffff
34963,880d9dba3dfffff
34964,880d9d6e43fffff
34965,880d9d0235fffff
34966,880d9d6589fffff
34967,880d9db85bfffff
34968,880d8a7221fffff
34969,880d998ab9fffff
34970,880d9dad95fffff
34971,880d9c329dfffff
34972,880d9dc35dfffff
34973,880d8355edfffff
34974,880d836ae9fffff
34975,880d9d6299fffff
34976,880d9ca423fffff
34977,880d9db2c9fffff
34978,880d9d6f41fffff
34979,880d9c94b9fffff
34980,880d9da299fffff
34981,880d99a623fffff
34982,880d9d44d9fffff
34983,880d8a8a23fffff
34984,880d8a49edfffff
34985,880d9d6ec3fffff
34986,880d9d272dfffff
34987,880d835703fffff
34988,880d9d04d1fffff
34989,880d9d39b9fffff
34990,880d83c5d1fffff
34991,880d9992d9fffff
34992,880ca4d6c7fffff
34993,880d9d15a9fffff
34994,880d9d84bbfffff
34995,880d9dc941fffff
34996,880d9da851fffff
34997,880d830e27fffff
34998,880d9d5341fffff
34999,880d9ddaa3fffff
35000,880d9d6e3bfffff
35001,880d9dd691fffff
35002,880d8a125dfffff
35003,880d9d14d9fffff
35004,880ca4d549fffff
35005,880d99b96dfffff
35006,880d998521fffff
35007,880d8a8d0dfffff
35008,880d9dd6c9fffff
35009,880d9d10bbfffff
35010,880d9d64b1fffff
35011,880d83c5c7fffff
35012,880d998c17fffff
35013,880d8a186bfffff
35014,880d831991fffff
35015,880d99a621fffff
35016,880d834553fffff
35017,880d99a565fffff
35018,880d83486dfffff
35019,880d99a323fffff
35020,880d9d40c1fffff
35021,880d9d1187fffff
35022,880d9cad31fffff
35023,880d830a47fffff
35024,880d9d2b5dfffff
35025,880d834687fffff
35026,880d9d3a13fffff
35027,880d8a1147fffff
35028,880d834167fffff
35029,880d9d2c1dfffff
35030,880d8a11e1fffff
35031,880d8a1a39fffff
35032,880d9d344bfffff
35033,880d8a88bbfffff
35034,880d9d2b49fffff
35035,880d9dd5d3fffff
35036,880d9d6739fffff
35037,880d9d154bfffff
35038,880d9d6283fffff
35039,880d8a11c1fffff
35040,880d9d6c19fffff
35041,880d9dd86dfffff
35042,880d9d29adfffff
35043,880d9c2721fffff
35044,880d99b8d3fffff
35045,880d8a6d81fffff
35046,880d834dd9fffff
35047,880d9d31bdfffff
35048,880d8308a7fffff
35049,880d8a7355fffff
35050,880d9d11edfffff
35051,880d9d3103fffff
35052,880d9d04d5fffff
35053,880d9d74b1fffff
35054,880d98b463fffff
35055,880d98b6abfffff
35056,880d8a890dfffff
35057,880d8e5959fffff
35058,880d83730bfffff
35059,880d8354edfffff
35060,880d9da545fffff
35061,880d8a4c25fffff
35062,880d9d4eb1fffff
35063,880d99b769fffff
35064,880d99868bfffff
35065,880d9dd4d5fffff
35066,880d9cae19fffff
35067,880d834e33fffff
35068,880d98b731fffff
35069,880d98b695fffff
35070,880d9dd001fffff
35071,880d8ad5bdfffff
35072,880d837adbfffff
35073,880d8a526dfffff
35074,880d8a493bfffff
