,geohash
0,882d5dd001fffff
1,882d5dc5a1fffff
2,882d5dd885fffff
3,882d5d101bfffff
4,882d5d8f23fffff
5,882d5d9929fffff
6,882d5dc267fffff
7,882d436cb5fffff
8,882d5dc2cbfffff
9,882d5dd6e5fffff
10,882d5dc34dfffff
11,882d5dd15dfffff
12,882d5dcc0bfffff
13,882d5dc335fffff
14,882d5d8f05fffff
15,882d5d98e5fffff
16,882d5d0b6dfffff
17,882d5d1313fffff
18,882d5d1315fffff
19,882d5d1005fffff
20,882d5d894bfffff
21,882d5dc2a3fffff
22,882d5dcf2dfffff
23,882d5dd0a1fffff
24,882d5dd4edfffff
25,882d5d8d3bfffff
26,882d436a87fffff
27,882d5dc1c9fffff
28,882d5d8933fffff
29,882d5dd60dfffff
30,882d5d8c53fffff
31,882d5d81adfffff
32,882d5dd119fffff
33,882d5dc511fffff
34,882d5dd735fffff
35,882d436f03fffff
36,882d5dd043fffff
37,882d5d1937fffff
38,882d436c51fffff
39,882d5d19cdfffff
40,882d5d1995fffff
41,882d5d12c3fffff
42,882d5d18cbfffff
43,882d5dd243fffff
44,882d5dd661fffff
45,882d5dceb7fffff
46,882d5dcf15fffff
47,882d436a95fffff
48,882d5dc231fffff
49,882d4362d1fffff
50,882d5dc351fffff
51,882d5dcea3fffff
52,882d436ebdfffff
53,882d5dd6c1fffff
54,882d5dd697fffff
55,882d5dda4dfffff
56,882d5dc2c5fffff
57,882d5d8003fffff
58,882d5d9903fffff
59,882d436f0bfffff
60,882d5d1a53fffff
61,882d5dc865fffff
62,882d5d1097fffff
63,882d5dd33bfffff
64,882d5d986bfffff
65,882d5dca55fffff
66,882d5d99a7fffff
67,882d436085fffff
68,882d5dc103fffff
69,882d5d8889fffff
70,882d436e65fffff
71,882d436d19fffff
72,882d5d8817fffff
73,882d5dd563fffff
74,882d5dc8a5fffff
75,882d5dd53bfffff
76,882d5d9911fffff
77,882d5dd167fffff
78,882d43600bfffff
79,882d5d8349fffff
80,882d5d8e43fffff
81,882d5dc29dfffff
82,882d436319fffff
83,882d5dd331fffff
84,882d5dcac1fffff
85,882d5d11e3fffff
86,882d5ca483fffff
87,882d5ddaddfffff
88,882d5d112dfffff
89,882d5dd1a9fffff
90,882d5dc347fffff
91,882d5dcb49fffff
92,882d5d8131fffff
93,882d5dd62dfffff
94,882d436e01fffff
95,882d5d8c07fffff
96,882d5dd35dfffff
97,882d5d1217fffff
98,882d5d1661fffff
99,882d5dc833fffff
100,882d5dd48dfffff
101,882d5dc237fffff
102,882d5dd253fffff
103,882d5d1247fffff
104,882d5dc661fffff
105,882d5dd4d3fffff
106,882d5dc72dfffff
107,882d5d56b5fffff
108,882d436181fffff
109,882d5dc641fffff
110,882d5d10d9fffff
111,882d5d11e5fffff
112,882d5d12a7fffff
113,882d5dc2d5fffff
114,882d5d1855fffff
115,882d5d12c9fffff
116,882d5dc255fffff
117,882d5dd81dfffff
118,882d5dc649fffff
119,882d5d1163fffff
120,882d436059fffff
121,882d5d81abfffff
122,882d5dd741fffff
123,882d43608dfffff
124,882d5dd00dfffff
125,882d5dca8bfffff
126,882d5d8c4bfffff
127,882d5dd063fffff
128,882d5dc681fffff
129,882d5dd991fffff
130,882d5d19abfffff
131,882d436c03fffff
132,882d437521fffff
133,882d436db9fffff
134,882d436019fffff
135,882d5d8813fffff
136,882d5dcac9fffff
137,882d436d9bfffff
138,882d5dd521fffff
139,882d5d1abbfffff
140,882d5dc081fffff
141,882d4375c9fffff
142,882d5dc121fffff
143,882d5d9ae3fffff
144,882d5d8e05fffff
145,882d5d9933fffff
146,882d5dc4adfffff
147,882d5dc1adfffff
148,882d5dd8c1fffff
149,882d436aa9fffff
150,882d5dc5e9fffff
151,882d5dc769fffff
152,882d43753dfffff
153,882d5d9b3dfffff
154,882d436d37fffff
155,882d5dd115fffff
156,882d5d89cbfffff
157,882d5dc257fffff
158,882d5dce63fffff
159,882d5dc5cbfffff
160,882d436d51fffff
161,882d436f5dfffff
162,882d5d8887fffff
163,882d5d8b43fffff
164,882d5dc643fffff
165,882d5dc8c3fffff
166,882d5d88d1fffff
167,882d5dd9c1fffff
168,882d5dd611fffff
169,882d5dc127fffff
170,882d5dd71bfffff
171,882d5d88e7fffff
172,882d436c15fffff
173,882d5dd2c9fffff
174,882d5ca4c1fffff
175,882d436dddfffff
176,882d5d8807fffff
177,882d5dd369fffff
178,882d5ddac3fffff
179,882d5d98cdfffff
180,882d436eb1fffff
181,882d5d9991fffff
182,882d436c0dfffff
183,882d5d834bfffff
184,882d5dd98dfffff
185,882d5dca83fffff
186,882d5d9b15fffff
187,882d5d8b09fffff
188,882d5dcb01fffff
189,882d5dd5c7fffff
190,882d5ca6d7fffff
191,882d5d18c5fffff
192,882d5d18dbfffff
193,882d436f45fffff
194,882d5d9939fffff
195,882d5dd5edfffff
196,882d5d8ce1fffff
197,882d5dc453fffff
198,882d5d8dd1fffff
199,882d436c23fffff
200,882d5d8d07fffff
201,882d5d8ab9fffff
202,882d4362bbfffff
203,882d5dcf01fffff
204,882d5dd89bfffff
205,882d5dc211fffff
206,882d5d133bfffff
207,882d5dd021fffff
208,882d5dc657fffff
209,882d5d8321fffff
210,882d5d8f11fffff
211,882d5d1055fffff
212,882d5dd0c5fffff
213,882d5dda15fffff
214,882d5dcf53fffff
215,882d5d195dfffff
216,882d436d53fffff
217,882d5dd503fffff
218,882d5d806dfffff
219,882d5dca33fffff
220,882d5d1345fffff
221,882d5dd493fffff
222,882d5d1751fffff
223,882d5dd627fffff
224,882d436199fffff
225,882d5d8111fffff
226,882d5d89cdfffff
227,882d5d99cbfffff
228,882d5dce53fffff
229,882d5d8047fffff
230,882d5dd489fffff
231,882d436995fffff
232,882d436de5fffff
233,882d5dcc63fffff
234,882d5dd50dfffff
235,882d5d8923fffff
236,882d5d56c9fffff
237,882d5dda6bfffff
238,882d5dd803fffff
239,882d5dc515fffff
240,882d5d19c5fffff
241,882d5dd1d7fffff
242,882d5dcc4dfffff
243,882d5d9801fffff
244,882d43604bfffff
245,882d5dc845fffff
246,882d5dcc07fffff
247,882d5d8105fffff
248,882d5dc763fffff
249,882d436addfffff
250,882d5dcae9fffff
251,882d5dd349fffff
252,882d5d18c3fffff
253,882d5dce87fffff
254,882d5d5691fffff
255,882d5dc00bfffff
256,882d436f0dfffff
257,882d5d104bfffff
258,882d5d88e1fffff
259,882d5d18ddfffff
260,882d436da7fffff
261,882d5dcf31fffff
262,882d436053fffff
263,882d5dccd9fffff
264,882d5dd08bfffff
265,882d5dc241fffff
266,882d5dce37fffff
267,882d5dce31fffff
268,882d5dc801fffff
269,882d5d9843fffff
270,882d5c36d3fffff
271,882d5dd585fffff
272,882d436c05fffff
273,882d5dd5cdfffff
274,882d436c4bfffff
275,882d436f69fffff
276,882d5d1b15fffff
277,882d437435fffff
278,882d5dc6a3fffff
279,882d5dd5ddfffff
280,882d5dc31bfffff
281,882d5dc12dfffff
282,882d436017fffff
283,882d5d1339fffff
284,882d5dd429fffff
285,882d5dcb09fffff
286,882d5d8cedfffff
287,882d5d108bfffff
288,882d5dd20dfffff
289,882d5d834dfffff
290,882d5dc803fffff
291,882d5d991dfffff
292,882d5dd13dfffff
293,882d436ac7fffff
294,882d5d8339fffff
295,882d5d8c81fffff
296,882d5d992bfffff
297,882d436829fffff
298,882d5dc329fffff
299,882d5d814bfffff
300,882d5d8b05fffff
301,882d5d12dbfffff
302,882d5d8199fffff
303,882d436a8bfffff
304,882d5dc727fffff
305,882d5d8a67fffff
306,882d5d12c1fffff
307,882d4362a1fffff
308,882d5d81b3fffff
309,882d5dd637fffff
310,882d5d1b0bfffff
311,882d436c11fffff
312,882d437421fffff
313,882d436105fffff
314,882d436f6dfffff
315,882d5dc311fffff
316,882d5d569bfffff
317,882d5d8c33fffff
318,882d5ca493fffff
319,882d5d9a91fffff
320,882d5dcb57fffff
321,882d5dc403fffff
322,882d5dc217fffff
323,882d5d12c5fffff
324,882d5d8cabfffff
325,882d5d894dfffff
326,882d5dd535fffff
327,882d5d890bfffff
328,882d5d1265fffff
329,882d5dd6dbfffff
330,882d5dc22dfffff
331,882d5dc313fffff
332,882d5d1a41fffff
333,882d5d1905fffff
334,882d5dc04bfffff
335,882d436067fffff
336,882d5dd1ddfffff
337,882d43685bfffff
338,882d43675dfffff
339,882d5d1091fffff
340,882d436a27fffff
341,882d5d19d9fffff
342,882d5dda3bfffff
343,882d5dc36dfffff
344,882d5dc63bfffff
345,882d5d8a19fffff
346,882d5d106dfffff
347,882d5d1231fffff
348,882d5ddab1fffff
349,882d5dd1e7fffff
350,882d5dd83bfffff
351,882d5dd42dfffff
352,882d5d8b0bfffff
353,882d5d1a8bfffff
354,882d5dd2d5fffff
355,882d5dc6bbfffff
356,882d5dcd5bfffff
357,882d5d1467fffff
358,882d5d1109fffff
359,882d5d8a39fffff
360,882d5d1027fffff
361,882d5d1465fffff
362,882d5dc88bfffff
363,882d436183fffff
364,882d5d166bfffff
365,882d5dc6ddfffff
366,882d5dd041fffff
367,882d5dc849fffff
368,882d5d812dfffff
369,882d5dc261fffff
370,882d436891fffff
371,882d5dd2e5fffff
372,882d5dc8dbfffff
373,882d43619dfffff
374,882d5d1107fffff
375,882d5dc739fffff
376,882d5d0341fffff
377,882d5d8363fffff
378,882d5dd093fffff
379,882d5d1763fffff
380,882d5dc023fffff
381,882d5d1043fffff
382,882d5d180bfffff
383,882d5dca93fffff
384,882d43610bfffff
385,882d5dcf61fffff
386,882d5dc759fffff
387,882d5d1117fffff
388,882d5dd12dfffff
389,882d5d8837fffff
390,882d436cbbfffff
391,882d436f49fffff
392,882d5d9ab7fffff
393,882d5dce6dfffff
394,882d436005fffff
395,882d5d99c7fffff
396,882d5dd757fffff
397,882d5d832bfffff
398,882d5dc0d9fffff
399,882d5dceb9fffff
400,882d5dd665fffff
401,882d5dd59dfffff
402,882d5d1165fffff
403,882d5d9a13fffff
404,882d5ddac1fffff
405,882d4368c7fffff
406,882d5dc287fffff
407,882d5d173dfffff
408,882d436d39fffff
409,882d436d03fffff
410,882d5d8b23fffff
411,882d5d9ab9fffff
412,882d5d9b39fffff
413,882d5d9997fffff
414,882d5c36dbfffff
415,882d5d8d93fffff
416,882d5dd8e7fffff
417,882d5dc461fffff
418,882d5dc037fffff
419,882d5d8d8dfffff
420,882d5dd1b1fffff
421,882d5d1121fffff
422,882d5dca37fffff
423,882d5dd8b3fffff
424,882d436185fffff
425,882d5dd21dfffff
426,882d4368bdfffff
427,882d4369c9fffff
428,882d436293fffff
429,882d5d544dfffff
430,882d5d1843fffff
431,882d5ddaa7fffff
432,882d5dce3bfffff
433,882d5dd5a3fffff
434,882d5d18e7fffff
435,882d5d034dfffff
436,882d5dd5c5fffff
437,882d5dcb45fffff
438,882d5d1807fffff
439,882d5d8dc5fffff
440,882d5dd599fffff
441,882d5dcab1fffff
442,882d5d8331fffff
443,882d5d8949fffff
444,882d5d56a7fffff
445,882d5d8897fffff
446,882d5dd681fffff
447,882d436c8bfffff
448,882d5dc4b3fffff
449,882d5d9959fffff
450,882d436d15fffff
451,882d5d1325fffff
452,882d5dd181fffff
453,882d436eb7fffff
454,882d436d25fffff
455,882d5d8f65fffff
456,882d5dc21bfffff
457,882d5dcb53fffff
458,882d5dc755fffff
459,882d5d8335fffff
460,882d436c9bfffff
461,882d5d1a49fffff
462,882d5dce6bfffff
463,882d5dd753fffff
464,882d5d8ae1fffff
465,882d5d999bfffff
466,882d5dd329fffff
467,882d5dc897fffff
468,882d5dc481fffff
469,882d5d88ebfffff
470,882d5d9861fffff
471,882d5d1149fffff
472,882d5d8355fffff
473,882d5dca4dfffff
474,882d5d9aabfffff
475,882d5d9b03fffff
476,882d5d889bfffff
477,882d5dd73bfffff
478,882d436c9dfffff
479,882d5dc549fffff
480,882d5d1815fffff
481,882d5dca51fffff
482,882d43688bfffff
483,882d5dc5abfffff
484,882d5dc437fffff
485,882d5d545dfffff
486,882d5d986dfffff
487,882d5dd689fffff
488,882d5d9b31fffff
489,882d5d19dbfffff
490,882d5d8167fffff
491,882d5dd9ebfffff
492,882d5d9985fffff
493,882d5dd867fffff
494,882d5d816bfffff
495,882d5dc953fffff
496,882d5d8997fffff
497,882d5dce85fffff
498,882d5dd165fffff
499,882d4375edfffff
500,882d436dc7fffff
501,882d5d12a9fffff
502,882d5d832dfffff
503,882d5d12d3fffff
504,882d5dc047fffff
505,882d436985fffff
506,882d5d98b5fffff
507,882d5dc593fffff
508,882d4360e7fffff
509,882d436c33fffff
510,882d5dd6b5fffff
511,882d5d1319fffff
512,882d5dcf4dfffff
513,882d5d91c7fffff
514,882d5d8aa7fffff
515,882d5dd733fffff
516,882d436857fffff
517,882d5d8327fffff
518,882d5d1749fffff
519,882d5d1823fffff
520,882d5dd88dfffff
521,882d5d19ebfffff
522,882d5d036dfffff
523,882d5d91edfffff
524,882d5dd441fffff
525,882d5dca69fffff
526,882d5d8f67fffff
527,882d5d145dfffff
528,882d5dc9c9fffff
529,882d5dcc1dfffff
530,882d5dc4a3fffff
531,882d5dd45dfffff
532,882d5dd541fffff
533,882d4362adfffff
534,882d5dc23dfffff
535,882d5d8d83fffff
536,882d5dc5d3fffff
537,882d436839fffff
538,882d5dd645fffff
539,882d5d8f6bfffff
540,882d436f3dfffff
541,882d5d8229fffff
542,882d5dd137fffff
543,882d437425fffff
544,882d5dd713fffff
545,882d5dc269fffff
546,882d5dc1a1fffff
547,882d5dc203fffff
548,882d436c13fffff
549,882d5dd463fffff
550,882d5dc0c1fffff
551,882d5dc097fffff
552,882d5d806bfffff
553,882d436195fffff
554,882d5d1127fffff
555,882d5d1a31fffff
556,882d5dc545fffff
557,882d5d8927fffff
558,882d5dd2bbfffff
559,882d5dd1abfffff
560,882d5dd1edfffff
561,882d5dcae1fffff
562,882d436289fffff
563,882d5dda8bfffff
564,882d5d8ca1fffff
565,882d5d1a1dfffff
566,882d5dc767fffff
567,882d5dca2bfffff
568,882d5dc2bdfffff
569,882d5d8d4dfffff
570,882d5d8185fffff
571,882d5dd4ddfffff
572,882d5d8de7fffff
573,882d5d831bfffff
574,882d5d99ebfffff
575,882d436e97fffff
576,882d5d99c9fffff
577,882d5d154bfffff
578,882d5d140bfffff
579,882d5d8345fffff
580,882d5dca07fffff
581,882d5d8cc5fffff
582,882d5d9aa9fffff
583,882d5d8143fffff
584,882d5dd2a3fffff
585,882d5dd60bfffff
586,882d5d8c15fffff
587,882d5dd525fffff
588,882d5dcc61fffff
589,882d5dd327fffff
590,882d5d1ad3fffff
591,882d5d11bbfffff
592,882d4361c1fffff
593,882d5d89d3fffff
594,882d436dc1fffff
595,882d5dd743fffff
596,882d5dd61bfffff
597,882d5dd499fffff
598,882d5d125dfffff
599,882d5d8de5fffff
600,882d5dd651fffff
601,882d5d1a39fffff
602,882d5dcc53fffff
603,882d5ca681fffff
604,882d5d10c1fffff
605,882d5d88a5fffff
606,882d5dcab9fffff
607,882d5dc829fffff
608,882d436041fffff
609,882d436133fffff
610,882d5d8a17fffff
611,882d436e6bfffff
612,882d43691dfffff
613,882d5d88c7fffff
614,882d436c0bfffff
615,882d5d99ddfffff
616,882d5d1351fffff
617,882d5d8dedfffff
618,882d5d8065fffff
619,882d436cadfffff
620,882d5dd8b9fffff
621,882d5d030bfffff
622,882d5dc4ddfffff
623,882d5dcec3fffff
624,882d5dd30bfffff
625,882d5dc5d5fffff
626,882d5dc807fffff
627,882d5dc751fffff
628,882d5ddabbfffff
629,882d4369ddfffff
630,882d5d8b25fffff
631,882d5d1841fffff
632,882d5dc455fffff
633,882d5dcc19fffff
634,882d5dc05bfffff
635,882d5d9a25fffff
636,882d5dd8e9fffff
637,882d5d89a9fffff
638,882d43623bfffff
639,882d5d8de3fffff
640,882d5dc88dfffff
641,882d5dd64bfffff
642,882d5dc647fffff
643,882d436e87fffff
644,882d5d1701fffff
645,882d5d1287fffff
646,882d5d99e5fffff
647,882d5dcaadfffff
648,882d4369e5fffff
649,882d436c91fffff
650,882d436dc3fffff
651,882d5dc407fffff
652,882d5d80a1fffff
653,882d5dc229fffff
654,882d5d56d3fffff
655,882d5dd0c1fffff
656,882d5d8191fffff
657,882d5d11cbfffff
658,882d43600dfffff
659,882d5dc4c1fffff
660,882d5dd887fffff
661,882d5dc303fffff
662,882d5dda33fffff
663,882d5d8ad7fffff
664,882d5dc563fffff
665,882d436c1dfffff
666,882d5d8f4dfffff
667,882d5ca481fffff
668,882d5d10c3fffff
669,882d5dd6b3fffff
670,882d5ddad1fffff
671,882d5d1757fffff
672,882d5d9185fffff
673,882d5d8d91fffff
674,882d4360bbfffff
675,882d5d1715fffff
676,882d436ebbfffff
677,882d5dd74dfffff
678,882d5dd893fffff
679,882d5d193dfffff
680,882d5d19a7fffff
681,882d5d1445fffff
682,882d5d1285fffff
683,882d5d8165fffff
684,882d5dce9bfffff
685,882d5dca15fffff
686,882d4361ddfffff
687,882d436339fffff
688,882d5d1b5bfffff
689,882d436a2dfffff
690,882d436313fffff
691,882d5dcac7fffff
692,882d5dd715fffff
693,882d4368d3fffff
694,882d5dda31fffff
695,882d436f19fffff
696,882d436eadfffff
697,882d43656bfffff
698,882d5d8107fffff
699,882d5d182dfffff
700,882d436eabfffff
701,882d436db3fffff
702,882d5dc43dfffff
703,882d5dd85bfffff
704,882d436189fffff
705,882d5dd40bfffff
706,882d5d8ac5fffff
707,882d436e19fffff
708,882d5dc293fffff
709,882d5d9981fffff
710,882d5d11ebfffff
711,882d5dd491fffff
712,882d5dd5cbfffff
713,882d436867fffff
714,882d436e21fffff
715,882d5dd8abfffff
716,882d5dd9b9fffff
717,882d5dc4a1fffff
718,882d5dd983fffff
719,882d5dcf17fffff
720,882d5dcf29fffff
721,882d5d1741fffff
722,882d5dc53dfffff
723,882d5dd6ebfffff
724,882d5d8c65fffff
725,882d436d69fffff
726,882d5dcc47fffff
727,882d5d8a27fffff
728,882d5d8b15fffff
729,882d436cc7fffff
730,882d5dc353fffff
731,882d5dc125fffff
732,882d5dc835fffff
733,882d5dcc1bfffff
734,882d5dd6ddfffff
735,882d5d1181fffff
736,882d5dc209fffff
737,882d5d8a69fffff
738,882d5d8d41fffff
739,882d5dc01dfffff
740,882d5d160dfffff
741,882d5ca697fffff
742,882d5dc65dfffff
743,882d5d130dfffff
744,882d436a37fffff
745,882d5d99d5fffff
746,882d5d8343fffff
747,882d4361abfffff
748,882d5dd621fffff
749,882d5dc831fffff
750,882d436e1dfffff
751,882d5d1003fffff
752,882d4368e9fffff
753,882d5dcf67fffff
754,882d5dc0e5fffff
755,882d5dd027fffff
756,882d5dd609fffff
757,882d5d0b41fffff
758,882d5d8819fffff
759,882d5dc753fffff
760,882d5dc33bfffff
761,882d436e13fffff
762,882d5dda13fffff
763,882d436c49fffff
764,882d436e51fffff
765,882d5dc40dfffff
766,882d5d89a1fffff
767,882d436ae9fffff
768,882d5d8c29fffff
769,882d5dd2ebfffff
770,882d5dd03bfffff
771,882d5dc32bfffff
772,882d5dd025fffff
773,882d5dd193fffff
774,882d5d1a97fffff
775,882d5dda19fffff
776,882d5dcaa7fffff
777,882d5dca67fffff
778,882d5d8d2dfffff
779,882d5d146dfffff
780,882d5dd1d1fffff
781,882d5d98a7fffff
782,882d5d99a3fffff
783,882d5d982dfffff
784,882d5d8c17fffff
785,882d5dd2e1fffff
786,882d5d5637fffff
787,882d5d1859fffff
788,882d5dc535fffff
789,882d5dc441fffff
790,882d5d1913fffff
791,882d436869fffff
792,882d5dcb5dfffff
793,882d5d8f61fffff
794,882d5d0357fffff
795,882d5dd4cdfffff
796,882d5dc615fffff
797,882d5dd667fffff
798,882d436cabfffff
799,882d5dc507fffff
800,882d4360a7fffff
801,882d5d1007fffff
802,882d5dd6d9fffff
803,882d5d10cdfffff
804,882d5dd057fffff
805,882d5dda53fffff
806,882d5dc29bfffff
807,882d5dce0bfffff
808,882d5dd1c3fffff
809,882d5dda35fffff
810,882d5dd985fffff
811,882d5d166dfffff
812,882d5d8221fffff
813,882d5dc521fffff
814,882d5d8915fffff
815,882d5dd217fffff
816,882d5d9957fffff
817,882d5dce11fffff
818,882d436a9bfffff
819,882d5d0369fffff
820,882d5d8b11fffff
821,882d5dc2bbfffff
822,882d4375b5fffff
823,882d5dc41dfffff
824,882d5dcf51fffff
825,882d5dc23bfffff
826,882d5d890dfffff
827,882d5d1a99fffff
828,882d5dd9dbfffff
829,882d5dc6cdfffff
830,882d5dc307fffff
831,882d437523fffff
832,882d5d1099fffff
833,882d5dd69bfffff
834,882d5dce4bfffff
835,882d5dc1a7fffff
836,882d4368c1fffff
837,882d5d8c69fffff
838,882d5d8ca5fffff
839,882d5d8ae5fffff
840,882d5d8855fffff
841,882d5dc445fffff
842,882d5d8d4bfffff
843,882d436c99fffff
844,882d5d1831fffff
845,882d5d1059fffff
846,882d5d1647fffff
847,882d436ce7fffff
848,882d437535fffff
849,882d5dcac3fffff
850,882d5dd229fffff
851,882d5dd059fffff
852,882d5d88d5fffff
853,882d5dc01bfffff
854,882d5dd831fffff
855,882d5d983bfffff
856,882d5d8c11fffff
857,882d5d8987fffff
858,882d5dc8e1fffff
859,882d5d1addfffff
860,882d5dd2d7fffff
861,882d5dd9b7fffff
862,882d5d8a89fffff
863,882d436a53fffff
864,882d5d1053fffff
865,882d4362dbfffff
866,882d5ca4a3fffff
867,882d5dd199fffff
868,882d5d9921fffff
869,882d5dc2a1fffff
870,882d5dc115fffff
871,882d5d9949fffff
872,882d5d1155fffff
873,882d5dceadfffff
874,882d5dc637fffff
875,882d5dd9cbfffff
876,882d5d981bfffff
877,882d5dcf49fffff
878,882d436153fffff
879,882d5d10d1fffff
880,882d5dc737fffff
881,882d5dc451fffff
882,882d5dc369fffff
883,882d5dd6b7fffff
884,882d5d8ad5fffff
885,882d5dcacbfffff
886,882d5dc005fffff
887,882d5d8821fffff
888,882d5d81a5fffff
889,882d43699bfffff
890,882d5d8c19fffff
891,882d5d1833fffff
892,882d5dd363fffff
893,882d5d892bfffff
894,882d5dd2b9fffff
895,882d5d569dfffff
896,882d5ca489fffff
897,882d4360abfffff
898,882d5dc1d3fffff
899,882d5d8db1fffff
900,882d5dd99bfffff
901,882d5dce35fffff
902,882d5dd5a1fffff
903,882d5dc863fffff
904,882d43683dfffff
905,882d436d31fffff
906,882d436235fffff
907,882d5d1123fffff
908,882d43628dfffff
909,882d5dd815fffff
910,882d5dc653fffff
911,882d5dd4e7fffff
912,882d4362a7fffff
913,882d5dc123fffff
914,882d5dd35bfffff
915,882d436f41fffff
916,882d5d18d9fffff
917,882d5dd235fffff
918,882d5dc349fffff
919,882d5d8a4bfffff
920,882d5d1229fffff
921,882d4369ebfffff
922,882d5dd561fffff
923,882d437423fffff
924,882d5dd033fffff
925,882d436d3dfffff
926,882d5d8a91fffff
927,882d436cd5fffff
928,882d436ee1fffff
929,882d5d995bfffff
930,882d5d193bfffff
931,882d5d8101fffff
932,882d4360b3fffff
933,882d5d1883fffff
934,882d5d1889fffff
935,882d5d8c4dfffff
936,882d5dc623fffff
937,882d5d8981fffff
938,882d5d1363fffff
939,882d5dc4cbfffff
940,882d5d19e1fffff
941,882d5dd663fffff
942,882d5dc8bbfffff
943,882d436a1dfffff
944,882d5dc031fffff
945,882d5d1755fffff
946,882d5dd4e5fffff
947,882d5d9987fffff
948,882d5dc839fffff
949,882d436e69fffff
950,882d5d181dfffff
951,882d5d1293fffff
952,882d5dd595fffff
953,882d5dd617fffff
954,882d436ca1fffff
955,882d5d8e61fffff
956,882d436915fffff
957,882d5dc80bfffff
958,882d5d1267fffff
959,882d5dd301fffff
960,882d5dc635fffff
961,882d5d8ad9fffff
962,882d5dd953fffff
963,882d436013fffff
964,882d5dc891fffff
965,882d5dd98bfffff
966,882d5d1a21fffff
967,882d5d8c8dfffff
968,882d5dd2edfffff
969,882d5dd129fffff
970,882d5d8317fffff
971,882d5d19edfffff
972,882d5d8899fffff
973,882d5dc1e1fffff
974,882d5d1359fffff
975,882d5dc1a3fffff
976,882d5dd4e3fffff
977,882d5d1703fffff
978,882d4362cdfffff
979,882d5dd8cbfffff
980,882d5dd6bdfffff
981,882d5dc5a3fffff
982,882d5ca4b1fffff
983,882d436dbbfffff
984,882d5d198dfffff
985,882d5dda21fffff
986,882d5dc757fffff
987,882d5d9857fffff
988,882d5dd223fffff
989,882d436ad7fffff
990,882d5dd339fffff
991,882d5d8b4dfffff
992,882d5dcb4bfffff
993,882d5d9a21fffff
994,882d5d8b19fffff
995,882d5d1907fffff
996,882d5dd9a1fffff
997,882d5dd2b1fffff
998,882d5d1753fffff
999,882d5d1ab9fffff
1000,882d5dceb5fffff
1001,882d5dce49fffff
1002,882d5ddaa5fffff
1003,882d5dcea7fffff
1004,882d436809fffff
1005,882d5dc221fffff
1006,882d5dc51dfffff
1007,882d5d8ae7fffff
1008,882d436157fffff
1009,882d5dd719fffff
1010,882d5d1451fffff
1011,882d436c53fffff
1012,882d5d9127fffff
1013,882d5dd187fffff
1014,882d43633bfffff
1015,882d5dda01fffff
1016,882d5dc713fffff
1017,882d5dd86dfffff
1018,882d5d8b5dfffff
1019,882d5dd8ebfffff
1020,882d5d1aa5fffff
1021,882d5dc743fffff
1022,882d436db1fffff
1023,882d436815fffff
1024,882d5d9851fffff
1025,882d5dc89dfffff
1026,882d5d1717fffff
1027,882d5dd4cbfffff
1028,882d5d12b7fffff
1029,882d5dc265fffff
1030,882d5d8a59fffff
1031,882d5d81ddfffff
1032,882d5dc333fffff
1033,882d436f61fffff
1034,882d5dd32dfffff
1035,882d5d8125fffff
1036,882d5c369bfffff
1037,882d5dd623fffff
1038,882d5ca6bbfffff
1039,882d436ea5fffff
1040,882d436805fffff
1041,882d5d8b67fffff
1042,882d5d8c0dfffff
1043,882d5dda41fffff
1044,882d5ca4b7fffff
1045,882d4362bdfffff
1046,882d5dd71dfffff
1047,882d5d175bfffff
1048,882d5d8193fffff
1049,882d5d8d13fffff
1050,882d5d89a3fffff
1051,882d5d8d59fffff
1052,882d5dd1ebfffff
1053,882d5d9133fffff
1054,882d5d12c7fffff
1055,882d5dd64dfffff
1056,882d5d1a17fffff
1057,882d5dc651fffff
1058,882d5dcaebfffff
1059,882d436847fffff
1060,882d5d80e5fffff
1061,882d5d89b1fffff
1062,882d43603bfffff
1063,882d5d8c03fffff
1064,882d5dc0abfffff
1065,882d436aa1fffff
1066,882d5d11adfffff
1067,882d5d896dfffff
1068,882d5d1a61fffff
1069,882d436ad9fffff
1070,882d5d0363fffff
1071,882d5dd4d7fffff
1072,882d5dc735fffff
1073,882d5dc8e7fffff
1074,882d436d89fffff
1075,882d5d1283fffff
1076,882d5d8c01fffff
1077,882d5dd25dfffff
1078,882d5d81edfffff
1079,882d4362a5fffff
1080,882d5d9845fffff
1081,882d436dadfffff
1082,882d5d9a8dfffff
1083,882d5ca6ddfffff
1084,882d43686bfffff
1085,882d5d9121fffff
1086,882d5d1051fffff
1087,882d5ddb17fffff
1088,882d5dc2edfffff
1089,882d5dca11fffff
1090,882d436d09fffff
1091,882d5dd02dfffff
1092,882d5ca4a9fffff
1093,882d5d811dfffff
1094,882d5d1a9dfffff
1095,882d5d1125fffff
1096,882d5d8323fffff
1097,882d436295fffff
1098,882d5d8895fffff
1099,882d436ae1fffff
1100,882d43628bfffff
1101,882d5dc887fffff
1102,882d5ca6d1fffff
1103,882d5d9813fffff
1104,882d436f43fffff
1105,882d5d1205fffff
1106,882d5dd293fffff
1107,882d5dc2c7fffff
1108,882d5d9b13fffff
1109,882d5d1169fffff
1110,882d5d8c5dfffff
1111,882d5dd5c9fffff
1112,882d5dd141fffff
1113,882d5dca61fffff
1114,882d5dc8abfffff
1115,882d5dd845fffff
1116,882d5dc621fffff
1117,882d5dc841fffff
1118,882d5ddae7fffff
1119,882d5dd241fffff
1120,882d5d175dfffff
1121,882d5d561bfffff
1122,882d5dd869fffff
1123,882d5dd01bfffff
1124,882d436dd1fffff
1125,882d5dda8dfffff
1126,882d5d885dfffff
1127,882d4375a1fffff
1128,882d5d8313fffff
1129,882d5d5453fffff
1130,882d5dd011fffff
1131,882d5d8939fffff
1132,882d5dc8bdfffff
1133,882d5dc867fffff
1134,882d4361bdfffff
1135,882d5dc6d5fffff
1136,882d5dd11dfffff
1137,882d5dd81bfffff
1138,882d5dc4abfffff
1139,882d5d9129fffff
1140,882d5d0365fffff
1141,882d5dc68bfffff
1142,882d5d8195fffff
1143,882d5d8f07fffff
1144,882d5dd519fffff
1145,882d5dc6d9fffff
1146,882d5dc1e3fffff
1147,882d5dd487fffff
1148,882d5dd729fffff
1149,882d5d1b4dfffff
1150,882d5d0323fffff
1151,882d4361b7fffff
1152,882d5d893bfffff
1153,882d5d1a63fffff
1154,882d5dcc51fffff
1155,882d5dced5fffff
1156,882d5d998dfffff
1157,882d5d88cbfffff
1158,882d5dc4d1fffff
1159,882d5dd0b7fffff
1160,882d5dce21fffff
1161,882d43656dfffff
1162,882d436ab7fffff
1163,882d5dc155fffff
1164,882d5dc35dfffff
1165,882d5d9b6bfffff
1166,882d436e33fffff
1167,882d5d1167fffff
1168,882d4369a3fffff
1169,882d5d8a33fffff
1170,882d5dc4a5fffff
1171,882d5d0367fffff
1172,882d5d56cbfffff
1173,882d436c2bfffff
1174,882d5dc053fffff
1175,882d5d8f41fffff
1176,882d5dc1b5fffff
1177,882d5dcf3bfffff
1178,882d5dd483fffff
1179,882d5dd841fffff
1180,882d5d9b69fffff
1181,882d5dc555fffff
1182,882d5dc18dfffff
1183,882d5d1307fffff
1184,882d5d89ebfffff
1185,882d5d8d97fffff
1186,882d5dd1bdfffff
1187,882d5dd49bfffff
1188,882d5d8909fffff
1189,882d436ee7fffff
1190,882d5dd9e9fffff
1191,882d5d19d5fffff
1192,882d436eb9fffff
1193,882d5d9a3bfffff
1194,882d5dc607fffff
1195,882d436831fffff
1196,882d5d98b9fffff
1197,882d5dc10dfffff
1198,882d5d8357fffff
1199,882d4368cdfffff
1200,882d436d1dfffff
1201,882d5dc633fffff
1202,882d436ab1fffff
1203,882d5d8d49fffff
1204,882d436f3bfffff
1205,882d5dcc6dfffff
1206,882d5d9841fffff
1207,882d5d8d9bfffff
1208,882d5d89e5fffff
1209,882d5d56e3fffff
1210,882d4375abfffff
1211,882d436015fffff
1212,882d4369e7fffff
1213,882d5d1195fffff
1214,882d5d1015fffff
1215,882d5dd91bfffff
1216,882d5d11abfffff
1217,882d5d8169fffff
1218,882d436f27fffff
1219,882d5dd295fffff
1220,882d5d18e5fffff
1221,882d5ca4b5fffff
1222,882d5dcd51fffff
1223,882d5d10c5fffff
1224,882d5dd289fffff
1225,882d5d8117fffff
1226,882d436c5bfffff
1227,882d5d19cbfffff
1228,882d5dcd5dfffff
1229,882d436989fffff
1230,882d5dd205fffff
1231,882d5dd36dfffff
1232,882d5ca48dfffff
1233,882d5dce59fffff
1234,882d5d1845fffff
1235,882d5dc4cdfffff
1236,882d5dd12bfffff
1237,882d5dc5b1fffff
1238,882d436101fffff
1239,882d5d1713fffff
1240,882d436d59fffff
1241,882d436031fffff
1242,882d5dc715fffff
1243,882d5d1135fffff
1244,882d5d1a3dfffff
1245,882d5d568bfffff
1246,882d5d113dfffff
1247,882d5d8025fffff
1248,882d5dc469fffff
1249,882d5d9803fffff
1250,882d43682dfffff
1251,882d436a07fffff
1252,882d5d8f0bfffff
1253,882d5d164dfffff
1254,882d5dc539fffff
1255,882d5d89d1fffff
1256,882d5d913bfffff
1257,882d5d1835fffff
1258,882d5dc5edfffff
1259,882d4368a5fffff
1260,882d5d1a3bfffff
1261,882d5d984dfffff
1262,882d5dc2abfffff
1263,882d5d9a93fffff
1264,882d5d18d1fffff
1265,882d5d108dfffff
1266,882d5dc4c7fffff
1267,882d5d1545fffff
1268,882d4368c9fffff
1269,882d5d9847fffff
1270,882d5d8c31fffff
1271,882d43622bfffff
1272,882d5dce95fffff
1273,882d43689dfffff
1274,882d5ca4d3fffff
1275,882d5d8957fffff
1276,882d5dd13bfffff
1277,882d436569fffff
1278,882d5d0b47fffff
1279,882d5dd505fffff
1280,882d5ca691fffff
1281,882d5dcec5fffff
1282,882d5d1adbfffff
1283,882d5dc4b9fffff
1284,882d5dc201fffff
1285,882d5d98d7fffff
1286,882d5dc1c5fffff
1287,882d5d898dfffff
1288,882d5d8d81fffff
1289,882d5d8d19fffff
1290,882d5dd613fffff
1291,882d5d1b31fffff
1292,882d5d88c5fffff
1293,882d5d988bfffff
1294,882d5dc83bfffff
1295,882d5dd5a9fffff
1296,882d5dca81fffff
1297,882d5d81cdfffff
1298,882d5d8d17fffff
1299,882d436c5dfffff
1300,882d5d036bfffff
1301,882d5d8801fffff
1302,882d5d11c1fffff
1303,882d5d1243fffff
1304,882d5d11c9fffff
1305,882d4369b9fffff
1306,882d5dc61dfffff
1307,882d5d8b45fffff
1308,882d436e57fffff
1309,882d5d1b1dfffff
1310,882d5dc463fffff
1311,882d5d1039fffff
1312,882d5d8c37fffff
1313,882d5d1821fffff
1314,882d5d8adbfffff
1315,882d5d8861fffff
1316,882d436d4dfffff
1317,882d5dc2d9fffff
1318,882d5d1645fffff
1319,882d5dc595fffff
1320,882d5dc245fffff
1321,882d5dc137fffff
1322,882d43681bfffff
1323,882d5dca53fffff
1324,882d5dc719fffff
1325,882d5d81d5fffff
1326,882d436887fffff
1327,882d5d8d61fffff
1328,882d5d911dfffff
1329,882d5dd761fffff
1330,882d436ad1fffff
1331,882d5d8a9bfffff
1332,882d5dc64bfffff
1333,882d5dc6a9fffff
1334,882d5d1a95fffff
1335,882d5dda67fffff
1336,882d436917fffff
1337,882d5dd72bfffff
1338,882d5dd883fffff
1339,882d5dd8d3fffff
1340,882d5dc4d3fffff
1341,882d5dc58dfffff
1342,882d436a29fffff
1343,882d5dca39fffff
1344,882d5d1093fffff
1345,882d436ee3fffff
1346,882d5dc61bfffff
1347,882d5dc5d9fffff
1348,882d5d8361fffff
1349,882d5d1365fffff
1350,882d5d881dfffff
1351,882d5dda1dfffff
1352,882d5d1b07fffff
1353,882d436239fffff
1354,882d5d9993fffff
1355,882d5d9125fffff
1356,882d4360a9fffff
1357,882d5dd9a9fffff
1358,882d5dd721fffff
1359,882d5dd731fffff
1360,882d5d0345fffff
1361,882d5d1b59fffff
1362,882d5dc44dfffff
1363,882d5d1453fffff
1364,882d5d9915fffff
1365,882d5d1103fffff
1366,882d5dce51fffff
1367,882d4369a1fffff
1368,882d436f4bfffff
1369,882d5d9a8bfffff
1370,882d5dc19dfffff
1371,882d5dd529fffff
1372,882d5dcf27fffff
1373,882d5dd653fffff
1374,882d5d9b17fffff
1375,882d5dd281fffff
1376,882d5dd1d9fffff
1377,882d5d8d5dfffff
1378,882d5dca43fffff
1379,882d5dd0adfffff
1380,882d5dce2dfffff
1381,882d5dcb41fffff
1382,882d5dd607fffff
1383,882d5d8aabfffff
1384,882d436e41fffff
1385,882d5d888dfffff
1386,882d5dc157fffff
1387,882d5dc18bfffff
1388,882d5dd14dfffff
1389,882d5dd1a3fffff
1390,882d5ca4d9fffff
1391,882d5dd9a5fffff
1392,882d5d91e5fffff
1393,882d5dc701fffff
1394,882d5d1011fffff
1395,882d5dc9d7fffff
1396,882d5d144bfffff
1397,882d5d8b6dfffff
1398,882d5dd685fffff
1399,882d5dc4d9fffff
1400,882d5d8b3dfffff
1401,882d5d1899fffff
1402,882d5dd807fffff
1403,882d5dc8adfffff
1404,882d5dd06dfffff
1405,882d436ca5fffff
1406,882d436087fffff
1407,882d5ddb13fffff
1408,882d5d1009fffff
1409,882d5dc213fffff
1410,882d5d80e1fffff
1411,882d436561fffff
1412,882d5dd2c1fffff
1413,882d5dcb15fffff
1414,882d43621bfffff
1415,882d5d8305fffff
1416,882d436ce9fffff
1417,882d5d8935fffff
1418,882d436999fffff
1419,882d5d8a49fffff
1420,882d436957fffff
1421,882d5dd56bfffff
1422,882d5dc039fffff
1423,882d5dd709fffff
1424,882d5dd0edfffff
1425,882d5d1665fffff
1426,882d4368edfffff
1427,882d5d9a95fffff
1428,882d5d8851fffff
1429,882d436e09fffff
1430,882d5d1357fffff
1431,882d5d1239fffff
1432,882d5dd203fffff
1433,882d5dc53bfffff
1434,882d5dc345fffff
1435,882d5dc5b7fffff
1436,882d5d8f13fffff
1437,882d5dca95fffff
1438,882d5dcacdfffff
1439,882d5d8353fffff
1440,882d436d11fffff
1441,882d436e5dfffff
1442,882d436853fffff
1443,882d437503fffff
1444,882d5dc003fffff
1445,882d5d19e3fffff
1446,882d5dd9e3fffff
1447,882d5dd419fffff
1448,882d5dce17fffff
1449,882d5dc557fffff
1450,882d5dd56dfffff
1451,882d5dd237fffff
1452,882d436027fffff
1453,882d43698dfffff
1454,882d5dd40dfffff
1455,882d5dd42bfffff
1456,882d5dc0b7fffff
1457,882d5d8123fffff
1458,882d5dcb03fffff
1459,882d5dc2c9fffff
1460,882d4361edfffff
1461,882d5d116dfffff
1462,882d5dc8cdfffff
1463,882d436039fffff
1464,882d5dc59dfffff
1465,882d5dd6abfffff
1466,882d5d8b17fffff
1467,882d436f25fffff
1468,882d436895fffff
1469,882d5d913dfffff
1470,882d5dda59fffff
1471,882d5dcc09fffff
1472,882d5d103dfffff
1473,882d4361b5fffff
1474,882d5d8e6bfffff
1475,882d436d9dfffff
1476,882d5dd341fffff
1477,882d5d8351fffff
1478,882d5d0325fffff
1479,882d436ce1fffff
1480,882d5dc485fffff
1481,882d5d1743fffff
1482,882d5d1a6dfffff
1483,882d5dc24bfffff
1484,882d5d1aa3fffff
1485,882d436215fffff
1486,882d5dc5c1fffff
1487,882d5d9b67fffff
1488,882d436983fffff
1489,882d5d1001fffff
1490,882d5dd31bfffff
1491,882d436c61fffff
1492,882d43609dfffff
1493,882d4361cbfffff
1494,882d5dc6abfffff
1495,882d5dc085fffff
1496,882d5dd121fffff
1497,882d436f55fffff
1498,882d5ddb11fffff
1499,882d5d8b33fffff
1500,882d436035fffff
1501,882d5dc08dfffff
1502,882d5d91bdfffff
1503,882d5d8e2dfffff
1504,882d5d8a11fffff
1505,882d5d1733fffff
1506,882d5dc0e3fffff
1507,882d5d803bfffff
1508,882d5dc581fffff
1509,882d5d800dfffff
1510,882d5d128dfffff
1511,882d5dcf0bfffff
1512,882d5d8dcdfffff
1513,882d436a83fffff
1514,882d5d8b27fffff
1515,882d5dc143fffff
1516,882d5dd4b3fffff
1517,882d5d1b6dfffff
1518,882d5d8ab3fffff
1519,882d5d1957fffff
1520,882d5d56b7fffff
1521,882d5dd65bfffff
1522,882d437525fffff
1523,882d5d8815fffff
1524,882d436ae7fffff
1525,882d5d1113fffff
1526,882d5d886dfffff
1527,882d436043fffff
1528,882d5d185bfffff
1529,882d437527fffff
1530,882d5d1311fffff
1531,882d5dc019fffff
1532,882d5dc95bfffff
1533,882d5d0355fffff
1534,882d5c3699fffff
1535,882d5d9907fffff
1536,882d436d27fffff
1537,882d5d19e5fffff
1538,882d5d9aa7fffff
1539,882d5d1801fffff
1540,882d5dd023fffff
1541,882d5dd143fffff
1542,882d5dc2b9fffff
1543,882d5dc029fffff
1544,882d5dc12bfffff
1545,882d5d98b1fffff
1546,882d5d912bfffff
1547,882d5d8947fffff
1548,882d5dd19bfffff
1549,882d5dce47fffff
1550,882d5d98b3fffff
1551,882d5d1813fffff
1552,882d5d8d87fffff
1553,882d5dc8d3fffff
1554,882d43633dfffff
1555,882d5dc6adfffff
1556,882d5dc0a9fffff
1557,882d5dc857fffff
1558,882d5dd0d9fffff
1559,882d5dce1bfffff
1560,882d5dd553fffff
1561,882d5d9953fffff
1562,882d5d5695fffff
1563,882d5d81ebfffff
1564,882d5dd6c5fffff
1565,882d5dc281fffff
1566,882d436c21fffff
1567,882d5dc71bfffff
1568,882d5dda81fffff
1569,882d436f21fffff
1570,882d5d11c7fffff
1571,882d5d8133fffff
1572,882d5dd4a3fffff
1573,882d5dd861fffff
1574,882d5d11edfffff
1575,882d5d88c1fffff
1576,882d5d1805fffff
1577,882d436ecbfffff
1578,882d436081fffff
1579,882d5dd133fffff
1580,882d5dc899fffff
1581,882d5dcf23fffff
1582,882d5d1909fffff
1583,882d5dca8dfffff
1584,882d5d12d5fffff
1585,882d5d18a9fffff
1586,882d5dc049fffff
1587,882d5d8d15fffff
1588,882d5dd897fffff
1589,882d5d0359fffff
1590,882d5dc567fffff
1591,882d5d1361fffff
1592,882d5d8153fffff
1593,882d5dcee7fffff
1594,882d5d8ae9fffff
1595,882d5d1a47fffff
1596,882d5d1033fffff
1597,882d5d891bfffff
1598,882d4375a3fffff
1599,882d5dc0a1fffff
1600,882d5d8309fffff
1601,882d5d1145fffff
1602,882d5dd659fffff
1603,882d5ddabdfffff
1604,882d436807fffff
1605,882d5dd0d7fffff
1606,882d5dcf13fffff
1607,882d5d8cb5fffff
1608,882d436cd9fffff
1609,882d436aebfffff
1610,882d436a55fffff
1611,882d5dc111fffff
1612,882d5d1769fffff
1613,882d5dd04dfffff
1614,882d5dca85fffff
1615,882d5dd16bfffff
1616,882d5dc4b7fffff
1617,882d436eebfffff
1618,882d5d9ac9fffff
1619,882d5d88e9fffff
1620,882d5dcea9fffff
1621,882d5d8acdfffff
1622,882d5dd899fffff
1623,882d5dd8b5fffff
1624,882d5dce1dfffff
1625,882d5dd4bbfffff
1626,882d5dc011fffff
1627,882d436c47fffff
1628,882d5dcf03fffff
1629,882d5d9139fffff
1630,882d5dd749fffff
1631,882d5dc1cdfffff
1632,882d5dce9dfffff
1633,882d5dd29dfffff
1634,882d5d1461fffff
1635,882d5d882bfffff
1636,882d5d56b3fffff
1637,882d5d8863fffff
1638,882d5d8803fffff
1639,882d5dc741fffff
1640,882d5dc565fffff
1641,882d4369b3fffff
1642,882d5dd69dfffff
1643,882d436211fffff
1644,882d5dc283fffff
1645,882d5dcc59fffff
1646,882d5dc6edfffff
1647,882d5d8847fffff
1648,882d5d9925fffff
1649,882d5d1257fffff
1650,882d5dcc45fffff
1651,882d5dd55dfffff
1652,882d436ca9fffff
1653,882d5dd62bfffff
1654,882d5dd439fffff
1655,882d5d8853fffff
1656,882d436cc1fffff
1657,882d5d1825fffff
1658,882d5d1b5dfffff
1659,882d5d126bfffff
1660,882d5dc889fffff
1661,882d5dc193fffff
1662,882d5d8a13fffff
1663,882d5d10d7fffff
1664,882d5ca6d9fffff
1665,882d5d1a87fffff
1666,882d43619bfffff
1667,882d5dc4c3fffff
1668,882d5dd6e3fffff
1669,882d5d1ab5fffff
1670,882d5dd2adfffff
1671,882d5dd8a5fffff
1672,882d5dc4dbfffff
1673,882d5d1061fffff
1674,882d5d1447fffff
1675,882d5d1309fffff
1676,882d5dcc01fffff
1677,882d436f4dfffff
1678,882d5dcaabfffff
1679,882d5d8983fffff
1680,882d436903fffff
1681,882d5ca4d1fffff
1682,882d5d9807fffff
1683,882d5dcec9fffff
1684,882d5d1b01fffff
1685,882d5d5459fffff
1686,882d5dd09bfffff
1687,882d5dcf35fffff
1688,882d436d05fffff
1689,882d436ad3fffff
1690,882d5dc5a7fffff
1691,882d436ea9fffff
1692,882d5d8da3fffff
1693,882d5dc54bfffff
1694,882d5d1b3bfffff
1695,882d5d121bfffff
1696,882d436a31fffff
1697,882d5d8d69fffff
1698,882d5dc5b3fffff
1699,882d5d1ae7fffff
1700,882d436993fffff
1701,882d5d54cbfffff
1702,882d5d0b65fffff
1703,882d5dd515fffff
1704,882d5d8197fffff
1705,882d5ddac9fffff
1706,882d5d8ce9fffff
1707,882d436dcbfffff
1708,882d5d8dabfffff
1709,882d437507fffff
1710,882d5d8f47fffff
1711,882d5d8cb9fffff
1712,882d5dc30dfffff
1713,882d5d9acbfffff
1714,882d5dd405fffff
1715,882d436951fffff
1716,882d5dc19bfffff
1717,882d5d035bfffff
1718,882d5dd0cdfffff
1719,882d5dcf07fffff
1720,882d5dd131fffff
1721,882d5d9157fffff
1722,882d5d18ebfffff
1723,882d5d8a23fffff
1724,882d43686dfffff
1725,882d5d9aa5fffff
1726,882d5d8905fffff
1727,882d5d199dfffff
1728,882d5dc457fffff
1729,882d5dd0ddfffff
1730,882d5dd859fffff
1731,882d436e1bfffff
1732,882d5dd0c9fffff
1733,882d436b13fffff
1734,882d43699dfffff
1735,882d5dd6adfffff
1736,882d436f01fffff
1737,882d436833fffff
1738,882d5dd4adfffff
1739,882d5dc2d1fffff
1740,882d5ddaa1fffff
1741,882d5dd593fffff
1742,882d5ddae5fffff
1743,882d5d11a5fffff
1744,882d5d1627fffff
1745,882d5d9a1bfffff
1746,882d5d8039fffff
1747,882d5d81e1fffff
1748,882d5dceedfffff
1749,882d5dc465fffff
1750,882d5d9b1dfffff
1751,882d5d1025fffff
1752,882d5dd207fffff
1753,882d5d8127fffff
1754,882d5dce69fffff
1755,882d5d8f59fffff
1756,882d5dc057fffff
1757,882d5dc025fffff
1758,882d5d8de9fffff
1759,882d5d836bfffff
1760,882d5d1915fffff
1761,882d5d8da1fffff
1762,882d5d99b7fffff
1763,882d5d990dfffff
1764,882d5d830bfffff
1765,882d4369b5fffff
1766,882d5d56a5fffff
1767,882d5dd0ebfffff
1768,882d436a93fffff
1769,882d5dd085fffff
1770,882d5dc883fffff
1771,882d5d8f35fffff
1772,882d5dd5d5fffff
1773,882d5d98bbfffff
1774,882d5dce91fffff
1775,882d5dc6c3fffff
1776,882d5dc34bfffff
1777,882d436825fffff
1778,882d4368a1fffff
1779,882d43695bfffff
1780,882d5d9969fffff
1781,882d436adbfffff
1782,882d5d1ad5fffff
1783,882d4369a5fffff
1784,882d5dc0c7fffff
1785,882d5dd1d3fffff
1786,882d5dd61dfffff
1787,882d436a81fffff
1788,882d436aadfffff
1789,882d5dd989fffff
1790,882d436061fffff
1791,882d5dca49fffff
1792,882d5d884dfffff
1793,882d5d104dfffff
1794,882d5dd5e7fffff
1795,882d5dc233fffff
1796,882d436129fffff
1797,882d436899fffff
1798,882d436997fffff
1799,882d5dcf43fffff
1800,882d5dd903fffff
1801,882d5dc323fffff
1802,882d5dc2c3fffff
1803,882d5d031dfffff
1804,882d436525fffff
1805,882d5dcad3fffff
1806,882d436287fffff
1807,882d5dd323fffff
1808,882d436d33fffff
1809,882d5dd9b5fffff
1810,882d436ee5fffff
1811,882d5dc659fffff
1812,882d436b15fffff
1813,882d5d1045fffff
1814,882d5dd80bfffff
1815,882d5dda5dfffff
1816,882d4375e1fffff
1817,882d5dc1c7fffff
1818,882d5dd007fffff
1819,882d5d9887fffff
1820,882d5dc0d7fffff
1821,882d436c93fffff
1822,882d436009fffff
1823,882d5d114dfffff
1824,882d5d1259fffff
1825,882d5dd823fffff
1826,882d5dc819fffff
1827,882d5dc8ddfffff
1828,882d5dc297fffff
1829,882d5dc055fffff
1830,882d436f59fffff
1831,882d5dc14bfffff
1832,882d5dd055fffff
1833,882d5d833bfffff
1834,882d5d173bfffff
1835,882d5dda39fffff
1836,882d5dd2ddfffff
1837,882d5d56c3fffff
1838,882d5d9965fffff
1839,882d5d895bfffff
1840,882d5d1031fffff
1841,882d5dc6a5fffff
1842,882d5dc0b5fffff
1843,882d5d8b6bfffff
1844,882d5d56d7fffff
1845,882d5dd0a3fffff
1846,882d5d544bfffff
1847,882d5dc45bfffff
1848,882d5dc46dfffff
1849,882d5dd403fffff
1850,882d5dc043fffff
1851,882d5d9ac3fffff
1852,882d5d8865fffff
1853,882d5d8809fffff
1854,882d5d8347fffff
1855,882d436803fffff
1856,882d5dd447fffff
1857,882d4362c9fffff
1858,882d5dc223fffff
1859,882d43611bfffff
1860,882d5d9a1dfffff
1861,882d5ca497fffff
1862,882d43606bfffff
1863,882d5d88ddfffff
1864,882d5dd843fffff
1865,882d5d8b57fffff
1866,882d5dc705fffff
1867,882d5d8989fffff
1868,882d5dd2c5fffff
1869,882d5d8f43fffff
1870,882d5dce25fffff
1871,882d5d88abfffff
1872,882d5dd1e1fffff
1873,882d5dcc2dfffff
1874,882d5dc8a9fffff
1875,882d436c4dfffff
1876,882d5dd6c3fffff
1877,882d5d0343fffff
1878,882d5d8303fffff
1879,882d5dd225fffff
1880,882d436ec1fffff
1881,882d5dd10dfffff
1882,882d5dcd6dfffff
1883,882d5dd6a1fffff
1884,882d5d9ae9fffff
1885,882d5dccc1fffff
1886,882d5d8129fffff
1887,882d5d9829fffff
1888,882d5dda4bfffff
1889,882d5d0309fffff
1890,882d5dc429fffff
1891,882d5d8d31fffff
1892,882d5d91a3fffff
1893,882d5dd313fffff
1894,882d5d9153fffff
1895,882d5dd16dfffff
1896,882d4362cbfffff
1897,882d4362b5fffff
1898,882d5d1551fffff
1899,882d5dc75bfffff
1900,882d5d5687fffff
1901,882d5d9119fffff
1902,882d437511fffff
1903,882d5d8369fffff
1904,882d5dc547fffff
1905,882d436e0bfffff
1906,882d5d8307fffff
1907,882d5d0315fffff
1908,882d5dc73dfffff
1909,882d5dc187fffff
1910,882d436a89fffff
1911,882d5dd629fffff
1912,882d5d88cdfffff
1913,882d5dda91fffff
1914,882d5dd8cdfffff
1915,882d5dc105fffff
1916,882d5dc589fffff
1917,882d5d9853fffff
1918,882d5dc22bfffff
1919,882d5dd0a9fffff
1920,882d5dd455fffff
1921,882d4368d9fffff
1922,882d5dd251fffff
1923,882d5dcf37fffff
1924,882d436885fffff
1925,882d5d99d7fffff
1926,882d5d8147fffff
1927,882d43611dfffff
1928,882d5dc83dfffff
1929,882d436e11fffff
1930,882d5dc1b3fffff
1931,882d5dc4ebfffff
1932,882d5dc82dfffff
1933,882d5ddae1fffff
1934,882d5d111bfffff
1935,882d5d1853fffff
1936,882d5dd657fffff
1937,882d5d1ae1fffff
1938,882d5dc099fffff
1939,882d5dc35bfffff
1940,882d5dc9cbfffff
1941,882d5d1a03fffff
1942,882d5dcb0bfffff
1943,882d5d8cadfffff
1944,882d4360adfffff
1945,882d5dc8b3fffff
1946,882d5dce19fffff
1947,882d5d8063fffff
1948,882d436307fffff
1949,882d5dd4bdfffff
1950,882d5dc151fffff
1951,882d5d99d1fffff
1952,882d5d9135fffff
1953,882d5dd219fffff
1954,882d5ddaadfffff
1955,882d5d99a9fffff
1956,882d5dc489fffff
1957,882d5d9ad3fffff
1958,882d436959fffff
1959,882d5d8db9fffff
1960,882d5dcb55fffff
1961,882d5d8a1bfffff
1962,882d5dd6e7fffff
1963,882d5d12d1fffff
1964,882d5dd5e3fffff
1965,882d5dd10bfffff
1966,882d5dc5b5fffff
1967,882d5d12b1fffff
1968,882d5d0b05fffff
1969,882d5d8ac1fffff
1970,882d5dcc43fffff
1971,882d5dd68dfffff
1972,882d5d0b2dfffff
1973,882d5dd325fffff
1974,882d5dd5dbfffff
1975,882d5d8c23fffff
1976,882d5d54d1fffff
1977,882d5dcc39fffff
1978,882d4369b1fffff
1979,882d5dd80dfffff
1980,882d5d1607fffff
1981,882d5d132bfffff
1982,882d436051fffff
1983,882d5d1333fffff
1984,882d5d1745fffff
1985,882d5dd957fffff
1986,882d5d9ad7fffff
1987,882d5d8e23fffff
1988,882d5dcac5fffff
1989,882d5dda9dfffff
1990,882d5d88b3fffff
1991,882d5ca4d5fffff
1992,882d436331fffff
1993,882d43742bfffff
1994,882d436937fffff
1995,882d5d129bfffff
1996,882d5d911bfffff
1997,882d5d8c21fffff
1998,882d5dcee5fffff
1999,882d5d182bfffff
2000,882d5d9961fffff
2001,882d5dc357fffff
2002,882d5d1063fffff
2003,882d5dc527fffff
2004,882d5dc6bdfffff
2005,882d5dcab5fffff
2006,882d5d9b1bfffff
2007,882d5dcabbfffff
2008,882d5d1323fffff
2009,882d5d8d05fffff
2010,882d5dd523fffff
2011,882d436d8bfffff
2012,882d5dc709fffff
2013,882d5d9909fffff
2014,882d5d99dbfffff
2015,882d5d1865fffff
2016,882d436ccdfffff
2017,882d5d980bfffff
2018,882d5d99cdfffff
2019,882d5d12d9fffff
2020,882d5d99e7fffff
2021,882d5d8961fffff
2022,882d5d032bfffff
2023,882d4369bdfffff
2024,882d436c67fffff
2025,882d5dc525fffff
2026,882d5dd863fffff
2027,882d5d8dadfffff
2028,882d5d8dbbfffff
2029,882d4361dbfffff
2030,882d5d8005fffff
2031,882d5dc68dfffff
2032,882d5d8141fffff
2033,882d436c29fffff
2034,882d4362ebfffff
2035,882d5d10c9fffff
2036,882d5dcccbfffff
2037,882d5d8843fffff
2038,882d5dd4ebfffff
2039,882d5d9999fffff
2040,882d436a15fffff
2041,882d5dd507fffff
2042,882d436cb7fffff
2043,882d5dc299fffff
2044,882d436d97fffff
2045,882d5d184dfffff
2046,882d5dd461fffff
2047,882d5dd9b3fffff
2048,882d5d812bfffff
2049,882d5d170dfffff
2050,882d5d1a15fffff
2051,882d5d1235fffff
2052,882d5dd9d1fffff
2053,882d5dc2b5fffff
2054,882d5d1095fffff
2055,882d5dc4c9fffff
2056,882d5d112bfffff
2057,882d5d8d5bfffff
2058,882d5d11a1fffff
2059,882d5d8da9fffff
2060,882d5dd443fffff
2061,882d5d8c25fffff
2062,882d5dc291fffff
2063,882d5d1101fffff
2064,882d436ccbfffff
2065,882d5dd889fffff
2066,882d5d56dbfffff
2067,882d5dd265fffff
2068,882d5dd669fffff
2069,882d5d89e9fffff
2070,882d5dc1ddfffff
2071,882d5dd2e9fffff
2072,882d437533fffff
2073,882d5d1ad1fffff
2074,882d5ca4d7fffff
2075,882d5dcb3bfffff
2076,882d5d8dbdfffff
2077,882d436f2bfffff
2078,882d5d1241fffff
2079,882d5dd4a5fffff
2080,882d5dda0dfffff
2081,882d5d89c9fffff
2082,882d5dc717fffff
2083,882d5d11a9fffff
2084,882d436d07fffff
2085,882d436861fffff
2086,882d5dc2dbfffff
2087,882d5dce8dfffff
2088,882d436ea1fffff
2089,882d5dcecdfffff
2090,882d5d81dbfffff
2091,882d5d11b9fffff
2092,882d5dc339fffff
2093,882d5dd453fffff
2094,882d5d8365fffff
2095,882d5d8f55fffff
2096,882d5dd035fffff
2097,882d5dccc9fffff
2098,882d5d9a2bfffff
2099,882d5dcc15fffff
2100,882d5dc8e9fffff
2101,882d5dd1a7fffff
2102,882d5dca03fffff
2103,882d5dc583fffff
2104,882d5d18adfffff
2105,882d436cdbfffff
2106,882d4361ebfffff
2107,882d5d8a6dfffff
2108,882d5d128bfffff
2109,882d5d8aadfffff
2110,882d5dc1d9fffff
2111,882d5d1643fffff
2112,882d5dd345fffff
2113,882d436e59fffff
2114,882d5dc401fffff
2115,882d5d9811fffff
2116,882d5d1aedfffff
2117,882d5d8cb1fffff
2118,882d436d0bfffff
2119,882d5d88a1fffff
2120,882d4369d5fffff
2121,882d5d8de1fffff
2122,882d5dc0bdfffff
2123,882d4375cdfffff
2124,882d5dd683fffff
2125,882d5d9a07fffff
2126,882d4361c3fffff
2127,882d5d819bfffff
2128,882d5d119dfffff
2129,882d5d99c1fffff
2130,882d5dd73dfffff
2131,882d5ca4abfffff
2132,882d5dcf65fffff
2133,882d5dc253fffff
2134,882d5dc6e9fffff
2135,882d5dc059fffff
2136,882d5dd215fffff
2137,882d436953fffff
2138,882d5dc8a3fffff
2139,882d5dc631fffff
2140,882d5d815dfffff
2141,882d5d8325fffff
2142,882d5dd01dfffff
2143,882d5d98edfffff
2144,882d5dd6d7fffff
2145,882d5d5623fffff
2146,882d5dc159fffff
2147,882d436d1bfffff
2148,882d5dc32dfffff
2149,882d4360cdfffff
2150,882d5dd4c5fffff
2151,882d436f15fffff
2152,882d5dd355fffff
2153,882d436813fffff
2154,882d5dd351fffff
2155,882d5dd0a5fffff
2156,882d5dd0d3fffff
2157,882d5dc49bfffff
2158,882d5dd315fffff
2159,882d5dc425fffff
2160,882d5dc167fffff
2161,882d436c41fffff
2162,882d5dc0bbfffff
2163,882d5dcf6bfffff
2164,882d5dd415fffff
2165,882d436ec5fffff
2166,882d5d9107fffff
2167,882d4368c3fffff
2168,882d5d035dfffff
2169,882d5dd52bfffff
2170,882d436ce5fffff
2171,882d5dd1adfffff
2172,882d5dc9ddfffff
2173,882d5dd5e5fffff
2174,882d5d1335fffff
2175,882d5d19ddfffff
2176,882d5dc501fffff
2177,882d5d8901fffff
2178,882d5d8921fffff
2179,882d5dd75dfffff
2180,882d5dd84dfffff
2181,882d5d1aa7fffff
2182,882d5d89e1fffff
2183,882d5dd565fffff
2184,882d5d8c6dfffff
2185,882d5d19e7fffff
2186,882d5d122dfffff
2187,882d5dc2c1fffff
2188,882d5d1317fffff
2189,882d436845fffff
2190,882d5dd8edfffff
2191,882d436ecdfffff
2192,882d5dc9d1fffff
2193,882d5d98ddfffff
2194,882d5d12bbfffff
2195,882d5d8f31fffff
2196,882d436e07fffff
2197,882d5dd43bfffff
2198,882d5d8b63fffff
2199,882d5dc86dfffff
2200,882d5dd135fffff
2201,882d5d19d1fffff
2202,882d5d1ac7fffff
2203,882d43629dfffff
2204,882d5d8d27fffff
2205,882d5dcc4bfffff
2206,882d5dca3bfffff
2207,882d436f11fffff
2208,882d5ca683fffff
2209,882d5d8a0dfffff
2210,882d5dd631fffff
2211,882d5dc13bfffff
2212,882d5dced9fffff
2213,882d5d98b7fffff
2214,882d5dd5e9fffff
2215,882d5dd43dfffff
2216,882d436029fffff
2217,882d5dc52bfffff
2218,882d5dcb59fffff
2219,882d5d98cbfffff
2220,882d5d1761fffff
2221,882d5dc86bfffff
2222,882d5dcab3fffff
2223,882d437517fffff
2224,882d5d9adbfffff
2225,882d437427fffff
2226,882d5dd435fffff
2227,882d43605dfffff
2228,882d5d1209fffff
2229,882d4368cbfffff
2230,882d5d1a6bfffff
2231,882d5d81b7fffff
2232,882d5dd915fffff
2233,882d5d1a27fffff
2234,882d436a91fffff
2235,882d5d88d3fffff
2236,882d5d9131fffff
2237,882d5d1549fffff
2238,882d436f35fffff
2239,882d5d1017fffff
2240,882d5dcc41fffff
2241,882d5d8dc1fffff
2242,882d437515fffff
2243,882d5dce81fffff
2244,882d5d8f45fffff
2245,882d5d18edfffff
2246,882d5dc087fffff
2247,882d5dc207fffff
2248,882d5d1269fffff
2249,882d5dc761fffff
2250,882d5dd725fffff
2251,882d5ca699fffff
2252,882d5d8995fffff
2253,882d5dd0c3fffff
2254,882d4375c1fffff
2255,882d5d8a35fffff
2256,882d5d8a9dfffff
2257,882d5dc4e5fffff
2258,882d5dc851fffff
2259,882d5dd2a9fffff
2260,882d5d8b01fffff
2261,882d5dd081fffff
2262,882d5ca6dbfffff
2263,882d5dd26dfffff
2264,882d436e4dfffff
2265,882d5d9b19fffff
2266,882d5dda89fffff
2267,882d5dd763fffff
2268,882d5dd821fffff
2269,882d5d8f69fffff
2270,882d5d8943fffff
2271,882d5dd51bfffff
2272,882d5dd291fffff
2273,882d4368e7fffff
2274,882d5d0319fffff
2275,882d436cedfffff
2276,882d5d541bfffff
2277,882d5d9b61fffff
2278,882d5dc56bfffff
2279,882d5d88bdfffff
2280,882d4361a5fffff
2281,882d5d183bfffff
2282,882d5dc411fffff
2283,882d5d8c3dfffff
2284,882d5d1199fffff
2285,882d5dd9b1fffff
2286,882d5dd8d7fffff
2287,882d5dc31dfffff
2288,882d5d8931fffff
2289,882d5d186bfffff
2290,882d4362c7fffff
2291,882d436055fffff
2292,882d5d89adfffff
2293,882d4369c3fffff
2294,882d5d1337fffff
2295,882d436d49fffff
2296,882d5dd31dfffff
2297,882d5d8845fffff
2298,882d436d17fffff
2299,882d5dc75dfffff
2300,882d5dd695fffff
2301,882d5dc15dfffff
2302,882d436801fffff
2303,882d5d1953fffff
2304,882d5d9821fffff
2305,882d5dd59bfffff
2306,882d5d10d3fffff
2307,882d5d8ab1fffff
2308,882d5d9825fffff
2309,882d4369d1fffff
2310,882d5d8849fffff
2311,882d4361b3fffff
2312,882d436f57fffff
2313,882d5d8b49fffff
2314,882d5dc26dfffff
2315,882d5d11b3fffff
2316,882d5dd269fffff
2317,882d5d8029fffff
2318,882d5dc135fffff
2319,882d5dc0dbfffff
2320,882d5dd305fffff
2321,882d5d8187fffff
2322,882d5dc6e5fffff
2323,882d436987fffff
2324,882d5dca23fffff
2325,882d5d1b11fffff
2326,882d5d8a63fffff
2327,882d5d11e7fffff
2328,882d5d822dfffff
2329,882d5dd93bfffff
2330,882d5d8d51fffff
2331,882d4368ebfffff
2332,882d5dc095fffff
2333,882d5dd2cbfffff
2334,882d5dc259fffff
2335,882d5dd513fffff
2336,882d5dc433fffff
2337,882d5d11c3fffff
2338,882d5d11cdfffff
2339,882d5d123dfffff
2340,882d4360cbfffff
2341,882d5dc2b3fffff
2342,882d5dd297fffff
2343,882d5d9955fffff
2344,882d5dcb13fffff
2345,882d5d1829fffff
2346,882d5dd8e3fffff
2347,882d5dcd47fffff
2348,882d5d1263fffff
2349,882d5d80a5fffff
2350,882d5d1021fffff
2351,882d5dc1ebfffff
2352,882d5d8b03fffff
2353,882d5d8b1dfffff
2354,882d436d2bfffff
2355,882d436b11fffff
2356,882d5d1151fffff
2357,882d5dc487fffff
2358,882d5dd703fffff
2359,882d436ac1fffff
2360,882d5d8d3dfffff
2361,882d5d883dfffff
2362,882d5d133dfffff
2363,882d5d8c67fffff
2364,882d5dd451fffff
2365,882d5ca48bfffff
2366,882d5d9901fffff
2367,882d5d88c9fffff
2368,882d436745fffff
2369,882d436057fffff
2370,882d5dd29bfffff
2371,882d5dcaedfffff
2372,882d5d1a85fffff
2373,882d5dd359fffff
2374,882d5dc821fffff
2375,882d5dd045fffff
2376,882d5dd853fffff
2377,882d436137fffff
2378,882d5dd101fffff
2379,882d5dc861fffff
2380,882d5dc697fffff
2381,882d5d8227fffff
2382,882d5d981dfffff
2383,882d5dc343fffff
2384,882d436b1bfffff
2385,882d5d8debfffff
2386,882d4360d5fffff
2387,882d5d1637fffff
2388,882d5d8839fffff
2389,882d5d1999fffff
2390,882d436ca7fffff
2391,882d436d4bfffff
2392,882d5d8f1bfffff
2393,882d436ab9fffff
2394,882d5d8067fffff
2395,882d5d8db5fffff
2396,882d5d9187fffff
2397,882d4360b9fffff
2398,882d436dd7fffff
2399,882d5dc655fffff
2400,882d5d89bdfffff
2401,882d5dd54dfffff
2402,882d5dc8ebfffff
2403,882d5d9b05fffff
2404,882d5d802bfffff
2405,882d436d93fffff
2406,882d5dcad9fffff
2407,882d5dd6d1fffff
2408,882d5d131bfffff
2409,882d5d8f6dfffff
2410,882d5d1297fffff
2411,882d5dc161fffff
2412,882d5dd559fffff
2413,882d5dd537fffff
2414,882d5dc183fffff
2415,882d5dc03bfffff
2416,882d5d1991fffff
2417,882d436a57fffff
2418,882d4361a7fffff
2419,882d5d8f15fffff
2420,882d5d8139fffff
2421,882d5d8929fffff
2422,882d5dc25bfffff
2423,882d5d9989fffff
2424,882d5d1349fffff
2425,882d5d126dfffff
2426,882d43612bfffff
2427,882d4362e1fffff
2428,882d5dd9ddfffff
2429,882d5d8cbdfffff
2430,882d436e39fffff
2431,882d5ca4bbfffff
2432,882d436103fffff
2433,882d436c63fffff
2434,882d436e4bfffff
2435,882d5d89d9fffff
2436,882d5dc251fffff
2437,882d5d8d37fffff
2438,882d5d11b1fffff
2439,882d436f47fffff
2440,882d5d9833fffff
2441,882d5d1187fffff
2442,882d5dd1c5fffff
2443,882d5dd531fffff
2444,882d5d9913fffff
2445,882d5d8b69fffff
2446,882d5d1065fffff
2447,882d5dd41bfffff
2448,882d5dc885fffff
2449,882d5d8b21fffff
2450,882d436dc5fffff
2451,882d5dc11bfffff
2452,882d5dca2dfffff
2453,882d5d115bfffff
2454,882d5dd445fffff
2455,882d436cd7fffff
2456,882d5dc8d9fffff
2457,882d5d88e5fffff
2458,882d5d0339fffff
2459,882d5dce55fffff
2460,882d5dc5d7fffff
2461,882d4369dbfffff
2462,882d5dd995fffff
2463,882d5d8dd3fffff
2464,882d5d8b0dfffff
2465,882d5d80adfffff
2466,882d5dc0e9fffff
2467,882d5d8a95fffff
2468,882d5d992dfffff
2469,882d5d88b7fffff
2470,882d5dd66bfffff
2471,882d5d819dfffff
2472,882d5d9b2bfffff
2473,882d5dd8d1fffff
2474,882d436159fffff
2475,882d5d1641fffff
2476,882d5d835bfffff
2477,882d5d9ae5fffff
2478,882d5dda37fffff
2479,882d5d1469fffff
2480,882d5d185dfffff
2481,882d43680dfffff
2482,882d5d1901fffff
2483,882d5dc46bfffff
2484,882d4375a9fffff
2485,882d5dcf41fffff
2486,882d5dc28bfffff
2487,882d5d10c7fffff
2488,882d5dcd59fffff
2489,882d5d9a39fffff
2490,882d436cb3fffff
2491,882d5d18abfffff
2492,882d5d1183fffff
2493,882d5dd321fffff
2494,882d436f63fffff
2495,882d5d98dbfffff
2496,882d5dc0d3fffff
2497,882d5dd231fffff
2498,882d5d8805fffff
2499,882d5d0b6bfffff
2500,882d5d81e3fffff
2501,882d5d9103fffff
2502,882d5dc695fffff
2503,882d5d1811fffff
2504,882d5d99d9fffff
2505,882d436c6bfffff
2506,882d5d91a5fffff
2507,882d5dc1c1fffff
2508,882d5d1261fffff
2509,882d436d65fffff
2510,882d5dc0c5fffff
2511,882d5d1b1bfffff
2512,882d5d99b5fffff
2513,882d5dc431fffff
2514,882d5d1b53fffff
2515,882d5d8367fffff
2516,882d436f5bfffff
2517,882d5d1a9bfffff
2518,882d5dcc29fffff
2519,882d5dd24dfffff
2520,882d4369b7fffff
2521,882d5d1705fffff
2522,882d436123fffff
2523,882d5dd127fffff
2524,882d5d0b01fffff
2525,882d5d1955fffff
2526,882d5dc70bfffff
2527,882d436001fffff
2528,882d5d0b4dfffff
2529,882d5d8addfffff
2530,882d5d8f01fffff
2531,882d5d5441fffff
2532,882d5ddb15fffff
2533,882d5dd53dfffff
2534,882d5dd091fffff
2535,882d5d883bfffff
2536,882d5d9a15fffff
2537,882d5d170bfffff
2538,882d436115fffff
2539,882d5dcf4bfffff
2540,882d436b5bfffff
2541,882d5d8955fffff
2542,882d5dd065fffff
2543,882d5dc1e9fffff
2544,882d436049fffff
2545,882d436c97fffff
2546,882d43743dfffff
2547,882d5ca49bfffff
2548,882d5d996bfffff
2549,882d5d81d9fffff
2550,882d5dc247fffff
2551,882d5dc813fffff
2552,882d5d91c1fffff
2553,882d5dcb0dfffff
2554,882d5d8b39fffff
2555,882d5dd9a7fffff
2556,882d5d18a1fffff
2557,882d436cbdfffff
2558,882d5d9117fffff
2559,882d5d8ac9fffff
2560,882d5dcad5fffff
2561,882d5d1245fffff
2562,882d5d1aa1fffff
2563,882d436a1bfffff
2564,882d5d1635fffff
2565,882d5d1737fffff
2566,882d5dda07fffff
2567,882d5dd9bdfffff
2568,882d5dc6a1fffff
2569,882d5d56a9fffff
2570,882d5d1605fffff
2571,882d5d899bfffff
2572,882d5d8f2dfffff
2573,882d5dc449fffff
2574,882d437439fffff
2575,882d5dcaddfffff
2576,882d5d988dfffff
2577,882d4361bbfffff
2578,882d5dc8c9fffff
2579,882d5d8dcbfffff
2580,882d436e43fffff
2581,882d4368c5fffff
2582,882d5dd087fffff
2583,882d5d56cdfffff
2584,882d5d9113fffff
2585,882d5dd9e1fffff
2586,882d5dce07fffff
2587,882d5dcea5fffff
2588,882d436ac5fffff
2589,882d5d9aa3fffff
2590,882d5dd501fffff
2591,882d4361a3fffff
2592,882d5dc809fffff
2593,882d5dd285fffff
2594,882d436e17fffff
2595,882d5dc707fffff
2596,882d5dc5e5fffff
2597,882d5d1569fffff
2598,882d5d8903fffff
2599,882d5d9805fffff
2600,882d5d99b3fffff
2601,882d4362c1fffff
2602,882d5ddab5fffff
2603,882d5dd169fffff
2604,882d5d030dfffff
2605,882d4362b3fffff
2606,882d43603dfffff
2607,882d5dced1fffff
2608,882d5dca1bfffff
2609,882d5dc613fffff
2610,882d4369c5fffff
2611,882d436f51fffff
2612,882d5d0329fffff
2613,882d5d8f19fffff
2614,882d5dcee9fffff
2615,882d5d8a05fffff
2616,882d5d9b37fffff
2617,882d5dc065fffff
2618,882d5dc02dfffff
2619,882d436991fffff
2620,882d5d8f57fffff
2621,882d5d804dfffff
2622,882d5d12e5fffff
2623,882d43613dfffff
2624,882d5dd8a9fffff
2625,882d5d1aadfffff
2626,882d5d56e5fffff
2627,882d436851fffff
2628,882d5d5699fffff
2629,882d5dca29fffff
2630,882d5dc163fffff
2631,882d5dd539fffff
2632,882d5d1047fffff
2633,882d5dd4d1fffff
2634,882d5d811bfffff
2635,882d436c85fffff
2636,882d4362b1fffff
2637,882d5d8b47fffff
2638,882d4375e7fffff
2639,882d4368b1fffff
2640,882d5dc6dbfffff
2641,882d5d91a1fffff
2642,882d4368e5fffff
2643,882d5dc33dfffff
2644,882d5d9835fffff
2645,882d5d8121fffff
2646,882d5d8959fffff
2647,882d5dce45fffff
2648,882d5dc6b7fffff
2649,882d5dd157fffff
2650,882d436911fffff
2651,882d5d9823fffff
2652,882d5d1331fffff
2653,882d5dc62bfffff
2654,882d5dda29fffff
2655,882d5dc147fffff
2656,882d5dc4c5fffff
2657,882d436d41fffff
2658,882d5d8a5bfffff
2659,882d5d8f51fffff
2660,882d5d9a89fffff
2661,882d5dce83fffff
2662,882d5d8a01fffff
2663,882d5d56a3fffff
2664,882d5dd481fffff
2665,882d5dd4d9fffff
2666,882d5dd209fffff
2667,882d436003fffff
2668,882d5dd039fffff
2669,882d4369cbfffff
2670,882d5d1b57fffff
2671,882d4362e5fffff
2672,882d5d8d55fffff
2673,882d4361e3fffff
2674,882d436e83fffff
2675,882d5d1927fffff
2676,882d5dc153fffff
2677,882d43612dfffff
2678,882d5dd0abfffff
2679,882d5dd99dfffff
2680,882d5dca0bfffff
2681,882d5dd2cdfffff
2682,882d5d1b41fffff
2683,882d5d802dfffff
2684,882d5dc611fffff
2685,882d5d0361fffff
2686,882d436741fffff
2687,882d436187fffff
2688,882d5ddae3fffff
2689,882d5d8315fffff
2690,882d5d9943fffff
2691,882d5dd6cdfffff
2692,882d5dd2b3fffff
2693,882d5d1213fffff
2694,882d5d12ddfffff
2695,882d5d91e1fffff
2696,882d5dc529fffff
2697,882d5d18d7fffff
2698,882d5d8a83fffff
2699,882d5dd58dfffff
2700,882d5dca21fffff
2701,882d5d9919fffff
2702,882d5dda11fffff
2703,882d5dd847fffff
2704,882d5dd9e5fffff
2705,882d5dc8c7fffff
2706,882d436197fffff
2707,882d5dcc55fffff
2708,882d5d9b23fffff
2709,882d5dc645fffff
2710,882d5dc44bfffff
2711,882d5d1839fffff
2712,882d5dc8b1fffff
2713,882d5d1089fffff
2714,882d5d8965fffff
2715,882d5dd227fffff
2716,882d5ca6b9fffff
2717,882d5dd309fffff
2718,882d5d8ab5fffff
2719,882d5dd4c7fffff
2720,882d5d99e3fffff
2721,882d5dce41fffff
2722,882d5d1b55fffff
2723,882d5d118bfffff
2724,882d5d8c85fffff
2725,882d5d188dfffff
2726,882d5dc5adfffff
2727,882d5dd005fffff
2728,882d5dd0b1fffff
2729,882d436f53fffff
2730,882d5dc6e3fffff
2731,882d5d8341fffff
2732,882d5d1191fffff
2733,882d5d1609fffff
2734,882d5d568dfffff
2735,882d5d1ae9fffff
2736,882d436dbdfffff
2737,882d5dd213fffff
2738,882d5dc0cdfffff
2739,882d5dd357fffff
2740,882d5dc55dfffff
2741,882d5dcc6bfffff
2742,882d5dd54bfffff
2743,882d5d9a37fffff
2744,882d5d8f09fffff
2745,882d5d8b4bfffff
2746,882d5d8e63fffff
2747,882d5d998bfffff
2748,882d5dc8a1fffff
2749,882d5d9995fffff
2750,882d5d1911fffff
2751,882d5d8f63fffff
2752,882d436213fffff
2753,882d5dca19fffff
2754,882d436121fffff
2755,882d436f17fffff
2756,882d5d9819fffff
2757,882d5dd555fffff
2758,882d5dcf11fffff
2759,882d5d1735fffff
2760,882d5dd4b1fffff
2761,882d5d18c1fffff
2762,882d5dc50dfffff
2763,882d5dcec7fffff
2764,882d5d1023fffff
2765,882d5dc5ebfffff
2766,882d5dceabfffff
2767,882d436939fffff
2768,882d4362c5fffff
2769,882d5d56ebfffff
2770,882d5d98a1fffff
2771,882d5dca91fffff
2772,882d5d8c39fffff
2773,882d5dc893fffff
2774,882d5dc051fffff
2775,882d5dc069fffff
2776,882d5dc8e3fffff
2777,882d5dc101fffff
2778,882d5d12edfffff
2779,882d436f67fffff
2780,882d436889fffff
2781,882d5dca01fffff
2782,882d5d899dfffff
2783,882d436abdfffff
2784,882d5dd069fffff
2785,882d436e3dfffff
2786,882d5dc1dbfffff
2787,882d5dd407fffff
2788,882d43743bfffff
2789,882d5d8b41fffff
2790,882d5d195bfffff
2791,882d5d5633fffff
2792,882d5ca4b9fffff
2793,882d436283fffff
2794,882d5dcaa9fffff
2795,882d5dc315fffff
2796,882d436ddbfffff
2797,882d5d18c7fffff
2798,882d436c25fffff
2799,882d5d1759fffff
2800,882d5d81bbfffff
2801,882d5dc685fffff
2802,882d5dcd4dfffff
2803,882d5d9b27fffff
2804,882d5d136dfffff
2805,882d4375b7fffff
2806,882d5dd6e9fffff
2807,882d5dc009fffff
2808,882d436a01fffff
2809,882d5d134dfffff
2810,882d5dd411fffff
2811,882d5dc41bfffff
2812,882d5d0327fffff
2813,882d5d9181fffff
2814,882d436dcdfffff
2815,882d5d8e69fffff
2816,882d5dc9d3fffff
2817,882d5d1035fffff
2818,882d436ce3fffff
2819,882d436b17fffff
2820,882d5d19d3fffff
2821,882d5d89edfffff
2822,882d5dc599fffff
2823,882d5dca99fffff
2824,882d5d8ad1fffff
2825,882d436127fffff
2826,882d436c59fffff
2827,882d5d814dfffff
2828,882d436cddfffff
2829,882d5d9ac7fffff
2830,882d5dc20bfffff
2831,882d5d91a9fffff
2832,882d436a17fffff
2833,882d5d1ac5fffff
2834,882d5dc8c1fffff
2835,882d5dcf59fffff
2836,882d5dc725fffff
2837,882d5dd551fffff
2838,882d5d18c9fffff
2839,882d4360c1fffff
2840,882d4369d3fffff
2841,882d5dd603fffff
2842,882d5dc319fffff
2843,882d5d19bdfffff
2844,882d5dd589fffff
2845,882d5dd581fffff
2846,882d5d8e21fffff
2847,882d5d102dfffff
2848,882d5dd70bfffff
2849,882d5dcf25fffff
2850,882d5d89d7fffff
2851,882d5dc145fffff
2852,882d5dcebdfffff
2853,882d5d81c9fffff
2854,882d5dd15bfffff
2855,882d5ddaabfffff
2856,882d5dc36bfffff
2857,882d436841fffff
2858,882d5dd545fffff
2859,882d5dc2e3fffff
2860,882d5d98c1fffff
2861,882d436d55fffff
2862,882d4361d3fffff
2863,882d5dc169fffff
2864,882d5dd70dfffff
2865,882d436e23fffff
2866,882d43601bfffff
2867,882d5dc617fffff
2868,882d5dd0e1fffff
2869,882d5dd019fffff
2870,882d5dd891fffff
2871,882d5d1a69fffff
2872,882d5d0349fffff
2873,882d5d89a7fffff
2874,882d5dd8a3fffff
2875,882d5dcad1fffff
2876,882d5dda03fffff
2877,882d5dc847fffff
2878,882d5dce61fffff
2879,882d5dd765fffff
2880,882d5d1201fffff
2881,882d5dd343fffff
2882,882d43751bfffff
2883,882d5d8913fffff
2884,882d436819fffff
2885,882d5dca13fffff
2886,882d5dd0b5fffff
2887,882d5d8a61fffff
2888,882d5d8f0dfffff
2889,882d436111fffff
2890,882d5d8155fffff
2891,882d5d1455fffff
2892,882d5d994bfffff
2893,882d5d54d9fffff
2894,882d5d1723fffff
2895,882d5dd061fffff
2896,882d5dd4dbfffff
2897,882d5d8893fffff
2898,882d5d56d9fffff
2899,882d5dd2dbfffff
2900,882d436285fffff
2901,882d5dd8d9fffff
2902,882d5d8b35fffff
2903,882d5dd45bfffff
2904,882d5dd015fffff
2905,882d5d9923fffff
2906,882d5ddadbfffff
2907,882d436c17fffff
2908,882d5dd759fffff
2909,882d5d1441fffff
2910,882d5dca6bfffff
2911,882d5dc06bfffff
2912,882d5dc243fffff
2913,882d5dda63fffff
2914,882d5d8015fffff
2915,882d5dd701fffff
2916,882d5d1861fffff
2917,882d5d1a23fffff
2918,882d5dc605fffff
2919,882d436db5fffff
2920,882d5d1621fffff
2921,882d5dd52dfffff
2922,882d5dc141fffff
2923,882d5dcc5bfffff
2924,882d5d8267fffff
2925,882d5dd185fffff
2926,882d5d18cdfffff
2927,882d5dc63dfffff
2928,882d5d54ddfffff
2929,882d5d11e1fffff
2930,882d5dd4a9fffff
2931,882d436ec7fffff
2932,882d5dd72dfffff
2933,882d4369edfffff
2934,882d5dc11dfffff
2935,882d5dc60dfffff
2936,882d5d56e1fffff
2937,882d5d91e9fffff
2938,882d5d9a19fffff
2939,882d5dc5bbfffff
2940,882d5dd747fffff
2941,882d5dda55fffff
2942,882d5dd1a1fffff
2943,882d5d146bfffff
2944,882d5dc60bfffff
2945,882d4362d3fffff
2946,882d4375a7fffff
2947,882d5d91adfffff
2948,882d5dc6e7fffff
2949,882d436da1fffff
2950,882d5d162dfffff
2951,882d5d5449fffff
2952,882d436dc9fffff
2953,882d5d98d3fffff
2954,882d5dd109fffff
2955,882d5d816dfffff
2956,882d5d105bfffff
2957,882d4362a9fffff
2958,882d5dc05dfffff
2959,882d4369cdfffff
2960,882d5d8069fffff
2961,882d5d9935fffff
2962,882d5dcae5fffff
2963,882d43629bfffff
2964,882d5d895dfffff
2965,882d5dc419fffff
2966,882d5d1a2bfffff
2967,882d436113fffff
2968,882d5d1a37fffff
2969,882d5dd029fffff
2970,882d5dc1b9fffff
2971,882d5dc0d5fffff
2972,882d5dd51dfffff
2973,882d4368dbfffff
2974,882d5dd5bbfffff
2975,882d5dcf39fffff
2976,882d5d9917fffff
2977,882d5d1221fffff
2978,882d5ca4c3fffff
2979,882d5d89a5fffff
2980,882d5d8c51fffff
2981,882d5dc30bfffff
2982,882d5dc0b9fffff
2983,882d5dd0d1fffff
2984,882d436a2bfffff
2985,882d5dce15fffff
2986,882d5d10e9fffff
2987,882d5dd9c7fffff
2988,882d5dc6b1fffff
2989,882d5d8dddfffff
2990,882d436ad5fffff
2991,882d5dc669fffff
2992,882d5dd2e3fffff
2993,882d5d102bfffff
2994,882d5d9885fffff
2995,882d5d120dfffff
2996,882d5d8d6dfffff
2997,882d5d8ae3fffff
2998,882d5dd123fffff
2999,882d5d88edfffff
3000,882d5dce13fffff
3001,882d5d8ac7fffff
3002,882d5dd2c3fffff
3003,882d5d1b37fffff
3004,882d436d0dfffff
3005,882d5d8951fffff
3006,882d436e29fffff
3007,882d5d0303fffff
3008,882d5d8f49fffff
3009,882d5d8e31fffff
3010,882d436ea3fffff
3011,882d5dd111fffff
3012,882d436233fffff
3013,882d5dd459fffff
3014,882d436d6dfffff
3015,882d4362e3fffff
3016,882d5dd1e9fffff
3017,882d5dd91dfffff
3018,882d5d120bfffff
3019,882d436ca3fffff
3020,882d5dc191fffff
3021,882d5dd1b5fffff
3022,882d5d8a55fffff
3023,882d5d8919fffff
3024,882d5dd9c9fffff
3025,882d5d1809fffff
3026,882d4361d5fffff
3027,882d5d8c27fffff
3028,882d5d8dd7fffff
3029,882d5dc10bfffff
3030,882d436e61fffff
3031,882d5d989bfffff
3032,882d5ca485fffff
3033,882d5dda47fffff
3034,882d5ca6b7fffff
3035,882d436e37fffff
3036,882d5d1a09fffff
3037,882d5d1081fffff
3038,882d5d81cbfffff
3039,882d5dda93fffff
3040,882d5dd997fffff
3041,882d436025fffff
3042,882d5d8a2dfffff
3043,882d5dd605fffff
3044,882d5d12b5fffff
3045,882d5dc519fffff
3046,882d4361b9fffff
3047,882d436083fffff
3048,882d5d1185fffff
3049,882d5d993dfffff
3050,882d5d8027fffff
3051,882d5dc417fffff
3052,882d5d9809fffff
3053,882d5d9a99fffff
3054,882d5d884bfffff
3055,882d5d8d33fffff
3056,882d5dd183fffff
3057,882d5dc5d1fffff
3058,882d5d189dfffff
3059,882d5d56e7fffff
3060,882d5dc543fffff
3061,882d5dc8d1fffff
3062,882d5dd1c9fffff
3063,882d4362c3fffff
3064,882d5d9b2dfffff
3065,882d5d122bfffff
3066,882d5d1159fffff
3067,882d5dc499fffff
3068,882d5d898bfffff
3069,882d5d8033fffff
3070,882d5dd0bdfffff
3071,882d5dcc03fffff
3072,882d5d19a1fffff
3073,882d5d174bfffff
3074,882d5dd34bfffff
3075,882d5dcadbfffff
3076,882d5d1649fffff
3077,882d5d81c1fffff
3078,882d436eedfffff
3079,882d5dce57fffff
3080,882d5d8a3bfffff
3081,882d5d9831fffff
3082,882d436d83fffff
3083,882d5d8b3bfffff
3084,882d4360c9fffff
3085,882d5d1a5dfffff
3086,882d5d835dfffff
3087,882d5d8f29fffff
3088,882d5dd95bfffff
3089,882d5d8d43fffff
3090,882d436de3fffff
3091,882d5d1a25fffff
3092,882d5ca4b3fffff
3093,882d436c1bfffff
3094,882d5dc195fffff
3095,882d5dcf19fffff
3096,882d436e49fffff
3097,882d436aabfffff
3098,882d5d99e9fffff
3099,882d5d1143fffff
3100,882d436191fffff
3101,882d5d8007fffff
3102,882d5d1669fffff
3103,882d5d8c1bfffff
3104,882d5dc689fffff
3105,882d5d0351fffff
3106,882d436cd1fffff
3107,882d5d9967fffff
3108,882d5dd4d5fffff
3109,882d5dd5ebfffff
3110,882d5dcccdfffff
3111,882d5dda61fffff
3112,882d5d88adfffff
3113,882d5dd829fffff
3114,882d436e67fffff
3115,882d5d8109fffff
3116,882d5d99bdfffff
3117,882d5d1227fffff
3118,882d5dd36bfffff
3119,882d5d135dfffff
3120,882d5dc6cbfffff
3121,882d436c83fffff
3122,882d5ddad5fffff
3123,882d436aa5fffff
3124,882d5dd083fffff
3125,882d5d81a1fffff
3126,882d5dd86bfffff
3127,882d5d8103fffff
3128,882d5d8b37fffff
3129,882d5ddaebfffff
3130,882d436a3bfffff
3131,882d436c31fffff
3132,882d5d8d89fffff
3133,882d5d88dbfffff
3134,882d4375bdfffff
3135,882d5dd009fffff
3136,882d5dc447fffff
3137,882d5dc2d7fffff
3138,882d436749fffff
3139,882d436cc3fffff
3140,882d437407fffff
3141,882d5dc49dfffff
3142,882d5dc493fffff
3143,882d436a39fffff
3144,882d5d999dfffff
3145,882d5d1603fffff
3146,882d5dd50bfffff
3147,882d5dd4abfffff
3148,882d5ddad9fffff
3149,882d436ac9fffff
3150,882d5dcd55fffff
3151,882d5dc1c3fffff
3152,882d5dd6b1fffff
3153,882d5d19a3fffff
3154,882d5d8f4bfffff
3155,882d5d8ce5fffff
3156,882d5dc8edfffff
3157,882d5dcd43fffff
3158,882d436d67fffff
3159,882d5dc13dfffff
3160,882d5d1a05fffff
3161,882d5dc225fffff
3162,882d5dc553fffff
3163,882d5dd32bfffff
3164,882d5d9acdfffff
3165,882d5dd28dfffff
3166,882d5dcf63fffff
3167,882d5dc6c7fffff
3168,882d5dcb17fffff
3169,882d5dc2b1fffff
3170,882d5d8119fffff
3171,882d5d8867fffff
3172,882d5dd549fffff
3173,882d5d89c1fffff
3174,882d5d8151fffff
3175,882d5d8189fffff
3176,882d5dd33dfffff
3177,882d5d1a43fffff
3178,882d5dc569fffff
3179,882d5d9abdfffff
3180,882d4361a9fffff
3181,882d5d109bfffff
3182,882d5d8b61fffff
3183,882d5dd819fffff
3184,882d4361adfffff
3185,882d5dc185fffff
3186,882d5dd03dfffff
3187,882d5d9a17fffff
3188,882d5dd587fffff
3189,882d5d8917fffff
3190,882d5d98a9fffff
3191,882d5d9abbfffff
3192,882d5d110bfffff
3193,882d5d81c7fffff
3194,882d5dd707fffff
3195,882d4368b9fffff
3196,882d5dceebfffff
3197,882d436d81fffff
3198,882d5dd46bfffff
3199,882d5dc73bfffff
3200,882d5d8163fffff
3201,882d5dc74bfffff
3202,882d5dcedbfffff
3203,882d5d9905fffff
3204,882d5d1931fffff
3205,882d43684dfffff
3206,882d5dcd69fffff
3207,882d5d1747fffff
3208,882d5dca35fffff
3209,882d436da5fffff
3210,882d5d89d5fffff
3211,882d4361c7fffff
3212,882d5dca5dfffff
3213,882d5dd245fffff
3214,882d5dd727fffff
3215,882d5d1a83fffff
3216,882d5d888bfffff
3217,882d5d99bbfffff
3218,882d5d1847fffff
3219,882d5dc2ddfffff
3220,882d5dc5a5fffff
3221,882d5dc20dfffff
3222,882d4362b9fffff
3223,882d5dc149fffff
3224,882d5d1667fffff
3225,882d5d88a7fffff
3226,882d5dd557fffff
3227,882d5d8b13fffff
3228,882d5d11d5fffff
3229,882d5d99adfffff
3230,882d5dcad7fffff
3231,882d436c2dfffff
3232,882d43615bfffff
3233,882d43691bfffff
3234,882d5d1919fffff
3235,882d5d8c57fffff
3236,882d5dd1e3fffff
3237,882d5dc2b7fffff
3238,882d436c43fffff
3239,882d5d8a99fffff
3240,882d5d99a1fffff
3241,882d5d1115fffff
3242,882d5d1a8dfffff
3243,882d5d1a0dfffff
3244,882d5dda23fffff
3245,882d436acbfffff
3246,882d5d8c43fffff
3247,882d5d1367fffff
3248,882d5dc639fffff
3249,882d5dca5bfffff
3250,882d5dd639fffff
3251,882d5dc6b3fffff
3252,882d5d9837fffff
3253,882d5d8f37fffff
3254,882d5d9a11fffff
3255,882d5dc8b9fffff
3256,882d5d1917fffff
3257,882d5d134bfffff
3258,882d5dce09fffff
3259,882d5dc9d9fffff
3260,882d43698bfffff
3261,882d5dd155fffff
3262,882d5d1803fffff
3263,882d5dc061fffff
3264,882d5dcb1dfffff
3265,882d5dd437fffff
3266,882d5d1237fffff
3267,882d5d893dfffff
3268,882d5dd14bfffff
3269,882d436f23fffff
3270,882d5ca4a7fffff
3271,882d43631bfffff
3272,882d5dc81dfffff
3273,882d5dcecbfffff
3274,882d5dd19dfffff
3275,882d5dc513fffff
3276,882d436c81fffff
3277,882d436f31fffff
3278,882d5d8ce7fffff
3279,882d5d8811fffff
3280,882d5d9a81fffff
3281,882d5ca6d3fffff
3282,882d436119fffff
3283,882d5d1161fffff
3284,882d5dd76dfffff
3285,882d5dd855fffff
3286,882d5dd817fffff
3287,882d5dd837fffff
3288,882d5d1625fffff
3289,882d5dc089fffff
3290,882d5d124bfffff
3291,882d436823fffff
3292,882d5dda83fffff
3293,882d5d0b29fffff
3294,882d5dc007fffff
3295,882d5dd401fffff
3296,882d5d8c3bfffff
3297,882d5dd8b7fffff
3298,882d5dc119fffff
3299,882d5dcee1fffff
3300,882d5dcc13fffff
3301,882d436cd3fffff
3302,882d5dd457fffff
3303,882d5dda0bfffff
3304,882d5dd247fffff
3305,882d5d9ac1fffff
3306,882d5d1827fffff
3307,882d436223fffff
3308,882d5d815bfffff
3309,882d5dd615fffff
3310,882d4369abfffff
3311,882d5d9027fffff
3312,882d5d19c1fffff
3313,882d5dc1b7fffff
3314,882d5dcb51fffff
3315,882d5d8a37fffff
3316,882d5dce29fffff
3317,882d5d818bfffff
3318,882d5d8d29fffff
3319,882d5dd8c3fffff
3320,882d5d8a21fffff
3321,882d5d9b35fffff
3322,882d5dc8cbfffff
3323,882d5d8aa3fffff
3324,882d5d1329fffff
3325,882d5d882dfffff
3326,882d5d991bfffff
3327,882d4360a5fffff
3328,882d5dd2d1fffff
3329,882d5d8b2dfffff
3330,882d436c39fffff
3331,882d5dd335fffff
3332,882d5dc559fffff
3333,882d5d1819fffff
3334,882d5dd031fffff
3335,882d5d032dfffff
3336,882d5dcc69fffff
3337,882d5d89b3fffff
3338,882d5dc2e7fffff
3339,882d5d98e9fffff
3340,882d5dca65fffff
3341,882d5ca4bdfffff
3342,882d5dc459fffff
3343,882d43601dfffff
3344,882d436e31fffff
3345,882d5d1105fffff
3346,882d5dc0a3fffff
3347,882d5d1129fffff
3348,882d5d8abdfffff
3349,882d5d1ad9fffff
3350,882d5dd9a3fffff
3351,882d436d29fffff
3352,882d5dd767fffff
3353,882d5dd427fffff
3354,882d43613bfffff
3355,882d5d1abdfffff
3356,882d5d8e27fffff
3357,882d5d8937fffff
3358,882d43606dfffff
3359,882d5d8d09fffff
3360,882d5dd421fffff
3361,882d436e93fffff
3362,882d5d1a2dfffff
3363,882d5d8183fffff
3364,882d5d8b51fffff
3365,882d5d8e07fffff
3366,882d5d8b53fffff
3367,882d5d1837fffff
3368,882d5dc301fffff
3369,882d5d8993fffff
3370,882d5dd41dfffff
3371,882d5dc9dbfffff
3372,882d5d881bfffff
3373,882d5d8e35fffff
3374,882d4360c3fffff
3375,882d5d8969fffff
3376,882d5dca9dfffff
3377,882d5dc2a5fffff
3378,882d5d8dc3fffff
3379,882d5dda5bfffff
3380,882d5d98d9fffff
3381,882d436863fffff
3382,882d5d5635fffff
3383,882d5d1a01fffff
3384,882d5d033dfffff
3385,882d5dd6d5fffff
3386,882d5dd2a1fffff
3387,882d5dd5e1fffff
3388,882d5d155bfffff
3389,882d436c35fffff
3390,882d4360a1fffff
3391,882d5dd6a9fffff
3392,882d5d8c1dfffff
3393,882d5d81b5fffff
3394,882d436a9dfffff
3395,882d5d9137fffff
3396,882d5dc1b1fffff
3397,882d5d129dfffff
3398,882d5dd745fffff
3399,882d5d91a7fffff
3400,882d5d8925fffff
3401,882d5d1369fffff
3402,882d5d8157fffff
3403,882d5dd9d5fffff
3404,882d436193fffff
3405,882d5d1b13fffff
3406,882d5d8017fffff
3407,882d5d8999fffff
3408,882d5dc5c7fffff
3409,882d5d11b7fffff
3410,882d4368bbfffff
3411,882d5d8c41fffff
3412,882d4368e3fffff
3413,882d5d8ce3fffff
3414,882d4361d9fffff
3415,882d5d8d39fffff
3416,882d5d5697fffff
3417,882d436dd3fffff
3418,882d4368d5fffff
3419,882d5dd649fffff
3420,882d5d8d01fffff
3421,882d5d89b9fffff
3422,882d5dc853fffff
3423,882d436da9fffff
3424,882d5d8a29fffff
3425,882d5ddab9fffff
3426,882d5dd28bfffff
3427,882d5dd857fffff
3428,882d5d8ca9fffff
3429,882d5d9aa1fffff
3430,882d5dd18dfffff
3431,882d5d18e9fffff
3432,882d5d163dfffff
3433,882d436c3dfffff
3434,882d5dc45dfffff
3435,882d5d1141fffff
3436,882d5d8d53fffff
3437,882d5dc537fffff
3438,882d5d11e9fffff
3439,882d5d8061fffff
3440,882d5d81bdfffff
3441,882d5dda85fffff
3442,882d5dd25bfffff
3443,882d436151fffff
3444,882d5dc467fffff
3445,882d5dd9c5fffff
3446,882d5dc1d7fffff
3447,882d436835fffff
3448,882d5dc4e7fffff
3449,882d4360e9fffff
3450,882d5dd365fffff
3451,882d436d3bfffff
3452,882d5dd699fffff
3453,882d5d8c35fffff
3454,882d5ca68bfffff
3455,882d5d116bfffff
3456,882d5dc331fffff
3457,882d5dc091fffff
3458,882d5dca6dfffff
3459,882d5dc117fffff
3460,882d5d8c2dfffff
3461,882d5d81d7fffff
3462,882d436f33fffff
3463,882d5d1ad7fffff
3464,882d5dd283fffff
3465,882d5ddaedfffff
3466,882d5d1985fffff
3467,882d4361c5fffff
3468,882d5d9815fffff
3469,882d5d12e9fffff
3470,882d5dd711fffff
3471,882d437431fffff
3472,882d5dc03dfffff
3473,882d5dc64dfffff
3474,882d5dd993fffff
3475,882d5dd1b3fffff
3476,882d5dd597fffff
3477,882d5dd24bfffff
3478,882d5dd23dfffff
3479,882d5d54dbfffff
3480,882d5dd533fffff
3481,882d5dd409fffff
3482,882d5d1ab3fffff
3483,882d436e45fffff
3484,882d5d982bfffff
3485,882d5dd8e1fffff
3486,882d5dd0e9fffff
3487,882d5d161dfffff
3488,882d5dd485fffff
3489,882d436563fffff
3490,882d5d8891fffff
3491,882d436c55fffff
3492,882d5d8e67fffff
3493,882d5dc805fffff
3494,882d5dc197fffff
3495,882d4362d5fffff
3496,882d5d8045fffff
3497,882d5dd811fffff
3498,882d5d1255fffff
3499,882d5d8f2bfffff
3500,882d5d1709fffff
3501,882d5dc817fffff
3502,882d4375cbfffff
3503,882d5d9a9bfffff
3504,882d5d8c55fffff
3505,882d5d1219fffff
3506,882d5d1887fffff
3507,882d5dcf1dfffff
3508,882d436a8dfffff
3509,882d5dce89fffff
3510,882d5dd809fffff
3511,882d4368e1fffff
3512,882d5dda2bfffff
3513,882d5dc21dfffff
3514,882d5ca69dfffff
3515,882d5d1727fffff
3516,882d5dc041fffff
3517,882d5d996dfffff
3518,882d436849fffff
3519,882d5dd55bfffff
3520,882d5dc42dfffff
3521,882d5d8c0bfffff
3522,882d5dc551fffff
3523,882d5dc4e9fffff
3524,882d5dc703fffff
3525,882d5dc1d1fffff
3526,882d5d56c5fffff
3527,882d5dce5dfffff
3528,882d43674dfffff
3529,882d5d833dfffff
3530,882d5d1a29fffff
3531,882d5dd4b5fffff
3532,882d5d8aa1fffff
3533,882d5dd1a5fffff
3534,882d5d88e3fffff
3535,882d5dcf0dfffff
3536,882d5d9a97fffff
3537,882d5dd0bbfffff
3538,882d5dc843fffff
3539,882d5dc327fffff
3540,882d5d9927fffff
3541,882d5dd2a7fffff
3542,882d5d56b1fffff
3543,882d436d45fffff
3544,882d5dc721fffff
3545,882d5dce23fffff
3546,882d5dd8b1fffff
3547,882d5d171bfffff
3548,882d5dca41fffff
3549,882d5dd5b9fffff
3550,882d5dd567fffff
3551,882d5dc4bdfffff
3552,882d5dc139fffff
3553,882d5dd259fffff
3554,882d5d8829fffff
3555,882d436021fffff
3556,882d5ca6b5fffff
3557,882d5dd413fffff
3558,882d5d8d85fffff
3559,882d5dd46dfffff
3560,882d5dd319fffff
3561,882d5d8967fffff
3562,882d5d9b3bfffff
3563,882d5d12e1fffff
3564,882d5dd74bfffff
3565,882d436d01fffff
3566,882d436e2dfffff
3567,882d5d8a31fffff
3568,882d436f2dfffff
3569,882d5d995dfffff
3570,882d5ca4cbfffff
3571,882d5d8d35fffff
3572,882d5d162bfffff
3573,882d5d8a5dfffff
3574,882d5dd9c3fffff
3575,882d5dcc2bfffff
3576,882d436ac3fffff
3577,882d436d8dfffff
3578,882d5dda3dfffff
3579,882d5dc359fffff
3580,882d5d9951fffff
3581,882d5dc021fffff
3582,882d5dcf6dfffff
3583,882d5d81e9fffff
3584,882d5d8b55fffff
3585,882d5d8d6bfffff
3586,882d5d1111fffff
3587,882d5d1211fffff
3588,882d5d18e1fffff
3589,882d5d8869fffff
3590,882d5dc02bfffff
3591,882d5dc413fffff
3592,882d5d8d0bfffff
3593,882d5dd1bbfffff
3594,882d5dc1cbfffff
3595,882d5dd755fffff
3596,882d5d19adfffff
3597,882d5ca6b1fffff
3598,882d436a23fffff
3599,882d5d113bfffff
3600,882d5dd367fffff
3601,882d5d8a2bfffff
3602,882d5dc367fffff
3603,882d5d1ac3fffff
3604,882d5d8f3bfffff
3605,882d5dcae7fffff
3606,882d5d1629fffff
3607,882d5dda43fffff
3608,882d5dd0e3fffff
3609,882d5dc76bfffff
3610,882d4360bdfffff
3611,882d5d8859fffff
3612,882d5d88d7fffff
3613,882d5d123bfffff
3614,882d5ddacbfffff
3615,882d5dd591fffff
3616,882d5d1a81fffff
3617,882d5dc107fffff
3618,882d5d8d03fffff
3619,882d5dc421fffff
3620,882d5d8301fffff
3621,882d5d12ebfffff
3622,882d436cb9fffff
3623,882d5dcb5bfffff
3624,882d5d9a87fffff
3625,882d5dd6edfffff
3626,882d436e81fffff
3627,882d5d8a09fffff
3628,882d5dd4c1fffff
3629,882d5dd825fffff
3630,882d5d19a5fffff
3631,882d5d9839fffff
3632,882d5dca0dfffff
3633,882d5d99a5fffff
3634,882d5d98e3fffff
3635,882d5dca47fffff
3636,882d5d56adfffff
3637,882d5d9a9dfffff
3638,882d5d9a3dfffff
3639,882d5dc503fffff
3640,882d5d8145fffff
3641,882d5d9b25fffff
3642,882d5dc5c3fffff
3643,882d5d8f5bfffff
3644,882d5dcf1bfffff
3645,882d5dc69dfffff
3646,882d4368b5fffff
3647,882d5d8dd9fffff
3648,882d5dd049fffff
3649,882d5d5683fffff
3650,882d43681dfffff
3651,882d5d8a93fffff
3652,882d5dca87fffff
3653,882d5dc5b9fffff
3654,882d5dc1a9fffff
3655,882d436aa3fffff
3656,882d436c57fffff
3657,882d5d180dfffff
3658,882d5ca4c7fffff
3659,882d5d12d7fffff
3660,882d436c27fffff
3661,882d5dc66dfffff
3662,882d436981fffff
3663,882d5dd0b3fffff
3664,882d436dedfffff
3665,882d436e03fffff
3666,882d5dd691fffff
3667,882d5dda2dfffff
3668,882d4369e3fffff
3669,882d5dd107fffff
3670,882d5dc667fffff
3671,882d5dc26bfffff
3672,882d5dc497fffff
3673,882d5dca59fffff
3674,882d5dd1c1fffff
3675,882d5ca693fffff
3676,882d5dc2ebfffff
3677,882d5dd00bfffff
3678,882d5d114bfffff
3679,882d5dd159fffff
3680,882d436843fffff
3681,882d4369c1fffff
3682,882d5d11a3fffff
3683,882d5dced7fffff
3684,882d5d91abfffff
3685,882d5d9983fffff
3686,882d5d1ae3fffff
3687,882d5dc227fffff
3688,882d5dcb07fffff
3689,882d5d1933fffff
3690,882d5dd497fffff
3691,882d5d1ab7fffff
3692,882d5dd511fffff
3693,882d5dcabdfffff
3694,882d5dd495fffff
3695,882d436c37fffff
3696,882d5dc5dbfffff
3697,882d5dd197fffff
3698,882d4362a3fffff
3699,882d436811fffff
3700,882d43618dfffff
3701,882d4361e5fffff
3702,882d5dd1e5fffff
3703,882d5ca6bdfffff
3704,882d5ddac5fffff
3705,882d5d103bfffff
3706,882d5d8d57fffff
3707,882d5d118dfffff
3708,882d5dcd41fffff
3709,882d5dda9bfffff
3710,882d5d100dfffff
3711,882d5d1a5bfffff
3712,882d4362e9fffff
3713,882d5dcf09fffff
3714,882d5dd5d3fffff
3715,882d5ddab7fffff
3716,882d5dd449fffff
3717,882d5dc24dfffff
3718,882d5d1249fffff
3719,882d5d9ad1fffff
3720,882d436827fffff
3721,882d5dc0a5fffff
3722,882d5d885bfffff
3723,882d5dc0c9fffff
3724,882d5dd839fffff
3725,882d436093fffff
3726,882d5ca69bfffff
3727,882d5d81a7fffff
3728,882d5dc54dfffff
3729,882d5dc65bfffff
3730,882d5d891dfffff
3731,882d5dd1cdfffff
3732,882d5d8857fffff
3733,882d5dd5d9fffff
3734,882d5d12abfffff
3735,882d5d89c5fffff
3736,882d5dcf5bfffff
3737,882d5d10cbfffff
3738,882d5dc62dfffff
3739,882d5d1623fffff
3740,882d5ddab3fffff
3741,882d5d89c3fffff
3742,882d5dc665fffff
3743,882d5d19c7fffff
3744,882d5dd017fffff
3745,882d5d8907fffff
3746,882d4362e7fffff
3747,882d5d8a3dfffff
3748,882d5dc585fffff
3749,882d5dc533fffff
3750,882d5d1131fffff
3751,882d5d8329fffff
3752,882d5d0b0dfffff
3753,882d5dd333fffff
3754,882d5dd85dfffff
3755,882d5dc5cdfffff
3756,882d5d91b5fffff
3757,882d5dd5a5fffff
3758,882d4369a9fffff
3759,882d5d8a0bfffff
3760,882d5dd423fffff
3761,882d5d8b2bfffff
3762,882d5dd801fffff
3763,882d5d1b51fffff
3764,882d5dcc11fffff
3765,882d436d43fffff
3766,882d5dd4e9fffff
3767,882d5dd425fffff
3768,882d5dcf55fffff
3769,882d5d1b49fffff
3770,882d5d1a55fffff
3771,882d5dc4a9fffff
3772,882d5dc409fffff
3773,882d5dd201fffff
3774,882d436f07fffff
3775,882d5d8d1bfffff
3776,882d43652dfffff
3777,882d5d1041fffff
3778,882d5dd0d5fffff
3779,882d5d81d1fffff
3780,882d5d5451fffff
3781,882d5dda25fffff
3782,882d5d8945fffff
3783,882d5d1301fffff
3784,882d5d99b1fffff
3785,882d5d1355fffff
3786,882d5d1a13fffff
3787,882d5d176dfffff
3788,882d436d91fffff
3789,882d5d0301fffff
3790,882d5d56c1fffff
3791,882d5d89ddfffff
3792,882d5d98c9fffff
3793,882d5dc4e3fffff
3794,882d436a11fffff
3795,882d436291fffff
3796,882d5dc6e1fffff
3797,882d5d1b39fffff
3798,882d5d98c7fffff
3799,882d5d8b59fffff
3800,882d4375e5fffff
3801,882d5d990bfffff
3802,882d436a0bfffff
3803,882d5d172bfffff
3804,882d5dd509fffff
3805,882d5dd8bbfffff
3806,882d5dc855fffff
3807,882d5dd865fffff
3808,882d5dd5b3fffff
3809,882d436d35fffff
3810,882d5d9859fffff
3811,882d5dc531fffff
3812,882d5dd4c9fffff
3813,882d5dc131fffff
3814,882d5dc8a7fffff
3815,882d5dc235fffff
3816,882d5d8023fffff
3817,882d5d91c5fffff
3818,882d5dda99fffff
3819,882d5dc4b1fffff
3820,882d5d12e3fffff
3821,882d5dc405fffff
3822,882d5d1857fffff
3823,882d4368a7fffff
3824,882d5d8037fffff
3825,882d5d88a3fffff
3826,882d5d1443fffff
3827,882d436859fffff
3828,882d5d8c2bfffff
3829,882d5d8d47fffff
3830,882d5d1353fffff
3831,882d4368d7fffff
3832,882d5d1921fffff
3833,882d5d1885fffff
3834,882d5dc00dfffff
3835,882d5d56abfffff
3836,882d4362edfffff
3837,882d5d8a43fffff
3838,882d5dcaa5fffff
3839,882d436e85fffff
3840,882d5dda05fffff
3841,882d5dd263fffff
3842,882d5dc693fffff
3843,882d5d99d3fffff
3844,882d5d1767fffff
3845,882d5dce39fffff
3846,882d5d9a31fffff
3847,882d5ca49dfffff
3848,882d5dc999fffff
3849,882d5dc505fffff
3850,882d5d1321fffff
3851,882d5dc59bfffff
3852,882d5d0b69fffff
3853,882d5dd22bfffff
3854,882d5d91ebfffff
3855,882d5d1a51fffff
3856,882d5d11a7fffff
3857,882d5d9863fffff
3858,882d5dc363fffff
3859,882d5d98e7fffff
3860,882d5dd04bfffff
3861,882d4361e7fffff
3862,882d5d1ac1fffff
3863,882d5d8841fffff
3864,882d5d184bfffff
3865,882d5dd8a7fffff
3866,882d436091fffff
3867,882d5dd0c7fffff
3868,882d5dc895fffff
3869,882d5dcea1fffff
3870,882d5dd337fffff
3871,882d5d8f27fffff
3872,882d4362d9fffff
3873,882d5dcc57fffff
3874,882d5d9a33fffff
3875,882d5dd151fffff
3876,882d5dd145fffff
3877,882d5dc6d3fffff
3878,882d5dd63bfffff
3879,882d5d1725fffff
3880,882d5dd2e7fffff
3881,882d5d1aa9fffff
3882,882d5dc42bfffff
3883,882d5d99abfffff
3884,882d5dda09fffff
3885,882d5dc5e7fffff
3886,882d5dc6c9fffff
3887,882d5d8135fffff
3888,882d5dd5d1fffff
3889,882d436063fffff
3890,882d5d121dfffff
3891,882d5d8035fffff
3892,882d5d8ac3fffff
3893,882d4375e9fffff
3894,882d5d1acdfffff
3895,882d5d9865fffff
3896,882d5d9963fffff
3897,882d5dd805fffff
3898,882d436abbfffff
3899,882d5dd161fffff
3900,882d5d8823fffff
3901,882d4360b5fffff
3902,882d5dc2adfffff
3903,882d5dd299fffff
3904,882d5dc81bfffff
3905,882d5d8953fffff
3906,882d5dd619fffff
3907,882d4360e1fffff
3908,882d5d8d67fffff
3909,882d5d9941fffff
3910,882d436db7fffff
3911,882d5dd723fffff
3912,882d436747fffff
3913,882d436eb5fffff
3914,882d5dc85bfffff
3915,882d5dd163fffff
3916,882d5dc4bbfffff
3917,882d5dc25dfffff
3918,882d5d8831fffff
3919,882d5d8a8bfffff
3920,882d5d8181fffff
3921,882d5d9931fffff
3922,882d5dd311fffff
3923,882d5dcae3fffff
3924,882d5d836dfffff
3925,882d5dd987fffff
3926,882d5d56ddfffff
3927,882d5dc597fffff
3928,882d5dd6cbfffff
3929,882d5d8d25fffff
3930,882d4369e1fffff
3931,882d5dd353fffff
3932,882d5dc711fffff
3933,882d5d892dfffff
3934,882d5dc423fffff
3935,882d436743fffff
3936,882d5dc66bfffff
3937,882d436e05fffff
3938,882d4369e9fffff
3939,882d5d18d3fffff
3940,882d5dd11bfffff
3941,882d43683bfffff
3942,882d5dda45fffff
3943,882d5dc619fffff
3944,882d5dc869fffff
3945,882d5d1731fffff
3946,882d436065fffff
3947,882d5ca6d5fffff
3948,882d436281fffff
3949,882d5dc663fffff
3950,882d5d1a67fffff
3951,882d5d1a33fffff
3952,882d5d5693fffff
3953,882d5dca05fffff
3954,882d5dd717fffff
3955,882d5d1157fffff
3956,882d5d8001fffff
3957,882d5dd82bfffff
3958,882d5d1b33fffff
3959,882d5dc881fffff
3960,882d5d8b07fffff
3961,882d5d1463fffff
3962,882d5dca89fffff
3963,882d5dd5d7fffff
3964,882d436d2dfffff
3965,882d5dc15bfffff
3966,882d5d9addfffff
3967,882d5d8985fffff
3968,882d5dd5c3fffff
3969,882d5dd705fffff
3970,882d5dc309fffff
3971,882d5ddaa3fffff
3972,882d5dcc05fffff
3973,882d5d1951fffff
3974,882d5d9849fffff
3975,882d436f09fffff
3976,882d5d10d5fffff
3977,882d5dc765fffff
3978,882d5d9947fffff
3979,882d4362d7fffff
3980,882d5d19a9fffff
3981,882d5ddad7fffff
3982,882d5dc0a7fffff
3983,882d5d198bfffff
3984,882d5dc219fffff
3985,882d4368b7fffff
3986,882d5dc4a7fffff
3987,882d5dc827fffff
3988,882d5dc305fffff
3989,882d5dc541fffff
3990,882d5d9111fffff
3991,882d5dd635fffff
3992,882d5dd5c1fffff
3993,882d5dcd4bfffff
3994,882d5dd189fffff
3995,882d5d1133fffff
3996,882d5dc561fffff
3997,882d5d12cdfffff
3998,882d436855fffff
3999,882d5d1341fffff
4000,882d5d8e4dfffff
4001,882d5dc1e5fffff
4002,882d5d8f39fffff
4003,882d4360c5fffff
4004,882d4361e1fffff
4005,882d5d8f1dfffff
4006,882d5d8e37fffff
4007,882d5dc683fffff
4008,882d5d99e1fffff
4009,882d436eb3fffff
4010,882d5d8ab7fffff
4011,882d5d989dfffff
4012,882d4361d7fffff
4013,882d5dd601fffff
4014,882d436cc5fffff
4015,882d5dd8bdfffff
4016,882d5dd9d3fffff
4017,882d5dc6a7fffff
4018,882d5dd013fffff
4019,882d5d1a35fffff
4020,882d5dd221fffff
4021,882d5dcb33fffff
4022,882d5d1869fffff
4023,882d436097fffff
4024,882d5d8a65fffff
4025,882d5dd83dfffff
4026,882d5dd851fffff
4027,882d5dcf21fffff
4028,882d5d19c9fffff
4029,882d5d1b19fffff
4030,882d5d109dfffff
4031,882d5d56d1fffff
4032,882d5d10dbfffff
4033,882d5dce3dfffff
4034,882d5d8d65fffff
4035,882d5dd999fffff
4036,882d5dd431fffff
4037,882d5d912dfffff
4038,882d5d1981fffff
4039,882d437531fffff
4040,882d5d8f25fffff
4041,882d5dc341fffff
4042,882d5dd82dfffff
4043,882d4368abfffff
4044,882d5d98d1fffff
4045,882d5d1a89fffff
4046,882d5dc28dfffff
4047,882d5d8a41fffff
4048,882d5dc6b5fffff
4049,882d436007fffff
4050,882d4361d1fffff
4051,882d5dce33fffff
4052,882d5dccc5fffff
4053,882d5d98a5fffff
4054,882d43752bfffff
4055,882d5dda69fffff
4056,882d5dd5abfffff
4057,882d5dc747fffff
4058,882d5dc731fffff
4059,882d5dd067fffff
4060,882d5dd22dfffff
4061,882d5dce5bfffff
4062,882d5dd911fffff
4063,882d5d124dfffff
4064,882d436a33fffff
4065,882d5d1989fffff
4066,882d436e5bfffff
4067,882d5ca695fffff
4068,882d5dc8d7fffff
4069,882d5d135bfffff
4070,882d5d88b5fffff
4071,882d5d186dfffff
4072,882d5dcf5dfffff
4073,882d5dc1bdfffff
4074,882d5dce65fffff
4075,882d5d81a3fffff
4076,882d5d8833fffff
4077,882d436f39fffff
4078,882d5dca97fffff
4079,882d5d98a3fffff
4080,882d5dd833fffff
4081,882d5d1147fffff
4082,882d5d188bfffff
4083,882d5d9ad9fffff
4084,882d5dc70dfffff
4085,882d5dd9e7fffff
4086,882d5d8f03fffff
4087,882d5d9ae1fffff
4088,882d5dc337fffff
4089,882d5d12b3fffff
4090,882d436045fffff
4091,882d5dd9edfffff
4092,882d5dc6b9fffff
4093,882d436d61fffff
4094,882d5dd2bdfffff
4095,882d5d9ab3fffff
4096,882d5d8da5fffff
4097,882d5dd361fffff
4098,882d5dc5c5fffff
4099,882d5dc16dfffff
4100,882d5d8c59fffff
4101,882d5d8a15fffff
4102,882d5d8acbfffff
4103,882d436d85fffff
4104,882d5dc1abfffff
4105,882d5d81e5fffff
4106,882d5dd8e5fffff
4107,882d5d8d9dfffff
4108,882d436ab5fffff
4109,882d5dc013fffff
4110,882d5dc0cbfffff
4111,882d5d125bfffff
4112,882d5d813bfffff
4113,882d5dc69bfffff
4114,882d436f29fffff
4115,882d5dd527fffff
4116,882d5dc52dfffff
4117,882d436aa7fffff
4118,882d5dc113fffff
4119,882d5dce2bfffff
4120,882d5dc491fffff
4121,882d5dc72bfffff
4122,882d5d81a9fffff
4123,882d5d1983fffff
4124,882d5d831dfffff
4125,882d5dc205fffff
4126,882d5d5685fffff
4127,882d5d9b33fffff
4128,882d5d12bdfffff
4129,882d5d81b9fffff
4130,882d5d12a5fffff
4131,882d5d89e7fffff
4132,882d5d9b21fffff
4133,882d5d0b45fffff
4134,882d5d803dfffff
4135,882d5dd8c5fffff
4136,882d5d9895fffff
4137,882d5d8d63fffff
4138,882d5dcf69fffff
4139,882d5dcb6bfffff
4140,882d5d101dfffff
4141,882d5d9b07fffff
4142,882d5dc289fffff
4143,882d5dd6a3fffff
4144,882d5d0347fffff
4145,882d5d9897fffff
4146,882d5dceb3fffff
4147,882d5d1251fffff
4148,882d5dd26bfffff
4149,882d436dabfffff
4150,882d5dd099fffff
4151,882d5d8c05fffff
4152,882d5d8359fffff
4153,882d5dc0edfffff
4154,882d5dd191fffff
4155,882d436a03fffff
4156,882d5ddad3fffff
4157,882d5d89c7fffff
4158,882d5d985dfffff
4159,882d436c45fffff
4160,882d436089fffff
4161,882d5d8b31fffff
4162,882d5d0b63fffff
4163,882d436a35fffff
4164,882d5dc09dfffff
4165,882d5d8a4dfffff
4166,882d5d1281fffff
4167,882d436933fffff
4168,882d5dc285fffff
4169,882d5d1a93fffff
4170,882d5dd769fffff
4171,882d5dca45fffff
4172,882d4368d1fffff
4173,882d5dd233fffff
4174,882d5dcf47fffff
4175,882d5dd76bfffff
4176,882d436c89fffff
4177,882d436c69fffff
4178,882d5d8161fffff
4179,882d5d8f5dfffff
4180,882d436125fffff
4181,882d5ddb53fffff
4182,882d5dd49dfffff
4183,882d5dce43fffff
4184,882d5dd739fffff
4185,882d5dd8adfffff
4186,882d5d56a1fffff
4187,882d5d88b9fffff
4188,882d5d130bfffff
4189,882d5d183dfffff
4190,882d5d176bfffff
4191,882d5d98e1fffff
4192,882d5d8225fffff
4193,882d5dda27fffff
4194,882d5dc443fffff
4195,882d5dd1cbfffff
4196,882d5d8a45fffff
4197,882d4369a7fffff
4198,882d5d980dfffff
4199,882d5d11d7fffff
4200,882d5dda87fffff
4201,882d436dd5fffff
4202,882d5dd287fffff
4203,882d5d8dd5fffff
4204,882d5d132dfffff
4205,882d5dc2e1fffff
4206,882d43680bfffff
4207,882d5dd65dfffff
4208,882d5dc2d3fffff
4209,882d436d6bfffff
4210,882d5dd6bbfffff
4211,882d5ddac7fffff
4212,882d5dd8d5fffff
4213,882d5d8a07fffff
4214,882d5d880bfffff
4215,882d5d9855fffff
4216,882d5d11b5fffff
4217,882d5dd6e1fffff
4218,882d5d160bfffff
4219,882d5d100bfffff
4220,882d436c95fffff
4221,882d5dcc49fffff
4222,882d5d1719fffff
4223,882d5dc5a9fffff
4224,882d5ca491fffff
4225,882d5d9aedfffff
4226,882d5d8963fffff
4227,882d5dd6d3fffff
4228,882d5dc5ddfffff
4229,882d5d1987fffff
4230,882d4375c5fffff
4231,882d5dd693fffff
4232,882d5d1223fffff
4233,882d5d98c3fffff
4234,882d5d8e3dfffff
4235,882d5dc165fffff
4236,882d5dd105fffff
4237,882d5d8e29fffff
4238,882d5d89b7fffff
4239,882d4360b7fffff
4240,882d5dcc67fffff
4241,882d5d190bfffff
4242,882d5dcb1bfffff
4243,882d5dd30dfffff
4244,882d5d1711fffff
4245,882d5d0353fffff
4246,882d5d1295fffff
4247,882d5dc0c3fffff
4248,882d436565fffff
4249,882d5dd047fffff
4250,882d5d8f53fffff
4251,882d5dd139fffff
4252,882d5dc325fffff
4253,882d5d1863fffff
4254,882d5d1289fffff
4255,882d5d8883fffff
4256,882d5d89abfffff
4257,882d5d174dfffff
4258,882d5d98abfffff
4259,882d5d8333fffff
4260,882d5dd8a1fffff
4261,882d5dc749fffff
4262,882d5dcf33fffff
4263,882d5dd5bdfffff
4264,882d5d54c9fffff
4265,882d5d8d0dfffff
4266,882d5dd095fffff
4267,882d5dd9cdfffff
4268,882d5dcebbfffff
4269,882d4368adfffff
4270,882d5dc84dfffff
4271,882d5d8d95fffff
4272,882d436a19fffff
4273,882d5dcc0dfffff
4274,882d5dcee3fffff
4275,882d5dc601fffff
4276,882d5d8a1dfffff
4277,882d5dd469fffff
4278,882d5d8ad3fffff
4279,882d436a3dfffff
4280,882d5dd849fffff
4281,882d5ca487fffff
4282,882d5d81c5fffff
4283,882d5d1029fffff
4284,882d5d1013fffff
4285,882d5dcf45fffff
4286,882d436ea7fffff
4287,882d5dd117fffff
4288,882d436d63fffff
4289,882d5dc181fffff
4290,882d4368a9fffff
4291,882d5d8a81fffff
4292,882d5dc859fffff
4293,882d5dc6ebfffff
4294,882d5d8e2bfffff
4295,882d5d984bfffff
4296,882d437403fffff
4297,882d5d1225fffff
4298,882d436311fffff
4299,882d5d8113fffff
4300,882d5dc629fffff
4301,882d5dd2d9fffff
4302,882d436e0dfffff
4303,882d5d99edfffff
4304,882d5d9a27fffff
4305,882d5dca4bfffff
4306,882d5d8aa9fffff
4307,882d5dd68bfffff
4308,882d5d110dfffff
4309,882d5d1343fffff
4310,882d43753bfffff
4311,882d5d8311fffff
4312,882d5dd9bbfffff
4313,882d5dd08dfffff
4314,882d5d8e41fffff
4315,882d5d889dfffff
4316,882d5d8881fffff
4317,882d5d1409fffff
4318,882d5d1327fffff
4319,882d436d95fffff
4320,882d436317fffff
4321,882d5dceddfffff
4322,882d436131fffff
4323,882d5dc083fffff
4324,882d5dc84bfffff
4325,882d5dc263fffff
4326,882d4361e9fffff
4327,882d5d8a8dfffff
4328,882d436881fffff
4329,882d5dd917fffff
4330,882d436f1bfffff
4331,882d5dc415fffff
4332,882d5dd58bfffff
4333,882d5d81d3fffff
4334,882d5d88d9fffff
4335,882d43602dfffff
4336,882d5d9889fffff
4337,882d5dc5c9fffff
4338,882d4369adfffff
4339,882d5dd257fffff
4340,882d5dd20bfffff
4341,882d5d8c47fffff
4342,882d4368b3fffff
4343,882d5dd317fffff
4344,882d5dc4b5fffff
4345,882d436837fffff
4346,882d5dc14dfffff
4347,882d5d81c3fffff
4348,882d5d1291fffff
4349,882d5d181bfffff
4350,882d5d9a85fffff
4351,882d5dd255fffff
4352,882d5d1a57fffff
4353,882d5d131dfffff
4354,882d5d983dfffff
4355,882d5dc745fffff
4356,882d436da3fffff
4357,882d5dc189fffff
4358,882d5d1a19fffff
4359,882d5dd2b7fffff
4360,882d5d8c87fffff
4361,882d436a99fffff
4362,882d5dc2e5fffff
4363,882d5ddae9fffff
4364,882d436237fffff
4365,882d5d8021fffff
4366,882d5dcf57fffff
4367,882d436e47fffff
4368,882d5dc8e5fffff
4369,882d5d1aebfffff
4370,882d5d1057fffff
4371,882d5dcd49fffff
4372,882d436e53fffff
4373,882d5d1663fffff
4374,882d5d9a53fffff
4375,882d436ee9fffff
4376,882d5d1083fffff
4377,882d436c09fffff
4378,882d5dc361fffff
4379,882d5dd2abfffff
4380,882d5d8b5bfffff
4381,882d5dd655fffff
4382,882d5d1253fffff
4383,882d436037fffff
4384,882d43688dfffff
4385,882d5d56bdfffff
4386,882d5dd48bfffff
4387,882d5d89dbfffff
4388,882d5dc43bfffff
4389,882d436f13fffff
4390,882d436e2bfffff
4391,882d5d88c3fffff
4392,882d5d191bfffff
4393,882d5dd641fffff
4394,882d5d1849fffff
4395,882d436c07fffff
4396,882d5d9123fffff
4397,882d436a85fffff
4398,882d5dd647fffff
4399,882d5d8a6bfffff
4400,882d5dc4d5fffff
4401,882d5d80edfffff
4402,882d5dc815fffff
4403,882d5d11c5fffff
4404,882d5d8d23fffff
4405,882d5dd543fffff
4406,882d5dc6d1fffff
4407,882d5d1707fffff
4408,882d5dcb19fffff
4409,882d5d99c5fffff
4410,882d5d8aedfffff
4411,882d5d8d11fffff
4412,882d5d8337fffff
4413,882d5dc215fffff
4414,882d5d8c45fffff
4415,882d4360a3fffff
4416,882d436cc9fffff
4417,882d4360e5fffff
4418,882d5d19d7fffff
4419,882d5d8a57fffff
4420,882d5dd2d3fffff
4421,882d4361cdfffff
4422,882d5dc823fffff
4423,882d5d8aa5fffff
4424,882d436227fffff
4425,882d436333fffff
4426,882d5dc4d7fffff
4427,882d5dd737fffff
4428,882d5d1851fffff
4429,882d436f65fffff
4430,882d5dd465fffff
4431,882d5d1b09fffff
4432,882d5d1817fffff
4433,882d5dd5b5fffff
4434,882d5d98c5fffff
4435,882d5dda51fffff
4436,882d5dd1b9fffff
4437,882d5d8ddbfffff
4438,882d4375adfffff
4439,882d5d10edfffff
4440,882d5d830dfffff
4441,882d5dc017fffff
4442,882d5d11ddfffff
4443,882d5d918dfffff
4444,882d5d1a11fffff
4445,882d436163fffff
4446,882d5dd347fffff
4447,882d5dc1edfffff
4448,882d436f6bfffff
4449,882d5d8ca3fffff
4450,882d5dc587fffff
4451,882d5d8d45fffff
4452,882d5dd113fffff
4453,882d5dc609fffff
4454,882d5dd05bfffff
4455,882d5d8d99fffff
4456,882d5d56b9fffff
4457,882d436de7fffff
4458,882d5d1ac9fffff
4459,882d5dd547fffff
4460,882d5dd0a7fffff
4461,882d5dd0b9fffff
4462,882d5dd0dbfffff
4463,882d5dd417fffff
4464,882d5dd037fffff
4465,882d5d111dfffff
4466,882d5dc6d7fffff
4467,882d5dd75bfffff
4468,882d5d8e25fffff
4469,882d5d1729fffff
4470,882d436303fffff
4471,882d5d1a07fffff
4472,882d5dc067fffff
4473,882d5dd02bfffff
4474,882d5d140dfffff
4475,882d5dc4e1fffff
4476,882d43618bfffff
4477,882d5d0307fffff
4478,882d5d8c09fffff
4479,882d5d8ca7fffff
4480,882d5dd089fffff
4481,882d5dc71dfffff
4482,882d5dc109fffff
4483,882d5d818dfffff
4484,882d436033fffff
4485,882d5dd4a7fffff
4486,882d5dd5adfffff
4487,882d5ca495fffff
4488,882d5d1b17fffff
4489,882d5d8b1bfffff
4490,882d5dd267fffff
4491,882d5d545bfffff
4492,882d5dc0d1fffff
4493,882d5d19e9fffff
4494,882d5d9a23fffff
4495,882d436d5bfffff
4496,882d436069fffff
4497,882d5d1153fffff
4498,882d5dd0e5fffff
4499,882d4375d9fffff
4500,882d5dd8c9fffff
4501,882d5d1299fffff
4502,882d5dda97fffff
4503,882d436c19fffff
4504,882d5dc093fffff
4505,882d5dc199fffff
4506,882d5d1139fffff
4507,882d5dd249fffff
4508,882d436c8dfffff
4509,882d5dc8d5fffff
4510,882d437513fffff
4511,882d5dd687fffff
4512,882d5d1067fffff
4513,882d43623dfffff
4514,882d4361a1fffff
4515,882d5dc0b1fffff
4516,882d5d91b7fffff
4517,882d436a05fffff
4518,882d5d8a25fffff
4519,882d5ddb57fffff
4520,882d5dd633fffff
4521,882d437433fffff
4522,882d5dc495fffff
4523,882d5dc4edfffff
4524,882d5dd4a1fffff
4525,882d5d9aadfffff
4526,882d5dd195fffff
4527,882d437537fffff
4528,882d5dd2c7fffff
4529,882d5d8aebfffff
4530,882d5d985bfffff
4531,882d5d1ae5fffff
4532,882d5d8041fffff
4533,882d436c6dfffff
4534,882d5d0321fffff
4535,882d5dc027fffff
4536,882d5dc1e7fffff
4537,882d5dca27fffff
4538,882d5dc50bfffff
4539,882d436821fffff
4540,882d5d80a7fffff
4541,882d5d81e7fffff
4542,882d5dd84bfffff
4543,882d5d8f17fffff
4544,882d5dc625fffff
4545,882d5dd4e1fffff
4546,882d4360b1fffff
4547,882d5dc51bfffff
4548,882d5dd919fffff
4549,882d436817fffff
4550,882d5d8c49fffff
4551,882d5dcec1fffff
4552,882d5d12a3fffff
4553,882d5dd1b7fffff
4554,882d5dc1a5fffff
4555,882d5d886bfffff
4556,882d5d8f3dfffff
4557,882d4369c7fffff
4558,882d5d910bfffff
4559,882d5d8b29fffff
4560,882d5d8f21fffff
4561,882d5dd583fffff
4562,882d436095fffff
4563,882d5dd9d9fffff
4564,882d436d23fffff
4565,882d5d8dc7fffff
4566,882d5d810bfffff
4567,882d5dc0e7fffff
4568,882d5d1acbfffff
4569,882d5dd433fffff
4570,882d436135fffff
4571,882d5dd835fffff
4572,882d5dcb43fffff
4573,882d5dc04dfffff
4574,882d5d810dfffff
4575,882d5dd307fffff
4576,882d5dd1d5fffff
4577,882d436297fffff
4578,882d5dc48dfffff
4579,882d5dd643fffff
4580,882d5d98adfffff
4581,882d436d99fffff
4582,882d5dc591fffff
4583,882d5d1a91fffff
4584,882d5dd569fffff
4585,882d5dc045fffff
4586,882d5d9899fffff
4587,882d5dce0dfffff
4588,882d5d8149fffff
4589,882d5d1881fffff
4590,882d5d0305fffff
4591,882d5d9b63fffff
4592,882d5dd125fffff
4593,882d5dc723fffff
4594,882d5dca63fffff
4595,882d5d8e45fffff
4596,882d5d9891fffff
4597,882d5dd6c9fffff
4598,882d436299fffff
4599,882d436c65fffff
4600,882d5d0b49fffff
4601,882d5d9945fffff
4602,882d5dc76dfffff
4603,882d5dce4dfffff
4604,882d5dd44dfffff
4605,882d5d1207fffff
4606,882d5d1721fffff
4607,882d5d9881fffff
4608,882d5d8b65fffff
4609,882d5d99c3fffff
4610,882d5dc837fffff
4611,882d436d87fffff
4612,882d5d9b6dfffff
4613,882d5dc2cdfffff
4614,882d5d8e6dfffff
4615,882d436e15fffff
4616,882d5d9aebfffff
4617,882d436315fffff
4618,882d436a97fffff
4619,882d5dd44bfffff
4620,882d5dc0ebfffff
4621,882d5dd06bfffff
4622,882d5d1a45fffff
4623,882d5d98bdfffff
4624,882d5d8137fffff
4625,882d5dd63dfffff
4626,882d5dca31fffff
4627,882d5d9883fffff
4628,882d5dc627fffff
4629,882d5dc16bfffff
4630,882d5dd149fffff
4631,882d436cebfffff
4632,882d5dca09fffff
4633,882d5d18d5fffff
4634,882d4360c7fffff
4635,882d5dd827fffff
4636,882d5dc249fffff
4637,882d5dc133fffff
4638,882d5d9b65fffff
4639,882d5dd34dfffff
4640,882d5dc687fffff
4641,882d5dd239fffff
4642,882d5d8d8bfffff
4643,882d43621dfffff
4644,882d5d1739fffff
4645,882d5ca499fffff
4646,882d5d91cdfffff
4647,882d5d8911fffff
4648,882d5dce93fffff
4649,882d436aedfffff
4650,882d5dd66dfffff
4651,882d5d1203fffff
4652,882d5d115dfffff
4653,882d5d9ab5fffff
4654,882d5d5681fffff
4655,882d43689bfffff
4656,882d5d12b9fffff
4657,882d5dc439fffff
4658,882d5dce03fffff
4659,882d5dc365fffff
4660,882d5d1b4bfffff
4661,882d5d88b1fffff
4662,882d5d8ea5fffff
4663,882d5dce27fffff
4664,882d5d105dfffff
4665,882d5dc0e1fffff
4666,882d5dced3fffff
4667,882d5d1765fffff
4668,882d5d99b9fffff
4669,882d5dc733fffff
4670,882d5dd913fffff
4671,882d5d1a4dfffff
4672,882d5dce01fffff
4673,882d5dc355fffff
4674,882d5d8115fffff
4675,882d5d9ae7fffff
4676,882d436e25fffff
4677,882d5d9115fffff
4678,882d5dc0adfffff
4679,882d5d12adfffff
4680,882d5d0b61fffff
4681,882d5dda95fffff
4682,882d5dccddfffff
4683,882d5d89b5fffff
4684,882d5dcb47fffff
4685,882d436117fffff
4686,882d5dd1c7fffff
4687,882d5d1215fffff
4688,882d5dc035fffff
4689,882d5dd2a5fffff
4690,882d5d81b1fffff
4691,882d5d155dfffff
4692,882d5d8a47fffff
4693,882d5d91b1fffff
4694,882d5ddb19fffff
4695,882d5d91e3fffff
4696,882d5dcf2bfffff
4697,882d43604dfffff
4698,882d5dd6a7fffff
4699,882d4361c9fffff
4700,882d5d8db3fffff
4701,882d5d1959fffff
4702,882d5d1a1bfffff
4703,882d436c3bfffff
4704,882d5d1347fffff
4705,882d5d8dc9fffff
4706,882d5dd103fffff
4707,882d436ae5fffff
4708,882d5dda49fffff
4709,882d5d8f33fffff
4710,882d5d993bfffff
4711,882d436883fffff
4712,882d5d1935fffff
4713,882d436f1dfffff
4714,882d5dc5e1fffff
4715,882d5d18e3fffff
4716,882d5dd5b7fffff
4717,882d5dc959fffff
4718,882d5d1939fffff
4719,882d4360ebfffff
4720,882d5dc58bfffff
4721,882d5d8c6bfffff
4722,882d5dd05dfffff
4723,882d5d11bdfffff
4724,882d5dce99fffff
4725,882d436a25fffff
4726,882d436d5dfffff
4727,882d5dcb4dfffff
4728,882d436913fffff
4729,882d5dc2a7fffff
4730,882d437539fffff
4731,882d5dd23bfffff
4732,882d4361b1fffff
4733,882d5dc811fffff
4734,882d5d89bbfffff
4735,882d5dc6c1fffff
4736,882d4368ddfffff
4737,882d5d0b67fffff
4738,882d5dd153fffff
4739,882d5d144dfffff
4740,882d5d0311fffff
4741,882d5d1a4bfffff
4742,882d5dd303fffff
4743,882d5d8a51fffff
4744,882d5dcf05fffff
4745,882d5d8941fffff
4746,882d5d1b03fffff
4747,882d5dd09dfffff
4748,882d5d1aabfffff
4749,882d5dd9adfffff
4750,882d5d9937fffff
4751,882d5d8c61fffff
4752,882d5d9b29fffff
4753,882d5dd8c7fffff
4754,882d5d154dfffff
4755,882d4369bbfffff
4756,882d436de1fffff
4757,882d5dd097fffff
4758,882d5dca9bfffff
4759,882d5d89e3fffff
4760,882d5dc317fffff
4761,882d5d8835fffff
4762,882d436c87fffff
4763,882d5dd4b7fffff
4764,882d5d1069fffff
4765,882d5d1303fffff
4766,882d5dd5a7fffff
4767,882d43608bfffff
4768,882d436de9fffff
4769,882d5dd6c7fffff
4770,882d5dd1dbfffff
4771,882d5d9817fffff
4772,882d5d994dfffff
4773,882d5dc09bfffff
4774,882d5dd2b5fffff
4775,882d5ddaa9fffff
4776,882d5ca4dbfffff
4777,882d437437fffff
4778,882d5dce8bfffff
4779,882d5dc2a9fffff
4780,882d5dca1dfffff
4781,882d436e3bfffff
4782,882d5d56d5fffff
4783,882d436231fffff
4784,882d436debfffff
4785,882d5ca4ddfffff
4786,882d5d19c3fffff
4787,882d436d21fffff
4788,882d5dc321fffff
4789,882d5d1867fffff
4790,882d5d8d21fffff
4791,882d5d10ddfffff
4792,882d5d8319fffff
4793,882d5d1305fffff
4794,882d5d1541fffff
4795,882d5dc015fffff
4796,882d436d47fffff
4797,882d5dd9d7fffff
4798,882d5dc5e3fffff
4799,882d436107fffff
4800,882d5d10ebfffff
4801,882d436e8dfffff
4802,882d436d57fffff
4803,882d5d8a97fffff
4804,882d436e6dfffff
4805,882d5dca25fffff
4806,882d5dc0b3fffff
4807,882d5d813dfffff
4808,882d5dc8c5fffff
4809,882d5dc08bfffff
4810,882d436d13fffff
4811,882d5d9105fffff
4812,882d5d136bfffff
4813,882d5d8031fffff
4814,882d5dc603fffff
4815,882d5dc033fffff
4816,882d437519fffff
4817,882d5dc729fffff
4818,882d5dc55bfffff
4819,882d5d88bbfffff
4820,882d43605bfffff
4821,882d5dcab7fffff
4822,882d5d8d1dfffff
4823,882d5dd5b1fffff
4824,882d5d56bbfffff
4825,882d5d1a65fffff
4826,882d5ddacdfffff
4827,882d5d98ebfffff
4828,882d436e27fffff
4829,882d5dda57fffff
4830,882d5d1903fffff
4831,882d43602bfffff
4832,882d5d8da7fffff
4833,882d5dd211fffff
4834,882d5d1189fffff
4835,882d5d0b4bfffff
4836,882d5dc74dfffff
4837,882d436023fffff
4838,882d5dcc5dfffff
4839,882d5d1449fffff
4840,882d5d9ad5fffff
4841,882d436dd9fffff
4842,882d43684bfffff
4843,882d5d9867fffff
4844,882d5dc80dfffff
4845,882d5dda17fffff
4846,882d5dca17fffff
4847,882d5d1137fffff
4848,882d5d106bfffff
4849,882d5d98d5fffff
4850,882d5dce05fffff
4851,882d5dce67fffff
4852,882d5dcf3dfffff
4853,882d436931fffff
4854,882d436011fffff
4855,882d5d172dfffff
4856,882d5d8159fffff
4857,882d5dc89bfffff
4858,882d5d8827fffff
4859,882d5d91e7fffff
4860,882d5d1037fffff
4861,882d5d1601fffff
4862,882d5dc85dfffff
4863,882d5d8abbfffff
4864,882d436ae3fffff
4865,882d4360edfffff
4866,882d5dd6a5fffff
4867,882d5d9893fffff
4868,882d5d1a59fffff
4869,882d5d8991fffff
4870,882d5dd895fffff
4871,882d5dc06dfffff
4872,882d5dd89dfffff
4873,882d5dd625fffff
4874,882d5dceb1fffff
4875,882d5dd88bfffff
4876,882d5d8a03fffff
4877,882d436047fffff
4878,882d5d9ab1fffff
4879,882d5d9a35fffff
4880,882d5dcaa1fffff
4881,882d5dd051fffff
4882,882d436ab3fffff
4883,882d5d171dfffff
4884,882d5dc483fffff
4885,882d5d1049fffff
4886,882d5d1929fffff
4887,882d5dc48bfffff
4888,882d5dd8ddfffff
4889,882d5dcd45fffff
4890,882d5dc40bfffff
4891,882d5dd003fffff
4892,882d436865fffff
4893,882d5dd0e7fffff
4894,882d5dd9abfffff
4895,882d436217fffff
4896,882d5d034bfffff
4897,882d43693bfffff
4898,882d5dd517fffff
4899,882d436cb1fffff
4900,882d5d1923fffff
4901,882d436139fffff
4902,882d5d9869fffff
4903,882d436c01fffff
4904,882d436e35fffff
4905,882d5d8e49fffff
4906,882d5dc691fffff
4907,882d5d8a87fffff
4908,882d5dcaa3fffff
4909,882d5dda1bfffff
4910,882d5d8cebfffff
4911,882d5d88a9fffff
4912,882d436a21fffff
4913,882d5dca3dfffff
4914,882d5dd8dbfffff
4915,882d4362ddfffff
4916,882d5d191dfffff
4917,882d5d1a0bfffff
4918,882d5d9827fffff
4919,882d5dc523fffff
4920,882d5dc435fffff
4921,882d5d1559fffff
4922,882d5dc5bdfffff
4923,882d5dca57fffff
4924,882d5d880dfffff
4925,882d5dc56dfffff
4926,882d43682bfffff
4927,882d5dd467fffff
4928,882d5dc517fffff
4929,882d5dc82bfffff
4930,882d4368a3fffff
4931,882d5d8a85fffff
4932,882d5d56c7fffff
4933,882d436893fffff
4934,882d5dc6c5fffff
4935,882d5d5689fffff
4936,882d436e63fffff
4937,882d5dd0cbfffff
4938,882d5dc427fffff
4939,882d5dc239fffff
4940,882d5d8e65fffff
4941,882d436e55fffff
4942,882d5dd147fffff
4943,882d5dd813fffff
4944,882d5dc1d5fffff
4945,882d5d1233fffff
4946,882d5d1457fffff
4947,882d5d12a1fffff
4948,882d436919fffff
4949,882d5d1019fffff
4950,882d5dd4b9fffff
4951,882d5d8db7fffff
4952,882d5dcc65fffff
4953,882d5dc0ddfffff
4954,882d436a13fffff
4955,882d5dd751fffff
4956,882d5ca6b3fffff
4957,882d4360e3fffff
4958,882d5d9a01fffff
4959,882d5dd6b9fffff
4960,882d5d8825fffff
4961,882d5d9b11fffff
4962,882d5dd4c3fffff
4963,882d5d19b5fffff
4964,882d5dd881fffff
4965,882d5dd21bfffff
4966,882d5d9ac5fffff
4967,882d5d8d2bfffff
4968,882d4375a5fffff
4969,882d5d1ab1fffff
4970,882d5dc129fffff
4971,882d5d8a53fffff
4972,882d5d8c63fffff
4973,882d5dc1bbfffff
4974,882d5dc001fffff
4975,882d5d896bfffff
4976,882d5dd053fffff
4977,882d5dc295fffff
4978,882d5dc2e9fffff
4979,882d43685dfffff
4980,882d5d12cbfffff
4981,882d5dc699fffff
4982,882d5ddb1bfffff
4983,882d436f37fffff
4984,882d4369d9fffff
4985,882d5d8c13fffff
4986,882d5d1119fffff
4987,882d5d12e7fffff
4988,882d4362abfffff
4989,882d436acdfffff
4990,882d5d192bfffff
4991,882d5dce97fffff
4992,882d5d8885fffff
4993,882d5dcb11fffff
4994,882d43674bfffff
4995,882d436f05fffff
4996,882d5dd939fffff
4997,882d5d9a83fffff
4998,882d5dd18bfffff
4999,882d5dd261fffff
5000,882d5dc8b5fffff
5001,882d5dc063fffff
5002,882d5d9a03fffff
5003,882d5dc509fffff
5004,882d436897fffff
5005,882d4369d7fffff
5006,882d5dd981fffff
