,geohash
0,880b93092dfffff
1,880b93409bfffff
2,880b935261fffff
3,880b93002bfffff
4,880b9376d7fffff
5,880b9345e3fffff
6,880b93d853fffff
7,880b92a5b1fffff
8,880b93395dfffff
9,880b933b2bfffff
10,880b9354b1fffff
11,880b93c355fffff
12,880b93cea9fffff
13,880b937415fffff
14,880b934c51fffff
15,880b9344a9fffff
16,880b93c643fffff
17,880b935587fffff
18,880b93ca61fffff
19,880b93d82bfffff
20,880b930a3dfffff
21,880b93d2ddfffff
22,880b937767fffff
23,880b938ab1fffff
24,880b934285fffff
25,880b9351c1fffff
26,880b9371b1fffff
27,880b93c30bfffff
28,880b938949fffff
29,880b934607fffff
30,880b930085fffff
31,880b93d131fffff
32,880b92ac1dfffff
33,880b93ceb5fffff
34,880b93cd21fffff
35,880b93d9c9fffff
36,880b939911fffff
37,880b92a705fffff
38,880b938ae9fffff
39,880b930a93fffff
40,880b93883bfffff
41,880b93d74bfffff
42,880b93675bfffff
43,880b934083fffff
44,880b930d09fffff
45,880b930501fffff
46,880b9319b1fffff
47,880b93d729fffff
48,880b93c2c5fffff
49,880b9318bdfffff
50,880b92ac5bfffff
51,880b93c489fffff
52,880b93398dfffff
53,880b93cf4bfffff
54,880b930d33fffff
55,880b930069fffff
56,880b934c91fffff
57,880b9346e3fffff
58,880b93c21dfffff
59,880b93c75dfffff
60,880b906dc3fffff
61,880b937513fffff
62,880b92a5ddfffff
63,880b906ccdfffff
64,880b9351c9fffff
65,880b92a4a7fffff
66,880b92a543fffff
67,880b9371b7fffff
68,880b935285fffff
69,880b93c559fffff
70,880b92a099fffff
71,880b9345d9fffff
72,880b93c701fffff
73,880b930803fffff
74,880b9301a1fffff
75,880b93114dfffff
76,880b930d1bfffff
77,880b935055fffff
78,880b93c311fffff
79,880b934751fffff
80,880b934c13fffff
81,880b930b69fffff
82,880b937023fffff
83,880b931b53fffff
84,880b906d0bfffff
85,880b93c221fffff
86,880b937337fffff
87,880b9300e1fffff
88,880b935549fffff
89,880b93071dfffff
90,880b935257fffff
91,880b9372b5fffff
92,880b938837fffff
93,880b93c851fffff
94,880b93d4e1fffff
95,880b9372ddfffff
96,880b9388d5fffff
97,880b934419fffff
98,880b930323fffff
99,880b938a2bfffff
100,880b932867fffff
101,880b9362c9fffff
102,880b930955fffff
103,880b930db3fffff
104,880b934549fffff
105,880b936637fffff
106,880b930c2dfffff
107,880b930e89fffff
108,880b93783dfffff
109,880b934ed3fffff
110,880b9381b9fffff
111,880b9354a3fffff
112,880b930a31fffff
113,880b93575bfffff
114,880b93cf25fffff
115,880b93033dfffff
116,880b932965fffff
117,880b937a91fffff
118,880b9389ddfffff
119,880b93558bfffff
120,880b931165fffff
121,880b93785dfffff
122,880b9352ddfffff
123,880b93880dfffff
124,880b934ecbfffff
125,880b938abdfffff
126,880b9389e5fffff
127,880b935267fffff
128,880b934e21fffff
129,880b935415fffff
130,880b931a83fffff
131,880b93c50bfffff
132,880b9311e1fffff
133,880b92a56dfffff
134,880b934483fffff
135,880b93d2d7fffff
136,880b935693fffff
137,880b930dd5fffff
138,880b92a091fffff
139,880b93d61bfffff
140,880b93d9abfffff
141,880b93295bfffff
142,880b938b69fffff
143,880b930cedfffff
144,880b930c2bfffff
145,880b9312c1fffff
146,880b9375ddfffff
147,880b93c0e7fffff
148,880b93c191fffff
149,880b934e3bfffff
150,880b9352d3fffff
151,880b93c46bfffff
152,880b930c4bfffff
153,880b930507fffff
154,880b92a5c1fffff
155,880b931b2bfffff
156,880b93c63dfffff
157,880b93112dfffff
158,880b93c993fffff
159,880b93d80bfffff
160,880b937045fffff
161,880b93db4bfffff
162,880b93c8e1fffff
163,880b9345cdfffff
164,880b92a0b3fffff
165,880b93d5b7fffff
166,880b92a461fffff
167,880b93c135fffff
168,880b93d4d5fffff
169,880b92aebdfffff
170,880b935191fffff
171,880b934cd9fffff
172,880b93c66dfffff
173,880b93d5d3fffff
174,880b93d493fffff
175,880b938b03fffff
176,880b93db57fffff
177,880b93ccebfffff
178,880b934259fffff
179,880b93c1c3fffff
180,880b931b17fffff
181,880b938923fffff
182,880b93c859fffff
183,880b93d649fffff
184,880b936653fffff
185,880b935445fffff
186,880b931359fffff
187,880b93452bfffff
188,880b939921fffff
189,880b935543fffff
190,880b930a55fffff
191,880b935421fffff
192,880b93d51bfffff
193,880b935155fffff
194,880b93ccc9fffff
195,880b9345edfffff
196,880b9350c5fffff
197,880b906d89fffff
198,880b932b1dfffff
199,880b9354c1fffff
200,880b9379edfffff
201,880b930dc3fffff
202,880b93cea3fffff
203,880b933931fffff
204,880b938187fffff
205,880b937435fffff
206,880b93d933fffff
207,880b937035fffff
208,880b93782bfffff
209,880b934ee7fffff
210,880b937103fffff
211,880b934cabfffff
212,880b93c109fffff
213,880b93883dfffff
214,880b9352a5fffff
215,880b9371a7fffff
216,880b906d19fffff
217,880b93c00bfffff
218,880b9356d9fffff
219,880b938f21fffff
220,880b930ab3fffff
221,880b937633fffff
222,880b93caa9fffff
223,880b93cd85fffff
224,880b9381d7fffff
225,880b93da2bfffff
226,880b93444bfffff
227,880b930937fffff
228,880b9300bbfffff
229,880b906dd7fffff
230,880b931985fffff
231,880b93644dfffff
232,880b9372a3fffff
233,880b934f2bfffff
234,880b936649fffff
235,880b93732dfffff
236,880b938b47fffff
237,880b937403fffff
238,880b930a11fffff
239,880b937631fffff
240,880b937109fffff
241,880b933b15fffff
242,880b930813fffff
243,880b936309fffff
244,880b930e5bfffff
245,880b935207fffff
246,880b93458bfffff
247,8825269257fffff
248,880b930d45fffff
249,880b936621fffff
250,880b9372b3fffff
251,880b930333fffff
252,880b935465fffff
253,880b9374e9fffff
254,880b936263fffff
255,880b931a2dfffff
256,880b930c47fffff
257,880b93c061fffff
258,880b9371d9fffff
259,880b93d0cdfffff
260,880b93d603fffff
261,880b906d6dfffff
262,880b93cf4dfffff
263,880b93c0bbfffff
264,880b9399a1fffff
265,880b938a81fffff
266,880b937b29fffff
267,880b93c825fffff
268,880b937581fffff
269,880b932901fffff
270,880b930e27fffff
271,880b934555fffff
272,880b934447fffff
273,880b93d4a1fffff
274,880b938a27fffff
275,880b93755bfffff
276,880b92ae03fffff
277,880b9350c9fffff
278,880b9381a5fffff
279,880b93d4cdfffff
280,880b92a727fffff
281,880b906d91fffff
282,880b930037fffff
283,880b9301a7fffff
284,880b936469fffff
285,880b935617fffff
286,880b937233fffff
287,880b93ccdbfffff
288,880b930767fffff
289,880b93cebbfffff
290,880b937705fffff
291,880b93898dfffff
292,880b930eb9fffff
293,880b934e83fffff
294,880b93008bfffff
295,880b93c21bfffff
296,880b93c36bfffff
297,880b9318cbfffff
298,880b9301e5fffff
299,880b931a29fffff
300,880b937a5bfffff
301,880b931323fffff
302,880b92a5e9fffff
303,880b93c361fffff
304,880b93006dfffff
305,880b93c9c5fffff
306,880b93c835fffff
307,880b93da5dfffff
308,880b93088dfffff
309,880b9308bdfffff
310,880b931aedfffff
311,880b938d59fffff
312,880b930d39fffff
313,880b93c0a3fffff
314,880b932823fffff
315,880b93c831fffff
316,880b931155fffff
317,880b9375e9fffff
318,880b930929fffff
319,880b93ce11fffff
320,880b934525fffff
321,880b93190dfffff
322,880b938a59fffff
323,880b92acb3fffff
324,880b93d521fffff
325,880b93db5dfffff
326,880b93884bfffff
327,880b93c4ebfffff
328,880b9340d9fffff
329,880b935019fffff
330,880b931a19fffff
331,880b934ca5fffff
332,880b931869fffff
333,880b9372ebfffff
334,880b93476bfffff
335,880b934007fffff
336,880b92a183fffff
337,880b9398a7fffff
338,880b92a70bfffff
339,880b930e4dfffff
340,880b934411fffff
341,880b934e63fffff
342,880b930f4bfffff
343,880b936227fffff
344,880b935061fffff
345,880b93c339fffff
346,880b9381b7fffff
347,880b938b21fffff
348,880b932831fffff
349,880b935183fffff
350,880b93c335fffff
351,880b93d559fffff
352,880b93cc03fffff
353,880b930e51fffff
354,880b93d4cbfffff
355,880b938d33fffff
356,880b9379e5fffff
357,880b906dcdfffff
358,880b938811fffff
359,880b93459dfffff
360,880b93c1e3fffff
361,880b93d753fffff
362,880b936625fffff
363,880b933b65fffff
364,880b93293dfffff
365,880b9350e3fffff
366,880b93ccd9fffff
367,880b934415fffff
368,880b93c5bbfffff
369,880b93d1a5fffff
370,880b9345a7fffff
371,880b93c769fffff
372,880b935523fffff
373,880b9372d7fffff
374,880b937aa3fffff
375,880b930a15fffff
376,880b93da09fffff
377,880b93c491fffff
378,880b93ccc3fffff
379,880b93d095fffff
380,880b930353fffff
381,880b93720dfffff
382,880b9399a7fffff
383,880b93c313fffff
384,880b9329edfffff
385,880b937085fffff
386,880b93541bfffff
387,880b93c86bfffff
388,880b93529dfffff
389,880b931281fffff
390,880b932b35fffff
391,880b936343fffff
392,880b906d4dfffff
393,880b9300a1fffff
394,880b9399c5fffff
395,880b9342ebfffff
396,880b9339ebfffff
397,880b931911fffff
398,880b930c91fffff
399,880b934755fffff
400,880b93d51dfffff
401,880b93d451fffff
402,880b9375c1fffff
403,880b93076bfffff
404,880b9339b7fffff
405,880b92ac67fffff
406,880b938b2dfffff
407,880b9344b3fffff
408,880b93db0dfffff
409,880b93c8b7fffff
410,880b93702bfffff
411,880b93194bfffff
412,880b934e39fffff
413,880b93d721fffff
414,880b931903fffff
415,880b92a0bbfffff
416,880b935527fffff
417,880b9068b3fffff
418,880b934553fffff
419,880b9301dbfffff
420,880b9378e1fffff
421,880b937159fffff
422,880b92ae5bfffff
423,880b93629bfffff
424,880b93702dfffff
425,880b931b25fffff
426,880b937807fffff
427,880b92acc5fffff
428,880b930e29fffff
429,880b93666dfffff
430,880b9378cdfffff
431,880b93c63bfffff
432,880b93d5e7fffff
433,880b93c245fffff
434,880b93cc53fffff
435,880b938b01fffff
436,880b93ca13fffff
437,880b937311fffff
438,880b9371e7fffff
439,880b930ae9fffff
440,880b93c9d1fffff
441,880b92a533fffff
442,880b9399e3fffff
443,880b930817fffff
444,880b930da5fffff
445,880b93d8ddfffff
446,880b9346a3fffff
447,880b938997fffff
448,880b93cf31fffff
449,880b9344c9fffff
450,880b92ae1bfffff
451,880b937909fffff
452,880b937283fffff
453,880b937b11fffff
454,880b936459fffff
455,880b93d0adfffff
456,880b9311adfffff
457,880b93d743fffff
458,880b930e57fffff
459,880b938a89fffff
460,880b930e09fffff
461,880b9376bdfffff
462,880b92ac21fffff
463,880b930709fffff
464,880b930cc3fffff
465,880b9342b5fffff
466,880b930f3bfffff
467,880b93cf61fffff
468,880b93551dfffff
469,880b934689fffff
470,880b92a587fffff
471,880b906d93fffff
472,880b93d905fffff
473,880b934ea1fffff
474,880b93da61fffff
475,880b9352d9fffff
476,880b936759fffff
477,880b935027fffff
478,880b93421dfffff
479,880b9342a3fffff
480,880b9345a5fffff
481,880b93cce1fffff
482,880b931995fffff
483,880b9399abfffff
484,880b93d09bfffff
485,880b93781bfffff
486,880b934667fffff
487,880b9355d7fffff
488,880b93d759fffff
489,880b937659fffff
490,880b93c2bbfffff
491,880b93560bfffff
492,880b93d48dfffff
493,880b935661fffff
494,880b9309ebfffff
495,880b93124dfffff
496,880b930c25fffff
497,880b93cb1dfffff
498,880b934625fffff
499,880b935083fffff
500,880b93075dfffff
501,880b931311fffff
502,880b93c0d5fffff
503,880b93da2dfffff
504,880b93c84dfffff
505,880b93111dfffff
506,880b93765dfffff
507,880b937813fffff
508,880b934499fffff
509,880b9318adfffff
510,880b930b05fffff
511,880b933949fffff
512,880b9354c9fffff
513,880b9309d9fffff
514,880b93cc3dfffff
515,880b9300cbfffff
516,880b938b59fffff
517,880b93c097fffff
518,880b93d5adfffff
519,880b93d5edfffff
520,880b937361fffff
521,880b930a6dfffff
522,880b9340bbfffff
523,880b938867fffff
524,880b9342a1fffff
525,880b93d607fffff
526,880b93d921fffff
527,880b93475dfffff
528,880b937531fffff
529,880b93c35dfffff
530,880b93c9bbfffff
531,880b906da1fffff
532,880b93d829fffff
533,880b939987fffff
534,880b938825fffff
535,880b936761fffff
536,880b932b43fffff
537,880b9329c7fffff
538,880b934665fffff
539,880b937165fffff
540,880b930ac1fffff
541,880b92aeb7fffff
542,880b9371c1fffff
543,880b93daddfffff
544,880b9346e9fffff
545,880b9350b5fffff
546,880b938833fffff
547,880b93475bfffff
548,880b937755fffff
549,880b9351c3fffff
550,880b93c743fffff
551,880b93ce35fffff
552,880b93d9cbfffff
553,880b930d53fffff
554,880b930aa7fffff
555,880b92ae69fffff
556,880b93d601fffff
557,880b932809fffff
558,880b93cb51fffff
559,880b937a0dfffff
560,880b934017fffff
561,880b937a3bfffff
562,880b93506bfffff
563,880b93c765fffff
564,880b938b15fffff
565,880b93c023fffff
566,880b930853fffff
567,880b93cd87fffff
568,880b906cc5fffff
569,880b93d0d9fffff
570,880b92a43dfffff
571,880b931ac5fffff
572,880b93cf6dfffff
573,880b938d67fffff
574,880b930a2bfffff
575,880b9311cbfffff
576,880b930705fffff
577,880b935461fffff
578,880b931b69fffff
579,880b9366c9fffff
580,880b938e39fffff
581,880b93d107fffff
582,880b9312d3fffff
583,880b932917fffff
584,880b93cce9fffff
585,880b930835fffff
586,880b93d691fffff
587,880b93cf03fffff
588,880b93c99dfffff
589,880b93d1e9fffff
590,880b93555dfffff
591,880b9370b5fffff
592,880b93c4c5fffff
593,880b93d5cbfffff
594,880b9362ddfffff
595,880b937429fffff
596,880b934025fffff
597,880b931aa3fffff
598,880b9300e7fffff
599,880b931257fffff
600,880b936365fffff
601,880b9356cdfffff
602,880b930d8dfffff
603,880b937707fffff
604,880b93d515fffff
605,880b93c727fffff
606,880b930927fffff
607,880b93d445fffff
608,880b92ac13fffff
609,880b93ce41fffff
610,880b935031fffff
611,880b9356cbfffff
612,880b934717fffff
613,880b93c633fffff
614,880b931249fffff
615,880b93c82dfffff
616,880b93dac1fffff
617,880b9378e7fffff
618,880b930d01fffff
619,880b930347fffff
620,880b906ddbfffff
621,880b934ec7fffff
622,880b906c2bfffff
623,880b935189fffff
624,880b930765fffff
625,880b9300dbfffff
626,880b9352c1fffff
627,880b93d913fffff
628,880b937527fffff
629,880b906c65fffff
630,880b9370e7fffff
631,880b9371edfffff
632,880b9374b3fffff
633,880b938b23fffff
634,880b935769fffff
635,880b9399c7fffff
636,880b932b21fffff
637,880b930351fffff
638,880b93d1a9fffff
639,880b937867fffff
640,880b93c24bfffff
641,880b930cebfffff
642,880b937329fffff
643,880b938181fffff
644,880b93cf11fffff
645,880b9362b7fffff
646,880b93d4edfffff
647,880b936211fffff
648,880b93996dfffff
649,880b93d6b1fffff
650,880b93525bfffff
651,880b93c26bfffff
652,880b930b0bfffff
653,880b93455bfffff
654,880b93d63bfffff
655,880b93722bfffff
656,880b930945fffff
657,880b9308d9fffff
658,880b935025fffff
659,880b934e93fffff
660,880b938197fffff
661,880b934743fffff
662,880b937535fffff
663,880b931889fffff
664,880b937b57fffff
665,880b93008dfffff
666,880b93466dfffff
667,880b937765fffff
668,880b938aabfffff
669,880b92adc5fffff
670,880b93ca91fffff
671,880b932827fffff
672,880b93c6ebfffff
673,880b93706dfffff
674,880b93ce4dfffff
675,880b937a83fffff
676,880b930959fffff
677,880b93006bfffff
678,880b930d3bfffff
679,880b93773bfffff
680,880b9300d5fffff
681,880b93135dfffff
682,880b93544bfffff
683,880b933b21fffff
684,880b93d8edfffff
685,880b936733fffff
686,880b935007fffff
687,880b93392dfffff
688,880b931217fffff
689,880b937499fffff
690,880b93c1d9fffff
691,880b932841fffff
692,880b935521fffff
693,880b9371e9fffff
694,880b9318e5fffff
695,880b92acc9fffff
696,880b92a565fffff
697,880b9379e1fffff
698,880b932943fffff
699,880b93769dfffff
700,880b93c401fffff
701,880b93d61dfffff
702,880b934753fffff
703,880b93c74dfffff
704,880b931125fffff
705,880b9372c5fffff
706,880b930703fffff
707,880b934059fffff
708,880b9399a9fffff
709,880b935227fffff
710,880b93d725fffff
711,880b93d75bfffff
712,880b93c123fffff
713,880b937117fffff
714,880b93d8bbfffff
715,880b9371e3fffff
716,880b93c249fffff
717,880b92a0c7fffff
718,880b936633fffff
719,880b935349fffff
720,880b9366ebfffff
721,880b93da31fffff
722,880b930097fffff
723,880b93ca6bfffff
724,880b93da6bfffff
725,880b937a33fffff
726,880b93d5b1fffff
727,880b938b07fffff
728,880b930e3bfffff
729,880b92ad89fffff
730,880b9371b9fffff
731,880b930b45fffff
732,880b9345a9fffff
733,880b935199fffff
734,880b92ace9fffff
735,880b93d6b3fffff
736,880b930c41fffff
737,880b9340b1fffff
738,880b937011fffff
739,880b930067fffff
740,880b937859fffff
741,880b935569fffff
742,880b936739fffff
743,880b937803fffff
744,880b92a563fffff
745,880b93c153fffff
746,880b934e45fffff
747,880b93d6d3fffff
748,880b93d8dbfffff
749,880b906c15fffff
750,880b932911fffff
751,880b92af4bfffff
752,880b93293bfffff
753,880b931a35fffff
754,880b934c89fffff
755,880b939989fffff
756,880b935255fffff
757,880b93545dfffff
758,880b9319e7fffff
759,880b93549dfffff
760,880b923643fffff
761,880b93094dfffff
762,880b9301d1fffff
763,880b9301cdfffff
764,880b931863fffff
765,880b93290bfffff
766,880b935683fffff
767,880b930121fffff
768,880b938f6bfffff
769,880b93c301fffff
770,880b938d15fffff
771,880b93458dfffff
772,880b93c6e5fffff
773,880b93d527fffff
774,880b936623fffff
775,880b93d447fffff
776,880b93c25dfffff
777,880b938d2dfffff
778,880b93551bfffff
779,880b937731fffff
780,880b93db35fffff
781,880b931039fffff
782,880b92a0bdfffff
783,880b935555fffff
784,880b93752bfffff
785,880b930d97fffff
786,880b937509fffff
787,880b936247fffff
788,880b936617fffff
789,880b92ae05fffff
790,880b93c0adfffff
791,880b93cc09fffff
792,880b93621dfffff
793,880b93631bfffff
794,880b92ae53fffff
795,880b934533fffff
796,880b9300bdfffff
797,880b930317fffff
798,880b93da35fffff
799,880b93c10bfffff
800,880b931183fffff
801,880b93ce6dfffff
802,880b93c1bbfffff
803,880b934669fffff
804,880b939925fffff
805,880b93c5abfffff
806,880b93c0d3fffff
807,880b93c70bfffff
808,880b93d641fffff
809,880b93d1ddfffff
810,880b93daedfffff
811,880b930c0dfffff
812,880b93d659fffff
813,880b93da19fffff
814,880b93c4a3fffff
815,880b92a017fffff
816,880b93db25fffff
817,880b930f33fffff
818,880b934019fffff
819,880b93519bfffff
820,880b93c011fffff
821,880b935259fffff
822,880b9308c1fffff
823,880b93cda5fffff
824,880b906cc1fffff
825,880b93c2b7fffff
826,880b9388d9fffff
827,880b93ce2dfffff
828,880b938de5fffff
829,880b93c053fffff
830,880b93ce17fffff
831,880b937a23fffff
832,880b9312ddfffff
833,880b93cd0bfffff
834,880b9301cbfffff
835,880b936291fffff
836,880b93c885fffff
837,880b93ca1dfffff
838,880b934eabfffff
839,880b934417fffff
840,880b9340cbfffff
841,880b930107fffff
842,880b937333fffff
843,880b935437fffff
844,880b9398a3fffff
845,880b92a5abfffff
846,880b93d0e5fffff
847,880b934201fffff
848,880b935545fffff
849,880b937307fffff
850,880b936751fffff
851,880b93093bfffff
852,880b937b17fffff
853,880b9352e7fffff
854,880b934199fffff
855,880b930f19fffff
856,880b938aa5fffff
857,880b93c1d1fffff
858,880b93ca6dfffff
859,880b93445bfffff
860,880b9300d1fffff
861,880b93192dfffff
862,880b930527fffff
863,880b93c059fffff
864,880b9399e7fffff
865,880b93522bfffff
866,880b906de1fffff
867,880b93466bfffff
868,880b9375ebfffff
869,880b937847fffff
870,880b930e17fffff
871,880b93894dfffff
872,880b930d19fffff
873,880b934249fffff
874,880b931b05fffff
875,880b93c751fffff
876,880b93d1e1fffff
877,880b937a6bfffff
878,880b930aadfffff
879,880b930551fffff
880,880b906ca1fffff
881,880b931ab9fffff
882,880b932b29fffff
883,880b93899bfffff
884,880b938885fffff
885,880b938ab7fffff
886,880b93c323fffff
887,880b9379d3fffff
888,880b93552dfffff
889,880b93746bfffff
890,880b9345ebfffff
891,880b93c205fffff
892,880b930041fffff
893,880b9388ebfffff
894,880b9370bbfffff
895,880b938e05fffff
896,880b931855fffff
897,880b937a49fffff
898,880b9319edfffff
899,880b93da83fffff
900,880b931833fffff
901,880b932921fffff
902,880b9374e3fffff
903,880b930dc5fffff
904,880b93dabbfffff
905,880b93cd39fffff
906,880b9342bbfffff
907,880b9375d5fffff
908,880b9360ddfffff
909,880b93c2ddfffff
910,880b9354ddfffff
911,880b93d8d3fffff
912,880b930ce1fffff
913,880b9352c7fffff
914,880b930ec9fffff
915,880b9346adfffff
916,880b931941fffff
917,880b9300e3fffff
918,880b93ccedfffff
919,880b93d5ddfffff
920,880b930eadfffff
921,880b934ee9fffff
922,880b93011bfffff
923,880b92ae6dfffff
924,880b93776dfffff
925,880b93ce21fffff
926,880b93c087fffff
927,880b9355b9fffff
928,880b93521dfffff
929,880b934ec1fffff
930,880b93c8a5fffff
931,880b93cebdfffff
932,880b9355c7fffff
933,880b9389e3fffff
934,880b93ca25fffff
935,880b93112bfffff
936,880b930ddbfffff
937,880b93620dfffff
938,880b9378bdfffff
939,880b934cd3fffff
940,880b93c5a1fffff
941,880b92ac53fffff
942,880b9381abfffff
943,880b93c147fffff
944,880b935699fffff
945,880b93cc43fffff
946,880b9352e5fffff
947,880b92ad59fffff
948,880b931881fffff
949,880b935251fffff
950,880b9356ddfffff
951,880b93c2a3fffff
952,880b93671bfffff
953,880b93c62dfffff
954,880b9351d3fffff
955,880b937905fffff
956,880b934211fffff
957,880b937583fffff
958,880b938b0bfffff
959,880b937743fffff
960,880b936355fffff
961,880b934487fffff
962,880b9388adfffff
963,880b93125dfffff
964,880b9350a1fffff
965,880b937929fffff
966,880b9319e1fffff
967,880b92a423fffff
968,880b938f2dfffff
969,880b939913fffff
970,880b93d911fffff
971,880b931233fffff
972,880b931027fffff
973,880b934e69fffff
974,880b930eb5fffff
975,880b92ac0bfffff
976,880b937831fffff
977,880b906ce3fffff
978,880b93ceb9fffff
979,880b9354a9fffff
980,880b93cdc5fffff
981,880b937449fffff
982,880b93c74bfffff
983,880b93c661fffff
984,880b938b33fffff
985,880b937461fffff
986,880b9301bdfffff
987,880b93d6c9fffff
988,880b93d293fffff
989,880b92aee1fffff
990,880b934f03fffff
991,880b9344bdfffff
992,880b930e83fffff
993,880b937309fffff
994,880b93473bfffff
995,880b9389c3fffff
996,880b937993fffff
997,880b906d9dfffff
998,880b9375d9fffff
999,880b937567fffff
1000,880b93c64dfffff
1001,880b937701fffff
1002,880b92add5fffff
1003,880b9301adfffff
1004,880b935097fffff
1005,880b93d551fffff
1006,880b93d83dfffff
1007,880b93052bfffff
1008,880b931827fffff
1009,880b92ae83fffff
1010,880b93d739fffff
1011,880b937249fffff
1012,880b938b13fffff
1013,880b930063fffff
1014,880b930b15fffff
1015,880b935665fffff
1016,880b9308abfffff
1017,880b93136dfffff
1018,880b92a0e9fffff
1019,880b93530bfffff
1020,880b9308adfffff
1021,880b93d749fffff
1022,880b930e47fffff
1023,880b93c1dbfffff
1024,880b93c0e1fffff
1025,880b931a87fffff
1026,880b930c1dfffff
1027,880b93c2b1fffff
1028,880b93cc4dfffff
1029,880b9355bbfffff
1030,880b906d49fffff
1031,880b93d46dfffff
1032,880b93c837fffff
1033,880b936b41fffff
1034,880b93886dfffff
1035,880b938a97fffff
1036,880b92ac05fffff
1037,880b93c9cdfffff
1038,880b935701fffff
1039,880b939995fffff
1040,880b930d29fffff
1041,880b93768dfffff
1042,880b93d8d9fffff
1043,880b930a09fffff
1044,880b93d469fffff
1045,880b92a5d7fffff
1046,880b93d661fffff
1047,880b93cc81fffff
1048,880b934e85fffff
1049,880b9340b7fffff
1050,880b93d29bfffff
1051,880b930d83fffff
1052,880b93881bfffff
1053,880b92a095fffff
1054,8825269255fffff
1055,880b937a65fffff
1056,880b9309edfffff
1057,880b934567fffff
1058,880b93546bfffff
1059,880b9319a3fffff
1060,880b93dacdfffff
1061,880b906d29fffff
1062,880b930ae5fffff
1063,880b93031dfffff
1064,880b93c433fffff
1065,880b9346b3fffff
1066,880b937885fffff
1067,880b938a4bfffff
1068,880b938901fffff
1069,880b930327fffff
1070,880b936749fffff
1071,880b934591fffff
1072,880b93cc6dfffff
1073,880b92a549fffff
1074,880b9311b7fffff
1075,880b933917fffff
1076,880b934f01fffff
1077,880b9344d7fffff
1078,880b930dcdfffff
1079,880b93da95fffff
1080,880b938911fffff
1081,880b931b67fffff
1082,880b9378b5fffff
1083,880b93d761fffff
1084,880b93d763fffff
1085,880b9312e1fffff
1086,880b93c617fffff
1087,880b9340adfffff
1088,880b937747fffff
1089,880b93cc07fffff
1090,880b93dac5fffff
1091,880b93750bfffff
1092,880b938e21fffff
1093,880b9311edfffff
1094,880b934c09fffff
1095,880b923649fffff
1096,880b93c839fffff
1097,880b93665dfffff
1098,880b938855fffff
1099,880b930b59fffff
1100,880b932b45fffff
1101,880b935459fffff
1102,880b93186bfffff
1103,880b930c35fffff
1104,880b934405fffff
1105,880b938e43fffff
1106,880b93c9a7fffff
1107,880b93c897fffff
1108,880b938951fffff
1109,880b938debfffff
1110,880b937483fffff
1111,880b930901fffff
1112,880b93c459fffff
1113,880b93c2d3fffff
1114,880b93c881fffff
1115,880b930a57fffff
1116,880b93c287fffff
1117,880b92aec1fffff
1118,880b93624bfffff
1119,880b9379e9fffff
1120,880b9319e3fffff
1121,880b930f5bfffff
1122,880b93d767fffff
1123,880b92a521fffff
1124,880b93c409fffff
1125,880b906d15fffff
1126,880b935211fffff
1127,880b933923fffff
1128,880b93092bfffff
1129,880b93d8e5fffff
1130,880b930829fffff
1131,880b934e61fffff
1132,880b93d669fffff
1133,880b93ceb3fffff
1134,880b934715fffff
1135,880b937409fffff
1136,880b930d51fffff
1137,880b9356e3fffff
1138,880b930021fffff
1139,880b932959fffff
1140,880b93501bfffff
1141,880b9355e5fffff
1142,880b93da0dfffff
1143,880b930c8bfffff
1144,880b93d123fffff
1145,880b93d697fffff
1146,880b93570bfffff
1147,880b93cf57fffff
1148,880b92ac1bfffff
1149,880b92af39fffff
1150,880b9371a1fffff
1151,880b93d0c1fffff
1152,880b92acddfffff
1153,880b93728bfffff
1154,880b938a53fffff
1155,880b92ac93fffff
1156,880b93710dfffff
1157,880b93c593fffff
1158,880b93758dfffff
1159,880b934e8bfffff
1160,880b937169fffff
1161,880b937733fffff
1162,880b93c4d5fffff
1163,880b92a0d3fffff
1164,880b93543bfffff
1165,880b937057fffff
1166,880b93ce19fffff
1167,880b93886bfffff
1168,880b931817fffff
1169,880b934ed9fffff
1170,880b93c0e9fffff
1171,880b93d847fffff
1172,880b937a8dfffff
1173,880b93c687fffff
1174,880b934055fffff
1175,880b938883fffff
1176,880b937563fffff
1177,880b932825fffff
1178,880b93cde3fffff
1179,880b930e31fffff
1180,880b931931fffff
1181,880b937a81fffff
1182,880b92aeebfffff
1183,880b9356ebfffff
1184,880b93790bfffff
1185,880b93c33dfffff
1186,880b93892bfffff
1187,880b93d0c5fffff
1188,880b93528dfffff
1189,880b93133dfffff
1190,880b93c0c3fffff
1191,880b93d13bfffff
1192,880b9375c9fffff
1193,880b9300e9fffff
1194,880b934e95fffff
1195,880b93c2c9fffff
1196,880b93126bfffff
1197,880b9370b3fffff
1198,880b9346d9fffff
1199,880b93db3dfffff
1200,880b937119fffff
1201,880b9356e9fffff
1202,880b93198bfffff
1203,880b93014dfffff
1204,880b93cc11fffff
1205,880b93cc91fffff
1206,880b930341fffff
1207,880b93193dfffff
1208,880b93d1edfffff
1209,880b93c23bfffff
1210,880b931abdfffff
1211,880b92ae2dfffff
1212,880b930135fffff
1213,880b92ae0dfffff
1214,880b93002dfffff
1215,880b930ea3fffff
1216,880b937b43fffff
1217,880b93626dfffff
1218,880b931285fffff
1219,880b93450bfffff
1220,880b93194dfffff
1221,880b93cd53fffff
1222,880b9340e3fffff
1223,880b93d8e3fffff
1224,880b93713dfffff
1225,880b934735fffff
1226,880b9345c9fffff
1227,880b9300edfffff
1228,880b93cb53fffff
1229,880b93c753fffff
1230,880b93c6a3fffff
1231,880b9312adfffff
1232,880b93ce67fffff
1233,880b93448bfffff
1234,880b9354c3fffff
1235,880b9375edfffff
1236,880b937b67fffff
1237,880b923647fffff
1238,880b930c07fffff
1239,880b92ae8dfffff
1240,880b930019fffff
1241,880b93c203fffff
1242,880b92ae1dfffff
1243,880b937335fffff
1244,880b93470bfffff
1245,880b930065fffff
1246,880b937621fffff
1247,880b930869fffff
1248,880b937437fffff
1249,880b92ae8bfffff
1250,880b930123fffff
1251,880b9350e9fffff
1252,880b930f1dfffff
1253,880b934edbfffff
1254,880b9376cbfffff
1255,880b93545bfffff
1256,880b9318b9fffff
1257,880b930c67fffff
1258,880b93cf39fffff
1259,880b93c143fffff
1260,880b93c2a7fffff
1261,880b93da57fffff
1262,880b934551fffff
1263,880b93d819fffff
1264,880b906c39fffff
1265,880b93793dfffff
1266,880b937517fffff
1267,880b935433fffff
1268,880b93c25bfffff
1269,880b936753fffff
1270,880b934e0bfffff
1271,880b93d6a7fffff
1272,880b936319fffff
1273,880b937063fffff
1274,880b93ceb1fffff
1275,880b9354b9fffff
1276,880b93d4a5fffff
1277,880b932b23fffff
1278,880b93745bfffff
1279,880b930f6bfffff
1280,880b92ac4dfffff
1281,880b93706bfffff
1282,880b93d849fffff
1283,880b93d9d3fffff
1284,880b930cb7fffff
1285,880b930dddfffff
1286,880b934503fffff
1287,880b937645fffff
1288,880b9308cdfffff
1289,880b930f05fffff
1290,880b93cd59fffff
1291,880b93646dfffff
1292,880b93c631fffff
1293,880b93ca21fffff
1294,880b938f4bfffff
1295,880b938921fffff
1296,880b93d957fffff
1297,880b92a5b3fffff
1298,880b937a13fffff
1299,880b931299fffff
1300,880b935717fffff
1301,880b93d18dfffff
1302,880b93c815fffff
1303,880b937553fffff
1304,880b93d42dfffff
1305,880b938de1fffff
1306,880b93c6adfffff
1307,880b93c845fffff
1308,880b930947fffff
1309,880b9340c9fffff
1310,880b93c267fffff
1311,880b93cc6bfffff
1312,880b931051fffff
1313,880b9379a5fffff
1314,880b92ac9bfffff
1315,880b9346e7fffff
1316,880b92aec7fffff
1317,880b9355e3fffff
1318,880b93746dfffff
1319,880b935053fffff
1320,880b93ced5fffff
1321,880b937863fffff
1322,880b938d27fffff
1323,880b9370a9fffff
1324,880b93d737fffff
1325,880b93d839fffff
1326,880b9341c3fffff
1327,880b934119fffff
1328,880b931b47fffff
1329,880b93c65bfffff
1330,880b93cb17fffff
1331,880b935281fffff
1332,880b93c29bfffff
1333,880b92ac41fffff
1334,880b93d423fffff
1335,880b906d51fffff
1336,880b930001fffff
1337,880b934ea5fffff
1338,880b9352a1fffff
1339,880b935047fffff
1340,880b92ae59fffff
1341,880b930163fffff
1342,880b93c1e9fffff
1343,880b93771dfffff
1344,880b93015bfffff
1345,880b938d6dfffff
1346,880b9389cdfffff
1347,880b935757fffff
1348,880b93c211fffff
1349,880b934541fffff
1350,880b92ac47fffff
1351,880b937913fffff
1352,880b937489fffff
1353,880b937595fffff
1354,880b93c30dfffff
1355,880b93ceedfffff
1356,880b93d683fffff
1357,880b92a085fffff
1358,880b937005fffff
1359,880b93569bfffff
1360,880b93408dfffff
1361,880b931905fffff
1362,880b9344abfffff
1363,880b93508dfffff
1364,880b93ce43fffff
1365,880b930ec3fffff
1366,880b938a03fffff
1367,880b93d429fffff
1368,880b93446bfffff
1369,880b906c29fffff
1370,880b93d08bfffff
1371,880b938847fffff
1372,880b937649fffff
1373,880b93465dfffff
1374,880b93ce5dfffff
1375,880b9340ebfffff
1376,880b930b3bfffff
1377,880b93d76dfffff
1378,880b93d581fffff
1379,880b93c5a3fffff
1380,880b9366cbfffff
1381,880b934f43fffff
1382,880b93d099fffff
1383,880b93742dfffff
1384,880b93c2c3fffff
1385,880b93c5c7fffff
1386,880b93d64dfffff
1387,880b93ca23fffff
1388,880b9318d5fffff
1389,880b93d707fffff
1390,880b93d0d3fffff
1391,880b935529fffff
1392,880b9356c1fffff
1393,880b9340a5fffff
1394,880b934c43fffff
1395,880b9344c1fffff
1396,880b930561fffff
1397,880b9371bdfffff
1398,880b934445fffff
1399,880b938941fffff
1400,880b9339e7fffff
1401,880b935721fffff
1402,880b93d823fffff
1403,880b9352b7fffff
1404,880b931267fffff
1405,880b93751dfffff
1406,880b93628bfffff
1407,880b930129fffff
1408,880b93d08dfffff
1409,880b93760bfffff
1410,880b93d085fffff
1411,880b933959fffff
1412,880b9318d7fffff
1413,880b93cdadfffff
1414,880b93c4e5fffff
1415,880b93999dfffff
1416,880b931031fffff
1417,880b937a29fffff
1418,880b932b59fffff
1419,880b930d69fffff
1420,880b930509fffff
1421,880b930981fffff
1422,880b935749fffff
1423,880b9370bdfffff
1424,880b93c9c3fffff
1425,880b934eddfffff
1426,880b930e05fffff
1427,880b938959fffff
1428,880b93d6b7fffff
1429,880b930d0bfffff
1430,880b92aed7fffff
1431,880b9350a3fffff
1432,880b93d90dfffff
1433,880b92a1ddfffff
1434,880b938819fffff
1435,880b937925fffff
1436,880b93420dfffff
1437,880b93ce2bfffff
1438,880b93c513fffff
1439,880b93c139fffff
1440,880b906de9fffff
1441,880b931061fffff
1442,880b937301fffff
1443,880b93dab5fffff
1444,880b93c2bdfffff
1445,880b9376c9fffff
1446,880b93c613fffff
1447,880b93c54bfffff
1448,880b9371a5fffff
1449,880b937ae9fffff
1450,880b93390dfffff
1451,880b9340e1fffff
1452,880b937a31fffff
1453,880b9329c5fffff
1454,880b938ab9fffff
1455,880b93c4e9fffff
1456,880b934115fffff
1457,880b938b17fffff
1458,880b92a405fffff
1459,880b9312d1fffff
1460,880b93126dfffff
1461,880b93576dfffff
1462,880b931a95fffff
1463,880b93c255fffff
1464,880b938d39fffff
1465,880b931897fffff
1466,880b938d05fffff
1467,880b93c101fffff
1468,880b93736dfffff
1469,880b936295fffff
1470,880b92aedbfffff
1471,880b934ed7fffff
1472,880b931a17fffff
1473,880b93d851fffff
1474,880b93880bfffff
1475,880b937061fffff
1476,880b934513fffff
1477,880b934ec5fffff
1478,880b93dab3fffff
1479,880b930a49fffff
1480,880b938a51fffff
1481,880b934e1dfffff
1482,880b906ce7fffff
1483,880b9389d7fffff
1484,880b930cb9fffff
1485,880b93d44dfffff
1486,880b938a83fffff
1487,880b93c597fffff
1488,880b9356d5fffff
1489,880b930503fffff
1490,880b934581fffff
1491,880b92a5e3fffff
1492,880b92a5a9fffff
1493,880b934493fffff
1494,880b93ca43fffff
1495,880b930881fffff
1496,880b931001fffff
1497,880b93d569fffff
1498,880b931b55fffff
1499,880b938d09fffff
1500,880b93cc87fffff
1501,880b939923fffff
1502,880b937b0bfffff
1503,880b935001fffff
1504,880b938d0bfffff
1505,880b9340ddfffff
1506,880b937759fffff
1507,880b930f29fffff
1508,880b93d5a9fffff
1509,880b930aa1fffff
1510,880b93d531fffff
1511,880b934c81fffff
1512,880b9388e3fffff
1513,880b93c241fffff
1514,880b930d41fffff
1515,880b93c6a9fffff
1516,880b9340b3fffff
1517,880b9350e1fffff
1518,880b93d71bfffff
1519,880b93c6abfffff
1520,880b92acd3fffff
1521,880b9374d9fffff
1522,880b93c699fffff
1523,880b930b19fffff
1524,880b938d51fffff
1525,880b93ce57fffff
1526,880b930335fffff
1527,880b930365fffff
1528,880b93c6d1fffff
1529,880b938813fffff
1530,880b930dedfffff
1531,880b93543dfffff
1532,880b938b25fffff
1533,880b934f11fffff
1534,880b93455dfffff
1535,880b930a95fffff
1536,880b93003dfffff
1537,880b931229fffff
1538,880b930e23fffff
1539,880b9346d1fffff
1540,880b92a1b5fffff
1541,880b934005fffff
1542,880b93c089fffff
1543,880b93c759fffff
1544,880b93511dfffff
1545,880b930303fffff
1546,880b938993fffff
1547,880b9302b1fffff
1548,880b932963fffff
1549,880b93d903fffff
1550,880b930e15fffff
1551,880b93393bfffff
1552,880b93742bfffff
1553,880b93c53bfffff
1554,880b935343fffff
1555,880b937105fffff
1556,880b93c645fffff
1557,880b934741fffff
1558,880b937261fffff
1559,880b935225fffff
1560,880b931a1dfffff
1561,880b93c325fffff
1562,880b93c959fffff
1563,880b937569fffff
1564,880b937459fffff
1565,880b933b61fffff
1566,880b9356b5fffff
1567,880b937557fffff
1568,880b93700bfffff
1569,880b93d8a3fffff
1570,880b93d299fffff
1571,880b93423dfffff
1572,880b93c125fffff
1573,880b93cd17fffff
1574,880b93c187fffff
1575,880b934767fffff
1576,880b93c603fffff
1577,880b934053fffff
1578,880b9379c7fffff
1579,880b931065fffff
1580,880b930145fffff
1581,880b93d127fffff
1582,880b93750dfffff
1583,880b934663fffff
1584,880b93ced3fffff
1585,880b930911fffff
1586,880b9375b9fffff
1587,880b937abdfffff
1588,880b937b65fffff
1589,880b930ecbfffff
1590,880b934f15fffff
1591,880b93c9d7fffff
1592,880b938939fffff
1593,880b9355dbfffff
1594,880b930db9fffff
1595,880b937347fffff
1596,880b93c8d3fffff
1597,880b9372c1fffff
1598,880b93d5e5fffff
1599,880b934cbdfffff
1600,880b9381d3fffff
1601,880b930de3fffff
1602,880b9378cbfffff
1603,880b93c5edfffff
1604,880b92a0a9fffff
1605,880b93798bfffff
1606,880b930a03fffff
1607,880b93c09bfffff
1608,880b937b35fffff
1609,880b934ee1fffff
1610,880b937b0dfffff
1611,880b930319fffff
1612,880b93423bfffff
1613,880b937325fffff
1614,880b930093fffff
1615,880b934e51fffff
1616,880b9350b7fffff
1617,880b92a5a5fffff
1618,880b93db0bfffff
1619,880b93c693fffff
1620,880b931b07fffff
1621,880b93c2a5fffff
1622,880b93d805fffff
1623,880b930eb3fffff
1624,880b934ec9fffff
1625,880b937b6bfffff
1626,880b937981fffff
1627,880b930f27fffff
1628,880b937ac3fffff
1629,880b936265fffff
1630,880b930e45fffff
1631,880b938957fffff
1632,880b938a11fffff
1633,880b93764bfffff
1634,880b93cf0bfffff
1635,880b935317fffff
1636,880b930893fffff
1637,880b9301c5fffff
1638,880b93c761fffff
1639,880b934c01fffff
1640,880b93cdc7fffff
1641,880b93c0a5fffff
1642,880b93735dfffff
1643,880b93da65fffff
1644,880b93c517fffff
1645,880b93d1bbfffff
1646,880b906c13fffff
1647,880b937313fffff
1648,880b92a72dfffff
1649,880b930e03fffff
1650,880b938f45fffff
1651,880b906c35fffff
1652,880b9376d5fffff
1653,880b93db1bfffff
1654,880b93d60dfffff
1655,880b9341ddfffff
1656,880b93c8b9fffff
1657,880b9388c1fffff
1658,880b935037fffff
1659,880b93cb57fffff
1660,880b934521fffff
1661,880b93461bfffff
1662,880b93db31fffff
1663,880b935525fffff
1664,880b93d625fffff
1665,880b934f1bfffff
1666,880b931893fffff
1667,880b93c291fffff
1668,880b934535fffff
1669,880b9301c3fffff
1670,880b93424bfffff
1671,880b92a1bbfffff
1672,880b93cc37fffff
1673,880b9376b5fffff
1674,880b93c8c5fffff
1675,880b93d295fffff
1676,880b934217fffff
1677,880b906d43fffff
1678,880b931811fffff
1679,880b9376d3fffff
1680,880b93c315fffff
1681,880b934729fffff
1682,880b937019fffff
1683,880b93c05bfffff
1684,880b930151fffff
1685,880b93c5e1fffff
1686,880b934239fffff
1687,880b937703fffff
1688,880b932b65fffff
1689,880b938a21fffff
1690,880b930115fffff
1691,880b9346bbfffff
1692,880b93c669fffff
1693,880b92a013fffff
1694,880b9339edfffff
1695,880b9388dbfffff
1696,880b936641fffff
1697,880b9399b9fffff
1698,880b93ce15fffff
1699,880b93c555fffff
1700,880b9351cdfffff
1701,880b9300ddfffff
1702,880b932b0dfffff
1703,880b932931fffff
1704,880b934287fffff
1705,880b9344e9fffff
1706,880b935489fffff
1707,880b930e37fffff
1708,880b93d939fffff
1709,880b930d07fffff
1710,880b93035bfffff
1711,880b92aed9fffff
1712,880b930da7fffff
1713,880b93c82bfffff
1714,880b9376a9fffff
1715,880b930f3dfffff
1716,880b93c189fffff
1717,880b930139fffff
1718,880b93521bfffff
1719,880b936723fffff
1720,880b9350abfffff
1721,880b9351d5fffff
1722,880b932b05fffff
1723,880b92ad93fffff
1724,880b93ca17fffff
1725,880b93d621fffff
1726,880b930895fffff
1727,880b930b67fffff
1728,880b9350d3fffff
1729,880b930ecdfffff
1730,880b9351d9fffff
1731,880b935663fffff
1732,880b930185fffff
1733,880b93c141fffff
1734,880b93ca69fffff
1735,880b9374e5fffff
1736,880b93d923fffff
1737,880b930cbdfffff
1738,880b93d4e9fffff
1739,880b935755fffff
1740,880b93cee7fffff
1741,880b935649fffff
1742,880b935221fffff
1743,880b935401fffff
1744,880b931b15fffff
1745,880b9374edfffff
1746,880b937635fffff
1747,880b930c87fffff
1748,880b906cebfffff
1749,880b92a463fffff
1750,880b9308ebfffff
1751,880b930f49fffff
1752,880b9300e5fffff
1753,880b93d5b9fffff
1754,880b93d943fffff
1755,880b93c441fffff
1756,880b9308e9fffff
1757,880b934681fffff
1758,880b937503fffff
1759,880b9389b3fffff
1760,880b931331fffff
1761,880b93c55bfffff
1762,880b93daa1fffff
1763,880b93555bfffff
1764,880b935621fffff
1765,880b9312ebfffff
1766,880b93503dfffff
1767,880b934467fffff
1768,880b93cd45fffff
1769,880b9362b9fffff
1770,880b93c933fffff
1771,880b93181bfffff
1772,880b93768bfffff
1773,880b93056bfffff
1774,880b93d419fffff
1775,880b9318a1fffff
1776,880b93d69bfffff
1777,880b931a45fffff
1778,880b930e4bfffff
1779,880b931919fffff
1780,880b9318b7fffff
1781,880b9355ddfffff
1782,880b937641fffff
1783,880b906cbdfffff
1784,880b9328e1fffff
1785,880b9362cdfffff
1786,880b935729fffff
1787,880b93719bfffff
1788,880b9345b7fffff
1789,880b931aebfffff
1790,880b931b2dfffff
1791,880b93c289fffff
1792,880b93da8bfffff
1793,880b93d535fffff
1794,880b935253fffff
1795,880b937b05fffff
1796,880b9356a1fffff
1797,880b93ccd7fffff
1798,880b93ce59fffff
1799,880b9346c1fffff
1800,880b938acdfffff
1801,880b937a1bfffff
1802,880b936619fffff
1803,880b9308d3fffff
1804,880b931ac1fffff
1805,880b93d561fffff
1806,880b93c609fffff
1807,880b93cce5fffff
1808,880b93d5bdfffff
1809,880b934283fffff
1810,880b93cb15fffff
1811,880b93dae7fffff
1812,880b934eb3fffff
1813,880b9308a1fffff
1814,880b930a89fffff
1815,880b93c239fffff
1816,880b938b35fffff
1817,880b938125fffff
1818,880b935289fffff
1819,880b938d63fffff
1820,880b92aee9fffff
1821,880b93c85dfffff
1822,880b93d4b7fffff
1823,880b9342b1fffff
1824,880b93573dfffff
1825,880b938e07fffff
1826,880b9305bdfffff
1827,880b93123bfffff
1828,880b93090dfffff
1829,880b92adc7fffff
1830,880b938947fffff
1831,880b930e35fffff
1832,880b93576bfffff
1833,880b933b1dfffff
1834,880b938907fffff
1835,880b906d45fffff
1836,880b93daabfffff
1837,880b934495fffff
1838,880b93c4b5fffff
1839,880b934c97fffff
1840,880b93da55fffff
1841,880b931895fffff
1842,880b9374bdfffff
1843,880b93c585fffff
1844,880b933963fffff
1845,880b93564bfffff
1846,880b93c6ddfffff
1847,880b9388d7fffff
1848,880b934c61fffff
1849,880b93db29fffff
1850,880b93cc45fffff
1851,880b9379ddfffff
1852,880b9371adfffff
1853,880b93d711fffff
1854,880b935611fffff
1855,880b931109fffff
1856,880b9399e9fffff
1857,880b9379b7fffff
1858,880b937339fffff
1859,880b93724bfffff
1860,880b9309e3fffff
1861,880b9308c3fffff
1862,880b934c41fffff
1863,880b93c35bfffff
1864,880b931925fffff
1865,880b937a85fffff
1866,880b930997fffff
1867,880b93ccbbfffff
1868,880b9370b9fffff
1869,880b934457fffff
1870,880b937515fffff
1871,880b92ae29fffff
1872,880b9329e9fffff
1873,880b9345d7fffff
1874,880b937565fffff
1875,880b93c9c7fffff
1876,880b92ae5dfffff
1877,880b930d27fffff
1878,880b92a519fffff
1879,880b9376c3fffff
1880,880b93080bfffff
1881,880b9352d7fffff
1882,880b9301a5fffff
1883,880b930887fffff
1884,880b9342abfffff
1885,880b9312a5fffff
1886,880b934f0bfffff
1887,880b92ace1fffff
1888,880b9355c3fffff
1889,880b938969fffff
1890,880b930a4bfffff
1891,880b92364bfffff
1892,880b93db67fffff
1893,880b93ce83fffff
1894,880b9354abfffff
1895,880b93d4b1fffff
1896,880b93c681fffff
1897,880b93073dfffff
1898,880b93c583fffff
1899,880b92a713fffff
1900,880b93c119fffff
1901,880b930883fffff
1902,880b92a711fffff
1903,880b93199dfffff
1904,880b931209fffff
1905,880b930d89fffff
1906,880b930b55fffff
1907,880b93c557fffff
1908,880b93c987fffff
1909,880b93889bfffff
1910,880b935237fffff
1911,880b93c08bfffff
1912,880b930a43fffff
1913,880b930e55fffff
1914,880b9354cdfffff
1915,880b93cad3fffff
1916,880b93d9c7fffff
1917,880b93c83bfffff
1918,880b935013fffff
1919,880b93c523fffff
1920,880b934ce1fffff
1921,880b93d6c1fffff
1922,880b9375e3fffff
1923,880b930321fffff
1924,880b937463fffff
1925,880b930729fffff
1926,880b9375b3fffff
1927,880b93d1d9fffff
1928,880b937acbfffff
1929,880b937a3dfffff
1930,880b93cdbdfffff
1931,880b93cf15fffff
1932,880b934dd3fffff
1933,880b935265fffff
1934,880b934ccbfffff
1935,880b93291dfffff
1936,880b93c4c1fffff
1937,880b92a0a5fffff
1938,880b93085dfffff
1939,880b93761dfffff
1940,880b934703fffff
1941,880b93d457fffff
1942,880b906cbbfffff
1943,880b9376c7fffff
1944,880b9226d1fffff
1945,880b93d499fffff
1946,880b92a737fffff
1947,880b937a63fffff
1948,880b9355a1fffff
1949,880b93c801fffff
1950,880b92ae39fffff
1951,880b93d86dfffff
1952,880b92aeddfffff
1953,880b93c51dfffff
1954,880b931117fffff
1955,880b934f13fffff
1956,880b906dc5fffff
1957,880b9350c7fffff
1958,880b931343fffff
1959,880b938a39fffff
1960,880b937447fffff
1961,880b9301e3fffff
1962,880b934241fffff
1963,880b930221fffff
1964,880b92a72bfffff
1965,880b93c4cbfffff
1966,880b93cecdfffff
1967,880b92aec5fffff
1968,880b92ae41fffff
1969,880b92add1fffff
1970,880b93c037fffff
1971,880b935713fffff
1972,880b93d1e7fffff
1973,880b934401fffff
1974,880b93c8e5fffff
1975,880b931907fffff
1976,880b934749fffff
1977,880b936369fffff
1978,880b93c007fffff
1979,880b9329d9fffff
1980,880b934c53fffff
1981,880b934ecdfffff
1982,880b937923fffff
1983,880b936329fffff
1984,880b93cc27fffff
1985,880b9352a7fffff
1986,880b93c599fffff
1987,880b93cd99fffff
1988,880b934ccdfffff
1989,880b93d8e9fffff
1990,880b93c051fffff
1991,880b933951fffff
1992,880b9388d3fffff
1993,880b937331fffff
1994,880b92ae09fffff
1995,880b93082dfffff
1996,880b938a57fffff
1997,880b93cea1fffff
1998,880b93741dfffff
1999,880b93cf55fffff
2000,880b92a541fffff
2001,880b92adcbfffff
2002,880b931141fffff
2003,880b93cd81fffff
2004,880b9375cdfffff
2005,880b93ceabfffff
2006,880b937953fffff
2007,880b93449bfffff
2008,880b938e63fffff
2009,880b93d8e1fffff
2010,880b9356b3fffff
2011,880b93d667fffff
2012,880b93762bfffff
2013,880b93546dfffff
2014,880b930d87fffff
2015,880b93d2d3fffff
2016,880b93105dfffff
2017,880b92ac4bfffff
2018,880b93c691fffff
2019,880b93ca39fffff
2020,880b93c261fffff
2021,880b931b6dfffff
2022,880b937519fffff
2023,880b9318dbfffff
2024,880b92ac6dfffff
2025,880b930d49fffff
2026,880b93c217fffff
2027,880b930c29fffff
2028,880b93cab1fffff
2029,880b93084bfffff
2030,880b932837fffff
2031,880b931835fffff
2032,880b92aeb3fffff
2033,880b93451dfffff
2034,880b934731fffff
2035,880b93c111fffff
2036,880b933b3dfffff
2037,880b938f05fffff
2038,880b93c605fffff
2039,880b930b29fffff
2040,880b934463fffff
2041,880b9309b9fffff
2042,880b933921fffff
2043,880b930d31fffff
2044,880b92a467fffff
2045,880b93c0c5fffff
2046,880b93db63fffff
2047,880b930cb5fffff
2048,880b930965fffff
2049,880b937a51fffff
2050,880b934f19fffff
2051,880b9370c7fffff
2052,880b93cc29fffff
2053,880b93c32bfffff
2054,880b93541dfffff
2055,880b930a97fffff
2056,880b93c0c7fffff
2057,880b93c015fffff
2058,880b938b0dfffff
2059,880b93184bfffff
2060,880b935761fffff
2061,880b935269fffff
2062,880b9354c5fffff
2063,880b906d5dfffff
2064,880b93d189fffff
2065,880b931361fffff
2066,880b93c8a3fffff
2067,880b934e09fffff
2068,880b906dadfffff
2069,880b934437fffff
2070,880b9389ebfffff
2071,880b93672bfffff
2072,880b93290dfffff
2073,880b931917fffff
2074,880b930d63fffff
2075,880b93d4b5fffff
2076,880b9345bbfffff
2077,880b93d9c5fffff
2078,880b93c88dfffff
2079,880b935201fffff
2080,880b9350d5fffff
2081,880b92a50bfffff
2082,880b93c40dfffff
2083,880b934747fffff
2084,880b93620bfffff
2085,880b906c05fffff
2086,880b9356bdfffff
2087,880b9388e9fffff
2088,880b930db7fffff
2089,880b92acebfffff
2090,880b93129dfffff
2091,880b93cf33fffff
2092,880b93ca51fffff
2093,880b9374cdfffff
2094,880b9354e3fffff
2095,880b931115fffff
2096,880b938841fffff
2097,880b934057fffff
2098,880b9305e3fffff
2099,880b93c621fffff
2100,880b93c403fffff
2101,880b93d891fffff
2102,880b93c61bfffff
2103,880b93c9c1fffff
2104,880b92a0d9fffff
2105,880b93c281fffff
2106,880b9342e7fffff
2107,880b935283fffff
2108,880b930ccbfffff
2109,880b930cc1fffff
2110,880b932945fffff
2111,880b934713fffff
2112,880b93c703fffff
2113,880b93106dfffff
2114,880b930c15fffff
2115,880b931a25fffff
2116,880b934455fffff
2117,880b937431fffff
2118,880b938aa7fffff
2119,880b92a559fffff
2120,880b937183fffff
2121,880b934c15fffff
2122,880b92a5bdfffff
2123,880b930983fffff
2124,880b93ce47fffff
2125,880b937207fffff
2126,880b937189fffff
2127,880b932905fffff
2128,880b9362b1fffff
2129,880b9339b3fffff
2130,880b93cc1bfffff
2131,880b93cee5fffff
2132,880b93134bfffff
2133,880b9350a9fffff
2134,880b93c6bbfffff
2135,880b9342d3fffff
2136,880b93d1dbfffff
2137,880b93d91dfffff
2138,880b930005fffff
2139,880b93d9d9fffff
2140,880b906dbdfffff
2141,880b93c215fffff
2142,880b937203fffff
2143,880b932949fffff
2144,880b92a507fffff
2145,880b93296dfffff
2146,880b93d6a5fffff
2147,880b930b5bfffff
2148,880b938f23fffff
2149,880b93d135fffff
2150,880b930f13fffff
2151,880b9342edfffff
2152,880b93c6c5fffff
2153,880b934009fffff
2154,880b93c6c7fffff
2155,880b934203fffff
2156,880b930b2bfffff
2157,880b930e21fffff
2158,880b930a87fffff
2159,880b936357fffff
2160,880b937615fffff
2161,880b937683fffff
2162,880b930a63fffff
2163,880b93035dfffff
2164,880b92ac65fffff
2165,880b93d48bfffff
2166,880b932b55fffff
2167,880b938a6dfffff
2168,880b93082bfffff
2169,880b93d4a9fffff
2170,880b935081fffff
2171,880b937263fffff
2172,880b930839fffff
2173,880b930e0bfffff
2174,880b9399c3fffff
2175,880b93cc13fffff
2176,880b93cc33fffff
2177,880b9376abfffff
2178,880b93da01fffff
2179,880b934407fffff
2180,880b935495fffff
2181,880b9378c7fffff
2182,880b938989fffff
2183,880b92a581fffff
2184,880b931357fffff
2185,880b9374ebfffff
2186,880b93cd57fffff
2187,880b930101fffff
2188,880b93182dfffff
2189,880b93c2edfffff
2190,880b93c349fffff
2191,880b930149fffff
2192,880b92a591fffff
2193,880b935015fffff
2194,880b934e37fffff
2195,880b935085fffff
2196,880b906debfffff
2197,880b930047fffff
2198,880b934c8bfffff
2199,880b931b37fffff
2200,880b93c6d7fffff
2201,880b93055dfffff
2202,880b93115dfffff
2203,880b93072bfffff
2204,880b937b4dfffff
2205,880b931ac3fffff
2206,880b92a5b7fffff
2207,880b93c6a5fffff
2208,880b935511fffff
2209,880b9388a9fffff
2210,880b930963fffff
2211,880b93124bfffff
2212,880b93d951fffff
2213,880b930d59fffff
2214,880b9346c9fffff
2215,880b93c0cbfffff
2216,880b934253fffff
2217,880b93c327fffff
2218,880b9312e3fffff
2219,880b93c8c7fffff
2220,880b930157fffff
2221,880b93caa3fffff
2222,880b937191fffff
2223,880b935409fffff
2224,880b93c849fffff
2225,880b931321fffff
2226,880b93d0a5fffff
2227,880b930885fffff
2228,880b92a53dfffff
2229,880b9352c3fffff
2230,880b9375adfffff
2231,880b92ad99fffff
2232,880b931a69fffff
2233,880b933941fffff
2234,880b937107fffff
2235,880b930a5dfffff
2236,880b92a517fffff
2237,880b93391dfffff
2238,880b931019fffff
2239,880b93d543fffff
2240,880b930f63fffff
2241,880b93c5b3fffff
2242,880b93184dfffff
2243,880b931a85fffff
2244,880b93cacbfffff
2245,880b938da5fffff
2246,880b93d19bfffff
2247,880b930a1bfffff
2248,880b935153fffff
2249,880b93568bfffff
2250,880b93d9d7fffff
2251,880b9350e7fffff
2252,880b934529fffff
2253,880b9376b1fffff
2254,880b93d6b5fffff
2255,880b92a5e1fffff
2256,880b931845fffff
2257,880b92ae95fffff
2258,880b930313fffff
2259,880b9312e7fffff
2260,880b93d501fffff
2261,880b930a27fffff
2262,880b938831fffff
2263,880b92365dfffff
2264,880b937945fffff
2265,880b9374d3fffff
2266,880b9318d1fffff
2267,880b923659fffff
2268,880b93c439fffff
2269,880b93c465fffff
2270,880b930edbfffff
2271,880b937a99fffff
2272,880b930569fffff
2273,880b93d563fffff
2274,880b937b37fffff
2275,880b93c18bfffff
2276,880b93c6bdfffff
2277,880b930b25fffff
2278,880b93780dfffff
2279,880b93132dfffff
2280,880b93d0b3fffff
2281,880b93708bfffff
2282,880b936757fffff
2283,880b92a1bdfffff
2284,880b93d091fffff
2285,880b930ab1fffff
2286,880b93c56dfffff
2287,880b9352e9fffff
2288,880b935517fffff
2289,880b93c213fffff
2290,880b932b13fffff
2291,880b938b41fffff
2292,880b930033fffff
2293,882526920bfffff
2294,880b93caedfffff
2295,880b93d12dfffff
2296,880b93cd25fffff
2297,880b92a0cdfffff
2298,880b933901fffff
2299,880b9340a7fffff
2300,880b93d953fffff
2301,880b9389e1fffff
2302,880b937691fffff
2303,880b93cc93fffff
2304,880b93d6abfffff
2305,880b93d6bdfffff
2306,880b93db07fffff
2307,880b937137fffff
2308,880b930023fffff
2309,880b930739fffff
2310,880b934e47fffff
2311,880b93c615fffff
2312,880b93c657fffff
2313,880b92a0b5fffff
2314,880b9388c9fffff
2315,880b930abbfffff
2316,880b93cabdfffff
2317,880b906dc7fffff
2318,880b935439fffff
2319,880b93889dfffff
2320,880b9372bbfffff
2321,880b92a527fffff
2322,880b9345bdfffff
2323,880b93d93dfffff
2324,880b92a5a1fffff
2325,880b92ac49fffff
2326,880b93c9adfffff
2327,880b938a5dfffff
2328,880b9308a3fffff
2329,880b934c33fffff
2330,880b933b69fffff
2331,880b93d835fffff
2332,880b9346a5fffff
2333,880b92a5cdfffff
2334,880b9344a1fffff
2335,880b93cd3bfffff
2336,880b9372c7fffff
2337,880b93c1cdfffff
2338,880b93745dfffff
2339,880b9372e1fffff
2340,880b9388cdfffff
2341,880b93c5cdfffff
2342,880b9362bbfffff
2343,880b9300d3fffff
2344,880b9346edfffff
2345,880b930b63fffff
2346,880b93016dfffff
2347,880b9356b1fffff
2348,880b93cd41fffff
2349,880b93718dfffff
2350,880b9318ebfffff
2351,880b930159fffff
2352,880b930ad7fffff
2353,880b937129fffff
2354,880b937135fffff
2355,880b93d9ddfffff
2356,880b92ae61fffff
2357,880b93c44dfffff
2358,880b93c827fffff
2359,880b9226dbfffff
2360,880b9352edfffff
2361,880b93d5b5fffff
2362,880b931207fffff
2363,880b930539fffff
2364,880b930c63fffff
2365,880b931ae9fffff
2366,880b93c741fffff
2367,880b934e6bfffff
2368,880b93526dfffff
2369,880b93c9e1fffff
2370,880b92a5d5fffff
2371,880b930aedfffff
2372,880b92ac23fffff
2373,880b93c60bfffff
2374,880b93d9e5fffff
2375,880b93542bfffff
2376,880b930f43fffff
2377,880b93053dfffff
2378,880b934cc7fffff
2379,880b93c533fffff
2380,880b9355cbfffff
2381,880b934cd7fffff
2382,880b930807fffff
2383,880b930567fffff
2384,880b930cbbfffff
2385,880b9370a1fffff
2386,880b9371c9fffff
2387,880b93c343fffff
2388,880b936345fffff
2389,880b9309c7fffff
2390,880b930725fffff
2391,880b93cc69fffff
2392,880b93d0bbfffff
2393,880b93ce6bfffff
2394,880b93cd6dfffff
2395,880b92a035fffff
2396,880b93c84bfffff
2397,880b937a4dfffff
2398,880b93c0d1fffff
2399,880b938815fffff
2400,880b934769fffff
2401,880b93c115fffff
2402,880b906de7fffff
2403,880b931953fffff
2404,880b93d8c7fffff
2405,880b9339a7fffff
2406,880b938859fffff
2407,880b93454dfffff
2408,880b938a35fffff
2409,880b93c127fffff
2410,880b932b31fffff
2411,880b93d96bfffff
2412,880b934433fffff
2413,880b930161fffff
2414,880b937269fffff
2415,880b936725fffff
2416,880b930811fffff
2417,880b93d12bfffff
2418,880b937033fffff
2419,880b936b45fffff
2420,880b93cc3bfffff
2421,880b937025fffff
2422,880b93d831fffff
2423,880b930a1dfffff
2424,880b93d993fffff
2425,880b93d185fffff
2426,880b937763fffff
2427,880b938adbfffff
2428,880b937587fffff
2429,880b93c029fffff
2430,880b9344e1fffff
2431,880b92ae47fffff
2432,880b93daa3fffff
2433,880b931ae7fffff
2434,880b931981fffff
2435,880b931aabfffff
2436,880b9350ebfffff
2437,880b934601fffff
2438,880b9388a1fffff
2439,880b906d1bfffff
2440,880b931129fffff
2441,880b931009fffff
2442,880b9355bdfffff
2443,880b93d893fffff
2444,880b936445fffff
2445,880b937999fffff
2446,880b930925fffff
2447,880b93c297fffff
2448,880b93c413fffff
2449,880b93db01fffff
2450,880b93185dfffff
2451,880b93462dfffff
2452,880b93563dfffff
2453,880b93c995fffff
2454,880b93cac1fffff
2455,880b93ce27fffff
2456,880b93016bfffff
2457,880b9352ebfffff
2458,880b93d899fffff
2459,880b93121bfffff
2460,880b9308c7fffff
2461,880b93d2d1fffff
2462,880b937293fffff
2463,880b934297fffff
2464,880b9308e3fffff
2465,880b93001bfffff
2466,880b931b1dfffff
2467,880b93c53dfffff
2468,880b936607fffff
2469,880b93d6e5fffff
2470,880b933915fffff
2471,880b9342b9fffff
2472,880b937031fffff
2473,880b93d72dfffff
2474,880b93cf01fffff
2475,880b930843fffff
2476,880b937637fffff
2477,880b937303fffff
2478,880b93286dfffff
2479,880b9309e5fffff
2480,880b9374b1fffff
2481,880b92ae15fffff
2482,880b938a55fffff
2483,880b932845fffff
2484,880b93c1e1fffff
2485,880b936659fffff
2486,880b93db3bfffff
2487,880b937411fffff
2488,880b93544dfffff
2489,880b93392bfffff
2490,880b93c219fffff
2491,880b938b55fffff
2492,880b9376e3fffff
2493,880b93d56dfffff
2494,880b93c1a7fffff
2495,880b93d489fffff
2496,880b93cddbfffff
2497,880b93115bfffff
2498,880b93d0e3fffff
2499,880b93d5c7fffff
2500,880b93cdddfffff
2501,880b93ceddfffff
2502,880b93c42dfffff
2503,880b935359fffff
2504,880b93c81dfffff
2505,880b906d4bfffff
2506,880b931ae3fffff
2507,880b9370a3fffff
2508,880b93d84bfffff
2509,880b92ae45fffff
2510,880b93da81fffff
2511,880b93d525fffff
2512,880b93711bfffff
2513,880b937195fffff
2514,880b93c547fffff
2515,880b93d8adfffff
2516,880b9344e7fffff
2517,880b93c6b9fffff
2518,880b906d87fffff
2519,880b931aa5fffff
2520,880b9342bdfffff
2521,880b9352b3fffff
2522,880b93d5c3fffff
2523,880b93773dfffff
2524,880b9370c3fffff
2525,880b934697fffff
2526,880b930da9fffff
2527,880b93518dfffff
2528,880b930b5dfffff
2529,880b93790dfffff
2530,880b9305e1fffff
2531,880b9344cdfffff
2532,880b930e07fffff
2533,880b93d945fffff
2534,880b93d967fffff
2535,880b93d8bdfffff
2536,880b93ca27fffff
2537,880b935759fffff
2538,880b93ca19fffff
2539,880b930165fffff
2540,880b930137fffff
2541,880b930d55fffff
2542,880b93dab1fffff
2543,880b93d0b1fffff
2544,880b935185fffff
2545,880b930755fffff
2546,880b931b13fffff
2547,880b932b0bfffff
2548,880b93ca4bfffff
2549,880b930357fffff
2550,880b93db15fffff
2551,880b92ae01fffff
2552,880b937083fffff
2553,880b93cf23fffff
2554,880b93122bfffff
2555,880b9341c5fffff
2556,880b9300a5fffff
2557,880b93882dfffff
2558,880b9342e5fffff
2559,880b93c541fffff
2560,880b9375e5fffff
2561,880b935595fffff
2562,880b930367fffff
2563,880b93032bfffff
2564,880b937003fffff
2565,880b937b45fffff
2566,880b93ca2dfffff
2567,880b92a599fffff
2568,880b932b15fffff
2569,880b930f55fffff
2570,880b93c8d5fffff
2571,880b93508bfffff
2572,880b93534bfffff
2573,880b937957fffff
2574,880b930957fffff
2575,880b937addfffff
2576,880b934097fffff
2577,880b934f5bfffff
2578,880b937413fffff
2579,880b92a445fffff
2580,880b93c981fffff
2581,880b934c57fffff
2582,880b934429fffff
2583,880b937425fffff
2584,880b93cf17fffff
2585,880b937a27fffff
2586,880b93cdc1fffff
2587,880b930f67fffff
2588,880b937709fffff
2589,880b9344d1fffff
2590,880b931121fffff
2591,880b93d9edfffff
2592,880b930d81fffff
2593,880b9375e7fffff
2594,880b906ca3fffff
2595,880b9301b7fffff
2596,880b93d9b3fffff
2597,880b931ab1fffff
2598,880b93449dfffff
2599,880b938f65fffff
2600,880b938a95fffff
2601,880b93671dfffff
2602,880b930f03fffff
2603,880b92acc1fffff
2604,880b934427fffff
2605,880b936217fffff
2606,880b937aa1fffff
2607,880b92a197fffff
2608,880b937ae3fffff
2609,880b937a89fffff
2610,880b9375cbfffff
2611,880b92af17fffff
2612,880b9388c3fffff
2613,880b92a0dbfffff
2614,880b9351ebfffff
2615,880b93d1a7fffff
2616,880b930805fffff
2617,880b934609fffff
2618,880b93c1b3fffff
2619,880b93505bfffff
2620,880b93cf13fffff
2621,880b937903fffff
2622,880b93d757fffff
2623,880b93c49bfffff
2624,880b930e33fffff
2625,880b9350c3fffff
2626,880b906dd9fffff
2627,880b93081dfffff
2628,880b93cae9fffff
2629,880b9352bbfffff
2630,880b936663fffff
2631,880b93086dfffff
2632,880b930b27fffff
2633,880b92aeb5fffff
2634,880b935553fffff
2635,880b92ac09fffff
2636,880b93500bfffff
2637,880b934e05fffff
2638,880b936361fffff
2639,880b9318e1fffff
2640,880b9374c3fffff
2641,880b937081fffff
2642,880b9344adfffff
2643,880b93c529fffff
2644,880b93cd13fffff
2645,880b935681fffff
2646,880b937a95fffff
2647,880b930809fffff
2648,880b935685fffff
2649,880b9389c7fffff
2650,880b9389d3fffff
2651,880b93396dfffff
2652,880b936627fffff
2653,880b932b2bfffff
2654,880b930b17fffff
2655,880b9342a7fffff
2656,880b93d4ddfffff
2657,880b938b11fffff
2658,880b93394bfffff
2659,880b932b33fffff
2660,880b93c649fffff
2661,880b930c53fffff
2662,880b9399a5fffff
2663,880b930931fffff
2664,880b92a0adfffff
2665,880b937147fffff
2666,880b9355e9fffff
2667,880b934cc3fffff
2668,880b937327fffff
2669,880b937943fffff
2670,880b93cd15fffff
2671,880b932913fffff
2672,880b939963fffff
2673,880b93519dfffff
2674,880b93000bfffff
2675,880b93c0b9fffff
2676,880b93712bfffff
2677,880b930cb3fffff
2678,880b938e3dfffff
2679,880b934c3bfffff
2680,880b9356d3fffff
2681,880b938f63fffff
2682,880b938e4dfffff
2683,880b93d5cdfffff
2684,880b930025fffff
2685,880b92a735fffff
2686,880b93c341fffff
2687,880b933b63fffff
2688,880b93d565fffff
2689,8825269249fffff
2690,880b938e27fffff
2691,880b93c56bfffff
2692,880b92a5a7fffff
2693,880b92ae27fffff
2694,880b906d31fffff
2695,880b9309bbfffff
2696,880b930935fffff
2697,880b93d5e1fffff
2698,880b937a97fffff
2699,880b93292dfffff
2700,880b938d11fffff
2701,880b938a6bfffff
2702,880b930199fffff
2703,880b93d46bfffff
2704,880b9356c7fffff
2705,880b938891fffff
2706,880b93c347fffff
2707,880b937665fffff
2708,880b93c065fffff
2709,880b935687fffff
2710,880b93018dfffff
2711,880b93d915fffff
2712,880b937b19fffff
2713,880b937433fffff
2714,880b935507fffff
2715,880b92ac45fffff
2716,880b938897fffff
2717,880b937a93fffff
2718,880b93cb33fffff
2719,880b93c89bfffff
2720,880b93d861fffff
2721,880b93282dfffff
2722,880b931265fffff
2723,880b930309fffff
2724,880b937845fffff
2725,880b934219fffff
2726,880b934501fffff
2727,880b93d1adfffff
2728,880b935419fffff
2729,880b92a51dfffff
2730,880b931857fffff
2731,880b931913fffff
2732,880b930d2dfffff
2733,880b935751fffff
2734,880b938b63fffff
2735,880b930d91fffff
2736,880b935041fffff
2737,880b93d631fffff
2738,880b93c9a1fffff
2739,880b934e5bfffff
2740,880b9346b5fffff
2741,880b931003fffff
2742,880b92ae13fffff
2743,880b93c1ebfffff
2744,880b92a46bfffff
2745,880b93d855fffff
2746,880b930c99fffff
2747,880b937417fffff
2748,880b93cd01fffff
2749,880b938a67fffff
2750,880b933b27fffff
2751,880b931aa7fffff
2752,880b92a18bfffff
2753,880b930f09fffff
2754,880b931063fffff
2755,880b931289fffff
2756,880b906c87fffff
2757,880b93d82dfffff
2758,880b937605fffff
2759,880b93282bfffff
2760,880b937b6dfffff
2761,880b9340edfffff
2762,880b938e01fffff
2763,880b934111fffff
2764,880b931239fffff
2765,880b93c5c1fffff
2766,880b931809fffff
2767,880b937837fffff
2768,880b937811fffff
2769,880b930dadfffff
2770,880b9399ebfffff
2771,880b9300adfffff
2772,880b93c121fffff
2773,880b936099fffff
2774,880b93d613fffff
2775,880b93396bfffff
2776,880b93c041fffff
2777,880b93010bfffff
2778,880b93c2c7fffff
2779,880b93c225fffff
2780,880b9378abfffff
2781,880b930ec7fffff
2782,880b93ccc1fffff
2783,880b9389c1fffff
2784,880b93401bfffff
2785,880b9319bdfffff
2786,880b93d8cdfffff
2787,880b92a5c7fffff
2788,880b938e03fffff
2789,880b9305abfffff
2790,880b930923fffff
2791,880b93cde7fffff
2792,880b9389adfffff
2793,880b93441bfffff
2794,880b9341c9fffff
2795,880b92acd1fffff
2796,880b93c8a1fffff
2797,880b938d4bfffff
2798,880b938e0bfffff
2799,880b931a6bfffff
2800,880b9318c5fffff
2801,880b930a59fffff
2802,880b9379bdfffff
2803,880b93010dfffff
2804,880b9381b3fffff
2805,880b93c32dfffff
2806,880b938f51fffff
2807,880b93c8b3fffff
2808,880b93791bfffff
2809,880b930e9bfffff
2810,880b937857fffff
2811,880b934e3dfffff
2812,880b92ac3bfffff
2813,880b937055fffff
2814,880b93118dfffff
2815,880b932b51fffff
2816,880b93d801fffff
2817,880b938933fffff
2818,880b92a46dfffff
2819,880b93c411fffff
2820,880b930dc9fffff
2821,880b93461dfffff
2822,880b930f23fffff
2823,880b93c0b3fffff
2824,880b93c449fffff
2825,880b937199fffff
2826,880b906f27fffff
2827,880b93c209fffff
2828,880b930e99fffff
2829,880b930c69fffff
2830,880b93cab9fffff
2831,880b934647fffff
2832,880b93d555fffff
2833,880b9374b7fffff
2834,880b9301e9fffff
2835,880b9319d1fffff
2836,880b935497fffff
2837,880b938ac7fffff
2838,880b9354d1fffff
2839,880b930a6bfffff
2840,880b93d931fffff
2841,880b931b3dfffff
2842,880b93da39fffff
2843,880b931367fffff
2844,880b937419fffff
2845,880b9340e5fffff
2846,880b935731fffff
2847,880b938893fffff
2848,880b931147fffff
2849,880b9305a5fffff
2850,880b93c8a9fffff
2851,880b932961fffff
2852,880b93c293fffff
2853,880b936449fffff
2854,880b938e6bfffff
2855,880b93d113fffff
2856,880b93d81bfffff
2857,880b93d0b5fffff
2858,880b937a05fffff
2859,880b930707fffff
2860,880b93d651fffff
2861,880b9344d9fffff
2862,880b93ccabfffff
2863,880b931103fffff
2864,880b93894bfffff
2865,880b933b31fffff
2866,880b9311bbfffff
2867,880b93d4e3fffff
2868,880b935435fffff
2869,880b931963fffff
2870,880b936359fffff
2871,880b9312e5fffff
2872,880b930e63fffff
2873,880b93db59fffff
2874,880b92a5e7fffff
2875,880b9389b5fffff
2876,880b930195fffff
2877,880b93c305fffff
2878,880b93752dfffff
2879,880b93181dfffff
2880,880b93720bfffff
2881,880b938807fffff
2882,880b93c58dfffff
2883,880b93c45bfffff
2884,880b93d52bfffff
2885,880b93019dfffff
2886,880b930c3dfffff
2887,880b930d11fffff
2888,880b93c707fffff
2889,880b9354a5fffff
2890,880b937725fffff
2891,880b938d69fffff
2892,880b937217fffff
2893,880b93523dfffff
2894,880b9346a9fffff
2895,880b937115fffff
2896,880b938b53fffff
2897,880b930301fffff
2898,880b93634bfffff
2899,880b9374a7fffff
2900,880b937a9dfffff
2901,880b93d663fffff
2902,880b93dabdfffff
2903,880b937ac9fffff
2904,880b93d84dfffff
2905,880b93dad7fffff
2906,880b93100dfffff
2907,880b932b39fffff
2908,880b9374b9fffff
2909,880b9372b1fffff
2910,880b93cb19fffff
2911,880b9301c1fffff
2912,880b92a547fffff
2913,880b93d809fffff
2914,880b92accbfffff
2915,880b93cdcdfffff
2916,880b9379c1fffff
2917,880b93c9dbfffff
2918,880b9342a9fffff
2919,880b93408bfffff
2920,880b93012dfffff
2921,880b93135bfffff
2922,880b937939fffff
2923,880b93c207fffff
2924,880b930223fffff
2925,880b9389d9fffff
2926,880b93cae1fffff
2927,880b932b17fffff
2928,880b93c351fffff
2929,880b93db41fffff
2930,880b93c6cdfffff
2931,880b92ae49fffff
2932,880b930821fffff
2933,880b935747fffff
2934,880b931851fffff
2935,880b938f69fffff
2936,880b93708dfffff
2937,880b930de5fffff
2938,880b93000dfffff
2939,880b935215fffff
2940,880b937681fffff
2941,880b935765fffff
2942,8825269251fffff
2943,880b93c2e3fffff
2944,880b93c733fffff
2945,880b93054bfffff
2946,880b934617fffff
2947,880b934f09fffff
2948,880b93d193fffff
2949,880b931139fffff
2950,880b934651fffff
2951,880b935043fffff
2952,880b938d21fffff
2953,880b931983fffff
2954,880b937663fffff
2955,880b931351fffff
2956,880b936341fffff
2957,880b9352dbfffff
2958,880b93c6c1fffff
2959,880b92a509fffff
2960,880b93da33fffff
2961,880b930c6bfffff
2962,880b93d64bfffff
2963,880b93c34dfffff
2964,880b9388c5fffff
2965,880b93c64bfffff
2966,880b93c4d7fffff
2967,880b93c8d9fffff
2968,880b93460dfffff
2969,880b93794bfffff
2970,880b93472bfffff
2971,880b93d4abfffff
2972,880b934611fffff
2973,880b93524dfffff
2974,880b93670dfffff
2975,880b938ac1fffff
2976,880b9350adfffff
2977,880b934089fffff
2978,880b93c5cbfffff
2979,880b93d917fffff
2980,880b93d701fffff
2981,880b930541fffff
2982,880b93da15fffff
2983,880b93280dfffff
2984,880b930741fffff
2985,880b931abbfffff
2986,880b930ea7fffff
2987,880b93cacdfffff
2988,880b931ae1fffff
2989,880b93661bfffff
2990,880b930e95fffff
2991,880b93d73bfffff
2992,880b934e55fffff
2993,880b93c6b1fffff
2994,880b93c59bfffff
2995,880b936253fffff
2996,880b93d0edfffff
2997,880b930345fffff
2998,880b93cedbfffff
2999,880b938d23fffff
3000,880b932915fffff
3001,880b93d6c5fffff
3002,880b93c659fffff
3003,880b93cf69fffff
3004,880b93ca93fffff
3005,880b934621fffff
3006,880b931867fffff
3007,880b92a0a3fffff
3008,880b93c5d5fffff
3009,880b937947fffff
3010,880b92a709fffff
3011,880b935005fffff
3012,880b935635fffff
3013,880b930909fffff
3014,880b936257fffff
3015,880b93ce13fffff
3016,880b93c721fffff
3017,880b92ace5fffff
3018,880b934c19fffff
3019,880b9379c9fffff
3020,880b930c49fffff
3021,880b9356c9fffff
3022,880b938b39fffff
3023,880b92ac83fffff
3024,880b937655fffff
3025,880b93d693fffff
3026,880b930e11fffff
3027,880b93c653fffff
3028,880b92ac8bfffff
3029,880b9350d1fffff
3030,880b93136bfffff
3031,880b933967fffff
3032,880b937b21fffff
3033,880b931a53fffff
3034,880b93ccb9fffff
3035,880b93c14bfffff
3036,880b931ab7fffff
3037,880b9309a9fffff
3038,880b931137fffff
3039,880b930c61fffff
3040,880b9342b7fffff
3041,880b93c5d3fffff
3042,880b9354dbfffff
3043,880b93993bfffff
3044,880b930b43fffff
3045,880b93700dfffff
3046,880b936661fffff
3047,880b93783bfffff
3048,880b934563fffff
3049,880b935425fffff
3050,880b9372adfffff
3051,880b937ab9fffff
3052,880b9344a7fffff
3053,880b9372a1fffff
3054,880b93cb5bfffff
3055,880b937821fffff
3056,880b9379b3fffff
3057,880b937b27fffff
3058,880b93c8b5fffff
3059,880b93d139fffff
3060,880b930e3dfffff
3061,880b930b49fffff
3062,880b935035fffff
3063,880b9319abfffff
3064,880b93cea5fffff
3065,880b93d8abfffff
3066,880b930913fffff
3067,880b93096bfffff
3068,880b93ce91fffff
3069,880b9375c3fffff
3070,880b93d89bfffff
3071,880b93c1cbfffff
3072,880b93c639fffff
3073,880b93c247fffff
3074,880b93198dfffff
3075,880b93dab7fffff
3076,880b93d6c7fffff
3077,880b92ac27fffff
3078,880b93c0b7fffff
3079,880b92acb9fffff
3080,880b934517fffff
3081,880b92a407fffff
3082,880b933927fffff
3083,880b93704dfffff
3084,880b92a425fffff
3085,880b938a8dfffff
3086,880b93ce1bfffff
3087,880b93c1d3fffff
3088,880b92af3bfffff
3089,880b93da49fffff
3090,880b92af31fffff
3091,880b93ced1fffff
3092,880b93c00dfffff
3093,880b92ae85fffff
3094,880b937561fffff
3095,880b93cd11fffff
3096,880b93d9c1fffff
3097,880b93d4dbfffff
3098,880b931035fffff
3099,880b937a61fffff
3100,880b938a15fffff
3101,880b92a725fffff
3102,880b9355e1fffff
3103,880b93518bfffff
3104,880b93704bfffff
3105,880b9356adfffff
3106,880b931303fffff
3107,880b930e19fffff
3108,880b930a13fffff
3109,880b9301b3fffff
3110,880b93d539fffff
3111,880b9378a5fffff
3112,880b906d53fffff
3113,880b92a465fffff
3114,880b9352adfffff
3115,880b93c9a9fffff
3116,880b934039fffff
3117,880b93d533fffff
3118,880b934537fffff
3119,880b930c37fffff
3120,880b93cac5fffff
3121,880b934507fffff
3122,880b93c16dfffff
3123,880b936667fffff
3124,880b93cf63fffff
3125,880b934029fffff
3126,880b93c611fffff
3127,880b93c841fffff
3128,880b93ce01fffff
3129,880b93ce0dfffff
3130,880b93748bfffff
3131,880b93c629fffff
3132,880b906db1fffff
3133,880b930b2dfffff
3134,880b9345abfffff
3135,880b9319a1fffff
3136,880b93760dfffff
3137,880b938967fffff
3138,880b9311b3fffff
3139,880b938f27fffff
3140,880b93c2b3fffff
3141,880b938d19fffff
3142,880b9305adfffff
3143,880b9351dbfffff
3144,880b93c0c1fffff
3145,880b937299fffff
3146,880b9376e1fffff
3147,880b9312e9fffff
3148,880b938f59fffff
3149,880b92a0b9fffff
3150,880b9388bdfffff
3151,880b937969fffff
3152,880b930331fffff
3153,880b93cac9fffff
3154,880b9352c9fffff
3155,880b93550bfffff
3156,880b93d8d5fffff
3157,880b93d599fffff
3158,880b93d441fffff
3159,880b930013fffff
3160,880b93515bfffff
3161,880b931ad1fffff
3162,880b93c133fffff
3163,880b9309a5fffff
3164,880b930993fffff
3165,880b93390bfffff
3166,880b9375bdfffff
3167,880b93d591fffff
3168,880b93503bfffff
3169,880b93411bfffff
3170,880b9370abfffff
3171,880b9300d7fffff
3172,880b936613fffff
3173,880b930ac9fffff
3174,880b9378adfffff
3175,880b92a027fffff
3176,880b938917fffff
3177,880b936a49fffff
3178,880b933987fffff
3179,880b937345fffff
3180,880b930ad9fffff
3181,880b93766dfffff
3182,880b934453fffff
3183,880b9375bbfffff
3184,880b93d62bfffff
3185,880b934ee3fffff
3186,880b93cd61fffff
3187,880b938899fffff
3188,880b93c739fffff
3189,880b938935fffff
3190,880b93da85fffff
3191,880b93463bfffff
3192,880b92364dfffff
3193,880b92ac91fffff
3194,880b9319ddfffff
3195,880b937653fffff
3196,880b934eb9fffff
3197,880b93132bfffff
3198,880b906d39fffff
3199,880b9344b5fffff
3200,880b93c8bbfffff
3201,880b938929fffff
3202,880b9374dbfffff
3203,880b9329e1fffff
3204,880b930e5dfffff
3205,880b93c4a5fffff
3206,880b93c6c9fffff
3207,880b937127fffff
3208,880b93296bfffff
3209,880b937487fffff
3210,880b9356d1fffff
3211,880b930943fffff
3212,880b935603fffff
3213,880b931a55fffff
3214,880b931951fffff
3215,880b937441fffff
3216,880b930a35fffff
3217,880b937599fffff
3218,880b93d459fffff
3219,880b931029fffff
3220,880b93713bfffff
3221,880b939901fffff
3222,880b9300cdfffff
3223,880b93cf59fffff
3224,880b934ec3fffff
3225,880b9300d9fffff
3226,880b930cd5fffff
3227,880b92a087fffff
3228,880b93c365fffff
3229,880b935745fffff
3230,880b937507fffff
3231,880b9374c9fffff
3232,880b93799bfffff
3233,880b935533fffff
3234,880b93c9cbfffff
3235,880b935355fffff
3236,880b93113bfffff
3237,880b930753fffff
3238,880b93d0bdfffff
3239,880b92a597fffff
3240,880b931a13fffff
3241,880b93c68dfffff
3242,880b9309b1fffff
3243,880b93ca03fffff
3244,880b93c755fffff
3245,880b935589fffff
3246,880b930e13fffff
3247,880b931a81fffff
3248,880b92acadfffff
3249,880b906c83fffff
3250,880b93c333fffff
3251,880b93756bfffff
3252,880b935625fffff
3253,880b9376c1fffff
3254,880b93c1a9fffff
3255,880b93cce3fffff
3256,880b934605fffff
3257,880b93d815fffff
3258,880b934e25fffff
3259,880b937017fffff
3260,880b93781dfffff
3261,880b934e07fffff
3262,880b937211fffff
3263,880b938aa9fffff
3264,880b93c299fffff
3265,880b937533fffff
3266,880b937231fffff
3267,880b930aebfffff
3268,880b93c20dfffff
3269,880b937ab3fffff
3270,880b930ac5fffff
3271,880b93c2d7fffff
3272,880b93c861fffff
3273,880b93cd1bfffff
3274,880b937ac5fffff
3275,880b935457fffff
3276,880b9374adfffff
3277,880b9399edfffff
3278,880b9371c7fffff
3279,880b93d8b9fffff
3280,880b934c99fffff
3281,880b93609bfffff
3282,880b933b41fffff
3283,880b9366e9fffff
3284,880b93c455fffff
3285,880b93d589fffff
3286,880b9354e5fffff
3287,880b93120dfffff
3288,880b938839fffff
3289,880b937823fffff
3290,880b93c953fffff
3291,880b9346cdfffff
3292,880b936629fffff
3293,880b937457fffff
3294,880b931865fffff
3295,880b939907fffff
3296,880b93cf3bfffff
3297,880b934e81fffff
3298,880b934c1dfffff
3299,880b938b5bfffff
3300,880b938835fffff
3301,880b93749dfffff
3302,880b934723fffff
3303,880b938a17fffff
3304,880b9370e5fffff
3305,880b906d85fffff
3306,880b937445fffff
3307,880b934cddfffff
3308,880b9388e7fffff
3309,880b93ca57fffff
3310,880b93d6dbfffff
3311,880b93c5bdfffff
3312,880b9308b7fffff
3313,880b93cca5fffff
3314,880b92a093fffff
3315,880b93d941fffff
3316,880b93091bfffff
3317,880b93464dfffff
3318,880b934cdbfffff
3319,880b93c055fffff
3320,880b935547fffff
3321,880b937401fffff
3322,880b936645fffff
3323,880b9342cdfffff
3324,880b930d1dfffff
3325,880b93753bfffff
3326,880b93429bfffff
3327,880b93d28bfffff
3328,880b9375c7fffff
3329,880b93cdb9fffff
3330,880b93c9a5fffff
3331,880b93d93bfffff
3332,880b937ac7fffff
3333,880b931189fffff
3334,880b93cae7fffff
3335,880b93622dfffff
3336,880b930055fffff
3337,880b92a73bfffff
3338,880b93cae5fffff
3339,880b935029fffff
3340,880b93c165fffff
3341,880b935429fffff
3342,880b931943fffff
3343,880b93185bfffff
3344,880b923651fffff
3345,880b934757fffff
3346,880b93c535fffff
3347,880b938e55fffff
3348,880b930189fffff
3349,880b93571dfffff
3350,880b931859fffff
3351,880b93cda7fffff
3352,880b9375d1fffff
3353,880b935287fffff
3354,880b9342c5fffff
3355,880b930147fffff
3356,880b9344b7fffff
3357,880b906cabfffff
3358,880b938a01fffff
3359,880b937ab5fffff
3360,880b935443fffff
3361,880b9308b3fffff
3362,880b92a1b9fffff
3363,880b932941fffff
3364,880b9399e5fffff
3365,880b93c41bfffff
3366,880b93013dfffff
3367,880b931315fffff
3368,880b92a081fffff
3369,880b93cb3bfffff
3370,880b93c507fffff
3371,880b931885fffff
3372,880b93554dfffff
3373,880b93c70dfffff
3374,880b9381e3fffff
3375,880b93556bfffff
3376,880b9371ebfffff
3377,880b92acabfffff
3378,880b93100bfffff
3379,880b934497fffff
3380,880b93c663fffff
3381,880b93cc51fffff
3382,880b93102bfffff
3383,880b93d98bfffff
3384,880b93c1b9fffff
3385,880b937b07fffff
3386,880b935563fffff
3387,880b935561fffff
3388,880b93676dfffff
3389,880b906cb5fffff
3390,880b9346d5fffff
3391,880b906c97fffff
3392,880b93091dfffff
3393,880b930b23fffff
3394,880b93c80bfffff
3395,880b930a2dfffff
3396,880b930d57fffff
3397,880b937735fffff
3398,880b937221fffff
3399,880b937697fffff
3400,880b9355edfffff
3401,880b92a763fffff
3402,880b934c83fffff
3403,880b93cf2dfffff
3404,880b931a63fffff
3405,880b93c689fffff
3406,880b937051fffff
3407,880b93c48dfffff
3408,880b93c521fffff
3409,880b93c1c7fffff
3410,880b93895bfffff
3411,880b93d70bfffff
3412,880b937215fffff
3413,880b93502bfffff
3414,880b93c045fffff
3415,880b936669fffff
3416,880b92ac95fffff
3417,880b93c457fffff
3418,880b937a39fffff
3419,880b931927fffff
3420,880b930899fffff
3421,880b9375d3fffff
3422,880b93d647fffff
3423,880b92af55fffff
3424,880b93291bfffff
3425,880b930c55fffff
3426,880b93c2e5fffff
3427,880b931a49fffff
3428,880b93c505fffff
3429,880b93cea7fffff
3430,880b9372bdfffff
3431,880b93d1e5fffff
3432,880b937a43fffff
3433,880b93c59dfffff
3434,880b937a2bfffff
3435,880b92a0edfffff
3436,880b930989fffff
3437,880b9355ebfffff
3438,880b93d507fffff
3439,880b937501fffff
3440,880b93106bfffff
3441,880b934459fffff
3442,880b93c623fffff
3443,880b934ca1fffff
3444,880b931015fffff
3445,880b935311fffff
3446,880b937439fffff
3447,880b93cc55fffff
3448,880b93c437fffff
3449,880b93d6cdfffff
3450,880b937921fffff
3451,880b93c345fffff
3452,880b937421fffff
3453,880b931041fffff
3454,880b931205fffff
3455,880b93743dfffff
3456,880b93d907fffff
3457,880b93c867fffff
3458,880b936261fffff
3459,880b93d60bfffff
3460,880b935619fffff
3461,880b93cab7fffff
3462,880b938ad3fffff
3463,880b93c8c9fffff
3464,880b938a33fffff
3465,880b93cca7fffff
3466,880b935705fffff
3467,880b9309bdfffff
3468,880b9352b5fffff
3469,880b938b29fffff
3470,880b93d461fffff
3471,880b930d17fffff
3472,880b93c723fffff
3473,880b93294bfffff
3474,880b93dae9fffff
3475,880b93c6d3fffff
3476,880b93dae1fffff
3477,880b93c009fffff
3478,880b934441fffff
3479,880b93cd67fffff
3480,880b93c0cdfffff
3481,880b9236dbfffff
3482,880b93c9b9fffff
3483,880b930aa9fffff
3484,880b93d58bfffff
3485,880b93d45dfffff
3486,880b9308edfffff
3487,880b9318a9fffff
3488,880b931011fffff
3489,880b931a37fffff
3490,880b93129bfffff
3491,880b93c069fffff
3492,880b931993fffff
3493,880b937aa7fffff
3494,880b93d40dfffff
3495,880b931215fffff
3496,880b93d081fffff
3497,880b937007fffff
3498,880b93cf0dfffff
3499,880b93505dfffff
3500,880b937b13fffff
3501,880b93d66bfffff
3502,880b93c201fffff
3503,880b9372b9fffff
3504,880b93099dfffff
3505,880b934e17fffff
3506,880b93d75dfffff
3507,880b938865fffff
3508,880b931a97fffff
3509,880b931939fffff
3510,880b93d989fffff
3511,880b93c863fffff
3512,880b93d80dfffff
3513,880b934ed1fffff
3514,880b93c2cdfffff
3515,880b93c0e3fffff
3516,880b93c001fffff
3517,880b937843fffff
3518,880b9372dbfffff
3519,880b93d117fffff
3520,880b9300abfffff
3521,880b935707fffff
3522,880b9366cdfffff
3523,880b930ae1fffff
3524,880b9370d3fffff
3525,880b930747fffff
3526,880b93d86bfffff
3527,880b93d0a7fffff
3528,880b9340c1fffff
3529,880b9311c5fffff
3530,880b930f0bfffff
3531,880b92a503fffff
3532,880b9356a7fffff
3533,880b9352bdfffff
3534,880b93c91bfffff
3535,880b933b29fffff
3536,880b930eb1fffff
3537,880b93d94dfffff
3538,880b930ea5fffff
3539,880b9350b9fffff
3540,880b93cc31fffff
3541,880b935431fffff
3542,880b935601fffff
3543,880b93759bfffff
3544,880b92ae43fffff
3545,880b937a21fffff
3546,880b93c5d7fffff
3547,880b932b4bfffff
3548,880b930a8bfffff
3549,880b930825fffff
3550,880b93c847fffff
3551,880b906c23fffff
3552,880b9354d5fffff
3553,880b935223fffff
3554,880b930c95fffff
3555,880b9305e7fffff
3556,880b93c647fffff
3557,880b93c45dfffff
3558,880b92a42bfffff
3559,880b9399bbfffff
3560,880b93d963fffff
3561,880b9374d7fffff
3562,880b93c5c3fffff
3563,880b93cf05fffff
3564,880b92af57fffff
3565,880b930865fffff
3566,880b93d8b3fffff
3567,880b92a199fffff
3568,880b92aebbfffff
3569,880b936297fffff
3570,880b92ae9dfffff
3571,880b93d087fffff
3572,880b93cca3fffff
3573,880b9371cbfffff
3574,880b906dcbfffff
3575,880b9388c7fffff
3576,880b936305fffff
3577,880b937a9bfffff
3578,880b93183dfffff
3579,880b93c5c5fffff
3580,880b931b65fffff
3581,880b938d13fffff
3582,880b93794dfffff
3583,880b92a505fffff
3584,880b9371b5fffff
3585,880b93c869fffff
3586,880b9319ebfffff
3587,880b93caddfffff
3588,880b93630bfffff
3589,880b93d5b3fffff
3590,880b92a59dfffff
3591,880b92a1d1fffff
3592,880b93104bfffff
3593,880b937911fffff
3594,880b931263fffff
3595,880b93d163fffff
3596,880b9319bbfffff
3597,880b930a45fffff
3598,880b931a21fffff
3599,880b934011fffff
3600,880b930ae7fffff
3601,880b936283fffff
3602,880b9362d7fffff
3603,880b93db43fffff
3604,880b9376adfffff
3605,880b93716dfffff
3606,880b93d2cbfffff
3607,880b937405fffff
3608,880b92ac29fffff
3609,880b92a0cbfffff
3610,880b930555fffff
3611,880b93cdd7fffff
3612,880b9318a5fffff
3613,880b92a593fffff
3614,880b93c8abfffff
3615,880b9354b7fffff
3616,880b930043fffff
3617,880b930c09fffff
3618,880b938f43fffff
3619,880b93d6d1fffff
3620,880b93d68dfffff
3621,880b9339a9fffff
3622,880b931a03fffff
3623,880b93d8c9fffff
3624,880b9319e5fffff
3625,880b93c9b1fffff
3626,880b930155fffff
3627,880b93cf51fffff
3628,880b93728dfffff
3629,880b936a4bfffff
3630,880b938a31fffff
3631,880b934c0bfffff
3632,880b93c1d5fffff
3633,880b930a0bfffff
3634,880b93c28dfffff
3635,880b935003fffff
3636,880b923645fffff
3637,880b9346c7fffff
3638,880b937719fffff
3639,880b9340c5fffff
3640,880b92ac6bfffff
3641,880b93504bfffff
3642,880b9375e1fffff
3643,880b906dd3fffff
3644,880b93cab3fffff
3645,880b93c43dfffff
3646,880b937343fffff
3647,880b931353fffff
3648,880b9374e1fffff
3649,880b930f65fffff
3650,880b93c461fffff
3651,880b93714bfffff
3652,880b936631fffff
3653,880b938e25fffff
3654,880b938ae7fffff
3655,880b934761fffff
3656,880b935593fffff
3657,880b932b27fffff
3658,880b934707fffff
3659,880b93da6dfffff
3660,880b934e53fffff
3661,880b93895dfffff
3662,880b92ad91fffff
3663,880b937a5dfffff
3664,880b9350b3fffff
3665,880b930e25fffff
3666,880b930907fffff
3667,880b934629fffff
3668,880b93d125fffff
3669,880b936241fffff
3670,880b93d92dfffff
3671,880b930167fffff
3672,880b938b4bfffff
3673,880b93d731fffff
3674,880b930845fffff
3675,880b93786bfffff
3676,880b92a561fffff
3677,880b935217fffff
3678,880b93c9d9fffff
3679,880b936b4bfffff
3680,880b93992bfffff
3681,880b93d8a5fffff
3682,880b906d97fffff
3683,880b93c20bfffff
3684,880b93cf2bfffff
3685,880b934e19fffff
3686,880b937a25fffff
3687,880b934c11fffff
3688,880b93cdedfffff
3689,880b938a45fffff
3690,880b93c6cbfffff
3691,880b9399b3fffff
3692,880b92aca3fffff
3693,880b93098bfffff
3694,880b93cb59fffff
3695,880b93cf41fffff
3696,880b935297fffff
3697,880b9381d5fffff
3698,880b934e6dfffff
3699,880b93db45fffff
3700,880b93559dfffff
3701,880b931a65fffff
3702,880b938e2bfffff
3703,880b9370c5fffff
3704,880b931b5dfffff
3705,880b931891fffff
3706,880b9311c3fffff
3707,880b937a19fffff
3708,880b938185fffff
3709,880b93d0a9fffff
3710,880b93c483fffff
3711,880b92af1bfffff
3712,880b9319d7fffff
3713,880b930b0dfffff
3714,880b9345e5fffff
3715,880b93c989fffff
3716,880b938a3dfffff
3717,880b937029fffff
3718,880b937133fffff
3719,880b934613fffff
3720,880b93d4bbfffff
3721,880b937647fffff
3722,880b930ce7fffff
3723,880b930a53fffff
3724,880b930ee7fffff
3725,880b938a1dfffff
3726,880b93c6d9fffff
3727,880b93102dfffff
3728,880b93cd95fffff
3729,880b93d9c3fffff
3730,880b93c5e3fffff
3731,880b934015fffff
3732,880b930d9bfffff
3733,880b93393dfffff
3734,880b906c85fffff
3735,880b9374c5fffff
3736,880b930e97fffff
3737,880b932969fffff
3738,880b93dadbfffff
3739,880b93130bfffff
3740,880b9399ddfffff
3741,880b938da1fffff
3742,880b934e1bfffff
3743,880b93884dfffff
3744,880b931313fffff
3745,880b93004dfffff
3746,880b93cda9fffff
3747,880b937a47fffff
3748,880b937607fffff
3749,880b93c8bdfffff
3750,880b937609fffff
3751,880b934095fffff
3752,880b93664bfffff
3753,880b930029fffff
3754,880b9302b5fffff
3755,880b9309b3fffff
3756,880b906d63fffff
3757,880b93c14dfffff
3758,880b931a8bfffff
3759,880b93565bfffff
3760,880b93d0a1fffff
3761,880b93d40bfffff
3762,880b931909fffff
3763,880b93c421fffff
3764,880b9350bbfffff
3765,880b934f57fffff
3766,880b93da89fffff
3767,880b92a2b7fffff
3768,880b932937fffff
3769,880b937363fffff
3770,880b93d195fffff
3771,880b931847fffff
3772,880b93d417fffff
3773,880b938a3bfffff
3774,880b93c719fffff
3775,880b931187fffff
3776,880b932b61fffff
3777,880b93031bfffff
3778,880b931069fffff
3779,880b931133fffff
3780,880b930cd7fffff
3781,880b931a99fffff
3782,880b930ac3fffff
3783,880b92a5cbfffff
3784,880b92a1dbfffff
3785,880b934e43fffff
3786,880b935631fffff
3787,880b934091fffff
3788,880b93da41fffff
3789,880b9372c9fffff
3790,880b93542dfffff
3791,880b930f69fffff
3792,880b93da93fffff
3793,880b93c8ddfffff
3794,880b93d85bfffff
3795,880b92ae4dfffff
3796,880b932833fffff
3797,880b938d55fffff
3798,880b936441fffff
3799,880b935247fffff
3800,880b93d827fffff
3801,880b9354edfffff
3802,880b93da43fffff
3803,880b93c1bdfffff
3804,880b93ca59fffff
3805,880b930c39fffff
3806,880b93196bfffff
3807,880b93c2e1fffff
3808,880b93cf3dfffff
3809,880b93d1a3fffff
3810,880b92add3fffff
3811,880b936743fffff
3812,880b9312d5fffff
3813,880b937739fffff
3814,880b934451fffff
3815,880b9371abfffff
3816,880b934465fffff
3817,880b93d919fffff
3818,880b9308dbfffff
3819,880b935467fffff
3820,880b9356e7fffff
3821,880b93c03dfffff
3822,880b93c28bfffff
3823,880b93c497fffff
3824,880b93076dfffff
3825,880b938b65fffff
3826,880b93c251fffff
3827,880b938b6dfffff
3828,880b93c4bdfffff
3829,880b937551fffff
3830,880b93d6cbfffff
3831,880b93ccb5fffff
3832,880b931305fffff
3833,880b93c0a7fffff
3834,880b930ab7fffff
3835,880b938a5bfffff
3836,880b93d5abfffff
3837,880b93c58bfffff
3838,880b931aadfffff
3839,880b930967fffff
3840,880b93d1c7fffff
3841,880b936213fffff
3842,880b92ae63fffff
3843,880b930cc7fffff
3844,880b9308b5fffff
3845,880b93ca97fffff
3846,880b92a1d9fffff
3847,880b936747fffff
3848,880b932b69fffff
3849,880b935243fffff
3850,880b931a1bfffff
3851,880b930cddfffff
3852,880b936611fffff
3853,880b937861fffff
3854,880b93c4a1fffff
3855,880b936609fffff
3856,880b93c329fffff
3857,880b9341d3fffff
3858,880b938b5dfffff
3859,880b9389d1fffff
3860,880b93186dfffff
3861,880b93574dfffff
3862,880b937753fffff
3863,880b92ac0dfffff
3864,880b93c1edfffff
3865,880b9312cdfffff
3866,880b930cabfffff
3867,880b936a4dfffff
3868,880b934e2bfffff
3869,880b93c4e3fffff
3870,880b93db49fffff
3871,880b9399d5fffff
3872,880b9344ddfffff
3873,880b9319c7fffff
3874,880b931345fffff
3875,880b937ab7fffff
3876,880b937b55fffff
3877,880b936255fffff
3878,880b93782dfffff
3879,880b93ccc5fffff
3880,880b9312a1fffff
3881,880b9341cbfffff
3882,880b938903fffff
3883,880b935485fffff
3884,880b93c8cdfffff
3885,880b93d715fffff
3886,880b931335fffff
3887,880b93509bfffff
3888,880b9398b5fffff
3889,880b938de3fffff
3890,880b93d727fffff
3891,880b93c551fffff
3892,880b93c2a9fffff
3893,880b906d8dfffff
3894,880b930f2dfffff
3895,880b9389e7fffff
3896,880b93465bfffff
3897,880b9301e1fffff
3898,880b934461fffff
3899,880b93c76bfffff
3900,880b93001dfffff
3901,880b93cc95fffff
3902,880b930d4dfffff
3903,880b906c2dfffff
3904,880b93d4a3fffff
3905,880b92ac59fffff
3906,880b9379a9fffff
3907,880b930c31fffff
3908,880b930267fffff
3909,880b93d50dfffff
3910,880b937355fffff
3911,880b93c527fffff
3912,880b932b6dfffff
3913,880b93195bfffff
3914,880b93c451fffff
3915,880b931b5bfffff
3916,880b93553dfffff
3917,880b93da3bfffff
3918,880b92a5d9fffff
3919,880b9355b1fffff
3920,880b92a5c5fffff
3921,880b930c83fffff
3922,880b93c01bfffff
3923,880b937223fffff
3924,880b9345dbfffff
3925,880b930dd1fffff
3926,880b93d5ebfffff
3927,880b92ae19fffff
3928,880b93095bfffff
3929,880b935069fffff
3930,880b934661fffff
3931,880b93c43bfffff
3932,880b93715dfffff
3933,880b93c5b5fffff
3934,880b936243fffff
3935,880b930141fffff
3936,880b9340d7fffff
3937,880b937125fffff
3938,880b93743bfffff
3939,880b93cc83fffff
3940,880b93c567fffff
3941,880b934645fffff
3942,880b93796dfffff
3943,880b93c145fffff
3944,880b930999fffff
3945,880b93ce8bfffff
3946,880b93cd37fffff
3947,880b93d8b7fffff
3948,880b930d8bfffff
3949,880b9329c3fffff
3950,880b936741fffff
3951,880b931a23fffff
3952,880b93050bfffff
3953,880b930d05fffff
3954,880b93756dfffff
3955,880b938de7fffff
3956,880b93c4abfffff
3957,880b930563fffff
3958,880b935209fffff
3959,880b931307fffff
3960,880b9375b7fffff
3961,880b934eb5fffff
3962,880b937b15fffff
3963,880b938801fffff
3964,880b93cc8bfffff
3965,880b93090bfffff
3966,880b93c813fffff
3967,880b938d2bfffff
3968,880b9375b5fffff
3969,880b930153fffff
3970,880b93793bfffff
3971,880b93103dfffff
3972,880b935503fffff
3973,880b906dbbfffff
3974,880b937611fffff
3975,880b931849fffff
3976,880b937143fffff
3977,880b9311c7fffff
3978,880b9318e7fffff
3979,880b932903fffff
3980,880b9389e9fffff
3981,880b936a45fffff
3982,880b93c889fffff
3983,880b938a8bfffff
3984,880b9399e1fffff
3985,880b93c151fffff
3986,880b933943fffff
3987,880b93764dfffff
3988,880b937209fffff
3989,880b931a51fffff
3990,880b937497fffff
3991,880b9345ddfffff
3992,880b93104dfffff
3993,880b932907fffff
3994,880b93d1e3fffff
3995,880b9345c7fffff
3996,880b938ad5fffff
3997,880b93d9bdfffff
3998,880b93ce23fffff
3999,880b93da45fffff
4000,880b9370d1fffff
4001,880b93c1d7fffff
4002,880b93c103fffff
4003,880b92366bfffff
4004,880b93635bfffff
4005,880b92ac15fffff
4006,880b93c52dfffff
4007,880b930517fffff
4008,880b937aabfffff
4009,880b937629fffff
4010,880b936267fffff
4011,880b93d199fffff
4012,880b92a50dfffff
4013,880b906c27fffff
4014,880b93199bfffff
4015,880b93191bfffff
4016,880b931861fffff
4017,880b93da21fffff
4018,880b93c8ebfffff
4019,880b9341dbfffff
4020,880b93819dfffff
4021,880b92af03fffff
4022,880b933947fffff
4023,880b92af51fffff
4024,880b93db6dfffff
4025,880b92ac99fffff
4026,880b930939fffff
4027,880b93c51bfffff
4028,880b930897fffff
4029,880b93c749fffff
4030,880b93da5bfffff
4031,880b9340cdfffff
4032,880b931829fffff
4033,880b93d969fffff
4034,880b93718bfffff
4035,880b93ccd5fffff
4036,880b93529bfffff
4037,880b93d887fffff
4038,880b93c4a9fffff
4039,880b937639fffff
4040,880b938d3bfffff
4041,880b93471dfffff
4042,880b92a5dbfffff
4043,880b938b3bfffff
4044,880b937155fffff
4045,880b93d4c7fffff
4046,880b906c31fffff
4047,880b93cd5bfffff
4048,880b93c731fffff
4049,880b937039fffff
4050,880b930849fffff
4051,880b93c545fffff
4052,880b93cf47fffff
4053,880b937841fffff
4054,880b937013fffff
4055,880b93744dfffff
4056,880b935229fffff
4057,880b93540dfffff
4058,880b92a195fffff
4059,880b93ce5bfffff
4060,880b93c0a1fffff
4061,880b935193fffff
4062,880b93c13dfffff
4063,880b93d465fffff
4064,880b931813fffff
4065,880b92ac87fffff
4066,880b938abbfffff
4067,880b931aa9fffff
4068,880b9372d9fffff
4069,880b93d99bfffff
4070,880b93c4b7fffff
4071,880b93ccadfffff
4072,880b937219fffff
4073,880b92a551fffff
4074,880b9360d3fffff
4075,880b93c367fffff
4076,880b9308d5fffff
4077,880b934193fffff
4078,880b93da47fffff
4079,880b9372d3fffff
4080,880b931339fffff
4081,880b93cf19fffff
4082,880b93da67fffff
4083,880b930d5bfffff
4084,880b930087fffff
4085,880b93c983fffff
4086,880b9308b9fffff
4087,880b931ad9fffff
4088,880b93cf29fffff
4089,880b93c8d7fffff
4090,880b931959fffff
4091,880b92ae2bfffff
4092,880b9319d3fffff
4093,880b931b57fffff
4094,880b9354d7fffff
4095,880b93c8a7fffff
4096,880b93624dfffff
4097,880b930e6dfffff
4098,880b93130dfffff
4099,880b939993fffff
4100,880b931a01fffff
4101,880b932b37fffff
4102,880b931355fffff
4103,880b93d4a7fffff
4104,880b93c809fffff
4105,880b9340d1fffff
4106,880b93550dfffff
4107,880b93520bfffff
4108,880b934f33fffff
4109,880b92a0c3fffff
4110,880b93c581fffff
4111,880b937601fffff
4112,880b9379dbfffff
4113,880b930ab5fffff
4114,880b93d6d9fffff
4115,880b931369fffff
4116,880b934765fffff
4117,880b935319fffff
4118,880b934e49fffff
4119,880b93c485fffff
4120,880b93cd8bfffff
4121,880b935119fffff
4122,880b906d0dfffff
4123,880b93425dfffff
4124,880b937721fffff
4125,880b9344b9fffff
4126,880b9352a3fffff
4127,880b93c18dfffff
4128,880b930a0dfffff
4129,880b930d99fffff
4130,880b937727fffff
4131,880b930cdbfffff
4132,880b9352e3fffff
4133,880b934403fffff
4134,880b92a707fffff
4135,880b93cc9bfffff
4136,880b9308d1fffff
4137,880b93d717fffff
4138,880b93663bfffff
4139,880b93cd3dfffff
4140,880b931a5bfffff
4141,880b938887fffff
4142,880b934cedfffff
4143,880b9370d5fffff
4144,880b930ce3fffff
4145,882526925bfffff
4146,880b93ca85fffff
4147,880b906cb1fffff
4148,880b93452dfffff
4149,880b93424dfffff
4150,880b93d611fffff
4151,880b9389dbfffff
4152,880b930a23fffff
4153,880b93c65dfffff
4154,880b937a8bfffff
4155,880b92ae67fffff
4156,880b93ccb7fffff
4157,880b93c40bfffff
4158,880b906f35fffff
4159,880b930d43fffff
4160,880b93db09fffff
4161,880b92a4a5fffff
4162,880b93d1d5fffff
4163,880b93622bfffff
4164,880b93c419fffff
4165,880b93c15dfffff
4166,880b931b59fffff
4167,880b930035fffff
4168,880b906c21fffff
4169,880b931337fffff
4170,880b933907fffff
4171,880b931161fffff
4172,880b930109fffff
4173,880b9374a5fffff
4174,880b933985fffff
4175,880b937067fffff
4176,880b9342e1fffff
4177,880b93da87fffff
4178,880b93402dfffff
4179,880b934ce3fffff
4180,880b93d813fffff
4181,880b930d47fffff
4182,880b93cdabfffff
4183,880b93791dfffff
4184,880b93db47fffff
4185,880b934561fffff
4186,880b9342ddfffff
4187,880b93726bfffff
4188,880b93c2c1fffff
4189,880b938a65fffff
4190,880b93c683fffff
4191,880b931a9dfffff
4192,880b93d435fffff
4193,880b930537fffff
4194,880b93562dfffff
4195,880b93d71dfffff
4196,880b92ae31fffff
4197,880b930a37fffff
4198,880b92ac57fffff
4199,880b930addfffff
4200,880b930091fffff
4201,880b93283bfffff
4202,880b9308e1fffff
4203,880b938943fffff
4204,880b9312edfffff
4205,880b92365bfffff
4206,880b92a537fffff
4207,880b9381b1fffff
4208,880b930c1bfffff
4209,880b93d6c3fffff
4210,880b93db03fffff
4211,880b931ae5fffff
4212,880b93da91fffff
4213,880b934485fffff
4214,880b93daadfffff
4215,880b934293fffff
4216,880b935403fffff
4217,880b937539fffff
4218,880b932b57fffff
4219,880b938a37fffff
4220,880b934739fffff
4221,880b92ae97fffff
4222,880b937467fffff
4223,880b93c9b5fffff
4224,880b930e93fffff
4225,880b93754bfffff
4226,880b93c9abfffff
4227,880b93890bfffff
4228,880b93012bfffff
4229,880b938823fffff
4230,880b92a513fffff
4231,880b93609dfffff
4232,880b93891bfffff
4233,880b92a723fffff
4234,880b93c6b3fffff
4235,880b930cc5fffff
4236,880b931341fffff
4237,880b9340d3fffff
4238,880b930aa5fffff
4239,880b934ca9fffff
4240,880b937b53fffff
4241,880b93d455fffff
4242,880b935741fffff
4243,880b9319b5fffff
4244,880b93403bfffff
4245,880b9301a3fffff
4246,880b93cdd9fffff
4247,880b93d427fffff
4248,880b9388a3fffff
4249,880b938f2bfffff
4250,880b937ae1fffff
4251,880b93c443fffff
4252,880b937983fffff
4253,880b93c807fffff
4254,880b93189dfffff
4255,880b937805fffff
4256,880b92a447fffff
4257,880b932955fffff
4258,880b9311b5fffff
4259,880b937111fffff
4260,880b93d409fffff
4261,880b930533fffff
4262,880b938a05fffff
4263,880b93548dfffff
4264,880b937835fffff
4265,880b93c02bfffff
4266,880b931145fffff
4267,882526924bfffff
4268,880b931151fffff
4269,880b9301d7fffff
4270,880b93c0b1fffff
4271,880b937015fffff
4272,880b92ac35fffff
4273,880b930d13fffff
4274,880b938d43fffff
4275,880b935263fffff
4276,880b9300c7fffff
4277,880b93784dfffff
4278,880b93765bfffff
4279,880b930c59fffff
4280,880b93896dfffff
4281,880b9346ebfffff
4282,880b9319d5fffff
4283,880b931933fffff
4284,880b93c337fffff
4285,880b93d19dfffff
4286,880b93d74dfffff
4287,880b93891dfffff
4288,880b93d537fffff
4289,880b9370ebfffff
4290,880b92a0e5fffff
4291,880b937267fffff
4292,880b936351fffff
4293,880b931a11fffff
4294,880b9308b1fffff
4295,880b93c8dbfffff
4296,880b9355e7fffff
4297,880b93cc19fffff
4298,880b936709fffff
4299,880b93d481fffff
4300,880b93c9bdfffff
4301,880b935093fffff
4302,880b93cc21fffff
4303,880b93c04bfffff
4304,880b934527fffff
4305,880b931231fffff
4306,880b937585fffff
4307,880b93c263fffff
4308,880b934e11fffff
4309,880b9301abfffff
4310,880b93ceebfffff
4311,880b932b11fffff
4312,880b93cabbfffff
4313,880b9381bdfffff
4314,880b935455fffff
4315,880b93ca0dfffff
4316,880b937b4bfffff
4317,880b935711fffff
4318,880b93d961fffff
4319,880b930819fffff
4320,880b9354a1fffff
4321,880b9301b1fffff
4322,880b93401dfffff
4323,880b9300a9fffff
4324,880b9319b7fffff
4325,880b930a83fffff
4326,880b930a5bfffff
4327,880b930307fffff
4328,880b937093fffff
4329,880b934e29fffff
4330,880b93572bfffff
4331,880b93caabfffff
4332,880b930089fffff
4333,880b930105fffff
4334,880b930515fffff
4335,880b93d837fffff
4336,880b9309c5fffff
4337,880b93996bfffff
4338,880b93761bfffff
4339,880b937485fffff
4340,880b93cdb1fffff
4341,880b9309a7fffff
4342,880b93549bfffff
4343,880b934e99fffff
4344,880b938a41fffff
4345,880b93c4b9fffff
4346,880b93111bfffff
4347,880b93c257fffff
4348,880b933b55fffff
4349,880b92a5ebfffff
4350,880b9341b3fffff
4351,880b93134dfffff
4352,880b93d449fffff
4353,880b93c1e7fffff
4354,880b93d719fffff
4355,880b937883fffff
4356,880b938a63fffff
4357,880b93ccd1fffff
4358,880b92a09bfffff
4359,880b934023fffff
4360,880b9378a3fffff
4361,880b935313fffff
4362,880b9342dbfffff
4363,880b937317fffff
4364,880b9399b7fffff
4365,880b931915fffff
4366,880b936b43fffff
4367,880b935245fffff
4368,880b93cde1fffff
4369,880b93da8dfffff
4370,880b935407fffff
4371,880b9375a1fffff
4372,880b9312a9fffff
4373,880b92ae91fffff
4374,880b93c98dfffff
4375,880b931143fffff
4376,880b93d6e7fffff
4377,880b930a85fffff
4378,880b934709fffff
4379,880b935551fffff
4380,880b93394dfffff
4381,880b93dad5fffff
4382,880b93d2dbfffff
4383,880b9339a5fffff
4384,880b934f5dfffff
4385,880b938a25fffff
4386,880b938195fffff
4387,880b93c747fffff
4388,880b93734bfffff
4389,880b937967fffff
4390,880b92a427fffff
4391,880b93d583fffff
4392,880b934ee5fffff
4393,880b9301d3fffff
4394,880b93c161fffff
4395,880b92ac39fffff
4396,880b93799dfffff
4397,880b9309c1fffff
4398,880b93d083fffff
4399,880b93d425fffff
4400,880b93d5d5fffff
4401,880b93748dfffff
4402,880b93c10dfffff
4403,880b93c655fffff
4404,880b931ad7fffff
4405,880b93da0bfffff
4406,880b93da29fffff
4407,882526935dfffff
4408,880b935559fffff
4409,880b93725bfffff
4410,880b93562bfffff
4411,880b934413fffff
4412,880b934699fffff
4413,880b93c043fffff
4414,880b9350d7fffff
4415,880b9344b1fffff
4416,880b93c197fffff
4417,880b934f39fffff
4418,880b93729dfffff
4419,880b9360d5fffff
4420,880b93d54bfffff
4421,880b9355b3fffff
4422,880b930ad3fffff
4423,880b93113dfffff
4424,880b92ac81fffff
4425,880b930f07fffff
4426,880b93cc63fffff
4427,880b9318cdfffff
4428,880b93500dfffff
4429,880b936707fffff
4430,880b93d567fffff
4431,880b9356bbfffff
4432,880b937357fffff
4433,880b934c1bfffff
4434,880b93d9e3fffff
4435,880b937b25fffff
4436,880b93c155fffff
4437,880b9370e3fffff
4438,880b936b49fffff
4439,880b933b43fffff
4440,880b936203fffff
4441,880b931237fffff
4442,880b92aca1fffff
4443,880b93729bfffff
4444,880b930a81fffff
4445,880b936091fffff
4446,880b935509fffff
4447,880b937627fffff
4448,880b934e87fffff
4449,880b93566dfffff
4450,880b9351ddfffff
4451,880b938b1bfffff
4452,880b930a19fffff
4453,880b938987fffff
4454,880b92aecdfffff
4455,880b92ae57fffff
4456,880b937245fffff
4457,880b934eebfffff
4458,880b935735fffff
4459,880b93440bfffff
4460,880b938817fffff
4461,880b937625fffff
4462,880b93cc35fffff
4463,880b930529fffff
4464,880b937281fffff
4465,880b932869fffff
4466,880b93ca15fffff
4467,880b932b63fffff
4468,880b931a6dfffff
4469,880b93da13fffff
4470,880b9318bbfffff
4471,880b906db9fffff
4472,880b93d8b5fffff
4473,880b93429dfffff
4474,880b930d25fffff
4475,880b93c0abfffff
4476,880b93ce97fffff
4477,880b931a07fffff
4478,880b937187fffff
4479,880b93d197fffff
4480,880b93db11fffff
4481,880b92a4a3fffff
4482,880b93d741fffff
4483,880b9389b7fffff
4484,880b92af1dfffff
4485,880b934e5dfffff
4486,880b93c9b3fffff
4487,880b93c857fffff
4488,880b93734dfffff
4489,880b93094bfffff
4490,880b93c285fffff
4491,880b938e67fffff
4492,880b931ac9fffff
4493,880b938199fffff
4494,880b92af11fffff
4495,880b9346c5fffff
4496,880b938e47fffff
4497,880b93d547fffff
4498,880b93dad3fffff
4499,880b938d29fffff
4500,880b934027fffff
4501,880b93cc61fffff
4502,880b93cc41fffff
4503,880b935051fffff
4504,880b935645fffff
4505,880b93d495fffff
4506,880b934c85fffff
4507,880b937769fffff
4508,880b930745fffff
4509,880b93d1c5fffff
4510,880b92a525fffff
4511,880b938881fffff
4512,880b934e4dfffff
4513,880b93ce65fffff
4514,880b93c4c3fffff
4515,880b934ed5fffff
4516,880b93d483fffff
4517,880b92ac9dfffff
4518,880b938a19fffff
4519,880b936205fffff
4520,880b934c65fffff
4521,880b931b6bfffff
4522,880b9355a7fffff
4523,880b931807fffff
4524,880b931a89fffff
4525,880b93d843fffff
4526,880b933867fffff
4527,880b93762dfffff
4528,880b93774bfffff
4529,880b93cd5dfffff
4530,880b906dc1fffff
4531,880b93c16bfffff
4532,880b930e59fffff
4533,880b931967fffff
4534,880b937b61fffff
4535,880b93c243fffff
4536,880b935411fffff
4537,880b93d0b9fffff
4538,880b9389abfffff
4539,880b92a0abfffff
4540,880b93c2a1fffff
4541,880b92a555fffff
4542,880b93d803fffff
4543,880b9346ddfffff
4544,880b938a0bfffff
4545,880b93ce69fffff
4546,880b937153fffff
4547,880b93892dfffff
4548,880b93405dfffff
4549,880b934c6dfffff
4550,880b937869fffff
4551,880b933b0bfffff
4552,880b934643fffff
4553,880b937623fffff
4554,880b938e41fffff
4555,880b93462bfffff
4556,880b93400bfffff
4557,880b9378a9fffff
4558,880b930a17fffff
4559,880b934cb9fffff
4560,880b930d61fffff
4561,880b93c5a7fffff
4562,880b930761fffff
4563,880b935669fffff
4564,880b931053fffff
4565,880b93c72bfffff
4566,880b937597fffff
4567,880b93c321fffff
4568,880b930e1bfffff
4569,880b93d45bfffff
4570,880b92accdfffff
4571,880b934683fffff
4572,880b93c2d1fffff
4573,880b9379adfffff
4574,880b937a37fffff
4575,880b9329ddfffff
4576,880b906d57fffff
4577,880b93ca63fffff
4578,880b93c309fffff
4579,880b937053fffff
4580,880b930c8dfffff
4581,880b931113fffff
4582,880b906c11fffff
4583,880b931ad5fffff
4584,880b93d811fffff
4585,880b931955fffff
4586,880b937829fffff
4587,880b930adbfffff
4588,880b937b49fffff
4589,880b930b51fffff
4590,880b906c81fffff
4591,880b932863fffff
4592,880b93d093fffff
4593,880b93d519fffff
4594,880b936349fffff
4595,880b938a9dfffff
4596,880b93ca9bfffff
4597,880b9381adfffff
4598,880b93ca95fffff
4599,880b937ac1fffff
4600,880b935065fffff
4601,880b933929fffff
4602,880b93c4e7fffff
4603,880b93c5adfffff
4604,880b934e33fffff
4605,880b92a71dfffff
4606,880b93032dfffff
4607,880b92aed5fffff
4608,880b937469fffff
4609,880b93450dfffff
4610,880b9376cdfffff
4611,880b935691fffff
4612,880b93c4c7fffff
4613,880b934763fffff
4614,880b906d07fffff
4615,880b93733dfffff
4616,880b930863fffff
4617,880b93ce39fffff
4618,880b930d9dfffff
4619,880b92ac43fffff
4620,880b934653fffff
4621,880b939965fffff
4622,880b935017fffff
4623,880b93d95dfffff
4624,880b93ca99fffff
4625,880b932843fffff
4626,880b93c23dfffff
4627,880b9311ebfffff
4628,880b9372e7fffff
4629,880b934509fffff
4630,880b93cc5bfffff
4631,880b93c417fffff
4632,880b937493fffff
4633,880b92a5e5fffff
4634,880b931a3dfffff
4635,880b93c9edfffff
4636,880b9352e1fffff
4637,880b93c587fffff
4638,880b931b0dfffff
4639,880b938127fffff
4640,880b936569fffff
4641,880b93d90bfffff
4642,880b93d6ddfffff
4643,880b93763dfffff
4644,880b92af37fffff
4645,880b92aec9fffff
4646,880b937987fffff
4647,880b9381a9fffff
4648,880b93cc2dfffff
4649,880b935743fffff
4650,880b935639fffff
4651,880b93cc0dfffff
4652,880b931837fffff
4653,880b933b5dfffff
4654,880b932b3bfffff
4655,880b93c635fffff
4656,880b937465fffff
4657,880b937369fffff
4658,880b935111fffff
4659,880b933b4bfffff
4660,880b93d9b9fffff
4661,880b9301c7fffff
4662,880b930c4dfffff
4663,880b931991fffff
4664,880b930987fffff
4665,880b930521fffff
4666,880b930191fffff
4667,880b9311b9fffff
4668,880b9301ddfffff
4669,880b930d85fffff
4670,880b93c025fffff
4671,880b9371bbfffff
4672,880b934037fffff
4673,880b93d4b3fffff
4674,880b934e67fffff
4675,880b9388abfffff
4676,880b937041fffff
4677,880b937685fffff
4678,880b934e4bfffff
4679,880b93ca65fffff
4680,880b92ac5dfffff
4681,880b938861fffff
4682,880b934469fffff
4683,880b932951fffff
4684,880b938829fffff
4685,880b9372d1fffff
4686,880b931149fffff
4687,880b93ce03fffff
4688,880b92ad9dfffff
4689,880b93cd27fffff
4690,880b93c89dfffff
4691,880b938f47fffff
4692,880b937865fffff
4693,880b93c725fffff
4694,880b93c5a5fffff
4695,880b936721fffff
4696,880b934431fffff
4697,880b9342d5fffff
4698,880b93ce33fffff
4699,880b93d807fffff
4700,880b9350cdfffff
4701,880b93c195fffff
4702,880b931957fffff
4703,880b931b3bfffff
4704,880b9356c3fffff
4705,880b93c12bfffff
4706,880b93c651fffff
4707,880b93cd9dfffff
4708,880b906d65fffff
4709,880b93c685fffff
4710,880b931853fffff
4711,880b93d8a9fffff
4712,880b9301b9fffff
4713,880b932953fffff
4714,880b9389bbfffff
4715,880b93c6c3fffff
4716,880b93730bfffff
4717,880b931253fffff
4718,880b930b6bfffff
4719,880b930361fffff
4720,880b935441fffff
4721,880b93c509fffff
4722,880b931923fffff
4723,880b935767fffff
4724,880b93d549fffff
4725,880b93c11dfffff
4726,880b938d53fffff
4727,880b93740dfffff
4728,880b906cc7fffff
4729,880b93ce25fffff
4730,880b93885bfffff
4731,880b93dac3fffff
4732,880b93733bfffff
4733,880b930ea1fffff
4734,880b93472dfffff
4735,880b92a731fffff
4736,880b934711fffff
4737,880b939991fffff
4738,880b938803fffff
4739,880b930f5dfffff
4740,880b906c8bfffff
4741,880b93d13dfffff
4742,880b938ad1fffff
4743,880b906ce1fffff
4744,880b9309b7fffff
4745,880b930c43fffff
4746,880b934e59fffff
4747,880b9360d7fffff
4748,880b937a69fffff
4749,880b93d407fffff
4750,880b93471bfffff
4751,880b930c21fffff
4752,880b93cc15fffff
4753,880b93701dfffff
4754,880b937349fffff
4755,880b93c9b7fffff
4756,880b932b2dfffff
4757,880b9374c7fffff
4758,880b92ae99fffff
4759,880b9354a7fffff
4760,880b934c59fffff
4761,880b93819bfffff
4762,880b934299fffff
4763,880b937151fffff
4764,880b93c803fffff
4765,880b93c283fffff
4766,880b930a41fffff
4767,880b93c08dfffff
4768,880b9318b5fffff
4769,880b939915fffff
4770,880b937985fffff
4771,880b937741fffff
4772,880b935045fffff
4773,880b92a721fffff
4774,880b937965fffff
4775,880b936711fffff
4776,880b9346b7fffff
4777,880b936259fffff
4778,880b930851fffff
4779,880b930045fffff
4780,880b930061fffff
4781,880b938983fffff
4782,880b93c1a3fffff
4783,880b9374d5fffff
4784,880b93ca41fffff
4785,880b93da9bfffff
4786,880b937ad9fffff
4787,880b934c47fffff
4788,880b934c9bfffff
4789,880b930083fffff
4790,880b9371dbfffff
4791,880b938d31fffff
4792,880b930f15fffff
4793,880b906cb3fffff
4794,880b93db51fffff
4795,880b931b23fffff
4796,880b937613fffff
4797,880b935723fffff
4798,880b934281fffff
4799,880b906dd5fffff
4800,880b931333fffff
4801,880b93705dfffff
4802,880b930197fffff
4803,880b93d1b3fffff
4804,880b93d65dfffff
4805,880b9311b1fffff
4806,880b93c1b7fffff
4807,880b930d35fffff
4808,880b9374a9fffff
4809,880b9381bbfffff
4810,880b93d6d7fffff
4811,880b936207fffff
4812,880b92aeabfffff
4813,880b93463dfffff
4814,880b92a535fffff
4815,880b9339e3fffff
4816,880b931987fffff
4817,880b937181fffff
4818,880b93caa7fffff
4819,880b9300c3fffff
4820,880b92af53fffff
4821,880b93d0e1fffff
4822,880b93c107fffff
4823,880b93c463fffff
4824,880b9308ddfffff
4825,880b93770dfffff
4826,880b93818bfffff
4827,880b93d181fffff
4828,880b930e41fffff
4829,880b93c4ddfffff
4830,880b935739fffff
4831,880b93c667fffff
4832,880b933965fffff
4833,880b93528bfffff
4834,880b93d605fffff
4835,880b937749fffff
4836,880b935469fffff
4837,880b933825fffff
4838,880b93469dfffff
4839,880b939983fffff
4840,880b93d949fffff
4841,880b92a767fffff
4842,880b93120bfffff
4843,880b92a58bfffff
4844,880b93ce55fffff
4845,880b935697fffff
4846,880b93295dfffff
4847,880b92a553fffff
4848,880b93c0bdfffff
4849,880b93c353fffff
4850,880b9352abfffff
4851,880b937091fffff
4852,880b92ac11fffff
4853,880b92ace3fffff
4854,880b93cd49fffff
4855,880b9355d5fffff
4856,880b930b21fffff
4857,880b9351d7fffff
4858,880b93c5b1fffff
4859,880b93c137fffff
4860,880b93d619fffff
4861,880b93da11fffff
4862,880b931163fffff
4863,880b936269fffff
4864,880b92ad9bfffff
4865,880b931a59fffff
4866,880b93792dfffff
4867,880b93030dfffff
4868,880b930917fffff
4869,880b931a0dfffff
4870,880b93c057fffff
4871,880b932b4dfffff
4872,880b93670bfffff
4873,880b935647fffff
4874,880b92a51bfffff
4875,880b938915fffff
4876,880b93896bfffff
4877,880b937037fffff
4878,880b9346abfffff
4879,880b93da03fffff
4880,880b930d4bfffff
4881,880b930169fffff
4882,880b9378ebfffff
4883,880b93096dfffff
4884,880b93d639fffff
4885,880b93d9dbfffff
4886,880b930801fffff
4887,880b930d67fffff
4888,880b93c331fffff
4889,880b93072dfffff
4890,880b93445dfffff
4891,880b92ac17fffff
4892,880b930861fffff
4893,880b931153fffff
4894,880b937235fffff
4895,880b938b45fffff
4896,880b93881dfffff
4897,880b92ac51fffff
4898,880b93d8ebfffff
4899,880b9354e1fffff
4900,880b93084dfffff
4901,880b93cdc9fffff
4902,880b93cdd3fffff
4903,880b937839fffff
4904,880b93db65fffff
4905,880b93722dfffff
4906,880b93c235fffff
4907,880b9346a1fffff
4908,880b931a15fffff
4909,880b937991fffff
4910,880b93083bfffff
4911,880b93d65bfffff
4912,880b93034bfffff
4913,880b92a023fffff
4914,880b93054dfffff
4915,880b93d9cdfffff
4916,880b93d56bfffff
4917,880b93c8adfffff
4918,880b931105fffff
4919,880b9300b5fffff
4920,880b930e39fffff
4921,880b934c37fffff
4922,880b933b33fffff
4923,880b93cd09fffff
4924,880b9374ddfffff
4925,880b9309ddfffff
4926,880b93db37fffff
4927,880b937589fffff
4928,880b93c595fffff
4929,880b930b01fffff
4930,880b93ceb7fffff
4931,880b93c569fffff
4932,880b9344c7fffff
4933,880b93568dfffff
4934,880b93c013fffff
4935,880b9342b3fffff
4936,880b93660bfffff
4937,880b9308c5fffff
4938,880b93cf37fffff
4939,880b93286bfffff
4940,880b92ac97fffff
4941,880b93ccb3fffff
4942,880b92add9fffff
4943,880b931259fffff
4944,880b935309fffff
4945,880b930f53fffff
4946,880b937149fffff
4947,880b92a441fffff
4948,880b93c4e1fffff
4949,880b93d733fffff
4950,880b923669fffff
4951,880b938ab3fffff
4952,880b93da4bfffff
4953,880b938945fffff
4954,880b934481fffff
4955,880b933b05fffff
4956,880b92acdbfffff
4957,880b9360dbfffff
4958,880b935067fffff
4959,880b937049fffff
4960,880b93d69dfffff
4961,880b93033bfffff
4962,880b931135fffff
4963,880b931aa1fffff
4964,880b932861fffff
4965,880b934cc1fffff
4966,880b93c6e3fffff
4967,880b930143fffff
4968,880b93672dfffff
4969,880b93795dfffff
4970,880b934e8dfffff
4971,880b93d859fffff
4972,880b9319e9fffff
4973,880b9319d9fffff
4974,880b92aeb9fffff
4975,880b935233fffff
4976,880b934719fffff
4977,880b938981fffff
4978,880b9370adfffff
4979,880b93c6dbfffff
4980,880b934e2dfffff
4981,880b93c427fffff
4982,880b935347fffff
4983,880b93c6d5fffff
4984,880b906d1dfffff
4985,880b9344cbfffff
4986,880b93c1c5fffff
4987,880b938ae1fffff
4988,880b93c03bfffff
4989,880b935039fffff
4990,880b934e15fffff
4991,880b9308a9fffff
4992,880b937255fffff
4993,880b9350ddfffff
4994,880b937069fffff
4995,880b93d167fffff
4996,880b934435fffff
4997,880b93c033fffff
4998,880b937047fffff
4999,880b931a9bfffff
5000,880b93c69dfffff
5001,880b938f35fffff
5002,880b93d4d7fffff
5003,880b936b4dfffff
5004,880b937167fffff
5005,880b93294dfffff
5006,880b930017fffff
5007,880b93c42bfffff
5008,880b93d965fffff
5009,880b9300b3fffff
5010,880b93cf49fffff
5011,880b9372a9fffff
5012,880b93c021fffff
5013,880b93116dfffff
5014,880b934e23fffff
5015,880b937529fffff
5016,880b93d431fffff
5017,880b93776bfffff
5018,880b936647fffff
5019,880b9372d5fffff
5020,880b930311fffff
5021,880b935643fffff
5022,880b93d63dfffff
5023,880b93785bfffff
5024,880b930ad5fffff
5025,880b93cc97fffff
5026,880b9318edfffff
5027,880b935333fffff
5028,880b93654dfffff
5029,880b937193fffff
5030,880b9374c1fffff
5031,880b931049fffff
5032,880b938d41fffff
5033,880b930c33fffff
5034,880b938a0dfffff
5035,880b934539fffff
5036,880b934eb7fffff
5037,880b9350d9fffff
5038,880b93cccdfffff
5039,880b932835fffff
5040,880b938b49fffff
5041,880b935541fffff
5042,880b930c89fffff
5043,880b936601fffff
5044,880b9300a3fffff
5045,880b931b43fffff
5046,880b937a67fffff
5047,880b9370c9fffff
5048,880b93d6bbfffff
5049,880b9309c9fffff
5050,880b938e0dfffff
5051,880b93db53fffff
5052,880b9389d5fffff
5053,880b938925fffff
5054,880b9309abfffff
5055,880b931185fffff
5056,880b9341c1fffff
5057,880b937511fffff
5058,880b938dc5fffff
5059,880b932909fffff
5060,880b9376ddfffff
5061,880b9379ebfffff
5062,880b934c4bfffff
5063,880b932b41fffff
5064,880b9370cbfffff
5065,880b93d2b7fffff
5066,880b92a55dfffff
5067,880b9371d5fffff
5068,880b937801fffff
5069,880b937b47fffff
5070,880b938d47fffff
5071,880b930ed9fffff
5072,880b93736bfffff
5073,880b93d897fffff
5074,880b9389a9fffff
5075,880b9311bdfffff
5076,880b93d415fffff
5077,880b935689fffff
5078,880b93635dfffff
5079,880b93089dfffff
5080,880b93c423fffff
5081,880b93cc67fffff
5082,880b9318d9fffff
5083,880b937b3bfffff
5084,880b938995fffff
5085,880b937949fffff
5086,880b9318abfffff
5087,880b93cf43fffff
5088,880b93009bfffff
5089,880b9342e3fffff
5090,880b934295fffff
5091,880b9379b5fffff
5092,880b938e2dfffff
5093,880b934c4dfffff
5094,880b9309dbfffff
5095,880b932933fffff
5096,880b930f35fffff
5097,880b9356edfffff
5098,880b931317fffff
5099,880b9355b7fffff
5100,880b9342c7fffff
5101,880b933b25fffff
5102,880b930b11fffff
5103,880b9370ddfffff
5104,880b93c48bfffff
5105,880b932925fffff
5106,880b93634dfffff
5107,880b93cce7fffff
5108,880b934e01fffff
5109,880b93d037fffff
5110,880b930543fffff
5111,880b938919fffff
5112,880b93d4d9fffff
5113,880b936735fffff
5114,880b93c511fffff
5115,880b931201fffff
5116,880b932805fffff
5117,880b93d467fffff
5118,880b9312dbfffff
5119,880b936701fffff
5120,880b931acdfffff
5121,880b935195fffff
5122,880b930e69fffff
5123,880b937523fffff
5124,880b930c9dfffff
5125,880b9370edfffff
5126,880b92ae51fffff
5127,880b93c8c1fffff
5128,880b9388b5fffff
5129,880b9381a3fffff
5130,880b92aeedfffff
5131,880b93c843fffff
5132,880b9309cdfffff
5133,880b935235fffff
5134,880b937a6dfffff
5135,880b93d685fffff
5136,880b937b1dfffff
5137,880b938a09fffff
5138,880b93999bfffff
5139,880b93421bfffff
5140,880b930b07fffff
5141,880b930769fffff
5142,880b93570dfffff
5143,880b93c05dfffff
5144,880b931ac7fffff
5145,880b9344c5fffff
5146,880b9302bbfffff
5147,880b9352c5fffff
5148,880b938b67fffff
5149,880b934409fffff
5150,880b930c93fffff
5151,880b93d0c3fffff
5152,880b937543fffff
5153,880b9374a1fffff
5154,880b92ae25fffff
5155,880b9356b9fffff
5156,880b935613fffff
5157,880b932957fffff
5158,880b906dedfffff
5159,880b930b4dfffff
5160,880b93d1bdfffff
5161,880b931821fffff
5162,880b934f59fffff
5163,880b93775dfffff
5164,880b93535bfffff
5165,880b937201fffff
5166,880b930ed5fffff
5167,880b930da3fffff
5168,880b92a569fffff
5169,880b931b0bfffff
5170,880b937b03fffff
5171,880b930f51fffff
5172,880b93c83dfffff
5173,880b9371ddfffff
5174,880b930f2bfffff
5175,880b9388b3fffff
5176,880b93c729fffff
5177,880b937423fffff
5178,880b93c0dbfffff
5179,880b937617fffff
5180,880b931969fffff
5181,880b93784bfffff
5182,880b92a5c3fffff
5183,880b9371b3fffff
5184,880b93c29dfffff
5185,880b930953fffff
5186,880b9388edfffff
5187,880b936605fffff
5188,880b93730dfffff
5189,880b93c067fffff
5190,880b93cc99fffff
5191,880b931295fffff
5192,880b93cd63fffff
5193,880b93673dfffff
5194,880b93c8c3fffff
5195,880b930049fffff
5196,880b934f51fffff
5197,880b93c13bfffff
5198,880b930e87fffff
5199,880b934f17fffff
5200,880b9389b9fffff
5201,880b93c0edfffff
5202,880b932821fffff
5203,880b93d825fffff
5204,880b93990dfffff
5205,880b931127fffff
5206,880b938e6dfffff
5207,880b935591fffff
5208,880b93caa1fffff
5209,880b936755fffff
5210,880b93660dfffff
5211,880b93451bfffff
5212,880b934745fffff
5213,880b93d49bfffff
5214,880b93554bfffff
5215,880b930aa3fffff
5216,880b936299fffff
5217,880b93cc59fffff
5218,880b930941fffff
5219,880b937aa5fffff
5220,880b9308a7fffff
5221,880b93c435fffff
5222,880b930b1bfffff
5223,880b93ca35fffff
5224,880b937ad1fffff
5225,880b932967fffff
5226,880b93133bfffff
5227,880b937955fffff
5228,880b93d105fffff
5229,880b937009fffff
5230,880b934725fffff
5231,880b93566bfffff
5232,880b930a05fffff
5233,880b93c11bfffff
5234,880b934cbbfffff
5235,880b93c181fffff
5236,880b906cadfffff
5237,880b9362dbfffff
5238,880b93992dfffff
5239,880b93cd47fffff
5240,880b930cc9fffff
5241,880b930db5fffff
5242,880b938d25fffff
5243,880b930dbbfffff
5244,880b937265fffff
5245,880b936665fffff
5246,880b93d4ebfffff
5247,880b936249fffff
5248,880b93c833fffff
5249,880b93504dfffff
5250,880b9309b5fffff
5251,880b932b3dfffff
5252,880b93cda3fffff
5253,880b930117fffff
5254,880b9345b3fffff
5255,880b935641fffff
5256,880b93c55dfffff
5257,880b9339abfffff
5258,880b930969fffff
5259,880b9375a3fffff
5260,880b9379e7fffff
5261,880b934545fffff
5262,880b937341fffff
5263,880b9372e5fffff
5264,880b939967fffff
5265,880b930547fffff
5266,880b938b37fffff
5267,880b9388bbfffff
5268,880b9376c5fffff
5269,880b9344d3fffff
5270,880b930815fffff
5271,880b93ca5dfffff
5272,880b92adc9fffff
5273,880b93cad7fffff
5274,880b938d4dfffff
5275,880b93d557fffff
5276,880b93dacbfffff
5277,880b9300b7fffff
5278,880b939939fffff
5279,880b92a08bfffff
5280,880b93d817fffff
5281,880b937065fffff
5282,880b93d955fffff
5283,880b92adcdfffff
5284,880b93c425fffff
5285,880b9344d5fffff
5286,880b934093fffff
5287,880b931a3bfffff
5288,880b92aee5fffff
5289,880b93cc1dfffff
5290,880b934593fffff
5291,880b930f21fffff
5292,880b906d83fffff
5293,880b93c823fffff
5294,880b93ce4bfffff
5295,882526925dfffff
5296,880b93c5d9fffff
5297,880b930125fffff
5298,880b938b2bfffff
5299,880b93d713fffff
5300,880b937287fffff
5301,880b93d1d7fffff
5302,880b93556dfffff
5303,880b93d8b1fffff
5304,880b932b25fffff
5305,880b930823fffff
5306,880b93191dfffff
5307,880b92a1b1fffff
5308,880b935481fffff
5309,880b93565dfffff
5310,880b93ce31fffff
5311,880b93d703fffff
5312,880b93c4d9fffff
5313,880b93180bfffff
5314,880b93c537fffff
5315,880b935023fffff
5316,880b93c85bfffff
5317,880b937059fffff
5318,880b93c169fffff
5319,880b93d0ebfffff
5320,880b93d443fffff
5321,880b934cc5fffff
5322,880b93c68bfffff
5323,880b92aeadfffff
5324,880b9309cbfffff
5325,880b93cec5fffff
5326,880b931227fffff
5327,880b93cd07fffff
5328,880b906da3fffff
5329,880b931203fffff
5330,880b930003fffff
5331,880b930531fffff
5332,880b9319a9fffff
5333,880b937a4bfffff
5334,880b93c24dfffff
5335,880b93d88bfffff
5336,880b932839fffff
5337,880b93d995fffff
5338,880b930d2bfffff
5339,880b9339c5fffff
5340,880b92ae81fffff
5341,880b9371e5fffff
5342,880b9379cbfffff
5343,880b930c0bfffff
5344,880b931a8dfffff
5345,880b932b5dfffff
5346,880b937723fffff
5347,880b92a589fffff
5348,880b906c33fffff
5349,880b93d5c5fffff
5350,880b936b47fffff
5351,880b92a0ddfffff
5352,880b92ac01fffff
5353,880b906d69fffff
5354,880b93535dfffff
5355,880b93c6b7fffff
5356,880b931067fffff
5357,880b930de9fffff
5358,880b937b09fffff
5359,880b935715fffff
5360,880b93030bfffff
5361,880b93003bfffff
5362,880b93571bfffff
5363,880b93c625fffff
5364,880b937687fffff
5365,880b93ce95fffff
5366,880b906f37fffff
5367,880b93ca09fffff
5368,880b93051dfffff
5369,880b9350a5fffff
5370,880b93d869fffff
5371,880b930b65fffff
5372,880b930525fffff
5373,880b932b07fffff
5374,880b935231fffff
5375,880b934ebbfffff
5376,880b934515fffff
5377,880b936095fffff
5378,880b9376e9fffff
5379,880b9311e3fffff
5380,880b93c52bfffff
5381,880b93ca01fffff
5382,880b9344edfffff
5383,880b934c69fffff
5384,880b930dd9fffff
5385,880b9311c1fffff
5386,880b93ce05fffff
5387,880b906da5fffff
5388,880b93c099fffff
5389,880b938a13fffff
5390,880b930919fffff
5391,880b934ce9fffff
5392,880b930329fffff
5393,880b93c985fffff
5394,880b93d54dfffff
5395,880b93552bfffff
5396,880b9389a7fffff
5397,880b9379d9fffff
5398,880b93c69bfffff
5399,880b93c715fffff
5400,880b93da4dfffff
5401,880b931a33fffff
5402,880b935609fffff
5403,880b93292bfffff
5404,880b92a55bfffff
5405,880b936763fffff
5406,880b93c131fffff
5407,880b93018bfffff
5408,880b934423fffff
5409,880b934489fffff
5410,880b9309e1fffff
5411,880b935599fffff
5412,880b934439fffff
5413,880b92a19dfffff
5414,880b9350b1fffff
5415,880b937227fffff
5416,880b937525fffff
5417,880b92a4b5fffff
5418,880b93559bfffff
5419,880b93c6e1fffff
5420,880b93443bfffff
5421,880b93c855fffff
5422,880b9381b5fffff
5423,880b92a0d5fffff
5424,880b934dd9fffff
5425,880b937849fffff
5426,880b930961fffff
5427,880b9301e7fffff
5428,880b931045fffff
5429,880b9226d3fffff
5430,880b937545fffff
5431,880b93d033fffff
5432,880b930f17fffff
5433,880b93621bfffff
5434,880b935405fffff
5435,880b9356a5fffff
5436,880b932939fffff
5437,880b93cf45fffff
5438,880b930a33fffff
5439,880b936715fffff
5440,880b93d297fffff
5441,880b936713fffff
5442,880b930743fffff
5443,880b93daa5fffff
5444,880b9355a3fffff
5445,880b934ea7fffff
5446,880b93ccd3fffff
5447,880b938e29fffff
5448,880b93ca2bfffff
5449,880b93705bfffff
5450,880b9374b5fffff
5451,880b9300c9fffff
5452,880b93c8b1fffff
5453,880b930acdfffff
5454,880b9372e9fffff
5455,880b93476dfffff
5456,880b93c237fffff
5457,880b9376b7fffff
5458,880b93d6adfffff
5459,880b934559fffff
5460,880b93db2bfffff
5461,880b93661dfffff
5462,880b9355d3fffff
5463,880b93473dfffff
5464,880b93753dfffff
5465,880b933911fffff
5466,880b93d617fffff
5467,880b9355b5fffff
5468,880b93d1ebfffff
5469,880b93d5a7fffff
5470,880b937689fffff
5471,880b930903fffff
5472,880b93c2cbfffff
5473,880b938955fffff
5474,880b93c717fffff
5475,880b9339b5fffff
5476,880b930339fffff
5477,880b93c5b7fffff
5478,880b906c91fffff
5479,880b93d0e7fffff
5480,880b93644bfffff
5481,880b938ae3fffff
5482,880b9388b9fffff
5483,880b930f37fffff
5484,880b93cc49fffff
5485,880b93563bfffff
5486,880b9354bbfffff
5487,880b93c369fffff
5488,880b9372a7fffff
5489,880b934e89fffff
5490,880b934e13fffff
5491,880b92acc7fffff
5492,880b934701fffff
5493,880b93cd0dfffff
5494,880b9308e7fffff
5495,880b936225fffff
5496,880b93d523fffff
5497,880b92ad5bfffff
5498,880b938a4dfffff
5499,880b9354cbfffff
5500,880b92a53bfffff
5501,880b92a437fffff
5502,880b934e27fffff
5503,880b9318d3fffff
5504,880b93105bfffff
5505,880b937b31fffff
5506,880b93d709fffff
5507,880b930e65fffff
5508,880b93d9e7fffff
5509,880b937661fffff
5510,880b930f45fffff
5511,880b93d94bfffff
5512,880b935113fffff
5513,880b933b07fffff
5514,880b930b3dfffff
5515,880b935725fffff
5516,880b9346b9fffff
5517,880b93c1b5fffff
5518,880b930e1dfffff
5519,880b906d11fffff
5520,880b9372abfffff
5521,880b93db6bfffff
5522,880b931b41fffff
5523,880b93c9e7fffff
5524,880b93c9d5fffff
5525,880b937097fffff
5526,880b93c6edfffff
5527,880b930837fffff
5528,880b931b61fffff
5529,880b9399a3fffff
5530,880b93ca45fffff
5531,880b938889fffff
5532,880b937541fffff
5533,880b937959fffff
5534,880b93c76dfffff
5535,880b93d73dfffff
5536,880b930ee5fffff
5537,880b930f39fffff
5538,880b93d99dfffff
5539,880b930d65fffff
5540,880b934c6bfffff
5541,880b9376d1fffff
5542,880b930c23fffff
5543,880b937257fffff
5544,880b937123fffff
5545,880b92ae17fffff
5546,880b93626bfffff
5547,880b93080dfffff
5548,880b93d609fffff
5549,880b9381a1fffff
5550,880b93d137fffff
5551,880b93391bfffff
5552,880b934657fffff
5553,880b93c495fffff
5554,880b934f07fffff
5555,880b9379abfffff
5556,880b937b3dfffff
5557,880b9350c1fffff
5558,880b906d61fffff
5559,880b931b27fffff
5560,880b93c5a9fffff
5561,880b930305fffff
5562,880b937259fffff
5563,880b93c80dfffff
5564,880b933935fffff
5565,880b93d1d1fffff
5566,880b937185fffff
5567,880b9389a1fffff
5568,880b93d1b5fffff
5569,880b93ca1bfffff
5570,880b937243fffff
5571,880b937907fffff
5572,880b9340e7fffff
5573,880b93766bfffff
5574,880b93425bfffff
5575,880b93c149fffff
5576,880b93c31bfffff
5577,880b93ca89fffff
5578,880b93c233fffff
5579,880b93034dfffff
5580,880b934c8dfffff
5581,880b936239fffff
5582,880b93cdbbfffff
5583,880b930f57fffff
5584,880b93c5b9fffff
5585,880b93070bfffff
5586,880b930131fffff
5587,880b93ce99fffff
5588,880b937141fffff
5589,880b906d47fffff
5590,880b906d17fffff
5591,880b906d03fffff
5592,880b936363fffff
5593,880b93cd2dfffff
5594,880b9318c7fffff
5595,880b93c9ebfffff
5596,880b9305a3fffff
5597,880b935483fffff
5598,880b93c33bfffff
5599,880b9374abfffff
5600,880b937757fffff
5601,880b93890dfffff
5602,880b906d9bfffff
5603,880b933b4dfffff
5604,880b92ae21fffff
5605,880b93dae3fffff
5606,880b9312bdfffff
5607,880b93cd91fffff
5608,880b9366e5fffff
5609,880b931825fffff
5610,880b937b51fffff
5611,880b9376ebfffff
5612,880b934685fffff
5613,880b93ca8dfffff
5614,880b937a03fffff
5615,880b93050dfffff
5616,880b92a469fffff
5617,880b937657fffff
5618,880b930057fffff
5619,880b93cb0bfffff
5620,880b939929fffff
5621,880b906c25fffff
5622,880b931843fffff
5623,880b9342adfffff
5624,880b93caadfffff
5625,880b936245fffff
5626,880b935499fffff
5627,880b9300ebfffff
5628,880b937817fffff
5629,880b930e9dfffff
5630,880b906cd5fffff
5631,880b9355a5fffff
5632,880b93c1abfffff
5633,880b93c46dfffff
5634,880b930eabfffff
5635,880b93c113fffff
5636,880b937315fffff
5637,880b93d681fffff
5638,880b906cedfffff
5639,880b9376edfffff
5640,880b930d93fffff
5641,880b93771bfffff
5642,880b930b03fffff
5643,880b93d0abfffff
5644,880b930315fffff
5645,880b906cb7fffff
5646,880b9355c9fffff
5647,880b93c2e7fffff
5648,880b930c03fffff
5649,880b9366edfffff
5650,880b93d509fffff
5651,880b93676bfffff
5652,880b932829fffff
5653,880b93cde9fffff
5654,880b935501fffff
5655,880b9340abfffff
5656,880b93c757fffff
5657,880b92af5bfffff
5658,880b93131bfffff
5659,880b93d95bfffff
5660,880b930ca7fffff
5661,880b936367fffff
5662,880b930505fffff
5663,880b930c01fffff
5664,880b93d291fffff
5665,880b930e85fffff
5666,880b93182bfffff
5667,880b9355c1fffff
5668,880b930a25fffff
5669,880b937099fffff
5670,880b93cdd5fffff
5671,880b93d115fffff
5672,880b9355cdfffff
5673,880b92ae87fffff
5674,880b9388a5fffff
5675,880b93011dfffff
5676,880b930a69fffff
5677,880b93d985fffff
5678,880b938d01fffff
5679,880b93735bfffff
5680,880b937901fffff
5681,880b934085fffff
5682,880b93d6e1fffff
5683,880b934627fffff
5684,880b937941fffff
5685,880b93c467fffff
5686,880b937669fffff
5687,880b93019bfffff
5688,880b93453dfffff
5689,880b93ce09fffff
5690,880b93101bfffff
5691,880b931a4bfffff
5692,880b9378ddfffff
5693,880b937915fffff
5694,880b930343fffff
5695,880b93cc47fffff
5696,880b93c6a7fffff
5697,880b931921fffff
5698,880b930c6dfffff
5699,880b93454bfffff
5700,880b9352d5fffff
5701,880b9351c5fffff
5702,880b92a761fffff
5703,880b931a91fffff
5704,880b9311e5fffff
5705,880b93d1b7fffff
5706,880b934603fffff
5707,880b9378d9fffff
5708,880b93428bfffff
5709,880b937699fffff
5710,880b93d401fffff
5711,880b931243fffff
5712,880b93c935fffff
5713,880b9355abfffff
5714,880b936745fffff
5715,880b9381e5fffff
5716,880b93453bfffff
5717,880b931937fffff
5718,880b93cb13fffff
5719,880b93573bfffff
5720,880b938b57fffff
5721,880b92a515fffff
5722,880b93c06dfffff
5723,880b92a523fffff
5724,880b9311abfffff
5725,880b935659fffff
5726,880b93520dfffff
5727,880b938a99fffff
5728,880b934c95fffff
5729,880b930b61fffff
5730,880b92a545fffff
5731,880b93d53bfffff
5732,880b930dd3fffff
5733,880b938d1dfffff
5734,880b9305a1fffff
5735,880b935557fffff
5736,880b92a52dfffff
5737,880b930ccdfffff
5738,880b935299fffff
5739,880b93c2adfffff
5740,880b938addfffff
5741,880b934197fffff
5742,880b934251fffff
5743,880b934511fffff
5744,880b93d485fffff
5745,880b93d42bfffff
5746,880b930d95fffff
5747,880b930985fffff
5748,880b938b61fffff
5749,880b93c4bbfffff
5750,880b93d653fffff
5751,880b93460bfffff
5752,880b934215fffff
5753,880b92ac85fffff
5754,880b9312c9fffff
5755,880b938b1dfffff
5756,880b93cd93fffff
5757,880b93ce51fffff
5758,880b93d58dfffff
5759,880b93442bfffff
5760,880b93283dfffff
5761,880b931221fffff
5762,880b93c99bfffff
5763,880b933903fffff
5764,880b93cd1dfffff
5765,880b930831fffff
5766,880b93c117fffff
5767,880b932801fffff
5768,880b93c15bfffff
5769,880b938f61fffff
5770,880b930dd7fffff
5771,880b9342a5fffff
5772,880b93474bfffff
5773,880b93459bfffff
5774,8825269349fffff
5775,880b930ed1fffff
5776,880b93456bfffff
5777,880b92a083fffff
5778,880b9344a3fffff
5779,880b93c519fffff
5780,880b934c17fffff
5781,880b934565fffff
5782,880b931949fffff
5783,880b9388ddfffff
5784,880b93ca31fffff
5785,880b93774dfffff
5786,880b930523fffff
5787,880b93cdd1fffff
5788,880b93d929fffff
5789,880b93dab9fffff
5790,880b93d895fffff
5791,880b93775bfffff
5792,880b93ce9dfffff
5793,880b93ce63fffff
5794,880b937a09fffff
5795,880b93ced7fffff
5796,880b9345cbfffff
5797,880b92aec3fffff
5798,880b939937fffff
5799,880b93cae3fffff
5800,880b938d65fffff
5801,880b93629dfffff
5802,880b93c41dfffff
5803,880b9344a5fffff
5804,880b934737fffff
5805,880b9319c3fffff
5806,880b93cf5dfffff
5807,880b937931fffff
5808,880b936293fffff
5809,880b93d49dfffff
5810,880b9340b5fffff
5811,880b935091fffff
5812,880b906c3bfffff
5813,880b931363fffff
5814,880b938d57fffff
5815,880b9354ebfffff
5816,880b930e6bfffff
5817,880b9354d9fffff
5818,880b92a501fffff
5819,880b93569dfffff
5820,880b93d53dfffff
5821,880b938d45fffff
5822,880b93c36dfffff
5823,880b93888bfffff
5824,880b931989fffff
5825,880b93cf1bfffff
5826,880b9345d5fffff
5827,880b931223fffff
5828,880b931b4dfffff
5829,880b931a57fffff
5830,880b933b39fffff
5831,880b906d67fffff
5832,880b9371d7fffff
5833,880b9370c1fffff
5834,880b92a529fffff
5835,880b934443fffff
5836,880b933b17fffff
5837,880b9312abfffff
5838,880b93d4c9fffff
5839,880b938b27fffff
5840,880b92ae89fffff
5841,880b930c19fffff
5842,880b93560dfffff
5843,880b9309e7fffff
5844,880b93c357fffff
5845,880b93c98bfffff
5846,880b937b39fffff
5847,880b9389bdfffff
5848,880b939985fffff
5849,880b935653fffff
5850,880b937237fffff
5851,880b906c93fffff
5852,880b931025fffff
5853,880b930015fffff
5854,880b931997fffff
5855,880b93d6a9fffff
5856,880b93cd03fffff
5857,880b930b13fffff
5858,880b906d8bfffff
5859,880b93441dfffff
5860,880b934721fffff
5861,880b938b6bfffff
5862,880b93da23fffff
5863,880b93d8d7fffff
5864,880b932b03fffff
5865,880b937239fffff
5866,880b935353fffff
5867,880b93d593fffff
5868,880b92a0c5fffff
5869,880b937547fffff
5870,880b935087fffff
5871,880b930181fffff
5872,880b930ad1fffff
5873,880b92acd9fffff
5874,880b92a717fffff
5875,880b9350e5fffff
5876,880b938f53fffff
5877,880b930b47fffff
5878,880b93d88dfffff
5879,880b933b09fffff
5880,880b938aedfffff
5881,880b93cec1fffff
5882,880b93ce89fffff
5883,880b93c447fffff
5884,880b930721fffff
5885,880b93c9ddfffff
5886,880b934ddbfffff
5887,880b9346e1fffff
5888,880b93dad9fffff
5889,880b93cac7fffff
5890,880b93c317fffff
5891,880b938b05fffff
5892,880b92a5d3fffff
5893,880b937427fffff
5894,880b9346e5fffff
5895,880b931819fffff
5896,880b92ac89fffff
5897,880b931b29fffff
5898,880b931007fffff
5899,880b937abbfffff
5900,880b930e49fffff
5901,880b93c1ddfffff
5902,880b93c405fffff
5903,880b93c183fffff
5904,880b937827fffff
5905,880b930187fffff
5906,880b93444dfffff
5907,880b9311cdfffff
5908,880b936643fffff
5909,880b931241fffff
5910,880b937643fffff
5911,880b93d689fffff
5912,880b938931fffff
5913,880b93cd89fffff
5914,880b93123dfffff
5915,880b938d03fffff
5916,880b9399d7fffff
5917,880b936a69fffff
5918,880b92a5edfffff
5919,880b906d95fffff
5920,880b92a4b7fffff
5921,880b931b4bfffff
5922,880b92a0a1fffff
5923,880b93d439fffff
5924,880b935493fffff
5925,880b933937fffff
5926,880b93c9e5fffff
5927,880b93cc4bfffff
5928,880b937b59fffff
5929,880b930a51fffff
5930,880b9370a5fffff
5931,880b9329cbfffff
5932,880b93636dfffff
5933,880b938a61fffff
5934,880b93ca81fffff
5935,880b9318c1fffff
5936,880b9305a7fffff
5937,880b931a09fffff
5938,880b937365fffff
5939,880b939933fffff
5940,880b931b35fffff
5941,880b930f59fffff
5942,880b93c163fffff
5943,880b931309fffff
5944,880b9344bbfffff
5945,880b9068b1fffff
5946,880b93d6b9fffff
5947,880b938aadfffff
5948,880b93ca5bfffff
5949,880b93636bfffff
5950,880b930aabfffff
5951,880b93d627fffff
5952,880b93d665fffff
5953,880b938d49fffff
5954,880b923641fffff
5955,880b9311a7fffff
5956,880b9309d5fffff
5957,880b93885dfffff
5958,880b93c8e7fffff
5959,880b93732bfffff
5960,880b93ca33fffff
5961,880b92a1d3fffff
5962,880b937505fffff
5963,880b93db33fffff
5964,880b93c735fffff
5965,880b93724dfffff
5966,880b9329cdfffff
5967,880b93d5e3fffff
5968,880b93cc23fffff
5969,880b931b1bfffff
5970,880b938f3dfffff
5971,880b93d29dfffff
5972,880b933939fffff
5973,880b93c26dfffff
5974,880b93cd31fffff
5975,880b9371c3fffff
5976,880b93d9e1fffff
5977,880b938849fffff
5978,880b93d8d1fffff
5979,880b937809fffff
5980,880b93cd4dfffff
5981,880b93d129fffff
5982,880b93cd33fffff
5983,880b931255fffff
5984,880b934001fffff
5985,880b92a1b3fffff
5986,880b93ce3dfffff
5987,880b93cad9fffff
5988,880b935763fffff
5989,880b931057fffff
5990,880b93440dfffff
5991,880b9340a9fffff
5992,880b93d9bbfffff
5993,880b936767fffff
5994,880b931235fffff
5995,880b935607fffff
5996,880b9375abfffff
5997,880b93c027fffff
5998,880b9356e1fffff
5999,880b93ca87fffff
6000,880b937997fffff
6001,880b93c73bfffff
6002,880b930b4bfffff
6003,880b93db5bfffff
6004,880b934245fffff
6005,880b93cf5bfffff
6006,880b931999fffff
6007,880b92ac3dfffff
6008,880b93d72bfffff
6009,880b935063fffff
6010,880b93cf27fffff
6011,880b93c31dfffff
6012,880b93c019fffff
6013,880b9342e9fffff
6014,880b9354e9fffff
6015,880b93cadbfffff
6016,880b93d2d9fffff
6017,880b938d35fffff
6018,880b92a585fffff
6019,880b92ac69fffff
6020,880b9308d7fffff
6021,880b937aa9fffff
6022,880b93c34bfffff
6023,880b906d99fffff
6024,880b93d981fffff
6025,880b930de1fffff
6026,880b935293fffff
6027,880b92a0e7fffff
6028,880b937367fffff
6029,880b936b59fffff
6030,880b9372cbfffff
6031,880b906ce9fffff
6032,880b93d44bfffff
6033,880b93da63fffff
6034,880b92a037fffff
6035,880b93c307fffff
6036,880b93511bfffff
6037,880b9374a3fffff
6038,880b93d9ebfffff
6039,880b9388a7fffff
6040,880b93da97fffff
6041,880b9342c9fffff
6042,880b9378b7fffff
6043,880b9308e5fffff
6044,880b938869fffff
6045,880b930d6dfffff
6046,880b939997fffff
6047,880b931945fffff
6048,880b93d635fffff
6049,880b930c81fffff
6050,880b93ccddfffff
6051,880b938851fffff
6052,880b935719fffff
6053,880b931b03fffff
6054,880b934dd1fffff
6055,880b93c805fffff
6056,880b93c697fffff
6057,880b93d1c3fffff
6058,880b930b6dfffff
6059,880b935417fffff
6060,880b93d6edfffff
6061,880b934f1dfffff
6062,880b931887fffff
6063,880b930565fffff
6064,880b92a52bfffff
6065,880b932b67fffff
6066,880b93cd6bfffff
6067,880b93726dfffff
6068,880b93d0d5fffff
6069,880b93c695fffff
6070,880b93c19dfffff
6071,880b93c1e5fffff
6072,880b92ac37fffff
6073,880b92a739fffff
6074,880b937adbfffff
6075,880b937549fffff
6076,880b93d959fffff
6077,880b9339e9fffff
6078,880b92aca5fffff
6079,880b9354d3fffff
6080,880b930ee1fffff
6081,880b93c1c1fffff
6082,880b935057fffff
6083,880b930a9bfffff
6084,880b93c319fffff
6085,880b9318e3fffff
6086,880b906ca7fffff
6087,880b93cd65fffff
6088,880b93ce0bfffff
6089,880b938e69fffff
6090,880b93d0cbfffff
6091,880b9302b3fffff
6092,880b930cd3fffff
6093,880b937213fffff
6094,880b93086bfffff
6095,880b92a5adfffff
6096,880b933957fffff
6097,880b930acbfffff
6098,880b933953fffff
6099,880b934615fffff
6100,880b930f31fffff
6101,880b930c27fffff
6102,880b934e91fffff
6103,880b937717fffff
6104,880b934139fffff
6105,880b93089bfffff
6106,880b9345d1fffff
6107,880b937089fffff
6108,880b9318b3fffff
6109,880b9308cbfffff
6110,880b93d655fffff
6111,880b9379a3fffff
6112,880b93c821fffff
6113,880b937161fffff
6114,880b92ad8bfffff
6115,880b935703fffff
6116,880b935099fffff
6117,880b93cec3fffff
6118,880b938b3dfffff
6119,880b933b3bfffff
6120,880b93ca11fffff
6121,880b9399d1fffff
6122,880b934c87fffff
6123,880b9374bbfffff
6124,880b938d37fffff
6125,880b9329ebfffff
6126,880b93cd19fffff
6127,880b93190bfffff
6128,880b9362d3fffff
6129,880b93d1d3fffff
6130,880b93d6ebfffff
6131,880b931005fffff
6132,880b930995fffff
6133,880b93d841fffff
6134,880b931021fffff
6135,880b9379d7fffff
6136,880b93d4e7fffff
6137,880b9356e5fffff
6138,880b92acc3fffff
6139,880b935539fffff
6140,880b93d41dfffff
6141,880b9300a7fffff
6142,880b93081bfffff
6143,880b9376e7fffff
6144,880b932929fffff
6145,880b937693fffff
6146,880b93c763fffff
6147,880b934f3bfffff
6148,880b93c811fffff
6149,880b92ac19fffff
6150,880b9370d7fffff
6151,880b939931fffff
6152,880b932b49fffff
6153,880b9362b3fffff
6154,880b930e61fffff
6155,880b934eb1fffff
6156,880b93c4adfffff
6157,880b93c50dfffff
6158,880b937b69fffff
6159,880b935203fffff
6160,880b930ce5fffff
6161,880b93755dfffff
6162,880b906c9dfffff
6163,880b938a43fffff
6164,880b930d0dfffff
6165,880b93c9e3fffff
6166,880b930debfffff
6167,880b9312c3fffff
6168,880b933905fffff
6169,880b934587fffff
6170,880b92aed3fffff
6171,880b93db23fffff
6172,880b9351cbfffff
6173,880b934099fffff
6174,880b93ce49fffff
6175,880b938d3dfffff
6176,880b935427fffff
6177,880b9352d1fffff
6178,880b930c13fffff
6179,880b93d9d1fffff
6180,880b9355a9fffff
6181,880b933b37fffff
6182,880b93d09dfffff
6183,880b930ec1fffff
6184,880b930a99fffff
6185,880b937619fffff
6186,880b934ea3fffff
6187,880b931a31fffff
6188,880b9340bdfffff
6189,880b93070dfffff
6190,880b9372e3fffff
6191,880b92a5a3fffff
6192,880b938963fffff
6193,880b93c231fffff
6194,880b934e65fffff
6195,880b93d5a1fffff
6196,880b933969fffff
6197,880b930d37fffff
6198,880b937225fffff
6199,880b934583fffff
6200,880b92ac31fffff
6201,880b935453fffff
6202,880b93715bfffff
6203,880b936655fffff
6204,880b934597fffff
6205,880b92ac2dfffff
6206,880b932807fffff
6207,880b93cc57fffff
6208,880b93506dfffff
6209,880b930b33fffff
6210,880b930ee9fffff
6211,880b9371d3fffff
6212,880b93c88bfffff
6213,880b906cc3fffff
6214,880b93703dfffff
6215,880b93d121fffff
6216,880b93c999fffff
6217,880b9342c3fffff
6218,880b93d59dfffff
6219,880b937961fffff
6220,880b930a4dfffff
6221,8825269241fffff
6222,880b92a5d1fffff
6223,880b93d497fffff
6224,880b938a91fffff
6225,880b937a01fffff
6226,880b933b45fffff
6227,880b938f37fffff
6228,880b9371c5fffff
6229,880b937b33fffff
6230,880b906ce5fffff
6231,880b937027fffff
6232,880b93c469fffff
6233,880b92a59bfffff
6234,880b933961fffff
6235,880b92a5bbfffff
6236,880b930f4dfffff
6237,880b93772dfffff
6238,880b930723fffff
6239,880b9354e7fffff
6240,880b93c5e7fffff
6241,880b930b53fffff
6242,880b93d637fffff
6243,880b930c5dfffff
6244,880b9389c5fffff
6245,880b938863fffff
6246,880b9379a7fffff
6247,880b93ce53fffff
6248,880b934f55fffff
6249,880b936639fffff
6250,880b93d529fffff
6251,880b930867fffff
6252,880b92a097fffff
6253,880b9318a7fffff
6254,880b935423fffff
6255,880b93c1a1fffff
6256,880b93d41bfffff
6257,880b934cadfffff
6258,880b937319fffff
6259,880b937b63fffff
6260,880b9378c5fffff
6261,880b9370dbfffff
6262,880b93448dfffff
6263,880b9339bdfffff
6264,880b937b5dfffff
6265,880b930a65fffff
6266,880b935567fffff
6267,880b930e91fffff
6268,880b934013fffff
6269,880b931a47fffff
6270,880b930a67fffff
6271,880b936a6dfffff
6272,880b934623fffff
6273,880b92ae55fffff
6274,880b938aa1fffff
6275,880b930a07fffff
6276,880b931a61fffff
6277,880b9340c7fffff
6278,880b9319adfffff
6279,880b93d4e5fffff
6280,880b930eddfffff
6281,880b930c85fffff
6282,880b938f31fffff
6283,880b93709dfffff
6284,880b938de9fffff
6285,880b934ea9fffff
6286,880b9346cbfffff
6287,880b93d687fffff
6288,880b93d885fffff
6289,880b938191fffff
6290,880b93723bfffff
6291,880b93ccbdfffff
6292,880b93db55fffff
6293,880b93ca83fffff
6294,880b9341c7fffff
6295,880b93004bfffff
6296,880b92acbbfffff
6297,880b9356a3fffff
6298,880b930b31fffff
6299,880b92a0d1fffff
6300,880b93523bfffff
6301,880b9362d1fffff
6302,880b92a58dfffff
6303,880b906d81fffff
6304,880b93d5a3fffff
6305,880b930b1dfffff
6306,880b93731dfffff
6307,880b930b35fffff
6308,880b930db1fffff
6309,880b93da27fffff
6310,880b934733fffff
6311,880b9305edfffff
6312,880b9379c3fffff
6313,880b935535fffff
6314,880b93ce3bfffff
6315,880b93d623fffff
6316,880b937247fffff
6317,880b936b5dfffff
6318,880b93d513fffff
6319,880b934033fffff
6320,880b9375c5fffff
6321,880b93183bfffff
6322,880b930a91fffff
6323,880b9319c5fffff
6324,880b9378edfffff
6325,880b906d33fffff
6326,880b937157fffff
6327,880b937b01fffff
6328,880b93188bfffff
6329,880b9300c1fffff
6330,880b9378c9fffff
6331,880b93131dfffff
6332,880b92aeb1fffff
6333,880b930905fffff
6334,880b934687fffff
6335,880b93c637fffff
6336,880b935753fffff
6337,880b937291fffff
6338,880b92ad8dfffff
6339,880b93cd35fffff
6340,880b937491fffff
6341,880b9374e7fffff
6342,880b93c931fffff
6343,880b93052dfffff
6344,880b93731bfffff
6345,880b930b39fffff
6346,880b934213fffff
6347,880b935597fffff
6348,880b937163fffff
6349,880b937ad7fffff
6350,880b93d865fffff
6351,880b93721bfffff
6352,880b9319b9fffff
6353,880b938991fffff
6354,880b931181fffff
6355,880b937815fffff
6356,880b93c295fffff
6357,880b92a0e3fffff
6358,880b935513fffff
6359,880b934c5bfffff
6360,880b930113fffff
6361,880b93036dfffff
6362,880b92a2b5fffff
6363,880b9318c9fffff
6364,880b93cdb3fffff
6365,880b93cad1fffff
6366,880b9345e9fffff
6367,880b938ac5fffff
6368,880b92ae3dfffff
6369,880b938953fffff
6370,880b931b11fffff
6371,880b935615fffff
6372,8825269253fffff
6373,880b93d98dfffff
6374,880b937295fffff
6375,880b93c0ddfffff
6376,880b930a9dfffff
6377,880b93d751fffff
6378,880b9345a3fffff
6379,880b93ce45fffff
6380,880b931269fffff
6381,880b932b47fffff
6382,880b92a5c9fffff
6383,880b92a595fffff
6384,880b937b5bfffff
6385,880b933945fffff
6386,880b9352a9fffff
6387,880b930de7fffff
6388,880b9305e5fffff
6389,880b9376a7fffff
6390,880b935157fffff
6391,880b9345c3fffff
6392,880b92a56bfffff
6393,880b934e0dfffff
6394,880b93c66bfffff
6395,880b93c4d3fffff
6396,880b9344c3fffff
6397,880b935357fffff
6398,880b937667fffff
6399,880b93d68bfffff
6400,880b93c04dfffff
6401,880b9350bdfffff
6402,880b92acd7fffff
6403,880b93cf53fffff
6404,880b936a47fffff
6405,880b937001fffff
6406,880b937851fffff
6407,880b937537fffff
6408,880b93d5e9fffff
6409,880b93c619fffff
6410,880b93d9a9fffff
6411,880b93d81dfffff
6412,880b93c891fffff
6413,880b93d59bfffff
6414,880b9312c7fffff
6415,880b937a55fffff
6416,880b931a5dfffff
6417,880b93da37fffff
6418,880b93093dfffff
6419,880b931059fffff
6420,880b93c561fffff
6421,880b937761fffff
6422,880b938961fffff
6423,880b934649fffff
6424,880b92a08dfffff
6425,880b9354b3fffff
6426,880b93d4c5fffff
6427,880b930a29fffff
6428,880b934291fffff
6429,880b938e65fffff
6430,880b938927fffff
6431,880b93d421fffff
6432,880b9374d1fffff
6433,880b93128dfffff
6434,880b93ca8bfffff
6435,880b936705fffff
6436,880b92af5dfffff
6437,880b92ac07fffff
6438,880b938ad7fffff
6439,880b937833fffff
6440,880b9312d7fffff
6441,880b93c895fffff
6442,880b9370b7fffff
6443,880b9366c1fffff
6444,880b938a47fffff
6445,880b93456dfffff
6446,880b937285fffff
6447,880b92aecbfffff
6448,880b93501dfffff
6449,880b93719dfffff
6450,880b930ca9fffff
6451,880b936219fffff
6452,880b93c039fffff
6453,880b933b67fffff
6454,880b930727fffff
6455,880b93c711fffff
6456,880b92a5b9fffff
6457,880b934641fffff
6458,880b937963fffff
6459,880b93c2dbfffff
6460,880b9375dbfffff
6461,880b9389a5fffff
6462,880b934519fffff
6463,880b93763bfffff
6464,880b936729fffff
6465,880b934c45fffff
6466,880b9350dbfffff
6467,880b93795bfffff
6468,880b937351fffff
6469,880b9376a1fffff
6470,880b93474dfffff
6471,880b938f4dfffff
6472,880b930ebbfffff
6473,880b9371a3fffff
6474,880b9388cbfffff
6475,880b93d983fffff
6476,880b937ae7fffff
6477,880b92aea5fffff
6478,880b93c709fffff
6479,880b93c543fffff
6480,880b93d66dfffff
6481,880b9354c7fffff
6482,880b906c3dfffff
6483,880b937241fffff
6484,880b938f67fffff
6485,880b937711fffff
6486,880b937a41fffff
6487,880b93c5e9fffff
6488,880b93c4cdfffff
6489,880b9366e1fffff
6490,880b931a05fffff
6491,880b906dabfffff
6492,880b93cec7fffff
6493,880b93d76bfffff
6494,880b93c105fffff
6495,880b937a59fffff
6496,880b93798dfffff
6497,880b93c031fffff
6498,880b93d9e9fffff
6499,880b92a1c9fffff
6500,880b931325fffff
6501,880b93714dfffff
6502,880b937229fffff
6503,880b937737fffff
6504,880b93d91bfffff
6505,880b938a07fffff
6506,880b93d0d1fffff
6507,880b93da59fffff
6508,880b93014bfffff
6509,880b934523fffff
6510,880b938f0dfffff
6511,880b93d629fffff
6512,880b93d1b1fffff
6513,880b934705fffff
6514,880b9312b9fffff
6515,880b93c4b3fffff
6516,880b9345adfffff
6517,880b9302b7fffff
6518,880b931a27fffff
6519,880b92a0ebfffff
6520,880b93d821fffff
6521,880b931a39fffff
6522,880b93d5bbfffff
6523,880b9372edfffff
6524,880b9389cbfffff
6525,880b934113fffff
6526,880b93c085fffff
6527,880b92ae3bfffff
6528,880b937aadfffff
6529,880b906de5fffff
6530,880b938a23fffff
6531,880b937853fffff
6532,880b93cd29fffff
6533,880b93d657fffff
6534,880b93d997fffff
6535,880b934257fffff
6536,880b93d745fffff
6537,880b934117fffff
6538,880b92a1d7fffff
6539,880b93c1b1fffff
6540,880b930cadfffff
6541,880b93c499fffff
6542,880b906d05fffff
6543,880b92ac33fffff
6544,880b93196dfffff
6545,880b93c72dfffff
6546,880b92a42dfffff
6547,880b9389a3fffff
6548,880b931b01fffff
6549,880b9376b9fffff
6550,880b93561dfffff
6551,880b935205fffff
6552,880b930a8dfffff
6553,880b936215fffff
6554,880b9372c3fffff
6555,880b93666bfffff
6556,880b9339e5fffff
6557,880b92a421fffff
6558,880b930297fffff
6559,880b930f41fffff
6560,880b92ac61fffff
6561,880b930095fffff
6562,880b92adddfffff
6563,880b930ed7fffff
6564,880b93c199fffff
6565,880b936717fffff
6566,880b92ac2bfffff
6567,880b906d5bfffff
6568,880b930841fffff
6569,880b93c627fffff
6570,880b936353fffff
6571,880b930abdfffff
6572,880b93d70dfffff
6573,880b934557fffff
6574,880b937591fffff
6575,880b93c22bfffff
6576,880b932b01fffff
6577,880b92a531fffff
6578,880b937927fffff
6579,880b92a583fffff
6580,880b93189bfffff
6581,880b934ce5fffff
6582,880b9309a3fffff
6583,880b931b33fffff
6584,880b9370b1fffff
6585,880b9360d9fffff
6586,880b937289fffff
6587,880b93ca47fffff
6588,880b93c2d5fffff
6589,880b9354b5fffff
6590,880b935463fffff
6591,880b906da7fffff
6592,880b9318c3fffff
6593,880b93cde5fffff
6594,880b93088bfffff
6595,880b9309d3fffff
6596,880b92a1b7fffff
6597,880b93d4c1fffff
6598,880b932947fffff
6599,880b906db3fffff
6600,880b937ad5fffff
6601,880b93d92bfffff
6602,880b93ce9bfffff
6603,880b934543fffff
6604,880b9370cdfffff
6605,880b938f29fffff
6606,880b93d695fffff
6607,880b93caa5fffff
6608,880b9341d5fffff
6609,880b9370e9fffff
6610,880b906d41fffff
6611,880b9379d1fffff
6612,880b9388b1fffff
6613,880b93d183fffff
6614,880b934659fffff
6615,880b9356dbfffff
6616,880b9355d1fffff
6617,880b93cd97fffff
6618,880b936201fffff
6619,880b930ee3fffff
6620,880b93d453fffff
6621,880b93c86dfffff
6622,880b93d517fffff
6623,880b9376d9fffff
6624,880b93cdc3fffff
6625,880b93c429fffff
6626,880b937451fffff
6627,880b93c0ebfffff
6628,880b92ae11fffff
6629,880b9354bdfffff
6630,880b93d8c5fffff
6631,880b93d85dfffff
6632,880b932b09fffff
6633,880b93036bfffff
6634,880b93c73dfffff
6635,880b9378a7fffff
6636,880b938e23fffff
6637,880b93386dfffff
6638,880b935249fffff
6639,880b934c03fffff
6640,880b93c8e9fffff
6641,880b9376dbfffff
6642,880b906d55fffff
6643,880b938f5dfffff
6644,880b93c6e9fffff
6645,880b931b63fffff
6646,880b93c017fffff
6647,880b934c49fffff
6648,880b934569fffff
6649,880b93d857fffff
6650,880b936703fffff
6651,880b935241fffff
6652,880b934031fffff
6653,880b930ec5fffff
6654,880b93c951fffff
6655,880b93d55dfffff
6656,880b93015dfffff
6657,880b93d437fffff
6658,880b93558dfffff
6659,880b937855fffff
6660,880b934491fffff
6661,880b935033fffff
6662,880b9372a5fffff
6663,880b9376bbfffff
6664,880b93cc01fffff
6665,880b92acd5fffff
6666,880b931b39fffff
6667,880b93c4dbfffff
6668,880b93c363fffff
6669,880b9399d3fffff
6670,880b9376a3fffff
6671,880b93d187fffff
6672,880b938d0dfffff
6673,880b934585fffff
6674,880b9342c1fffff
6675,880b93c49dfffff
6676,880b9399adfffff
6677,880b9311a9fffff
6678,880b931883fffff
6679,880b92a73dfffff
6680,880b93d0c7fffff
6681,880b93083dfffff
6682,880b9372cdfffff
6683,880b930c9bfffff
6684,880b93882bfffff
6685,880b931365fffff
6686,880b93122dfffff
6687,880b931287fffff
6688,880b93740bfffff
6689,880b92a5b5fffff
6690,880b934599fffff
6691,880b937a45fffff
6692,880b9371d1fffff
6693,880b934eedfffff
6694,880b937481fffff
6695,880b936347fffff
6696,880b93c8cbfffff
6697,880b930f25fffff
6698,880b935487fffff
6699,880b938a29fffff
6700,880b938f33fffff
6701,880b93d883fffff
6702,880b934eadfffff
6703,880b930511fffff
6704,880b93cc9dfffff
6705,880b93c817fffff
6706,880b934635fffff
6707,880b9379c5fffff
6708,880b9339a1fffff
6709,880b93509dfffff
6710,880b934cd1fffff
6711,880b93da1bfffff
6712,880b93d43dfffff
6713,880b93d505fffff
6714,880b930183fffff
6715,880b93d5d7fffff
6716,880b938909fffff
6717,880b937131fffff
6718,880b93c899fffff
6719,880b930e67fffff
6720,880b93cf07fffff
6721,880b93c62bfffff
6722,880b9319c9fffff
6723,880b93db4dfffff
6724,880b930ebdfffff
6725,880b93998dfffff
6726,880b93888dfffff
6727,880b933933fffff
6728,880b93744bfffff
6729,880b937593fffff
6730,880b935585fffff
6731,880b92a429fffff
6732,880b935151fffff
6733,880b934589fffff
6734,880b93d901fffff
6735,880b93ced9fffff
6736,8825269243fffff
6737,880b937455fffff
6738,880b93c0b5fffff
6739,880b93d52dfffff
6740,880b935667fffff
6741,880b935095fffff
6742,880b931167fffff
6743,880b934595fffff
6744,880b938aa3fffff
6745,880b935011fffff
6746,880b93d1a1fffff
6747,880b93d503fffff
6748,880b935733fffff
6749,880b92aea1fffff
6750,880b93c601fffff
6751,880b934e03fffff
6752,880b93c997fffff
6753,880b93d5d1fffff
6754,880b934237fffff
6755,880b9346d3fffff
6756,880b93c229fffff
6757,880b937a35fffff
6758,880b93469bfffff
6759,880b93c525fffff
6760,880b93574bfffff
6761,880b93c5dbfffff
6762,880b939905fffff
6763,880b937887fffff
6764,880b93898bfffff
6765,880b9301edfffff
6766,880b93d89dfffff
6767,880b93c71bfffff
6768,880b906c17fffff
6769,880b93cca9fffff
6770,880b9312cbfffff
6771,880b930eb7fffff
6772,880b93ce29fffff
6773,880b93d991fffff
6774,880b935623fffff
6775,880b930a21fffff
6776,880b93c035fffff
6777,880b93cecbfffff
6778,880b933b0dfffff
6779,880b930757fffff
6780,880b93468dfffff
6781,880b93d8c3fffff
6782,880b930f47fffff
6783,880b9376a5fffff
6784,880b93899dfffff
6785,880b937305fffff
6786,880b93daa9fffff
6787,880b93d553fffff
6788,880b935181fffff
6789,880b9308a5fffff
6790,880b936097fffff
6791,880b93625dfffff
6792,880b937559fffff
6793,880b935627fffff
6794,880b931211fffff
6795,880b9309d1fffff
6796,880b930103fffff
6797,880b93c60dfffff
6798,880b938b31fffff
6799,880b9329c9fffff
6800,880b9362d9fffff
6801,880b930cd1fffff
6802,880b930535fffff
6803,880b937495fffff
6804,880b93da25fffff
6805,880b9301d9fffff
6806,880b92ae65fffff
6807,880b93cd05fffff
6808,880b93c8e3fffff
6809,880b93d487fffff
6810,880b92a09dfffff
6811,880b9355c5fffff
6812,880b93c893fffff
6813,880b936769fffff
6814,880b934081fffff
6815,880b937989fffff
6816,880b93db17fffff
6817,880b935629fffff
6818,880b935737fffff
6819,880b93cc89fffff
6820,880b931261fffff
6821,880b930039fffff
6822,880b93c129fffff
6823,880b93c6b5fffff
6824,880b930c5bfffff
6825,880b93770bfffff
6826,880b936657fffff
6827,880b934695fffff
6828,880b93d5a5fffff
6829,880b934691fffff
6830,880b931823fffff
6831,880b93711dfffff
6832,880b92a0a7fffff
6833,880b93d83bfffff
6834,880b93c047fffff
6835,880b931245fffff
6836,880b9381e7fffff
6837,880b931a2bfffff
6838,880b930e8dfffff
6839,880b931831fffff
6840,880b92ace7fffff
6841,880b93192bfffff
6842,880b935709fffff
6843,880b93d585fffff
6844,880b930119fffff
6845,880b930915fffff
6846,880b9352b1fffff
6847,880b92aee7fffff
6848,880b93188dfffff
6849,880b9339a3fffff
6850,880b93663dfffff
6851,880b930f1bfffff
6852,880b938f49fffff
6853,880b930011fffff
6854,880b930857fffff
6855,880b9340a1fffff
6856,880b935021fffff
6857,880b930ca1fffff
6858,880b93d4d1fffff
6859,880b93d545fffff
6860,880b93cd83fffff
6861,880b933b49fffff
6862,880b93cb1bfffff
6863,880b9329c1fffff
6864,880b93749bfffff
6865,880b92ae6bfffff
6866,880b938dadfffff
6867,880b93c44bfffff
6868,880b935213fffff
6869,880b939935fffff
6870,880b935451fffff
6871,880b931b31fffff
6872,880b93dac7fffff
6873,880b93d755fffff
6874,880b931023fffff
6875,880b92ae9bfffff
6876,880b937453fffff
6877,880b92ae0bfffff
6878,880b93d833fffff
6879,880b93d615fffff
6880,880b93405bfffff
6881,880b93c095fffff
6882,880b930b41fffff
6883,880b93d645fffff
6884,880b938ac3fffff
6885,880b937521fffff
6886,880b933925fffff
6887,880b9352b9fffff
6888,880b9388d1fffff
6889,880b937b2bfffff
6890,880b930007fffff
6891,880b9340a3fffff
6892,880b930c11fffff
6893,880b92a701fffff
6894,880b93d4c3fffff
6895,880b93c553fffff
6896,880b92acb5fffff
6897,880b9356b7fffff
6898,880b9301bbfffff
6899,880b93d097fffff
6900,880b930c65fffff
6901,880b93526bfffff
6902,880b93c501fffff
6903,880b938e09fffff
6904,880b93c4edfffff
6905,880b92a511fffff
6906,880b93099bfffff
6907,880b93468bfffff
6908,880b930951fffff
6909,880b93cc85fffff
6910,880b906dc9fffff
6911,880b931b45fffff
6912,880b93d191fffff
6913,880b93d8a1fffff
6914,880b93630dfffff
6915,880b93c2b5fffff
6916,880b9379e3fffff
6917,880b93c54dfffff
6918,880b93420bfffff
6919,880b92a19bfffff
6920,880b935633fffff
6921,880b9371cdfffff
6922,880b93ce87fffff
6923,880b931b19fffff
6924,880b936229fffff
6925,880b930099fffff
6926,880b930949fffff
6927,880b930ac7fffff
6928,880b935537fffff
6929,880b93c9c9fffff
6930,880b935565fffff
6931,880b930c05fffff
6932,880b93d5d9fffff
6933,880b935291fffff
6934,880b93cdcbfffff
6935,880b93442dfffff
6936,880b93d987fffff
6937,880b92ae4bfffff
6938,880b932919fffff
6939,880b93d8e7fffff
6940,880b9399bdfffff
6941,880b935089fffff
6942,880b93428dfffff
6943,880b9319b3fffff
6944,880b93180dfffff
6945,880b9375a7fffff
6946,880b930833fffff
6947,880b92a703fffff
6948,880b93110dfffff
6949,880b933b6dfffff
6950,880b92acb1fffff
6951,880b93502dfffff
6952,880b93cc65fffff
6953,880b937a15fffff
6954,880b9226ddfffff
6955,880b93cc39fffff
6956,880b936301fffff
6957,880b93cac3fffff
6958,880b93c445fffff
6959,880b936223fffff
6960,880b934cb3fffff
6961,880b930b57fffff
6962,880b9355adfffff
6963,880b93d511fffff
6964,880b934655fffff
6965,880b93d1b9fffff
6966,880b93d9b1fffff
6967,880b938a9bfffff
6968,880b93ce61fffff
6969,880b93c091fffff
6970,880b93d18bfffff
6971,880b930dc7fffff
6972,880b936615fffff
6973,880b9354adfffff
6974,880b92a70dfffff
6975,880b934021fffff
6976,880b93110bfffff
6977,880b930031fffff
6978,880b9319dbfffff
6979,880b9345b1fffff
6980,880b931adbfffff
6981,880b93c09dfffff
6982,880b93cccbfffff
6983,880b931283fffff
6984,880b93716bfffff
6985,880b932935fffff
6986,880b935049fffff
6987,880b93625bfffff
6988,880b93c531fffff
6989,880b930701fffff
6990,880b930545fffff
6991,880b938805fffff
6992,880b9311a3fffff
6993,880b93d881fffff
6994,880b93662dfffff
6995,880b931169fffff
6996,880b92ae35fffff
6997,880b9356d7fffff
6998,880b93464bfffff
6999,880b93cd9bfffff
7000,880b93531bfffff
7001,880b93c665fffff
7002,880b937a53fffff
7003,880b9379d5fffff
7004,880b93d723fffff
7005,880b938d5dfffff
7006,880b9362d5fffff
7007,880b938999fffff
7008,880b93098dfffff
7009,880b930dbdfffff
7010,880b9301c9fffff
7011,880b931225fffff
7012,880b93013bfffff
7013,880b930e8bfffff
7014,880b936719fffff
7015,880b9340dbfffff
7016,880b935515fffff
7017,880b93ca05fffff
7018,880b93ce1dfffff
7019,880b9375d7fffff
7020,880b93c0e5fffff
7021,880b93c5e5fffff
7022,880b9300b1fffff
7023,880b9305e9fffff
7024,880b93d595fffff
7025,880b938b09fffff
7026,880b930859fffff
7027,880b93cf6bfffff
7028,880b931301fffff
7029,880b937715fffff
7030,880b93d0ddfffff
7031,880b930cd9fffff
7032,880b93c565fffff
7033,880b92a193fffff
7034,880b93788dfffff
7035,880b906ca5fffff
7036,880b931251fffff
7037,880b930933fffff
7038,880b935519fffff
7039,880b93cdb7fffff
7040,880b9319c1fffff
7041,880b934051fffff
7042,880b93710bfffff
7043,880b9371e1fffff
7044,880b9378c1fffff
7045,880b931b49fffff
7046,880b93d0b7fffff
7047,880b93c991fffff
7048,880b934421fffff
7049,880b937aebfffff
7050,880b937145fffff
7051,880b931addfffff
7052,880b906c1bfffff
7053,880b938a49fffff
7054,880b931047fffff
7055,880b93721dfffff
7056,880b936a41fffff
7057,880b93db21fffff
7058,880b93c81bfffff
7059,880b93cd2bfffff
7060,880b936731fffff
7061,880b93c081fffff
7062,880b93c2ebfffff
7063,880b934209fffff
7064,880b938f5bfffff
7065,880b932923fffff
7066,880b9381e1fffff
7067,880b9342d7fffff
7068,880b93cdebfffff
7069,880b906d37fffff
7070,880b92a0c1fffff
7071,880b93673bfffff
7072,880b93da69fffff
7073,880b937197fffff
7074,880b932927fffff
7075,880b92ac63fffff
7076,880b933b13fffff
7077,880b93db19fffff
7078,880b930751fffff
7079,880b9309e9fffff
7080,880b9311a5fffff
7081,880b937139fffff
7082,880b93cd43fffff
7083,880b936603fffff
7084,880b93da1dfffff
7085,880b93db39fffff
7086,880b93c1adfffff
7087,880b92af19fffff
7088,880b937ab1fffff
7089,880b930cb1fffff
7090,880b937ad3fffff
7091,880b931349fffff
7092,880b931327fffff
7093,880b938b19fffff
7094,880b930dc1fffff
7095,880b93dae5fffff
7096,880b930127fffff
7097,880b937095fffff
7098,880b93623bfffff
7099,880b937729fffff
7100,880b93d705fffff
7101,880b934255fffff
7102,880b933b23fffff
7103,880b93095dfffff
7104,880b937323fffff
7105,880b93575dfffff
7106,880b93780bfffff
7107,880b931111fffff
7108,880b935505fffff
7109,880b93c745fffff
7110,880b9376e5fffff
7111,880b93da07fffff
7112,880b92aca7fffff
7113,880b93d96dfffff
7114,880b935531fffff
7115,880b934ce7fffff
7116,880b92a54dfffff
7117,880b93d4bdfffff
7118,880b930e43fffff
7119,880b9398a5fffff
7120,880b934cc9fffff
7121,880b937253fffff
7122,880b931347fffff
7123,880b93ca49fffff
7124,880b93d0dbfffff
7125,880b93d5dbfffff
7126,880b93d8cbfffff
7127,880b93056dfffff
7128,880b93662bfffff
7129,880b93125bfffff
7130,880b92a539fffff
7131,880b93d909fffff
7132,880b93d6d5fffff
7133,880b93893dfffff
7134,880b93c4a7fffff
7135,880b93c61dfffff
7136,880b936251fffff
7137,880b930a39fffff
7138,880b93c4b1fffff
7139,880b93d6a1fffff
7140,880b937121fffff
7141,880b935605fffff
7142,880b906c89fffff
7143,880b93c2b9fffff
7144,880b93ca3bfffff
7145,880b930ca5fffff
7146,880b92af15fffff
7147,880b932847fffff
7148,880b930355fffff
7149,880b93cee3fffff
7150,880b932b6bfffff
7151,880b9378a1fffff
7152,880b934e31fffff
7153,880b93522dfffff
7154,880b93cc17fffff
7155,880b930f6dfffff
7156,880b930111fffff
7157,880b934035fffff
7158,880b92ae07fffff
7159,880b9301a9fffff
7160,880b93998bfffff
7161,880b934e9dfffff
7162,880b9366c5fffff
7163,880b934cd5fffff
7164,880b931899fffff
7165,880b93053bfffff
7166,880b93712dfffff
7167,880b934e41fffff
7168,880b937555fffff
7169,880b93741bfffff
7170,880b93c937fffff
7171,880b93c2d9fffff
7172,880b930d3dfffff
7173,880b938d6bfffff
7174,880b93d133fffff
7175,880b930dabfffff
7176,880b93d999fffff
7177,880b93cec9fffff
7178,880b93ca53fffff
7179,880b930c45fffff
7180,880b937695fffff
7181,880b93c9e9fffff
7182,880b9350edfffff
7183,880b936765fffff
7184,880b938a87fffff
7185,880b934e57fffff
7186,880b937a0bfffff
7187,880b906c37fffff
7188,880b93c6a1fffff
7189,880b938f25fffff
7190,880b931157fffff
7191,880b93446dfffff
7192,880b937251fffff
7193,880b931a67fffff
7194,880b93ca37fffff
7195,880b9311a1fffff
7196,880b93ce81fffff
7197,880b9328edfffff
7198,880b93c563fffff
7199,880b930eebfffff
7200,880b9319a5fffff
7201,880b906da9fffff
7202,880b9318ddfffff
7203,880b92aea3fffff
7204,880b9399b5fffff
7205,880b93c269fffff
7206,880b93cd51fffff
7207,880b937a1dfffff
7208,880b93c003fffff
7209,880b931a41fffff
7210,880b93121dfffff
7211,880b93ce8dfffff
7212,880b937a2dfffff
7213,880b930d21fffff
7214,880b930e0dfffff
7215,880b938b4dfffff
7216,880b93409dfffff
7217,880b93540bfffff
7218,880b9370a7fffff
7219,880b9345b9fffff
7220,880b93c407fffff
7221,880b935009fffff
7222,880b906db5fffff
7223,880b9344dbfffff
7224,880b93758bfffff
7225,880b93cad5fffff
7226,880b938a69fffff
7227,880b93daa7fffff
7228,880b930f01fffff
7229,880b937713fffff
7230,880b93d0d7fffff
7231,880b931123fffff
7232,880b938821fffff
7233,880b93c063fffff
7234,880b931a43fffff
7235,880b93c253fffff
7236,880b9346c3fffff
7237,880b93c1a5fffff
7238,880b92a0b1fffff
7239,880b93cee1fffff
7240,880b93cc2bfffff
7241,880b9351c7fffff
7242,880b906d01fffff
7243,880b9305b5fffff
7244,880b93572dfffff
7245,880b92af13fffff
7246,880b92ae93fffff
7247,880b930ce9fffff
7248,880b9379b1fffff
7249,880b931219fffff
7250,880b937917fffff
7251,880b938a1bfffff
7252,880b937a57fffff
7253,880b933865fffff
7254,880b93ca0bfffff
7255,880b93193bfffff
7256,880b9309c3fffff
7257,880b9379a1fffff
7258,880b93db61fffff
7259,880b9318b1fffff
7260,880b930c97fffff
7261,880b931a4dfffff
7262,880b9379cdfffff
7263,880b934505fffff
7264,880b935295fffff
7265,880b93da53fffff
7266,880b93cf09fffff
7267,880b931839fffff
7268,880b92a0c9fffff
7269,880b93382dfffff
7270,880b930e01fffff
7271,880b92ac55fffff
7272,880b939999fffff
7273,880b935637fffff
7274,880b93da17fffff
7275,880b930f0dfffff
7276,880b9309a1fffff
7277,880b93d62dfffff
7278,880b92a715fffff
7279,880b930c51fffff
7280,880b930dcbfffff
7281,880b93d0c9fffff
7282,880b939917fffff
7283,880b931319fffff
7284,880b933955fffff
7285,880b93d1abfffff
7286,880b931ab3fffff
7287,880b93ce85fffff
7288,880b931247fffff
7289,880b93c01dfffff
7290,880b93c853fffff
7291,880b935583fffff
7292,880b937043fffff
7293,880b930ea9fffff
7294,880b931acbfffff
7295,880b9389b1fffff
7296,880b92a733fffff
7297,880b93553bfffff
7298,880b938d61fffff
7299,880b93403dfffff
7300,880b9308bbfffff
7301,880b92a0e1fffff
7302,880b9372b7fffff
7303,880b9375b1fffff
7304,880b9374cbfffff
7305,880b935491fffff
7306,880b931841fffff
7307,880b92adc3fffff
7308,880b93759dfffff
7309,880b930d03fffff
7310,880b93c883fffff
7311,880b93085bfffff
7312,880b93d089fffff
7313,880b938b51fffff
7314,880b933913fffff
7315,880b930225fffff
7316,880b9389edfffff
7317,880b93cc25fffff
7318,880b93c549fffff
7319,880b9311c9fffff
7320,880b9399b1fffff
7321,880b937353fffff
7322,880b93674dfffff
7323,880b906c95fffff
7324,880b935219fffff
7325,880b9345b5fffff
7326,880b93772bfffff
7327,880b933b03fffff
7328,880b9350cbfffff
7329,880b93dac9fffff
7330,880b938a93fffff
7331,880b9319a7fffff
7332,880b938937fffff
7333,880b931a93fffff
7334,880b938985fffff
7335,880b93c359fffff
7336,880b937819fffff
7337,880b933b6bfffff
7338,880b930d6bfffff
7339,880b934c55fffff
7340,880b937825fffff
7341,880b9339e1fffff
7342,880b933919fffff
7343,880b937205fffff
7344,880b931803fffff
7345,880b93c12dfffff
7346,880b930763fffff
7347,880b93c02dfffff
7348,880b93db13fffff
7349,880b9340e9fffff
7350,880b93da9dfffff
7351,880b9341cdfffff
7352,880b937087fffff
7353,880b934639fffff
7354,880b93cf67fffff
7355,880b93c607fffff
7356,880b93c06bfffff
7357,880b93c713fffff
7358,880b93402bfffff
7359,880b93395bfffff
7360,880b906d59fffff
7361,880b92ae23fffff
7362,880b931131fffff
7363,880b93da51fffff
7364,880b938913fffff
7365,880b93d6a3fffff
7366,880b930891fffff
7367,880b93818dfffff
7368,880b93db2dfffff
7369,880b93cca1fffff
7370,880b93ca29fffff
7371,880b93c6e7fffff
7372,880b9339b1fffff
7373,880b93c8d1fffff
7374,880b93cc5dfffff
7375,880b934f53fffff
7376,880b9360d1fffff
7377,880b906c8dfffff
7378,880b93d867fffff
7379,880b93da99fffff
7380,880b93c223fffff
7381,880b93d4b9fffff
7382,880b93114bfffff
7383,880b930a01fffff
7384,880b935655fffff
7385,880b937101fffff
7386,880b931929fffff
7387,880b93c22dfffff
7388,880b93d43bfffff
7389,880b933b2dfffff
7390,880b9345e1fffff
7391,880b93c227fffff
7392,880b93c167fffff
7393,880b934633fffff
7394,880b93d6e9fffff
7395,880b938965fffff
7396,880b906de3fffff
7397,880b938d07fffff
7398,880b9370e1fffff
7399,880b93cf21fffff
7400,880b937745fffff
7401,880b934e97fffff
7402,880b92a567fffff
7403,880b931119fffff
7404,880b92aea7fffff
7405,880b931947fffff
7406,880b93c641fffff
7407,880b9356a9fffff
7408,880b906ca9fffff
7409,880b937acdfffff
7410,880b93548bfffff
7411,880b93d597fffff
7412,880b93c0c9fffff
7413,880b93da05fffff
7414,880b93c093fffff
7415,880b93c589fffff
7416,880b93d735fffff
7417,880b931b51fffff
7418,880b930a47fffff
7419,880b9398b7fffff
7420,880b934619fffff
7421,880b936549fffff
7422,880b9388b7fffff
7423,880b93022dfffff
7424,880b93525dfffff
7425,880b93c95bfffff
7426,880b9378e9fffff
7427,880b93c9a3fffff
7428,880b93664dfffff
7429,880b93c4c9fffff
7430,880b92a435fffff
7431,880b93d413fffff
7432,880b9346d7fffff
7433,880b937297fffff
7434,880b930d15fffff
7435,880b93cab5fffff
7436,880b9226d9fffff
7437,880b934c9dfffff
7438,880b930ca3fffff
7439,880b9342cbfffff
7440,880b930349fffff
7441,880b906d3bfffff
7442,880b93561bfffff
7443,880b93c487fffff
7444,880b93ca67fffff
7445,880b936209fffff
7446,880b93ce37fffff
7447,880b937ae5fffff
7448,880b93daebfffff
7449,880b93195dfffff
7450,880b93c259fffff
7451,880b93116bfffff
7452,880b9340d5fffff
7453,880b93d643fffff
7454,880b93da3dfffff
7455,880b936545fffff
7456,880b93709bfffff
7457,880b9344e3fffff
7458,880b935447fffff
7459,880b93723dfffff
7460,880b930e53fffff
7461,880b93751bfffff
7462,880b93cc0bfffff
7463,880b92aca9fffff
7464,880b93db69fffff
7465,880b92a0d7fffff
7466,880b92aee3fffff
7467,880b937b2dfffff
7468,880b93725dfffff
7469,880b93119dfffff
7470,880b938d17fffff
7471,880b93d491fffff
7472,880b92add7fffff
7473,880b930363fffff
7474,880b93d699fffff
7475,880b9346bdfffff
7476,880b931107fffff
7477,880b930193fffff
7478,880b937021fffff
7479,880b9356abfffff
7480,880b93cd4bfffff
7481,880b936727fffff
7482,880b9352cdfffff
7483,880b938f6dfffff
7484,880b9341d1fffff
7485,880b9341b7fffff
7486,880b92aea9fffff
7487,880b930227fffff
7488,880b93c2abfffff
7489,880b93d405fffff
7490,880b93cd23fffff
7491,880b92addbfffff
7492,880b93c083fffff
7493,880b934e9bfffff
7494,880b93c9d3fffff
7495,880b93c819fffff
7496,880b93d6e3fffff
7497,880b937b41fffff
7498,880b93470dfffff
7499,880b93d633fffff
7500,880b93c157fffff
7501,880b937a07fffff
7502,880b937a11fffff
7503,880b938d1bfffff
7504,880b939981fffff
7505,880b93564dfffff
7506,880b9308c9fffff
7507,880b9375a5fffff
7508,880b9311e7fffff
7509,880b9356c5fffff
7510,880b937951fffff
7511,880b935657fffff
7512,880b93631dfffff
7513,880b93d0a3fffff
7514,880b930e2bfffff
7515,880b938895fffff
7516,880b93ca9dfffff
7517,880b934e35fffff
7518,880b9345e7fffff
7519,880b9301d5fffff
7520,880b906d6bfffff
7521,880b93c887fffff
7522,880b92ac8dfffff
7523,880b93703bfffff
7524,880b9344ebfffff
7525,880b931ab5fffff
7526,880b93d747fffff
7527,880b93796bfffff
7528,880b92af33fffff
7529,880b93c415fffff
7530,880b930ae3fffff
7531,880b938aebfffff
7532,880b906dddfffff
7533,880b937603fffff
7534,880b935413fffff
7535,880b92acb7fffff
7536,880b93ca55fffff
7537,880b93665bfffff
7538,880b937443fffff
7539,880b938853fffff
7540,880b93cf1dfffff
7541,880b937a87fffff
7542,880b930855fffff
7543,880b92a191fffff
7544,880b93675dfffff
7545,880b93c185fffff
7546,880b938843fffff
7547,880b93c1c9fffff
7548,880b93c431fffff
7549,880b9389c9fffff
7550,880b935727fffff
7551,880b938b43fffff
7552,880b9342d9fffff
7553,880b9301ebfffff
7554,880b93c4d1fffff
7555,880b939927fffff
7556,880b9346dbfffff
7557,880b931043fffff
7558,880b93d5c1fffff
7559,880b938845fffff
7560,880b92a089fffff
7561,880b92a54bfffff
7562,880b9319cdfffff
7563,880b93419bfffff
7564,880b93c8edfffff
7565,880b9300c5fffff
7566,880b9376b3fffff
7567,880b92a0b7fffff
7568,880b936221fffff
7569,880b9345d3fffff
7570,880b937b1bfffff
7571,880b93c5ddfffff
7572,880b9345a1fffff
7573,880b930ed3fffff
7574,880b930d5dfffff
7575,880b93c767fffff
7576,880b93754dfffff
7577,880b934531fffff
7578,880b938ab5fffff
7579,880b93ccb1fffff
7580,880b9344e5fffff
7581,880b930369fffff
7582,880b937113fffff
7583,880b938193fffff
7584,880b938827fffff
7585,880b93c5d1fffff
7586,880b93c829fffff
7587,880b934727fffff
7588,880b930513fffff
7589,880b93786dfffff
7590,880b9375a9fffff
7591,880b935059fffff
7592,880b92ae33fffff
7593,880b930f61fffff
7594,880b933909fffff
7595,880b932865fffff
7596,880b93d769fffff
7597,880b906c67fffff
7598,880b930359fffff
7599,880b93d863fffff
7600,880b93128bfffff
7601,880b930a3bfffff
7602,880b93cee9fffff
7603,880b92acedfffff
7604,880b93c591fffff
7605,880b93c159fffff
7606,880b93cf35fffff
7607,880b934289fffff
7608,880b906cb9fffff
7609,880b93ca4dfffff
7610,880b930c57fffff
7611,880b93d8a7fffff
7612,880b934087fffff
7613,880b92a1d5fffff
7614,880b93db1dfffff
7615,880b93c515fffff
7616,880b93cd55fffff
7617,880b93c75bfffff
7618,880b9318a3fffff
7619,880b930847fffff
7620,880b9311e9fffff
7621,880b93d541fffff
7622,880b93701bfffff
7623,880b906dd1fffff
7624,880b93db27fffff
7625,880b9378e5fffff
7626,880b931055fffff
7627,880b936635fffff
7628,880b935581fffff
7629,880b931b21fffff
7630,880b934693fffff
7631,880b930d23fffff
7632,880b934003fffff
7633,880b9309d7fffff
7634,880b931935fffff
7635,880b930827fffff
7636,880b93c539fffff
7637,880b93d55bfffff
7638,880b938e61fffff
7639,880b93d845fffff
7640,880b92ad97fffff
7641,880b9346a7fffff
7642,880b93d889fffff
7643,880b935449fffff
7644,880b93c737fffff
7645,880b9379b9fffff
7646,880b930c17fffff
7647,880b938905fffff
7648,880b931b09fffff
7649,880b931159fffff
7650,880b92a729fffff
7651,880b937651fffff
7652,880b938ae5fffff
7653,880b93c71dfffff
7654,880b930eedfffff
7655,880b93c493fffff
7656,880b92adc1fffff
7657,880b93c5c9fffff
7658,880b93ca3dfffff
7659,880b930081fffff
7660,880b938857fffff
7661,880b9378e3fffff
7662,880b935695fffff
7663,880b93524bfffff
7664,880b93dad1fffff
7665,880b9339cdfffff
7666,880b936651fffff
7667,880b93caebfffff
7668,880b930b09fffff
7669,880b9388e5fffff
7670,880b93d433fffff
7671,880b931965fffff
7672,880b93cda1fffff
7673,880b93c0d7fffff
7674,880b93009dfffff
7675,880b931a0bfffff
7676,8825269259fffff
7677,880b9341d9fffff
7678,880b934c5dfffff
7679,880b93c19bfffff
7680,880b9351d1fffff
7681,880b93c005fffff
7682,880b930da1fffff
7683,880b9345c5fffff
7684,880b930e81fffff
7685,880b906db7fffff
7686,880b939969fffff
7687,880b93d765fffff
7688,880b933b01fffff
7689,880b9339adfffff
7690,880b933b47fffff
7691,880b9352cbfffff
7692,880b939903fffff
7693,880b93ce93fffff
7694,880b934425fffff
7695,880b9309adfffff
7696,880b9319cbfffff
7697,880b935301fffff
7698,880b93c503fffff
7699,880b93769bfffff
7700,880b935239fffff
7701,880b93d8c1fffff
7702,880b931805fffff
7703,880b93cb11fffff
7704,880b9312c5fffff
7705,880b938183fffff
7706,880b93101dfffff
7707,880b93d5c9fffff
7708,880b937b23fffff
7709,880b93ce07fffff
7710,880b937321fffff
7711,880b930325fffff
7712,880b9346b1fffff
7713,880b93674bfffff
7714,880b931961fffff
7715,880b93d4d3fffff
7716,880b938e45fffff
7717,880b93d463fffff
7718,880b930889fffff
7719,880b92a557fffff
7720,880b934247fffff
7721,880b906c07fffff
7722,880b938a85fffff
7723,880b939961fffff
7724,880b92af59fffff
7725,880b931ad3fffff
7726,880b9370d9fffff
7727,880b906f23fffff
7728,880b9342d1fffff
7729,880b930ab9fffff
7730,880b93d947fffff
7731,880b906d13fffff
7732,880b934ebdfffff
7733,880b937a17fffff
7734,880b938f41fffff
7735,880b93cf65fffff
7736,880b93893bfffff
7737,880b93c705fffff
7738,880b930f11fffff
7739,880b906d09fffff
7740,880b9340b9fffff
7741,880b930027fffff
7742,880b93d587fffff
7743,880b931329fffff
7744,880b93db05fffff
7745,880b93c303fffff
7746,880b9388e1fffff
7747,880b93c193fffff
7748,880b93c93bfffff
7749,880b93443dfffff
7750,880b93c265fffff
7751,880b931801fffff
7752,880b9340c3fffff
7753,880b93c865fffff
7754,880b92ae37fffff
7755,880b93d403fffff
7756,880b934243fffff
7757,880b93cd69fffff
7758,880b93cc8dfffff
7759,880b9312d9fffff
7760,880b934547fffff
7761,880b936093fffff
7762,880b92ac03fffff
7763,880b930991fffff
7764,880b934759fffff
7765,880b93d9d5fffff
7766,880b9371a9fffff
7767,880b937995fffff
7768,880b937359fffff
7769,880b92a40dfffff
7770,880b92acbdfffff
7771,880b92aed1fffff
7772,880b930a61fffff
7773,880b931101fffff
7774,880b93c453fffff
7775,880b937751fffff
7776,880b933b35fffff
7777,880b9318e9fffff
7778,880b937aedfffff
7779,880b93c0d9fffff
7780,880b938809fffff
7781,880b930009fffff
7782,880b9379bbfffff
7783,880b930133fffff
7784,880b93d50bfffff
7785,880b93d411fffff
7786,880b934631fffff
7787,880b930921fffff
7788,880b93c481fffff
7789,880b9350a7fffff
7790,880b935651fffff
7791,880b9300b9fffff
7792,880b931213fffff
7793,880b930549fffff
7794,880b938dedfffff
7795,880b9355d9fffff
7796,880b931901fffff
7797,880b9345c1fffff
7798,880b93ccc7fffff
7799,880b9381a7fffff
7800,880b93c0a9fffff
7801,880b934c93fffff
7802,880b93cdb5fffff
7803,880b930337fffff
7804,880b93cc05fffff
7805,880b93ceadfffff
7806,880b93c5ebfffff
7807,880b934637fffff
7808,880b938a2dfffff
7809,880b935351fffff
7810,880b937407fffff
7811,880b93993dfffff
7812,880b93cd8dfffff
7813,880b93792bfffff
7814,880b9301b5fffff
7815,880b931815fffff
7816,880b93c049fffff
7817,880b93ca07fffff
7818,880b934449fffff
7819,880b93d4adfffff
7820,880b93c2e9fffff
7821,880b930b37fffff
7822,880b934cebfffff
7823,880b930c3bfffff
7824,880b937919fffff
7825,880b930e2dfffff
