,geohash
0,8810352d01fffff
1,881031bb49fffff
2,88103525c3fffff
3,8810224493fffff
4,8810224995fffff
5,8810352e35fffff
6,881031a309fffff
7,8810224d51fffff
8,881031bb0dfffff
9,8810225333fffff
10,881031942dfffff
11,8810225619fffff
12,881022450bfffff
13,88102244ddfffff
14,881022466bfffff
15,8810225965fffff
16,8810226357fffff
17,881022500dfffff
18,8810220957fffff
19,8810224a2bfffff
20,88103194d7fffff
21,8810227893fffff
22,88103525e3fffff
23,881022c913fffff
24,88102249e7fffff
25,881031b43dfffff
26,8810319649fffff
27,8810352503fffff
28,8810352ed9fffff
29,8810224555fffff
30,8810352629fffff
31,881022549bfffff
32,8810224c35fffff
33,8810225887fffff
34,881031b113fffff
35,881031ba41fffff
36,88102251a9fffff
37,8810220965fffff
38,8810224819fffff
39,881031a24dfffff
40,881031b183fffff
41,881031941dfffff
42,8810224c2bfffff
43,881031b429fffff
44,8810224981fffff
45,881031a339fffff
46,88102255b5fffff
47,881022564dfffff
48,881031968bfffff
49,88102245e9fffff
50,8810225749fffff
51,8810225935fffff
52,881031b315fffff
53,881031bb5dfffff
54,881022098bfffff
55,881031ba83fffff
56,8810352ee1fffff
57,881022462dfffff
58,8810225025fffff
59,8810220b4dfffff
60,881022411dfffff
61,88102250d3fffff
62,8810224993fffff
63,8810225223fffff
64,8810352559fffff
65,881031b407fffff
66,881031944dfffff
67,8810224e1dfffff
68,8810224c83fffff
69,8810318419fffff
70,8810224191fffff
71,88102270a5fffff
72,8810220927fffff
73,88103194b1fffff
74,8810225291fffff
75,8810226a01fffff
76,881022554dfffff
77,8810224a69fffff
78,881031b8d7fffff
79,881031b061fffff
80,881022525bfffff
81,881031b513fffff
82,8810352615fffff
83,881031b64dfffff
84,8810224651fffff
85,881022632dfffff
86,8810225691fffff
87,8810352091fffff
88,8810225b37fffff
89,8810224ddbfffff
90,881031b319fffff
91,8810225445fffff
92,88103196a7fffff
93,88102248b7fffff
94,88102240d7fffff
95,8810225313fffff
96,881022c8b5fffff
97,881022430bfffff
98,881022492dfffff
99,8810352d59fffff
100,881022595bfffff
101,881031bb3dfffff
102,881031a34bfffff
103,881022589dfffff
104,88103525b5fffff
105,88103525cdfffff
106,8810225595fffff
107,881022612bfffff
108,8810227809fffff
109,88103526a3fffff
110,8810318649fffff
111,8810227363fffff
112,8810224ec5fffff
113,88103184ebfffff
114,881031b543fffff
115,8810225aebfffff
116,88102279b9fffff
117,881031b331fffff
118,881031b137fffff
119,881035242bfffff
120,8810352c0bfffff
121,8810224991fffff
122,881031b6c1fffff
123,8810352461fffff
124,881022464bfffff
125,8810224207fffff
126,88102248d1fffff
127,88103182c3fffff
128,8810224c13fffff
129,8810224721fffff
130,881031b2c5fffff
131,8810224cedfffff
132,8810225339fffff
133,881031b509fffff
134,8810224833fffff
135,8810225917fffff
136,88102255c7fffff
137,881022636dfffff
138,881031b14bfffff
139,8810224a27fffff
140,8810352c23fffff
141,8810227ac1fffff
142,881031b833fffff
143,881031b2c1fffff
144,881031b33dfffff
145,881031b0b9fffff
146,8810225295fffff
147,8810224095fffff
148,8810226151fffff
149,8810224e45fffff
150,8810225289fffff
151,881022449dfffff
152,88102248abfffff
153,8810224dd3fffff
154,8810319423fffff
155,881022cdcbfffff
156,881022543bfffff
157,881022cd35fffff
158,8810224485fffff
159,8810225463fffff
160,881031ba8bfffff
161,8810225535fffff
162,881031ba55fffff
163,8810224f03fffff
164,8810224d67fffff
165,88103196a3fffff
166,8810224cebfffff
167,881031b22bfffff
168,881022459bfffff
169,8810225723fffff
170,88102209ddfffff
171,88102241c3fffff
172,88102258c7fffff
173,881022cd87fffff
174,8810227b4bfffff
175,881022c883fffff
176,8810227903fffff
177,88102250bdfffff
178,8810318289fffff
179,8810225b2dfffff
180,881031b803fffff
181,881031bad3fffff
182,8810221905fffff
183,8810224029fffff
184,8810225303fffff
185,8810352455fffff
186,881031b517fffff
187,8810318451fffff
188,8810225b43fffff
189,881031bb51fffff
190,881035255dfffff
191,8810224d8dfffff
192,88103184e9fffff
193,8810220953fffff
194,881031ba0dfffff
195,8810318557fffff
196,8810318491fffff
197,881022c917fffff
198,8810318487fffff
199,881022403bfffff
200,88102209e9fffff
201,881035246bfffff
202,8810224a9dfffff
203,8810225ae9fffff
204,8810352f29fffff
205,8810224917fffff
206,8810352687fffff
207,881031b141fffff
208,881031a205fffff
209,8810225613fffff
210,8810352d33fffff
211,881022c9e1fffff
212,881031b305fffff
213,88103195ebfffff
214,8810352735fffff
215,8810224ee5fffff
216,881031b815fffff
217,88102258ebfffff
218,881022574dfffff
219,88103525b7fffff
220,8810352507fffff
221,8810318619fffff
222,881031b169fffff
223,881031a203fffff
224,8810225457fffff
225,88102255e9fffff
226,8810226a61fffff
227,88102259d3fffff
228,8810224629fffff
229,881031ba5dfffff
230,8810226265fffff
231,881022631bfffff
232,881022533bfffff
233,88103182d5fffff
234,8810352f3dfffff
235,881031b269fffff
236,8810224ecdfffff
237,8810352e89fffff
238,88103186cdfffff
239,8810225b53fffff
240,8810224517fffff
241,88102279d1fffff
242,8810224321fffff
243,8810224227fffff
244,881031a31dfffff
245,881022509dfffff
246,8810224205fffff
247,8810220b63fffff
248,8810224a35fffff
249,881031b2c9fffff
250,8810224857fffff
251,8810352525fffff
252,8810224de1fffff
253,881031b527fffff
254,8810224e89fffff
255,8810352411fffff
256,8810224187fffff
257,881031b85dfffff
258,881031b13dfffff
259,88102245b1fffff
260,8810226f49fffff
261,8810227a8bfffff
262,88103524abfffff
263,8810224a13fffff
264,881035244dfffff
265,8810227ab1fffff
266,8810225985fffff
267,8810224e3dfffff
268,8810224401fffff
269,8810224951fffff
270,8810225205fffff
271,881022719bfffff
272,881022cd13fffff
273,881022502bfffff
274,8810224e51fffff
275,8810352429fffff
276,881022cde5fffff
277,88102252c1fffff
278,8810224557fffff
279,8810224f2dfffff
280,8810224617fffff
281,8810352c4dfffff
282,8810224d53fffff
283,8810224b4dfffff
284,88102240c1fffff
285,881031b661fffff
286,881031b8e5fffff
287,8810224d93fffff
288,881031b1e1fffff
289,8810225013fffff
290,8810225957fffff
291,881031863bfffff
292,881031b06bfffff
293,881022cdb1fffff
294,8810224417fffff
295,88103196cbfffff
296,8810220967fffff
297,88102254c7fffff
298,8810225b6bfffff
299,881031b245fffff
300,8810224d21fffff
301,8810227b4dfffff
302,881031b401fffff
303,881031b46dfffff
304,88103184b5fffff
305,88103196b1fffff
306,8810226165fffff
307,881022469bfffff
308,881031b71dfffff
309,8810227349fffff
310,8810224407fffff
311,881031873dfffff
312,881022634dfffff
313,8810224e93fffff
314,8810352c05fffff
315,8810227359fffff
316,881031961dfffff
317,8810352c09fffff
318,881031baedfffff
319,8810227b63fffff
320,8810227915fffff
321,8810224725fffff
322,88102219b1fffff
323,88103185e9fffff
324,8810225443fffff
325,881022524bfffff
326,881031b097fffff
327,881022591dfffff
328,8810224307fffff
329,8810225a47fffff
330,881022561dfffff
331,8810225949fffff
332,881031b2a1fffff
333,8810227111fffff
334,8810319639fffff
335,8810226043fffff
336,8810220863fffff
337,88102259ebfffff
338,881022c9d3fffff
339,88102249ebfffff
340,88102258cdfffff
341,881022572bfffff
342,88103520ebfffff
343,8810225b07fffff
344,881022733dfffff
345,8810319451fffff
346,8810225145fffff
347,8810225993fffff
348,881031b031fffff
349,8810227045fffff
350,881022cdadfffff
351,8810352665fffff
352,8810318637fffff
353,8810318605fffff
354,8810224b45fffff
355,8810227881fffff
356,88102278a9fffff
357,881022cd97fffff
358,88102241ddfffff
359,881035256dfffff
360,8810225a3dfffff
361,8810319447fffff
362,8810225459fffff
363,8810226133fffff
364,8810224111fffff
365,8810318455fffff
366,8810352d4bfffff
367,8810224441fffff
368,881031b25dfffff
369,8810352f11fffff
370,881022634bfffff
371,881022441bfffff
372,88102250adfffff
373,8810318699fffff
374,881022505bfffff
375,88103526d3fffff
376,88103186adfffff
377,88103184edfffff
378,8810318705fffff
379,8810352541fffff
380,8810225967fffff
381,881022484dfffff
382,88103186dbfffff
383,8810352619fffff
384,8810224d2dfffff
385,8810352731fffff
386,88102244dbfffff
387,8810225b4dfffff
388,8810319661fffff
389,8810227141fffff
390,881022480bfffff
391,88103185c1fffff
392,8810221945fffff
393,881022429dfffff
394,8810226363fffff
395,8810226f45fffff
396,8810227a41fffff
397,881031b60bfffff
398,881031b6d9fffff
399,881022630bfffff
400,88102252cdfffff
401,8810224699fffff
402,881022733bfffff
403,8810225633fffff
404,8810225407fffff
405,8810319635fffff
406,8810221937fffff
407,88103184c9fffff
408,8810352557fffff
409,8810318493fffff
410,8810318401fffff
411,8810224603fffff
412,8810225763fffff
413,8810225617fffff
414,88103185ddfffff
415,8810224f63fffff
416,881022428bfffff
417,88102256d3fffff
418,8810224049fffff
419,881031b337fffff
420,8810224935fffff
421,881031b195fffff
422,88102271b3fffff
423,8810227a45fffff
424,8810227309fffff
425,881031b72dfffff
426,8810318621fffff
427,88102249cdfffff
428,881022476dfffff
429,8810352ed5fffff
430,8810352753fffff
431,8810225893fffff
432,8810225481fffff
433,8810227b5bfffff
434,88102242e9fffff
435,881031b229fffff
436,8810224e31fffff
437,881031b0b5fffff
438,8810318653fffff
439,8810224e99fffff
440,8810225095fffff
441,8810220b23fffff
442,8810352c1bfffff
443,8810227995fffff
444,88103526edfffff
445,88102252e5fffff
446,8810225a51fffff
447,8810224c85fffff
448,8810224293fffff
449,8810227049fffff
450,88103525bbfffff
451,8810319741fffff
452,8810224a07fffff
453,88102250e5fffff
454,8810224f0dfffff
455,8810352ee5fffff
456,88102251e1fffff
457,8810227b0bfffff
458,8810224a6dfffff
459,881022c9c5fffff
460,881022432dfffff
461,88102258e3fffff
462,881031b023fffff
463,881031bacdfffff
464,881031b0b3fffff
465,8810224b23fffff
466,881031b707fffff
467,8810352d81fffff
468,881022093dfffff
469,881031b769fffff
470,8810224581fffff
471,881031b1e7fffff
472,88102258adfffff
473,8810352f33fffff
474,8810220b69fffff
475,881031bb07fffff
476,88103524adfffff
477,881031a2edfffff
478,88102278a3fffff
479,8810319763fffff
480,8810227a47fffff
481,8810224565fffff
482,8810225755fffff
483,881031b415fffff
484,8810224c87fffff
485,8810224ae5fffff
486,881031b05bfffff
487,8810225933fffff
488,8810227149fffff
489,8810352617fffff
490,8810224e1bfffff
491,88102279cbfffff
492,8810224499fffff
493,8810224d81fffff
494,881022502dfffff
495,88102245edfffff
496,8810224757fffff
497,881022c9b1fffff
498,88103194a7fffff
499,881022593bfffff
500,88102259e5fffff
501,881031a347fffff
502,881031ba23fffff
503,88102259c3fffff
504,8810318731fffff
505,88102240c3fffff
506,881031b307fffff
507,88103186d7fffff
508,881022618dfffff
509,88102245e1fffff
510,8810224769fffff
511,881022468bfffff
512,881022590dfffff
513,88102271e1fffff
514,8810352de3fffff
515,8810224445fffff
516,881031b149fffff
517,881031b069fffff
518,88102259cbfffff
519,8810352ddbfffff
520,8810352e3bfffff
521,881031b321fffff
522,88102278d7fffff
523,8810227a27fffff
524,88103185c9fffff
525,881031b093fffff
526,88102248b9fffff
527,8810227839fffff
528,8810352725fffff
529,88102241d1fffff
530,8810227849fffff
531,8810225113fffff
532,8810224969fffff
533,8810224b35fffff
534,88102261a7fffff
535,881022799dfffff
536,88102244e7fffff
537,8810224ac7fffff
538,881031b4ebfffff
539,8810224d41fffff
540,8810227263fffff
541,88103184a7fffff
542,8810220b6bfffff
543,8810352e53fffff
544,8810352589fffff
545,8810224e83fffff
546,8810318463fffff
547,8810227061fffff
548,8810224a09fffff
549,8810224f25fffff
550,88102241abfffff
551,88103186a9fffff
552,8810352715fffff
553,881031bb31fffff
554,8810226a39fffff
555,8810227969fffff
556,8810225805fffff
557,8810225699fffff
558,8810352095fffff
559,8810318549fffff
560,8810225249fffff
561,88102254d3fffff
562,881022506dfffff
563,8810226acbfffff
564,8810352e09fffff
565,8810224423fffff
566,88103194ebfffff
567,8810224b5bfffff
568,881022520dfffff
569,8810220937fffff
570,8810319485fffff
571,881031ba09fffff
572,88103184dbfffff
573,8810224f49fffff
574,8810224531fffff
575,8810224a67fffff
576,881031b561fffff
577,88102256d5fffff
578,881031b20bfffff
579,881022510dfffff
580,88102242a3fffff
581,8810227109fffff
582,8810352607fffff
583,881022ccbbfffff
584,881031b69bfffff
585,8810224a93fffff
586,8810227a91fffff
587,8810221969fffff
588,8810352f07fffff
589,8810352639fffff
590,8810226a8bfffff
591,8810225021fffff
592,881031b6c9fffff
593,881031b659fffff
594,881035244bfffff
595,881022459dfffff
596,8810319757fffff
597,881031a201fffff
598,8810227917fffff
599,88103524b9fffff
600,8810352463fffff
601,88102245c1fffff
602,8810227b6dfffff
603,8810225899fffff
604,88103526a7fffff
605,881031a353fffff
606,881031ba0bfffff
607,881031b5d7fffff
608,8810352545fffff
609,881035273bfffff
610,8810224f31fffff
611,881035262dfffff
612,88103182d7fffff
613,88102258a3fffff
614,8810225437fffff
615,8810225629fffff
616,8810225b4bfffff
617,8810225b11fffff
618,8810225533fffff
619,881031849dfffff
620,8810227a61fffff
621,8810224731fffff
622,881031b1ddfffff
623,881022ccb9fffff
624,8810225187fffff
625,88102241b7fffff
626,8810225b27fffff
627,881031b629fffff
628,881031940bfffff
629,881031b051fffff
630,8810224007fffff
631,8810319535fffff
632,8810225419fffff
633,8810224d89fffff
634,881031b54bfffff
635,8810225757fffff
636,88102271b7fffff
637,8810352cbbfffff
638,88102249a1fffff
639,881031b08bfffff
640,88102254ddfffff
641,88102240b3fffff
642,8810221963fffff
643,881031b133fffff
644,8810352e87fffff
645,8810318447fffff
646,8810225741fffff
647,8810225239fffff
648,88102219a7fffff
649,8810224ae3fffff
650,8810225299fffff
651,8810224063fffff
652,8810226a29fffff
653,8810224257fffff
654,881031bb09fffff
655,8810224491fffff
656,8810224c33fffff
657,8810318585fffff
658,88102251a1fffff
659,881022412bfffff
660,8810224d03fffff
661,8810319759fffff
662,8810221957fffff
663,881031ba57fffff
664,8810224a55fffff
665,8810224203fffff
666,8810224f57fffff
667,8810319417fffff
668,8810226a99fffff
669,881031b1abfffff
670,8810225247fffff
671,8810220955fffff
672,881035251bfffff
673,8810224019fffff
674,8810352c3bfffff
675,881022440dfffff
676,8810352cd1fffff
677,88102259a7fffff
678,8810352e8bfffff
679,88102240adfffff
680,8810224481fffff
681,8810352dd1fffff
682,881022498bfffff
683,8810226f4bfffff
684,88102278c7fffff
685,88102242b7fffff
686,881022635dfffff
687,88102249c5fffff
688,8810318687fffff
689,88102240edfffff
690,8810224139fffff
691,881031b11bfffff
692,8810224c01fffff
693,88103194c7fffff
694,88102250c5fffff
695,881022586bfffff
696,88102279c5fffff
697,8810220903fffff
698,8810224745fffff
699,8810352dc5fffff
700,88102254d1fffff
701,8810318651fffff
702,8810225647fffff
703,881022576dfffff
704,8810224587fffff
705,8810226111fffff
706,8810318423fffff
707,88102244b1fffff
708,88103524c3fffff
709,8810227337fffff
710,88102245b3fffff
711,88102209c9fffff
712,881022cdbbfffff
713,8810225241fffff
714,8810225193fffff
715,881022cca7fffff
716,881022789bfffff
717,8810225aa1fffff
718,881022458dfffff
719,8810224217fffff
720,8810227a89fffff
721,8810224a2dfffff
722,8810227a65fffff
723,8810226367fffff
724,8810226a3bfffff
725,881031b8d9fffff
726,881031948dfffff
727,881031ba2dfffff
728,881031bae9fffff
729,8810226313fffff
730,8810225227fffff
731,8810226345fffff
732,881022512dfffff
733,881035258dfffff
734,8810227983fffff
735,8810227107fffff
736,881022cce1fffff
737,8810220b35fffff
738,881031941bfffff
739,8810227801fffff
740,88102241e7fffff
741,881031b223fffff
742,881031b621fffff
743,881031b1a5fffff
744,881031b18bfffff
745,88103525a1fffff
746,881031a33dfffff
747,8810224c27fffff
748,88102240e9fffff
749,88103195b5fffff
750,8810221933fffff
751,88102250e9fffff
752,8810224ab9fffff
753,88103194c5fffff
754,8810220901fffff
755,881022c8a5fffff
756,881035268bfffff
757,881031ba47fffff
758,88102252a9fffff
759,8810225495fffff
760,881031b095fffff
761,881022cd11fffff
762,8810224a29fffff
763,881031b405fffff
764,881031b61bfffff
765,881022504dfffff
766,8810352eedfffff
767,8810224867fffff
768,8810224983fffff
769,8810227a07fffff
770,8810225315fffff
771,88103182dbfffff
772,881031864bfffff
773,881031b2e5fffff
774,881031b889fffff
775,881031b241fffff
776,8810227a95fffff
777,881022193bfffff
778,881035240dfffff
779,88102256bbfffff
780,8810225269fffff
781,8810225003fffff
782,8810224017fffff
783,8810318587fffff
784,8810224a91fffff
785,8810224453fffff
786,8810225ad5fffff
787,8810352cbdfffff
788,8810224c25fffff
789,881022570bfffff
790,881031a243fffff
791,881022464dfffff
792,8810352721fffff
793,8810352591fffff
794,8810227b11fffff
795,88103525e1fffff
796,881031b10dfffff
797,8810225027fffff
798,8810225519fffff
799,8810224a0bfffff
800,88102278cdfffff
801,88102246a5fffff
802,8810227133fffff
803,8810318495fffff
804,8810352e15fffff
805,8810226a91fffff
806,881031943dfffff
807,881022599bfffff
808,881022512bfffff
809,88102246c3fffff
810,8810225069fffff
811,8810352599fffff
812,8810319401fffff
813,88102279bbfffff
814,8810227b25fffff
815,8810225561fffff
816,8810224eb3fffff
817,881031bab7fffff
818,881031b255fffff
819,8810226029fffff
820,8810227139fffff
821,881022793bfffff
822,8810225a5bfffff
823,881031955bfffff
824,88103194a9fffff
825,881022cd8dfffff
826,8810224ec3fffff
827,8810224d4dfffff
828,881031b301fffff
829,881022cdedfffff
830,8810224113fffff
831,8810225b47fffff
832,8810319425fffff
833,881031b82bfffff
834,8810225695fffff
835,88103195c5fffff
836,8810225213fffff
837,8810227ac7fffff
838,881031b157fffff
839,8810318595fffff
840,88103194d9fffff
841,8810224ecbfffff
842,8810224483fffff
843,8810352193fffff
844,8810224345fffff
845,881031b745fffff
846,8810319421fffff
847,8810224133fffff
848,8810318437fffff
849,881031b6dbfffff
850,8810225b61fffff
851,8810224cabfffff
852,881022c9b3fffff
853,8810352e2bfffff
854,8810224023fffff
855,8810224199fffff
856,8810220917fffff
857,8810224681fffff
858,8810224c5dfffff
859,8810225b0dfffff
860,88103186ddfffff
861,8810352d39fffff
862,88102241a9fffff
863,8810318665fffff
864,88103524c1fffff
865,88102256b9fffff
866,8810352697fffff
867,8810224e47fffff
868,8810227a8dfffff
869,8810225925fffff
870,88102278e5fffff
871,88102246d9fffff
872,8810318661fffff
873,88102246e7fffff
874,881031870dfffff
875,8810225105fffff
876,88102242dbfffff
877,8810220861fffff
878,8810225553fffff
879,88103196dbfffff
880,8810227347fffff
881,88103524edfffff
882,881022782bfffff
883,8810227855fffff
884,88102259d1fffff
885,881031b21bfffff
886,8810226ad9fffff
887,881022474dfffff
888,8810220b53fffff
889,8810224803fffff
890,8810225969fffff
891,8810225107fffff
892,8810227ab3fffff
893,8810225753fffff
894,881035272dfffff
895,8810227261fffff
896,881035253bfffff
897,881022626bfffff
898,8810226063fffff
899,8810319731fffff
900,881022793dfffff
901,881031b2c3fffff
902,881031b529fffff
903,8810227957fffff
904,88103520e5fffff
905,8810224c2dfffff
906,8810220935fffff
907,8810227a25fffff
908,88102249b1fffff
909,88102241c9fffff
910,881031a20dfffff
911,8810225191fffff
912,881031a141fffff
913,88102255b1fffff
914,8810225b6dfffff
915,8810225669fffff
916,8810352547fffff
917,8810224619fffff
918,881031b817fffff
919,881031a26dfffff
920,8810225a1dfffff
921,8810225b35fffff
922,881031b1d7fffff
923,881031b53dfffff
924,881031b323fffff
925,8810225085fffff
926,881022476bfffff
927,8810319493fffff
928,8810319583fffff
929,881022558bfffff
930,881022489bfffff
931,881031bb05fffff
932,8810224155fffff
933,88102209a1fffff
934,8810227159fffff
935,8810226153fffff
936,8810224033fffff
937,881022491bfffff
938,881031b357fffff
939,8810352c65fffff
940,881031ba4bfffff
941,8810225b15fffff
942,8810224ea1fffff
943,8810225507fffff
944,88102249a3fffff
945,881022416dfffff
946,881022199dfffff
947,881022424dfffff
948,8810227967fffff
949,8810352543fffff
950,881031b5c9fffff
951,8810319719fffff
952,8810224ec9fffff
953,881031b013fffff
954,881031b1d3fffff
955,88102255e7fffff
956,881022791bfffff
957,88102240a7fffff
958,8810226137fffff
959,88102251ddfffff
960,88103196b9fffff
961,8810225135fffff
962,8810227b51fffff
963,8810225a4bfffff
964,8810318645fffff
965,8810224f19fffff
966,8810225a63fffff
967,8810225b41fffff
968,881031bac9fffff
969,8810352413fffff
970,8810220929fffff
971,881031b563fffff
972,881022720dfffff
973,881035254bfffff
974,8810225059fffff
975,881031952bfffff
976,881022c925fffff
977,88103196c1fffff
978,8810318629fffff
979,881031b011fffff
980,88102255c3fffff
981,8810221909fffff
982,8810227b57fffff
983,88102256e7fffff
984,88102278abfffff
985,881031b26dfffff
986,88102245bbfffff
987,8810224db9fffff
988,8810224e0dfffff
989,8810224c6bfffff
990,8810224c07fffff
991,88103524b1fffff
992,881031b0d1fffff
993,881022c9ebfffff
994,8810225359fffff
995,8810224ed7fffff
996,8810224a43fffff
997,8810225567fffff
998,8810227991fffff
999,88102252ebfffff
1000,8810225023fffff
1001,881022511bfffff
1002,8810352625fffff
1003,8810220b15fffff
1004,881031868bfffff
1005,88103195d1fffff
1006,88102244d3fffff
1007,88102271d5fffff
1008,8810224b67fffff
1009,8810224c3bfffff
1010,88103184a3fffff
1011,8810318443fffff
1012,881022cd95fffff
1013,8810226a3dfffff
1014,881031b2abfffff
1015,881022471bfffff
1016,8810225a03fffff
1017,881022575dfffff
1018,88102252d1fffff
1019,88103194e9fffff
1020,88103186b7fffff
1021,8810319689fffff
1022,881022792dfffff
1023,88102255cbfffff
1024,88102248bdfffff
1025,881031b265fffff
1026,8810225ac3fffff
1027,8810225523fffff
1028,881031b819fffff
1029,8810225a0bfffff
1030,8810319751fffff
1031,88102245dbfffff
1032,8810319665fffff
1033,881031a217fffff
1034,88103195b3fffff
1035,8810227125fffff
1036,8810225353fffff
1037,8810227199fffff
1038,8810352cedfffff
1039,8810227965fffff
1040,881031844bfffff
1041,88102240cbfffff
1042,881022c8a7fffff
1043,8810352523fffff
1044,8810319467fffff
1045,88103524a9fffff
1046,8810224519fffff
1047,8810224a97fffff
1048,88102244ebfffff
1049,881031b5dbfffff
1050,8810225293fffff
1051,88103196abfffff
1052,88102250a5fffff
1053,88102252dbfffff
1054,881035271bfffff
1055,881022cdb9fffff
1056,881022731dfffff
1057,881035245dfffff
1058,8810318297fffff
1059,88102254bbfffff
1060,881031871bfffff
1061,881031b41dfffff
1062,8810225709fffff
1063,8810225951fffff
1064,8810224c3dfffff
1065,8810227939fffff
1066,88102271e5fffff
1067,8810225547fffff
1068,881022510bfffff
1069,88102240e7fffff
1070,8810225ad1fffff
1071,881031b841fffff
1072,881022581dfffff
1073,8810224741fffff
1074,8810224d91fffff
1075,8810220b09fffff
1076,881031b355fffff
1077,8810224151fffff
1078,8810225689fffff
1079,8810224723fffff
1080,8810227187fffff
1081,88102271a5fffff
1082,88102252c3fffff
1083,8810224ac5fffff
1084,8810224263fffff
1085,8810226333fffff
1086,881031a321fffff
1087,8810224dc3fffff
1088,8810225b17fffff
1089,8810224a0dfffff
1090,881031b733fffff
1091,88103194bbfffff
1092,881022425dfffff
1093,88102244a5fffff
1094,881031876bfffff
1095,8810224815fffff
1096,881031b639fffff
1097,88102246e3fffff
1098,8810225955fffff
1099,8810352eebfffff
1100,8810224e95fffff
1101,8810319437fffff
1102,88103195a5fffff
1103,8810224529fffff
1104,881031972bfffff
1105,8810227a57fffff
1106,8810224853fffff
1107,88103525a9fffff
1108,8810227a5dfffff
1109,8810319709fffff
1110,8810225001fffff
1111,8810224c89fffff
1112,8810352401fffff
1113,8810224085fffff
1114,8810225263fffff
1115,8810224669fffff
1116,881022cd25fffff
1117,8810352727fffff
1118,88102250a1fffff
1119,881031969dfffff
1120,881022541bfffff
1121,881022626dfffff
1122,8810225137fffff
1123,8810225067fffff
1124,88102259a1fffff
1125,881031b5c1fffff
1126,8810225651fffff
1127,8810220987fffff
1128,8810224e4bfffff
1129,88102244a1fffff
1130,8810319589fffff
1131,8810352445fffff
1132,8810220b29fffff
1133,88102249d3fffff
1134,8810225159fffff
1135,8810224ce7fffff
1136,881031bb47fffff
1137,8810221901fffff
1138,88103526d7fffff
1139,88102249e3fffff
1140,881022795dfffff
1141,8810220b0dfffff
1142,8810225043fffff
1143,8810220925fffff
1144,8810352c61fffff
1145,881031970bfffff
1146,8810318717fffff
1147,8810226a0dfffff
1148,88102258a5fffff
1149,8810224507fffff
1150,88102251bdfffff
1151,881031b551fffff
1152,881031872dfffff
1153,8810352c01fffff
1154,881022526dfffff
1155,881031964dfffff
1156,881022080dfffff
1157,8810319681fffff
1158,88103196b7fffff
1159,88103184c7fffff
1160,8810319683fffff
1161,8810319539fffff
1162,8810224a9bfffff
1163,8810224a53fffff
1164,8810318519fffff
1165,881031b021fffff
1166,8810220a2bfffff
1167,88102261e7fffff
1168,8810352de5fffff
1169,8810224149fffff
1170,88102251d3fffff
1171,8810318697fffff
1172,88102271bdfffff
1173,881022533dfffff
1174,881031b09bfffff
1175,881031b21dfffff
1176,881031bb29fffff
1177,881031b423fffff
1178,8810226a17fffff
1179,8810352e31fffff
1180,8810225733fffff
1181,8810318765fffff
1182,881022591bfffff
1183,88102209e1fffff
1184,8810352dd9fffff
1185,8810224f07fffff
1186,8810224719fffff
1187,881031bac5fffff
1188,88103186c1fffff
1189,8810225b3dfffff
1190,8810227895fffff
1191,8810352661fffff
1192,88102279e9fffff
1193,88102255a1fffff
1194,881022cc23fffff
1195,88102259b7fffff
1196,8810221921fffff
1197,88102248d7fffff
1198,881031855bfffff
1199,88102244edfffff
1200,8810224cddfffff
1201,8810319631fffff
1202,8810224281fffff
1203,88102248c9fffff
1204,8810224aadfffff
1205,8810220b3dfffff
1206,88102256a1fffff
1207,88102278edfffff
1208,8810225881fffff
1209,881031b83dfffff
1210,8810226147fffff
1211,881022c9bdfffff
1212,8810225667fffff
1213,8810352c21fffff
1214,8810319595fffff
1215,8810224137fffff
1216,8810224d17fffff
1217,8810225065fffff
1218,88103520b7fffff
1219,8810224945fffff
1220,8810224405fffff
1221,881022569dfffff
1222,881022570dfffff
1223,8810220945fffff
1224,8810225347fffff
1225,881031bacbfffff
1226,8810226337fffff
1227,8810220913fffff
1228,881031b161fffff
1229,8810352d8bfffff
1230,881022cca3fffff
1231,881022504bfffff
1232,881031b747fffff
1233,8810224689fffff
1234,8810352f17fffff
1235,88103524a7fffff
1236,8810224f09fffff
1237,88102255bdfffff
1238,88102248c1fffff
1239,881031971dfffff
1240,88102241edfffff
1241,8810224403fffff
1242,8810225183fffff
1243,8810225119fffff
1244,8810227267fffff
1245,881031b449fffff
1246,8810352dbbfffff
1247,8810224cd3fffff
1248,881031b559fffff
1249,88103524bdfffff
1250,8810224447fffff
1251,88102241b3fffff
1252,88102279abfffff
1253,88103186ebfffff
1254,881031b533fffff
1255,8810224117fffff
1256,8810225369fffff
1257,8810227823fffff
1258,88102259d7fffff
1259,881031b2d7fffff
1260,881031b0e9fffff
1261,8810220a4bfffff
1262,8810319409fffff
1263,881022496bfffff
1264,8810352d97fffff
1265,8810224103fffff
1266,88102255b9fffff
1267,881031b0adfffff
1268,88102278c1fffff
1269,8810225401fffff
1270,881022ccedfffff
1271,8810225b51fffff
1272,881031ba81fffff
1273,88103184c5fffff
1274,88102249adfffff
1275,881031b0bdfffff
1276,881031ba45fffff
1277,881031b8c3fffff
1278,8810226a47fffff
1279,88103526e9fffff
1280,88103520e1fffff
1281,8810224827fffff
1282,8810225a69fffff
1283,8810224ebbfffff
1284,881031b369fffff
1285,8810224ee9fffff
1286,8810227843fffff
1287,8810319457fffff
1288,8810224705fffff
1289,8810225a2bfffff
1290,881022465bfffff
1291,8810225abbfffff
1292,88103520b1fffff
1293,881031b285fffff
1294,8810225681fffff
1295,8810225435fffff
1296,8810225995fffff
1297,881031ba49fffff
1298,8810352f03fffff
1299,8810352dadfffff
1300,881031b61dfffff
1301,8810224511fffff
1302,881031b2a3fffff
1303,881031a315fffff
1304,881022cd31fffff
1305,8810224a87fffff
1306,8810224661fffff
1307,881022c985fffff
1308,8810224f1dfffff
1309,88103184ddfffff
1310,8810227ad1fffff
1311,8810221915fffff
1312,8810227b39fffff
1313,881031b51bfffff
1314,8810224949fffff
1315,8810225253fffff
1316,8810352c03fffff
1317,8810220969fffff
1318,8810224d23fffff
1319,8810224645fffff
1320,881031ba39fffff
1321,8810224d47fffff
1322,881031b147fffff
1323,8810224627fffff
1324,8810352e19fffff
1325,88102258ddfffff
1326,8810352ce7fffff
1327,8810352451fffff
1328,8810225329fffff
1329,8810224ea3fffff
1330,88102244c3fffff
1331,88102271adfffff
1332,881031a209fffff
1333,881031b863fffff
1334,881022cd2dfffff
1335,8810352533fffff
1336,8810224087fffff
1337,88103186d1fffff
1338,881031bab1fffff
1339,881031bb59fffff
1340,8810224da7fffff
1341,8810227a09fffff
1342,8810224839fffff
1343,881022c8abfffff
1344,8810220b1bfffff
1345,881031974dfffff
1346,8810224b49fffff
1347,8810224495fffff
1348,88102246cbfffff
1349,8810224cd9fffff
1350,881031ba19fffff
1351,8810227ab9fffff
1352,881031a303fffff
1353,881031b129fffff
1354,8810224a5dfffff
1355,8810352513fffff
1356,8810352c5dfffff
1357,881031b02bfffff
1358,8810224eb9fffff
1359,881031968dfffff
1360,8810224f29fffff
1361,881031b849fffff
1362,8810352435fffff
1363,8810225a65fffff
1364,881035259bfffff
1365,881022c997fffff
1366,8810224b63fffff
1367,881031b8c5fffff
1368,881022c885fffff
1369,8810352e93fffff
1370,8810227959fffff
1371,881031b2b3fffff
1372,881031a325fffff
1373,8810220a2dfffff
1374,8810224e85fffff
1375,8810224ca5fffff
1376,8810227a1bfffff
1377,8810225317fffff
1378,881031b0a5fffff
1379,8810220a67fffff
1380,88102250d9fffff
1381,8810224ad5fffff
1382,8810227abdfffff
1383,881022086dfffff
1384,8810226329fffff
1385,88103524a3fffff
1386,8810227ad3fffff
1387,881031b719fffff
1388,8810225429fffff
1389,8810224153fffff
1390,8810225823fffff
1391,881022419bfffff
1392,8810224b57fffff
1393,88102245d1fffff
1394,8810352d17fffff
1395,88103196b3fffff
1396,881022090dfffff
1397,88102251dbfffff
1398,8810224f51fffff
1399,8810318627fffff
1400,88102209ebfffff
1401,8810225a41fffff
1402,881031b167fffff
1403,881022548bfffff
1404,88102249b9fffff
1405,881022785dfffff
1406,8810225345fffff
1407,8810352db9fffff
1408,8810319593fffff
1409,8810220865fffff
1410,8810318445fffff
1411,8810224213fffff
1412,8810224a01fffff
1413,8810224119fffff
1414,8810225729fffff
1415,881022471dfffff
1416,8810221907fffff
1417,88102258c3fffff
1418,881022545dfffff
1419,8810224f37fffff
1420,8810227a2dfffff
1421,881031b465fffff
1422,881022cdddfffff
1423,8810224eebfffff
1424,881022526bfffff
1425,8810225ab9fffff
1426,8810224e57fffff
1427,88102244e9fffff
1428,8810224525fffff
1429,8810224301fffff
1430,88102250c9fffff
1431,881022410bfffff
1432,88102249a5fffff
1433,881022468dfffff
1434,8810220a47fffff
1435,88102254adfffff
1436,88102240b7fffff
1437,88102258c5fffff
1438,8810224121fffff
1439,8810352e41fffff
1440,8810224653fffff
1441,88102259b9fffff
1442,881031b5c5fffff
1443,8810224735fffff
1444,8810225093fffff
1445,881022cc3dfffff
1446,881031b88bfffff
1447,88102242a1fffff
1448,881022410dfffff
1449,881022795bfffff
1450,8810352ea5fffff
1451,8810226123fffff
1452,8810226369fffff
1453,88103185cdfffff
1454,88102240b9fffff
1455,8810225a11fffff
1456,881022405dfffff
1457,88102246b5fffff
1458,8810227b31fffff
1459,8810226321fffff
1460,8810224649fffff
1461,8810224041fffff
1462,881022440bfffff
1463,8810227029fffff
1464,881031b263fffff
1465,8810352d0dfffff
1466,88102240a9fffff
1467,8810227ad9fffff
1468,881022cce5fffff
1469,881031b15dfffff
1470,8810224167fffff
1471,881022095dfffff
1472,881035241bfffff
1473,88103524d9fffff
1474,881031b60dfffff
1475,8810226113fffff
1476,8810224d13fffff
1477,88102250dbfffff
1478,8810226331fffff
1479,881031b131fffff
1480,8810225727fffff
1481,881022434dfffff
1482,8810352539fffff
1483,881031875bfffff
1484,881031845bfffff
1485,8810352c53fffff
1486,8810227815fffff
1487,8810224c39fffff
1488,881031b067fffff
1489,881031bab9fffff
1490,881031958dfffff
1491,8810225521fffff
1492,8810352501fffff
1493,8810352eb3fffff
1494,88102254e1fffff
1495,8810319449fffff
1496,88102244cdfffff
1497,8810225a8bfffff
1498,88103195c9fffff
1499,88102251cbfffff
1500,8810225845fffff
1501,88103525cbfffff
1502,881031bb1bfffff
1503,8810224639fffff
1504,8810224831fffff
1505,881031ba93fffff
1506,88103524d3fffff
1507,8810224963fffff
1508,881031b66dfffff
1509,88102254e9fffff
1510,8810227831fffff
1511,8810319769fffff
1512,8810352441fffff
1513,8810224eabfffff
1514,88102252b9fffff
1515,881031a36bfffff
1516,88102219b3fffff
1517,8810224b4bfffff
1518,8810352e67fffff
1519,8810224cadfffff
1520,8810318737fffff
1521,88102252b3fffff
1522,8810225b5dfffff
1523,8810224a89fffff
1524,8810318657fffff
1525,8810224f65fffff
1526,8810224e01fffff
1527,88102259e9fffff
1528,881022495bfffff
1529,8810319691fffff
1530,8810227a97fffff
1531,8810221961fffff
1532,881031ba99fffff
1533,881022564bfffff
1534,88102219adfffff
1535,881022cd9dfffff
1536,881022082dfffff
1537,8810224965fffff
1538,881022465dfffff
1539,881031b65bfffff
1540,88102259ddfffff
1541,8810224e53fffff
1542,88102241b9fffff
1543,8810224759fffff
1544,8810224b1bfffff
1545,881022cd1bfffff
1546,88102278a5fffff
1547,88102241d7fffff
1548,881031b811fffff
1549,8810220b25fffff
1550,8810352d99fffff
1551,88103196e5fffff
1552,881031a255fffff
1553,8810352edbfffff
1554,8810221935fffff
1555,8810224e61fffff
1556,88102259c5fffff
1557,881031b043fffff
1558,8810226a05fffff
1559,8810352097fffff
1560,8810225739fffff
1561,881031b605fffff
1562,8810224e19fffff
1563,8810225acbfffff
1564,8810224c63fffff
1565,881022522bfffff
1566,8810224c19fffff
1567,88102252c5fffff
1568,8810352549fffff
1569,88102250b1fffff
1570,881031b065fffff
1571,8810225469fffff
1572,881022614dfffff
1573,88102252bdfffff
1574,8810227b5dfffff
1575,88103524bbfffff
1576,881031b441fffff
1577,88102256a3fffff
1578,8810225281fffff
1579,88103525b3fffff
1580,881031b76bfffff
1581,88103524a5fffff
1582,8810226327fffff
1583,8810224013fffff
1584,8810224599fffff
1585,881031975dfffff
1586,881022490bfffff
1587,881022785bfffff
1588,8810224c03fffff
1589,8810318415fffff
1590,88103196adfffff
1591,8810224237fffff
1592,88102271edfffff
1593,88103195d5fffff
1594,881031945dfffff
1595,881031b42bfffff
1596,88102246c1fffff
1597,881031b8d5fffff
1598,8810225585fffff
1599,881022484bfffff
1600,8810225869fffff
1601,8810225ac7fffff
1602,8810352f19fffff
1603,881031b28dfffff
1604,8810224aa5fffff
1605,881031b205fffff
1606,88102240a1fffff
1607,88102242d9fffff
1608,8810224c93fffff
1609,881031b607fffff
1610,8810227313fffff
1611,8810225181fffff
1612,881031b0c5fffff
1613,881022556bfffff
1614,88102249c9fffff
1615,881022094bfffff
1616,8810318435fffff
1617,8810221967fffff
1618,88102209a7fffff
1619,881022585bfffff
1620,8810225a35fffff
1621,88102252d3fffff
1622,88102250c7fffff
1623,881031864dfffff
1624,881031b651fffff
1625,8810352493fffff
1626,881022cd21fffff
1627,8810224ac1fffff
1628,881031b107fffff
1629,8810224727fffff
1630,8810224051fffff
1631,88103194d5fffff
1632,881031b005fffff
1633,8810224f23fffff
1634,881022c9abfffff
1635,88102250b9fffff
1636,881031951bfffff
1637,881031babbfffff
1638,881031b62bfffff
1639,881031b4e7fffff
1640,8810225a27fffff
1641,88103520a9fffff
1642,88102255c9fffff
1643,881022543dfffff
1644,8810318417fffff
1645,88103192d9fffff
1646,8810220b6dfffff
1647,8810224e27fffff
1648,881031a2ddfffff
1649,8810227333fffff
1650,881031babdfffff
1651,881031829dfffff
1652,8810319435fffff
1653,88102245abfffff
1654,881031b24bfffff
1655,8810225b67fffff
1656,88103184e1fffff
1657,881022c9e3fffff
1658,8810225907fffff
1659,8810319551fffff
1660,8810220b03fffff
1661,8810319717fffff
1662,8810318735fffff
1663,8810224093fffff
1664,881031b251fffff
1665,881031a239fffff
1666,8810224c1dfffff
1667,8810352de1fffff
1668,88102278e7fffff
1669,881022580bfffff
1670,88102259dbfffff
1671,88102244b9fffff
1672,881031b515fffff
1673,88102245c5fffff
1674,881031b1c5fffff
1675,881022452bfffff
1676,8810227129fffff
1677,8810352dddfffff
1678,88102240d1fffff
1679,88102259d5fffff
1680,88102279a1fffff
1681,8810352db5fffff
1682,8810220a23fffff
1683,8810352dbdfffff
1684,8810224ed5fffff
1685,88102249b3fffff
1686,8810224a99fffff
1687,8810352cadfffff
1688,88102259a9fffff
1689,88102245d9fffff
1690,8810227891fffff
1691,881035242dfffff
1692,8810318439fffff
1693,881031b155fffff
1694,88102219d5fffff
1695,8810226167fffff
1696,881031b603fffff
1697,88103186c3fffff
1698,8810224ca1fffff
1699,88103184d5fffff
1700,8810224dadfffff
1701,88102251d5fffff
1702,8810352439fffff
1703,88102241c7fffff
1704,8810225033fffff
1705,881022546dfffff
1706,88102255d3fffff
1707,881031b0e1fffff
1708,8810224841fffff
1709,881031ba43fffff
1710,8810225a91fffff
1711,881031b4adfffff
1712,8810319537fffff
1713,8810352d55fffff
1714,8810225343fffff
1715,8810352561fffff
1716,8810225545fffff
1717,8810225b1dfffff
1718,8810225497fffff
1719,8810220b55fffff
1720,881031b135fffff
1721,88102209c5fffff
1722,881031bb13fffff
1723,8810224509fffff
1724,8810225947fffff
1725,881031a307fffff
1726,88103525e5fffff
1727,881022c887fffff
1728,88102255ddfffff
1729,8810319453fffff
1730,8810225431fffff
1731,8810224215fffff
1732,881031b519fffff
1733,8810227845fffff
1734,8810224765fffff
1735,881022cd3dfffff
1736,881022715dfffff
1737,8810318641fffff
1738,8810227a0bfffff
1739,8810318613fffff
1740,8810319663fffff
1741,88103185d1fffff
1742,8810220b61fffff
1743,8810224659fffff
1744,88103195a7fffff
1745,881022483dfffff
1746,88103525c1fffff
1747,881031a265fffff
1748,881031b259fffff
1749,881031b047fffff
1750,88102271a7fffff
1751,8810225063fffff
1752,881031b08dfffff
1753,881031b03bfffff
1754,8810224425fffff
1755,8810225a99fffff
1756,8810224147fffff
1757,8810220a6bfffff
1758,881031b43bfffff
1759,8810319667fffff
1760,8810352c19fffff
1761,8810352f2dfffff
1762,8810225593fffff
1763,8810220b11fffff
1764,8810225005fffff
1765,88102241e5fffff
1766,8810318425fffff
1767,8810225035fffff
1768,881022584bfffff
1769,8810224da5fffff
1770,8810224299fffff
1771,8810224ae9fffff
1772,8810226185fffff
1773,8810224d61fffff
1774,8810225731fffff
1775,881022cd93fffff
1776,88102279c9fffff
1777,88102255ebfffff
1778,881031b14dfffff
1779,88102241a7fffff
1780,8810227319fffff
1781,8810224939fffff
1782,881022518dfffff
1783,881031b29dfffff
1784,8810225a31fffff
1785,8810224e49fffff
1786,881031949dfffff
1787,8810226b5bfffff
1788,8810225b23fffff
1789,8810352da5fffff
1790,8810224e9dfffff
1791,8810224683fffff
1792,881022714bfffff
1793,88102252b1fffff
1794,8810225a85fffff
1795,8810318411fffff
1796,8810224b69fffff
1797,881031973dfffff
1798,8810226a55fffff
1799,8810226addfffff
1800,881031b037fffff
1801,8810225961fffff
1802,8810226a4dfffff
1803,88103186e5fffff
1804,8810226349fffff
1805,8810224739fffff
1806,88103195c3fffff
1807,8810220b47fffff
1808,881031962bfffff
1809,8810224569fffff
1810,8810224365fffff
1811,8810224851fffff
1812,8810318759fffff
1813,881031b311fffff
1814,8810225245fffff
1815,88102244c1fffff
1816,8810227b23fffff
1817,88102248cbfffff
1818,8810220947fffff
1819,88102258c1fffff
1820,8810319553fffff
1821,8810352699fffff
1822,881031b105fffff
1823,8810352ec1fffff
1824,881031970dfffff
1825,8810225543fffff
1826,8810318405fffff
1827,881031a26bfffff
1828,881031b74bfffff
1829,8810225a5dfffff
1830,8810224e35fffff
1831,881031865bfffff
1832,881022635bfffff
1833,88102251abfffff
1834,8810224701fffff
1835,8810225913fffff
1836,881022445bfffff
1837,88103194b3fffff
1838,881035240bfffff
1839,8810224ad7fffff
1840,881031b243fffff
1841,8810227a37fffff
1842,8810227b09fffff
1843,8810352459fffff
1844,88103185c7fffff
1845,88102279edfffff
1846,881022713dfffff
1847,881031a359fffff
1848,8810227367fffff
1849,8810318469fffff
1850,8810227829fffff
1851,8810227a35fffff
1852,8810225827fffff
1853,8810319533fffff
1854,8810224235fffff
1855,8810352c33fffff
1856,881022c8b7fffff
1857,88102254c3fffff
1858,881022474bfffff
1859,881031b343fffff
1860,8810224e11fffff
1861,881022789dfffff
1862,8810224101fffff
1863,881022cde9fffff
1864,881031bb43fffff
1865,881031963bfffff
1866,8810224eddfffff
1867,881022cdc9fffff
1868,881022530bfffff
1869,8810352ebbfffff
1870,8810225a4dfffff
1871,8810225165fffff
1872,881031b18dfffff
1873,881022c9d7fffff
1874,881031b757fffff
1875,8810224957fffff
1876,8810226343fffff
1877,8810224889fffff
1878,881022c98bfffff
1879,8810226141fffff
1880,8810352431fffff
1881,8810352d83fffff
1882,8810227163fffff
1883,8810224181fffff
1884,8810220a65fffff
1885,8810224e67fffff
1886,8810352da1fffff
1887,8810227857fffff
1888,881022613dfffff
1889,8810225ac1fffff
1890,88102250cbfffff
1891,8810319749fffff
1892,8810225601fffff
1893,8810319445fffff
1894,8810224db5fffff
1895,881031b22dfffff
1896,8810220b45fffff
1897,88102244e3fffff
1898,881031b4a9fffff
1899,881022582bfffff
1900,8810352f21fffff
1901,88102248e9fffff
1902,8810224a59fffff
1903,88102246b3fffff
1904,88102279a5fffff
1905,8810225687fffff
1906,8810224ac3fffff
1907,8810226a89fffff
1908,8810224223fffff
1909,8810224053fffff
1910,88103195e7fffff
1911,881031b00dfffff
1912,8810224697fffff
1913,881022400bfffff
1914,8810224855fffff
1915,88102209e5fffff
1916,8810225a9dfffff
1917,8810226301fffff
1918,88102252e3fffff
1919,8810227919fffff
1920,881022419dfffff
1921,881031ba6dfffff
1922,8810227ae7fffff
1923,881022463dfffff
1924,881031b1cbfffff
1925,8810224a17fffff
1926,881031b1b3fffff
1927,8810220b17fffff
1928,8810227143fffff
1929,8810224f6dfffff
1930,8810318409fffff
1931,881031b467fffff
1932,88102245cbfffff
1933,88103184a9fffff
1934,8810224e23fffff
1935,8810220b5dfffff
1936,881031b109fffff
1937,8810224ce3fffff
1938,8810318625fffff
1939,8810225883fffff
1940,881022492bfffff
1941,881031b751fffff
1942,881031b193fffff
1943,881022494bfffff
1944,88103194a1fffff
1945,8810225953fffff
1946,88102258b7fffff
1947,8810352d11fffff
1948,881022430dfffff
1949,88102259b3fffff
1950,881022cdc5fffff
1951,8810224497fffff
1952,8810224691fffff
1953,8810227807fffff
1954,8810225569fffff
1955,881022719dfffff
1956,8810226a51fffff
1957,881031b091fffff
1958,8810225901fffff
1959,88102249a7fffff
1960,8810224d07fffff
1961,881031b861fffff
1962,88103526d9fffff
1963,8810224055fffff
1964,88103186e1fffff
1965,88102254a3fffff
1966,88102256b5fffff
1967,8810226f43fffff
1968,88102252c9fffff
1969,881022511dfffff
1970,88102244c5fffff
1971,8810227963fffff
1972,88103194b7fffff
1973,88102209a3fffff
1974,881031b253fffff
1975,8810225813fffff
1976,8810224843fffff
1977,881022428dfffff
1978,8810227069fffff
1979,881031b325fffff
1980,88103525a7fffff
1981,88102246adfffff
1982,881031b843fffff
1983,8810225665fffff
1984,8810352cc7fffff
1985,881031b76dfffff
1986,88102250b7fffff
1987,8810224e03fffff
1988,8810224197fffff
1989,8810319483fffff
1990,8810225237fffff
1991,8810227911fffff
1992,88103195cdfffff
1993,881031b81bfffff
1994,881031a32dfffff
1995,8810319433fffff
1996,881022574bfffff
1997,88103186a7fffff
1998,881031ba1bfffff
1999,881031b30dfffff
2000,8810224e91fffff
2001,881022589bfffff
2002,8810225a6bfffff
2003,88102240a3fffff
2004,8810352dc1fffff
2005,8810225611fffff
2006,881031955dfffff
2007,8810224a81fffff
2008,88102278d9fffff
2009,8810225ac9fffff
2010,8810227951fffff
2011,8810224abdfffff
2012,88102244d7fffff
2013,8810352d8dfffff
2014,881031b525fffff
2015,8810224da1fffff
2016,8810227343fffff
2017,88102279ddfffff
2018,88103195bbfffff
2019,8810224931fffff
2020,8810318749fffff
2021,88102241adfffff
2022,8810352437fffff
2023,88103524c5fffff
2024,8810352605fffff
2025,8810224f4dfffff
2026,8810225305fffff
2027,88102209b1fffff
2028,8810225447fffff
2029,881031b421fffff
2030,881031b029fffff
2031,88102209cdfffff
2032,88103185b3fffff
2033,881031bab3fffff
2034,88102256b1fffff
2035,881031a349fffff
2036,881031a30dfffff
2037,8810352635fffff
2038,88102219d7fffff
2039,8810224e5dfffff
2040,8810220989fffff
2041,881031b189fffff
2042,8810225a95fffff
2043,8810226a6dfffff
2044,881031859dfffff
2045,8810227997fffff
2046,88103194b5fffff
2047,881031b2d9fffff
2048,8810226041fffff
2049,88102271c5fffff
2050,88102240bdfffff
2051,881031b2adfffff
2052,8810318711fffff
2053,8810224acbfffff
2054,88102256cbfffff
2055,881031b435fffff
2056,881022453dfffff
2057,881031b19bfffff
2058,8810224e13fffff
2059,881031a253fffff
2060,8810224a4bfffff
2061,88103186e3fffff
2062,881031b547fffff
2063,881031ba35fffff
2064,8810352f05fffff
2065,8810220b37fffff
2066,881031821bfffff
2067,8810224b2bfffff
2068,8810225919fffff
2069,8810227a55fffff
2070,8810352421fffff
2071,8810225645fffff
2072,881022434bfffff
2073,8810352497fffff
2074,88102209d5fffff
2075,8810227195fffff
2076,8810226121fffff
2077,8810224427fffff
2078,8810224a8bfffff
2079,881031b75dfffff
2080,8810226045fffff
2081,881022475bfffff
2082,88102258c9fffff
2083,8810224817fffff
2084,8810224b5dfffff
2085,8810319701fffff
2086,88102242cdfffff
2087,881022442dfffff
2088,8810224567fffff
2089,8810352c41fffff
2090,8810225ac5fffff
2091,88103184e5fffff
2092,8810224747fffff
2093,8810352491fffff
2094,88102259a5fffff
2095,8810224593fffff
2096,88102245bdfffff
2097,8810318281fffff
2098,8810224835fffff
2099,8810220921fffff
2100,88102246d5fffff
2101,8810227993fffff
2102,8810225981fffff
2103,8810224addfffff
2104,88102258b3fffff
2105,881031baa5fffff
2106,8810227945fffff
2107,8810225499fffff
2108,881031b8e1fffff
2109,88102245c3fffff
2110,88102218a7fffff
2111,8810352e4bfffff
2112,881031b09dfffff
2113,881031b809fffff
2114,8810227183fffff
2115,8810352581fffff
2116,88102258e7fffff
2117,8810224f0bfffff
2118,881031b6c3fffff
2119,8810319517fffff
2120,8810225aabfffff
2121,88103196c7fffff
2122,8810226269fffff
2123,8810224c99fffff
2124,8810224533fffff
2125,8810227b6bfffff
2126,881031b451fffff
2127,8810226a07fffff
2128,8810352017fffff
2129,88103184d1fffff
2130,881031b001fffff
2131,88102251c3fffff
2132,8810352d0bfffff
2133,881022531dfffff
2134,8810224443fffff
2135,8810227121fffff
2136,88103195d9fffff
2137,88103182c7fffff
2138,881031b453fffff
2139,88102248ebfffff
2140,8810225735fffff
2141,881035275bfffff
2142,881022715bfffff
2143,88102279adfffff
2144,8810224313fffff
2145,8810224925fffff
2146,881031b19dfffff
2147,8810319491fffff
2148,88102271d7fffff
2149,881031bae3fffff
2150,88103184b9fffff
2151,88102209c7fffff
2152,88102279e5fffff
2153,8810225143fffff
2154,8810225817fffff
2155,881022798bfffff
2156,88102278c3fffff
2157,881022732bfffff
2158,8810227369fffff
2159,8810226119fffff
2160,8810226339fffff
2161,881031862dfffff
2162,8810224767fffff
2163,881031b6d1fffff
2164,8810227193fffff
2165,88103184c3fffff
2166,881031a32bfffff
2167,8810352c9dfffff
2168,8810227353fffff
2169,8810352e63fffff
2170,8810225587fffff
2171,881022732dfffff
2172,881031b8c9fffff
2173,8810352ee9fffff
2174,8810352555fffff
2175,8810224b6bfffff
2176,88102255b3fffff
2177,8810225151fffff
2178,8810224c57fffff
2179,881031943bfffff
2180,8810226009fffff
2181,8810225197fffff
2182,88103184d9fffff
2183,881022c9a7fffff
2184,88102241a5fffff
2185,8810318485fffff
2186,881022796dfffff
2187,881022596dfffff
2188,881031b85bfffff
2189,881022613bfffff
2190,88102252d9fffff
2191,8810224341fffff
2192,881031bb0bfffff
2193,8810225255fffff
2194,8810224c37fffff
2195,8810225307fffff
2196,881031b02dfffff
2197,881031b86dfffff
2198,8810225897fffff
2199,8810352e6bfffff
2200,8810225147fffff
2201,881022563dfffff
2202,88103525a5fffff
2203,8810224a57fffff
2204,881031b32dfffff
2205,881022423bfffff
2206,8810225439fffff
2207,881022092bfffff
2208,8810224a31fffff
2209,881031b54dfffff
2210,88103526bdfffff
2211,88103186e7fffff
2212,8810226025fffff
2213,8810227885fffff
2214,881022420bfffff
2215,881031869dfffff
2216,881031944bfffff
2217,88102252d7fffff
2218,881031b617fffff
2219,8810224545fffff
2220,881031a2c9fffff
2221,8810319625fffff
2222,88103194a5fffff
2223,8810319459fffff
2224,8810352e61fffff
2225,881022583dfffff
2226,8810224419fffff
2227,881022c99dfffff
2228,881031b83bfffff
2229,8810224b3bfffff
2230,8810224db3fffff
2231,8810318441fffff
2232,8810225115fffff
2233,8810225287fffff
2234,8810225987fffff
2235,881031ba17fffff
2236,881031b359fffff
2237,8810227a31fffff
2238,8810224f69fffff
2239,8810319455fffff
2240,88102240bbfffff
2241,8810226135fffff
2242,881031841dfffff
2243,88103525e7fffff
2244,8810225415fffff
2245,8810227041fffff
2246,88102254c5fffff
2247,881035246dfffff
2248,8810224b51fffff
2249,881022196dfffff
2250,88103526d1fffff
2251,881031a25dfffff
2252,881022c9bbfffff
2253,8810352cd5fffff
2254,881022631dfffff
2255,8810318407fffff
2256,8810224823fffff
2257,8810227b49fffff
2258,881022196bfffff
2259,88102241b1fffff
2260,8810352c49fffff
2261,881031b531fffff
2262,8810352535fffff
2263,881022594dfffff
2264,881031b353fffff
2265,8810225915fffff
2266,88102258d5fffff
2267,88103521dbfffff
2268,88103194c9fffff
2269,881031bac3fffff
2270,88102219a5fffff
2271,881031b4e9fffff
2272,881022ccb1fffff
2273,881031b80dfffff
2274,8810224027fffff
2275,8810352711fffff
2276,88102245adfffff
2277,8810227a43fffff
2278,881022421bfffff
2279,8810225195fffff
2280,88102249bdfffff
2281,8810225081fffff
2282,8810224547fffff
2283,8810225b39fffff
2284,8810224d4bfffff
2285,881031b8e7fffff
2286,88103195d7fffff
2287,8810225a19fffff
2288,881022473bfffff
2289,8810225589fffff
2290,881031b541fffff
2291,8810220a25fffff
2292,8810226a5dfffff
2293,881022599dfffff
2294,88102241bbfffff
2295,8810227a2bfffff
2296,88102279e3fffff
2297,8810224709fffff
2298,8810224d49fffff
2299,8810227b13fffff
2300,8810224cb3fffff
2301,88102259c9fffff
2302,8810226365fffff
2303,8810225a15fffff
2304,8810220959fffff
2305,881031bb1dfffff
2306,88102271a3fffff
2307,8810224b05fffff
2308,8810227935fffff
2309,881031b721fffff
2310,88102242d1fffff
2311,8810352565fffff
2312,881031b409fffff
2313,88102209c3fffff
2314,881031a269fffff
2315,881031ba53fffff
2316,881022501bfffff
2317,8810227aebfffff
2318,88102255d7fffff
2319,88103196d9fffff
2320,8810319743fffff
2321,8810224ae7fffff
2322,8810221917fffff
2323,881031b117fffff
2324,8810319419fffff
2325,881031b0e3fffff
2326,8810226a2dfffff
2327,8810224e6bfffff
2328,8810352da9fffff
2329,881022190dfffff
2330,8810224c4dfffff
2331,881031b1b5fffff
2332,8810318719fffff
2333,881022422bfffff
2334,8810227a3dfffff
2335,8810224539fffff
2336,88102255adfffff
2337,88102261ebfffff
2338,88103184a5fffff
2339,8810227b27fffff
2340,881031974bfffff
2341,88102248e5fffff
2342,881022786bfffff
2343,881022541dfffff
2344,881031b1e5fffff
2345,8810225a59fffff
2346,8810226149fffff
2347,881022421dfffff
2348,8810224a45fffff
2349,8810352e65fffff
2350,8810352d09fffff
2351,8810225693fffff
2352,88102241ebfffff
2353,881022598dfffff
2354,88102252d5fffff
2355,8810226103fffff
2356,881031a263fffff
2357,8810319619fffff
2358,8810225365fffff
2359,8810224f45fffff
2360,881022730bfffff
2361,88103192d3fffff
2362,88103195a9fffff
2363,8810224c67fffff
2364,881022712dfffff
2365,88102271a9fffff
2366,8810224ee3fffff
2367,8810220b27fffff
2368,88102279d5fffff
2369,881031b50dfffff
2370,8810220835fffff
2371,881031843dfffff
2372,881031b40bfffff
2373,88102261b5fffff
2374,881022508dfffff
2375,8810225a97fffff
2376,8810224b41fffff
2377,8810227953fffff
2378,881031ba27fffff
2379,8810224d99fffff
2380,881022594bfffff
2381,8810225853fffff
2382,881031b641fffff
2383,8810319713fffff
2384,88102254cbfffff
2385,881031ba9bfffff
2386,8810220981fffff
2387,88102252adfffff
2388,881022534dfffff
2389,8810224d8bfffff
2390,8810227ac5fffff
2391,8810225a43fffff
2392,881022448dfffff
2393,8810352ed1fffff
2394,8810224625fffff
2395,8810318591fffff
2396,8810227ae9fffff
2397,88102246ddfffff
2398,8810225125fffff
2399,8810227ab7fffff
2400,8810318743fffff
2401,88102250e7fffff
2402,8810224b19fffff
2403,8810318751fffff
2404,88102219b7fffff
2405,881031b68dfffff
2406,8810227909fffff
2407,881031b1bbfffff
2408,8810224621fffff
2409,8810226181fffff
2410,8810224aa9fffff
2411,8810224e9bfffff
2412,881031b457fffff
2413,88103520b5fffff
2414,881031b317fffff
2415,8810224807fffff
2416,8810224895fffff
2417,8810224b25fffff
2418,8810224e41fffff
2419,8810224537fffff
2420,8810224ca7fffff
2421,88103525abfffff
2422,88102278c9fffff
2423,88102278cbfffff
2424,88103525d1fffff
2425,881031a20bfffff
2426,88103526b1fffff
2427,8810224d27fffff
2428,881022513dfffff
2429,88102219b5fffff
2430,88103526a5fffff
2431,881031958bfffff
2432,881022093bfffff
2433,881022780bfffff
2434,8810318403fffff
2435,8810224597fffff
2436,8810227b67fffff
2437,881031971bfffff
2438,8810352f13fffff
2439,8810319293fffff
2440,881031a233fffff
2441,8810224431fffff
2442,8810224ed9fffff
2443,8810224e8dfffff
2444,8810227b59fffff
2445,8810318707fffff
2446,8810352483fffff
2447,8810225663fffff
2448,881031b8dbfffff
2449,8810227859fffff
2450,8810226245fffff
2451,8810220a21fffff
2452,8810225121fffff
2453,881031962dfffff
2454,8810319737fffff
2455,8810227947fffff
2456,881031b297fffff
2457,8810227155fffff
2458,8810319499fffff
2459,8810352dd3fffff
2460,88102255a3fffff
2461,881031ba33fffff
2462,8810227aa5fffff
2463,8810352c2bfffff
2464,8810225a01fffff
2465,8810226359fffff
2466,8810224845fffff
2467,8810224821fffff
2468,881022436dfffff
2469,8810318459fffff
2470,88102279cdfffff
2471,8810225adbfffff
2472,881031a2cdfffff
2473,881022722dfffff
2474,881031841bfffff
2475,88102258d7fffff
2476,8810227b65fffff
2477,8810224913fffff
2478,8810225649fffff
2479,88102261c5fffff
2480,881031b209fffff
2481,881031b70dfffff
2482,88102240a5fffff
2483,8810224635fffff
2484,8810224a23fffff
2485,881022c9e5fffff
2486,881031b333fffff
2487,88102259a3fffff
2488,88102259e3fffff
2489,8810224551fffff
2490,8810220b2dfffff
2491,881031baabfffff
2492,881022415dfffff
2493,88102258cbfffff
2494,881031b759fffff
2495,8810224a11fffff
2496,8810225153fffff
2497,8810352d5bfffff
2498,881035266dfffff
2499,8810352ec7fffff
2500,881022cce9fffff
2501,881022540dfffff
2502,881031b847fffff
2503,88102248a3fffff
2504,8810225ae5fffff
2505,8810227b37fffff
2506,881022cce7fffff
2507,8810227a29fffff
2508,8810318513fffff
2509,881031871dfffff
2510,8810352c31fffff
2511,8810225837fffff
2512,881022cdd9fffff
2513,881022404bfffff
2514,8810319753fffff
2515,8810226341fffff
2516,881031b237fffff
2517,881022566bfffff
2518,8810224cc9fffff
2519,8810352449fffff
2520,8810352039fffff
2521,881031b443fffff
2522,8810227103fffff
2523,88103194c3fffff
2524,8810226f41fffff
2525,881022435dfffff
2526,8810352583fffff
2527,8810319695fffff
2528,88102255e1fffff
2529,8810225b63fffff
2530,881031b121fffff
2531,881031b13bfffff
2532,88102250cdfffff
2533,8810224b31fffff
2534,8810225a13fffff
2535,8810224343fffff
2536,88102246b7fffff
2537,88102245c7fffff
2538,88103185a3fffff
2539,881022781dfffff
2540,881022cda5fffff
2541,8810227825fffff
2542,8810227115fffff
2543,8810220a61fffff
2544,8810352e33fffff
2545,8810225b29fffff
2546,8810224609fffff
2547,881022ccb5fffff
2548,88103525c9fffff
2549,881031b111fffff
2550,8810352cc1fffff
2551,8810227191fffff
2552,88102252c7fffff
2553,88102254d5fffff
2554,8810352dc7fffff
2555,881031b187fffff
2556,881022c9a9fffff
2557,8810224e65fffff
2558,88102254b5fffff
2559,8810227aedfffff
2560,881031b555fffff
2561,8810225509fffff
2562,88103196d3fffff
2563,8810352d1bfffff
2564,8810352e01fffff
2565,881031a229fffff
2566,8810225841fffff
2567,8810224005fffff
2568,8810225615fffff
2569,8810226a41fffff
2570,8810220b3bfffff
2571,8810352695fffff
2572,88102244b7fffff
2573,8810225161fffff
2574,88102242c9fffff
2575,8810224707fffff
2576,881031b73dfffff
2577,88102244bbfffff
2578,881031b32bfffff
2579,881031a35dfffff
2580,881022444dfffff
2581,8810352657fffff
2582,88103195edfffff
2583,8810352467fffff
2584,8810224929fffff
2585,881022713bfffff
2586,88102241d3fffff
2587,88103520e7fffff
2588,8810220a69fffff
2589,8810227837fffff
2590,881022580dfffff
2591,881022404dfffff
2592,8810226a59fffff
2593,8810352423fffff
2594,881035258bfffff
2595,881031b6c5fffff
2596,881031b669fffff
2597,8810225939fffff
2598,881035269bfffff
2599,881022454dfffff
2600,8810225453fffff
2601,881022499dfffff
2602,8810224a47fffff
2603,8810224a41fffff
2604,8810352f25fffff
2605,8810227a87fffff
2606,881022553dfffff
2607,8810225505fffff
2608,8810318427fffff
2609,881031ba3bfffff
2610,8810224231fffff
2611,8810224513fffff
2612,881031b0cdfffff
2613,8810224ab1fffff
2614,88102249edfffff
2615,881022cd19fffff
2616,8810224143fffff
2617,8810224f53fffff
2618,88102256c3fffff
2619,8810318291fffff
2620,8810352527fffff
2621,8810352f3bfffff
2622,881031b16dfffff
2623,8810352d19fffff
2624,8810352ec5fffff
2625,8810224687fffff
2626,8810352e23fffff
2627,88102254cdfffff
2628,8810224e5bfffff
2629,88102256c5fffff
2630,8810224161fffff
2631,88102255cdfffff
2632,8810227b53fffff
2633,88102245ebfffff
2634,8810352c43fffff
2635,88102248b5fffff
2636,881031860dfffff
2637,881031b635fffff
2638,8810225591fffff
2639,881031b0d7fffff
2640,8810227247fffff
2641,881031840dfffff
2642,881022592dfffff
2643,88102258dbfffff
2644,881022569bfffff
2645,881022544dfffff
2646,8810226047fffff
2647,8810227aadfffff
2648,88102252ddfffff
2649,8810225a37fffff
2650,8810224911fffff
2651,8810220b51fffff
2652,88102244d5fffff
2653,881022481bfffff
2654,8810226109fffff
2655,8810226139fffff
2656,881031854bfffff
2657,8810226361fffff
2658,881031baa9fffff
2659,8810224615fffff
2660,881022633bfffff
2661,881031b425fffff
2662,8810227a9bfffff
2663,881031b2bdfffff
2664,8810319405fffff
2665,881022426bfffff
2666,8810227355fffff
2667,8810224193fffff
2668,881031b191fffff
2669,8810225609fffff
2670,881022582dfffff
2671,8810224dedfffff
2672,8810224997fffff
2673,88102252a1fffff
2674,8810224047fffff
2675,8810226a11fffff
2676,8810225867fffff
2677,8810226323fffff
2678,8810224f39fffff
2679,88102245ddfffff
2680,8810225319fffff
2681,881022731bfffff
2682,88102261a1fffff
2683,88102278c5fffff
2684,8810318555fffff
2685,881031a36dfffff
2686,8810224283fffff
2687,8810319461fffff
2688,8810319715fffff
2689,8810224563fffff
2690,881035263dfffff
2691,8810226ac5fffff
2692,881031b2bbfffff
2693,881031a341fffff
2694,8810226a03fffff
2695,88103195c1fffff
2696,88103196d5fffff
2697,8810224cd7fffff
2698,8810226f4dfffff
2699,881031b623fffff
2700,881022cda9fffff
2701,8810227117fffff
2702,8810227315fffff
2703,881022415bfffff
2704,8810224b27fffff
2705,881022573bfffff
2706,88103521d3fffff
2707,8810224695fffff
2708,8810224289fffff
2709,8810224ab7fffff
2710,8810227853fffff
2711,8810224233fffff
2712,8810225283fffff
2713,8810224039fffff
2714,8810352c97fffff
2715,8810352595fffff
2716,8810352627fffff
2717,88103194e7fffff
2718,8810227a33fffff
2719,881022519bfffff
2720,881022418dfffff
2721,881031b8ddfffff
2722,881022605dfffff
2723,881031b0b1fffff
2724,88102249d1fffff
2725,8810318683fffff
2726,8810318449fffff
2727,8810319599fffff
2728,881031baddfffff
2729,8810318299fffff
2730,8810225811fffff
2731,8810224e55fffff
2732,8810224d59fffff
2733,8810352c27fffff
2734,88102244b3fffff
2735,8810225129fffff
2736,881035249dfffff
2737,8810224aabfffff
2738,88103524e9fffff
2739,881031948bfffff
2740,881031b0dbfffff
2741,8810352ea3fffff
2742,881031b28bfffff
2743,8810220825fffff
2744,8810225341fffff
2745,8810224729fffff
2746,8810352c93fffff
2747,88102241a1fffff
2748,8810225a21fffff
2749,8810220a4dfffff
2750,8810352dabfffff
2751,881031ba29fffff
2752,8810224aa7fffff
2753,8810225a57fffff
2754,8810225b59fffff
2755,88102252edfffff
2756,881022794dfffff
2757,881031b743fffff
2758,881031ba3dfffff
2759,8810226a1dfffff
2760,8810224521fffff
2761,881031b8edfffff
2762,8810225701fffff
2763,8810225711fffff
2764,881031b25bfffff
2765,881031b1d9fffff
2766,8810318559fffff
2767,881035250dfffff
2768,88102250d5fffff
2769,8810226ad5fffff
2770,88102240cdfffff
2771,8810318643fffff
2772,8810352eadfffff
2773,8810224b61fffff
2774,88102251ebfffff
2775,88103194ddfffff
2776,8810225367fffff
2777,8810352ce5fffff
2778,8810227b43fffff
2779,8810224d1bfffff
2780,8810227835fffff
2781,881031bad5fffff
2782,88102254a1fffff
2783,8810226159fffff
2784,8810225215fffff
2785,8810319441fffff
2786,881031b281fffff
2787,8810352ccdfffff
2788,88102271e9fffff
2789,88102254e3fffff
2790,8810352737fffff
2791,8810352d49fffff
2792,881031b735fffff
2793,8810225225fffff
2794,8810352d47fffff
2795,88102242ebfffff
2796,881031a257fffff
2797,88102261e1fffff
2798,8810224abbfffff
2799,8810224091fffff
2800,88103526a9fffff
2801,8810225743fffff
2802,8810224db1fffff
2803,88102244a7fffff
2804,881031a361fffff
2805,8810352c6bfffff
2806,8810225639fffff
2807,88102258b5fffff
2808,881031b741fffff
2809,881031b801fffff
2810,8810318583fffff
2811,881022718bfffff
2812,8810352dcdfffff
2813,881031b2d3fffff
2814,8810224f13fffff
2815,8810225895fffff
2816,8810224157fffff
2817,8810227157fffff
2818,8810224b1dfffff
2819,88102255d1fffff
2820,8810318761fffff
2821,88103186b1fffff
2822,8810352611fffff
2823,8810352585fffff
2824,881035245bfffff
2825,881022472bfffff
2826,881022cde3fffff
2827,8810224a39fffff
2828,881031bad7fffff
2829,88103525ebfffff
2830,8810224863fffff
2831,881031b703fffff
2832,8810352e91fffff
2833,881031b2b5fffff
2834,88102240d9fffff
2835,881031b31bfffff
2836,8810352691fffff
2837,88102240d5fffff
2838,8810227a59fffff
2839,8810225559fffff
2840,88102259e1fffff
2841,881031b247fffff
2842,8810352197fffff
2843,8810319747fffff
2844,8810318213fffff
2845,8810225a25fffff
2846,88102245a5fffff
2847,8810224ca9fffff
2848,8810224657fffff
2849,8810224cbdfffff
2850,8810224733fffff
2851,8810352f23fffff
2852,881022cd81fffff
2853,8810225751fffff
2854,8810224411fffff
2855,8810224331fffff
2856,8810225a09fffff
2857,881031b349fffff
2858,8810225849fffff
2859,8810224e69fffff
2860,881022786dfffff
2861,8810224987fffff
2862,881022c981fffff
2863,88102278d1fffff
2864,8810224c65fffff
2865,8810224131fffff
2866,88102256a5fffff
2867,88103186d5fffff
2868,8810352c9bfffff
2869,8810319633fffff
2870,8810224169fffff
2871,8810225201fffff
2872,881031b367fffff
2873,8810225a23fffff
2874,881031bb15fffff
2875,88102271b5fffff
2876,881031a24bfffff
2877,8810224801fffff
2878,8810225b01fffff
2879,8810225b21fffff
2880,8810352403fffff
2881,881022411bfffff
2882,8810225991fffff
2883,881031b0c3fffff
2884,8810227327fffff
2885,881022483bfffff
2886,88102209e3fffff
2887,88103520b9fffff
2888,881031b199fffff
2889,881031b341fffff
2890,8810352c39fffff
2891,8810224ea9fffff
2892,88103526e7fffff
2893,8810224ce5fffff
2894,88102242c7fffff
2895,881022cda3fffff
2896,881022532bfffff
2897,881031ba4dfffff
2898,8810224b07fffff
2899,8810319637fffff
2900,8810352e5dfffff
2901,88102250ebfffff
2902,88102242b1fffff
2903,8810225b3bfffff
2904,881031b625fffff
2905,8810318499fffff
2906,8810225331fffff
2907,8810318461fffff
2908,88103186e9fffff
2909,88103180d3fffff
2910,88102259d9fffff
2911,881031b737fffff
2912,88102278ebfffff
2913,88102209b3fffff
2914,8810221923fffff
2915,881022549dfffff
2916,8810318739fffff
2917,88102242c5fffff
2918,8810352cb1fffff
2919,8810224589fffff
2920,8810224467fffff
2921,88103195a1fffff
2922,88102251b7fffff
2923,8810224a3dfffff
2924,8810224239fffff
2925,8810227ad5fffff
2926,8810352ecbfffff
2927,8810319481fffff
2928,8810225ab1fffff
2929,88102278b1fffff
2930,88102249d5fffff
2931,881022473dfffff
2932,8810319525fffff
2933,8810352407fffff
2934,8810227a69fffff
2935,88102258b1fffff
2936,8810319403fffff
2937,881031baadfffff
2938,8810224b13fffff
2939,88103525ddfffff
2940,881022192dfffff
2941,881022426dfffff
2942,8810318607fffff
2943,8810224b0bfffff
2944,881031965bfffff
2945,8810220919fffff
2946,881022453bfffff
2947,881031b0a9fffff
2948,88103196ebfffff
2949,88103182d1fffff
2950,8810225661fffff
2951,881022425bfffff
2952,88102256adfffff
2953,8810224e4dfffff
2954,881022c987fffff
2955,8810319629fffff
2956,881031bad1fffff
2957,8810226355fffff
2958,881031a343fffff
2959,881031b2d5fffff
2960,881031b219fffff
2961,8810226105fffff
2962,8810352cb5fffff
2963,88102256abfffff
2964,8810225433fffff
2965,8810224549fffff
2966,8810224debfffff
2967,881022cd89fffff
2968,8810319469fffff
2969,88102245e3fffff
2970,88102245b9fffff
2971,8810224435fffff
2972,8810224415fffff
2973,88103526e1fffff
2974,8810225555fffff
2975,8810352531fffff
2976,881022cde1fffff
2977,8810224909fffff
2978,8810352723fffff
2979,881031b1c7fffff
2980,8810318693fffff
2981,8810352e27fffff
2982,8810224897fffff
2983,8810224a49fffff
2984,8810352e51fffff
2985,8810224edbfffff
2986,8810224919fffff
2987,8810227a6dfffff
2988,88102252e9fffff
2989,881022450dfffff
2990,881031873bfffff
2991,8810352521fffff
2992,8810227b21fffff
2993,881022714dfffff
2994,88102252abfffff
2995,8810227ae5fffff
2996,881031865dfffff
2997,88103194cdfffff
2998,881031b1a7fffff
2999,8810226347fffff
3000,8810227847fffff
3001,8810227181fffff
3002,8810225903fffff
3003,8810352e45fffff
3004,8810224dcdfffff
3005,88102242d3fffff
3006,8810227119fffff
3007,88102241cbfffff
3008,88102248b3fffff
3009,88103524cbfffff
3010,8810220b2bfffff
3011,88102251a7fffff
3012,8810225a9bfffff
3013,8810224359fffff
3014,88103184d7fffff
3015,8810224f01fffff
3016,88102246dbfffff
3017,88103185d9fffff
3018,8810225501fffff
3019,881031b0a1fffff
3020,8810224901fffff
3021,8810224253fffff
3022,88102242adfffff
3023,88102246a1fffff
3024,8810226ad1fffff
3025,881031b521fffff
3026,881031b755fffff
3027,8810352d9bfffff
3028,8810224f11fffff
3029,8810352e43fffff
3030,8810352e95fffff
3031,8810224b33fffff
3032,8810224d25fffff
3033,8810224429fffff
3034,881031954bfffff
3035,88103520bdfffff
3036,8810352637fffff
3037,8810224a5bfffff
3038,8810224947fffff
3039,8810224ad3fffff
3040,88103184b7fffff
3041,8810352cebfffff
3042,88102271d1fffff
3043,881022091dfffff
3044,8810227123fffff
3045,881031bab5fffff
3046,8810352e99fffff
3047,8810224d31fffff
3048,88102248adfffff
3049,8810352dc3fffff
3050,881031bb57fffff
3051,8810224631fffff
3052,881022585dfffff
3053,8810227863fffff
3054,8810224f5bfffff
3055,88103195dbfffff
3056,881031975bfffff
3057,88102271e7fffff
3058,8810352603fffff
3059,8810224c47fffff
3060,88103185a9fffff
3061,88102271d3fffff
3062,881031bac1fffff
3063,8810318689fffff
3064,8810224335fffff
3065,881031b5ddfffff
3066,8810224961fffff
3067,881022615bfffff
3068,88102250bbfffff
3069,8810352e47fffff
3070,881022423dfffff
3071,8810224303fffff
3072,8810224859fffff
3073,88103185bdfffff
3074,8810220b01fffff
3075,88102259c7fffff
3076,881031b1cdfffff
3077,8810225089fffff
3078,8810224e17fffff
3079,881022560bfffff
3080,8810225351fffff
3081,8810220b41fffff
3082,8810225769fffff
3083,8810224d0bfffff
3084,8810352e85fffff
3085,881022558dfffff
3086,881031b23dfffff
3087,88102256b3fffff
3088,88103186bbfffff
3089,88103526ebfffff
3090,881022790bfffff
3091,881022092dfffff
3092,8810224a51fffff
3093,88103526e3fffff
3094,88103186b5fffff
3095,8810227113fffff
3096,8810227a0dfffff
3097,8810319627fffff
3098,881031b007fffff
3099,881022536dfffff
3100,88102254edfffff
3101,88103525b9fffff
3102,88103525a3fffff
3103,881031b1adfffff
3104,8810227927fffff
3105,881031a34dfffff
3106,8810227a5bfffff
3107,8810220a03fffff
3108,8810226ac9fffff
3109,8810352417fffff
3110,881031b717fffff
3111,8810318599fffff
3112,88103194dbfffff
3113,88102242e3fffff
3114,8810352553fffff
3115,88102279a3fffff
3116,88102245b5fffff
3117,8810225aa9fffff
3118,881035209bfffff
3119,8810226127fffff
3120,8810224a3bfffff
3121,881031966bfffff
3122,88102261cdfffff
3123,8810227955fffff
3124,8810225983fffff
3125,8810225131fffff
3126,881022436bfffff
3127,88103185d7fffff
3128,88103195ddfffff
3129,8810224f21fffff
3130,8810224105fffff
3131,881031b8cbfffff
3132,881031b085fffff
3133,8810318483fffff
3134,8810352eb9fffff
3135,8810224247fffff
3136,8810227329fffff
3137,8810352515fffff
3138,8810319587fffff
3139,881022cdd1fffff
3140,881031b66bfffff
3141,881031b84bfffff
3142,881022488dfffff
3143,881031b11dfffff
3144,88103195b1fffff
3145,8810352d91fffff
3146,8810224351fffff
3147,88102246e5fffff
3148,881022418bfffff
3149,88102246b9fffff
3150,8810224dd9fffff
3151,8810352db3fffff
3152,8810319711fffff
3153,8810220905fffff
3154,88103196b5fffff
3155,881031a2c1fffff
3156,8810224357fffff
3157,88102249a9fffff
3158,881031b6e9fffff
3159,8810224a83fffff
3160,8810352ebdfffff
3161,8810352f27fffff
3162,8810225843fffff
3163,8810226a45fffff
3164,881022c9e9fffff
3165,8810352663fffff
3166,8810220b39fffff
3167,881031b649fffff
3168,88102246c9fffff
3169,8810318421fffff
3170,881031ba25fffff
3171,88102240d3fffff
3172,8810319617fffff
3173,88102248e7fffff
3174,881022cd85fffff
3175,8810225421fffff
3176,88102209c1fffff
3177,881031861dfffff
3178,88103524c7fffff
3179,8810224e25fffff
3180,881031b8ebfffff
3181,88103185b7fffff
3182,881031a211fffff
3183,8810352c6dfffff
3184,88103186a1fffff
3185,8810352ea1fffff
3186,88103186d9fffff
3187,88102248bbfffff
3188,88102249e5fffff
3189,8810227805fffff
3190,881031b729fffff
3191,8810318733fffff
3192,881022420dfffff
3193,881031843bfffff
3194,8810319653fffff
3195,8810225557fffff
3196,8810318615fffff
3197,88102278bbfffff
3198,88102258e1fffff
3199,881031a23bfffff
3200,8810224251fffff
3201,881022446bfffff
3202,8810225a83fffff
3203,8810224849fffff
3204,881031b859fffff
3205,8810225423fffff
3206,8810227803fffff
3207,8810352597fffff
3208,8810224891fffff
3209,8810227b2dfffff
3210,881031868dfffff
3211,8810227897fffff
3212,881022414dfffff
3213,8810225a49fffff
3214,881031b6ddfffff
3215,8810224b29fffff
3216,8810318753fffff
3217,8810224763fffff
3218,8810224035fffff
3219,881035208dfffff
3220,881031b523fffff
3221,88102246bbfffff
3222,8810225a1bfffff
3223,88102250d1fffff
3224,8810227b03fffff
3225,8810227b35fffff
3226,88103525dbfffff
3227,88102254a5fffff
3228,881031b72bfffff
3229,8810224011fffff
3230,8810220a45fffff
3231,8810224e3bfffff
3232,881031b329fffff
3233,8810226117fffff
3234,8810226a49fffff
3235,8810225039fffff
3236,8810220923fffff
3237,881031953bfffff
3238,881031b705fffff
3239,88103196a5fffff
3240,881022c8a1fffff
3241,88103185ebfffff
3242,88103194bdfffff
3243,881031b569fffff
3244,8810224329fffff
3245,8810224dc7fffff
3246,8810352c47fffff
3247,88103525c7fffff
3248,881031b5e9fffff
3249,8810225019fffff
3250,88102250abfffff
3251,8810225657fffff
3252,8810226a15fffff
3253,88102251adfffff
3254,8810224c15fffff
3255,88102246a9fffff
3256,88102245e5fffff
3257,8810227aa3fffff
3258,88103194d3fffff
3259,8810224aa3fffff
3260,881031872bfffff
3261,8810352e1bfffff
3262,8810224921fffff
3263,8810319603fffff
3264,88102240abfffff
3265,8810224b0dfffff
3266,8810224d29fffff
3267,8810227067fffff
3268,88102254b7fffff
3269,881022545bfffff
3270,8810225b19fffff
3271,8810225851fffff
3272,8810220b67fffff
3273,881031b003fffff
3274,88103520c5fffff
3275,881031ba2bfffff
3276,881031b327fffff
3277,8810227265fffff
3278,88102245a7fffff
3279,8810224501fffff
3280,8810224b17fffff
3281,881022598bfffff
3282,8810224221fffff
3283,881022c915fffff
3284,88102249d9fffff
3285,88102256e5fffff
3286,8810227065fffff
3287,8810227a67fffff
3288,8810227861fffff
3289,8810227b3dfffff
3290,8810352c0dfffff
3291,8810225103fffff
3292,881022191dfffff
3293,881031b01dfffff
3294,88102248a1fffff
3295,8810224cb1fffff
3296,8810226a63fffff
3297,881031929bfffff
3298,881031b1edfffff
3299,8810224613fffff
3300,881022cc35fffff
3301,881031959bfffff
3302,8810227a85fffff
3303,88102258bdfffff
3304,8810318741fffff
3305,8810352ccbfffff
3306,881022482bfffff
3307,8810226155fffff
3308,8810352499fffff
3309,8810227943fffff
3310,88103524d1fffff
3311,8810227365fffff
3312,8810224c11fffff
3313,8810224eb1fffff
3314,8810224487fffff
3315,8810352c89fffff
3316,88103526dbfffff
3317,88102245a1fffff
3318,881031b039fffff
3319,881022c9adfffff
3320,881022700dfffff
3321,8810225a33fffff
3322,8810318685fffff
3323,8810227b61fffff
3324,881031946dfffff
3325,8810224c31fffff
3326,881031b201fffff
3327,8810227047fffff
3328,881031b501fffff
3329,881031b361fffff
3330,8810224837fffff
3331,8810352e55fffff
3332,8810352e2dfffff
3333,881031b339fffff
3334,8810225641fffff
3335,881031b44bfffff
3336,88102251cdfffff
3337,881022400dfffff
3338,88102261e5fffff
3339,88102252a7fffff
3340,88102249dbfffff
3341,881031b20dfffff
3342,8810318457fffff
3343,881031b853fffff
3344,88103524a1fffff
3345,881022cdc7fffff
3346,8810226f5dfffff
3347,8810318635fffff
3348,8810352d1dfffff
3349,8810224ed3fffff
3350,8810225493fffff
3351,8810352eb5fffff
3352,8810225599fffff
3353,88102246e9fffff
3354,8810319497fffff
3355,881022576bfffff
3356,881031a207fffff
3357,8810352c3dfffff
3358,881022799bfffff
3359,881031b5edfffff
3360,88102278b3fffff
3361,8810225297fffff
3362,8810224de7fffff
3363,8810225321fffff
3364,8810318589fffff
3365,881031b231fffff
3366,88102258b9fffff
3367,8810225491fffff
3368,881022455bfffff
3369,88102254dbfffff
3370,881031bb03fffff
3371,88102248a7fffff
3372,8810225527fffff
3373,88103524b7fffff
3374,8810319659fffff
3375,881022710dfffff
3376,88103196a1fffff
3377,881022c8bdfffff
3378,881031badbfffff
3379,881022c9edfffff
3380,8810225923fffff
3381,881022615dfffff
3382,881035266bfffff
3383,8810318663fffff
3384,8810224f4bfffff
3385,8810227adbfffff
3386,881022402bfffff
3387,881031b6cbfffff
3388,88103186edfffff
3389,88102279c7fffff
3390,881022552bfffff
3391,88102252cbfffff
3392,881022602dfffff
3393,881031bb5bfffff
3394,88102279d7fffff
3395,88102258d3fffff
3396,88102219a3fffff
3397,881031846bfffff
3398,8810227999fffff
3399,8810352ee3fffff
3400,8810352e57fffff
3401,881031bb17fffff
3402,8810224591fffff
3403,8810220829fffff
3404,88103185cbfffff
3405,881022546bfffff
3406,881031b033fffff
3407,881031b8e9fffff
3408,8810352563fffff
3409,88102251b5fffff
3410,881022cd2bfffff
3411,88103182cbfffff
3412,88103195d3fffff
3413,8810224413fffff
3414,881031b565fffff
3415,8810225049fffff
3416,881031b351fffff
3417,8810224c61fffff
3418,88102278b5fffff
3419,8810224623fffff
3420,8810220b49fffff
3421,881031842bfffff
3422,8810220b43fffff
3423,8810227167fffff
3424,881031b335fffff
3425,881031bb4bfffff
3426,8810224045fffff
3427,8810224d2bfffff
3428,8810224f47fffff
3429,8810318295fffff
3430,8810225ae3fffff
3431,8810225417fffff
3432,88103524e1fffff
3433,881031b615fffff
3434,881031b2cdfffff
3435,8810318669fffff
3436,881022581bfffff
3437,8810225aedfffff
3438,881031b665fffff
3439,88102246c5fffff
3440,88102246b1fffff
3441,881031b35bfffff
3442,8810225835fffff
3443,8810224183fffff
3444,8810224b6dfffff
3445,8810224195fffff
3446,88103526b9fffff
3447,8810352e5bfffff
3448,881031b139fffff
3449,8810220b21fffff
3450,8810227b45fffff
3451,8810224439fffff
3452,881022534bfffff
3453,8810225929fffff
3454,8810225017fffff
3455,881031b1ebfffff
3456,88102254ebfffff
3457,881031b0ebfffff
3458,8810318617fffff
3459,8810224811fffff
3460,8810220a05fffff
3461,8810224e33fffff
3462,8810224cb7fffff
3463,8810227325fffff
3464,881031946bfffff
3465,881031b50bfffff
3466,8810225485fffff
3467,881022cd9bfffff
3468,881022449bfffff
3469,881022568dfffff
3470,881022094dfffff
3471,881031848bfffff
3472,8810224259fffff
3473,8810352e13fffff
3474,8810227941fffff
3475,88102256cdfffff
3476,8810352cabfffff
3477,8810220949fffff
3478,8810225549fffff
3479,881022c99bfffff
3480,88102251b9fffff
3481,8810220941fffff
3482,8810224da9fffff
3483,8810224327fffff
3484,881022736bfffff
3485,881022611dfffff
3486,881022530dfffff
3487,88102241e9fffff
3488,881031b763fffff
3489,8810225451fffff
3490,881022402dfffff
3491,8810224d11fffff
3492,8810224753fffff
3493,8810225565fffff
3494,8810225357fffff
3495,8810220b33fffff
3496,881031b63bfffff
3497,8810225ad3fffff
3498,88102256c9fffff
3499,8810224e97fffff
3500,881022524dfffff
3501,8810224349fffff
3502,8810225847fffff
3503,88102254b9fffff
3504,88103185b9fffff
3505,8810227827fffff
3506,881022cdd5fffff
3507,88102251c9fffff
3508,8810227b01fffff
3509,8810224b15fffff
3510,8810224a65fffff
3511,8810224a19fffff
3512,8810227819fffff
3513,88103525e9fffff
3514,88102209e7fffff
3515,881022542dfffff
3516,8810352de7fffff
3517,8810224433fffff
3518,881022cc95fffff
3519,8810224ccdfffff
3520,881022416bfffff
3521,881022490dfffff
3522,881035256bfffff
3523,881022c991fffff
3524,8810227a39fffff
3525,881031b4e3fffff
3526,8810352cb9fffff
3527,8810319443fffff
3528,881031b0bbfffff
3529,8810224cc1fffff
3530,881031b1d5fffff
3531,88102248e1fffff
3532,8810225631fffff
3533,8810224165fffff
3534,881022495dfffff
3535,881022595dfffff
3536,8810227ad7fffff
3537,88102255a9fffff
3538,881031b10bfffff
3539,881031b45dfffff
3540,8810224cdbfffff
3541,881031b81dfffff
3542,881031a357fffff
3543,8810225133fffff
3544,88102245d3fffff
3545,88102251d1fffff
3546,881022442bfffff
3547,8810224ee1fffff
3548,8810352ce1fffff
3549,881022636bfffff
3550,8810225335fffff
3551,881031876dfffff
3552,88102250b3fffff
3553,8810224dbdfffff
3554,8810352485fffff
3555,88102249d7fffff
3556,88102209a9fffff
3557,8810225337fffff
3558,8810227361fffff
3559,88102279a7fffff
3560,881022ccbdfffff
3561,8810352d15fffff
3562,88102241d5fffff
3563,88103520a3fffff
3564,8810224d83fffff
3565,881031861bfffff
3566,8810224255fffff
3567,8810220909fffff
3568,8810220951fffff
3569,881022c9e7fffff
3570,881022784dfffff
3571,8810224141fffff
3572,881022519dfffff
3573,8810226a6bfffff
3574,881022565bfffff
3575,88102254b1fffff
3576,8810227221fffff
3577,881022501dfffff
3578,881031874dfffff
3579,8810225309fffff
3580,8810225b5bfffff
3581,881031b053fffff
3582,8810224de5fffff
3583,88102244b5fffff
3584,8810225a81fffff
3585,8810225045fffff
3586,881031960bfffff
3587,881031b8c1fffff
3588,881031b363fffff
3589,88102241c5fffff
3590,88103185c3fffff
3591,8810352c8bfffff
3592,8810225531fffff
3593,8810225053fffff
3594,88103186b3fffff
3595,881022515dfffff
3596,8810224cd5fffff
3597,8810224c05fffff
3598,8810224e15fffff
3599,8810224ccbfffff
3600,8810225937fffff
3601,88102278bdfffff
3602,8810224459fffff
3603,8810224249fffff
3604,88102242a5fffff
3605,881022794bfffff
3606,8810224e37fffff
3607,881031b261fffff
3608,881031b42dfffff
3609,881031844dfffff
3610,8810318593fffff
3611,88102244c7fffff
3612,881031b5d1fffff
3613,8810224129fffff
3614,881022c9a5fffff
3615,8810221965fffff
3616,8810224463fffff
3617,881022798dfffff
3618,88102252a5fffff
3619,8810225931fffff
3620,881031b725fffff
3621,8810226101fffff
3622,881022095bfffff
3623,8810225719fffff
3624,8810227b41fffff
3625,8810318713fffff
3626,881031a345fffff
3627,8810227063fffff
3628,88103520adfffff
3629,8810226351fffff
3630,8810224081fffff
3631,8810225653fffff
3632,8810225465fffff
3633,881031b0c9fffff
3634,8810352551fffff
3635,881031b233fffff
3636,881022552dfffff
3637,881031b103fffff
3638,8810225643fffff
3639,8810225a17fffff
3640,8810352ecdfffff
3641,881031b049fffff
3642,88102279b3fffff
3643,8810319723fffff
3644,881022409bfffff
3645,8810227817fffff
3646,881022515bfffff
3647,8810318757fffff
3648,8810225a8dfffff
3649,8810352c8dfffff
3650,881022536bfffff
3651,8810224323fffff
3652,881022ccc5fffff
3653,881022523dfffff
3654,8810225745fffff
3655,88103526b7fffff
3656,88102242bbfffff
3657,8810224ab5fffff
3658,881031961bfffff
3659,8810225685fffff
3660,88103526b5fffff
3661,88102218a5fffff
3662,881022503bfffff
3663,88102254abfffff
3664,8810319755fffff
3665,8810352c57fffff
3666,881022500bfffff
3667,8810225acdfffff
3668,8810224363fffff
3669,8810224dd7fffff
3670,8810226161fffff
3671,8810225a0dfffff
3672,881022606bfffff
3673,88103520bbfffff
3674,8810352c07fffff
3675,88102249b7fffff
3676,881022c983fffff
3677,8810224933fffff
3678,881031a249fffff
3679,8810352c17fffff
3680,881031a355fffff
3681,8810227901fffff
3682,881031b8d3fffff
3683,8810224f43fffff
3684,881022509bfffff
3685,88102246a3fffff
3686,8810225959fffff
3687,8810224523fffff
3688,88103526adfffff
3689,8810225203fffff
3690,881031953dfffff
3691,881022783dfffff
3692,8810225659fffff
3693,8810224633fffff
3694,8810225261fffff
3695,88102259abfffff
3696,881031b2b9fffff
3697,8810319557fffff
3698,881031ba59fffff
3699,881031b365fffff
3700,8810224c45fffff
3701,881031b225fffff
3702,881022523bfffff
3703,88103184e7fffff
3704,8810224e59fffff
3705,8810224c55fffff
3706,8810352c11fffff
3707,881031b535fffff
3708,8810319427fffff
3709,881031b015fffff
3710,8810224021fffff
3711,88102279a9fffff
3712,8810352ca5fffff
3713,8810225031fffff
3714,8810226145fffff
3715,88103194a3fffff
3716,8810224267fffff
3717,8810220933fffff
3718,881031b0e5fffff
3719,8810224737fffff
3720,8810227351fffff
3721,881022503dfffff
3722,8810224f5dfffff
3723,8810319515fffff
3724,8810319607fffff
3725,8810227323fffff
3726,881031b115fffff
3727,8810352c99fffff
3728,88102258d9fffff
3729,881022401dfffff
3730,88102244a9fffff
3731,881031b267fffff
3732,881022193dfffff
3733,8810224e07fffff
3734,8810224059fffff
3735,88103184d3fffff
3736,8810225349fffff
3737,8810224ac9fffff
3738,88102245d5fffff
3739,8810225583fffff
3740,881031b427fffff
3741,8810352d3bfffff
3742,8810224637fffff
3743,8810352693fffff
3744,88103184cdfffff
3745,881031b739fffff
3746,8810224e2bfffff
3747,8810225705fffff
3748,8810224aebfffff
3749,881022586dfffff
3750,8810224715fffff
3751,88102258d1fffff
3752,8810225b55fffff
3753,88102250a7fffff
3754,8810224d85fffff
3755,881022562bfffff
3756,881022099dfffff
3757,8810224e43fffff
3758,8810227addfffff
3759,8810226261fffff
3760,88102258a1fffff
3761,88102246ebfffff
3762,881022469dfffff
3763,88103185d5fffff
3764,8810224265fffff
3765,8810319623fffff
3766,88103196c9fffff
3767,881022cd37fffff
3768,8810224b03fffff
3769,8810224743fffff
3770,881031a351fffff
3771,881022443bfffff
3772,881022568bfffff
3773,8810224291fffff
3774,8810352f2bfffff
3775,8810225221fffff
3776,881031b463fffff
3777,8810225009fffff
3778,881031a35bfffff
3779,8810352dedfffff
3780,881031b8c7fffff
3781,8810227933fffff
3782,881031828dfffff
3783,8810352c95fffff
3784,8810226a09fffff
3785,88102242abfffff
3786,881022522dfffff
3787,8810224489fffff
3788,881022514dfffff
3789,88102242bdfffff
3790,88102278ddfffff
3791,881031b503fffff
3792,8810352c25fffff
3793,881031b2e9fffff
3794,8810225821fffff
3795,881022461bfffff
3796,881022403dfffff
3797,8810224b09fffff
3798,8810224c09fffff
3799,881031ba05fffff
3800,88102278a1fffff
3801,8810225a05fffff
3802,8810227321fffff
3803,8810225999fffff
3804,881031b40dfffff
3805,8810224159fffff
3806,881022cdabfffff
3807,8810224751fffff
3808,881031b2ebfffff
3809,88103182c1fffff
3810,88102256ebfffff
3811,8810227a9dfffff
3812,8810225855fffff
3813,8810227147fffff
3814,881031b019fffff
3815,8810352481fffff
3816,881031bb39fffff
3817,8810226305fffff
3818,881031b2cbfffff
3819,8810319531fffff
3820,8810227311fffff
3821,8810225233fffff
3822,8810224285fffff
3823,881022521bfffff
3824,88102241e1fffff
3825,88103185dbfffff
3826,8810225529fffff
3827,881022555dfffff
3828,881022588dfffff
3829,8810220961fffff
3830,8810224dd5fffff
3831,8810352c15fffff
3832,881031b715fffff
3833,88102250ddfffff
3834,881031945bfffff
3835,8810225b49fffff
3836,8810224887fffff
3837,8810352eb1fffff
3838,88103185c5fffff
3839,8810227b47fffff
3840,8810224319fffff
3841,881031b1b7fffff
3842,8810227137fffff
3843,8810225083fffff
3844,881031870bfffff
3845,881035250bfffff
3846,8810224c5bfffff
3847,881031b249fffff
3848,8810227a93fffff
3849,8810225409fffff
3850,881022090bfffff
3851,8810227883fffff
3852,8810352eabfffff
3853,88102249b5fffff
3854,8810225889fffff
3855,8810352e29fffff
3856,881031b709fffff
3857,88103195c7fffff
3858,881022cd91fffff
3859,8810227185fffff
3860,8810319611fffff
3861,8810224503fffff
3862,88102279d3fffff
3863,88102278e9fffff
3864,88103196e3fffff
3865,8810224923fffff
3866,8810226a4bfffff
3867,88102241b5fffff
3868,8810352601fffff
3869,881022612dfffff
3870,8810225aa3fffff
3871,881035269dfffff
3872,8810225623fffff
3873,88102256a7fffff
3874,8810220b57fffff
3875,8810318453fffff
3876,8810352757fffff
3877,8810225885fffff
3878,8810224069fffff
3879,8810224d55fffff
3880,881031848dfffff
3881,881031b165fffff
3882,8810352ec3fffff
3883,88102255bbfffff
3884,8810225a6dfffff
3885,8810319621fffff
3886,881031b0a3fffff
3887,8810225257fffff
3888,88103520cdfffff
3889,881031ba21fffff
3890,88103195e3fffff
3891,88103182d9fffff
3892,8810224e2dfffff
3893,8810352489fffff
3894,8810227b07fffff
3895,88102242edfffff
3896,8810318763fffff
3897,881031b03dfffff
3898,881031b86bfffff
3899,8810221925fffff
3900,8810352cc3fffff
3901,8810224d9dfffff
3902,88103520abfffff
3903,88102251c7fffff
3904,88103195bdfffff
3905,8810352517fffff
3906,881031ba8dfffff
3907,88102240c5fffff
3908,88102249c7fffff
3909,881031858bfffff
3910,881031a305fffff
3911,8810225325fffff
3912,881031b0d5fffff
3913,8810352425fffff
3914,8810352623fffff
3915,8810224d9bfffff
3916,881031a251fffff
3917,88103184cbfffff
3918,881022472dfffff
3919,8810352f1bfffff
3920,8810224245fffff
3921,88102249abfffff
3922,881031b805fffff
3923,88102246e1fffff
3924,8810352495fffff
3925,8810224755fffff
3926,8810352c85fffff
3927,881031b119fffff
3928,8810224de3fffff
3929,8810319429fffff
3930,881031b445fffff
3931,881031a247fffff
3932,8810352713fffff
3933,881022532dfffff
3934,8810319523fffff
3935,8810352593fffff
3936,8810352e81fffff
3937,881031b5d9fffff
3938,88102242e5fffff
3939,881035248bfffff
3940,88102251d7fffff
3941,88103196e9fffff
3942,8810224a21fffff
3943,8810318639fffff
3944,88102252b7fffff
3945,881022551bfffff
3946,881022516bfffff
3947,8810224261fffff
3948,8810224b53fffff
3949,8810224315fffff
3950,8810352529fffff
3951,8810225503fffff
3952,8810224a05fffff
3953,8810220943fffff
3954,881022408dfffff
3955,8810224f17fffff
3956,8810226169fffff
3957,8810227b19fffff
3958,881022616bfffff
3959,88103196e1fffff
3960,88102278adfffff
3961,881031863dfffff
3962,8810352e1dfffff
3963,88103185bbfffff
3964,881031951dfffff
3965,8810224e29fffff
3966,88103185abfffff
3967,8810227833fffff
3968,881031b295fffff
3969,8810227acbfffff
3970,88102209abfffff
3971,8810225101fffff
3972,88103195cbfffff
3973,8810352ec9fffff
3974,8810352cc9fffff
3975,88102259e7fffff
3976,8810225229fffff
3977,881022cca5fffff
3978,881031b34bfffff
3979,881031b1c3fffff
3980,8810227a23fffff
3981,881022561bfffff
3982,8810227131fffff
3983,8810224c51fffff
3984,8810227a49fffff
3985,881031b0b7fffff
3986,881035253dfffff
3987,88103184bdfffff
3988,881035254dfffff
3989,881022553bfffff
3990,88103520a7fffff
3991,8810220a07fffff
3992,8810225117fffff
3993,88102255edfffff
3994,8810352c29fffff
3995,8810352dc9fffff
3996,881022460bfffff
3997,8810226a9bfffff
3998,88102249bbfffff
3999,8810224f3bfffff
4000,88103524d5fffff
4001,8810225905fffff
4002,8810224c23fffff
4003,8810224163fffff
4004,8810225859fffff
4005,881031b637fffff
4006,88102255dbfffff
4007,881031b36bfffff
4008,8810226115fffff
4009,881022446dfffff
4010,881022cdb7fffff
4011,8810226247fffff
4012,8810220983fffff
4013,8810224adbfffff
4014,8810227b3bfffff
4015,8810225301fffff
4016,8810224189fffff
4017,88102209b9fffff
4018,8810220985fffff
4019,8810227841fffff
4020,8810224107fffff
4021,88102258a7fffff
4022,881031ba07fffff
4023,88102271bbfffff
4024,881022525dfffff
4025,8810226065fffff
4026,881022cd99fffff
4027,8810352e03fffff
4028,881031baebfffff
4029,88102256ddfffff
4030,88103182cdfffff
4031,881031b537fffff
4032,8810224031fffff
4033,8810224241fffff
4034,881022470bfffff
4035,8810227899fffff
4036,8810318729fffff
4037,881022408bfffff
4038,8810225141fffff
4039,8810352de9fffff
4040,8810224761fffff
4041,88102248d3fffff
4042,8810224125fffff
4043,8810224d5bfffff
4044,881031ba67fffff
4045,8810227aabfffff
4046,88102251e7fffff
4047,881031bb53fffff
4048,8810227985fffff
4049,881022461dfffff
4050,8810319439fffff
4051,8810224a8dfffff
4052,8810224225fffff
4053,8810220b19fffff
4054,88102254c9fffff
4055,881022414bfffff
4056,881022cc27fffff
4057,8810225231fffff
4058,88102254e5fffff
4059,8810224b11fffff
4060,8810225483fffff
4061,8810226307fffff
4062,881035219bfffff
4063,8810227981fffff
4064,8810224409fffff
4065,8810225b31fffff
4066,8810226325fffff
4067,8810352ca1fffff
4068,88102271b9fffff
4069,88102279dbfffff
4070,8810224c69fffff
4071,88102259bbfffff
4072,8810224847fffff
4073,8810227813fffff
4074,8810225927fffff
4075,8810318703fffff
4076,881031a329fffff
4077,88103196bbfffff
4078,88103186c7fffff
4079,881031b29bfffff
4080,8810224881fffff
4081,88102261abfffff
4082,881031b12dfffff
4083,8810224c91fffff
4084,88103196d1fffff
4085,8810227225fffff
4086,8810226125fffff
4087,881031b083fffff
4088,8810224089fffff
4089,8810225441fffff
4090,8810224955fffff
4091,88103186abfffff
4092,88103194edfffff
4093,881031b0cbfffff
4094,8810227151fffff
4095,881031b0d9fffff
4096,8810352509fffff
4097,8810225989fffff
4098,88102256b7fffff
4099,8810224309fffff
4100,88102209adfffff
4101,881022783bfffff
4102,8810224a15fffff
4103,88102251d9fffff
4104,881031a22dfffff
4105,8810227a1dfffff
4106,8810319463fffff
4107,8810227989fffff
4108,88102248a5fffff
4109,8810224ec1fffff
4110,8810318413fffff
4111,8810227a53fffff
4112,8810224829fffff
4113,8810318633fffff
4114,88103194e3fffff
4115,8810224aa1fffff
4116,8810225801fffff
4117,881022480dfffff
4118,8810224dbbfffff
4119,88103525bdfffff
4120,881031b1dbfffff
4121,8810318293fffff
4122,8810225addfffff
4123,881022cdd7fffff
4124,881031b1b9fffff
4125,881031964bfffff
4126,8810319647fffff
4127,8810227b0dfffff
4128,8810225625fffff
4129,881022ccabfffff
4130,881031b099fffff
4131,881031b12bfffff
4132,8810225087fffff
4133,8810224b47fffff
4134,88103184a1fffff
4135,8810224d63fffff
4136,881031b505fffff
4137,8810224c97fffff
4138,88103524b3fffff
4139,8810226319fffff
4140,881022435bfffff
4141,8810224369fffff
4142,88102256c7fffff
4143,8810227345fffff
4144,88102271a1fffff
4145,881035271dfffff
4146,881022535dfffff
4147,881031b217fffff
4148,8810224b39fffff
4149,881031b123fffff
4150,8810224003fffff
4151,88103525d3fffff
4152,8810224c59fffff
4153,88103195a3fffff
4154,881022c98dfffff
4155,881022706bfffff
4156,8810225a3bfffff
4157,8810352683fffff
4158,8810227949fffff
4159,881022514bfffff
4160,881022704dfffff
4161,88103186d3fffff
4162,8810227a4bfffff
4163,8810224e6dfffff
4164,881031b663fffff
4165,8810319669fffff
4166,8810352d93fffff
4167,88102278b9fffff
4168,8810225355fffff
4169,8810224b21fffff
4170,8810220a6dfffff
4171,8810225047fffff
4172,881031b557fffff
4173,8810227821fffff
4174,881031a261fffff
4175,881031b06dfffff
4176,88103195e5fffff
4177,8810224f27fffff
4178,8810225807fffff
4179,881031b643fffff
4180,88102249c3fffff
4181,881031b143fffff
4182,881022192bfffff
4183,881031b553fffff
4184,881031b1e9fffff
4185,8810352427fffff
4186,8810352c35fffff
4187,8810226317fffff
4188,881031baa1fffff
4189,881022548dfffff
4190,8810352f31fffff
4191,8810224057fffff
4192,881031a21bfffff
4193,8810224e09fffff
4194,881022493bfffff
4195,8810225997fffff
4196,8810227a03fffff
4197,88103194c1fffff
4198,8810318755fffff
4199,881022540bfffff
4200,8810221927fffff
4201,881031ba61fffff
4202,88103520a1fffff
4203,8810226267fffff
4204,8810224667fffff
4205,8810224561fffff
4206,8810319745fffff
4207,8810352cd3fffff
4208,88102240c9fffff
4209,88102261c1fffff
4210,881022528dfffff
4211,8810319407fffff
4212,88102246d7fffff
4213,881031b01bfffff
4214,8810224999fffff
4215,8810352cb7fffff
4216,8810224585fffff
4217,8810224711fffff
4218,8810226ad7fffff
4219,88103195abfffff
4220,88103525d5fffff
4221,8810224337fffff
4222,8810227913fffff
4223,8810224813fffff
4224,881022433bfffff
4225,881031b619fffff
4226,88102279ebfffff
4227,881031b74dfffff
4228,8810224f59fffff
4229,8810227105fffff
4230,881022706dfffff
4231,8810225449fffff
4232,881031b2dbfffff
4233,8810224655fffff
4234,8810225833fffff
4235,8810227b17fffff
4236,8810352c13fffff
4237,8810224cc7fffff
4238,88102250d7fffff
4239,8810352d87fffff
4240,8810224083fffff
4241,8810224c9bfffff
4242,88103194d1fffff
4243,8810224ad9fffff
4244,881031ba37fffff
4245,881031b627fffff
4246,881031966dfffff
4247,8810224d57fffff
4248,8810220869fffff
4249,881031b1a3fffff
4250,881031ba89fffff
4251,8810352d43fffff
4252,881031b80bfffff
4253,881022cca1fffff
4254,88102246edfffff
4255,881031b0c7fffff
4256,8810227a19fffff
4257,881035259dfffff
4258,8810225865fffff
4259,881022611bfffff
4260,8810224a37fffff
4261,881022432bfffff
4262,881022559dfffff
4263,8810225703fffff
4264,8810224317fffff
4265,881031b433fffff
4266,8810352ed7fffff
4267,881031b439fffff
4268,881031b035fffff
4269,8810221929fffff
4270,881031b017fffff
4271,8810224a63fffff
4272,8810224985fffff
4273,8810318551fffff
4274,881022485bfffff
4275,8810352567fffff
4276,8810318701fffff
4277,881031b545fffff
4278,881022575bfffff
4279,881031b063fffff
4280,881022606dfffff
4281,8810225189fffff
4282,881031b89dfffff
4283,88102250b5fffff
4284,8810225b09fffff
4285,8810226353fffff
4286,881022535bfffff
4287,88102242ddfffff
4288,881031b289fffff
4289,8810225051fffff
4290,8810225ad7fffff
4291,881031b0e7fffff
4292,8810224d45fffff
4293,8810224941fffff
4294,8810224dc5fffff
4295,8810352cb3fffff
4296,8810226303fffff
4297,881031b765fffff
4298,88102259b5fffff
4299,8810224c43fffff
4300,881031b211fffff
4301,881031ba91fffff
4302,8810224a95fffff
4303,88102278e1fffff
4304,8810319685fffff
4305,881031b185fffff
4306,8810224899fffff
4307,8810226157fffff
4308,881031b5cdfffff
4309,881022190bfffff
4310,881031b62dfffff
4311,8810224185fffff
4312,8810227317fffff
4313,8810224d5dfffff
4314,8810226143fffff
4315,881022562dfffff
4316,8810352e59fffff
4317,8810220995fffff
4318,8810352cc5fffff
4319,88102242b5fffff
4320,881022c911fffff
4321,88103195b7fffff
4322,8810227301fffff
4323,8810319651fffff
4324,881031b46bfffff
4325,88103521bbfffff
4326,881031bae5fffff
4327,88103526abfffff
4328,8810226067fffff
4329,881031b025fffff
4330,88103524ddfffff
4331,881031b701fffff
4332,8810225635fffff
4333,8810224937fffff
4334,8810224e05fffff
4335,8810224455fffff
4336,8810220a49fffff
4337,88102258abfffff
4338,881031828bfffff
4339,8810224641fffff
4340,88102279e7fffff
4341,881022563bfffff
4342,8810226a65fffff
4343,881022c989fffff
4344,881022431dfffff
4345,8810225149fffff
4346,88102244c9fffff
4347,881022460dfffff
4348,8810225637fffff
4349,881022716dfffff
4350,881022c9b5fffff
4351,8810318691fffff
4352,8810225857fffff
4353,88102241cdfffff
4354,88102278d5fffff
4355,88102241a3fffff
4356,881031a213fffff
4357,88102240e1fffff
4358,8810352ce9fffff
4359,8810224b37fffff
4360,88103185d3fffff
4361,8810224703fffff
4362,881031b26bfffff
4363,8810224ae1fffff
4364,881022463bfffff
4365,8810319597fffff
4366,8810220b4bfffff
4367,881022c9b9fffff
4368,8810227303fffff
4369,8810224001fffff
4370,8810352c55fffff
4371,881031b655fffff
4372,8810224de9fffff
4373,8810352733fffff
4374,8810224ce1fffff
4375,8810227101fffff
4376,8810318465fffff
4377,8810224009fffff
4378,8810226107fffff
4379,8810224e0bfffff
4380,8810224127fffff
4381,881031b431fffff
4382,881031b6ebfffff
4383,8810352013fffff
4384,8810224449fffff
4385,88102261e3fffff
4386,8810226a53fffff
4387,881031b52dfffff
4388,8810225169fffff
4389,8810224a33fffff
4390,88102256c1fffff
4391,8810220b0bfffff
4392,881022529dfffff
4393,8810352c1dfffff
4394,88102250c1fffff
4395,8810225123fffff
4396,8810227ae1fffff
4397,8810319707fffff
4398,8810225111fffff
4399,8810227a83fffff
4400,8810224d15fffff
4401,8810319585fffff
4402,881031869bfffff
4403,8810225a07fffff
4404,8810352537fffff
4405,8810318581fffff
4406,8810352f37fffff
4407,88103524e7fffff
4408,881031b0ddfffff
4409,8810352443fffff
4410,881031942bfffff
4411,8810225037fffff
4412,8810224553fffff
4413,881022788bfffff
4414,881022ccadfffff
4415,881022456dfffff
4416,881031b447fffff
4417,8810225963fffff
4418,8810352447fffff
4419,8810227a51fffff
4420,8810224469fffff
4421,8810221903fffff
4422,8810225697fffff
4423,8810225167fffff
4424,88102248b1fffff
4425,8810225099fffff
4426,8810220b59fffff
4427,8810227145fffff
4428,88103196c5fffff
4429,8810352e21fffff
4430,8810225109fffff
4431,8810352e97fffff
4432,8810224c6dfffff
4433,8810352e11fffff
4434,8810224361fffff
4435,881031b055fffff
4436,881031b125fffff
4437,881031b899fffff
4438,8810352d89fffff
4439,8810224461fffff
4440,8810227b1dfffff
4441,881031ba6bfffff
4442,881031b2edfffff
4443,8810224953fffff
4444,88102244abfffff
4445,8810318601fffff
4446,8810225467fffff
4447,881031960dfffff
4448,8810318723fffff
4449,88102250a9fffff
4450,8810226129fffff
4451,881022cdebfffff
4452,8810352457fffff
4453,8810226a43fffff
4454,881031b44dfffff
4455,8810319703fffff
4456,8810227b15fffff
4457,88103184b1fffff
4458,8810318767fffff
4459,881031a2c5fffff
4460,881031b727fffff
4461,881031b6cdfffff
4462,8810225015fffff
4463,8810226069fffff
4464,88103184abfffff
4465,8810227869fffff
4466,88102245e7fffff
4467,8810225815fffff
4468,8810227305fffff
4469,88103526bbfffff
4470,8810224a85fffff
4471,88103525d7fffff
4472,881031ba03fffff
4473,881022cd83fffff
4474,881031b645fffff
4475,88102249e9fffff
4476,881031b839fffff
4477,8810227865fffff
4478,881031866bfffff
4479,881031b65dfffff
4480,8810224927fffff
4481,88102242c1fffff
4482,8810224dddfffff
4483,8810220a63fffff
4484,881031b6c7fffff
4485,881022518bfffff
4486,88102245b7fffff
4487,88102256a9fffff
4488,881022610dfffff
4489,8810352d85fffff
4490,8810224333fffff
4491,8810224505fffff
4492,8810224b65fffff
4493,881022790dfffff
4494,8810220915fffff
4495,881022633dfffff
4496,881022cdc1fffff
4497,8810225311fffff
4498,881031bb2bfffff
4499,881031845dfffff
4500,8810225ab3fffff
4501,8810352cd9fffff
4502,88103525d9fffff
4503,881022cdbdfffff
4504,881031b2b7fffff
4505,8810224305fffff
4506,881031a367fffff
4507,88102250e1fffff
4508,8810318497fffff
4509,881031a259fffff
4510,881031b657fffff
4511,88103185b5fffff
4512,8810318609fffff
4513,8810352e0dfffff
4514,88102209b7fffff
4515,881022554bfffff
4516,8810225a93fffff
4517,88102254bdfffff
4518,88102250c3fffff
4519,8810224c17fffff
4520,881031b45bfffff
4521,881022734bfffff
4522,8810220b1dfffff
4523,8810224f1bfffff
4524,881031940dfffff
4525,881022cdcdfffff
4526,8810224e21fffff
4527,881022780dfffff
4528,8810352409fffff
4529,88103185a1fffff
4530,881031b059fffff
4531,8810352c69fffff
4532,881022544bfffff
4533,8810318631fffff
4534,8810319559fffff
4535,8810224595fffff
4536,8810224123fffff
4537,8810352759fffff
4538,88103524b5fffff
4539,88102258bbfffff
4540,881031ba13fffff
4541,88102252e7fffff
4542,8810224ed1fffff
4543,8810227ab5fffff
4544,8810226a0bfffff
4545,881022c8a3fffff
4546,88102242e1fffff
4547,88102261e9fffff
4548,8810225829fffff
4549,8810220b5bfffff
4550,8810224663fffff
4551,8810224037fffff
4552,88102240ebfffff
4553,8810225b45fffff
4554,8810224cb9fffff
4555,8810225831fffff
4556,88103524c9fffff
4557,88103194adfffff
4558,881022796bfffff
4559,881031b35dfffff
4560,8810352c67fffff
4561,88102240c7fffff
4562,881022cca9fffff
4563,8810227ac9fffff
4564,8810225a45fffff
4565,8810224b2dfffff
4566,8810227a3bfffff
4567,88103526a1fffff
4568,881035261dfffff
4569,8810352e05fffff
4570,8810224c29fffff
4571,881022521dfffff
4572,8810227a13fffff
4573,8810352c83fffff
4574,8810319431fffff
4575,8810225683fffff
4576,8810352ed3fffff
4577,881022ccb3fffff
4578,881031849bfffff
4579,8810319655fffff
4580,8810220a29fffff
4581,8810318597fffff
4582,88102251e9fffff
4583,881022433dfffff
4584,8810224cb5fffff
4585,881031b0c1fffff
4586,88102244d9fffff
4587,8810227a99fffff
4588,881022485dfffff
4589,881031b761fffff
4590,8810352569fffff
4591,88103186a5fffff
4592,8810225941fffff
4593,8810225761fffff
4594,88103184adfffff
4595,8810318725fffff
4596,8810352c87fffff
4597,8810225251fffff
4598,8810224515fffff
4599,8810225199fffff
4600,8810319581fffff
4601,8810224209fffff
4602,88102258e9fffff
4603,8810225513fffff
4604,8810227a21fffff
4605,88103535b3fffff
4606,8810226163fffff
4607,8810225725fffff
4608,881031b549fffff
4609,881022466dfffff
4610,8810225ad9fffff
4611,881031b469fffff
4612,881022451bfffff
4613,881031b1a1fffff
4614,881022566dfffff
4615,881031b299fffff
4616,881031b041fffff
4617,881031bae7fffff
4618,8810227a6bfffff
4619,8810224a61fffff
4620,8810352465fffff
4621,88103184c1fffff
4622,881022c9a3fffff
4623,8810224b55fffff
4624,8810220b05fffff
4625,8810227a81fffff
4626,8810352dd5fffff
4627,8810224b3dfffff
4628,8810225909fffff
4629,88103195e9fffff
4630,881022c993fffff
4631,88102279bdfffff
4632,88102240e3fffff
4633,881031b845fffff
4634,8810352011fffff
4635,881031baa3fffff
4636,881022630dfffff
4637,881022cd3bfffff
4638,881031ba95fffff
4639,881022556dfffff
4640,881031b507fffff
4641,8810225655fffff
4642,8810224d6dfffff
4643,8810224a1bfffff
4644,8810318489fffff
4645,8810319605fffff
4646,8810225aa5fffff
4647,881031b16bfffff
4648,88102254b3fffff
4649,8810224451fffff
4650,88102240dbfffff
4651,88102241e3fffff
4652,8810224e81fffff
4653,88102256d1fffff
4654,8810225127fffff
4655,88103194b9fffff
4656,881031b4edfffff
4657,881035203bfffff
4658,8810227135fffff
4659,881031bb33fffff
4660,881031bb55fffff
4661,8810224c0dfffff
4662,881031b711fffff
4663,8810224043fffff
4664,881022735bfffff
4665,881031b0edfffff
4666,881022600dfffff
4667,881031ba65fffff
4668,8810352cdbfffff
4669,8810224685fffff
4670,881022788dfffff
4671,8810224601fffff
4672,8810227aa1fffff
4673,8810352e25fffff
4674,88102246cdfffff
4675,8810227127fffff
4676,881022413bfffff
4677,8810352633fffff
4678,8810318747fffff
4679,881031b213fffff
4680,881022610bfffff
4681,88102259bdfffff
4682,8810352d95fffff
4683,881031b653fffff
4684,8810224b43fffff
4685,8810227b33fffff
4686,88102255d9fffff
4687,8810352e6dfffff
4688,88102259c1fffff
4689,8810224f15fffff
4690,881022781bfffff
4691,881031b851fffff
4692,88102244a3fffff
4693,8810225361fffff
4694,8810225563fffff
4695,8810227341fffff
4696,881031b53bfffff
4697,8810226061fffff
4698,8810225455fffff
4699,8810224583fffff
4700,881031b52bfffff
4701,881031b767fffff
4702,88102261c7fffff
4703,881022531bfffff
4704,8810226ac3fffff
4705,8810224c0bfffff
4706,881022199bfffff
4707,8810319615fffff
4708,8810225211fffff
4709,88103195e1fffff
4710,8810226a5bfffff
4711,8810224665fffff
4712,8810225747fffff
4713,88102255a7fffff
4714,881031b30bfffff
4715,8810318623fffff
4716,88102251b1fffff
4717,88102252b5fffff
4718,8810227a15fffff
4719,8810225607fffff
4720,881022489dfffff
4721,8810319699fffff
4722,881022550bfffff
4723,881031bac7fffff
4724,88102258e5fffff
4725,8810225539fffff
4726,881035252bfffff
4727,881031a23dfffff
4728,8810352c59fffff
4729,88102254e7fffff
4730,8810318481fffff
4731,8810224099fffff
4732,881031949bfffff
4733,88102248c7fffff
4734,8810224d69fffff
4735,8810352e0bfffff
4736,88103182d3fffff
4737,88103524e5fffff
4738,881022596bfffff
4739,88102242b3fffff
4740,881031b287fffff
4741,881031b197fffff
4742,8810224605fffff
4743,881022cd17fffff
4744,881031b437fffff
4745,8810224135fffff
4746,88103194e1fffff
4747,8810224d37fffff
4748,8810352f35fffff
4749,881022520bfffff
4750,881022583bfffff
4751,8810318659fffff
4752,88102246a7fffff
4753,88102246abfffff
4754,88102249ddfffff
4755,8810352433fffff
4756,8810225139fffff
4757,88103525c5fffff
4758,88103196edfffff
4759,8810225327fffff
4760,88102252e1fffff
4761,8810224ee7fffff
4762,8810225029fffff
4763,881031b633fffff
4764,8810225ab5fffff
4765,8810224643fffff
4766,88103524d7fffff
4767,881031a219fffff
4768,881031963dfffff
4769,88102242a9fffff
4770,8810226225fffff
4771,88102240ddfffff
4772,8810352f15fffff
4773,8810227161fffff
4774,8810225aa7fffff
4775,8810352d41fffff
4776,88102259cdfffff
4777,8810225809fffff
4778,88102244e5fffff
4779,88103186c9fffff
4780,881022431bfffff
4781,88103524dbfffff
4782,8810227a17fffff
4783,8810227a4dfffff
4784,8810352755fffff
4785,88103525b1fffff
4786,8810226a67fffff
4787,881022590bfffff
4788,881022cddbfffff
4789,8810225597fffff
4790,881031b04dfffff
4791,8810225537fffff
4792,881031b283fffff
4793,8810352e3dfffff
4794,8810319641fffff
4795,8810224ab3fffff
4796,8810225921fffff
4797,8810224457fffff
4798,8810352c2dfffff
4799,881031b75bfffff
4800,881031b05dfffff
4801,8810224b59fffff
4802,881022711dfffff
4803,8810225163fffff
4804,8810352ca3fffff
4805,881031b73bfffff
4806,88102254c1fffff
4807,881031b84dfffff
4808,8810352669fffff
4809,8810225157fffff
4810,88102248e3fffff
4811,8810352621fffff
4812,88102258a9fffff
4813,8810227169fffff
4814,8810227331fffff
4815,8810227b2bfffff
4816,8810224ebdfffff
4817,8810318553fffff
4818,881031a301fffff
4819,8810224883fffff
4820,8810318429fffff
4821,8810224339fffff
4822,8810225b13fffff
4823,8810225487fffff
4824,88102245cdfffff
4825,8810225a39fffff
4826,881031b163fffff
4827,881031b2c7fffff
4828,8810352c63fffff
4829,88103184b3fffff
4830,8810352719fffff
4831,881022508bfffff
4832,88102242cbfffff
4833,8810352631fffff
4834,881031b207fffff
4835,8810225265fffff
4836,88102246bdfffff
4837,88103196e7fffff
4838,88102256edfffff
4839,8810224d05fffff
4840,88102255d5fffff
4841,88102261edfffff
4842,881022560dfffff
4843,8810226131fffff
4844,8810220911fffff
4845,8810224861fffff
4846,8810352717fffff
4847,8810352015fffff
4848,8810318655fffff
4849,88102240b5fffff
4850,8810224eadfffff
4851,8810227abbfffff
4852,881022c8b1fffff
4853,8810224a03fffff
4854,8810227867fffff
4855,8810226a1bfffff
4856,8810225243fffff
4857,8810225803fffff
4858,8810224c81fffff
4859,8810352da7fffff
4860,881022091bfffff
4861,8810352ea7fffff
4862,8810227907fffff
4863,881031b70bfffff
4864,8810226ad3fffff
4865,8810220a3dfffff
4866,8810224211fffff
4867,881031b235fffff
4868,8810225b2bfffff
4869,8810220b13fffff
4870,88102254a9fffff
4871,88102242e7fffff
4872,8810224ad1fffff
4873,88102256e9fffff
4874,881031b145fffff
4875,8810224d6bfffff
4876,88103524ebfffff
4877,881022735dfffff
4878,88102270a1fffff
4879,88102279c3fffff
4880,8810224c95fffff
4881,881031875dfffff
4882,8810220867fffff
4883,881031b2e1fffff
4884,88102248ddfffff
4885,8810224dc9fffff
4886,881022559bfffff
4887,88102259edfffff
4888,881031bad9fffff
4889,881031b057fffff
4890,8810225ae1fffff
4891,8810225209fffff
4892,881022792bfffff
4893,88103525edfffff
4894,8810220a39fffff
4895,881031b345fffff
4896,8810227a63fffff
4897,8810224f61fffff
4898,881031b609fffff
4899,8810318721fffff
4900,8810225b25fffff
4901,8810226227fffff
4902,8810224d19fffff
4903,88102256d7fffff
4904,881031b511fffff
4905,8810319687fffff
4906,881031b087fffff
4907,881022481dfffff
4908,881031829bfffff
4909,8810227335fffff
4910,881035248dfffff
4911,8810224865fffff
4912,8810225911fffff
4913,8810224067fffff
4914,8810224e63fffff
4915,8810225489fffff
4916,881022cda1fffff
4917,8810224e39fffff
4918,8810225a89fffff
4919,881022cd15fffff
4920,88103196a9fffff
4921,881031b8cdfffff
4922,8810224367fffff
4923,8810227197fffff
4924,881031874bfffff
4925,8810221931fffff
4926,881031b34dfffff
4927,881031b823fffff
4928,881022cd39fffff
4929,881022445dfffff
4930,8810319693fffff
4931,8810352c5bfffff
4932,88103196bdfffff
4933,881022542bfffff
4934,8810224cd1fffff
4935,881022528bfffff
4936,881022529bfffff
4937,8810224061fffff
4938,8810220821fffff
4939,8810225515fffff
4940,8810226a31fffff
4941,881022412dfffff
4942,881022470dfffff
4943,88103520b3fffff
4944,88102241d9fffff
4945,881022711bfffff
4946,8810318667fffff
4947,88102248c3fffff
4948,8810352d57fffff
4949,88103182c9fffff
4950,8810225511fffff
4951,8810227931fffff
4952,8810352e8dfffff
4953,8810227987fffff
4954,8810318715fffff
4955,8810225219fffff
4956,8810318541fffff
4957,8810225ab7fffff
4958,8810224915fffff
4959,88102248cdfffff
4960,8810352511fffff
4961,881022458bfffff
4962,88103524cdfffff
4963,8810352e37fffff
4964,881022571bfffff
4965,881022493dfffff
4966,881031b181fffff
4967,8810221997fffff
4968,88102271b1fffff
4969,8810224d35fffff
4970,88102251e3fffff
4971,8810225605fffff
4972,8810224d0dfffff
4973,8810224ca3fffff
4974,8810221983fffff
4975,881022401bfffff
4976,88103525adfffff
4977,8810224c41fffff
4978,8810224559fffff
4979,88102251b3fffff
4980,8810225259fffff
4981,881022726bfffff
4982,8810225551fffff
4983,88102209bbfffff
4984,8810224da3fffff
4985,8810225603fffff
4986,881022c9c7fffff
4987,8810224db7fffff
4988,8810227aa9fffff
4989,8810224325fffff
4990,881022516dfffff
4991,881031b667fffff
4992,881022716bfffff
4993,881035251dfffff
4994,88103526b3fffff
4995,88102248edfffff
4996,881031ba5bfffff
4997,88102249cbfffff
4998,8810226ac1fffff
4999,8810352ca7fffff
5000,8810224a4dfffff
5001,8810224145fffff
5002,881031a323fffff
5003,8810224acdfffff
5004,881031b5cbfffff
5005,881031b4e1fffff
5006,88103520e3fffff
5007,8810352c51fffff
5008,8810227aa7fffff
5009,881022456bfffff
5010,88102258edfffff
5011,8810225aadfffff
5012,88102209a5fffff
5013,881031b257fffff
5014,8810220a0bfffff
5015,8810352505fffff
5016,8810220907fffff
5017,8810226309fffff
5018,88102255c1fffff
5019,88103184bbfffff
5020,881031ba31fffff
5021,881022cc37fffff
5022,8810352ea9fffff
5023,8810224a1dfffff
5024,8810224d43fffff
5025,8810225007fffff
5026,881031866dfffff
5027,8810224d95fffff
5028,8810352d5dfffff
5029,8810225155fffff
5030,881031b55dfffff
5031,8810225721fffff
5032,88102246c7fffff
5033,881022cdb3fffff
5034,8810224dc1fffff
5035,8810225411fffff
5036,881031b203fffff
5037,881031a363fffff
5038,8810319601fffff
5039,8810352ca9fffff
5040,8810352405fffff
5041,8810227339fffff
5042,881022588bfffff
5043,8810225235fffff
5044,88103186c5fffff
5045,881031b151fffff
5046,881022cd23fffff
5047,8810318681fffff
5048,881031b1a9fffff
5049,881031b8d1fffff
5050,881031a267fffff
5051,881031ba51fffff
5052,881022491dfffff
5053,8810225759fffff
5054,881035241dfffff
5055,881031b04bfffff
5056,881031969bfffff
5057,8810224717fffff
5058,8810224e87fffff
5059,881031b313fffff
5060,88102209bdfffff
5061,8810224825fffff
5062,88103180dbfffff
5063,8810227b55fffff
5064,8810224d87fffff
5065,88102278b7fffff
5066,88103194abfffff
5067,8810227a01fffff
5068,881031a365fffff
5069,881031b36dfffff
5070,88103526e5fffff
5071,8810319609fffff
5072,8810352eb7fffff
5073,88103192dbfffff
5074,881022448bfffff
5075,88102255abfffff
5076,8810352667fffff
5077,8810225a55fffff
5078,8810318745fffff
5079,8810319613fffff
5080,8810319415fffff
5081,881022405bfffff
5082,881022704bfffff
5083,881031b1d1fffff
5084,8810224465fffff
5085,881031b293fffff
5086,881031842dfffff
5087,88102278d3fffff
5088,881031b303fffff
5089,881031859bfffff
5090,8810319487fffff
5091,8810319413fffff
5092,8810224d09fffff
5093,881031ba11fffff
5094,8810224115fffff
5095,881031b045fffff
5096,8810224229fffff
5097,881031b0abfffff
5098,881031a14bfffff
5099,881031b459fffff
5100,881022086bfffff
5101,881022505dfffff
5102,88103182ddfffff
5103,881031a337fffff
5104,8810352e9dfffff
5105,8810221999fffff
5106,881035255bfffff
5107,881022486dfffff
5108,8810352419fffff
5109,88102246d3fffff
5110,881022cdd3fffff
5111,881031a30bfffff
5112,88102209b5fffff
5113,881031b461fffff
5114,881022710bfffff
5115,881031b2e3fffff
5116,881022413dfffff
5117,881031bb41fffff
5118,8810352db7fffff
5119,881031ba01fffff
5120,8810220823fffff
5121,8810225b65fffff
5122,8810224f6bfffff
5123,881031b6e5fffff
5124,88102259b1fffff
5125,881031862bfffff
5126,88103520edfffff
5127,8810318695fffff
5128,881031b64bfffff
5129,881022555bfffff
5130,881022550dfffff
5131,881035252dfffff
5132,8810224c53fffff
5133,8810224f05fffff
5134,881022406dfffff
5135,8810352f5bfffff
5136,88102255c5fffff
5137,8810352debfffff
5138,8810352e69fffff
5139,881031b753fffff
5140,8810221993fffff
5141,88102255a5fffff
5142,8810224c21fffff
5143,88102254d7fffff
5144,8810225185fffff
5145,881031b239fffff
5146,88102249e1fffff
5147,881022454bfffff
5148,881031a2e9fffff
5149,88102242d7fffff
5150,8810227889fffff
5151,8810224287fffff
5152,8810224713fffff
5153,8810225717fffff
5154,88102240e5fffff
5155,88102245d7fffff
5156,881031858dfffff
5157,8810352f39fffff
5158,8810225217fffff
5159,8810224607fffff
5160,8810227851fffff
5161,8810319657fffff
5162,8810220827fffff
5163,88102241bdfffff
5164,8810220805fffff
5165,8810352c91fffff
5166,8810225285fffff
5167,8810225767fffff
5168,8810225a29fffff
5169,88102246d1fffff
5170,881022096dfffff
5171,8810224eb5fffff
5172,8810352587fffff
5173,8810352d9dfffff
5174,8810319739fffff
5175,881022452dfffff
5176,881031b309fffff
5177,881031b611fffff
5178,8810227b69fffff
5179,8810220a41fffff
5180,8810352da3fffff
5181,881022443dfffff
5182,8810319511fffff
5183,881031855dfffff
5184,881022791dfffff
5185,8810227357fffff
5186,8810225091fffff
5187,881031860bfffff
5188,88102251a3fffff
5189,8810225627fffff
5190,881022712bfffff
5191,881031b647fffff
5192,8810224943fffff
5193,881031baa7fffff
5194,881031a215fffff
5195,881022784bfffff
5196,88102254d9fffff
5197,881031b723fffff
5198,8810352453fffff
5199,8810225461fffff
5200,88103184e3fffff
5201,8810352e83fffff
5202,8810224f2bfffff
5203,88103196c3fffff
5204,881022614bfffff
5205,8810224611fffff
5206,8810352c4bfffff
5207,8810319733fffff
5208,8810224907fffff
5209,881031b631fffff
5210,881022506bfffff
5211,881031ba1dfffff
5212,8810225427fffff
5213,88102248a9fffff
5214,881031b2a5fffff
5215,881022c9a1fffff
5216,8810224f35fffff
5217,8810318431fffff
5218,881022cda7fffff
5219,88102242b9fffff
5220,881031a2c7fffff
5221,8810225057fffff
5222,881031b127fffff
5223,881022734dfffff
5224,8810224295fffff
5225,8810224421fffff
5226,881031b601fffff
5227,8810318611fffff
5228,8810225a61fffff
5229,881031ba87fffff
5230,88102248d9fffff
5231,8810352751fffff
5232,88103194cbfffff
5233,881022cdc3fffff
5234,881031976bfffff
5235,881022730dfffff
5236,881022498dfffff
5237,881031b153fffff
5238,8810318709fffff
5239,88102251c5fffff
5240,881031b1c1fffff
5241,8810227b05fffff
5242,8810352469fffff
5243,8810224243fffff
5244,8810352cd7fffff
5245,88102256e1fffff
5246,88103186bdfffff
5247,881031a25bfffff
5248,881031b159fffff
5249,8810225825fffff
5250,88102270adfffff
5251,881031b63dfffff
5252,88102248c5fffff
5253,8810225621fffff
5254,8810224a25fffff
5255,881035243bfffff
5256,8810319513fffff
5257,8810224693fffff
5258,8810227811fffff
5259,8810352ce3fffff
5260,8810225a67fffff
5261,881031b857fffff
5262,8810352cddfffff
5263,8810318283fffff
5264,8810225413fffff
5265,8810224201fffff
5266,88103196cdfffff
5267,881031b567fffff
5268,8810352e4dfffff
5269,881031846dfffff
5270,8810225581fffff
5271,8810318603fffff
5272,881022cd8bfffff
5273,8810225b57fffff
5274,881022424bfffff
5275,8810224347fffff
5276,881031b31dfffff
5277,881031ba97fffff
5278,8810224535fffff
5279,881031b15bfffff
5280,8810224905fffff
5281,881031b731fffff
5282,881022409dfffff
5283,88102255b7fffff
5284,881022cc33fffff
5285,8810224109fffff
5286,8810352487fffff
5287,881031b613fffff
5288,8810224749fffff
5289,881031b539fffff
5290,8810224355fffff
5291,8810227ac3fffff
5292,8810226acdfffff
5293,8810225ae7fffff
5294,8810225861fffff
5295,8810220931fffff
5296,8810225b1bfffff
5297,8810225715fffff
5298,8810227307fffff
5299,8810224d1dfffff
5300,88102261b7fffff
5301,88102242d5fffff
5302,881031b829fffff
5303,881031b1c9fffff
5304,8810352415fffff
5305,881022451dfffff
5306,881031b5d3fffff
5307,8810225707fffff
5308,8810224989fffff
5309,8810224d65fffff
5310,8810319465fffff
5311,881031a2c3fffff
5312,8810220b07fffff
5313,88102261adfffff
5314,88102261a5fffff
5315,8810319697fffff
5316,881031b6edfffff
5317,8810225061fffff
5318,881031b009fffff
5319,8810221939fffff
5320,881022422dfffff
5321,88103194e5fffff
5322,881022462bfffff
5323,8810224dabfffff
5324,881031bb3bfffff
5325,881031965dfffff
5326,8810319489fffff
5327,8810352e49fffff
5328,881022c9b7fffff
5329,8810227905fffff
5330,8810225207fffff
5331,881022573dfffff
5332,8810225541fffff
5333,8810224c8bfffff
5334,881035262bfffff
5335,88102278dbfffff
5336,881031a21dfffff
5337,881022565dfffff
5338,8810227b29fffff
5339,8810224903fffff
5340,88102242c3fffff
5341,8810352c37fffff
5342,8810227923fffff
5343,8810224311fffff
5344,88102261a9fffff
5345,881031b081fffff
5346,881022482dfffff
5347,88103195b9fffff
5348,8810225943fffff
5349,88102256e3fffff
5350,88103524e3fffff
5351,881031b455fffff
5352,8810224541fffff
5353,8810224eb7fffff
5354,881031b1b1fffff
5355,8810225713fffff
5356,8810227925fffff
5357,88102248dbfffff
5358,8810225363fffff
5359,8810319591fffff
5360,8810224437fffff
5361,8810225323fffff
5362,881031b089fffff
5363,881031b713fffff
5364,881031b33bfffff
5365,881022632bfffff
5366,88102256bdfffff
5367,881031b23bfffff
5368,88102250edfffff
5369,8810225765fffff
5370,8810225b69fffff
5371,881031a2cbfffff
5372,881022ccebfffff
5373,881031b1bdfffff
5374,88102245a3fffff
5375,881022486bfffff
5376,8810227a05fffff
5377,8810352dd7fffff
5378,8810319643fffff
5379,8810227a11fffff
5380,881031bae1fffff
5381,881031b101fffff
5382,8810227887fffff
5383,8810227ae3fffff
5384,8810352e17fffff
5385,8810224893fffff
5386,88102254a7fffff
5387,88102244e1fffff
5388,8810224269fffff
5389,8810221955fffff
5390,881022098dfffff
5391,8810352ee7fffff
5392,881022496dfffff
5393,881031851bfffff
5394,88102241c1fffff
5395,881022592bfffff
5396,8810225425fffff
5397,88102250a3fffff
5398,8810224cc5fffff
5399,881031b56bfffff
5400,8810220963fffff
5401,881031ba9dfffff
5402,881031b403fffff
5403,881031b0d3fffff
5404,88102241dbfffff
5405,8810352d51fffff
5406,88102259adfffff
5407,8810224a6bfffff
5408,8810224097fffff
5409,8810318467fffff
5410,8810352eddfffff
5411,8810225b0bfffff
5412,881031b51dfffff
5413,88102249c1fffff
5414,88102244d1fffff
5415,8810225b33fffff
5416,8810225945fffff
5417,8810224543fffff
5418,881022c999fffff
5419,8810226311fffff
5420,881022551dfffff
5421,8810225819fffff
5422,8810319735fffff
5423,881022499bfffff
5424,881031b71bfffff
5425,88103186a3fffff
5426,881031973bfffff
5427,88102271abfffff
5428,88102278e3fffff
5429,8810225a87fffff
5430,8810352033fffff
5431,8810224967fffff
5432,881031ba69fffff
5433,881022429bfffff
5434,8810226adbfffff
5435,8810318769fffff
5436,8810225405fffff
5437,881031bb11fffff
5438,88102261a3fffff
5439,8810224ea7fffff
5440,8810352d13fffff
5441,8810220b65fffff
5442,8810224015fffff
5443,88102271ebfffff
5444,8810352c45fffff
5445,88102255e3fffff
5446,8810220b31fffff
5447,881031b1e3fffff
5448,88102279d9fffff
5449,8810319411fffff
5450,8810225011fffff
5451,8810224dcbfffff
5452,881022571dfffff
5453,8810227165fffff
5454,8810224cc3fffff
5455,8810224e8bfffff
5456,8810224eedfffff
5457,881022cdb5fffff
5458,8810224353fffff
5459,881031b2e7fffff
5460,881031b2d1fffff
5461,881031959dfffff
5462,8810225055fffff
5463,8810225403fffff
5464,8810224ea5fffff
5465,881031b0a7fffff
5466,88102209edfffff
5467,8810352db1fffff
5468,88103195adfffff
5469,8810224d33fffff
5470,8810319527fffff
5471,8810224f67fffff
5472,8810226a19fffff
5473,8810352519fffff
5474,88102251a5fffff
5475,8810224c9dfffff
5476,88102244adfffff
5477,8810224f41fffff
5478,881031a335fffff
5479,8810221991fffff
5480,8810225a2dfffff
5481,8810352d03fffff
5482,881031b4e5fffff
5483,8810225525fffff
5484,8810224ce9fffff
5485,8810352e39fffff
5486,88102279c1fffff
5487,8810224aedfffff
5488,881031b855fffff
5489,8810224c4bfffff
5490,881031b215fffff
5491,8810352e07fffff
5492,8810225a53fffff
5493,8810227921fffff
5494,8810224d39fffff
5495,881031a245fffff
5496,88103520a5fffff
5497,88102244cbfffff
5498,881022ccb7fffff
5499,8810225b05fffff
5500,88102251e5fffff
5501,8810224b01fffff
5502,88102251bbfffff
5503,881031bb19fffff
5504,881031b6d3fffff
5505,8810225863fffff
5506,881031b2a7fffff
5507,88102245c9fffff
5508,8810352093fffff
5509,8810224cbbfffff
5510,8810224527fffff
5511,8810227acdfffff
5512,881031b2ddfffff
5513,8810224d3dfffff
5514,88102250e3fffff
5515,88102244bdfffff
5516,8810224d3bfffff
5517,8810352d53fffff
5518,8810224065fffff
5519,881031bb01fffff
5520,881022488bfffff
5521,8810224c8dfffff
5522,881022513bfffff
5523,8810227961fffff
5524,8810225891fffff
5525,881031ba85fffff
5526,881031b027fffff
5527,881022584dfffff
5528,881031b227fffff
5529,881022494dfffff
5530,8810224805fffff
5531,8810352dcbfffff
5532,8810224dd1fffff
5533,881022782dfffff
5534,88103196ddfffff
5535,88102252a3fffff
5536,8810220845fffff
5537,8810226335fffff
5538,881035263bfffff
5539,88102248d5fffff
5540,88102251edfffff
5541,881022444bfffff
5542,881031b221fffff
5543,881035243dfffff
5544,8810318647fffff
5545,8810225517fffff
5546,881031b699fffff
5547,881031a241fffff
5548,8810224f55fffff
5549,8810352c81fffff
5550,8810319705fffff
5551,8810318433fffff
5552,8810226315fffff
5553,8810224869fffff
5554,8810226ac7fffff
5555,88102242a7fffff
5556,881022406bfffff
5557,8810224d97fffff
5558,881022cde7fffff
5559,8810227227fffff
5560,881022cd33fffff
5561,88103520e9fffff
5562,881031b00bfffff
5563,881031b869fffff
5564,881022096bfffff
5565,881031ba15fffff
5566,881031b56dfffff
5567,8810225097fffff
5568,88102209cbfffff
5569,881031b813fffff
5570,8810319519fffff
5571,88102245a9fffff
5572,8810225737fffff
5573,881031b347fffff
5574,881031bb63fffff
5575,8810227929fffff
5576,881035260bfffff
5577,88103185b1fffff
5578,88102219d3fffff
5579,88102255e5fffff
5580,881022c995fffff
5581,8810224959fffff
5582,881022cd27fffff
5583,8810226a57fffff
5584,881022593dfffff
5585,8810224809fffff
5586,881031b807fffff
5587,8810224219fffff
5588,88102240b1fffff
5589,8810224647fffff
5590,8810224c49fffff
5591,88103196d7fffff
5592,881022572dfffff
5593,8810224f33fffff
5594,8810224885fffff
5595,8810224ec7fffff
5596,881022736dfffff
5597,8810352e9bfffff
5598,881022616dfffff
5599,8810227937fffff
5600,881031a369fffff
5601,8810225839fffff
5602,8810319495fffff
5603,8810225041fffff
5604,88103186cbfffff
5605,88102251c1fffff
5606,881022475dfffff
5607,881031b291fffff
5608,88102252bbfffff
5609,8810227b1bfffff
5610,881031b24dfffff
5611,881031b2a9fffff
5612,8810224f3dfffff
5613,8810226a13fffff
5614,8810224c1bfffff
5615,881035249bfffff
5616,881031840bfffff
5617,88102278a7fffff
5618,8810225b03fffff
5619,8810224d01fffff
5620,8810220939fffff
5621,8810220a01fffff
5622,88102279e1fffff
5623,881031b2b1fffff
5624,8810225267fffff
5625,8810225abdfffff
5626,8810226a69fffff
5627,881022455dfffff
5628,88102219d1fffff
5629,881031ba63fffff
5630,8810224297fffff
5631,88103186b9fffff
5632,881022441dfffff
5633,881031b55bfffff
5634,881031b749fffff
5635,8810224025fffff
5636,8810319645fffff
