,geohash
0,88100eadbbfffff
1,88100e36cbfffff
2,88100e2983fffff
3,881008ca99fffff
4,88100a9723fffff
5,881008c1c3fffff
6,88100e64c5fffff
7,881008485dfffff
8,8810084dd9fffff
9,88100a9a5dfffff
10,88100a8563fffff
11,88100e64bbfffff
12,88100e24c3fffff
13,88100849d7fffff
14,881008d937fffff
15,88100e28cbfffff
16,8810084e67fffff
17,88100a98dbfffff
18,881008552dfffff
19,8810085051fffff
20,88100e3b17fffff
21,88100e324bfffff
22,88100e255dfffff
23,8810084a27fffff
24,88100e2241fffff
25,88100840c9fffff
26,881008dac5fffff
27,88100e25a5fffff
28,88100e3087fffff
29,88100eadd3fffff
30,881008c211fffff
31,88100e74a3fffff
32,88100ab003fffff
33,8810084adbfffff
34,881008d1e9fffff
35,88100a9085fffff
36,88100a8443fffff
37,881008db11fffff
38,8810085223fffff
39,88100e30c9fffff
40,881008483bfffff
41,88100e66bdfffff
42,88100eac9bfffff
43,88100a8331fffff
44,88100e2db5fffff
45,88100a9519fffff
46,88100a9267fffff
47,88100a90cdfffff
48,88100a9309fffff
49,88100e3acbfffff
50,88100e2169fffff
51,88100e2419fffff
52,88100a848bfffff
53,88100e74c7fffff
54,881008c1e5fffff
55,88100ab0c7fffff
56,88100a9a93fffff
57,8810085001fffff
58,88100859d9fffff
59,881008ce53fffff
60,88100e3039fffff
61,8810085631fffff
62,88100858d1fffff
63,88100a91a5fffff
64,88100eaa93fffff
65,88100e2e09fffff
66,881008c8a3fffff
67,881008d8d3fffff
68,88100a8e17fffff
69,88100e64edfffff
70,88100a9763fffff
71,88100a96d7fffff
72,88100848bbfffff
73,88100a8741fffff
74,8810085341fffff
75,88100a85d3fffff
76,8810085025fffff
77,88100a966bfffff
78,881008c545fffff
79,88100e2665fffff
80,881008192dfffff
81,88100e2c49fffff
82,88100a8509fffff
83,881008c947fffff
84,881008c715fffff
85,881008488bfffff
86,88100849b7fffff
87,88100ead37fffff
88,88100e3187fffff
89,88100eadb3fffff
90,881008571bfffff
91,8810084955fffff
92,88100e6601fffff
93,88100a953bfffff
94,88100a92c5fffff
95,88100e66c7fffff
96,88100ab33bfffff
97,881008598bfffff
98,881008cabbfffff
99,881008d985fffff
100,8810084237fffff
101,88100e2f47fffff
102,88100e6731fffff
103,8810084b09fffff
104,88100e2a39fffff
105,88100e2c2dfffff
106,88100e258dfffff
107,88100a96e1fffff
108,88100e2e19fffff
109,88100ab1c1fffff
110,881008d8d9fffff
111,88100ab127fffff
112,88100a8247fffff
113,88100e2205fffff
114,88100eac89fffff
115,88100a8629fffff
116,88100e2f61fffff
117,8810084ce1fffff
118,881008c86bfffff
119,88100e2dcbfffff
120,881008c865fffff
121,88100a96c1fffff
122,88100ab345fffff
123,88100e2069fffff
124,881008ca37fffff
125,88100850a7fffff
126,88100ab0e1fffff
127,88100a96a3fffff
128,881008c839fffff
129,88100ab0c5fffff
130,88100e2e0bfffff
131,8810085337fffff
132,881008c11dfffff
133,88100e2683fffff
134,8810084047fffff
135,88100e22d3fffff
136,8810084a23fffff
137,88100a9103fffff
138,88100aba63fffff
139,8810085201fffff
140,88100e2a55fffff
141,88100eaf63fffff
142,8810085ab1fffff
143,88100e3833fffff
144,88100abadbfffff
145,881008d9adfffff
146,881008ca0bfffff
147,8810084b4dfffff
148,88100eaa17fffff
149,88100e3a83fffff
150,88100e295bfffff
151,88100e32e3fffff
152,88100a8733fffff
153,881008434bfffff
154,881008512bfffff
155,88100e22cbfffff
156,88100eaa85fffff
157,88100e290dfffff
158,88100e26bdfffff
159,88100e76e9fffff
160,8810081b49fffff
161,881008525bfffff
162,881008563dfffff
163,88100e348bfffff
164,88100e2b59fffff
165,881008c705fffff
166,8810085335fffff
167,881008c0b3fffff
168,8810084dd1fffff
169,88100a8199fffff
170,881008ca35fffff
171,88100e38c5fffff
172,8810085a47fffff
173,88100a8283fffff
174,88100e2d81fffff
175,8810085b6bfffff
176,88100a84a7fffff
177,8810084c69fffff
178,881008cc03fffff
179,8810085937fffff
180,88100ab251fffff
181,881008c933fffff
182,881008cb15fffff
183,88100e21b1fffff
184,8810085857fffff
185,88100e21d5fffff
186,88100e352dfffff
187,88100841edfffff
188,88100e3325fffff
189,8810084c45fffff
190,881008c907fffff
191,8810084d21fffff
192,8810085955fffff
193,88100e6585fffff
194,88100e30e9fffff
195,881008cc91fffff
196,88100e2eddfffff
197,88100e3715fffff
198,88100ab767fffff
199,88100e6631fffff
200,88100e34b3fffff
201,88100e76a3fffff
202,881008c931fffff
203,88100eac6dfffff
204,88100e36dbfffff
205,8810084e69fffff
206,88100e32ddfffff
207,88100e76e3fffff
208,8810084b05fffff
209,881008d949fffff
210,881008508bfffff
211,88100a925dfffff
212,881008545dfffff
213,88100ea895fffff
214,881008404dfffff
215,88100e2e11fffff
216,88100e2133fffff
217,881008d9ddfffff
218,88100e665dfffff
219,881008d9d9fffff
220,88100e76a9fffff
221,88100e34bbfffff
222,8810085933fffff
223,88100e2aadfffff
224,88100a835bfffff
225,88100e2517fffff
226,88100a8263fffff
227,88100e24a1fffff
228,88100a80b1fffff
229,881008d0c7fffff
230,881008ce95fffff
231,88100e24edfffff
232,881008cd27fffff
233,88100e2aa5fffff
234,88100e2ae3fffff
235,88100a9335fffff
236,881008504dfffff
237,88100859c5fffff
238,88100e210bfffff
239,88100841a3fffff
240,881008c90dfffff
241,88100a824bfffff
242,88100e21cbfffff
243,881008d8c1fffff
244,881008585dfffff
245,88100e2061fffff
246,88100ab35bfffff
247,881008da55fffff
248,881008da03fffff
249,8810085429fffff
250,881008c8a1fffff
251,88100850e7fffff
252,88100e3a13fffff
253,8810085841fffff
254,881008db5bfffff
255,881008419bfffff
256,8810085347fffff
257,88100e2c13fffff
258,88100a8345fffff
259,88100e2d31fffff
260,88100e298dfffff
261,88100aba37fffff
262,881008caadfffff
263,88100849ebfffff
264,88100a9423fffff
265,88100a974bfffff
266,88100e64e3fffff
267,88100e2745fffff
268,88100e2435fffff
269,881008cf0bfffff
270,88100ab117fffff
271,88100e2a95fffff
272,88100e66edfffff
273,88100e271bfffff
274,88100e3541fffff
275,88100e34cdfffff
276,88100e2313fffff
277,88100a90b5fffff
278,8810085115fffff
279,8810084337fffff
280,88100a9439fffff
281,88100e312bfffff
282,881008cc53fffff
283,8810084023fffff
284,8810084319fffff
285,88100e6443fffff
286,88100a8295fffff
287,88100e74ddfffff
288,88100e6415fffff
289,8810084c31fffff
290,88100852adfffff
291,8810085709fffff
292,881008c709fffff
293,881008c8e9fffff
294,88100a8317fffff
295,88100a9589fffff
296,88100e39d1fffff
297,881008c817fffff
298,88100e3045fffff
299,88100e2b27fffff
300,881008592bfffff
301,88100eaa9bfffff
302,88100e252bfffff
303,8810085a45fffff
304,88100e2029fffff
305,881008592dfffff
306,88100a9693fffff
307,88100e2299fffff
308,88100e2681fffff
309,88100a80b5fffff
310,88100a865bfffff
311,8810084de3fffff
312,88100e29ddfffff
313,8810084a51fffff
314,88100e2343fffff
315,881008582bfffff
316,88100e2c41fffff
317,8810085895fffff
318,881008c52bfffff
319,88100e3939fffff
320,88100eaa89fffff
321,88100e2dd9fffff
322,88100e254bfffff
323,88100848ebfffff
324,88100ead09fffff
325,881008c157fffff
326,881008c89bfffff
327,88100a86b5fffff
328,88100e391dfffff
329,881008c73bfffff
330,88100e200bfffff
331,88100a9049fffff
332,88100aba4bfffff
333,88100a8499fffff
334,881008d0e7fffff
335,881008c041fffff
336,881008cb37fffff
337,88100a8745fffff
338,88100a9165fffff
339,88100e2ae5fffff
340,88100859d1fffff
341,88100859d3fffff
342,88100e30a9fffff
343,88100849c7fffff
344,88100e2013fffff
345,88100e3921fffff
346,88100a80abfffff
347,88100e76ebfffff
348,881008c469fffff
349,8810085845fffff
350,88100a90cbfffff
351,88100e213bfffff
352,88100e3603fffff
353,8810085a99fffff
354,88100a9591fffff
355,88100e3687fffff
356,881008d133fffff
357,88100a934bfffff
358,88100a91c9fffff
359,88100e6491fffff
360,88100e2111fffff
361,88100ea889fffff
362,881008c859fffff
363,88100e2759fffff
364,881008ca57fffff
365,88100a8e0bfffff
366,88100e2ddbfffff
367,88100a96c9fffff
368,88100e2281fffff
369,88100a9553fffff
370,88100a82a5fffff
371,88100eaa9dfffff
372,88100e3ad9fffff
373,88100e2715fffff
374,881008546dfffff
375,88100e3815fffff
376,881008c4e5fffff
377,88100e3669fffff
378,88100e65a9fffff
379,88100849d1fffff
380,88100e3a5dfffff
381,881008cf5dfffff
382,88100e30c5fffff
383,8810084dc1fffff
384,88100e35c5fffff
385,881008c16dfffff
386,88100848e7fffff
387,881008c03bfffff
388,88100e29ebfffff
389,88100850b7fffff
390,881008c0ebfffff
391,88100e28dbfffff
392,88100a848dfffff
393,88100a9125fffff
394,88100a8145fffff
395,88100e20abfffff
396,881008da15fffff
397,881008d0a3fffff
398,881008d82bfffff
399,881008c441fffff
400,88100a832bfffff
401,881008c1cdfffff
402,88100848b3fffff
403,8810084855fffff
404,88100850b9fffff
405,88100e314dfffff
406,8810084b65fffff
407,88100ead43fffff
408,88100eace5fffff
409,88100e2e21fffff
410,881008c433fffff
411,88100a9355fffff
412,88100e2e1dfffff
413,88100ea819fffff
414,88100a8011fffff
415,881008c539fffff
416,8810085127fffff
417,88100a98ddfffff
418,8810085b0dfffff
419,88100a9749fffff
420,88100e305dfffff
421,88100ab363fffff
422,88100e3825fffff
423,88100eaf5dfffff
424,88100e2d0bfffff
425,881008c625fffff
426,88100a9741fffff
427,8810084015fffff
428,88100e393dfffff
429,88100e359bfffff
430,88100a8743fffff
431,88100ab849fffff
432,881008db25fffff
433,88100e3557fffff
434,88100eaaa1fffff
435,88100e2231fffff
436,881008cdbdfffff
437,8810084d53fffff
438,88100e29bdfffff
439,88100eaaedfffff
440,8810085193fffff
441,88100a9353fffff
442,8810085b27fffff
443,881008d8ebfffff
444,88100e2327fffff
445,88100e209bfffff
446,881008480bfffff
447,8810085823fffff
448,88100a866dfffff
449,88100e22e5fffff
450,88100e74edfffff
451,88100e2947fffff
452,88100a8091fffff
453,881008c0adfffff
454,881008d841fffff
455,881008c1cbfffff
456,88100a9089fffff
457,88100e3667fffff
458,88100e6411fffff
459,881008d015fffff
460,8810084a3bfffff
461,88100ab113fffff
462,88100e3845fffff
463,88100e2433fffff
464,88100e3437fffff
465,88100a9639fffff
466,88100858b1fffff
467,881008c8b5fffff
468,88100a82bbfffff
469,88100a9167fffff
470,8810085567fffff
471,88100e6457fffff
472,88100e29e5fffff
473,881008dab5fffff
474,88100e32a1fffff
475,88100e2e23fffff
476,88100e32d1fffff
477,8810084009fffff
478,88100858bbfffff
479,881008d939fffff
480,88100a800bfffff
481,8810084895fffff
482,88100aba51fffff
483,88100a9447fffff
484,881008da39fffff
485,88100849e1fffff
486,88100a9a15fffff
487,881008ce25fffff
488,8810085ac7fffff
489,881008d8edfffff
490,8810085507fffff
491,88100a8693fffff
492,881008ca4bfffff
493,88100a814bfffff
494,8810084b51fffff
495,881008cda9fffff
496,881008ca05fffff
497,8810084a95fffff
498,881008d0a9fffff
499,88100ab26dfffff
500,88100a8645fffff
501,88100a9231fffff
502,88100859adfffff
503,88100e2027fffff
504,8810085723fffff
505,8810085acbfffff
506,88100e35a1fffff
507,88100e2dd3fffff
508,88100a8031fffff
509,881008c269fffff
510,881008d96bfffff
511,88100eae6dfffff
512,881008c5e5fffff
513,8810084e37fffff
514,881008ccadfffff
515,881008d85dfffff
516,88100e2f29fffff
517,88100a84d9fffff
518,8810084057fffff
519,88100a8641fffff
520,88100e216bfffff
521,8810084241fffff
522,88100e6651fffff
523,88100a8411fffff
524,88100e24e9fffff
525,8810085321fffff
526,88100e6753fffff
527,8810081b15fffff
528,88100a9237fffff
529,8810085987fffff
530,881008d851fffff
531,88100e76c1fffff
532,88100859bbfffff
533,88100e318dfffff
534,8810084d0dfffff
535,8810085809fffff
536,8810084987fffff
537,881008d885fffff
538,88100e2ca7fffff
539,881008d891fffff
540,88100e2993fffff
541,88100ab2edfffff
542,88100a905dfffff
543,881008c261fffff
544,881008c199fffff
545,88100e2e01fffff
546,88100e2dedfffff
547,881008ca89fffff
548,88100a8711fffff
549,88100e25c7fffff
550,88100e2ac3fffff
551,881008d9bdfffff
552,88100e2963fffff
553,88100a8149fffff
554,88100ead9dfffff
555,881008da01fffff
556,88100e3227fffff
557,881008492bfffff
558,8810085945fffff
559,88100a8643fffff
560,881008509dfffff
561,88100a96e5fffff
562,8810084ac9fffff
563,88100ab189fffff
564,88100e2e33fffff
565,88100849b3fffff
566,88100a85e5fffff
567,88100852d3fffff
568,88100eac95fffff
569,881008432dfffff
570,88100a9a59fffff
571,88100e2e6bfffff
572,88100e36d9fffff
573,88100a92c1fffff
574,8810084167fffff
575,88100e2f01fffff
576,88100e2189fffff
577,881008c197fffff
578,88100a9321fffff
579,88100a95bdfffff
580,881008cd03fffff
581,88100e2933fffff
582,88100e303dfffff
583,88100e230dfffff
584,881008413dfffff
585,881008cd9bfffff
586,881008561bfffff
587,88100e6709fffff
588,88100ead07fffff
589,881008c223fffff
590,88100e302bfffff
591,88100e293bfffff
592,88100e29c7fffff
593,881008c33bfffff
594,881008d91bfffff
595,88100e2b01fffff
596,8810084157fffff
597,88100e2d89fffff
598,88100e2c81fffff
599,8810085a1bfffff
600,88100a8691fffff
601,881008c337fffff
602,88100a9011fffff
603,8810084f0bfffff
604,88100e3513fffff
605,88100e3923fffff
606,8810085763fffff
607,881008c1b7fffff
608,881008520dfffff
609,88100ea83bfffff
610,88100e3529fffff
611,88100eacc1fffff
612,88100ab365fffff
613,88100e65abfffff
614,88100a91d9fffff
615,8810084b0dfffff
616,8810085203fffff
617,8810084349fffff
618,881008d9ebfffff
619,88100e2129fffff
620,88100a829dfffff
621,88100aba53fffff
622,8810084145fffff
623,88100a952dfffff
624,88100e6635fffff
625,8810085029fffff
626,881008522dfffff
627,88100a931dfffff
628,88100e6617fffff
629,8810085a81fffff
630,88100e2d49fffff
631,881008c01dfffff
632,88100e2ee5fffff
633,88100e2693fffff
634,88100e2f53fffff
635,88100a90c1fffff
636,88100e6401fffff
637,88100e6717fffff
638,88100ab031fffff
639,88100e22d5fffff
640,88100eade1fffff
641,8810085b4dfffff
642,88100e2c67fffff
643,88100e2a89fffff
644,88100e34b9fffff
645,88100e2315fffff
646,88100a95d3fffff
647,88100a9563fffff
648,881008d961fffff
649,88100e2b03fffff
650,88100a8355fffff
651,88100ead53fffff
652,88100a82b9fffff
653,881008d9b3fffff
654,881008d8d5fffff
655,88100a8251fffff
656,881008d869fffff
657,881008ccddfffff
658,88100841dbfffff
659,88100a8557fffff
660,88100e358dfffff
661,881008c439fffff
662,881008da29fffff
663,8810085a27fffff
664,8810084aa5fffff
665,8810085063fffff
666,88100e3641fffff
667,881008435bfffff
668,881008cd63fffff
669,88100a84e1fffff
670,88100e65ddfffff
671,88100ab027fffff
672,8810085847fffff
673,8810084aedfffff
674,881008c5b9fffff
675,881008c881fffff
676,88100852a9fffff
677,88100ab721fffff
678,881008c459fffff
679,88100e3735fffff
680,881008c823fffff
681,881008ca0dfffff
682,88100ea1b3fffff
683,881008ca5dfffff
684,881008c895fffff
685,881008cd55fffff
686,881008c1e9fffff
687,88100e344dfffff
688,88100e2c87fffff
689,8810084055fffff
690,8810085545fffff
691,88100850cbfffff
692,88100ab133fffff
693,88100a85ebfffff
694,88100ab293fffff
695,881008d925fffff
696,88100ab289fffff
697,88100e3189fffff
698,881008d911fffff
699,88100e769bfffff
700,88100e0499fffff
701,881008c91bfffff
702,88100e6499fffff
703,88100eaad9fffff
704,88100ea127fffff
705,881008c5c1fffff
706,88100e39d9fffff
707,88100a908bfffff
708,881008d1adfffff
709,88100e28d7fffff
710,88100e3217fffff
711,88100e32bdfffff
712,88100e2a27fffff
713,88100a9557fffff
714,88100eace1fffff
715,8810084043fffff
716,88100840ebfffff
717,881008c8b1fffff
718,88100e3563fffff
719,88100e3495fffff
720,88100e2cd9fffff
721,88100e32a9fffff
722,88100e3ab5fffff
723,88100e350bfffff
724,88100a8055fffff
725,881008d93bfffff
726,881008536dfffff
727,88100ab73dfffff
728,88100e22b5fffff
729,88100e2257fffff
730,88100e2e59fffff
731,881008c123fffff
732,88100e3457fffff
733,8810085317fffff
734,88100e7685fffff
735,8810085213fffff
736,88100a94c5fffff
737,88100a9187fffff
738,88100e74bbfffff
739,88100ab32bfffff
740,88100a86c9fffff
741,88100e2651fffff
742,88100eaf2bfffff
743,8810084339fffff
744,881008c087fffff
745,88100eadb9fffff
746,88100eaaa7fffff
747,881008ce4bfffff
748,88100e2333fffff
749,88100e2547fffff
750,88100e31edfffff
751,88100e2951fffff
752,88100a9715fffff
753,88100a8511fffff
754,88100e3ab3fffff
755,88100eade3fffff
756,88100e34dbfffff
757,881008c9d3fffff
758,881008d815fffff
759,88100ead63fffff
760,88100e3321fffff
761,88100859edfffff
762,88100e2f39fffff
763,88100a90e9fffff
764,88100e38b7fffff
765,88100ab065fffff
766,88100e28bdfffff
767,88100ab337fffff
768,88100e660bfffff
769,88100e249dfffff
770,8810084149fffff
771,88100850e1fffff
772,88100a9705fffff
773,88100a9303fffff
774,88100a952bfffff
775,881008c509fffff
776,8810084a55fffff
777,88100e2f17fffff
778,88100e2dc9fffff
779,88100abaebfffff
780,88100a91e1fffff
781,88100eadc1fffff
782,88100e7681fffff
783,88100e28e7fffff
784,881008c027fffff
785,881008c8e3fffff
786,88100e3109fffff
787,881008dab1fffff
788,8810085615fffff
789,8810085191fffff
790,8810085311fffff
791,881008c1bbfffff
792,88100a85d1fffff
793,88100a94b9fffff
794,8810085b65fffff
795,88100e29c1fffff
796,88100e2985fffff
797,88100a8ec5fffff
798,88100e74d7fffff
799,88100ab2d5fffff
800,88100aba35fffff
801,881008c24dfffff
802,88100a9365fffff
803,88100a82e9fffff
804,88100852e1fffff
805,881008c941fffff
806,88100ab1adfffff
807,88100a8e45fffff
808,88100a82ebfffff
809,88100ea803fffff
810,881008d929fffff
811,88100e3287fffff
812,88100ab06dfffff
813,88100a90a5fffff
814,88100e3a57fffff
815,88100e3605fffff
816,881008d119fffff
817,8810085927fffff
818,88100842adfffff
819,881008c9abfffff
820,881008c631fffff
821,88100a9581fffff
822,8810085141fffff
823,88100a9643fffff
824,88100e2145fffff
825,88100e3665fffff
826,881008ca83fffff
827,88100a9291fffff
828,88100ab341fffff
829,88100e3231fffff
830,88100a9169fffff
831,88100858ebfffff
832,88100a860dfffff
833,8810084d65fffff
834,881008d9c9fffff
835,881008c71bfffff
836,8810085247fffff
837,88100850bdfffff
838,881008cc5dfffff
839,88100e3817fffff
840,881008556bfffff
841,881008c0bdfffff
842,88100e65d9fffff
843,88100eaf39fffff
844,88100e2103fffff
845,88100a9a91fffff
846,88100841a9fffff
847,88100e39abfffff
848,8810085815fffff
849,88100e2853fffff
850,88100ab2d7fffff
851,881008cd01fffff
852,881008da99fffff
853,88100e2987fffff
854,88100e2c43fffff
855,88100e205bfffff
856,88100ab347fffff
857,88100a8739fffff
858,881008cccdfffff
859,88100ab155fffff
860,881008cc9dfffff
861,88100e330dfffff
862,88100e76cdfffff
863,88100a8427fffff
864,88100ab223fffff
865,88100e2631fffff
866,88100a9631fffff
867,88100e2a97fffff
868,8810085aa7fffff
869,88100a861dfffff
870,881008cec3fffff
871,881008ca4dfffff
872,8810081b3bfffff
873,88100a9437fffff
874,88100e2923fffff
875,88100e3033fffff
876,88100ead13fffff
877,881008d84bfffff
878,881008c06dfffff
879,88100a802bfffff
880,88100e66e3fffff
881,8810084c5bfffff
882,88100a8e35fffff
883,88100848c1fffff
884,88100a96b9fffff
885,88100ab165fffff
886,881008ce03fffff
887,881008533dfffff
888,88100850ddfffff
889,881008d9e3fffff
890,8810084209fffff
891,88100e3527fffff
892,88100859a5fffff
893,88100e22bbfffff
894,8810085839fffff
895,88100e2157fffff
896,88100e64cdfffff
897,8810084d51fffff
898,88100e66a1fffff
899,88100ab30bfffff
900,88100e2a25fffff
901,88100e2667fffff
902,88100a9251fffff
903,881008d2adfffff
904,88100e2f15fffff
905,8810084917fffff
906,88100a9043fffff
907,8810084053fffff
908,881008d883fffff
909,8810084d09fffff
910,88100a951bfffff
911,88100e2301fffff
912,88100e299bfffff
913,88100e6587fffff
914,88100e2567fffff
915,88100a9649fffff
916,88100e38cbfffff
917,88100e2ae1fffff
918,88100a9689fffff
919,8810085097fffff
920,881008ceb7fffff
921,881008c08dfffff
922,88100a8763fffff
923,88100e3ae1fffff
924,88100e2235fffff
925,88100a84e7fffff
926,8810085a3dfffff
927,88100ab08bfffff
928,881008cdd7fffff
929,88100e20cdfffff
930,881008411dfffff
931,88100e31c1fffff
932,88100858c9fffff
933,88100852e7fffff
934,88100849a3fffff
935,88100e3283fffff
936,88100e65b1fffff
937,881008cdddfffff
938,881008c233fffff
939,8810084901fffff
940,88100a975dfffff
941,88100850b5fffff
942,881008da5dfffff
943,88100a80a9fffff
944,88100e2181fffff
945,8810084f5bfffff
946,88100a94d1fffff
947,8810084a85fffff
948,88100eaa8dfffff
949,88100e6719fffff
950,88100e21b7fffff
951,881008489dfffff
952,88100e201dfffff
953,881008c9a9fffff
954,88100e2b3dfffff
955,8810085739fffff
956,881008cd3dfffff
957,88100eaca3fffff
958,88100a90adfffff
959,88100e6595fffff
960,88100a9229fffff
961,881008d01bfffff
962,88100ab243fffff
963,881008499dfffff
964,88100840a5fffff
965,88100ab1a1fffff
966,881008c187fffff
967,8810085147fffff
968,881008ce9bfffff
969,8810085519fffff
970,88100ab157fffff
971,881008ced9fffff
972,8810084c4bfffff
973,881008ce43fffff
974,88100ab1cdfffff
975,88100a870dfffff
976,8810084037fffff
977,88100a9629fffff
978,88100a8095fffff
979,8810084d2bfffff
980,88100e214dfffff
981,88100e76b9fffff
982,88100a8097fffff
983,881008cc83fffff
984,88100e3267fffff
985,88100e3153fffff
986,88100a84c3fffff
987,88100e6611fffff
988,881008c46bfffff
989,88100a95dbfffff
990,881008d00bfffff
991,88100e2087fffff
992,88100a805dfffff
993,88100eadd5fffff
994,88100e2909fffff
995,8810081b13fffff
996,8810085003fffff
997,88100e35d1fffff
998,8810085b1dfffff
999,881008c365fffff
1000,88100e38b1fffff
1001,88100ea801fffff
1002,881008dab9fffff
1003,88100e39c3fffff
1004,88100a9269fffff
1005,88100e2dc5fffff
1006,88100eaf61fffff
1007,88100e2d4bfffff
1008,88100e64d3fffff
1009,88100eac87fffff
1010,88100e2cc5fffff
1011,88100e2dbbfffff
1012,881008c857fffff
1013,88100a9083fffff
1014,88100e361bfffff
1015,881008c031fffff
1016,88100a8407fffff
1017,881008c0b7fffff
1018,881008c9bbfffff
1019,8810084b01fffff
1020,88100e7493fffff
1021,881008565bfffff
1022,8810084acdfffff
1023,88100a98d7fffff
1024,88100a90d7fffff
1025,88100e2db9fffff
1026,88100a9127fffff
1027,88100e2d9dfffff
1028,881008c195fffff
1029,88100e30d9fffff
1030,88100eaf07fffff
1031,8810081b29fffff
1032,881008c90bfffff
1033,88100e2f11fffff
1034,88100a8319fffff
1035,881008cdebfffff
1036,88100e74c5fffff
1037,8810081a25fffff
1038,88100e2f65fffff
1039,88100a84a1fffff
1040,881008c32dfffff
1041,881008ce15fffff
1042,88100e3067fffff
1043,881008c435fffff
1044,88100a8257fffff
1045,88100ab0ddfffff
1046,88100e2ea9fffff
1047,881008c1ddfffff
1048,8810084c0dfffff
1049,88100ab13dfffff
1050,88100e3537fffff
1051,88100a931bfffff
1052,88100e3769fffff
1053,881008d941fffff
1054,88100a8323fffff
1055,88100e30bdfffff
1056,8810085151fffff
1057,88100e29a7fffff
1058,8810085059fffff
1059,8810084013fffff
1060,8810085649fffff
1061,88100e2b37fffff
1062,8810084e41fffff
1063,881008ce07fffff
1064,8810085a2dfffff
1065,88100e299dfffff
1066,881008c8b7fffff
1067,881008caabfffff
1068,8810084921fffff
1069,88100e25b9fffff
1070,88100a84b5fffff
1071,88100e38c1fffff
1072,881008cc37fffff
1073,88100e2569fffff
1074,88100ea1bbfffff
1075,881008cd49fffff
1076,881008c101fffff
1077,88100a9603fffff
1078,881008c26bfffff
1079,8810084f01fffff
1080,88100e75b3fffff
1081,88100e2047fffff
1082,88100e3659fffff
1083,88100e2553fffff
1084,881008cf51fffff
1085,88100e3331fffff
1086,88100e262bfffff
1087,88100a86dbfffff
1088,88100a86edfffff
1089,881008c747fffff
1090,88100a90d5fffff
1091,8810084a59fffff
1092,88100e265bfffff
1093,88100a844dfffff
1094,8810085637fffff
1095,88100e2c6dfffff
1096,88100858cdfffff
1097,88100e20b1fffff
1098,88100a91a3fffff
1099,88100e3259fffff
1100,881008530bfffff
1101,881008c1ebfffff
1102,88100e26c3fffff
1103,88100851e5fffff
1104,8810085119fffff
1105,88100e3a9dfffff
1106,8810081b69fffff
1107,88100a9285fffff
1108,88100a91e3fffff
1109,8810085555fffff
1110,881008c109fffff
1111,8810084b15fffff
1112,881008c609fffff
1113,881008420bfffff
1114,88100e3243fffff
1115,881008c143fffff
1116,88100e2ec1fffff
1117,8810084a3dfffff
1118,88100a9a0bfffff
1119,8810084235fffff
1120,88100a8689fffff
1121,88100a8549fffff
1122,88100e2a87fffff
1123,88100a9191fffff
1124,88100a9305fffff
1125,88100e3a01fffff
1126,881008c849fffff
1127,88100a8697fffff
1128,88100e3647fffff
1129,88100e2599fffff
1130,881008585bfffff
1131,8810085a29fffff
1132,88100e6691fffff
1133,88100840a7fffff
1134,88100e2453fffff
1135,88100eacebfffff
1136,8810085861fffff
1137,88100a8313fffff
1138,88100e22e7fffff
1139,88100e2841fffff
1140,881008db3dfffff
1141,88100e3019fffff
1142,88100a9725fffff
1143,88100e325dfffff
1144,88100e235dfffff
1145,881008c155fffff
1146,881008ceedfffff
1147,8810085997fffff
1148,88100a85c3fffff
1149,8810084ab3fffff
1150,88100a82ddfffff
1151,88100e35a7fffff
1152,88100e21d9fffff
1153,8810084201fffff
1154,88100a943bfffff
1155,88100a95e1fffff
1156,88100e669bfffff
1157,88100e74d1fffff
1158,88100a9351fffff
1159,881008d1cdfffff
1160,8810084131fffff
1161,88100eac17fffff
1162,88100e2083fffff
1163,88100a9ac5fffff
1164,8810084207fffff
1165,88100e674bfffff
1166,88100eace3fffff
1167,8810084261fffff
1168,88100859e7fffff
1169,88100a9a49fffff
1170,88100a9ae7fffff
1171,88100e283bfffff
1172,88100ab241fffff
1173,88100ab035fffff
1174,88100ead65fffff
1175,88100e2cbbfffff
1176,88100a96a9fffff
1177,88100e240bfffff
1178,88100e74c9fffff
1179,8810084069fffff
1180,8810084887fffff
1181,881008431dfffff
1182,88100ab159fffff
1183,88100a9149fffff
1184,88100eaf53fffff
1185,881008c243fffff
1186,881008cde5fffff
1187,88100a9561fffff
1188,88100e049bfffff
1189,88100a9665fffff
1190,881008505bfffff
1191,881008c093fffff
1192,88100e272dfffff
1193,88100ea5b7fffff
1194,88100eaa13fffff
1195,8810085a31fffff
1196,881008d11bfffff
1197,88100e741bfffff
1198,881008c513fffff
1199,8810084a45fffff
1200,881008d8bbfffff
1201,88100a9367fffff
1202,88100a8105fffff
1203,881008cd6dfffff
1204,881008cc21fffff
1205,8810081b39fffff
1206,88100e30a3fffff
1207,88100eacd5fffff
1208,881008ce67fffff
1209,88100e7695fffff
1210,88100a90d1fffff
1211,88100e20d1fffff
1212,88100e2601fffff
1213,881008d90bfffff
1214,88100ab085fffff
1215,88100a8201fffff
1216,8810084d0bfffff
1217,8810084e45fffff
1218,88100a95b9fffff
1219,8810085b1bfffff
1220,8810084acbfffff
1221,88100e2743fffff
1222,88100e2d1dfffff
1223,88100ead81fffff
1224,881008cb61fffff
1225,88100e358bfffff
1226,881008580bfffff
1227,8810084309fffff
1228,88100e38a5fffff
1229,8810085b25fffff
1230,88100e3251fffff
1231,88100e390bfffff
1232,88100e6449fffff
1233,88100a8e47fffff
1234,88100a861bfffff
1235,881008c24bfffff
1236,88100e2ae9fffff
1237,8810085439fffff
1238,88100e20a5fffff
1239,88100a9755fffff
1240,8810085113fffff
1241,88100e64d9fffff
1242,88100e6659fffff
1243,8810085a17fffff
1244,88100a956bfffff
1245,88100eacddfffff
1246,8810081847fffff
1247,88100e316dfffff
1248,88100851ddfffff
1249,88100e2c07fffff
1250,881008ccd5fffff
1251,88100a86ddfffff
1252,88100841e1fffff
1253,88100e2405fffff
1254,881008db61fffff
1255,88100e31c9fffff
1256,881008ca69fffff
1257,8810085813fffff
1258,88100eade7fffff
1259,881008d161fffff
1260,881008d003fffff
1261,881008c001fffff
1262,88100841a5fffff
1263,8810085603fffff
1264,881008cacdfffff
1265,881008c5e7fffff
1266,88100e2a61fffff
1267,881008d80bfffff
1268,88100a958dfffff
1269,881008ccc5fffff
1270,881008554bfffff
1271,88100e24d5fffff
1272,88100e2d57fffff
1273,88100849e3fffff
1274,88100852bbfffff
1275,88100e28b1fffff
1276,88100e35abfffff
1277,8810085145fffff
1278,88100e2163fffff
1279,88100a9225fffff
1280,881008c10bfffff
1281,881008d1b5fffff
1282,88100ab147fffff
1283,8810084d69fffff
1284,881008cf1bfffff
1285,88100e2099fffff
1286,88100e251bfffff
1287,8810085405fffff
1288,88100ead29fffff
1289,88100a804bfffff
1290,8810084e01fffff
1291,88100e342bfffff
1292,88100a9a69fffff
1293,88100ab039fffff
1294,881008ccebfffff
1295,88100a8297fffff
1296,88100a9521fffff
1297,881008523bfffff
1298,8810085961fffff
1299,88100a8445fffff
1300,88100ab723fffff
1301,88100a8231fffff
1302,88100e315bfffff
1303,88100e64b1fffff
1304,8810084049fffff
1305,88100a8e51fffff
1306,881008ce87fffff
1307,88100e2697fffff
1308,8810084d4dfffff
1309,881008c26dfffff
1310,8810084c41fffff
1311,88100e29cdfffff
1312,8810084a1bfffff
1313,881008cb29fffff
1314,8810085b2dfffff
1315,8810085219fffff
1316,88100e333dfffff
1317,881008d94dfffff
1318,88100e22e3fffff
1319,881008db43fffff
1320,88100e364dfffff
1321,881008cb4bfffff
1322,881008c893fffff
1323,8810085601fffff
1324,881008c923fffff
1325,88100a8481fffff
1326,881008c8d7fffff
1327,88100e2c3bfffff
1328,88100e280dfffff
1329,88100eaac3fffff
1330,88100e20b5fffff
1331,88100a9ab9fffff
1332,881008532dfffff
1333,881008db1bfffff
1334,88100e2091fffff
1335,88100ead49fffff
1336,88100e2aebfffff
1337,88100e3323fffff
1338,88100e3821fffff
1339,88100e66b9fffff
1340,88100a86c1fffff
1341,8810085331fffff
1342,88100a95c9fffff
1343,88100a9b5bfffff
1344,88100e281bfffff
1345,88100a948dfffff
1346,88100ab087fffff
1347,88100e2a19fffff
1348,88100e393bfffff
1349,88100a842dfffff
1350,881008d2a5fffff
1351,88100e2869fffff
1352,88100852edfffff
1353,88100a8655fffff
1354,881008421dfffff
1355,88100850e9fffff
1356,88100e30c1fffff
1357,88100e04b3fffff
1358,88100e391bfffff
1359,88100ab081fffff
1360,88100e2f5dfffff
1361,8810081845fffff
1362,88100e3549fffff
1363,88100e6757fffff
1364,88100e3617fffff
1365,8810085a91fffff
1366,88100ab331fffff
1367,881008504bfffff
1368,8810084c05fffff
1369,88100e3311fffff
1370,88100e2a65fffff
1371,88100a849bfffff
1372,88100e2803fffff
1373,88100a9b51fffff
1374,88100e3053fffff
1375,88100e74abfffff
1376,88100a80ddfffff
1377,88100e3101fffff
1378,88100e29c3fffff
1379,88100a9337fffff
1380,88100a8e49fffff
1381,8810085a41fffff
1382,88100e2195fffff
1383,88100e65b3fffff
1384,881008c1a1fffff
1385,88100e2ea5fffff
1386,88100ea8abfffff
1387,88100e2125fffff
1388,88100e31b5fffff
1389,88100aba33fffff
1390,88100a91c1fffff
1391,881008d8b1fffff
1392,881008d8a9fffff
1393,88100e3063fffff
1394,881008c317fffff
1395,88100a95a1fffff
1396,88100e3215fffff
1397,881008c8bbfffff
1398,88100ead95fffff
1399,88100e2c4bfffff
1400,881008c047fffff
1401,8810085b3bfffff
1402,88100a90bbfffff
1403,88100a8205fffff
1404,88100e31ddfffff
1405,8810085969fffff
1406,88100a92b1fffff
1407,88100ab14bfffff
1408,881008d039fffff
1409,881008422dfffff
1410,88100a9025fffff
1411,88100a9aa1fffff
1412,881008ca11fffff
1413,88100a8623fffff
1414,8810085a9bfffff
1415,881008cb53fffff
1416,88100a8637fffff
1417,88100ab355fffff
1418,88100e24a9fffff
1419,8810084aa7fffff
1420,88100a95a9fffff
1421,88100a9661fffff
1422,88100841bdfffff
1423,88100e2cb3fffff
1424,88100e2891fffff
1425,8810084dc3fffff
1426,88100e2401fffff
1427,88100851b3fffff
1428,88100e2a49fffff
1429,881008c04dfffff
1430,8810084183fffff
1431,88100ab857fffff
1432,88100e21e3fffff
1433,88100ab1d5fffff
1434,8810084d89fffff
1435,88100e3a8dfffff
1436,88100a9131fffff
1437,88100a8005fffff
1438,88100a955dfffff
1439,88100a8099fffff
1440,881008db65fffff
1441,88100e3355fffff
1442,8810084c49fffff
1443,881008c833fffff
1444,88100e35a5fffff
1445,88100a9319fffff
1446,88100a9199fffff
1447,88100e3057fffff
1448,881008cf43fffff
1449,8810085155fffff
1450,88100a92c9fffff
1451,881008d0e3fffff
1452,88100ea8c1fffff
1453,881008ce33fffff
1454,88100a8161fffff
1455,8810084123fffff
1456,881008cb4dfffff
1457,8810085a35fffff
1458,881008cee1fffff
1459,881008c9b5fffff
1460,88100e74bdfffff
1461,881008c5d7fffff
1462,88100a84d1fffff
1463,8810084109fffff
1464,881008d125fffff
1465,88100e2185fffff
1466,8810085367fffff
1467,881008534dfffff
1468,881008436bfffff
1469,88100a8293fffff
1470,88100e253bfffff
1471,881008cdcbfffff
1472,8810084c67fffff
1473,88100848bdfffff
1474,88100a902bfffff
1475,88100e385dfffff
1476,881008d011fffff
1477,8810084d27fffff
1478,881008c701fffff
1479,881008cdadfffff
1480,881008d921fffff
1481,88100e2467fffff
1482,881008cd5bfffff
1483,881008d0adfffff
1484,881008cf29fffff
1485,881008caa5fffff
1486,88100ab1d9fffff
1487,881008c343fffff
1488,88100aba4dfffff
1489,88100850bbfffff
1490,88100a865dfffff
1491,88100a8ec1fffff
1492,88100e3017fffff
1493,88100e2c29fffff
1494,881008c019fffff
1495,88100eaae5fffff
1496,88100e3149fffff
1497,88100a82cdfffff
1498,88100e2249fffff
1499,88100e2d6bfffff
1500,88100a8459fffff
1501,881008c82dfffff
1502,88100e2d2bfffff
1503,881008518dfffff
1504,8810085265fffff
1505,881008cf63fffff
1506,88100e34a5fffff
1507,88100ab137fffff
1508,881008492dfffff
1509,88100a9ad3fffff
1510,88100a8349fffff
1511,88100e2c05fffff
1512,8810084d11fffff
1513,88100e3535fffff
1514,88100a9713fffff
1515,88100a8237fffff
1516,88100e2359fffff
1517,88100e66d3fffff
1518,88100e3957fffff
1519,88100e2eabfffff
1520,881008531bfffff
1521,8810084893fffff
1522,88100e20a1fffff
1523,88100e2a57fffff
1524,8810085a59fffff
1525,88100ead85fffff
1526,88100ab28bfffff
1527,88100a94e7fffff
1528,88100a80a1fffff
1529,88100a91b5fffff
1530,881008c917fffff
1531,88100e2801fffff
1532,88100e64c9fffff
1533,88100e2221fffff
1534,8810084051fffff
1535,8810085761fffff
1536,88100e3191fffff
1537,881008d933fffff
1538,88100a911dfffff
1539,88100aba41fffff
1540,881008503bfffff
1541,88100e22d1fffff
1542,88100a98d9fffff
1543,8810084a65fffff
1544,8810085819fffff
1545,88100a8e39fffff
1546,8810084ad9fffff
1547,88100e2657fffff
1548,88100a960dfffff
1549,88100a953dfffff
1550,88100eaf41fffff
1551,881008cc9bfffff
1552,88100e30edfffff
1553,88100e3a89fffff
1554,88100e6425fffff
1555,88100e35a3fffff
1556,88100ab23bfffff
1557,88100a9441fffff
1558,881008566bfffff
1559,88100e2c8bfffff
1560,881008c44bfffff
1561,88100a9669fffff
1562,881008c5ebfffff
1563,88100e2639fffff
1564,88100e291bfffff
1565,88100a82e7fffff
1566,881008c033fffff
1567,88100a9a09fffff
1568,8810084a4bfffff
1569,881008c54bfffff
1570,88100ea851fffff
1571,881008d8d7fffff
1572,88100852b5fffff
1573,88100a9515fffff
1574,88100e74b3fffff
1575,88100e2123fffff
1576,881008caa3fffff
1577,88100841cdfffff
1578,88100e2245fffff
1579,881008c629fffff
1580,88100eaf21fffff
1581,88100ab1c9fffff
1582,8810085b33fffff
1583,88100a949dfffff
1584,8810084de7fffff
1585,881008c215fffff
1586,88100abad5fffff
1587,881008c9c9fffff
1588,8810081967fffff
1589,8810085447fffff
1590,881008c827fffff
1591,88100a8e1dfffff
1592,881008c0d1fffff
1593,88100e22b3fffff
1594,881008c207fffff
1595,88100ab30dfffff
1596,88100a80b9fffff
1597,88100e3185fffff
1598,881008562dfffff
1599,881008c935fffff
1600,88100ab313fffff
1601,88100ab237fffff
1602,88100e2413fffff
1603,88100e2041fffff
1604,88100a9295fffff
1605,88100eaf3bfffff
1606,881008d1c7fffff
1607,881008c089fffff
1608,88100ab24bfffff
1609,88100e2c97fffff
1610,881008d10dfffff
1611,8810084153fffff
1612,8810081a65fffff
1613,881008c9b7fffff
1614,881008c057fffff
1615,88100a85c7fffff
1616,881008d1abfffff
1617,881008554dfffff
1618,8810085947fffff
1619,88100a9037fffff
1620,88100e2325fffff
1621,8810085323fffff
1622,881008c901fffff
1623,881008d8adfffff
1624,881008c70dfffff
1625,88100e2e41fffff
1626,881008cb39fffff
1627,881008dad5fffff
1628,88100e2321fffff
1629,881008c91dfffff
1630,881008c40bfffff
1631,8810085b5bfffff
1632,881008c9b1fffff
1633,88100a9685fffff
1634,8810084085fffff
1635,88100e2259fffff
1636,8810085a67fffff
1637,8810085ac5fffff
1638,88100e2a1bfffff
1639,8810081b19fffff
1640,88100e220bfffff
1641,88100a84b1fffff
1642,88100e24b7fffff
1643,8810085a69fffff
1644,88100ab217fffff
1645,88100e24c1fffff
1646,88100e2025fffff
1647,88100ab19dfffff
1648,88100a92e3fffff
1649,88100e2eedfffff
1650,88100a94c9fffff
1651,881008c22dfffff
1652,88100e2ed3fffff
1653,88100e26dbfffff
1654,88100a90e5fffff
1655,881008cc23fffff
1656,88100e2d05fffff
1657,881008c429fffff
1658,881008d157fffff
1659,8810085185fffff
1660,88100a9ae1fffff
1661,88100ab1dbfffff
1662,88100e308bfffff
1663,88100e26a3fffff
1664,881008c5d5fffff
1665,88100a9addfffff
1666,88100e3235fffff
1667,881008c52dfffff
1668,88100e2b3bfffff
1669,8810084debfffff
1670,88100e31bdfffff
1671,88100e31a3fffff
1672,88100e3593fffff
1673,88100a8753fffff
1674,88100a971dfffff
1675,8810085353fffff
1676,88100e2545fffff
1677,88100a8599fffff
1678,88100851a9fffff
1679,88100a8e37fffff
1680,881008410dfffff
1681,881008c32bfffff
1682,88100a801bfffff
1683,88100e326dfffff
1684,88100a94bbfffff
1685,88100a9b59fffff
1686,88100e66b5fffff
1687,88100eadc5fffff
1688,88100e2501fffff
1689,88100e6755fffff
1690,88100e2e57fffff
1691,88100e2ccdfffff
1692,88100e749dfffff
1693,881008cc65fffff
1694,8810084a19fffff
1695,8810085981fffff
1696,88100e2a11fffff
1697,88100ea88bfffff
1698,8810085021fffff
1699,88100a86a9fffff
1700,88100e65b5fffff
1701,88100ab329fffff
1702,88100eac0dfffff
1703,88100a94b5fffff
1704,881008540dfffff
1705,88100e25a1fffff
1706,881008cc35fffff
1707,88100e2d91fffff
1708,88100e642dfffff
1709,881008da69fffff
1710,881008415bfffff
1711,881008d855fffff
1712,8810085731fffff
1713,88100e2d43fffff
1714,88100e2b51fffff
1715,8810085725fffff
1716,8810084939fffff
1717,88100e2a93fffff
1718,88100ab055fffff
1719,88100a82b7fffff
1720,8810084991fffff
1721,881008d8c5fffff
1722,88100e223bfffff
1723,88100a96a5fffff
1724,881008542dfffff
1725,8810085a85fffff
1726,88100e2b0dfffff
1727,8810081951fffff
1728,8810084a81fffff
1729,88100e2365fffff
1730,8810085ab5fffff
1731,88100ab2c5fffff
1732,88100e26a9fffff
1733,88100ab1ddfffff
1734,88100a80a7fffff
1735,88100e222dfffff
1736,88100e26abfffff
1737,881008dadbfffff
1738,88100e2117fffff
1739,88100a95e7fffff
1740,88100a9aabfffff
1741,881008ce39fffff
1742,8810081b47fffff
1743,88100a80adfffff
1744,881008c33dfffff
1745,8810084a0bfffff
1746,8810085a57fffff
1747,88100a80c5fffff
1748,88100e6693fffff
1749,88100e2c53fffff
1750,88100ea1bdfffff
1751,88100841adfffff
1752,88100a9891fffff
1753,88100a863bfffff
1754,88100e3733fffff
1755,88100a8547fffff
1756,88100ea81dfffff
1757,88100ab0a5fffff
1758,881008db2bfffff
1759,88100a85c5fffff
1760,88100e3125fffff
1761,8810085825fffff
1762,88100a8327fffff
1763,881008405dfffff
1764,88100a96dbfffff
1765,881008c1c7fffff
1766,88100e2661fffff
1767,881008c0d7fffff
1768,88100ab84bfffff
1769,881008ccbbfffff
1770,88100e2717fffff
1771,88100ead27fffff
1772,88100e6419fffff
1773,88100e6461fffff
1774,881008ca45fffff
1775,88100e3491fffff
1776,88100e3289fffff
1777,88100e31a5fffff
1778,881008c9b3fffff
1779,88100e2193fffff
1780,88100e3629fffff
1781,8810084913fffff
1782,881008ccc3fffff
1783,8810084ce5fffff
1784,8810085949fffff
1785,88100a90d9fffff
1786,8810085a11fffff
1787,881008c559fffff
1788,88100a942bfffff
1789,88100e2d97fffff
1790,88100a8451fffff
1791,881008cd4dfffff
1792,881008db35fffff
1793,88100a9021fffff
1794,88100a82c7fffff
1795,88100a82cbfffff
1796,881008c2edfffff
1797,88100e3505fffff
1798,88100e36b1fffff
1799,88100e39d3fffff
1800,88100849bbfffff
1801,881008c9e1fffff
1802,88100eadddfffff
1803,88100851adfffff
1804,881008ca95fffff
1805,88100a9313fffff
1806,88100e7451fffff
1807,88100e32dbfffff
1808,881008ceebfffff
1809,88100a9a9bfffff
1810,881008c085fffff
1811,88100e31a1fffff
1812,8810084d17fffff
1813,8810085759fffff
1814,88100e28c5fffff
1815,88100840e5fffff
1816,8810084c03fffff
1817,88100e2ce3fffff
1818,88100e3955fffff
1819,881008daddfffff
1820,88100ea137fffff
1821,88100e28bbfffff
1822,881008c713fffff
1823,881008483dfffff
1824,88100a9241fffff
1825,88100e2827fffff
1826,88100ab29bfffff
1827,881008c0d5fffff
1828,8810084239fffff
1829,8810085b23fffff
1830,881008c00dfffff
1831,881008c83bfffff
1832,881008d123fffff
1833,881008c835fffff
1834,88100aba3bfffff
1835,881008ca59fffff
1836,881008c515fffff
1837,88100e212dfffff
1838,8810085231fffff
1839,8810081b61fffff
1840,8810084dd5fffff
1841,8810084c19fffff
1842,8810085449fffff
1843,88100a9163fffff
1844,881008d86bfffff
1845,88100e2dc7fffff
1846,88100eaf65fffff
1847,88100e39adfffff
1848,88100a8083fffff
1849,88100e20c7fffff
1850,881008da95fffff
1851,88100a82c1fffff
1852,88100e2303fffff
1853,88100ab367fffff
1854,88100e310dfffff
1855,881008c809fffff
1856,88100a919bfffff
1857,88100e3439fffff
1858,88100eaf57fffff
1859,88100a94b3fffff
1860,881008cb41fffff
1861,88100ab16dfffff
1862,88100e38d3fffff
1863,88100e6637fffff
1864,88100e296bfffff
1865,88100e261bfffff
1866,88100e2a6bfffff
1867,88100e3601fffff
1868,88100a8351fffff
1869,88100ab31bfffff
1870,881008c01bfffff
1871,881008d9c7fffff
1872,88100e3011fffff
1873,88100a928bfffff
1874,88100e34a9fffff
1875,88100aba07fffff
1876,881008c325fffff
1877,881008c259fffff
1878,88100e2ea7fffff
1879,88100859dbfffff
1880,88100e3083fffff
1881,8810084a2bfffff
1882,88100e3a87fffff
1883,88100e2d03fffff
1884,88100ab2bbfffff
1885,88100e24a5fffff
1886,88100e65b9fffff
1887,88100e36c3fffff
1888,8810085821fffff
1889,881008481dfffff
1890,88100e2749fffff
1891,8810085121fffff
1892,88100a80d3fffff
1893,88100e25e5fffff
1894,88100e3357fffff
1895,88100ab26bfffff
1896,881008cee9fffff
1897,88100e2f3bfffff
1898,881008c303fffff
1899,881008c2a5fffff
1900,881008d1e1fffff
1901,881008c013fffff
1902,88100a9433fffff
1903,88100e2561fffff
1904,88100e36d7fffff
1905,881008cf13fffff
1906,88100a8759fffff
1907,88100a834bfffff
1908,88100e294dfffff
1909,88100e335bfffff
1910,88100a821dfffff
1911,88100a8639fffff
1912,8810085117fffff
1913,88100ab00bfffff
1914,8810084e07fffff
1915,88100e26b5fffff
1916,881008596dfffff
1917,88100e761bfffff
1918,881008495bfffff
1919,88100e31e5fffff
1920,88100a932dfffff
1921,881008586dfffff
1922,881008c9ebfffff
1923,881008c23bfffff
1924,88100e2a47fffff
1925,881008c301fffff
1926,88100e2cebfffff
1927,881008590dfffff
1928,88100e2b39fffff
1929,88100e3a25fffff
1930,88100e2a05fffff
1931,88100a8259fffff
1932,881008c599fffff
1933,88100848ddfffff
1934,88100a8191fffff
1935,88100a86e1fffff
1936,881008490dfffff
1937,88100ab85bfffff
1938,881008d03bfffff
1939,88100e2495fffff
1940,8810085605fffff
1941,88100e346dfffff
1942,88100e2e45fffff
1943,88100a8147fffff
1944,88100e2d85fffff
1945,88100a8039fffff
1946,881008c181fffff
1947,88100e2821fffff
1948,88100e2183fffff
1949,88100e22c3fffff
1950,88100a90ebfffff
1951,88100840e7fffff
1952,88100e6699fffff
1953,88100eaf31fffff
1954,88100848b9fffff
1955,881008576bfffff
1956,88100e36c9fffff
1957,88100e2337fffff
1958,88100e25adfffff
1959,881008caa9fffff
1960,88100849d5fffff
1961,88100a80bbfffff
1962,881008ceb9fffff
1963,88100e2ce9fffff
1964,8810085835fffff
1965,88100a84c5fffff
1966,881008c911fffff
1967,881008cd37fffff
1968,88100a8657fffff
1969,881008cdcdfffff
1970,88100a8e61fffff
1971,881008cc55fffff
1972,88100e76abfffff
1973,881008cd0bfffff
1974,88100ab083fffff
1975,881008c755fffff
1976,881008c0c7fffff
1977,8810085207fffff
1978,88100e360dfffff
1979,88100e3583fffff
1980,88100e38e7fffff
1981,881008c0e9fffff
1982,88100e320dfffff
1983,88100e64ddfffff
1984,881008184dfffff
1985,881008d811fffff
1986,881008d8cdfffff
1987,88100ea8bdfffff
1988,88100a9709fffff
1989,881008cce5fffff
1990,881008cae9fffff
1991,881008d889fffff
1992,88100e3263fffff
1993,88100eac99fffff
1994,8810084c3dfffff
1995,88100ea8b7fffff
1996,88100e2c47fffff
1997,88100e21b3fffff
1998,88100e21bdfffff
1999,88100e36e7fffff
2000,88100ea8d1fffff
2001,88100858c1fffff
2002,88100e20e7fffff
2003,88100e3419fffff
2004,88100e248dfffff
2005,881008c2e1fffff
2006,88100aba69fffff
2007,8810085081fffff
2008,881008d2a7fffff
2009,88100e2617fffff
2010,881008c5e9fffff
2011,88100e363bfffff
2012,88100e270bfffff
2013,88100e3451fffff
2014,8810084e39fffff
2015,88100e282dfffff
2016,881008ce2dfffff
2017,88100eac8bfffff
2018,88100e20d7fffff
2019,881008c537fffff
2020,88100e2a29fffff
2021,881008d163fffff
2022,881008d923fffff
2023,881008d987fffff
2024,881008da8bfffff
2025,88100a9617fffff
2026,88100e3827fffff
2027,88100e34c3fffff
2028,881008da31fffff
2029,88100e3a11fffff
2030,8810084f25fffff
2031,88100a9a57fffff
2032,8810084f39fffff
2033,881008cec7fffff
2034,88100a8495fffff
2035,881008c991fffff
2036,88100a92c3fffff
2037,88100e373dfffff
2038,8810084d15fffff
2039,88100a9245fffff
2040,881008595dfffff
2041,88100eaae1fffff
2042,881008515bfffff
2043,881008c53bfffff
2044,88100e21b9fffff
2045,88100e3211fffff
2046,88100a8221fffff
2047,88100ab229fffff
2048,881008422bfffff
2049,88100e35e7fffff
2050,8810084103fffff
2051,88100851cbfffff
2052,881008cd15fffff
2053,88100e2557fffff
2054,88100e2023fffff
2055,88100e3021fffff
2056,88100e2a67fffff
2057,8810084205fffff
2058,88100e2719fffff
2059,88100e36a5fffff
2060,88100e3521fffff
2061,881008da57fffff
2062,881008d151fffff
2063,881008d849fffff
2064,88100a8545fffff
2065,88100ea1b1fffff
2066,88100ab2e5fffff
2067,8810084b41fffff
2068,8810081965fffff
2069,881008cb43fffff
2070,8810084113fffff
2071,881008c063fffff
2072,881008cd5dfffff
2073,88100e25d3fffff
2074,88100eaadbfffff
2075,8810085a2bfffff
2076,88100e2037fffff
2077,88100a800dfffff
2078,88100abae7fffff
2079,88100e3991fffff
2080,8810084e33fffff
2081,881008c517fffff
2082,88100a9543fffff
2083,881008c191fffff
2084,88100e3703fffff
2085,881008c305fffff
2086,88100a96d5fffff
2087,881008c897fffff
2088,88100e34e7fffff
2089,88100e2d55fffff
2090,881008c85dfffff
2091,881008cf67fffff
2092,881008cc4bfffff
2093,88100e2533fffff
2094,88100e3831fffff
2095,88100ea8ddfffff
2096,88100ea8b3fffff
2097,881008ca3dfffff
2098,881008d017fffff
2099,8810085b21fffff
2100,88100eacb1fffff
2101,88100850cdfffff
2102,881008db15fffff
2103,881008c0a9fffff
2104,88100e3ab1fffff
2105,881008c037fffff
2106,88100e2b1bfffff
2107,88100a9a81fffff
2108,88100e3725fffff
2109,881008c20bfffff
2110,88100e2629fffff
2111,88100ab299fffff
2112,88100e3925fffff
2113,88100a8567fffff
2114,881008d953fffff
2115,881008ced1fffff
2116,88100e2c9bfffff
2117,88100a82b5fffff
2118,881008c1b5fffff
2119,88100e345bfffff
2120,88100e651bfffff
2121,88100e263dfffff
2122,8810085543fffff
2123,881008ccbdfffff
2124,881008cb3dfffff
2125,88100e38e5fffff
2126,88100e38a1fffff
2127,88100a8605fffff
2128,881008d9a7fffff
2129,88100e3413fffff
2130,88100e32bbfffff
2131,88100a91a9fffff
2132,88100e3aa9fffff
2133,88100a91ebfffff
2134,88100eaa83fffff
2135,88100ab1e5fffff
2136,88100a8343fffff
2137,881008c8d3fffff
2138,88100eaf4bfffff
2139,88100eadb7fffff
2140,88100e670dfffff
2141,8810084a57fffff
2142,881008c8a5fffff
2143,88100ab369fffff
2144,8810084a53fffff
2145,88100ab0e7fffff
2146,88100ab05dfffff
2147,88100a94d3fffff
2148,8810084d6bfffff
2149,88100e24ebfffff
2150,881008cc3bfffff
2151,881008c899fffff
2152,88100eaab3fffff
2153,881008da8dfffff
2154,88100e233bfffff
2155,88100e2347fffff
2156,881008c19bfffff
2157,88100a8429fffff
2158,88100e2331fffff
2159,88100e355dfffff
2160,88100eaf3dfffff
2161,88100a80cbfffff
2162,88100eaeb7fffff
2163,88100852a3fffff
2164,88100ab11bfffff
2165,881008cd33fffff
2166,88100e32c5fffff
2167,881008c2a1fffff
2168,881008ce01fffff
2169,88100e246dfffff
2170,88100e2011fffff
2171,881008c309fffff
2172,881008d9c1fffff
2173,881008c997fffff
2174,88100e659bfffff
2175,88100e2701fffff
2176,88100e2b1dfffff
2177,88100e30a7fffff
2178,8810085469fffff
2179,8810084121fffff
2180,88100e2e4dfffff
2181,88100a9737fffff
2182,881008c2e3fffff
2183,88100e39cbfffff
2184,881008c627fffff
2185,88100e223dfffff
2186,881008ca5bfffff
2187,88100e30cdfffff
2188,881008cc51fffff
2189,88100840cdfffff
2190,88100a9451fffff
2191,88100a8ed9fffff
2192,8810084a03fffff
2193,88100859c9fffff
2194,88100e3a91fffff
2195,88100ab1d7fffff
2196,88100eaabbfffff
2197,88100e2abdfffff
2198,88100a943dfffff
2199,88100848b7fffff
2200,88100e26d5fffff
2201,881008c607fffff
2202,8810085803fffff
2203,8810084c3bfffff
2204,881008c921fffff
2205,881008c821fffff
2206,88100a8265fffff
2207,88100e280bfffff
2208,881008cc4dfffff
2209,88100e3093fffff
2210,88100e2287fffff
2211,88100e2ea1fffff
2212,8810085281fffff
2213,88100e2a21fffff
2214,88100e2d53fffff
2215,88100a98d1fffff
2216,88100a91dbfffff
2217,8810084363fffff
2218,88100a915dfffff
2219,88100eaa81fffff
2220,881008d2e7fffff
2221,881008583bfffff
2222,88100a918dfffff
2223,8810085635fffff
2224,88100e28a5fffff
2225,88100a8403fffff
2226,88100e386dfffff
2227,88100851bdfffff
2228,88100a8543fffff
2229,881008c097fffff
2230,88100e65dbfffff
2231,8810085939fffff
2232,88100e304bfffff
2233,881008403bfffff
2234,88100e6619fffff
2235,88100e3889fffff
2236,88100eaf51fffff
2237,881008d8e9fffff
2238,88100849ddfffff
2239,88100e25e1fffff
2240,881008c1a9fffff
2241,88100a805bfffff
2242,881008d8a3fffff
2243,88100a95edfffff
2244,88100a9427fffff
2245,8810085643fffff
2246,881008c9d5fffff
2247,88100eaf43fffff
2248,88100850e5fffff
2249,8810084223fffff
2250,88100a95ddfffff
2251,8810085a4dfffff
2252,88100e2345fffff
2253,88100851e3fffff
2254,88100e2d23fffff
2255,88100eaca5fffff
2256,88100a9151fffff
2257,88100e2f49fffff
2258,8810085355fffff
2259,88100a86d7fffff
2260,8810084805fffff
2261,88100e31d3fffff
2262,88100e32c1fffff
2263,881008cc63fffff
2264,88100e2b5dfffff
2265,881008c5a5fffff
2266,88100e76d5fffff
2267,88100e2207fffff
2268,881008dac3fffff
2269,881008c1b9fffff
2270,88100e2ac1fffff
2271,88100e76c3fffff
2272,88100e2889fffff
2273,88100e21e9fffff
2274,8810085357fffff
2275,88100e39a9fffff
2276,88100a915bfffff
2277,8810085553fffff
2278,88100e3543fffff
2279,8810084903fffff
2280,881008daedfffff
2281,88100ea8e5fffff
2282,88100a92abfffff
2283,88100e2695fffff
2284,88100e26b1fffff
2285,8810085b31fffff
2286,88100849a5fffff
2287,88100ea993fffff
2288,881008cc93fffff
2289,881008c9ddfffff
2290,88100e3ad5fffff
2291,881008c50bfffff
2292,88100e3353fffff
2293,88100ab141fffff
2294,88100e2d35fffff
2295,881008524bfffff
2296,88100e2f59fffff
2297,881008c739fffff
2298,88100a9a8bfffff
2299,881008c34dfffff
2300,88100ea8a1fffff
2301,88100e3ac9fffff
2302,88100e3743fffff
2303,881008cee7fffff
2304,8810084125fffff
2305,88100e3987fffff
2306,88100a9081fffff
2307,88100e30dbfffff
2308,8810084c55fffff
2309,88100eadd7fffff
2310,88100e3803fffff
2311,88100e3899fffff
2312,88100848cbfffff
2313,881008cf31fffff
2314,88100a8ee9fffff
2315,88100e356bfffff
2316,8810084941fffff
2317,88100e76a1fffff
2318,88100e29a1fffff
2319,88100e2523fffff
2320,88100e2763fffff
2321,88100ead47fffff
2322,88100e2497fffff
2323,881008c72bfffff
2324,88100e331bfffff
2325,8810085921fffff
2326,881008400bfffff
2327,88100e229bfffff
2328,88100a913dfffff
2329,881008c105fffff
2330,881008ccb7fffff
2331,8810084c59fffff
2332,88100ead31fffff
2333,8810084831fffff
2334,88100a9a9dfffff
2335,88100e268bfffff
2336,881008425bfffff
2337,88100e74a1fffff
2338,88100e2de3fffff
2339,88100a8611fffff
2340,88100e3609fffff
2341,88100ea8b9fffff
2342,88100e2089fffff
2343,88100e3689fffff
2344,8810084ee5fffff
2345,88100e2ebdfffff
2346,88100e2c55fffff
2347,88100a8141fffff
2348,88100e221bfffff
2349,881008c137fffff
2350,88100e2699fffff
2351,88100841ddfffff
2352,88100a9a41fffff
2353,88100a8109fffff
2354,8810085853fffff
2355,88100e3545fffff
2356,88100e36e9fffff
2357,88100e35ebfffff
2358,881008570dfffff
2359,8810084c35fffff
2360,881008cc89fffff
2361,88100e6749fffff
2362,881008da37fffff
2363,88100e318bfffff
2364,88100859c3fffff
2365,88100eaf05fffff
2366,88100ab089fffff
2367,88100a94c3fffff
2368,88100e330bfffff
2369,881008cdc5fffff
2370,88100a8405fffff
2371,88100e74d5fffff
2372,881008ceabfffff
2373,88100e3511fffff
2374,88100ea1b7fffff
2375,88100e3585fffff
2376,8810085aa3fffff
2377,881008d02dfffff
2378,8810084961fffff
2379,88100e2067fffff
2380,8810084c5dfffff
2381,88100a95c3fffff
2382,88100eaaabfffff
2383,88100e2c01fffff
2384,8810084303fffff
2385,88100a9431fffff
2386,88100a96c3fffff
2387,88100e2e65fffff
2388,88100a964bfffff
2389,88100a816bfffff
2390,88100e2007fffff
2391,88100a9539fffff
2392,881008c949fffff
2393,881008c193fffff
2394,88100e20e3fffff
2395,8810084843fffff
2396,88100a95d1fffff
2397,88100e35d5fffff
2398,8810084819fffff
2399,881008cf65fffff
2400,88100ead57fffff
2401,88100e2f27fffff
2402,88100e38ebfffff
2403,88100eae25fffff
2404,88100e35d3fffff
2405,88100e28e1fffff
2406,88100e769dfffff
2407,88100a9287fffff
2408,88100e3327fffff
2409,88100e2045fffff
2410,88100eaa39fffff
2411,88100e3aa3fffff
2412,881008da2dfffff
2413,881008484dfffff
2414,88100848a9fffff
2415,8810085867fffff
2416,88100aba11fffff
2417,8810084181fffff
2418,88100852a1fffff
2419,8810084f17fffff
2420,88100ab10bfffff
2421,88100e660dfffff
2422,8810085055fffff
2423,88100a98d3fffff
2424,881008cb19fffff
2425,88100e2065fffff
2426,88100a9599fffff
2427,88100a9061fffff
2428,88100e66d5fffff
2429,88100e3207fffff
2430,88100e3a21fffff
2431,88100e2709fffff
2432,88100840adfffff
2433,881008cd2dfffff
2434,88100a8461fffff
2435,88100e2093fffff
2436,881008514dfffff
2437,881008c80dfffff
2438,88100e3113fffff
2439,88100a95a3fffff
2440,88100a91e5fffff
2441,88100e2455fffff
2442,88100e64e5fffff
2443,8810085b57fffff
2444,88100e29d7fffff
2445,88100e3003fffff
2446,8810084255fffff
2447,88100e26e7fffff
2448,88100e3a39fffff
2449,8810084e3bfffff
2450,8810084937fffff
2451,88100e2469fffff
2452,8810084a33fffff
2453,88100a8203fffff
2454,88100a8615fffff
2455,881008c88dfffff
2456,881008c929fffff
2457,88100e3139fffff
2458,88100a8417fffff
2459,88100a9027fffff
2460,88100e2b65fffff
2461,88100e212bfffff
2462,8810085a25fffff
2463,88100e34d1fffff
2464,8810085765fffff
2465,88100841b1fffff
2466,8810084c63fffff
2467,88100a9551fffff
2468,8810085083fffff
2469,88100aba8dfffff
2470,88100e3a8bfffff
2471,88100e22ebfffff
2472,88100e2a2bfffff
2473,88100e6733fffff
2474,88100a8769fffff
2475,88100e28b5fffff
2476,881008d967fffff
2477,881008cddbfffff
2478,881008c807fffff
2479,881008531dfffff
2480,88100e2659fffff
2481,88100e2217fffff
2482,88100e76bdfffff
2483,881008ccdbfffff
2484,88100e2e67fffff
2485,88100852d5fffff
2486,881008c30bfffff
2487,881008c72dfffff
2488,881008cb03fffff
2489,881008cb3bfffff
2490,88100e3587fffff
2491,88100e2829fffff
2492,88100e2a35fffff
2493,8810085893fffff
2494,88100e20b7fffff
2495,88100e2f43fffff
2496,881008525dfffff
2497,881008cd07fffff
2498,88100e3927fffff
2499,88100e275bfffff
2500,88100e3463fffff
2501,88100e3863fffff
2502,881008c8c7fffff
2503,8810085369fffff
2504,881008d86dfffff
2505,88100e245bfffff
2506,88100a90d3fffff
2507,88100e2225fffff
2508,88100ab123fffff
2509,8810085b11fffff
2510,88100e2c61fffff
2511,88100a9055fffff
2512,881008491bfffff
2513,881008c023fffff
2514,88100a8515fffff
2515,88100e240dfffff
2516,88100a94ddfffff
2517,881008d0e9fffff
2518,8810084abdfffff
2519,88100e2855fffff
2520,88100852ddfffff
2521,88100e3751fffff
2522,881008c30dfffff
2523,88100aba1dfffff
2524,88100e64abfffff
2525,88100a905bfffff
2526,88100ab119fffff
2527,88100e28a1fffff
2528,88100e3137fffff
2529,88100e3427fffff
2530,8810085b63fffff
2531,88100ab2a3fffff
2532,881008550bfffff
2533,881008cd47fffff
2534,88100e3015fffff
2535,88100a9ad5fffff
2536,88100ea991fffff
2537,88100e3145fffff
2538,88100a84b9fffff
2539,88100e20edfffff
2540,88100e385bfffff
2541,881008d0a1fffff
2542,88100a8619fffff
2543,88100aba85fffff
2544,88100e2843fffff
2545,88100a8335fffff
2546,881008c411fffff
2547,8810085289fffff
2548,88100eaab7fffff
2549,8810085013fffff
2550,88100eaabdfffff
2551,88100e20d3fffff
2552,88100e2ea3fffff
2553,881008ca27fffff
2554,88100e64e9fffff
2555,88100eaab9fffff
2556,881008c1bdfffff
2557,881008ca6bfffff
2558,881008186bfffff
2559,88100a8597fffff
2560,88100a92e1fffff
2561,88100e34c9fffff
2562,881008575dfffff
2563,881008510bfffff
2564,88100ea135fffff
2565,88100a8261fffff
2566,88100a84abfffff
2567,881008da97fffff
2568,881008cb49fffff
2569,881008c985fffff
2570,88100a9221fffff
2571,88100ab339fffff
2572,88100a8423fffff
2573,88100a9a99fffff
2574,88100e39e7fffff
2575,881008db0dfffff
2576,88100a8085fffff
2577,881008564bfffff
2578,88100e2ec3fffff
2579,88100848c9fffff
2580,881008c549fffff
2581,88100a9ad7fffff
2582,88100ead87fffff
2583,88100a80b3fffff
2584,88100a855bfffff
2585,88100e3981fffff
2586,881008cd3bfffff
2587,88100e2e13fffff
2588,88100a92adfffff
2589,8810085111fffff
2590,8810084329fffff
2591,88100a91b3fffff
2592,88100e6437fffff
2593,88100ea89dfffff
2594,88100a8163fffff
2595,881008cf01fffff
2596,88100ab34bfffff
2597,88100ab72dfffff
2598,88100a989bfffff
2599,8810084f3bfffff
2600,88100a972bfffff
2601,88100e2adbfffff
2602,88100e3335fffff
2603,88100abac9fffff
2604,8810081b5bfffff
2605,88100852a7fffff
2606,881008ca19fffff
2607,8810085343fffff
2608,88100e2b0bfffff
2609,88100e658dfffff
2610,88100a946dfffff
2611,88100e2291fffff
2612,88100a9115fffff
2613,881008ca81fffff
2614,88100eac81fffff
2615,88100e2dabfffff
2616,8810084f67fffff
2617,88100a8699fffff
2618,8810085b49fffff
2619,88100a9747fffff
2620,88100e2731fffff
2621,881008cd83fffff
2622,88100a82a3fffff
2623,88100a81d9fffff
2624,88100e30b5fffff
2625,881008cdb3fffff
2626,881008488dfffff
2627,88100e2f2bfffff
2628,88100a9009fffff
2629,8810085a83fffff
2630,881008c06bfffff
2631,8810085617fffff
2632,88100a9609fffff
2633,88100a9197fffff
2634,88100a8765fffff
2635,88100e28a3fffff
2636,88100a96c5fffff
2637,88100e2de9fffff
2638,88100852c1fffff
2639,881008c0a5fffff
2640,88100eadbdfffff
2641,88100a92d3fffff
2642,88100e3623fffff
2643,88100e2503fffff
2644,88100a84bdfffff
2645,88100e2f45fffff
2646,881008c553fffff
2647,88100e3481fffff
2648,8810084361fffff
2649,881008d0abfffff
2650,88100ab227fffff
2651,88100a9493fffff
2652,88100e2b33fffff
2653,881008cd57fffff
2654,88100859abfffff
2655,88100a90e3fffff
2656,881008cf03fffff
2657,881008c5d1fffff
2658,88100a8e3bfffff
2659,881008c0abfffff
2660,88100e2f23fffff
2661,88100a9523fffff
2662,88100e2505fffff
2663,88100a9121fffff
2664,8810085a49fffff
2665,88100e2825fffff
2666,88100eaf17fffff
2667,881008c1d9fffff
2668,88100a92b7fffff
2669,88100e264bfffff
2670,881008da3dfffff
2671,881008cabdfffff
2672,88100e6423fffff
2673,881008db63fffff
2674,881008d8c3fffff
2675,88100e2541fffff
2676,88100e328bfffff
2677,88100e261dfffff
2678,881008519dfffff
2679,88100e6685fffff
2680,88100e2c83fffff
2681,88100ab705fffff
2682,88100e3a53fffff
2683,88100a8361fffff
2684,881008c9a5fffff
2685,88100e65d1fffff
2686,881008c149fffff
2687,881008c1d5fffff
2688,88100e21c3fffff
2689,881008d1a1fffff
2690,88100ab769fffff
2691,881008da25fffff
2692,8810084b45fffff
2693,88100ab353fffff
2694,881008c003fffff
2695,881008c0e7fffff
2696,88100e2b09fffff
2697,8810084d41fffff
2698,88100e266dfffff
2699,88100e3995fffff
2700,881008ce11fffff
2701,88100eac3bfffff
2702,881008c803fffff
2703,88100e36adfffff
2704,88100852b3fffff
2705,88100e2823fffff
2706,8810081865fffff
2707,8810081b23fffff
2708,881008c339fffff
2709,881008515dfffff
2710,881008d10bfffff
2711,881008d995fffff
2712,88100a8e41fffff
2713,88100e380bfffff
2714,881008cf2dfffff
2715,8810085899fffff
2716,881008c415fffff
2717,88100a845bfffff
2718,88100e370dfffff
2719,88100e28b7fffff
2720,88100a9019fffff
2721,88100a80cdfffff
2722,88100e663dfffff
2723,8810085187fffff
2724,8810084189fffff
2725,88100eadcdfffff
2726,8810085991fffff
2727,881008594dfffff
2728,881008c583fffff
2729,88100eaa1dfffff
2730,88100a91adfffff
2731,88100ab283fffff
2732,88100e319dfffff
2733,8810084f3dfffff
2734,88100a8165fffff
2735,881008c40dfffff
2736,88100e249bfffff
2737,88100a9a51fffff
2738,88100ab1a9fffff
2739,8810085855fffff
2740,88100a9033fffff
2741,8810081b63fffff
2742,881008c2c7fffff
2743,88100852bdfffff
2744,88100e35b7fffff
2745,881008d935fffff
2746,88100e2563fffff
2747,88100eacb9fffff
2748,88100e2d51fffff
2749,881008c761fffff
2750,88100e2f5bfffff
2751,88100a9029fffff
2752,8810084307fffff
2753,88100e35bdfffff
2754,881008d845fffff
2755,88100e2459fffff
2756,881008c765fffff
2757,8810085883fffff
2758,88100ab0adfffff
2759,88100ead6bfffff
2760,8810084c07fffff
2761,88100e3091fffff
2762,881008c837fffff
2763,8810085129fffff
2764,881008ca31fffff
2765,881008c209fffff
2766,88100a9289fffff
2767,88100e3853fffff
2768,88100e2b61fffff
2769,88100a853dfffff
2770,88100a8003fffff
2771,88100a934dfffff
2772,8810085651fffff
2773,88100e3233fffff
2774,88100ab257fffff
2775,881008d0cdfffff
2776,88100a9053fffff
2777,88100e3241fffff
2778,88100a846dfffff
2779,88100e2e15fffff
2780,88100e2d17fffff
2781,8810084837fffff
2782,88100e353dfffff
2783,881008cf6bfffff
2784,881008da5bfffff
2785,88100eaca1fffff
2786,88100e26d7fffff
2787,88100a956dfffff
2788,88100a9139fffff
2789,88100840b5fffff
2790,8810084137fffff
2791,88100e2289fffff
2792,8810085089fffff
2793,881008c421fffff
2794,88100e3181fffff
2795,88100ab151fffff
2796,8810081b27fffff
2797,88100a916dfffff
2798,88100e203dfffff
2799,88100eac83fffff
2800,8810085881fffff
2801,881008cdc9fffff
2802,88100e6707fffff
2803,88100ab725fffff
2804,881008cdc7fffff
2805,88100e29a5fffff
2806,88100e2f2dfffff
2807,88100e2135fffff
2808,88100e2203fffff
2809,88100eadb1fffff
2810,8810084b4bfffff
2811,881008ca15fffff
2812,88100e2ee1fffff
2813,881008c903fffff
2814,881008c601fffff
2815,88100ab727fffff
2816,881008d997fffff
2817,88100a851bfffff
2818,88100e2595fffff
2819,88100eaf5bfffff
2820,88100e2591fffff
2821,88100851c9fffff
2822,881008405bfffff
2823,88100a9717fffff
2824,88100e3651fffff
2825,88100e2039fffff
2826,8810085245fffff
2827,88100e29e9fffff
2828,88100e76b7fffff
2829,88100a844bfffff
2830,881008ce8dfffff
2831,88100e2e43fffff
2832,881008cac7fffff
2833,8810084a37fffff
2834,88100e7499fffff
2835,88100e3881fffff
2836,881008c93bfffff
2837,8810085aedfffff
2838,881008cda7fffff
2839,88100e644bfffff
2840,88100e6593fffff
2841,881008ca2bfffff
2842,88100e21a7fffff
2843,881008d111fffff
2844,88100a9157fffff
2845,88100e34abfffff
2846,88100a971bfffff
2847,881008561dfffff
2848,88100ead4bfffff
2849,88100ea1b5fffff
2850,88100e24b9fffff
2851,881008c75bfffff
2852,88100a8703fffff
2853,8810084f1dfffff
2854,88100e2b31fffff
2855,8810084989fffff
2856,88100e2c99fffff
2857,8810085807fffff
2858,8810085197fffff
2859,881008c939fffff
2860,88100e35adfffff
2861,88100ea1e5fffff
2862,8810085aa5fffff
2863,88100e2d61fffff
2864,88100ab225fffff
2865,881008c999fffff
2866,88100a9555fffff
2867,88100e2d69fffff
2868,881008c66bfffff
2869,881008c049fffff
2870,88100eac63fffff
2871,88100e3a95fffff
2872,88100e289dfffff
2873,88100a9683fffff
2874,88100e340bfffff
2875,8810085957fffff
2876,881008cc8bfffff
2877,881008ca8dfffff
2878,8810085721fffff
2879,88100e2f4dfffff
2880,88100a9239fffff
2881,88100e22c5fffff
2882,88100850c5fffff
2883,881008c183fffff
2884,88100a859bfffff
2885,88100ea831fffff
2886,88100e2f41fffff
2887,88100a9315fffff
2888,88100e36abfffff
2889,8810085547fffff
2890,88100ab053fffff
2891,881008c111fffff
2892,881008da6dfffff
2893,88100851b1fffff
2894,88100e6597fffff
2895,88100e65cbfffff
2896,88100e3887fffff
2897,88100e3201fffff
2898,88100a8339fffff
2899,88100e3809fffff
2900,88100aba2bfffff
2901,88100e64e1fffff
2902,88100e214bfffff
2903,88100e2cc7fffff
2904,88100e392bfffff
2905,8810085ac9fffff
2906,88100a92bbfffff
2907,88100a950bfffff
2908,88100e3559fffff
2909,8810085ad7fffff
2910,881008c585fffff
2911,88100e276bfffff
2912,881008435dfffff
2913,881008ce13fffff
2914,88100a91ddfffff
2915,88100e6599fffff
2916,881008db39fffff
2917,88100e3415fffff
2918,881008db0bfffff
2919,88100e3a03fffff
2920,88100e2d25fffff
2921,88100a84c1fffff
2922,8810085019fffff
2923,88100a8539fffff
2924,88100e3a23fffff
2925,88100ea855fffff
2926,88100ab183fffff
2927,88100ab11dfffff
2928,8810084335fffff
2929,88100a9525fffff
2930,881008c02dfffff
2931,88100852dbfffff
2932,88100e21ddfffff
2933,8810081b4bfffff
2934,88100ab101fffff
2935,88100a9a43fffff
2936,88100a9235fffff
2937,88100e2319fffff
2938,88100e21a3fffff
2939,8810085107fffff
2940,8810085027fffff
2941,88100858b9fffff
2942,8810084017fffff
2943,8810085a09fffff
2944,881008c887fffff
2945,88100a9625fffff
2946,8810084e27fffff
2947,881008419dfffff
2948,8810085645fffff
2949,88100a8143fffff
2950,88100e295dfffff
2951,88100a9735fffff
2952,881008c957fffff
2953,881008c965fffff
2954,881008c015fffff
2955,881008cc17fffff
2956,881008d107fffff
2957,88100e2e97fffff
2958,881008c161fffff
2959,88100848a5fffff
2960,88100e31c5fffff
2961,88100848b1fffff
2962,88100e3857fffff
2963,88100a8533fffff
2964,88100e2015fffff
2965,88100e6403fffff
2966,881008ca51fffff
2967,8810085309fffff
2968,88100a91bdfffff
2969,8810085abbfffff
2970,881008cc87fffff
2971,88100e20c3fffff
2972,881008c061fffff
2973,88100e253dfffff
2974,88100a8329fffff
2975,881008ce1bfffff
2976,88100e2d6dfffff
2977,88100e3ac1fffff
2978,8810085ac3fffff
2979,88100a8e05fffff
2980,88100e285bfffff
2981,88100e3047fffff
2982,88100e74cdfffff
2983,881008da67fffff
2984,88100e3717fffff
2985,8810085a51fffff
2986,881008ce55fffff
2987,88100e2d4dfffff
2988,88100e2755fffff
2989,88100e64ebfffff
2990,88100a961bfffff
2991,88100e21c1fffff
2992,8810084d05fffff
2993,88100ea88dfffff
2994,881008c083fffff
2995,88100e64b7fffff
2996,8810085125fffff
2997,88100e3ac7fffff
2998,88100e3261fffff
2999,88100e2097fffff
3000,88100e76a5fffff
3001,88100a94cbfffff
3002,88100a828bfffff
3003,88100a812bfffff
3004,88100ead2dfffff
3005,8810085229fffff
3006,88100a8249fffff
3007,88100eac65fffff
3008,88100a8531fffff
3009,88100e2499fffff
3010,881008c8c1fffff
3011,8810084c2dfffff
3012,8810085a0dfffff
3013,8810084027fffff
3014,88100859ebfffff
3015,8810084e65fffff
3016,8810084033fffff
3017,88100850d9fffff
3018,881008ca03fffff
3019,88100aba31fffff
3020,88100e66b7fffff
3021,88100a8e0dfffff
3022,88100a84b7fffff
3023,88100e3209fffff
3024,88100e39ddfffff
3025,8810084a01fffff
3026,88100e671bfffff
3027,881008cf1dfffff
3028,88100eaf35fffff
3029,88100e2d3dfffff
3030,88100a81dbfffff
3031,8810085aebfffff
3032,881008c0c9fffff
3033,881008d1e3fffff
3034,88100e2167fffff
3035,881008595bfffff
3036,88100ab25dfffff
3037,88100a864dfffff
3038,881008c75dfffff
3039,88100859d7fffff
3040,88100e274bfffff
3041,88100eac33fffff
3042,8810085b03fffff
3043,88100ea8c5fffff
3044,8810085827fffff
3045,8810085015fffff
3046,88100ea8b1fffff
3047,88100a949bfffff
3048,88100a84adfffff
3049,88100e348dfffff
3050,88100e3359fffff
3051,88100eaf25fffff
3052,88100e31b1fffff
3053,881008c633fffff
3054,881008dabbfffff
3055,8810085045fffff
3056,881008cce7fffff
3057,88100e236bfffff
3058,88100e36cdfffff
3059,88100ab161fffff
3060,88100a96a1fffff
3061,881008cc05fffff
3062,88100a9363fffff
3063,88100ab2cdfffff
3064,88100e2a37fffff
3065,881008c725fffff
3066,8810085917fffff
3067,88100abaedfffff
3068,88100e2887fffff
3069,8810085463fffff
3070,88100e3631fffff
3071,88100848adfffff
3072,881008c129fffff
3073,881008daadfffff
3074,8810085039fffff
3075,88100e3a17fffff
3076,881008d0b7fffff
3077,88100ab187fffff
3078,8810085a39fffff
3079,881008c1d7fffff
3080,881008d9abfffff
3081,8810084f49fffff
3082,881008ce2bfffff
3083,88100e22dbfffff
3084,88100ab219fffff
3085,88100a81ddfffff
3086,88100a872bfffff
3087,88100e6489fffff
3088,881008c225fffff
3089,88100e2837fffff
3090,8810084995fffff
3091,88100eaf29fffff
3092,881008c541fffff
3093,88100e3a05fffff
3094,88100e250dfffff
3095,88100a8e4bfffff
3096,881008c247fffff
3097,8810084881fffff
3098,88100ab239fffff
3099,88100a9119fffff
3100,88100e2237fffff
3101,8810085907fffff
3102,88100e32e5fffff
3103,88100e31e3fffff
3104,88100849adfffff
3105,88100851e7fffff
3106,88100e3a37fffff
3107,88100e2dc1fffff
3108,88100a8731fffff
3109,88100e6465fffff
3110,88100e22d9fffff
3111,88100e3115fffff
3112,88100e2263fffff
3113,88100ead6dfffff
3114,88100a9a6bfffff
3115,88100ab061fffff
3116,88100e2619fffff
3117,88100e3747fffff
3118,881008d1c5fffff
3119,88100e2d1bfffff
3120,881008498bfffff
3121,881008d909fffff
3122,881008d905fffff
3123,881008d16bfffff
3124,8810084e0dfffff
3125,881008485bfffff
3126,88100a85c1fffff
3127,8810085551fffff
3128,88100eac9dfffff
3129,88100e3805fffff
3130,8810084d29fffff
3131,88100e3089fffff
3132,88100a84a3fffff
3133,88100eada7fffff
3134,88100e6487fffff
3135,88100a84d5fffff
3136,88100e2537fffff
3137,88100a822bfffff
3138,88100e2dddfffff
3139,8810085767fffff
3140,881008ca1bfffff
3141,881008401bfffff
3142,88100e298bfffff
3143,8810084e63fffff
3144,88100a92e5fffff
3145,881008526bfffff
3146,881008dad9fffff
3147,88100a914dfffff
3148,88100abad9fffff
3149,88100e643bfffff
3150,88100e2e87fffff
3151,88100e30b9fffff
3152,88100e34c5fffff
3153,881008c147fffff
3154,881008c5c9fffff
3155,88100a876dfffff
3156,88100eaca9fffff
3157,88100e202bfffff
3158,881008590bfffff
3159,88100ab149fffff
3160,88100a9325fffff
3161,88100e38bbfffff
3162,881008493dfffff
3163,88100a90a9fffff
3164,881008d13bfffff
3165,88100e31adfffff
3166,88100e343bfffff
3167,88100a9a45fffff
3168,8810085239fffff
3169,88100e29c9fffff
3170,88100e3765fffff
3171,88100e6469fffff
3172,8810085295fffff
3173,8810084127fffff
3174,88100a856dfffff
3175,88100e3613fffff
3176,88100e35d7fffff
3177,88100852ebfffff
3178,88100a875dfffff
3179,88100e34d9fffff
3180,881008d9b7fffff
3181,881008c103fffff
3182,8810085329fffff
3183,88100a9105fffff
3184,881008ca25fffff
3185,881008c19dfffff
3186,88100e38d1fffff
3187,881008c0a1fffff
3188,88100e76c7fffff
3189,8810084151fffff
3190,881008d88bfffff
3191,88100e3297fffff
3192,881008daa9fffff
3193,8810085007fffff
3194,881008c567fffff
3195,88100e3009fffff
3196,881008c511fffff
3197,881008ca23fffff
3198,881008d1ebfffff
3199,88100a8357fffff
3200,8810084221fffff
3201,88100e30b1fffff
3202,88100eac2dfffff
3203,88100a9123fffff
3204,881008c091fffff
3205,881008ce5bfffff
3206,88100e309dfffff
3207,88100e2927fffff
3208,88100e2e9bfffff
3209,88100a840dfffff
3210,881008c58bfffff
3211,88100a958bfffff
3212,8810085a97fffff
3213,881008ccb9fffff
3214,88100e32d9fffff
3215,88100a98c3fffff
3216,8810084061fffff
3217,881008c9edfffff
3218,881008cd65fffff
3219,881008dae9fffff
3220,8810084cedfffff
3221,88100851b7fffff
3222,88100e2859fffff
3223,881008c85bfffff
3224,88100e21b5fffff
3225,8810084e4bfffff
3226,88100e22a1fffff
3227,881008d129fffff
3228,88100840edfffff
3229,88100a9403fffff
3230,881008411bfffff
3231,881008d861fffff
3232,88100e32c3fffff
3233,8810084d67fffff
3234,881008400dfffff
3235,88100e3299fffff
3236,88100ab051fffff
3237,881008d92bfffff
3238,881008c0d3fffff
3239,88100ab22bfffff
3240,8810084165fffff
3241,88100a82adfffff
3242,88100e3147fffff
3243,88100e2ce7fffff
3244,88100a850dfffff
3245,8810084c11fffff
3246,881008cec9fffff
3247,8810085703fffff
3248,881008d121fffff
3249,881008cd59fffff
3250,8810084d01fffff
3251,88100e29b7fffff
3252,8810085401fffff
3253,881008562bfffff
3254,881008c507fffff
3255,88100a9549fffff
3256,88100e3935fffff
3257,88100e21cdfffff
3258,881008c8ebfffff
3259,881008c88bfffff
3260,881008c401fffff
3261,881008c417fffff
3262,88100851a1fffff
3263,88100e2e89fffff
3264,88100e30adfffff
3265,8810085403fffff
3266,88100e2295fffff
3267,8810085901fffff
3268,88100a9ad9fffff
3269,88100852b9fffff
3270,88100e2835fffff
3271,88100a9a0dfffff
3272,88100e3417fffff
3273,881008ce8bfffff
3274,88100e25e7fffff
3275,88100a9293fffff
3276,88100a82c9fffff
3277,881008496dfffff
3278,88100a969dfffff
3279,881008c237fffff
3280,88100e3431fffff
3281,881008d80dfffff
3282,88100e2361fffff
3283,88100e35ddfffff
3284,88100ab169fffff
3285,881008494dfffff
3286,881008c703fffff
3287,881008496bfffff
3288,8810084227fffff
3289,88100a82edfffff
3290,88100e2a01fffff
3291,88100e2aa7fffff
3292,8810084a83fffff
3293,8810085451fffff
3294,88100e2969fffff
3295,88100e2ac9fffff
3296,8810084105fffff
3297,88100abacdfffff
3298,88100e275dfffff
3299,881008c329fffff
3300,88100e2a17fffff
3301,88100e2521fffff
3302,88100aba03fffff
3303,8810084f27fffff
3304,88100e25cbfffff
3305,88100ab20bfffff
3306,88100858a7fffff
3307,88100e2513fffff
3308,88100e2153fffff
3309,8810084a93fffff
3310,8810085099fffff
3311,8810084039fffff
3312,88100ab259fffff
3313,88100a9063fffff
3314,881008d8a5fffff
3315,88100ab249fffff
3316,88100a8767fffff
3317,88100e655bfffff
3318,88100e22ddfffff
3319,88100e2e69fffff
3320,88100841a1fffff
3321,88100e2323fffff
3322,88100849c5fffff
3323,88100a92b3fffff
3324,88100e31cbfffff
3325,88100e2e05fffff
3326,88100e31b9fffff
3327,88100a849dfffff
3328,881008c889fffff
3329,88100a9155fffff
3330,8810085095fffff
3331,881008589bfffff
3332,88100842a3fffff
3333,88100e35bbfffff
3334,88100a9a3bfffff
3335,88100ead55fffff
3336,88100e6739fffff
3337,88100e649bfffff
3338,88100e2aedfffff
3339,88100e26c9fffff
3340,8810084859fffff
3341,88100a9ac7fffff
3342,88100a8047fffff
3343,8810084ad1fffff
3344,88100e353bfffff
3345,881008423dfffff
3346,8810085233fffff
3347,88100e3839fffff
3348,881008dae3fffff
3349,88100e376dfffff
3350,88100a8625fffff
3351,88100e2f6dfffff
3352,8810084f63fffff
3353,881008ce09fffff
3354,8810084b19fffff
3355,88100849b5fffff
3356,88100ea807fffff
3357,881008cc81fffff
3358,88100e2c35fffff
3359,88100e29dbfffff
3360,88100e31abfffff
3361,88100ab185fffff
3362,88100a80e3fffff
3363,881008d8ddfffff
3364,8810084c39fffff
3365,88100e30a5fffff
3366,88100aba23fffff
3367,88100856cdfffff
3368,88100e30e3fffff
3369,881008d993fffff
3370,88100e308dfffff
3371,88100e2095fffff
3372,881008ca47fffff
3373,88100e331dfffff
3374,8810084a99fffff
3375,88100e21a5fffff
3376,881008c189fffff
3377,88100a959dfffff
3378,88100e301bfffff
3379,881008c069fffff
3380,881008cf11fffff
3381,881008c23dfffff
3382,88100a96bdfffff
3383,88100aba57fffff
3384,8810084d07fffff
3385,881008da87fffff
3386,88100a8663fffff
3387,88100aba17fffff
3388,88100e2621fffff
3389,881008c201fffff
3390,88100a8463fffff
3391,88100a9331fffff
3392,8810084245fffff
3393,88100e6623fffff
3394,88100e375dfffff
3395,88100a935bfffff
3396,881008d0e1fffff
3397,8810084f6dfffff
3398,881008c2adfffff
3399,88100e74e7fffff
3400,881008c2a9fffff
3401,88100a9113fffff
3402,8810084163fffff
3403,88100e2ca3fffff
3404,88100ab04bfffff
3405,881008cd85fffff
3406,88100a8617fffff
3407,88100e3197fffff
3408,88100e66adfffff
3409,88100e21c7fffff
3410,8810084305fffff
3411,881008dae5fffff
3412,88100a9531fffff
3413,881008d99dfffff
3414,881008c727fffff
3415,8810081b51fffff
3416,88100841d7fffff
3417,881008d185fffff
3418,88100aba09fffff
3419,88100e3123fffff
3420,88100ab125fffff
3421,8810084b47fffff
3422,881008d153fffff
3423,88100e24a7fffff
3424,881008db05fffff
3425,881008c543fffff
3426,88100e2589fffff
3427,88100e2485fffff
3428,88100aba5dfffff
3429,881008544bfffff
3430,88100ab2c9fffff
3431,881008c007fffff
3432,88100e2a41fffff
3433,881008cb1bfffff
3434,88100e204dfffff
3435,881008cd67fffff
3436,88100e2b19fffff
3437,881008d965fffff
3438,881008d91dfffff
3439,881008406bfffff
3440,881008d927fffff
3441,88100eacd3fffff
3442,88100a874dfffff
3443,881008da09fffff
3444,881008c565fffff
3445,88100e3a3dfffff
3446,88100e24cbfffff
3447,88100ab765fffff
3448,88100e2b07fffff
3449,88100eaf33fffff
3450,88100a9487fffff
3451,88100a9a01fffff
3452,8810085a19fffff
3453,88100e6463fffff
3454,8810084331fffff
3455,88100e2885fffff
3456,88100e365dfffff
3457,88100e3657fffff
3458,88100e34a1fffff
3459,8810085217fffff
3460,88100a94e3fffff
3461,881008cec5fffff
3462,8810085a13fffff
3463,88100e645dfffff
3464,88100aba55fffff
3465,88100e76b5fffff
3466,88100ab1bdfffff
3467,881008cc6bfffff
3468,88100a91b1fffff
3469,88100a8049fffff
3470,88100eada5fffff
3471,881008ce99fffff
3472,8810081b31fffff
3473,88100a86d1fffff
3474,881008c5bdfffff
3475,88100eadd9fffff
3476,881008c363fffff
3477,88100ab001fffff
3478,88100e26a5fffff
3479,881008c1c1fffff
3480,8810085b35fffff
3481,88100848edfffff
3482,88100e2f35fffff
3483,881008532bfffff
3484,8810085b3dfffff
3485,881008ccc1fffff
3486,8810084185fffff
3487,8810085037fffff
3488,88100e312dfffff
3489,881008c82bfffff
3490,88100a9899fffff
3491,8810084d1bfffff
3492,881008d913fffff
3493,88100e215bfffff
3494,88100e31a9fffff
3495,88100e2465fffff
3496,88100eac2bfffff
3497,881008c15dfffff
3498,88100a912dfffff
3499,88100a8209fffff
3500,8810081b35fffff
3501,88100a9407fffff
3502,88100eaf0bfffff
3503,88100e3245fffff
3504,8810084067fffff
3505,88100e2addfffff
3506,881008c5cdfffff
3507,88100e2a8dfffff
3508,881008cad3fffff
3509,88100a9255fffff
3510,88100e39b5fffff
3511,8810085931fffff
3512,8810084139fffff
3513,881008593bfffff
3514,881008c967fffff
3515,88100e343dfffff
3516,881008c425fffff
3517,8810084a5dfffff
3518,88100e3351fffff
3519,88100a9b55fffff
3520,88100e38d7fffff
3521,88100e3739fffff
3522,88100e6683fffff
3523,88100e6737fffff
3524,881008ca9bfffff
3525,881008ce29fffff
3526,881008c959fffff
3527,88100e2cb7fffff
3528,88100ab221fffff
3529,88100a8681fffff
3530,88100e2199fffff
3531,88100ead33fffff
3532,88100e661dfffff
3533,88100e2607fffff
3534,88100e25d1fffff
3535,88100e2b17fffff
3536,881008d0bdfffff
3537,88100ead41fffff
3538,88100e65b7fffff
3539,8810085735fffff
3540,88100ead4dfffff
3541,88100a9889fffff
3542,88100e2ce1fffff
3543,881008d1b7fffff
3544,8810085743fffff
3545,88100e32d7fffff
3546,881008da47fffff
3547,881008d131fffff
3548,88100e3005fffff
3549,881008402dfffff
3550,881008da59fffff
3551,88100a9a1bfffff
3552,881008c231fffff
3553,8810085287fffff
3554,88100aba81fffff
3555,88100e20e9fffff
3556,88100e269bfffff
3557,88100e665bfffff
3558,881008cae7fffff
3559,881008406dfffff
3560,88100a8223fffff
3561,88100e3891fffff
3562,88100a9ac9fffff
3563,88100a9a55fffff
3564,88100e3681fffff
3565,88100eadc7fffff
3566,88100e3917fffff
3567,88100e2925fffff
3568,88100e3037fffff
3569,881008d96dfffff
3570,88100e74adfffff
3571,8810084ad5fffff
3572,88100e2b4bfffff
3573,881008410bfffff
3574,8810084249fffff
3575,881008cde3fffff
3576,8810084909fffff
3577,88100a923bfffff
3578,88100e371dfffff
3579,88100a9059fffff
3580,881008cf47fffff
3581,881008d029fffff
3582,88100ea80bfffff
3583,88100e3843fffff
3584,88100a9013fffff
3585,88100a92d7fffff
3586,88100a8009fffff
3587,88100a8013fffff
3588,881008c8e5fffff
3589,88100a94a7fffff
3590,88100e2063fffff
3591,8810081b4dfffff
3592,881008436dfffff
3593,88100eac61fffff
3594,8810084b57fffff
3595,8810081b01fffff
3596,88100e2d8bfffff
3597,88100e2b41fffff
3598,88100ea85bfffff
3599,88100e2cedfffff
3600,88100e3997fffff
3601,88100ab2dbfffff
3602,88100a9545fffff
3603,881008c051fffff
3604,88100e38a7fffff
3605,88100e748dfffff
3606,8810085851fffff
3607,88100e2253fffff
3608,881008c665fffff
3609,8810085101fffff
3610,88100a8e59fffff
3611,88100e3a1bfffff
3612,8810084301fffff
3613,8810084243fffff
3614,881008d823fffff
3615,88100e3107fffff
3616,88100851e1fffff
3617,88100e2ce5fffff
3618,88100a90b3fffff
3619,88100e2c1dfffff
3620,881008c563fffff
3621,881008c707fffff
3622,88100e3281fffff
3623,88100e6441fffff
3624,88100e2139fffff
3625,88100e34ddfffff
3626,8810084a61fffff
3627,88100e2eb3fffff
3628,88100ab34dfffff
3629,88100852d1fffff
3630,88100a9745fffff
3631,8810085407fffff
3632,88100e74e9fffff
3633,88100e3615fffff
3634,8810084ab1fffff
3635,881008d8b7fffff
3636,8810084c15fffff
3637,8810085005fffff
3638,88100e65a3fffff
3639,881008caa1fffff
3640,88100e2da5fffff
3641,8810085aadfffff
3642,881008501bfffff
3643,88100a82d7fffff
3644,88100e29d9fffff
3645,88100a9a13fffff
3646,88100a92e9fffff
3647,88100e2053fffff
3648,881008d9cbfffff
3649,88100a833dfffff
3650,881008c8e7fffff
3651,88100ead03fffff
3652,88100a9595fffff
3653,8810085409fffff
3654,88100e28ddfffff
3655,881008ca17fffff
3656,88100a92e7fffff
3657,88100e3a81fffff
3658,88100ab2b5fffff
3659,8810084b03fffff
3660,88100851c5fffff
3661,88100e24dbfffff
3662,88100ab041fffff
3663,88100ead11fffff
3664,88100e7491fffff
3665,881008cb17fffff
3666,88100ab013fffff
3667,88100e2c51fffff
3668,88100e362bfffff
3669,881008c53dfffff
3670,8810084f4dfffff
3671,88100ead19fffff
3672,88100e66a3fffff
3673,88100e2ad7fffff
3674,88100e2ec7fffff
3675,8810085339fffff
3676,88100e3693fffff
3677,8810084f43fffff
3678,881008c531fffff
3679,88100a94a3fffff
3680,88100848a1fffff
3681,88100e2341fffff
3682,88100e3a1dfffff
3683,88100850a5fffff
3684,8810084801fffff
3685,8810085897fffff
3686,88100e3121fffff
3687,88100e2407fffff
3688,88100ab139fffff
3689,88100ab163fffff
3690,881008c8d1fffff
3691,88100e364bfffff
3692,88100e2955fffff
3693,88100e3531fffff
3694,88100a91a7fffff
3695,88100e380dfffff
3696,88100841c1fffff
3697,88100e32b7fffff
3698,88100eaaadfffff
3699,88100e388dfffff
3700,88100e316bfffff
3701,88100eada3fffff
3702,88100e2151fffff
3703,881008d813fffff
3704,88100a9a89fffff
3705,8810084197fffff
3706,8810084f31fffff
3707,88100e250bfffff
3708,8810084111fffff
3709,881008db69fffff
3710,8810085427fffff
3711,881008d8a7fffff
3712,88100e66b3fffff
3713,881008dacdfffff
3714,88100e3509fffff
3715,88100e3561fffff
3716,88100e2ad5fffff
3717,88100e24d9fffff
3718,881008d887fffff
3719,88100a9751fffff
3720,88100e3027fffff
3721,8810085181fffff
3722,88100e6663fffff
3723,881008db31fffff
3724,88100e2187fffff
3725,88100e2d11fffff
3726,8810084b2bfffff
3727,88100e2911fffff
3728,88100e374bfffff
3729,881008416bfffff
3730,881008560bfffff
3731,88100e226bfffff
3732,881008d067fffff
3733,88100a84e9fffff
3734,88100a8627fffff
3735,88100e2895fffff
3736,88100e2a99fffff
3737,88100858ddfffff
3738,881008d037fffff
3739,8810084b63fffff
3740,881008c151fffff
3741,88100e228bfffff
3742,88100a968bfffff
3743,88100a816dfffff
3744,88100e3303fffff
3745,88100ab1e3fffff
3746,88100a8631fffff
3747,88100e34c1fffff
3748,881008db4bfffff
3749,8810085133fffff
3750,88100e2765fffff
3751,881008499bfffff
3752,8810084947fffff
3753,881008da81fffff
3754,88100e2c85fffff
3755,881008482dfffff
3756,88100e3697fffff
3757,88100e2cadfffff
3758,8810085269fffff
3759,88100ab263fffff
3760,881008d117fffff
3761,88100e2f1dfffff
3762,88100e3483fffff
3763,881008c55dfffff
3764,881008c637fffff
3765,8810085263fffff
3766,8810085a55fffff
3767,881008c59dfffff
3768,88100e34ebfffff
3769,881008d98bfffff
3770,8810084b67fffff
3771,8810084f57fffff
3772,881008db67fffff
3773,881008c8bdfffff
3774,8810084c27fffff
3775,881008d0a7fffff
3776,88100eaf11fffff
3777,88100e2acbfffff
3778,8810085425fffff
3779,881008d1a3fffff
3780,8810084259fffff
3781,881008ce59fffff
3782,88100e3315fffff
3783,88100849edfffff
3784,88100a86bbfffff
3785,881008535bfffff
3786,88100e74e1fffff
3787,881008c407fffff
3788,881008cf23fffff
3789,88100e3515fffff
3790,88100e22a7fffff
3791,8810084d31fffff
3792,88100e76cbfffff
3793,88100a870bfffff
3794,88100e6447fffff
3795,88100a9047fffff
3796,8810084b3bfffff
3797,88100e304dfffff
3798,88100a9645fffff
3799,88100e74c1fffff
3800,88100e2939fffff
3801,88100e3097fffff
3802,8810084e09fffff
3803,881008cf4bfffff
3804,881008db57fffff
3805,88100e36edfffff
3806,88100a86e3fffff
3807,881008cdb7fffff
3808,8810084369fffff
3809,881008ca49fffff
3810,88100e28d9fffff
3811,88100e2a33fffff
3812,88100a8669fffff
3813,88100e2a43fffff
3814,88100e6519fffff
3815,88100a91bbfffff
3816,8810085a93fffff
3817,88100858c3fffff
3818,88100841c3fffff
3819,88100e2309fffff
3820,88100e22c1fffff
3821,88100ab00dfffff
3822,88100858e1fffff
3823,88100a9133fffff
3824,88100aba8bfffff
3825,881008d1a5fffff
3826,881008c80bfffff
3827,88100e3989fffff
3828,88100eac35fffff
3829,88100e3319fffff
3830,88100e2c45fffff
3831,881008ccd7fffff
3832,881008ca3bfffff
3833,881008518bfffff
3834,88100a814dfffff
3835,88100e24cdfffff
3836,881008cb45fffff
3837,8810081b0dfffff
3838,8810084f61fffff
3839,88100e6667fffff
3840,88100e2603fffff
3841,8810084951fffff
3842,8810081a29fffff
3843,8810085a1dfffff
3844,88100ea999fffff
3845,88100e2747fffff
3846,881008d915fffff
3847,8810085ae5fffff
3848,88100e21bbfffff
3849,8810085211fffff
3850,88100e2e37fffff
3851,8810084e21fffff
3852,88100ead99fffff
3853,8810084233fffff
3854,8810084851fffff
3855,881008ced5fffff
3856,88100eaaa3fffff
3857,88100ead9bfffff
3858,88100a970dfffff
3859,88100ab007fffff
3860,88100a9217fffff
3861,881008da2bfffff
3862,88100e266bfffff
3863,881008c139fffff
3864,88100abae9fffff
3865,881008cee5fffff
3866,8810081b33fffff
3867,88100eac29fffff
3868,88100a8291fffff
3869,88100ab357fffff
3870,88100a86ebfffff
3871,88100e293dfffff
3872,88100a8369fffff
3873,88100ab2e9fffff
3874,881008c241fffff
3875,8810085457fffff
3876,881008d807fffff
3877,8810084f03fffff
3878,88100e2055fffff
3879,8810085a01fffff
3880,88100a8107fffff
3881,88100a8215fffff
3882,88100858a9fffff
3883,88100e6665fffff
3884,88100e25c1fffff
3885,88100a9655fffff
3886,88100e24e7fffff
3887,88100ab145fffff
3888,88100a8553fffff
3889,88100ab2e3fffff
3890,88100a96abfffff
3891,881008cdc3fffff
3892,88100e36e3fffff
3893,881008571dfffff
3894,881008cc1bfffff
3895,88100aba3dfffff
3896,88100e3225fffff
3897,881008528dfffff
3898,881008c83dfffff
3899,8810084dc5fffff
3900,8810084a1dfffff
3901,88100e28e3fffff
3902,88100e30d3fffff
3903,88100a80e7fffff
3904,88100a8241fffff
3905,88100e2ec5fffff
3906,88100a80d1fffff
3907,881008c5c3fffff
3908,88100e2d99fffff
3909,88100e3095fffff
3910,88100e36c1fffff
3911,88100ead69fffff
3912,881008c937fffff
3913,8810084dcdfffff
3914,88100a941dfffff
3915,88100e242bfffff
3916,88100ea8d5fffff
3917,88100eac31fffff
3918,88100a95abfffff
3919,881008d829fffff
3920,881008cd6bfffff
3921,88100a85c9fffff
3922,88100a90abfffff
3923,88100e2d93fffff
3924,881008ce47fffff
3925,8810084b07fffff
3926,88100849c9fffff
3927,88100a80c1fffff
3928,8810084809fffff
3929,88100e221dfffff
3930,88100e66ddfffff
3931,88100ea853fffff
3932,88100a9297fffff
3933,88100e64e7fffff
3934,88100a9667fffff
3935,88100e2f0dfffff
3936,88100ab0e5fffff
3937,88100e2463fffff
3938,88100ea8c9fffff
3939,88100a9263fffff
3940,88100e2959fffff
3941,88100e3a97fffff
3942,88100e2c57fffff
3943,881008c983fffff
3944,881008c0a3fffff
3945,88100a910bfffff
3946,8810085733fffff
3947,88100e3247fffff
3948,88100e26ebfffff
3949,88100a976dfffff
3950,88100a8e29fffff
3951,881008c45dfffff
3952,88100e22a5fffff
3953,881008cdb9fffff
3954,88100e286dfffff
3955,8810084a29fffff
3956,8810081b65fffff
3957,8810085b4bfffff
3958,881008c847fffff
3959,8810084d2dfffff
3960,88100e3333fffff
3961,88100e20c5fffff
3962,88100e3061fffff
3963,881008c35dfffff
3964,88100a9ab5fffff
3965,88100e34a3fffff
3966,8810081867fffff
3967,88100a8441fffff
3968,88100e6743fffff
3969,88100e3a9bfffff
3970,8810084c61fffff
3971,8810085b61fffff
3972,88100e3691fffff
3973,88100e26d3fffff
3974,881008c025fffff
3975,88100852cbfffff
3976,88100e26e9fffff
3977,881008404bfffff
3978,881008c851fffff
3979,88100e3551fffff
3980,8810085445fffff
3981,88100841d1fffff
3982,88100ab0abfffff
3983,8810084969fffff
3984,88100a8613fffff
3985,88100e3443fffff
3986,881008523dfffff
3987,881008c099fffff
3988,881008c76bfffff
3989,881008c353fffff
3990,88100ea8c7fffff
3991,88100ea811fffff
3992,8810085065fffff
3993,881008c5bbfffff
3994,8810084a41fffff
3995,88100841b7fffff
3996,88100a90b1fffff
3997,88100e3663fffff
3998,881008d019fffff
3999,88100a8e4dfffff
4000,88100e262dfffff
4001,88100a9765fffff
4002,88100e2ec9fffff
4003,88100e2017fffff
4004,88100e76e7fffff
4005,88100a9253fffff
4006,88100a909dfffff
4007,88100a868bfffff
4008,8810085423fffff
4009,88100e39a5fffff
4010,88100a8425fffff
4011,88100e0493fffff
4012,88100e2031fffff
4013,8810084a2dfffff
4014,88100848a7fffff
4015,88100a9a8dfffff
4016,8810081b09fffff
4017,88100a9417fffff
4018,88100e296dfffff
4019,881008da33fffff
4020,881008ca63fffff
4021,88100849e7fffff
4022,88100e2d19fffff
4023,88100eac93fffff
4024,88100a86b7fffff
4025,88100e2929fffff
4026,88100e76c9fffff
4027,88100e3199fffff
4028,88100ead59fffff
4029,88100a904dfffff
4030,88100a945dfffff
4031,88100a90c5fffff
4032,88100850d1fffff
4033,88100a8ec9fffff
4034,88100e2421fffff
4035,881008da23fffff
4036,881008505dfffff
4037,881008d999fffff
4038,88100a8439fffff
4039,88100e2e8dfffff
4040,881008cc61fffff
4041,8810085b41fffff
4042,88100e3699fffff
4043,881008482bfffff
4044,88100e2609fffff
4045,881008c527fffff
4046,88100e269dfffff
4047,881008da9dfffff
4048,881008c9a3fffff
4049,88100e3317fffff
4050,88100e2c59fffff
4051,88100e256bfffff
4052,88100a96b7fffff
4053,88100a8353fffff
4054,8810084825fffff
4055,88100a9a95fffff
4056,88100e2c4dfffff
4057,88100ab199fffff
4058,88100849a9fffff
4059,88100e225bfffff
4060,88100ead25fffff
4061,88100e2921fffff
4062,881008cd13fffff
4063,88100e2535fffff
4064,88100e35cdfffff
4065,881008d1d3fffff
4066,88100859b9fffff
4067,881008565dfffff
4068,88100e2a6dfffff
4069,881008430dfffff
4070,88100e2d07fffff
4071,88100e2051fffff
4072,881008c54dfffff
4073,88100a9405fffff
4074,8810084b1dfffff
4075,88100ab009fffff
4076,88100e2a03fffff
4077,8810084d19fffff
4078,8810084c6dfffff
4079,88100e04b7fffff
4080,88100e2b21fffff
4081,88100841e7fffff
4082,88100a9415fffff
4083,88100e643dfffff
4084,881008401dfffff
4085,881008575bfffff
4086,88100ab1c7fffff
4087,88100a8e07fffff
4088,88100e2cd7fffff
4089,88100e2209fffff
4090,88100ea8e1fffff
4091,881008c5a1fffff
4092,8810084333fffff
4093,88100a86e5fffff
4094,8810084357fffff
4095,881008cd41fffff
4096,88100a82e1fffff
4097,8810084b55fffff
4098,88100e3915fffff
4099,88100e28c9fffff
4100,88100ab327fffff
4101,88100e76d1fffff
4102,881008cae3fffff
4103,88100ab1d3fffff
4104,88100a8433fffff
4105,88100e7419fffff
4106,88100a8219fffff
4107,881008cc2bfffff
4108,88100e3195fffff
4109,881008c955fffff
4110,8810084b2dfffff
4111,88100e39a7fffff
4112,88100e2949fffff
4113,88100ab323fffff
4114,88100e2da3fffff
4115,881008582dfffff
4116,88100e2491fffff
4117,8810085859fffff
4118,88100a8505fffff
4119,88100e2cc1fffff
4120,88100e35e1fffff
4121,88100ea9ddfffff
4122,88100e26a7fffff
4123,88100a84cdfffff
4124,88100e20c9fffff
4125,88100a830dfffff
4126,88100a8723fffff
4127,88100a8735fffff
4128,881008da19fffff
4129,8810085ab3fffff
4130,881008cea3fffff
4131,881008c953fffff
4132,88100e31e7fffff
4133,881008543dfffff
4134,88100850c3fffff
4135,88100abac7fffff
4136,8810084a11fffff
4137,88100e354dfffff
4138,88100a9611fffff
4139,8810084f55fffff
4140,88100a902dfffff
4141,88100e372dfffff
4142,88100a9317fffff
4143,88100a9895fffff
4144,88100e3993fffff
4145,8810085b09fffff
4146,88100e25abfffff
4147,88100e324dfffff
4148,88100e220dfffff
4149,88100eaf4dfffff
4150,881008511dfffff
4151,8810084de5fffff
4152,8810085acdfffff
4153,88100e2eb5fffff
4154,88100a91abfffff
4155,88100a8551fffff
4156,881008db1dfffff
4157,88100a91edfffff
4158,881008d155fffff
4159,88100ea9d1fffff
4160,88100e6647fffff
4161,88100a92dbfffff
4162,88100abae5fffff
4163,88100eade5fffff
4164,881008dac7fffff
4165,88100e2a23fffff
4166,88100e3295fffff
4167,881008cca9fffff
4168,88100e7687fffff
4169,881008c96bfffff
4170,88100a8211fffff
4171,88100e7481fffff
4172,8810085849fffff
4173,88100858c7fffff
4174,88100e2005fffff
4175,88100a973bfffff
4176,88100a86c5fffff
4177,88100e29d3fffff
4178,88100e3423fffff
4179,88100e2e1bfffff
4180,88100e6629fffff
4181,881008daa3fffff
4182,8810084811fffff
4183,88100e36a3fffff
4184,881008186dfffff
4185,881008c011fffff
4186,88100e2b29fffff
4187,88100e3759fffff
4188,88100e24bdfffff
4189,88100abac3fffff
4190,88100ead61fffff
4191,88100e2509fffff
4192,88100ead97fffff
4193,881008529bfffff
4194,88100e24b1fffff
4195,881008c8d9fffff
4196,88100e20adfffff
4197,88100e34c7fffff
4198,88100e2b15fffff
4199,88100a8287fffff
4200,88100ab0ebfffff
4201,88100e3aa5fffff
4202,8810084821fffff
4203,8810084d45fffff
4204,881008c0e3fffff
4205,88100e3723fffff
4206,88100ab0c3fffff
4207,88100849c3fffff
4208,88100e66dbfffff
4209,88100e381bfffff
4210,88100eaa19fffff
4211,881008c5cbfffff
4212,88100ab103fffff
4213,8810085091fffff
4214,88100e2e95fffff
4215,88100e3255fffff
4216,88100eac23fffff
4217,88100e2d45fffff
4218,881008d831fffff
4219,8810085b0bfffff
4220,88100e2d27fffff
4221,8810081b6dfffff
4222,8810085aabfffff
4223,8810084f2bfffff
4224,881008584dfffff
4225,88100a9ac3fffff
4226,8810084129fffff
4227,88100e3b13fffff
4228,88100e2d67fffff
4229,881008cc33fffff
4230,881008cd93fffff
4231,8810084a31fffff
4232,88100a96e7fffff
4233,8810084933fffff
4234,881008d00dfffff
4235,88100e3983fffff
4236,88100e2d8dfffff
4237,88100a96c7fffff
4238,88100e24e3fffff
4239,8810084269fffff
4240,88100e260dfffff
4241,8810085a15fffff
4242,88100a8255fffff
4243,88100e3029fffff
4244,881008c307fffff
4245,88100a8087fffff
4246,88100e2057fffff
4247,8810084929fffff
4248,88100a9017fffff
4249,8810085ad1fffff
4250,881008cb35fffff
4251,88100e3237fffff
4252,88100a84e3fffff
4253,88100e3ac5fffff
4254,881008d103fffff
4255,88100e2901fffff
4256,881008d893fffff
4257,88100a9057fffff
4258,88100e38d5fffff
4259,8810085757fffff
4260,881008c815fffff
4261,88100e64d5fffff
4262,88100a9421fffff
4263,88100e3a5bfffff
4264,881008c445fffff
4265,88100a989dfffff
4266,88100ab2cbfffff
4267,88100e3117fffff
4268,88100e20a7fffff
4269,88100e64c1fffff
4270,88100a920dfffff
4271,8810084e29fffff
4272,8810084035fffff
4273,88100eaccdfffff
4274,88100a9215fffff
4275,88100e28c3fffff
4276,88100e365bfffff
4277,881008c115fffff
4278,88100a9aebfffff
4279,881008cab9fffff
4280,881008566dfffff
4281,881008ca6dfffff
4282,88100e2159fffff
4283,88100a8695fffff
4284,8810084957fffff
4285,88100eaf55fffff
4286,8810084117fffff
4287,8810084813fffff
4288,8810084c17fffff
4289,88100ab285fffff
4290,88100a820dfffff
4291,88100e3a07fffff
4292,88100e3819fffff
4293,88100a8053fffff
4294,881008c8ddfffff
4295,88100852abfffff
4296,88100e65d7fffff
4297,8810084f37fffff
4298,88100e24b3fffff
4299,88100e325bfffff
4300,88100e3343fffff
4301,88100e218dfffff
4302,88100a955bfffff
4303,88100a823bfffff
4304,881008d8e7fffff
4305,88100a8561fffff
4306,88100ea8d9fffff
4307,88100a8299fffff
4308,88100e3167fffff
4309,88100e2e99fffff
4310,88100a841bfffff
4311,8810085b13fffff
4312,88100e31dbfffff
4313,881008481bfffff
4314,88100abad1fffff
4315,88100e2339fffff
4316,88100e3099fffff
4317,88100e3ab7fffff
4318,88100a8e69fffff
4319,881008ce5dfffff
4320,88100e3193fffff
4321,8810084ab5fffff
4322,88100e35d9fffff
4323,881008c217fffff
4324,88100e3695fffff
4325,88100a8365fffff
4326,88100e22a3fffff
4327,88100e26d1fffff
4328,88100ea1a3fffff
4329,881008c535fffff
4330,88100e303bfffff
4331,881008c56dfffff
4332,88100e24a3fffff
4333,881008c711fffff
4334,88100a9425fffff
4335,88100ab36bfffff
4336,8810085225fffff
4337,881008d021fffff
4338,88100e675dfffff
4339,88100a945bfffff
4340,88100eac37fffff
4341,88100e3837fffff
4342,88100e3749fffff
4343,88100eadcbfffff
4344,88100ab205fffff
4345,881008d109fffff
4346,88100eaf59fffff
4347,88100e2debfffff
4348,881008c925fffff
4349,8810085919fffff
4350,88100a951dfffff
4351,88100eadedfffff
4352,881008c915fffff
4353,88100e25dbfffff
4354,88100e3507fffff
4355,88100e2b63fffff
4356,88100ab15dfffff
4357,8810085441fffff
4358,88100e20e1fffff
4359,8810084d55fffff
4360,88100e2dadfffff
4361,8810085365fffff
4362,88100840abfffff
4363,8810085829fffff
4364,881008ca87fffff
4365,881008da43fffff
4366,88100eaf27fffff
4367,88100e6581fffff
4368,88100858d3fffff
4369,88100a862bfffff
4370,88100ea8d3fffff
4371,88100ab167fffff
4372,881008d95bfffff
4373,88100a901bfffff
4374,881008db07fffff
4375,8810085715fffff
4376,88100a9041fffff
4377,88100a8503fffff
4378,88100e04bbfffff
4379,88100e74cbfffff
4380,8810084e31fffff
4381,88100e3719fffff
4382,88100e66a9fffff
4383,8810084983fffff
4384,88100ab037fffff
4385,881008c5a3fffff
4386,88100848c3fffff
4387,88100e368bfffff
4388,88100a92ddfffff
4389,88100e2119fffff
4390,881008581bfffff
4391,88100eae2dfffff
4392,88100ab03bfffff
4393,88100e245dfffff
4394,881008d959fffff
4395,8810084949fffff
4396,881008cd43fffff
4397,88100e768bfffff
4398,88100e3757fffff
4399,88100841e5fffff
4400,8810084a49fffff
4401,881008da07fffff
4402,88100a8363fffff
4403,8810085729fffff
4404,88100859ddfffff
4405,88100e2eebfffff
4406,881008519bfffff
4407,88100e25c9fffff
4408,881008502bfffff
4409,88100a85ddfffff
4410,88100e39cdfffff
4411,88100eaf1bfffff
4412,88100e39e3fffff
4413,88100e3135fffff
4414,88100e74dbfffff
4415,88100a94a9fffff
4416,881008ceddfffff
4417,88100a92c7fffff
4418,88100eadc3fffff
4419,881008c21dfffff
4420,88100e395dfffff
4421,8810085123fffff
4422,881008c0cdfffff
4423,88100e2737fffff
4424,88100e2641fffff
4425,88100a9185fffff
4426,88100ab2ddfffff
4427,881008da35fffff
4428,8810084a67fffff
4429,88100a8715fffff
4430,881008c9e7fffff
4431,88100eac91fffff
4432,8810085047fffff
4433,881008d931fffff
4434,88100e3465fffff
4435,88100e2d29fffff
4436,8810084d39fffff
4437,88100e2329fffff
4438,88100ab067fffff
4439,8810085663fffff
4440,88100e3203fffff
4441,88100a9369fffff
4442,88100e2917fffff
4443,88100a9153fffff
4444,88100848d7fffff
4445,88100e3639fffff
4446,88100ab207fffff
4447,88100e29a3fffff
4448,88100eaf03fffff
4449,8810084007fffff
4450,8810085a07fffff
4451,881008cd8dfffff
4452,88100e36e1fffff
4453,881008cad1fffff
4454,88100e2109fffff
4455,88100a96d9fffff
4456,88100ea5b3fffff
4457,88100e346bfffff
4458,88100a9101fffff
4459,88100e209dfffff
4460,8810085801fffff
4461,881008c347fffff
4462,88100e76ddfffff
4463,881008cecbfffff
4464,88100a86d3fffff
4465,88100e2c0dfffff
4466,88100e276dfffff
4467,88100a9093fffff
4468,8810085035fffff
4469,88100e3131fffff
4470,88100ab04dfffff
4471,88100a8413fffff
4472,88100e24e1fffff
4473,8810084315fffff
4474,88100e6641fffff
4475,88100a8285fffff
4476,88100e34e9fffff
4477,88100a9327fffff
4478,8810085167fffff
4479,881008c831fffff
4480,881008c561fffff
4481,881008cb59fffff
4482,881008c81dfffff
4483,88100eaca7fffff
4484,88100e6409fffff
4485,8810084e61fffff
4486,88100e323dfffff
4487,881008cc47fffff
4488,88100e3823fffff
4489,88100e35b3fffff
4490,88100eaf47fffff
4491,88100e6713fffff
4492,8810085a63fffff
4493,88100e2d2dfffff
4494,88100a9007fffff
4495,88100e3913fffff
4496,88100e3151fffff
4497,88100852c5fffff
4498,88100e2081fffff
4499,8810081943fffff
4500,881008db09fffff
4501,88100e6703fffff
4502,88100e66e7fffff
4503,881008caedfffff
4504,881008534bfffff
4505,8810085009fffff
4506,88100a91c5fffff
4507,88100848d9fffff
4508,88100a819bfffff
4509,88100e3367fffff
4510,88100e30d7fffff
4511,88100a9a6dfffff
4512,88100e2c09fffff
4513,8810084c09fffff
4514,881008d857fffff
4515,88100e254dfffff
4516,88100a922bfffff
4517,8810084225fffff
4518,8810084c47fffff
4519,881008589dfffff
4520,88100a8341fffff
4521,881008c5b5fffff
4522,88100e3a59fffff
4523,8810085745fffff
4524,88100a962bfffff
4525,88100e366dfffff
4526,88100e2cd1fffff
4527,881008cd09fffff
4528,88100e3461fffff
4529,8810084b29fffff
4530,88100e74ebfffff
4531,88100a906bfffff
4532,8810085aa1fffff
4533,88100e3453fffff
4534,88100a933bfffff
4535,881008cd39fffff
4536,88100a9aa3fffff
4537,88100ab303fffff
4538,88100858c5fffff
4539,88100e384dfffff
4540,881008cde9fffff
4541,88100a82c3fffff
4542,88100e2141fffff
4543,88100e321dfffff
4544,8810084ce3fffff
4545,88100e283dfffff
4546,88100a9527fffff
4547,88100a829bfffff
4548,88100a94bdfffff
4549,881008caa7fffff
4550,881008cca3fffff
4551,881008da83fffff
4552,881008ccb5fffff
4553,881008510dfffff
4554,88100e2ee3fffff
4555,881008d1b3fffff
4556,88100a9145fffff
4557,881008d9b5fffff
4558,88100a9443fffff
4559,88100a959bfffff
4560,88100e3157fffff
4561,88100a92ebfffff
4562,881008ca43fffff
4563,88100e233dfffff
4564,881008c4a5fffff
4565,8810084925fffff
4566,881008194dfffff
4567,88100ab247fffff
4568,88100ea857fffff
4569,8810084355fffff
4570,88100e2e6dfffff
4571,88100e225dfffff
4572,88100e20b3fffff
4573,88100e3951fffff
4574,88100e335dfffff
4575,88100e32ebfffff
4576,88100e2539fffff
4577,88100e6497fffff
4578,88100e66e9fffff
4579,881008cdd9fffff
4580,88100a8303fffff
4581,88100e3897fffff
4582,88100e372bfffff
4583,881008498dfffff
4584,881008c9cbfffff
4585,8810084d4bfffff
4586,88100ab09bfffff
4587,88100a86e7fffff
4588,88100e2905fffff
4589,88100a8593fffff
4590,881008c0b9fffff
4591,881008415dfffff
4592,88100849d9fffff
4593,881008d135fffff
4594,88100a9547fffff
4595,88100e29adfffff
4596,8810085701fffff
4597,88100ead01fffff
4598,88100e26e1fffff
4599,8810085891fffff
4600,881008c963fffff
4601,8810084953fffff
4602,88100e6493fffff
4603,88100841c7fffff
4604,88100e65d3fffff
4605,88100e3867fffff
4606,88100e2a91fffff
4607,881008c1e7fffff
4608,88100e2c23fffff
4609,881008d0b3fffff
4610,881008c369fffff
4611,88100e355bfffff
4612,88100e3761fffff
4613,881008d989fffff
4614,88100ea125fffff
4615,881008c18bfffff
4616,88100e25a9fffff
4617,88100ab20dfffff
4618,881008d057fffff
4619,88100e32e1fffff
4620,88100a90b7fffff
4621,88100a9a4bfffff
4622,8810084833fffff
4623,881008ce81fffff
4624,88100ab2c3fffff
4625,88100e2137fffff
4626,881008db3bfffff
4627,8810085a8dfffff
4628,8810085169fffff
4629,881008d189fffff
4630,8810084001fffff
4631,881008c811fffff
4632,881008c1edfffff
4633,881008c451fffff
4634,881008486dfffff
4635,88100e64d7fffff
4636,8810084f1bfffff
4637,88100e2351fffff
4638,88100e3869fffff
4639,881008d0c5fffff
4640,88100e36bbfffff
4641,8810085951fffff
4642,88100eaa8bfffff
4643,88100e30e1fffff
4644,88100e64b9fffff
4645,88100ab0a9fffff
4646,88100e34e5fffff
4647,881008c2e5fffff
4648,881008cacbfffff
4649,88100a8081fffff
4650,88100e64a1fffff
4651,88100a836bfffff
4652,88100840e3fffff
4653,88100e6467fffff
4654,88100849cdfffff
4655,88100e6701fffff
4656,8810085043fffff
4657,8810084dedfffff
4658,8810084e05fffff
4659,8810085655fffff
4660,88100ea8a3fffff
4661,88100e644dfffff
4662,88100e3911fffff
4663,881008c163fffff
4664,8810084a4dfffff
4665,88100ab13bfffff
4666,88100e66a5fffff
4667,88100ea8e3fffff
4668,88100e2739fffff
4669,88100852c3fffff
4670,88100e28ebfffff
4671,881008c557fffff
4672,8810084807fffff
4673,88100858b3fffff
4674,881008cb57fffff
4675,88100a91cdfffff
4676,88100a8559fffff
4677,88100e332bfffff
4678,88100a8747fffff
4679,88100842e5fffff
4680,88100e3655fffff
4681,881008d8e5fffff
4682,8810084d3bfffff
4683,8810081b21fffff
4684,88100859b7fffff
4685,88100a9681fffff
4686,88100e329bfffff
4687,8810084041fffff
4688,88100a826bfffff
4689,88100a803bfffff
4690,88100e2b67fffff
4691,88100a91cbfffff
4692,88100a9593fffff
4693,8810085267fffff
4694,88100e3a29fffff
4695,8810084c23fffff
4696,88100e64d1fffff
4697,88100e229dfffff
4698,88100a9583fffff
4699,88100a9a11fffff
4700,88100ea8cdfffff
4701,88100e2a13fffff
4702,8810085adbfffff
4703,88100a84ddfffff
4704,88100e26cbfffff
4705,88100a84c9fffff
4706,881008c107fffff
4707,88100a9ac1fffff
4708,881008493bfffff
4709,88100e642bfffff
4710,881008d8b5fffff
4711,88100848abfffff
4712,88100a8757fffff
4713,88100a8491fffff
4714,88100a9039fffff
4715,8810081b0bfffff
4716,881008c0b5fffff
4717,88100ab0d9fffff
4718,8810084d1dfffff
4719,88100e2b05fffff
4720,88100e6649fffff
4721,881008db6bfffff
4722,88100e66abfffff
4723,88100e21ebfffff
4724,88100a90c9fffff
4725,88100e310bfffff
4726,881008570bfffff
4727,88100e38bdfffff
4728,88100e2ab7fffff
4729,881008d1a7fffff
4730,88100a8749fffff
4731,88100a80c3fffff
4732,881008ccc9fffff
4733,8810085205fffff
4734,88100e2e3dfffff
4735,88100a9615fffff
4736,88100a9641fffff
4737,88100a8485fffff
4738,88100e282bfffff
4739,881008c055fffff
4740,88100e395bfffff
4741,8810084959fffff
4742,88100e2a83fffff
4743,88100e20ddfffff
4744,88100e208bfffff
4745,88100842a9fffff
4746,88100ea9b1fffff
4747,88100e2a4bfffff
4748,88100eac6bfffff
4749,88100e21a9fffff
4750,88100e65d5fffff
4751,88100e2451fffff
4752,8810085549fffff
4753,88100e356dfffff
4754,88100e21adfffff
4755,88100e2581fffff
4756,88100e34d7fffff
4757,88100e22e9fffff
4758,88100eaae7fffff
4759,881008d8c9fffff
4760,88100ea9b7fffff
4761,8810084dc9fffff
4762,88100e6483fffff
4763,88100e35edfffff
4764,88100e76b1fffff
4765,88100ea881fffff
4766,88100840a3fffff
4767,88100ab24dfffff
4768,8810084f07fffff
4769,88100841abfffff
4770,8810084a6dfffff
4771,88100ab02dfffff
4772,881008d991fffff
4773,8810084311fffff
4774,88100e2cb9fffff
4775,88100a921bfffff
4776,8810085093fffff
4777,88100e35c3fffff
4778,88100a9189fffff
4779,8810084161fffff
4780,88100a9457fffff
4781,881008c463fffff
4782,881008c253fffff
4783,88100e36ddfffff
4784,8810085563fffff
4785,88100e2625fffff
4786,88100e2d09fffff
4787,88100a903dfffff
4788,881008cb6bfffff
4789,881008cce3fffff
4790,88100850c9fffff
4791,88100ea9d9fffff
4792,881008c235fffff
4793,88100eaaebfffff
4794,88100eaeb3fffff
4795,88100e31bbfffff
4796,881008ccedfffff
4797,88100e234bfffff
4798,8810084a63fffff
4799,88100e668dfffff
4800,881008c319fffff
4801,8810084827fffff
4802,88100ab021fffff
4803,88100e2691fffff
4804,88100e2753fffff
4805,88100e210dfffff
4806,88100e34d5fffff
4807,88100e2021fffff
4808,8810085165fffff
4809,88100ea8a5fffff
4810,881008d053fffff
4811,88100eacd7fffff
4812,881008c731fffff
4813,88100e349dfffff
4814,88100ab295fffff
4815,881008cec1fffff
4816,88100a9619fffff
4817,88100e2551fffff
4818,88100e2d3bfffff
4819,88100a9147fffff
4820,881008cd9dfffff
4821,88100aba45fffff
4822,88100ab261fffff
4823,88100e2ee9fffff
4824,88100e30bbfffff
4825,88100a9459fffff
4826,88100e2b47fffff
4827,881008d1d5fffff
4828,881008d805fffff
4829,88100e311bfffff
4830,881008c467fffff
4831,88100a8651fffff
4832,8810084025fffff
4833,88100e2483fffff
4834,88100848d3fffff
4835,8810085033fffff
4836,881008d19bfffff
4837,88100a94b1fffff
4838,881008cb2bfffff
4839,881008c8a9fffff
4840,8810085717fffff
4841,88100e2441fffff
4842,881008db19fffff
4843,881008d1c1fffff
4844,88100e2211fffff
4845,8810084e5dfffff
4846,881008c92bfffff
4847,88100e32a3fffff
4848,88100ab255fffff
4849,88100e6697fffff
4850,88100e231dfffff
4851,88100e242dfffff
4852,88100e21d3fffff
4853,881008c0ddfffff
4854,881008c443fffff
4855,8810085b5dfffff
4856,88100ab029fffff
4857,88100e272bfffff
4858,88100e2897fffff
4859,88100e74a9fffff
4860,8810085031fffff
4861,88100a9761fffff
4862,88100e2009fffff
4863,881008c0d9fffff
4864,88100e2a1dfffff
4865,881008cd11fffff
4866,88100e28a7fffff
4867,881008ccd1fffff
4868,8810081861fffff
4869,88100ab181fffff
4870,88100e2eb1fffff
4871,881008cb69fffff
4872,8810085707fffff
4873,88100a855dfffff
4874,88100a82e5fffff
4875,88100ab29dfffff
4876,88100e2e39fffff
4877,881008cdabfffff
4878,88100850d5fffff
4879,88100ab1e7fffff
4880,88100e2b4dfffff
4881,88100ab0cbfffff
4882,881008d12bfffff
4883,88100e22a9fffff
4884,8810085319fffff
4885,88100e3ac3fffff
4886,88100e211dfffff
4887,88100e386bfffff
4888,88100e2847fffff
4889,88100a820bfffff
4890,881008cde7fffff
4891,88100e36b5fffff
4892,881008c00bfffff
4893,88100e3485fffff
4894,88100ea859fffff
4895,88100e38abfffff
4896,8810084029fffff
4897,88100e3401fffff
4898,881008c13dfffff
4899,88100a9743fffff
4900,88100a9acdfffff
4901,881008c22bfffff
4902,88100842e7fffff
4903,881008ccd9fffff
4904,88100a9283fffff
4905,88100eaae9fffff
4906,88100e66cdfffff
4907,881008c02bfffff
4908,88100e3a93fffff
4909,88100e36d5fffff
4910,88100a8419fffff
4911,88100a926dfffff
4912,88100e2e61fffff
4913,88100a9abbfffff
4914,88100a84dbfffff
4915,8810084141fffff
4916,8810084f6bfffff
4917,881008c63dfffff
4918,881008c409fffff
4919,88100e2dc3fffff
4920,88100ab05bfffff
4921,88100eaa91fffff
4922,88100e39b7fffff
4923,88100e34bdfffff
4924,8810085183fffff
4925,88100e2c3dfffff
4926,881008c323fffff
4927,881008cac5fffff
4928,88100a808dfffff
4929,88100e2849fffff
4930,88100e0495fffff
4931,881008c861fffff
4932,88100ea8e7fffff
4933,881008495dfffff
4934,881008542bfffff
4935,8810085023fffff
4936,88100e20ebfffff
4937,8810084931fffff
4938,88100e2643fffff
4939,881008c10dfffff
4940,881008c735fffff
4941,8810085a87fffff
4942,881008c883fffff
4943,8810085057fffff
4944,88100ea9d7fffff
4945,88100a9663fffff
4946,8810085903fffff
4947,881008cc8dfffff
4948,88100852e9fffff
4949,88100e6405fffff
4950,88100a842bfffff
4951,881008c35bfffff
4952,8810081b17fffff
4953,88100e306dfffff
4954,88100e38e9fffff
4955,8810085455fffff
4956,881008d105fffff
4957,881008da45fffff
4958,881008c0c1fffff
4959,8810085abdfffff
4960,8810084c01fffff
4961,8810084aa3fffff
4962,88100e29e1fffff
4963,88100848c5fffff
4964,88100e2669fffff
4965,88100a9281fffff
4966,88100e2e27fffff
4967,8810084e3dfffff
4968,88100a9307fffff
4969,88100eaf19fffff
4970,881008433dfffff
4971,88100e2807fffff
4972,88100a84a5fffff
4973,88100a8e09fffff
4974,881008c1e1fffff
4975,88100e205dfffff
4976,88100e32b3fffff
4977,88100a940dfffff
4978,881008c1d1fffff
4979,881008cf05fffff
4980,8810085561fffff
4981,88100e648bfffff
4982,88100e3301fffff
4983,8810084919fffff
4984,88100e213dfffff
4985,88100e75b5fffff
4986,88100ab14dfffff
4987,88100a9243fffff
4988,88100e2239fffff
4989,88100e273bfffff
4990,8810085811fffff
4991,88100e2623fffff
4992,88100e2727fffff
4993,88100abac5fffff
4994,88100a9767fffff
4995,8810084a43fffff
4996,88100a8493fffff
4997,88100e3213fffff
4998,8810084965fffff
4999,881008544dfffff
5000,88100a9023fffff
5001,88100a8267fffff
5002,88100e3533fffff
5003,88100a966dfffff
5004,88100e2a31fffff
5005,88100e38a3fffff
5006,88100a964dfffff
5007,88100e39b9fffff
5008,881008d825fffff
5009,881008c623fffff
5010,88100a920bfffff
5011,88100a95d9fffff
5012,88100a9333fffff
5013,88100e2819fffff
5014,881008cac1fffff
5015,88100e39d5fffff
5016,88100ea8d7fffff
5017,881008c141fffff
5018,88100ea817fffff
5019,88100eade9fffff
5020,88100851cdfffff
5021,88100e313bfffff
5022,88100e2003fffff
5023,88100a8ecdfffff
5024,88100850d7fffff
5025,88100e2c33fffff
5026,88100a91d5fffff
5027,88100a80e9fffff
5028,88100e3ae3fffff
5029,881008ca65fffff
5030,88100e265dfffff
5031,8810084847fffff
5032,88100e32b5fffff
5033,88100e2f69fffff
5034,8810081b1dfffff
5035,88100a80dbfffff
5036,88100a92a9fffff
5037,88100aba43fffff
5038,88100e64b3fffff
5039,881008cb65fffff
5040,881008d1dbfffff
5041,88100859e9fffff
5042,881008cf59fffff
5043,88100e2e9dfffff
5044,88100e3ab9fffff
5045,88100e2f0bfffff
5046,88100e328dfffff
5047,8810085935fffff
5048,88100e666dfffff
5049,88100859b1fffff
5050,881008500dfffff
5051,88100e3721fffff
5052,88100851a7fffff
5053,881008d969fffff
5054,88100e6661fffff
5055,88100a9569fffff
5056,881008cb01fffff
5057,88100a8e6bfffff
5058,881008d0b5fffff
5059,88100e359dfffff
5060,881008ca55fffff
5061,88100e2713fffff
5062,88100858dbfffff
5063,881008d833fffff
5064,881008d12dfffff
5065,88100850a3fffff
5066,88100eaf6bfffff
5067,88100e3a09fffff
5068,8810084b23fffff
5069,881008d9dbfffff
5070,88100a86a1fffff
5071,88100e2c89fffff
5072,88100a9659fffff
5073,88100a90edfffff
5074,88100e2ab1fffff
5075,88100e333bfffff
5076,88100e26e3fffff
5077,88100e3801fffff
5078,8810085b05fffff
5079,88100a9135fffff
5080,881008c5e1fffff
5081,88100a8415fffff
5082,881008cb13fffff
5083,88100e373bfffff
5084,88100e2cb5fffff
5085,8810084e4dfffff
5086,88100e6603fffff
5087,8810084e2dfffff
5088,88100e74d3fffff
5089,881008ce05fffff
5090,88100e36a7fffff
5091,88100ab2b7fffff
5092,88100a9753fffff
5093,88100e3249fffff
5094,88100e36bdfffff
5095,88100a819dfffff
5096,8810084b5bfffff
5097,88100e25c5fffff
5098,88100a9401fffff
5099,88100e3635fffff
5100,88100a914bfffff
5101,88100a8217fffff
5102,88100e3a51fffff
5103,881008ca07fffff
5104,88100e389bfffff
5105,88100a90ddfffff
5106,88100e2649fffff
5107,88100a8207fffff
5108,88100eac97fffff
5109,8810085b53fffff
5110,88100e2519fffff
5111,881008c14dfffff
5112,881008cf53fffff
5113,881008c249fffff
5114,88100a8243fffff
5115,88100a860bfffff
5116,88100e21edfffff
5117,88100ead1dfffff
5118,88100e2735fffff
5119,88100e2443fffff
5120,88100ab1c3fffff
5121,88100e28d3fffff
5122,881008c067fffff
5123,881008da17fffff
5124,88100e20cbfffff
5125,881008c03dfffff
5126,88100e2931fffff
5127,88100e2b53fffff
5128,881008d8c7fffff
5129,8810085995fffff
5130,88100a96ebfffff
5131,88100e2c31fffff
5132,881008c9cdfffff
5133,8810081b53fffff
5134,8810084367fffff
5135,88100e2a0bfffff
5136,88100e208dfffff
5137,88100e2507fffff
5138,8810084addfffff
5139,88100a85dbfffff
5140,88100e30cbfffff
5141,88100e2059fffff
5142,88100e31d1fffff
5143,88100e661bfffff
5144,88100a94e1fffff
5145,88100ab36dfffff
5146,88100e36c7fffff
5147,88100a9499fffff
5148,88100e268dfffff
5149,88100e6459fffff
5150,8810084133fffff
5151,8810085249fffff
5152,881008ce9dfffff
5153,881008c8b9fffff
5154,88100ea121fffff
5155,88100859cbfffff
5156,88100eaf09fffff
5157,8810084d5bfffff
5158,8810084059fffff
5159,88100a843bfffff
5160,881008c50dfffff
5161,88100e2da9fffff
5162,88100e39e1fffff
5163,88100e21c9fffff
5164,881008ca41fffff
5165,88100a86b1fffff
5166,88100a84a9fffff
5167,88100a9299fffff
5168,881008c081fffff
5169,8810084853fffff
5170,88100ab03dfffff
5171,88100841a7fffff
5172,881008c427fffff
5173,88100a9a87fffff
5174,881008da63fffff
5175,88100e2605fffff
5176,88100a809dfffff
5177,881008c327fffff
5178,8810081b07fffff
5179,881008c05dfffff
5180,881008d087fffff
5181,881008513bfffff
5182,88100e2d5bfffff
5183,881008c455fffff
5184,88100eaa99fffff
5185,881008d1bbfffff
5186,88100e31ebfffff
5187,881008591bfffff
5188,88100e2da1fffff
5189,8810085ae1fffff
5190,88100a8449fffff
5191,88100e2d33fffff
5192,881008da13fffff
5193,88100e64dbfffff
5194,88100eaf01fffff
5195,881008c04bfffff
5196,88100e31c7fffff
5197,88100a822dfffff
5198,88100ea9d3fffff
5199,88100a8e13fffff
5200,881008408dfffff
5201,88100848cdfffff
5202,88100841d9fffff
5203,88100ab111fffff
5204,8810084889fffff
5205,881008c453fffff
5206,88100e26c7fffff
5207,88100a846bfffff
5208,88100a82c5fffff
5209,8810085199fffff
5210,88100e2d13fffff
5211,8810084999fffff
5212,88100eacb5fffff
5213,88100e35cbfffff
5214,88100e3865fffff
5215,88100e2723fffff
5216,8810085623fffff
5217,881008c8abfffff
5218,88100e2c2bfffff
5219,88100ab21bfffff
5220,88100e6431fffff
5221,88100a85edfffff
5222,88100e76b3fffff
5223,8810084d57fffff
5224,881008cd95fffff
5225,88100e2cb1fffff
5226,881008ce17fffff
5227,881008c89dfffff
5228,88100ab09dfffff
5229,88100e3031fffff
5230,88100e2b45fffff
5231,88100e3523fffff
5232,88100e3429fffff
5233,881008ccabfffff
5234,88100e3a85fffff
5235,88100e291dfffff
5236,88100e3589fffff
5237,88100eacd1fffff
5238,88100a9b4bfffff
5239,88100e2307fffff
5240,88100859a1fffff
5241,881008c009fffff
5242,88100e2a3bfffff
5243,88100e2a45fffff
5244,88100e3713fffff
5245,8810085299fffff
5246,881008d947fffff
5247,88100ab1d1fffff
5248,88100a81d3fffff
5249,88100a8535fffff
5250,88100ab0d5fffff
5251,88100a94d5fffff
5252,88100e2e2dfffff
5253,88100a84ebfffff
5254,881008ce61fffff
5255,881008cf25fffff
5256,88100e374dfffff
5257,88100e2e83fffff
5258,88100858bdfffff
5259,88100eaad7fffff
5260,8810084b0bfffff
5261,881008cf19fffff
5262,88100ea887fffff
5263,88100852cdfffff
5264,881008d9a5fffff
5265,88100e2c0bfffff
5266,88100ab319fffff
5267,8810084263fffff
5268,8810084021fffff
5269,88100e24e5fffff
5270,881008c5ddfffff
5271,88100a86b3fffff
5272,88100e2f4bfffff
5273,8810084ac1fffff
5274,88100eaf37fffff
5275,8810085b2bfffff
5276,88100e24adfffff
5277,88100852b7fffff
5278,88100e3035fffff
5279,88100e20bbfffff
5280,88100851d7fffff
5281,881008c267fffff
5282,88100e2283fffff
5283,88100e2903fffff
5284,88100ab019fffff
5285,88100e2529fffff
5286,881008c043fffff
5287,881008c2ebfffff
5288,88100e2223fffff
5289,881008d147fffff
5290,88100e29c5fffff
5291,88100e3447fffff
5292,881008d9d1fffff
5293,88100e288dfffff
5294,8810084a69fffff
5295,881008ca29fffff
5296,88100ead39fffff
5297,88100e2865fffff
5298,88100a9535fffff
5299,88100e2357fffff
5300,88100a830bfffff
5301,88100ab763fffff
5302,8810084817fffff
5303,881008d0c1fffff
5304,88100a9769fffff
5305,88100ab2bdfffff
5306,88100a9ae9fffff
5307,8810085283fffff
5308,881008c403fffff
5309,88100e3763fffff
5310,88100e2e47fffff
5311,881008cd87fffff
5312,8810085069fffff
5313,881008c0bbfffff
5314,8810085421fffff
5315,88100e6681fffff
5316,88100ead91fffff
5317,8810085ac1fffff
5318,8810084343fffff
5319,88100e2edbfffff
5320,88100a9257fffff
5321,88100e2907fffff
5322,88100e34b7fffff
5323,88100e274dfffff
5324,88100e2991fffff
5325,88100e21dbfffff
5326,881008402bfffff
5327,881008c335fffff
5328,88100a8709fffff
5329,88100e26b7fffff
5330,8810085359fffff
5331,88100e6759fffff
5332,881008d9e5fffff
5333,88100e7495fffff
5334,88100e224bfffff
5335,88100e645bfffff
5336,88100a86a5fffff
5337,88100a869bfffff
5338,88100a8213fffff
5339,881008d803fffff
5340,881008d8e3fffff
5341,881008c945fffff
5342,88100ab0c9fffff
5343,88100a94c1fffff
5344,8810084003fffff
5345,88100e3abdfffff
5346,881008d917fffff
5347,88100e25a3fffff
5348,88100e26a1fffff
5349,881008c449fffff
5350,881008530dfffff
5351,88100e3a2dfffff
5352,881008c589fffff
5353,88100e2b5bfffff
5354,881008cccbfffff
5355,88100a871dfffff
5356,88100e260bfffff
5357,881008d183fffff
5358,88100a9343fffff
5359,8810084b53fffff
5360,881008c12dfffff
5361,88100a900bfffff
5362,8810085711fffff
5363,88100a80bdfffff
5364,88100eac47fffff
5365,88100e3305fffff
5366,88100ead89fffff
5367,88100e2d65fffff
5368,881008cab3fffff
5369,881008cc69fffff
5370,8810085647fffff
5371,88100e369dfffff
5372,88100e28d1fffff
5373,8810085a53fffff
5374,88100858abfffff
5375,88100841b9fffff
5376,881008d945fffff
5377,88100e38b9fffff
5378,8810084de1fffff
5379,88100ab0dbfffff
5380,88100848a3fffff
5381,8810084b31fffff
5382,88100e2c39fffff
5383,88100a9729fffff
5384,88100a9893fffff
5385,881008cc13fffff
5386,881008da91fffff
5387,88100ab21dfffff
5388,881008d9d7fffff
5389,88100ab1ebfffff
5390,88100ea813fffff
5391,88100eaad5fffff
5392,88100e3105fffff
5393,881008d835fffff
5394,88100e323bfffff
5395,881008c62bfffff
5396,88100a823dfffff
5397,88100e2543fffff
5398,881008cf07fffff
5399,8810084e43fffff
5400,881008c81bfffff
5401,88100e2417fffff
5402,88100e65bbfffff
5403,88100a924dfffff
5404,88100a80e5fffff
5405,8810085363fffff
5406,88100e28c7fffff
5407,88100a809bfffff
5408,88100e658bfffff
5409,88100a95b7fffff
5410,881008d02bfffff
5411,88100ab023fffff
5412,88100a90e1fffff
5413,88100ead51fffff
5414,88100eaccbfffff
5415,88100e2a09fffff
5416,881008c56bfffff
5417,8810084f35fffff
5418,88100ab31dfffff
5419,88100e3169fffff
5420,88100e36a9fffff
5421,88100e3591fffff
5422,88100e2565fffff
5423,881008d83bfffff
5424,88100e32c9fffff
5425,8810084ae7fffff
5426,881008c867fffff
5427,881008494bfffff
5428,88100852b1fffff
5429,8810085569fffff
5430,88100eaf15fffff
5431,88100ab287fffff
5432,88100e65c7fffff
5433,881008c551fffff
5434,88100e2dd1fffff
5435,881008d139fffff
5436,88100a91b7fffff
5437,88100ead0dfffff
5438,8810085989fffff
5439,88100e2cddfffff
5440,88100a9533fffff
5441,881008cac3fffff
5442,8810084155fffff
5443,88100a9699fffff
5444,881008c053fffff
5445,8810084257fffff
5446,881008d13dfffff
5447,88100a864bfffff
5448,88100e2461fffff
5449,88100a9653fffff
5450,8810085b39fffff
5451,88100e309bfffff
5452,88100841d5fffff
5453,88100eadb5fffff
5454,88100e26bbfffff
5455,881008c20dfffff
5456,88100e3065fffff
5457,8810084187fffff
5458,88100e2a8bfffff
5459,88100e6421fffff
5460,88100e31a7fffff
5461,88100a8517fffff
5462,88100ab76bfffff
5463,88100e2eb7fffff
5464,88100e244bfffff
5465,88100e24ddfffff
5466,88100a9a47fffff
5467,881008c165fffff
5468,88100e2409fffff
5469,88100e2c63fffff
5470,88100e3161fffff
5471,88100ab0a1fffff
5472,88100e2c5dfffff
5473,88100a98c9fffff
5474,881008cdd5fffff
5475,88100a8225fffff
5476,881008cad5fffff
5477,881008cd0dfffff
5478,88100eadebfffff
5479,8810084b35fffff
5480,88100e646bfffff
5481,88100e3a31fffff
5482,881008c8dbfffff
5483,88100e375bfffff
5484,8810085999fffff
5485,8810084e6dfffff
5486,88100a96adfffff
5487,88100e2833fffff
5488,88100a8e53fffff
5489,881008ce23fffff
5490,88100858cbfffff
5491,88100a970bfffff
5492,881008d8b9fffff
5493,88100ab15bfffff
5494,8810084e2bfffff
5495,88100e3755fffff
5496,88100e3859fffff
5497,88100e2e55fffff
5498,8810084b25fffff
5499,88100eaa15fffff
5500,88100a843dfffff
5501,88100a9099fffff
5502,88100e20c1fffff
5503,881008cd35fffff
5504,8810085817fffff
5505,88100e39ebfffff
5506,88100851abfffff
5507,88100e3159fffff
5508,881008540bfffff
5509,8810085067fffff
5510,88100e6655fffff
5511,8810084845fffff
5512,88100a9a61fffff
5513,881008d193fffff
5514,88100841b3fffff
5515,881008598dfffff
5516,8810084031fffff
5517,88100ab0b9fffff
5518,88100a94c7fffff
5519,881008c9b9fffff
5520,88100a86b9fffff
5521,88100e3701fffff
5522,88100e370bfffff
5523,8810085411fffff
5524,881008ce65fffff
5525,881008414bfffff
5526,88100a85e9fffff
5527,88100a8155fffff
5528,88100e2881fffff
5529,8810084841fffff
5530,88100a9aa9fffff
5531,881008da05fffff
5532,88100e2293fffff
5533,881008c423fffff
5534,881008c357fffff
5535,88100a9a5bfffff
5536,88100a8017fffff
5537,8810085941fffff
5538,8810085713fffff
5539,88100a8103fffff
5540,88100e232dfffff
5541,8810085a03fffff
5542,88100859b5fffff
5543,88100e76bbfffff
5544,881008c257fffff
5545,88100e24d3fffff
5546,88100e26edfffff
5547,88100ab02bfffff
5548,88100e76e1fffff
5549,88100e2e81fffff
5550,881008cb0dfffff
5551,881008c819fffff
5552,88100a935dfffff
5553,88100e2165fffff
5554,881008d9a3fffff
5555,881008cea5fffff
5556,88100849dbfffff
5557,88100e32abfffff
5558,88100a9463fffff
5559,8810085431fffff
5560,8810084c51fffff
5561,881008c891fffff
5562,88100850b1fffff
5563,88100e2e0dfffff
5564,88100a8523fffff
5565,88100ab335fffff
5566,88100a8101fffff
5567,8810085503fffff
5568,8810085509fffff
5569,8810084839fffff
5570,881008d903fffff
5571,881008c62dfffff
5572,88100a932bfffff
5573,881008c503fffff
5574,88100e264dfffff
5575,8810081b41fffff
5576,8810085661fffff
5577,88100e2cdbfffff
5578,88100e2e29fffff
5579,88100e35b5fffff
5580,88100858edfffff
5581,88100e2867fffff
5582,881008ce63fffff
5583,88100e22c7fffff
5584,881008c757fffff
5585,88100eaa11fffff
5586,88100e2e5bfffff
5587,88100e2335fffff
5588,8810085443fffff
5589,88100e3b1bfffff
5590,881008c0c3fffff
5591,8810085243fffff
5592,8810085639fffff
5593,881008c9d1fffff
5594,88100e3ad7fffff
5595,88100a86c7fffff
5596,881008da53fffff
5597,881008cc3dfffff
5598,88100ab2b3fffff
5599,881008c863fffff
5600,88100e641bfffff
5601,88100850a1fffff
5602,881008c995fffff
5603,881008cc39fffff
5604,88100e231bfffff
5605,881008d957fffff
5606,88100e3a2bfffff
5607,88100e64a9fffff
5608,88100e2369fffff
5609,88100e3129fffff
5610,88100e675bfffff
5611,88100e3637fffff
5612,88100a9697fffff
5613,881008cd97fffff
5614,88100a8609fffff
5615,881008c581fffff
5616,881008d865fffff
5617,88100e6607fffff
5618,881008c969fffff
5619,881008cc41fffff
5620,8810085613fffff
5621,88100e6451fffff
5622,88100a8713fffff
5623,88100e2cd3fffff
5624,88100e31e1fffff
5625,88100e2c91fffff
5626,881008573bfffff
5627,88100ab203fffff
5628,881008d187fffff
5629,88100ab307fffff
5630,881008d817fffff
5631,881008c1e3fffff
5632,88100ab2e1fffff
5633,88100e2655fffff
5634,88100a954bfffff
5635,88100a8e03fffff
5636,88100a91a1fffff
5637,88100a9485fffff
5638,881008d0bbfffff
5639,88100e2ebbfffff
5640,88100e32adfffff
5641,88100e3907fffff
5642,881008c909fffff
5643,88100e3059fffff
5644,8810085ad5fffff
5645,881008433bfffff
5646,88100a8325fffff
5647,8810084359fffff
5648,88100850edfffff
5649,881008d19dfffff
5650,88100e2439fffff
5651,88100a8719fffff
5652,88100e201bfffff
5653,88100858e9fffff
5654,88100e76d3fffff
5655,88100e219dfffff
5656,8810084c0bfffff
5657,881008c1a3fffff
5658,88100eada9fffff
5659,88100e66ebfffff
5660,881008cb1dfffff
5661,8810085665fffff
5662,88100ea8b5fffff
5663,8810081b55fffff
5664,881008431bfffff
5665,88100a9a17fffff
5666,88100e2f21fffff
5667,88100a8045fffff
5668,88100a9001fffff
5669,8810085307fffff
5670,88100e22b9fffff
5671,88100e2613fffff
5672,88100a8305fffff
5673,881008cd23fffff
5674,88100e22c9fffff
5675,88100e22b7fffff
5676,881008cf37fffff
5677,8810084915fffff
5678,88100851c1fffff
5679,88100e313dfffff
5680,88100858d9fffff
5681,88100a90dbfffff
5682,88100e3409fffff
5683,88100ead93fffff
5684,88100e259dfffff
5685,88100ea8ebfffff
5686,88100e36ebfffff
5687,88100e36a1fffff
5688,881008c029fffff
5689,88100e3851fffff
5690,8810085a43fffff
5691,881008ca1dfffff
5692,881008cdc1fffff
5693,8810085863fffff
5694,88100851b5fffff
5695,88100ab213fffff
5696,88100ab32dfffff
5697,88100ab1e9fffff
5698,88100a8129fffff
5699,88100ead8dfffff
5700,88100e2c11fffff
5701,8810084aabfffff
5702,88100eadc9fffff
5703,88100a95c7fffff
5704,88100a85cdfffff
5705,8810084d13fffff
5706,88100e2f55fffff
5707,881008d9e9fffff
5708,88100e2633fffff
5709,881008c1b1fffff
5710,88100ab2c7fffff
5711,8810084f09fffff
5712,88100e2845fffff
5713,88100e24d7fffff
5714,8810085751fffff
5715,88100a80b7fffff
5716,881008cdedfffff
5717,88100e2d83fffff
5718,88100ab069fffff
5719,88100ab2a9fffff
5720,88100a9565fffff
5721,881008c8cdfffff
5722,88100e2961fffff
5723,881008d033fffff
5724,88100a8667fffff
5725,88100a86adfffff
5726,88100eaa1bfffff
5727,88100e74c3fffff
5728,88100aba15fffff
5729,881008c94dfffff
5730,881008d0ebfffff
5731,88100e3a4bfffff
5732,881008cdb5fffff
5733,88100e3555fffff
5734,8810085749fffff
5735,88100a8307fffff
5736,88100e2ed7fffff
5737,88100849b9fffff
5738,88100a831dfffff
5739,88100eadadfffff
5740,881008cb6dfffff
5741,8810085109fffff
5742,88100a86a7fffff
5743,881008ce97fffff
5744,88100e2899fffff
5745,88100e2261fffff
5746,88100e2aa1fffff
5747,88100e3849fffff
5748,881008cc97fffff
5749,88100a82abfffff
5750,881008ca9dfffff
5751,88100eaac5fffff
5752,88100e36b3fffff
5753,881008c213fffff
5754,88100e2de5fffff
5755,88100e66c3fffff
5756,8810084345fffff
5757,88100a8435fffff
5758,88100e66cbfffff
5759,8810081b05fffff
5760,881008c9c5fffff
5761,8810084a21fffff
5762,8810084f29fffff
5763,88100e3acdfffff
5764,881008ce93fffff
5765,88100a901dfffff
5766,88100e329dfffff
5767,8810084011fffff
5768,8810084aebfffff
5769,88100ab017fffff
5770,88100a9015fffff
5771,881008d143fffff
5772,88100e222bfffff
5773,881008c359fffff
5774,88100ab005fffff
5775,88100a9181fffff
5776,88100a9695fffff
5777,88100a9203fffff
5778,88100a926bfffff
5779,881008d167fffff
5780,8810084f4bfffff
5781,88100858b7fffff
5782,88100a96d3fffff
5783,8810085a6dfffff
5784,88100e30abfffff
5785,88100e2b6bfffff
5786,881008c5abfffff
5787,88100aba1bfffff
5788,88100e3205fffff
5789,88100e31cdfffff
5790,881008500bfffff
5791,881008d81bfffff
5792,881008c1a7fffff
5793,881008c667fffff
5794,88100a96e3fffff
5795,88100e3293fffff
5796,881008d1d9fffff
5797,8810085805fffff
5798,88100ea1a1fffff
5799,88100e25ebfffff
5800,8810085b43fffff
5801,88100e270dfffff
5802,88100ea885fffff
5803,88100a8e01fffff
5804,88100a875bfffff
5805,881008560dfffff
5806,881008c905fffff
5807,88100a9aa7fffff
5808,881008cf61fffff
5809,88100ab761fffff
5810,88100e2dd5fffff
5811,881008ceadfffff
5812,8810085361fffff
5813,88100a8607fffff
5814,88100a8245fffff
5815,88100ab099fffff
5816,88100e2d9bfffff
5817,88100e640dfffff
5818,88100ab105fffff
5819,88100e3489fffff
5820,88100859c7fffff
5821,88100e32e9fffff
5822,881008d943fffff
5823,8810084b6dfffff
5824,88100e3855fffff
5825,88100a9349fffff
5826,8810085251fffff
5827,88100a8e3dfffff
5828,8810085621fffff
5829,88100a9455fffff
5830,8810084005fffff
5831,88100e24c5fffff
5832,88100859c1fffff
5833,88100e2a07fffff
5834,88100e2d39fffff
5835,88100e2d95fffff
5836,88100e38e3fffff
5837,881008caebfffff
5838,88100a8193fffff
5839,881008cb67fffff
5840,88100e2f03fffff
5841,8810084a39fffff
5842,8810084d35fffff
5843,88100e2587fffff
5844,88100eadabfffff
5845,88100ea1adfffff
5846,88100e34adfffff
5847,881008cadbfffff
5848,881008db23fffff
5849,8810081949fffff
5850,88100e2265fffff
5851,881008c5edfffff
5852,88100ab265fffff
5853,88100e248bfffff
5854,8810084c2bfffff
5855,88100e2a81fffff
5856,88100a92d5fffff
5857,88100a80c9fffff
5858,88100e204bfffff
5859,88100e7485fffff
5860,8810085b55fffff
5861,881008c845fffff
5862,8810084ac5fffff
5863,881008cd1bfffff
5864,881008d18dfffff
5865,8810085741fffff
5866,8810085983fffff
5867,881008ce6dfffff
5868,881008420dfffff
5869,88100e2219fffff
5870,88100ead23fffff
5871,88100e2191fffff
5872,88100e368dfffff
5873,88100e66d7fffff
5874,88100e20a9fffff
5875,881008d819fffff
5876,88100e2ad9fffff
5877,88100e302dfffff
5878,88100e399dfffff
5879,88100e20d5fffff
5880,88100850a9fffff
5881,88100a9051fffff
5882,8810085291fffff
5883,88100e6695fffff
5884,88100a82d5fffff
5885,881008596bfffff
5886,88100e3043fffff
5887,88100a863dfffff
5888,88100e2817fffff
5889,88100a873dfffff
5890,881008c5e3fffff
5891,88100e2b49fffff
5892,88100e3813fffff
5893,881008d919fffff
5894,88100e301dfffff
5895,881008535dfffff
5896,8810084353fffff
5897,88100aba05fffff
5898,88100e319bfffff
5899,88100e2acdfffff
5900,88100e2707fffff
5901,881008c737fffff
5902,88100e2e51fffff
5903,88100e311dfffff
5904,881008da21fffff
5905,88100a95ebfffff
5906,88100ab2a1fffff
5907,881008cad9fffff
5908,8810081b25fffff
5909,88100849bdfffff
5910,88100a8301fffff
5911,88100e2d01fffff
5912,8810085657fffff
5913,88100e2f31fffff
5914,881008cd25fffff
5915,881008db17fffff
5916,88100e2ad3fffff
5917,881008599bfffff
5918,88100e3023fffff
5919,88100a851dfffff
5920,88100eacedfffff
5921,881008ce83fffff
5922,881008506bfffff
5923,881008db01fffff
5924,881008c9e5fffff
5925,8810085501fffff
5926,88100a95a5fffff
5927,881008db33fffff
5928,88100ab0d3fffff
5929,88100ab043fffff
5930,88100e3103fffff
5931,8810085351fffff
5932,88100a9647fffff
5933,88100851d3fffff
5934,88100e2de1fffff
5935,88100858e7fffff
5936,881008c0e5fffff
5937,881008ca2dfffff
5938,88100e288bfffff
5939,88100a8367fffff
5940,8810085a8bfffff
5941,88100e3861fffff
5942,881008d9cdfffff
5943,881008d9b1fffff
5944,88100e3143fffff
5945,88100a8093fffff
5946,88100849c1fffff
5947,88100e64c7fffff
5948,881008c529fffff
5949,88100e36e5fffff
5950,88100e2ed1fffff
5951,881008c15bfffff
5952,88100a831bfffff
5953,88100e2593fffff
5954,88100eaa95fffff
5955,8810085313fffff
5956,88100eaf6dfffff
5957,88100e25e3fffff
5958,881008c855fffff
5959,88100e2043fffff
5960,88100a9a19fffff
5961,88100a8337fffff
5962,88100859bdfffff
5963,881008c989fffff
5964,88100a972dfffff
5965,88100a918bfffff
5966,881008c119fffff
5967,881008c8e1fffff
5968,881008cc6dfffff
5969,88100e3291fffff
5970,881008cd05fffff
5971,8810084147fffff
5972,88100e2085fffff
5973,8810085833fffff
5974,88100e3a99fffff
5975,88100eac21fffff
5976,88100a9505fffff
5977,881008cf57fffff
5978,88100e64a7fffff
5979,8810084f47fffff
5980,8810084321fffff
5981,88100ab235fffff
5982,881008412bfffff
5983,8810084341fffff
5984,88100850dbfffff
5985,88100e2437fffff
5986,881008c71dfffff
5987,88100ab01bfffff
5988,88100a9627fffff
5989,881008cea9fffff
5990,881008d191fffff
5991,88100a92b9fffff
5992,88100a8701fffff
5993,88100e2c9dfffff
5994,881008c265fffff
5995,881008c113fffff
5996,881008cf35fffff
5997,881008ce21fffff
5998,88100ea8edfffff
5999,88100849e9fffff
6000,88100a95b5fffff
6001,88100e6427fffff
6002,8810081b45fffff
6003,88100a8537fffff
6004,88100a85e1fffff
6005,88100a94b7fffff
6006,88100e2493fffff
6007,88100e65ebfffff
6008,88100848e3fffff
6009,88100e6417fffff
6010,88100a9259fffff
6011,88100a8755fffff
6012,881008d113fffff
6013,88100a8e67fffff
6014,88100e2415fffff
6015,88100a8e15fffff
6016,8810084945fffff
6017,881008c121fffff
6018,88100e382dfffff
6019,88100e7691fffff
6020,88100a96edfffff
6021,881008d08dfffff
6022,8810085719fffff
6023,88100a92cbfffff
6024,881008ca93fffff
6025,88100e2705fffff
6026,88100e2e2bfffff
6027,881008d11dfffff
6028,88100e65c3fffff
6029,88100e24c9fffff
6030,8810084f65fffff
6031,88100a80a5fffff
6032,88100a92a3fffff
6033,8810085b59fffff
6034,88100a9597fffff
6035,88100e38d9fffff
6036,88100e366bfffff
6037,8810084265fffff
6038,8810085ae9fffff
6039,8810085705fffff
6040,88100e3221fffff
6041,881008c587fffff
6042,88100a90e7fffff
6043,881008502dfffff
6044,88100e363dfffff
6045,88100aba39fffff
6046,88100a801dfffff
6047,88100859e5fffff
6048,881008c805fffff
6049,881008cc2dfffff
6050,88100a910dfffff
6051,88100e3265fffff
6052,88100e2965fffff
6053,88100a8239fffff
6054,881008d93dfffff
6055,88100a8541fffff
6056,8810085911fffff
6057,88100a969bfffff
6058,88100e2143fffff
6059,8810085953fffff
6060,88100ab333fffff
6061,88100eaa37fffff
6062,8810084169fffff
6063,881008c951fffff
6064,881008551dfffff
6065,8810084ab7fffff
6066,88100a9495fffff
6067,88100851edfffff
6068,88100ead05fffff
6069,8810084997fffff
6070,881008c313fffff
6071,88100858a3fffff
6072,88100a9ab7fffff
6073,881008c84bfffff
6074,88100ab851fffff
6075,88100ab059fffff
6076,88100e21e1fffff
6077,88100eaf2dfffff
6078,88100e66e5fffff
6079,88100ead1bfffff
6080,8810085301fffff
6081,881008c547fffff
6082,88100a9223fffff
6083,88100a94e5fffff
6084,881008db03fffff
6085,881008c95bfffff
6086,88100e2e5dfffff
6087,88100e3985fffff
6088,881008ca33fffff
6089,88100ab349fffff
6090,88100e6435fffff
6091,881008ce85fffff
6092,88100e21a1fffff
6093,88100e3553fffff
6094,881008ce27fffff
6095,881008ca39fffff
6096,88100e2811fffff
6097,88100a8649fffff
6098,88100e21e5fffff
6099,88100a852dfffff
6100,88100e2511fffff
6101,8810085349fffff
6102,88100a8007fffff
6103,881008da85fffff
6104,88100850c7fffff
6105,88100e670bfffff
6106,881008d9bbfffff
6107,8810084e47fffff
6108,88100a98cbfffff
6109,88100e3767fffff
6110,88100e3a0bfffff
6111,88100a8059fffff
6112,881008d1a9fffff
6113,8810081969fffff
6114,88100e263bfffff
6115,881008c9c7fffff
6116,88100e2489fffff
6117,88100848e5fffff
6118,881008c753fffff
6119,88100e663bfffff
6120,88100a9541fffff
6121,88100e2ca5fffff
6122,88100ab297fffff
6123,88100e66c5fffff
6124,88100e2cabfffff
6125,88100e6407fffff
6126,88100e2e25fffff
6127,88100ab267fffff
6128,88100ea1a9fffff
6129,88100a9357fffff
6130,8810084b39fffff
6131,88100851a3fffff
6132,88100e3041fffff
6133,881008d031fffff
6134,88100ab2a7fffff
6135,881008d0b1fffff
6136,881008ce19fffff
6137,88100e3467fffff
6138,8810084c57fffff
6139,8810084d49fffff
6140,88100e2101fffff
6141,8810085465fffff
6142,881008d85bfffff
6143,88100a8409fffff
6144,881008c9a7fffff
6145,88100e284bfffff
6146,88100ab2d1fffff
6147,88100a8015fffff
6148,88100e3127fffff
6149,881008581dfffff
6150,88100e3229fffff
6151,88100a9045fffff
6152,88100e6657fffff
6153,88100a8235fffff
6154,88100e34edfffff
6155,881008cb51fffff
6156,88100ab1c5fffff
6157,8810084f2dfffff
6158,88100e29abfffff
6159,88100e2999fffff
6160,88100a80d9fffff
6161,88100e2ca9fffff
6162,88100e314bfffff
6163,8810084905fffff
6164,88100a82b1fffff
6165,881008414dfffff
6166,88100e259bfffff
6167,88100849e5fffff
6168,881008d9edfffff
6169,881008c31dfffff
6170,88100e2981fffff
6171,88100eac27fffff
6172,881008ce49fffff
6173,881008c035fffff
6174,88100e2147fffff
6175,881008c159fffff
6176,88100a94e9fffff
6177,881008c5dbfffff
6178,88100e2a2dfffff
6179,8810084203fffff
6180,881008c44dfffff
6181,88100a9453fffff
6182,88100a9159fffff
6183,88100e399bfffff
6184,881008c9e3fffff
6185,881008cd51fffff
6186,8810084d47fffff
6187,88100a8633fffff
6188,8810081b03fffff
6189,88100eaf0dfffff
6190,8810085085fffff
6191,881008dad3fffff
6192,881008c36dfffff
6193,88100a9537fffff
6194,881008cedbfffff
6195,881008508dfffff
6196,881008c315fffff
6197,88100e2c95fffff
6198,88100a92b5fffff
6199,88100a8051fffff
6200,881008424dfffff
6201,88100e25b5fffff
6202,88100a9721fffff
6203,88100a909bfffff
6204,881008d801fffff
6205,88100eacc3fffff
6206,881008196dfffff
6207,88100e31b7fffff
6208,88100e2a63fffff
6209,881008c14bfffff
6210,881008c993fffff
6211,88100e2653fffff
6212,881008cd4bfffff
6213,8810084b43fffff
6214,88100e2457fffff
6215,88100a82dbfffff
6216,881008c99bfffff
6217,88100e2db1fffff
6218,8810085b37fffff
6219,88100e748bfffff
6220,881008cda3fffff
6221,88100e2757fffff
6222,88100e3239fffff
6223,8810081b11fffff
6224,881008484bfffff
6225,8810081925fffff
6226,88100a9585fffff
6227,881008cc31fffff
6228,88100e3627fffff
6229,88100e2e17fffff
6230,8810084ad7fffff
6231,88100a900dfffff
6232,88100a90a1fffff
6233,881008c961fffff
6234,881008c457fffff
6235,8810084b21fffff
6236,88100848d1fffff
6237,881008d809fffff
6238,88100a8527fffff
6239,881008c729fffff
6240,881008c1abfffff
6241,88100ea89bfffff
6242,88100e292bfffff
6243,881008572dfffff
6244,88100e2aa9fffff
6245,881008cf45fffff
6246,88100ea8a7fffff
6247,881008ce4dfffff
6248,88100e2ac5fffff
6249,8810084907fffff
6250,88100e2e31fffff
6251,88100e2411fffff
6252,881008cf69fffff
6253,88100ab201fffff
6254,881008cc29fffff
6255,88100a9633fffff
6256,88100e31b3fffff
6257,88100e2423fffff
6258,881008c663fffff
6259,88100ea8adfffff
6260,8810085831fffff
6261,881008cb31fffff
6262,88100e2ed5fffff
6263,88100ab01dfffff
6264,88100ea99bfffff
6265,88100e3aa1fffff
6266,8810085889fffff
6267,8810085261fffff
6268,88100e2149fffff
6269,88100abae1fffff
6270,88100a86cbfffff
6271,88100aba59fffff
6272,8810084f05fffff
6273,88100a8659fffff
6274,881008588dfffff
6275,88100e2c1bfffff
6276,88100a91c3fffff
6277,88100e2d0dfffff
6278,88100a8311fffff
6279,88100e2941fffff
6280,88100a9acbfffff
6281,881008cc99fffff
6282,881008cd1dfffff
6283,881008c203fffff
6284,88100a8521fffff
6285,8810084b59fffff
6286,88100e7459fffff
6287,881008ce0bfffff
6288,88100a9a85fffff
6289,88100e2515fffff
6290,88100e342dfffff
6291,88100e26b9fffff
6292,881008c869fffff
6293,881008c661fffff
6294,88100a94d7fffff
6295,88100ab245fffff
6296,88100e31d7fffff
6297,88100e25b1fffff
6298,88100e235bfffff
6299,88100ead3bfffff
6300,8810085461fffff
6301,88100a9aadfffff
6302,88100a96cdfffff
6303,88100851e9fffff
6304,8810085737fffff
6305,88100e2431fffff
6306,88100e6589fffff
6307,88100e745bfffff
6308,88100e66a7fffff
6309,88100ea8c3fffff
6310,88100e3007fffff
6311,8810084863fffff
6312,88100a9587fffff
6313,8810084e25fffff
6314,881008d127fffff
6315,88100ea815fffff
6316,881008c127fffff
6317,88100e3adbfffff
6318,88100ab109fffff
6319,88100e3081fffff
6320,88100a8e1bfffff
6321,88100eacc5fffff
6322,88100a8621fffff
6323,88100a95c5fffff
6324,8810084b49fffff
6325,88100a96e9fffff
6326,88100ab853fffff
6327,88100841bbfffff
6328,881008cca1fffff
6329,8810084c33fffff
6330,88100859b3fffff
6331,88100e2255fffff
6332,88100e25bbfffff
6333,88100a8525fffff
6334,88100a963bfffff
6335,88100e28b3fffff
6336,88100e38ddfffff
6337,88100e3a33fffff
6338,88100a856bfffff
6339,88100e3001fffff
6340,88100a9501fffff
6341,8810084a25fffff
6342,88100e29e7fffff
6343,881008d9c3fffff
6344,88100a9207fffff
6345,881008d895fffff
6346,88100a96cbfffff
6347,88100e2363fffff
6348,881008c413fffff
6349,88100e2127fffff
6350,881008c92dfffff
6351,88100ab253fffff
6352,88100a95b3fffff
6353,881008cad7fffff
6354,88100e31d9fffff
6355,88100a90b9fffff
6356,8810084c43fffff
6357,88100abaddfffff
6358,88100858d5fffff
6359,88100a9097fffff
6360,88100ab12bfffff
6361,88100a8041fffff
6362,88100e3737fffff
6363,881008c51dfffff
6364,8810085959fffff
6365,88100e2161fffff
6366,881008cb21fffff
6367,88100eacd9fffff
6368,8810084935fffff
6369,88100a8705fffff
6370,88100e39edfffff
6371,881008ccc7fffff
6372,88100e38a9fffff
6373,88100e3519fffff
6374,88100a975bfffff
6375,8810084869fffff
6376,881008d1e7fffff
6377,88100e3741fffff
6378,881008cd31fffff
6379,88100e202dfffff
6380,881008c533fffff
6381,88100ab153fffff
6382,88100e2e4bfffff
6383,88100e26adfffff
6384,88100859e1fffff
6385,88100848e9fffff
6386,881008cebdfffff
6387,881008cdbbfffff
6388,881008ce57fffff
6389,88100a94a1fffff
6390,881008583dfffff
6391,88100a9035fffff
6392,881008c43dfffff
6393,881008416dfffff
6394,881008d899fffff
6395,8810084b13fffff
6396,881008cf21fffff
6397,881008cb05fffff
6398,881008d01dfffff
6399,88100a90a7fffff
6400,88100849b1fffff
6401,88100a94dbfffff
6402,88100e2937fffff
6403,8810084f13fffff
6404,881008d013fffff
6405,881008c95dfffff
6406,88100a968dfffff
6407,88100ab0edfffff
6408,88100841cbfffff
6409,8810085137fffff
6410,88100e2583fffff
6411,88100eaf1dfffff
6412,881008c843fffff
6413,8810085ae3fffff
6414,88100e3411fffff
6415,88100ab2b9fffff
6416,8810085315fffff
6417,88100849abfffff
6418,881008c763fffff
6419,88100a8729fffff
6420,8810085a37fffff
6421,88100e3525fffff
6422,8810085415fffff
6423,8810081959fffff
6424,88100e22adfffff
6425,88100e2a53fffff
6426,88100a9467fffff
6427,88100e35e3fffff
6428,88100e22edfffff
6429,881008c25bfffff
6430,88100848e1fffff
6431,88100e38b5fffff
6432,88100a9635fffff
6433,881008cce1fffff
6434,8810085837fffff
6435,8810085a6bfffff
6436,88100e3685fffff
6437,88100ea8e9fffff
6438,88100ead17fffff
6439,88100a974dfffff
6440,8810084b27fffff
6441,8810085b47fffff
6442,881008d83dfffff
6443,88100e3753fffff
6444,8810084195fffff
6445,88100e3595fffff
6446,8810084a09fffff
6447,8810084d33fffff
6448,881008ce35fffff
6449,8810084231fffff
6450,881008cd17fffff
6451,88100a85d9fffff
6452,88100a95cdfffff
6453,88100e28e9fffff
6454,88100e2445fffff
6455,88100e35c7fffff
6456,88100852a5fffff
6457,881008daa1fffff
6458,88100e361dfffff
6459,8810084a5bfffff
6460,881008c943fffff
6461,88100e2687fffff
6462,881008d1edfffff
6463,881008c5b3fffff
6464,88100e3163fffff
6465,8810084aa1fffff
6466,88100e2447fffff
6467,88100e29e3fffff
6468,881008522bfffff
6469,8810085285fffff
6470,88100e3959fffff
6471,8810084899fffff
6472,88100ab16bfffff
6473,88100e2769fffff
6474,88100e3425fffff
6475,881008c09bfffff
6476,88100a8717fffff
6477,88100e2ecbfffff
6478,8810085913fffff
6479,88100a8e23fffff
6480,8810084ac3fffff
6481,88100e6413fffff
6482,881008dad1fffff
6483,88100ab1cbfffff
6484,881008cb63fffff
6485,88100e2227fffff
6486,88100a94abfffff
6487,88100a8ecbfffff
6488,881008584bfffff
6489,88100e2531fffff
6490,88100a9339fffff
6491,881008c045fffff
6492,8810085985fffff
6493,881008c5d9fffff
6494,88100e30ebfffff
6495,8810084e23fffff
6496,881008d1b1fffff
6497,881008cb5bfffff
6498,881008cd29fffff
6499,88100a9687fffff
6500,88100e34d3fffff
6501,8810085b15fffff
6502,88100a8401fffff
6503,881008cc1dfffff
6504,88100e243dfffff
6505,881008da0dfffff
6506,88100a874bfffff
6507,88100ead35fffff
6508,881008c723fffff
6509,881008da65fffff
6510,88100a80d5fffff
6511,88100e3727fffff
6512,88100e6741fffff
6513,88100a9031fffff
6514,88100a922dfffff
6515,881008d023fffff
6516,8810085159fffff
6517,881008c86dfffff
6518,88100a8501fffff
6519,88100e226dfffff
6520,88100e271dfffff
6521,88100e22d7fffff
6522,88100a854bfffff
6523,88100e66d9fffff
6524,88100e2597fffff
6525,8810081b2dfffff
6526,881008ca67fffff
6527,88100841c9fffff
6528,8810081849fffff
6529,8810084d59fffff
6530,88100ead8bfffff
6531,88100e241dfffff
6532,881008cee3fffff
6533,881008d839fffff
6534,88100e39a1fffff
6535,88100a826dfffff
6536,88100e649dfffff
6537,88100852d7fffff
6538,88100e74b7fffff
6539,88100e332dfffff
6540,88100a9341fffff
6541,88100a9517fffff
6542,881008511bfffff
6543,881008cc0dfffff
6544,88100e20d9fffff
6545,881008d165fffff
6546,88100840b1fffff
6547,88100e2c25fffff
6548,88100a8421fffff
6549,8810084f23fffff
6550,88100e7683fffff
6551,8810084c25fffff
6552,88100e2585fffff
6553,8810084f15fffff
6554,88100e2aa3fffff
6555,88100e3893fffff
6556,88100e2d47fffff
6557,881008db27fffff
6558,88100ab08dfffff
6559,88100ab18bfffff
6560,88100a913bfffff
6561,88100a8281fffff
6562,881008574bfffff
6563,88100ead83fffff
6564,88100e66c9fffff
6565,88100e3653fffff
6566,8810085869fffff
6567,88100850abfffff
6568,881008d197fffff
6569,88100e26c5fffff
6570,881008cf33fffff
6571,8810085943fffff
6572,88100e7413fffff
6573,88100858d7fffff
6574,88100e216dfffff
6575,88100a9605fffff
6576,881008d15bfffff
6577,881008c5adfffff
6578,88100e3611fffff
6579,8810084a87fffff
6580,8810081b6bfffff
6581,88100a9247fffff
6582,88100a9483fffff
6583,88100a9143fffff
6584,88100a94d9fffff
6585,8810085049fffff
6586,88100e3addfffff
6587,88100e3567fffff
6588,88100e2f33fffff
6589,88100e25e9fffff
6590,881008c84dfffff
6591,881008d1b9fffff
6592,881008da0bfffff
6593,88100ead5bfffff
6594,881008d9c5fffff
6595,881008d9e7fffff
6596,88100e22e1fffff
6597,88100a95cbfffff
6598,881008daabfffff
6599,88100841c5fffff
6600,8810084365fffff
6601,8810084d43fffff
6602,88100e218bfffff
6603,881008cc67fffff
6604,88100e2247fffff
6605,88100a9429fffff
6606,88100e2e3bfffff
6607,881008ce6bfffff
6608,881008d1cbfffff
6609,88100e252dfffff
6610,88100e2863fffff
6611,881008c9bdfffff
6612,8810084b1bfffff
6613,88100a9613fffff
6614,88100a8089fffff
6615,88100ab129fffff
6616,8810085a65fffff
6617,8810085669fffff
6618,88100e2c19fffff
6619,88100e2269fffff
6620,88100a9511fffff
6621,881008cc45fffff
6622,88100e20bdfffff
6623,88100e662dfffff
6624,881008cc15fffff
6625,88100e3013fffff
6626,8810085257fffff
6627,88100a832dfffff
6628,88100e35dbfffff
6629,88100841b5fffff
6630,88100a9529fffff
6631,88100e2f09fffff
6632,88100a8019fffff
6633,88100e2857fffff
6634,88100e3aadfffff
6635,88100848dbfffff
6636,881008cd19fffff
6637,88100e74e5fffff
6638,8810085a5dfffff
6639,88100ea8dbfffff
6640,88100a8321fffff
6641,8810084911fffff
6642,88100a853bfffff
6643,88100ab0e9fffff
6644,88100e26e5fffff
6645,88100ab1abfffff
6646,88100e75b7fffff
6647,88100a86abfffff
6648,88100e640bfffff
6649,881008501dfffff
6650,88100ab131fffff
6651,881008d18bfffff
6652,881008c9d9fffff
6653,88100a9757fffff
6654,881008cd61fffff
6655,88100a9141fffff
6656,881008ced3fffff
6657,88100e215dfffff
6658,88100ab315fffff
6659,88100a9707fffff
6660,88100a988bfffff
6661,88100e7483fffff
6662,88100e352bfffff
6663,881008c131fffff
6664,88100e3607fffff
6665,88100841e3fffff
6666,88100eaae3fffff
6667,881008d98dfffff
6668,88100e2729fffff
6669,88100ea833fffff
6670,88100e3133fffff
6671,881008cca7fffff
6672,88100e2f63fffff
6673,881008cf0dfffff
6674,88100eacc7fffff
6675,88100a92edfffff
6676,88100e244dfffff
6677,88100e2131fffff
6678,8810084c21fffff
6679,881008d181fffff
6680,88100e3547fffff
6681,881008c117fffff
6682,88100ab1e1fffff
6683,881008da51fffff
6684,88100ea9bbfffff
6685,88100a9509fffff
6686,88100ead45fffff
6687,88100a8315fffff
6688,881008da9bfffff
6689,881008c751fffff
6690,88100abacbfffff
6691,88100a9419fffff
6692,88100e2115fffff
6693,8810084885fffff
6694,88100aba29fffff
6695,88100850e3fffff
6696,88100ab0d1fffff
6697,88100e20e5fffff
6698,8810084927fffff
6699,881008512dfffff
6700,88100ab011fffff
6701,88100e36d1fffff
6702,88100e2ed9fffff
6703,8810084d5dfffff
6704,88100e2d5dfffff
6705,88100e3711fffff
6706,88100a82b3fffff
6707,8810084a97fffff
6708,881008da93fffff
6709,881008cb5dfffff
6710,88100e388bfffff
6711,88100e36d3fffff
6712,88100a92a5fffff
6713,88100e641dfffff
6714,881008cb55fffff
6715,88100a9897fffff
6716,88100e6751fffff
6717,8810084a17fffff
6718,8810084883fffff
6719,88100e3285fffff
6720,88100a919dfffff
6721,881008529dfffff
6722,881008c0e1fffff
6723,8810085967fffff
6724,88100e21abfffff
6725,88100ab115fffff
6726,88100a80c7fffff
6727,88100eaddbfffff
6728,88100e29a9fffff
6729,88100a854dfffff
6730,8810085a95fffff
6731,8810085559fffff
6732,88100e3085fffff
6733,8810084107fffff
6734,88100eaf69fffff
6735,88100a82bdfffff
6736,8810084f53fffff
6737,88100e2b6dfffff
6738,8810084d3dfffff
6739,88100e2767fffff
6740,881008dad7fffff
6741,8810084d6dfffff
6742,88100e2aabfffff
6743,88100e236dfffff
6744,88100e35b1fffff
6745,88100e6645fffff
6746,88100e666bfffff
6747,88100a86bdfffff
6748,881008c4a1fffff
6749,88100e25ddfffff
6750,88100850d3fffff
6751,88100ab321fffff
6752,88100e39c9fffff
6753,881008da1dfffff
6754,88100ab135fffff
6755,8810081b43fffff
6756,881008db2dfffff
6757,881008c185fffff
6758,881008d1c9fffff
6759,8810084191fffff
6760,88100e3445fffff
6761,881008c311fffff
6762,881008c4adfffff
6763,88100e2db3fffff
6764,88100e76d9fffff
6765,881008dabdfffff
6766,88100e382bfffff
6767,8810084b6bfffff
6768,881008c08bfffff
6769,881008c1b3fffff
6770,88100e2761fffff
6771,88100e2cd5fffff
6772,88100a868dfffff
6773,88100e39b3fffff
6774,88100a92d9fffff
6775,88100e2c17fffff
6776,88100e35a9fffff
6777,88100e2f05fffff
6778,881008db55fffff
6779,8810085607fffff
6780,88100e322bfffff
6781,881008d9e1fffff
6782,8810084c1dfffff
6783,88100e7497fffff
6784,8810081b3dfffff
6785,881008194bfffff
6786,8810085619fffff
6787,881008c919fffff
6788,88100e2449fffff
6789,88100a9559fffff
6790,88100eaf49fffff
6791,88100849cbfffff
6792,88100e65e7fffff
6793,88100e383bfffff
6794,88100a9301fffff
6795,88100ab291fffff
6796,88100ea883fffff
6797,8810085221fffff
6798,881008c4a9fffff
6799,88100e381dfffff
6800,881008da27fffff
6801,88100e2ab3fffff
6802,88100e2425fffff
6803,88100e26cdfffff
6804,8810084143fffff
6805,88100e39bdfffff
6806,881008ceb3fffff
6807,88100a94adfffff
6808,881008ca13fffff
6809,88100e2635fffff
6810,881008430bfffff
6811,881008c767fffff
6812,88100e34e3fffff
6813,881008c31bfffff
6814,88100e3339fffff
6815,88100e2a15fffff
6816,881008cc01fffff
6817,8810084267fffff
6818,88100e3253fffff
6819,88100e2367fffff
6820,881008d199fffff
6821,88100e2957fffff
6822,881008dac1fffff
6823,88100e2f25fffff
6824,8810085565fffff
6825,881008528bfffff
6826,88100a936dfffff
6827,88100e2b23fffff
6828,88100ab045fffff
6829,8810085ad9fffff
6830,88100e2a51fffff
6831,88100e6621fffff
6832,88100a86a3fffff
6833,8810084f33fffff
6834,881008c05bfffff
6835,88100ab359fffff
6836,88100e648dfffff
6837,88100a9091fffff
6838,88100e206bfffff
6839,881008c16bfffff
6840,88100e2481fffff
6841,88100e3309fffff
6842,88100ab10dfffff
6843,881008513dfffff
6844,88100ab2ebfffff
6845,881008c331fffff
6846,88100e35b9fffff
6847,88100e64adfffff
6848,881008555bfffff
6849,88100e3581fffff
6850,8810084f59fffff
6851,88100e32cbfffff
6852,8810084867fffff
6853,88100858adfffff
6854,88100e25d7fffff
6855,88100a8483fffff
6856,88100eaad1fffff
6857,88100a8647fffff
6858,88100aba47fffff
6859,88100a96b1fffff
6860,881008c70bfffff
6861,881008c1c9fffff
6862,881008cf17fffff
6863,88100a873bfffff
6864,88100e292dfffff
6865,88100a8e11fffff
6866,88100e38c9fffff
6867,88100e32e7fffff
6868,881008c99dfffff
6869,881008c25dfffff
6870,88100848b5fffff
6871,881008c2e9fffff
6872,881008db13fffff
6873,881008c42dfffff
6874,881008d063fffff
6875,88100a8229fffff
6876,88100a86d9fffff
6877,8810085131fffff
6878,8810085529fffff
6879,881008c5d3fffff
6880,88100e2213fffff
6881,88100e3883fffff
6882,88100e3ae7fffff
6883,88100e344bfffff
6884,88100851ebfffff
6885,88100a8661fffff
6886,88100a9481fffff
6887,881008da3bfffff
6888,88100a8469fffff
6889,88100e6559fffff
6890,88100e29d1fffff
6891,88100e3269fffff
6892,88100e3933fffff
6893,88100e65c1fffff
6894,881008c98dfffff
6895,8810084a47fffff
6896,88100e25b3fffff
6897,88100e21d7fffff
6898,88100ab121fffff
6899,88100e2107fffff
6900,881008ceb5fffff
6901,881008c801fffff
6902,88100eadd1fffff
6903,88100e3709fffff
6904,88100e2d37fffff
6905,881008d881fffff
6906,88100849a1fffff
6907,8810084f69fffff
6908,88100ab301fffff
6909,88100a9109fffff
6910,88100eacc9fffff
6911,8810085241fffff
6912,88100ab23dfffff
6913,881008c1c5fffff
6914,88100a8e43fffff
6915,88100a9183fffff
6916,881008c717fffff
6917,881008c1adfffff
6918,881008c125fffff
6919,8810084a35fffff
6920,88100e22abfffff
6921,88100a84edfffff
6922,8810085467fffff
6923,88100e349bfffff
6924,88100e6687fffff
6925,881008c133fffff
6926,88100a8167fffff
6927,881008412dfffff
6928,8810085297fffff
6929,8810084351fffff
6930,88100a82d3fffff
6931,881008541dfffff
6932,881008ce3dfffff
6933,881008cb47fffff
6934,881008d827fffff
6935,88100ead0bfffff
6936,8810085915fffff
6937,88100a9497fffff
6938,88100e25d5fffff
6939,8810085327fffff
6940,88100e2349fffff
6941,881008dab7fffff
6942,8810084063fffff
6943,88100e3539fffff
6944,88100e64bdfffff
6945,88100e211bfffff
6946,88100e26ddfffff
6947,881008d90dfffff
6948,88100eaac7fffff
6949,881008cd91fffff
6950,88100a9703fffff
6951,8810084d61fffff
6952,8810085017fffff
6953,88100a9461fffff
6954,88100e2a85fffff
6955,881008c51bfffff
6956,881008ce37fffff
6957,88100e2d87fffff
6958,88100e29b3fffff
6959,881008d9b9fffff
6960,88100a81d1fffff
6961,88100e2c65fffff
6962,88100e74e3fffff
6963,88100e2b55fffff
6964,88100e3ad3fffff
6965,8810085a23fffff
6966,8810084b37fffff
6967,8810084c37fffff
6968,881008cf49fffff
6969,881008c501fffff
6970,88100850adfffff
6971,88100e6653fffff
6972,88100ab215fffff
6973,88100ab209fffff
6974,881008d983fffff
6975,8810085215fffff
6976,88100e3049fffff
6977,88100ab047fffff
6978,8810084a15fffff
6979,881008c263fffff
6980,88100e3a27fffff
6981,88100e0491fffff
6982,88100a8497fffff
6983,88100a95d5fffff
6984,8810084abbfffff
6985,881008cce9fffff
6986,88100ab18dfffff
6987,88100859a9fffff
6988,88100a9249fffff
6989,88100a821bfffff
6990,88100e2243fffff
6991,88100e6613fffff
6992,881008db47fffff
6993,88100ab0d7fffff
6994,88100e2861fffff
6995,881008d1c3fffff
6996,88100a9205fffff
6997,88100e2d21fffff
6998,881008cac9fffff
6999,881008c039fffff
7000,88100e7453fffff
7001,88100e65a1fffff
7002,8810084f41fffff
7003,88100e28b9fffff
7004,881008cb27fffff
7005,88100e28e5fffff
7006,88100a9445fffff
7007,88100a9323fffff
7008,88100e2121fffff
7009,88100e25a7fffff
7010,88100e3903fffff
7011,88100a8227fffff
7012,88100e3999fffff
7013,881008d0a5fffff
7014,88100a84c7fffff
7015,88100a9733fffff
7016,8810084f45fffff
7017,88100851bbfffff
7018,88100a9195fffff
7019,88100e32cdfffff
7020,88100a98d5fffff
7021,881008cd69fffff
7022,88100a8e2bfffff
7023,88100e38adfffff
7024,88100eada1fffff
7025,8810084897fffff
7026,8810085923fffff
7027,88100e351bfffff
7028,88100e2f3dfffff
7029,8810085b17fffff
7030,88100a8309fffff
7031,88100e2f67fffff
7032,88100e2527fffff
7033,88100eaab5fffff
7034,8810084251fffff
7035,8810085a3bfffff
7036,881008d863fffff
7037,88100e3051fffff
7038,881008c825fffff
7039,88100e36b7fffff
7040,88100e2cbdfffff
7041,8810084065fffff
7042,88100e39e5fffff
7043,88100841d3fffff
7044,88100e3223fffff
7045,88100e768dfffff
7046,88100e251dfffff
7047,88100a8665fffff
7048,881008c595fffff
7049,88100e35e9fffff
7050,8810085a33fffff
7051,88100e2e35fffff
7052,88100ab311fffff
7053,88100e2943fffff
7054,88100e3441fffff
7055,881008c059fffff
7056,88100e3731fffff
7057,88100e39a3fffff
7058,88100e29bbfffff
7059,881008db59fffff
7060,88100a825dfffff
7061,88100e7689fffff
7062,881008cc07fffff
7063,88100e2c21fffff
7064,88100e6689fffff
7065,881008c8c5fffff
7066,881008599dfffff
7067,88100e3119fffff
7068,881008c167fffff
7069,8810081b37fffff
7070,881008d821fffff
7071,88100abaa9fffff
7072,88100a9731fffff
7073,881008c251fffff
7074,88100e2711fffff
7075,881008c28dfffff
7076,881008521dfffff
7077,88100e39dbfffff
7078,88100a962dfffff
7079,8810085b51fffff
7080,8810085303fffff
7081,88100a906dfffff
7082,881008caddfffff
7083,88100a965bfffff
7084,88100a8761fffff
7085,8810085965fffff
7086,8810081b1bfffff
7087,88100ea893fffff
7088,8810084a8dfffff
7089,88100a90bdfffff
7090,881008c519fffff
7091,88100a85cbfffff
7092,881008c5a9fffff
7093,881008403dfffff
7094,88100e3633fffff
7095,88100e2427fffff
7096,881008cc09fffff
7097,88100a8721fffff
7098,881008cc95fffff
7099,881008c41bfffff
7100,88100a91d7fffff
7101,881008c597fffff
7102,88100e64b5fffff
7103,8810084d37fffff
7104,88100e6669fffff
7105,88100ab72bfffff
7106,88100e2c37fffff
7107,88100a95e5fffff
7108,88100ea9d5fffff
7109,88100e2733fffff
7110,88100a91e7fffff
7111,88100ea839fffff
7112,881008c5c7fffff
7113,881008c205fffff
7114,881008c719fffff
7115,88100a9759fffff
7116,88100e2f37fffff
7117,88100ead2bfffff
7118,88100a9ad1fffff
7119,88100a96bbfffff
7120,881008c42bfffff
7121,881008c361fffff
7122,8810085345fffff
7123,88100852c7fffff
7124,88100e3707fffff
7125,88100e2627fffff
7126,88100ea8bbfffff
7127,88100e306bfffff
7128,88100a95bbfffff
7129,881008413bfffff
7130,88100eac85fffff
7131,8810084c4dfffff
7132,88100e20a3fffff
7133,88100a9069fffff
7134,88100e398dfffff
7135,88100a810dfffff
7136,88100e360bfffff
7137,88100a930bfffff
7138,88100e6433fffff
7139,88100e25d9fffff
7140,88100841e9fffff
7141,88100a876bfffff
7142,88100a91d3fffff
7143,88100e38c7fffff
7144,88100ab057fffff
7145,881008db37fffff
7146,881008c345fffff
7147,881008418bfffff
7148,881008c605fffff
7149,88100e6453fffff
7150,88100e3421fffff
7151,88100a9193fffff
7152,88100e2d59fffff
7153,88100e284dfffff
7154,881008c341fffff
7155,881008c8d5fffff
7156,88100abaadfffff
7157,88100e2a69fffff
7158,88100851d5fffff
7159,881008cde1fffff
7160,88100e35e5fffff
7161,88100e350dfffff
7162,88100a833bfffff
7163,88100a8455fffff
7164,881008432bfffff
7165,88100e2da7fffff
7166,88100e228dfffff
7167,88100e31d5fffff
7168,88100ab0cdfffff
7169,88100ab361fffff
7170,88100a961dfffff
7171,88100e256dfffff
7172,8810084dc7fffff
7173,88100e384bfffff
7174,88100a8635fffff
7175,88100859cdfffff
7176,881008c465fffff
7177,88100a862dfffff
7178,881008c621fffff
7179,88100e76e5fffff
7180,88100ab2e7fffff
7181,8810084815fffff
7182,881008cd8bfffff
7183,88100a9711fffff
7184,881008daebfffff
7185,881008503dfffff
7186,88100ab233fffff
7187,88100a872dfffff
7188,88100e76c5fffff
7189,88100e6439fffff
7190,88100e6583fffff
7191,88100a9329fffff
7192,88100e24c7fffff
7193,88100a8e5dfffff
7194,88100e286bfffff
7195,88100eacadfffff
7196,88100a8e55fffff
7197,881008c9dbfffff
7198,88100e232bfffff
7199,881008ce51fffff
7200,88100e2883fffff
7201,88100e3937fffff
7202,88100eaa31fffff
7203,88100eaacdfffff
7204,88100e246bfffff
7205,88100aba6bfffff
7206,8810084ae3fffff
7207,88100e6495fffff
7208,88100a8601fffff
7209,88100eaeb1fffff
7210,88100e64a3fffff
7211,88100e21d1fffff
7212,881008ce91fffff
7213,881008d99bfffff
7214,881008c229fffff
7215,88100ab107fffff
7216,88100e2197fffff
7217,88100ab309fffff
7218,881008da89fffff
7219,88100e30b3fffff
7220,88100e6445fffff
7221,88100ab015fffff
7222,881008cc49fffff
7223,8810081a2dfffff
7224,88100a840bfffff
7225,88100e3a55fffff
7226,88100a9087fffff
7227,88100e3901fffff
7228,88100e36b9fffff
7229,88100e22bdfffff
7230,881008cab7fffff
7231,88100a91d1fffff
7232,881008c813fffff
7233,88100a941bfffff
7234,88100e3aebfffff
7235,8810081869fffff
7236,88100e3661fffff
7237,88100a8687fffff
7238,881008c0b1fffff
7239,8810081945fffff
7240,8810081a27fffff
7241,88100a8437fffff
7242,88100e321bfffff
7243,88100e2525fffff
7244,88100e2267fffff
7245,88100e39c1fffff
7246,8810084ae9fffff
7247,881008d81dfffff
7248,881008593dfffff
7249,88100e383dfffff
7250,881008c8b3fffff
7251,88100e38c3fffff
7252,88100eacdbfffff
7253,881008c431fffff
7254,881008c34bfffff
7255,88100850c1fffff
7256,8810084e35fffff
7257,88100ab855fffff
7258,88100e3069fffff
7259,88100e3501fffff
7260,881008ce69fffff
7261,88100a92a1fffff
7262,88100ab343fffff
7263,88100abae3fffff
7264,8810081b2bfffff
7265,8810085209fffff
7266,881008c987fffff
7267,88100a942dfffff
7268,88100e32d3fffff
7269,88100e66c1fffff
7270,881008c351fffff
7271,881008c841fffff
7272,88100a86e9fffff
7273,88100848c7fffff
7274,881008d1ddfffff
7275,88100ea9b3fffff
7276,881008d9d3fffff
7277,88100ea12dfffff
7278,881008cc27fffff
7279,88100ab211fffff
7280,88100e2251fffff
7281,88100e369bfffff
7282,881008db5dfffff
7283,88100e2a4dfffff
7284,88100aba49fffff
7285,88100eac25fffff
7286,881008d1d1fffff
7287,88100e66b1fffff
7288,881008c11bfffff
7289,8810084135fffff
7290,8810085aa9fffff
7291,88100e2ecdfffff
7292,8810085625fffff
7293,88100abac1fffff
7294,881008d89dfffff
7295,88100a871bfffff
7296,88100e3a3bfffff
7297,88100840c1fffff
7298,88100ab76dfffff
7299,881008564dfffff
7300,881008cb09fffff
7301,881008d89bfffff
7302,881008d847fffff
7303,88100e3aabfffff
7304,881008c94bfffff
7305,881008c8adfffff
7306,88100a92d1fffff
7307,88100e3835fffff
7308,88100e3165fffff
7309,8810085163fffff
7310,881008ca61fffff
7311,88100e64a5fffff
7312,88100a9739fffff
7313,88100a92cdfffff
7314,881008524dfffff
7315,8810084985fffff
7316,88100eaa3bfffff
7317,881008cae1fffff
7318,8810084317fffff
7319,8810084d25fffff
7320,88100e2201fffff
7321,88100ea85dfffff
7322,8810085a5bfffff
7323,88100e2d41fffff
7324,8810085139fffff
7325,88100e66bbfffff
7326,88100ab33dfffff
7327,881008cca5fffff
7328,88100e285dfffff
7329,881008c46dfffff
7330,88100a8e5bfffff
7331,88100e36c5fffff
7332,88100eaa53fffff
7333,881008c981fffff
7334,88100e2355fffff
7335,88100a828dfffff
7336,8810084c65fffff
7337,88100e30c3fffff
7338,881008cebbfffff
7339,88100a9209fffff
7340,88100e39bbfffff
7341,881008db51fffff
7342,88100a82d1fffff
7343,8810085011fffff
7344,881008c9a1fffff
7345,88100a9345fffff
7346,88100eac8dfffff
7347,88100e2035fffff
7348,881008d8dbfffff
7349,881008ca91fffff
7350,88100e2019fffff
7351,881008cd89fffff
7352,88100e2989fffff
7353,8810084aa9fffff
7354,88100851a5fffff
7355,881008d101fffff
7356,881008d859fffff
7357,8810085b01fffff
7358,88100a92a7fffff
7359,88100a96d1fffff
7360,88100e3683fffff
7361,88100e21c5fffff
7362,88100858a1fffff
7363,881008d195fffff
7364,881008dab3fffff
7365,881008cf27fffff
7366,88100e76adfffff
7367,88100eaf45fffff
7368,88100e2c27fffff
7369,88100e29d5fffff
7370,88100e2ae7fffff
7371,88100a835dfffff
7372,8810084963fffff
7373,881008c569fffff
7374,8810084ab9fffff
7375,88100ea897fffff
7376,88100a96b5fffff
7377,88100e2945fffff
7378,8810085ad3fffff
7379,881008cf55fffff
7380,88100a9361fffff
7381,881008c8a7fffff
7382,88100e3829fffff
7383,8810084dcbfffff
7384,88100e340dfffff
7385,881008c743fffff
7386,88100e76d7fffff
7387,88100a9aedfffff
7388,88100e671dfffff
7389,88100a973dfffff
7390,8810084e49fffff
7391,881008cb0bfffff
7392,881008c221fffff
7393,88100a9469fffff
7394,88100e6627fffff
7395,88100e2c03fffff
7396,88100e76a7fffff
7397,88100e668bfffff
7398,8810085103fffff
7399,88100a8507fffff
7400,88100e3257fffff
7401,88100e2311fffff
7402,88100e7697fffff
7403,8810085333fffff
7404,88100e32edfffff
7405,88100e376bfffff
7406,88100849a7fffff
7407,8810085325fffff
7408,88100e2645fffff
7409,881008555dfffff
7410,88100e2611fffff
7411,881008ca8bfffff
7412,8810085addfffff
7413,881008ccb3fffff
7414,88100a9311fffff
7415,881008d907fffff
7416,88100858b5fffff
7417,88100a9261fffff
7418,881008580dfffff
7419,88100852d9fffff
7420,881008dae7fffff
7421,881008c43bfffff
7422,881008db41fffff
7423,88100a940bfffff
7424,8810085629fffff
7425,88100e3487fffff
7426,88100859a7fffff
7427,88100e2e53fffff
7428,88100a9ab3fffff
7429,881008c333fffff
7430,88100ab305fffff
7431,881008c8c9fffff
7432,88100a850bfffff
7433,88100e2839fffff
7434,881008c525fffff
7435,88100e281dfffff
7436,881008daa5fffff
7437,88100a9449fffff
7438,881008c505fffff
7439,88100a9003fffff
7440,88100a815dfffff
7441,88100a84e5fffff
7442,88100ab22dfffff
7443,88100e29b5fffff
7444,88100ab0c1fffff
7445,881008cf3bfffff
7446,88100a90c7fffff
7447,88100e3517fffff
7448,88100a8591fffff
7449,88100a9a05fffff
7450,88100ab859fffff
7451,881008cda1fffff
7452,881008c0c5fffff
7453,88100e21e7fffff
7454,88100a8569fffff
7455,88100e2a9bfffff
7456,881008cae5fffff
7457,88100eaf13fffff
7458,88100eac13fffff
7459,881008c245fffff
7460,881008d901fffff
7461,881008d1bdfffff
7462,88100e34cbfffff
7463,88100e3aedfffff
7464,881008ccb1fffff
7465,88100a946bfffff
7466,881008d9a1fffff
7467,88100a8603fffff
7468,88100e3183fffff
7469,88100e6747fffff
7470,88100a960bfffff
7471,88100e30d5fffff
7472,88100a930dfffff
7473,8810085611fffff
7474,88100a8519fffff
7475,88100a9651fffff
7476,8810085865fffff
7477,881008418dfffff
7478,88100e3155fffff
7479,88100e2113fffff
7480,881008c18dfffff
7481,8810084b3dfffff
7482,88100e38b3fffff
7483,881008195dfffff
7484,881008c2b5fffff
7485,881008cc85fffff
7486,88100e6615fffff
7487,88100e2647fffff
7488,88100e2935fffff
7489,881008520bfffff
7490,881008cf5bfffff
7491,881008506dfffff
7492,8810085659fffff
7493,88100e2663fffff
7494,881008594bfffff
7495,88100e673bfffff
7496,88100e315dfffff
7497,88100ea1a7fffff
7498,8810085a9dfffff
7499,8810084943fffff
7500,88100e66d1fffff
7501,88100a836dfffff
7502,881008d853fffff
7503,88100e0497fffff
7504,881008521bfffff
7505,88100a94cdfffff
7506,88100e3645fffff
7507,881008d94bfffff
7508,88100a80d7fffff
7509,88100a84b3fffff
7510,88100ab1edfffff
7511,88100a90a3fffff
7512,88100eaeb5fffff
7513,88100e2997fffff
7514,881008ced7fffff
7515,8810084313fffff
7516,8810085b45fffff
7517,88100e6639fffff
7518,881008c5a7fffff
7519,881008cea1fffff
7520,88100e22b1fffff
7521,8810084c6bfffff
7522,88100e30a1fffff
7523,88100e74b9fffff
7524,881008cb23fffff
7525,881008c721fffff
7526,88100e219bfffff
7527,881008d981fffff
7528,88100a9a97fffff
7529,881008c9c1fffff
7530,88100e3ae5fffff
7531,8810085a0bfffff
7532,881008526dfffff
7533,881008db53fffff
7534,88100ab06bfffff
7535,881008c58dfffff
7536,88100eaac1fffff
7537,88100e2e93fffff
7538,881008da6bfffff
7539,8810084dddfffff
7540,88100e6429fffff
7541,88100ab0e3fffff
7542,881008c153fffff
7543,881008c095fffff
7544,88100e2c93fffff
7545,88100ab35dfffff
7546,88100e2ccbfffff
7547,88100e3435fffff
7548,88100a9117fffff
7549,88100a8043fffff
7550,88100e203bfffff
7551,881008c1dbfffff
7552,88100e2033fffff
7553,88100a8653fffff
7554,881008d897fffff
7555,88100e2db7fffff
7556,88100a9413fffff
7557,88100ea1abfffff
7558,88100ab28dfffff
7559,881008da1bfffff
7560,88100eaf23fffff
7561,88100e300bfffff
7562,8810085929fffff
7563,88100a80a3fffff
7564,8810084b33fffff
7565,88100e2e07fffff
7566,88100e2c5bfffff
7567,88100e2b57fffff
7568,8810081b57fffff
7569,8810084b61fffff
7570,88100a808bfffff
7571,88100e3847fffff
7572,88100a91e9fffff
7573,881008d8e1fffff
7574,8810084de9fffff
7575,881008da11fffff
7576,88100a944dfffff
7577,88100e25c3fffff
7578,88100e2637fffff
7579,88100e3455fffff
7580,88100ab2d9fffff
7581,88100a9507fffff
7582,881008425dfffff
7583,881008c12bfffff
7584,88100852e3fffff
7585,88100a9623fffff
7586,8810085a4bfffff
7587,88100a94edfffff
7588,8810085157fffff
7589,8810084b11fffff
7590,88100eaab1fffff
7591,8810085887fffff
7592,88100e2915fffff
7593,881008d007fffff
7594,88100e362dfffff
7595,88100e39d7fffff
7596,88100e2a9dfffff
7597,88100a9637fffff
7598,881008c523fffff
7599,8810081941fffff
7600,88100eaad3fffff
7601,8810084d23fffff
7602,88100eaaa9fffff
7603,88100a9ab1fffff
7604,88100a8359fffff
7605,8810084835fffff
7606,881008cc11fffff
7607,88100e2049fffff
7608,88100a9213fffff
7609,88100e669dfffff
7610,881008d0edfffff
7611,8810081b67fffff
7612,88100a923dfffff
7613,88100851d9fffff
7614,88100858e5fffff
7615,881008db45fffff
7616,881008ce31fffff
7617,881008cab1fffff
7618,88100e2d15fffff
7619,88100a82a7fffff
7620,88100e2de7fffff
7621,88100e243bfffff
7622,88100e2f13fffff
7623,8810084993fffff
7624,88100e3aa7fffff
7625,88100e66e1fffff
7626,88100a929dfffff
7627,8810081a67fffff
7628,881008cf09fffff
7629,88100e29b1fffff
7630,88100e2685fffff
7631,8810085227fffff
7632,881008d0e5fffff
7633,881008ca21fffff
7634,88100e64cbfffff
7635,88100e3329fffff
7636,88100a948bfffff
7637,88100a9411fffff
7638,88100a908dfffff
7639,88100e258bfffff
7640,881008c1d3fffff
7641,88100ead5dfffff
7642,88100e3469fffff
7643,881008cecdfffff
7644,8810085769fffff
7645,88100e31c3fffff
7646,88100e206dfffff
7647,88100a9719fffff
7648,88100a86d5fffff
7649,88100850b3fffff
7650,881008434dfffff
7651,881008cd2bfffff
7652,88100841ebfffff
7653,881008489bfffff
7654,8810084e55fffff
7655,88100e3337fffff
7656,88100e30e7fffff
7657,88100a825bfffff
7658,88100a96a7fffff
7659,88100e25cdfffff
7660,881008c0dbfffff
7661,881008cb2dfffff
7662,881008c367fffff
7663,88100e664bfffff
7664,88100a8e19fffff
7665,88100a8465fffff
7666,88100ea99dfffff
7667,88100a9691fffff
7668,8810085ae7fffff
7669,8810085a21fffff
7670,8810084f21fffff
7671,881008d837fffff
7672,8810085061fffff
7673,88100a903bfffff
7674,8810085653fffff
7675,88100e2eadfffff
7676,88100a80edfffff
7677,8810085b19fffff
7678,88100a84cbfffff
7679,88100a9347fffff
7680,881008516bfffff
7681,88100a95b1fffff
7682,88100a82a1fffff
7683,88100a8269fffff
7684,88100852e5fffff
7685,88100a9005fffff
7686,88100e2805fffff
7687,8810084ac7fffff
7688,88100a96ddfffff
7689,88100e2e49fffff
7690,88100a95e9fffff
7691,88100a9657fffff
7692,88100ea9dbfffff
7693,8810085195fffff
7694,881008573dfffff
7695,88100e2689fffff
7696,881008cf41fffff
7697,8810084101fffff
7698,88100a86c3fffff
7699,881008514bfffff
7700,881008546bfffff
7701,881008cea7fffff
7702,88100e6715fffff
7703,88100a95a7fffff
7704,88100a9065fffff
7705,881008cf4dfffff
7706,88100e3931fffff
7707,88100e389dfffff
7708,881008d8b3fffff
7709,88100e3597fffff
7710,88100e2155fffff
7711,88100a8253fffff
7712,881008c5b7fffff
7713,88100e3895fffff
7714,88100a9a4dfffff
7715,881008d03dfffff
7716,88100a9211fffff
7717,881008d8a1fffff
7718,88100e24d1fffff
7719,881008556dfffff
7720,88100e65bdfffff
7721,88100e30e5fffff
7722,881008195bfffff
7723,88100e2703fffff
7724,88100848d5fffff
7725,88100e28abfffff
7726,881008c1a5fffff
7727,88100a9513fffff
7728,8810084119fffff
7729,88100e32d5fffff
7730,88100a84bbfffff
7731,88100e294bfffff
7732,8810084a9dfffff
7733,8810084d8dfffff
7734,88100a9a53fffff
7735,88100a963dfffff
7736,88100aba89fffff
7737,881008cc57fffff
7738,88100e3a15fffff
7739,88100a8e63fffff
7740,881008426bfffff
7741,88100e3025fffff
7742,881008480dfffff
7743,88100a841dfffff
7744,881008c09dfffff
7745,881008c447fffff
7746,88100aba5bfffff
7747,881008d8bdfffff
7748,88100e371bfffff
7749,88100a9067fffff
7750,88100a804dfffff
7751,88100eace9fffff
7752,88100e3705fffff
7753,8810085161fffff
7754,8810085041fffff
7755,881008cf15fffff
7756,88100a91c7fffff
7757,88100e2b11fffff
7758,88100eaa57fffff
7759,88100ab281fffff
7760,88100a95adfffff
7761,881008c239fffff
7762,881008c5c5fffff
7763,88100a976bfffff
7764,881008c2a7fffff
7765,88100a9a65fffff
7766,88100e39c5fffff
7767,88100a912bfffff
7768,88100a9219fffff
7769,88100a9727fffff
7770,88100a9435fffff
7771,88100e74b5fffff
7772,881008536bfffff
7773,88100a8037fffff
7774,88100e38dbfffff
7775,88100a9409fffff
7776,88100e2d63fffff
7777,8810085053fffff
7778,881008d1e5fffff
7779,88100e289bfffff
7780,88100a8467fffff
7781,88100e20b9fffff
7782,88100e29b9fffff
7783,8810085b07fffff
7784,88100e28cdfffff
7785,8810084f5dfffff
7786,881008c96dfffff
7787,88100e2229fffff
7788,88100a9359fffff
7789,881008d8abfffff
7790,88100a8347fffff
7791,88100859a3fffff
7792,881008426dfffff
7793,881008c853fffff
7794,881008c8c3fffff
7795,88100e3449fffff
7796,88100e3807fffff
7797,8810085627fffff
7798,8810084a0dfffff
7799,88100a81d7fffff
7800,881008d9a9fffff
7801,8810084ae1fffff
7802,88100e28a9fffff
7803,88100a9233fffff
7804,88100a8751fffff
7805,88100e2995fffff
7806,8810085557fffff
7807,88100e2b43fffff
7808,88100851c3fffff
7809,881008c733fffff
7810,881008509bfffff
7811,881008d005fffff
7812,881008591dfffff
7813,88100e29edfffff
7814,8810085a05fffff
7815,88100e32b9fffff
7816,88100e2abbfffff
7817,88100e7693fffff
7818,88100a8453fffff
7819,88100a90c3fffff
7820,881008d025fffff
7821,88100e3405fffff
7822,88100a94a5fffff
7823,88100ea899fffff
7824,88100e24b5fffff
7825,88100e2b25fffff
7826,88100a8683fffff
7827,88100e3919fffff
7828,88100e28edfffff
7829,88100e398bfffff
7830,88100a9607fffff
7831,881008cdb1fffff
7832,88100eacbdfffff
7833,881008db21fffff
7834,88100e2e63fffff
7835,8810084e6bfffff
7836,8810084823fffff
7837,88100e2e85fffff
7838,881008ccd3fffff
7839,881008c0edfffff
7840,88100840c5fffff
7841,88100e24bbfffff
7842,881008c8edfffff
7843,88100e3055fffff
7844,88100a9129fffff
7845,88100ab269fffff
7846,88100a9227fffff
7847,881008c4edfffff
7848,88100851c7fffff
7849,881008486bfffff
7850,881008c36bfffff
7851,88100a859dfffff
7852,88100e2dd7fffff
7853,881008d035fffff
7854,88100e32b1fffff
7855,881008576dfffff
7856,881008c73dfffff
7857,88100e3407fffff
7858,88100eaa33fffff
7859,881008cc5bfffff
7860,88100e2105fffff
7861,881008c93dfffff
7862,8810084f51fffff
7863,88100e341dfffff
7864,88100e3499fffff
7865,88100e34b5fffff
7866,88100ab25bfffff
7867,88100a95c1fffff
7868,88100ab231fffff
7869,88100a8057fffff
7870,881008dae1fffff
7871,88100ab049fffff
7872,88100840e9fffff
7873,88100e3909fffff
7874,881008d05bfffff
7875,88100eacbbfffff
7876,88100e749bfffff
7877,88100e3ae9fffff
7878,88100e2913fffff
7879,88100a94ebfffff
7880,881008c9c3fffff
7881,88100840a9fffff
7882,88100a9ae3fffff
7883,8810084967fffff
7884,88100a9567fffff
7885,88100e2403fffff
7886,88100e38edfffff
7887,881008516dfffff
7888,8810084923fffff
7889,88100e30b7fffff
7890,881008dac9fffff
7891,88100a965dfffff
7892,88100a928dfffff
7893,881008c005fffff
7894,88100851dbfffff
7895,88100a8487fffff
7896,88100ea81bfffff
7897,8810084ce9fffff
7898,88100e2f1bfffff
7899,881008c9d7fffff
7900,88100e2a5dfffff
7901,88100a9265fffff
7902,8810084115fffff
7903,88100e22cdfffff
7904,88100e2a0dfffff
7905,88100e2ab5fffff
7906,881008c355fffff
7907,881008ce1dfffff
7908,88100851b9fffff
7909,88100a810bfffff
7910,881008c521fffff
7911,88100a8169fffff
7912,8810085259fffff
7913,88100ab2abfffff
7914,881008c639fffff
7915,8810084193fffff
7916,88100e3885fffff
7917,88100e6643fffff
7918,88100a845dfffff
7919,881008c555fffff
7920,88100a8727fffff
7921,88100a8555fffff
7922,8810085993fffff
7923,88100a8707fffff
7924,88100e39c7fffff
7925,88100e24abfffff
7926,8810084253fffff
7927,8810084a07fffff
7928,88100a8001fffff
7929,88100e2ee7fffff
7930,88100eaa87fffff
7931,88100ab143fffff
7932,8810085135fffff
7933,881008ceb1fffff
7934,881008c60dfffff
7935,8810085905fffff
7936,88100ab729fffff
7937,88100a8685fffff
7938,88100ea997fffff
7939,8810085143fffff
7940,88100e224dfffff
7941,88100eaa97fffff
7942,881008d9d5fffff
7943,8810085b67fffff
7944,881008586bfffff
7945,88100ea8a9fffff
7946,8810085753fffff
7947,881008d8cbfffff
7948,8810085305fffff
7949,881008d027fffff
7950,88100a86cdfffff
7951,88100e2e91fffff
7952,881008424bfffff
7953,88100e2725fffff
7954,881008cd21fffff
7955,8810084159fffff
7956,88100ead15fffff
7957,88100eacb7fffff
7958,88100e2741fffff
7959,88100e290bfffff
7960,88100a911bfffff
7961,88100e6485fffff
7962,88100e320bfffff
7963,881008c0a7fffff
7964,8810084f11fffff
7965,8810084045fffff
7966,88100e7487fffff
7967,88100ab2b1fffff
7968,88100ab2c1fffff
7969,88100ead3dfffff
7970,88100e26d9fffff
7971,88100e04b1fffff
7972,88100e2215fffff
7973,8810085a61fffff
7974,88100a933dfffff
7975,88100a8737fffff
7976,881008c98bfffff
7977,8810084a05fffff
7978,88100a9095fffff
7979,88100a925bfffff
7980,88100a904bfffff
7981,881008ca97fffff
7982,8810085885fffff
7983,88100e32a7fffff
7984,88100ead67fffff
7985,8810084803fffff
7986,88100e64c3fffff
7987,88100e3111fffff
7988,88100e7489fffff
7989,88100eac67fffff
7990,88100eace7fffff
7991,8810085b29fffff
7992,88100e3a19fffff
7993,8810084a89fffff
7994,881008da61fffff
7995,88100e32a5fffff
7996,88100e3313fffff
7997,881008cd45fffff
7998,8810084327fffff
7999,88100e2f07fffff
8000,8810084a8bfffff
8001,8810085153fffff
8002,88100ab317fffff
8003,8810084981fffff
8004,88100e3141fffff
8005,88100a80e1fffff
8006,881008d843fffff
8007,8810085a89fffff
8008,88100aba13fffff
8009,8810085b6dfffff
8010,88100e2c8dfffff
8011,881008c55bfffff
8012,88100e3905fffff
8013,88100e2c6bfffff
8014,881008cb07fffff
8015,8810084323fffff
8016,881008c2c5fffff
8017,88100e2429fffff
8018,8810084d03fffff
8019,88100ab85dfffff
8020,88100849d3fffff
8021,881008c017fffff
8022,88100e2b13fffff
8023,88100e6591fffff
8024,88100e26b3fffff
8025,881008cd99fffff
8026,88100aba01fffff
8027,88100a8233fffff
8028,881008cdd1fffff
8029,881008daa7fffff
8030,881008d137fffff
8031,88100850ebfffff
8032,88100e255bfffff
8033,881008d95dfffff
8034,881008d82dfffff
8035,88100a8289fffff
8036,8810084a9bfffff
8037,88100eacabfffff
8038,881008d88dfffff
8039,881008c145fffff
8040,88100ab2a5fffff
8041,88100e3953fffff
8042,88100e7699fffff
8043,88100e30d1fffff
8044,881008d92dfffff
8045,88100a9161fffff
8046,881008d001fffff
8047,88100e65e3fffff
8048,881008d84dfffff
8049,88100a82a9fffff
8050,88100e3459fffff
8051,88100e3619fffff
8052,8810084199fffff
8053,881008c065fffff
8054,8810084f19fffff
8055,88100a921dfffff
8056,88100e2dbdfffff
8057,88100e3569fffff
8058,881008c9adfffff
8059,88100e38e1fffff
8060,881008d955fffff
8061,88100e6481fffff
8062,88100e2dcdfffff
8063,88100a8e57fffff
8064,881008c829fffff
8065,88100eaaddfffff
8066,88100e2ca1fffff
8067,88100a8457fffff
8068,88100ea891fffff
8069,881008c169fffff
8070,88100e3621fffff
8071,88100e6625fffff
8072,8810084da5fffff
8073,88100eaac9fffff
8074,881008c885fffff
8075,88100852c9fffff
8076,88100e2cc3fffff
8077,8810084aadfffff
8078,88100a944bfffff
8079,88100e234dfffff
8080,88100e39e9fffff
8081,8810084f0dfffff
8082,881008cdd3fffff
8083,8810085ab9fffff
8084,88100a91b9fffff
8085,88100840e1fffff
8086,88100ea995fffff
8087,881008c437fffff
8088,88100e74b1fffff
8089,88100a8e31fffff
8090,88100e2615fffff
8091,88100e3219fffff
8092,8810085667fffff
8093,88100e3493fffff
8094,88100e3599fffff
8095,8810084e03fffff
8096,881008c135fffff
8097,88100e2831fffff
8098,8810084849fffff
8099,88100e300dfffff
8100,88100ead21fffff
8101,881008533bfffff
8102,88100858a5fffff
8103,88100e74d9fffff
8104,88100e3497fffff
8105,88100e2967fffff
8106,88100a9503fffff
8107,881008cf39fffff
8108,88100e35c9fffff
8109,88100e76dbfffff
8110,88100a954dfffff
8111,88100e6633fffff
8112,881008cd53fffff
8113,881008cb11fffff
8114,881008cc19fffff
8115,88100e2cc9fffff
8116,88100a916bfffff
8117,881008d963fffff
8118,88100e3433fffff
8119,88100858e3fffff
8120,88100a82e3fffff
8121,8810084ae5fffff
8122,881008db29fffff
8123,88100e39b1fffff
8124,881008d867fffff
8125,8810085149fffff
8126,88100e25edfffff
8127,881008ca85fffff
8128,881008550dfffff
8129,881008cb33fffff
8130,88100e3649fffff
8131,88100a80ebfffff
8132,8810084347fffff
8133,88100a84d3fffff
8134,88100a8333fffff
8135,88100e2297fffff
8136,88100a8489fffff
8137,88100eaf67fffff
8138,8810085237fffff
8139,88100e345dfffff
8140,88100e2893fffff
8141,88100e2c69fffff
8142,88100a929bfffff
8143,88100e646dfffff
8144,88100a866bfffff
8145,88100a8513fffff
8146,88100e3363fffff
8147,88100e2317fffff
8148,88100a9201fffff
8149,8810085843fffff
8150,88100e2b2bfffff
8151,8810085235fffff
8152,88100e2ad1fffff
8153,88100a9881fffff
8154,88100e2815fffff
8155,8810084229fffff
8156,881008491dfffff
8157,88100e26c1fffff
8158,88100e2233fffff
8159,88100e65c9fffff
8160,881008588bfffff
8161,88100e2b2dfffff
8162,8810085541fffff
8163,88100ab325fffff
8164,88100e32c7fffff
8165,8810084a6bfffff
8166,881008cc43fffff
8167,88100a824dfffff
8168,881008cf2bfffff
8169,881008cda5fffff
8170,88100aba0dfffff
8171,88100a936bfffff
8172,881008423bfffff
8173,881008c5b1fffff
8174,88100a9465fffff
8175,881008c913fffff
8176,88100e3811fffff
8177,88100e2001fffff
8178,88100a92bdfffff
8179,8810085105fffff
8180,88100abad3fffff
8181,881008c2e7fffff
8182,88100e2f51fffff
8183,881008dacbfffff
8184,881008c321fffff
8185,88100ab12dfffff
8186,88100e2851fffff
8187,8810084865fffff
8188,88100e3ad1fffff
8189,88100e2a5bfffff
8190,88100e2eb9fffff
8191,881008572bfffff
8192,8810085b69fffff
8193,881008574dfffff
8194,88100859d5fffff
8195,88100851d1fffff
8196,8810084247fffff
8197,88100e3a35fffff
8198,88100e2813fffff
8199,88100e3abbfffff
8200,88100a96b3fffff
8201,881008ce45fffff
8202,88100e2919fffff
8203,88100e6609fffff
8204,881008db6dfffff
8205,881008c4e1fffff
8206,88100e2e03fffff
8207,88100a84d7fffff
8208,88100a9b5dfffff
8209,88100e2a3dfffff
8210,88100e34a7fffff
8211,88100a9491fffff
8212,881008ce89fffff
8213,88100e326bfffff
8214,88100e273dfffff
8215,88100abad7fffff
8216,88100e2305fffff
8217,881008cf3dfffff
8218,88100a8431fffff
8219,88100e2e8bfffff
8220,88100e2555fffff
8221,88100a924bfffff
8222,88100a9a83fffff
8223,8810084829fffff
8224,88100aba19fffff
8225,88100e2ab9fffff
8226,8810081b5dfffff
8227,88100e34b1fffff
8228,8810084d63fffff
8229,88100aba0bfffff
8230,88100e2285fffff
8231,88100e2353fffff
8232,88100e30ddfffff
8233,881008d951fffff
8234,88100e3643fffff
8235,8810084b17fffff
8236,8810085609fffff
8237,88100e2f19fffff
8238,881008ca09fffff
8239,881008c927fffff
8240,88100ea1a5fffff
8241,881008cc59fffff
8242,8810084b5dfffff
8243,881008cd81fffff
8244,88100e2751fffff
8245,8810081b59fffff
8246,8810085727fffff
8247,88100ab033fffff
8248,881008ce0dfffff
8249,88100e305bfffff
8250,8810084891fffff
8251,88100e25bdfffff
8252,8810084a91fffff
8253,8810084325fffff
8254,88100a852bfffff
8255,88100a9621fffff
8256,88100e354bfffff
8257,88100e34e1fffff
8258,88100e6455fffff
8259,881008c8cbfffff
8260,88100a9137fffff
8261,8810084ad3fffff
8262,88100e2487fffff
8263,8810085747fffff
8264,88100e2f57fffff
8265,88100e3745fffff
8266,8810085505fffff
8267,8810085909fffff
8268,88100e2559fffff
8269,88100e3625fffff
8270,881008c635fffff
8271,88100e6605fffff
8272,88100ab063fffff
8273,88100e3503fffff
8274,88100a9107fffff
8275,88100859e3fffff
8276,88100e25b7fffff
8277,88100840a1fffff
8278,88100a869dfffff
8279,881008c4e7fffff
8280,88100e2b35fffff
8281,88100eac69fffff
8282,881008ca01fffff
8283,8810084857fffff
8284,881008d115fffff
8285,88100e20dbfffff
8286,88100eaacbfffff
8287,881008d1d7fffff
8288,88100ab351fffff
8289,88100e28adfffff
8290,8810085ab7fffff
8291,881008490bfffff
8292,881008c461fffff
8293,881008c13bfffff
8294,88100e322dfffff
8295,881008cab5fffff
8296,88100e3565fffff
8297,88100eaaa5fffff
8298,8810085755fffff
8299,88100e351dfffff
8300,88100a95d7fffff
8301,88100a9489fffff
8302,88100e2953fffff
8303,8810085293fffff
8304,8810084019fffff
8305,8810085253fffff
8306,881008c255fffff
8307,88100e30c7fffff
8308,88100e241bfffff
8309,88100e35c1fffff
8310,881008c405fffff
8311,88100e659dfffff
8312,88100e341bfffff
8313,88100e3a0dfffff
8314,881008cc25fffff
8315,88100a82d9fffff
8316,881008d8d1fffff
8317,88100e28d5fffff
8318,881008c227fffff
8319,8810085255fffff
8320,88100a9701fffff
8321,88100a834dfffff
8322,88100a8565fffff
8323,8810085189fffff
8324,8810084b69fffff
8325,88100e29cbfffff
8326,8810085641fffff
8327,88100e2809fffff
8328,8810084c29fffff
8329,88100a8033fffff
8330,88100e2a59fffff
8331,8810085087fffff
8332,881008c021fffff
8333,881008cc0bfffff
8334,8810084ce7fffff
8335,88100a9111fffff
8336,88100ab025fffff
8337,881008cb25fffff
8338,88100e3403fffff
8339,88100a9abdfffff
8340,88100ab707fffff
8341,88100e6711fffff
8342,8810084861fffff
8343,88100e3841fffff
8344,88100e2549fffff
8345,88100e3307fffff
8346,881008ce3bfffff
8347,88100e2ac7fffff
8348,881008ce41fffff
8349,88100a95e3fffff
8350,8810085925fffff
8351,881008c9e9fffff
8352,88100e75b1fffff
8353,881008c349fffff
8354,88100e38cdfffff
8355,88100ea8cbfffff
8356,88100a8447fffff
8357,88100a8529fffff
8358,88100e2b69fffff
8359,88100eacb3fffff
8360,88100a9adbfffff
8361,88100e2f6bfffff
8362,88100ab2adfffff
8363,88100e3729fffff
8364,8810085963fffff
8365,88100e200dfffff
8366,88100e31e9fffff
8367,8810084a13fffff
8368,88100a950dfffff
8369,88100e2721fffff
8370,881008cf6dfffff
8371,88100a9601fffff
8372,88100e662bfffff
8373,88100a8725fffff
8374,88100e2c15fffff
8375,88100e230bfffff
8376,88100e28c1fffff
8377,881008ca53fffff
