,geohash
0,880ab21619fffff
1,880a869941fffff
2,880a8688cbfffff
3,880ab33359fffff
4,880a8615b9fffff
5,880a869327fffff
6,880ab32813fffff
7,880ab20413fffff
8,880ab37639fffff
9,880ab22897fffff
10,880ab34719fffff
11,880a860727fffff
12,880ab261cbfffff
13,880ab271c7fffff
14,880ab26b1bfffff
15,880ab25153fffff
16,880ab255e7fffff
17,880ab162bbfffff
18,880a86d4b9fffff
19,880ab20883fffff
20,880ab23009fffff
21,880ab3a2e5fffff
22,880ab245d9fffff
23,880ab3b9e7fffff
24,880a868541fffff
25,880ab3b745fffff
26,880ab28dcdfffff
27,880ab370e5fffff
28,880ab3add5fffff
29,880ab24e61fffff
30,880a868f13fffff
31,880ab27ac7fffff
32,880ab34935fffff
33,880ab34445fffff
34,880ab27ac3fffff
35,880ab3ae5dfffff
36,880a8690a5fffff
37,880ab1655dfffff
38,880ab335c3fffff
39,880ab3c0c9fffff
40,880ab30123fffff
41,880ab20a63fffff
42,880a868159fffff
43,880ab2308bfffff
44,880ab30743fffff
45,880ab30491fffff
46,880ab2caadfffff
47,880ab261c3fffff
48,880a8611d9fffff
49,880ab35abdfffff
50,880ab2b8cbfffff
51,880ab33905fffff
52,880ab32609fffff
53,880a860755fffff
54,880ab16825fffff
55,880ab3cf6dfffff
56,880a8610a9fffff
57,880a869067fffff
58,880ab35a99fffff
59,880ab2a631fffff
60,880ab331e7fffff
61,880ab2398dfffff
62,880a868d19fffff
63,880ab208b5fffff
64,880ab3466dfffff
65,880ab2b8a5fffff
66,880a868de3fffff
67,880ab3215bfffff
68,880ab339c9fffff
69,880ab23221fffff
70,880a8692a5fffff
71,880ab2d5cdfffff
72,880a8682a1fffff
73,880ab3ab15fffff
74,880ab251dbfffff
75,880ab375d9fffff
76,880ab2c113fffff
77,880ab23a4bfffff
78,880ab30c39fffff
79,880ab34e35fffff
80,880ab24a1bfffff
81,880a86b8d1fffff
82,880ab358d7fffff
83,880a869531fffff
84,880a86c737fffff
85,88252d8945fffff
86,880a860119fffff
87,880ab3d9e7fffff
88,880ab33011fffff
89,880ab2422bfffff
90,880a86d197fffff
91,880a948293fffff
92,880ab179a7fffff
93,880ab3268dfffff
94,880ab354e9fffff
95,880ab30f23fffff
96,880ab27abbfffff
97,880a863201fffff
98,880a86d0abfffff
99,880ab24de3fffff
100,880a86c08bfffff
101,880ab178c1fffff
102,880ab2524bfffff
103,880ab30481fffff
104,880ab31b09fffff
105,880ab17a03fffff
106,880ab2a861fffff
107,880ab339d9fffff
108,880ab25755fffff
109,880ab249d5fffff
110,880ab2aac3fffff
111,880ab2bae7fffff
112,880ab27a8bfffff
113,880a86054dfffff
114,880ab249adfffff
115,880a94b4c7fffff
116,880a86cc27fffff
117,880a86d0d3fffff
118,880ab34ab3fffff
119,880ab26c5dfffff
120,880a868d91fffff
121,880ab22455fffff
122,880ab26d47fffff
123,880ab27b15fffff
124,880a86cc83fffff
125,880a8684a5fffff
126,880ab1695dfffff
127,880a86af69fffff
128,880ab3c5cbfffff
129,880a8600d1fffff
130,880a86d9bdfffff
131,880ab28927fffff
132,880ab24743fffff
133,880ab271a7fffff
134,880a860e4dfffff
135,880a94d327fffff
136,880a86b19dfffff
137,880a860403fffff
138,880a869363fffff
139,880ab21a25fffff
140,880ab2ae93fffff
141,880a86cc6dfffff
142,880ab129a3fffff
143,880ab2c1e9fffff
144,880ab20b13fffff
145,880ab208d3fffff
146,880ab251c1fffff
147,880ab2656bfffff
148,880ab16097fffff
149,880ab3c911fffff
150,880a869355fffff
151,880a8606d7fffff
152,880ab3b70bfffff
153,880ab24129fffff
154,880a86ca03fffff
155,880ab30cd7fffff
156,880a86b8a3fffff
157,880ab3262bfffff
158,880a844a85fffff
159,880a86cf37fffff
160,880ab3418dfffff
161,880ab30935fffff
162,880ab3c761fffff
163,880ab25553fffff
164,880ab22ddbfffff
165,880ab26ae5fffff
166,880a868d1dfffff
167,880ab175a7fffff
168,880ab239c5fffff
169,880a86904bfffff
170,880ab254bbfffff
171,880ab2d1b3fffff
172,880a86d357fffff
173,880ab301dbfffff
174,880a86ba8dfffff
175,880a868915fffff
176,880ab2c4e5fffff
177,880ab2aad5fffff
178,880ab1681dfffff
179,880ab30267fffff
180,880ab2684bfffff
181,880ab34569fffff
182,880ab250ebfffff
183,880ab34847fffff
184,880ab209d7fffff
185,880a86335dfffff
186,880ab26d27fffff
187,880ab2b85bfffff
188,880ab20085fffff
189,880ab22689fffff
190,880a8656cdfffff
191,880ab2540dfffff
192,88252dd285fffff
193,880ab3aa41fffff
194,880ab2c515fffff
195,880ab23803fffff
196,880a869261fffff
197,880ab30685fffff
198,880ab370c9fffff
199,880ab206d5fffff
200,88252d9addfffff
201,880ab308a3fffff
202,880ab37953fffff
203,880ab215e1fffff
204,880a869663fffff
205,880ab30421fffff
206,880ab2d1ddfffff
207,880ab2a483fffff
208,880a86b22dfffff
209,880ab27b1bfffff
210,880ab26085fffff
211,880ab3ca65fffff
212,880a86a06dfffff
213,880ab2206bfffff
214,880ab204c1fffff
215,880ab28d9dfffff
216,880ab311c3fffff
217,880ab2059bfffff
218,880ab30cd3fffff
219,880ab3636dfffff
220,880ab2cc67fffff
221,880ab230d9fffff
222,880ab28ed1fffff
223,880a86889bfffff
224,880ab3a5b9fffff
225,880ab246e9fffff
226,880a94b60bfffff
227,880a86b0edfffff
228,880a86d9e3fffff
229,880ab2a051fffff
230,880ab216cdfffff
231,880ab301c1fffff
232,880ab3a755fffff
233,880ab3a841fffff
234,880ab372adfffff
235,880ab24c67fffff
236,880ab2198bfffff
237,880a86130dfffff
238,880a86c131fffff
239,880ab22db7fffff
240,880ab24847fffff
241,880ab1699dfffff
242,880ab28d91fffff
243,880ab161c3fffff
244,880ab20d8bfffff
245,880a86d5b5fffff
246,880ab25a83fffff
247,880ab33487fffff
248,880ab2d48bfffff
249,880ab31937fffff
250,880a86a931fffff
251,880ab2cc33fffff
252,880ab2104dfffff
253,880ab3c167fffff
254,880a8680ddfffff
255,880ab270e5fffff
256,880ab23117fffff
257,880a948769fffff
258,880ab209e5fffff
259,880ab3273dfffff
260,880ab22953fffff
261,880a86c34bfffff
262,880a868ad7fffff
263,880ab3332bfffff
264,880a869661fffff
265,880ab2689bfffff
266,880ab2c80dfffff
267,880a86148bfffff
268,880ab3aaadfffff
269,880a86d937fffff
270,88252d9167fffff
271,880ab255d5fffff
272,880ab2a1e1fffff
273,880ab26003fffff
274,880ab3a90bfffff
275,880a868e17fffff
276,880ab34da7fffff
277,880ab24307fffff
278,88252d92d7fffff
279,880ab2a80bfffff
280,880a86a04dfffff
281,880ab34c2dfffff
282,880ab33661fffff
283,880ab3410bfffff
284,880ab34725fffff
285,880a868129fffff
286,880a869a85fffff
287,880ab33a51fffff
288,88252d81c5fffff
289,880ab240a9fffff
290,880ab34a2dfffff
291,880ab25535fffff
292,880ab24063fffff
293,88252d8125fffff
294,880ab16a01fffff
295,880a86cd91fffff
296,880a861027fffff
297,880ab2d4d1fffff
298,880ab2b883fffff
299,880ab22295fffff
300,880ab3365bfffff
301,880ab226abfffff
302,880a869a17fffff
303,880ab37187fffff
304,880ab3a9abfffff
305,880ab3243dfffff
306,880ab24eb9fffff
307,880a861569fffff
308,880ab28cb9fffff
309,880ab2648dfffff
310,880a861009fffff
311,880a86cf59fffff
312,880a8684cbfffff
313,880ab1612bfffff
314,880ab2ce0dfffff
315,880a8681edfffff
316,880a86d36dfffff
317,880ab3b443fffff
318,880ab37131fffff
319,880ab2bac3fffff
320,880ab2ada3fffff
321,880a86c521fffff
322,880ab2a533fffff
323,880ab16e1bfffff
324,880ab34d5bfffff
325,880a86a03dfffff
326,880ab30f65fffff
327,880a868523fffff
328,880a860245fffff
329,88252d8b25fffff
330,880ab3a0b5fffff
331,880ab16693fffff
332,880ab3c9adfffff
333,880a868863fffff
334,880a8688c9fffff
335,880ab26d37fffff
336,880a86b065fffff
337,880a86c8d1fffff
338,880ab2411dfffff
339,880a86b92bfffff
340,880a8691d7fffff
341,880ab2d19dfffff
342,880a868337fffff
343,880a861891fffff
344,880ab3c005fffff
345,880ab378cbfffff
346,880ab2d4c5fffff
347,880ab20525fffff
348,880a861459fffff
349,88252d9997fffff
350,880a869b3dfffff
351,880a86ba01fffff
352,880ab274bdfffff
353,880a86aae7fffff
354,880ab3a88dfffff
355,880ab24049fffff
356,88252dd60bfffff
357,880ab339e9fffff
358,880a94b353fffff
359,880ab3ae4dfffff
360,880a868a39fffff
361,880a86c527fffff
362,880ab3d8c3fffff
363,880a868353fffff
364,880ab3728bfffff
365,880a8611b5fffff
366,880ab3d8abfffff
367,880a863257fffff
368,880ab16cd1fffff
369,880a86c2b5fffff
370,880ab20ac1fffff
371,880ab3a127fffff
372,880ab16cdbfffff
373,880ab3c19bfffff
374,880ab220bdfffff
375,880a861105fffff
376,880a869697fffff
377,880ab26759fffff
378,880a86855bfffff
379,880ab2aec1fffff
380,880a86cb35fffff
381,880a94b461fffff
382,880ab2af69fffff
383,880ab27215fffff
384,880a86b247fffff
385,880a949601fffff
386,880ab3119dfffff
387,880a86c65bfffff
388,880ab3ada9fffff
389,880a869563fffff
390,880ab3a6ddfffff
391,880ab2ca17fffff
392,880ab3a6cbfffff
393,880ab37a49fffff
394,880a8619bdfffff
395,880ab342dbfffff
396,880ab3b99dfffff
397,880ab30d9dfffff
398,880a86d563fffff
399,880ab2a35dfffff
400,880ab3a4e9fffff
401,880a86b16bfffff
402,88252d9b51fffff
403,880a86b03bfffff
404,880ab16367fffff
405,880ab31683fffff
406,880ab244cbfffff
407,880a94966bfffff
408,880ab241e3fffff
409,880ab2b96dfffff
410,880a8618cdfffff
411,880ab2a693fffff
412,880a86ce43fffff
413,880ab220a3fffff
414,880a86b9a7fffff
415,880ab28d2dfffff
416,880a860221fffff
417,880a860331fffff
418,880ab2b49bfffff
419,880a861527fffff
420,880ab310a3fffff
421,880a86c2c7fffff
422,880a86069bfffff
423,880ab35a8bfffff
424,880ab20e55fffff
425,880ab3a9d9fffff
426,880ab2b5e3fffff
427,880ab3c6c9fffff
428,880ab37921fffff
429,880ab20713fffff
430,880a86b035fffff
431,880ab34013fffff
432,880ab301e5fffff
433,880ab21123fffff
434,880a861a03fffff
435,880a868517fffff
436,880ab3aa61fffff
437,880a86ad69fffff
438,880a86020bfffff
439,880ab2076dfffff
440,880ab31119fffff
441,880a868343fffff
442,880ab229c3fffff
443,880ab26969fffff
444,880ab2d599fffff
445,880a8616d5fffff
446,88252d965bfffff
447,880ab34615fffff
448,880a868a5dfffff
449,880ab3530bfffff
450,880ab2104bfffff
451,880ab3da1dfffff
452,880ab3d311fffff
453,880ab161a1fffff
454,880ab3cc45fffff
455,880ab3cecdfffff
456,880a868639fffff
457,880a94d159fffff
458,880ab378cdfffff
459,880ab21697fffff
460,880ab2d19bfffff
461,88252d8a8dfffff
462,880ab31413fffff
463,880ab25645fffff
464,880ab12d97fffff
465,880a94b6d9fffff
466,88252d99e1fffff
467,880a86cdb7fffff
468,880a8691a5fffff
469,880ab2c6adfffff
470,880ab2cebbfffff
471,880ab3c95dfffff
472,880ab3c519fffff
473,88252d99bbfffff
474,88252d9663fffff
475,880ab37805fffff
476,880ab27405fffff
477,880a86aa1dfffff
478,880ab20269fffff
479,880ab37aa5fffff
480,880ab3018dfffff
481,88252d9847fffff
482,880a844b31fffff
483,880ab3b415fffff
484,880ab265ddfffff
485,880ab326b9fffff
486,880ab22709fffff
487,880ab30915fffff
488,880ab3c611fffff
489,880a86c259fffff
490,880ab16f05fffff
491,880ab31823fffff
492,880ab3c51dfffff
493,880ab24c09fffff
494,880ab30d81fffff
495,880a861255fffff
496,880ab3066dfffff
497,880a868011fffff
498,880ab2b5d3fffff
499,880ab26b39fffff
500,880ab28e83fffff
501,880ab20c53fffff
502,880ab20917fffff
503,880ab241d5fffff
504,880ab20c17fffff
505,880ab20f6dfffff
506,880ab3a81dfffff
507,880ab3208bfffff
508,880ab30609fffff
509,880ab244d9fffff
510,880ab20c4bfffff
511,880ab33a99fffff
512,880a869427fffff
513,880ab3465dfffff
514,880ab301c5fffff
515,880a86aa09fffff
516,880ab252abfffff
517,880ab2218dfffff
518,880a8686d3fffff
519,880a8692c5fffff
520,880a86cdcdfffff
521,880ab3445dfffff
522,880ab355d9fffff
523,880a9486c9fffff
524,880ab3acebfffff
525,880a8685d1fffff
526,880a861565fffff
527,880a86ca69fffff
528,88252d991bfffff
529,880ab2472dfffff
530,880ab160e7fffff
531,880a868f55fffff
532,880ab239adfffff
533,880ab2650dfffff
534,880a86cd65fffff
535,880ab24609fffff
536,880ab3271dfffff
537,880ab16c4bfffff
538,880ab2b091fffff
539,880a868805fffff
540,880ab226adfffff
541,880ab2a85bfffff
542,880a86b935fffff
543,880ab35865fffff
544,880ab32227fffff
545,880ab2ce85fffff
546,880ab249b7fffff
547,880ab241b1fffff
548,880ab3c9b1fffff
549,880a86c2e1fffff
550,880ab34c27fffff
551,880a86115bfffff
552,880ab1610bfffff
553,880a86aa0bfffff
554,880a8602e7fffff
555,880a86d413fffff
556,880ab24749fffff
557,880ab32b07fffff
558,880ab168bdfffff
559,880ab25247fffff
560,880a86c263fffff
561,88252d8b47fffff
562,880ab26081fffff
563,880ab30515fffff
564,880a86c319fffff
565,880ab3d241fffff
566,880ab2340bfffff
567,880a94b699fffff
568,880ab30917fffff
569,880ab32623fffff
570,880ab34e6bfffff
571,880ab32663fffff
572,880ab35893fffff
573,880ab319c9fffff
574,880ab3c349fffff
575,880ab1615bfffff
576,880ab230d1fffff
577,880ab214c3fffff
578,880a949625fffff
579,880ab28c83fffff
580,880ab23135fffff
581,880ab3c2d5fffff
582,880ab22c59fffff
583,880ab3b5a3fffff
584,880a949b55fffff
585,880ab27731fffff
586,880ab2a845fffff
587,880a94d02dfffff
588,880ab20183fffff
589,880ab226c3fffff
590,880ab308cdfffff
591,880ab311d7fffff
592,880a860135fffff
593,880ab33465fffff
594,880ab22889fffff
595,880ab350a5fffff
596,880ab2d5a5fffff
597,880a86d5d5fffff
598,880a86028bfffff
599,880a8699adfffff
600,880ab2309dfffff
601,880ab2d683fffff
602,880ab3d25bfffff
603,880a86cec7fffff
604,880a86cdb1fffff
605,880ab3329bfffff
606,880ab20929fffff
607,880a949533fffff
608,880ab16f2bfffff
609,880a8681cbfffff
610,880ab3d949fffff
611,880ab3ac19fffff
612,880ab28c23fffff
613,880ab2ce9bfffff
614,880ab26e19fffff
615,880ab21169fffff
616,880ab16229fffff
617,880ab25039fffff
618,880ab2734dfffff
619,880ab3054bfffff
620,880ab3a19bfffff
621,880a86ab27fffff
622,880ab23701fffff
623,880ab214c9fffff
624,880ab20cc5fffff
625,880ab2a76bfffff
626,880a86bb55fffff
627,880a86b26bfffff
628,880a86d10dfffff
629,880ab31b3dfffff
630,880ab320a3fffff
631,880ab328e1fffff
632,880ab3454bfffff
633,880ab23723fffff
634,880a86109bfffff
635,880ab200a9fffff
636,880ab21605fffff
637,880ab2084bfffff
638,880a8696c7fffff
639,880ab34e17fffff
640,880ab322ddfffff
641,880ab35723fffff
642,880a869547fffff
643,880ab30531fffff
644,880ab31801fffff
645,880ab316a1fffff
646,880ab2762bfffff
647,880ab238ebfffff
648,880ab34a13fffff
649,880ab22b37fffff
650,880ab2293bfffff
651,880ab3148bfffff
652,880ab32243fffff
653,880ab22225fffff
654,880ab21881fffff
655,880a869721fffff
656,880ab25559fffff
657,880ab2ab59fffff
658,880a861111fffff
659,880ab30717fffff
660,880ab22231fffff
661,880ab2a527fffff
662,880ab31537fffff
663,880a86a15dfffff
664,880ab25293fffff
665,88252dd0ebfffff
666,880ab2c6cdfffff
667,880ab20495fffff
668,880a86cccbfffff
669,880a861263fffff
670,880a86c243fffff
671,880a94d333fffff
672,880ab22a4bfffff
673,880a861703fffff
674,880ab32a31fffff
675,880a86c2abfffff
676,880ab37761fffff
677,880ab3ab3bfffff
678,880ab26ed3fffff
679,880ab3d933fffff
680,880ab27591fffff
681,880ab272d9fffff
682,880ab34707fffff
683,880ab3a443fffff
684,880ab314e7fffff
685,880ab2aac1fffff
686,880a86c217fffff
687,880ab3ced7fffff
688,880ab32ae5fffff
689,880a86a96bfffff
690,880ab35a17fffff
691,880ab2ac43fffff
692,880ab22357fffff
693,880ab34f69fffff
694,880ab21691fffff
695,880a8606a7fffff
696,880a86804dfffff
697,880ab3a98dfffff
698,88252d9911fffff
699,880ab17907fffff
700,880ab24ea3fffff
701,880ab26a31fffff
702,880ab3735bfffff
703,880ab3a83dfffff
704,880ab24109fffff
705,880a861559fffff
706,880ab23839fffff
707,880a861323fffff
708,880ab37341fffff
709,880ab265d9fffff
710,880ab21267fffff
711,880a86b1c5fffff
712,880ab22e2bfffff
713,880ab31acbfffff
714,880ab21253fffff
715,880ab2c5bdfffff
716,880ab34251fffff
717,880ab31241fffff
718,88252dd60dfffff
719,880ab16913fffff
720,880ab21895fffff
721,880ab23487fffff
722,880ab35099fffff
723,880ab3584dfffff
724,880ab30657fffff
725,880ab16061fffff
726,880a86a883fffff
727,880a860157fffff
728,880ab24337fffff
729,880ab230d7fffff
730,880a86064dfffff
731,880ab2471bfffff
732,880ab35aa3fffff
733,88252d933dfffff
734,880ab2a30dfffff
735,880a86cdb9fffff
736,880ab24ec9fffff
737,880a86841bfffff
738,880ab3da55fffff
739,880ab3c509fffff
740,880ab34d63fffff
741,880ab3454dfffff
742,880ab274e5fffff
743,88252d9025fffff
744,880ab2552bfffff
745,880ab2571dfffff
746,88252d9ad1fffff
747,880a9495b9fffff
748,880a869069fffff
749,88252dd6a5fffff
750,880ab3356dfffff
751,880ab22a83fffff
752,880a86002dfffff
753,880ab32a99fffff
754,880ab336e3fffff
755,880ab235d9fffff
756,880ab3044bfffff
757,880a9495b3fffff
758,880ab35555fffff
759,880ab26357fffff
760,880ab33a4dfffff
761,880a86cf51fffff
762,880ab209e7fffff
763,880ab34633fffff
764,880ab2022dfffff
765,880ab344c1fffff
766,880ab3536dfffff
767,880ab3d853fffff
768,880a86cd35fffff
769,880ab24967fffff
770,880ab2c29bfffff
771,880a94b6abfffff
772,880ab2c2a7fffff
773,880ab32b31fffff
774,880a84490dfffff
775,880ab3a951fffff
776,880ab24629fffff
777,880ab232d9fffff
778,880ab22d6dfffff
779,880a86bac9fffff
780,880ab3d527fffff
781,880ab3ae49fffff
782,880ab16c91fffff
783,880a86c58dfffff
784,880ab2c251fffff
785,880ab22661fffff
786,880ab2a5b9fffff
787,880ab331adfffff
788,880a869a99fffff
789,880a84495bfffff
790,880ab16f17fffff
791,880ab345a3fffff
792,880ab16aabfffff
793,880ab234edfffff
794,880ab2a9ebfffff
795,880ab260e7fffff
796,880ab34ed3fffff
797,880ab371dbfffff
798,880a8685b3fffff
799,880ab24a11fffff
800,880ab28c4dfffff
801,880ab3b4b5fffff
802,880ab34211fffff
803,880ab20007fffff
804,880ab32109fffff
805,880ab320d3fffff
806,880a868437fffff
807,880a86c9c5fffff
808,880ab2701dfffff
809,880ab320bbfffff
810,880ab30c0dfffff
811,880ab26323fffff
812,880ab129b3fffff
813,880a868237fffff
814,880ab16459fffff
815,880ab2a891fffff
816,880ab34acbfffff
817,880ab270b3fffff
818,880a869ae7fffff
819,880ab25159fffff
820,880ab200edfffff
821,880ab22cc5fffff
822,880ab2b037fffff
823,880ab21aa7fffff
824,880ab3ad63fffff
825,880a86c4edfffff
826,880ab22535fffff
827,880ab3a1a5fffff
828,880ab2cc25fffff
829,880ab3a663fffff
830,880ab3c16bfffff
831,880a865203fffff
832,880ab20f01fffff
833,880a861469fffff
834,880ab26717fffff
835,880ab2b1b5fffff
836,880ab30d09fffff
837,880ab20353fffff
838,880ab2721bfffff
839,880a869907fffff
840,880a868dd9fffff
841,880ab2a763fffff
842,880ab26197fffff
843,88252d9a8bfffff
844,880a86bb1bfffff
845,880ab3aca3fffff
846,880ab258d7fffff
847,880ab2132dfffff
848,880ab31b59fffff
849,880a863313fffff
850,88252d8b69fffff
851,880ab28d89fffff
852,880ab20455fffff
853,880ab3ad09fffff
854,880ab34683fffff
855,880a861635fffff
856,880ab2a9ddfffff
857,880ab2ba67fffff
858,880ab2685bfffff
859,880ab3d1b5fffff
860,880a86cc4bfffff
861,880a8606adfffff
862,880ab349ddfffff
863,880a865225fffff
864,880ab160c3fffff
865,880ab26245fffff
866,880a869357fffff
867,880ab25031fffff
868,880ab17a15fffff
869,880a86b913fffff
870,880a86966bfffff
871,880ab246d9fffff
872,880ab3da6bfffff
873,880a86a23dfffff
874,880ab3af33fffff
875,880ab3d105fffff
876,880ab23137fffff
877,880ab24ad5fffff
878,880ab228b9fffff
879,880a86d0d1fffff
880,880ab20439fffff
881,880ab32a11fffff
882,880ab30eedfffff
883,880ab2b0adfffff
884,880a94d061fffff
885,880ab235b3fffff
886,880ab2c1b5fffff
887,880ab16db1fffff
888,880ab3455bfffff
889,880ab2643dfffff
890,880a86a897fffff
891,880ab3d35dfffff
892,880a94b2cbfffff
893,880ab2c1adfffff
894,880ab22153fffff
895,880ab22b49fffff
896,880ab34f5bfffff
897,880ab33117fffff
898,880ab2016dfffff
899,880ab35805fffff
900,880ab26e03fffff
901,880ab251b5fffff
902,880ab378c7fffff
903,880ab33201fffff
904,880a86da5dfffff
905,880ab35367fffff
906,88252d964bfffff
907,880ab30e05fffff
908,880ab22d57fffff
909,880ab24111fffff
910,880ab2cd65fffff
911,880a8686b9fffff
912,880a8610ddfffff
913,880ab2696dfffff
914,880ab3d225fffff
915,880ab16c07fffff
916,880ab32b11fffff
917,880ab3b5abfffff
918,880a868d87fffff
919,880ab26c25fffff
920,880ab3364bfffff
921,880ab2a23bfffff
922,880ab3ce1bfffff
923,880a86d74dfffff
924,880ab20f07fffff
925,880ab3db03fffff
926,880ab228cdfffff
927,880ab320d1fffff
928,880ab2a869fffff
929,880ab221bbfffff
930,880a949411fffff
931,880ab3195bfffff
932,880ab34b03fffff
933,880a86dabdfffff
934,880ab2331dfffff
935,880a861213fffff
936,880ab35609fffff
937,880ab202e3fffff
938,880ab342a7fffff
939,880ab16813fffff
940,880ab30a57fffff
941,880ab35aabfffff
942,880ab2051dfffff
943,880ab25a87fffff
944,880ab3d96dfffff
945,880a86c241fffff
946,880a86801bfffff
947,880ab379c7fffff
948,880ab3cea5fffff
949,880ab264c5fffff
950,880a868487fffff
951,880ab33aebfffff
952,880ab26309fffff
953,880a86d08dfffff
954,880ab3cf51fffff
955,880a94b229fffff
956,880ab22e2dfffff
957,88252cb71dfffff
958,880a86aa31fffff
959,88252d9a65fffff
960,880ab3db2dfffff
961,880ab16c37fffff
962,880a8682a9fffff
963,880a86a90bfffff
964,880a844b01fffff
965,880ab30d8dfffff
966,88252d9a6bfffff
967,880a868683fffff
968,88252d911dfffff
969,880ab22ecbfffff
970,880ab179e9fffff
971,880ab20691fffff
972,880ab2b8a7fffff
973,880ab2d195fffff
974,880ab268dbfffff
975,880ab264cbfffff
976,880a8690d3fffff
977,880ab3db35fffff
978,880ab2041dfffff
979,880a86ca4bfffff
980,880ab2a405fffff
981,880a94d2e3fffff
982,880ab06963fffff
983,880ab28947fffff
984,880ab2034dfffff
985,880ab25715fffff
986,880a861a45fffff
987,880a869009fffff
988,880a863055fffff
989,880ab23abbfffff
990,880ab345a7fffff
991,880ab3b52dfffff
992,880ab30e35fffff
993,880ab3b495fffff
994,88252d91e1fffff
995,880ab3c111fffff
996,880ab3a711fffff
997,880ab30c65fffff
998,880ab26349fffff
999,880ab33497fffff
1000,880ab37abbfffff
1001,880ab2b937fffff
1002,880ab30a85fffff
1003,880ab34e03fffff
1004,880ab2c50dfffff
1005,880a8680a9fffff
1006,88252d932dfffff
1007,880a94d74dfffff
1008,880ab24d29fffff
1009,880a861131fffff
1010,880ab24c2bfffff
1011,880ab27559fffff
1012,880ab16189fffff
1013,880ab3755dfffff
1014,88252d835dfffff
1015,880ab22db9fffff
1016,880a86990bfffff
1017,880ab228e7fffff
1018,880ab32343fffff
1019,880ab372bdfffff
1020,880a8699a9fffff
1021,880a869037fffff
1022,880ab3d34bfffff
1023,880ab24341fffff
1024,880ab24221fffff
1025,880ab3d8d3fffff
1026,880ab20767fffff
1027,880ab27ab7fffff
1028,880ab355c7fffff
1029,880ab26c47fffff
1030,880ab26a47fffff
1031,880ab22c5dfffff
1032,880ab35aedfffff
1033,880a861a27fffff
1034,880a86c983fffff
1035,880a8449a7fffff
1036,880ab31269fffff
1037,880ab2bb63fffff
1038,880ab20449fffff
1039,880ab3da8bfffff
1040,880ab37a93fffff
1041,880ab2732dfffff
1042,880a86b2a3fffff
1043,880ab2a311fffff
1044,880a86d441fffff
1045,880ab3015dfffff
1046,880a860467fffff
1047,880a8690e9fffff
1048,880ab23525fffff
1049,880ab31939fffff
1050,880ab205b3fffff
1051,880ab27b33fffff
1052,880ab35253fffff
1053,880ab21285fffff
1054,880ab31345fffff
1055,880ab3aadbfffff
1056,880a86b933fffff
1057,880ab30247fffff
1058,880a860e69fffff
1059,880ab20607fffff
1060,880a86b2edfffff
1061,880ab270c5fffff
1062,880ab200bdfffff
1063,880ab21669fffff
1064,880ab33705fffff
1065,880ab2d5dbfffff
1066,880ab3cce9fffff
1067,880a86a165fffff
1068,880ab208bbfffff
1069,880ab20ce9fffff
1070,880ab22159fffff
1071,880a8610ebfffff
1072,880ab2a6b3fffff
1073,880ab2223dfffff
1074,880ab35631fffff
1075,880a86ad2bfffff
1076,880ab34293fffff
1077,880ab2aa19fffff
1078,880ab2c92bfffff
1079,880ab30569fffff
1080,880a949705fffff
1081,880a86b80dfffff
1082,880a86cab9fffff
1083,880a8449c5fffff
1084,880ab20485fffff
1085,880ab16dc1fffff
1086,880ab3cd0bfffff
1087,880a86ad09fffff
1088,880ab326c5fffff
1089,880ab16705fffff
1090,880ab2c033fffff
1091,880ab212a9fffff
1092,880a86825bfffff
1093,880ab2322dfffff
1094,880ab31ac1fffff
1095,880ab3d331fffff
1096,880ab2a067fffff
1097,880ab3b59dfffff
1098,880ab2408dfffff
1099,880ab31069fffff
1100,880a86c5d1fffff
1101,880ab3494dfffff
1102,880a86ce59fffff
1103,880a869627fffff
1104,880ab17957fffff
1105,880ab2ba81fffff
1106,880ab214edfffff
1107,880a86b01bfffff
1108,88252d92c7fffff
1109,880ab260b5fffff
1110,880ab2611dfffff
1111,880ab27125fffff
1112,880ab372edfffff
1113,880a861927fffff
1114,880ab3071bfffff
1115,880a86aa5bfffff
1116,880ab222e9fffff
1117,880a86870bfffff
1118,880ab3a8d1fffff
1119,880a861b1dfffff
1120,880ab37a5bfffff
1121,880ab246a5fffff
1122,880ab23065fffff
1123,880ab26f55fffff
1124,880ab20a1bfffff
1125,880ab35509fffff
1126,880ab22189fffff
1127,880ab30a11fffff
1128,880ab265ebfffff
1129,880ab3aaa7fffff
1130,880ab3ccc7fffff
1131,880ab22c43fffff
1132,880ab37501fffff
1133,880a868267fffff
1134,880a94d14bfffff
1135,880a8695cbfffff
1136,880ab3d23dfffff
1137,880a844ad3fffff
1138,880ab34dc3fffff
1139,880ab24d57fffff
1140,880ab2351bfffff
1141,880ab34ecdfffff
1142,880a86ab53fffff
1143,880a94b489fffff
1144,880a8688b1fffff
1145,880ab2ba29fffff
1146,880a94924dfffff
1147,880a869459fffff
1148,880ab3d1edfffff
1149,880ab28ed7fffff
1150,880a86841dfffff
1151,880ab2b9d7fffff
1152,880ab31165fffff
1153,880a86c035fffff
1154,880ab2568dfffff
1155,880ab3af43fffff
1156,880ab3b8d7fffff
1157,880ab31b69fffff
1158,880a86c503fffff
1159,880ab30121fffff
1160,880ab28585fffff
1161,880a8616bdfffff
1162,880a86054bfffff
1163,880ab251ddfffff
1164,880ab2b867fffff
1165,880a949b3bfffff
1166,880a949681fffff
1167,880ab37333fffff
1168,880ab22c57fffff
1169,880ab32137fffff
1170,880ab2d5bdfffff
1171,88252d99e7fffff
1172,880ab2201bfffff
1173,880ab22613fffff
1174,880a86065dfffff
1175,880ab33329fffff
1176,880ab27153fffff
1177,880a86c065fffff
1178,880ab16157fffff
1179,880a865445fffff
1180,880a949569fffff
1181,880a869901fffff
1182,880ab30d45fffff
1183,880ab164a3fffff
1184,880ab344d7fffff
1185,880a8681c5fffff
1186,880ab3adcbfffff
1187,880ab20025fffff
1188,880a86056bfffff
1189,880a9495e3fffff
1190,880ab2159bfffff
1191,880ab20c43fffff
1192,880a86828dfffff
1193,880ab28d37fffff
1194,880ab27481fffff
1195,880a86828bfffff
1196,880ab34e99fffff
1197,880a865619fffff
1198,880a94b465fffff
1199,88252d8849fffff
1200,880ab2c585fffff
1201,880ab21627fffff
1202,880a8686cdfffff
1203,880a86805bfffff
1204,880a94b665fffff
1205,880a86d449fffff
1206,880ab161b9fffff
1207,880a86ad47fffff
1208,880ab21039fffff
1209,880ab3cd43fffff
1210,880ab34263fffff
1211,880ab240adfffff
1212,880a8681cdfffff
1213,880ab2cf23fffff
1214,880a8686adfffff
1215,880ab344d3fffff
1216,880ab3a8bbfffff
1217,880a86d4e3fffff
1218,880ab278a3fffff
1219,880ab214e3fffff
1220,880ab268a9fffff
1221,880ab2baedfffff
1222,880a86941bfffff
1223,880ab3054dfffff
1224,880ab26803fffff
1225,880ab20b5bfffff
1226,880a844aebfffff
1227,880a86aaa3fffff
1228,880a869451fffff
1229,880a868755fffff
1230,880a86a825fffff
1231,880ab3ac9bfffff
1232,880ab2b5d1fffff
1233,880a9495a3fffff
1234,880ab34f19fffff
1235,880ab255dbfffff
1236,880ab37a85fffff
1237,880ab33651fffff
1238,88252d9b17fffff
1239,880ab249e3fffff
1240,880ab3af2dfffff
1241,880ab2c8a3fffff
1242,880a86a989fffff
1243,880ab232b1fffff
1244,880a86cd6bfffff
1245,880ab3526dfffff
1246,880ab3cc35fffff
1247,880ab2aab5fffff
1248,880ab22a55fffff
1249,880a868da5fffff
1250,880ab249dbfffff
1251,880ab306c5fffff
1252,880ab3c5b3fffff
1253,88252d9b43fffff
1254,880a86b0c7fffff
1255,880a86989bfffff
1256,880ab3b5b5fffff
1257,880ab2362bfffff
1258,880ab256dbfffff
1259,880ab3cf35fffff
1260,880ab3a9adfffff
1261,880ab355abfffff
1262,880ab28c2dfffff
1263,880ab326cbfffff
1264,880ab28c97fffff
1265,880ab2232dfffff
1266,880ab2776dfffff
1267,880ab31335fffff
1268,880a861035fffff
1269,880a86cac5fffff
1270,880ab3cae3fffff
1271,880ab26c61fffff
1272,880a868287fffff
1273,880ab3ad2bfffff
1274,880a86b9ddfffff
1275,880ab34249fffff
1276,880a8699c9fffff
1277,880ab3dad9fffff
1278,880ab28487fffff
1279,880a94b287fffff
1280,880ab2a161fffff
1281,880ab3a61bfffff
1282,880a86b30bfffff
1283,880ab2264bfffff
1284,880ab2473dfffff
1285,880ab20a95fffff
1286,880a861731fffff
1287,880a869a27fffff
1288,880ab35b69fffff
1289,880ab322a5fffff
1290,880ab31691fffff
1291,880a86da29fffff
1292,880a86b919fffff
1293,880ab3aea9fffff
1294,880ab3a62dfffff
1295,880a869863fffff
1296,880ab229ddfffff
1297,880ab220a7fffff
1298,880ab288b9fffff
1299,880ab16ec9fffff
1300,880ab336d3fffff
1301,88252cb719fffff
1302,880ab21729fffff
1303,880a86b237fffff
1304,880ab3104dfffff
1305,880ab2ae23fffff
1306,880ab28cb5fffff
1307,880a86cd1bfffff
1308,880ab16983fffff
1309,880ab224c3fffff
1310,880ab26983fffff
1311,880a869b5bfffff
1312,880ab162e3fffff
1313,880ab2b9bbfffff
1314,880a86c6b5fffff
1315,880a86c01dfffff
1316,880ab33129fffff
1317,880ab161d3fffff
1318,880ab24891fffff
1319,880ab370a9fffff
1320,880ab3206bfffff
1321,880ab2a9c7fffff
1322,880a8656c5fffff
1323,880a860a45fffff
1324,880a86d951fffff
1325,880ab162bdfffff
1326,880a8696c1fffff
1327,880a868983fffff
1328,880ab289e7fffff
1329,880a86c931fffff
1330,880ab359e1fffff
1331,880a86d8c7fffff
1332,880a86da31fffff
1333,880ab12d25fffff
1334,880a8618e9fffff
1335,880ab35b19fffff
1336,880ab2554bfffff
1337,880ab3cea7fffff
1338,880ab37363fffff
1339,880ab2adedfffff
1340,880ab37611fffff
1341,880ab2a4e7fffff
1342,880ab37317fffff
1343,880ab2b93bfffff
1344,880a9496ddfffff
1345,880ab3319dfffff
1346,880ab3a6c5fffff
1347,880ab2c05bfffff
1348,880ab069dbfffff
1349,880ab3200bfffff
1350,880ab2401dfffff
1351,880a8684d5fffff
1352,880ab20cc9fffff
1353,880a86926dfffff
1354,880a860663fffff
1355,880ab2c687fffff
1356,880ab34363fffff
1357,880ab32361fffff
1358,880a86161dfffff
1359,880ab2d103fffff
1360,880ab16363fffff
1361,880ab3a0e3fffff
1362,880ab28ed3fffff
1363,880ab2421dfffff
1364,880ab370e7fffff
1365,880ab3b68bfffff
1366,880ab3428bfffff
1367,880ab3d20dfffff
1368,880ab26643fffff
1369,880ab16f03fffff
1370,880ab27805fffff
1371,880ab3c635fffff
1372,880ab342d9fffff
1373,880ab359b7fffff
1374,880ab319b1fffff
1375,880ab3b4bbfffff
1376,880ab16e57fffff
1377,880a86c0e1fffff
1378,880a86aa61fffff
1379,880ab31961fffff
1380,880ab16de5fffff
1381,880a86d05dfffff
1382,880ab12dabfffff
1383,880ab37185fffff
1384,880a94d33dfffff
1385,880ab2a2e1fffff
1386,88252d8ad3fffff
1387,880ab3191bfffff
1388,880a868c45fffff
1389,880ab2acd1fffff
1390,880ab37817fffff
1391,880ab26cc1fffff
1392,880a868e25fffff
1393,880ab35aadfffff
1394,880ab33883fffff
1395,880ab3d863fffff
1396,880ab2480dfffff
1397,880a868513fffff
1398,880ab34a53fffff
1399,880a86a063fffff
1400,880a949349fffff
1401,880ab21887fffff
1402,880ab34191fffff
1403,880ab3d199fffff
1404,880ab3544bfffff
1405,880ab30e25fffff
1406,880ab26965fffff
1407,880a869743fffff
1408,880ab24e47fffff
1409,880ab30eebfffff
1410,880a86999dfffff
1411,880ab31919fffff
1412,880ab2c527fffff
1413,880ab20d3bfffff
1414,880ab32635fffff
1415,880a860ac9fffff
1416,880a86ca93fffff
1417,880a9495abfffff
1418,880ab376ddfffff
1419,880a949491fffff
1420,880a8448c1fffff
1421,880a84496dfffff
1422,88252d9649fffff
1423,880ab2b4adfffff
1424,880a86c6d1fffff
1425,880ab2c0b1fffff
1426,880ab3a331fffff
1427,880ab17827fffff
1428,880ab3aecbfffff
1429,880ab2c6c3fffff
1430,880ab20d45fffff
1431,88252dd287fffff
1432,880a86af45fffff
1433,880ab33639fffff
1434,880ab265c1fffff
1435,880a94876bfffff
1436,880ab24c45fffff
1437,880ab20747fffff
1438,880ab2508dfffff
1439,880ab37a6bfffff
1440,880a868563fffff
1441,880a8680c9fffff
1442,880ab16001fffff
1443,880ab20a27fffff
1444,880ab2c539fffff
1445,880ab32ab3fffff
1446,880a9482d7fffff
1447,880ab3080bfffff
1448,880ab246dbfffff
1449,880ab3c36bfffff
1450,880ab34029fffff
1451,880ab2796bfffff
1452,880a8449a3fffff
1453,880ab3b527fffff
1454,880ab26d3bfffff
1455,880a861449fffff
1456,880a844ae5fffff
1457,880a86d883fffff
1458,880ab2468dfffff
1459,880a8689d9fffff
1460,880ab2b725fffff
1461,880a86db53fffff
1462,880a869117fffff
1463,880a94b55bfffff
1464,88252d9b59fffff
1465,880ab37901fffff
1466,880ab3ae59fffff
1467,880ab34d57fffff
1468,880ab37365fffff
1469,880ab27a69fffff
1470,880ab16513fffff
1471,880ab2512bfffff
1472,880ab2374bfffff
1473,880ab23709fffff
1474,880ab31a01fffff
1475,880ab32359fffff
1476,880a863261fffff
1477,880ab36255fffff
1478,880ab2205bfffff
1479,880ab3c443fffff
1480,880a86c555fffff
1481,880a861aa9fffff
1482,880ab3635bfffff
1483,880ab23b09fffff
1484,880a868f31fffff
1485,880ab3b889fffff
1486,880a860699fffff
1487,880ab2091bfffff
1488,880ab31a27fffff
1489,880ab169ebfffff
1490,880ab3595bfffff
1491,880a8680b5fffff
1492,880a86b0a3fffff
1493,880ab36349fffff
1494,880a86199dfffff
1495,880a86159dfffff
1496,880ab3a641fffff
1497,880a86d507fffff
1498,880ab23247fffff
1499,880a94876dfffff
1500,880ab26631fffff
1501,880ab3cebbfffff
1502,880ab22b3dfffff
1503,880ab3a44dfffff
1504,880ab3568dfffff
1505,88252d9267fffff
1506,880ab1799dfffff
1507,880ab26c49fffff
1508,880ab37abdfffff
1509,880ab26cebfffff
1510,880ab3202bfffff
1511,880ab23729fffff
1512,880ab2270dfffff
1513,880ab16161fffff
1514,880ab324ddfffff
1515,880ab23543fffff
1516,880ab3c8a7fffff
1517,880ab37acdfffff
1518,88252d91d5fffff
1519,880ab301a1fffff
1520,880a861489fffff
1521,880ab37809fffff
1522,880ab289a7fffff
1523,880ab305e1fffff
1524,880ab16d67fffff
1525,880a86d1bdfffff
1526,88252d8327fffff
1527,880a868c4dfffff
1528,880ab17867fffff
1529,880ab16d25fffff
1530,880ab326a3fffff
1531,880ab24b3dfffff
1532,880ab22a11fffff
1533,88252d9363fffff
1534,880ab25331fffff
1535,880ab2110bfffff
1536,880ab2054dfffff
1537,880ab3cca3fffff
1538,880ab33659fffff
1539,880ab37a0dfffff
1540,880ab3a0abfffff
1541,880ab34605fffff
1542,880ab23041fffff
1543,880a94b603fffff
1544,880ab32ab5fffff
1545,880ab34c4dfffff
1546,880a865663fffff
1547,880ab22de7fffff
1548,880a844b67fffff
1549,880ab242cbfffff
1550,880ab3215dfffff
1551,880ab206c3fffff
1552,880ab27455fffff
1553,880ab200d5fffff
1554,880ab22b39fffff
1555,880ab33287fffff
1556,880a868c1bfffff
1557,880ab3a50bfffff
1558,880ab356a7fffff
1559,880ab30065fffff
1560,880a86bb2dfffff
1561,880ab2cc99fffff
1562,880a86a9b9fffff
1563,880ab20505fffff
1564,880a8699d3fffff
1565,880ab28ea3fffff
1566,880a86d2a1fffff
1567,880a86c55bfffff
1568,880ab3090bfffff
1569,880ab370b1fffff
1570,880ab30067fffff
1571,880ab3c5bdfffff
1572,880ab3155bfffff
1573,880ab2a36dfffff
1574,88252d9a85fffff
1575,880ab28d35fffff
1576,880ab2a0e9fffff
1577,880a86d169fffff
1578,880a86cb31fffff
1579,880ab3cde1fffff
1580,880ab3cf47fffff
1581,880ab28eb3fffff
1582,880ab2a147fffff
1583,880ab2a53dfffff
1584,880ab22531fffff
1585,880ab3b5c5fffff
1586,880ab28d21fffff
1587,880ab3576dfffff
1588,880a8614c3fffff
1589,880a868a33fffff
1590,880ab24227fffff
1591,880ab2d547fffff
1592,880a86d46bfffff
1593,880ab22899fffff
1594,88252d816bfffff
1595,880ab21525fffff
1596,880ab2141dfffff
1597,880a86cdb3fffff
1598,880ab335c1fffff
1599,880ab3ceb3fffff
1600,880ab24f1bfffff
1601,880a869b45fffff
1602,880ab2d1a9fffff
1603,880ab37559fffff
1604,880a86960dfffff
1605,880a86d063fffff
1606,880ab3d93bfffff
1607,880ab26555fffff
1608,880a86a003fffff
1609,880ab3c061fffff
1610,880ab309b3fffff
1611,880a94d2cdfffff
1612,880ab205a9fffff
1613,880ab266d9fffff
1614,880ab30e83fffff
1615,880ab20b1bfffff
1616,880a869933fffff
1617,880a86b35bfffff
1618,880ab30117fffff
1619,880ab3a80dfffff
1620,880ab26557fffff
1621,880ab2a51bfffff
1622,880ab3b547fffff
1623,880ab20059fffff
1624,88252d9a11fffff
1625,880a94b6edfffff
1626,880a86c627fffff
1627,880ab2ae29fffff
1628,880a86ac45fffff
1629,880ab2aaebfffff
1630,880ab166cdfffff
1631,880ab2a503fffff
1632,880a869353fffff
1633,880ab21505fffff
1634,880ab305bdfffff
1635,880ab208d1fffff
1636,880a86121bfffff
1637,880ab338bbfffff
1638,880a94d2d3fffff
1639,880ab22091fffff
1640,880a86db4dfffff
1641,880ab33565fffff
1642,880a86a8d1fffff
1643,880ab274c5fffff
1644,880a94b0edfffff
1645,880ab3a067fffff
1646,880a868b35fffff
1647,880ab28dedfffff
1648,880ab341d5fffff
1649,880ab3183bfffff
1650,880ab16ecdfffff
1651,880ab3cd2dfffff
1652,880ab2c889fffff
1653,880ab25281fffff
1654,880ab3d33dfffff
1655,880a86d733fffff
1656,880ab3a465fffff
1657,880ab2a069fffff
1658,880ab3d245fffff
1659,880ab35529fffff
1660,880a86aa57fffff
1661,880a8691b5fffff
1662,880ab37601fffff
1663,88252dd49bfffff
1664,880ab20f2bfffff
1665,880ab16753fffff
1666,880ab34ca3fffff
1667,880ab30dbdfffff
1668,880ab26cd1fffff
1669,880ab20dcbfffff
1670,880ab3ab19fffff
1671,880ab2c631fffff
1672,880ab211d7fffff
1673,880a94b759fffff
1674,880ab26967fffff
1675,880ab2418bfffff
1676,880ab3482bfffff
1677,880ab229b9fffff
1678,880ab2112bfffff
1679,880ab265a5fffff
1680,880ab200cdfffff
1681,880ab251e7fffff
1682,880ab24355fffff
1683,880ab24f15fffff
1684,880ab34b51fffff
1685,880ab232e3fffff
1686,880ab3a0e9fffff
1687,880ab2419bfffff
1688,880ab33845fffff
1689,880ab35455fffff
1690,880ab22c3bfffff
1691,880ab249e9fffff
1692,880ab24701fffff
1693,880ab168a7fffff
1694,880a86d915fffff
1695,880ab309c9fffff
1696,880ab270e9fffff
1697,880ab2b1d7fffff
1698,880ab33b4dfffff
1699,880ab3da5bfffff
1700,880a86aaa7fffff
1701,880ab24659fffff
1702,880ab354b1fffff
1703,880ab246cbfffff
1704,880ab25149fffff
1705,880ab2cae1fffff
1706,880ab218b9fffff
1707,880a86da91fffff
1708,880ab16907fffff
1709,880ab225bbfffff
1710,880ab301ebfffff
1711,880ab21687fffff
1712,880a869151fffff
1713,880ab2b169fffff
1714,880ab354b7fffff
1715,880ab22009fffff
1716,880ab33007fffff
1717,880ab3734dfffff
1718,880ab17a3bfffff
1719,880a86d247fffff
1720,880ab2a8e3fffff
1721,880a868cedfffff
1722,880ab3d951fffff
1723,880ab27921fffff
1724,88252d9745fffff
1725,880ab33757fffff
1726,880a86d597fffff
1727,88252d9933fffff
1728,880ab21945fffff
1729,880ab2482dfffff
1730,880a860361fffff
1731,880ab171abfffff
1732,880ab30d51fffff
1733,880a86c547fffff
1734,880ab30967fffff
1735,880ab26f69fffff
1736,880ab37081fffff
1737,880ab346bbfffff
1738,880ab28d03fffff
1739,880a86d61bfffff
1740,880a86d8b7fffff
1741,880ab2c127fffff
1742,880ab35353fffff
1743,880ab3c923fffff
1744,880ab3cb07fffff
1745,880ab3b8d3fffff
1746,880ab22b2bfffff
1747,880ab23ae3fffff
1748,880ab24721fffff
1749,880ab21b39fffff
1750,880ab3796bfffff
1751,880ab2c2ebfffff
1752,880ab21833fffff
1753,880ab37aadfffff
1754,880a865461fffff
1755,880a86b109fffff
1756,880ab27433fffff
1757,880a868861fffff
1758,880ab35605fffff
1759,880ab35b37fffff
1760,880ab22311fffff
1761,880ab3a2d3fffff
1762,880ab3060bfffff
1763,880ab34c53fffff
1764,880a865631fffff
1765,880ab2b8bbfffff
1766,880ab2013dfffff
1767,880ab26439fffff
1768,88252d9139fffff
1769,880ab20a41fffff
1770,880ab2674dfffff
1771,880ab358d1fffff
1772,880ab22b1dfffff
1773,880ab2b857fffff
1774,880a86181bfffff
1775,880ab34827fffff
1776,880ab2452dfffff
1777,880ab3100bfffff
1778,880a86c90bfffff
1779,880ab34e6dfffff
1780,880ab22ebbfffff
1781,88252dd68bfffff
1782,880ab34093fffff
1783,880a86c663fffff
1784,880ab30563fffff
1785,880ab30141fffff
1786,880ab26327fffff
1787,880ab33595fffff
1788,880ab30213fffff
1789,880ab34413fffff
1790,880ab358e1fffff
1791,880ab2282dfffff
1792,880ab35519fffff
1793,880a86ba2bfffff
1794,880ab311b7fffff
1795,880ab3d921fffff
1796,880ab3ace7fffff
1797,880ab32445fffff
1798,880ab1635bfffff
1799,880a86c43dfffff
1800,880ab218a5fffff
1801,880ab168e5fffff
1802,880ab30b19fffff
1803,880a86d84dfffff
1804,880ab24547fffff
1805,880ab20c95fffff
1806,880a868435fffff
1807,880ab22aedfffff
1808,880ab3a4e7fffff
1809,880a861b2bfffff
1810,880ab2744bfffff
1811,880a94d21dfffff
1812,880ab2453bfffff
1813,880ab27887fffff
1814,880ab34db7fffff
1815,880ab220e5fffff
1816,880ab3c4cdfffff
1817,880ab204abfffff
1818,880ab3b095fffff
1819,880ab25aabfffff
1820,880ab3312dfffff
1821,880ab34eb7fffff
1822,880ab204e1fffff
1823,880ab33b43fffff
1824,880a86b2e7fffff
1825,880a8696d1fffff
1826,880ab36269fffff
1827,880a86d031fffff
1828,880ab30637fffff
1829,880ab33b2dfffff
1830,880ab2b809fffff
1831,880a861201fffff
1832,880ab2b151fffff
1833,880ab3c9d5fffff
1834,880ab3a9c9fffff
1835,880a86ce55fffff
1836,880a86d44bfffff
1837,880ab27aa7fffff
1838,880ab21629fffff
1839,880ab24c23fffff
1840,880ab3a09dfffff
1841,880ab162a5fffff
1842,880a861539fffff
1843,880ab3c6b7fffff
1844,88252d9365fffff
1845,880a868211fffff
1846,880ab314d3fffff
1847,880ab2a931fffff
1848,880ab3aa35fffff
1849,880a9494b9fffff
1850,880a86932bfffff
1851,880ab34245fffff
1852,88252d8a11fffff
1853,880ab2b8d1fffff
1854,880a8684e7fffff
1855,880ab2a221fffff
1856,880a861221fffff
1857,880ab2460dfffff
1858,880ab232e5fffff
1859,880a8618c5fffff
1860,880a86c465fffff
1861,880a86a135fffff
1862,880ab2353dfffff
1863,880ab212b5fffff
1864,880ab338c9fffff
1865,880ab2081dfffff
1866,880ab3db67fffff
1867,880ab3045bfffff
1868,880ab326dbfffff
1869,880ab2544bfffff
1870,880ab34809fffff
1871,880ab20a57fffff
1872,880ab30e65fffff
1873,88252d814bfffff
1874,880ab3103dfffff
1875,880ab37aabfffff
1876,880ab2b009fffff
1877,880ab3b52bfffff
1878,880ab30445fffff
1879,880ab3b563fffff
1880,880ab16745fffff
1881,880ab34f61fffff
1882,880ab30529fffff
1883,880ab274b1fffff
1884,880ab27a3bfffff
1885,880ab16291fffff
1886,880a86cec9fffff
1887,880ab2ad43fffff
1888,880ab2cd59fffff
1889,880ab304e3fffff
1890,880ab2d401fffff
1891,880ab21a21fffff
1892,880ab321ebfffff
1893,880ab16b6dfffff
1894,880ab3d893fffff
1895,880ab34aadfffff
1896,880ab34103fffff
1897,880ab22a3bfffff
1898,880ab34a95fffff
1899,880a86d309fffff
1900,880ab30921fffff
1901,880ab24983fffff
1902,88252d8a2bfffff
1903,880ab37885fffff
1904,88252dd617fffff
1905,880ab229cbfffff
1906,880a868a03fffff
1907,880ab34a97fffff
1908,880ab2b237fffff
1909,880ab16dbdfffff
1910,880ab169d9fffff
1911,880ab21a91fffff
1912,880a86156bfffff
1913,880ab23555fffff
1914,880ab30c03fffff
1915,880ab321e9fffff
1916,880ab30565fffff
1917,880ab3a72bfffff
1918,880ab2d13dfffff
1919,880ab354e7fffff
1920,880ab24181fffff
1921,880ab318c7fffff
1922,880ab3d983fffff
1923,880ab336ddfffff
1924,880ab23347fffff
1925,880a860455fffff
1926,880a86d8e3fffff
1927,880ab33adbfffff
1928,880a8602a9fffff
1929,880ab22b53fffff
1930,880ab3b4a9fffff
1931,880a86d955fffff
1932,880ab3a703fffff
1933,880ab2c905fffff
1934,880ab2548bfffff
1935,880ab22a6dfffff
1936,880ab3361bfffff
1937,880a86015dfffff
1938,880ab351e7fffff
1939,880ab246b9fffff
1940,880ab2ac47fffff
1941,880a861b67fffff
1942,880a86074dfffff
1943,880ab248d5fffff
1944,880a86ce0bfffff
1945,880ab24c13fffff
1946,880ab275b7fffff
1947,880ab2a981fffff
1948,880ab20a2dfffff
1949,880ab161ddfffff
1950,880ab35a95fffff
1951,880ab3a013fffff
1952,880ab35655fffff
1953,880ab21b4dfffff
1954,880a949567fffff
1955,880ab2358bfffff
1956,880ab35b51fffff
1957,880ab3a635fffff
1958,880ab2542bfffff
1959,880ab3dac9fffff
1960,880a8632cdfffff
1961,880a868eedfffff
1962,880ab2b131fffff
1963,880ab3a119fffff
1964,880a949647fffff
1965,880a8601bbfffff
1966,880ab2aea3fffff
1967,880ab31b5dfffff
1968,880a949949fffff
1969,880a86b865fffff
1970,880ab3041dfffff
1971,880ab21155fffff
1972,880ab33619fffff
1973,880ab2cc5dfffff
1974,880ab24c99fffff
1975,880ab27241fffff
1976,880a868f35fffff
1977,880ab24e19fffff
1978,880a861b0dfffff
1979,880a94b281fffff
1980,880ab28d8dfffff
1981,880ab16ab5fffff
1982,880ab30737fffff
1983,880a94963dfffff
1984,880a8610d7fffff
1985,880ab348edfffff
1986,88252d966bfffff
1987,880a86b96bfffff
1988,880a8610cdfffff
1989,880ab30e47fffff
1990,880ab34a4dfffff
1991,880a86b833fffff
1992,880ab16b5bfffff
1993,880a86ba55fffff
1994,880ab2c0d9fffff
1995,880a86d1e5fffff
1996,880ab2caa9fffff
1997,880ab358c7fffff
1998,880ab24491fffff
1999,880ab2a6a9fffff
2000,880ab2462dfffff
2001,880ab230dbfffff
2002,880ab2c2a3fffff
2003,880ab3d8d7fffff
2004,880ab305d3fffff
2005,880ab2c8d1fffff
2006,880ab2c317fffff
2007,880ab3414dfffff
2008,880ab35953fffff
2009,880ab21997fffff
2010,880a86bae7fffff
2011,880a86d217fffff
2012,880ab23113fffff
2013,880ab3ca21fffff
2014,880ab26aedfffff
2015,880ab2165bfffff
2016,880ab3264bfffff
2017,880ab22dd5fffff
2018,880ab26e4dfffff
2019,880ab332b5fffff
2020,880ab34499fffff
2021,880ab30a0dfffff
2022,880ab2cdcbfffff
2023,880ab3b595fffff
2024,880a949663fffff
2025,880ab2cea1fffff
2026,880ab16511fffff
2027,880ab21847fffff
2028,880ab2b32dfffff
2029,880ab3a557fffff
2030,880ab3ab57fffff
2031,880ab3ae11fffff
2032,880a869a49fffff
2033,880ab26131fffff
2034,880a949b5dfffff
2035,880ab3aa67fffff
2036,880ab33a17fffff
2037,880ab271cdfffff
2038,880ab21a65fffff
2039,880a86ab09fffff
2040,880ab2d5e3fffff
2041,880a86b8c3fffff
2042,880ab3aee1fffff
2043,880ab30d47fffff
2044,880ab22ae1fffff
2045,880ab06999fffff
2046,880ab24031fffff
2047,880ab288bbfffff
2048,880a86ce3dfffff
2049,880a94b017fffff
2050,880ab30a67fffff
2051,880ab3363bfffff
2052,880ab2163dfffff
2053,880ab35027fffff
2054,880ab208b7fffff
2055,880a86d143fffff
2056,880a94d211fffff
2057,880ab3aca1fffff
2058,880a868725fffff
2059,880ab3a187fffff
2060,880ab3a8a7fffff
2061,880a868a69fffff
2062,88252d99cdfffff
2063,880ab23439fffff
2064,880ab3504dfffff
2065,880a861911fffff
2066,880a860207fffff
2067,880ab30049fffff
2068,880a868d47fffff
2069,880ab3aad9fffff
2070,880ab3d83bfffff
2071,880ab3c0abfffff
2072,880ab26547fffff
2073,880ab32857fffff
2074,880ab32617fffff
2075,880ab20c37fffff
2076,880ab358a7fffff
2077,880a869469fffff
2078,880ab268a7fffff
2079,880a868407fffff
2080,880ab2cf4dfffff
2081,880ab351cbfffff
2082,880a86033bfffff
2083,880ab2519dfffff
2084,880ab1644bfffff
2085,88252d802dfffff
2086,880ab34cd3fffff
2087,880a86d435fffff
2088,880ab3c1edfffff
2089,880ab2b889fffff
2090,880ab26467fffff
2091,880ab2a613fffff
2092,880ab305a5fffff
2093,880ab33343fffff
2094,880a869303fffff
2095,880ab2b143fffff
2096,880a8606d9fffff
2097,880a868121fffff
2098,880a868d27fffff
2099,880ab2a9dbfffff
2100,880ab25693fffff
2101,880a860e09fffff
2102,880ab32b41fffff
2103,880a86d845fffff
2104,880ab37193fffff
2105,880ab2a725fffff
2106,880ab22223fffff
2107,880a86d95bfffff
2108,880ab2ac01fffff
2109,880ab24619fffff
2110,880ab25aa5fffff
2111,880ab25665fffff
2112,880ab20559fffff
2113,880ab23169fffff
2114,880ab2424dfffff
2115,880a869133fffff
2116,880ab2acd9fffff
2117,880a86d757fffff
2118,880ab266a3fffff
2119,880ab23593fffff
2120,880ab33559fffff
2121,880ab34469fffff
2122,880ab215d3fffff
2123,880ab3cd07fffff
2124,880ab215a1fffff
2125,880a8682cdfffff
2126,880ab351e9fffff
2127,880ab21a89fffff
2128,880ab22cadfffff
2129,880ab26921fffff
2130,880a869321fffff
2131,880ab240c5fffff
2132,880ab3a4b9fffff
2133,880a86b191fffff
2134,880ab2ae1dfffff
2135,880a868263fffff
2136,880ab262b3fffff
2137,880ab30b61fffff
2138,880ab3505bfffff
2139,880ab3588bfffff
2140,880a8686bbfffff
2141,880a86d683fffff
2142,880a86d03dfffff
2143,880ab2c18bfffff
2144,880a861941fffff
2145,880ab37369fffff
2146,880a84486bfffff
2147,880a868a5bfffff
2148,880ab2d429fffff
2149,880ab17ae7fffff
2150,880ab22057fffff
2151,880ab3c205fffff
2152,880ab14db7fffff
2153,880ab3a421fffff
2154,880a86043bfffff
2155,880ab3b509fffff
2156,880a868aa9fffff
2157,880ab30047fffff
2158,880ab28967fffff
2159,880ab20b03fffff
2160,880ab28d93fffff
2161,880ab2b9d5fffff
2162,880a8611c7fffff
2163,880ab2ad01fffff
2164,880ab33719fffff
2165,880ab37183fffff
2166,880ab2a755fffff
2167,880ab2ac51fffff
2168,880a94994dfffff
2169,880ab34dcdfffff
2170,880ab3a5dbfffff
2171,880ab17a91fffff
2172,880ab22503fffff
2173,880ab318b1fffff
2174,88252d9185fffff
2175,88252d9887fffff
2176,880ab21717fffff
2177,880ab27417fffff
2178,880ab21245fffff
2179,880ab26865fffff
2180,880ab35ab3fffff
2181,880ab32801fffff
2182,880ab3d553fffff
2183,880ab28dc3fffff
2184,880ab33ad1fffff
2185,880ab308d1fffff
2186,880ab22e59fffff
2187,880ab21635fffff
2188,880ab25741fffff
2189,880ab168c9fffff
2190,880ab3b8abfffff
2191,880ab27667fffff
2192,880ab16c25fffff
2193,880ab3089bfffff
2194,880ab21439fffff
2195,880a86ab3bfffff
2196,880a8690e7fffff
2197,880ab3233bfffff
2198,880ab34f43fffff
2199,88252d895dfffff
2200,880ab3a91bfffff
2201,880ab06993fffff
2202,880ab27939fffff
2203,880ab2a043fffff
2204,880ab24e6bfffff
2205,880a86c1b1fffff
2206,880a868ce7fffff
2207,880ab2b0bdfffff
2208,880ab21507fffff
2209,880ab1690dfffff
2210,880a861a51fffff
2211,880ab32761fffff
2212,880ab35535fffff
2213,880ab2213dfffff
2214,880ab20519fffff
2215,880ab344b5fffff
2216,880a94948dfffff
2217,880ab356d3fffff
2218,880ab21845fffff
2219,880ab38927fffff
2220,880ab275adfffff
2221,880ab31197fffff
2222,880ab2452bfffff
2223,880a860713fffff
2224,880ab256d3fffff
2225,88252d8839fffff
2226,880a868213fffff
2227,880ab3c73dfffff
2228,880ab2a349fffff
2229,880ab3cc5dfffff
2230,880ab2720dfffff
2231,880ab330e5fffff
2232,880a869695fffff
2233,880ab3791bfffff
2234,880a8689adfffff
2235,880a94b2adfffff
2236,880ab2c2c5fffff
2237,880a868ec3fffff
2238,880ab30f55fffff
2239,880ab2289bfffff
2240,880a8601b7fffff
2241,880ab35685fffff
2242,880a949565fffff
2243,880ab06905fffff
2244,880ab23235fffff
2245,880ab301d7fffff
2246,880ab35151fffff
2247,880a8682edfffff
2248,88252d994bfffff
2249,880ab33739fffff
2250,880a86db3bfffff
2251,880ab201d3fffff
2252,880ab2a5e7fffff
2253,880ab2352bfffff
2254,880ab349d9fffff
2255,880ab25017fffff
2256,880ab260e1fffff
2257,880ab2c299fffff
2258,880ab34525fffff
2259,880ab2c60bfffff
2260,880ab26a85fffff
2261,880a8618bbfffff
2262,880ab3755bfffff
2263,880ab30c55fffff
2264,880a86ad31fffff
2265,880ab26e65fffff
2266,880ab3a1c7fffff
2267,880a869555fffff
2268,880ab16539fffff
2269,880ab32705fffff
2270,880ab33409fffff
2271,880ab27a09fffff
2272,880a868833fffff
2273,880a86ab65fffff
2274,880ab205e3fffff
2275,880ab20ac7fffff
2276,880a869a11fffff
2277,880ab3a58dfffff
2278,880ab321e3fffff
2279,880a86a34dfffff
2280,880a86a123fffff
2281,880ab26f03fffff
2282,880ab25343fffff
2283,880ab21241fffff
2284,880a869ab7fffff
2285,880ab2c81bfffff
2286,880a86cd45fffff
2287,880ab24ac5fffff
2288,880a86db11fffff
2289,880ab3c627fffff
2290,880a86b0e5fffff
2291,880ab25333fffff
2292,880ab26ac3fffff
2293,880ab2603dfffff
2294,880ab23089fffff
2295,880ab34cc5fffff
2296,88252dd685fffff
2297,880ab2aeedfffff
2298,880ab27a25fffff
2299,880ab3a425fffff
2300,880ab30949fffff
2301,880a94958bfffff
2302,880a8686d5fffff
2303,880ab23513fffff
2304,880ab3aacdfffff
2305,880a86d9e7fffff
2306,880ab24c81fffff
2307,880ab346ddfffff
2308,880ab3132dfffff
2309,880ab204c3fffff
2310,880ab2d1c5fffff
2311,880ab2463dfffff
2312,880ab22c87fffff
2313,880ab2b549fffff
2314,880ab2adebfffff
2315,880ab2a131fffff
2316,880ab318a7fffff
2317,880a86cabdfffff
2318,880ab2a8e9fffff
2319,880ab2145dfffff
2320,880ab3b735fffff
2321,880ab34549fffff
2322,880a86c28dfffff
2323,880ab33041fffff
2324,88252d9643fffff
2325,880ab24cadfffff
2326,88252d8b2bfffff
2327,880ab31225fffff
2328,880ab20817fffff
2329,880a868551fffff
2330,880ab3c497fffff
2331,880ab24039fffff
2332,880ab22929fffff
2333,880ab16827fffff
2334,880a861317fffff
2335,880a863311fffff
2336,880ab37a31fffff
2337,880ab34c31fffff
2338,880ab16ae7fffff
2339,880a86a9c9fffff
2340,880a869481fffff
2341,880ab2a641fffff
2342,880ab31b51fffff
2343,880ab320ddfffff
2344,880ab2428bfffff
2345,880a8615bdfffff
2346,880a948657fffff
2347,880ab16e6dfffff
2348,880ab2355bfffff
2349,880ab3c201fffff
2350,880ab20a87fffff
2351,880ab162d3fffff
2352,880ab3242dfffff
2353,880a86a105fffff
2354,880ab2a9b7fffff
2355,88252dd649fffff
2356,880ab3a61dfffff
2357,880ab35ab5fffff
2358,880ab3a845fffff
2359,880ab3040bfffff
2360,880a86c49dfffff
2361,880ab35465fffff
2362,880ab23a95fffff
2363,880a8612a9fffff
2364,880ab24653fffff
2365,880a86c251fffff
2366,880ab3acb7fffff
2367,880ab3a2cdfffff
2368,880a861649fffff
2369,880ab2a609fffff
2370,880a94951bfffff
2371,880ab208b9fffff
2372,880ab315d7fffff
2373,880ab3af09fffff
2374,88252d8321fffff
2375,880ab16563fffff
2376,880ab3a9d3fffff
2377,880ab3d369fffff
2378,880a86d569fffff
2379,880ab2a1abfffff
2380,880a86a987fffff
2381,880ab236e3fffff
2382,880a86a803fffff
2383,88252d8b67fffff
2384,880ab2c705fffff
2385,880ab33049fffff
2386,880ab2caa1fffff
2387,880ab3a931fffff
2388,880ab2cd57fffff
2389,880ab33823fffff
2390,880ab16d9dfffff
2391,880ab25ac3fffff
2392,880ab35427fffff
2393,880a844f6dfffff
2394,880a86c495fffff
2395,880a86b829fffff
2396,880ab340bdfffff
2397,880ab209e9fffff
2398,880a94b625fffff
2399,880ab2a21bfffff
2400,880ab2ace1fffff
2401,880ab2cec1fffff
2402,880ab22367fffff
2403,880ab3d931fffff
2404,880ab27163fffff
2405,880ab3ce49fffff
2406,88252dd66dfffff
2407,880ab3c8a1fffff
2408,880a86c325fffff
2409,88252dd0d5fffff
2410,880ab3a135fffff
2411,880a86196bfffff
2412,880ab3751bfffff
2413,880ab26e17fffff
2414,880a86b195fffff
2415,880ab31695fffff
2416,880ab341e5fffff
2417,880ab32ad7fffff
2418,880ab28c6dfffff
2419,880a86c75bfffff
2420,880ab215a7fffff
2421,880ab240c7fffff
2422,880ab3ae2dfffff
2423,880ab3aa55fffff
2424,880ab22aa7fffff
2425,880ab22ad9fffff
2426,880a86a81bfffff
2427,880a86ab2dfffff
2428,880a9492d7fffff
2429,880ab2a023fffff
2430,880ab23167fffff
2431,880ab2b9c7fffff
2432,880ab38939fffff
2433,880ab276ddfffff
2434,880a844a33fffff
2435,880ab16335fffff
2436,880a869715fffff
2437,880ab3c9e7fffff
2438,880a94b051fffff
2439,880a86c637fffff
2440,880a86029bfffff
2441,880ab2cecdfffff
2442,880a8611cbfffff
2443,880ab3c6bbfffff
2444,880ab3d151fffff
2445,880a869a97fffff
2446,880ab370a5fffff
2447,880ab22407fffff
2448,880ab3db0dfffff
2449,880ab340bbfffff
2450,880ab26d01fffff
2451,880ab3a219fffff
2452,880ab22c51fffff
2453,880ab2105bfffff
2454,880a86d30bfffff
2455,88252d8917fffff
2456,880a86c6bbfffff
2457,880ab2a8a7fffff
2458,880ab20e21fffff
2459,880a86cd47fffff
2460,880ab37685fffff
2461,880ab31b61fffff
2462,880ab30a8bfffff
2463,880a94b45bfffff
2464,880ab3a5c1fffff
2465,880a86c017fffff
2466,880ab21463fffff
2467,880a86cee7fffff
2468,880ab28481fffff
2469,880ab16d19fffff
2470,880ab32625fffff
2471,880ab30d01fffff
2472,88252d8245fffff
2473,880ab30d57fffff
2474,880ab178cbfffff
2475,880a8692bbfffff
2476,880ab352e5fffff
2477,880a861195fffff
2478,880ab3a4e3fffff
2479,880a8656a9fffff
2480,880ab2b891fffff
2481,880ab215d7fffff
2482,880ab35aebfffff
2483,880ab2b11bfffff
2484,880ab306abfffff
2485,880ab271ddfffff
2486,880ab3c2c3fffff
2487,880a868515fffff
2488,880ab3ac4dfffff
2489,880a86b1d3fffff
2490,880ab3181bfffff
2491,880ab2a75bfffff
2492,880ab37331fffff
2493,880a86c621fffff
2494,880ab232a1fffff
2495,880a861a5dfffff
2496,88252d99d5fffff
2497,880a869a03fffff
2498,880ab2a331fffff
2499,880ab26da3fffff
2500,880a8694cdfffff
2501,880ab25107fffff
2502,880ab2cddbfffff
2503,880ab252e3fffff
2504,880a8606bbfffff
2505,880ab22499fffff
2506,880a94b6c7fffff
2507,880ab162c5fffff
2508,880ab3b465fffff
2509,880ab160b9fffff
2510,880ab34841fffff
2511,880ab3712bfffff
2512,880a860e45fffff
2513,880ab309b7fffff
2514,880ab1785dfffff
2515,880ab212a1fffff
2516,880ab3c6c5fffff
2517,880ab3adb5fffff
2518,880ab3daa5fffff
2519,880a86b983fffff
2520,880a86b159fffff
2521,880ab30c6dfffff
2522,880a86da4dfffff
2523,880ab30087fffff
2524,880a865667fffff
2525,880ab262b5fffff
2526,880ab24091fffff
2527,880a8604d1fffff
2528,880a8602dbfffff
2529,880a86101dfffff
2530,880ab3b8e7fffff
2531,880ab2ba95fffff
2532,880ab225a5fffff
2533,880ab22015fffff
2534,880a860125fffff
2535,880a86a05dfffff
2536,880a86d361fffff
2537,880a861ad1fffff
2538,880ab2aa41fffff
2539,880ab24c3bfffff
2540,880ab27a93fffff
2541,88252d99dbfffff
2542,88252d8addfffff
2543,880ab26453fffff
2544,880ab2af67fffff
2545,880a86b805fffff
2546,880a86aabbfffff
2547,880a86561bfffff
2548,880ab24621fffff
2549,880ab20dc1fffff
2550,880ab37a87fffff
2551,880ab3c135fffff
2552,880ab2acc5fffff
2553,880a949697fffff
2554,880ab3c98dfffff
2555,880ab2c0b9fffff
2556,880ab20dd7fffff
2557,880ab3d10bfffff
2558,880ab2450dfffff
2559,880ab22717fffff
2560,880ab202d3fffff
2561,880ab2615bfffff
2562,880ab23589fffff
2563,880ab3a613fffff
2564,880ab2c295fffff
2565,880ab16165fffff
2566,880ab169c1fffff
2567,880a86a30bfffff
2568,880a86ab35fffff
2569,880ab2a987fffff
2570,880ab2cca7fffff
2571,880ab23483fffff
2572,880ab162cbfffff
2573,880a86cb43fffff
2574,880a86b32bfffff
2575,880a94d2ebfffff
2576,880ab351c7fffff
2577,880a94b219fffff
2578,880a94b76bfffff
2579,880a869811fffff
2580,880a869aedfffff
2581,880ab208b1fffff
2582,880a86af33fffff
2583,880ab28de9fffff
2584,880a869917fffff
2585,880ab32ae3fffff
2586,880a86af35fffff
2587,880ab2123dfffff
2588,880a86c94dfffff
2589,880ab276cdfffff
2590,880ab2c141fffff
2591,880a86980bfffff
2592,880ab17a29fffff
2593,880a86871bfffff
2594,880a868f57fffff
2595,880a868d55fffff
2596,880a869abdfffff
2597,880ab2715bfffff
2598,880ab3a05bfffff
2599,880ab35801fffff
2600,880ab32095fffff
2601,880ab2542dfffff
2602,880ab338d1fffff
2603,880ab276a5fffff
2604,88252d8105fffff
2605,880ab2c0dbfffff
2606,880ab17a99fffff
2607,880ab28c55fffff
2608,880a94b41dfffff
2609,880ab23515fffff
2610,880ab33721fffff
2611,880ab3622bfffff
2612,880ab2b013fffff
2613,880ab26099fffff
2614,880a8448a7fffff
2615,880ab3c6a7fffff
2616,880ab33acbfffff
2617,880ab2008bfffff
2618,880ab22e9dfffff
2619,880a86949bfffff
2620,880ab37939fffff
2621,880ab245dbfffff
2622,88252d9629fffff
2623,880ab328c7fffff
2624,880ab278dbfffff
2625,880ab2112dfffff
2626,880ab2ba6dfffff
2627,880ab25727fffff
2628,880ab33699fffff
2629,880a86105dfffff
2630,880ab3cdcdfffff
2631,880ab3708dfffff
2632,880ab2a1ebfffff
2633,880a86d191fffff
2634,880ab234bbfffff
2635,880ab334abfffff
2636,880ab346a7fffff
2637,880ab2c5cdfffff
2638,880ab2440dfffff
2639,880ab3ca59fffff
2640,880ab25601fffff
2641,880ab2c067fffff
2642,880ab17a1dfffff
2643,880ab30b6dfffff
2644,88252d92ddfffff
2645,880ab35b33fffff
2646,880a844837fffff
2647,880ab24ea9fffff
2648,880a86c561fffff
2649,880ab34abdfffff
2650,880a86914dfffff
2651,880ab3db69fffff
2652,880ab2a443fffff
2653,880a8615abfffff
2654,880ab3cae9fffff
2655,880ab371a7fffff
2656,880a8694d5fffff
2657,880a844a07fffff
2658,880a860711fffff
2659,880ab3d849fffff
2660,880ab3c89dfffff
2661,880ab23335fffff
2662,880ab26ac5fffff
2663,880a86b9a3fffff
2664,880ab3a885fffff
2665,880ab3033bfffff
2666,880a8681b3fffff
2667,880a860269fffff
2668,880ab33a8dfffff
2669,880ab3373dfffff
2670,880ab22451fffff
2671,880a8686a5fffff
2672,880a8699e3fffff
2673,880ab1673bfffff
2674,880ab16a89fffff
2675,880ab2330dfffff
2676,880ab2d4abfffff
2677,880ab22aa9fffff
2678,880ab33805fffff
2679,880ab3ab31fffff
2680,88252d9193fffff
2681,880ab21209fffff
2682,880a868125fffff
2683,880ab24367fffff
2684,880ab30311fffff
2685,880ab26207fffff
2686,880a86db55fffff
2687,880ab3a19dfffff
2688,880ab28d95fffff
2689,880ab28ee9fffff
2690,880ab3cc53fffff
2691,880ab2c0b5fffff
2692,880ab2ca5bfffff
2693,880a86c9adfffff
2694,880ab2cf13fffff
2695,880ab31867fffff
2696,880a949551fffff
2697,880ab34905fffff
2698,880a86aa43fffff
2699,880ab27ad5fffff
2700,880ab31a37fffff
2701,880a86953bfffff
2702,880ab2a1a3fffff
2703,880ab22209fffff
2704,880ab169bdfffff
2705,880ab30729fffff
2706,880ab22485fffff
2707,880ab301c9fffff
2708,880ab314d9fffff
2709,880a86198bfffff
2710,880ab33295fffff
2711,880ab2af0dfffff
2712,880ab26a91fffff
2713,880ab37569fffff
2714,880a8695c7fffff
2715,880a86c091fffff
2716,880ab26333fffff
2717,880ab31aedfffff
2718,880ab31a03fffff
2719,880ab3c2d3fffff
2720,880ab26963fffff
2721,880ab3a73dfffff
2722,880ab16f57fffff
2723,880ab30015fffff
2724,880a861125fffff
2725,880ab2650bfffff
2726,880a86c195fffff
2727,880ab3133bfffff
2728,880ab33ac9fffff
2729,880ab16b29fffff
2730,880ab32a23fffff
2731,880ab371a1fffff
2732,880ab1682dfffff
2733,880ab30e31fffff
2734,880ab31b0dfffff
2735,880ab23485fffff
2736,880ab2c0ddfffff
2737,880ab340ebfffff
2738,880ab2205dfffff
2739,880ab330a1fffff
2740,880a86c089fffff
2741,880a86183bfffff
2742,880ab17abdfffff
2743,880a844b4dfffff
2744,880ab22521fffff
2745,880ab16b33fffff
2746,880a863367fffff
2747,880ab32a3bfffff
2748,880a861487fffff
2749,880ab35043fffff
2750,880ab20029fffff
2751,880ab27503fffff
2752,880ab2ae41fffff
2753,880ab209d9fffff
2754,880ab32187fffff
2755,880a861ac7fffff
2756,880ab3d8b5fffff
2757,880ab3116bfffff
2758,880ab2b9c5fffff
2759,880ab3b5ebfffff
2760,880ab30859fffff
2761,880a863267fffff
2762,880ab2166bfffff
2763,880ab2431bfffff
2764,880ab24ca3fffff
2765,880ab1649dfffff
2766,88252d9617fffff
2767,880ab22a33fffff
2768,880ab24f53fffff
2769,880ab24e93fffff
2770,880ab16e3dfffff
2771,880ab3da8dfffff
2772,880a860e4bfffff
2773,880ab24483fffff
2774,880ab2b9a9fffff
2775,880ab3c503fffff
2776,880ab229a1fffff
2777,880ab354b5fffff
2778,880ab34a83fffff
2779,880a94974bfffff
2780,880ab235ddfffff
2781,880ab24d1bfffff
2782,880ab2499dfffff
2783,880a86ae69fffff
2784,880ab34703fffff
2785,880ab33a41fffff
2786,880ab375d1fffff
2787,880a94b715fffff
2788,880ab24e5dfffff
2789,880a86996dfffff
2790,880ab212b9fffff
2791,880ab26239fffff
2792,880a861995fffff
2793,88252d8a4dfffff
2794,880a860a3bfffff
2795,880a8694e5fffff
2796,880ab314d1fffff
2797,880ab22ac7fffff
2798,880ab20c1dfffff
2799,880a86d9edfffff
2800,880ab33ad9fffff
2801,880ab22811fffff
2802,880ab200abfffff
2803,880ab2c491fffff
2804,880a861a83fffff
2805,880a86ba43fffff
2806,880a94d2abfffff
2807,880a86858dfffff
2808,880ab25457fffff
2809,880ab2c023fffff
2810,880a94d665fffff
2811,880ab179b1fffff
2812,880ab1648dfffff
2813,880ab3a985fffff
2814,88252d9b27fffff
2815,880ab26713fffff
2816,880ab2a491fffff
2817,880ab2d1d9fffff
2818,880a94b68dfffff
2819,880ab22829fffff
2820,880ab3c4d9fffff
2821,880ab2a6e3fffff
2822,880a86d617fffff
2823,880a860401fffff
2824,880ab311cbfffff
2825,880ab22891fffff
2826,880a844985fffff
2827,880ab16a8bfffff
2828,880ab2ae27fffff
2829,880ab30d2dfffff
2830,880ab2ccddfffff
2831,880ab2d453fffff
2832,880ab25a9bfffff
2833,880ab2ae2dfffff
2834,880a8616e3fffff
2835,880ab37827fffff
2836,880ab21805fffff
2837,880ab305b9fffff
2838,880ab240ddfffff
2839,880ab201d5fffff
2840,880a863239fffff
2841,880ab3aa13fffff
2842,880ab2b5c3fffff
2843,880a86a11dfffff
2844,880ab30883fffff
2845,880a94b417fffff
2846,880ab272c5fffff
2847,880ab2c8a7fffff
2848,880a86c713fffff
2849,880a86bb59fffff
2850,880ab2bb2bfffff
2851,880ab34227fffff
2852,880ab24c15fffff
2853,880a860a29fffff
2854,880ab276e9fffff
2855,880ab246b1fffff
2856,880ab3aa47fffff
2857,880ab3c093fffff
2858,880ab2c437fffff
2859,880ab221e3fffff
2860,880ab30ca9fffff
2861,88252d9ad9fffff
2862,880a8681e7fffff
2863,880ab3c9edfffff
2864,880a9482ddfffff
2865,880ab34e37fffff
2866,880ab26165fffff
2867,880ab3d14bfffff
2868,880a861821fffff
2869,880a86a133fffff
2870,880a86802dfffff
2871,880a94b717fffff
2872,880ab35b01fffff
2873,880ab3d201fffff
2874,880ab2d4dbfffff
2875,880ab32749fffff
2876,880ab3ade7fffff
2877,880a86d807fffff
2878,880ab3220bfffff
2879,880ab17885fffff
2880,880ab3558dfffff
2881,880ab2aa15fffff
2882,880ab32121fffff
2883,880ab23915fffff
2884,880ab37617fffff
2885,880ab2a44bfffff
2886,880a86c003fffff
2887,880a8691b3fffff
2888,880a86ae67fffff
2889,880ab26ea5fffff
2890,880a86c4c7fffff
2891,880ab34c59fffff
2892,880ab349dbfffff
2893,880ab2754bfffff
2894,880a86d865fffff
2895,880ab20347fffff
2896,880ab3c241fffff
2897,880ab16a13fffff
2898,880a949695fffff
2899,880ab3a729fffff
2900,880a9496d1fffff
2901,880a86a045fffff
2902,880ab2764dfffff
2903,880ab21715fffff
2904,880ab23711fffff
2905,880ab30c8bfffff
2906,88252d99cbfffff
2907,880ab316b3fffff
2908,880ab20c47fffff
2909,880a869855fffff
2910,880a86146bfffff
2911,880a868b45fffff
2912,880ab20a21fffff
2913,880ab2044bfffff
2914,880ab17805fffff
2915,880a861457fffff
2916,880ab3ab63fffff
2917,880ab16849fffff
2918,880a86c915fffff
2919,880a86169dfffff
2920,880a86cb55fffff
2921,880ab26de7fffff
2922,880ab209b1fffff
2923,880a8684ddfffff
2924,880a949737fffff
2925,880ab3091bfffff
2926,880ab3d915fffff
2927,880a8688b3fffff
2928,880a869a35fffff
2929,880ab31b47fffff
2930,880a865345fffff
2931,880ab269e1fffff
2932,880ab32a05fffff
2933,880ab24537fffff
2934,880ab20603fffff
2935,880ab2c409fffff
2936,880ab17809fffff
2937,880a868ae5fffff
2938,880ab37a03fffff
2939,880ab33ab1fffff
2940,880ab2a0b7fffff
2941,880ab3423bfffff
2942,880ab32447fffff
2943,880a86d207fffff
2944,880ab3c721fffff
2945,880ab2b18dfffff
2946,880ab316b1fffff
2947,880ab3a605fffff
2948,880ab3c459fffff
2949,880a860109fffff
2950,880a868593fffff
2951,880a86a9a3fffff
2952,880ab24289fffff
2953,880ab25669fffff
2954,880ab26527fffff
2955,880a868463fffff
2956,880ab2bad7fffff
2957,880ab214bbfffff
2958,880ab3381dfffff
2959,880ab32355fffff
2960,880ab3a011fffff
2961,880a86c829fffff
2962,880ab20d97fffff
2963,880a86b197fffff
2964,880ab3315dfffff
2965,880ab311e9fffff
2966,880ab26901fffff
2967,880ab22801fffff
2968,880ab34e1dfffff
2969,880ab344a7fffff
2970,880ab16093fffff
2971,880ab20901fffff
2972,880ab21663fffff
2973,880a86d2e5fffff
2974,880ab22d87fffff
2975,880a86112bfffff
2976,880ab3cb2bfffff
2977,880ab3b523fffff
2978,880ab2848bfffff
2979,880a8615dbfffff
2980,880a844f65fffff
2981,880ab2a519fffff
2982,880ab25491fffff
2983,880ab06d67fffff
2984,880ab24505fffff
2985,880ab28e97fffff
2986,880ab20c19fffff
2987,880a948665fffff
2988,880ab236a3fffff
2989,880ab31817fffff
2990,880ab33615fffff
2991,880a868b01fffff
2992,880a861993fffff
2993,880ab228bdfffff
2994,880ab30d37fffff
2995,880a868489fffff
2996,880ab161b1fffff
2997,880a86c0edfffff
2998,880ab30dc3fffff
2999,880ab20419fffff
3000,880ab33229fffff
3001,880a8694b1fffff
3002,88252d8155fffff
3003,880ab23997fffff
3004,880ab26c0dfffff
3005,880ab2755dfffff
3006,880ab23925fffff
3007,880a86c9e1fffff
3008,880ab32017fffff
3009,880a8680e7fffff
3010,880ab20323fffff
3011,880a861a57fffff
3012,880ab2a995fffff
3013,880ab30851fffff
3014,880a86044bfffff
3015,880a86d939fffff
3016,880ab2a8d9fffff
3017,880a8602d9fffff
3018,880ab2b1e1fffff
3019,880ab34ac5fffff
3020,880ab3c52bfffff
3021,880ab302e1fffff
3022,880ab26233fffff
3023,880a86ad33fffff
3024,880ab2ae87fffff
3025,880ab2561dfffff
3026,880ab3cab1fffff
3027,880ab24ac3fffff
3028,880ab3112dfffff
3029,880ab2bb27fffff
3030,88252dd6b1fffff
3031,880ab35951fffff
3032,880ab3af21fffff
3033,880ab3c033fffff
3034,880ab20089fffff
3035,880ab2d033fffff
3036,880ab21497fffff
3037,880a860045fffff
3038,880ab302bbfffff
3039,880ab21585fffff
3040,880ab2aecdfffff
3041,880ab28b63fffff
3042,880ab17881fffff
3043,880ab322cbfffff
3044,880a860459fffff
3045,880ab16805fffff
3046,880ab3745bfffff
3047,880a861639fffff
3048,880ab25261fffff
3049,880ab36361fffff
3050,880ab326cdfffff
3051,880a86cf21fffff
3052,880ab31501fffff
3053,880ab3016dfffff
3054,880a861a2dfffff
3055,880ab28d19fffff
3056,880a8689b3fffff
3057,880ab2d891fffff
3058,880ab31ac9fffff
3059,880ab24da9fffff
3060,880ab2d0e3fffff
3061,880ab3c00dfffff
3062,880ab23a23fffff
3063,880ab22923fffff
3064,880a860a6dfffff
3065,880a868cbdfffff
3066,880a86ab61fffff
3067,880ab2a85dfffff
3068,880ab21821fffff
3069,880ab16c15fffff
3070,88252d983bfffff
3071,880ab3a451fffff
3072,880ab24709fffff
3073,880ab228bbfffff
3074,880ab2c667fffff
3075,880ab26d19fffff
3076,880ab251d9fffff
3077,880ab2cca5fffff
3078,880ab3c0e9fffff
3079,880ab34011fffff
3080,880ab17985fffff
3081,880ab26941fffff
3082,880ab3744bfffff
3083,880ab3af11fffff
3084,880ab350e9fffff
3085,880ab3ad4bfffff
3086,880a86b951fffff
3087,880ab23825fffff
3088,880a86d887fffff
3089,880ab23493fffff
3090,880ab31907fffff
3091,880ab23187fffff
3092,88252d9a3bfffff
3093,880ab2368bfffff
3094,880ab2c6bbfffff
3095,880ab2275dfffff
3096,880ab256c5fffff
3097,880ab20dc7fffff
3098,880ab2b595fffff
3099,880ab069b1fffff
3100,880ab240a1fffff
3101,880ab33501fffff
3102,880ab26e87fffff
3103,88252dd6a3fffff
3104,880ab26e2dfffff
3105,880ab3a307fffff
3106,880a8612b1fffff
3107,880ab20eb7fffff
3108,880ab31143fffff
3109,880ab3c917fffff
3110,880ab26201fffff
3111,880ab372c5fffff
3112,880ab37181fffff
3113,880ab16f0bfffff
3114,880ab3d5a3fffff
3115,880ab30c31fffff
3116,880a86db49fffff
3117,880a861843fffff
3118,880a86c9c7fffff
3119,880a8692cbfffff
3120,880ab24a4bfffff
3121,880ab3ac1bfffff
3122,880a861959fffff
3123,880ab315bbfffff
3124,880ab3b8ddfffff
3125,880ab302a5fffff
3126,880ab3400bfffff
3127,880ab25323fffff
3128,880ab3d98dfffff
3129,880ab34645fffff
3130,880ab28957fffff
3131,880ab2c74dfffff
3132,880a861ad3fffff
3133,880a8696dbfffff
3134,88252dd2b5fffff
3135,880ab178abfffff
3136,880ab2c807fffff
3137,880a861633fffff
3138,880ab21685fffff
3139,880a860447fffff
3140,880ab3a8bdfffff
3141,880ab24aa5fffff
3142,880a86a819fffff
3143,880ab20645fffff
3144,880ab24c8dfffff
3145,880ab21601fffff
3146,880a868a17fffff
3147,880a86c267fffff
3148,880ab2ac89fffff
3149,880ab20a97fffff
3150,880ab265e7fffff
3151,880ab24e41fffff
3152,880ab33315fffff
3153,880ab35085fffff
3154,880a8448e7fffff
3155,880a86c18bfffff
3156,880ab2d587fffff
3157,880a86b9bdfffff
3158,880ab3cd1dfffff
3159,880ab245a1fffff
3160,880ab2c0b3fffff
3161,880ab322d9fffff
3162,880ab34c19fffff
3163,880a868ec1fffff
3164,880a86023dfffff
3165,880ab3d127fffff
3166,880ab2d5a1fffff
3167,880ab37985fffff
3168,880ab2a14dfffff
3169,880ab2b113fffff
3170,880a8690c7fffff
3171,880ab2a4abfffff
3172,880ab3cf11fffff
3173,880ab274ebfffff
3174,880ab21ab5fffff
3175,880ab2b93dfffff
3176,880ab26263fffff
3177,880ab16725fffff
3178,880ab20301fffff
3179,880a86da83fffff
3180,880ab2740bfffff
3181,880ab3203dfffff
3182,880ab0696bfffff
3183,880a86c029fffff
3184,880a86d02dfffff
3185,880a86d2bbfffff
3186,880ab2d541fffff
3187,880a86c2a7fffff
3188,880ab2ac27fffff
3189,880ab2c027fffff
3190,880ab32251fffff
3191,880ab26e83fffff
3192,880a869453fffff
3193,880ab3c339fffff
3194,880ab24433fffff
3195,880ab2c0d1fffff
3196,880ab2560bfffff
3197,880ab26733fffff
3198,880ab32215fffff
3199,880ab3caabfffff
3200,880ab2375dfffff
3201,880ab3a697fffff
3202,880a868697fffff
3203,880ab2246bfffff
3204,880a86d8d7fffff
3205,880ab23319fffff
3206,880ab34ec1fffff
3207,880ab37745fffff
3208,880a94b2cdfffff
3209,880a86cd25fffff
3210,880ab2388bfffff
3211,880a94d28dfffff
3212,880ab331a7fffff
3213,880ab30455fffff
3214,880a94b23dfffff
3215,880ab2b9d9fffff
3216,880ab2aac5fffff
3217,880ab24303fffff
3218,880ab30a95fffff
3219,880ab30f45fffff
3220,880ab1788dfffff
3221,880ab25585fffff
3222,880ab3d919fffff
3223,880ab34687fffff
3224,880ab20633fffff
3225,880a86843dfffff
3226,880ab3aeb5fffff
3227,880ab2a04dfffff
3228,880a86c03bfffff
3229,880ab2c71bfffff
3230,880ab25469fffff
3231,880ab26629fffff
3232,880ab3c1b3fffff
3233,880ab35961fffff
3234,880a86a367fffff
3235,880ab33b65fffff
3236,880a86b8c1fffff
3237,880ab3c701fffff
3238,880ab25301fffff
3239,880ab332e9fffff
3240,880ab3b5c9fffff
3241,880ab31a3bfffff
3242,880ab33323fffff
3243,880ab3754dfffff
3244,880a8686e3fffff
3245,880ab3c6d9fffff
3246,880a8681a7fffff
3247,880ab3b9bbfffff
3248,880ab3da97fffff
3249,880ab3a76dfffff
3250,880ab224e3fffff
3251,880ab2c955fffff
3252,880ab16ab7fffff
3253,880ab3dac3fffff
3254,880ab26651fffff
3255,880ab33195fffff
3256,880ab3d001fffff
3257,880a8681a5fffff
3258,880ab25749fffff
3259,880ab33657fffff
3260,880ab3da49fffff
3261,880ab22901fffff
3262,880ab245c5fffff
3263,880a8688a3fffff
3264,880ab37095fffff
3265,880ab3d9e1fffff
3266,880ab3b59bfffff
3267,880ab21213fffff
3268,880ab2382bfffff
3269,880ab2a6edfffff
3270,880a86dadbfffff
3271,880ab2ae2bfffff
3272,880ab3a4e5fffff
3273,880a844935fffff
3274,880ab22d0bfffff
3275,880ab20651fffff
3276,880ab2621dfffff
3277,880a86caa5fffff
3278,880a86da8bfffff
3279,880a8690d9fffff
3280,880ab17a1bfffff
3281,880ab30105fffff
3282,880a86d5ddfffff
3283,880ab326b3fffff
3284,880ab238d1fffff
3285,880ab228d1fffff
3286,880a86c727fffff
3287,880ab218d3fffff
3288,880a86c2e9fffff
3289,880ab3acb5fffff
3290,880ab2a421fffff
3291,880ab2001bfffff
3292,880a86ab55fffff
3293,880ab2565dfffff
3294,880ab3271bfffff
3295,880ab20ad3fffff
3296,880ab22003fffff
3297,880ab285a1fffff
3298,880ab3420dfffff
3299,880ab26723fffff
3300,880ab26765fffff
3301,880ab20711fffff
3302,880ab30ab5fffff
3303,880a949b67fffff
3304,880ab285edfffff
3305,880ab23b07fffff
3306,880a9492d3fffff
3307,880ab32e4bfffff
3308,880ab21b55fffff
3309,880ab25603fffff
3310,880ab27b4dfffff
3311,880a86c837fffff
3312,880a86ccc1fffff
3313,880ab379e7fffff
3314,880a94b6b9fffff
3315,880ab26755fffff
3316,880ab2ccd5fffff
3317,880ab3a50dfffff
3318,880a863303fffff
3319,880ab311edfffff
3320,880ab3195dfffff
3321,880a86ce13fffff
3322,880ab3d81dfffff
3323,880ab335d5fffff
3324,880ab37093fffff
3325,880ab22653fffff
3326,880ab26e49fffff
3327,880ab2a95dfffff
3328,880ab22919fffff
3329,880ab20b39fffff
3330,880ab28917fffff
3331,880ab2b18bfffff
3332,880ab16047fffff
3333,880ab3335dfffff
3334,880ab314b1fffff
3335,880ab16f21fffff
3336,880a86c061fffff
3337,880ab22c8bfffff
3338,880ab32053fffff
3339,880a86cd15fffff
3340,880ab30ec9fffff
3341,880a86d537fffff
3342,880ab308c3fffff
3343,880ab3c095fffff
3344,880a869ab9fffff
3345,880a86cab3fffff
3346,880ab24c1dfffff
3347,880ab2294dfffff
3348,880ab2260dfffff
3349,880ab246e5fffff
3350,880ab2d727fffff
3351,88252d9111fffff
3352,880ab30e55fffff
3353,880a86028dfffff
3354,880a86ca49fffff
3355,880ab3b897fffff
3356,880a86a1ebfffff
3357,880a86988dfffff
3358,880ab2a993fffff
3359,880ab17abbfffff
3360,880ab2c315fffff
3361,880ab33763fffff
3362,880ab2a037fffff
3363,880ab3a91dfffff
3364,880ab3cae5fffff
3365,880ab371e9fffff
3366,880a865357fffff
3367,880ab20d2bfffff
3368,880ab31561fffff
3369,880a868c5dfffff
3370,880ab32a65fffff
3371,880ab28ee5fffff
3372,880a860025fffff
3373,880ab3cc11fffff
3374,880ab32f6bfffff
3375,880ab33961fffff
3376,880ab219cdfffff
3377,880ab249ddfffff
3378,880ab3b541fffff
3379,880ab26ea7fffff
3380,880ab37739fffff
3381,880ab3ac91fffff
3382,880ab06951fffff
3383,880ab34909fffff
3384,880ab261e1fffff
3385,880ab26c17fffff
3386,880ab316abfffff
3387,880ab3c89bfffff
3388,880a86b837fffff
3389,880ab2a119fffff
3390,880ab24ecdfffff
3391,880a861299fffff
3392,880ab2c66dfffff
3393,880ab342bdfffff
3394,88252d9759fffff
3395,880ab3b2a1fffff
3396,880ab27523fffff
3397,880ab25763fffff
3398,880ab2a451fffff
3399,880ab3c8b1fffff
3400,880ab20255fffff
3401,880ab24209fffff
3402,880ab255cdfffff
3403,880ab218a7fffff
3404,88252dd2d3fffff
3405,880ab30681fffff
3406,880ab33417fffff
3407,880ab2a4e5fffff
3408,880ab16503fffff
3409,880ab34401fffff
3410,880ab27637fffff
3411,880ab2c21dfffff
3412,880a86116bfffff
3413,880ab35adbfffff
3414,880ab3a763fffff
3415,880ab2c355fffff
3416,880ab34a99fffff
3417,880ab3aaedfffff
3418,880a86c99dfffff
3419,880ab37325fffff
3420,880ab23219fffff
3421,880ab16817fffff
3422,880ab31b17fffff
3423,880ab24a37fffff
3424,880a860a53fffff
3425,880a86132dfffff
3426,880ab22131fffff
3427,880ab3459bfffff
3428,880ab129b7fffff
3429,880ab3085bfffff
3430,880ab27815fffff
3431,880ab344dbfffff
3432,880ab30ebbfffff
3433,880ab240c1fffff
3434,880ab23003fffff
3435,880a86c10bfffff
3436,880a94d055fffff
3437,880a861621fffff
3438,880ab2641dfffff
3439,880ab2215dfffff
3440,880ab321d3fffff
3441,880a86c969fffff
3442,880a868c2dfffff
3443,880a9482d1fffff
3444,880a861455fffff
3445,880ab35423fffff
3446,880a86c0ebfffff
3447,880a865369fffff
3448,880ab2406dfffff
3449,880a86b8a7fffff
3450,880ab2b9ebfffff
3451,880ab17883fffff
3452,880ab326c3fffff
3453,880ab164e5fffff
3454,880ab27aa3fffff
3455,880a8694c3fffff
3456,880ab3c041fffff
3457,880ab220e9fffff
3458,880a8699e5fffff
3459,880a86c92dfffff
3460,880ab3513bfffff
3461,880ab33865fffff
3462,880ab306a9fffff
3463,880a86c967fffff
3464,880ab20e0dfffff
3465,880ab2b0a7fffff
3466,880ab2c743fffff
3467,880ab35811fffff
3468,880a94d34dfffff
3469,880ab370b9fffff
3470,880a86a9e9fffff
3471,880ab3a5b5fffff
3472,880ab3c343fffff
3473,880ab2286dfffff
3474,880ab351c9fffff
3475,880a86041bfffff
3476,880ab3ac17fffff
3477,880ab3c03bfffff
3478,880ab37b4bfffff
3479,880ab22cb1fffff
3480,880ab2a683fffff
3481,88252d9a6dfffff
3482,880ab276b3fffff
3483,880ab3c5cdfffff
3484,880ab2288dfffff
3485,880ab26d2dfffff
3486,880a86ce93fffff
3487,880ab3c159fffff
3488,880ab32b1bfffff
3489,880a86d289fffff
3490,880ab272dbfffff
3491,880a86d6e3fffff
3492,880a86c18dfffff
3493,880a86a955fffff
3494,880ab20e6bfffff
3495,880ab2a28dfffff
3496,880ab2b191fffff
3497,880a86c921fffff
3498,880ab33751fffff
3499,880ab37b59fffff
3500,880a949467fffff
3501,880ab22db5fffff
3502,880a8692d9fffff
3503,880a86d6cbfffff
3504,880ab2b801fffff
3505,880a869287fffff
3506,880ab34cc7fffff
3507,880ab22d51fffff
3508,880ab30b53fffff
3509,880a868d3dfffff
3510,880ab32b05fffff
3511,880a86a1a5fffff
3512,880ab17a55fffff
3513,880a86991dfffff
3514,880ab25503fffff
3515,880a94b647fffff
3516,880a9492b5fffff
3517,88252dd70dfffff
3518,880a86321dfffff
3519,880ab21369fffff
3520,880ab06933fffff
3521,880ab2aa2bfffff
3522,880ab2b0a9fffff
3523,880ab24f11fffff
3524,880ab2ccb9fffff
3525,880ab3cc3dfffff
3526,880ab2c2a1fffff
3527,880a869187fffff
3528,880ab169d1fffff
3529,880ab3581dfffff
3530,880ab2ce8bfffff
3531,880ab3ab13fffff
3532,880a86ce65fffff
3533,880ab2c233fffff
3534,880a86af6bfffff
3535,880ab262c5fffff
3536,880a86da0dfffff
3537,880a86cea7fffff
3538,880a948647fffff
3539,880a86cae7fffff
3540,880ab372d3fffff
3541,880ab26db5fffff
3542,880ab2a2a9fffff
3543,880ab24305fffff
3544,880ab3561bfffff
3545,880ab25421fffff
3546,880ab3c305fffff
3547,880a86da27fffff
3548,880ab26013fffff
3549,880ab35295fffff
3550,880ab20ca7fffff
3551,880a863235fffff
3552,880a869569fffff
3553,880ab2b4a3fffff
3554,880ab30c49fffff
3555,880ab2a235fffff
3556,880ab22a05fffff
3557,880ab2b1abfffff
3558,880ab30c61fffff
3559,880a861709fffff
3560,880ab34609fffff
3561,880a8684a1fffff
3562,880ab169adfffff
3563,880ab2c499fffff
3564,880a86c363fffff
3565,880ab16769fffff
3566,880a86874bfffff
3567,880ab16da3fffff
3568,880ab230ddfffff
3569,880a869a87fffff
3570,880ab3071dfffff
3571,880ab24311fffff
3572,880a86d585fffff
3573,880ab17893fffff
3574,880ab37735fffff
3575,880ab3100dfffff
3576,880ab22603fffff
3577,880ab22359fffff
3578,880a868565fffff
3579,880a86c16bfffff
3580,880ab35153fffff
3581,880a861b03fffff
3582,880ab22111fffff
3583,880ab3c71bfffff
3584,880ab23293fffff
3585,880ab23601fffff
3586,880a86d085fffff
3587,880a86c8abfffff
3588,880ab374d9fffff
3589,880ab3a1cbfffff
3590,880ab350a9fffff
3591,880a86d621fffff
3592,880ab3360bfffff
3593,880ab319ddfffff
3594,880ab1603bfffff
3595,880ab27039fffff
3596,880a86c61bfffff
3597,880ab31b6dfffff
3598,880ab3a86dfffff
3599,880ab26f67fffff
3600,880ab3a883fffff
3601,880ab2524dfffff
3602,880ab21339fffff
3603,880a86d233fffff
3604,880ab34289fffff
3605,880ab23851fffff
3606,880a861811fffff
3607,880ab34f55fffff
3608,880ab3b48bfffff
3609,880a860769fffff
3610,880ab30d21fffff
3611,880ab30b01fffff
3612,880ab2129dfffff
3613,880a868219fffff
3614,880ab069d3fffff
3615,880ab16f01fffff
3616,880a861301fffff
3617,880a86ca8bfffff
3618,880a86cd99fffff
3619,880ab20a85fffff
3620,880ab21731fffff
3621,880ab22907fffff
3622,880ab248b5fffff
3623,880ab30cc5fffff
3624,880ab3c341fffff
3625,880ab32869fffff
3626,880ab3383dfffff
3627,880a86cc53fffff
3628,880ab260a5fffff
3629,880ab28d67fffff
3630,880a86d039fffff
3631,880a86c0e7fffff
3632,880ab17aebfffff
3633,880ab0693dfffff
3634,880ab2168dfffff
3635,880ab3b505fffff
3636,880ab34439fffff
3637,880ab2c627fffff
3638,880ab20099fffff
3639,880a94968dfffff
3640,880ab2c199fffff
3641,880ab3db17fffff
3642,880ab28dd7fffff
3643,88252d9abdfffff
3644,880ab285b7fffff
3645,880ab26033fffff
3646,880ab34a51fffff
3647,880ab31101fffff
3648,880ab3a4a3fffff
3649,880ab37195fffff
3650,880ab3ac93fffff
3651,880ab32757fffff
3652,880ab226b5fffff
3653,880a86129dfffff
3654,880ab251edfffff
3655,880a869129fffff
3656,880ab2a825fffff
3657,880ab37231fffff
3658,880a868ddbfffff
3659,880ab16a95fffff
3660,880a9495b5fffff
3661,880ab3111bfffff
3662,880ab2ac37fffff
3663,880a869265fffff
3664,880ab3429bfffff
3665,880a8632e1fffff
3666,880a86d4edfffff
3667,880ab374c7fffff
3668,880a9494e3fffff
3669,880ab31329fffff
3670,880ab20031fffff
3671,880a868ce1fffff
3672,88252d9665fffff
3673,880ab30e4dfffff
3674,880ab3d103fffff
3675,880ab26d05fffff
3676,880ab21957fffff
3677,880ab3c109fffff
3678,880ab3ae95fffff
3679,880a86a20dfffff
3680,880a86d727fffff
3681,880ab26321fffff
3682,880ab304a7fffff
3683,880ab3349dfffff
3684,880ab16667fffff
3685,880ab35909fffff
3686,880ab23b51fffff
3687,880a868cdbfffff
3688,880ab30d11fffff
3689,880ab31339fffff
3690,880ab3ce41fffff
3691,880ab3072dfffff
3692,880a86806bfffff
3693,880ab2c83dfffff
3694,880ab3c2c5fffff
3695,880a86883bfffff
3696,880ab2136bfffff
3697,880a86a9adfffff
3698,880ab2ce5bfffff
3699,880ab2406bfffff
3700,880a94b223fffff
3701,880ab22d49fffff
3702,880ab3cf53fffff
3703,880ab2c1d9fffff
3704,880ab2733dfffff
3705,880ab25127fffff
3706,880a860027fffff
3707,880a86d935fffff
3708,880ab34c11fffff
3709,880a94965dfffff
3710,880a8652cbfffff
3711,880ab16269fffff
3712,880ab2b593fffff
3713,880ab2705bfffff
3714,880ab26893fffff
3715,880a86c98dfffff
3716,880a868ca9fffff
3717,880a86a915fffff
3718,880ab3cd99fffff
3719,880ab3a0c7fffff
3720,880ab3d9bdfffff
3721,880ab356cdfffff
3722,880ab2b1c1fffff
3723,880a94d20bfffff
3724,880ab2c091fffff
3725,880a86069dfffff
3726,880a869905fffff
3727,880ab32203fffff
3728,880a861749fffff
3729,880ab274bbfffff
3730,880ab2404dfffff
3731,880a869a93fffff
3732,880ab30eb1fffff
3733,880ab3c739fffff
3734,880ab3d5e9fffff
3735,880ab3a1e5fffff
3736,880ab3744dfffff
3737,880ab3c805fffff
3738,880ab284d5fffff
3739,880ab30d3bfffff
3740,880ab3da11fffff
3741,880ab20ab7fffff
3742,880ab352ebfffff
3743,880ab245b5fffff
3744,880a860667fffff
3745,880ab30329fffff
3746,880a86c593fffff
3747,880ab3722dfffff
3748,880ab23aedfffff
3749,880ab31545fffff
3750,880ab3048dfffff
3751,880ab222ddfffff
3752,880a86b06dfffff
3753,880ab32065fffff
3754,880ab244b1fffff
3755,880ab34ac3fffff
3756,880ab20227fffff
3757,880a94b4c5fffff
3758,880ab20b05fffff
3759,880ab16013fffff
3760,880ab35143fffff
3761,880ab2123bfffff
3762,880a86a16bfffff
3763,880ab20959fffff
3764,880ab374d7fffff
3765,880a94b629fffff
3766,880ab31963fffff
3767,880ab32047fffff
3768,880a868c0bfffff
3769,880ab3b9b7fffff
3770,880a86d0e3fffff
3771,880ab16f47fffff
3772,880ab3c539fffff
3773,880ab20ec3fffff
3774,880ab2caebfffff
3775,880a86b949fffff
3776,880ab3c203fffff
3777,880ab3a82dfffff
3778,880ab2a667fffff
3779,880ab3ac51fffff
3780,880ab34ac1fffff
3781,880ab33825fffff
3782,880ab2ba01fffff
3783,880ab27159fffff
3784,880a86196dfffff
3785,880ab16c57fffff
3786,880ab2a749fffff
3787,880ab31ab9fffff
3788,880ab2cf01fffff
3789,880ab26125fffff
3790,880ab3035dfffff
3791,880ab34c87fffff
3792,880a860aedfffff
3793,880ab3c8bdfffff
3794,88252d8209fffff
3795,880ab35239fffff
3796,880ab22845fffff
3797,880a861049fffff
3798,880ab35467fffff
3799,880ab2335dfffff
3800,880a86033dfffff
3801,880ab20067fffff
3802,880a86a203fffff
3803,880ab3515dfffff
3804,880ab2cc8bfffff
3805,880a861b41fffff
3806,880a86ce0dfffff
3807,880ab34947fffff
3808,880ab2b9cbfffff
3809,880ab241b5fffff
3810,880ab3d129fffff
3811,880ab2248dfffff
3812,880a869951fffff
3813,880ab28dd3fffff
3814,880a868b4bfffff
3815,880ab37209fffff
3816,880ab218c5fffff
3817,880ab240b9fffff
3818,880ab3158bfffff
3819,880ab35341fffff
3820,88252d9909fffff
3821,880ab321cbfffff
3822,880ab24eb5fffff
3823,880a869645fffff
3824,880a86b135fffff
3825,880ab3311bfffff
3826,880a860659fffff
3827,880ab27a9bfffff
3828,880ab26e33fffff
3829,880ab31a8bfffff
3830,880ab35807fffff
3831,880ab2c8edfffff
3832,880a86cce5fffff
3833,880ab3742dfffff
3834,880ab22011fffff
3835,880ab3aa49fffff
3836,880ab30ca1fffff
3837,880ab2a51dfffff
3838,880a86c1e9fffff
3839,880a86c719fffff
3840,880ab3319bfffff
3841,880ab21863fffff
3842,880ab30f3dfffff
3843,880ab225d1fffff
3844,880ab16311fffff
3845,880ab262d5fffff
3846,880ab3a735fffff
3847,880ab261bbfffff
3848,880ab28909fffff
3849,880ab23a19fffff
3850,880ab26933fffff
3851,880a86ce6bfffff
3852,880ab3d94dfffff
3853,880a868887fffff
3854,880ab32a49fffff
3855,880a86ba89fffff
3856,880ab201b3fffff
3857,880ab14db9fffff
3858,880ab3d805fffff
3859,880ab2c55bfffff
3860,880ab35a59fffff
3861,880a86d231fffff
3862,880a868cddfffff
3863,880a86af05fffff
3864,880a8685e1fffff
3865,880ab306d9fffff
3866,880ab3a71bfffff
3867,880a86900dfffff
3868,880a868c51fffff
3869,880ab262cbfffff
3870,880ab22659fffff
3871,880ab3a987fffff
3872,880ab3a519fffff
3873,88252d9819fffff
3874,880ab30107fffff
3875,880ab36301fffff
3876,880ab262cdfffff
3877,880a94b695fffff
3878,880a86cd23fffff
3879,880ab224e7fffff
3880,880a86daa7fffff
3881,880a86c735fffff
3882,880ab20229fffff
3883,880ab341cdfffff
3884,880a86c9a3fffff
3885,880a86c8b7fffff
3886,880a86844bfffff
3887,880ab16207fffff
3888,880a86bb47fffff
3889,880ab30427fffff
3890,880ab2a961fffff
3891,880ab23931fffff
3892,880ab34059fffff
3893,880ab3d181fffff
3894,880ab2070bfffff
3895,880a949667fffff
3896,88252dd609fffff
3897,880ab3a415fffff
3898,880a869885fffff
3899,880ab30513fffff
3900,880ab2024bfffff
3901,880ab3aa97fffff
3902,880ab31a6bfffff
3903,88252d810bfffff
3904,88252d9ac9fffff
3905,880ab32721fffff
3906,880a94d227fffff
3907,880ab2c593fffff
3908,880ab22eb7fffff
3909,880ab23853fffff
3910,880ab3516dfffff
3911,880ab2a937fffff
3912,880ab26637fffff
3913,880ab2c63bfffff
3914,880a86b1bbfffff
3915,880a86a8cbfffff
3916,880ab24437fffff
3917,880ab21749fffff
3918,880ab239e1fffff
3919,880ab22dadfffff
3920,880a86c50bfffff
3921,880a86ad67fffff
3922,880a94865bfffff
3923,880a9495ddfffff
3924,880a86c137fffff
3925,880a868d39fffff
3926,880a86061dfffff
3927,880ab23111fffff
3928,880ab35a19fffff
3929,880a86c227fffff
3930,880ab32059fffff
3931,880ab2cf3dfffff
3932,880a869815fffff
3933,880ab36257fffff
3934,880a869a61fffff
3935,880a86b2abfffff
3936,880ab35167fffff
3937,880ab2c6cbfffff
3938,880ab2190bfffff
3939,880a86a991fffff
3940,880a949b0bfffff
3941,880ab34007fffff
3942,880ab2510bfffff
3943,880ab355e1fffff
3944,880a86ceb7fffff
3945,880a86c2c1fffff
3946,880ab24d35fffff
3947,880ab22d63fffff
3948,880a9482bdfffff
3949,880ab2200bfffff
3950,880ab3b427fffff
3951,880ab3113bfffff
3952,880ab375cdfffff
3953,880ab3a52dfffff
3954,880ab27341fffff
3955,880ab229b3fffff
3956,880ab269a1fffff
3957,880ab33aa1fffff
3958,880ab21b49fffff
3959,880ab341b9fffff
3960,880a861155fffff
3961,880ab3d585fffff
3962,880a86aac7fffff
3963,880a94b2d5fffff
3964,880a86c095fffff
3965,880ab28d87fffff
3966,880ab3a2e1fffff
3967,880a86ad25fffff
3968,880ab2a123fffff
3969,880ab3c827fffff
3970,880ab345cbfffff
3971,880ab2730bfffff
3972,880ab30e9bfffff
3973,880ab24661fffff
3974,880ab234adfffff
3975,880a86d533fffff
3976,880a949489fffff
3977,880ab3c107fffff
3978,880a863351fffff
3979,880a860337fffff
3980,880ab3a453fffff
3981,880a86d239fffff
3982,880ab16489fffff
3983,880ab2aa8dfffff
3984,880ab2cf1dfffff
3985,880ab31355fffff
3986,880a86ca11fffff
3987,880ab26c65fffff
3988,880ab344a9fffff
3989,880ab224d9fffff
3990,880ab06981fffff
3991,880a861b53fffff
3992,880ab37355fffff
3993,880ab22dcbfffff
3994,880ab27ad9fffff
3995,880ab20895fffff
3996,880ab069cdfffff
3997,880ab3a8abfffff
3998,880ab289e5fffff
3999,880a860259fffff
4000,880ab2aca3fffff
4001,880ab27099fffff
4002,880ab16a99fffff
4003,880ab32103fffff
4004,880a8618e1fffff
4005,880ab201d1fffff
4006,880ab2c42dfffff
4007,880ab1691dfffff
4008,880ab24dcdfffff
4009,880ab338c3fffff
4010,880ab206e1fffff
4011,880ab2755bfffff
4012,88252d9a9bfffff
4013,880ab30d95fffff
4014,880ab3a705fffff
4015,880ab219dbfffff
4016,880ab35453fffff
4017,880ab212cbfffff
4018,880ab21259fffff
4019,880ab2ab6dfffff
4020,880ab3ccedfffff
4021,880ab21195fffff
4022,880a860107fffff
4023,880ab208e1fffff
4024,880ab2346bfffff
4025,880ab34d67fffff
4026,880ab3ce45fffff
4027,880ab26c53fffff
4028,880a86c597fffff
4029,880ab201dbfffff
4030,880ab2c883fffff
4031,880ab250dbfffff
4032,880ab2a231fffff
4033,880a949643fffff
4034,880ab342c5fffff
4035,880ab33017fffff
4036,880ab24683fffff
4037,880a949555fffff
4038,880ab2babbfffff
4039,880a86ccd7fffff
4040,880ab25521fffff
4041,880a868953fffff
4042,880a86cea5fffff
4043,880ab24467fffff
4044,880ab26a6bfffff
4045,880ab2c6a1fffff
4046,880ab20e47fffff
4047,880ab230d5fffff
4048,880a86335bfffff
4049,880ab2529dfffff
4050,880ab2ad2bfffff
4051,880ab236d1fffff
4052,880a86b32dfffff
4053,880a86d6b7fffff
4054,880ab3d9c9fffff
4055,880ab242a9fffff
4056,880a8619b1fffff
4057,880ab30939fffff
4058,880ab268abfffff
4059,880ab2065dfffff
4060,880ab35919fffff
4061,880ab206c7fffff
4062,880ab22f09fffff
4063,880ab2b509fffff
4064,880ab31a4dfffff
4065,880ab3c6ddfffff
4066,880a86ce27fffff
4067,880a861aa1fffff
4068,880a86a8b7fffff
4069,880ab17ae3fffff
4070,880a86d48dfffff
4071,880ab3074bfffff
4072,880ab2348dfffff
4073,880ab26e8bfffff
4074,880ab245cbfffff
4075,880a860745fffff
4076,880a86a1d5fffff
4077,880ab3c0b7fffff
4078,880ab06997fffff
4079,880ab23695fffff
4080,880ab06957fffff
4081,880ab3c4a1fffff
4082,880ab30f2bfffff
4083,880a948281fffff
4084,880ab16e19fffff
4085,880a86c545fffff
4086,880a86d433fffff
4087,880a861591fffff
4088,880ab35067fffff
4089,880ab16b4dfffff
4090,880ab25183fffff
4091,880ab3d947fffff
4092,880ab24cc1fffff
4093,880a86ce57fffff
4094,880ab3480bfffff
4095,880a8618edfffff
4096,880ab26441fffff
4097,880ab164c1fffff
4098,880ab2a4c3fffff
4099,880ab2541bfffff
4100,880ab23ad1fffff
4101,880ab20ebbfffff
4102,88252d99a1fffff
4103,880a86c13dfffff
4104,880a86d9bbfffff
4105,880ab2316dfffff
4106,880a844943fffff
4107,880a86c193fffff
4108,880a86ab6bfffff
4109,880ab22001fffff
4110,880ab2b14bfffff
4111,880ab30ab9fffff
4112,880ab2a867fffff
4113,880a86c6e3fffff
4114,880a860a5dfffff
4115,880ab34cc1fffff
4116,880ab3a461fffff
4117,880a86929dfffff
4118,880a860a67fffff
4119,880a868689fffff
4120,880a869803fffff
4121,880a860611fffff
4122,880ab26811fffff
4123,880ab30ad9fffff
4124,880ab356e9fffff
4125,880a868669fffff
4126,880a86a8bdfffff
4127,880ab22537fffff
4128,880ab16dc7fffff
4129,880a869331fffff
4130,880ab21aebfffff
4131,880a8680d1fffff
4132,880ab30147fffff
4133,880ab35197fffff
4134,880ab211e5fffff
4135,880ab3c54dfffff
4136,88252d89e9fffff
4137,880ab27b47fffff
4138,880a86b223fffff
4139,880ab23807fffff
4140,880ab24919fffff
4141,880a868089fffff
4142,880a8615c5fffff
4143,880ab20811fffff
4144,880ab28493fffff
4145,880a844965fffff
4146,880ab2c195fffff
4147,880a86104bfffff
4148,88252cb647fffff
4149,880a861829fffff
4150,880ab32a13fffff
4151,880ab3563bfffff
4152,88252dd74dfffff
4153,880ab24cd5fffff
4154,880a860ad7fffff
4155,880ab2a6ddfffff
4156,880ab3a547fffff
4157,880ab24591fffff
4158,880ab34c07fffff
4159,880ab2d095fffff
4160,880ab2c735fffff
4161,880ab33813fffff
4162,880a86816bfffff
4163,880a861aabfffff
4164,880a869897fffff
4165,880a949245fffff
4166,88252cb601fffff
4167,880ab2441dfffff
4168,880ab34c3dfffff
4169,880ab16533fffff
4170,880ab17913fffff
4171,880ab3b89bfffff
4172,880ab3ce55fffff
4173,880a8600b5fffff
4174,880ab3d8adfffff
4175,880ab23563fffff
4176,88252d9113fffff
4177,880ab2233dfffff
4178,880ab21723fffff
4179,880a861859fffff
4180,880ab26825fffff
4181,880ab16241fffff
4182,880ab231e7fffff
4183,880ab34f0bfffff
4184,880ab342b3fffff
4185,880ab2c069fffff
4186,880a844983fffff
4187,880ab2736bfffff
4188,880ab2ce4dfffff
4189,880ab341d9fffff
4190,880ab314a7fffff
4191,880ab3a41bfffff
4192,880ab21ac3fffff
4193,880ab20363fffff
4194,880a86c5e7fffff
4195,880ab16553fffff
4196,880a86d14dfffff
4197,880a868265fffff
4198,880a869633fffff
4199,880ab30465fffff
4200,880a8618d5fffff
4201,880ab32231fffff
4202,88252dd0e7fffff
4203,880a8685dbfffff
4204,880ab23215fffff
4205,880ab27557fffff
4206,880ab20c63fffff
4207,880ab20b5dfffff
4208,880ab336b7fffff
4209,880ab22b03fffff
4210,880ab2a8d3fffff
4211,880ab3cd09fffff
4212,880ab338b5fffff
4213,880ab3c961fffff
4214,880a869851fffff
4215,880a860695fffff
4216,880a86cca1fffff
4217,880ab2796dfffff
4218,880ab16063fffff
4219,880a869a0bfffff
4220,880a861169fffff
4221,880ab209c5fffff
4222,880ab22553fffff
4223,88252d962bfffff
4224,880a869123fffff
4225,880a869983fffff
4226,880a8689c9fffff
4227,880ab220c3fffff
4228,88252d91b1fffff
4229,880ab32a27fffff
4230,880ab3d9d7fffff
4231,880ab2500bfffff
4232,880ab359c1fffff
4233,880ab33b49fffff
4234,880a861711fffff
4235,880ab22621fffff
4236,880ab27029fffff
4237,880a8680edfffff
4238,880ab2d1adfffff
4239,880a8612d3fffff
4240,880a869a95fffff
4241,880ab22699fffff
4242,880ab3a039fffff
4243,880ab30da3fffff
4244,880a86013dfffff
4245,880ab35997fffff
4246,880ab2041bfffff
4247,880a869845fffff
4248,880ab318cdfffff
4249,880a869169fffff
4250,880ab2370bfffff
4251,880ab2c12bfffff
4252,880ab3728dfffff
4253,880ab260edfffff
4254,880a861951fffff
4255,88252d910dfffff
4256,880ab37321fffff
4257,880ab2ad37fffff
4258,880a86c747fffff
4259,880a8610a7fffff
4260,880ab35301fffff
4261,880ab23461fffff
4262,880ab16d1bfffff
4263,880ab20617fffff
4264,880ab2ab13fffff
4265,880a8616e9fffff
4266,880ab27929fffff
4267,880ab35245fffff
4268,880a86af09fffff
4269,880ab27613fffff
4270,880ab3ad1dfffff
4271,880ab206a5fffff
4272,880ab24585fffff
4273,880a86cad1fffff
4274,880ab271edfffff
4275,880ab26e0bfffff
4276,880ab27741fffff
4277,880ab3d8d1fffff
4278,880a86cf29fffff
4279,880ab2c297fffff
4280,880ab2a865fffff
4281,880ab22ab7fffff
4282,880ab3c601fffff
4283,880a86065bfffff
4284,880ab3c46dfffff
4285,880ab37941fffff
4286,880ab2700bfffff
4287,880ab2a625fffff
4288,880ab2a42dfffff
4289,880ab3471dfffff
4290,880ab28ebdfffff
4291,880ab25499fffff
4292,880ab3a1a9fffff
4293,880ab304ddfffff
4294,880ab314b9fffff
4295,880ab3a6b9fffff
4296,880ab2706dfffff
4297,880ab16609fffff
4298,880ab22657fffff
4299,880ab3780bfffff
4300,880ab30011fffff
4301,880ab2ce43fffff
4302,880ab26d95fffff
4303,880ab2dadbfffff
4304,880a94b4c1fffff
4305,880ab34d1bfffff
4306,880ab32221fffff
4307,880ab16ea9fffff
4308,880ab31349fffff
4309,880a860729fffff
4310,880ab3625bfffff
4311,880a86d0c1fffff
4312,880ab24b25fffff
4313,880ab35a5bfffff
4314,880ab32169fffff
4315,880ab3c03dfffff
4316,880ab3b9b9fffff
4317,880ab26ce7fffff
4318,880ab258b1fffff
4319,880ab30e3bfffff
4320,880ab255c9fffff
4321,880a86b329fffff
4322,880ab2ced9fffff
4323,880ab2a0d3fffff
4324,880ab3a739fffff
4325,880a86d40dfffff
4326,880a86916bfffff
4327,880ab27a1dfffff
4328,88252d8ae5fffff
4329,880a869195fffff
4330,880ab34ea3fffff
4331,880a869361fffff
4332,880ab2aacbfffff
4333,880ab254a3fffff
4334,880a8615adfffff
4335,880a86ccbbfffff
4336,880ab3c529fffff
4337,880ab16d87fffff
4338,880ab222bdfffff
4339,880ab34305fffff
4340,880ab2d5abfffff
4341,880ab2aa1dfffff
4342,88252dd4d3fffff
4343,880ab200adfffff
4344,880ab309bdfffff
4345,880ab22cc7fffff
4346,880ab1633dfffff
4347,88252d830bfffff
4348,880ab30241fffff
4349,880a86c897fffff
4350,880ab241d1fffff
4351,880ab16059fffff
4352,880ab3c025fffff
4353,880ab16a47fffff
4354,880ab20609fffff
4355,880a869801fffff
4356,880ab24f69fffff
4357,880ab20243fffff
4358,880ab22e6dfffff
4359,880ab2a743fffff
4360,880a868681fffff
4361,880a86d4adfffff
4362,880ab20515fffff
4363,880ab222b7fffff
4364,880a861567fffff
4365,880a844ac3fffff
4366,880ab330b9fffff
4367,880ab3c01dfffff
4368,880ab30e39fffff
4369,880ab35309fffff
4370,880a869b35fffff
4371,880ab2348bfffff
4372,88252d8ae9fffff
4373,880a86884bfffff
4374,880ab31317fffff
4375,880a868359fffff
4376,880a869619fffff
4377,880ab2c6a3fffff
4378,880a86d125fffff
4379,880ab34593fffff
4380,880ab3c523fffff
4381,880ab2c461fffff
4382,880a8611abfffff
4383,880a861529fffff
4384,880ab3596bfffff
4385,880ab22f53fffff
4386,880ab22201fffff
4387,880ab2d5d3fffff
4388,88252d9ae3fffff
4389,880ab3012dfffff
4390,880a861831fffff
4391,880ab20ac9fffff
4392,880a86916dfffff
4393,880ab3b667fffff
4394,880ab3af57fffff
4395,880ab2096dfffff
4396,880ab2c987fffff
4397,880ab30919fffff
4398,880ab2b89bfffff
4399,880a86c9a5fffff
4400,880ab3425bfffff
4401,880ab16007fffff
4402,880ab3189dfffff
4403,880ab2372bfffff
4404,880a86a913fffff
4405,880a861223fffff
4406,880ab212d3fffff
4407,880ab2d151fffff
4408,880a94b2b1fffff
4409,880ab21355fffff
4410,880a86b2a1fffff
4411,880ab3ccebfffff
4412,880ab27295fffff
4413,880ab2cdc7fffff
4414,880a869405fffff
4415,880ab2bad1fffff
4416,880ab25819fffff
4417,880a8695ebfffff
4418,880ab179a3fffff
4419,880ab2a9a3fffff
4420,880ab2602dfffff
4421,880ab33441fffff
4422,880ab30343fffff
4423,880ab160c7fffff
4424,880a869625fffff
4425,880a86d70bfffff
4426,880ab23465fffff
4427,880a869269fffff
4428,880a86b015fffff
4429,880ab2015bfffff
4430,880ab26d6bfffff
4431,880ab2ab2dfffff
4432,880ab35057fffff
4433,880ab22121fffff
4434,880ab372d7fffff
4435,880ab34603fffff
4436,880ab26dc5fffff
4437,880ab31a97fffff
4438,880ab3c415fffff
4439,880a860a47fffff
4440,880ab2dad9fffff
4441,880a868127fffff
4442,880ab28eb9fffff
4443,880a86d081fffff
4444,880ab3cc13fffff
4445,880a8698cbfffff
4446,880ab16509fffff
4447,880ab20263fffff
4448,880ab3111dfffff
4449,880ab2c21bfffff
4450,880a86840bfffff
4451,880ab34405fffff
4452,880ab276a9fffff
4453,880ab27a89fffff
4454,880a8448d1fffff
4455,880ab26253fffff
4456,880ab2a64dfffff
4457,880ab3031bfffff
4458,880ab2c235fffff
4459,880a868c25fffff
4460,880a86d529fffff
4461,880a9495b7fffff
4462,880a86cc19fffff
4463,880a869065fffff
4464,880ab2af29fffff
4465,880ab3ade3fffff
4466,880a94960dfffff
4467,880a845935fffff
4468,880ab234b5fffff
4469,880ab22151fffff
4470,880a865635fffff
4471,880ab37865fffff
4472,880a86c8b9fffff
4473,880ab22511fffff
4474,880ab3a9a3fffff
4475,880ab2311bfffff
4476,88252d8357fffff
4477,880ab20205fffff
4478,880ab378e5fffff
4479,880ab2c05dfffff
4480,880ab3c5b7fffff
4481,880a94b221fffff
4482,880ab2a2b3fffff
4483,880ab3a59bfffff
4484,880ab2cf69fffff
4485,880ab16565fffff
4486,880ab3aeebfffff
4487,880a86a229fffff
4488,880ab31ac7fffff
4489,880ab266a7fffff
4490,880a869a55fffff
4491,880ab2aa97fffff
4492,880a86cea1fffff
4493,880ab34a8bfffff
4494,880ab16169fffff
4495,880a86ce5dfffff
4496,88252cb62dfffff
4497,880ab214b3fffff
4498,880ab348d1fffff
4499,880ab3c209fffff
4500,88252d8a33fffff
4501,880ab2230dfffff
4502,880a8689d1fffff
4503,880ab23507fffff
4504,880ab33121fffff
4505,880a8688bbfffff
4506,880ab3b6d9fffff
4507,880a86b0b7fffff
4508,88252d890bfffff
4509,880ab32021fffff
4510,880ab20093fffff
4511,880a86cc39fffff
4512,880ab35425fffff
4513,880ab21923fffff
4514,880ab16293fffff
4515,880ab2b09bfffff
4516,880ab23a5dfffff
4517,880ab3aab7fffff
4518,880ab25769fffff
4519,880ab3ad59fffff
4520,880ab3ac3dfffff
4521,88252d8329fffff
4522,880ab37ae9fffff
4523,880ab23addfffff
4524,880a869431fffff
4525,880ab30f63fffff
4526,880ab355e5fffff
4527,880ab26725fffff
4528,880ab26a0bfffff
4529,880ab3c493fffff
4530,880a86d443fffff
4531,880ab359a7fffff
4532,880a86a917fffff
4533,88252d9645fffff
4534,880a844b3bfffff
4535,88252d8a59fffff
4536,880ab2606bfffff
4537,880ab2a009fffff
4538,880ab32291fffff
4539,880ab23415fffff
4540,880a844931fffff
4541,880a8652c7fffff
4542,880ab3a2d7fffff
4543,880ab2cd11fffff
4544,880ab3218dfffff
4545,880ab32459fffff
4546,880ab24c1bfffff
4547,880ab24529fffff
4548,880a860295fffff
4549,88252d984bfffff
4550,880ab25895fffff
4551,880a868687fffff
4552,880ab3593bfffff
4553,880ab3a49bfffff
4554,880a86ae45fffff
4555,880ab275a7fffff
4556,880ab20f35fffff
4557,880ab3d365fffff
4558,880ab37731fffff
4559,880a8459a1fffff
4560,880a94d325fffff
4561,880a94b009fffff
4562,880ab2aeebfffff
4563,880ab34213fffff
4564,880ab3ab27fffff
4565,880ab2729dfffff
4566,880a8601d3fffff
4567,880ab3a8c7fffff
4568,880ab2ceddfffff
4569,880ab24499fffff
4570,880ab230e1fffff
4571,880ab3d981fffff
4572,880ab30511fffff
4573,880ab33131fffff
4574,880ab245e9fffff
4575,880ab22b29fffff
4576,880ab27599fffff
4577,880a86c80bfffff
4578,880a86bb13fffff
4579,880a86cee1fffff
4580,880a86c5c1fffff
4581,880ab23b47fffff
4582,880a86d2d9fffff
4583,880ab23b55fffff
4584,880ab22219fffff
4585,880a86d1a1fffff
4586,880ab2caa3fffff
4587,880ab34c67fffff
4588,880ab26917fffff
4589,880ab201bdfffff
4590,880ab26023fffff
4591,880ab389e1fffff
4592,880ab16d61fffff
4593,880ab3da39fffff
4594,880ab33995fffff
4595,880ab34443fffff
4596,880ab34337fffff
4597,880ab3d237fffff
4598,880ab388adfffff
4599,880ab34eedfffff
4600,880ab33b29fffff
4601,880a86a197fffff
4602,880ab26031fffff
4603,880a868ab7fffff
4604,880a869441fffff
4605,880ab16633fffff
4606,880a86d281fffff
4607,880ab12985fffff
4608,88252d926bfffff
4609,880ab2ce93fffff
4610,880ab28dd9fffff
4611,880ab34169fffff
4612,880a8615e1fffff
4613,880ab3cc5bfffff
4614,880a86a869fffff
4615,880a94b259fffff
4616,880ab206e3fffff
4617,880ab22c83fffff
4618,880ab306d7fffff
4619,880a86021dfffff
4620,880ab3af05fffff
4621,880a86d047fffff
4622,88252d9155fffff
4623,880ab16e43fffff
4624,880ab3b403fffff
4625,880ab350c7fffff
4626,880ab2b011fffff
4627,880ab24ed1fffff
4628,880ab178a9fffff
4629,880a8688c3fffff
4630,880ab20145fffff
4631,880ab32b49fffff
4632,880ab378d5fffff
4633,880ab304d9fffff
4634,880a8699e9fffff
4635,880a86b98dfffff
4636,880ab26f65fffff
4637,880a860131fffff
4638,880ab35a89fffff
4639,880ab214c5fffff
4640,880ab33425fffff
4641,880ab26aa3fffff
4642,880ab12da5fffff
4643,880ab2cc5bfffff
4644,880ab1633bfffff
4645,880a86853bfffff
4646,880ab3aa1dfffff
4647,880ab228a7fffff
4648,880a86d32bfffff
4649,880ab258d9fffff
4650,880ab2a403fffff
4651,880ab3386dfffff
4652,880a869a21fffff
4653,880ab34a8dfffff
4654,880ab3471bfffff
4655,880a8684b3fffff
4656,880a94b6dbfffff
4657,880ab3c683fffff
4658,880ab25023fffff
4659,880ab30f6bfffff
4660,880ab3a2c3fffff
4661,88252d98c3fffff
4662,88252d882dfffff
4663,880a863245fffff
4664,880a86a89bfffff
4665,880ab2c20bfffff
4666,880ab2cc03fffff
4667,880ab26355fffff
4668,880ab23755fffff
4669,880a86daa5fffff
4670,88252d9b41fffff
4671,880a86c729fffff
4672,880ab20a6dfffff
4673,880ab35551fffff
4674,880ab24a83fffff
4675,880a86aa8bfffff
4676,880ab23663fffff
4677,880ab216a3fffff
4678,880ab25139fffff
4679,880ab3da13fffff
4680,880ab25315fffff
4681,880a86ab59fffff
4682,880a861b65fffff
4683,880ab21699fffff
4684,880ab3213dfffff
4685,880ab37857fffff
4686,880ab271a5fffff
4687,880a868859fffff
4688,880ab3c293fffff
4689,880a86d4ebfffff
4690,880a86b2a7fffff
4691,880ab26661fffff
4692,880ab21481fffff
4693,880ab2b833fffff
4694,880a86876dfffff
4695,880ab30ae1fffff
4696,880ab370c5fffff
4697,880ab2ba85fffff
4698,88252d982dfffff
4699,880ab2ac2bfffff
4700,88252cb61bfffff
4701,880ab2504bfffff
4702,880ab30dc9fffff
4703,880ab30a3dfffff
4704,880a86cac1fffff
4705,880ab28da5fffff
4706,880ab3cacdfffff
4707,880ab20a31fffff
4708,880ab20c5dfffff
4709,880ab21a8bfffff
4710,880ab378e1fffff
4711,880ab2c2dbfffff
4712,880ab24263fffff
4713,880ab27a0bfffff
4714,880ab27359fffff
4715,880ab2a0c5fffff
4716,880ab30251fffff
4717,880ab27521fffff
4718,880a9494d7fffff
4719,880a8691a3fffff
4720,880ab2d5d5fffff
4721,880a8694cbfffff
4722,880ab20d43fffff
4723,880ab3469dfffff
4724,880ab202c9fffff
4725,880ab2c98bfffff
4726,880ab3c15bfffff
4727,880ab31991fffff
4728,880ab35497fffff
4729,880a868849fffff
4730,880a9496b7fffff
4731,880a861435fffff
4732,880ab315ebfffff
4733,880ab37a2dfffff
4734,880ab22289fffff
4735,880a869ae1fffff
4736,880ab27687fffff
4737,880a860607fffff
4738,880ab30485fffff
4739,880ab2092dfffff
4740,880ab3a69dfffff
4741,880ab2469bfffff
4742,880a869313fffff
4743,880a94b04bfffff
4744,880a949637fffff
4745,880a86c9e3fffff
4746,880ab26ad9fffff
4747,880ab30031fffff
4748,880ab262d3fffff
4749,880ab2d6b7fffff
4750,880ab35269fffff
4751,880a86162dfffff
4752,880ab24d8bfffff
4753,880ab31599fffff
4754,880a869043fffff
4755,880ab34695fffff
4756,880ab270bbfffff
4757,880ab3c211fffff
4758,880a8695b3fffff
4759,880ab2cd53fffff
4760,880ab20915fffff
4761,880a86333dfffff
4762,880ab3db39fffff
4763,880a86d5c1fffff
4764,880ab25695fffff
4765,880ab33a6bfffff
4766,880a86c6a5fffff
4767,880ab17989fffff
4768,880ab2554dfffff
4769,880ab3464bfffff
4770,88252d98e9fffff
4771,880ab35a3dfffff
4772,880ab326e9fffff
4773,880ab214abfffff
4774,880ab20b41fffff
4775,880ab26f2dfffff
4776,88252d806bfffff
4777,880ab3c991fffff
4778,880a861ae7fffff
4779,880ab3accbfffff
4780,880a86042bfffff
4781,880ab24165fffff
4782,880ab06939fffff
4783,880a86c4a3fffff
4784,880ab30e69fffff
4785,880ab2b925fffff
4786,880a868cb5fffff
4787,880ab3240dfffff
4788,880ab3b697fffff
4789,880ab06827fffff
4790,880ab3b5b3fffff
4791,880ab2764bfffff
4792,880ab30009fffff
4793,880a86ca97fffff
4794,880ab222dbfffff
4795,880ab26095fffff
4796,880ab25699fffff
4797,880ab3b5adfffff
4798,880ab2b2e1fffff
4799,880a86b8e3fffff
4800,880ab25001fffff
4801,880ab2b187fffff
4802,880a86a84bfffff
4803,880a948669fffff
4804,880a860291fffff
4805,880ab2a207fffff
4806,880ab3c8c3fffff
4807,880ab265a7fffff
4808,880a868eadfffff
4809,880ab23a69fffff
4810,880ab2d591fffff
4811,880ab26c41fffff
4812,880ab28de5fffff
4813,880ab3334dfffff
4814,880ab24b01fffff
4815,880a868045fffff
4816,880ab2c083fffff
4817,880a86a1d7fffff
4818,880a84495dfffff
4819,88252d9325fffff
4820,880ab26617fffff
4821,880ab26cabfffff
4822,880ab27aebfffff
4823,880ab26d4dfffff
4824,880ab20e03fffff
4825,880ab31309fffff
4826,880a868eb1fffff
4827,880a94b63bfffff
4828,880ab2662bfffff
4829,88252d92d1fffff
4830,880a869aa3fffff
4831,880ab2a4b1fffff
4832,880a868d31fffff
4833,880ab35597fffff
4834,880ab316b9fffff
4835,880ab2c1d1fffff
4836,880ab2436bfffff
4837,880ab20ccbfffff
4838,880ab27209fffff
4839,880ab35ad9fffff
4840,880ab336abfffff
4841,880a86d2b1fffff
4842,880ab30959fffff
4843,880ab32631fffff
4844,880ab2209bfffff
4845,880ab3acc3fffff
4846,880ab2a121fffff
4847,880ab2cf51fffff
4848,880ab27485fffff
4849,880ab3c0b3fffff
4850,880ab16da1fffff
4851,880ab2254dfffff
4852,880ab30093fffff
4853,880ab24757fffff
4854,880a86da2bfffff
4855,88252d8a2dfffff
4856,880ab2b0d1fffff
4857,880ab3c8a5fffff
4858,880a86c4c9fffff
4859,88252dd689fffff
4860,880ab35863fffff
4861,880ab26123fffff
4862,880ab3ca63fffff
4863,880ab33835fffff
4864,880ab3765bfffff
4865,880a94d155fffff
4866,880a8681b1fffff
4867,880ab20dabfffff
4868,880ab37aa9fffff
4869,880ab33811fffff
4870,880ab20109fffff
4871,880ab2a5edfffff
4872,880ab2b129fffff
4873,880ab37293fffff
4874,880ab21099fffff
4875,880ab34611fffff
4876,880ab2c8a1fffff
4877,880ab3620dfffff
4878,880ab22197fffff
4879,880a94d251fffff
4880,880a86c4d5fffff
4881,880ab2109bfffff
4882,880ab2612dfffff
4883,880ab211e3fffff
4884,880ab30469fffff
4885,880ab3743dfffff
4886,880a861b35fffff
4887,880a8615d9fffff
4888,880ab2cf2bfffff
4889,880ab3b8a7fffff
4890,880ab2c86bfffff
4891,880ab3030bfffff
4892,880a949707fffff
4893,880ab22449fffff
4894,880ab32135fffff
4895,880ab30d97fffff
4896,88252d961dfffff
4897,880a86066bfffff
4898,880ab3634dfffff
4899,880ab2d73bfffff
4900,880ab16b09fffff
4901,880ab2c059fffff
4902,880ab2a459fffff
4903,880ab2a9bdfffff
4904,880ab3d839fffff
4905,880ab22a19fffff
4906,880a86c993fffff
4907,880ab22e1bfffff
4908,880a868113fffff
4909,880a868f3dfffff
4910,880ab22a85fffff
4911,880ab24d39fffff
4912,880ab3add7fffff
4913,880a86d891fffff
4914,880a8448b1fffff
4915,880ab2616dfffff
4916,880a86a36bfffff
4917,880ab175b5fffff
4918,880a8691a7fffff
4919,880a860043fffff
4920,880ab20e63fffff
4921,880ab372c3fffff
4922,880ab2328dfffff
4923,880a868e2bfffff
4924,880ab17a37fffff
4925,880ab33711fffff
4926,880ab3244dfffff
4927,880ab32651fffff
4928,880ab2a94bfffff
4929,880ab27947fffff
4930,880ab210b9fffff
4931,880ab3770bfffff
4932,880a86d94dfffff
4933,880ab3add9fffff
4934,880ab38997fffff
4935,880ab3a597fffff
4936,880ab261c5fffff
4937,880ab3cf19fffff
4938,880ab16949fffff
4939,880a863237fffff
4940,880ab261edfffff
4941,880ab242cdfffff
4942,880ab35407fffff
4943,880ab24cb3fffff
4944,880ab2a489fffff
4945,880ab34f33fffff
4946,880ab32295fffff
4947,880ab34ee1fffff
4948,880ab2cc55fffff
4949,880a86864dfffff
4950,880ab21765fffff
4951,880ab22a8dfffff
4952,880ab21899fffff
4953,880ab3021dfffff
4954,880a865359fffff
4955,880a844991fffff
4956,880ab2ba4bfffff
4957,880ab355edfffff
4958,880ab34a41fffff
4959,880ab37107fffff
4960,880a868b31fffff
4961,880ab229c9fffff
4962,880a868b21fffff
4963,880ab37a4bfffff
4964,880ab33169fffff
4965,880ab168c5fffff
4966,880ab229e9fffff
4967,880ab16409fffff
4968,880a86d41dfffff
4969,880ab27b67fffff
4970,880ab35443fffff
4971,880ab20f23fffff
4972,880ab205b9fffff
4973,880ab219ddfffff
4974,880ab36321fffff
4975,880a860ad9fffff
4976,880ab2723bfffff
4977,880ab336e5fffff
4978,880a949633fffff
4979,880ab26841fffff
4980,880ab23697fffff
4981,88252d98dbfffff
4982,880a86c519fffff
4983,880ab240b1fffff
4984,880ab2773dfffff
4985,880ab242e1fffff
4986,880ab33a65fffff
4987,880a868257fffff
4988,880ab3c91bfffff
4989,880ab3cda5fffff
4990,880a94b053fffff
4991,880ab20307fffff
4992,880ab30555fffff
4993,880ab2c6e5fffff
4994,880ab2892bfffff
4995,880ab23457fffff
4996,880ab2a1edfffff
4997,880ab2c13dfffff
4998,880a86b157fffff
4999,880ab35b1dfffff
5000,880ab23957fffff
5001,880a868eabfffff
5002,880ab1790bfffff
5003,880ab16cd5fffff
5004,880ab21735fffff
5005,880a860701fffff
5006,880ab2a2bbfffff
5007,880ab25267fffff
5008,880ab3c719fffff
5009,880ab2000dfffff
5010,880a86c491fffff
5011,880a868ecbfffff
5012,880a94b209fffff
5013,880ab3a0d3fffff
5014,880ab3b767fffff
5015,880ab28997fffff
5016,880a86c14bfffff
5017,880ab3af03fffff
5018,880a860103fffff
5019,88252dd6e1fffff
5020,880ab3a481fffff
5021,880ab31511fffff
5022,880ab278b7fffff
5023,880ab26f17fffff
5024,880ab2185dfffff
5025,880a86da39fffff
5026,880ab24ed9fffff
5027,880ab2cde5fffff
5028,880a949765fffff
5029,880ab2b943fffff
5030,880ab2b5a9fffff
5031,880ab2d4cbfffff
5032,880ab209bbfffff
5033,880ab3c1adfffff
5034,880a86cde5fffff
5035,880ab35339fffff
5036,880ab351ebfffff
5037,880a86c463fffff
5038,880ab262bbfffff
5039,880a86d629fffff
5040,880ab2680dfffff
5041,880ab37007fffff
5042,880ab3cac9fffff
5043,880a86928dfffff
5044,880ab32091fffff
5045,880ab23613fffff
5046,880ab22eb5fffff
5047,880a868481fffff
5048,880ab3d84bfffff
5049,880ab2c8d7fffff
5050,880a86d301fffff
5051,880ab31b41fffff
5052,880a86d349fffff
5053,880a860613fffff
5054,880ab33a43fffff
5055,880a860b4bfffff
5056,880ab25adbfffff
5057,880ab32153fffff
5058,880ab2c8adfffff
5059,880a86d4b3fffff
5060,880a86af6dfffff
5061,880ab22589fffff
5062,880a9492ddfffff
5063,880ab162e7fffff
5064,880a94b639fffff
5065,880ab2214bfffff
5066,880a868e61fffff
5067,880ab26993fffff
5068,880ab23567fffff
5069,880ab372e1fffff
5070,880ab3333dfffff
5071,880a844f27fffff
5072,880a868e41fffff
5073,880ab30ebdfffff
5074,880a94b035fffff
5075,880a86c2e3fffff
5076,880a869923fffff
5077,88252d884bfffff
5078,880ab3a5d7fffff
5079,880a8695e9fffff
5080,880ab22b21fffff
5081,880ab171b5fffff
5082,880a844889fffff
5083,880ab23699fffff
5084,880ab26ccbfffff
5085,880ab3a1ddfffff
5086,880ab30607fffff
5087,880ab331bdfffff
5088,880ab1784dfffff
5089,880ab3b923fffff
5090,880ab2ab19fffff
5091,880a949561fffff
5092,880ab315a7fffff
5093,880a86b233fffff
5094,880ab24657fffff
5095,880ab3aea5fffff
5096,880a94d205fffff
5097,880ab24005fffff
5098,880ab288bdfffff
5099,880ab2731bfffff
5100,880ab204b3fffff
5101,880ab26aebfffff
5102,880ab2adb9fffff
5103,880ab3311dfffff
5104,880ab30a6dfffff
5105,880ab37703fffff
5106,880ab3a121fffff
5107,880ab37225fffff
5108,880a86156dfffff
5109,880ab16921fffff
5110,880ab3d8e9fffff
5111,880a868c61fffff
5112,880a869b57fffff
5113,880a86a93dfffff
5114,880ab2576bfffff
5115,880ab21459fffff
5116,880ab2cf45fffff
5117,880a86cc0bfffff
5118,880ab21a41fffff
5119,880ab2099dfffff
5120,880ab26955fffff
5121,880ab30ae3fffff
5122,880ab31439fffff
5123,880ab16d85fffff
5124,880ab2a707fffff
5125,880a94b703fffff
5126,880ab2b063fffff
5127,880ab2c915fffff
5128,880a869597fffff
5129,880ab2388dfffff
5130,880ab32165fffff
5131,880a86a1edfffff
5132,880ab3ac13fffff
5133,880ab3db01fffff
5134,880ab3ad1bfffff
5135,880ab330c1fffff
5136,880a86d485fffff
5137,880a868c05fffff
5138,880ab34129fffff
5139,880ab34a6dfffff
5140,88252d963dfffff
5141,880ab3c765fffff
5142,880a868d25fffff
5143,880ab2b94bfffff
5144,880a86b21dfffff
5145,880ab314a1fffff
5146,880ab23a85fffff
5147,880ab3c903fffff
5148,880ab358edfffff
5149,880ab30ce7fffff
5150,880ab3af51fffff
5151,880a860261fffff
5152,880ab2a5c7fffff
5153,880ab2043bfffff
5154,880ab33095fffff
5155,880ab3ce57fffff
5156,880a9482cbfffff
5157,880ab3a4edfffff
5158,88252d98b1fffff
5159,880ab3a469fffff
5160,880ab20cb3fffff
5161,880ab23133fffff
5162,880a8681d9fffff
5163,880ab34635fffff
5164,880a844b1dfffff
5165,880a86935bfffff
5166,880ab16545fffff
5167,880ab30081fffff
5168,880a8604dbfffff
5169,88252d91ebfffff
5170,880ab258c5fffff
5171,880ab34ebdfffff
5172,880a86a24bfffff
5173,880ab30307fffff
5174,880a86002bfffff
5175,880a868837fffff
5176,880a86cd0dfffff
5177,880ab2a9e7fffff
5178,880ab3ac47fffff
5179,880ab3ab41fffff
5180,880ab2b0abfffff
5181,880ab3d1e9fffff
5182,880ab308b3fffff
5183,880ab20c33fffff
5184,880ab26f5bfffff
5185,880ab200c9fffff
5186,880ab20b55fffff
5187,880ab31423fffff
5188,880ab3706dfffff
5189,880ab26ce1fffff
5190,880ab30c4dfffff
5191,880a9492b7fffff
5192,880ab342a1fffff
5193,880ab2484dfffff
5194,880ab34583fffff
5195,880ab2a5cbfffff
5196,880ab20807fffff
5197,880ab23627fffff
5198,880a868c81fffff
5199,880ab2b047fffff
5200,880ab314a5fffff
5201,880a860005fffff
5202,880ab2508bfffff
5203,880ab319d3fffff
5204,880a86520bfffff
5205,880ab3786bfffff
5206,880ab2b869fffff
5207,880ab352ddfffff
5208,880ab20111fffff
5209,880ab20b21fffff
5210,880ab2cea3fffff
5211,880a86a109fffff
5212,880ab249a3fffff
5213,880ab3a9b1fffff
5214,880a86da0bfffff
5215,880a949481fffff
5216,880ab27b31fffff
5217,880ab3a919fffff
5218,880ab3ceb1fffff
5219,880a94d21bfffff
5220,880a86a981fffff
5221,880ab2a9d9fffff
5222,880ab30a09fffff
5223,880ab162adfffff
5224,880ab3376dfffff
5225,880ab3cd87fffff
5226,880a86caddfffff
5227,880ab16623fffff
5228,880ab3a851fffff
5229,880a86d6bdfffff
5230,880ab346cdfffff
5231,880ab219c7fffff
5232,880ab3b74dfffff
5233,880ab311b5fffff
5234,880ab3395bfffff
5235,880ab169e1fffff
5236,880ab338c7fffff
5237,880ab25517fffff
5238,880ab2c007fffff
5239,880ab36369fffff
5240,880a86025bfffff
5241,880ab165bdfffff
5242,880ab2b92dfffff
5243,880ab16f1bfffff
5244,880a86d253fffff
5245,880a86116dfffff
5246,880ab228a9fffff
5247,880ab270a1fffff
5248,880ab3a18dfffff
5249,880ab2cdcdfffff
5250,880a86cc95fffff
5251,880ab2c767fffff
5252,880ab32aadfffff
5253,880ab2b98dfffff
5254,880a86a05bfffff
5255,880ab34d05fffff
5256,880ab21a6dfffff
5257,880ab2d52bfffff
5258,880ab3a4a9fffff
5259,880ab34823fffff
5260,88252d8337fffff
5261,880ab3a027fffff
5262,880ab16603fffff
5263,880ab244dbfffff
5264,880ab2b897fffff
5265,880ab3452dfffff
5266,880a86934dfffff
5267,880ab2a539fffff
5268,880ab23501fffff
5269,880ab3236bfffff
5270,880a86952dfffff
5271,880a86c0cdfffff
5272,880ab34a45fffff
5273,880a868a81fffff
5274,880ab2bb25fffff
5275,880a8611a5fffff
5276,880ab37115fffff
5277,880ab16ca5fffff
5278,880a868181fffff
5279,880ab316d3fffff
5280,880ab334e3fffff
5281,880ab24645fffff
5282,880a86ab1dfffff
5283,880ab2c4e3fffff
5284,880a868647fffff
5285,88252cb667fffff
5286,880ab27609fffff
5287,880ab3d195fffff
5288,880ab3cd57fffff
5289,880ab224ddfffff
5290,880ab2158dfffff
5291,880ab2c08dfffff
5292,880ab2262bfffff
5293,880ab33437fffff
5294,880a869045fffff
5295,880ab3d167fffff
5296,880ab2562bfffff
5297,880ab2030dfffff
5298,880ab3094bfffff
5299,880ab16d89fffff
5300,880ab3b981fffff
5301,880ab354adfffff
5302,880ab332cdfffff
5303,880ab2b90dfffff
5304,880ab23255fffff
5305,880a8611d1fffff
5306,880ab16f5dfffff
5307,880a86c639fffff
5308,880ab2a957fffff
5309,880a94b645fffff
5310,880a949293fffff
5311,880ab35707fffff
5312,880ab3d83dfffff
5313,880a94b4c9fffff
5314,880ab26823fffff
5315,880ab22b13fffff
5316,880ab30f5dfffff
5317,880ab350b9fffff
5318,880ab2c659fffff
5319,880ab228c9fffff
5320,880ab26a09fffff
5321,880ab3a2dbfffff
5322,880ab33199fffff
5323,880ab16a8dfffff
5324,880ab26debfffff
5325,880a869565fffff
5326,880ab2c50bfffff
5327,880a8691bbfffff
5328,880ab3d5e5fffff
5329,880ab27b49fffff
5330,880ab37165fffff
5331,880ab23467fffff
5332,880a869029fffff
5333,880ab16c33fffff
5334,880a844847fffff
5335,880ab24ed5fffff
5336,880ab3c059fffff
5337,880ab32f49fffff
5338,880ab2a997fffff
5339,880ab376cdfffff
5340,880ab30f0dfffff
5341,880a868711fffff
5342,880a865603fffff
5343,880ab256a9fffff
5344,880a86c00dfffff
5345,88252d9b61fffff
5346,880a86c859fffff
5347,880ab3a489fffff
5348,880ab2cce5fffff
5349,880ab2315bfffff
5350,880ab3ab21fffff
5351,880a86d407fffff
5352,880ab301adfffff
5353,880ab27193fffff
5354,880ab274d9fffff
5355,880ab21829fffff
5356,880ab16187fffff
5357,880a86cd69fffff
5358,880ab16283fffff
5359,880ab2a817fffff
5360,880ab2299bfffff
5361,880ab2c893fffff
5362,880ab35485fffff
5363,880ab2061bfffff
5364,880ab3591bfffff
5365,880ab3059bfffff
5366,880ab26de1fffff
5367,880ab2aca1fffff
5368,880a94b711fffff
5369,880ab3b4d5fffff
5370,880ab37313fffff
5371,880a868e05fffff
5372,880ab331d5fffff
5373,880ab3c423fffff
5374,880ab24e05fffff
5375,880ab33965fffff
5376,880ab260dbfffff
5377,880a844d63fffff
5378,880ab2d0a1fffff
5379,880ab3c2ebfffff
5380,880a8600adfffff
5381,880ab3408bfffff
5382,880a8656d7fffff
5383,880ab20d99fffff
5384,880ab20d4bfffff
5385,880ab34559fffff
5386,880a860101fffff
5387,880a94b637fffff
5388,880a86149bfffff
5389,880ab2aaa7fffff
5390,880ab3b2a3fffff
5391,880ab3a5e5fffff
5392,880ab3b965fffff
5393,880ab3496bfffff
5394,88252d8a07fffff
5395,880ab269c3fffff
5396,88252d99b9fffff
5397,880ab2ac17fffff
5398,880ab2cdc5fffff
5399,880ab33895fffff
5400,880ab331a9fffff
5401,880a868865fffff
5402,880ab2ae91fffff
5403,880a86d55dfffff
5404,880a949661fffff
5405,880ab3d859fffff
5406,880a861aa3fffff
5407,880ab2455bfffff
5408,880ab2221dfffff
5409,880ab2a719fffff
5410,880a86b12dfffff
5411,880ab2723dfffff
5412,880ab22525fffff
5413,880ab1659dfffff
5414,880a86ab45fffff
5415,88252d8b6bfffff
5416,880ab3d141fffff
5417,880a861561fffff
5418,880ab20549fffff
5419,880a86d73dfffff
5420,880ab2c1ebfffff
5421,880ab30c09fffff
5422,880ab3a4a7fffff
5423,880a861717fffff
5424,880ab341c5fffff
5425,880ab20a49fffff
5426,880ab2ad05fffff
5427,880ab16a93fffff
5428,880ab351d3fffff
5429,880ab23ac3fffff
5430,880a86a845fffff
5431,880a868663fffff
5432,880ab16a17fffff
5433,880a86c62bfffff
5434,880ab2c53dfffff
5435,880a94b41bfffff
5436,880ab22d05fffff
5437,880ab30e4bfffff
5438,880a8611e1fffff
5439,880ab341adfffff
5440,880ab350bbfffff
5441,880ab201c1fffff
5442,880a94d649fffff
5443,880ab3794bfffff
5444,880ab3a967fffff
5445,880a860349fffff
5446,880ab35717fffff
5447,880a86ba93fffff
5448,880ab2a187fffff
5449,880a8691c9fffff
5450,880ab22c41fffff
5451,880ab20cb5fffff
5452,880ab2ab4dfffff
5453,88252d9a4dfffff
5454,880a868d9bfffff
5455,880ab06911fffff
5456,880ab256a5fffff
5457,880ab2a439fffff
5458,880ab2255bfffff
5459,880ab3aaa3fffff
5460,880ab26de3fffff
5461,880ab206c1fffff
5462,880ab2aa59fffff
5463,880ab21681fffff
5464,880ab2471dfffff
5465,880a86b20dfffff
5466,880ab32303fffff
5467,880ab30007fffff
5468,880a8698c7fffff
5469,880ab26e11fffff
5470,880ab210e9fffff
5471,880a860631fffff
5472,880ab2b483fffff
5473,880ab24831fffff
5474,880ab30f17fffff
5475,880ab2cd0bfffff
5476,880a86c353fffff
5477,880ab238c1fffff
5478,880ab212ebfffff
5479,88252d820dfffff
5480,880ab2154bfffff
5481,880ab376d5fffff
5482,880ab2a303fffff
5483,880ab16e97fffff
5484,880a861691fffff
5485,880ab334edfffff
5486,880a8681d3fffff
5487,880ab345cdfffff
5488,880ab25605fffff
5489,880a949b69fffff
5490,880ab32233fffff
5491,880ab26ee1fffff
5492,880ab37565fffff
5493,880ab165c5fffff
5494,880ab20315fffff
5495,880a8691d9fffff
5496,880ab2a183fffff
5497,880ab34449fffff
5498,880ab26731fffff
5499,880a868847fffff
5500,880a86c5a9fffff
5501,880ab2148dfffff
5502,880ab2a285fffff
5503,880ab229a5fffff
5504,880ab22257fffff
5505,880a861235fffff
5506,880ab3a89bfffff
5507,880a86ca2dfffff
5508,880ab2af3dfffff
5509,880ab3d819fffff
5510,880ab23881fffff
5511,880ab31959fffff
5512,880ab2a8c5fffff
5513,880ab3c4a7fffff
5514,880ab22ad7fffff
5515,880ab37a8dfffff
5516,880ab3b939fffff
5517,880ab2475bfffff
5518,880ab3a031fffff
5519,880a868f39fffff
5520,880ab24861fffff
5521,880ab24259fffff
5522,880ab3715bfffff
5523,880ab252dbfffff
5524,88252d8853fffff
5525,880ab3d903fffff
5526,880ab2a333fffff
5527,880ab37825fffff
5528,880ab3a183fffff
5529,880a86ceb3fffff
5530,880ab3c231fffff
5531,880a86cdc9fffff
5532,880a86a245fffff
5533,880a86159bfffff
5534,880ab23047fffff
5535,880a948299fffff
5536,880ab24c6dfffff
5537,880a86a339fffff
5538,880ab23965fffff
5539,880ab33523fffff
5540,880ab20855fffff
5541,880a94b6d1fffff
5542,880a86c1e3fffff
5543,880a86114dfffff
5544,880ab26141fffff
5545,880ab24c9dfffff
5546,88252d8a47fffff
5547,880ab3d133fffff
5548,880ab2a501fffff
5549,880ab34a33fffff
5550,880ab24f2dfffff
5551,880ab168b7fffff
5552,880a86070dfffff
5553,880ab201cdfffff
5554,880a86d6d9fffff
5555,880ab3b5e1fffff
5556,880ab348b7fffff
5557,880a86c489fffff
5558,880ab162c1fffff
5559,880ab249a7fffff
5560,880a86d331fffff
5561,880ab26849fffff
5562,880a86b8abfffff
5563,880ab229d3fffff
5564,880a868d65fffff
5565,880ab285b5fffff
5566,880ab34b19fffff
5567,880a860615fffff
5568,880ab37ac9fffff
5569,880a86ca15fffff
5570,880ab20c57fffff
5571,880ab3c9b3fffff
5572,880a86b101fffff
5573,880ab216bdfffff
5574,880a86d589fffff
5575,880a86a13bfffff
5576,880ab20157fffff
5577,880ab165b1fffff
5578,880ab342bbfffff
5579,880ab28c87fffff
5580,880ab33a15fffff
5581,880ab2c589fffff
5582,880ab356e1fffff
5583,880ab238cdfffff
5584,880ab32a17fffff
5585,88252d996bfffff
5586,880ab22d47fffff
5587,880a868889fffff
5588,88252cb617fffff
5589,880ab3499bfffff
5590,880a86b25bfffff
5591,880ab26139fffff
5592,880a86c9d3fffff
5593,880ab2a363fffff
5594,880ab35925fffff
5595,880ab349c9fffff
5596,880ab21357fffff
5597,880a869425fffff
5598,880ab221a7fffff
5599,880ab35889fffff
5600,880a8688a9fffff
5601,880ab25647fffff
5602,880ab3a01bfffff
5603,880ab319e9fffff
5604,880ab3cd41fffff
5605,880ab30b67fffff
5606,88252d9601fffff
5607,880ab2ab09fffff
5608,880ab34327fffff
5609,880a86ccdbfffff
5610,880ab16d6dfffff
5611,880a86a9d3fffff
5612,88252d98e7fffff
5613,88252d9b1dfffff
5614,88252d8a89fffff
5615,880a94b667fffff
5616,880ab23947fffff
5617,880ab235c5fffff
5618,880a86cc67fffff
5619,880a8696edfffff
5620,880a868e91fffff
5621,880ab27147fffff
5622,880ab35243fffff
5623,880ab351dbfffff
5624,880ab261d3fffff
5625,880ab30029fffff
5626,880a86b123fffff
5627,880ab3cc97fffff
5628,880ab34d19fffff
5629,880ab2d5cbfffff
5630,880ab3c9d9fffff
5631,880ab3272dfffff
5632,880a8684d3fffff
5633,880ab3ae09fffff
5634,880ab34e91fffff
5635,880a86ba31fffff
5636,880a86c501fffff
5637,880ab2b153fffff
5638,880ab2719dfffff
5639,880a86cc29fffff
5640,880a949b41fffff
5641,880a8682a3fffff
5642,880ab3a865fffff
5643,880ab2b5a7fffff
5644,880ab30537fffff
5645,880ab224b1fffff
5646,880ab24035fffff
5647,88252cb643fffff
5648,880ab2b81bfffff
5649,880ab26d9dfffff
5650,880a86d195fffff
5651,880ab16043fffff
5652,880a94968bfffff
5653,880ab2c285fffff
5654,880ab2c9bbfffff
5655,880ab370a1fffff
5656,880ab37647fffff
5657,880ab27699fffff
5658,880ab25259fffff
5659,880ab2c8bdfffff
5660,880ab2a919fffff
5661,880a868d93fffff
5662,880a86b303fffff
5663,880ab22c45fffff
5664,880ab219ebfffff
5665,880ab378a9fffff
5666,880ab3b431fffff
5667,880a868821fffff
5668,880ab2adc1fffff
5669,880ab2ab33fffff
5670,880a860469fffff
5671,880a868281fffff
5672,880ab315b7fffff
5673,88252dd647fffff
5674,880a8692adfffff
5675,880ab30de7fffff
5676,880a861865fffff
5677,880ab2386dfffff
5678,880ab27421fffff
5679,880ab258bdfffff
5680,880ab2a50dfffff
5681,880ab30d63fffff
5682,880ab3c9c7fffff
5683,880ab2a589fffff
5684,88252cb755fffff
5685,880a86cd2dfffff
5686,880a8610e1fffff
5687,880a861467fffff
5688,880ab2890bfffff
5689,880ab3a549fffff
5690,880ab24051fffff
5691,880ab320a5fffff
5692,880ab1643dfffff
5693,880ab3285dfffff
5694,880ab306b5fffff
5695,88252dd605fffff
5696,880a868933fffff
5697,880ab22f69fffff
5698,880ab34ce9fffff
5699,880ab2c1e3fffff
5700,880ab3b899fffff
5701,880ab21a1dfffff
5702,880ab3428dfffff
5703,880a86d9d5fffff
5704,880ab3d051fffff
5705,88252d9299fffff
5706,880ab26cd5fffff
5707,880ab2449bfffff
5708,880ab166ddfffff
5709,880ab2d183fffff
5710,880ab33291fffff
5711,880ab2130bfffff
5712,880a86d5e3fffff
5713,880ab26029fffff
5714,880ab3af29fffff
5715,880ab24f49fffff
5716,880ab22ab5fffff
5717,880ab3d0adfffff
5718,880ab2c425fffff
5719,880ab2b8e3fffff
5720,880ab3480dfffff
5721,880ab0693bfffff
5722,880ab2d1a1fffff
5723,880ab32003fffff
5724,880a86d401fffff
5725,880ab171a7fffff
5726,880ab36211fffff
5727,880a86c25bfffff
5728,880ab379dbfffff
5729,88252dd0c7fffff
5730,880a86d0adfffff
5731,880ab2b007fffff
5732,880ab372b7fffff
5733,880ab24f6bfffff
5734,880a86d623fffff
5735,880ab30747fffff
5736,880ab2c61dfffff
5737,880a868099fffff
5738,880ab250c5fffff
5739,880ab22ec5fffff
5740,880a86cee9fffff
5741,880ab24e0bfffff
5742,880ab314ebfffff
5743,880ab249a1fffff
5744,88252d91cbfffff
5745,880ab2266bfffff
5746,880ab24f41fffff
5747,880ab37567fffff
5748,880ab16497fffff
5749,880ab2550dfffff
5750,880ab27891fffff
5751,880ab221c1fffff
5752,880a94d32bfffff
5753,880a86cd17fffff
5754,880ab3dabdfffff
5755,880ab30733fffff
5756,880ab331abfffff
5757,880ab27943fffff
5758,880a86a261fffff
5759,880a86c155fffff
5760,880ab22403fffff
5761,880ab28d85fffff
5762,880ab2c29dfffff
5763,880ab27539fffff
5764,880ab3a1a7fffff
5765,880ab28e9bfffff
5766,880ab22b35fffff
5767,880ab27189fffff
5768,880ab2549dfffff
5769,880ab341a5fffff
5770,880ab26469fffff
5771,880ab2324dfffff
5772,880ab21005fffff
5773,880a94d361fffff
5774,880ab24cb5fffff
5775,880ab32b15fffff
5776,880ab165b7fffff
5777,880a86103dfffff
5778,880a94d007fffff
5779,880a94b403fffff
5780,880ab25215fffff
5781,880ab242a5fffff
5782,880a86d945fffff
5783,880a868721fffff
5784,880ab34d1dfffff
5785,880a94d15bfffff
5786,880ab2181dfffff
5787,880ab166edfffff
5788,880a861307fffff
5789,880ab2a19bfffff
5790,880ab3a65bfffff
5791,880ab2b0c3fffff
5792,880a86d1d3fffff
5793,880ab3ca39fffff
5794,880a868ebdfffff
5795,880a86135dfffff
5796,880a8652d1fffff
5797,880a868c1dfffff
5798,880a8690c1fffff
5799,880ab235b5fffff
5800,880ab30dcbfffff
5801,880ab3366dfffff
5802,880a86a963fffff
5803,880ab30353fffff
5804,880ab22b61fffff
5805,880ab129b5fffff
5806,880ab355cdfffff
5807,880a8685d5fffff
5808,88252d9833fffff
5809,880ab318e5fffff
5810,880ab326a9fffff
5811,880ab2788bfffff
5812,880ab2c065fffff
5813,880ab3ad57fffff
5814,880ab2c10bfffff
5815,880ab24dddfffff
5816,880ab20dedfffff
5817,880ab271b7fffff
5818,880ab205bbfffff
5819,880ab33b2bfffff
5820,880ab21b29fffff
5821,880ab3236dfffff
5822,880ab25217fffff
5823,880ab16941fffff
5824,880ab2aad1fffff
5825,880ab322c3fffff
5826,880ab21a33fffff
5827,880ab21591fffff
5828,880ab376e1fffff
5829,880a86d457fffff
5830,880ab35b63fffff
5831,880ab336e1fffff
5832,880a844aa3fffff
5833,880ab2a6e7fffff
5834,880ab3a545fffff
5835,880a94b245fffff
5836,880ab23031fffff
5837,880a86b04dfffff
5838,880ab16f49fffff
5839,88252d8b21fffff
5840,880ab2c4a3fffff
5841,880a860681fffff
5842,880ab28f35fffff
5843,880a861165fffff
5844,880ab256adfffff
5845,880ab20369fffff
5846,880ab3d159fffff
5847,880ab2d5bbfffff
5848,880a8656e9fffff
5849,880ab3c2e5fffff
5850,880ab3aab9fffff
5851,880ab3a53bfffff
5852,880ab228d5fffff
5853,880ab30c23fffff
5854,880ab34dabfffff
5855,880ab3ca53fffff
5856,880ab3ae27fffff
5857,880ab35221fffff
5858,880a86c169fffff
5859,880a86d831fffff
5860,880ab268c3fffff
5861,880ab2b919fffff
5862,880ab27809fffff
5863,880ab33b3bfffff
5864,880a868c97fffff
5865,880ab2a059fffff
5866,880ab330c7fffff
5867,880ab32a9dfffff
5868,880ab23553fffff
5869,880ab342e7fffff
5870,880ab37b67fffff
5871,880a86c84bfffff
5872,880ab309ebfffff
5873,880a860355fffff
5874,880ab254e1fffff
5875,880ab224e9fffff
5876,880a86b8b7fffff
5877,880ab25663fffff
5878,880ab309cbfffff
5879,880a86d4c7fffff
5880,880ab17a21fffff
5881,880ab20e13fffff
5882,880ab20043fffff
5883,880ab340b7fffff
5884,880ab27b01fffff
5885,880ab30b1bfffff
5886,880ab23b0bfffff
5887,880ab21523fffff
5888,880ab2609bfffff
5889,880ab3d335fffff
5890,880ab2c5e9fffff
5891,880a86c533fffff
5892,88252d99d7fffff
5893,880ab2bb51fffff
5894,880a86a8ebfffff
5895,880a868b61fffff
5896,880ab375c9fffff
5897,880a86b367fffff
5898,880ab20267fffff
5899,880a8616d1fffff
5900,880ab3db59fffff
5901,880ab32457fffff
5902,880ab2a697fffff
5903,880ab2034bfffff
5904,880a86c183fffff
5905,88252d811dfffff
5906,880ab26113fffff
5907,88252cb629fffff
5908,880ab3d32bfffff
5909,880a86b003fffff
5910,880ab2c41dfffff
5911,880ab2cf33fffff
5912,880ab168c7fffff
5913,880a949409fffff
5914,880ab3593dfffff
5915,880ab2275bfffff
5916,880ab2092bfffff
5917,880ab2048dfffff
5918,880a86ca6bfffff
5919,880ab30c4bfffff
5920,880ab216c7fffff
5921,880ab35109fffff
5922,880ab22dedfffff
5923,880ab215e3fffff
5924,880ab20057fffff
5925,880ab266b9fffff
5926,880a86c413fffff
5927,880ab3a941fffff
5928,880a86d56bfffff
5929,880a860187fffff
5930,880ab21351fffff
5931,880ab341e1fffff
5932,880ab2c9b3fffff
5933,880ab3c755fffff
5934,880ab24563fffff
5935,880a869827fffff
5936,880a844a8dfffff
5937,880ab2174dfffff
5938,880ab31819fffff
5939,880a86d311fffff
5940,880ab33543fffff
5941,88252d8347fffff
5942,880a8600e7fffff
5943,880a94b733fffff
5944,880a8618d7fffff
5945,880ab322b9fffff
5946,880ab2a587fffff
5947,880ab3c6e3fffff
5948,880ab26049fffff
5949,880ab3363dfffff
5950,880ab20db5fffff
5951,880ab2282bfffff
5952,880ab3224dfffff
5953,880ab256b3fffff
5954,880ab3ca5dfffff
5955,880ab20283fffff
5956,880ab22e07fffff
5957,880ab3cf31fffff
5958,880ab27961fffff
5959,880ab16735fffff
5960,880ab2cc29fffff
5961,880ab30289fffff
5962,880ab3209dfffff
5963,880ab34c05fffff
5964,880ab3725dfffff
5965,880ab30a13fffff
5966,880ab3d367fffff
5967,880ab3db45fffff
5968,880ab26633fffff
5969,880ab34a61fffff
5970,880ab35667fffff
5971,880a948749fffff
5972,880ab2786dfffff
5973,880ab20e37fffff
5974,880ab27451fffff
5975,88252d9b25fffff
5976,880ab2d5d1fffff
5977,880ab3582bfffff
5978,880ab23b11fffff
5979,880a869181fffff
5980,880a860181fffff
5981,880ab3714dfffff
5982,880a86cf55fffff
5983,880ab2ced1fffff
5984,880ab20e07fffff
5985,880ab20e81fffff
5986,880ab32027fffff
5987,880a8691d1fffff
5988,880ab3a835fffff
5989,880ab3db09fffff
5990,880a86d0c9fffff
5991,880ab350e7fffff
5992,880ab21b53fffff
5993,880ab31951fffff
5994,880ab2af15fffff
5995,880a861a25fffff
5996,880ab26739fffff
5997,880ab3768bfffff
5998,880ab20065fffff
5999,880ab25065fffff
6000,880ab3c933fffff
6001,88252d8a15fffff
6002,880ab3460dfffff
6003,880ab24debfffff
6004,880ab22303fffff
6005,880ab22945fffff
6006,880ab2248bfffff
6007,880a868041fffff
6008,880ab23015fffff
6009,880a86d1ddfffff
6010,880a8601cbfffff
6011,880ab3c2bbfffff
6012,880a86d491fffff
6013,88252d88cdfffff
6014,880ab35281fffff
6015,880a9495e5fffff
6016,880ab334c7fffff
6017,880ab166abfffff
6018,880ab33603fffff
6019,880ab26e6dfffff
6020,880ab2c93bfffff
6021,880a861b29fffff
6022,880a86c91dfffff
6023,880ab26d29fffff
6024,880a86cd6dfffff
6025,880a86a2a1fffff
6026,880a868731fffff
6027,88252d8861fffff
6028,880ab3472dfffff
6029,880ab20591fffff
6030,880ab24587fffff
6031,880ab24427fffff
6032,880ab232a9fffff
6033,880ab219e9fffff
6034,880ab24081fffff
6035,880ab33983fffff
6036,880ab21345fffff
6037,880ab165a7fffff
6038,880a86a8c9fffff
6039,88252d9b3bfffff
6040,880ab370b3fffff
6041,880a861637fffff
6042,880ab269b9fffff
6043,880ab06d69fffff
6044,880ab2d4b3fffff
6045,880a86142dfffff
6046,880ab17a51fffff
6047,880ab3ab45fffff
6048,880a94d235fffff
6049,880ab24c19fffff
6050,880ab32b01fffff
6051,88252dd62bfffff
6052,880ab2ad69fffff
6053,880ab2a2d3fffff
6054,880ab16915fffff
6055,880ab3c0c1fffff
6056,880ab37297fffff
6057,880ab2b88bfffff
6058,880ab21201fffff
6059,880ab2a893fffff
6060,880ab1643bfffff
6061,880a8459b3fffff
6062,880a94b65bfffff
6063,880ab35ac7fffff
6064,880ab3a829fffff
6065,880ab21603fffff
6066,88252dd643fffff
6067,880ab26005fffff
6068,880ab31067fffff
6069,880ab16c45fffff
6070,880ab2062dfffff
6071,880ab22007fffff
6072,88252d8127fffff
6073,880ab30a93fffff
6074,880ab2142dfffff
6075,880a86903bfffff
6076,880ab32f4dfffff
6077,880ab2315dfffff
6078,880ab211d9fffff
6079,880ab3c405fffff
6080,88252d8a0bfffff
6081,88252d9961fffff
6082,880a86c2b9fffff
6083,880ab2c161fffff
6084,880a86a191fffff
6085,880ab22235fffff
6086,880ab20b59fffff
6087,880a860223fffff
6088,880a844893fffff
6089,880a868edbfffff
6090,880ab2af65fffff
6091,880ab3d93dfffff
6092,880ab0692dfffff
6093,880ab25aa3fffff
6094,880ab2c9edfffff
6095,880ab24509fffff
6096,880a86c213fffff
6097,880ab258c3fffff
6098,880ab24f21fffff
6099,880ab3d421fffff
6100,880a94d04bfffff
6101,880ab3413bfffff
6102,880ab22551fffff
6103,880ab16465fffff
6104,880ab346c9fffff
6105,880a868233fffff
6106,880ab33947fffff
6107,880ab20c99fffff
6108,880a86cd55fffff
6109,880ab16357fffff
6110,880ab264dbfffff
6111,880ab3d827fffff
6112,880ab3a4d5fffff
6113,880ab32283fffff
6114,880a8691ddfffff
6115,880ab16cc3fffff
6116,880ab3c25dfffff
6117,880ab3a95bfffff
6118,880ab37349fffff
6119,880ab272b9fffff
6120,880ab3281bfffff
6121,880ab3c541fffff
6122,880ab28f33fffff
6123,880ab370b5fffff
6124,880ab27337fffff
6125,880a861ab5fffff
6126,880ab16517fffff
6127,880ab338e1fffff
6128,880ab35705fffff
6129,880ab164c9fffff
6130,880ab3c815fffff
6131,880ab23503fffff
6132,880ab16851fffff
6133,880ab27199fffff
6134,880ab3b5b7fffff
6135,880ab2ba15fffff
6136,880ab22623fffff
6137,880ab22cb5fffff
6138,880ab20d07fffff
6139,880a949649fffff
6140,880a86c565fffff
6141,880ab34663fffff
6142,880ab239c3fffff
6143,880a844823fffff
6144,880a86dac5fffff
6145,880ab3a405fffff
6146,880a94d063fffff
6147,88252d8363fffff
6148,880a8694edfffff
6149,880ab3152dfffff
6150,880ab220d1fffff
6151,880a94d29dfffff
6152,880ab35921fffff
6153,880ab3a501fffff
6154,880ab38999fffff
6155,880ab20f09fffff
6156,880a86a849fffff
6157,880a860a09fffff
6158,880ab3af59fffff
6159,880a9496d9fffff
6160,880ab3aa0bfffff
6161,880a86971bfffff
6162,880a861097fffff
6163,880ab34c29fffff
6164,880ab341a1fffff
6165,880ab16461fffff
6166,880ab2029dfffff
6167,880ab20013fffff
6168,880a861321fffff
6169,880ab265bbfffff
6170,880ab3798dfffff
6171,880a86d989fffff
6172,880ab3200dfffff
6173,880a86c223fffff
6174,880ab3a855fffff
6175,880ab166d3fffff
6176,880ab314b3fffff
6177,88252d9a99fffff
6178,880ab3b9bdfffff
6179,880a86d1b5fffff
6180,880ab258d1fffff
6181,880a86b90dfffff
6182,880ab27857fffff
6183,880ab3788dfffff
6184,880ab168b1fffff
6185,880ab2af19fffff
6186,880a86aaebfffff
6187,880a86962bfffff
6188,880a948601fffff
6189,880ab3c6b3fffff
6190,880a861159fffff
6191,880ab27127fffff
6192,880a86af43fffff
6193,880a86c961fffff
6194,880a86ce91fffff
6195,880ab3b83bfffff
6196,880ab272b5fffff
6197,880a86ab25fffff
6198,880ab2b84bfffff
6199,88252d9307fffff
6200,880a86185bfffff
6201,880ab2018dfffff
6202,880ab252b7fffff
6203,880ab2ca95fffff
6204,880a86c059fffff
6205,880a86af55fffff
6206,880a86c451fffff
6207,880ab3322bfffff
6208,880a868131fffff
6209,880a86d341fffff
6210,880ab22687fffff
6211,880ab3af13fffff
6212,880ab26d85fffff
6213,880ab3762bfffff
6214,880ab2058dfffff
6215,880ab2a4a1fffff
6216,880ab26dd7fffff
6217,880ab3c04bfffff
6218,880ab346b9fffff
6219,880ab34585fffff
6220,880ab20139fffff
6221,880ab23103fffff
6222,880ab34b05fffff
6223,880ab16255fffff
6224,880ab2c4dbfffff
6225,880a868959fffff
6226,880ab2459dfffff
6227,880a86cd07fffff
6228,880a94b70bfffff
6229,880ab2a4bdfffff
6230,880ab2215bfffff
6231,880ab33943fffff
6232,880a844857fffff
6233,880ab2a2b7fffff
6234,880ab226edfffff
6235,880ab34a01fffff
6236,880ab23993fffff
6237,880ab17995fffff
6238,880ab16035fffff
6239,880ab305b5fffff
6240,880a86c2b1fffff
6241,880ab236e7fffff
6242,880ab25233fffff
6243,880ab2173bfffff
6244,880a86cc35fffff
6245,880a860639fffff
6246,880ab26199fffff
6247,880a86d4c9fffff
6248,880ab346b7fffff
6249,880ab2d52dfffff
6250,880ab2b029fffff
6251,880ab2ba41fffff
6252,880ab231c3fffff
6253,880ab34297fffff
6254,880ab35189fffff
6255,880ab208a1fffff
6256,880ab31ac5fffff
6257,880a86c73dfffff
6258,880ab3da03fffff
6259,880ab27293fffff
6260,880ab3b729fffff
6261,880a86944dfffff
6262,880a86001dfffff
6263,880ab3ca1dfffff
6264,880ab3daa7fffff
6265,880a86928bfffff
6266,880ab2c2b1fffff
6267,880ab202c5fffff
6268,880a94d661fffff
6269,880a94d06bfffff
6270,880ab2a5d7fffff
6271,880ab212c9fffff
6272,880ab371b5fffff
6273,880a869687fffff
6274,880a86d825fffff
6275,880ab344cbfffff
6276,88252d98c7fffff
6277,880ab224cdfffff
6278,880ab33549fffff
6279,880ab21091fffff
6280,880ab28ea7fffff
6281,880ab3d22bfffff
6282,880ab308edfffff
6283,880ab30401fffff
6284,880ab228d9fffff
6285,880ab2035bfffff
6286,880ab32a91fffff
6287,880a861739fffff
6288,880ab28941fffff
6289,880a868217fffff
6290,880ab22ebdfffff
6291,880ab16da7fffff
6292,880a86966dfffff
6293,88252d8a1dfffff
6294,880ab16eabfffff
6295,880ab26a45fffff
6296,880ab33289fffff
6297,880ab2b8c1fffff
6298,88252d8aa3fffff
6299,880ab37933fffff
6300,880a86ab41fffff
6301,880ab23991fffff
6302,880a861491fffff
6303,880ab235a5fffff
6304,880a86c485fffff
6305,880ab3a0c5fffff
6306,880a844a03fffff
6307,880a86d42dfffff
6308,880ab26f1bfffff
6309,880ab22727fffff
6310,880a86003dfffff
6311,880a9492d5fffff
6312,880a86b103fffff
6313,880ab200ddfffff
6314,880a86891bfffff
6315,880a8686b5fffff
6316,880ab36357fffff
6317,880a868631fffff
6318,880a868057fffff
6319,880ab33231fffff
6320,880ab25529fffff
6321,880a8612a7fffff
6322,880a8614a3fffff
6323,880a860463fffff
6324,880ab250b3fffff
6325,880a868719fffff
6326,880ab34b35fffff
6327,880ab339b3fffff
6328,880a8632c5fffff
6329,880ab252b3fffff
6330,880ab236a7fffff
6331,880ab3369dfffff
6332,880ab2a0dbfffff
6333,880ab24dd3fffff
6334,880a86d95dfffff
6335,880ab32085fffff
6336,880ab24037fffff
6337,880a86c13bfffff
6338,880ab26009fffff
6339,880ab371d9fffff
6340,880ab35827fffff
6341,880ab3ced5fffff
6342,880ab27ad3fffff
6343,880ab2a211fffff
6344,880ab20581fffff
6345,880ab32125fffff
6346,880ab38993fffff
6347,880ab30cb1fffff
6348,880a86a349fffff
6349,880ab234cdfffff
6350,880ab2329dfffff
6351,880ab16843fffff
6352,880ab2c993fffff
6353,880ab23025fffff
6354,880ab2cc3bfffff
6355,880ab336adfffff
6356,880a8689c5fffff
6357,880ab28d5dfffff
6358,880a861b43fffff
6359,880ab2a117fffff
6360,88252d91e9fffff
6361,880ab375cbfffff
6362,880a9495bbfffff
6363,880a86d297fffff
6364,880ab33305fffff
6365,880ab34d03fffff
6366,880a861765fffff
6367,880ab2132bfffff
6368,880ab20f51fffff
6369,880ab23537fffff
6370,880a86b92dfffff
6371,880a868153fffff
6372,880a868b37fffff
6373,880ab30615fffff
6374,880ab34751fffff
6375,880a8688e1fffff
6376,88252d9a4bfffff
6377,880a86d923fffff
6378,880ab31a1bfffff
6379,880ab3709bfffff
6380,880ab17829fffff
6381,880ab3b5c1fffff
6382,880ab069cbfffff
6383,880ab22e55fffff
6384,880ab3ad43fffff
6385,880a844885fffff
6386,880ab16b03fffff
6387,880a86d893fffff
6388,880ab26589fffff
6389,88252d8ac3fffff
6390,88252d8a1bfffff
6391,880a869089fffff
6392,880ab35055fffff
6393,880a869ab1fffff
6394,880ab17903fffff
6395,880ab32087fffff
6396,880ab3c19dfffff
6397,880ab3349bfffff
6398,880ab3b887fffff
6399,880ab16dcbfffff
6400,880ab2422dfffff
6401,880ab3b731fffff
6402,880ab318c3fffff
6403,880ab33563fffff
6404,880ab3a649fffff
6405,880ab376bdfffff
6406,880ab216ebfffff
6407,880ab3db65fffff
6408,880ab34763fffff
6409,880ab22a6bfffff
6410,880a86d043fffff
6411,880a8611b7fffff
6412,880ab3241dfffff
6413,880ab30963fffff
6414,880ab330a7fffff
6415,880a861825fffff
6416,880a844a39fffff
6417,880ab37353fffff
6418,880ab30191fffff
6419,880ab30cc9fffff
6420,880a861687fffff
6421,880ab2a255fffff
6422,88252d9a31fffff
6423,880ab3a5e1fffff
6424,880ab3a2abfffff
6425,880ab33125fffff
6426,880a8606b7fffff
6427,880ab3066bfffff
6428,880ab2d5b5fffff
6429,880ab23269fffff
6430,880ab2089dfffff
6431,880ab21513fffff
6432,880a863335fffff
6433,880a86c1c3fffff
6434,88252d8159fffff
6435,880a860095fffff
6436,880ab2184bfffff
6437,880ab16739fffff
6438,880ab34cebfffff
6439,880ab1652bfffff
6440,880ab305d7fffff
6441,880ab26563fffff
6442,880a86322bfffff
6443,880ab2a247fffff
6444,880ab17a09fffff
6445,880ab35237fffff
6446,880ab21a6bfffff
6447,880ab3c9cdfffff
6448,880ab3ae9dfffff
6449,880ab3d191fffff
6450,880a86aa15fffff
6451,880a86a335fffff
6452,880ab212d9fffff
6453,880ab16e45fffff
6454,880a86c321fffff
6455,880a863145fffff
6456,880ab16d5bfffff
6457,880ab3053dfffff
6458,880ab3db6bfffff
6459,880ab2143dfffff
6460,880ab231c9fffff
6461,880a86c141fffff
6462,880ab3a543fffff
6463,880ab35227fffff
6464,880ab2075bfffff
6465,880a86db43fffff
6466,880ab30483fffff
6467,880ab3d8c1fffff
6468,880ab30769fffff
6469,880ab3cccdfffff
6470,880ab216a5fffff
6471,880ab27659fffff
6472,880ab34557fffff
6473,880ab30425fffff
6474,880a86bb09fffff
6475,880a86af27fffff
6476,880ab2c407fffff
6477,880ab318cbfffff
6478,880ab2a687fffff
6479,880ab27233fffff
6480,880a8682abfffff
6481,880a86cd3bfffff
6482,880ab211dbfffff
6483,880ab301edfffff
6484,880a9495c3fffff
6485,880a86a11bfffff
6486,880a949559fffff
6487,880ab22a15fffff
6488,880ab34a87fffff
6489,880a868d03fffff
6490,880ab338e3fffff
6491,880a868103fffff
6492,880ab2d58dfffff
6493,880ab21869fffff
6494,880a86d90dfffff
6495,880a86db01fffff
6496,880ab3046dfffff
6497,880ab2a307fffff
6498,880a86c403fffff
6499,880a8689d3fffff
6500,880ab2ae15fffff
6501,880ab3c401fffff
6502,880a94b683fffff
6503,880a863227fffff
6504,880ab3a617fffff
6505,880a94b6ddfffff
6506,880a9496e5fffff
6507,880a86b8bbfffff
6508,880ab269a7fffff
6509,880a86a333fffff
6510,880a86b369fffff
6511,88252d8b23fffff
6512,880ab30d13fffff
6513,880ab2214dfffff
6514,880ab2a033fffff
6515,880a869503fffff
6516,880ab25543fffff
6517,880ab229c1fffff
6518,880ab342b5fffff
6519,880ab258d5fffff
6520,880ab16237fffff
6521,880ab1619bfffff
6522,880ab33085fffff
6523,880ab27423fffff
6524,880a86d685fffff
6525,880ab3c463fffff
6526,880ab3caa3fffff
6527,880ab30b17fffff
6528,880ab30023fffff
6529,880a8652d9fffff
6530,880ab22ee1fffff
6531,880ab35b27fffff
6532,880a868811fffff
6533,880ab3d55bfffff
6534,880ab3a019fffff
6535,880a869a39fffff
6536,880ab35987fffff
6537,880ab21969fffff
6538,880ab218edfffff
6539,880ab35945fffff
6540,880a86dae5fffff
6541,880ab234c3fffff
6542,880ab2666dfffff
6543,880ab16521fffff
6544,880a94d365fffff
6545,880ab389c7fffff
6546,880a86d68bfffff
6547,880ab2a227fffff
6548,880ab2c96dfffff
6549,880a94953dfffff
6550,880ab31ad9fffff
6551,880ab16debfffff
6552,880ab3c907fffff
6553,880ab2a9d1fffff
6554,880a869b6bfffff
6555,880ab34243fffff
6556,880ab1630dfffff
6557,880a86843bfffff
6558,880a948643fffff
6559,880ab2c693fffff
6560,880ab20425fffff
6561,880ab22f1bfffff
6562,880ab26dabfffff
6563,880a861615fffff
6564,880ab37223fffff
6565,880a86955bfffff
6566,880ab21689fffff
6567,880ab33341fffff
6568,880ab068abfffff
6569,880a86b89bfffff
6570,880ab2a093fffff
6571,880ab2c5d3fffff
6572,880ab22c0dfffff
6573,880ab32723fffff
6574,880ab2502dfffff
6575,880ab2429bfffff
6576,880ab30705fffff
6577,880ab2cd8dfffff
6578,880ab314c5fffff
6579,880a86aa59fffff
6580,880ab3cdd5fffff
6581,880ab26c35fffff
6582,880a86c1d7fffff
6583,880ab2ceb5fffff
6584,880ab2482bfffff
6585,880a949721fffff
6586,880ab2ca57fffff
6587,880ab2d883fffff
6588,880ab3a747fffff
6589,880ab352b7fffff
6590,880ab175a9fffff
6591,880ab3ada5fffff
6592,880ab3c4edfffff
6593,880ab17813fffff
6594,880ab205b5fffff
6595,880ab24735fffff
6596,880ab2a9e3fffff
6597,880ab25085fffff
6598,880ab3a8c3fffff
6599,880ab226ebfffff
6600,880ab33809fffff
6601,880ab20c93fffff
6602,880ab166a3fffff
6603,880a86db45fffff
6604,880a86d027fffff
6605,880ab3acc7fffff
6606,880ab22ad1fffff
6607,880ab27445fffff
6608,880a868ee3fffff
6609,880a86bb53fffff
6610,880ab33561fffff
6611,880ab3a423fffff
6612,880a94950bfffff
6613,880ab3310bfffff
6614,880ab2340dfffff
6615,880ab24765fffff
6616,880ab2aeb5fffff
6617,880ab359bdfffff
6618,880a8602b7fffff
6619,880ab3d51dfffff
6620,880ab2c531fffff
6621,880a869541fffff
6622,880ab2ba87fffff
6623,880ab20689fffff
6624,880ab2a5adfffff
6625,880ab3da23fffff
6626,880a8688edfffff
6627,880ab2a82bfffff
6628,880ab21659fffff
6629,880ab1669dfffff
6630,880ab37065fffff
6631,880ab27685fffff
6632,880a86062dfffff
6633,880ab2430bfffff
6634,880ab2c73bfffff
6635,880ab2cd0dfffff
6636,880ab2aec9fffff
6637,880ab164e7fffff
6638,880ab27487fffff
6639,880ab169d5fffff
6640,880ab3d8cdfffff
6641,880ab23823fffff
6642,880ab3b445fffff
6643,880ab3c1c1fffff
6644,880a86a8d3fffff
6645,880a86a91bfffff
6646,880ab20965fffff
6647,880ab25103fffff
6648,880ab304a5fffff
6649,880ab20b2dfffff
6650,880ab20e6dfffff
6651,880ab33a83fffff
6652,88252d8227fffff
6653,880ab3ac15fffff
6654,880ab318a9fffff
6655,880ab23361fffff
6656,880ab16da5fffff
6657,880ab2686dfffff
6658,880ab351cdfffff
6659,880ab2c189fffff
6660,880ab33743fffff
6661,880ab21a23fffff
6662,880ab20db7fffff
6663,880ab2a523fffff
6664,880ab3ad15fffff
6665,880ab35345fffff
6666,880ab3c133fffff
6667,880ab32269fffff
6668,880a8681adfffff
6669,880ab3a0b9fffff
6670,880ab2ccc3fffff
6671,88252d8a0dfffff
6672,880a86c107fffff
6673,880ab20997fffff
6674,880ab2b859fffff
6675,880ab3adedfffff
6676,880ab21433fffff
6677,880a86d843fffff
6678,880a86110bfffff
6679,880ab06915fffff
6680,880a94d147fffff
6681,880ab22227fffff
6682,880ab3134dfffff
6683,880a868aebfffff
6684,880ab200e3fffff
6685,880ab35b23fffff
6686,880ab23115fffff
6687,880ab2464dfffff
6688,880ab328ebfffff
6689,880ab33b63fffff
6690,880ab256b7fffff
6691,880ab3b837fffff
6692,880ab33959fffff
6693,880ab2143bfffff
6694,880ab3ccd1fffff
6695,880ab3d1c7fffff
6696,880a86ccc9fffff
6697,880ab12db1fffff
6698,880ab3ae01fffff
6699,880ab372b3fffff
6700,880ab3d9bbfffff
6701,880ab238abfffff
6702,880ab24d4dfffff
6703,880ab33741fffff
6704,880a8680e3fffff
6705,880ab28b29fffff
6706,880a868357fffff
6707,880a868899fffff
6708,880ab26ea1fffff
6709,880ab2c8dbfffff
6710,880a86d411fffff
6711,880a9482b9fffff
6712,880ab3d251fffff
6713,880a86c8adfffff
6714,880a86d159fffff
6715,880a86b839fffff
6716,880ab068a7fffff
6717,880ab2ad49fffff
6718,880ab2c463fffff
6719,880a86885bfffff
6720,880a94b6a7fffff
6721,880ab20b33fffff
6722,880ab3341dfffff
6723,880ab26d1dfffff
6724,880ab3a157fffff
6725,880a86322dfffff
6726,880ab23621fffff
6727,880ab3a45dfffff
6728,880ab3a1d9fffff
6729,880ab2b317fffff
6730,880ab34237fffff
6731,88252d91edfffff
6732,880ab21759fffff
6733,880ab34c21fffff
6734,880a86d595fffff
6735,880ab309c1fffff
6736,880a9482c3fffff
6737,880ab24853fffff
6738,880ab371edfffff
6739,880a86bac5fffff
6740,880a84491dfffff
6741,880a86c611fffff
6742,880ab2a565fffff
6743,880ab348e3fffff
6744,880ab20a35fffff
6745,880ab3ceedfffff
6746,880a86ccb5fffff
6747,880ab228e5fffff
6748,880a86ca9dfffff
6749,880a86c441fffff
6750,880ab33237fffff
6751,880ab2d101fffff
6752,880ab220ebfffff
6753,880ab20d9bfffff
6754,880a860709fffff
6755,880ab254c3fffff
6756,880ab2ceb9fffff
6757,880a861a4dfffff
6758,88252d9115fffff
6759,880ab2099bfffff
6760,880ab2b119fffff
6761,88252d9a29fffff
6762,880ab314c7fffff
6763,880a86983dfffff
6764,880ab23425fffff
6765,880a8448e9fffff
6766,880a865253fffff
6767,880ab3326dfffff
6768,880ab3d9edfffff
6769,880a86b9a5fffff
6770,880a948741fffff
6771,880a861909fffff
6772,880ab34a03fffff
6773,88252cb711fffff
6774,880a94d66bfffff
6775,880a8600d7fffff
6776,880a86d5c3fffff
6777,880a86ba99fffff
6778,880ab3b4c9fffff
6779,880ab370e9fffff
6780,880ab16ee1fffff
6781,880ab30ad5fffff
6782,880ab24981fffff
6783,880a8686a9fffff
6784,880ab2118bfffff
6785,880a86c423fffff
6786,880a86a823fffff
6787,880ab2c769fffff
6788,880ab3d843fffff
6789,880a86022bfffff
6790,880ab3b4a1fffff
6791,880ab2a159fffff
6792,880a8686ebfffff
6793,880a86d739fffff
6794,880ab34119fffff
6795,880ab209a5fffff
6796,880ab310b9fffff
6797,880ab3491dfffff
6798,880ab34883fffff
6799,880ab3b4e7fffff
6800,880ab3c051fffff
6801,880a868169fffff
6802,880ab376adfffff
6803,880a86ba8bfffff
6804,880ab37057fffff
6805,880ab269b3fffff
6806,880ab2356dfffff
6807,880ab21287fffff
6808,880a86ae65fffff
6809,880a865615fffff
6810,880ab2a0d7fffff
6811,880ab33645fffff
6812,88252d815bfffff
6813,880ab27927fffff
6814,880ab35a49fffff
6815,880ab1780bfffff
6816,880ab32ae7fffff
6817,880ab21983fffff
6818,880ab344a1fffff
6819,880ab2a5dbfffff
6820,880ab23743fffff
6821,880ab2c951fffff
6822,880ab28ddbfffff
6823,880ab2208dfffff
6824,880a86c011fffff
6825,880ab26659fffff
6826,880ab339d3fffff
6827,880ab3275bfffff
6828,880ab16f69fffff
6829,880ab3c617fffff
6830,880ab2aa65fffff
6831,880ab3a693fffff
6832,880a861685fffff
6833,88252d9983fffff
6834,880a86b9a9fffff
6835,880ab2a0e1fffff
6836,880ab304a1fffff
6837,880ab3db33fffff
6838,880ab3c091fffff
6839,880a861681fffff
6840,880ab36249fffff
6841,880ab26837fffff
6842,880ab326e3fffff
6843,880ab308d7fffff
6844,880ab2aed9fffff
6845,880a94d311fffff
6846,880ab30695fffff
6847,880ab32267fffff
6848,880ab318ebfffff
6849,880ab27211fffff
6850,880a869141fffff
6851,88252d9829fffff
6852,880ab244b3fffff
6853,880ab25009fffff
6854,880ab28dabfffff
6855,880a94b021fffff
6856,880ab25151fffff
6857,880ab2b00dfffff
6858,880ab2c519fffff
6859,880ab2210bfffff
6860,880a86d9a9fffff
6861,880ab31051fffff
6862,880ab37401fffff
6863,880a86189dfffff
6864,88252d8821fffff
6865,880ab28f13fffff
6866,880ab23121fffff
6867,880ab20c3bfffff
6868,880ab23289fffff
6869,880ab20061fffff
6870,880ab26dd3fffff
6871,880ab3051dfffff
6872,880ab30335fffff
6873,880a86b8c9fffff
6874,880a869007fffff
6875,880ab161e3fffff
6876,880ab3b763fffff
6877,880ab2aa5dfffff
6878,880ab222a3fffff
6879,880ab2d1b7fffff
6880,880a8600b9fffff
6881,880ab34a63fffff
6882,880ab3ce27fffff
6883,880ab2accdfffff
6884,880ab35663fffff
6885,880a86040dfffff
6886,88252dd2b7fffff
6887,880a86c2bbfffff
6888,880ab24e09fffff
6889,880ab30691fffff
6890,880ab3371dfffff
6891,880ab22187fffff
6892,880ab16b2dfffff
6893,88252d999dfffff
6894,880a869507fffff
6895,880ab32b21fffff
6896,880ab220b9fffff
6897,880a860443fffff
6898,880ab35b21fffff
6899,880ab26351fffff
6900,880ab3b41bfffff
6901,88252d8b4dfffff
6902,880a86d74bfffff
6903,880ab3cb5bfffff
6904,880a860ac7fffff
6905,880ab0694dfffff
6906,880ab24d81fffff
6907,880ab265e1fffff
6908,880ab3435dfffff
6909,880ab2a863fffff
6910,880ab34357fffff
6911,880ab224b5fffff
6912,88252d9823fffff
6913,880ab35851fffff
6914,880a86ca51fffff
6915,880a86cea9fffff
6916,880ab20899fffff
6917,880ab2b8dbfffff
6918,880ab27a15fffff
6919,880ab32311fffff
6920,880a86833bfffff
6921,880ab3cee3fffff
6922,880ab21305fffff
6923,880ab22a63fffff
6924,880a86da63fffff
6925,880ab3703dfffff
6926,880ab22627fffff
6927,880ab236d5fffff
6928,880ab35815fffff
6929,880ab3b411fffff
6930,880a86a043fffff
6931,880ab30a25fffff
6932,880a86c1cdfffff
6933,88252d9aebfffff
6934,880ab23309fffff
6935,880ab37097fffff
6936,880ab28d4bfffff
6937,880ab24cbbfffff
6938,880ab212adfffff
6939,880a861b5bfffff
6940,880ab2c9d1fffff
6941,880ab25621fffff
6942,880ab2711dfffff
6943,880a948629fffff
6944,880a84484dfffff
6945,880ab31403fffff
6946,880a86d099fffff
6947,880ab201ebfffff
6948,880ab2c1b1fffff
6949,880ab241a5fffff
6950,880ab3505dfffff
6951,880ab35949fffff
6952,880ab16cb5fffff
6953,880ab28893fffff
6954,880ab34595fffff
6955,880a86a997fffff
6956,880ab2352dfffff
6957,880a86a9d7fffff
6958,880ab3c6a5fffff
6959,880ab22a0bfffff
6960,880ab20f4bfffff
6961,880ab336d5fffff
6962,880ab30165fffff
6963,880a86aa29fffff
6964,880ab3c90dfffff
6965,880ab169e9fffff
6966,880ab3715dfffff
6967,880ab22d9bfffff
6968,880a9494d1fffff
6969,880ab232c5fffff
6970,880ab2c481fffff
6971,880a861269fffff
6972,880ab38937fffff
6973,880a86ca25fffff
6974,880ab35581fffff
6975,880ab33191fffff
6976,880ab351b1fffff
6977,88252d8029fffff
6978,880ab178adfffff
6979,880ab229bdfffff
6980,880ab235dbfffff
6981,880ab2aaedfffff
6982,880ab31933fffff
6983,880ab3042bfffff
6984,880ab3b717fffff
6985,880ab3b44dfffff
6986,880ab2a989fffff
6987,880ab2121dfffff
6988,880ab32193fffff
6989,880ab31aa3fffff
6990,880a86d1bbfffff
6991,880ab2695bfffff
6992,880ab16159fffff
6993,88252d9827fffff
6994,880ab3c14dfffff
6995,880ab3a253fffff
6996,880ab3cf41fffff
6997,880a86a18dfffff
6998,880ab3796dfffff
6999,880ab2c44dfffff
7000,880ab316a3fffff
7001,880ab220e3fffff
7002,880a86d1c5fffff
7003,880ab2ad67fffff
7004,880ab3adb3fffff
7005,880ab306d1fffff
7006,880a869b49fffff
7007,880ab222e5fffff
7008,880ab351adfffff
7009,880ab270cdfffff
7010,880ab2a4d1fffff
7011,880a8692c1fffff
7012,880ab2705dfffff
7013,880ab302c5fffff
7014,880a86ca43fffff
7015,880ab2adbdfffff
7016,880ab33607fffff
7017,880a861525fffff
7018,880ab37459fffff
7019,880a8690ddfffff
7020,880ab33313fffff
7021,880ab35a2bfffff
7022,880ab28c5bfffff
7023,880ab2c157fffff
7024,880ab371c5fffff
7025,880ab2ae63fffff
7026,880a94d321fffff
7027,880ab22107fffff
7028,880ab30d31fffff
7029,880ab26ec5fffff
7030,880a868c9bfffff
7031,880ab35b35fffff
7032,880a94b2b3fffff
7033,880a86aab9fffff
7034,880a86b205fffff
7035,880ab3adbdfffff
7036,880ab35327fffff
7037,880ab2cd9dfffff
7038,880ab3d1a5fffff
7039,880ab37307fffff
7040,880ab3b76bfffff
7041,880ab31307fffff
7042,880ab2794dfffff
7043,880ab3cecbfffff
7044,880a949723fffff
7045,880ab2b9e1fffff
7046,880a8684edfffff
7047,880a86ca61fffff
7048,880ab20851fffff
7049,880a868a67fffff
7050,880a86d013fffff
7051,880a86046dfffff
7052,880ab3028bfffff
7053,880ab20801fffff
7054,880ab30e29fffff
7055,880a86192dfffff
7056,880a86853dfffff
7057,880ab26d43fffff
7058,880ab32e69fffff
7059,88252dd48bfffff
7060,880ab3da67fffff
7061,880ab278abfffff
7062,880ab2b825fffff
7063,880a860545fffff
7064,880a86d249fffff
7065,880ab30ac1fffff
7066,880ab3cc39fffff
7067,880ab3c5edfffff
7068,880ab2d13bfffff
7069,880ab3c809fffff
7070,880ab16b05fffff
7071,880a869749fffff
7072,880ab34359fffff
7073,880ab340a7fffff
7074,880ab2046dfffff
7075,880ab3a5abfffff
7076,880ab21043fffff
7077,880ab3196bfffff
7078,880ab3b9b1fffff
7079,880ab354c3fffff
7080,880ab2789dfffff
7081,880a949435fffff
7082,880ab3d8e1fffff
7083,880a86d6e5fffff
7084,88252d8a55fffff
7085,880a86a303fffff
7086,880ab24e07fffff
7087,880ab3556bfffff
7088,880a86af17fffff
7089,880ab2b5b5fffff
7090,880ab266e1fffff
7091,880a86aa9bfffff
7092,880ab21b2bfffff
7093,880a844927fffff
7094,880ab26291fffff
7095,880a8614e1fffff
7096,880ab20c0dfffff
7097,880ab276a3fffff
7098,880ab16401fffff
7099,880a86b145fffff
7100,880ab2243dfffff
7101,880ab25a97fffff
7102,880ab245e3fffff
7103,880ab3ae55fffff
7104,880ab2a4dbfffff
7105,880a861999fffff
7106,880ab34c97fffff
7107,880ab2a22bfffff
7108,880ab266ddfffff
7109,880ab34ccdfffff
7110,880a86c099fffff
7111,880a86800bfffff
7112,880ab2250dfffff
7113,880ab3d041fffff
7114,880ab278ebfffff
7115,880ab2c24dfffff
7116,880a8686c3fffff
7117,880ab355dbfffff
7118,880ab2b0a5fffff
7119,880ab3af27fffff
7120,880ab221e5fffff
7121,880ab278d1fffff
7122,880a86bb29fffff
7123,880ab3582dfffff
7124,880ab16959fffff
7125,880a86cde7fffff
7126,880ab2aed5fffff
7127,880ab23ae1fffff
7128,880ab22ee3fffff
7129,880ab3456dfffff
7130,880a86b937fffff
7131,880a86981dfffff
7132,880ab23087fffff
7133,880ab2a6a3fffff
7134,880ab218ddfffff
7135,880a94b24bfffff
7136,880ab3406bfffff
7137,880ab3a001fffff
7138,880a86c337fffff
7139,880a86ccadfffff
7140,880ab2156dfffff
7141,880ab3a933fffff
7142,880a86da07fffff
7143,880a868d83fffff
7144,880ab209abfffff
7145,880ab20d03fffff
7146,880ab220d9fffff
7147,880ab31049fffff
7148,880a86b81dfffff
7149,880a86c19dfffff
7150,880ab22b0dfffff
7151,880ab34d27fffff
7152,880a94b71bfffff
7153,880ab271e3fffff
7154,880ab2cdb5fffff
7155,880ab242d5fffff
7156,880a844d29fffff
7157,880a86315dfffff
7158,880ab20cd5fffff
7159,880ab2ac3dfffff
7160,880ab35b45fffff
7161,880a86d03bfffff
7162,880ab168edfffff
7163,880ab2b437fffff
7164,880a86c0c1fffff
7165,880ab3a195fffff
7166,880a869011fffff
7167,880a94d263fffff
7168,880a861161fffff
7169,880ab34801fffff
7170,880ab2a623fffff
7171,880a86cd0bfffff
7172,880ab3d5a7fffff
7173,880ab3334bfffff
7174,880ab3cd25fffff
7175,880ab27269fffff
7176,880a8688dbfffff
7177,880a869b61fffff
7178,880ab3d969fffff
7179,88252d96d9fffff
7180,880ab34f11fffff
7181,880a948605fffff
7182,880a86c0b7fffff
7183,880ab35a09fffff
7184,880ab2892dfffff
7185,880ab209adfffff
7186,880ab22593fffff
7187,880a94d343fffff
7188,880ab24001fffff
7189,880ab3cb47fffff
7190,880ab2c517fffff
7191,880ab2a6e9fffff
7192,880ab2a4c1fffff
7193,880a86ca39fffff
7194,880a86166dfffff
7195,880ab22f2bfffff
7196,880a86cb19fffff
7197,880ab2ccabfffff
7198,88252d9965fffff
7199,880ab27abdfffff
7200,88252d9197fffff
7201,880ab3b989fffff
7202,880ab2ae83fffff
7203,880ab16567fffff
7204,880ab21987fffff
7205,880ab3a9c5fffff
7206,880ab16683fffff
7207,880ab22365fffff
7208,880ab25415fffff
7209,880ab20d01fffff
7210,880ab34da5fffff
7211,880ab3c119fffff
7212,880ab2aaabfffff
7213,880a86c801fffff
7214,880a86cf5bfffff
7215,880a861823fffff
7216,880ab2c489fffff
7217,880ab3393bfffff
7218,880ab24ee5fffff
7219,880a844923fffff
7220,880a86cf09fffff
7221,88252d9b1bfffff
7222,880ab34189fffff
7223,880a86bae3fffff
7224,880ab2a40bfffff
7225,880ab30547fffff
7226,880ab30623fffff
7227,880ab2a5bdfffff
7228,880ab320a7fffff
7229,880a86ba41fffff
7230,880ab22b23fffff
7231,880ab20c2dfffff
7232,880ab16c51fffff
7233,880ab34109fffff
7234,880a949a61fffff
7235,880ab20209fffff
7236,880ab21b63fffff
7237,880ab358ddfffff
7238,880ab20409fffff
7239,880ab3ab0dfffff
7240,880ab28b27fffff
7241,880ab16ac5fffff
7242,880ab3d943fffff
7243,880a863211fffff
7244,880ab2ac67fffff
7245,880ab2182dfffff
7246,880ab211bdfffff
7247,880ab3560bfffff
7248,880a861059fffff
7249,880ab2669bfffff
7250,880a86c297fffff
7251,880a86cdd7fffff
7252,880ab3a51dfffff
7253,88252d81e9fffff
7254,880ab370cbfffff
7255,880ab27335fffff
7256,880ab34c4bfffff
7257,880a868d07fffff
7258,880ab20989fffff
7259,880ab3d423fffff
7260,880ab3cf6bfffff
7261,880ab345b5fffff
7262,880a868023fffff
7263,880ab31321fffff
7264,880a86a9abfffff
7265,880ab219e5fffff
7266,880ab31ab7fffff
7267,880ab25361fffff
7268,880ab3d0b1fffff
7269,880ab2484bfffff
7270,880a86ab17fffff
7271,880ab2cd95fffff
7272,880ab358b3fffff
7273,880a8449b9fffff
7274,880ab2a1c3fffff
7275,880ab2b569fffff
7276,880ab2434dfffff
7277,880ab3d533fffff
7278,880ab22217fffff
7279,880ab25685fffff
7280,880ab3c2d1fffff
7281,880ab3a035fffff
7282,880ab3701bfffff
7283,880ab20e2bfffff
7284,880a86b1abfffff
7285,880ab34665fffff
7286,880ab14dabfffff
7287,880ab22adbfffff
7288,880ab3b54bfffff
7289,880ab2859bfffff
7290,880ab24451fffff
7291,880ab2b9b3fffff
7292,880a86d303fffff
7293,880ab31983fffff
7294,880a868c37fffff
7295,880ab33623fffff
7296,880a863331fffff
7297,880a86c123fffff
7298,880ab21637fffff
7299,880ab3a037fffff
7300,880ab2d5e5fffff
7301,880ab33b31fffff
7302,880ab272c7fffff
7303,880ab26eadfffff
7304,880a869197fffff
7305,880ab30a1bfffff
7306,880ab2b907fffff
7307,880ab31047fffff
7308,880ab2a515fffff
7309,880a86c4a9fffff
7310,880ab3a601fffff
7311,880ab21b45fffff
7312,880ab31429fffff
7313,880a8618cbfffff
7314,880ab23419fffff
7315,880ab175b1fffff
7316,880ab2b025fffff
7317,880a860a57fffff
7318,880ab37361fffff
7319,880a86c145fffff
7320,880ab2c4a7fffff
7321,880ab2b5b3fffff
7322,880ab32219fffff
7323,880ab2c4c9fffff
7324,880ab34cb1fffff
7325,880a86d545fffff
7326,880ab3cd15fffff
7327,880a869401fffff
7328,880ab2a6a7fffff
7329,880ab3566bfffff
7330,880ab3098dfffff
7331,880ab246c3fffff
7332,880a94b769fffff
7333,880ab3750bfffff
7334,880ab23197fffff
7335,880a8611a1fffff
7336,880ab33919fffff
7337,880a86809bfffff
7338,880ab22e87fffff
7339,880ab3a5bbfffff
7340,880ab37251fffff
7341,880ab339a9fffff
7342,880ab2253bfffff
7343,880a86af23fffff
7344,880ab33163fffff
7345,880ab3aa15fffff
7346,880ab26017fffff
7347,880ab20291fffff
7348,880ab26a23fffff
7349,880a86a807fffff
7350,880ab2c6d3fffff
7351,880ab16e99fffff
7352,880ab2a289fffff
7353,880ab328edfffff
7354,880ab2094dfffff
7355,880a94b26bfffff
7356,880a868e65fffff
7357,88252d98e3fffff
7358,880ab20f33fffff
7359,880ab244edfffff
7360,880a86c6a7fffff
7361,880ab20d23fffff
7362,880a8699ddfffff
7363,880a86d2c1fffff
7364,880ab3546dfffff
7365,880ab224a5fffff
7366,880ab225d3fffff
7367,880ab268d1fffff
7368,880ab2c447fffff
7369,880ab33521fffff
7370,880ab16d1dfffff
7371,880a86dad1fffff
7372,880ab3cc41fffff
7373,880a86cf2dfffff
7374,880ab20a67fffff
7375,880ab26b07fffff
7376,880ab340c7fffff
7377,880ab2b2edfffff
7378,880a86068dfffff
7379,880ab269c1fffff
7380,880a868867fffff
7381,880ab37725fffff
7382,880a86a323fffff
7383,880ab2120bfffff
7384,880ab2c009fffff
7385,880ab24b11fffff
7386,880ab22c55fffff
7387,880a8680e1fffff
7388,880a86b18bfffff
7389,880ab315cbfffff
7390,880ab21141fffff
7391,880ab2cf3bfffff
7392,880ab2c9d7fffff
7393,880ab2ac9dfffff
7394,880a868261fffff
7395,880ab3c88dfffff
7396,880ab3c72dfffff
7397,880a8690cdfffff
7398,880ab3c285fffff
7399,880ab22981fffff
7400,880ab208e3fffff
7401,880ab315d3fffff
7402,880ab30e27fffff
7403,880ab33a09fffff
7404,880a86d735fffff
7405,880ab2b88dfffff
7406,880a861ae3fffff
7407,880a86d4b7fffff
7408,880a94b459fffff
7409,880a86918dfffff
7410,880ab358a5fffff
7411,880ab16801fffff
7412,880ab3d123fffff
7413,880ab34ebbfffff
7414,880ab33903fffff
7415,88252d9659fffff
7416,880a861349fffff
7417,880ab24651fffff
7418,880ab32081fffff
7419,880ab3409dfffff
7420,880a868b1dfffff
7421,880a863219fffff
7422,880ab222c5fffff
7423,880ab2d5ddfffff
7424,880ab30035fffff
7425,880a8684c9fffff
7426,880a863359fffff
7427,880ab2d001fffff
7428,880ab2415dfffff
7429,880a86d73bfffff
7430,880ab3aed5fffff
7431,880ab31319fffff
7432,880ab3313bfffff
7433,880ab26985fffff
7434,880ab20993fffff
7435,880ab31a1dfffff
7436,880ab32407fffff
7437,880ab37b6bfffff
7438,880ab37491fffff
7439,880a84480bfffff
7440,880ab35711fffff
7441,880a86a1a7fffff
7442,880ab16c39fffff
7443,88252d9a47fffff
7444,880ab231d3fffff
7445,880ab3ade5fffff
7446,880ab16997fffff
7447,880ab2385dfffff
7448,880ab30451fffff
7449,880ab3aad5fffff
7450,880ab245edfffff
7451,880ab3c6c3fffff
7452,880ab354c7fffff
7453,880ab16185fffff
7454,880ab27641fffff
7455,880a86100bfffff
7456,880ab2ba5bfffff
7457,88252d9125fffff
7458,880ab33609fffff
7459,880ab30535fffff
7460,880ab30633fffff
7461,880ab24dc9fffff
7462,880a860409fffff
7463,880ab2b001fffff
7464,880ab21a8dfffff
7465,880a86b36bfffff
7466,880ab3023dfffff
7467,880ab2c6c7fffff
7468,880ab34c91fffff
7469,880ab2761bfffff
7470,880ab31917fffff
7471,880ab32703fffff
7472,880a8689a7fffff
7473,880ab2a41dfffff
7474,880ab34a65fffff
7475,880ab232e1fffff
7476,880ab37915fffff
7477,880ab23999fffff
7478,880ab2af0bfffff
7479,880a869267fffff
7480,880ab3db51fffff
7481,880ab17821fffff
7482,880ab331bbfffff
7483,880ab1618bfffff
7484,880ab3d427fffff
7485,880ab34acdfffff
7486,880ab16027fffff
7487,880ab31697fffff
7488,880ab168b5fffff
7489,880ab354d7fffff
7490,880a86b1a3fffff
7491,880ab230b7fffff
7492,880ab37913fffff
7493,880a86d035fffff
7494,880ab2bb4dfffff
7495,880a86baebfffff
7496,880a86c9b5fffff
7497,880ab3416dfffff
7498,880ab3c999fffff
7499,880ab24007fffff
7500,880ab34681fffff
7501,880ab24d19fffff
7502,880ab1620dfffff
7503,880ab2b821fffff
7504,880ab20ec9fffff
7505,880ab3b625fffff
7506,880ab225c7fffff
7507,880ab25625fffff
7508,880ab24eb1fffff
7509,880ab33b07fffff
7510,880ab301e1fffff
7511,880ab3a303fffff
7512,880ab24e49fffff
7513,880ab2ad55fffff
7514,880ab2a921fffff
7515,880ab3791dfffff
7516,880ab25737fffff
7517,880a86b263fffff
7518,880a86c955fffff
7519,880ab26533fffff
7520,880ab3d503fffff
7521,880ab218b1fffff
7522,880ab320a9fffff
7523,880ab3a2d5fffff
7524,880ab27a01fffff
7525,880ab3a521fffff
7526,880a86d703fffff
7527,880ab34ab7fffff
7528,880ab2270bfffff
7529,880ab2aae9fffff
7530,880ab2b199fffff
7531,880ab34c03fffff
7532,88252dd655fffff
7533,880ab3009dfffff
7534,880a868293fffff
7535,880ab22b5bfffff
7536,880a869995fffff
7537,880ab2b4abfffff
7538,880a844ad5fffff
7539,880a868d33fffff
7540,880ab23acbfffff
7541,880ab34535fffff
7542,880a868081fffff
7543,880ab3a9e7fffff
7544,880ab16a0dfffff
7545,880a94b227fffff
7546,880ab3073dfffff
7547,880a84485bfffff
7548,880ab28cedfffff
7549,880ab160b3fffff
7550,880ab3db25fffff
7551,880ab2acbbfffff
7552,880ab30e03fffff
7553,880ab23157fffff
7554,880ab276adfffff
7555,880ab2ccb1fffff
7556,880a86b1a7fffff
7557,880ab24909fffff
7558,880ab3c639fffff
7559,880ab3b553fffff
7560,880ab22aadfffff
7561,880ab35505fffff
7562,880ab26e9dfffff
7563,880ab37445fffff
7564,880a86dad7fffff
7565,880ab3c751fffff
7566,880ab305b1fffff
7567,880ab289b5fffff
7568,880a860561fffff
7569,880ab27851fffff
7570,880a86c42bfffff
7571,880a869b17fffff
7572,880ab226b7fffff
7573,880a86d50bfffff
7574,880ab2cc81fffff
7575,880ab36229fffff
7576,880ab31aabfffff
7577,880ab34ed1fffff
7578,880ab32357fffff
7579,880ab178a5fffff
7580,880ab21069fffff
7581,880ab32217fffff
7582,880ab3d1e1fffff
7583,880ab2a199fffff
7584,880a86ba61fffff
7585,880ab3408dfffff
7586,880ab20d17fffff
7587,880ab27119fffff
7588,880ab210dbfffff
7589,880ab3a589fffff
7590,880ab21139fffff
7591,880a860161fffff
7592,880ab2c725fffff
7593,880ab34693fffff
7594,880ab3a4b7fffff
7595,880ab246d3fffff
7596,880ab24403fffff
7597,880ab26409fffff
7598,880ab24029fffff
7599,880ab3b9e3fffff
7600,880ab34811fffff
7601,880ab34539fffff
7602,880ab2c623fffff
7603,880ab22ce5fffff
7604,880ab37ac5fffff
7605,880ab27555fffff
7606,880ab2ba23fffff
7607,880a8610cbfffff
7608,880ab16ebdfffff
7609,880a86a851fffff
7610,880a860a2dfffff
7611,880ab16719fffff
7612,880a86d64bfffff
7613,880a86af4bfffff
7614,880ab2d133fffff
7615,880a865361fffff
7616,880ab3cf4dfffff
7617,880ab24041fffff
7618,880a86cb27fffff
7619,880ab34715fffff
7620,880ab21b05fffff
7621,880ab16625fffff
7622,880a948765fffff
7623,880ab30ca7fffff
7624,880ab354dbfffff
7625,880ab30699fffff
7626,880ab16a49fffff
7627,880ab30e6bfffff
7628,880a8699abfffff
7629,880ab33569fffff
7630,880ab2a9a9fffff
7631,880ab23657fffff
7632,880ab22669fffff
7633,880ab239ebfffff
7634,880ab2b313fffff
7635,88252d9305fffff
7636,880ab3a4d9fffff
7637,880a94b013fffff
7638,880ab242c9fffff
7639,880ab37aebfffff
7640,880ab3772bfffff
7641,880ab24349fffff
7642,880ab2c989fffff
7643,880ab32253fffff
7644,880ab248c7fffff
7645,880ab346d5fffff
7646,880ab33411fffff
7647,880ab20c67fffff
7648,88252d8b55fffff
7649,88252d98e5fffff
7650,880ab27b3bfffff
7651,880ab23b01fffff
7652,880ab21aa3fffff
7653,880ab2af41fffff
7654,880ab32601fffff
7655,880ab271b9fffff
7656,880ab37111fffff
7657,880ab342ddfffff
7658,880ab2cac5fffff
7659,880ab3ca81fffff
7660,880ab379d1fffff
7661,880a94b225fffff
7662,880a861ae1fffff
7663,880ab3d1abfffff
7664,880ab2c8c5fffff
7665,880ab162d9fffff
7666,880ab20eedfffff
7667,880ab2cf35fffff
7668,880ab3a525fffff
7669,880ab27133fffff
7670,880a949749fffff
7671,880ab2a5b1fffff
7672,880ab3a003fffff
7673,880ab321d5fffff
7674,880a86c015fffff
7675,880ab24713fffff
7676,880ab27439fffff
7677,880ab21299fffff
7678,880ab3c1bdfffff
7679,880ab16305fffff
7680,880ab16561fffff
7681,880ab28d65fffff
7682,880a86b921fffff
7683,880ab3ce33fffff
7684,880a860ac5fffff
7685,880ab16117fffff
7686,880ab16d13fffff
7687,880a861061fffff
7688,880a861a3bfffff
7689,880ab3d1a1fffff
7690,880a8686dbfffff
7691,880ab20333fffff
7692,880a86b809fffff
7693,880ab2ceb3fffff
7694,880ab25637fffff
7695,880ab32aa3fffff
7696,880ab30e01fffff
7697,880ab3ab53fffff
7698,880ab22f3dfffff
7699,880a86d0c5fffff
7700,880ab376c7fffff
7701,880ab222b3fffff
7702,880a8448b5fffff
7703,880a868209fffff
7704,880ab26a11fffff
7705,880ab27365fffff
7706,880a86b82bfffff
7707,880ab256c9fffff
7708,880ab21741fffff
7709,880ab23587fffff
7710,880ab3d939fffff
7711,880ab2d4d5fffff
7712,880ab2010bfffff
7713,880ab2bae1fffff
7714,880a94b6e9fffff
7715,880ab2d1cbfffff
7716,880ab20a2bfffff
7717,880ab2c88dfffff
7718,880a8692cdfffff
7719,880ab2a06dfffff
7720,880ab30a43fffff
7721,880ab2c047fffff
7722,880ab308b5fffff
7723,880ab26231fffff
7724,880a86ab07fffff
7725,880ab17ac7fffff
7726,880a868e31fffff
7727,880ab2a559fffff
7728,880ab3032dfffff
7729,880a8691cdfffff
7730,880ab2312dfffff
7731,880ab1642dfffff
7732,880ab3763bfffff
7733,880a94b251fffff
7734,880ab340ddfffff
7735,880ab30cd1fffff
7736,880ab348b1fffff
7737,880ab241a9fffff
7738,88252d834dfffff
7739,880ab34ce5fffff
7740,880ab34d21fffff
7741,880ab2a657fffff
7742,880ab2a6d5fffff
7743,880ab24291fffff
7744,880ab3a541fffff
7745,880ab33725fffff
7746,880ab16eedfffff
7747,880ab202a9fffff
7748,880ab34919fffff
7749,88252d9147fffff
7750,880ab33843fffff
7751,880ab23a0dfffff
7752,880ab16c43fffff
7753,880ab24ec7fffff
7754,880ab2b9d1fffff
7755,880ab2a2a5fffff
7756,880ab34217fffff
7757,880ab3082dfffff
7758,880ab37415fffff
7759,880a868d85fffff
7760,880a8612d1fffff
7761,880a86cb0dfffff
7762,880ab2c28bfffff
7763,880ab34e2dfffff
7764,880ab37327fffff
7765,880ab246e3fffff
7766,88252dd2d9fffff
7767,880a86c0d5fffff
7768,88252d8a29fffff
7769,880ab32a07fffff
7770,880ab2ce05fffff
7771,880ab225adfffff
7772,880ab3ad13fffff
7773,880ab32a29fffff
7774,880ab2a753fffff
7775,880ab35563fffff
7776,880ab238b3fffff
7777,880ab22d13fffff
7778,880ab36367fffff
7779,880a861a13fffff
7780,880ab23533fffff
7781,880a86c659fffff
7782,880ab3404bfffff
7783,880a868197fffff
7784,880ab37557fffff
7785,880ab250b7fffff
7786,88252cb641fffff
7787,880ab22e85fffff
7788,880ab21529fffff
7789,880a868f33fffff
7790,880a86cd43fffff
7791,880ab37167fffff
7792,880ab2664bfffff
7793,880ab200b1fffff
7794,880ab2370dfffff
7795,880a860a3dfffff
7796,880a8692b5fffff
7797,880ab3216dfffff
7798,880a86aad1fffff
7799,880a86a8abfffff
7800,880a868da9fffff
7801,880ab16067fffff
7802,880ab3ac45fffff
7803,880a86a935fffff
7804,880ab3359bfffff
7805,880ab23417fffff
7806,880a86ba87fffff
7807,880ab25613fffff
7808,880a86bb1dfffff
7809,880a86b955fffff
7810,880ab2a967fffff
7811,880ab37429fffff
7812,880ab2b0e5fffff
7813,880a86aa37fffff
7814,880ab2c5abfffff
7815,880ab342a3fffff
7816,880ab276c3fffff
7817,880ab34261fffff
7818,880ab234c9fffff
7819,880ab3ca89fffff
7820,880a86b811fffff
7821,880ab320b1fffff
7822,880ab310a7fffff
7823,880ab35487fffff
7824,880ab20297fffff
7825,880ab2b941fffff
7826,880ab27115fffff
7827,880ab340c5fffff
7828,880ab068b3fffff
7829,880a86908dfffff
7830,880ab24099fffff
7831,880a9495a7fffff
7832,880a868f01fffff
7833,880ab30927fffff
7834,880ab26303fffff
7835,880ab20d39fffff
7836,880ab23a83fffff
7837,880a86d0e5fffff
7838,880ab3444bfffff
7839,880a94966dfffff
7840,880ab32a39fffff
7841,880ab3559bfffff
7842,88252d915bfffff
7843,880ab31553fffff
7844,880a8682b3fffff
7845,880ab2ae81fffff
7846,880a8692ebfffff
7847,880ab2cea7fffff
7848,880ab27717fffff
7849,880a8681abfffff
7850,880a869031fffff
7851,880a86ce87fffff
7852,880a86d8b9fffff
7853,880ab264d5fffff
7854,880ab21427fffff
7855,880ab3c5d3fffff
7856,880ab379a7fffff
7857,880ab20c49fffff
7858,880ab270b7fffff
7859,880ab21657fffff
7860,880ab3a293fffff
7861,880ab2add3fffff
7862,880ab3709dfffff
7863,880ab21ad1fffff
7864,880ab3c9c9fffff
7865,880ab22839fffff
7866,880ab2b8bdfffff
7867,880a86cc03fffff
7868,880a861309fffff
7869,880ab3db3bfffff
7870,880a868cc1fffff
7871,880ab33151fffff
7872,880a86d04bfffff
7873,880a86a855fffff
7874,88252d81e5fffff
7875,880ab3cd5bfffff
7876,880a860749fffff
7877,880ab21281fffff
7878,88252d9269fffff
7879,880a86c951fffff
7880,880a86121dfffff
7881,880ab2c225fffff
7882,880ab3d9adfffff
7883,880a86c149fffff
7884,880ab16665fffff
7885,880ab3ad3bfffff
7886,880ab1789bfffff
7887,880ab34b47fffff
7888,880ab22319fffff
7889,880a86885dfffff
7890,880a94941dfffff
7891,88252d985dfffff
7892,880ab2cd2bfffff
7893,880ab24b37fffff
7894,880a869217fffff
7895,880ab2aed3fffff
7896,880ab3768dfffff
7897,880ab358d3fffff
7898,880ab2b933fffff
7899,880ab31b3bfffff
7900,880ab22241fffff
7901,880a86c525fffff
7902,880ab34885fffff
7903,880ab3cd17fffff
7904,880ab246ddfffff
7905,880ab21839fffff
7906,880a86a343fffff
7907,880ab27351fffff
7908,880a868d6dfffff
7909,880ab16529fffff
7910,880ab2d0a7fffff
7911,880a868655fffff
7912,880ab24627fffff
7913,880a86d45bfffff
7914,880ab334d9fffff
7915,880a844899fffff
7916,880ab16ce5fffff
7917,880ab26f43fffff
7918,880ab2b2e7fffff
7919,880a86d02bfffff
7920,880ab3ab61fffff
7921,880a86dac7fffff
7922,880a86003bfffff
7923,880ab22213fffff
7924,880ab2c237fffff
7925,880ab2765bfffff
7926,880ab32a33fffff
7927,880a844b05fffff
7928,880ab33221fffff
7929,880ab34ae7fffff
7930,880ab234a7fffff
7931,880ab2a035fffff
7932,880ab346d7fffff
7933,880ab3c605fffff
7934,880ab31a87fffff
7935,880ab2193dfffff
7936,880ab21185fffff
7937,880ab37621fffff
7938,880ab37a95fffff
7939,880ab3cf0dfffff
7940,880a860329fffff
7941,880a863043fffff
7942,880ab3ced9fffff
7943,880ab305cbfffff
7944,880ab2005bfffff
7945,880ab26aa7fffff
7946,880a8692a9fffff
7947,880ab231a3fffff
7948,880ab3c747fffff
7949,880ab21343fffff
7950,880ab20685fffff
7951,880ab246bbfffff
7952,880ab30757fffff
7953,880ab3124dfffff
7954,880ab32ac1fffff
7955,880ab33901fffff
7956,880ab2a4b7fffff
7957,880ab2ace9fffff
7958,880a869323fffff
7959,880ab3cdddfffff
7960,880a86a313fffff
7961,880ab3a0dbfffff
7962,880a844967fffff
7963,880ab2466dfffff
7964,880ab2050bfffff
7965,880ab32145fffff
7966,880ab165d1fffff
7967,880a861949fffff
7968,880ab26905fffff
7969,880ab16695fffff
7970,880ab21445fffff
7971,880ab26dcbfffff
7972,880ab234d7fffff
7973,880ab3a0ebfffff
7974,880ab3c2b7fffff
7975,880a86b331fffff
7976,880ab20589fffff
7977,880a8688b7fffff
7978,880ab22713fffff
7979,880ab27757fffff
7980,880ab264adfffff
7981,880ab3cd97fffff
7982,880ab2b839fffff
7983,880a860addfffff
7984,880a868dd1fffff
7985,880ab3acc5fffff
7986,880ab27453fffff
7987,880ab3a5edfffff
7988,880ab3c535fffff
7989,880ab3b433fffff
7990,880ab356adfffff
7991,880ab23813fffff
7992,880a94b681fffff
7993,880ab3a551fffff
7994,880ab2ac57fffff
7995,880ab3c869fffff
7996,880ab3c465fffff
7997,880a86d41bfffff
7998,880a865269fffff
7999,880ab3acb9fffff
8000,880a861521fffff
8001,880ab30e67fffff
8002,880ab2414bfffff
8003,880ab3a853fffff
8004,880ab252cbfffff
8005,880a86d80dfffff
8006,880ab2a5d3fffff
8007,880a868ec9fffff
8008,880ab3070dfffff
8009,880ab20d15fffff
8010,880ab22915fffff
8011,880ab2a689fffff
8012,880a869a4bfffff
8013,880ab2043dfffff
8014,880ab23531fffff
8015,880ab20ddbfffff
8016,880a86aa95fffff
8017,880a949719fffff
8018,880ab178b3fffff
8019,880ab372c1fffff
8020,880ab32f5dfffff
8021,880ab31569fffff
8022,880ab32a57fffff
8023,880ab3a1c5fffff
8024,88252d885dfffff
8025,880ab37b03fffff
8026,88252d91c3fffff
8027,880ab2168bfffff
8028,880ab25581fffff
8029,880ab33735fffff
8030,880ab225c9fffff
8031,880a94b71dfffff
8032,880ab160a5fffff
8033,880a8615e7fffff
8034,880ab33ad7fffff
8035,880ab2a941fffff
8036,880ab285adfffff
8037,880a86143bfffff
8038,880ab3af61fffff
8039,880ab20a8dfffff
8040,880ab2502bfffff
8041,880ab35531fffff
8042,880ab2ba37fffff
8043,880ab3c625fffff
8044,880ab206b9fffff
8045,880ab3486bfffff
8046,880ab289a3fffff
8047,880a868919fffff
8048,880ab2ca59fffff
8049,880ab2489dfffff
8050,880a868d69fffff
8051,880a86d4cbfffff
8052,880a868de7fffff
8053,88252d91bdfffff
8054,880ab24c37fffff
8055,88252dd281fffff
8056,880a86d483fffff
8057,880a868769fffff
8058,880a868e9bfffff
8059,880ab3d929fffff
8060,880ab3a483fffff
8061,880ab252bbfffff
8062,880ab2341dfffff
8063,880a8600c7fffff
8064,880ab25287fffff
8065,880a861345fffff
8066,88252d8317fffff
8067,880ab37265fffff
8068,880ab30801fffff
8069,880ab2622bfffff
8070,880a844959fffff
8071,880ab3c5a5fffff
8072,880a949691fffff
8073,880a94d64dfffff
8074,880a868cc7fffff
8075,880ab30dd1fffff
8076,880ab21905fffff
8077,880ab30dd9fffff
8078,880ab25739fffff
8079,880a868883fffff
8080,880ab2d4edfffff
8081,880ab274a3fffff
8082,880ab3718bfffff
8083,880a844a3bfffff
8084,880a868d37fffff
8085,880ab232b3fffff
8086,880ab28949fffff
8087,880ab3a811fffff
8088,880ab30e43fffff
8089,880ab32b09fffff
8090,880ab3c9ebfffff
8091,880ab3488dfffff
8092,880a86d26bfffff
8093,880a94b45dfffff
8094,880a86a821fffff
8095,88252d990bfffff
8096,880a869aa1fffff
8097,880ab3a335fffff
8098,880a86c8c3fffff
8099,880a94d2cbfffff
8100,880a86d953fffff
8101,880ab30cb7fffff
8102,880ab23961fffff
8103,880ab35053fffff
8104,880ab32699fffff
8105,880a8692d1fffff
8106,880ab2ce8dfffff
8107,880a8692e5fffff
8108,880ab37447fffff
8109,880a86b899fffff
8110,880ab21a43fffff
8111,880ab27653fffff
8112,88252d9293fffff
8113,880ab169a9fffff
8114,880ab20f4dfffff
8115,880a8698a9fffff
8116,880ab168b9fffff
8117,880ab32641fffff
8118,880a8695a7fffff
8119,880ab2b92bfffff
8120,880a861b47fffff
8121,880ab35311fffff
8122,880a868727fffff
8123,880ab26c03fffff
8124,880a8602e9fffff
8125,880ab284bdfffff
8126,880a868707fffff
8127,880ab21303fffff
8128,880a86ab11fffff
8129,880ab3c4a5fffff
8130,880ab332c7fffff
8131,880ab3c61bfffff
8132,880a86c26dfffff
8133,880ab178ebfffff
8134,880ab2a907fffff
8135,880ab3b835fffff
8136,880ab3ccadfffff
8137,880a8698ddfffff
8138,880ab34131fffff
8139,880a86d265fffff
8140,880a949b29fffff
8141,880ab31681fffff
8142,880ab330cdfffff
8143,880ab20531fffff
8144,880ab34653fffff
8145,880a8695a9fffff
8146,880ab32307fffff
8147,880ab2b487fffff
8148,88252d9811fffff
8149,880a86a90dfffff
8150,880ab22565fffff
8151,880ab2a01bfffff
8152,880ab3b51dfffff
8153,880a86ca3bfffff
8154,880ab3d8d9fffff
8155,880ab16365fffff
8156,880a860163fffff
8157,88252cb611fffff
8158,880ab2cc57fffff
8159,880ab3c083fffff
8160,880a94d143fffff
8161,880a860139fffff
8162,880ab160d7fffff
8163,880a86c32bfffff
8164,880ab231b3fffff
8165,880ab27697fffff
8166,880ab3a761fffff
8167,880ab28eb5fffff
8168,880ab3d89dfffff
8169,880ab311b9fffff
8170,880a869341fffff
8171,880ab37743fffff
8172,880ab34321fffff
8173,880ab3c691fffff
8174,880ab24267fffff
8175,880ab3d505fffff
8176,880ab3028dfffff
8177,880ab33847fffff
8178,880a869081fffff
8179,880a861031fffff
8180,880ab34cd9fffff
8181,880ab344a5fffff
8182,880ab25549fffff
8183,880ab2573dfffff
8184,880ab2d89bfffff
8185,880a86a831fffff
8186,880ab2adc7fffff
8187,880a94d213fffff
8188,880ab3058dfffff
8189,880ab3cdabfffff
8190,880ab32449fffff
8191,880ab20027fffff
8192,880a9496d7fffff
8193,880ab3b2b9fffff
8194,880ab224bbfffff
8195,880a86890dfffff
8196,880ab2c605fffff
8197,880ab3a2d1fffff
8198,880a86c189fffff
8199,880a86c529fffff
8200,880a86cd95fffff
8201,880ab22155fffff
8202,880ab3aa45fffff
8203,880ab3a105fffff
8204,880ab2c2d7fffff
8205,880a8612e7fffff
8206,880a86a009fffff
8207,880ab20c89fffff
8208,880a8698c3fffff
8209,880ab3d82bfffff
8210,880ab3056bfffff
8211,880a86d00dfffff
8212,880ab179d9fffff
8213,880ab2ab53fffff
8214,880ab2d0e7fffff
8215,880a8614b5fffff
8216,880ab20e3dfffff
8217,880ab33445fffff
8218,880a94b025fffff
8219,880ab22e5dfffff
8220,880ab26553fffff
8221,880ab275d9fffff
8222,880a86b827fffff
8223,880ab27a91fffff
8224,880ab3a6d9fffff
8225,88252dd6d9fffff
8226,880ab3ac57fffff
8227,880ab2c88bfffff
8228,880ab331e3fffff
8229,880a94d029fffff
8230,880ab372e7fffff
8231,880a869257fffff
8232,880ab26925fffff
8233,880ab252c7fffff
8234,880ab2ab31fffff
8235,880ab32a61fffff
8236,880ab3d15bfffff
8237,880a94b02dfffff
8238,880ab344cdfffff
8239,880a86d8cbfffff
8240,880ab2b969fffff
8241,880ab34957fffff
8242,880a8632ebfffff
8243,880ab3c853fffff
8244,880a86b861fffff
8245,880ab22893fffff
8246,880ab30cdbfffff
8247,880ab26b11fffff
8248,880ab2d893fffff
8249,880ab3518dfffff
8250,880ab16e51fffff
8251,880ab160ddfffff
8252,880a861abdfffff
8253,880a94b621fffff
8254,880ab24429fffff
8255,880a861a89fffff
8256,880ab216c9fffff
8257,880ab254adfffff
8258,880ab3424bfffff
8259,880ab24e8dfffff
8260,880a86996bfffff
8261,880ab164c5fffff
8262,880ab24449fffff
8263,880ab1685bfffff
8264,880a868415fffff
8265,880ab3c233fffff
8266,880ab2cdd9fffff
8267,880ab21607fffff
8268,880ab316a5fffff
8269,880ab2a0abfffff
8270,880ab260e9fffff
8271,880ab306bdfffff
8272,880ab2c997fffff
8273,880a86a8e1fffff
8274,880ab16e0bfffff
8275,880a86a9c3fffff
8276,880ab22b3bfffff
8277,880ab235e9fffff
8278,880a861199fffff
8279,880ab3d109fffff
8280,880ab37683fffff
8281,880ab269a5fffff
8282,880ab178d1fffff
8283,880a8612a3fffff
8284,880a86d5d1fffff
8285,880ab2c48bfffff
8286,880ab332d7fffff
8287,880ab3a8adfffff
8288,880ab30227fffff
8289,880ab26e57fffff
8290,880ab242abfffff
8291,88252d8267fffff
8292,880ab2a263fffff
8293,880ab235c7fffff
8294,880ab2019bfffff
8295,880a86d70dfffff
8296,880ab27949fffff
8297,880ab3ce69fffff
8298,880ab23855fffff
8299,880ab3540dfffff
8300,880ab24727fffff
8301,880a861919fffff
8302,880ab265b3fffff
8303,88252d9a9dfffff
8304,880ab22663fffff
8305,880ab37815fffff
8306,880a9495c1fffff
8307,880ab3c44bfffff
8308,880ab2890dfffff
8309,880ab2a6d7fffff
8310,880ab34705fffff
8311,880ab2c40bfffff
8312,880ab21453fffff
8313,880ab33a89fffff
8314,880ab2c715fffff
8315,880ab2c5a7fffff
8316,880a8601ebfffff
8317,880a844a27fffff
8318,880a86835bfffff
8319,880ab3daddfffff
8320,880ab2ae21fffff
8321,880ab22db1fffff
8322,880ab16de7fffff
8323,880ab2093bfffff
8324,880ab3348bfffff
8325,880a86a311fffff
8326,880ab160d1fffff
8327,880ab2a4e9fffff
8328,880ab2356bfffff
8329,880ab3b48dfffff
8330,880ab3726dfffff
8331,880a8448abfffff
8332,880ab069c3fffff
8333,880ab3093bfffff
8334,880a86a8d7fffff
8335,880ab28c39fffff
8336,880a8615d1fffff
8337,880a86b89dfffff
8338,880ab2676dfffff
8339,880a8600a1fffff
8340,880ab2a425fffff
8341,880ab219d3fffff
8342,880ab21a81fffff
8343,880ab24ce9fffff
8344,880ab21311fffff
8345,880a86564dfffff
8346,880a8612a1fffff
8347,880ab2aec3fffff
8348,880a861135fffff
8349,880ab30b5dfffff
8350,880a94b0e1fffff
8351,880ab3d899fffff
8352,880a8604d9fffff
8353,880ab3da3bfffff
8354,880ab205c9fffff
8355,880ab20765fffff
8356,880ab16243fffff
8357,880ab3c191fffff
8358,880ab355b1fffff
8359,880ab2b045fffff
8360,880ab3a947fffff
8361,88252d9b6bfffff
8362,880a861047fffff
8363,880a860315fffff
8364,880ab37233fffff
8365,880a86dab7fffff
8366,880ab3431bfffff
8367,880ab2c115fffff
8368,880ab32119fffff
8369,880ab34e63fffff
8370,880a868dc5fffff
8371,880ab3b895fffff
8372,880ab2c927fffff
8373,880a86db1dfffff
8374,880ab17ab1fffff
8375,880ab20a51fffff
8376,880ab23521fffff
8377,880a8652dbfffff
8378,880ab3c321fffff
8379,880a86ca89fffff
8380,880a86c1abfffff
8381,880ab2bb61fffff
8382,880ab2c415fffff
8383,880ab3db53fffff
8384,880ab256edfffff
8385,880ab3036bfffff
8386,880ab2194bfffff
8387,880ab2a6c1fffff
8388,880ab16c5dfffff
8389,880ab2c105fffff
8390,880ab22299fffff
8391,880ab31863fffff
8392,880ab3ad99fffff
8393,880ab256a1fffff
8394,880a86c885fffff
8395,880a86c981fffff
8396,880ab1614bfffff
8397,880ab3254dfffff
8398,880ab3add3fffff
8399,880ab34d51fffff
8400,880a86b1b5fffff
8401,880a868c2bfffff
8402,880ab3ace3fffff
8403,880ab22d09fffff
8404,880a86194bfffff
8405,880a949703fffff
8406,880ab34341fffff
8407,880ab24357fffff
8408,880a9496e1fffff
8409,880ab3b757fffff
8410,880ab348b5fffff
8411,880ab2849bfffff
8412,880ab164a9fffff
8413,880ab2cd21fffff
8414,880a86aaedfffff
8415,880ab2c599fffff
8416,880ab30b43fffff
8417,880ab22963fffff
8418,880a863221fffff
8419,880ab3541bfffff
8420,880ab228dbfffff
8421,880ab22cb7fffff
8422,880a860a03fffff
8423,880ab178c3fffff
8424,880ab22859fffff
8425,880a86c6c5fffff
8426,880a86076dfffff
8427,880ab30aebfffff
8428,880a86ab5bfffff
8429,880ab2ccc7fffff
8430,880ab23905fffff
8431,880ab2760bfffff
8432,880ab2373dfffff
8433,880ab2bb37fffff
8434,880ab3a559fffff
8435,880ab2a047fffff
8436,880ab35b53fffff
8437,880ab2b949fffff
8438,880a865251fffff
8439,880ab16749fffff
8440,880a86814dfffff
8441,880ab20a15fffff
8442,880ab16081fffff
8443,880ab22a87fffff
8444,88252d9743fffff
8445,880ab318bbfffff
8446,880a86b141fffff
8447,880ab2b061fffff
8448,880ab37153fffff
8449,880ab26701fffff
8450,880ab2b053fffff
8451,880a86aaa9fffff
8452,880a86c857fffff
8453,880ab245a3fffff
8454,880a861017fffff
8455,880ab3512dfffff
8456,880ab3d8a9fffff
8457,880a861695fffff
8458,880ab22e3dfffff
8459,880ab23b1dfffff
8460,880a949527fffff
8461,880a8688d9fffff
8462,880a868aadfffff
8463,880ab35047fffff
8464,880a86a1cdfffff
8465,880a869015fffff
8466,880ab2c837fffff
8467,880ab224cbfffff
8468,880ab34225fffff
8469,880a86ccabfffff
8470,880ab3a94bfffff
8471,880a868325fffff
8472,880ab2a2ebfffff
8473,880a86a321fffff
8474,880ab20659fffff
8475,880a863319fffff
8476,880ab34517fffff
8477,880a86525bfffff
8478,880a868945fffff
8479,880a86b00bfffff
8480,880ab3b699fffff
8481,880a86b127fffff
8482,880ab3d26bfffff
8483,880ab3102dfffff
8484,880ab20d13fffff
8485,880a94d217fffff
8486,88252d9929fffff
8487,880ab16e25fffff
8488,880ab2c9c5fffff
8489,880ab30b11fffff
8490,880a86d5a7fffff
8491,880ab31b4dfffff
8492,880ab3b281fffff
8493,880ab3455dfffff
8494,880a869333fffff
8495,880ab2072dfffff
8496,880ab3135dfffff
8497,880ab3386bfffff
8498,880ab23b4dfffff
8499,880ab24aa9fffff
8500,880ab289b7fffff
8501,880ab34837fffff
8502,880ab2cc9dfffff
8503,880a9496a3fffff
8504,880ab25095fffff
8505,880a86d257fffff
8506,880ab209a7fffff
8507,880a8682e9fffff
8508,880ab16927fffff
8509,880a8695ddfffff
8510,880a86ca9bfffff
8511,880ab2ac03fffff
8512,880ab3c5c7fffff
8513,880ab20dd1fffff
8514,880ab21abdfffff
8515,880ab30765fffff
8516,880ab314e5fffff
8517,880ab330abfffff
8518,880ab30aa7fffff
8519,880ab330b5fffff
8520,880ab314bbfffff
8521,880a86c309fffff
8522,880ab3a84bfffff
8523,880ab201a3fffff
8524,880ab2c4a1fffff
8525,880ab21033fffff
8526,880ab2164bfffff
8527,880ab30133fffff
8528,880ab3063bfffff
8529,880a860115fffff
8530,880a86985bfffff
8531,880ab33631fffff
8532,880a8612a5fffff
8533,880ab2b0d3fffff
8534,880ab20e33fffff
8535,880a863301fffff
8536,880ab35a87fffff
8537,880ab23959fffff
8538,880a86149dfffff
8539,880ab2cda3fffff
8540,880a860697fffff
8541,880ab32b45fffff
8542,880ab20599fffff
8543,880ab2c487fffff
8544,88252d8265fffff
8545,880ab1606bfffff
8546,880a86d609fffff
8547,880ab33137fffff
8548,880ab16d57fffff
8549,880ab3d265fffff
8550,880ab26cddfffff
8551,880ab20d05fffff
8552,880ab234e1fffff
8553,880a861a85fffff
8554,880ab28f11fffff
8555,880ab2b50dfffff
8556,880ab2ac83fffff
8557,880ab2451dfffff
8558,880ab2ad33fffff
8559,880a86c15dfffff
8560,880a8680d5fffff
8561,880ab26505fffff
8562,880ab2b1e7fffff
8563,880a868229fffff
8564,880ab16cc5fffff
8565,880ab201a5fffff
8566,880ab24f65fffff
8567,880ab358a1fffff
8568,880ab3b8e3fffff
8569,880ab2a6c3fffff
8570,880ab230d3fffff
8571,880a8606c9fffff
8572,88252d99bdfffff
8573,880ab16a65fffff
8574,880ab24ee7fffff
8575,880ab16259fffff
8576,880ab3a9dbfffff
8577,880ab2ab0dfffff
8578,880a86b815fffff
8579,880ab2ba19fffff
8580,880a869a37fffff
8581,880ab3c997fffff
8582,880ab35123fffff
8583,880ab24915fffff
8584,880ab160c9fffff
8585,880ab30109fffff
8586,880ab27723fffff
8587,88252cb619fffff
8588,880ab26d53fffff
8589,880a860e41fffff
8590,880ab3b8b5fffff
8591,880a868b53fffff
8592,880ab26a37fffff
8593,880ab332b7fffff
8594,880a868dcbfffff
8595,880ab3763dfffff
8596,880a86c2c3fffff
8597,880a86b1e1fffff
8598,88252d9169fffff
8599,880ab210edfffff
8600,880ab348b3fffff
8601,880ab24899fffff
8602,880ab24dd7fffff
8603,880ab2a251fffff
8604,880ab2a48bfffff
8605,880ab23913fffff
8606,88252d8065fffff
8607,880ab21261fffff
8608,880a869205fffff
8609,880ab34cb7fffff
8610,880ab16669fffff
8611,880ab3a637fffff
8612,880ab305a9fffff
8613,880ab2b2adfffff
8614,880a94d641fffff
8615,880a86c285fffff
8616,880ab25265fffff
8617,880ab245c1fffff
8618,880ab35641fffff
8619,880a86b989fffff
8620,880ab21557fffff
8621,880a86b02dfffff
8622,880ab2cdebfffff
8623,880ab2ae3dfffff
8624,880ab26a4dfffff
8625,880ab354d1fffff
8626,880ab2756bfffff
8627,880ab200b5fffff
8628,880a86d001fffff
8629,880ab2d597fffff
8630,880a86893dfffff
8631,880ab16729fffff
8632,880ab2af5dfffff
8633,880a86c417fffff
8634,880ab22eebfffff
8635,880ab3418bfffff
8636,880ab2c203fffff
8637,880ab37067fffff
8638,880a86d51dfffff
8639,880ab37433fffff
8640,880ab32b43fffff
8641,880a86c8d5fffff
8642,880ab2a347fffff
8643,880ab2a1e9fffff
8644,880ab3d1d5fffff
8645,880ab3b995fffff
8646,880a8448cdfffff
8647,880ab16845fffff
8648,880ab242bdfffff
8649,880ab2b967fffff
8650,880ab32a6dfffff
8651,880ab16f3bfffff
8652,880ab25631fffff
8653,880ab255d7fffff
8654,880ab26ee5fffff
8655,880a869121fffff
8656,880a8686b7fffff
8657,880ab2119bfffff
8658,880ab2a32dfffff
8659,880ab2b195fffff
8660,880ab225c1fffff
8661,880ab35203fffff
8662,880ab34713fffff
8663,880ab23401fffff
8664,880ab20461fffff
8665,880a869a59fffff
8666,880a86c341fffff
8667,880ab2a193fffff
8668,88252d9b07fffff
8669,880ab2a089fffff
8670,880a949515fffff
8671,880ab3ac6dfffff
8672,880a86d91dfffff
8673,880ab2d899fffff
8674,880a869835fffff
8675,880ab3ce43fffff
8676,880ab16929fffff
8677,880ab30261fffff
8678,880ab389a9fffff
8679,880ab2ae55fffff
8680,880ab224c1fffff
8681,880ab162ddfffff
8682,880ab2c6d9fffff
8683,880ab2cab1fffff
8684,880a86c60bfffff
8685,880ab26667fffff
8686,880ab2acb5fffff
8687,880ab350d1fffff
8688,880ab26345fffff
8689,880a869091fffff
8690,880ab2a4a9fffff
8691,880ab16a81fffff
8692,880ab3a281fffff
8693,880a86d9cdfffff
8694,880ab3a28dfffff
8695,880ab12da7fffff
8696,880ab3346dfffff
8697,880ab26403fffff
8698,880ab28c01fffff
8699,880ab16327fffff
8700,880a86a315fffff
8701,88252d89edfffff
8702,880ab20683fffff
8703,880ab3b2a5fffff
8704,880ab12d95fffff
8705,880ab3add1fffff
8706,880ab28cabfffff
8707,880ab339c7fffff
8708,880ab2c8b3fffff
8709,88252d960dfffff
8710,880ab06917fffff
8711,880ab3a2cbfffff
8712,880ab34a25fffff
8713,880ab20961fffff
8714,880ab2893bfffff
8715,880a869027fffff
8716,880ab30a61fffff
8717,880ab2cd61fffff
8718,880a844d4dfffff
8719,880ab309e7fffff
8720,880ab20493fffff
8721,880ab16f53fffff
8722,880a861085fffff
8723,880a86d49bfffff
8724,880ab339e1fffff
8725,880ab37813fffff
8726,880ab2a027fffff
8727,880ab2ac99fffff
8728,880ab20143fffff
8729,880a86c985fffff
8730,880ab35565fffff
8731,880ab23aa5fffff
8732,880ab2a31dfffff
8733,880ab1619dfffff
8734,88252d8b17fffff
8735,880a86d817fffff
8736,880ab285e1fffff
8737,880a8684abfffff
8738,880ab2b965fffff
8739,880ab22667fffff
8740,880a86305dfffff
8741,880ab218dbfffff
8742,880ab3375bfffff
8743,880ab305edfffff
8744,880ab211cdfffff
8745,880ab336bbfffff
8746,880ab348e9fffff
8747,880ab22ea9fffff
8748,880ab1674dfffff
8749,880ab311bbfffff
8750,880ab371cdfffff
8751,880a861545fffff
8752,880a868dedfffff
8753,880ab34111fffff
8754,880ab2c805fffff
8755,880ab2518bfffff
8756,880ab334adfffff
8757,880a86155dfffff
8758,880a94b21dfffff
8759,880ab21145fffff
8760,880ab218c7fffff
8761,880ab2cd47fffff
8762,880ab2626bfffff
8763,880ab2ad09fffff
8764,880ab3ae67fffff
8765,880a860283fffff
8766,880ab23917fffff
8767,880ab209cdfffff
8768,880ab22a01fffff
8769,880a868667fffff
8770,880ab2496dfffff
8771,880ab3b921fffff
8772,880a84493dfffff
8773,880ab24d89fffff
8774,880ab30129fffff
8775,880ab260c7fffff
8776,880a8680d9fffff
8777,880ab24e33fffff
8778,880a860e6dfffff
8779,880a844903fffff
8780,880ab179b9fffff
8781,880a86aa49fffff
8782,880ab27b29fffff
8783,880ab235e1fffff
8784,880ab168ebfffff
8785,880ab332b9fffff
8786,880a86c467fffff
8787,880ab20b15fffff
8788,880a94b68bfffff
8789,880ab3c429fffff
8790,880a86cdedfffff
8791,880ab24abbfffff
8792,880ab37a57fffff
8793,880ab34ea9fffff
8794,880ab22339fffff
8795,88252d9329fffff
8796,880ab16dc5fffff
8797,880a86b0b5fffff
8798,880ab2683bfffff
8799,880ab23285fffff
8800,880a861189fffff
8801,88252dd085fffff
8802,88252cb651fffff
8803,880ab3c731fffff
8804,880ab36241fffff
8805,880ab319d9fffff
8806,880ab27097fffff
8807,880ab24801fffff
8808,880ab34853fffff
8809,880a860289fffff
8810,880ab228a1fffff
8811,880ab3b69bfffff
8812,880ab26213fffff
8813,880a868a6dfffff
8814,880ab2055dfffff
8815,880ab20e8bfffff
8816,880ab25881fffff
8817,880ab21617fffff
8818,880a86d499fffff
8819,880ab2d181fffff
8820,880a869a69fffff
8821,880a860a65fffff
8822,880ab209e3fffff
8823,880ab1608bfffff
8824,880ab3b92bfffff
8825,880ab262edfffff
8826,880a86cd59fffff
8827,880ab34da9fffff
8828,880ab3c9e5fffff
8829,880a868947fffff
8830,880ab20e31fffff
8831,880ab251a1fffff
8832,880ab2d515fffff
8833,880a869557fffff
8834,880a868139fffff
8835,880ab20f17fffff
8836,880ab27707fffff
8837,880ab33a45fffff
8838,880ab2a731fffff
8839,880ab24ae3fffff
8840,88252cb757fffff
8841,880a86c707fffff
8842,880a86c153fffff
8843,880ab22497fffff
8844,88252d933bfffff
8845,880ab321b1fffff
8846,880ab3c5ebfffff
8847,880a94940dfffff
8848,880ab3c013fffff
8849,880a861803fffff
8850,880a861011fffff
8851,880ab16637fffff
8852,880ab26211fffff
8853,880a86ce25fffff
8854,880ab20c25fffff
8855,880ab370d9fffff
8856,880a861547fffff
8857,880ab268e7fffff
8858,880ab31889fffff
8859,880ab2c2c9fffff
8860,880a86db1bfffff
8861,880ab3c101fffff
8862,880a86c2c9fffff
8863,880a86ae01fffff
8864,880ab2c6c9fffff
8865,880a861351fffff
8866,880ab370bdfffff
8867,880a86ca99fffff
8868,880ab069bbfffff
8869,880ab2c5c5fffff
8870,880ab250d9fffff
8871,880ab35517fffff
8872,880a86a887fffff
8873,880ab3d117fffff
8874,880ab2b48bfffff
8875,880ab14d9dfffff
8876,880a86ca59fffff
8877,880a86045dfffff
8878,880ab30da7fffff
8879,880ab3d1b9fffff
8880,880a86cac7fffff
8881,880ab221cbfffff
8882,880ab2ab43fffff
8883,880ab2d00dfffff
8884,880a86d255fffff
8885,880ab356ddfffff
8886,880ab34a3bfffff
8887,880a868f43fffff
8888,88252d8b07fffff
8889,880ab3132bfffff
8890,880ab24a27fffff
8891,880ab26acdfffff
8892,880ab2c24bfffff
8893,880ab2b947fffff
8894,880ab33235fffff
8895,880ab24b23fffff
8896,880ab25733fffff
8897,880a86b9d1fffff
8898,880ab355c5fffff
8899,880ab161d1fffff
8900,880ab3392bfffff
8901,880ab31027fffff
8902,880a86d017fffff
8903,880ab34047fffff
8904,880ab315c9fffff
8905,880ab2a741fffff
8906,880ab37083fffff
8907,88252d91c5fffff
8908,880ab1646dfffff
8909,880ab16147fffff
8910,880ab16119fffff
8911,880a86c665fffff
8912,880ab3a16bfffff
8913,880a86892bfffff
8914,880ab371c7fffff
8915,880a86d461fffff
8916,880ab2b017fffff
8917,880a86a329fffff
8918,880ab28cddfffff
8919,880ab25207fffff
8920,880ab206dbfffff
8921,880ab20697fffff
8922,880a8618bdfffff
8923,880a868d5bfffff
8924,880a86cee3fffff
8925,880ab2216dfffff
8926,880ab2a88dfffff
8927,880ab33b0dfffff
8928,880ab2ba09fffff
8929,880a8610e7fffff
8930,880ab3a0b1fffff
8931,880a86c483fffff
8932,880ab22e63fffff
8933,880ab34b45fffff
8934,880a9494b7fffff
8935,880a86d2c3fffff
8936,880a868b27fffff
8937,880ab2d46bfffff
8938,880a86c283fffff
8939,880ab3da89fffff
8940,880ab2a653fffff
8941,880a86d221fffff
8942,880ab23343fffff
8943,880a86aad3fffff
8944,880ab3aebbfffff
8945,880a86c4b9fffff
8946,880ab222e3fffff
8947,880a869915fffff
8948,880a86c125fffff
8949,880ab3b5e7fffff
8950,880ab334e7fffff
8951,880ab16db5fffff
8952,880a868165fffff
8953,880ab2b769fffff
8954,880ab24e59fffff
8955,880a86c493fffff
8956,880a860165fffff
8957,880ab16e81fffff
8958,880ab275abfffff
8959,880ab336cbfffff
8960,880ab36239fffff
8961,880ab220e7fffff
8962,880ab25035fffff
8963,880ab26cc7fffff
8964,880a86b88dfffff
8965,880a86848dfffff
8966,880ab22ad5fffff
8967,880ab236cdfffff
8968,880ab3da31fffff
8969,880ab37631fffff
8970,880ab2b141fffff
8971,880ab3ac11fffff
8972,880a86d42bfffff
8973,88252d8939fffff
8974,880ab35a5dfffff
8975,880a86d741fffff
8976,880a9495c7fffff
8977,880a86c9b7fffff
8978,880ab21105fffff
8979,880a861953fffff
8980,88252dd0d9fffff
8981,880ab38933fffff
8982,880ab2a16bfffff
8983,880ab16429fffff
8984,880ab372b1fffff
8985,880a86d8b5fffff
8986,880ab2ad5dfffff
8987,880ab3131dfffff
8988,880ab2a8c3fffff
8989,880a86d495fffff
8990,880ab225e5fffff
8991,880ab2d523fffff
8992,880ab34629fffff
8993,880ab2cd25fffff
8994,880ab16551fffff
8995,880ab204d1fffff
8996,880ab20eadfffff
8997,880ab2ae09fffff
8998,880ab33b6bfffff
8999,880ab37239fffff
9000,880ab3d067fffff
9001,88252dd761fffff
9002,880a86a9c7fffff
9003,880ab21947fffff
9004,88252d8a49fffff
9005,880ab2d0b1fffff
9006,880a868c15fffff
9007,880ab16ac7fffff
9008,880ab16689fffff
9009,880ab3ac21fffff
9010,880ab35507fffff
9011,880ab3da69fffff
9012,88252dd2bdfffff
9013,880ab304ebfffff
9014,880ab31183fffff
9015,880ab16125fffff
9016,880a860b19fffff
9017,880a8448a5fffff
9018,880ab37467fffff
9019,880ab34581fffff
9020,880ab2180bfffff
9021,880ab22d27fffff
9022,880ab2b80dfffff
9023,880ab27223fffff
9024,880a86a865fffff
9025,880ab3b4d3fffff
9026,880ab32a55fffff
9027,880a861935fffff
9028,880ab37ab5fffff
9029,880ab249d9fffff
9030,880ab3a757fffff
9031,880ab3cec7fffff
9032,880a861551fffff
9033,880ab241e5fffff
9034,880ab2a0d5fffff
9035,880ab26d9bfffff
9036,880a86951dfffff
9037,880ab255b7fffff
9038,880a86985dfffff
9039,880a86d6b3fffff
9040,880ab2c58bfffff
9041,880ab2523bfffff
9042,880ab34159fffff
9043,880ab21a67fffff
9044,880ab2a833fffff
9045,880ab30cbbfffff
9046,880ab2349bfffff
9047,880ab275b9fffff
9048,880a94d2d7fffff
9049,880ab3344bfffff
9050,880a868235fffff
9051,880ab20169fffff
9052,880ab0699bfffff
9053,880ab322d3fffff
9054,880ab34ca7fffff
9055,880ab27603fffff
9056,880ab3d5edfffff
9057,880ab24931fffff
9058,880ab21953fffff
9059,880ab3053bfffff
9060,880ab2c9e1fffff
9061,880ab24ec5fffff
9062,880ab37aedfffff
9063,880ab2b8edfffff
9064,880ab32115fffff
9065,880a860683fffff
9066,880a86d051fffff
9067,880ab25181fffff
9068,880a949401fffff
9069,880ab20191fffff
9070,880ab34f65fffff
9071,880ab3c6e7fffff
9072,880ab2c70bfffff
9073,880ab221c3fffff
9074,88252dd0c3fffff
9075,880ab34843fffff
9076,880ab2b2bdfffff
9077,880ab37ad1fffff
9078,880a869a01fffff
9079,880ab2cca9fffff
9080,880ab340d9fffff
9081,880ab3483bfffff
9082,880ab22c01fffff
9083,880ab270abfffff
9084,880ab22513fffff
9085,880ab31813fffff
9086,880ab3aaa1fffff
9087,880a86d943fffff
9088,880ab34637fffff
9089,880ab33053fffff
9090,880a86824bfffff
9091,880ab35ae1fffff
9092,880ab2300dfffff
9093,880ab3ace5fffff
9094,880ab3c227fffff
9095,880ab2c52dfffff
9096,880a86cd4dfffff
9097,880ab2661bfffff
9098,880ab37191fffff
9099,880ab23847fffff
9100,880ab232d1fffff
9101,880ab389c3fffff
9102,880ab3adbbfffff
9103,880a94958dfffff
9104,880ab06965fffff
9105,880a86909bfffff
9106,880ab33037fffff
9107,880ab2a9b9fffff
9108,880ab23647fffff
9109,880a9495d3fffff
9110,880ab22d81fffff
9111,880a86b961fffff
9112,880a9492b3fffff
9113,880ab2c5b7fffff
9114,880ab2b8ddfffff
9115,880ab169e5fffff
9116,880ab262c9fffff
9117,880ab25683fffff
9118,880ab31ab1fffff
9119,880ab20cc1fffff
9120,880ab3d10dfffff
9121,880ab20951fffff
9122,880ab20433fffff
9123,880ab3adadfffff
9124,880a86d299fffff
9125,880ab1658dfffff
9126,880ab34d39fffff
9127,880ab33b09fffff
9128,88252d99ddfffff
9129,880ab3064dfffff
9130,880ab37737fffff
9131,880a86995bfffff
9132,880a869589fffff
9133,880ab1698dfffff
9134,880ab262c7fffff
9135,88252d9991fffff
9136,880ab3af19fffff
9137,880ab2d0bdfffff
9138,880a86c1cbfffff
9139,880ab2a73bfffff
9140,880ab178d5fffff
9141,880ab171b7fffff
9142,880ab28939fffff
9143,880ab23227fffff
9144,880ab34e33fffff
9145,880a86c481fffff
9146,880ab2659dfffff
9147,880ab328c9fffff
9148,880ab240abfffff
9149,880a86b33bfffff
9150,880a869019fffff
9151,880ab372cdfffff
9152,880ab2d6bdfffff
9153,880ab2a26dfffff
9154,880ab315ddfffff
9155,880a868f63fffff
9156,880ab3ae45fffff
9157,880ab3d20bfffff
9158,880a86cc91fffff
9159,880ab22161fffff
9160,880ab30b27fffff
9161,880ab27b23fffff
9162,880ab23585fffff
9163,880ab20a8bfffff
9164,880ab25731fffff
9165,880a868ad1fffff
9166,880ab23b65fffff
9167,88252dd4c9fffff
9168,880ab34561fffff
9169,880ab37139fffff
9170,880ab179c1fffff
9171,880ab3c9c3fffff
9172,880ab20e1bfffff
9173,880ab3c10dfffff
9174,880ab2c31bfffff
9175,880ab26237fffff
9176,880ab34431fffff
9177,880a868ed5fffff
9178,880a869101fffff
9179,880ab1673dfffff
9180,880ab2ade9fffff
9181,880ab33145fffff
9182,880a86ce39fffff
9183,880ab3a723fffff
9184,880ab232d7fffff
9185,880ab274e1fffff
9186,880a94b457fffff
9187,880ab3c525fffff
9188,880ab2aa53fffff
9189,880ab30449fffff
9190,880ab30d99fffff
9191,880ab3ca41fffff
9192,880ab27885fffff
9193,880ab25811fffff
9194,880ab33223fffff
9195,880a94b21bfffff
9196,880ab301bbfffff
9197,880ab2d0d3fffff
9198,880a8615a1fffff
9199,880ab24157fffff
9200,880ab34d59fffff
9201,880ab37999fffff
9202,880ab3d317fffff
9203,880a86b181fffff
9204,880ab3ad95fffff
9205,880ab2c83bfffff
9206,880ab3204bfffff
9207,880a86c1d3fffff
9208,880ab20d91fffff
9209,880ab3aec7fffff
9210,880ab32b3dfffff
9211,880ab2ca51fffff
9212,880ab2d0edfffff
9213,880a86b025fffff
9214,880ab30d03fffff
9215,880a86a1d1fffff
9216,880ab376ebfffff
9217,880ab252d3fffff
9218,880ab16351fffff
9219,880a8611d7fffff
9220,880ab33709fffff
9221,880ab206b1fffff
9222,880ab2d403fffff
9223,880ab2b909fffff
9224,880ab226a3fffff
9225,880ab34411fffff
9226,880ab2036dfffff
9227,880a86d593fffff
9228,880ab20963fffff
9229,880a94d153fffff
9230,880ab34b0bfffff
9231,880ab221d1fffff
9232,880ab23447fffff
9233,880ab16435fffff
9234,880a94b041fffff
9235,880a86d0d5fffff
9236,880ab26dadfffff
9237,880ab16299fffff
9238,880ab3426bfffff
9239,880ab2c4bdfffff
9240,880ab21641fffff
9241,880ab2742bfffff
9242,880ab3329dfffff
9243,880a868117fffff
9244,880ab3a8e5fffff
9245,880ab37549fffff
9246,880ab224a7fffff
9247,880ab205edfffff
9248,880a868985fffff
9249,880a949621fffff
9250,880a860367fffff
9251,880a860049fffff
9252,880ab06895fffff
9253,880a863349fffff
9254,880ab2185bfffff
9255,880a86d601fffff
9256,880ab3b28bfffff
9257,880a8612adfffff
9258,880ab2c4a9fffff
9259,880ab2a68bfffff
9260,880a86c92bfffff
9261,880ab356bbfffff
9262,880ab2c029fffff
9263,880a86b8b3fffff
9264,880ab261c1fffff
9265,880ab32a59fffff
9266,880ab3a863fffff
9267,880a86db0bfffff
9268,880ab34f47fffff
9269,880ab274cbfffff
9270,880ab332d1fffff
9271,880ab2cabbfffff
9272,880ab319e5fffff
9273,880a94d315fffff
9274,880ab27549fffff
9275,880ab3a491fffff
9276,880ab229b5fffff
9277,880a86d2b5fffff
9278,880ab3b2abfffff
9279,880a868ebbfffff
9280,880ab26a51fffff
9281,880a8684b5fffff
9282,880ab3113dfffff
9283,880ab305b3fffff
9284,880ab20ce3fffff
9285,880ab20115fffff
9286,880a86c415fffff
9287,880ab33a21fffff
9288,880a86d045fffff
9289,880ab3a5c5fffff
9290,880ab2b8b3fffff
9291,880ab31585fffff
9292,880ab2710dfffff
9293,880ab3083dfffff
9294,880ab340e7fffff
9295,880ab235c3fffff
9296,880ab21133fffff
9297,880ab2b5edfffff
9298,880ab23a15fffff
9299,880ab338a3fffff
9300,880ab3d203fffff
9301,880ab2c9c1fffff
9302,880ab27231fffff
9303,880ab2d6a5fffff
9304,880ab234d9fffff
9305,880ab264e5fffff
9306,880a86aabdfffff
9307,880ab30495fffff
9308,880ab3c099fffff
9309,880ab31b07fffff
9310,880ab26a1bfffff
9311,880ab24825fffff
9312,880ab2a0edfffff
9313,880ab35333fffff
9314,880ab3a517fffff
9315,880a86919dfffff
9316,880ab34f39fffff
9317,880a868a91fffff
9318,880ab24441fffff
9319,880ab2793dfffff
9320,880ab2b027fffff
9321,880ab239a9fffff
9322,880a86d8bbfffff
9323,880ab2059dfffff
9324,880a869529fffff
9325,880a865367fffff
9326,880ab2c925fffff
9327,880ab3c103fffff
9328,880ab341abfffff
9329,880ab2cce9fffff
9330,880ab3db19fffff
9331,880ab276e5fffff
9332,880a86a14bfffff
9333,880ab22abdfffff
9334,880ab2a58bfffff
9335,880ab33b13fffff
9336,880ab26e25fffff
9337,880ab242d9fffff
9338,880a94b409fffff
9339,88252d9285fffff
9340,880ab20c41fffff
9341,880ab28c09fffff
9342,880ab23a91fffff
9343,880ab2ac33fffff
9344,880ab3d535fffff
9345,88252d8143fffff
9346,880a86c52dfffff
9347,880ab3db5bfffff
9348,880ab20541fffff
9349,880ab22ac5fffff
9350,880ab30053fffff
9351,880ab3c46bfffff
9352,880ab22931fffff
9353,880a86d219fffff
9354,880ab230bdfffff
9355,880ab3b6b3fffff
9356,880ab3a44bfffff
9357,880ab372a3fffff
9358,880ab2530dfffff
9359,880ab230a1fffff
9360,880ab16f33fffff
9361,880a86a8dbfffff
9362,880ab34481fffff
9363,880ab24013fffff
9364,880ab3ce8dfffff
9365,880a860211fffff
9366,880a869595fffff
9367,880a86d2b9fffff
9368,880ab3a509fffff
9369,880ab16861fffff
9370,880a86d43bfffff
9371,880ab21ad9fffff
9372,880a86861dfffff
9373,880a86d293fffff
9374,880ab389dbfffff
9375,880ab3c0ddfffff
9376,880ab332a1fffff
9377,88252d9851fffff
9378,880a94945bfffff
9379,880ab30f3bfffff
9380,880ab3c585fffff
9381,880ab30e8dfffff
9382,880ab22013fffff
9383,880ab26f4bfffff
9384,880a863229fffff
9385,880ab2cca3fffff
9386,880a86ca09fffff
9387,880ab068b5fffff
9388,880a844809fffff
9389,880ab342c3fffff
9390,880ab2d59bfffff
9391,880ab2d427fffff
9392,88252d9ae7fffff
9393,880ab261e3fffff
9394,880a86c605fffff
9395,880ab37087fffff
9396,880ab305bbfffff
9397,880ab2ce55fffff
9398,880a865613fffff
9399,880ab3a185fffff
9400,880a861701fffff
9401,880ab2c4c1fffff
9402,880ab34301fffff
9403,88252d8a61fffff
9404,880ab326ebfffff
9405,880ab26295fffff
9406,880a86a199fffff
9407,880ab232a3fffff
9408,880ab35745fffff
9409,880ab3acb3fffff
9410,880ab2ba1dfffff
9411,88252d980dfffff
9412,880ab22019fffff
9413,880a86d651fffff
9414,880ab2a005fffff
9415,880ab34181fffff
9416,88252d8b35fffff
9417,880ab25341fffff
9418,880ab3a433fffff
9419,880ab3a455fffff
9420,880ab3a561fffff
9421,880a861425fffff
9422,880ab27587fffff
9423,880ab22dd9fffff
9424,880ab24445fffff
9425,880a86ae03fffff
9426,880a861453fffff
9427,880ab21ae9fffff
9428,880ab3ae39fffff
9429,880ab3cd27fffff
9430,880ab22649fffff
9431,880ab2a549fffff
9432,880ab26591fffff
9433,880ab32099fffff
9434,880ab275bdfffff
9435,880ab2394bfffff
9436,880ab34f05fffff
9437,880a869201fffff
9438,880ab30937fffff
9439,880ab30db5fffff
9440,880ab23885fffff
9441,880ab3566dfffff
9442,880a86cf63fffff
9443,880a86da03fffff
9444,880ab211edfffff
9445,880a861289fffff
9446,880a86dac1fffff
9447,880ab35357fffff
9448,880ab26a87fffff
9449,880ab25501fffff
9450,880a86ab43fffff
9451,880a86c5c3fffff
9452,880ab3da43fffff
9453,880ab26251fffff
9454,880a8681e3fffff
9455,880ab3d963fffff
9456,880ab34027fffff
9457,880ab3482dfffff
9458,880ab23719fffff
9459,880a860059fffff
9460,880a949745fffff
9461,880ab20719fffff
9462,880a86d755fffff
9463,88252d9181fffff
9464,880ab21a87fffff
9465,880a86c62dfffff
9466,880a868c0dfffff
9467,880ab2b8c9fffff
9468,880ab37425fffff
9469,880ab3c81bfffff
9470,880ab34833fffff
9471,880ab324c9fffff
9472,880a86cd39fffff
9473,880a86d53dfffff
9474,880a86c303fffff
9475,880ab20f59fffff
9476,880ab35939fffff
9477,880ab26581fffff
9478,880a94b6a9fffff
9479,880ab2bae9fffff
9480,88252d9753fffff
9481,880ab2d435fffff
9482,880a8685b7fffff
9483,880ab344ebfffff
9484,880ab3b987fffff
9485,880ab28d99fffff
9486,880ab25689fffff
9487,880a868c87fffff
9488,880a86c8b3fffff
9489,880ab2380dfffff
9490,880ab35a37fffff
9491,880a86c949fffff
9492,880a861319fffff
9493,880ab2b863fffff
9494,880a86173bfffff
9495,880ab3aa1bfffff
9496,880ab3ad41fffff
9497,880ab3134bfffff
9498,880ab372c7fffff
9499,880ab3d1d7fffff
9500,880ab2c0e1fffff
9501,880ab26149fffff
9502,880ab2adabfffff
9503,880ab319b9fffff
9504,880ab235a7fffff
9505,880ab25729fffff
9506,880ab20655fffff
9507,880ab240d7fffff
9508,880ab34e53fffff
9509,880ab37229fffff
9510,880ab3c713fffff
9511,880ab21961fffff
9512,880ab34dddfffff
9513,880ab22017fffff
9514,880ab23287fffff
9515,880ab271b1fffff
9516,880a86c1ddfffff
9517,880a860453fffff
9518,880a865617fffff
9519,880a868109fffff
9520,880ab3b9a1fffff
9521,880ab21753fffff
9522,88252d8163fffff
9523,880ab16951fffff
9524,880ab358c1fffff
9525,880a8600cdfffff
9526,880ab26aabfffff
9527,880ab20d6dfffff
9528,880ab30501fffff
9529,880ab3c31bfffff
9530,880ab30d1dfffff
9531,880ab3d165fffff
9532,880a86d2ddfffff
9533,880ab3c8e1fffff
9534,880ab24695fffff
9535,880ab17a0bfffff
9536,880ab16925fffff
9537,880ab2b0b3fffff
9538,88252d92dbfffff
9539,880ab338dbfffff
9540,880ab2a9b5fffff
9541,880a86063dfffff
9542,880ab2199bfffff
9543,880ab25a93fffff
9544,880ab346e5fffff
9545,880ab2ce33fffff
9546,880ab3b691fffff
9547,880ab21661fffff
9548,880ab244adfffff
9549,880ab2a61dfffff
9550,880ab24617fffff
9551,880a8681c7fffff
9552,880ab320d5fffff
9553,880ab215cdfffff
9554,880ab261e9fffff
9555,880a863155fffff
9556,880ab32847fffff
9557,880ab24ea1fffff
9558,880a868599fffff
9559,880ab2b5bdfffff
9560,880ab34527fffff
9561,880ab230b9fffff
9562,880a868f05fffff
9563,880ab2a64bfffff
9564,880a86a95bfffff
9565,880ab331d7fffff
9566,880a861629fffff
9567,880a860a39fffff
9568,880ab2ab63fffff
9569,880ab342b9fffff
9570,880ab3a903fffff
9571,880ab274a1fffff
9572,880ab224e1fffff
9573,880ab2b1a7fffff
9574,880a86cc4dfffff
9575,880ab27059fffff
9576,88252d8113fffff
9577,880ab23683fffff
9578,880ab348b9fffff
9579,880ab27b2bfffff
9580,880ab22d3bfffff
9581,880a86d51bfffff
9582,880a86d917fffff
9583,880a861021fffff
9584,880ab22619fffff
9585,880ab375c1fffff
9586,880a949423fffff
9587,880ab24883fffff
9588,880ab34dd7fffff
9589,880a84484bfffff
9590,880ab2ae6dfffff
9591,880ab2a537fffff
9592,880ab3ae8bfffff
9593,880ab3ca8bfffff
9594,880a868b09fffff
9595,880ab24315fffff
9596,880ab3d8b9fffff
9597,880ab269cdfffff
9598,880ab33283fffff
9599,880ab30119fffff
9600,880ab3c685fffff
9601,880a94b669fffff
9602,880a844843fffff
9603,88252cb645fffff
9604,880ab346d9fffff
9605,880ab26027fffff
9606,880ab34c3bfffff
9607,88252d9135fffff
9608,880a86ae29fffff
9609,880ab27883fffff
9610,880a86948bfffff
9611,880ab16ec7fffff
9612,880ab20863fffff
9613,880ab2a735fffff
9614,880ab21127fffff
9615,880ab2ba93fffff
9616,880ab3314dfffff
9617,880ab20ad9fffff
9618,880a86c009fffff
9619,880ab2cdbdfffff
9620,880ab3c80bfffff
9621,880ab34ca1fffff
9622,880ab30ed7fffff
9623,880ab2b039fffff
9624,880ab2002dfffff
9625,880a86d237fffff
9626,880ab379e5fffff
9627,880ab37889fffff
9628,880ab16d0dfffff
9629,880ab28923fffff
9630,880a86c59bfffff
9631,880a868d4dfffff
9632,880a86a9ddfffff
9633,880ab3321dfffff
9634,880ab248abfffff
9635,880ab266adfffff
9636,880a94b2bbfffff
9637,880ab2c5e5fffff
9638,880ab23185fffff
9639,880ab22021fffff
9640,880ab204d5fffff
9641,880ab32105fffff
9642,880a86c733fffff
9643,880ab330ddfffff
9644,880ab2a9e9fffff
9645,880ab16c53fffff
9646,880ab22eabfffff
9647,880ab20a99fffff
9648,880ab3b531fffff
9649,880ab319a5fffff
9650,880a86d82bfffff
9651,880a865343fffff
9652,880ab2c33bfffff
9653,880ab33247fffff
9654,880a949457fffff
9655,880ab37b09fffff
9656,88252d9b33fffff
9657,880ab3d42dfffff
9658,880a865247fffff
9659,880ab23259fffff
9660,880ab26051fffff
9661,880ab344e3fffff
9662,880ab26a59fffff
9663,880ab22363fffff
9664,880ab30a27fffff
9665,880a869157fffff
9666,880ab2ac39fffff
9667,880a863325fffff
9668,880a868e93fffff
9669,880ab24417fffff
9670,880a86d24dfffff
9671,880a86c9cbfffff
9672,880ab248c9fffff
9673,880a868f69fffff
9674,880ab22c3dfffff
9675,880ab16541fffff
9676,880ab28c8bfffff
9677,880a86105bfffff
9678,880ab238e3fffff
9679,880ab26845fffff
9680,880ab23437fffff
9681,880ab30ec5fffff
9682,880ab3524dfffff
9683,880a86160dfffff
9684,880ab2aa3dfffff
9685,880ab28ebbfffff
9686,880ab2c25dfffff
9687,880a869421fffff
9688,880ab274d5fffff
9689,880ab3a419fffff
9690,880ab30db7fffff
9691,880a861641fffff
9692,880ab16f6bfffff
9693,880ab2a69bfffff
9694,880a844f25fffff
9695,880ab388e7fffff
9696,880a8448cbfffff
9697,880ab266a9fffff
9698,880ab33929fffff
9699,880ab256d9fffff
9700,880ab24f2bfffff
9701,880a869913fffff
9702,880ab33187fffff
9703,880ab16ca9fffff
9704,880ab3a55bfffff
9705,880a94b445fffff
9706,880ab275b3fffff
9707,880ab211d3fffff
9708,880ab3a96bfffff
9709,880ab16c11fffff
9710,880ab31353fffff
9711,880a86caa7fffff
9712,880ab321edfffff
9713,880ab3a06bfffff
9714,880ab2c765fffff
9715,880ab26dc7fffff
9716,88252d8247fffff
9717,880ab21649fffff
9718,880ab33689fffff
9719,880ab166d9fffff
9720,880ab376d9fffff
9721,880ab212e1fffff
9722,880a844995fffff
9723,880a860a11fffff
9724,880a86a9a9fffff
9725,880ab37693fffff
9726,880ab35689fffff
9727,880ab23267fffff
9728,880ab3c989fffff
9729,880ab3225dfffff
9730,880ab30c15fffff
9731,880ab231a7fffff
9732,88252d8225fffff
9733,880a94b657fffff
9734,880a86125bfffff
9735,880a86d0c3fffff
9736,880ab3ab6dfffff
9737,880ab256a7fffff
9738,880ab26f49fffff
9739,880ab06991fffff
9740,880ab3aa95fffff
9741,880ab3a887fffff
9742,880a869683fffff
9743,880a94976bfffff
9744,880a8448e3fffff
9745,880ab30233fffff
9746,880ab35039fffff
9747,880ab162c7fffff
9748,880ab336cdfffff
9749,880ab31857fffff
9750,880ab378edfffff
9751,880a94b44dfffff
9752,880a844ae7fffff
9753,880a86820bfffff
9754,880ab30eb9fffff
9755,880ab3a5a3fffff
9756,880ab262a9fffff
9757,880ab129b9fffff
9758,880a86b317fffff
9759,880ab3a813fffff
9760,880a8602d5fffff
9761,880ab22941fffff
9762,880ab32f5bfffff
9763,880ab27a53fffff
9764,880a868753fffff
9765,880ab3cd05fffff
9766,880ab20de7fffff
9767,880ab24439fffff
9768,880a86d103fffff
9769,880ab3a929fffff
9770,880ab30ab1fffff
9771,880ab22ea7fffff
9772,880ab3c163fffff
9773,880ab30a35fffff
9774,88252d8adbfffff
9775,880a86b883fffff
9776,880ab331b3fffff
9777,880ab1611dfffff
9778,880ab16c19fffff
9779,880a86ae0dfffff
9780,880a869763fffff
9781,880ab24889fffff
9782,880ab228d3fffff
9783,880a86d009fffff
9784,880ab23429fffff
9785,880ab22a47fffff
9786,880ab300ebfffff
9787,880ab21029fffff
9788,880a8616e5fffff
9789,880a868e0bfffff
9790,880ab3c467fffff
9791,88252dd4d5fffff
9792,880ab24e13fffff
9793,880ab3430bfffff
9794,880ab3c8b5fffff
9795,880ab3cd81fffff
9796,880ab21113fffff
9797,880a863041fffff
9798,880a868a1bfffff
9799,880ab25703fffff
9800,880ab371b9fffff
9801,880a86c9e5fffff
9802,880ab3b40dfffff
9803,880a860081fffff
9804,880a86a1bbfffff
9805,880a869349fffff
9806,880a86ce8bfffff
9807,880ab330d9fffff
9808,880ab308d5fffff
9809,880ab2062bfffff
9810,880ab32b17fffff
9811,880ab376e7fffff
9812,880ab2c095fffff
9813,88252d8ad5fffff
9814,880ab33051fffff
9815,880ab27035fffff
9816,880ab26eb5fffff
9817,880a94d041fffff
9818,880ab3a823fffff
9819,880a861a8bfffff
9820,880ab30f53fffff
9821,880a86c841fffff
9822,880ab2a1e3fffff
9823,880ab37b01fffff
9824,880ab21531fffff
9825,880ab31b37fffff
9826,880a869a0dfffff
9827,880a86c583fffff
9828,880ab27a31fffff
9829,880ab16281fffff
9830,880ab3ab65fffff
9831,880ab16e23fffff
9832,880a86323dfffff
9833,880ab17a45fffff
9834,880ab31985fffff
9835,880ab37ab3fffff
9836,880ab37237fffff
9837,880ab32b53fffff
9838,880ab069c5fffff
9839,880ab306bbfffff
9840,88252d98b9fffff
9841,880a863233fffff
9842,880ab2a747fffff
9843,880ab2a0b9fffff
9844,880ab302b9fffff
9845,88252d8a6bfffff
9846,880ab3550dfffff
9847,880ab24f39fffff
9848,880a868a21fffff
9849,880ab332bbfffff
9850,880ab2ad11fffff
9851,880ab06929fffff
9852,880ab34e15fffff
9853,880a861813fffff
9854,880ab28f31fffff
9855,880a86b001fffff
9856,880a8615e9fffff
9857,880ab3c8e3fffff
9858,880ab16419fffff
9859,880a86c215fffff
9860,880ab2c8a9fffff
9861,880ab16c05fffff
9862,880ab23139fffff
9863,880ab3d52dfffff
9864,880ab2085bfffff
9865,880ab2b853fffff
9866,880a86c197fffff
9867,880ab26ed7fffff
9868,880a844b15fffff
9869,880a86a007fffff
9870,880a868341fffff
9871,880ab371d1fffff
9872,880a8684c7fffff
9873,880ab3d53bfffff
9874,880ab2d54bfffff
9875,880ab37b1bfffff
9876,880a844a15fffff
9877,880ab2ce89fffff
9878,880ab3c96dfffff
9879,880ab301c7fffff
9880,880a86c93bfffff
9881,880a861897fffff
9882,880ab2a0cbfffff
9883,880a86ce23fffff
9884,880ab3048bfffff
9885,880a8689e7fffff
9886,880ab37a91fffff
9887,880ab21949fffff
9888,880ab31163fffff
9889,880ab326adfffff
9890,880ab2af4bfffff
9891,880ab20207fffff
9892,880ab33031fffff
9893,880ab34287fffff
9894,880ab21419fffff
9895,880a86c987fffff
9896,880a861463fffff
9897,880ab208adfffff
9898,880ab23b49fffff
9899,880ab2c685fffff
9900,880a86031bfffff
9901,880ab205d7fffff
9902,880ab2d737fffff
9903,880ab34b63fffff
9904,880ab2364dfffff
9905,880ab3cc33fffff
9906,880a869b37fffff
9907,880a844853fffff
9908,880a86ce81fffff
9909,880ab20087fffff
9910,880ab3a6abfffff
9911,880ab26881fffff
9912,880ab3aac5fffff
9913,880ab35449fffff
9914,880ab240a7fffff
9915,880ab3da91fffff
9916,880ab2260bfffff
9917,880ab27695fffff
9918,880ab214e5fffff
9919,880a86c449fffff
9920,880ab3c69bfffff
9921,880a94b317fffff
9922,880ab2d895fffff
9923,880ab2c9e9fffff
9924,880a86a159fffff
9925,880a86d15dfffff
9926,880a869b69fffff
9927,880ab33a55fffff
9928,88252cb603fffff
9929,880a863251fffff
9930,880ab21317fffff
9931,880ab24c29fffff
9932,880a94d233fffff
9933,880ab2a2c5fffff
9934,880a8611b9fffff
9935,880ab21885fffff
9936,88252d9865fffff
9937,880ab3205bfffff
9938,880a86d0b5fffff
9939,880ab22eb1fffff
9940,880ab2aa87fffff
9941,880ab37241fffff
9942,880ab2d433fffff
9943,880ab31b19fffff
9944,880ab234c1fffff
9945,880a86a81dfffff
9946,880ab345d9fffff
9947,880ab3c6a9fffff
9948,880ab269adfffff
9949,880ab22243fffff
9950,880ab2c4bbfffff
9951,880a861493fffff
9952,880a86c8edfffff
9953,880ab26a3bfffff
9954,880ab33839fffff
9955,880ab2c8b1fffff
9956,880ab28c69fffff
9957,880a86c2ebfffff
9958,880ab3774bfffff
9959,880ab21119fffff
9960,880ab3cea9fffff
9961,880ab3469bfffff
9962,88252d9b5bfffff
9963,880ab31111fffff
9964,880ab33655fffff
9965,880ab2294bfffff
9966,880ab27ab5fffff
9967,880ab27739fffff
9968,880ab34dd9fffff
9969,880ab3aee3fffff
9970,880a86bab3fffff
9971,880a86c6e9fffff
9972,880ab24e1dfffff
9973,880ab2c12dfffff
9974,880a86d44dfffff
9975,880ab3ac1dfffff
9976,880ab264c3fffff
9977,880ab242d1fffff
9978,880a94d329fffff
9979,880a86c765fffff
9980,880ab20017fffff
9981,880ab256c3fffff
9982,880ab2c201fffff
9983,880ab212e7fffff
9984,880ab22a03fffff
9985,880ab28d0bfffff
9986,880ab24045fffff
9987,880ab28d15fffff
9988,880a86c8cbfffff
9989,880a868183fffff
9990,880ab16ccbfffff
9991,880ab3cf45fffff
9992,880ab30d27fffff
9993,880ab2a659fffff
9994,880ab3aa25fffff
9995,88252d974dfffff
9996,88252dd2a1fffff
9997,880ab20e95fffff
9998,880a869711fffff
9999,880ab34c0bfffff
10000,880a86184bfffff
10001,880a8690bbfffff
10002,880ab25109fffff
10003,880ab2bb55fffff
10004,880ab32753fffff
10005,880a8449c1fffff
10006,880ab33023fffff
10007,880ab32011fffff
10008,880ab27a57fffff
10009,880ab06b23fffff
10010,880a86b9c1fffff
10011,880ab3b73dfffff
10012,880ab256e3fffff
10013,880ab208a9fffff
10014,880ab16197fffff
10015,880ab30ab7fffff
10016,880ab3a289fffff
10017,880ab34e29fffff
10018,880ab3245bfffff
10019,880ab22d65fffff
10020,880ab300c7fffff
10021,880ab301c3fffff
10022,880ab238cbfffff
10023,880ab21a63fffff
10024,880ab2174bfffff
10025,880a86d355fffff
10026,880ab25551fffff
10027,880ab31237fffff
10028,880ab34e5bfffff
10029,880ab2c555fffff
10030,880ab168a1fffff
10031,880a86baadfffff
10032,880ab28d05fffff
10033,880ab202d7fffff
10034,880ab231d5fffff
10035,880ab239c1fffff
10036,880ab20dcdfffff
10037,880a86aa8dfffff
10038,880ab3a717fffff
10039,880ab28edbfffff
10040,880ab30b47fffff
10041,880ab37ac7fffff
10042,880a8610dbfffff
10043,880ab20d1dfffff
10044,880ab354bbfffff
10045,880ab2c347fffff
10046,880ab32707fffff
10047,880ab34121fffff
10048,880ab2c2e9fffff
10049,880ab14dadfffff
10050,880ab35045fffff
10051,88252d836bfffff
10052,880ab322a3fffff
10053,880a86b803fffff
10054,880a94b289fffff
10055,880ab30895fffff
10056,880ab3d9b3fffff
10057,880ab2bb3bfffff
10058,880a86ab63fffff
10059,880ab27343fffff
10060,880ab320b5fffff
10061,880ab229b1fffff
10062,880ab27a85fffff
10063,880ab356c5fffff
10064,880ab2d535fffff
10065,880ab3d9b5fffff
10066,880ab35129fffff
10067,880ab350b5fffff
10068,880ab23265fffff
10069,880ab2baabfffff
10070,880ab34097fffff
10071,880ab27049fffff
10072,880a8688a5fffff
10073,880ab16e39fffff
10074,880ab311bdfffff
10075,880ab3c129fffff
10076,880ab268cdfffff
10077,880a86c823fffff
10078,880a86d967fffff
10079,880ab37143fffff
10080,880ab3ab49fffff
10081,880ab304c7fffff
10082,880ab330edfffff
10083,880ab30839fffff
10084,880ab2176dfffff
10085,880ab3ad5dfffff
10086,880a86b345fffff
10087,880a8611b3fffff
10088,880a86c09dfffff
10089,880ab21149fffff
10090,880ab21913fffff
10091,880ab3301bfffff
10092,880a868063fffff
10093,880a9495e7fffff
10094,880ab2cd97fffff
10095,880a868da1fffff
10096,880ab270d7fffff
10097,880ab161abfffff
10098,880ab3a58bfffff
10099,880ab2410dfffff
10100,880ab27309fffff
10101,880a8618b5fffff
10102,880ab26711fffff
10103,880a86ca5bfffff
10104,880a860247fffff
10105,880a8686e5fffff
10106,880ab21853fffff
10107,880ab3106bfffff
10108,880a8618e3fffff
10109,880ab30da9fffff
10110,880a86c531fffff
10111,880a94d04dfffff
10112,880a8619e1fffff
10113,880ab2a32bfffff
10114,880ab16323fffff
10115,880ab32803fffff
10116,880ab371ddfffff
10117,880ab23a05fffff
10118,880ab27661fffff
10119,880ab22489fffff
10120,880ab21ab1fffff
10121,880ab335ddfffff
10122,880a844ab1fffff
10123,880ab20219fffff
10124,880ab2af6bfffff
10125,880ab2382dfffff
10126,880ab2a567fffff
10127,880a94d043fffff
10128,880a861333fffff
10129,880ab268b7fffff
10130,880ab24d99fffff
10131,880a94969dfffff
10132,880ab26261fffff
10133,880ab24813fffff
10134,880ab36223fffff
10135,880ab22ea5fffff
10136,880ab21157fffff
10137,880ab3d029fffff
10138,880ab31263fffff
10139,880a8688b5fffff
10140,880ab33491fffff
10141,880a86ba2dfffff
10142,880ab24d1dfffff
10143,880ab2aa55fffff
10144,880a844aa7fffff
10145,880a861723fffff
10146,880a861751fffff
10147,880ab3d8ebfffff
10148,880ab37435fffff
10149,880a86865bfffff
10150,880ab315e3fffff
10151,880a86030bfffff
10152,880ab2609dfffff
10153,880ab218cdfffff
10154,880ab2c01bfffff
10155,88252dd681fffff
10156,880ab3192dfffff
10157,880ab34851fffff
10158,880ab2bb1bfffff
10159,880a865717fffff
10160,880ab168c1fffff
10161,880ab31a6dfffff
10162,880a861233fffff
10163,880ab37a15fffff
10164,880ab225a7fffff
10165,880ab3a299fffff
10166,880ab2b537fffff
10167,88252d9609fffff
10168,880a86da61fffff
10169,880ab2bb03fffff
10170,880ab33511fffff
10171,880a86cde1fffff
10172,88252d9995fffff
10173,880ab3aa4bfffff
10174,880ab3c457fffff
10175,880ab350ebfffff
10176,880a86d9d3fffff
10177,880ab20d29fffff
10178,880ab129bdfffff
10179,880ab21235fffff
10180,880a86c12bfffff
10181,880a949751fffff
10182,880ab340b3fffff
10183,880ab2c0adfffff
10184,880ab20acbfffff
10185,88252d8a41fffff
10186,880ab28483fffff
10187,880ab179abfffff
10188,880ab24eb7fffff
10189,880ab2704dfffff
10190,880a8682ebfffff
10191,880ab26ee7fffff
10192,880a94d339fffff
10193,880a86c2bdfffff
10194,880ab3398bfffff
10195,880ab3ae1dfffff
10196,880ab3c31dfffff
10197,880ab25199fffff
10198,880ab20e91fffff
10199,880a869629fffff
10200,880ab31247fffff
10201,880a86d061fffff
10202,880ab23aabfffff
10203,880ab3af0dfffff
10204,880ab21229fffff
10205,880ab3af69fffff
10206,880ab3402dfffff
10207,880ab3b905fffff
10208,880ab37465fffff
10209,880ab23a6bfffff
10210,880a86955dfffff
10211,880ab26ca9fffff
10212,88252d9aedfffff
10213,880ab3d113fffff
10214,880ab21457fffff
10215,880ab2c46bfffff
10216,880ab2332bfffff
10217,880a86804bfffff
10218,880ab251bdfffff
10219,880ab2b561fffff
10220,880ab3d5c7fffff
10221,880ab209d3fffff
10222,880ab24b3bfffff
10223,880a86c093fffff
10224,880ab23abdfffff
10225,880ab2a899fffff
10226,880ab2cca1fffff
10227,880ab22abbfffff
10228,880ab34727fffff
10229,880a948297fffff
10230,880ab2baa3fffff
10231,880ab2732bfffff
10232,880a86b337fffff
10233,880ab22c8dfffff
10234,880ab272e5fffff
10235,880ab2af59fffff
10236,880ab3419bfffff
10237,880a844821fffff
10238,880ab21ad7fffff
10239,880ab32b27fffff
10240,880ab34945fffff
10241,880ab2c303fffff
10242,880ab2175bfffff
10243,880ab206e9fffff
10244,880ab3c831fffff
10245,880a86dacdfffff
10246,880ab359a9fffff
10247,880a86a035fffff
10248,880ab2cd6dfffff
10249,880ab3c9bbfffff
10250,880ab389abfffff
10251,880ab22259fffff
10252,880a86d8d1fffff
10253,88252cb751fffff
10254,880ab25053fffff
10255,880ab33693fffff
10256,880ab32f6dfffff
10257,880a86526bfffff
10258,880ab32a93fffff
10259,880ab30f35fffff
10260,880ab27631fffff
10261,880ab345e3fffff
10262,880ab16087fffff
10263,880ab2d533fffff
10264,880ab2b03bfffff
10265,880ab332e5fffff
10266,880ab2c8e7fffff
10267,880ab20e57fffff
10268,880a861763fffff
10269,880ab2c2b9fffff
10270,880ab2adb5fffff
10271,880ab23a49fffff
10272,880a868931fffff
10273,880ab2730dfffff
10274,880ab32293fffff
10275,880ab3585dfffff
10276,880ab21a1bfffff
10277,880ab30525fffff
10278,880ab2706bfffff
10279,880ab3c413fffff
10280,880a86146dfffff
10281,880ab30903fffff
10282,880ab24763fffff
10283,880ab21589fffff
10284,880ab2ccc9fffff
10285,880ab3a1dbfffff
10286,880ab26143fffff
10287,880a869599fffff
10288,880a86b033fffff
10289,880ab30731fffff
10290,880a868ab3fffff
10291,880ab2d51bfffff
10292,880ab3a923fffff
10293,880ab1671dfffff
10294,880ab3724bfffff
10295,880ab2d0ebfffff
10296,880ab389cdfffff
10297,880ab24229fffff
10298,880a86b13bfffff
10299,880ab32013fffff
10300,88252d9893fffff
10301,880ab2cdd3fffff
10302,880a86062bfffff
10303,880ab2b31bfffff
10304,880ab20601fffff
10305,880ab3a89dfffff
10306,880ab3c85bfffff
10307,880ab250c7fffff
10308,880ab2a851fffff
10309,880ab25433fffff
10310,880ab241ebfffff
10311,880ab22e8dfffff
10312,880ab3119bfffff
10313,880a86012bfffff
10314,880a86d0bdfffff
10315,880ab16abbfffff
10316,880a86d941fffff
10317,880ab30aadfffff
10318,880ab234ddfffff
10319,880ab28e9dfffff
10320,880a869843fffff
10321,880ab2a761fffff
10322,880ab34461fffff
10323,880a86d1a5fffff
10324,880ab2c1abfffff
10325,880a860155fffff
10326,880ab20551fffff
10327,880ab2a063fffff
10328,880ab260b1fffff
10329,880ab262d7fffff
10330,880a869aa9fffff
10331,880ab34ea7fffff
10332,880a86c69bfffff
10333,880a86c54dfffff
10334,880ab3cda7fffff
10335,880ab24e2bfffff
10336,880a8612dbfffff
10337,880ab27135fffff
10338,880ab35823fffff
10339,880a860623fffff
10340,880ab30aa9fffff
10341,880a86d111fffff
10342,880ab3a429fffff
10343,880ab3dabbfffff
10344,880ab214b5fffff
10345,880ab2c76bfffff
10346,880a868269fffff
10347,880a9494a7fffff
10348,880a863343fffff
10349,880ab21a9dfffff
10350,880a869a33fffff
10351,880a86baa1fffff
10352,880ab129e5fffff
10353,880a86a9b3fffff
10354,880ab3ab2dfffff
10355,880ab28907fffff
10356,880ab3115bfffff
10357,880ab231c1fffff
10358,880a94d22bfffff
10359,880ab2b50bfffff
10360,880ab24e29fffff
10361,880ab166e3fffff
10362,880a86975bfffff
10363,880a86d1cdfffff
10364,880ab30e97fffff
10365,880a86a153fffff
10366,880a86859dfffff
10367,880ab16e59fffff
10368,880a868145fffff
10369,880ab3a825fffff
10370,880ab278edfffff
10371,880a86b269fffff
10372,880a86aa9dfffff
10373,880ab26863fffff
10374,88252d8aa5fffff
10375,880ab3c299fffff
10376,880ab21941fffff
10377,880ab3c219fffff
10378,880ab22951fffff
10379,880a86d619fffff
10380,880ab3c599fffff
10381,880a868061fffff
10382,880ab335abfffff
10383,880a8618c9fffff
10384,880ab2b01bfffff
10385,880ab34eddfffff
10386,880ab235edfffff
10387,88252d8313fffff
10388,880ab23867fffff
10389,880a86b333fffff
10390,880ab2a531fffff
10391,880ab35561fffff
10392,880ab33857fffff
10393,880ab28c35fffff
10394,880ab3b98bfffff
10395,88252d8859fffff
10396,880a86a00bfffff
10397,880ab31b31fffff
10398,880ab26cd7fffff
10399,880ab3b6d7fffff
10400,880ab34257fffff
10401,880ab2a81dfffff
10402,880ab249ebfffff
10403,880ab2c5d7fffff
10404,880ab345b1fffff
10405,880ab3a957fffff
10406,880a860b5bfffff
10407,880ab23a63fffff
10408,880a86ccb7fffff
10409,880ab248e5fffff
10410,880a94d067fffff
10411,880a86c6edfffff
10412,880ab205abfffff
10413,880ab240d5fffff
10414,880ab3a18bfffff
10415,880ab2a357fffff
10416,880a86888bfffff
10417,880ab26043fffff
10418,880ab321a9fffff
10419,880ab33123fffff
10420,880ab20ea1fffff
10421,880ab20ea3fffff
10422,880ab230b3fffff
10423,880ab266c1fffff
10424,880a86c455fffff
10425,880a84488bfffff
10426,880a8601e5fffff
10427,880ab3a321fffff
10428,880a86919bfffff
10429,880a86bb01fffff
10430,880ab3a5d5fffff
10431,880a86908bfffff
10432,880ab3b42dfffff
10433,880ab37221fffff
10434,880a860281fffff
10435,880ab251b9fffff
10436,880ab27b0bfffff
10437,880ab3a14dfffff
10438,880ab3793bfffff
10439,880a861b31fffff
10440,88252d989dfffff
10441,880a86174dfffff
10442,880a868441fffff
10443,880ab37269fffff
10444,880ab3b439fffff
10445,880ab250c3fffff
10446,880a86ae6dfffff
10447,880ab209b5fffff
10448,880ab3c41bfffff
10449,880a86c9c9fffff
10450,880a86c6dbfffff
10451,880ab222b5fffff
10452,880a868ae9fffff
10453,880a86bae9fffff
10454,880ab2cab3fffff
10455,880ab23369fffff
10456,880ab35a55fffff
10457,880a861283fffff
10458,880ab3142bfffff
10459,880ab20f63fffff
10460,880ab2c4d3fffff
10461,880a86009bfffff
10462,880a94b64bfffff
10463,880ab16127fffff
10464,880ab2ba65fffff
10465,880ab3cf17fffff
10466,880ab2c23bfffff
10467,880ab3c56bfffff
10468,880ab31a5bfffff
10469,880ab20f47fffff
10470,880a86c6c3fffff
10471,880ab35959fffff
10472,880ab3572dfffff
10473,880a86db65fffff
10474,880a868c59fffff
10475,880ab2bacbfffff
10476,880a86a187fffff
10477,880ab2af53fffff
10478,88252d833dfffff
10479,880ab3d9a1fffff
10480,880ab2212dfffff
10481,880a8615c9fffff
10482,880ab16143fffff
10483,880ab222a1fffff
10484,880ab23191fffff
10485,880ab221a9fffff
10486,880ab2165dfffff
10487,880ab3d85bfffff
10488,880ab30059fffff
10489,880a868ce9fffff
10490,880ab2c5b1fffff
10491,880ab3000bfffff
10492,880ab30755fffff
10493,880ab3701dfffff
10494,880ab27091fffff
10495,880ab319e1fffff
10496,880ab2c74bfffff
10497,880ab319d5fffff
10498,880ab3a0a5fffff
10499,880a86524dfffff
10500,880ab20631fffff
10501,880ab2b00bfffff
10502,880a94b745fffff
10503,880ab2ce41fffff
10504,880ab2ad91fffff
10505,880a86d149fffff
10506,880ab3a60bfffff
10507,880ab3b99bfffff
10508,880ab20415fffff
10509,880ab162d1fffff
10510,880a94b2a5fffff
10511,880ab30167fffff
10512,880a8449d1fffff
10513,880ab200b9fffff
10514,880ab2add9fffff
10515,880a8619b7fffff
10516,880a94955dfffff
10517,88252dd76bfffff
10518,880ab2a55bfffff
10519,880ab26a03fffff
10520,880ab2c639fffff
10521,880ab2a6bbfffff
10522,880ab3c983fffff
10523,880ab26421fffff
10524,880a865645fffff
10525,880ab226d9fffff
10526,880ab27109fffff
10527,880ab3422dfffff
10528,880a844b2dfffff
10529,880ab34221fffff
10530,880a868025fffff
10531,880ab22b17fffff
10532,880ab2c5c7fffff
10533,880ab2c953fffff
10534,880a949659fffff
10535,880ab35511fffff
10536,880ab24755fffff
10537,880ab33829fffff
10538,880ab2654dfffff
10539,880a94951dfffff
10540,880ab20885fffff
10541,880ab2b531fffff
10542,880a86c23dfffff
10543,880a8448e5fffff
10544,880ab226b9fffff
10545,880ab241e7fffff
10546,880ab3d8e3fffff
10547,880ab250bbfffff
10548,880ab20d09fffff
10549,880ab34e0bfffff
10550,880a86b1a9fffff
10551,880a86c549fffff
10552,880ab3cc89fffff
10553,880ab160a7fffff
10554,880ab20f5dfffff
10555,880ab2740dfffff
10556,880a86c851fffff
10557,880a86c567fffff
10558,88252d8b31fffff
10559,88252d813bfffff
10560,880ab30b35fffff
10561,880ab22149fffff
10562,880a868597fffff
10563,880ab2ba55fffff
10564,880ab22d59fffff
10565,880ab2306bfffff
10566,880ab20c13fffff
10567,880ab169abfffff
10568,880ab2c44bfffff
10569,880ab23257fffff
10570,880ab2150bfffff
10571,880ab30163fffff
10572,880ab3ad69fffff
10573,880ab34c93fffff
10574,880a86c4a5fffff
10575,88252d812bfffff
10576,880ab24ae9fffff
10577,880a860069fffff
10578,880ab31ae9fffff
10579,880a860ad3fffff
10580,880a86c9bbfffff
10581,880ab240a3fffff
10582,880ab3a40dfffff
10583,880a8449d5fffff
10584,880a86a8d5fffff
10585,880a86172bfffff
10586,880ab2581bfffff
10587,880ab2c669fffff
10588,880ab2b997fffff
10589,880ab22e95fffff
10590,880ab30c33fffff
10591,880ab34691fffff
10592,880a86c743fffff
10593,880a868cc9fffff
10594,880a8698b9fffff
10595,880ab3c34dfffff
10596,880ab204d9fffff
10597,880a8610abfffff
10598,880ab242c1fffff
10599,880ab16105fffff
10600,880ab269a9fffff
10601,880ab22dbbfffff
10602,880ab3ad21fffff
10603,880a86158dfffff
10604,880ab16691fffff
10605,880ab23b27fffff
10606,880ab371c9fffff
10607,880ab30955fffff
10608,880ab2b5e1fffff
10609,880ab235e7fffff
10610,880ab22127fffff
10611,880a94b2e5fffff
10612,880ab318c1fffff
10613,880a860ae3fffff
10614,880ab22f51fffff
10615,880a8684bdfffff
10616,880a86962dfffff
10617,880a94b2abfffff
10618,880ab2b19bfffff
10619,880ab1676dfffff
10620,880ab21095fffff
10621,880a86151bfffff
10622,880a868e27fffff
10623,880ab3d185fffff
10624,880ab251b7fffff
10625,880ab33935fffff
10626,880ab24f07fffff
10627,880a94b753fffff
10628,880ab25445fffff
10629,880ab358b5fffff
10630,880ab265b7fffff
10631,880ab30989fffff
10632,880ab356e5fffff
10633,880ab315b5fffff
10634,880a8699c1fffff
10635,880ab2d6abfffff
10636,880ab22737fffff
10637,880a844909fffff
10638,880ab2c5b5fffff
10639,880ab3cb01fffff
10640,880ab22939fffff
10641,880ab2a053fffff
10642,880ab26687fffff
10643,880a86995dfffff
10644,880ab2022bfffff
10645,880ab3626bfffff
10646,880ab34721fffff
10647,880ab24da7fffff
10648,880ab35b15fffff
10649,880ab3aab3fffff
10650,880ab3068dfffff
10651,880ab20021fffff
10652,880ab26d99fffff
10653,880ab2c8ddfffff
10654,880a8691adfffff
10655,880ab3b6d1fffff
10656,880ab34f31fffff
10657,880a869a67fffff
10658,880ab3aaebfffff
10659,880ab31851fffff
10660,880ab3b581fffff
10661,880a869611fffff
10662,880ab33abbfffff
10663,880a86d007fffff
10664,880ab24c83fffff
10665,880a86d31bfffff
10666,880a86c0d9fffff
10667,880ab33a57fffff
10668,880ab16e37fffff
10669,880ab20d65fffff
10670,880ab3a413fffff
10671,880a869691fffff
10672,880ab35217fffff
10673,880ab23b2dfffff
10674,880ab33183fffff
10675,880ab352e3fffff
10676,880ab245adfffff
10677,880ab16583fffff
10678,880ab24d11fffff
10679,880a86c29dfffff
10680,880ab3035bfffff
10681,880ab23b2bfffff
10682,880ab3ace9fffff
10683,880ab25407fffff
10684,88252d9867fffff
10685,880ab3328dfffff
10686,880ab26715fffff
10687,880ab2c619fffff
10688,880ab16d49fffff
10689,880a86d097fffff
10690,880ab2d89dfffff
10691,880a861961fffff
10692,880ab20759fffff
10693,880ab2d12bfffff
10694,880a86c99bfffff
10695,880a86940dfffff
10696,880a86ba4bfffff
10697,880ab27401fffff
10698,880ab23969fffff
10699,880a86998bfffff
10700,880a86c33bfffff
10701,880ab31853fffff
10702,880ab3436bfffff
10703,880ab3d32dfffff
10704,880a844a2bfffff
10705,880ab2b961fffff
10706,880a94b607fffff
10707,880ab251ebfffff
10708,880ab2283dfffff
10709,880ab3333bfffff
10710,880ab2102dfffff
10711,880ab3aac3fffff
10712,880ab165adfffff
10713,880ab169b9fffff
10714,880ab14d37fffff
10715,880ab212cdfffff
10716,880a86994bfffff
10717,880ab31a8dfffff
10718,880ab23055fffff
10719,88252d9123fffff
10720,880a94d23bfffff
10721,880ab2af63fffff
10722,880ab34a47fffff
10723,880ab28591fffff
10724,880ab30863fffff
10725,880a9495c9fffff
10726,880ab20b4dfffff
10727,880a86d693fffff
10728,880ab31825fffff
10729,880a86315bfffff
10730,880ab34333fffff
10731,880ab38931fffff
10732,880ab30725fffff
10733,880ab20401fffff
10734,880ab25567fffff
10735,880ab2a4e1fffff
10736,880ab31411fffff
10737,880ab2263bfffff
10738,880ab16c41fffff
10739,880ab24887fffff
10740,880ab2d43bfffff
10741,880ab3c8c1fffff
10742,880ab3a5d3fffff
10743,880ab2b093fffff
10744,880a869b27fffff
10745,880ab160dbfffff
10746,880a86d5e9fffff
10747,880ab3783dfffff
10748,880a94b741fffff
10749,880ab2354bfffff
10750,880ab2c0c1fffff
10751,880ab2b95bfffff
10752,88252dd6e5fffff
10753,880ab2c5bbfffff
10754,880ab37931fffff
10755,880ab2a633fffff
10756,880ab2a11bfffff
10757,880a863215fffff
10758,880a86c081fffff
10759,880ab175b7fffff
10760,880a86a899fffff
10761,880ab27ab3fffff
10762,880ab2a457fffff
10763,880ab3232dfffff
10764,880ab2521dfffff
10765,880ab30243fffff
10766,880ab26129fffff
10767,880a869713fffff
10768,880ab27419fffff
10769,880a869635fffff
10770,880ab3c441fffff
10771,880ab240b7fffff
10772,880ab1698bfffff
10773,88252d8067fffff
10774,880a8686d1fffff
10775,880ab2ac5dfffff
10776,88252d8805fffff
10777,880ab22193fffff
10778,880ab3556dfffff
10779,880a94b419fffff
10780,880ab2a127fffff
10781,880ab35147fffff
10782,880ab27349fffff
10783,880ab3320bfffff
10784,880ab30605fffff
10785,880ab33113fffff
10786,880ab32a87fffff
10787,880ab2ac6bfffff
10788,880ab17ac1fffff
10789,880ab2b325fffff
10790,880a94d29bfffff
10791,880ab22181fffff
10792,880ab2b225fffff
10793,880a861965fffff
10794,880a8698dbfffff
10795,880ab35a8dfffff
10796,880ab22883fffff
10797,880ab34a89fffff
10798,880ab351e5fffff
10799,880ab2ce35fffff
10800,880ab2c049fffff
10801,880a86128bfffff
10802,880ab33ad5fffff
10803,880a863069fffff
10804,880a86d603fffff
10805,880ab34415fffff
10806,880a86898bfffff
10807,880ab2729bfffff
10808,880ab2ad85fffff
10809,880ab24a5bfffff
10810,880ab3c769fffff
10811,880ab24837fffff
10812,880ab3722bfffff
10813,880a868e3bfffff
10814,880ab2a59dfffff
10815,880ab31a17fffff
10816,880ab246e7fffff
10817,880a8656ebfffff
10818,880ab2a8e5fffff
10819,880ab35101fffff
10820,880ab35291fffff
10821,88252d9935fffff
10822,880ab2024dfffff
10823,880ab3c5c3fffff
10824,880ab20131fffff
10825,880a86d2a5fffff
10826,880ab32b69fffff
10827,880ab33613fffff
10828,880ab2612bfffff
10829,880ab17a23fffff
10830,880ab2314dfffff
10831,880ab3489dfffff
10832,880ab3ac49fffff
10833,880a86ba9dfffff
10834,880ab2ba99fffff
10835,880a86d05bfffff
10836,880ab224adfffff
10837,880ab2b765fffff
10838,880ab21b0bfffff
10839,88252dd289fffff
10840,880ab311dbfffff
10841,880ab24581fffff
10842,880ab351ddfffff
10843,880ab16085fffff
10844,880ab276b5fffff
10845,880ab22a67fffff
10846,880ab22857fffff
10847,880a86b1cbfffff
10848,880ab35a51fffff
10849,880ab3159dfffff
10850,880ab319c3fffff
10851,880ab355a5fffff
10852,880ab2373bfffff
10853,880ab3ab09fffff
10854,880ab20e99fffff
10855,880ab30e87fffff
10856,880ab388ebfffff
10857,880ab21159fffff
10858,880a8696ddfffff
10859,880ab23183fffff
10860,880ab31065fffff
10861,880ab271bbfffff
10862,880ab2c025fffff
10863,880ab162b3fffff
10864,880ab2355dfffff
10865,880ab27647fffff
10866,880ab334a3fffff
10867,880ab2d1e9fffff
10868,880ab336b3fffff
10869,880ab16865fffff
10870,880ab2b939fffff
10871,880ab2c4b1fffff
10872,880ab3746dfffff
10873,880a861a0bfffff
10874,880ab2b09dfffff
10875,880ab23323fffff
10876,880ab2562dfffff
10877,880ab3a15dfffff
10878,880ab24421fffff
10879,880ab3c13bfffff
10880,880a86cc8dfffff
10881,880a86b155fffff
10882,880ab16ad1fffff
10883,880a86bb39fffff
10884,880ab376b3fffff
10885,880a8698a3fffff
10886,880ab36243fffff
10887,880ab24c53fffff
10888,880ab355b7fffff
10889,880ab356e7fffff
10890,880ab33267fffff
10891,880ab2cf05fffff
10892,880ab289a9fffff
10893,88252d964dfffff
10894,880ab26523fffff
10895,880a86c05bfffff
10896,880a86036dfffff
10897,880ab22051fffff
10898,880ab3c237fffff
10899,880ab35917fffff
10900,880ab3a0d5fffff
10901,880ab205ddfffff
10902,880ab32209fffff
10903,880a86d4d9fffff
10904,880ab20467fffff
10905,880a86b009fffff
10906,880a86d23bfffff
10907,880ab16325fffff
10908,880ab169c3fffff
10909,880ab22767fffff
10910,880ab3d02dfffff
10911,880ab22329fffff
10912,880ab211c1fffff
10913,880ab2c9b9fffff
10914,880ab3226dfffff
10915,880ab3a1edfffff
10916,880a86cf61fffff
10917,880ab23443fffff
10918,88252d8a53fffff
10919,880ab26645fffff
10920,880ab200d1fffff
10921,880ab3a0e1fffff
10922,880ab2006bfffff
10923,880a86d163fffff
10924,880a86d40bfffff
10925,880ab21ab3fffff
10926,880a94b62dfffff
10927,880a94d2e7fffff
10928,880a868365fffff
10929,880ab322e5fffff
10930,880a86b2cdfffff
10931,880ab345b9fffff
10932,880a86d49dfffff
10933,880ab22f41fffff
10934,880ab2d4c9fffff
10935,880ab255bbfffff
10936,880ab2af2bfffff
10937,880ab21aa5fffff
10938,880ab30d05fffff
10939,880ab16d27fffff
10940,880ab3ca99fffff
10941,880ab2b2e5fffff
10942,880ab2361dfffff
10943,880ab3325dfffff
10944,880ab229e1fffff
10945,880ab3096bfffff
10946,880a86c83bfffff
10947,880a94828bfffff
10948,880a86af5dfffff
10949,880a86d515fffff
10950,880a8682bdfffff
10951,880ab350bdfffff
10952,880ab26c05fffff
10953,880ab34953fffff
10954,880a861103fffff
10955,880a86014bfffff
10956,88252d98d3fffff
10957,880ab2d42dfffff
10958,880ab164e3fffff
10959,880ab3c4c5fffff
10960,880ab16f35fffff
10961,880a868803fffff
10962,880ab3a081fffff
10963,880a860285fffff
10964,880ab241c9fffff
10965,880a86c401fffff
10966,880a86803dfffff
10967,880a86db47fffff
10968,880ab3a4a5fffff
10969,88252d9891fffff
10970,880ab37b5dfffff
10971,880ab2324bfffff
10972,880ab3c09dfffff
10973,880ab376edfffff
10974,880ab3760bfffff
10975,880ab2c51dfffff
10976,880ab21483fffff
10977,880ab30761fffff
10978,880ab35683fffff
10979,880a868015fffff
10980,880ab2aea5fffff
10981,880ab3a1c1fffff
10982,880ab3c32dfffff
10983,880ab228e1fffff
10984,880ab23229fffff
10985,880ab3492bfffff
10986,880ab06d6dfffff
10987,880ab35543fffff
10988,880ab2a08dfffff
10989,880ab2aab3fffff
10990,880a868e37fffff
10991,880a86131dfffff
10992,880ab28489fffff
10993,880ab236d9fffff
10994,880ab2d487fffff
10995,880a8612cdfffff
10996,880ab35117fffff
10997,880ab234d5fffff
10998,880a86d90bfffff
10999,880a86d459fffff
11000,880ab30ddbfffff
11001,880ab3586bfffff
11002,880ab27a05fffff
11003,880a86d9c7fffff
11004,880ab2a6b7fffff
11005,880a86d921fffff
11006,880ab25249fffff
11007,880a86323bfffff
11008,880ab23b25fffff
11009,880ab3504bfffff
11010,880ab30cebfffff
11011,880ab26f61fffff
11012,880ab230bbfffff
11013,880a949455fffff
11014,880a86061bfffff
11015,880a86c121fffff
11016,880ab20e39fffff
11017,880a86bb3bfffff
11018,880a86cc31fffff
11019,88252d81adfffff
11020,880ab34c15fffff
11021,880ab3241bfffff
11022,880ab166e9fffff
11023,880a86120bfffff
11024,880ab30a23fffff
11025,880ab3364dfffff
11026,880ab35603fffff
11027,880ab26c31fffff
11028,880ab35a1dfffff
11029,880a86dad9fffff
11030,880ab2aa8bfffff
11031,880ab32061fffff
11032,880ab205dbfffff
11033,88252d985bfffff
11034,880ab2360bfffff
11035,880ab32195fffff
11036,880ab24121fffff
11037,880ab2a96bfffff
11038,880a86ba0dfffff
11039,880ab319c7fffff
11040,880ab26d31fffff
11041,880ab2b163fffff
11042,880ab3a159fffff
11043,880ab3d1b3fffff
11044,880a86aa0dfffff
11045,880ab262a3fffff
11046,880a8698d9fffff
11047,880ab2a01dfffff
11048,880a868b29fffff
11049,880ab20957fffff
11050,880ab31191fffff
11051,880ab22557fffff
11052,880a94d31bfffff
11053,880ab2cd09fffff
11054,880ab16b11fffff
11055,88252d9a53fffff
11056,880ab211b3fffff
11057,880ab3b8a5fffff
11058,880ab21ab7fffff
11059,880ab3c0d5fffff
11060,880a86a895fffff
11061,880ab2c82bfffff
11062,880ab2cd35fffff
11063,880ab33989fffff
11064,880a86aa3bfffff
11065,880a8686c9fffff
11066,880ab2684dfffff
11067,880a8699cbfffff
11068,880ab22447fffff
11069,880ab2c19bfffff
11070,880ab32083fffff
11071,880ab235b7fffff
11072,880ab3cc93fffff
11073,880ab24535fffff
11074,880a86b851fffff
11075,880ab34cc9fffff
11076,880ab2a06bfffff
11077,880ab34519fffff
11078,880ab0698dfffff
11079,880ab20939fffff
11080,880ab33869fffff
11081,880ab271c9fffff
11082,880ab3c491fffff
11083,880ab2449dfffff
11084,880a861963fffff
11085,880ab23405fffff
11086,880ab2a843fffff
11087,880a868997fffff
11088,880a86a99bfffff
11089,880ab252a7fffff
11090,880ab3c8b3fffff
11091,880ab34647fffff
11092,880ab21461fffff
11093,880a86b941fffff
11094,880ab30b15fffff
11095,880ab06995fffff
11096,880ab23559fffff
11097,880a86a1b1fffff
11098,880ab2aadbfffff
11099,880ab35657fffff
11100,880ab23985fffff
11101,880ab2aeb7fffff
11102,880ab17837fffff
11103,880ab3c031fffff
11104,880ab2ba6bfffff
11105,880a86145dfffff
11106,880a86cf65fffff
11107,880ab20251fffff
11108,880ab354a3fffff
11109,880a860451fffff
11110,880ab248c3fffff
11111,880ab2aae7fffff
11112,880ab3a60dfffff
11113,880a863341fffff
11114,880ab3b4ebfffff
11115,880a86da69fffff
11116,880ab2cc39fffff
11117,880ab26695fffff
11118,880ab34c89fffff
11119,88252d8b1bfffff
11120,880a863317fffff
11121,880ab3b5e3fffff
11122,880ab3a769fffff
11123,880ab3a6d3fffff
11124,880ab26ca3fffff
11125,880ab33a29fffff
11126,880a86bac3fffff
11127,880ab178c7fffff
11128,880ab17a11fffff
11129,880ab32189fffff
11130,880ab22507fffff
11131,880a868021fffff
11132,880ab25547fffff
11133,880a86ca65fffff
11134,880a844a67fffff
11135,880ab26f25fffff
11136,880ab211a5fffff
11137,880a861357fffff
11138,880ab2a42bfffff
11139,880ab3b0ddfffff
11140,880a868b69fffff
11141,880ab211ddfffff
11142,880a8616d7fffff
11143,880ab2721dfffff
11144,880ab265d1fffff
11145,880a86d60bfffff
11146,880ab2a951fffff
11147,880a949485fffff
11148,880ab069e5fffff
11149,880ab3ce03fffff
11150,880ab27583fffff
11151,880ab2131bfffff
11152,880ab34133fffff
11153,880ab2a80dfffff
11154,880a844811fffff
11155,880a86cc1dfffff
11156,880ab3c351fffff
11157,880ab24e01fffff
11158,880ab2272dfffff
11159,880a8695c1fffff
11160,880ab3c9e1fffff
11161,880a8691dbfffff
11162,880a86d635fffff
11163,880ab3223bfffff
11164,880a86cb1dfffff
11165,880ab21b37fffff
11166,880ab284a7fffff
11167,880ab22f45fffff
11168,880ab31493fffff
11169,880ab2656dfffff
11170,880ab3c1c3fffff
11171,880a949731fffff
11172,880a86b129fffff
11173,880a861a6dfffff
11174,880ab2a4b9fffff
11175,880a868cb7fffff
11176,880a9494d3fffff
11177,880a86d5bdfffff
11178,880a860297fffff
11179,880ab24f31fffff
11180,880a86cad9fffff
11181,880ab23b15fffff
11182,880ab28debfffff
11183,880ab27b07fffff
11184,880ab2aca5fffff
11185,880ab2ba21fffff
11186,880ab169cdfffff
11187,880ab359c5fffff
11188,880ab27165fffff
11189,880ab16b4bfffff
11190,880ab2b5adfffff
11191,880ab23a1bfffff
11192,880ab33047fffff
11193,880ab33a59fffff
11194,880ab2d18bfffff
11195,880ab21487fffff
11196,880ab242b7fffff
11197,880ab2a55dfffff
11198,880ab378a5fffff
11199,880ab1613bfffff
11200,880a84492dfffff
11201,88252d9835fffff
11202,880a86c19bfffff
11203,880ab2425bfffff
11204,880a8695a1fffff
11205,880ab22843fffff
11206,880a86d467fffff
11207,880ab23431fffff
11208,880a86a055fffff
11209,880ab3b5d7fffff
11210,880ab226a9fffff
11211,880ab3a115fffff
11212,880ab30b41fffff
11213,880ab3aac9fffff
11214,880ab309a1fffff
11215,880ab2c64dfffff
11216,880ab21897fffff
11217,880ab16c2dfffff
11218,880ab371d5fffff
11219,880ab23313fffff
11220,880a861643fffff
11221,880ab21a09fffff
11222,880ab20ad7fffff
11223,880ab2cf43fffff
11224,880ab2b097fffff
11225,880a86ccb3fffff
11226,88252d8b29fffff
11227,880ab3263dfffff
11228,880a869719fffff
11229,880ab30223fffff
11230,880ab21ac5fffff
11231,880a8611e3fffff
11232,88252dd493fffff
11233,880ab16467fffff
11234,880ab28c41fffff
11235,880ab2d537fffff
11236,880a860603fffff
11237,880ab220e1fffff
11238,880a86b0e7fffff
11239,880ab3c13dfffff
11240,880ab26b21fffff
11241,880ab3732bfffff
11242,880ab30943fffff
11243,880ab3af6dfffff
11244,880a8449d9fffff
11245,880a8685bbfffff
11246,880a86ccc7fffff
11247,880a860a4bfffff
11248,880ab3cc67fffff
11249,880a86018dfffff
11250,880ab306e7fffff
11251,880ab24ed3fffff
11252,88252dd2c7fffff
11253,880ab31167fffff
11254,880ab2c40dfffff
11255,880ab2cee1fffff
11256,880a94b263fffff
11257,880ab24b15fffff
11258,880ab2a163fffff
11259,880ab27299fffff
11260,880ab2c801fffff
11261,880a8448c7fffff
11262,880ab1608dfffff
11263,880ab1699bfffff
11264,880ab2c14dfffff
11265,880ab250a1fffff
11266,880ab375ddfffff
11267,880ab26235fffff
11268,880ab3cadbfffff
11269,880ab22b0bfffff
11270,880ab35853fffff
11271,880ab26521fffff
11272,880ab23299fffff
11273,880ab16e17fffff
11274,880ab3799dfffff
11275,880a86cf6dfffff
11276,880ab2708bfffff
11277,880ab265abfffff
11278,880a86d419fffff
11279,880ab27701fffff
11280,880ab3cad5fffff
11281,880a86aaadfffff
11282,880ab17a2bfffff
11283,880ab28ce7fffff
11284,880ab2290bfffff
11285,880ab3ce15fffff
11286,880a86165bfffff
11287,880ab302adfffff
11288,880ab1694bfffff
11289,880ab2c733fffff
11290,880ab2af21fffff
11291,880a86c41bfffff
11292,880ab24083fffff
11293,880ab2cd6bfffff
11294,880ab2756dfffff
11295,88252d9a35fffff
11296,880a94b04dfffff
11297,880a869517fffff
11298,880ab30357fffff
11299,880ab2d4c1fffff
11300,880ab20addfffff
11301,880a94962bfffff
11302,880ab251d3fffff
11303,880ab33ae3fffff
11304,880a869289fffff
11305,880ab2384bfffff
11306,880ab37a17fffff
11307,880a86a12dfffff
11308,880ab210b5fffff
11309,880ab389d1fffff
11310,880ab37127fffff
11311,880a86d583fffff
11312,880ab2044dfffff
11313,880ab2a025fffff
11314,880ab35525fffff
11315,880ab3b0d1fffff
11316,880a869b1bfffff
11317,880ab34353fffff
11318,880ab20629fffff
11319,880ab30c2bfffff
11320,880ab2a36bfffff
11321,880ab31913fffff
11322,880ab3d855fffff
11323,880ab2b495fffff
11324,880ab229a7fffff
11325,880ab20a17fffff
11326,880ab200a1fffff
11327,880ab355c1fffff
11328,880ab3ce8bfffff
11329,880ab2a091fffff
11330,880a868e6bfffff
11331,880ab231e1fffff
11332,880ab2a4d3fffff
11333,880ab2570dfffff
11334,88252d9667fffff
11335,88252d895bfffff
11336,880ab3ad33fffff
11337,880a949b4bfffff
11338,880ab2ae3bfffff
11339,880ab17a89fffff
11340,880a94940bfffff
11341,880a86c5d7fffff
11342,880a86c287fffff
11343,880ab27ae5fffff
11344,880ab30057fffff
11345,880ab3db57fffff
11346,880a86a181fffff
11347,880ab322abfffff
11348,880ab3a5c9fffff
11349,880ab3d115fffff
11350,880ab321c9fffff
11351,880ab37509fffff
11352,880ab3c317fffff
11353,880a860457fffff
11354,880ab2c26bfffff
11355,880a8601dbfffff
11356,880ab3a169fffff
11357,880ab23857fffff
11358,880ab219e1fffff
11359,880a86942dfffff
11360,880ab3534dfffff
11361,880ab3a631fffff
11362,880ab16e49fffff
11363,88252d996dfffff
11364,880ab2a325fffff
11365,880ab20e09fffff
11366,880a86c6adfffff
11367,880a868841fffff
11368,880ab2433dfffff
11369,880ab22d15fffff
11370,880ab3460bfffff
11371,880ab3ceebfffff
11372,880ab2d0b7fffff
11373,880ab28eadfffff
11374,88252dd2d7fffff
11375,880ab2c1bdfffff
11376,880ab27829fffff
11377,880ab34065fffff
11378,880a86984bfffff
11379,880ab3183dfffff
11380,880ab31517fffff
11381,880ab1600dfffff
11382,880ab32a0bfffff
11383,880ab20a09fffff
11384,880ab2028dfffff
11385,880ab25761fffff
11386,880a868c8bfffff
11387,880ab20511fffff
11388,880ab2d5a7fffff
11389,880ab30727fffff
11390,880ab24549fffff
11391,880a86c9d5fffff
11392,880ab322bdfffff
11393,880ab26a81fffff
11394,880ab21b6bfffff
11395,880ab210abfffff
11396,880ab35105fffff
11397,880ab30b55fffff
11398,880ab2add1fffff
11399,880ab28901fffff
11400,880a8606abfffff
11401,88252dd741fffff
11402,880a868855fffff
11403,880a868527fffff
11404,880ab32331fffff
11405,880ab3b4d9fffff
11406,880a861819fffff
11407,880ab3a63dfffff
11408,880a86d9b7fffff
11409,880ab2a49dfffff
11410,880ab3b587fffff
11411,880a86c313fffff
11412,880a868c99fffff
11413,880ab30349fffff
11414,880ab339edfffff
11415,880a8685ddfffff
11416,880ab26e63fffff
11417,880a869489fffff
11418,880a868e8bfffff
11419,880ab3cf01fffff
11420,880a86060bfffff
11421,880a8600c1fffff
11422,880ab2c967fffff
11423,88252dd743fffff
11424,880ab3c207fffff
11425,880a86d105fffff
11426,880ab33b27fffff
11427,880a8632e9fffff
11428,880ab3aee9fffff
11429,880ab28931fffff
11430,880ab330e9fffff
11431,880ab30c27fffff
11432,880a860501fffff
11433,880ab32719fffff
11434,880ab21115fffff
11435,880ab2d0a9fffff
11436,880ab22d9dfffff
11437,880ab3d851fffff
11438,880a949b51fffff
11439,880a861185fffff
11440,880a86d267fffff
11441,880a86195dfffff
11442,880a9492cdfffff
11443,880ab30d23fffff
11444,880a8449b7fffff
11445,880ab35185fffff
11446,880ab30b33fffff
11447,880ab31a21fffff
11448,880a860627fffff
11449,880a86dacbfffff
11450,880ab3773bfffff
11451,880a94b241fffff
11452,880a86c0c3fffff
11453,880ab265adfffff
11454,880ab32067fffff
11455,880ab2a823fffff
11456,880ab20e5bfffff
11457,880ab30b63fffff
11458,880ab35643fffff
11459,880a86ce49fffff
11460,880ab30957fffff
11461,880a861083fffff
11462,880ab26313fffff
11463,880ab25317fffff
11464,880ab3c6edfffff
11465,880ab2489bfffff
11466,880a949b31fffff
11467,880a86826dfffff
11468,880ab26083fffff
11469,880a844987fffff
11470,880ab202e1fffff
11471,880ab2af11fffff
11472,880ab2a319fffff
11473,880ab2c867fffff
11474,880ab2719bfffff
11475,880ab320b9fffff
11476,880ab2b021fffff
11477,880a863049fffff
11478,880a86d715fffff
11479,880ab21b65fffff
11480,880ab3c55dfffff
11481,880ab16433fffff
11482,880a868545fffff
11483,880ab26ac9fffff
11484,880ab3a0d1fffff
11485,880a948661fffff
11486,880ab218e9fffff
11487,880ab242d3fffff
11488,880a86d409fffff
11489,880a86852dfffff
11490,880ab12dbdfffff
11491,880ab3ae93fffff
11492,880ab3aea1fffff
11493,880a86d08bfffff
11494,880a949741fffff
11495,880ab35163fffff
11496,880a9492d9fffff
11497,880ab3a80bfffff
11498,880ab16cb3fffff
11499,880ab3d991fffff
11500,880a8690d5fffff
11501,880ab2ca55fffff
11502,880a844a05fffff
11503,880ab36217fffff
11504,880ab3daabfffff
11505,880ab35125fffff
11506,880ab3481bfffff
11507,880ab2b9d3fffff
11508,880ab2b089fffff
11509,880ab16809fffff
11510,880ab245d3fffff
11511,880a949b25fffff
11512,880a861219fffff
11513,880ab3ca15fffff
11514,880ab30dedfffff
11515,880a86d539fffff
11516,880a86b31dfffff
11517,880a844881fffff
11518,880ab3ae81fffff
11519,880ab272e9fffff
11520,880ab35639fffff
11521,880ab24b21fffff
11522,880ab2c445fffff
11523,880a86c861fffff
11524,880ab16c1dfffff
11525,880a86d68dfffff
11526,880ab37a59fffff
11527,880ab3d305fffff
11528,880ab3cc19fffff
11529,880ab309e3fffff
11530,880ab326c7fffff
11531,880a844951fffff
11532,880ab218a9fffff
11533,880a869b6dfffff
11534,880ab249b3fffff
11535,88252d9b53fffff
11536,880ab30c1bfffff
11537,880ab3aa09fffff
11538,88252d9801fffff
11539,880ab2a86dfffff
11540,880ab344d5fffff
11541,880a94b03bfffff
11542,880ab30911fffff
11543,880ab30b2bfffff
11544,880ab3a4c3fffff
11545,880ab37047fffff
11546,880ab27095fffff
11547,880ab270c7fffff
11548,880ab2b0d5fffff
11549,880ab3c62bfffff
11550,880ab2aab1fffff
11551,880ab20537fffff
11552,880ab24239fffff
11553,880ab36365fffff
11554,880a868823fffff
11555,88252d9199fffff
11556,880ab3cee1fffff
11557,880ab31105fffff
11558,880a86a10dfffff
11559,880ab270e1fffff
11560,880ab179a9fffff
11561,880ab3c6e1fffff
11562,880ab3ae5bfffff
11563,880ab25587fffff
11564,880a86cb33fffff
11565,880a869a45fffff
11566,880ab2750bfffff
11567,880ab24803fffff
11568,880ab3546bfffff
11569,880ab326b7fffff
11570,880ab37145fffff
11571,880a8691d5fffff
11572,880a8600a5fffff
11573,880a949b43fffff
11574,880ab37709fffff
11575,880ab321dbfffff
11576,880a8610b5fffff
11577,880ab21231fffff
11578,880ab2ce4bfffff
11579,880ab2a8bdfffff
11580,880ab3222bfffff
11581,880ab351b3fffff
11582,88252d8157fffff
11583,880a869a3dfffff
11584,880ab27841fffff
11585,880a8696adfffff
11586,880a86b8e7fffff
11587,880a8695c3fffff
11588,880ab34b6bfffff
11589,880ab31a5dfffff
11590,880ab23a45fffff
11591,880ab16a9dfffff
11592,880ab352bbfffff
11593,880a860a13fffff
11594,880a86dae9fffff
11595,880ab3151bfffff
11596,880ab20931fffff
11597,880a86b909fffff
11598,880ab34167fffff
11599,880a860319fffff
11600,880ab32107fffff
11601,880ab3433dfffff
11602,88252dd663fffff
11603,880ab2014dfffff
11604,880ab3a569fffff
11605,880a861939fffff
11606,880ab33703fffff
11607,880a860341fffff
11608,880ab3a66dfffff
11609,880ab2ace5fffff
11610,880ab25ae3fffff
11611,880ab248c1fffff
11612,880a86563dfffff
11613,880a844f2dfffff
11614,880ab3214bfffff
11615,880a86d337fffff
11616,880a94b2b5fffff
11617,880ab3a8b7fffff
11618,880ab3700dfffff
11619,88252d9749fffff
11620,880ab2393bfffff
11621,880ab2ac85fffff
11622,880ab20839fffff
11623,880a8459b1fffff
11624,880ab3382bfffff
11625,88252d9153fffff
11626,880ab3ac4bfffff
11627,880a94b659fffff
11628,880ab2ac5bfffff
11629,880ab35567fffff
11630,880ab3da95fffff
11631,880ab25205fffff
11632,880ab32133fffff
11633,880a8694a9fffff
11634,880ab22b47fffff
11635,880a868533fffff
11636,880ab340c3fffff
11637,880ab24469fffff
11638,880a86a1c9fffff
11639,880ab30c21fffff
11640,880a86aac9fffff
11641,880ab30701fffff
11642,880ab23ae5fffff
11643,880ab33459fffff
11644,880a86c497fffff
11645,880ab2153dfffff
11646,880a8691a9fffff
11647,880ab2342bfffff
11648,880ab33b47fffff
11649,880ab34343fffff
11650,880a86a9d5fffff
11651,880ab2cf39fffff
11652,880a86b95dfffff
11653,880ab3b4adfffff
11654,880ab3326bfffff
11655,880ab2c615fffff
11656,880ab352a7fffff
11657,880ab33669fffff
11658,880ab32f4bfffff
11659,880a86d321fffff
11660,880a8652d5fffff
11661,880a868cb9fffff
11662,880ab336a7fffff
11663,880ab3cf5bfffff
11664,880a861197fffff
11665,880a86c23bfffff
11666,880ab3d193fffff
11667,880a86d115fffff
11668,880a86c453fffff
11669,880ab32acbfffff
11670,880ab3075dfffff
11671,880ab30ec7fffff
11672,880ab26eabfffff
11673,880ab27a63fffff
11674,880ab22655fffff
11675,880ab3495bfffff
11676,880ab35369fffff
11677,880ab33345fffff
11678,880a8694c1fffff
11679,880ab372b5fffff
11680,880a86c731fffff
11681,880ab2c9ddfffff
11682,880ab26ed9fffff
11683,880a861421fffff
11684,880a86d041fffff
11685,880ab33307fffff
11686,880ab232bdfffff
11687,880ab378adfffff
11688,880ab22e35fffff
11689,880ab24cdbfffff
11690,880a86560bfffff
11691,880ab37205fffff
11692,880ab355cbfffff
11693,880a868817fffff
11694,880ab205e9fffff
11695,880ab31557fffff
11696,88252d98abfffff
11697,880a868363fffff
11698,880ab33555fffff
11699,880a86b069fffff
11700,880ab246b7fffff
11701,880a844859fffff
11702,880ab3b711fffff
11703,880ab3b4b3fffff
11704,880ab25367fffff
11705,880a860369fffff
11706,880ab2a45bfffff
11707,880ab252ebfffff
11708,88252d9807fffff
11709,880ab24033fffff
11710,880ab23597fffff
11711,880ab3d515fffff
11712,880ab37443fffff
11713,880ab275b5fffff
11714,880ab30365fffff
11715,880ab270e7fffff
11716,880ab3030dfffff
11717,880ab24199fffff
11718,880ab30027fffff
11719,880ab3373bfffff
11720,880ab16569fffff
11721,880ab2d4e3fffff
11722,880a861657fffff
11723,880ab2c215fffff
11724,880ab3c6b5fffff
11725,880ab2bb17fffff
11726,880ab23713fffff
11727,880a94d149fffff
11728,880ab24893fffff
11729,880ab2b591fffff
11730,880ab2735dfffff
11731,880ab3c6a3fffff
11732,880a869b4bfffff
11733,880a86b14dfffff
11734,880ab2a751fffff
11735,880ab2083bfffff
11736,880ab3b8e1fffff
11737,880ab35759fffff
11738,880ab246bdfffff
11739,880ab2305bfffff
11740,880ab35653fffff
11741,880a860693fffff
11742,880ab201d9fffff
11743,880a8688a7fffff
11744,880a868345fffff
11745,880a861ad9fffff
11746,880a86c959fffff
11747,88252dd29bfffff
11748,880ab3ae6dfffff
11749,880a869407fffff
11750,880ab16897fffff
11751,880ab2a1ddfffff
11752,880a86873dfffff
11753,880a844b61fffff
11754,880ab25643fffff
11755,880ab3a4d1fffff
11756,880a869b33fffff
11757,880ab3c451fffff
11758,880a8699d7fffff
11759,880ab35b43fffff
11760,880ab244d1fffff
11761,880ab2181bfffff
11762,880ab20ea7fffff
11763,880ab2d68bfffff
11764,880ab2af25fffff
11765,880ab33585fffff
11766,880ab27027fffff
11767,880ab2c1a3fffff
11768,880ab2c56dfffff
11769,880ab16289fffff
11770,880ab24937fffff
11771,880a86da57fffff
11772,880ab24541fffff
11773,880ab3776dfffff
11774,880a94d34bfffff
11775,880a8614ebfffff
11776,880ab1671bfffff
11777,880ab26501fffff
11778,880ab2494dfffff
11779,880ab272a3fffff
11780,880ab26053fffff
11781,880a86a1bdfffff
11782,880ab2a759fffff
11783,880a86c999fffff
11784,880ab3c2dbfffff
11785,880ab2d40bfffff
11786,880a86c641fffff
11787,880ab335a7fffff
11788,880a8689a9fffff
11789,880a9496b1fffff
11790,880a8612cbfffff
11791,88252d9281fffff
11792,880a86d091fffff
11793,880ab34c35fffff
11794,880a861253fffff
11795,880a860609fffff
11796,880a8610b1fffff
11797,88252d9a0bfffff
11798,880ab24927fffff
11799,880ab34c43fffff
11800,880a861757fffff
11801,880a860a99fffff
11802,880a86c265fffff
11803,880ab3c5c9fffff
11804,880ab3d901fffff
11805,880ab2c255fffff
11806,880ab21545fffff
11807,880ab22099fffff
11808,880ab2b49dfffff
11809,880ab211e9fffff
11810,880ab16f0dfffff
11811,880ab20727fffff
11812,880a861a63fffff
11813,880ab26907fffff
11814,880ab2a111fffff
11815,880ab22e03fffff
11816,880ab2483dfffff
11817,880a844a17fffff
11818,880ab2c08bfffff
11819,880a861483fffff
11820,880a94d00bfffff
11821,880ab3a805fffff
11822,880ab21aadfffff
11823,880ab165cdfffff
11824,880a861ae5fffff
11825,880ab16333fffff
11826,880ab3b4a7fffff
11827,880ab3ae29fffff
11828,880ab2606dfffff
11829,880a948619fffff
11830,880a86daedfffff
11831,880a949b23fffff
11832,880ab33a05fffff
11833,880ab24e45fffff
11834,880a844b53fffff
11835,880ab3040dfffff
11836,880ab2ba07fffff
11837,880ab26e05fffff
11838,880ab30a2dfffff
11839,880ab2a8c7fffff
11840,880ab16ee9fffff
11841,880ab1632bfffff
11842,880ab27563fffff
11843,880ab210a1fffff
11844,880ab24345fffff
11845,880ab3c557fffff
11846,880ab3c2ddfffff
11847,880a86a34bfffff
11848,880a868a49fffff
11849,880ab2b58bfffff
11850,880ab37a53fffff
11851,880ab20a69fffff
11852,880ab34e8bfffff
11853,880ab202c1fffff
11854,880ab33a93fffff
11855,880ab32e67fffff
11856,880ab284b3fffff
11857,880ab254b1fffff
11858,880ab3c987fffff
11859,880ab28c6bfffff
11860,880ab16d55fffff
11861,880ab20b25fffff
11862,880ab350cbfffff
11863,880a86d1a9fffff
11864,880ab23a07fffff
11865,880ab2661dfffff
11866,880ab319b7fffff
11867,880ab34f37fffff
11868,880a861a49fffff
11869,880ab3184bfffff
11870,880ab2ce6dfffff
11871,880ab3a92dfffff
11872,880ab2a241fffff
11873,880ab220c5fffff
11874,880a86c899fffff
11875,880ab36205fffff
11876,880a86c439fffff
11877,880ab31993fffff
11878,880ab33aedfffff
11879,880a868691fffff
11880,880a865689fffff
11881,880ab220edfffff
11882,880ab34cedfffff
11883,880ab26719fffff
11884,880ab2a449fffff
11885,88252d9a3dfffff
11886,880ab241dbfffff
11887,880ab2a8d5fffff
11888,880ab3b589fffff
11889,880ab2ae0dfffff
11890,880ab34819fffff
11891,880ab23751fffff
11892,88252cb29bfffff
11893,880ab324d3fffff
11894,880ab3043dfffff
11895,880a860039fffff
11896,880a948663fffff
11897,880a86cac3fffff
11898,880a86c72bfffff
11899,880ab35767fffff
11900,880a8686c1fffff
11901,880ab3a753fffff
11902,880ab3c929fffff
11903,880ab16987fffff
11904,880ab23909fffff
11905,880a86a2a5fffff
11906,880ab34587fffff
11907,880ab25269fffff
11908,880ab16957fffff
11909,880ab1601dfffff
11910,880ab25583fffff
11911,880ab2016bfffff
11912,880ab20341fffff
11913,880ab2b931fffff
11914,880ab275e7fffff
11915,880ab2b5c7fffff
11916,88252d9157fffff
11917,880ab2c9bdfffff
11918,880ab21943fffff
11919,880ab30ea9fffff
11920,880ab2bb5dfffff
11921,880a868c21fffff
11922,88252d89cdfffff
11923,880ab22b59fffff
11924,880ab2c4cbfffff
11925,880ab2b4e7fffff
11926,880ab220ddfffff
11927,880ab21121fffff
11928,880ab26ab3fffff
11929,880ab06925fffff
11930,880a86a041fffff
11931,880ab378e9fffff
11932,880ab34137fffff
11933,880ab28c93fffff
11934,880ab16dd7fffff
11935,880ab214b9fffff
11936,880ab3a603fffff
11937,880ab356a9fffff
11938,880a86cdd1fffff
11939,880ab332dbfffff
11940,880ab35283fffff
11941,880ab2c159fffff
11942,880ab27819fffff
11943,880ab34aedfffff
11944,880ab24ed7fffff
11945,880ab16919fffff
11946,880ab2c5e3fffff
11947,880ab3d30dfffff
11948,880a94d241fffff
11949,880ab2cac7fffff
11950,880ab2a229fffff
11951,880ab26a43fffff
11952,880ab34b57fffff
11953,880ab2162dfffff
11954,880ab35433fffff
11955,880ab3784bfffff
11956,880ab24c01fffff
11957,880a86ba07fffff
11958,880ab35845fffff
11959,880ab239c9fffff
11960,880ab30865fffff
11961,880a869ae9fffff
11962,880ab2cf27fffff
11963,880a868751fffff
11964,880ab069b3fffff
11965,880ab3c1e3fffff
11966,880ab3cdb1fffff
11967,880ab34e4bfffff
11968,880a94b011fffff
11969,880a86c6a9fffff
11970,880ab3c965fffff
11971,880ab3cd9dfffff
11972,880a86cb29fffff
11973,880ab20d69fffff
11974,880ab3aa5dfffff
11975,880ab24115fffff
11976,880ab2b817fffff
11977,880a86a249fffff
11978,880a86ab05fffff
11979,880ab20615fffff
11980,880ab3c45dfffff
11981,880ab2b955fffff
11982,880a86a941fffff
11983,880a86d885fffff
11984,880ab37753fffff
11985,880ab16181fffff
11986,880a8616b3fffff
11987,880ab2af05fffff
11988,880ab3343bfffff
11989,880ab2b957fffff
11990,880ab34f1dfffff
11991,880a86b23dfffff
11992,880ab16a83fffff
11993,880ab2c5cbfffff
11994,880a94b2a7fffff
11995,880ab16083fffff
11996,880ab2549bfffff
11997,880ab23445fffff
11998,880ab2a239fffff
11999,880ab314e3fffff
12000,880a869965fffff
12001,880a861853fffff
12002,880a949b27fffff
12003,880ab23ad3fffff
12004,88252d8a45fffff
12005,880a868013fffff
12006,880ab20681fffff
12007,880a8689bbfffff
12008,880ab16c89fffff
12009,880ab262adfffff
12010,880a86b309fffff
12011,880a86ad21fffff
12012,880ab350e1fffff
12013,880ab3ced3fffff
12014,880a86c651fffff
12015,880ab226e7fffff
12016,880ab21b61fffff
12017,880a861183fffff
12018,880ab2b1c9fffff
12019,88252d8309fffff
12020,880a86a94dfffff
12021,88252d9813fffff
12022,880a86a359fffff
12023,880ab340b9fffff
12024,880ab3b9d9fffff
12025,880ab22e97fffff
12026,880ab30097fffff
12027,880ab22267fffff
12028,880ab35929fffff
12029,880ab26eb9fffff
12030,880ab2ce95fffff
12031,880ab3c699fffff
12032,880a844b35fffff
12033,880ab32657fffff
12034,880ab22b09fffff
12035,880ab2268bfffff
12036,880ab171b3fffff
12037,880ab2634bfffff
12038,880ab335ebfffff
12039,880ab284b5fffff
12040,880ab275e3fffff
12041,880ab2c713fffff
12042,880ab24333fffff
12043,880ab3723dfffff
12044,880ab214c7fffff
12045,880ab3188dfffff
12046,880ab27a65fffff
12047,880a8681e9fffff
12048,880ab33707fffff
12049,880a86d6c7fffff
12050,88252d9913fffff
12051,880a861611fffff
12052,880ab2472bfffff
12053,880ab2a0ddfffff
12054,880ab200c3fffff
12055,880ab216c3fffff
12056,880ab33a35fffff
12057,880ab3750dfffff
12058,880ab2bac5fffff
12059,880a94b29dfffff
12060,880a86b061fffff
12061,880a86d999fffff
12062,880ab37495fffff
12063,880ab2a9d3fffff
12064,880a8616abfffff
12065,880ab24a99fffff
12066,880a86d863fffff
12067,880a86d147fffff
12068,880ab25467fffff
12069,880ab25327fffff
12070,880ab34addfffff
12071,88252d9b49fffff
12072,880ab3573bfffff
12073,880ab3cb17fffff
12074,880ab0692bfffff
12075,880a949439fffff
12076,880a860655fffff
12077,880ab33351fffff
12078,880ab23911fffff
12079,880a86c623fffff
12080,880ab37ad3fffff
12081,880ab3a4dbfffff
12082,880ab35627fffff
12083,88252cb70bfffff
12084,880ab22817fffff
12085,880a868f53fffff
12086,880a869419fffff
12087,880ab3d1bbfffff
12088,880ab06955fffff
12089,880ab25339fffff
12090,880a869235fffff
12091,880ab22735fffff
12092,880ab2b2b1fffff
12093,880a86ce6dfffff
12094,880a86d63bfffff
12095,880ab3585bfffff
12096,880ab32ab7fffff
12097,880ab160e1fffff
12098,880a86cddbfffff
12099,880ab230a5fffff
12100,880ab17aa9fffff
12101,880ab26e07fffff
12102,880ab35725fffff
12103,880ab35415fffff
12104,880ab316bdfffff
12105,880ab2ba4dfffff
12106,880ab33087fffff
12107,880a869821fffff
12108,880ab33091fffff
12109,880a948767fffff
12110,880ab35755fffff
12111,880ab3320dfffff
12112,88252d8b49fffff
12113,880ab2b5ddfffff
12114,880ab35ab1fffff
12115,880a86ab23fffff
12116,880ab37413fffff
12117,880ab3c015fffff
12118,880a86c6b1fffff
12119,880a86b185fffff
12120,880ab162dbfffff
12121,880ab2c0a3fffff
12122,880ab2cecbfffff
12123,880ab2ad93fffff
12124,880ab3c195fffff
12125,880ab22dc9fffff
12126,880ab320ebfffff
12127,880ab2171dfffff
12128,880ab26c13fffff
12129,880ab274e9fffff
12130,88252cb625fffff
12131,880ab20c05fffff
12132,880ab20aebfffff
12133,880ab2012bfffff
12134,880a861501fffff
12135,880a86134dfffff
12136,880ab3158dfffff
12137,880ab27489fffff
12138,880ab2c559fffff
12139,880ab37b07fffff
12140,880ab2d119fffff
12141,880a94b28bfffff
12142,880ab208c7fffff
12143,880ab22723fffff
12144,880ab31aa1fffff
12145,880ab314d7fffff
12146,880ab37441fffff
12147,880ab20499fffff
12148,880ab3c4d1fffff
12149,880a86d447fffff
12150,880a869423fffff
12151,880ab2211bfffff
12152,880a86baabfffff
12153,880ab2c1b3fffff
12154,880a8600a3fffff
12155,880ab16c3dfffff
12156,880a860357fffff
12157,880a86ceddfffff
12158,880ab2bb0dfffff
12159,880ab26ec1fffff
12160,880ab2c73dfffff
12161,880ab3001dfffff
12162,880ab3d825fffff
12163,880ab26305fffff
12164,880a868693fffff
12165,880ab2cdb1fffff
12166,880ab37037fffff
12167,880ab3a091fffff
12168,880ab069b9fffff
12169,880ab3626dfffff
12170,880ab22a69fffff
12171,880ab27ad7fffff
12172,880ab3d267fffff
12173,880ab27469fffff
12174,880ab35187fffff
12175,880ab3ae9bfffff
12176,880ab345e1fffff
12177,880ab3764bfffff
12178,880ab2a617fffff
12179,880ab20943fffff
12180,880ab244e9fffff
12181,880ab27531fffff
12182,880a86bab7fffff
12183,880ab2316bfffff
12184,880a860241fffff
12185,880ab34cd5fffff
12186,880ab2cd4bfffff
12187,880ab2218bfffff
12188,880ab33b55fffff
12189,880a863159fffff
12190,880ab30585fffff
12191,880ab25283fffff
12192,880ab2658dfffff
12193,880ab225abfffff
12194,880ab2b0a1fffff
12195,880ab3a907fffff
12196,880a8696b1fffff
12197,880ab20e4dfffff
12198,880ab24a59fffff
12199,880ab27019fffff
12200,880ab212b3fffff
12201,880ab26287fffff
12202,880ab268d3fffff
12203,880a86d2abfffff
12204,880ab16cedfffff
12205,880ab26515fffff
12206,880a86c0bbfffff
12207,880ab37b2bfffff
12208,880a86d01dfffff
12209,880ab2c853fffff
12210,880a868d05fffff
12211,880ab2b0dbfffff
12212,880ab2c197fffff
12213,880ab30f41fffff
12214,880a86bac7fffff
12215,880a86b80bfffff
12216,880a86c2cbfffff
12217,880ab37751fffff
12218,880ab306e5fffff
12219,880ab2d1c7fffff
12220,880ab2a8c9fffff
12221,880a860619fffff
12222,880a869433fffff
12223,880a86c71bfffff
12224,880ab2b5cbfffff
12225,88252d8b1dfffff
12226,880ab35a2dfffff
12227,880ab304c1fffff
12228,880a861287fffff
12229,880a86d8c9fffff
12230,880ab28c11fffff
12231,880ab171adfffff
12232,880a86d561fffff
12233,880a86ba0bfffff
12234,880ab3d1d3fffff
12235,880ab3b9abfffff
12236,880ab30f13fffff
12237,880ab334d1fffff
12238,880a949769fffff
12239,880ab21007fffff
12240,880ab25045fffff
12241,880a861713fffff
12242,880a865653fffff
12243,880a8611e9fffff
12244,880ab27625fffff
12245,880ab35709fffff
12246,880ab374ddfffff
12247,880a86914bfffff
12248,880a86868bfffff
12249,880a845925fffff
12250,880ab3c409fffff
12251,880a86d501fffff
12252,880ab33713fffff
12253,880ab179adfffff
12254,880a868b39fffff
12255,880ab34b2dfffff
12256,880ab3052dfffff
12257,880a86a209fffff
12258,880ab25297fffff
12259,880ab34ca9fffff
12260,880ab22601fffff
12261,880ab209a9fffff
12262,880ab25295fffff
12263,880ab26341fffff
12264,880ab3cce3fffff
12265,880a868035fffff
12266,880ab2371bfffff
12267,880ab3c435fffff
12268,880ab2b54dfffff
12269,880ab30e81fffff
12270,880ab23105fffff
12271,880a86106dfffff
12272,880a860565fffff
12273,880ab3aee7fffff
12274,880a86d22dfffff
12275,880ab166adfffff
12276,880ab31b25fffff
12277,880ab35451fffff
12278,880ab30db3fffff
12279,880ab26e45fffff
12280,880ab34869fffff
12281,880ab3ae83fffff
12282,880ab3a007fffff
12283,880ab304b1fffff
12284,880ab35765fffff
12285,880ab3b40bfffff
12286,880ab31121fffff
12287,880ab2aa63fffff
12288,880ab3ad45fffff
12289,880ab2a169fffff
12290,880ab2456bfffff
12291,880ab374d1fffff
12292,880a86a027fffff
12293,880ab35b67fffff
12294,880ab34f59fffff
12295,880a8685abfffff
12296,880ab20359fffff
12297,880ab2a34bfffff
12298,880ab1661bfffff
12299,880a868a13fffff
12300,880ab32a51fffff
12301,880ab30021fffff
12302,880a8448bdfffff
12303,880ab33a9dfffff
12304,880ab24b2bfffff
12305,880a86c1a1fffff
12306,880a868e3dfffff
12307,880ab319c5fffff
12308,880ab2b127fffff
12309,880ab16d95fffff
12310,880a86c541fffff
12311,880ab271d1fffff
12312,880ab20b31fffff
12313,880ab3010bfffff
12314,880ab22487fffff
12315,880a86cae9fffff
12316,880a94934bfffff
12317,880a860185fffff
12318,880ab2c053fffff
12319,880a869215fffff
12320,880ab22023fffff
12321,880ab256d7fffff
12322,880ab14da3fffff
12323,880ab2632bfffff
12324,880ab16ed9fffff
12325,880ab2ada1fffff
12326,880ab242e5fffff
12327,880a86d6c5fffff
12328,880ab25681fffff
12329,880ab27617fffff
12330,880ab21587fffff
12331,880ab16db3fffff
12332,880a86108bfffff
12333,880ab26315fffff
12334,880a86d82dfffff
12335,880a869aa5fffff
12336,880ab30e0bfffff
12337,880a86d25dfffff
12338,880ab20f43fffff
12339,880ab32139fffff
12340,880a86b901fffff
12341,880a94d119fffff
12342,880ab342d3fffff
12343,880ab2402dfffff
12344,880ab179ebfffff
12345,880ab3a807fffff
12346,880ab26a89fffff
12347,880ab2cd39fffff
12348,880a86cf47fffff
12349,880ab3042dfffff
12350,880a86bb21fffff
12351,880a8614d9fffff
12352,880ab272b3fffff
12353,880ab3390bfffff
12354,880ab3c55bfffff
12355,880ab305e3fffff
12356,880ab20a9dfffff
12357,880a86c811fffff
12358,880ab338d9fffff
12359,880ab17aa7fffff
12360,880ab30ae5fffff
12361,880ab21323fffff
12362,880a868093fffff
12363,880a861815fffff
12364,880ab26041fffff
12365,880ab22f49fffff
12366,880ab27965fffff
12367,880ab129e7fffff
12368,880a86c36bfffff
12369,880ab21933fffff
12370,88252d8305fffff
12371,88252d8129fffff
12372,880a86d4dbfffff
12373,880a86c167fffff
12374,880ab34e45fffff
12375,880a868453fffff
12376,880a861913fffff
12377,880ab33717fffff
12378,880ab276abfffff
12379,880a86d135fffff
12380,880ab30299fffff
12381,880a8600dbfffff
12382,880ab34465fffff
12383,880ab26ab7fffff
12384,880ab2cdadfffff
12385,880ab255abfffff
12386,880a86310bfffff
12387,880ab22c15fffff
12388,880ab210ebfffff
12389,880a86b8e1fffff
12390,880ab175a5fffff
12391,880ab30815fffff
12392,880a860149fffff
12393,880a86ad45fffff
12394,880ab32055fffff
12395,880ab3b42bfffff
12396,880ab3462bfffff
12397,880ab2c421fffff
12398,880a86c8c5fffff
12399,880ab34b11fffff
12400,880ab211b7fffff
12401,880ab3893dfffff
12402,880a868ad3fffff
12403,880ab24ae5fffff
12404,880ab161e1fffff
12405,880ab06d61fffff
12406,880ab2a137fffff
12407,880ab3da93fffff
12408,880ab2246dfffff
12409,880ab2634dfffff
12410,880a868e85fffff
12411,880ab3c5a3fffff
12412,880a86c5c5fffff
12413,880a86c033fffff
12414,880ab3cb57fffff
12415,880ab3b5d3fffff
12416,880ab23489fffff
12417,880ab22937fffff
12418,880a94b451fffff
12419,880ab220abfffff
12420,880ab260cdfffff
12421,880ab22d39fffff
12422,880a8680b1fffff
12423,880ab27b3dfffff
12424,880a844d6bfffff
12425,880ab30d0dfffff
12426,880ab22251fffff
12427,880ab24753fffff
12428,880ab21a99fffff
12429,880ab2cf5bfffff
12430,880a869839fffff
12431,880ab24155fffff
12432,880ab37919fffff
12433,880ab352abfffff
12434,880a8695b7fffff
12435,880ab33219fffff
12436,880a8612bbfffff
12437,880ab2a94dfffff
12438,880a860009fffff
12439,880ab2263dfffff
12440,880ab34989fffff
12441,880a949553fffff
12442,880ab26eb7fffff
12443,880ab3ca07fffff
12444,880ab30c29fffff
12445,880a9494dbfffff
12446,880ab23889fffff
12447,880ab2bb05fffff
12448,880ab2b181fffff
12449,880ab3a117fffff
12450,880a860b57fffff
12451,880ab24513fffff
12452,880ab25a81fffff
12453,880a86899dfffff
12454,880ab37a8bfffff
12455,880ab246c9fffff
12456,880ab3a093fffff
12457,880ab35829fffff
12458,880a86892dfffff
12459,880a86cd67fffff
12460,88252d98ddfffff
12461,880ab27a23fffff
12462,880ab302b1fffff
12463,880ab2101bfffff
12464,880ab22a2bfffff
12465,880ab27689fffff
12466,880a869637fffff
12467,880a86d107fffff
12468,880ab3766dfffff
12469,880ab3d1bdfffff
12470,880ab129b1fffff
12471,880ab35351fffff
12472,88252d9897fffff
12473,880ab37653fffff
12474,880ab14da5fffff
12475,880ab225ddfffff
12476,880ab2cd85fffff
12477,880ab32097fffff
12478,880a86c0a1fffff
12479,880ab27529fffff
12480,880ab22755fffff
12481,880ab202edfffff
12482,880ab220b1fffff
12483,880a86314bfffff
12484,880a86a80bfffff
12485,880ab24751fffff
12486,880a861093fffff
12487,880ab24d09fffff
12488,880ab32739fffff
12489,880ab330d1fffff
12490,880ab3aeb7fffff
12491,880ab35a15fffff
12492,880ab22483fffff
12493,880ab16003fffff
12494,880ab2c6e3fffff
12495,880ab2004dfffff
12496,880ab2a345fffff
12497,880a86d801fffff
12498,880ab3749bfffff
12499,880a86b9c7fffff
12500,880ab33033fffff
12501,880ab206d9fffff
12502,880a86d327fffff
12503,88252d8b0dfffff
12504,880ab35305fffff
12505,880ab24141fffff
12506,880ab2c9e7fffff
12507,880ab27483fffff
12508,880ab3345bfffff
12509,880ab169b5fffff
12510,880ab2311dfffff
12511,880ab35899fffff
12512,880ab30411fffff
12513,880ab165a3fffff
12514,880ab2aa67fffff
12515,880a949639fffff
12516,880ab3a955fffff
12517,880a86c907fffff
12518,880ab27b69fffff
12519,880a86cc57fffff
12520,880a86912dfffff
12521,880a86d849fffff
12522,880ab21893fffff
12523,880ab332abfffff
12524,880ab27427fffff
12525,880ab33b41fffff
12526,880a86c507fffff
12527,880ab261e5fffff
12528,880ab219a3fffff
12529,880a863321fffff
12530,880ab261abfffff
12531,880ab27355fffff
12532,880a868991fffff
12533,880ab261d1fffff
12534,880a86ced1fffff
12535,880ab31b45fffff
12536,880a868a45fffff
12537,880ab2c129fffff
12538,880ab2aecbfffff
12539,880ab3cf15fffff
12540,88252d9b55fffff
12541,880ab2b597fffff
12542,880a86b28dfffff
12543,880ab3cf67fffff
12544,880ab30103fffff
12545,880a8694a1fffff
12546,880ab220c1fffff
12547,880ab3d923fffff
12548,880ab3c73bfffff
12549,880ab346e1fffff
12550,880ab20083fffff
12551,880ab244bdfffff
12552,880ab235c9fffff
12553,880ab1625dfffff
12554,880ab27895fffff
12555,880ab20a45fffff
12556,880ab2c6c1fffff
12557,880ab346c7fffff
12558,880ab16ac1fffff
12559,880ab16495fffff
12560,880ab34e01fffff
12561,880a86d259fffff
12562,880a86da41fffff
12563,880ab22cdbfffff
12564,880ab20361fffff
12565,880ab3c06bfffff
12566,880a868317fffff
12567,880a86aad7fffff
12568,880ab2b59dfffff
12569,880ab30e07fffff
12570,880ab2b8a1fffff
12571,880ab2af39fffff
12572,880a86122dfffff
12573,880ab2244dfffff
12574,880ab244bbfffff
12575,880ab27415fffff
12576,880ab20abbfffff
12577,880ab23685fffff
12578,880ab2a2ddfffff
12579,880a868465fffff
12580,880ab33541fffff
12581,880ab23141fffff
12582,880ab3a821fffff
12583,880ab266cdfffff
12584,880ab34509fffff
12585,880ab3000dfffff
12586,880ab25231fffff
12587,880ab314a3fffff
12588,880ab3d995fffff
12589,880ab24855fffff
12590,880a94b235fffff
12591,880ab28f17fffff
12592,880a86d899fffff
12593,880a86193bfffff
12594,880ab3086dfffff
12595,880a86b94bfffff
12596,880ab23155fffff
12597,880ab266b3fffff
12598,880ab3d953fffff
12599,880ab20667fffff
12600,880ab24d85fffff
12601,880ab14d83fffff
12602,880ab3ce9dfffff
12603,880ab3399dfffff
12604,88252d91ddfffff
12605,88252d8361fffff
12606,880a8680d7fffff
12607,880ab2d5adfffff
12608,88252dd2c3fffff
12609,880ab22e21fffff
12610,880ab2119dfffff
12611,880ab20d89fffff
12612,880ab334a9fffff
12613,880ab32b03fffff
12614,880a860017fffff
12615,880ab24e53fffff
12616,880ab24747fffff
12617,880ab2518dfffff
12618,880ab35739fffff
12619,880ab2b9cdfffff
12620,880a86c505fffff
12621,880a8448ebfffff
12622,880a86c6cdfffff
12623,880ab379e1fffff
12624,880a949449fffff
12625,880ab2589bfffff
12626,880ab2ae35fffff
12627,880ab271e9fffff
12628,880ab302d7fffff
12629,880ab336c5fffff
12630,880a860303fffff
12631,880ab2a2a3fffff
12632,880ab32687fffff
12633,880a86d5c9fffff
12634,880ab22d31fffff
12635,880ab3189bfffff
12636,880a869211fffff
12637,880ab35481fffff
12638,880a86c6b7fffff
12639,880a86d705fffff
12640,880a861187fffff
12641,880ab31055fffff
12642,88252d8955fffff
12643,880ab3cb53fffff
12644,880a86522dfffff
12645,880a86c8d9fffff
12646,880ab16b51fffff
12647,880a86872dfffff
12648,880ab244e1fffff
12649,88252d8851fffff
12650,880ab26895fffff
12651,880ab16011fffff
12652,880a868927fffff
12653,880a94b00dfffff
12654,880a94d353fffff
12655,880ab2d509fffff
12656,880ab26d57fffff
12657,880ab212d1fffff
12658,880ab3795bfffff
12659,880ab3aec1fffff
12660,880ab30135fffff
12661,880a86a113fffff
12662,880ab270edfffff
12663,880ab30a21fffff
12664,880a86b201fffff
12665,880ab168d3fffff
12666,880a861745fffff
12667,880ab22a9bfffff
12668,880ab3152bfffff
12669,880ab34457fffff
12670,880ab2204dfffff
12671,880ab30245fffff
12672,880ab3130bfffff
12673,880a86b817fffff
12674,880ab24923fffff
12675,880a86ba47fffff
12676,880a86d659fffff
12677,880ab218b3fffff
12678,880ab336b5fffff
12679,880ab24167fffff
12680,880ab2aea9fffff
12681,880ab16ad7fffff
12682,880ab27307fffff
12683,880a86035dfffff
12684,880ab3cc2dfffff
12685,880a8449b5fffff
12686,880ab16559fffff
12687,880a860217fffff
12688,880ab304b3fffff
12689,880ab2273bfffff
12690,880ab356b7fffff
12691,880a868531fffff
12692,880ab32a47fffff
12693,880ab3004bfffff
12694,880a868c43fffff
12695,880ab30857fffff
12696,880ab229ebfffff
12697,880ab240e7fffff
12698,880ab16501fffff
12699,880ab3d347fffff
12700,880ab2cc6dfffff
12701,880a94b747fffff
12702,880ab27acdfffff
12703,880ab2ba17fffff
12704,880ab2bab7fffff
12705,880a869b11fffff
12706,880ab2665dfffff
12707,880ab22d93fffff
12708,880a86123dfffff
12709,88252dd693fffff
12710,880ab2b515fffff
12711,880ab34101fffff
12712,880a869947fffff
12713,880ab20a29fffff
12714,880ab25ad7fffff
12715,880a86db67fffff
12716,880ab16123fffff
12717,880a86a223fffff
12718,880ab22e51fffff
12719,880a8448edfffff
12720,880a86c101fffff
12721,880ab31035fffff
12722,880a86d855fffff
12723,880ab3a687fffff
12724,880ab32101fffff
12725,880a868f4bfffff
12726,880a860a19fffff
12727,880a86a131fffff
12728,880a86d9adfffff
12729,880ab2cdedfffff
12730,880a94952dfffff
12731,880a8632cbfffff
12732,88252d91a3fffff
12733,880a868431fffff
12734,880ab219a5fffff
12735,880ab226d5fffff
12736,880ab35991fffff
12737,880a861915fffff
12738,880ab3199bfffff
12739,880ab33321fffff
12740,880ab2b8d9fffff
12741,880ab2b147fffff
12742,880ab3d13bfffff
12743,880ab3a645fffff
12744,880a86a891fffff
12745,880ab3db11fffff
12746,880ab2bb53fffff
12747,880ab3a017fffff
12748,880ab346cbfffff
12749,880ab2a1e5fffff
12750,880ab26ce3fffff
12751,880ab33557fffff
12752,880ab3cf13fffff
12753,880a86ce69fffff
12754,880ab2604bfffff
12755,880ab23693fffff
12756,88252dd291fffff
12757,880a9482b3fffff
12758,880ab2b959fffff
12759,880ab25617fffff
12760,880ab3c367fffff
12761,880a86c025fffff
12762,880ab305d9fffff
12763,880ab20ee7fffff
12764,880a86b031fffff
12765,880ab3385bfffff
12766,880ab352b9fffff
12767,880ab37163fffff
12768,880ab2a8b5fffff
12769,880a86866dfffff
12770,880ab2435bfffff
12771,880a86a26bfffff
12772,880ab35a13fffff
12773,880ab2a33dfffff
12774,880ab34733fffff
12775,880ab3c05dfffff
12776,880ab26a5bfffff
12777,880a8691c3fffff
12778,880ab2293dfffff
12779,880a94d335fffff
12780,880a86af07fffff
12781,880ab27003fffff
12782,880ab2b0e1fffff
12783,880ab249e5fffff
12784,880ab26e13fffff
12785,880ab34533fffff
12786,880a865611fffff
12787,880ab308c1fffff
12788,880ab20a81fffff
12789,880a949a6dfffff
12790,880ab345dbfffff
12791,880ab32455fffff
12792,880a86ce29fffff
12793,880ab2d115fffff
12794,880ab26d87fffff
12795,880ab2aab9fffff
12796,880ab20e35fffff
12797,880ab069c1fffff
12798,880ab26ed5fffff
12799,880ab32351fffff
12800,880ab3234dfffff
12801,880ab306cbfffff
12802,880ab34463fffff
12803,880a86c46dfffff
12804,880ab30945fffff
12805,880ab165edfffff
12806,880ab34597fffff
12807,880ab301d9fffff
12808,880ab264c7fffff
12809,880ab2a5d1fffff
12810,880ab3b5ddfffff
12811,880ab3cd61fffff
12812,880ab17a57fffff
12813,880ab262a5fffff
12814,880ab322bbfffff
12815,880ab204d7fffff
12816,880ab34563fffff
12817,880ab31a83fffff
12818,880ab22617fffff
12819,880ab37887fffff
12820,880ab16ee5fffff
12821,880ab2a54dfffff
12822,880a868e99fffff
12823,880a86c601fffff
12824,880ab3d811fffff
12825,880ab3c4b7fffff
12826,880ab2c11dfffff
12827,880a94d025fffff
12828,880ab2a2a1fffff
12829,880a865657fffff
12830,880a86c96dfffff
12831,880ab3b6b7fffff
12832,880ab23a8dfffff
12833,880ab2d4b1fffff
12834,880ab2cd69fffff
12835,880ab33605fffff
12836,880ab25589fffff
12837,880ab34735fffff
12838,880a94d30dfffff
12839,880a86d261fffff
12840,880ab264c1fffff
12841,880ab06987fffff
12842,880ab2c75bfffff
12843,880a8616a9fffff
12844,880a869527fffff
12845,880ab32031fffff
12846,880a86daabfffff
12847,880ab27aa5fffff
12848,880ab2cdb3fffff
12849,880a86818bfffff
12850,880ab3b5d9fffff
12851,880ab3cc9dfffff
12852,880ab2172dfffff
12853,880ab26091fffff
12854,880ab3c59dfffff
12855,880ab23635fffff
12856,880ab161b3fffff
12857,880a868591fffff
12858,880ab34657fffff
12859,880a868321fffff
12860,880ab28eb7fffff
12861,880a94b031fffff
12862,880a869689fffff
12863,880ab3b4e3fffff
12864,880ab2159dfffff
12865,880ab2753bfffff
12866,880ab2b04bfffff
12867,880ab3406dfffff
12868,880ab27301fffff
12869,880ab26613fffff
12870,880a844b69fffff
12871,880ab34db3fffff
12872,880ab2c9c9fffff
12873,880a94d151fffff
12874,880ab22561fffff
12875,880ab24497fffff
12876,880a868589fffff
12877,880ab221cdfffff
12878,880ab239c7fffff
12879,880a868913fffff
12880,880ab3addbfffff
12881,880a86d965fffff
12882,880ab2a0a5fffff
12883,880ab284b1fffff
12884,880ab20b43fffff
12885,88252dd2d5fffff
12886,880ab316d1fffff
12887,880ab34c55fffff
12888,880ab2aa01fffff
12889,880ab350dbfffff
12890,88252dd651fffff
12891,880ab285bdfffff
12892,880ab3310dfffff
12893,880ab22a49fffff
12894,880ab20e65fffff
12895,88252dd74bfffff
12896,880ab22637fffff
12897,880ab3532dfffff
12898,880ab2412bfffff
12899,880ab1783dfffff
12900,880ab30663fffff
12901,880ab16617fffff
12902,880ab3a1b1fffff
12903,880ab16b3dfffff
12904,880a94d209fffff
12905,880ab2c001fffff
12906,880a8689cdfffff
12907,880ab34d25fffff
12908,880ab28b21fffff
12909,880ab17aa1fffff
12910,880ab27b05fffff
12911,880ab33029fffff
12912,880a94b761fffff
12913,880ab20507fffff
12914,880ab37907fffff
12915,880a86b99dfffff
12916,880ab3c1d9fffff
12917,880ab2b0cbfffff
12918,880ab35b31fffff
12919,880ab24e9dfffff
12920,880a86d359fffff
12921,880ab34619fffff
12922,88252d98cbfffff
12923,880ab2cd19fffff
12924,88252d8351fffff
12925,880ab2c565fffff
12926,880ab2c403fffff
12927,88252d966dfffff
12928,880ab35587fffff
12929,880ab256a3fffff
12930,880ab32069fffff
12931,880ab22315fffff
12932,880ab2c2c3fffff
12933,880ab25123fffff
12934,880ab2c2cdfffff
12935,880a86b0c1fffff
12936,880ab338a9fffff
12937,880ab28d1dfffff
12938,880a865669fffff
12939,880a86c1d9fffff
12940,880ab24b0dfffff
12941,880a861605fffff
12942,880ab2c451fffff
12943,880a86c615fffff
12944,880ab28d31fffff
12945,880ab2b90bfffff
12946,880a8682b9fffff
12947,880a94b4ddfffff
12948,880ab208c5fffff
12949,880ab3b815fffff
12950,880ab275e9fffff
12951,880ab2786bfffff
12952,880ab23949fffff
12953,880ab22acbfffff
12954,880ab37005fffff
12955,880ab2cd1dfffff
12956,880ab27139fffff
12957,880ab200b7fffff
12958,880ab2c9ebfffff
12959,880a86b9b5fffff
12960,880a861a39fffff
12961,880ab161cbfffff
12962,880ab3cb5dfffff
12963,880ab26681fffff
12964,880ab306d3fffff
12965,880ab341cbfffff
12966,880ab2c9a3fffff
12967,880ab22851fffff
12968,880ab374e1fffff
12969,880ab2d503fffff
12970,880ab31369fffff
12971,880ab2cac1fffff
12972,880ab2ade5fffff
12973,880ab30723fffff
12974,880ab2a9edfffff
12975,880ab31315fffff
12976,880ab3ad51fffff
12977,880ab2ac91fffff
12978,880ab33a63fffff
12979,880ab200e1fffff
12980,880ab318c9fffff
12981,880ab2490dfffff
12982,880ab33453fffff
12983,880ab2bb6dfffff
12984,880ab23b21fffff
12985,880ab2cc97fffff
12986,880a86d2d1fffff
12987,880ab20459fffff
12988,880ab2d681fffff
12989,880ab22cbbfffff
12990,880ab2b049fffff
12991,880ab21713fffff
12992,880ab23a61fffff
12993,880ab17855fffff
12994,880ab356c1fffff
12995,880ab16ebbfffff
12996,880ab34f4dfffff
12997,880ab260d9fffff
12998,880ab32aa9fffff
12999,880ab16d05fffff
13000,880ab2c0bbfffff
13001,880a868005fffff
13002,880ab3ce99fffff
13003,880ab249cbfffff
13004,880ab2ca81fffff
13005,880ab23a01fffff
13006,880ab2cc59fffff
13007,880ab348e7fffff
13008,880ab24237fffff
13009,880a86325bfffff
13010,880ab27703fffff
13011,880a868f0bfffff
13012,880ab23301fffff
13013,880ab26b3bfffff
13014,880a861405fffff
13015,880ab31a23fffff
13016,880ab2b137fffff
13017,88252d993dfffff
13018,880a86024dfffff
13019,880a860765fffff
13020,880a861619fffff
13021,880ab332c1fffff
13022,880a86c51dfffff
13023,880ab35223fffff
13024,880a86b2e5fffff
13025,880ab2b0c7fffff
13026,880ab3235bfffff
13027,880ab31313fffff
13028,880ab21265fffff
13029,880a869549fffff
13030,880a86535bfffff
13031,880a86cd19fffff
13032,880ab206adfffff
13033,880ab28ee7fffff
13034,880a8619b5fffff
13035,880a86a8d9fffff
13036,880ab3b413fffff
13037,880ab3a73bfffff
13038,880ab26c21fffff
13039,880ab36351fffff
13040,880a9494c7fffff
13041,880ab2a70bfffff
13042,880ab26d81fffff
13043,880ab2b557fffff
13044,880ab2d529fffff
13045,880ab2d55bfffff
13046,880a86011bfffff
13047,880ab3a051fffff
13048,880ab212c3fffff
13049,880ab379ddfffff
13050,880ab37129fffff
13051,880a949755fffff
13052,880ab3da6dfffff
13053,880ab309d5fffff
13054,880ab3b749fffff
13055,88252cb709fffff
13056,880a94b467fffff
13057,880ab3b2d3fffff
13058,880a861067fffff
13059,880ab20a07fffff
13060,880ab23715fffff
13061,880ab2b06bfffff
13062,880a868f17fffff
13063,880ab3ca27fffff
13064,880ab2325bfffff
13065,880ab26655fffff
13066,880ab30987fffff
13067,880a86daebfffff
13068,880a86c459fffff
13069,88252d8913fffff
13070,880ab34437fffff
13071,880a86b0ebfffff
13072,880ab2c4d9fffff
13073,880ab201cbfffff
13074,880a86c443fffff
13075,880ab27353fffff
13076,880ab3060dfffff
13077,880ab35559fffff
13078,880ab2c839fffff
13079,880ab2a0c1fffff
13080,880ab3180dfffff
13081,880ab34f23fffff
13082,880a8682d1fffff
13083,880ab3b2bbfffff
13084,880ab34ec9fffff
13085,880ab21803fffff
13086,880ab24641fffff
13087,880a86b8ddfffff
13088,880ab34c1bfffff
13089,880ab27729fffff
13090,880ab35441fffff
13091,880ab35a35fffff
13092,880ab336c3fffff
13093,880a869505fffff
13094,880ab30e15fffff
13095,880ab2acc7fffff
13096,88252d9a07fffff
13097,880a863363fffff
13098,880ab28d6bfffff
13099,880a861427fffff
13100,880a861117fffff
13101,880ab34451fffff
13102,88252d8825fffff
13103,880ab219c9fffff
13104,880ab229d1fffff
13105,880ab22203fffff
13106,880ab16cc1fffff
13107,880ab229d7fffff
13108,880ab2ae8dfffff
13109,880ab37695fffff
13110,880ab26169fffff
13111,88252d8ac5fffff
13112,880ab34e5dfffff
13113,880a94d06dfffff
13114,880a86d2c9fffff
13115,880ab35b5bfffff
13116,880ab2aee1fffff
13117,880ab3a08bfffff
13118,880ab355a9fffff
13119,880ab3388dfffff
13120,880ab27505fffff
13121,880a86b249fffff
13122,880ab30b37fffff
13123,880ab37453fffff
13124,88252d9a05fffff
13125,880a8656c3fffff
13126,880ab32157fffff
13127,880ab2b983fffff
13128,88252d804dfffff
13129,880ab2b529fffff
13130,880ab2465dfffff
13131,880ab22443fffff
13132,880ab2c695fffff
13133,880ab2a2e5fffff
13134,880a86ab67fffff
13135,880ab2c9b1fffff
13136,880a861b01fffff
13137,880a86c087fffff
13138,880ab32653fffff
13139,880ab2c85bfffff
13140,880ab23aa1fffff
13141,880ab2bae5fffff
13142,880ab3159bfffff
13143,880ab328cbfffff
13144,880ab162a3fffff
13145,880ab34023fffff
13146,880ab27745fffff
13147,880ab2a583fffff
13148,880ab35523fffff
13149,880ab30e49fffff
13150,880ab20c8bfffff
13151,880ab37755fffff
13152,880a8602e3fffff
13153,880ab068a1fffff
13154,880ab2cc61fffff
13155,880ab3b093fffff
13156,880a86bb69fffff
13157,880ab2bb45fffff
13158,880ab24d63fffff
13159,880a868a93fffff
13160,880ab3b0d3fffff
13161,880a8616a3fffff
13162,880ab20e61fffff
13163,880ab35ad7fffff
13164,880a8688c1fffff
13165,880ab16d37fffff
13166,880ab16555fffff
13167,880ab22f33fffff
13168,880ab205c7fffff
13169,880ab351b9fffff
13170,880a949617fffff
13171,880a86ad41fffff
13172,880ab160bdfffff
13173,880ab160a3fffff
13174,880ab242ebfffff
13175,880a8691edfffff
13176,880ab3b4b7fffff
13177,880a861b05fffff
13178,880ab2aaa9fffff
13179,880ab3a5c7fffff
13180,880ab21503fffff
13181,880a86b84bfffff
13182,880a94d2c1fffff
13183,880a868903fffff
13184,880ab231bdfffff
13185,880ab201ddfffff
13186,880ab2c4a5fffff
13187,880a8689d7fffff
13188,88252d8aebfffff
13189,880ab2a167fffff
13190,880ab24197fffff
13191,88252dd661fffff
13192,880ab3d0b5fffff
13193,880ab33927fffff
13194,880ab3110dfffff
13195,880ab3b50dfffff
13196,880a860637fffff
13197,880a94b0cbfffff
13198,880ab272e1fffff
13199,880ab33939fffff
13200,880a86d599fffff
13201,880ab2b96bfffff
13202,880ab340cdfffff
13203,880ab231b7fffff
13204,880a86c617fffff
13205,880ab24ac9fffff
13206,880a8688a1fffff
13207,880ab3b72bfffff
13208,880ab32a09fffff
13209,880a8692d5fffff
13210,880ab25411fffff
13211,880a94b0c1fffff
13212,880a869681fffff
13213,880ab37003fffff
13214,880ab2a1b1fffff
13215,880ab3a337fffff
13216,880ab34265fffff
13217,880ab30cbdfffff
13218,880a8614e5fffff
13219,880a86cc37fffff
13220,880a863369fffff
13221,880ab2aa0bfffff
13222,880ab201abfffff
13223,880ab3cb23fffff
13224,880ab335e5fffff
13225,880ab30341fffff
13226,880a861655fffff
13227,880ab2a25bfffff
13228,880ab20481fffff
13229,880ab3d587fffff
13230,880a868c47fffff
13231,880ab3ac43fffff
13232,880ab2570bfffff
13233,880ab3b0b3fffff
13234,880ab16407fffff
13235,880a86af15fffff
13236,880ab21025fffff
13237,880ab3acbbfffff
13238,880ab22ae9fffff
13239,880ab30327fffff
13240,880ab2a8ebfffff
13241,880ab35585fffff
13242,880ab309abfffff
13243,880ab1681bfffff
13244,880ab24cebfffff
13245,880a869b0bfffff
13246,880ab3233dfffff
13247,880a86d633fffff
13248,880ab2ce1dfffff
13249,880ab22419fffff
13250,880ab2a75dfffff
13251,880a86d0edfffff
13252,880ab2196dfffff
13253,880ab26c9bfffff
13254,880ab31565fffff
13255,880ab23491fffff
13256,880a869621fffff
13257,880ab20431fffff
13258,88252d8a05fffff
13259,880a844901fffff
13260,880ab300c9fffff
13261,880ab2ae5dfffff
13262,880a8615a7fffff
13263,880ab3dac5fffff
13264,880ab3571bfffff
13265,880a868967fffff
13266,880ab21321fffff
13267,880ab3c8dbfffff
13268,880ab208a7fffff
13269,880ab22701fffff
13270,880a844939fffff
13271,880ab231a5fffff
13272,880ab350d5fffff
13273,880a861b59fffff
13274,880a86d8e5fffff
13275,880a94942bfffff
13276,880ab21abbfffff
13277,880a86aa2dfffff
13278,880ab3a5ebfffff
13279,880a949517fffff
13280,880ab20303fffff
13281,880a868249fffff
13282,880ab266d1fffff
13283,880ab2626dfffff
13284,880ab22ec9fffff
13285,880a86c5abfffff
13286,880a868555fffff
13287,880a949453fffff
13288,880a868f19fffff
13289,880ab33337fffff
13290,880a868189fffff
13291,880ab308a7fffff
13292,880ab30995fffff
13293,880ab24255fffff
13294,88252d9289fffff
13295,880a868e19fffff
13296,880ab34f2dfffff
13297,880a949499fffff
13298,880ab244ddfffff
13299,880ab33099fffff
13300,880ab20405fffff
13301,880ab3c637fffff
13302,880ab319a9fffff
13303,880ab3aa37fffff
13304,880ab302a9fffff
13305,880a868a19fffff
13306,880a86da19fffff
13307,880ab28b31fffff
13308,880ab32b37fffff
13309,880ab2c8b5fffff
13310,880ab22741fffff
13311,880a948653fffff
13312,880ab2040bfffff
13313,880ab2115dfffff
13314,880ab209d5fffff
13315,880ab30b0bfffff
13316,880ab2258dfffff
13317,880a86813dfffff
13318,880ab33941fffff
13319,880ab34ea1fffff
13320,880ab3d255fffff
13321,880ab24d55fffff
13322,880ab17597fffff
13323,880a86bb57fffff
13324,880a86d4c1fffff
13325,880ab2b1b3fffff
13326,880a949483fffff
13327,88252cb659fffff
13328,880ab201a9fffff
13329,880ab24667fffff
13330,880ab3d309fffff
13331,880ab225c3fffff
13332,880ab348bdfffff
13333,880ab16109fffff
13334,880a8699c5fffff
13335,880a86c181fffff
13336,880ab24ce7fffff
13337,880a86a8e7fffff
13338,880ab378c3fffff
13339,880ab2258bfffff
13340,880ab32a43fffff
13341,880ab2c243fffff
13342,880a86949dfffff
13343,880a86c431fffff
13344,880ab3d9d1fffff
13345,880ab271d3fffff
13346,880a86880dfffff
13347,880a9494c1fffff
13348,88252d916dfffff
13349,880a86c25dfffff
13350,880ab210a3fffff
13351,880ab22f63fffff
13352,880ab16029fffff
13353,880ab28d8bfffff
13354,880ab24f35fffff
13355,880a86cebdfffff
13356,880ab3c303fffff
13357,880ab30127fffff
13358,880a86d62dfffff
13359,880ab2281bfffff
13360,880ab3a5e3fffff
13361,880a86ba13fffff
13362,880ab3276bfffff
13363,880ab30823fffff
13364,880a94b605fffff
13365,880a86cf35fffff
13366,880a844817fffff
13367,880ab2b2a5fffff
13368,880ab20edbfffff
13369,880ab3db05fffff
13370,880a8686e7fffff
13371,880ab306dbfffff
13372,880ab2103bfffff
13373,880a94b037fffff
13374,88252d8819fffff
13375,880ab321bdfffff
13376,880ab2c567fffff
13377,880ab34d55fffff
13378,880ab2565bfffff
13379,880a86c807fffff
13380,880ab331c1fffff
13381,880ab2c813fffff
13382,880ab2c2e1fffff
13383,880ab3a1b7fffff
13384,880ab3d90bfffff
13385,880ab160c5fffff
13386,880a869985fffff
13387,880ab3c21dfffff
13388,880ab26d6dfffff
13389,880a868c6bfffff
13390,880ab30181fffff
13391,880ab35459fffff
13392,880ab3c0cbfffff
13393,880a861535fffff
13394,880ab2652bfffff
13395,880a869343fffff
13396,880ab1629bfffff
13397,880a868925fffff
13398,880a86d639fffff
13399,880ab26707fffff
13400,880ab06953fffff
13401,880a86d2cbfffff
13402,880ab16911fffff
13403,880ab22739fffff
13404,880a86b257fffff
13405,880ab20cdbfffff
13406,880ab316cbfffff
13407,880ab2c0e5fffff
13408,880ab35261fffff
13409,880a861517fffff
13410,880a8611a3fffff
13411,880ab3536bfffff
13412,880ab2a2c3fffff
13413,880ab2a5a5fffff
13414,880ab24321fffff
13415,880ab33885fffff
13416,880ab2b721fffff
13417,880a844aa1fffff
13418,880ab3ad67fffff
13419,880a861001fffff
13420,880ab3a9edfffff
13421,880a868055fffff
13422,880ab2ba47fffff
13423,880a86b96dfffff
13424,880a86b327fffff
13425,880a868eb9fffff
13426,880ab3a467fffff
13427,880a869487fffff
13428,880a86ca4dfffff
13429,880ab33755fffff
13430,880ab27a87fffff
13431,880ab24cddfffff
13432,880ab33591fffff
13433,880ab3cc23fffff
13434,880ab32001fffff
13435,880ab33001fffff
13436,880ab24acdfffff
13437,880ab352d1fffff
13438,880ab3c2a7fffff
13439,880ab3a1adfffff
13440,880ab166b5fffff
13441,880ab216b7fffff
13442,880ab32333fffff
13443,880a86b885fffff
13444,880a861719fffff
13445,880ab24d2bfffff
13446,880a844a21fffff
13447,880a863213fffff
13448,880a86ae2dfffff
13449,880ab3c6b1fffff
13450,880ab210d3fffff
13451,880ab34cc3fffff
13452,880a844917fffff
13453,880ab359cdfffff
13454,880ab23b4bfffff
13455,880ab20aa7fffff
13456,880a861033fffff
13457,880a8618e7fffff
13458,880ab215bbfffff
13459,88252d8ac9fffff
13460,880ab26abbfffff
13461,880ab256b1fffff
13462,880ab30625fffff
13463,880ab24359fffff
13464,880ab3c959fffff
13465,880a949641fffff
13466,880ab30559fffff
13467,880a86a1c5fffff
13468,880ab23b35fffff
13469,880ab23591fffff
13470,880ab3b499fffff
13471,880a86d611fffff
13472,880a861b49fffff
13473,880ab069e3fffff
13474,880ab28599fffff
13475,880ab16167fffff
13476,880ab169b7fffff
13477,880ab22605fffff
13478,880a86af01fffff
13479,880ab16d0bfffff
13480,880a869445fffff
13481,880ab3ae53fffff
13482,880ab2a83bfffff
13483,880a86aa21fffff
13484,880ab24269fffff
13485,880ab2a56dfffff
13486,880ab310b1fffff
13487,880a861419fffff
13488,880a8688d5fffff
13489,880a86a885fffff
13490,880a86db23fffff
13491,880ab3c947fffff
13492,880a8696abfffff
13493,880ab3c127fffff
13494,880ab24057fffff
13495,880ab30a19fffff
13496,880ab248bdfffff
13497,880ab22343fffff
13498,880ab3ae85fffff
13499,880ab37715fffff
13500,880ab2343bfffff
13501,880ab26cedfffff
13502,880ab3ce6bfffff
13503,880ab352e9fffff
13504,880ab24e4dfffff
13505,880ab20221fffff
13506,880ab2c6a7fffff
13507,880ab27345fffff
13508,880ab2d4a9fffff
13509,880ab16c97fffff
13510,880ab1660dfffff
13511,880ab22109fffff
13512,880ab31861fffff
13513,880ab22087fffff
13514,880ab30eb3fffff
13515,880ab35645fffff
13516,880ab20b6dfffff
13517,880ab3ae47fffff
13518,880a869225fffff
13519,880ab2569bfffff
13520,880a9496ebfffff
13521,880ab354d9fffff
13522,880ab3188bfffff
13523,880ab2782dfffff
13524,880ab31305fffff
13525,880ab27aadfffff
13526,880ab31347fffff
13527,880ab240d1fffff
13528,880ab339b9fffff
13529,880a86c543fffff
13530,880ab2456dfffff
13531,880ab34089fffff
13532,880ab2ca91fffff
13533,88252d99c5fffff
13534,880ab2b161fffff
13535,880ab2c345fffff
13536,880ab37855fffff
13537,880ab2c01dfffff
13538,880ab275c9fffff
13539,880ab179a5fffff
13540,880ab26225fffff
13541,880a844b37fffff
13542,88252d9653fffff
13543,880ab2a4bbfffff
13544,880a863307fffff
13545,880ab3510bfffff
13546,880ab359e7fffff
13547,880ab3ce35fffff
13548,880ab321abfffff
13549,880ab21551fffff
13550,880ab3c037fffff
13551,880ab16307fffff
13552,880ab230e9fffff
13553,880ab33727fffff
13554,88252d8135fffff
13555,880ab3d9a3fffff
13556,880ab255bdfffff
13557,880ab358d9fffff
13558,880ab31addfffff
13559,880ab34991fffff
13560,880ab179bdfffff
13561,880a86a021fffff
13562,880ab2186dfffff
13563,880ab2c8c7fffff
13564,880ab28dd5fffff
13565,880ab30cc7fffff
13566,880ab235a9fffff
13567,880ab27a33fffff
13568,880a86d2dbfffff
13569,880a86c209fffff
13570,880a861443fffff
13571,880a861137fffff
13572,880ab2a03bfffff
13573,880a8602b9fffff
13574,880ab3c623fffff
13575,880ab2c2cbfffff
13576,88252d9b39fffff
13577,880ab35a43fffff
13578,880ab3a5a9fffff
13579,880ab20f37fffff
13580,880ab21563fffff
13581,880a860707fffff
13582,880a86849bfffff
13583,880ab27437fffff
13584,880ab3b743fffff
13585,880ab37017fffff
13586,880ab2a20bfffff
13587,88252d8301fffff
13588,880ab25717fffff
13589,880ab255a7fffff
13590,880a861a31fffff
13591,880ab354abfffff
13592,880ab3d31dfffff
13593,880ab27a6dfffff
13594,880ab2c99bfffff
13595,880ab14db3fffff
13596,880a86d291fffff
13597,880a869591fffff
13598,880ab34185fffff
13599,880ab3c91dfffff
13600,880ab315a1fffff
13601,880a86d1ebfffff
13602,880ab2a619fffff
13603,880ab21093fffff
13604,880ab239d7fffff
13605,880ab3c735fffff
13606,880a861a15fffff
13607,880a869a51fffff
13608,880ab2ab11fffff
13609,880a86b1a1fffff
13610,880ab2b8adfffff
13611,880ab2a101fffff
13612,880a86b361fffff
13613,880ab24cd3fffff
13614,880ab21301fffff
13615,880ab2aa29fffff
13616,880ab069a7fffff
13617,880a86cc3dfffff
13618,880a86333bfffff
13619,880ab2068bfffff
13620,88252d8b15fffff
13621,880a86c613fffff
13622,880a868491fffff
13623,880a8681bbfffff
13624,880ab2cd87fffff
13625,880ab2a811fffff
13626,880a86d895fffff
13627,880ab20a43fffff
13628,880a86ce35fffff
13629,880ab34dd5fffff
13630,880ab231c5fffff
13631,880a86ce07fffff
13632,880a869665fffff
13633,880ab31435fffff
13634,880ab27ac5fffff
13635,880ab2222bfffff
13636,880a868c11fffff
13637,880ab38837fffff
13638,880ab26da5fffff
13639,880ab26f41fffff
13640,880ab2633bfffff
13641,880ab34d4bfffff
13642,880ab2674bfffff
13643,880ab35115fffff
13644,880a949709fffff
13645,880ab22d91fffff
13646,880a86c695fffff
13647,880ab264d9fffff
13648,880ab2aad3fffff
13649,880ab35293fffff
13650,880ab20f2dfffff
13651,880a86c067fffff
13652,880ab3031dfffff
13653,880ab23983fffff
13654,880ab242b1fffff
13655,880ab3cb35fffff
13656,880a8696e1fffff
13657,880ab3c147fffff
13658,880a861ac3fffff
13659,880ab379e3fffff
13660,880a9482c1fffff
13661,880a86b365fffff
13662,880ab351a1fffff
13663,880ab3303dfffff
13664,880ab30095fffff
13665,880a86c9abfffff
13666,880a86d9c1fffff
13667,880ab21595fffff
13668,880ab17815fffff
13669,880a86d521fffff
13670,880ab37409fffff
13671,880ab305c5fffff
13672,880a868ea5fffff
13673,880ab3ad53fffff
13674,880ab2454dfffff
13675,880ab3c833fffff
13676,880ab331a5fffff
13677,88252d9907fffff
13678,880ab3ab59fffff
13679,880ab3246bfffff
13680,880ab34a19fffff
13681,880a869731fffff
13682,880ab2d549fffff
13683,880a949529fffff
13684,880ab25555fffff
13685,880ab208abfffff
13686,880a8689ddfffff
13687,880a86970dfffff
13688,880ab16c03fffff
13689,880ab22985fffff
13690,880a86d89bfffff
13691,880ab22191fffff
13692,88252d8133fffff
13693,880a869a47fffff
13694,880a8611d3fffff
13695,88252cb6edfffff
13696,880a86d1b3fffff
13697,880ab23159fffff
13698,880ab20063fffff
13699,880ab34745fffff
13700,880ab2a43bfffff
13701,880ab3c901fffff
13702,880a86b203fffff
13703,880ab26423fffff
13704,880ab314e9fffff
13705,880a86c4cdfffff
13706,880a865643fffff
13707,880ab28c67fffff
13708,880ab3a0b3fffff
13709,880a869991fffff
13710,880ab25255fffff
13711,880ab3002dfffff
13712,880ab28dc7fffff
13713,880ab318e3fffff
13714,880ab3503dfffff
13715,880a86ab0dfffff
13716,880ab20569fffff
13717,88252d98a9fffff
13718,88252d99c1fffff
13719,880a8610b7fffff
13720,880ab35051fffff
13721,880ab20c81fffff
13722,880ab20d47fffff
13723,880ab331e5fffff
13724,880ab2a513fffff
13725,880ab222d9fffff
13726,880ab2a757fffff
13727,880a86d251fffff
13728,880a86931bfffff
13729,880a868ea9fffff
13730,880ab3c499fffff
13731,880ab2bb23fffff
13732,880ab201e7fffff
13733,880ab228adfffff
13734,880a86d9a3fffff
13735,880ab25635fffff
13736,880ab254d1fffff
13737,880a86015bfffff
13738,880ab20313fffff
13739,880a94b6a1fffff
13740,880a861a09fffff
13741,880ab34347fffff
13742,880a8694b3fffff
13743,880ab23541fffff
13744,88252dd657fffff
13745,880ab2b963fffff
13746,880a868aedfffff
13747,880ab3d92bfffff
13748,880ab36209fffff
13749,880ab3db4bfffff
13750,880ab300e5fffff
13751,880ab32185fffff
13752,880ab3b8b1fffff
13753,880ab3284bfffff
13754,880ab2251bfffff
13755,880ab2ad8dfffff
13756,880ab3716dfffff
13757,880ab2795bfffff
13758,880a868291fffff
13759,880ab3a409fffff
13760,880ab16221fffff
13761,880ab33a07fffff
13762,880ab3a935fffff
13763,880ab3b55bfffff
13764,880ab212e3fffff
13765,880ab22569fffff
13766,880ab21a29fffff
13767,880ab26599fffff
13768,880ab2b9bdfffff
13769,880ab20c69fffff
13770,880ab26407fffff
13771,880a861b45fffff
13772,880ab24c8bfffff
13773,880ab28cdbfffff
13774,880ab25213fffff
13775,880ab3ce51fffff
13776,880ab2b2e3fffff
13777,880ab26159fffff
13778,880ab2ba31fffff
13779,880ab20253fffff
13780,880ab23a53fffff
13781,880ab2286bfffff
13782,880ab2b56bfffff
13783,880ab2b895fffff
13784,880ab302d5fffff
13785,880ab17ab3fffff
13786,880ab3cc17fffff
13787,880a868509fffff
13788,880a86a9edfffff
13789,880ab2c5a5fffff
13790,880a861b23fffff
13791,880ab2336dfffff
13792,880a94d341fffff
13793,880ab3cc6bfffff
13794,880ab3764dfffff
13795,880ab25221fffff
13796,880ab32287fffff
13797,880a8694dbfffff
13798,880ab24e11fffff
13799,880ab32405fffff
13800,880ab3c215fffff
13801,880ab32415fffff
13802,880a86caebfffff
13803,880ab26b05fffff
13804,880a86ce45fffff
13805,880ab2265bfffff
13806,880ab25201fffff
13807,880a869725fffff
13808,880ab3da5dfffff
13809,880ab20163fffff
13810,880ab236cbfffff
13811,880ab30a2bfffff
13812,880a94d359fffff
13813,880ab24295fffff
13814,880ab16d5dfffff
13815,880ab35041fffff
13816,880ab35b41fffff
13817,880ab16aa9fffff
13818,880ab209ddfffff
13819,880ab3b713fffff
13820,880ab330b7fffff
13821,880ab21937fffff
13822,880ab25a9dfffff
13823,880ab32ad9fffff
13824,880a9496a9fffff
13825,880ab2ba9bfffff
13826,880ab3421bfffff
13827,880ab356abfffff
13828,880a86d8cdfffff
13829,880ab16217fffff
13830,880ab3c681fffff
13831,880ab3a09bfffff
13832,88252d8b01fffff
13833,880a94b001fffff
13834,880ab17811fffff
13835,880ab2009dfffff
13836,880a86ce99fffff
13837,880ab2ba05fffff
13838,880ab33357fffff
13839,880ab161cdfffff
13840,880ab3c08bfffff
13841,880a86c8b1fffff
13842,880ab2c325fffff
13843,880ab2c261fffff
13844,880ab24769fffff
13845,880ab26709fffff
13846,880a86a119fffff
13847,880a86895dfffff
13848,880ab16b21fffff
13849,880a86a20bfffff
13850,880ab2312bfffff
13851,880a949685fffff
13852,880ab20ee1fffff
13853,880ab2b9b1fffff
13854,880a86c6c1fffff
13855,880a86122bfffff
13856,880a868a3dfffff
13857,88252d9981fffff
13858,880ab24593fffff
13859,880ab27b61fffff
13860,880ab27267fffff
13861,880ab3a689fffff
13862,880a949557fffff
13863,880ab3d8b7fffff
13864,880ab3d235fffff
13865,880a8688c5fffff
13866,880ab161ebfffff
13867,880ab22129fffff
13868,880a868e55fffff
13869,880a8680c5fffff
13870,880ab16ca7fffff
13871,880ab305ebfffff
13872,880ab24cedfffff
13873,880ab3b461fffff
13874,880a86a36dfffff
13875,880ab389b3fffff
13876,880ab3512bfffff
13877,880a86ab51fffff
13878,880ab27727fffff
13879,880ab16da9fffff
13880,880ab3190dfffff
13881,880ab31149fffff
13882,880ab2ae4dfffff
13883,880ab3c4bdfffff
13884,880a86d2cdfffff
13885,88252d9323fffff
13886,880a8601d7fffff
13887,880ab36363fffff
13888,880ab3ae51fffff
13889,880ab34f3bfffff
13890,880ab2d029fffff
13891,880ab2440bfffff
13892,880a86972bfffff
13893,880ab2c4b9fffff
13894,880ab30e85fffff
13895,880ab3c803fffff
13896,880a86135bfffff
13897,880ab37681fffff
13898,88252dd0c9fffff
13899,880a8692ddfffff
13900,880a86cd61fffff
13901,880ab270b5fffff
13902,880ab3c331fffff
13903,880ab22827fffff
13904,88252dd629fffff
13905,880a86b957fffff
13906,880ab2b84dfffff
13907,880ab2183bfffff
13908,880ab22d2bfffff
13909,880ab22c1dfffff
13910,880a868e33fffff
13911,880ab3733bfffff
13912,880ab3549bfffff
13913,880ab31b01fffff
13914,880ab268b5fffff
13915,880a86560dfffff
13916,880ab3daebfffff
13917,880ab3476bfffff
13918,880a86b8a9fffff
13919,880ab20097fffff
13920,880ab166b9fffff
13921,880ab33913fffff
13922,880a86cf2bfffff
13923,880ab25429fffff
13924,880ab22869fffff
13925,880ab3a665fffff
13926,880ab2d153fffff
13927,880ab3a5b7fffff
13928,880ab24adbfffff
13929,880a868829fffff
13930,880ab30301fffff
13931,880ab35107fffff
13932,880a868c8dfffff
13933,880ab24929fffff
13934,880ab260c1fffff
13935,880a86bb11fffff
13936,880ab314a9fffff
13937,880a86d627fffff
13938,880ab32e4dfffff
13939,880ab326e5fffff
13940,880ab33a31fffff
13941,880a86bad3fffff
13942,880a86d4a1fffff
13943,880ab27b43fffff
13944,880a869ac7fffff
13945,880ab24815fffff
13946,880ab35447fffff
13947,880a8619edfffff
13948,880ab3c011fffff
13949,880ab31a47fffff
13950,880ab378e3fffff
13951,880a868f25fffff
13952,880ab22547fffff
13953,880a861115fffff
13954,880ab30463fffff
13955,880ab16ea1fffff
13956,880ab35007fffff
13957,880ab265c9fffff
13958,880a9495a9fffff
13959,880a869a2bfffff
13960,880ab352e1fffff
13961,880ab2533bfffff
13962,880a861651fffff
13963,880a86a363fffff
13964,880ab229b7fffff
13965,880ab25507fffff
13966,880ab251d1fffff
13967,880ab37301fffff
13968,880ab26413fffff
13969,880ab209b3fffff
13970,880a86881bfffff
13971,880a86c5ebfffff
13972,880a868595fffff
13973,880ab336c7fffff
13974,880ab30521fffff
13975,880a86c4a1fffff
13976,880ab20329fffff
13977,880ab311ddfffff
13978,880ab2575bfffff
13979,880ab3a54dfffff
13980,880ab3d9c3fffff
13981,880ab26a17fffff
13982,880ab2151dfffff
13983,880ab33335fffff
13984,880ab34085fffff
13985,880ab321d7fffff
13986,880ab22d8dfffff
13987,880ab3b421fffff
13988,880ab3532bfffff
13989,880ab304c3fffff
13990,880ab37903fffff
13991,880a86babbfffff
13992,880a86d109fffff
13993,880ab3aea3fffff
13994,880ab37285fffff
13995,880a86d65bfffff
13996,880a868d2dfffff
13997,880a869039fffff
13998,880ab2b4b1fffff
13999,880ab3059dfffff
14000,880ab2a497fffff
14001,880a94b655fffff
14002,880a8694bdfffff
14003,880ab24aebfffff
14004,880a868835fffff
14005,880ab26ce9fffff
14006,880ab30e3dfffff
14007,880ab2ac45fffff
14008,880ab31597fffff
14009,880ab26ac1fffff
14010,880ab27ac9fffff
14011,880ab3a5ddfffff
14012,880ab3ac81fffff
14013,880ab2cea5fffff
14014,880a86055dfffff
14015,880ab2b5bbfffff
14016,880ab25047fffff
14017,880ab28eddfffff
14018,880ab2a197fffff
14019,880ab3cebdfffff
14020,880ab2d4bdfffff
14021,880a86d1b7fffff
14022,880a86d5cdfffff
14023,880ab16ec3fffff
14024,880ab306edfffff
14025,880ab26e47fffff
14026,880ab27713fffff
14027,880ab3b9a3fffff
14028,880ab22dc1fffff
14029,880ab2aa69fffff
14030,880ab2b55dfffff
14031,880ab33945fffff
14032,880a86056dfffff
14033,880ab24607fffff
14034,880ab372a9fffff
14035,880ab3d34dfffff
14036,880ab225b1fffff
14037,88252d98cdfffff
14038,880a86aa4bfffff
14039,880a86d2a7fffff
14040,880ab26b17fffff
14041,880ab3a639fffff
14042,880ab27759fffff
14043,880ab2ac11fffff
14044,880ab31515fffff
14045,880ab315e9fffff
14046,880ab37023fffff
14047,880a86119bfffff
14048,880ab2aca9fffff
14049,880ab33899fffff
14050,88252d9195fffff
14051,880a868935fffff
14052,880ab224a9fffff
14053,880ab33443fffff
14054,880ab2ce3bfffff
14055,880a861215fffff
14056,880ab370a7fffff
14057,880ab26537fffff
14058,880ab1791dfffff
14059,880ab27867fffff
14060,880ab35349fffff
14061,88252d998dfffff
14062,880ab30891fffff
14063,880ab3cdc1fffff
14064,880ab2b5a5fffff
14065,880ab3a1a3fffff
14066,880ab26d61fffff
14067,880ab2a05dfffff
14068,880ab3342bfffff
14069,880ab24c5dfffff
14070,880ab22135fffff
14071,880ab2273dfffff
14072,880ab2c03bfffff
14073,880a86bb31fffff
14074,880ab2a129fffff
14075,880a86aab1fffff
14076,880ab22943fffff
14077,880ab3d88bfffff
14078,880a94b291fffff
14079,880ab2261bfffff
14080,880ab37863fffff
14081,880ab34f35fffff
14082,880ab24cb1fffff
14083,880a8685c3fffff
14084,880ab35363fffff
14085,880a86164dfffff
14086,880ab32057fffff
14087,880a86c419fffff
14088,880a86852bfffff
14089,880ab3cb43fffff
14090,880ab255a9fffff
14091,88252d9769fffff
14092,880ab26007fffff
14093,880a865699fffff
14094,880ab342d5fffff
14095,880a94d109fffff
14096,880ab206d3fffff
14097,880a94b40bfffff
14098,880ab3ac99fffff
14099,880ab33211fffff
14100,880ab23741fffff
14101,880ab36221fffff
14102,880ab239ddfffff
14103,880ab3ce0dfffff
14104,880ab24865fffff
14105,880ab16611fffff
14106,880ab3b92dfffff
14107,880ab3b099fffff
14108,880ab20135fffff
14109,880ab28b35fffff
14110,880a86899bfffff
14111,880ab28c99fffff
14112,880ab30a07fffff
14113,88252d9839fffff
14114,880ab22749fffff
14115,880ab2ba0bfffff
14116,880ab3af37fffff
14117,880a8600a7fffff
14118,880ab21537fffff
14119,880ab3c335fffff
14120,880a86170bfffff
14121,880ab252d5fffff
14122,880ab2455dfffff
14123,880a868355fffff
14124,880ab304bbfffff
14125,880ab322adfffff
14126,880ab14da7fffff
14127,880a869685fffff
14128,880a94959bfffff
14129,880ab3cb19fffff
14130,880a949597fffff
14131,880ab2c5e7fffff
14132,880ab2109dfffff
14133,880ab354ebfffff
14134,880ab302e7fffff
14135,880ab1693bfffff
14136,88252d98adfffff
14137,880ab25569fffff
14138,880ab32421fffff
14139,880ab175bbfffff
14140,880ab30d61fffff
14141,880ab2c15bfffff
14142,880ab2148bfffff
14143,880ab2396dfffff
14144,880ab34813fffff
14145,880a86d6c3fffff
14146,880ab166c1fffff
14147,880ab3ac41fffff
14148,880ab3ab37fffff
14149,880ab16635fffff
14150,880ab24b13fffff
14151,880ab32629fffff
14152,880ab16991fffff
14153,880a861a97fffff
14154,880a861481fffff
14155,880a869013fffff
14156,880a949603fffff
14157,880ab301e7fffff
14158,880ab28e37fffff
14159,88252d929dfffff
14160,880ab32035fffff
14161,880ab22ac9fffff
14162,880ab2c343fffff
14163,880ab24c33fffff
14164,880ab3c0d1fffff
14165,880ab2aa1bfffff
14166,880ab166a9fffff
14167,880ab2d557fffff
14168,880ab314c3fffff
14169,880a94d24dfffff
14170,880ab270a7fffff
14171,880ab22aa3fffff
14172,880ab3acd9fffff
14173,880a86191dfffff
14174,880ab2c301fffff
14175,880ab3d539fffff
14176,880a861251fffff
14177,880ab30767fffff
14178,880ab25061fffff
14179,880ab3c8d7fffff
14180,880ab2759dfffff
14181,880ab25713fffff
14182,880ab26463fffff
14183,880ab2cf53fffff
14184,880ab206b5fffff
14185,88252d834bfffff
14186,880a86db3dfffff
14187,880ab22313fffff
14188,880ab28c95fffff
14189,880a94b2b9fffff
14190,880ab3193bfffff
14191,880ab3c199fffff
14192,880ab20019fffff
14193,880ab23325fffff
14194,88252d8827fffff
14195,880ab348adfffff
14196,880ab34e11fffff
14197,880ab35ad1fffff
14198,880ab2a223fffff
14199,880ab2ae97fffff
14200,880ab30ac7fffff
14201,880ab25691fffff
14202,880ab37993fffff
14203,880ab37a41fffff
14204,880ab3d50dfffff
14205,880ab2cebdfffff
14206,880ab3ce89fffff
14207,880a868f51fffff
14208,880ab22581fffff
14209,880ab2c2d1fffff
14210,880ab2a30bfffff
14211,880ab225edfffff
14212,880ab3711dfffff
14213,880ab20421fffff
14214,880ab256e7fffff
14215,880ab26981fffff
14216,880a949739fffff
14217,880ab230a9fffff
14218,880ab1688dfffff
14219,880ab21a93fffff
14220,88252d91b3fffff
14221,880ab23655fffff
14222,880ab2a76dfffff
14223,880ab068b7fffff
14224,880a86d995fffff
14225,880ab32b25fffff
14226,880ab2310dfffff
14227,880ab178e3fffff
14228,880ab3cf37fffff
14229,880ab28ca7fffff
14230,880ab35a33fffff
14231,880ab31989fffff
14232,880ab3a71dfffff
14233,880ab3d985fffff
14234,880a8699b7fffff
14235,880ab2ae03fffff
14236,880ab3445bfffff
14237,880ab2b14dfffff
14238,880a86db05fffff
14239,880ab21615fffff
14240,880ab30c95fffff
14241,880ab37053fffff
14242,880a8615a5fffff
14243,880a8619d5fffff
14244,880ab20b17fffff
14245,880ab20535fffff
14246,880ab2d4e1fffff
14247,880a86c657fffff
14248,880ab178a1fffff
14249,880ab3150dfffff
14250,880a86968dfffff
14251,880ab17583fffff
14252,880ab3b5b1fffff
14253,880a94b0e9fffff
14254,880ab2a115fffff
14255,880a94b0c3fffff
14256,880ab2252bfffff
14257,880ab258b5fffff
14258,880a868449fffff
14259,880ab2095bfffff
14260,880ab20663fffff
14261,880ab235bdfffff
14262,880a86c6d9fffff
14263,880ab31235fffff
14264,880a844b19fffff
14265,880a86a031fffff
14266,880a8616c3fffff
14267,880a86c741fffff
14268,880a861ab1fffff
14269,880ab16899fffff
14270,880ab2c18dfffff
14271,880ab2c54dfffff
14272,880ab319dbfffff
14273,880ab241e1fffff
14274,880ab37b3dfffff
14275,880ab3584bfffff
14276,880ab34639fffff
14277,880ab28d2bfffff
14278,880a86c63bfffff
14279,880ab225bdfffff
14280,880a8619c3fffff
14281,880a8691e5fffff
14282,880ab215d1fffff
14283,880ab2c6b7fffff
14284,880ab21447fffff
14285,880ab25633fffff
14286,880ab28cb1fffff
14287,880ab34dbdfffff
14288,880ab3449dfffff
14289,880ab3db6dfffff
14290,880ab2c965fffff
14291,880a8602cbfffff
14292,880ab2a945fffff
14293,880ab2773bfffff
14294,880ab23933fffff
14295,880ab388e3fffff
14296,880a949b47fffff
14297,880ab3d247fffff
14298,880ab178e1fffff
14299,880ab33695fffff
14300,880ab218d1fffff
14301,880ab2c65bfffff
14302,880ab2a999fffff
14303,880ab26e8dfffff
14304,880ab21451fffff
14305,880ab378a7fffff
14306,880ab21469fffff
14307,880ab3a94dfffff
14308,880ab2aa99fffff
14309,880ab335d9fffff
14310,880ab3a2c7fffff
14311,880ab3a151fffff
14312,880ab2a629fffff
14313,880ab161e9fffff
14314,880a8606dbfffff
14315,880ab3384bfffff
14316,880ab345d5fffff
14317,880ab32a4dfffff
14318,880ab2711bfffff
14319,880ab2ce63fffff
14320,880ab255b9fffff
14321,880ab2ca85fffff
14322,880ab16723fffff
14323,880ab34eabfffff
14324,880ab2021dfffff
14325,880ab316c5fffff
14326,880a8448d7fffff
14327,880ab2d5e1fffff
14328,880ab3a6d1fffff
14329,880ab28d97fffff
14330,880a868ec5fffff
14331,880ab2a517fffff
14332,880a94b069fffff
14333,880ab3a5bdfffff
14334,880a868937fffff
14335,880a868a11fffff
14336,880ab3aeddfffff
14337,880ab21549fffff
14338,880a86043dfffff
14339,880ab241c3fffff
14340,880ab22d01fffff
14341,880ab3528bfffff
14342,880ab21625fffff
14343,880ab16f1dfffff
14344,880ab308d9fffff
14345,880a861867fffff
14346,880ab22cb3fffff
14347,880a86810dfffff
14348,880ab28c43fffff
14349,880ab16341fffff
14350,880ab30505fffff
14351,880ab3cc61fffff
14352,880ab248ddfffff
14353,880a86a051fffff
14354,880a860617fffff
14355,880a869561fffff
14356,880ab2c913fffff
14357,880ab32851fffff
14358,880a86c551fffff
14359,880a8611cdfffff
14360,880ab2c8d3fffff
14361,880a868347fffff
14362,880ab25355fffff
14363,880a8619cdfffff
14364,880ab210b3fffff
14365,880ab27751fffff
14366,880ab16823fffff
14367,880a86c599fffff
14368,880a860189fffff
14369,880ab35149fffff
14370,880ab26e43fffff
14371,880a86b35dfffff
14372,880ab230c7fffff
14373,880ab3c0b5fffff
14374,880ab24e97fffff
14375,880ab33997fffff
14376,880ab25043fffff
14377,880ab23995fffff
14378,880ab3cc4bfffff
14379,880ab33601fffff
14380,880a844919fffff
14381,880ab3a1e7fffff
14382,880ab2af6dfffff
14383,880a86d88bfffff
14384,880ab16a85fffff
14385,880a86d699fffff
14386,880ab20c65fffff
14387,880ab2ac53fffff
14388,880ab2cc17fffff
14389,880ab210c5fffff
14390,880ab2a0e5fffff
14391,880ab2620bfffff
14392,880ab16969fffff
14393,880a86a121fffff
14394,880a861755fffff
14395,880ab3084bfffff
14396,880a94b72bfffff
14397,880ab3226bfffff
14398,880ab255a3fffff
14399,880ab28d6dfffff
14400,880a86a8b1fffff
14401,880a86cab1fffff
14402,880a8696c5fffff
14403,880ab26c0bfffff
14404,880ab23201fffff
14405,880a94b049fffff
14406,880ab178d3fffff
14407,880ab3b2dbfffff
14408,880a86bb49fffff
14409,880ab26c81fffff
14410,880a86ba83fffff
14411,880a86b847fffff
14412,880ab30e11fffff
14413,880a86db13fffff
14414,880ab3284dfffff
14415,880ab17b1bfffff
14416,880ab3095bfffff
14417,880ab32117fffff
14418,880ab2d519fffff
14419,880a861337fffff
14420,880ab2304dfffff
14421,880a86910dfffff
14422,88252dd2d1fffff
14423,880a8449c7fffff
14424,880ab33b59fffff
14425,880ab22567fffff
14426,880a86c917fffff
14427,88252d9163fffff
14428,880ab2c8d5fffff
14429,880ab26913fffff
14430,880ab2523dfffff
14431,88252d99b7fffff
14432,880ab3adb1fffff
14433,880ab16cc9fffff
14434,880ab2a245fffff
14435,880ab2208bfffff
14436,880ab26757fffff
14437,880ab314b7fffff
14438,880ab20cedfffff
14439,880ab2b8ebfffff
14440,880ab235a1fffff
14441,880a869311fffff
14442,880a869369fffff
14443,88252d991dfffff
14444,880a860751fffff
14445,880ab24639fffff
14446,880ab23481fffff
14447,880ab226c5fffff
14448,880ab23893fffff
14449,880a86ad43fffff
14450,880a868cd5fffff
14451,880ab33361fffff
14452,880ab2d431fffff
14453,880ab22d8bfffff
14454,880ab20f21fffff
14455,880ab234bdfffff
14456,880ab224b7fffff
14457,880ab24a8dfffff
14458,880ab25459fffff
14459,880ab16889fffff
14460,880a86cb15fffff
14461,880a86d983fffff
14462,880a86c523fffff
14463,880ab2cd45fffff
14464,880a94b22bfffff
14465,88252dd6d5fffff
14466,880ab37b57fffff
14467,880ab21865fffff
14468,880ab3d135fffff
14469,880ab2499bfffff
14470,880a86aa89fffff
14471,880a8686a7fffff
14472,880ab2b5ebfffff
14473,880ab33303fffff
14474,880ab335a3fffff
14475,880ab3426dfffff
14476,880ab3ca29fffff
14477,880ab2b193fffff
14478,880ab3c5ddfffff
14479,880ab20621fffff
14480,880ab2c621fffff
14481,880ab21181fffff
14482,880ab3ca6bfffff
14483,88252d8abdfffff
14484,880ab2c101fffff
14485,880a8449a5fffff
14486,880ab22eb9fffff
14487,880ab24839fffff
14488,880a86ba67fffff
14489,880ab31859fffff
14490,880ab37a67fffff
14491,880a8610d3fffff
14492,880ab261b9fffff
14493,880ab3ce01fffff
14494,880ab23243fffff
14495,880a8606cdfffff
14496,880ab35229fffff
14497,880a861625fffff
14498,880ab214e1fffff
14499,880ab3268bfffff
14500,880ab24867fffff
14501,880ab27623fffff
14502,880a844d0dfffff
14503,880ab265c7fffff
14504,880a86a141fffff
14505,880ab2cae9fffff
14506,880ab166b1fffff
14507,88252d8a5dfffff
14508,880ab21757fffff
14509,880ab272a1fffff
14510,880ab328cdfffff
14511,880ab304cdfffff
14512,880ab335b3fffff
14513,880a868d59fffff
14514,880ab3486dfffff
14515,880ab3a897fffff
14516,880a86ca55fffff
14517,880ab2a8b1fffff
14518,880ab3cee9fffff
14519,880ab2460bfffff
14520,880a8698edfffff
14521,880a86c307fffff
14522,880a94d26dfffff
14523,880ab25639fffff
14524,880ab30cabfffff
14525,880a94b613fffff
14526,880ab22a45fffff
14527,880a868499fffff
14528,880ab3a627fffff
14529,880ab1650bfffff
14530,880ab2486bfffff
14531,880ab32ac5fffff
14532,880a860549fffff
14533,880ab2069dfffff
14534,880a86cdabfffff
14535,880a86b0adfffff
14536,880a949b21fffff
14537,880ab2b83bfffff
14538,880ab3aab1fffff
14539,880ab3b8b9fffff
14540,880ab2b10dfffff
14541,880ab2d185fffff
14542,880ab28cbdfffff
14543,880a949b33fffff
14544,880ab3b535fffff
14545,880ab16dd1fffff
14546,880a869865fffff
14547,880ab26ae7fffff
14548,880ab34d65fffff
14549,880ab2375bfffff
14550,880a868637fffff
14551,880ab20dc9fffff
14552,880ab37155fffff
14553,88252d810dfffff
14554,880ab24869fffff
14555,880ab221bdfffff
14556,880a949b2dfffff
14557,880ab3cb0bfffff
14558,880a868601fffff
14559,880ab24da1fffff
14560,880ab3cea3fffff
14561,880a94b6c3fffff
14562,880ab27967fffff
14563,880ab345bdfffff
14564,880ab354bdfffff
14565,880ab2aa47fffff
14566,880a86a9a5fffff
14567,880ab24881fffff
14568,880ab37749fffff
14569,880ab2488dfffff
14570,880ab3084dfffff
14571,880ab2780bfffff
14572,880a86a02dfffff
14573,880a86cb41fffff
14574,880ab34e67fffff
14575,880a86cad7fffff
14576,880ab372d5fffff
14577,880ab25211fffff
14578,880ab2a017fffff
14579,880a86c315fffff
14580,880ab24053fffff
14581,880ab3af35fffff
14582,880ab22a5bfffff
14583,880ab3776bfffff
14584,880ab3c591fffff
14585,880ab30999fffff
14586,880ab2280bfffff
14587,880ab1798dfffff
14588,880ab37835fffff
14589,880ab2cec3fffff
14590,880a86ce1bfffff
14591,880ab2cc47fffff
14592,880ab26c83fffff
14593,880a949645fffff
14594,880ab17ad3fffff
14595,880ab245e5fffff
14596,880ab16d39fffff
14597,880ab3d8edfffff
14598,880a86b037fffff
14599,880a8685adfffff
14600,880a86ca13fffff
14601,880ab3aa29fffff
14602,880ab2c803fffff
14603,880ab37969fffff
14604,880ab17aa3fffff
14605,880ab21167fffff
14606,880a86db57fffff
14607,880ab2ae51fffff
14608,880a94860dfffff
14609,880a86b315fffff
14610,880ab3260bfffff
14611,880ab3db37fffff
14612,880ab22591fffff
14613,880ab24f63fffff
14614,880ab37911fffff
14615,880ab24455fffff
14616,880a86830bfffff
14617,880a868a8dfffff
14618,880ab25607fffff
14619,880ab34e3dfffff
14620,880a86a369fffff
14621,880a94d2c5fffff
14622,880a86c293fffff
14623,880ab27245fffff
14624,880ab28969fffff
14625,880a868705fffff
14626,880ab355a1fffff
14627,880ab27081fffff
14628,880ab33765fffff
14629,880a86d835fffff
14630,880ab3a507fffff
14631,880ab27621fffff
14632,880ab2c54bfffff
14633,880ab27b6dfffff
14634,880a94d003fffff
14635,880ab34235fffff
14636,880ab3b4a3fffff
14637,880ab3cf49fffff
14638,880ab238d5fffff
14639,880ab272d3fffff
14640,880ab25193fffff
14641,880a86d19bfffff
14642,880ab335c9fffff
14643,880ab37263fffff
14644,880ab16711fffff
14645,880ab2108bfffff
14646,880ab3b4e1fffff
14647,880a86af3dfffff
14648,880ab3ca19fffff
14649,880ab3a46dfffff
14650,880ab3020dfffff
14651,880ab2ade1fffff
14652,880ab30265fffff
14653,880a86d2d3fffff
14654,880ab3a1d3fffff
14655,880ab1688bfffff
14656,880ab2b4b3fffff
14657,880a869159fffff
14658,880ab30667fffff
14659,880ab35025fffff
14660,880ab31ad3fffff
14661,880a94b2a3fffff
14662,880a861499fffff
14663,880a869519fffff
14664,880ab2cd81fffff
14665,880ab350cdfffff
14666,880ab30639fffff
14667,880ab234c5fffff
14668,880ab30b21fffff
14669,880ab28c17fffff
14670,880a869a63fffff
14671,880a86854dfffff
14672,880ab26b23fffff
14673,880ab370edfffff
14674,880a86008bfffff
14675,880ab37a25fffff
14676,880ab16405fffff
14677,880ab2a0bdfffff
14678,880a86da89fffff
14679,880a9486cdfffff
14680,880a8619a9fffff
14681,880ab2c545fffff
14682,880a86310dfffff
14683,880a86b9ebfffff
14684,880ab3d9e3fffff
14685,880ab17891fffff
14686,880ab218bbfffff
14687,880a869a91fffff
14688,880ab3a997fffff
14689,880ab3d303fffff
14690,880ab220a5fffff
14691,880a869963fffff
14692,880a86ad4dfffff
14693,880a860a21fffff
14694,880ab274e3fffff
14695,880a861a59fffff
14696,880ab2602bfffff
14697,880ab31555fffff
14698,880a8604c9fffff
14699,880a86c6bdfffff
14700,880a86aa1bfffff
14701,880ab06931fffff
14702,880ab27569fffff
14703,880a86d9d1fffff
14704,880ab3ac55fffff
14705,880a86db5dfffff
14706,880ab06893fffff
14707,880ab25a95fffff
14708,880ab2b0e7fffff
14709,880a86b893fffff
14710,880ab35a39fffff
14711,880a9495cdfffff
14712,880ab2cdd1fffff
14713,880ab3aa6bfffff
14714,880ab2575dfffff
14715,880ab3a833fffff
14716,880ab30405fffff
14717,880ab3a685fffff
14718,88252d99a7fffff
14719,880a868ec7fffff
14720,880ab3a76bfffff
14721,88252d9ab1fffff
14722,880a868de1fffff
14723,880ab389c5fffff
14724,880ab23251fffff
14725,880ab35647fffff
14726,880ab2b5e5fffff
14727,880ab28f3dfffff
14728,880ab302d3fffff
14729,880ab24db1fffff
14730,880ab3da41fffff
14731,880ab306a3fffff
14732,880ab37a4dfffff
14733,880ab3b2b3fffff
14734,880a869829fffff
14735,880a86d005fffff
14736,880ab3d8e7fffff
14737,880ab32163fffff
14738,880a86da99fffff
14739,880ab3d891fffff
14740,880ab26c29fffff
14741,880ab34a23fffff
14742,880ab2a4a7fffff
14743,880ab20113fffff
14744,880ab2a24bfffff
14745,880ab22f21fffff
14746,880a86b807fffff
14747,880ab37947fffff
14748,880ab225e9fffff
14749,880ab352b5fffff
14750,880ab2d507fffff
14751,880a861191fffff
14752,880ab376e5fffff
14753,880ab322c1fffff
14754,880ab3cb2dfffff
14755,880ab21667fffff
14756,880ab22f27fffff
14757,880a869539fffff
14758,880a86c86dfffff
14759,880ab31097fffff
14760,88252d832bfffff
14761,880a86c231fffff
14762,880ab27b21fffff
14763,880ab2140bfffff
14764,880ab16edbfffff
14765,880ab30ab3fffff
14766,880ab2d54dfffff
14767,880a869a31fffff
14768,880ab3005bfffff
14769,880ab16b01fffff
14770,880ab30323fffff
14771,880ab3c055fffff
14772,880ab3a191fffff
14773,880ab2259dfffff
14774,880ab3ca3dfffff
14775,880ab17825fffff
14776,880ab3c2b9fffff
14777,880ab2c55dfffff
14778,880ab251bbfffff
14779,880ab3ce5dfffff
14780,880a868a37fffff
14781,880ab224d5fffff
14782,880ab2a081fffff
14783,88252d98c9fffff
14784,880ab33aa5fffff
14785,880a868c89fffff
14786,880ab3cd51fffff
14787,880a86da53fffff
14788,880ab22035fffff
14789,880ab222a9fffff
14790,880ab350c9fffff
14791,880a861515fffff
14792,880a869867fffff
14793,880ab201edfffff
14794,880ab2a2e7fffff
14795,880ab37627fffff
14796,880ab22b4dfffff
14797,880a868f21fffff
14798,880ab240e5fffff
14799,880ab230b5fffff
14800,880a863151fffff
14801,880ab16ad5fffff
14802,880ab28e93fffff
14803,88252d9303fffff
14804,880ab26eebfffff
14805,880ab3ae21fffff
14806,880a948285fffff
14807,880ab270c3fffff
14808,880ab27aedfffff
14809,880ab16ab1fffff
14810,880ab2a0c7fffff
14811,880ab2cc21fffff
14812,880a86100dfffff
14813,880ab166a7fffff
14814,880a8614a9fffff
14815,880ab16f41fffff
14816,880ab3ce11fffff
14817,880ab3c0e7fffff
14818,880ab2d031fffff
14819,880a86d0cbfffff
14820,880ab3a13dfffff
14821,880ab309ddfffff
14822,880ab3c885fffff
14823,880ab2adc5fffff
14824,880ab208e5fffff
14825,880ab17895fffff
14826,880ab3594dfffff
14827,880a86ba29fffff
14828,880a869887fffff
14829,880a868f5bfffff
14830,880ab219b5fffff
14831,880a86546bfffff
14832,880a869967fffff
14833,880ab2292bfffff
14834,880ab16839fffff
14835,880a86d151fffff
14836,880ab2a603fffff
14837,880ab26e39fffff
14838,880ab3ab35fffff
14839,880ab245cdfffff
14840,880ab342b1fffff
14841,880ab226ddfffff
14842,880ab16c9bfffff
14843,88252d9ab5fffff
14844,880a8689e3fffff
14845,880ab35263fffff
14846,880ab30a9dfffff
14847,880ab3799bfffff
14848,880ab37b23fffff
14849,880a869b55fffff
14850,880ab30e37fffff
14851,880a86cacdfffff
14852,880ab26601fffff
14853,880ab3ca43fffff
14854,880ab3475bfffff
14855,88252dd2a5fffff
14856,880ab27085fffff
14857,880ab221c7fffff
14858,880ab3700bfffff
14859,880ab2c6ebfffff
14860,880ab322b5fffff
14861,880ab23327fffff
14862,880ab2403bfffff
14863,880ab2630bfffff
14864,880ab310a5fffff
14865,880ab221b7fffff
14866,880ab2ae59fffff
14867,880ab26dedfffff
14868,880ab165abfffff
14869,880ab3a63bfffff
14870,880ab32051fffff
14871,88252d8841fffff
14872,880ab25113fffff
14873,880ab3d997fffff
14874,880ab2cf4bfffff
14875,880ab24737fffff
14876,880ab34055fffff
14877,880ab2ceebfffff
14878,880ab34365fffff
14879,880a86a351fffff
14880,880ab17ae5fffff
14881,880ab26f0dfffff
14882,880a868f47fffff
14883,880ab2236bfffff
14884,880ab3aa8bfffff
14885,880ab22b67fffff
14886,880ab3549dfffff
14887,880a861023fffff
14888,880ab20999fffff
14889,880ab34701fffff
14890,880ab2ac6dfffff
14891,880ab2a6c5fffff
14892,880ab389b7fffff
14893,88252dd2cbfffff
14894,880ab33455fffff
14895,880ab268edfffff
14896,880ab37959fffff
14897,880a863169fffff
14898,880ab2af1dfffff
14899,880ab28c65fffff
14900,880a86d1c7fffff
14901,880a86d369fffff
14902,880ab21609fffff
14903,880ab2774dfffff
14904,880a86ba05fffff
14905,880a86a957fffff
14906,880a860ac3fffff
14907,880ab21117fffff
14908,880ab2bb11fffff
14909,880ab27a35fffff
14910,880ab260d1fffff
14911,880ab16657fffff
14912,880a86b2a9fffff
14913,880ab0691bfffff
14914,880a8689ebfffff
14915,880ab34317fffff
14916,880a8652c3fffff
14917,880ab33551fffff
14918,880ab26045fffff
14919,880a861a9bfffff
14920,880ab1780dfffff
14921,880ab2a89dfffff
14922,880a86d405fffff
14923,880a865685fffff
14924,880ab2a8adfffff
14925,880ab344ddfffff
14926,880a86ccd9fffff
14927,880ab2640dfffff
14928,880a863065fffff
14929,880ab272ddfffff
14930,880a869041fffff
14931,880ab23681fffff
14932,88252d9b01fffff
14933,880a8689a5fffff
14934,88252d9133fffff
14935,880ab344b1fffff
14936,880a86025dfffff
14937,880ab3cf39fffff
14938,880a86c00bfffff
14939,880a868521fffff
14940,880ab24233fffff
14941,880ab2c5c3fffff
14942,880ab178d7fffff
14943,880ab2b1e3fffff
14944,880a86c041fffff
14945,880ab3c265fffff
14946,880ab3a5e7fffff
14947,880ab2c4d5fffff
14948,880a86c407fffff
14949,880ab334d3fffff
14950,880ab3c863fffff
14951,880ab179c3fffff
14952,880ab3acddfffff
14953,880ab34925fffff
14954,880a94b039fffff
14955,880ab262e7fffff
14956,880ab24225fffff
14957,880ab20201fffff
14958,880a86a00dfffff
14959,880ab36201fffff
14960,880a861753fffff
14961,880ab3cab7fffff
14962,880ab24245fffff
14963,880ab1631bfffff
14964,880a9496bbfffff
14965,880ab308b9fffff
14966,880ab35a67fffff
14967,880ab20203fffff
14968,880a868e51fffff
14969,880ab2ca89fffff
14970,880ab16b07fffff
14971,880ab2a4a3fffff
14972,88252dd687fffff
14973,880a8690b7fffff
14974,880ab3705bfffff
14975,880a949365fffff
14976,880ab164edfffff
14977,880ab2a857fffff
14978,880ab241b9fffff
14979,880a94b601fffff
14980,880ab2144dfffff
14981,880ab2d409fffff
14982,880ab30259fffff
14983,880ab2203dfffff
14984,880a860a05fffff
14985,880a86d1a7fffff
14986,880a861a4bfffff
14987,880ab35111fffff
14988,880a844b41fffff
14989,880ab204b5fffff
14990,880ab3c319fffff
14991,88252d9895fffff
14992,880ab2ce29fffff
14993,880ab24643fffff
14994,880a86bb6dfffff
14995,880ab26a8dfffff
14996,880ab3118bfffff
14997,880ab28d43fffff
14998,880ab34ae3fffff
14999,880ab2c119fffff
15000,880ab3630dfffff
15001,880ab2a335fffff
15002,880ab222b9fffff
15003,880ab226c1fffff
15004,880ab3a131fffff
15005,880ab372a7fffff
15006,880ab321e5fffff
15007,880a86131bfffff
15008,880ab30d07fffff
15009,880ab20823fffff
15010,880ab17859fffff
15011,880ab3352bfffff
15012,880ab3c0a7fffff
15013,88252d8263fffff
15014,880ab2a113fffff
15015,880ab27009fffff
15016,880ab34e9bfffff
15017,880a86113bfffff
15018,880ab3d5ddfffff
15019,880a860145fffff
15020,880a86d4cdfffff
15021,880a8616a5fffff
15022,880ab2c59dfffff
15023,880ab30913fffff
15024,880ab204cbfffff
15025,880ab30831fffff
15026,880ab33a87fffff
15027,880ab34a0dfffff
15028,880a86c881fffff
15029,880ab2cc15fffff
15030,880ab16837fffff
15031,880ab222e7fffff
15032,880a8694ebfffff
15033,880ab171b9fffff
15034,880ab27803fffff
15035,880a86cc89fffff
15036,880ab301b5fffff
15037,880ab30845fffff
15038,880a86a1a1fffff
15039,880ab335c5fffff
15040,880a9482abfffff
15041,880a86d1d9fffff
15042,880a860321fffff
15043,880ab26663fffff
15044,880ab21361fffff
15045,88252d8b0bfffff
15046,880ab342a9fffff
15047,880ab2b83dfffff
15048,880a869761fffff
15049,880a86c45dfffff
15050,880ab2b051fffff
15051,880ab2c541fffff
15052,880ab166e7fffff
15053,880ab16361fffff
15054,880ab24b27fffff
15055,880ab34c61fffff
15056,880ab26119fffff
15057,880ab21289fffff
15058,880ab31227fffff
15059,880ab2685dfffff
15060,88252d9607fffff
15061,880ab2a595fffff
15062,880ab3d14dfffff
15063,880ab224d3fffff
15064,880ab26a4bfffff
15065,880ab069a1fffff
15066,880ab3702dfffff
15067,880ab28c27fffff
15068,880ab3b9b3fffff
15069,880a8684cdfffff
15070,880ab35091fffff
15071,880a86c513fffff
15072,880ab31b05fffff
15073,88252d8121fffff
15074,880ab220dbfffff
15075,880ab2adc9fffff
15076,880ab22c33fffff
15077,880a9496c9fffff
15078,880ab16481fffff
15079,880ab3d229fffff
15080,880a86db15fffff
15081,880a861313fffff
15082,880a86d367fffff
15083,880ab2af09fffff
15084,880ab16ae9fffff
15085,880a949541fffff
15086,880ab35aa1fffff
15087,880ab27007fffff
15088,880ab36353fffff
15089,880ab331b9fffff
15090,880ab3500dfffff
15091,880ab3a9b5fffff
15092,880ab3ca9bfffff
15093,880ab33519fffff
15094,880a86c0d1fffff
15095,880ab37859fffff
15096,880ab33821fffff
15097,880a86c225fffff
15098,880ab22645fffff
15099,880ab37801fffff
15100,880ab37561fffff
15101,880ab3c4ebfffff
15102,880ab3573dfffff
15103,880ab3116dfffff
15104,880ab2c353fffff
15105,880ab24a53fffff
15106,88252d8b43fffff
15107,880ab31535fffff
15108,88252d912bfffff
15109,880ab34d6bfffff
15110,880ab354ddfffff
15111,880ab25595fffff
15112,880ab321c7fffff
15113,880a86a805fffff
15114,880ab301e9fffff
15115,880a86871dfffff
15116,880a869739fffff
15117,880ab34329fffff
15118,880ab16581fffff
15119,880ab244ebfffff
15120,880ab34997fffff
15121,880ab34c9dfffff
15122,880a868dcdfffff
15123,880ab24027fffff
15124,880a86ca1bfffff
15125,880ab3d12bfffff
15126,880ab232b7fffff
15127,880a868333fffff
15128,880ab3cd49fffff
15129,880ab3a193fffff
15130,880ab2b02bfffff
15131,880ab3a633fffff
15132,880a86b987fffff
15133,880ab28eabfffff
15134,880ab3ad87fffff
15135,880a844a81fffff
15136,880a86845dfffff
15137,880ab32b4dfffff
15138,880ab2a6d9fffff
15139,880a868c67fffff
15140,880ab359a5fffff
15141,880ab37ae3fffff
15142,880ab30151fffff
15143,880ab31811fffff
15144,880ab269d9fffff
15145,880a94b44bfffff
15146,880ab215c7fffff
15147,880ab2bac1fffff
15148,880ab3b511fffff
15149,880a86d8a9fffff
15150,880ab2d483fffff
15151,880ab21129fffff
15152,880ab3cdadfffff
15153,880ab20123fffff
15154,880ab21401fffff
15155,880a86af0dfffff
15156,880a86c201fffff
15157,880ab3a5e9fffff
15158,880ab210cbfffff
15159,880a949523fffff
15160,880ab379d3fffff
15161,880ab30149fffff
15162,880ab24105fffff
15163,880ab3cd59fffff
15164,880a8612ebfffff
15165,880ab27a17fffff
15166,880a8684ebfffff
15167,880ab202c3fffff
15168,880a8699edfffff
15169,880ab20527fffff
15170,880ab389b5fffff
15171,880ab23149fffff
15172,88252d986dfffff
15173,880ab34e61fffff
15174,880ab216d5fffff
15175,880ab318e1fffff
15176,880ab20167fffff
15177,880ab2532dfffff
15178,880ab16445fffff
15179,880ab2d4b7fffff
15180,880ab231dbfffff
15181,880ab35a01fffff
15182,880ab3cb27fffff
15183,880ab2a60dfffff
15184,880ab20819fffff
15185,880ab30c11fffff
15186,880a869285fffff
15187,880ab208a5fffff
15188,880ab3d9b1fffff
15189,880a86cb23fffff
15190,880ab3220dfffff
15191,880ab21297fffff
15192,880ab344b9fffff
15193,880ab23b3dfffff
15194,880a86153bfffff
15195,880a865309fffff
15196,880ab24f13fffff
15197,880ab232c9fffff
15198,880a94b42dfffff
15199,880ab21509fffff
15200,880a86b05dfffff
15201,880a86d347fffff
15202,880ab34a2bfffff
15203,880ab310bbfffff
15204,880ab3425dfffff
15205,880ab3cf0bfffff
15206,880ab20c5bfffff
15207,88252d9261fffff
15208,880ab26d59fffff
15209,880ab306e3fffff
15210,880ab3b287fffff
15211,880ab16133fffff
15212,880ab308bdfffff
15213,880ab2ce9dfffff
15214,880ab30651fffff
15215,880ab2403dfffff
15216,880ab30ce9fffff
15217,880a868d43fffff
15218,880ab3069bfffff
15219,880ab2b805fffff
15220,880ab16439fffff
15221,880ab31ae7fffff
15222,880a94b709fffff
15223,880ab28cb7fffff
15224,880ab35537fffff
15225,880a94b253fffff
15226,880ab37199fffff
15227,88252dd697fffff
15228,880ab21411fffff
15229,880ab16543fffff
15230,88252d8345fffff
15231,880ab27b11fffff
15232,880ab25413fffff
15233,880a863355fffff
15234,880ab308a1fffff
15235,880ab31133fffff
15236,880ab22dd7fffff
15237,880a86ccedfffff
15238,880a86c69dfffff
15239,880ab3d9b7fffff
15240,880ab21015fffff
15241,880ab3b513fffff
15242,880ab2a5c9fffff
15243,880ab3b09dfffff
15244,880ab26335fffff
15245,880ab2011dfffff
15246,880ab30d25fffff
15247,880a8692edfffff
15248,880a861887fffff
15249,880a861531fffff
15250,880a86cc59fffff
15251,880ab22e33fffff
15252,880ab260a3fffff
15253,880ab2cc45fffff
15254,880ab2671dfffff
15255,880ab3acd5fffff
15256,880ab34455fffff
15257,880ab2445dfffff
15258,880ab21739fffff
15259,880ab23099fffff
15260,880ab2ac55fffff
15261,880ab2c307fffff
15262,880ab2d10bfffff
15263,880ab3a21bfffff
15264,880ab3014bfffff
15265,880ab255c1fffff
15266,880a94b0c7fffff
15267,880ab3daa9fffff
15268,880ab24c0bfffff
15269,880ab2333dfffff
15270,880ab22113fffff
15271,880ab33039fffff
15272,880ab30a63fffff
15273,880ab246c7fffff
15274,880a8616d9fffff
15275,880ab26b27fffff
15276,880ab269b1fffff
15277,880ab35905fffff
15278,880ab264d1fffff
15279,880ab3522dfffff
15280,880ab20231fffff
15281,880ab20dc5fffff
15282,880ab260ddfffff
15283,880ab30e09fffff
15284,880ab22e37fffff
15285,880ab34409fffff
15286,880ab34607fffff
15287,880ab2cd43fffff
15288,880ab26c07fffff
15289,880ab2b507fffff
15290,880ab22eadfffff
15291,880a869b43fffff
15292,880a86c689fffff
15293,880ab30f69fffff
15294,880ab3492dfffff
15295,880ab169a3fffff
15296,880ab24907fffff
15297,880ab3cabdfffff
15298,880ab230e3fffff
15299,880ab34e1bfffff
15300,880ab22c81fffff
15301,880ab3ce59fffff
15302,880ab3aa43fffff
15303,880ab302ebfffff
15304,880ab3a85dfffff
15305,880ab2b993fffff
15306,880ab2623bfffff
15307,880ab35981fffff
15308,880ab37a99fffff
15309,880a86010dfffff
15310,880ab32a0dfffff
15311,880ab30ea7fffff
15312,880ab3b501fffff
15313,880ab16ab9fffff
15314,88252d9143fffff
15315,880ab16ce7fffff
15316,880ab23725fffff
15317,880ab24761fffff
15318,880ab35843fffff
15319,880ab2125bfffff
15320,880a86c767fffff
15321,880a8601adfffff
15322,880ab216d9fffff
15323,880a949b05fffff
15324,880ab3d88dfffff
15325,880ab31a43fffff
15326,880ab26dcdfffff
15327,880ab20605fffff
15328,880ab3d327fffff
15329,880a869809fffff
15330,880ab27033fffff
15331,880ab20c11fffff
15332,88252d88c5fffff
15333,880a86b209fffff
15334,880a86d9abfffff
15335,880ab24725fffff
15336,880a949501fffff
15337,880ab2c923fffff
15338,88252d8b63fffff
15339,880ab31061fffff
15340,880ab3358dfffff
15341,880a949607fffff
15342,880ab16c4dfffff
15343,880ab3cd11fffff
15344,880ab30aa5fffff
15345,880a86bac1fffff
15346,880ab334e1fffff
15347,880ab2c46dfffff
15348,880a84489bfffff
15349,880ab3a511fffff
15350,880a94b6ebfffff
15351,880ab2a2e9fffff
15352,880a86d54dfffff
15353,880ab2d1bdfffff
15354,880ab3c851fffff
15355,880ab35409fffff
15356,880ab3cf65fffff
15357,880a8449c9fffff
15358,880ab3a657fffff
15359,880ab332bdfffff
15360,880ab17acdfffff
15361,880a8614d3fffff
15362,880a86aa03fffff
15363,880ab3380bfffff
15364,880ab3cca9fffff
15365,880ab316c3fffff
15366,880a868a8bfffff
15367,880ab335b9fffff
15368,880ab24aa3fffff
15369,880ab27b35fffff
15370,880ab214d7fffff
15371,880ab20457fffff
15372,880ab3080dfffff
15373,880ab2cc8dfffff
15374,88252d806dfffff
15375,880ab30089fffff
15376,880a9495d1fffff
15377,880ab22459fffff
15378,880ab3d19bfffff
15379,880ab2b095fffff
15380,880a86a239fffff
15381,880a861b0bfffff
15382,880ab35255fffff
15383,880ab2d505fffff
15384,880ab370e3fffff
15385,880ab37025fffff
15386,880ab302a3fffff
15387,880ab14d8bfffff
15388,880ab2c543fffff
15389,880a86c847fffff
15390,880ab3a4abfffff
15391,880ab2321bfffff
15392,880ab249bbfffff
15393,880ab31b39fffff
15394,880ab2ae49fffff
15395,880ab2635dfffff
15396,880ab3ca4bfffff
15397,880ab2af27fffff
15398,880ab2aa61fffff
15399,880ab3d35bfffff
15400,880ab37253fffff
15401,880ab3d9d5fffff
15402,880a86d2a9fffff
15403,880ab24989fffff
15404,880a86019bfffff
15405,880ab20e0bfffff
15406,880ab2cf59fffff
15407,880ab3c53dfffff
15408,880a9482ebfffff
15409,880a861361fffff
15410,880ab34b1bfffff
15411,880ab2bb0bfffff
15412,880a861261fffff
15413,880ab27629fffff
15414,880a868429fffff
15415,880a86d9b1fffff
15416,880ab34651fffff
15417,880ab284d1fffff
15418,880ab21197fffff
15419,880ab2c753fffff
15420,880ab2a6b1fffff
15421,880ab252a5fffff
15422,88252d91c1fffff
15423,880ab2364bfffff
15424,880a86c649fffff
15425,880ab22049fffff
15426,880ab24557fffff
15427,880a86c4bdfffff
15428,880a86a8c1fffff
15429,880ab161a5fffff
15430,880a86d809fffff
15431,880ab210d1fffff
15432,880ab34741fffff
15433,880a86d43dfffff
15434,880ab26847fffff
15435,88252dd28bfffff
15436,880ab20a3dfffff
15437,880a861305fffff
15438,880ab238d9fffff
15439,880a869849fffff
15440,880a8448adfffff
15441,880ab249bdfffff
15442,880ab20619fffff
15443,880ab2089bfffff
15444,880ab3a4e1fffff
15445,880ab244a5fffff
15446,880a86b819fffff
15447,880ab2c2d5fffff
15448,880ab34a57fffff
15449,880ab2b1a1fffff
15450,880ab2693bfffff
15451,880ab32667fffff
15452,880ab3c74dfffff
15453,880ab37121fffff
15454,880ab2588bfffff
15455,880a869b41fffff
15456,880ab26e29fffff
15457,880a8616ebfffff
15458,880ab22a23fffff
15459,88252d98a1fffff
15460,880a8632adfffff
15461,880a94874dfffff
15462,880a86c0b1fffff
15463,880ab12d37fffff
15464,880ab16b45fffff
15465,880ab30419fffff
15466,880ab3c26bfffff
15467,880a868a1dfffff
15468,880ab332cbfffff
15469,880ab37843fffff
15470,880ab30e8bfffff
15471,880ab16023fffff
15472,88252d9a61fffff
15473,880ab32249fffff
15474,880ab3d147fffff
15475,880ab340d5fffff
15476,880ab24719fffff
15477,880ab2c9e5fffff
15478,880ab16855fffff
15479,880a861157fffff
15480,880ab22c69fffff
15481,880ab2ca99fffff
15482,880ab25591fffff
15483,880ab35625fffff
15484,88252d9aa7fffff
15485,880ab2b8d3fffff
15486,880ab3a285fffff
15487,880ab30069fffff
15488,880ab269abfffff
15489,880ab252ddfffff
15490,880ab21329fffff
15491,880ab3474dfffff
15492,880ab21a83fffff
15493,880a86946dfffff
15494,880ab2701bfffff
15495,880ab371c1fffff
15496,880a86da3bfffff
15497,880ab2a8cdfffff
15498,880ab322a7fffff
15499,880ab26089fffff
15500,880ab3a6a7fffff
15501,880a8600edfffff
15502,880ab32619fffff
15503,880ab37287fffff
15504,880ab21223fffff
15505,880ab37a51fffff
15506,880ab3332dfffff
15507,880ab21a47fffff
15508,88252dd45dfffff
15509,880ab224a1fffff
15510,880a869847fffff
15511,880a861a5bfffff
15512,880ab3383bfffff
15513,880ab3a8edfffff
15514,880a868819fffff
15515,880a86a929fffff
15516,880ab3733dfffff
15517,880ab2ac23fffff
15518,880ab17a8dfffff
15519,880a8682adfffff
15520,880a86820dfffff
15521,88252d9b5dfffff
15522,880a9494e5fffff
15523,880ab3221dfffff
15524,880a86880bfffff
15525,880ab258c7fffff
15526,880ab2d097fffff
15527,880ab35169fffff
15528,880a94825bfffff
15529,880a86d16bfffff
15530,880ab22d4dfffff
15531,880ab1680dfffff
15532,880a94b005fffff
15533,880a844ac7fffff
15534,880a8691b1fffff
15535,880ab3d869fffff
15536,880ab16a31fffff
15537,880ab24f57fffff
15538,880ab32729fffff
15539,880ab26615fffff
15540,880ab27941fffff
15541,880ab33667fffff
15542,880ab24313fffff
15543,880ab308c5fffff
15544,880ab270ebfffff
15545,880a860657fffff
15546,880ab30e19fffff
15547,880ab27051fffff
15548,880ab20e51fffff
15549,880ab3153dfffff
15550,880ab215c1fffff
15551,880a86d751fffff
15552,880ab33035fffff
15553,880ab2204bfffff
15554,880ab179d3fffff
15555,880ab25853fffff
15556,880ab3d131fffff
15557,880a86b287fffff
15558,880ab3acabfffff
15559,88252cb6cdfffff
15560,880a863225fffff
15561,880ab24163fffff
15562,880a86c1dbfffff
15563,880ab16d59fffff
15564,88252d8a09fffff
15565,880ab34083fffff
15566,880a860605fffff
15567,880ab24965fffff
15568,880ab24d97fffff
15569,880a86c569fffff
15570,880ab2a647fffff
15571,880ab351a7fffff
15572,880ab21855fffff
15573,880ab24e69fffff
15574,880a861601fffff
15575,880ab2a803fffff
15576,880ab24e8bfffff
15577,880ab3092bfffff
15578,880ab3c4a3fffff
15579,880ab24ce1fffff
15580,880ab30751fffff
15581,88252d932bfffff
15582,880a8441adfffff
15583,880a868b03fffff
15584,880a868c07fffff
15585,880ab3d829fffff
15586,880ab315b3fffff
15587,880ab205e5fffff
15588,880ab33525fffff
15589,880ab3cb29fffff
15590,880ab30c0bfffff
15591,880ab165ddfffff
15592,880ab2d8b3fffff
15593,880ab23561fffff
15594,880ab3d243fffff
15595,880ab2a729fffff
15596,880ab276c5fffff
15597,880ab35813fffff
15598,880a86d9dbfffff
15599,880ab169c9fffff
15600,880ab30d87fffff
15601,880a869587fffff
15602,880a94b631fffff
15603,880ab30459fffff
15604,880ab164ebfffff
15605,880a86d145fffff
15606,880a84482dfffff
15607,880ab23a59fffff
15608,880ab2d027fffff
15609,880ab37305fffff
15610,880ab22999fffff
15611,880ab32a85fffff
15612,880ab202b5fffff
15613,880ab2c1a9fffff
15614,880ab2023dfffff
15615,880a86d559fffff
15616,880ab3370bfffff
15617,880ab30931fffff
15618,880ab3c24dfffff
15619,880ab22a59fffff
15620,880ab22b6bfffff
15621,880a86a861fffff
15622,880ab265d3fffff
15623,880ab2623dfffff
15624,880a86d6b5fffff
15625,880ab37989fffff
15626,880ab30f39fffff
15627,880ab2744dfffff
15628,880ab215c9fffff
15629,880a8602b3fffff
15630,880a844b25fffff
15631,880ab38917fffff
15632,880ab2a859fffff
15633,880ab16cbdfffff
15634,880ab2c9adfffff
15635,880ab22a4dfffff
15636,880a86d21bfffff
15637,880ab2a095fffff
15638,880ab339cbfffff
15639,880ab20da1fffff
15640,880a869437fffff
15641,880ab2a89bfffff
15642,880ab3aa21fffff
15643,880ab23249fffff
15644,880ab2a615fffff
15645,880a844a3dfffff
15646,88252dd6dbfffff
15647,880ab20423fffff
15648,880ab21819fffff
15649,880ab16607fffff
15650,880ab2cda9fffff
15651,880ab16045fffff
15652,880ab24c05fffff
15653,880ab224bdfffff
15654,88252d9a81fffff
15655,880a861245fffff
15656,880a861ac5fffff
15657,880a86a32bfffff
15658,880ab332b3fffff
15659,880a868339fffff
15660,880a860313fffff
15661,880ab23639fffff
15662,880ab275a3fffff
15663,880ab3ca9dfffff
15664,880a86101bfffff
15665,88252d9339fffff
15666,880ab260b7fffff
15667,880ab358e7fffff
15668,880ab17911fffff
15669,880a86ccd1fffff
15670,880ab20265fffff
15671,880ab239dbfffff
15672,880a86c619fffff
15673,880ab3cddbfffff
15674,880ab16057fffff
15675,880ab355d7fffff
15676,880ab2b761fffff
15677,880a86c35bfffff
15678,880ab2aa91fffff
15679,880a86a961fffff
15680,880a86c9c3fffff
15681,880ab3416bfffff
15682,880ab2a8b3fffff
15683,880ab3cd85fffff
15684,880a86a8edfffff
15685,880ab24c87fffff
15686,880ab20859fffff
15687,880a844851fffff
15688,880a860717fffff
15689,880ab25899fffff
15690,880ab3c757fffff
15691,880ab2c681fffff
15692,880ab35199fffff
15693,880ab3c5bbfffff
15694,880ab3ada3fffff
15695,880ab25721fffff
15696,880a869b31fffff
15697,880ab2259bfffff
15698,880ab24b2dfffff
15699,880a949b0dfffff
15700,880ab230a3fffff
15701,880ab3b521fffff
15702,880ab20cb9fffff
15703,880ab232c3fffff
15704,880a868c01fffff
15705,880ab2b837fffff
15706,880ab3a009fffff
15707,880a8680d3fffff
15708,880a863143fffff
15709,880ab2d6b1fffff
15710,880ab2bab1fffff
15711,880a86cd51fffff
15712,880ab27113fffff
15713,880a86a937fffff
15714,880ab254dbfffff
15715,880ab3a701fffff
15716,880a86176bfffff
15717,880ab2280dfffff
15718,880ab24de9fffff
15719,880ab24635fffff
15720,880a86b151fffff
15721,880ab1615dfffff
15722,88252d90b7fffff
15723,880ab2a0cdfffff
15724,880ab3b759fffff
15725,880a86a24dfffff
15726,880ab16129fffff
15727,880a86c037fffff
15728,880ab2b543fffff
15729,880a86bb15fffff
15730,880ab2189dfffff
15731,880ab30a1dfffff
15732,880a86521dfffff
15733,880ab3c5dbfffff
15734,880ab2a9c1fffff
15735,880ab22d35fffff
15736,880ab254abfffff
15737,880ab2c1bbfffff
15738,880ab219a1fffff
15739,880ab28897fffff
15740,880ab32b51fffff
15741,880ab2b0ebfffff
15742,880ab26d41fffff
15743,880a86d6b1fffff
15744,880a86d553fffff
15745,880ab3c8c9fffff
15746,880ab24347fffff
15747,880ab345d1fffff
15748,880ab23963fffff
15749,880ab27969fffff
15750,880ab266e7fffff
15751,880ab2aed7fffff
15752,880ab34f21fffff
15753,880ab23951fffff
15754,880ab3cae1fffff
15755,880ab2d157fffff
15756,880a844b47fffff
15757,880ab3a139fffff
15758,880ab30c37fffff
15759,880a8610b3fffff
15760,880ab171a5fffff
15761,880ab3c767fffff
15762,880a86c0a9fffff
15763,880ab2894dfffff
15764,880ab34099fffff
15765,880a860013fffff
15766,880ab2cd51fffff
15767,880a844aabfffff
15768,880a86d903fffff
15769,880ab2a049fffff
15770,880a86b9b7fffff
15771,880ab2d123fffff
15772,880ab3d425fffff
15773,880ab3d8ddfffff
15774,880a86d9cbfffff
15775,880ab348a9fffff
15776,880a86cd87fffff
15777,880ab31103fffff
15778,880a860203fffff
15779,880ab3db61fffff
15780,880a86c1b5fffff
15781,880ab166c5fffff
15782,880ab2bb67fffff
15783,880ab20a59fffff
15784,880ab2b987fffff
15785,880ab32005fffff
15786,880ab20a13fffff
15787,880ab3565dfffff
15788,880ab3aa19fffff
15789,880ab32695fffff
15790,880ab30ea1fffff
15791,880a844989fffff
15792,880ab22a37fffff
15793,880a86c827fffff
15794,880a86dad5fffff
15795,880a86a835fffff
15796,880ab3aa3dfffff
15797,880ab22f01fffff
15798,880ab2c823fffff
15799,88252d8831fffff
15800,880a869449fffff
15801,880ab21417fffff
15802,880a86d4a5fffff
15803,880a86cc01fffff
15804,880ab20d6bfffff
15805,880ab1636dfffff
15806,880ab20897fffff
15807,880ab23953fffff
15808,880ab3ccd5fffff
15809,880ab23459fffff
15810,880ab34aa7fffff
15811,880ab3404dfffff
15812,880ab348c7fffff
15813,880a8614a1fffff
15814,880ab2ca11fffff
15815,880ab3d801fffff
15816,880ab31159fffff
15817,880ab3410dfffff
15818,880ab342adfffff
15819,880ab338cbfffff
15820,880ab2302bfffff
15821,880ab25651fffff
15822,880ab2a5e5fffff
15823,88252d8a19fffff
15824,880ab2bb65fffff
15825,880ab24113fffff
15826,880ab30849fffff
15827,880ab26b0bfffff
15828,880ab23153fffff
15829,880ab2ad65fffff
15830,880a8606ddfffff
15831,880ab27441fffff
15832,880ab2bb31fffff
15833,880ab30d8bfffff
15834,880ab32ac3fffff
15835,880a86073bfffff
15836,880ab304b5fffff
15837,880ab3d101fffff
15838,880a86b067fffff
15839,880ab23b37fffff
15840,880ab22a93fffff
15841,880ab3c247fffff
15842,880ab31a13fffff
15843,880ab2a243fffff
15844,880ab17a13fffff
15845,880ab3451dfffff
15846,880ab2301dfffff
15847,880a86534dfffff
15848,880a86a905fffff
15849,880ab23739fffff
15850,880ab2b989fffff
15851,880ab238a7fffff
15852,880ab221d7fffff
15853,880ab3b93dfffff
15854,880ab22c99fffff
15855,880ab3ca91fffff
15856,880ab2556bfffff
15857,880ab35547fffff
15858,880ab3adb9fffff
15859,880ab3c8d1fffff
15860,880ab2a703fffff
15861,880ab2d5d9fffff
15862,880ab3d223fffff
15863,880ab3a2adfffff
15864,880ab22905fffff
15865,880ab171b1fffff
15866,880ab162ebfffff
15867,880a86c211fffff
15868,880ab3b6d3fffff
15869,880a868157fffff
15870,880ab24acbfffff
15871,880ab3211dfffff
15872,880a86c4d9fffff
15873,880ab3462dfffff
15874,88252d883bfffff
15875,880ab3dae1fffff
15876,880ab3270bfffff
15877,880ab3b585fffff
15878,880ab342c7fffff
15879,880ab3c941fffff
15880,880ab3ccbbfffff
15881,880ab27907fffff
15882,880ab2b0d7fffff
15883,880ab22ce3fffff
15884,880a86304bfffff
15885,880a86d519fffff
15886,880ab23517fffff
15887,880ab30f05fffff
15888,880a8601d9fffff
15889,880ab2d1d1fffff
15890,880ab2781bfffff
15891,880ab219c1fffff
15892,880a8604d5fffff
15893,880ab37a35fffff
15894,880ab33217fffff
15895,880ab3b497fffff
15896,880ab25aa9fffff
15897,880ab23043fffff
15898,880a8696d5fffff
15899,880ab3a8e1fffff
15900,880ab22587fffff
15901,880ab346e9fffff
15902,880ab31161fffff
15903,880ab3d1adfffff
15904,880ab23433fffff
15905,880ab3c865fffff
15906,880a861a93fffff
15907,880ab2c9a1fffff
15908,880ab3c1cdfffff
15909,880ab260adfffff
15910,880ab2c899fffff
15911,880ab31141fffff
15912,880ab321b9fffff
15913,880a9482b1fffff
15914,880ab34d85fffff
15915,880ab2164dfffff
15916,880ab162a9fffff
15917,880ab308a5fffff
15918,880ab211b1fffff
15919,880ab37665fffff
15920,880ab2c711fffff
15921,880ab24c91fffff
15922,880a86b199fffff
15923,880a860ac1fffff
15924,880ab2b087fffff
15925,880ab25237fffff
15926,880ab2c68bfffff
15927,880a86c64dfffff
15928,880ab232ebfffff
15929,880ab326d5fffff
15930,880ab3330bfffff
15931,88252d98bbfffff
15932,880ab200d7fffff
15933,880ab2ab29fffff
15934,880a86168bfffff
15935,880ab20745fffff
15936,880ab3561dfffff
15937,880ab36343fffff
15938,880ab258dbfffff
15939,880ab3b683fffff
15940,880ab23a81fffff
15941,880a86aa55fffff
15942,880a86b9e7fffff
15943,88252d9903fffff
15944,880ab2c133fffff
15945,880ab2c183fffff
15946,880ab304c5fffff
15947,880ab21027fffff
15948,880a86d18bfffff
15949,880ab27237fffff
15950,880ab22745fffff
15951,880ab2111bfffff
15952,880a86a9e3fffff
15953,880ab2b055fffff
15954,880ab22dc3fffff
15955,880ab37b25fffff
15956,880ab3d155fffff
15957,880a86b8d3fffff
15958,880ab3c859fffff
15959,880a86ba33fffff
15960,880ab34d31fffff
15961,880ab3aca9fffff
15962,880a844a61fffff
15963,880a86d1cbfffff
15964,880ab22115fffff
15965,880ab2ac49fffff
15966,880ab2600bfffff
15967,880ab2ad6bfffff
15968,880ab16c85fffff
15969,880ab2381bfffff
15970,880ab26405fffff
15971,880ab3775bfffff
15972,88252d9921fffff
15973,880a86c85dfffff
15974,880ab2b2a9fffff
15975,880ab2741dfffff
15976,880ab2c995fffff
15977,880ab24731fffff
15978,880ab164e1fffff
15979,880ab2448bfffff
15980,880a86c097fffff
15981,880ab2a929fffff
15982,880ab3a48bfffff
15983,88252d9a0dfffff
15984,880ab34cd7fffff
15985,880ab22d1dfffff
15986,880a94941bfffff
15987,880ab2736dfffff
15988,880ab30d6bfffff
15989,880a86a011fffff
15990,880ab284a3fffff
15991,880ab2bb21fffff
15992,880ab2a1cdfffff
15993,880ab26595fffff
15994,880ab34a5dfffff
15995,880ab21b09fffff
15996,880ab2ac63fffff
15997,880a86db5bfffff
15998,880a844999fffff
15999,880ab349c7fffff
16000,880ab16d97fffff
16001,880ab2aeb3fffff
16002,880ab306e1fffff
16003,880ab30c07fffff
16004,880a86810bfffff
16005,880ab21ac9fffff
16006,880ab14da9fffff
16007,880ab269c5fffff
16008,880a8685a9fffff
16009,880ab20337fffff
16010,88252cb61dfffff
16011,880a86b939fffff
16012,880ab16905fffff
16013,880a844961fffff
16014,880ab34f45fffff
16015,880ab21511fffff
16016,880ab30e45fffff
16017,880ab2780dfffff
16018,88252dd749fffff
16019,880ab26d93fffff
16020,880ab330ebfffff
16021,880a86d5a9fffff
16022,880ab3b707fffff
16023,880ab272e3fffff
16024,880ab208c3fffff
16025,880ab37967fffff
16026,880a86cb4dfffff
16027,880ab2af51fffff
16028,880ab2cf25fffff
16029,880ab32a6bfffff
16030,880ab2682bfffff
16031,880a869a29fffff
16032,880ab3aaddfffff
16033,880a860e51fffff
16034,880ab21a37fffff
16035,880ab2c0d3fffff
16036,880ab16303fffff
16037,880ab2a1a5fffff
16038,880a86b2adfffff
16039,880ab2a943fffff
16040,880a8690e1fffff
16041,880ab3b405fffff
16042,880ab288b1fffff
16043,880a86b239fffff
16044,880ab30649fffff
16045,880ab22da3fffff
16046,880a8695e3fffff
16047,880ab33257fffff
16048,880ab16cb1fffff
16049,880ab2a447fffff
16050,880a86c5a1fffff
16051,880ab3a727fffff
16052,880ab209a3fffff
16053,880ab275d1fffff
16054,880ab34e55fffff
16055,880a949465fffff
16056,880ab219bbfffff
16057,880ab2c597fffff
16058,880ab278b5fffff
16059,880ab314abfffff
16060,880a868d23fffff
16061,880ab2b135fffff
16062,880ab14d87fffff
16063,880ab305adfffff
16064,880ab2003bfffff
16065,880ab23a2dfffff
16066,880ab175a3fffff
16067,880ab30643fffff
16068,880a86cb39fffff
16069,880a86c91bfffff
16070,880a8688e7fffff
16071,880a861869fffff
16072,880a869093fffff
16073,880ab26e27fffff
16074,880ab21849fffff
16075,880ab22aa5fffff
16076,880ab34031fffff
16077,880ab31b15fffff
16078,880ab24dd5fffff
16079,880ab32a97fffff
16080,880a86ce03fffff
16081,880ab2b057fffff
16082,880a86540dfffff
16083,880a869345fffff
16084,880ab2413bfffff
16085,880a86ba5bfffff
16086,880ab219cbfffff
16087,880ab27403fffff
16088,880ab3d189fffff
16089,880ab212d7fffff
16090,880ab271abfffff
16091,880a8682b5fffff
16092,880ab1600bfffff
16093,880ab31a0bfffff
16094,88252d9a55fffff
16095,880a868f0dfffff
16096,880ab3c089fffff
16097,880ab129adfffff
16098,880ab3c4b1fffff
16099,880a869283fffff
16100,880ab26e35fffff
16101,880ab2c929fffff
16102,880ab208dbfffff
16103,880ab24b31fffff
16104,88252d832dfffff
16105,880ab37303fffff
16106,880ab30489fffff
16107,880a869925fffff
16108,880ab21645fffff
16109,880ab2b125fffff
16110,880ab3533dfffff
16111,880ab3c141fffff
16112,880ab23223fffff
16113,880ab35931fffff
16114,880ab24539fffff
16115,880ab2420dfffff
16116,880ab17addfffff
16117,880a86569dfffff
16118,880a86cf0dfffff
16119,880ab1799bfffff
16120,880ab33529fffff
16121,880a8699a5fffff
16122,880ab3d537fffff
16123,880ab16e93fffff
16124,880ab239a1fffff
16125,880a868a63fffff
16126,880a86a319fffff
16127,880ab24e27fffff
16128,880ab3da27fffff
16129,880ab3ab4bfffff
16130,880ab2680bfffff
16131,880ab254cdfffff
16132,880ab16853fffff
16133,880ab3b993fffff
16134,880ab22261fffff
16135,880ab2cf11fffff
16136,880a86b18dfffff
16137,880ab24a9dfffff
16138,880a86c21bfffff
16139,880ab244e5fffff
16140,880ab37845fffff
16141,880ab16d8bfffff
16142,880a869033fffff
16143,880ab37119fffff
16144,880a86802bfffff
16145,880ab2ba33fffff
16146,880a86cf15fffff
16147,880a868561fffff
16148,880ab28e85fffff
16149,880a8614d1fffff
16150,880ab33013fffff
16151,880ab2465bfffff
16152,880ab35469fffff
16153,880ab34005fffff
16154,880ab339a3fffff
16155,880ab24eabfffff
16156,880ab16f31fffff
16157,880ab249b1fffff
16158,880ab249c3fffff
16159,880ab20d67fffff
16160,880ab3488bfffff
16161,880a86b997fffff
16162,880ab332a3fffff
16163,880ab238d3fffff
16164,880ab33249fffff
16165,880a860acdfffff
16166,880ab37869fffff
16167,880ab3c125fffff
16168,88252d9a1dfffff
16169,880ab2a13bfffff
16170,880ab238b7fffff
16171,880a869001fffff
16172,880ab2cf6dfffff
16173,880ab3384dfffff
16174,880ab35287fffff
16175,880ab24153fffff
16176,880ab34adbfffff
16177,880a861759fffff
16178,880ab25225fffff
16179,880a861007fffff
16180,880ab22865fffff
16181,880a861537fffff
16182,880ab3c34bfffff
16183,880ab33747fffff
16184,880ab30c17fffff
16185,880ab3d5e1fffff
16186,880a8600d3fffff
16187,88252dd765fffff
16188,880ab261ebfffff
16189,880ab2d5e9fffff
16190,880ab1610dfffff
16191,880a868eb5fffff
16192,880ab25405fffff
16193,880a86d4d7fffff
16194,880ab234b9fffff
16195,880ab24285fffff
16196,880ab21219fffff
16197,880a86b98bfffff
16198,880ab269a3fffff
16199,880ab22f05fffff
16200,880ab30811fffff
16201,880ab30f4dfffff
16202,880ab359e3fffff
16203,880a868553fffff
16204,880ab20739fffff
16205,880ab34907fffff
16206,880ab2b019fffff
16207,880ab16e15fffff
16208,880ab3770dfffff
16209,880ab3b0c1fffff
16210,880ab22cedfffff
16211,880ab23811fffff
16212,880ab179e3fffff
16213,880a8684e5fffff
16214,880ab24f03fffff
16215,880a94970bfffff
16216,880a861a61fffff
16217,880ab21707fffff
16218,880ab16e21fffff
16219,880ab1660bfffff
16220,880a86a039fffff
16221,880ab33907fffff
16222,880ab305d1fffff
16223,880ab21019fffff
16224,880a86d929fffff
16225,880ab38915fffff
16226,880a8611c1fffff
16227,880ab3c21bfffff
16228,88252d9aa9fffff
16229,880a86d069fffff
16230,880a9495e1fffff
16231,88252d8a21fffff
16232,880ab232adfffff
16233,880ab20825fffff
16234,880a8602ebfffff
16235,880ab1669bfffff
16236,880ab34ad7fffff
16237,880ab240cdfffff
16238,880a86d869fffff
16239,88252d8b13fffff
16240,880a94d2edfffff
16241,880ab22413fffff
16242,880ab2cd91fffff
16243,880a868adbfffff
16244,880ab26115fffff
16245,880ab20d85fffff
16246,880ab22d07fffff
16247,880a86c165fffff
16248,880ab37b15fffff
16249,880ab241bbfffff
16250,880ab22aa1fffff
16251,880ab336e9fffff
16252,880ab24ad1fffff
16253,880ab3089dfffff
16254,88252d9841fffff
16255,880ab14d95fffff
16256,880ab248b3fffff
16257,880ab3ada1fffff
16258,88252d913dfffff
16259,880a868443fffff
16260,880ab33069fffff
16261,880ab3ae07fffff
16262,880ab3a4c1fffff
16263,880ab2a86bfffff
16264,880ab3b917fffff
16265,880a8614bbfffff
16266,880ab254c7fffff
16267,880ab37b37fffff
16268,88252d9291fffff
16269,880ab28db3fffff
16270,880ab232d3fffff
16271,880a86d15bfffff
16272,880ab2d513fffff
16273,880ab2cde1fffff
16274,880a86c135fffff
16275,880ab2541dfffff
16276,880ab20849fffff
16277,880ab20867fffff
16278,880ab3011bfffff
16279,880ab3741dfffff
16280,880a8448a3fffff
16281,880ab3c0d7fffff
16282,880ab2511bfffff
16283,880ab34eb9fffff
16284,880ab2a2abfffff
16285,880ab16d03fffff
16286,880ab201b9fffff
16287,880ab2ad63fffff
16288,880ab2aac9fffff
16289,880ab37061fffff
16290,880a86c2ddfffff
16291,880a8681d7fffff
16292,880ab2aa9dfffff
16293,880ab26ab5fffff
16294,880ab2a52bfffff
16295,880ab26e5bfffff
16296,880ab24e65fffff
16297,880a86af53fffff
16298,880a86c6cbfffff
16299,880a86d0b1fffff
16300,880a863361fffff
16301,880ab20953fffff
16302,880a861343fffff
16303,880a844981fffff
16304,880ab2aa9bfffff
16305,880a8695cdfffff
16306,880a868485fffff
16307,880ab16a2bfffff
16308,880ab3d895fffff
16309,880ab26543fffff
16310,880ab3523dfffff
16311,880a8601e9fffff
16312,880a868f07fffff
16313,880ab3cee5fffff
16314,880ab22ce7fffff
16315,880ab24d47fffff
16316,880ab34759fffff
16317,880ab26b37fffff
16318,880a949699fffff
16319,880ab2ce5dfffff
16320,880ab31529fffff
16321,880ab309bbfffff
16322,880a86a353fffff
16323,880ab2065bfffff
16324,880ab16265fffff
16325,880ab25119fffff
16326,880ab2304bfffff
16327,880ab35a23fffff
16328,880ab22867fffff
16329,880ab35ad5fffff
16330,880ab2b121fffff
16331,880ab35097fffff
16332,880ab3014dfffff
16333,880a86326bfffff
16334,880a868749fffff
16335,880ab26689fffff
16336,880a861727fffff
16337,880ab26347fffff
16338,880ab2d421fffff
16339,880ab2b8e1fffff
16340,880a86bad1fffff
16341,880ab27593fffff
16342,880ab35ac1fffff
16343,880a86064bfffff
16344,880ab3c0bdfffff
16345,880ab2b0d9fffff
16346,880ab3a731fffff
16347,880ab2d4a5fffff
16348,880ab236b5fffff
16349,880ab23351fffff
16350,880ab3568bfffff
16351,880ab2108dfffff
16352,880ab2395bfffff
16353,880ab175b9fffff
16354,880ab3088dfffff
16355,880ab22ab9fffff
16356,880ab23617fffff
16357,880ab376b1fffff
16358,880ab23311fffff
16359,880ab2b491fffff
16360,880ab33ac1fffff
16361,880ab3aed1fffff
16362,880ab23747fffff
16363,880a86aa27fffff
16364,880ab3792bfffff
16365,880a8691b7fffff
16366,880a86ab69fffff
16367,880a861589fffff
16368,880ab34403fffff
16369,880ab3d5ebfffff
16370,880ab306adfffff
16371,880ab27859fffff
16372,880a865255fffff
16373,880a86af47fffff
16374,880ab356c3fffff
16375,880ab211c3fffff
16376,880a868cbbfffff
16377,880ab22853fffff
16378,880ab3302dfffff
16379,880a86c159fffff
16380,880ab3ca2bfffff
16381,880ab3cdc3fffff
16382,880a86c2adfffff
16383,880ab22a13fffff
16384,880ab37701fffff
16385,880ab3c881fffff
16386,880ab2641bfffff
16387,880ab24945fffff
16388,880ab304bdfffff
16389,880a86d243fffff
16390,880ab20e4bfffff
16391,880ab22425fffff
16392,880ab3c0e3fffff
16393,880ab37a3dfffff
16394,880a86d1d1fffff
16395,88252d8b03fffff
16396,880a861989fffff
16397,880ab20737fffff
16398,880a8618b3fffff
16399,88252d918bfffff
16400,880ab3c4d7fffff
16401,880ab22e09fffff
16402,880ab3a72dfffff
16403,880a86bb27fffff
16404,880ab21b59fffff
16405,880ab26127fffff
16406,880ab3a33bfffff
16407,880ab35ab7fffff
16408,880ab211cbfffff
16409,880ab37403fffff
16410,880a86a8a5fffff
16411,880ab315c7fffff
16412,880a86c923fffff
16413,880ab22ae7fffff
16414,880ab37227fffff
16415,880ab22325fffff
16416,880ab24183fffff
16417,880a86c357fffff
16418,880ab2319dfffff
16419,880a868411fffff
16420,880ab2004bfffff
16421,880ab22e29fffff
16422,880ab3a0bbfffff
16423,880ab3b4b9fffff
16424,880a86812dfffff
16425,880a8601d1fffff
16426,880ab3c99bfffff
16427,880ab23841fffff
16428,880a94b205fffff
16429,880a86c499fffff
16430,880ab254d3fffff
16431,880ab260d5fffff
16432,880ab34e51fffff
16433,880ab3240bfffff
16434,880ab27061fffff
16435,880ab3558bfffff
16436,880a860183fffff
16437,880ab358bbfffff
16438,880ab3a70dfffff
16439,880ab34453fffff
16440,880ab356a1fffff
16441,880ab3051bfffff
16442,880a86a1b9fffff
16443,880a861921fffff
16444,880ab30c69fffff
16445,880ab37021fffff
16446,880ab3ae89fffff
16447,880a86a951fffff
16448,880ab262ebfffff
16449,880a86d0e1fffff
16450,880ab35713fffff
16451,88252d9105fffff
16452,880ab3c8abfffff
16453,880ab358a3fffff
16454,880a86a005fffff
16455,880a860325fffff
16456,880a86db03fffff
16457,880ab269e5fffff
16458,880ab24561fffff
16459,88252dd283fffff
16460,880ab225cdfffff
16461,880ab2763bfffff
16462,880ab26635fffff
16463,880ab28db9fffff
16464,880ab33109fffff
16465,880ab34009fffff
16466,880a86d861fffff
16467,880ab33355fffff
16468,880a94d2d1fffff
16469,880ab3da0dfffff
16470,880ab24465fffff
16471,880a860405fffff
16472,880ab30f43fffff
16473,880a86a305fffff
16474,880ab340e5fffff
16475,880ab2714dfffff
16476,880ab34105fffff
16477,880ab2a469fffff
16478,880ab2a541fffff
16479,880ab161edfffff
16480,880ab2466bfffff
16481,880ab16d23fffff
16482,880ab16d29fffff
16483,880a86d161fffff
16484,880ab3c693fffff
16485,880a86c305fffff
16486,880a86a263fffff
16487,880ab24327fffff
16488,880ab22dddfffff
16489,880a844825fffff
16490,88252d8311fffff
16491,880a86d185fffff
16492,880a86031dfffff
16493,880a86126bfffff
16494,880ab3cdd3fffff
16495,880ab2c5ebfffff
16496,880a86b9bbfffff
16497,880ab3b9a7fffff
16498,880ab24993fffff
16499,880ab349c1fffff
16500,880ab31b0bfffff
16501,880a94d305fffff
16502,880ab179bbfffff
16503,880a86c425fffff
16504,880ab20ab5fffff
16505,880a868d9dfffff
16506,880ab16e33fffff
16507,880ab319e3fffff
16508,880ab344c5fffff
16509,880ab32ad1fffff
16510,880ab27509fffff
16511,880a868b13fffff
16512,880ab33b4bfffff
16513,880ab3b9c3fffff
16514,880ab34c65fffff
16515,880ab068bbfffff
16516,880a869737fffff
16517,880ab2a8abfffff
16518,880ab2ad3dfffff
16519,880ab27aa1fffff
16520,880ab20e85fffff
16521,880a869b01fffff
16522,880ab27639fffff
16523,880ab3ce81fffff
16524,880ab26097fffff
16525,880ab16a63fffff
16526,880ab2b91dfffff
16527,880ab22eddfffff
16528,880ab2269dfffff
16529,880ab3c42dfffff
16530,880a86d029fffff
16531,880a844937fffff
16532,880ab34b6dfffff
16533,880a94b551fffff
16534,880ab30947fffff
16535,880ab27111fffff
16536,880ab31031fffff
16537,880ab3d12dfffff
16538,880ab254e5fffff
16539,880ab2ab23fffff
16540,880a94b2c9fffff
16541,880ab31185fffff
16542,880ab244c3fffff
16543,880ab20ed7fffff
16544,880ab22a35fffff
16545,880ab33745fffff
16546,880ab3aa0dfffff
16547,880ab2cdc1fffff
16548,88252d9b47fffff
16549,880ab331b5fffff
16550,880ab3a995fffff
16551,880a86ca45fffff
16552,88252d98d1fffff
16553,880a8690abfffff
16554,88252dd611fffff
16555,880ab34ad3fffff
16556,880ab359d9fffff
16557,880ab3d551fffff
16558,880a86851dfffff
16559,880ab26401fffff
16560,880ab20ed3fffff
16561,880ab3c20bfffff
16562,880ab3588dfffff
16563,880ab3304dfffff
16564,880ab24d61fffff
16565,880ab206cdfffff
16566,880ab3b49bfffff
16567,880ab28961fffff
16568,880a86893bfffff
16569,880ab3c6d7fffff
16570,880ab26569fffff
16571,880a868505fffff
16572,880ab255b3fffff
16573,880ab326e7fffff
16574,880ab202b9fffff
16575,88252d902bfffff
16576,880a86302dfffff
16577,880ab23145fffff
16578,880ab35869fffff
16579,880ab20311fffff
16580,880a86cd33fffff
16581,880ab3b9c5fffff
16582,880ab2619dfffff
16583,880ab2caabfffff
16584,880ab204a3fffff
16585,880a86ba51fffff
16586,880ab22e45fffff
16587,880ab26587fffff
16588,880ab2158bfffff
16589,880ab3aea7fffff
16590,880a86b1bdfffff
16591,880ab32e65fffff
16592,880ab31ae1fffff
16593,880a868d2bfffff
16594,880ab30653fffff
16595,880a86808dfffff
16596,88252d9a23fffff
16597,880ab2653bfffff
16598,880ab311ebfffff
16599,880ab23b43fffff
16600,880ab274e7fffff
16601,880ab3a1b3fffff
16602,880ab35651fffff
16603,880ab3c899fffff
16604,880a86b8a5fffff
16605,880ab2a41bfffff
16606,880ab35721fffff
16607,880a860a59fffff
16608,880ab24261fffff
16609,880a86ac69fffff
16610,880ab2341bfffff
16611,880a94b469fffff
16612,880ab20945fffff
16613,880ab2c00dfffff
16614,880ab27143fffff
16615,880a8694e9fffff
16616,880ab161d7fffff
16617,880ab2415bfffff
16618,880ab3723bfffff
16619,880ab302c3fffff
16620,880ab2ca8bfffff
16621,880a949b01fffff
16622,880ab34115fffff
16623,880ab24287fffff
16624,880ab30887fffff
16625,880ab2ccd9fffff
16626,880ab16661fffff
16627,880ab3db13fffff
16628,880ab16aedfffff
16629,880ab25143fffff
16630,880ab24299fffff
16631,880a949593fffff
16632,880ab33531fffff
16633,880ab322a9fffff
16634,880ab3c5b9fffff
16635,880ab225d5fffff
16636,880ab3790bfffff
16637,880ab27589fffff
16638,880ab24107fffff
16639,880a86c581fffff
16640,880ab250e3fffff
16641,880a844845fffff
16642,880ab16423fffff
16643,880a86cab7fffff
16644,880ab36225fffff
16645,880ab24eedfffff
16646,880ab209c1fffff
16647,880ab33b45fffff
16648,880ab210bdfffff
16649,880a86154dfffff
16650,880ab334e5fffff
16651,880a868f1bfffff
16652,880ab3b297fffff
16653,880ab2133dfffff
16654,880ab2cd83fffff
16655,880ab358c3fffff
16656,880ab314cdfffff
16657,880ab231ddfffff
16658,880a86ae47fffff
16659,880a861ae9fffff
16660,880ab37aa7fffff
16661,880ab28ce1fffff
16662,880ab37b55fffff
16663,880a9495e9fffff
16664,880ab345abfffff
16665,880a86ab6dfffff
16666,880ab3cb05fffff
16667,880ab37929fffff
16668,880ab30599fffff
16669,880a8601edfffff
16670,880ab3ad8dfffff
16671,880a8686bdfffff
16672,880a8606e1fffff
16673,880ab2a9bbfffff
16674,880a86c9a9fffff
16675,880ab24f1dfffff
16676,880ab372c9fffff
16677,880a868acbfffff
16678,880ab23085fffff
16679,880a86dae7fffff
16680,880a86a9e5fffff
16681,880ab30c35fffff
16682,880a86c68dfffff
16683,880a86906dfffff
16684,880ab16337fffff
16685,880ab2c49bfffff
16686,880ab28d1bfffff
16687,880ab3c855fffff
16688,880a861331fffff
16689,880ab35a3bfffff
16690,880a86d6d7fffff
16691,880ab37105fffff
16692,880ab322d5fffff
16693,880a94b661fffff
16694,880ab21a07fffff
16695,880ab3c99dfffff
16696,880a86c4e1fffff
16697,880ab25629fffff
16698,880a94b685fffff
16699,880ab26a95fffff
16700,880ab25051fffff
16701,880ab3a733fffff
16702,880a868199fffff
16703,880a8604d3fffff
16704,880a8612c5fffff
16705,880ab300a7fffff
16706,880ab22647fffff
16707,880ab1695bfffff
16708,880ab3a74dfffff
16709,880ab3c9cbfffff
16710,880ab3cc51fffff
16711,880ab2b0cdfffff
16712,880ab2ad57fffff
16713,880ab301a5fffff
16714,880a86881dfffff
16715,880a860323fffff
16716,880ab27155fffff
16717,880ab16841fffff
16718,880ab266c7fffff
16719,880ab3a741fffff
16720,880ab218c3fffff
16721,880ab241a7fffff
16722,880ab23005fffff
16723,880ab210cdfffff
16724,880ab3380dfffff
16725,880a869961fffff
16726,880a86c865fffff
16727,880ab34427fffff
16728,880ab3c239fffff
16729,880ab2a801fffff
16730,880a86d527fffff
16731,880ab2c309fffff
16732,880ab3c939fffff
16733,880ab3786dfffff
16734,880a86ca21fffff
16735,880a86aa4dfffff
16736,880ab2a225fffff
16737,880a868b0dfffff
16738,880ab24aedfffff
16739,880ab22769fffff
16740,880ab20249fffff
16741,880ab31685fffff
16742,880ab3c8d3fffff
16743,880ab17a95fffff
16744,880a869137fffff
16745,880ab3483dfffff
16746,88252dd299fffff
16747,880ab2ccc5fffff
16748,880ab334c5fffff
16749,880ab21665fffff
16750,880a86a1cbfffff
16751,880a869493fffff
16752,880ab1624dfffff
16753,88252d9a37fffff
16754,880ab3cb0dfffff
16755,880ab22439fffff
16756,880a86022dfffff
16757,880a86d76bfffff
16758,880ab23b33fffff
16759,880a844d2bfffff
16760,880ab221dbfffff
16761,880a86d761fffff
16762,880ab32b5dfffff
16763,880ab16833fffff
16764,880ab16c59fffff
16765,880ab26539fffff
16766,880a86b217fffff
16767,880ab3c9dbfffff
16768,880ab24257fffff
16769,880ab31a05fffff
16770,880a86a02bfffff
16771,880ab219d7fffff
16772,880ab25455fffff
16773,880ab209b7fffff
16774,880ab16cd9fffff
16775,88252d9641fffff
16776,880ab25483fffff
16777,880ab27721fffff
16778,880a86c143fffff
16779,880ab24d4bfffff
16780,880ab175abfffff
16781,880ab21335fffff
16782,880a94b2ebfffff
16783,880ab30185fffff
16784,880ab26137fffff
16785,880ab316c9fffff
16786,880ab22345fffff
16787,880ab3ad23fffff
16788,88252cb62bfffff
16789,880ab26aa5fffff
16790,880a869927fffff
16791,880a94b6e5fffff
16792,880ab2700dfffff
16793,880a844b5dfffff
16794,880a84482bfffff
16795,880a868eddfffff
16796,880a86a15bfffff
16797,880ab31a67fffff
16798,880a86d833fffff
16799,880ab16f29fffff
16800,880a8696a3fffff
16801,880ab2d0a5fffff
16802,880ab2116dfffff
16803,880ab266d7fffff
16804,880ab25759fffff
16805,880ab3b4bdfffff
16806,880ab33b0bfffff
16807,880ab2d50dfffff
16808,880ab33827fffff
16809,880ab17993fffff
16810,88252d9967fffff
16811,880ab30db1fffff
16812,880ab254c5fffff
16813,880ab37a01fffff
16814,88252d91a1fffff
16815,880ab338c1fffff
16816,880ab2144bfffff
16817,880ab34ac9fffff
16818,880ab3ce3dfffff
16819,880ab33349fffff
16820,880ab34abbfffff
16821,880ab16089fffff
16822,880a86b131fffff
16823,880ab21b1dfffff
16824,880a949655fffff
16825,880ab22731fffff
16826,880ab242c3fffff
16827,880ab22a53fffff
16828,880a844913fffff
16829,880a863209fffff
16830,880ab275c7fffff
16831,880a861353fffff
16832,880ab204e5fffff
16833,880a861095fffff
16834,880a86ca35fffff
16835,880a863309fffff
16836,880ab2aa49fffff
16837,880ab2d50bfffff
16838,880ab3c915fffff
16839,880ab24e25fffff
16840,880ab2baa9fffff
16841,880a860a2bfffff
16842,880a86875dfffff
16843,880ab2aa5bfffff
16844,880ab276dbfffff
16845,88252d9919fffff
16846,880a86d591fffff
16847,880a865355fffff
16848,880a94d243fffff
16849,880a868d6bfffff
16850,880ab2a343fffff
16851,880ab2646bfffff
16852,880a86aae5fffff
16853,880ab270c1fffff
16854,880ab3c067fffff
16855,880ab372ebfffff
16856,880ab20c29fffff
16857,880ab20011fffff
16858,880ab359c7fffff
16859,880ab3b2b5fffff
16860,88252d9b37fffff
16861,880ab249a9fffff
16862,880ab269ddfffff
16863,880ab2318bfffff
16864,880ab14da1fffff
16865,880ab27b09fffff
16866,880a8686e9fffff
16867,880ab16427fffff
16868,880ab3ace1fffff
16869,880ab3061bfffff
16870,880ab3453dfffff
16871,880ab261a7fffff
16872,880ab305c3fffff
16873,880ab3c5c1fffff
16874,880ab3a149fffff
16875,880ab25135fffff
16876,880ab34459fffff
16877,88252d92c3fffff
16878,880a861659fffff
16879,880ab2a215fffff
16880,880a844897fffff
16881,880a86020dfffff
16882,880a86ce11fffff
16883,880ab3141bfffff
16884,880a86aac5fffff
16885,880ab2095dfffff
16886,880a86aae1fffff
16887,880a86a145fffff
16888,880ab24821fffff
16889,880ab30a5bfffff
16890,880ab3743bfffff
16891,880ab2adcbfffff
16892,880a868143fffff
16893,880a94d31dfffff
16894,880ab2aee3fffff
16895,880ab3168bfffff
16896,880ab16227fffff
16897,880ab2c06dfffff
16898,880ab30d67fffff
16899,880a868f3bfffff
16900,880ab24231fffff
16901,880ab2c751fffff
16902,880a86c5d3fffff
16903,880ab30c51fffff
16904,880a844929fffff
16905,880ab3cdebfffff
16906,880a86d587fffff
16907,880ab2353bfffff
16908,880ab3a949fffff
16909,880ab309edfffff
16910,880a86ab03fffff
16911,880ab35761fffff
16912,880a8618d3fffff
16913,880a86d851fffff
16914,880a869937fffff
16915,880ab3c121fffff
16916,880ab35a4dfffff
16917,880ab16d93fffff
16918,88252dd747fffff
16919,880a94d323fffff
16920,880ab2c58dfffff
16921,880ab2c91dfffff
16922,880ab34765fffff
16923,880ab30255fffff
16924,880a86da35fffff
16925,880a86b825fffff
16926,880ab3ae19fffff
16927,880a86823bfffff
16928,880ab33581fffff
16929,880a94929bfffff
16930,880ab235a3fffff
16931,880ab23609fffff
16932,880ab3702bfffff
16933,880ab254ddfffff
16934,880a9496b9fffff
16935,880ab236b3fffff
16936,880ab2ac9bfffff
16937,880a86c163fffff
16938,880ab26685fffff
16939,880ab370adfffff
16940,880ab2423bfffff
16941,880ab3a913fffff
16942,880a86b281fffff
16943,880a8610d9fffff
16944,880ab28993fffff
16945,880ab2228bfffff
16946,880ab2146bfffff
16947,880ab252c9fffff
16948,880ab249d3fffff
16949,880ab27b55fffff
16950,880ab322dbfffff
16951,880ab3465bfffff
16952,880ab2498bfffff
16953,880ab35883fffff
16954,880ab216b9fffff
16955,880ab3c8e7fffff
16956,880a86d6d3fffff
16957,880ab2c213fffff
16958,880ab2160bfffff
16959,880ab25599fffff
16960,880ab160d3fffff
16961,880ab34f57fffff
16962,880ab3a6bdfffff
16963,880ab27b4bfffff
16964,88252d8109fffff
16965,880ab2b51dfffff
16966,880ab3c1d3fffff
16967,880a868ee5fffff
16968,880a863019fffff
16969,880ab16831fffff
16970,880ab28d3dfffff
16971,880a86c805fffff
16972,880a94b02bfffff
16973,880ab30157fffff
16974,880ab166d7fffff
16975,880a94971dfffff
16976,880ab25195fffff
16977,880ab21313fffff
16978,880a868b6dfffff
16979,880ab3a9ebfffff
16980,880a86a117fffff
16981,880a86db25fffff
16982,880ab275a9fffff
16983,880a8682e1fffff
16984,880a8600b1fffff
16985,880a86c083fffff
16986,880ab3198dfffff
16987,880ab34e27fffff
16988,880ab20703fffff
16989,880a86c855fffff
16990,880ab20937fffff
16991,880ab3c301fffff
16992,880ab12d87fffff
16993,880ab24195fffff
16994,880ab226d1fffff
16995,880ab22139fffff
16996,880ab320bdfffff
16997,880ab34441fffff
16998,880ab208d5fffff
16999,880a86d725fffff
17000,880ab27a49fffff
17001,880ab22ce9fffff
17002,880ab335b7fffff
17003,880a861a47fffff
17004,880ab16747fffff
17005,880a86829dfffff
17006,880ab17595fffff
17007,880ab3212bfffff
17008,880a86d54bfffff
17009,880ab3b599fffff
17010,880ab3a109fffff
17011,880ab3d363fffff
17012,880ab270b1fffff
17013,880ab3ce4dfffff
17014,880ab2c8b9fffff
17015,880a8611b1fffff
17016,880ab34cb5fffff
17017,880ab34551fffff
17018,880ab3d36bfffff
17019,880ab225a9fffff
17020,880a94949dfffff
17021,880ab24e51fffff
17022,880ab2176bfffff
17023,880ab2c76dfffff
17024,880ab3d8b1fffff
17025,880ab25757fffff
17026,880ab335d3fffff
17027,880ab3450dfffff
17028,880ab26509fffff
17029,880ab2345bfffff
17030,880a94b74bfffff
17031,880ab2560dfffff
17032,880ab389ddfffff
17033,880ab20ccdfffff
17034,880ab23703fffff
17035,880ab27535fffff
17036,880ab34d89fffff
17037,880ab20c1bfffff
17038,880ab16369fffff
17039,880ab34515fffff
17040,880ab3393dfffff
17041,880a9495d5fffff
17042,880ab35545fffff
17043,880ab34f3dfffff
17044,880ab16ce1fffff
17045,880ab27b5dfffff
17046,880ab2231bfffff
17047,880ab16f6dfffff
17048,880ab23831fffff
17049,880ab3a8a9fffff
17050,880ab35703fffff
17051,880ab24551fffff
17052,880ab20185fffff
17053,880ab2725bfffff
17054,880ab3498bfffff
17055,880ab2224bfffff
17056,880a86c90dfffff
17057,88252d9603fffff
17058,88252cb759fffff
17059,88252d984dfffff
17060,880ab37a19fffff
17061,88252d963bfffff
17062,88252d9751fffff
17063,880ab23763fffff
17064,880a8684e3fffff
17065,880ab20ca5fffff
17066,880ab346bdfffff
17067,880ab24c55fffff
17068,880ab3c889fffff
17069,880ab2a415fffff
17070,880a86895bfffff
17071,880ab339bdfffff
17072,880ab21651fffff
17073,88252d8a99fffff
17074,880a94b6c1fffff
17075,880a94b2e7fffff
17076,880ab2bb6bfffff
17077,880ab255c7fffff
17078,880ab068bdfffff
17079,880ab23209fffff
17080,880ab2cc2dfffff
17081,880ab2675dfffff
17082,880a86b341fffff
17083,880a844aedfffff
17084,880ab30a03fffff
17085,880a861839fffff
17086,880ab2371dfffff
17087,880ab30acbfffff
17088,880ab23619fffff
17089,880ab3aec9fffff
17090,880a86ab3dfffff
17091,880ab1692dfffff
17092,880ab265cbfffff
17093,880ab200e7fffff
17094,880ab2a43dfffff
17095,880ab34e65fffff
17096,880ab2d1e3fffff
17097,880a8696a7fffff
17098,88252dd621fffff
17099,880ab3531dfffff
17100,880ab3acb1fffff
17101,880a86896dfffff
17102,880ab16b6bfffff
17103,880a8610c7fffff
17104,880ab35819fffff
17105,880ab3c2bdfffff
17106,880ab3da9bfffff
17107,880ab34197fffff
17108,880ab37b29fffff
17109,880a86aa25fffff
17110,880a860065fffff
17111,880a86d655fffff
17112,880a94b6e7fffff
17113,880ab301bdfffff
17114,880ab24e83fffff
17115,880ab20809fffff
17116,880a868239fffff
17117,880ab20b3dfffff
17118,880a949297fffff
17119,880a86d625fffff
17120,880ab3ae37fffff
17121,880ab24f0dfffff
17122,880ab2c293fffff
17123,880a86b0a9fffff
17124,880a86c825fffff
17125,880ab378d9fffff
17126,880ab2a821fffff
17127,880ab3501dfffff
17128,880a868329fffff
17129,880ab20d11fffff
17130,880ab3c84bfffff
17131,880ab321e1fffff
17132,880ab20e87fffff
17133,880ab239e3fffff
17134,880ab2b0c5fffff
17135,880ab16c49fffff
17136,880a868549fffff
17137,880ab2a463fffff
17138,880a86ce21fffff
17139,880ab2b8c3fffff
17140,880ab3229bfffff
17141,880ab2426bfffff
17142,880ab34a91fffff
17143,880ab2b52bfffff
17144,880a861aa7fffff
17145,880a86dae1fffff
17146,880a861359fffff
17147,880ab30433fffff
17148,880ab22f43fffff
17149,880a8686edfffff
17150,880ab3ce13fffff
17151,880a861595fffff
17152,880a861947fffff
17153,880ab2ac81fffff
17154,880ab2cd41fffff
17155,88252d99e3fffff
17156,880a86c8b5fffff
17157,880a86b36dfffff
17158,880a86cd27fffff
17159,880ab2aaddfffff
17160,880a86c89bfffff
17161,880ab336ebfffff
17162,880ab22025fffff
17163,880ab37605fffff
17164,880ab37a27fffff
17165,880ab2326bfffff
17166,880ab20557fffff
17167,880ab20095fffff
17168,880a86ab29fffff
17169,880a868869fffff
17170,880ab26a05fffff
17171,880a861647fffff
17172,880ab3b469fffff
17173,880ab20595fffff
17174,880a86894dfffff
17175,880ab3da2bfffff
17176,880ab26611fffff
17177,880ab30125fffff
17178,880ab21747fffff
17179,880ab240e1fffff
17180,880ab374d5fffff
17181,880ab16619fffff
17182,880a948761fffff
17183,880a86999bfffff
17184,880a86c0b3fffff
17185,880a948763fffff
17186,880ab2c249fffff
17187,880ab22b15fffff
17188,880ab31327fffff
17189,880ab2690dfffff
17190,880a86046bfffff
17191,880a8696cdfffff
17192,880ab164adfffff
17193,880ab2b923fffff
17194,880a861ad5fffff
17195,880ab2470bfffff
17196,880ab3c49dfffff
17197,880ab24e0dfffff
17198,880ab30351fffff
17199,880a94b69bfffff
17200,880a86ce33fffff
17201,880ab26f15fffff
17202,880ab23a6dfffff
17203,880ab30c45fffff
17204,880ab319ebfffff
17205,880ab212a7fffff
17206,880a9494e7fffff
17207,880ab2a16dfffff
17208,880a86a925fffff
17209,880ab3da81fffff
17210,880ab1684bfffff
17211,880ab31109fffff
17212,880ab2a745fffff
17213,880ab309d7fffff
17214,880ab3431dfffff
17215,880a86d141fffff
17216,880ab2cd4dfffff
17217,880ab22969fffff
17218,880a86aa81fffff
17219,880ab24055fffff
17220,880ab231cbfffff
17221,880ab3c26dfffff
17222,880ab2c155fffff
17223,880a86b363fffff
17224,880ab1604dfffff
17225,880ab28ed9fffff
17226,880ab162d5fffff
17227,880a86b1d5fffff
17228,880ab228ddfffff
17229,880ab3c15dfffff
17230,880ab359abfffff
17231,880ab26217fffff
17232,880ab22631fffff
17233,880ab3a0edfffff
17234,880ab2b115fffff
17235,880ab16589fffff
17236,880ab261c7fffff
17237,880ab3d13dfffff
17238,880a860231fffff
17239,880ab269d5fffff
17240,880ab32205fffff
17241,880ab3b58bfffff
17242,880a868613fffff
17243,880ab164c3fffff
17244,880ab34dc1fffff
17245,88252d8aa9fffff
17246,880a8459a5fffff
17247,880ab252b1fffff
17248,880ab2042dfffff
17249,880ab3d5c1fffff
17250,880a94d357fffff
17251,880ab3cd4dfffff
17252,880ab3204dfffff
17253,880ab2895dfffff
17254,880a844ab3fffff
17255,880ab246adfffff
17256,880ab23819fffff
17257,880a861109fffff
17258,880ab3b9c1fffff
17259,880ab25623fffff
17260,880ab24d17fffff
17261,880ab34667fffff
17262,880a868765fffff
17263,880ab24f6dfffff
17264,880ab28dc5fffff
17265,880ab21b23fffff
17266,880ab3acd1fffff
17267,880ab23631fffff
17268,880ab2726bfffff
17269,880ab2061dfffff
17270,880ab37ad9fffff
17271,880ab37217fffff
17272,880ab16c23fffff
17273,880ab3590dfffff
17274,880ab22327fffff
17275,880ab3020bfffff
17276,880ab3c50dfffff
17277,880ab22237fffff
17278,880ab2c999fffff
17279,880ab16257fffff
17280,880a860e59fffff
17281,880a868999fffff
17282,880ab3ad0dfffff
17283,880a949627fffff
17284,880a86d8e1fffff
17285,880a869b07fffff
17286,88252d9a15fffff
17287,880ab2675bfffff
17288,880ab2459bfffff
17289,880a8449b3fffff
17290,880ab30923fffff
17291,880ab21959fffff
17292,880ab2526bfffff
17293,880ab214d1fffff
17294,880a86816dfffff
17295,880ab2aa33fffff
17296,880ab27117fffff
17297,880ab16733fffff
17298,880ab31093fffff
17299,880ab3a435fffff
17300,880ab32063fffff
17301,880a86d4d5fffff
17302,880ab23a9dfffff
17303,880ab37661fffff
17304,880ab34229fffff
17305,880ab322a1fffff
17306,880ab3d513fffff
17307,880ab3010dfffff
17308,880ab26ea3fffff
17309,880ab26e4bfffff
17310,880a94d285fffff
17311,880a86d729fffff
17312,880ab3c1a1fffff
17313,880ab21851fffff
17314,880ab359d1fffff
17315,880a86c139fffff
17316,880ab3c0a3fffff
17317,880a86cb17fffff
17318,880ab206a9fffff
17319,880ab31495fffff
17320,880ab22463fffff
17321,880ab3b8a1fffff
17322,880ab33ac3fffff
17323,880ab35191fffff
17324,880ab2045bfffff
17325,880ab3b289fffff
17326,880a94866bfffff
17327,88252d880bfffff
17328,880ab2a293fffff
17329,880ab219abfffff
17330,880a8680dbfffff
17331,880a86d25bfffff
17332,880ab3b4ddfffff
17333,880ab37219fffff
17334,880ab2b1a5fffff
17335,880ab3d9a9fffff
17336,880ab30d85fffff
17337,880ab25481fffff
17338,880ab3473bfffff
17339,880ab3a4bdfffff
17340,880ab34015fffff
17341,880ab2c9a7fffff
17342,880a86199bfffff
17343,880ab30de3fffff
17344,880ab34805fffff
17345,880ab24c31fffff
17346,880ab16dadfffff
17347,880ab37759fffff
17348,880ab28dc1fffff
17349,880a86c691fffff
17350,880ab26365fffff
17351,880ab23539fffff
17352,880ab16a4dfffff
17353,880ab332e7fffff
17354,880a86000dfffff
17355,880ab376c3fffff
17356,880ab2c6e7fffff
17357,880ab3ab33fffff
17358,880a860023fffff
17359,880ab37059fffff
17360,880ab1781dfffff
17361,880a86133dfffff
17362,880ab21211fffff
17363,880ab27463fffff
17364,880ab229edfffff
17365,880a86d60dfffff
17366,880ab30359fffff
17367,880a868c3bfffff
17368,88252d9a25fffff
17369,880ab289e1fffff
17370,880ab21b07fffff
17371,880a94d261fffff
17372,880a86800dfffff
17373,880ab26a27fffff
17374,880ab3769bfffff
17375,880a86050bfffff
17376,880ab319d7fffff
17377,880a86d365fffff
17378,880ab244a7fffff
17379,880ab34de5fffff
17380,880a86ca23fffff
17381,880a865459fffff
17382,880ab16131fffff
17383,880ab2ce0bfffff
17384,880ab2cd01fffff
17385,880ab2b9e7fffff
17386,880ab37033fffff
17387,880ab245ddfffff
17388,880ab240a5fffff
17389,880ab2ce19fffff
17390,880ab24521fffff
17391,880ab16e41fffff
17392,880ab24a35fffff
17393,880a868529fffff
17394,880ab22d4bfffff
17395,880ab26ec9fffff
17396,880ab22ec1fffff
17397,880ab21719fffff
17398,880a86b86dfffff
17399,880ab20f5bfffff
17400,880ab34d15fffff
17401,880ab2aa13fffff
17402,880ab3630bfffff
17403,880ab350b1fffff
17404,880ab35913fffff
17405,880a86cd03fffff
17406,880ab3ccb7fffff
17407,880ab24e17fffff
17408,880a86cc61fffff
17409,880a8686c7fffff
17410,880ab24515fffff
17411,880a86d81dfffff
17412,880a86d69bfffff
17413,880ab26531fffff
17414,880ab311e7fffff
17415,880ab3cd31fffff
17416,880ab379c5fffff
17417,880a86c433fffff
17418,880ab31b27fffff
17419,880ab37291fffff
17420,880a865627fffff
17421,880ab16499fffff
17422,880ab3ab29fffff
17423,880ab2c1d7fffff
17424,880a86da55fffff
17425,880a86534bfffff
17426,880ab34c13fffff
17427,880ab3d5c3fffff
17428,880ab2d56bfffff
17429,880a86cb05fffff
17430,880a860007fffff
17431,880ab2408bfffff
17432,880a8686ddfffff
17433,880a86910bfffff
17434,880ab2d4e7fffff
17435,880ab35445fffff
17436,880ab20cd7fffff
17437,880ab2423dfffff
17438,880ab30209fffff
17439,880ab2b041fffff
17440,880ab33353fffff
17441,880a86905bfffff
17442,880ab28c53fffff
17443,880a94b649fffff
17444,880a868a09fffff
17445,880ab272edfffff
17446,880ab35267fffff
17447,880ab215b9fffff
17448,880ab26597fffff
17449,880ab34a11fffff
17450,880ab269d1fffff
17451,880a868ed9fffff
17452,880ab2d43dfffff
17453,880ab16415fffff
17454,880ab3c139fffff
17455,880ab38913fffff
17456,880ab316b5fffff
17457,880ab21495fffff
17458,880a86d839fffff
17459,880ab26d5dfffff
17460,880ab0690dfffff
17461,880ab24415fffff
17462,880a94b213fffff
17463,88252d9127fffff
17464,880ab20dd9fffff
17465,880ab2a621fffff
17466,880ab2001dfffff
17467,880ab275cdfffff
17468,880ab274adfffff
17469,880ab201b1fffff
17470,880a868e07fffff
17471,880a869315fffff
17472,880ab26eb1fffff
17473,880ab3ce83fffff
17474,880ab34de3fffff
17475,880ab256ebfffff
17476,880a86aa23fffff
17477,880a86960bfffff
17478,880a86b0cdfffff
17479,880ab2ac2dfffff
17480,880ab26285fffff
17481,880ab34da3fffff
17482,880a86c0b5fffff
17483,880a86d13bfffff
17484,880ab3ad0bfffff
17485,880ab215c5fffff
17486,880a869055fffff
17487,880ab24061fffff
17488,880ab3a403fffff
17489,880a94b6d3fffff
17490,880a86d5b1fffff
17491,880ab300e9fffff
17492,880ab069edfffff
17493,880ab2a82dfffff
17494,880a844b5bfffff
17495,880ab3d06dfffff
17496,880a86920bfffff
17497,880ab3c5e7fffff
17498,880a86daa3fffff
17499,880ab2372dfffff
17500,880ab3c0dbfffff
17501,880a8695e1fffff
17502,880ab37031fffff
17503,880ab34e3bfffff
17504,880a868625fffff
17505,880ab27733fffff
17506,880ab3356bfffff
17507,880ab34889fffff
17508,880a8698a5fffff
17509,880ab2b2b5fffff
17510,880ab310e5fffff
17511,880ab35139fffff
17512,880ab22337fffff
17513,880a861209fffff
17514,880ab2d49bfffff
17515,880a86d6c1fffff
17516,880a86d63dfffff
17517,880ab289b3fffff
17518,880a863259fffff
17519,88252d91d3fffff
17520,880a86d211fffff
17521,880ab23365fffff
17522,880a869899fffff
17523,880a869a9bfffff
17524,880ab27657fffff
17525,880ab3af3dfffff
17526,880a86801dfffff
17527,880ab2cd27fffff
17528,880a861247fffff
17529,880ab20ab1fffff
17530,880ab22f39fffff
17531,880ab22249fffff
17532,880ab3261dfffff
17533,880ab22431fffff
17534,880ab31265fffff
17535,880a868455fffff
17536,880ab17a83fffff
17537,880ab30085fffff
17538,880a861613fffff
17539,880a86c9ebfffff
17540,880a8656d9fffff
17541,880ab16dd3fffff
17542,880a86cd5dfffff
17543,880ab21761fffff
17544,880ab33a11fffff
17545,880ab26911fffff
17546,880a86cb37fffff
17547,880ab31563fffff
17548,880a86ab2bfffff
17549,880ab24d9bfffff
17550,880ab3294bfffff
17551,880ab37189fffff
17552,880ab226d3fffff
17553,880ab36233fffff
17554,880a86b823fffff
17555,880ab34ccbfffff
17556,880a868f03fffff
17557,880ab229d5fffff
17558,880a865207fffff
17559,880ab2a8dbfffff
17560,880ab17889fffff
17561,880ab2cf67fffff
17562,880ab3a83bfffff
17563,880a8685b5fffff
17564,880ab35817fffff
17565,880ab340a1fffff
17566,880ab33535fffff
17567,880ab165c7fffff
17568,880ab2559dfffff
17569,880a868c63fffff
17570,880ab34a0bfffff
17571,880ab3a725fffff
17572,880ab35903fffff
17573,880ab22563fffff
17574,880ab214e9fffff
17575,880ab35a0dfffff
17576,880ab3c023fffff
17577,880ab3ca05fffff
17578,880ab2a007fffff
17579,880a86b14bfffff
17580,880a861817fffff
17581,880ab32693fffff
17582,880ab33b6dfffff
17583,880ab3c281fffff
17584,880ab2ac09fffff
17585,880ab26b33fffff
17586,880ab3a69bfffff
17587,880a8616a1fffff
17588,880ab252d1fffff
17589,880ab2a767fffff
17590,880ab28911fffff
17591,880ab3c69dfffff
17592,880ab3736bfffff
17593,880ab24059fffff
17594,880a86930bfffff
17595,880ab2b527fffff
17596,880ab37addfffff
17597,880ab16a19fffff
17598,880ab2400bfffff
17599,880ab32aa1fffff
17600,880a86119dfffff
17601,880ab2012dfffff
17602,880ab3c85dfffff
17603,880a86b261fffff
17604,880a869095fffff
17605,880ab3ac07fffff
17606,880ab2c43bfffff
17607,880ab22595fffff
17608,880a86c753fffff
17609,880ab20f61fffff
17610,880ab25147fffff
17611,880a8601a5fffff
17612,88252dd683fffff
17613,880ab22457fffff
17614,880a86b215fffff
17615,880a86d71dfffff
17616,880ab16b55fffff
17617,880a863353fffff
17618,880ab3cec5fffff
17619,880ab3d1cdfffff
17620,880ab3d33bfffff
17621,880ab350a1fffff
17622,880a868e5dfffff
17623,880a86851bfffff
17624,880a86c701fffff
17625,880a94b69dfffff
17626,880ab231bbfffff
17627,880ab2a8ddfffff
17628,880ab16051fffff
17629,880ab16211fffff
17630,880a86104dfffff
17631,880ab208b3fffff
17632,880ab2a361fffff
17633,880ab3b891fffff
17634,880ab2ce25fffff
17635,880a94936bfffff
17636,880a86d033fffff
17637,880ab3a52bfffff
17638,880a949735fffff
17639,880ab3af6bfffff
17640,880ab2b111fffff
17641,880ab31151fffff
17642,880ab31489fffff
17643,880ab3c32bfffff
17644,880a869853fffff
17645,880a86132bfffff
17646,880ab34857fffff
17647,880a94d299fffff
17648,880ab3c0a5fffff
17649,880ab3c569fffff
17650,880ab32603fffff
17651,88252d824dfffff
17652,880a86040bfffff
17653,880ab35133fffff
17654,88252d8241fffff
17655,880ab2a0a7fffff
17656,880ab35359fffff
17657,880ab34ae5fffff
17658,880ab2a35bfffff
17659,880ab27347fffff
17660,880ab245b7fffff
17661,880a844863fffff
17662,880ab3b733fffff
17663,880ab3ac31fffff
17664,880ab35121fffff
17665,880a86a9e1fffff
17666,880ab202abfffff
17667,880a86a225fffff
17668,880ab25acbfffff
17669,880ab178cdfffff
17670,880ab26d11fffff
17671,880ab2ce03fffff
17672,880ab345c3fffff
17673,880ab24913fffff
17674,880ab21addfffff
17675,880ab208e7fffff
17676,880ab2106dfffff
17677,880ab32613fffff
17678,880ab3520dfffff
17679,880ab266edfffff
17680,880a8615d3fffff
17681,880ab3c2adfffff
17682,880ab26105fffff
17683,880ab20847fffff
17684,880ab3cb03fffff
17685,880a8682c5fffff
17686,880ab34cb3fffff
17687,880a86c6abfffff
17688,880a94b22dfffff
17689,880a868b0bfffff
17690,880a86af2bfffff
17691,880ab28c3dfffff
17692,880ab25ad3fffff
17693,880a860301fffff
17694,880ab38995fffff
17695,880a86c5e5fffff
17696,880ab2b723fffff
17697,880ab2c90bfffff
17698,880ab2d087fffff
17699,880ab2c02bfffff
17700,880ab3a6a3fffff
17701,880ab2c6d5fffff
17702,880ab2aa95fffff
17703,880ab2124bfffff
17704,880a94b1c9fffff
17705,880ab28cd5fffff
17706,880a844f21fffff
17707,880ab3c891fffff
17708,880ab2baddfffff
17709,880ab28cadfffff
17710,880a86cb61fffff
17711,880ab2b10bfffff
17712,880ab3b907fffff
17713,880ab20f69fffff
17714,880a86b931fffff
17715,880ab34613fffff
17716,880ab3b961fffff
17717,880ab370d3fffff
17718,880ab27459fffff
17719,880ab201c7fffff
17720,880a868addfffff
17721,880ab21035fffff
17722,880ab3c049fffff
17723,880ab2ca9bfffff
17724,880ab21467fffff
17725,880ab212e5fffff
17726,880ab27495fffff
17727,880ab2c6a9fffff
17728,880a8615c7fffff
17729,880ab24f61fffff
17730,880ab300b3fffff
17731,880ab3c323fffff
17732,880ab27217fffff
17733,880a8614b7fffff
17734,880ab16ca3fffff
17735,880ab35a9bfffff
17736,880ab321b5fffff
17737,880ab3a991fffff
17738,880a86a361fffff
17739,880a86a841fffff
17740,880a860a07fffff
17741,880ab25511fffff
17742,880ab2245bfffff
17743,880ab16ed3fffff
17744,880ab35a25fffff
17745,880ab371d3fffff
17746,880ab251c7fffff
17747,880ab160cdfffff
17748,880ab1655bfffff
17749,88252d9335fffff
17750,880a86306bfffff
17751,880ab3ae41fffff
17752,880ab20909fffff
17753,880a869a5dfffff
17754,88252dd0c1fffff
17755,880ab21107fffff
17756,880ab34491fffff
17757,880ab26ecbfffff
17758,880ab3019dfffff
17759,880ab33239fffff
17760,880a86144bfffff
17761,880ab2c1a1fffff
17762,880a860a55fffff
17763,880a94b24dfffff
17764,880ab2a11dfffff
17765,880ab2cc53fffff
17766,880ab3511bfffff
17767,880ab14d81fffff
17768,880ab35219fffff
17769,880a868059fffff
17770,880ab20981fffff
17771,880a86144dfffff
17772,880ab2a233fffff
17773,880ab3a9ddfffff
17774,880ab23919fffff
17775,880ab234abfffff
17776,880ab2baa7fffff
17777,880ab28c59fffff
17778,880ab3d319fffff
17779,880ab255adfffff
17780,880a86c1c7fffff
17781,880ab265c5fffff
17782,880a949631fffff
17783,880ab2b555fffff
17784,880ab3c181fffff
17785,880ab26161fffff
17786,880ab3c11dfffff
17787,880ab2ce67fffff
17788,880ab35515fffff
17789,880ab1686bfffff
17790,880ab238c5fffff
17791,880ab3a4d7fffff
17792,880a949253fffff
17793,880ab2699bfffff
17794,880a8696d7fffff
17795,88252dd619fffff
17796,880a94921bfffff
17797,880ab3ce63fffff
17798,880ab37b0bfffff
17799,880ab33a3dfffff
17800,880ab2c537fffff
17801,880ab26c89fffff
17802,880ab34db5fffff
17803,880ab22e9bfffff
17804,880ab2c9cdfffff
17805,880a868a25fffff
17806,880ab23163fffff
17807,880ab3ae33fffff
17808,880ab3a607fffff
17809,880ab2a2c7fffff
17810,880a86aa69fffff
17811,880a8615a3fffff
17812,880ab3c4e9fffff
17813,880ab239e5fffff
17814,880a8632ddfffff
17815,880ab25465fffff
17816,880ab301ddfffff
17817,880a8448c5fffff
17818,880ab169a7fffff
17819,880ab2c0a5fffff
17820,880ab31841fffff
17821,880ab2a9cdfffff
17822,880ab35317fffff
17823,880ab27129fffff
17824,880ab221c5fffff
17825,880ab2c45dfffff
17826,880ab16a45fffff
17827,880ab20c85fffff
17828,880a860849fffff
17829,880ab27951fffff
17830,880ab309b5fffff
17831,880ab16485fffff
17832,880a94b723fffff
17833,880ab2a8d7fffff
17834,880a86a98bfffff
17835,880ab37a63fffff
17836,880a94b447fffff
17837,880ab33537fffff
17838,880a8604ddfffff
17839,880ab23a55fffff
17840,880ab2b95dfffff
17841,880ab26d2bfffff
17842,880a869701fffff
17843,880a86d2e9fffff
17844,880ab3a56dfffff
17845,880ab23297fffff
17846,880ab2a507fffff
17847,880ab37099fffff
17848,880a8601b3fffff
17849,880ab34095fffff
17850,880ab2cd49fffff
17851,880ab3300dfffff
17852,880a868767fffff
17853,880ab27adbfffff
17854,880ab32819fffff
17855,880a8614e3fffff
17856,880ab3cb1dfffff
17857,880ab21045fffff
17858,880a86caadfffff
17859,880a861a55fffff
17860,880ab22a2dfffff
17861,880ab23aebfffff
17862,880ab35731fffff
17863,880a860169fffff
17864,880ab3c70bfffff
17865,880ab37137fffff
17866,880ab3c169fffff
17867,880ab2a685fffff
17868,88252d9885fffff
17869,880a8606a5fffff
17870,880a94d2dbfffff
17871,880ab24933fffff
17872,880ab21205fffff
17873,880a86d743fffff
17874,880a94b4cbfffff
17875,880ab34d09fffff
17876,880a86bb05fffff
17877,880ab23b39fffff
17878,880ab30363fffff
17879,880ab3cb55fffff
17880,880ab2049bfffff
17881,880ab23441fffff
17882,880ab20627fffff
17883,880ab3721dfffff
17884,880ab24e3bfffff
17885,880ab30f09fffff
17886,880ab3a92bfffff
17887,880ab35303fffff
17888,880ab27b1dfffff
17889,880a86b245fffff
17890,880a86c2b3fffff
17891,880a86b051fffff
17892,880ab3632dfffff
17893,880ab2ad97fffff
17894,880ab23569fffff
17895,880ab2ae6bfffff
17896,880ab24da5fffff
17897,880ab21a59fffff
17898,880ab2bb2dfffff
17899,880ab35141fffff
17900,88252d91c7fffff
17901,880ab20661fffff
17902,880a86544bfffff
17903,880a86c007fffff
17904,880ab3a827fffff
17905,880a869409fffff
17906,880a86aacbfffff
17907,880a860121fffff
17908,880a86bb19fffff
17909,880ab37b53fffff
17910,880ab204edfffff
17911,880ab2b497fffff
17912,880ab331dbfffff
17913,880ab2c0a7fffff
17914,880ab3442dfffff
17915,880a86ca87fffff
17916,880ab348d5fffff
17917,880ab310b5fffff
17918,880a868285fffff
17919,880ab3a8cbfffff
17920,880a869ad7fffff
17921,880ab3011dfffff
17922,880a86d5d9fffff
17923,880ab31911fffff
17924,880ab330e7fffff
17925,880a861ac1fffff
17926,880ab3c829fffff
17927,880ab3d883fffff
17928,880ab34d87fffff
17929,880ab2ab4bfffff
17930,880a8619c7fffff
17931,880a86b897fffff
17932,880a861519fffff
17933,880ab34c5dfffff
17934,880ab27225fffff
17935,880a860035fffff
17936,880ab354e5fffff
17937,880ab3c62dfffff
17938,880ab16f27fffff
17939,880ab27435fffff
17940,880ab34e23fffff
17941,880ab320c3fffff
17942,880a86c8c1fffff
17943,880ab26021fffff
17944,880ab378d1fffff
17945,880a8682cbfffff
17946,880ab34485fffff
17947,880ab231c7fffff
17948,880ab34201fffff
17949,880ab3a167fffff
17950,880a868c31fffff
17951,880a8696e7fffff
17952,880a8698b5fffff
17953,880ab240bbfffff
17954,880ab269cbfffff
17955,880a8681d1fffff
17956,880ab22555fffff
17957,880ab3541dfffff
17958,880ab24905fffff
17959,880ab2c1c7fffff
17960,880ab2509bfffff
17961,880ab319a7fffff
17962,880ab27765fffff
17963,880a86a301fffff
17964,88252d9ab9fffff
17965,880a844aa5fffff
17966,880ab2cd99fffff
17967,880a94b153fffff
17968,880ab37b13fffff
17969,880ab26103fffff
17970,880ab37347fffff
17971,880ab2c8e9fffff
17972,880ab3a113fffff
17973,880ab26da1fffff
17974,880a86c335fffff
17975,880ab3cd37fffff
17976,880ab33729fffff
17977,880a86b9d3fffff
17978,880a86b147fffff
17979,880ab35839fffff
17980,880ab32841fffff
17981,880a86ceb9fffff
17982,880a861725fffff
17983,880a86af4dfffff
17984,880ab28f39fffff
17985,880ab24317fffff
17986,880a84498bfffff
17987,880ab306a1fffff
17988,880a86a91dfffff
17989,88252dd293fffff
17990,880a86c41dfffff
17991,880ab2663bfffff
17992,880a8692a7fffff
17993,880ab2b819fffff
17994,880ab2660bfffff
17995,880a8606c5fffff
17996,880a869543fffff
17997,880a86c245fffff
17998,880ab34c1dfffff
17999,880a949493fffff
18000,880ab3ca95fffff
18001,880ab2a141fffff
18002,880ab258cbfffff
18003,880ab3411bfffff
18004,880a869a53fffff
18005,880ab26c2dfffff
18006,88252d835bfffff
18007,880ab21ae1fffff
18008,880ab37235fffff
18009,880ab215d9fffff
18010,880ab22599fffff
18011,880ab2c9c7fffff
18012,880ab20e19fffff
18013,880ab160a1fffff
18014,880a8612c1fffff
18015,880ab2c16dfffff
18016,880ab2b499fffff
18017,880ab06961fffff
18018,880ab3d807fffff
18019,880ab2574bfffff
18020,880ab3a125fffff
18021,880a86b059fffff
18022,880ab27597fffff
18023,880a869825fffff
18024,880ab2ce61fffff
18025,880ab22e15fffff
18026,880ab2a4ebfffff
18027,880ab21b51fffff
18028,880ab3503bfffff
18029,880ab2152bfffff
18030,880ab3d8bbfffff
18031,880ab339b5fffff
18032,880ab32ab9fffff
18033,880ab2ad31fffff
18034,880ab359c3fffff
18035,880ab21925fffff
18036,880ab27447fffff
18037,880ab21883fffff
18038,880a868ac3fffff
18039,880ab2389bfffff
18040,880a86c991fffff
18041,880ab2b8a9fffff
18042,880ab37b33fffff
18043,880ab36355fffff
18044,880a869139fffff
18045,880ab2a267fffff
18046,880a8680a1fffff
18047,880ab22cddfffff
18048,880ab25753fffff
18049,880ab246e1fffff
18050,880ab179d1fffff
18051,880ab229cdfffff
18052,880ab2a881fffff
18053,880ab179c9fffff
18054,880ab160ebfffff
18055,880ab2c2b3fffff
18056,880a86185dfffff
18057,880a86b93bfffff
18058,880ab22081fffff
18059,880ab2ab65fffff
18060,880ab26059fffff
18061,880ab16103fffff
18062,880ab301cdfffff
18063,880ab26609fffff
18064,880ab3c291fffff
18065,880ab389e9fffff
18066,880ab22683fffff
18067,880a949521fffff
18068,880ab3d057fffff
18069,88252d8b45fffff
18070,880a86cc51fffff
18071,880ab3d9b9fffff
18072,880ab2b545fffff
18073,880a869337fffff
18074,880ab25725fffff
18075,880ab3ab23fffff
18076,880ab2066bfffff
18077,880ab249b5fffff
18078,880ab3219dfffff
18079,880a86cd83fffff
18080,880ab2a9c9fffff
18081,880ab34aa3fffff
18082,880ab201d7fffff
18083,880ab162abfffff
18084,880a869ac1fffff
18085,88252d9989fffff
18086,880a861a05fffff
18087,880ab28de7fffff
18088,880ab250c9fffff
18089,880a8616b9fffff
18090,88252d91a9fffff
18091,880ab3c307fffff
18092,880ab356dbfffff
18093,880ab309e1fffff
18094,880ab2b16dfffff
18095,880ab28dddfffff
18096,880ab2d0e9fffff
18097,880ab26aadfffff
18098,880ab17b13fffff
18099,880ab3c53bfffff
18100,88252d99adfffff
18101,880a86c721fffff
18102,880a86a111fffff
18103,880ab16ccdfffff
18104,880a869223fffff
18105,880ab16aa1fffff
18106,880ab30503fffff
18107,880ab28c3bfffff
18108,880a868519fffff
18109,880a8611a9fffff
18110,880a8689e9fffff
18111,880a86d76dfffff
18112,880ab215edfffff
18113,880a868569fffff
18114,880a86c9b3fffff
18115,880a86a25dfffff
18116,880ab2d42bfffff
18117,880ab17857fffff
18118,880ab239b9fffff
18119,880ab370e1fffff
18120,880ab351edfffff
18121,880a868ea7fffff
18122,880ab1645dfffff
18123,880a868311fffff
18124,880ab3caa9fffff
18125,880a86cc6bfffff
18126,880ab179c7fffff
18127,880ab2a417fffff
18128,880ab245b3fffff
18129,880ab2cee9fffff
18130,880ab2d419fffff
18131,880ab2a2dbfffff
18132,880ab2d585fffff
18133,880ab35649fffff
18134,880ab3d1e5fffff
18135,880ab26d4bfffff
18136,880ab212b1fffff
18137,880ab202adfffff
18138,880ab21161fffff
18139,880a94b413fffff
18140,880ab320b7fffff
18141,880a8600a9fffff
18142,880a8689bdfffff
18143,880ab3074dfffff
18144,880ab30f31fffff
18145,880ab24495fffff
18146,880ab16525fffff
18147,880ab23923fffff
18148,880a869949fffff
18149,880a8690a9fffff
18150,880ab23929fffff
18151,880ab3d53dfffff
18152,880ab33643fffff
18153,880ab06967fffff
18154,880ab334bdfffff
18155,880a869b51fffff
18156,880ab22b5dfffff
18157,880ab35553fffff
18158,880ab28ed5fffff
18159,880ab23a99fffff
18160,880a869693fffff
18161,880ab3b8a9fffff
18162,880a86a965fffff
18163,880a9494ebfffff
18164,880a8696d3fffff
18165,880ab22b01fffff
18166,880ab2c167fffff
18167,880ab1662bfffff
18168,880ab31869fffff
18169,880a8685a7fffff
18170,880ab254e9fffff
18171,880ab2b599fffff
18172,880ab389e7fffff
18173,880ab2718bfffff
18174,880ab34685fffff
18175,880ab3c315fffff
18176,880ab3a8b9fffff
18177,880ab328c1fffff
18178,880a844abdfffff
18179,880a86c939fffff
18180,880ab26227fffff
18181,88252d8aedfffff
18182,880ab3c847fffff
18183,880a869957fffff
18184,880ab179e1fffff
18185,880ab2683dfffff
18186,880ab2631bfffff
18187,880ab269d3fffff
18188,880ab2b1cdfffff
18189,880a86d363fffff
18190,880ab2535dfffff
18191,880ab3d21dfffff
18192,880ab31333fffff
18193,88252d8857fffff
18194,880ab26117fffff
18195,880ab33641fffff
18196,880a8680bdfffff
18197,880ab34e0dfffff
18198,880a844b6bfffff
18199,880a9494bdfffff
18200,880ab35499fffff
18201,880ab2c939fffff
18202,88252dd4cdfffff
18203,880a8615c1fffff
18204,880a94d347fffff
18205,880ab3d5a9fffff
18206,880a8459e5fffff
18207,880ab3a64dfffff
18208,880ab2c043fffff
18209,880ab264edfffff
18210,880ab23a3dfffff
18211,880ab21653fffff
18212,880ab22d25fffff
18213,880ab23a8bfffff
18214,880ab2cc4bfffff
18215,880ab3489bfffff
18216,880ab2c645fffff
18217,880ab2a15dfffff
18218,880a86c557fffff
18219,880ab2a805fffff
18220,880ab3341bfffff
18221,880a868c35fffff
18222,880ab204a9fffff
18223,880ab37839fffff
18224,880a86d229fffff
18225,880ab3c5d7fffff
18226,880ab2698bfffff
18227,880a86c1bdfffff
18228,880ab2d40dfffff
18229,880ab26f05fffff
18230,880a86ca01fffff
18231,880ab2b82dfffff
18232,880ab265e5fffff
18233,880ab3d353fffff
18234,880ab37069fffff
18235,880ab2443bfffff
18236,880ab27041fffff
18237,880a860239fffff
18238,880ab26e23fffff
18239,880ab34829fffff
18240,880ab2cee5fffff
18241,880ab322b7fffff
18242,880a869757fffff
18243,880ab218c9fffff
18244,880ab20339fffff
18245,880ab30a15fffff
18246,880a86c1e1fffff
18247,880a86ba4dfffff
18248,880ab3d841fffff
18249,880ab2a9e1fffff
18250,880a86cd9dfffff
18251,880a86b9abfffff
18252,880a868f37fffff
18253,880ab32655fffff
18254,880ab3db55fffff
18255,880a94b311fffff
18256,880ab3c08dfffff
18257,880a8614dbfffff
18258,880a86cb13fffff
18259,880ab2552dfffff
18260,880ab31063fffff
18261,880ab2a481fffff
18262,880ab3a03bfffff
18263,880ab2c2e3fffff
18264,880a86d557fffff
18265,880ab2ca87fffff
18266,880ab3c0c7fffff
18267,880a844993fffff
18268,880ab37a3bfffff
18269,880ab239abfffff
18270,880ab35241fffff
18271,880ab3b5cdfffff
18272,880ab27131fffff
18273,880ab3502bfffff
18274,880ab21a2bfffff
18275,880ab27137fffff
18276,880ab2285bfffff
18277,880a8601c3fffff
18278,880ab222c7fffff
18279,880ab3dad7fffff
18280,880ab3ac0bfffff
18281,880ab33ae5fffff
18282,880ab26839fffff
18283,880a861699fffff
18284,880ab3dad3fffff
18285,880ab23955fffff
18286,880ab2aa0dfffff
18287,880ab27507fffff
18288,880ab2ce15fffff
18289,880ab26a01fffff
18290,880a9496e3fffff
18291,880a86c54bfffff
18292,880a8696b3fffff
18293,880ab21193fffff
18294,880ab30591fffff
18295,880ab3005dfffff
18296,880ab22c07fffff
18297,880a860ae1fffff
18298,880ab3a707fffff
18299,880ab17aabfffff
18300,880ab23903fffff
18301,880a86b335fffff
18302,880a94b617fffff
18303,880a86a19dfffff
18304,880a86b8adfffff
18305,880ab27a9dfffff
18306,880ab3b903fffff
18307,880ab30c81fffff
18308,880a868f15fffff
18309,880ab1689bfffff
18310,880a868c91fffff
18311,880ab22f07fffff
18312,880ab32b4bfffff
18313,880ab20d37fffff
18314,88252dd659fffff
18315,880ab269bdfffff
18316,880a86a94bfffff
18317,880ab3a6e7fffff
18318,880ab0699dfffff
18319,880ab349d7fffff
18320,880ab209dbfffff
18321,880a861365fffff
18322,880ab2d199fffff
18323,880ab2b0bbfffff
18324,880ab32247fffff
18325,880ab35307fffff
18326,880a94956bfffff
18327,880a8618a1fffff
18328,880ab35335fffff
18329,880a86992bfffff
18330,880ab346c5fffff
18331,880ab3b493fffff
18332,880ab22093fffff
18333,880ab069e9fffff
18334,880ab244abfffff
18335,880ab28d69fffff
18336,880ab22559fffff
18337,880a86d235fffff
18338,880ab2bb3dfffff
18339,880ab34001fffff
18340,880ab3cc4dfffff
18341,880ab30adbfffff
18342,880a860621fffff
18343,880a86cf3dfffff
18344,880ab34621fffff
18345,880ab20035fffff
18346,88252d822dfffff
18347,880a86d5ebfffff
18348,880a86c761fffff
18349,880a869b19fffff
18350,880ab3394dfffff
18351,880a86c199fffff
18352,880a86d345fffff
18353,880a868d45fffff
18354,880a86195bfffff
18355,880ab2b167fffff
18356,880ab3cc49fffff
18357,880a8680e5fffff
18358,880ab2b2b3fffff
18359,880a86a813fffff
18360,88252d92d5fffff
18361,880ab27219fffff
18362,880ab2b813fffff
18363,880ab2a837fffff
18364,880a868299fffff
18365,880ab23801fffff
18366,880ab21705fffff
18367,880a869299fffff
18368,880ab3370dfffff
18369,880ab3c6c1fffff
18370,880ab2073dfffff
18371,880ab3d06bfffff
18372,880ab2703bfffff
18373,880ab261d7fffff
18374,880ab25219fffff
18375,880ab3c449fffff
18376,880ab22e4dfffff
18377,880ab226b1fffff
18378,880a869903fffff
18379,880ab3a129fffff
18380,880ab201b5fffff
18381,880a86d09dfffff
18382,880ab20881fffff
18383,880ab3c607fffff
18384,880ab389bbfffff
18385,880ab3adc3fffff
18386,880a861505fffff
18387,880ab2d017fffff
18388,880ab2a569fffff
18389,880ab24eb3fffff
18390,880a8681d5fffff
18391,88252dd2dbfffff
18392,880a8606a9fffff
18393,880a86d307fffff
18394,880ab33065fffff
18395,880ab265d5fffff
18396,880ab3b285fffff
18397,880ab20529fffff
18398,880ab3d063fffff
18399,880a8600ebfffff
18400,88252d976bfffff
18401,880ab3c533fffff
18402,880a868e13fffff
18403,880ab3d5a5fffff
18404,880ab3db3dfffff
18405,880ab22c85fffff
18406,880a86913bfffff
18407,880ab20ac3fffff
18408,880a86c329fffff
18409,880a94d221fffff
18410,880a86143dfffff
18411,880ab22aebfffff
18412,880ab2a461fffff
18413,880a86c2e5fffff
18414,880ab26015fffff
18415,880a86d429fffff
18416,880a949599fffff
18417,880ab20cbbfffff
18418,880ab30567fffff
18419,880ab3c4ddfffff
18420,880a86d6bbfffff
18421,880ab225c5fffff
18422,880ab2344dfffff
18423,880ab26255fffff
18424,880a86d153fffff
18425,880ab30f03fffff
18426,880ab34821fffff
18427,880ab2ceb7fffff
18428,880ab239bbfffff
18429,880a86cc8bfffff
18430,88252d910bfffff
18431,880ab3aa2dfffff
18432,880ab2788dfffff
18433,88252cb615fffff
18434,880ab2c111fffff
18435,880a86832bfffff
18436,880ab2605dfffff
18437,88252d8147fffff
18438,880a863003fffff
18439,880ab20d35fffff
18440,880ab3a861fffff
18441,88252d9021fffff
18442,880a86cadbfffff
18443,880ab3c1cbfffff
18444,880ab2536dfffff
18445,880a868b2bfffff
18446,880ab2b023fffff
18447,880ab3d9cdfffff
18448,880ab26c6dfffff
18449,880a94965bfffff
18450,880ab3cd0dfffff
18451,880ab275ddfffff
18452,880ab34817fffff
18453,880ab3c131fffff
18454,880ab16b43fffff
18455,880a869b59fffff
18456,880ab1602dfffff
18457,880ab28da1fffff
18458,880ab2c707fffff
18459,880ab271bdfffff
18460,880ab25131fffff
18461,880ab2668bfffff
18462,880a86c15bfffff
18463,880ab17823fffff
18464,880ab24d87fffff
18465,880ab20ce7fffff
18466,880a869191fffff
18467,880ab2a557fffff
18468,880ab2742dfffff
18469,880ab24527fffff
18470,880a860311fffff
18471,880ab2af23fffff
18472,880ab3ae2bfffff
18473,880a868083fffff
18474,880ab30a4dfffff
18475,880ab33985fffff
18476,880a844d45fffff
18477,880ab206b3fffff
18478,880ab22b55fffff
18479,880a860465fffff
18480,880ab30f57fffff
18481,880ab16629fffff
18482,880ab2c2b7fffff
18483,880ab16441fffff
18484,880ab2b541fffff
18485,880a860137fffff
18486,880ab3570bfffff
18487,88252d919dfffff
18488,880ab27ab1fffff
18489,880ab2d1bbfffff
18490,880ab2b9a7fffff
18491,880ab315cdfffff
18492,880ab32a15fffff
18493,880ab248d3fffff
18494,880ab24951fffff
18495,880ab258bbfffff
18496,880a949683fffff
18497,880ab169e7fffff
18498,880ab272b7fffff
18499,880ab37aa1fffff
18500,880a86ba57fffff
18501,880ab1640bfffff
18502,880ab3aad3fffff
18503,880ab1621bfffff
18504,880ab3415dfffff
18505,880ab3c4e3fffff
18506,880ab21801fffff
18507,880ab21165fffff
18508,880ab3d917fffff
18509,880a86831bfffff
18510,880ab2ac59fffff
18511,880ab3d341fffff
18512,880a860015fffff
18513,880ab16601fffff
18514,880a863357fffff
18515,880ab20db1fffff
18516,88252d99b1fffff
18517,880ab16b35fffff
18518,880ab3b721fffff
18519,880ab378d7fffff
18520,880ab358c9fffff
18521,880ab222a7fffff
18522,880a861293fffff
18523,880ab30711fffff
18524,880ab2c697fffff
18525,880ab34ae9fffff
18526,880a86d35bfffff
18527,880ab20c8dfffff
18528,880a861045fffff
18529,880ab33649fffff
18530,880ab2392bfffff
18531,880ab359b3fffff
18532,880ab3c11bfffff
18533,880ab2c4ebfffff
18534,880ab35235fffff
18535,880ab34125fffff
18536,880ab2caa5fffff
18537,880ab31aebfffff
18538,880ab31943fffff
18539,880ab3785dfffff
18540,880ab26259fffff
18541,880ab2b145fffff
18542,880a86186bfffff
18543,880ab22105fffff
18544,880ab26621fffff
18545,88252d9821fffff
18546,880ab33423fffff
18547,880ab24cb9fffff
18548,880a86b91dfffff
18549,880ab3c547fffff
18550,880ab3ae1bfffff
18551,880ab32f47fffff
18552,880ab34d43fffff
18553,880ab3a715fffff
18554,880ab3b9cbfffff
18555,880ab3a615fffff
18556,880a86cca3fffff
18557,880a86d09bfffff
18558,880ab276bbfffff
18559,880ab33b35fffff
18560,880ab30713fffff
18561,880ab3083bfffff
18562,880ab24e67fffff
18563,880ab2c933fffff
18564,880a86b139fffff
18565,880ab272e7fffff
18566,880a94d00dfffff
18567,880ab21867fffff
18568,880a8618a3fffff
18569,880ab2c885fffff
18570,880ab362edfffff
18571,880ab2391dfffff
18572,880ab300e7fffff
18573,880a8619ebfffff
18574,880ab376cbfffff
18575,880a8449d7fffff
18576,880ab37925fffff
18577,880a8615a9fffff
18578,880a86b8cbfffff
18579,880ab3b4edfffff
18580,880ab21083fffff
18581,880ab3c83bfffff
18582,880ab3a901fffff
18583,880ab26545fffff
18584,880ab3af4dfffff
18585,880ab3ce5bfffff
18586,880ab22c21fffff
18587,880a86189bfffff
18588,880ab21429fffff
18589,880a86c5b7fffff
18590,880ab3358bfffff
18591,880ab35727fffff
18592,880ab2416bfffff
18593,880ab2066dfffff
18594,880ab2a949fffff
18595,880ab3d107fffff
18596,880ab2242dfffff
18597,880ab3b937fffff
18598,880a86baa7fffff
18599,880ab2310bfffff
18600,880ab3ccd9fffff
18601,880ab20dbdfffff
18602,880a865661fffff
18603,880ab16e05fffff
18604,880a86a967fffff
18605,880a86c9e7fffff
18606,880a86168dfffff
18607,880ab33969fffff
18608,880a86c717fffff
18609,880ab211e7fffff
18610,880ab2a423fffff
18611,880ab3cf2bfffff
18612,880ab3230dfffff
18613,880ab222c9fffff
18614,880ab34b0dfffff
18615,880ab256bdfffff
18616,880ab308dbfffff
18617,880ab22321fffff
18618,880ab22d21fffff
18619,880a86c31dfffff
18620,880a86b9a1fffff
18621,880ab33499fffff
18622,880ab37a9dfffff
18623,880ab1616bfffff
18624,880a844887fffff
18625,880a86c563fffff
18626,880a94954bfffff
18627,880a86c869fffff
18628,880a865651fffff
18629,880ab3c0bbfffff
18630,880a860b59fffff
18631,880a86ba85fffff
18632,880ab22c53fffff
18633,880ab1662dfffff
18634,880ab20a37fffff
18635,880ab2748dfffff
18636,880ab21b11fffff
18637,88252d911bfffff
18638,880a86d1e9fffff
18639,880ab209edfffff
18640,880ab2c089fffff
18641,880ab16ab3fffff
18642,880ab31aa9fffff
18643,880a86c81dfffff
18644,88252dd6d7fffff
18645,880a949717fffff
18646,880ab31145fffff
18647,880ab25037fffff
18648,880ab25aadfffff
18649,880a844a87fffff
18650,880ab34f29fffff
18651,880ab26551fffff
18652,880a868649fffff
18653,880ab2c063fffff
18654,880a86da59fffff
18655,880ab26d65fffff
18656,880a861b21fffff
18657,880ab30819fffff
18658,880ab17aa5fffff
18659,880a868e35fffff
18660,880a86b111fffff
18661,880ab16c0dfffff
18662,880a86d85bfffff
18663,880ab2c313fffff
18664,880ab2aa35fffff
18665,880ab255a5fffff
18666,880ab37b39fffff
18667,880a949b39fffff
18668,880ab352c1fffff
18669,880a861ad7fffff
18670,880a8606b9fffff
18671,880ab2a727fffff
18672,88252d9709fffff
18673,880ab3c433fffff
18674,880ab2c547fffff
18675,880ab269edfffff
18676,880ab3d945fffff
18677,880a868843fffff
18678,880ab33a91fffff
18679,880ab21a61fffff
18680,880a868905fffff
18681,880ab2362dfffff
18682,880a8689b5fffff
18683,880ab3898dfffff
18684,880ab2d135fffff
18685,880a94934dfffff
18686,880ab3acd3fffff
18687,880a8689c1fffff
18688,880ab204bbfffff
18689,880ab24685fffff
18690,880a868161fffff
18691,880ab31a61fffff
18692,880ab268c5fffff
18693,880a94b75bfffff
18694,880ab2741bfffff
18695,880ab16321fffff
18696,880ab068a3fffff
18697,880a86ba09fffff
18698,880ab22143fffff
18699,880ab3acedfffff
18700,880ab2045dfffff
18701,880ab2a46bfffff
18702,880ab25a89fffff
18703,880a86aa51fffff
18704,880ab300b5fffff
18705,880ab3d95dfffff
18706,880ab24ae7fffff
18707,880ab23809fffff
18708,880ab37699fffff
18709,880ab3a6c9fffff
18710,880ab3ce37fffff
18711,880a868c23fffff
18712,880ab3623bfffff
18713,880ab35ab9fffff
18714,880ab22c93fffff
18715,880ab30665fffff
18716,880ab2ca1bfffff
18717,880a949415fffff
18718,880ab3098bfffff
18719,880ab34951fffff
18720,880ab22c09fffff
18721,880ab3751dfffff
18722,880ab20d49fffff
18723,880ab3405bfffff
18724,880ab30ac9fffff
18725,880ab2645dfffff
18726,880ab30a97fffff
18727,880a86956bfffff
18728,880ab16a03fffff
18729,880a94b2d3fffff
18730,880ab2bad3fffff
18731,880ab3a40bfffff
18732,880a86c95bfffff
18733,880a86d2d5fffff
18734,880ab2cd67fffff
18735,880a86ca85fffff
18736,880ab16a43fffff
18737,880ab3b083fffff
18738,880ab2200dfffff
18739,880ab23a09fffff
18740,880a8619c9fffff
18741,880ab3c951fffff
18742,880a86ba3dfffff
18743,880ab34eb1fffff
18744,880a86186dfffff
18745,880a86cb3bfffff
18746,880a94861bfffff
18747,880a8601e7fffff
18748,880ab2c827fffff
18749,880ab27b27fffff
18750,880ab3b489fffff
18751,880a868eebfffff
18752,880ab309d3fffff
18753,880ab251cdfffff
18754,880a86cc43fffff
18755,880a865469fffff
18756,880a94926dfffff
18757,880a86d065fffff
18758,880a86d763fffff
18759,880ab265a3fffff
18760,880a860719fffff
18761,880a860003fffff
18762,880ab234e7fffff
18763,880a868d67fffff
18764,880ab346abfffff
18765,880ab35901fffff
18766,880a86102dfffff
18767,880ab300b9fffff
18768,880ab37117fffff
18769,880ab2a8b7fffff
18770,880ab221d9fffff
18771,880ab3c919fffff
18772,880a86b82dfffff
18773,880a949563fffff
18774,880ab17801fffff
18775,880ab22323fffff
18776,880ab37697fffff
18777,880ab23a29fffff
18778,88252dd637fffff
18779,880a86b1dbfffff
18780,880ab26d45fffff
18781,880ab30abdfffff
18782,880ab16d6bfffff
18783,880ab326c9fffff
18784,880ab3c0e5fffff
18785,880ab2033dfffff
18786,880a86cc25fffff
18787,880a86a01dfffff
18788,880ab2c48dfffff
18789,880ab2b099fffff
18790,880a844a29fffff
18791,880ab20e43fffff
18792,880ab2ab05fffff
18793,880a86945dfffff
18794,880ab2a295fffff
18795,880ab22b05fffff
18796,880ab34323fffff
18797,880ab3ceb7fffff
18798,88252d9953fffff
18799,880ab3b695fffff
18800,880a860aebfffff
18801,880ab22417fffff
18802,880ab2a947fffff
18803,880ab23195fffff
18804,880ab2d1edfffff
18805,880a8696c9fffff
18806,880ab28ce5fffff
18807,880a86c257fffff
18808,880ab30b6bfffff
18809,880a8699ebfffff
18810,880a86ce41fffff
18811,880ab2ce51fffff
18812,880ab24939fffff
18813,880ab21b25fffff
18814,880ab31a81fffff
18815,880ab2b5abfffff
18816,880ab20553fffff
18817,880ab24f51fffff
18818,880ab31b1bfffff
18819,880ab32a95fffff
18820,880ab23281fffff
18821,880ab2a00bfffff
18822,880ab2c051fffff
18823,880ab335a5fffff
18824,880ab3d259fffff
18825,880a86011dfffff
18826,880ab234b7fffff
18827,880ab351b5fffff
18828,880ab2aa83fffff
18829,880ab23b67fffff
18830,880ab26f01fffff
18831,880ab21a9bfffff
18832,880ab3db0bfffff
18833,880ab3a75bfffff
18834,880ab23615fffff
18835,880ab34e09fffff
18836,880ab2a281fffff
18837,880a861243fffff
18838,880ab2c657fffff
18839,880a861327fffff
18840,880ab3a2a7fffff
18841,880ab2080dfffff
18842,880ab2225dfffff
18843,880ab2553dfffff
18844,880ab245abfffff
18845,880ab3433bfffff
18846,880a868327fffff
18847,880ab2628dfffff
18848,880a86cec5fffff
18849,880ab2c501fffff
18850,880ab31419fffff
18851,880ab3c22dfffff
18852,880ab21539fffff
18853,880ab2490bfffff
18854,880ab3a449fffff
18855,880a869467fffff
18856,880ab35a11fffff
18857,880a8602cdfffff
18858,880ab34361fffff
18859,880ab2bb43fffff
18860,880ab32403fffff
18861,880ab33881fffff
18862,880ab25649fffff
18863,880ab20287fffff
18864,880ab33043fffff
18865,880a868831fffff
18866,880a949347fffff
18867,880a869221fffff
18868,880ab2098dfffff
18869,880ab34655fffff
18870,880ab3a2b5fffff
18871,880ab214a1fffff
18872,880a8688c7fffff
18873,880ab3d339fffff
18874,880ab3d861fffff
18875,880ab3ad65fffff
18876,880ab3a02bfffff
18877,880ab21309fffff
18878,880ab21891fffff
18879,880a86988bfffff
18880,880ab27553fffff
18881,880ab265b9fffff
18882,880a949403fffff
18883,880ab34b01fffff
18884,880ab2221bfffff
18885,880ab3ae69fffff
18886,880ab23b53fffff
18887,880ab2d5c9fffff
18888,880ab3cb37fffff
18889,880ab2a467fffff
18890,880ab24d93fffff
18891,880ab22753fffff
18892,880ab324cdfffff
18893,880ab26e69fffff
18894,880a86a939fffff
18895,880ab30611fffff
18896,880ab35329fffff
18897,880a8606c7fffff
18898,880a868961fffff
18899,880ab2c1a5fffff
18900,880ab3c2b1fffff
18901,880ab17a9bfffff
18902,880ab26d25fffff
18903,880a8694c5fffff
18904,880ab33b11fffff
18905,880ab226b3fffff
18906,880a86a269fffff
18907,880ab25027fffff
18908,880a86d19dfffff
18909,880a86b21bfffff
18910,880ab3d153fffff
18911,880ab34c8bfffff
18912,880ab3d5adfffff
18913,88252d8269fffff
18914,880ab236c5fffff
18915,880a949b2bfffff
18916,880ab30051fffff
18917,880a86963bfffff
18918,880ab36245fffff
18919,880a86565bfffff
18920,880ab2c9d9fffff
18921,880ab34523fffff
18922,880ab3c895fffff
18923,880ab37207fffff
18924,880a86a04bfffff
18925,880ab16639fffff
18926,880ab162e1fffff
18927,880ab31499fffff
18928,880a861809fffff
18929,880ab20d55fffff
18930,880ab3795dfffff
18931,880ab34ec7fffff
18932,880ab3756dfffff
18933,88252d8b51fffff
18934,880ab210d5fffff
18935,880a844963fffff
18936,880ab3088bfffff
18937,880ab34f41fffff
18938,880ab2a097fffff
18939,880ab25187fffff
18940,880ab271a1fffff
18941,880ab28db7fffff
18942,880ab318a5fffff
18943,880ab26f5dfffff
18944,880ab26833fffff
18945,880a8602a7fffff
18946,880ab34d01fffff
18947,880ab3401bfffff
18948,880a868b1bfffff
18949,880ab22957fffff
18950,880a844d41fffff
18951,880a94949bfffff
18952,88252d8061fffff
18953,880ab24cc3fffff
18954,880ab26619fffff
18955,880ab274b9fffff
18956,880ab3dad5fffff
18957,880a949469fffff
18958,880ab35b6dfffff
18959,880ab24aa1fffff
18960,880ab2a5ebfffff
18961,880a94d009fffff
18962,880ab166b7fffff
18963,880ab300edfffff
18964,880ab3cf23fffff
18965,880ab3343dfffff
18966,880ab3caddfffff
18967,880a94963bfffff
18968,880ab3120dfffff
18969,880ab202b1fffff
18970,880ab20e49fffff
18971,880a86c1edfffff
18972,880ab31ae5fffff
18973,880ab32a03fffff
18974,880a86998dfffff
18975,880a86c32dfffff
18976,880a86cde9fffff
18977,880ab2a445fffff
18978,880ab30435fffff
18979,880ab25435fffff
18980,880a86aaa5fffff
18981,880a94b455fffff
18982,880ab204c9fffff
18983,880ab34a31fffff
18984,880ab30655fffff
18985,880a86336bfffff
18986,880a94d237fffff
18987,880ab31157fffff
18988,880ab16153fffff
18989,880a861801fffff
18990,880ab335d7fffff
18991,880ab3aebdfffff
18992,880ab2ae4bfffff
18993,880ab26e41fffff
18994,880ab300cbfffff
18995,880ab318dbfffff
18996,880ab3a4ddfffff
18997,880ab30981fffff
18998,880ab32ac7fffff
18999,880ab20c9dfffff
19000,880ab26121fffff
19001,880ab2b841fffff
19002,880ab2c911fffff
19003,880ab3da09fffff
19004,880ab251c5fffff
19005,88252cb661fffff
19006,880ab16f37fffff
19007,880ab16985fffff
19008,880ab2aa57fffff
19009,880a949635fffff
19010,880a86c43bfffff
19011,880ab250d7fffff
19012,880ab3ac83fffff
19013,880a868f4dfffff
19014,880ab319c1fffff
19015,880ab16f15fffff
19016,880a868d17fffff
19017,880ab26743fffff
19018,880ab358adfffff
19019,880ab2c331fffff
19020,880ab2425dfffff
19021,880a8616b7fffff
19022,880ab30f37fffff
19023,880ab24dc7fffff
19024,880ab2344bfffff
19025,880ab2ae99fffff
19026,880ab069abfffff
19027,880ab17901fffff
19028,880ab21b19fffff
19029,880ab2c42bfffff
19030,880ab27a8dfffff
19031,880ab1642bfffff
19032,880ab17991fffff
19033,880ab2616bfffff
19034,880ab3c5a7fffff
19035,880ab3056dfffff
19036,880ab3db4dfffff
19037,880ab3269bfffff
19038,88252d9151fffff
19039,880ab2c6e1fffff
19040,880ab3acdbfffff
19041,880ab21257fffff
19042,880ab3419dfffff
19043,880ab3b2bdfffff
19044,880a861541fffff
19045,880ab20b23fffff
19046,880a86aa6dfffff
19047,880ab24dbdfffff
19048,880ab3cb11fffff
19049,880ab2c8c1fffff
19050,880ab2ac87fffff
19051,880ab2cc85fffff
19052,880a94b755fffff
19053,880ab24e89fffff
19054,880ab25565fffff
19055,880ab2cdbbfffff
19056,880ab22441fffff
19057,880a869987fffff
19058,880ab30de5fffff
19059,880ab169ddfffff
19060,880ab219adfffff
19061,880a86c2a3fffff
19062,880a869639fffff
19063,880ab340adfffff
19064,880a949653fffff
19065,880ab3aae9fffff
19066,880ab342cbfffff
19067,880a86d2ebfffff
19068,880ab2aa51fffff
19069,880ab35867fffff
19070,880ab2c229fffff
19071,880a94b267fffff
19072,880a86b255fffff
19073,880a86969dfffff
19074,880ab33b61fffff
19075,880ab230cdfffff
19076,880a86d5b7fffff
19077,880ab22cb9fffff
19078,880ab2018bfffff
19079,880a861549fffff
19080,880ab35ae5fffff
19081,880ab2cf41fffff
19082,880ab3d043fffff
19083,880a8692e7fffff
19084,880ab3122dfffff
19085,880ab21199fffff
19086,880a86a1adfffff
19087,880a868167fffff
19088,880ab30869fffff
19089,880a86c5bbfffff
19090,880ab2769bfffff
19091,880ab22f2dfffff
19092,880a94b215fffff
19093,88252d8a23fffff
19094,880a86d181fffff
19095,88252d934dfffff
19096,880ab2a99bfffff
19097,880ab236c7fffff
19098,880ab3d9a7fffff
19099,880ab178bbfffff
19100,880ab21143fffff
19101,880ab3c197fffff
19102,880ab371e3fffff
19103,880a865347fffff
19104,880ab3d163fffff
19105,880ab3a1b5fffff
19106,880a869895fffff
19107,880ab31583fffff
19108,880a86c745fffff
19109,880a863315fffff
19110,880a86981bfffff
19111,880a86d6adfffff
19112,880ab241cdfffff
19113,880ab31023fffff
19114,880ab2a083fffff
19115,880a86326dfffff
19116,880ab2a309fffff
19117,880ab3cb31fffff
19118,880ab2ca53fffff
19119,880a860141fffff
19120,880ab16c27fffff
19121,880ab2acb3fffff
19122,880ab2335bfffff
19123,880ab3a691fffff
19124,880ab2a563fffff
19125,880ab26329fffff
19126,880ab22c4dfffff
19127,880a869b15fffff
19128,880ab27265fffff
19129,880ab3d055fffff
19130,880a86ab21fffff
19131,880a860201fffff
19132,880ab2261dfffff
19133,880a869703fffff
19134,880a86ba1bfffff
19135,880a8690b9fffff
19136,880a8616cbfffff
19137,880ab23759fffff
19138,880ab3c51bfffff
19139,880ab3446bfffff
19140,880ab27235fffff
19141,880ab24f09fffff
19142,880ab34f07fffff
19143,880a86c027fffff
19144,880ab3c8c7fffff
19145,880ab25015fffff
19146,880ab24d5dfffff
19147,880ab3cb33fffff
19148,880ab30263fffff
19149,880ab37b4dfffff
19150,880ab20331fffff
19151,880ab3490bfffff
19152,880ab36359fffff
19153,880ab318d5fffff
19154,880a860a0bfffff
19155,880ab1659bfffff
19156,880ab321a5fffff
19157,880ab20f15fffff
19158,880ab31137fffff
19159,880ab06969fffff
19160,880ab3509dfffff
19161,880ab33991fffff
19162,880a86ad37fffff
19163,880a8600e1fffff
19164,880a86d011fffff
19165,880ab35751fffff
19166,880a949713fffff
19167,880a869ad3fffff
19168,880ab3762dfffff
19169,880ab24123fffff
19170,880ab37027fffff
19171,880ab34de7fffff
19172,880a86cc2bfffff
19173,880ab26151fffff
19174,880ab33057fffff
19175,880ab210c9fffff
19176,880ab311d3fffff
19177,880ab250e9fffff
19178,880ab204ddfffff
19179,880ab34081fffff
19180,880ab348c5fffff
19181,880ab289adfffff
19182,880a869969fffff
19183,880ab228a5fffff
19184,880ab24d27fffff
19185,880ab348a7fffff
19186,880ab34a49fffff
19187,880ab379a3fffff
19188,880ab2202bfffff
19189,880ab348a5fffff
19190,880ab2295bfffff
19191,880a868c83fffff
19192,880ab25243fffff
19193,880ab30205fffff
19194,880a8619e5fffff
19195,880ab35413fffff
19196,880ab169d7fffff
19197,880ab34423fffff
19198,880ab3a2e9fffff
19199,880ab389d7fffff
19200,880ab354edfffff
19201,880ab2c1cbfffff
19202,880a86d415fffff
19203,880a86db6bfffff
19204,880a861a35fffff
19205,880ab32123fffff
19206,880a86a8e5fffff
19207,880ab16a59fffff
19208,880ab30041fffff
19209,880ab2a73dfffff
19210,880ab34c83fffff
19211,880a86d667fffff
19212,880ab3594bfffff
19213,880ab3ccb9fffff
19214,880ab334b1fffff
19215,880a86d0ddfffff
19216,880ab3a48dfffff
19217,880ab3db21fffff
19218,880a860037fffff
19219,880a86571bfffff
19220,880a86d8d3fffff
19221,880ab35161fffff
19222,880a868ea3fffff
19223,880a86ad0dfffff
19224,880ab2cec5fffff
19225,880ab3a1e3fffff
19226,880ab20429fffff
19227,880ab2188bfffff
19228,880ab246c5fffff
19229,880a868451fffff
19230,880ab2aac7fffff
19231,880ab2a84bfffff
19232,880a86d1abfffff
19233,880ab2ac0dfffff
19234,880a86b165fffff
19235,880ab32143fffff
19236,880ab265a9fffff
19237,880a86aad9fffff
19238,880ab341ebfffff
19239,880ab2025bfffff
19240,880ab25013fffff
19241,880ab254a1fffff
19242,880a86d353fffff
19243,880ab161b5fffff
19244,880a8618d9fffff
19245,880ab21063fffff
19246,880a8614b1fffff
19247,880a865621fffff
19248,880ab3c2e9fffff
19249,880ab3d8a7fffff
19250,880ab2c011fffff
19251,880ab24d83fffff
19252,880ab3a55dfffff
19253,880ab22de3fffff
19254,880ab22d2dfffff
19255,880ab2d4b5fffff
19256,880ab3514dfffff
19257,880ab341d1fffff
19258,880ab238a1fffff
19259,880ab23203fffff
19260,88252d8801fffff
19261,880a86db31fffff
19262,880ab2a809fffff
19263,880ab262ddfffff
19264,880ab2ab55fffff
19265,880ab20de3fffff
19266,880ab3d81bfffff
19267,880ab16483fffff
19268,880ab160b5fffff
19269,880ab20ecbfffff
19270,880a86d547fffff
19271,880ab34063fffff
19272,880a86c867fffff
19273,88252d891bfffff
19274,880ab23837fffff
19275,880a86a1d3fffff
19276,880ab2d131fffff
19277,880ab33801fffff
19278,880ab2c981fffff
19279,880ab26433fffff
19280,880ab202b3fffff
19281,880ab21493fffff
19282,880ab164cbfffff
19283,880ab2074dfffff
19284,880a94d269fffff
19285,880a86d957fffff
19286,880ab3509bfffff
19287,88252dd705fffff
19288,880ab33197fffff
19289,880ab21b69fffff
19290,880ab2166dfffff
19291,880ab2681bfffff
19292,880ab16a51fffff
19293,880ab2d5edfffff
19294,880ab32aa5fffff
19295,880a868185fffff
19296,880ab3b54dfffff
19297,880ab204e3fffff
19298,880ab16917fffff
19299,880a860ad5fffff
19300,880a868cd1fffff
19301,880a86b985fffff
19302,880ab3c9e9fffff
19303,880ab34ad5fffff
19304,880ab2cc1bfffff
19305,880ab3a487fffff
19306,880ab2ace7fffff
19307,880a861297fffff
19308,880ab2c6b3fffff
19309,880ab3092dfffff
19310,880ab220cbfffff
19311,880ab30da5fffff
19312,880ab24f0bfffff
19313,880ab2cc05fffff
19314,880ab3c82dfffff
19315,880ab3c361fffff
19316,880a863327fffff
19317,880a868b6bfffff
19318,880ab23705fffff
19319,880a86118bfffff
19320,880a94b763fffff
19321,880ab222adfffff
19322,880ab3cf3bfffff
19323,880a861851fffff
19324,880ab25aa1fffff
19325,880a9482d5fffff
19326,880ab23595fffff
19327,880ab33833fffff
19328,880ab35b25fffff
19329,880ab2ac4dfffff
19330,880ab3b9a5fffff
19331,880a86836bfffff
19332,880ab3d865fffff
19333,880ab2a1a7fffff
19334,880ab24493fffff
19335,880ab17ab9fffff
19336,880ab351c5fffff
19337,880ab16909fffff
19338,88252d8131fffff
19339,880ab25ad9fffff
19340,880ab3069dfffff
19341,880a86a9d1fffff
19342,880ab224e5fffff
19343,880ab26297fffff
19344,880a86ca67fffff
19345,880ab265b1fffff
19346,880ab2488bfffff
19347,880ab22b27fffff
19348,880ab2c35bfffff
19349,880ab33a61fffff
19350,880ab3a4adfffff
19351,880ab31a91fffff
19352,880ab2613bfffff
19353,88252d9183fffff
19354,880ab338e9fffff
19355,880ab24047fffff
19356,880ab209a1fffff
19357,880a869a57fffff
19358,880ab16937fffff
19359,880ab16b1bfffff
19360,880ab3a4a1fffff
19361,880ab24489fffff
19362,880ab2670bfffff
19363,880ab27a2dfffff
19364,880ab24943fffff
19365,880ab3b9adfffff
19366,880ab2603bfffff
19367,880ab16d63fffff
19368,880ab32649fffff
19369,880ab3d967fffff
19370,880a86cf4dfffff
19371,880ab30321fffff
19372,880ab21087fffff
19373,880ab35b2bfffff
19374,880ab2020bfffff
19375,880ab255a1fffff
19376,880a86a92bfffff
19377,880a8692e1fffff
19378,880ab3473dfffff
19379,880a869a6dfffff
19380,880a949249fffff
19381,880ab3a8d7fffff
19382,880a86a32dfffff
19383,880a8685edfffff
19384,880ab2c03dfffff
19385,880ab2a299fffff
19386,880ab32325fffff
19387,880a86d46dfffff
19388,880ab24d3dfffff
19389,880ab2405dfffff
19390,880a86932dfffff
19391,880a86d0dbfffff
19392,880ab2bb57fffff
19393,880ab3a6b1fffff
19394,880ab16ae5fffff
19395,880ab21709fffff
19396,880ab2a597fffff
19397,880ab2c427fffff
19398,880ab23a2bfffff
19399,880a860215fffff
19400,880ab16ea5fffff
19401,880ab3c193fffff
19402,880ab2d493fffff
19403,880ab32a63fffff
19404,880ab27681fffff
19405,880a86923dfffff
19406,880a94b047fffff
19407,880ab344d1fffff
19408,880ab34199fffff
19409,880ab2aee5fffff
19410,880a844a31fffff
19411,880ab2212bfffff
19412,880a863149fffff
19413,880a869233fffff
19414,880a86a355fffff
19415,880a86954dfffff
19416,880ab1696dfffff
19417,880ab22a25fffff
19418,88252d8a81fffff
19419,880a868539fffff
19420,880ab30739fffff
19421,880a869025fffff
19422,880a86cc5bfffff
19423,880ab20cabfffff
19424,880a86c1a3fffff
19425,880ab1626dfffff
19426,880ab214cbfffff
19427,880ab2aa4bfffff
19428,880a94b319fffff
19429,880ab2a591fffff
19430,880ab2743bfffff
19431,880ab20729fffff
19432,880ab2ba39fffff
19433,880ab20f0dfffff
19434,880ab20041fffff
19435,880a86b1c3fffff
19436,880ab2122bfffff
19437,880ab3029bfffff
19438,880ab3cf27fffff
19439,880ab315a5fffff
19440,880ab3ac9dfffff
19441,880a86c36dfffff
19442,880ab30b23fffff
19443,880ab16315fffff
19444,880ab2a2d1fffff
19445,880ab35421fffff
19446,880ab22031fffff
19447,880ab22529fffff
19448,880ab3b5e9fffff
19449,880ab2a4b5fffff
19450,880ab28c5dfffff
19451,880ab36a41fffff
19452,880a9496a1fffff
19453,880ab2322bfffff
19454,880ab2366bfffff
19455,880ab214a7fffff
19456,880ab3ae35fffff
19457,880ab20a93fffff
19458,880a861597fffff
19459,880ab34035fffff
19460,880ab3c00bfffff
19461,880a8606b3fffff
19462,880ab271c5fffff
19463,880a86ce2bfffff
19464,880a86b9c5fffff
19465,880ab2b913fffff
19466,880ab31547fffff
19467,880ab2ba61fffff
19468,88252dd763fffff
19469,880ab2020dfffff
19470,880a868f2bfffff
19471,880ab20ad1fffff
19472,880ab2c239fffff
19473,880a8652c1fffff
19474,880ab3ad6bfffff
19475,880ab28c57fffff
19476,880ab37711fffff
19477,880ab202bbfffff
19478,880ab2d025fffff
19479,880a8682e7fffff
19480,880ab16931fffff
19481,880ab30689fffff
19482,880ab21055fffff
19483,880a868909fffff
19484,880ab3ade9fffff
19485,880a861855fffff
19486,880ab20db9fffff
19487,880a868031fffff
19488,880ab22761fffff
19489,880a86b0e1fffff
19490,880ab178dbfffff
19491,880ab16d11fffff
19492,880ab331edfffff
19493,880ab164b7fffff
19494,880a86cf27fffff
19495,880a86d427fffff
19496,880ab266b7fffff
19497,880ab2d6b9fffff
19498,880ab354cdfffff
19499,880ab3442bfffff
19500,880ab2ac1bfffff
19501,880ab34145fffff
19502,880ab25437fffff
19503,880ab2642bfffff
19504,880a8611bbfffff
19505,880ab22c65fffff
19506,880ab2a431fffff
19507,880ab3c927fffff
19508,880ab20105fffff
19509,880ab3b71bfffff
19510,880ab34c99fffff
19511,880a86c437fffff
19512,880a869981fffff
19513,880ab33b33fffff
19514,880ab302b7fffff
19515,880ab250cdfffff
19516,880ab3aa81fffff
19517,880a86113dfffff
19518,880a860445fffff
19519,880ab17a33fffff
19520,880a86858bfffff
19521,880ab250a7fffff
19522,880ab22d1bfffff
19523,880ab30b3bfffff
19524,880ab34215fffff
19525,880ab160b7fffff
19526,880a860041fffff
19527,880a86c361fffff
19528,88252d8835fffff
19529,880a86c6ebfffff
19530,880ab3d809fffff
19531,880a86ba45fffff
19532,880ab16f45fffff
19533,880ab2d5c1fffff
19534,880a8619a1fffff
19535,880ab3cc85fffff
19536,880a869841fffff
19537,880ab12db7fffff
19538,880a86112dfffff
19539,880a860053fffff
19540,880ab2276bfffff
19541,88252dd0cbfffff
19542,880ab34003fffff
19543,880ab25a99fffff
19544,880a8618ebfffff
19545,880ab2d53bfffff
19546,880ab2c505fffff
19547,880a949513fffff
19548,880ab16adbfffff
19549,880a844905fffff
19550,88252dd613fffff
19551,880a86b023fffff
19552,880ab3712dfffff
19553,880ab328c3fffff
19554,880a868147fffff
19555,88252cb6c9fffff
19556,880ab271c3fffff
19557,880ab21a3bfffff
19558,880a86ba6dfffff
19559,880ab2682dfffff
19560,880ab20357fffff
19561,880ab30145fffff
19562,880ab32181fffff
19563,880a86b00dfffff
19564,880ab20ae7fffff
19565,880ab2ac61fffff
19566,880ab30d65fffff
19567,880ab20f05fffff
19568,880ab20f6bfffff
19569,880a868ed3fffff
19570,880a86c40bfffff
19571,880ab26ae3fffff
19572,880a869667fffff
19573,880ab2bb59fffff
19574,880a86d985fffff
19575,880ab3710dfffff
19576,880ab20d31fffff
19577,880ab37819fffff
19578,88252d8117fffff
19579,880ab2ae85fffff
19580,880a86c697fffff
19581,880ab23451fffff
19582,880ab26815fffff
19583,880a86c997fffff
19584,880ab20233fffff
19585,880a861341fffff
19586,880ab3da99fffff
19587,880ab288b7fffff
19588,880ab2c583fffff
19589,880a86ab37fffff
19590,880ab321c5fffff
19591,880a94d369fffff
19592,880ab25ab3fffff
19593,880ab34c49fffff
19594,88252d9b19fffff
19595,880ab25223fffff
19596,880ab34a81fffff
19597,880ab32643fffff
19598,880ab2c601fffff
19599,880ab16847fffff
19600,880a868303fffff
19601,880ab3cb45fffff
19602,880a861239fffff
19603,880ab26b2bfffff
19604,880ab24d37fffff
19605,880ab23895fffff
19606,88252d8b09fffff
19607,880ab24325fffff
19608,880ab3dab9fffff
19609,880a86d83bfffff
19610,880ab22e43fffff
19611,880ab35735fffff
19612,880ab376c1fffff
19613,880ab3ab67fffff
19614,880ab256b5fffff
19615,880ab16115fffff
19616,880ab26d03fffff
19617,880ab28ea9fffff
19618,880ab24025fffff
19619,880a868149fffff
19620,880ab3a529fffff
19621,880ab3413dfffff
19622,880ab32aabfffff
19623,880ab30429fffff
19624,880ab16cddfffff
19625,880a86bb51fffff
19626,880ab1651dfffff
19627,880ab30045fffff
19628,880ab2c9b7fffff
19629,880a86c8e3fffff
19630,880a869185fffff
19631,880ab26ecdfffff
19632,880ab3771bfffff
19633,880ab2a48dfffff
19634,880a8684e9fffff
19635,880ab2614bfffff
19636,880ab30897fffff
19637,880ab33923fffff
19638,880ab33723fffff
19639,880ab3caedfffff
19640,880ab2bad5fffff
19641,880a9494a3fffff
19642,880ab20407fffff
19643,880ab16a5dfffff
19644,880ab3d837fffff
19645,880ab215a3fffff
19646,880a86c88dfffff
19647,880ab161bdfffff
19648,880ab1782bfffff
19649,880a86aa93fffff
19650,880ab21a85fffff
19651,880ab20327fffff
19652,880ab17ae1fffff
19653,880ab224c7fffff
19654,880a86b85dfffff
19655,880ab34a67fffff
19656,880ab2a5cdfffff
19657,880ab3d815fffff
19658,880ab216ddfffff
19659,880ab3342dfffff
19660,880ab16a87fffff
19661,880ab3ce05fffff
19662,880ab26a3dfffff
19663,880ab318d1fffff
19664,880ab35065fffff
19665,880ab20295fffff
19666,880ab21935fffff
19667,880a86ab33fffff
19668,880ab3cf09fffff
19669,880a869939fffff
19670,880ab20317fffff
19671,880ab37a1dfffff
19672,880ab2c561fffff
19673,880ab2b8b1fffff
19674,880ab30b29fffff
19675,880ab3a6e9fffff
19676,880a86d187fffff
19677,880ab205b7fffff
19678,880ab30497fffff
19679,88252d9a45fffff
19680,880ab3198bfffff
19681,880a86ce61fffff
19682,880ab25011fffff
19683,880a9492c9fffff
19684,880ab24e6dfffff
19685,880ab26419fffff
19686,880ab16191fffff
19687,880a9494d5fffff
19688,880ab22501fffff
19689,880ab3ca51fffff
19690,880ab2a84dfffff
19691,880ab34547fffff
19692,880ab37161fffff
19693,880a86c4c5fffff
19694,880a8616c1fffff
19695,880ab20319fffff
19696,880a8694c9fffff
19697,880a94b2edfffff
19698,880a86a129fffff
19699,880ab3adc5fffff
19700,880a868049fffff
19701,880ab2564bfffff
19702,880ab22a89fffff
19703,880ab31303fffff
19704,880ab2a139fffff
19705,880a8694a3fffff
19706,880ab2cc89fffff
19707,880a868413fffff
19708,880a869727fffff
19709,880a86d28bfffff
19710,880ab3a9b7fffff
19711,880ab3ccd7fffff
19712,880ab2a5b3fffff
19713,880a86140bfffff
19714,88252d934bfffff
19715,880ab3cd35fffff
19716,880ab212dbfffff
19717,880ab3a0a9fffff
19718,880ab22517fffff
19719,880ab319b5fffff
19720,880ab3a9d7fffff
19721,880ab389bdfffff
19722,880a868f6bfffff
19723,880ab2c121fffff
19724,880ab3aa17fffff
19725,880ab30f67fffff
19726,880a94b25bfffff
19727,880a86c89dfffff
19728,880ab23b03fffff
19729,880a869aebfffff
19730,880ab202b7fffff
19731,880ab34749fffff
19732,880a868893fffff
19733,880ab2a6b5fffff
19734,880ab20b53fffff
19735,880a868845fffff
19736,880a868c13fffff
19737,880ab22e41fffff
19738,880a86caabfffff
19739,880ab3a1abfffff
19740,880a844839fffff
19741,880ab27897fffff
19742,880a861401fffff
19743,880ab26a93fffff
19744,880ab16d51fffff
19745,880ab23245fffff
19746,880ab268c7fffff
19747,880a94d267fffff
19748,880a86d581fffff
19749,880ab224dbfffff
19750,880ab2563bfffff
19751,880ab25021fffff
19752,880a8449e7fffff
19753,880ab27b6bfffff
19754,880ab34e43fffff
19755,880ab3c717fffff
19756,880ab24655fffff
19757,880a868b3dfffff
19758,880ab309adfffff
19759,880ab27409fffff
19760,880ab3c145fffff
19761,880ab306b3fffff
19762,880a868713fffff
19763,880ab2199dfffff
19764,880ab35895fffff
19765,880a8681b5fffff
19766,880ab3b70dfffff
19767,880ab22703fffff
19768,880a86109dfffff
19769,880ab2220dfffff
19770,880ab2ccebfffff
19771,880a860335fffff
19772,880a86b24dfffff
19773,880a865629fffff
19774,880ab12dadfffff
19775,880ab34b39fffff
19776,880ab30c57fffff
19777,880a869b63fffff
19778,880ab22287fffff
19779,880ab3a6b5fffff
19780,880a86b1b3fffff
19781,880ab335b5fffff
19782,880ab06945fffff
19783,880ab3ab69fffff
19784,880ab28e8dfffff
19785,880ab2cc4dfffff
19786,880ab278d9fffff
19787,880ab2b183fffff
19788,88252dd6b5fffff
19789,880a86d34dfffff
19790,88252d91adfffff
19791,880ab274b5fffff
19792,88252d913bfffff
19793,880ab2a29bfffff
19794,880ab22a95fffff
19795,880ab20427fffff
19796,880ab21b03fffff
19797,880ab3ca4dfffff
19798,880ab160b1fffff
19799,880ab3d523fffff
19800,880ab2c649fffff
19801,880ab320e3fffff
19802,880ab2c4c3fffff
19803,880ab14d91fffff
19804,880ab35acdfffff
19805,880ab33225fffff
19806,880ab22ec7fffff
19807,880a86af67fffff
19808,880ab22b25fffff
19809,880ab2244bfffff
19810,880ab22693fffff
19811,880ab30e61fffff
19812,880ab178a3fffff
19813,880ab22729fffff
19814,880ab268a3fffff
19815,880ab3ac3bfffff
19816,880ab204b1fffff
19817,880ab26549fffff
19818,880ab34335fffff
19819,880ab3a8d5fffff
19820,880a86c047fffff
19821,880ab24413fffff
19822,880ab3b4cbfffff
19823,880a86d747fffff
19824,880ab069a9fffff
19825,880ab2ab47fffff
19826,880ab3510dfffff
19827,880a868609fffff
19828,880a8691e7fffff
19829,880ab26dbdfffff
19830,880ab3da59fffff
19831,880ab3ae61fffff
19832,880a86d037fffff
19833,88252cb653fffff
19834,880ab33089fffff
19835,880ab3c09bfffff
19836,880ab219d1fffff
19837,880ab166ebfffff
19838,880ab352cbfffff
19839,880ab22725fffff
19840,880ab32007fffff
19841,880ab30019fffff
19842,880ab3cc9bfffff
19843,880ab2256dfffff
19844,880ab2d539fffff
19845,880a8698c1fffff
19846,880ab2b91bfffff
19847,880ab20da5fffff
19848,880ab2615dfffff
19849,880a869035fffff
19850,880a94b75dfffff
19851,880ab2693dfffff
19852,880ab3cd95fffff
19853,880ab20ca9fffff
19854,880ab2c06bfffff
19855,880a86ced7fffff
19856,880ab32237fffff
19857,880ab274ddfffff
19858,880ab2146dfffff
19859,880ab33067fffff
19860,880ab21b17fffff
19861,880a8602b1fffff
19862,880ab31b21fffff
19863,88252d99d3fffff
19864,880ab28d83fffff
19865,880ab2545bfffff
19866,880a868227fffff
19867,880ab2c205fffff
19868,880a861945fffff
19869,880ab261adfffff
19870,880ab20155fffff
19871,880ab21103fffff
19872,880a86d015fffff
19873,880ab3ca8dfffff
19874,880ab28e91fffff
19875,880ab37b21fffff
19876,880a86834dfffff
19877,880ab22b31fffff
19878,880ab2adb1fffff
19879,880a86c8e5fffff
19880,880ab31935fffff
19881,880ab3a4b3fffff
19882,880ab1623bfffff
19883,880ab3b88bfffff
19884,880ab3ae25fffff
19885,880ab22205fffff
19886,880ab30addfffff
19887,880ab26435fffff
19888,880ab2091dfffff
19889,880a86a137fffff
19890,880ab24b1bfffff
19891,880ab30925fffff
19892,880ab3c763fffff
19893,880ab26d8bfffff
19894,880ab30b51fffff
19895,880a860263fffff
19896,880ab27105fffff
19897,880ab206a1fffff
19898,880a869583fffff
19899,880ab205d3fffff
19900,880ab24517fffff
19901,880ab3c9abfffff
19902,880a94b6cdfffff
19903,880ab2ad4dfffff
19904,880ab37909fffff
19905,88252d833bfffff
19906,880a861917fffff
19907,880a86d663fffff
19908,880ab3d935fffff
19909,880a86d857fffff
19910,880ab23357fffff
19911,880a861aedfffff
19912,880ab2cc09fffff
19913,880ab2a923fffff
19914,880a868955fffff
19915,880ab31897fffff
19916,880ab284d7fffff
19917,880ab1601bfffff
19918,880ab26461fffff
19919,880ab16de1fffff
19920,880ab350a3fffff
19921,880ab21541fffff
19922,880ab2b08bfffff
19923,880ab20153fffff
19924,880ab22987fffff
19925,880ab1614dfffff
19926,880a844a23fffff
19927,880ab22101fffff
19928,880a844953fffff
19929,880ab26367fffff
19930,880ab3a891fffff
19931,88252d9a97fffff
19932,880ab2d46dfffff
19933,880a86a93bfffff
19934,880ab2a1b5fffff
19935,88252d91cdfffff
19936,880ab27945fffff
19937,880a86d0a9fffff
19938,880ab31809fffff
19939,880a86171dfffff
19940,880a86115dfffff
19941,880a86cc55fffff
19942,880ab35695fffff
19943,880ab3a4ebfffff
19944,880a86c365fffff
19945,880a86b219fffff
19946,880ab315a3fffff
19947,880a86d759fffff
19948,880ab251c9fffff
19949,880ab27719fffff
19950,880a9495edfffff
19951,880ab28ec3fffff
19952,880ab34543fffff
19953,880ab34d3bfffff
19954,880ab228e9fffff
19955,880a86c693fffff
19956,880ab2a213fffff
19957,880ab22285fffff
19958,880ab246b3fffff
19959,880ab2ce23fffff
19960,880ab2610bfffff
19961,880ab34161fffff
19962,880ab21967fffff
19963,880ab26445fffff
19964,880ab2cc3dfffff
19965,880ab22763fffff
19966,880ab20543fffff
19967,880ab215e9fffff
19968,880ab2aa23fffff
19969,880ab37519fffff
19970,880a94b2d9fffff
19971,880ab23a25fffff
19972,880ab33b21fffff
19973,880a86813bfffff
19974,880a8684dbfffff
19975,880ab2426dfffff
19976,880ab3b831fffff
19977,880ab3c5abfffff
19978,880ab22759fffff
19979,880ab30a8dfffff
19980,880ab2a6c9fffff
19981,880ab24133fffff
19982,880ab348cdfffff
19983,880ab30c87fffff
19984,880ab2a409fffff
19985,880ab2234bfffff
19986,880ab2c217fffff
19987,880ab3575bfffff
19988,880ab379e9fffff
19989,880ab3c445fffff
19990,880ab22cd9fffff
19991,880ab2ae67fffff
19992,880a86a155fffff
19993,880a86ca31fffff
19994,880ab3448bfffff
19995,880ab3a895fffff
19996,88252d8a35fffff
19997,880a86db27fffff
19998,880a868a4dfffff
19999,880ab372dbfffff
20000,880ab17a35fffff
20001,880ab30b05fffff
20002,880ab2a369fffff
20003,880a9496cbfffff
20004,880ab28b37fffff
20005,880ab3b291fffff
20006,880ab3301dfffff
20007,880ab24f29fffff
20008,880ab28c47fffff
20009,880ab2cd33fffff
20010,880a8690d1fffff
20011,880ab332a5fffff
20012,880ab2a09bfffff
20013,880a869305fffff
20014,880ab23861fffff
20015,880ab28d9bfffff
20016,880ab2ac4bfffff
20017,880ab37707fffff
20018,880ab2c98dfffff
20019,880ab3b96bfffff
20020,880a86c55dfffff
20021,880ab22841fffff
20022,880ab2d4b9fffff
20023,880ab331b1fffff
20024,880ab33a69fffff
20025,880ab21b57fffff
20026,880ab221ddfffff
20027,880ab31a9dfffff
20028,880ab2122dfffff
20029,880ab3c44dfffff
20030,880ab2c759fffff
20031,880ab3353dfffff
20032,880ab3b551fffff
20033,880ab2063dfffff
20034,880ab331c3fffff
20035,880ab33ad3fffff
20036,88252dd0e3fffff
20037,880ab2055bfffff
20038,880a8689cbfffff
20039,880ab3050dfffff
20040,880a86c8a3fffff
20041,880ab28c19fffff
20042,880ab200a3fffff
20043,880ab2699dfffff
20044,880ab23b5dfffff
20045,880ab37039fffff
20046,880ab1696bfffff
20047,880a863067fffff
20048,880a860757fffff
20049,880ab22b69fffff
20050,880ab2400dfffff
20051,880ab248bbfffff
20052,880ab33431fffff
20053,880a869601fffff
20054,880ab1628bfffff
20055,880ab2605bfffff
20056,880ab32409fffff
20057,880ab24011fffff
20058,880ab2160dfffff
20059,880ab34c33fffff
20060,880ab3a06dfffff
20061,880a86d5dbfffff
20062,880a86aac1fffff
20063,880ab3cc05fffff
20064,880ab32309fffff
20065,880a86982dfffff
20066,880ab2c093fffff
20067,880ab3a2ebfffff
20068,880a860019fffff
20069,880a861203fffff
20070,880ab3b5a5fffff
20071,880a86d6a1fffff
20072,880a86cecbfffff
20073,880ab2190dfffff
20074,880ab3d911fffff
20075,880ab2ad95fffff
20076,880a844b49fffff
20077,880ab3a609fffff
20078,880a86d6b9fffff
20079,880ab2c613fffff
20080,880ab34149fffff
20081,880ab2a5a3fffff
20082,880ab251adfffff
20083,880ab239a3fffff
20084,880ab219b7fffff
20085,880a8681c9fffff
20086,880ab20903fffff
20087,880ab20b49fffff
20088,880a868d95fffff
20089,880a8618a7fffff
20090,880ab27255fffff
20091,880ab2689dfffff
20092,880a94d021fffff
20093,880a86c95dfffff
20094,880ab335bdfffff
20095,880ab2569dfffff
20096,880ab2a547fffff
20097,880a86d34bfffff
20098,880ab28c15fffff
20099,88252d98b5fffff
20100,880ab1683dfffff
20101,880ab21405fffff
20102,880ab3ce67fffff
20103,880ab30cd9fffff
20104,880ab204bdfffff
20105,880a94d229fffff
20106,880ab23261fffff
20107,880ab33a19fffff
20108,880ab3ad17fffff
20109,880ab26a15fffff
20110,880a861069fffff
20111,880a86c2edfffff
20112,880ab3c58dfffff
20113,880ab22aabfffff
20114,880ab3ad47fffff
20115,880ab351d9fffff
20116,880ab2751bfffff
20117,880ab2c2d3fffff
20118,880a86d859fffff
20119,880ab3da17fffff
20120,880ab34e85fffff
20121,880ab34e25fffff
20122,880ab23707fffff
20123,880a86db17fffff
20124,880ab2d485fffff
20125,880ab1620bfffff
20126,880ab3a2bbfffff
20127,880a868405fffff
20128,880ab3c0c5fffff
20129,880a94b2e9fffff
20130,880ab32129fffff
20131,880ab30d15fffff
20132,880ab3c733fffff
20133,880ab22f0bfffff
20134,880ab30807fffff
20135,880ab346e7fffff
20136,880ab23091fffff
20137,880ab370b7fffff
20138,880ab16469fffff
20139,88252dd64dfffff
20140,880ab30581fffff
20141,880a860429fffff
20142,880a86db09fffff
20143,880ab276c1fffff
20144,880ab332d9fffff
20145,880a865607fffff
20146,880a94975bfffff
20147,880ab25041fffff
20148,880ab2111dfffff
20149,880a86072dfffff
20150,880a869339fffff
20151,880ab2ce37fffff
20152,880ab33611fffff
20153,880a86d9c5fffff
20154,880ab20709fffff
20155,880ab2a9c3fffff
20156,880ab3b715fffff
20157,880a844b51fffff
20158,880ab2b493fffff
20159,880ab268bdfffff
20160,880ab25593fffff
20161,880a86d631fffff
20162,880a868447fffff
20163,880ab2c533fffff
20164,880a86c219fffff
20165,880a94b299fffff
20166,880ab320dbfffff
20167,880ab3102bfffff
20168,880ab3b437fffff
20169,88252d9b65fffff
20170,880ab2b733fffff
20171,880ab32ad5fffff
20172,880a86018bfffff
20173,880ab22221fffff
20174,880a8616e7fffff
20175,880ab21927fffff
20176,88252d8325fffff
20177,880a86034bfffff
20178,880a86152dfffff
20179,880a869457fffff
20180,880ab34495fffff
20181,880ab3435bfffff
20182,880ab2b5d5fffff
20183,880ab30527fffff
20184,880ab34067fffff
20185,880ab3aeb3fffff
20186,880a860197fffff
20187,880ab069c7fffff
20188,880a94d065fffff
20189,880ab2a965fffff
20190,880ab20b61fffff
20191,880ab37b27fffff
20192,880ab30dc5fffff
20193,880a86152bfffff
20194,880ab3da37fffff
20195,880ab3a661fffff
20196,880ab306a5fffff
20197,880ab26d33fffff
20198,880ab2ae19fffff
20199,880a8615ddfffff
20200,880ab27031fffff
20201,880a86c42dfffff
20202,880ab218e3fffff
20203,880ab2bad9fffff
20204,880ab346ebfffff
20205,880ab32607fffff
20206,880ab06d65fffff
20207,880a844819fffff
20208,880a949689fffff
20209,880ab2128dfffff
20210,880ab2ae9bfffff
20211,880ab21695fffff
20212,880a86c051fffff
20213,880ab35b57fffff
20214,880a86c5b5fffff
20215,880a86b843fffff
20216,880ab20023fffff
20217,880ab16019fffff
20218,880a86c64bfffff
20219,880ab33a53fffff
20220,880a861997fffff
20221,880ab2468bfffff
20222,880a861437fffff
20223,880ab2785dfffff
20224,880ab3a15bfffff
20225,880ab34507fffff
20226,880a86aab5fffff
20227,880ab21b27fffff
20228,880ab238edfffff
20229,880ab330b1fffff
20230,880ab27a67fffff
20231,880ab30d5bfffff
20232,880ab33a01fffff
20233,880a94b64dfffff
20234,880ab165e9fffff
20235,88252cb669fffff
20236,880ab22183fffff
20237,880ab3a681fffff
20238,880ab3535dfffff
20239,880ab2431dfffff
20240,880a86332bfffff
20241,880ab21711fffff
20242,880ab30319fffff
20243,880ab37541fffff
20244,880a86d4a9fffff
20245,880a86950bfffff
20246,880ab30641fffff
20247,880a86cc41fffff
20248,880ab20597fffff
20249,880a868ca5fffff
20250,880ab2a83dfffff
20251,880a86dac3fffff
20252,880ab2c757fffff
20253,880a8618a9fffff
20254,880ab23a4dfffff
20255,880ab2a021fffff
20256,880a86a88bfffff
20257,880ab30c3bfffff
20258,880ab35ac3fffff
20259,880ab2d5b3fffff
20260,880a869047fffff
20261,880ab31923fffff
20262,880a868901fffff
20263,880ab2c085fffff
20264,880ab34803fffff
20265,880ab244a1fffff
20266,880a86b307fffff
20267,880ab30eabfffff
20268,880ab34c09fffff
20269,880ab20f1bfffff
20270,880ab34ed5fffff
20271,880ab3261bfffff
20272,880ab33505fffff
20273,880ab16765fffff
20274,880ab16591fffff
20275,880ab272abfffff
20276,880ab3a647fffff
20277,880ab34e31fffff
20278,88252d9855fffff
20279,880ab20225fffff
20280,880a868e9dfffff
20281,880ab34999fffff
20282,880a86a993fffff
20283,880a868f59fffff
20284,880a86c559fffff
20285,880a86c35dfffff
20286,880ab20d93fffff
20287,880ab27881fffff
20288,88252d9027fffff
20289,880ab242d7fffff
20290,880ab28c13fffff
20291,880ab3af23fffff
20292,880a86d8d5fffff
20293,880ab31955fffff
20294,880ab2c917fffff
20295,880ab236c1fffff
20296,880ab31a85fffff
20297,880a860689fffff
20298,880ab336b1fffff
20299,880ab3448dfffff
20300,880ab1788bfffff
20301,880ab2b197fffff
20302,880ab26623fffff
20303,880a868087fffff
20304,880ab20623fffff
20305,880ab2ae39fffff
20306,880a86831dfffff
20307,880ab30ee5fffff
20308,880ab35a57fffff
20309,880a868e43fffff
20310,880ab3da51fffff
20311,880ab3141dfffff
20312,880a868619fffff
20313,880a86d53bfffff
20314,880ab332c5fffff
20315,880a949629fffff
20316,880a94b043fffff
20317,880ab26147fffff
20318,880ab2274dfffff
20319,880ab31865fffff
20320,880ab3231bfffff
20321,880ab2c737fffff
20322,880ab3af1bfffff
20323,880ab3c06dfffff
20324,880ab318d3fffff
20325,880ab2d4c7fffff
20326,880ab2b1cbfffff
20327,880ab2688dfffff
20328,880a86325dfffff
20329,880ab33327fffff
20330,880ab24d6bfffff
20331,880a868db1fffff
20332,880ab21111fffff
20333,880a86c5cbfffff
20334,880a86cd53fffff
20335,880ab216e9fffff
20336,880a8694b7fffff
20337,880a94d245fffff
20338,880ab22493fffff
20339,880ab2ac97fffff
20340,880ab37ac1fffff
20341,880a8699e7fffff
20342,880ab228b5fffff
20343,880ab26999fffff
20344,880ab33993fffff
20345,880a86d9b5fffff
20346,880ab2b82bfffff
20347,880a86a193fffff
20348,880ab22f1dfffff
20349,880ab249d1fffff
20350,880ab22c17fffff
20351,880ab3d9cbfffff
20352,880ab20ab9fffff
20353,880ab34601fffff
20354,880ab20717fffff
20355,880ab2cc37fffff
20356,880ab35201fffff
20357,880ab28d41fffff
20358,880a868aa3fffff
20359,880a94b441fffff
20360,880ab37b3bfffff
20361,880a86c6b3fffff
20362,880ab25359fffff
20363,880a86c661fffff
20364,880ab3b75dfffff
20365,88252d8341fffff
20366,880ab3b525fffff
20367,880ab20e15fffff
20368,880ab32715fffff
20369,88252d914dfffff
20370,880ab33889fffff
20371,880ab23027fffff
20372,880ab2a2d7fffff
20373,880ab21263fffff
20374,880ab16717fffff
20375,880ab21521fffff
20376,880ab3d937fffff
20377,880ab2ad21fffff
20378,880ab3c001fffff
20379,880ab2aee9fffff
20380,880ab30533fffff
20381,880ab3cdedfffff
20382,880ab2b2a7fffff
20383,880ab3499dfffff
20384,880ab27601fffff
20385,880ab14dbdfffff
20386,880a86c9d9fffff
20387,880ab338d7fffff
20388,880a86b801fffff
20389,880ab37315fffff
20390,880ab379abfffff
20391,880a949a6bfffff
20392,880ab322d1fffff
20393,880ab3a9a5fffff
20394,880ab2b1a9fffff
20395,880ab20da9fffff
20396,880ab35503fffff
20397,880ab24559fffff
20398,880ab2c43dfffff
20399,880ab2a66dfffff
20400,880ab37113fffff
20401,880ab336a5fffff
20402,880ab2c89dfffff
20403,88252dd645fffff
20404,880ab37705fffff
20405,880ab3d993fffff
20406,880ab16c13fffff
20407,880ab21435fffff
20408,880ab069d9fffff
20409,880ab30313fffff
20410,880ab22c5bfffff
20411,880a86d453fffff
20412,880ab23ac9fffff
20413,88252d9131fffff
20414,880ab220b3fffff
20415,880ab2ba89fffff
20416,880ab3c087fffff
20417,880ab1605bfffff
20418,880ab20c39fffff
20419,880ab34b3dfffff
20420,88252d8165fffff
20421,880ab2c931fffff
20422,880a86c0a3fffff
20423,880ab2528bfffff
20424,880ab262d9fffff
20425,88252d8331fffff
20426,880ab3a993fffff
20427,880ab25addfffff
20428,880ab2a665fffff
20429,880ab270d1fffff
20430,880ab30d43fffff
20431,880ab3ac8bfffff
20432,880ab30e2bfffff
20433,880ab22c2bfffff
20434,880ab1693dfffff
20435,880a860219fffff
20436,880ab258b9fffff
20437,880a869499fffff
20438,880ab20763fffff
20439,880ab3b503fffff
20440,880ab32a2dfffff
20441,880ab228b3fffff
20442,88252dd615fffff
20443,880ab30b59fffff
20444,880ab23adbfffff
20445,880ab20211fffff
20446,880ab3dab5fffff
20447,880ab3050bfffff
20448,880ab23023fffff
20449,880ab2170dfffff
20450,880ab274c9fffff
20451,880ab22207fffff
20452,880ab34a05fffff
20453,880ab2708dfffff
20454,880a948287fffff
20455,880ab3c4c1fffff
20456,880ab2063bfffff
20457,880ab2235bfffff
20458,880ab22dcdfffff
20459,880a86c5b9fffff
20460,880ab3ccb5fffff
20461,880ab20753fffff
20462,880ab3a069fffff
20463,880ab168e7fffff
20464,880a860635fffff
20465,880a86ab39fffff
20466,880ab210ddfffff
20467,880ab285a5fffff
20468,880ab3a6adfffff
20469,880ab2655bfffff
20470,880a86ba49fffff
20471,880ab27407fffff
20472,880ab34b55fffff
20473,880ab3cb25fffff
20474,880ab37289fffff
20475,880a86aacdfffff
20476,880ab2561bfffff
20477,880ab20991fffff
20478,880ab359a1fffff
20479,880ab2c4e7fffff
20480,880ab32b57fffff
20481,880ab3511dfffff
20482,880ab21ad5fffff
20483,880a86c24bfffff
20484,880ab21293fffff
20485,880ab33a9bfffff
20486,880a86c75dfffff
20487,880a86024bfffff
20488,880ab22ccbfffff
20489,880ab302bdfffff
20490,880ab22707fffff
20491,880ab2d8b5fffff
20492,880a868e95fffff
20493,880ab3c363fffff
20494,880ab2aa17fffff
20495,880ab26821fffff
20496,880ab3aae1fffff
20497,880ab16015fffff
20498,880ab20f19fffff
20499,880a86b11dfffff
20500,880ab2a5e1fffff
20501,880ab16eb3fffff
20502,880ab229e7fffff
20503,880ab3c565fffff
20504,880ab20437fffff
20505,880ab37adbfffff
20506,880ab3a583fffff
20507,880ab2c0ebfffff
20508,880ab30c85fffff
20509,880a861099fffff
20510,880ab1663dfffff
20511,880ab30211fffff
20512,880a86c633fffff
20513,880ab3a537fffff
20514,880a8690adfffff
20515,880ab21837fffff
20516,88252d9ac1fffff
20517,880a8680b3fffff
20518,88252dd6b7fffff
20519,880a86b8a1fffff
20520,880a94d33bfffff
20521,880ab3306bfffff
20522,880a860287fffff
20523,880ab2aabbfffff
20524,880ab33155fffff
20525,880a86d6cdfffff
20526,880a8618c3fffff
20527,880ab21431fffff
20528,880a86a151fffff
20529,880ab26959fffff
20530,880ab16e53fffff
20531,880a86ab4dfffff
20532,880a86153dfffff
20533,880ab34e21fffff
20534,880ab2ad29fffff
20535,880a86c295fffff
20536,880ab21011fffff
20537,880ab3545bfffff
20538,880ab2d687fffff
20539,880a9496d3fffff
20540,880ab26831fffff
20541,880ab16ec5fffff
20542,880ab3ca03fffff
20543,880a868c55fffff
20544,880ab3d321fffff
20545,880ab26dd5fffff
20546,880ab236e9fffff
20547,880ab359dbfffff
20548,880a8652c9fffff
20549,880ab22e8bfffff
20550,880ab301cbfffff
20551,880ab34017fffff
20552,88252dd2a3fffff
20553,880ab06d2dfffff
20554,880ab16095fffff
20555,880ab34689fffff
20556,880ab37629fffff
20557,880ab2ae0bfffff
20558,880ab226a7fffff
20559,880ab36259fffff
20560,880ab33115fffff
20561,880a868ad9fffff
20562,880a86cacbfffff
20563,880a868e5bfffff
20564,880ab3571dfffff
20565,880ab222cdfffff
20566,880ab34239fffff
20567,880ab2c721fffff
20568,880ab33621fffff
20569,880ab3cc3bfffff
20570,880ab1645bfffff
20571,880ab3a8ebfffff
20572,880ab16e85fffff
20573,880ab2345dfffff
20574,880a84481dfffff
20575,880a949421fffff
20576,880ab31509fffff
20577,880a86c31bfffff
20578,880a9492b1fffff
20579,880ab30d91fffff
20580,880ab3ccbdfffff
20581,880ab34139fffff
20582,880a8690e3fffff
20583,880ab3143bfffff
20584,880ab26093fffff
20585,880a86822bfffff
20586,880ab3c4abfffff
20587,880ab35753fffff
20588,880ab3cc43fffff
20589,880a8614e7fffff
20590,880a86c8d7fffff
20591,880a86565dfffff
20592,880ab330bbfffff
20593,880ab234b3fffff
20594,880ab37a1bfffff
20595,880ab27753fffff
20596,880ab2c417fffff
20597,880a86b9e1fffff
20598,880a8682b1fffff
20599,880ab3cf29fffff
20600,880a868db3fffff
20601,880a86c553fffff
20602,880ab32f69fffff
20603,880ab2658bfffff
20604,880a86d1adfffff
20605,880ab23b3bfffff
20606,880ab2a62bfffff
20607,880a868f11fffff
20608,880ab33625fffff
20609,880ab3cc27fffff
20610,880ab27413fffff
20611,880ab3210dfffff
20612,880ab3ce85fffff
20613,880ab2c747fffff
20614,880ab379c3fffff
20615,880a86c4b3fffff
20616,880ab3cda9fffff
20617,880ab26519fffff
20618,880a868943fffff
20619,880ab23a87fffff
20620,880a86c005fffff
20621,880ab3a62bfffff
20622,880a86c667fffff
20623,880ab2b9b5fffff
20624,880ab24e39fffff
20625,880a86850dfffff
20626,880a86d99bfffff
20627,88252dd631fffff
20628,880ab31421fffff
20629,880ab164d5fffff
20630,880a8448c9fffff
20631,880a94972bfffff
20632,880ab26d91fffff
20633,880a860435fffff
20634,880a861533fffff
20635,880ab23581fffff
20636,880ab3a503fffff
20637,880ab33233fffff
20638,880ab3b991fffff
20639,880ab300b1fffff
20640,880ab21613fffff
20641,880ab36263fffff
20642,880a869817fffff
20643,880a8688e9fffff
20644,880ab24d15fffff
20645,880a86946bfffff
20646,880ab23821fffff
20647,880ab30c2dfffff
20648,880a868459fffff
20649,880ab164abfffff
20650,880a8694d9fffff
20651,880ab2c4edfffff
20652,880ab35029fffff
20653,880ab3a0d7fffff
20654,880ab251d5fffff
20655,880ab2c9a9fffff
20656,880ab166c3fffff
20657,880ab24097fffff
20658,880ab2c8d9fffff
20659,880ab32255fffff
20660,880ab26525fffff
20661,880ab218e5fffff
20662,880a86d61dfffff
20663,880ab332ebfffff
20664,880ab260cbfffff
20665,880ab3c963fffff
20666,880a868297fffff
20667,880a86cf33fffff
20668,880ab2768bfffff
20669,880ab24693fffff
20670,880ab2a1b7fffff
20671,880ab34ee7fffff
20672,880a844a6dfffff
20673,880ab2171bfffff
20674,880ab372e5fffff
20675,880a86846dfffff
20676,880ab3ca83fffff
20677,880a861b37fffff
20678,880ab269c7fffff
20679,880ab2c833fffff
20680,880ab306c9fffff
20681,880ab35a41fffff
20682,880ab32abdfffff
20683,880ab165d7fffff
20684,880ab178b7fffff
20685,880ab2a265fffff
20686,880ab30ea5fffff
20687,880ab33b5bfffff
20688,880ab2b0b1fffff
20689,880ab3b58dfffff
20690,880ab2525bfffff
20691,880ab31a93fffff
20692,880a869b5dfffff
20693,880a869909fffff
20694,880ab30cddfffff
20695,880ab254d7fffff
20696,880ab305abfffff
20697,880ab32045fffff
20698,880ab3a02dfffff
20699,880ab20923fffff
20700,880ab30083fffff
20701,880ab274d3fffff
20702,880ab3cb41fffff
20703,880ab2af43fffff
20704,880ab20107fffff
20705,880ab24ad7fffff
20706,880ab20aadfffff
20707,880a844b33fffff
20708,880ab2b4bbfffff
20709,880ab356cbfffff
20710,880a861761fffff
20711,880ab35859fffff
20712,880ab3508bfffff
20713,880ab3305bfffff
20714,880ab26e3dfffff
20715,880ab2d553fffff
20716,880ab37ab7fffff
20717,880ab2c0e3fffff
20718,880a860a25fffff
20719,880ab2ac25fffff
20720,880ab2515bfffff
20721,880a8684d1fffff
20722,880ab22ca3fffff
20723,880ab20b57fffff
20724,880a844805fffff
20725,880ab25abdfffff
20726,880ab24a9bfffff
20727,880ab34e41fffff
20728,880a861523fffff
20729,880ab22639fffff
20730,880ab224b9fffff
20731,880ab168d9fffff
20732,880ab32f41fffff
20733,880ab23045fffff
20734,880ab37937fffff
20735,880ab3a843fffff
20736,880a868433fffff
20737,880ab2ad13fffff
20738,880ab16e0dfffff
20739,880ab24447fffff
20740,880ab169a5fffff
20741,880ab241abfffff
20742,880a868215fffff
20743,880a86c103fffff
20744,880ab220c9fffff
20745,880ab2a099fffff
20746,880a86cd63fffff
20747,880a86c151fffff
20748,880ab2409dfffff
20749,880ab165e3fffff
20750,880a869723fffff
20751,880a86b813fffff
20752,880a86993dfffff
20753,880ab33147fffff
20754,880ab34511fffff
20755,880ab3a28bfffff
20756,880ab268e9fffff
20757,880ab26f6bfffff
20758,880ab252d7fffff
20759,880a86d137fffff
20760,880ab30f19fffff
20761,880a86066dfffff
20762,880ab3b6dbfffff
20763,88252d9ae9fffff
20764,880ab2cac3fffff
20765,880ab2adbbfffff
20766,880ab25307fffff
20767,880a86d1dbfffff
20768,880ab26d35fffff
20769,880a86829bfffff
20770,880a86324dfffff
20771,880ab275c1fffff
20772,880ab2660dfffff
20773,880a86980dfffff
20774,880a8696a1fffff
20775,880a868f61fffff
20776,880ab3a2e7fffff
20777,880a8691c7fffff
20778,880a863265fffff
20779,880ab344b7fffff
20780,880a86c6c9fffff
20781,880ab216a7fffff
20782,880ab20c55fffff
20783,880ab2ceedfffff
20784,880a86b15dfffff
20785,880a860309fffff
20786,880ab31891fffff
20787,880ab20c51fffff
20788,880ab339b7fffff
20789,880a869435fffff
20790,880ab23011fffff
20791,880ab28d4dfffff
20792,880ab2b123fffff
20793,880ab220c7fffff
20794,880ab2c2edfffff
20795,880ab16895fffff
20796,880a86d931fffff
20797,880ab16a5bfffff
20798,880ab3dacbfffff
20799,880a869b4dfffff
20800,880ab33299fffff
20801,880ab32685fffff
20802,880ab30f1bfffff
20803,88252d9951fffff
20804,880ab34e49fffff
20805,880ab30613fffff
20806,880ab24cd9fffff
20807,880a86305bfffff
20808,880ab238e9fffff
20809,880ab3c819fffff
20810,880a86ca95fffff
20811,880ab20127fffff
20812,88252d81ebfffff
20813,880ab26e1dfffff
20814,880ab2a001fffff
20815,880ab22435fffff
20816,880a869537fffff
20817,880ab3cdd7fffff
20818,880a86b9edfffff
20819,880ab2480bfffff
20820,880ab179ddfffff
20821,880ab3da4dfffff
20822,880ab301d1fffff
20823,880a8681bdfffff
20824,880a861aadfffff
20825,880ab37811fffff
20826,880ab309a3fffff
20827,880ab0698bfffff
20828,880ab2ab21fffff
20829,880ab2cf07fffff
20830,880ab27087fffff
20831,880ab26829fffff
20832,880a863339fffff
20833,880ab245a9fffff
20834,880ab232b9fffff
20835,880ab3b2b1fffff
20836,880ab2c031fffff
20837,880ab20ce5fffff
20838,880ab33a3bfffff
20839,880ab37b11fffff
20840,880ab35325fffff
20841,880ab245ebfffff
20842,880ab3d9d3fffff
20843,880a86d5bbfffff
20844,880ab26ebdfffff
20845,880ab24d31fffff
20846,880a86cd49fffff
20847,880ab22849fffff
20848,880a86d317fffff
20849,880ab324d5fffff
20850,880ab231b9fffff
20851,880a868e81fffff
20852,880ab256e5fffff
20853,880ab2c2c7fffff
20854,880a86ba39fffff
20855,880ab16223fffff
20856,880a861841fffff
20857,880ab23a37fffff
20858,880ab2a81bfffff
20859,880a868cc3fffff
20860,88252d9857fffff
20861,88252d9657fffff
20862,880a8449ddfffff
20863,880a8692d3fffff
20864,880ab3c043fffff
20865,880a86815bfffff
20866,880a865365fffff
20867,880a86b25dfffff
20868,880ab3a2a3fffff
20869,880ab3ab6bfffff
20870,880ab246a9fffff
20871,880ab260d7fffff
20872,880ab22dbdfffff
20873,880ab342e3fffff
20874,880a86d701fffff
20875,880ab30523fffff
20876,880ab35947fffff
20877,880ab2749bfffff
20878,880ab3c461fffff
20879,880a94d057fffff
20880,880ab2b525fffff
20881,880a86a9e7fffff
20882,880ab37407fffff
20883,880ab34845fffff
20884,880ab25347fffff
20885,880ab3ca6dfffff
20886,880ab22d45fffff
20887,880ab2a855fffff
20888,880ab16829fffff
20889,880ab251e5fffff
20890,880a869135fffff
20891,880ab27207fffff
20892,880ab2226dfffff
20893,880ab2a0adfffff
20894,880ab202cdfffff
20895,880ab34eebfffff
20896,880ab165d9fffff
20897,880a868b47fffff
20898,880ab31359fffff
20899,880ab32a53fffff
20900,880ab2331bfffff
20901,880ab3502dfffff
20902,880ab34f15fffff
20903,880ab35635fffff
20904,880a86d1c1fffff
20905,880a86d5e5fffff
20906,880a86836dfffff
20907,880a869a81fffff
20908,880ab24169fffff
20909,880ab24d6dfffff
20910,880ab2a887fffff
20911,880ab32f63fffff
20912,880ab2b503fffff
20913,88252d99d9fffff
20914,880ab34a5bfffff
20915,880ab3565bfffff
20916,880ab34617fffff
20917,880a86d4e1fffff
20918,880ab2c1c1fffff
20919,880ab2241bfffff
20920,880ab2c9cbfffff
20921,880ab305e9fffff
20922,88252d989bfffff
20923,880ab37b69fffff
20924,880ab20c3dfffff
20925,880ab25747fffff
20926,880ab34ec5fffff
20927,88252d8123fffff
20928,880ab3a323fffff
20929,880ab3dadbfffff
20930,880ab3cf43fffff
20931,880ab2454bfffff
20932,880a86aaa1fffff
20933,880a86d193fffff
20934,880a8612e1fffff
20935,880ab2a74bfffff
20936,880a868241fffff
20937,880a865209fffff
20938,880ab16acbfffff
20939,880ab2a149fffff
20940,880a868b05fffff
20941,880ab2c891fffff
20942,880a86a859fffff
20943,880ab2296dfffff
20944,880ab20d27fffff
20945,880ab30745fffff
20946,880ab35343fffff
20947,880ab3b817fffff
20948,880a86b9e3fffff
20949,880ab2535bfffff
20950,880ab16c5bfffff
20951,880ab21a39fffff
20952,880ab23749fffff
20953,880ab32327fffff
20954,880ab2235dfffff
20955,880ab318e7fffff
20956,880ab3aae7fffff
20957,880ab32817fffff
20958,880ab301b7fffff
20959,880ab24f37fffff
20960,880ab35a27fffff
20961,880ab205d1fffff
20962,880a86ce89fffff
20963,880ab3399bfffff
20964,880ab3766bfffff
20965,880ab314d5fffff
20966,880ab242b5fffff
20967,880a949431fffff
20968,880ab311abfffff
20969,880ab30d49fffff
20970,880ab24a81fffff
20971,880ab20701fffff
20972,880a86a9c1fffff
20973,880ab3b583fffff
20974,880ab3b483fffff
20975,880a86d9b9fffff
20976,88252d9669fffff
20977,880ab17a47fffff
20978,880ab3a9d1fffff
20979,880a869521fffff
20980,880a86ba23fffff
20981,880ab2cf19fffff
20982,880ab2000bfffff
20983,880a860661fffff
20984,880a86d26dfffff
20985,880ab2726dfffff
20986,880ab37ac3fffff
20987,880ab33701fffff
20988,880ab37215fffff
20989,880ab3c893fffff
20990,880a869145fffff
20991,880a86b325fffff
20992,880ab16c9dfffff
20993,880ab2c691fffff
20994,880a94d05dfffff
20995,880ab340b1fffff
20996,880a8689c3fffff
20997,880a9496e7fffff
20998,880ab2b003fffff
20999,880ab2071dfffff
21000,880a860227fffff
21001,880a86883dfffff
21002,880ab30a5dfffff
21003,880ab219bdfffff
21004,880ab26c59fffff
21005,880ab34c51fffff
21006,880ab37655fffff
21007,880ab2b807fffff
21008,880ab3dae5fffff
21009,880ab2509dfffff
21010,880ab3a619fffff
21011,880ab2aacdfffff
21012,880ab30283fffff
21013,880ab24b33fffff
21014,880ab2c8bbfffff
21015,880a86c631fffff
21016,880ab2051bfffff
21017,880ab21917fffff
21018,880ab2b5b9fffff
21019,880a86cda9fffff
21020,880a868b51fffff
21021,880ab2acb1fffff
21022,880ab06b31fffff
21023,880ab2a411fffff
21024,880ab2543bfffff
21025,880ab320e9fffff
21026,880ab2728dfffff
21027,880a860e5dfffff
21028,880ab2d559fffff
21029,880ab2c701fffff
21030,880ab30e1bfffff
21031,88252d9a67fffff
21032,880ab3c517fffff
21033,880ab20355fffff
21034,880ab27a3dfffff
21035,880ab21291fffff
21036,880ab3599bfffff
21037,880ab316ebfffff
21038,880ab22d43fffff
21039,880ab16239fffff
21040,880ab3c33dfffff
21041,880ab26247fffff
21042,880ab3d00dfffff
21043,880ab2a057fffff
21044,880ab30361fffff
21045,880ab3b9c7fffff
21046,880ab22523fffff
21047,880ab24711fffff
21048,880ab30b13fffff
21049,880a86ce9bfffff
21050,880a868891fffff
21051,880ab3a197fffff
21052,880ab33429fffff
21053,880ab33803fffff
21054,880a86b10bfffff
21055,880ab26451fffff
21056,880a86d503fffff
21057,880ab2432dfffff
21058,880a8684adfffff
21059,880a8614d7fffff
21060,880ab26447fffff
21061,880ab36309fffff
21062,880a869ad9fffff
21063,880ab2a1b9fffff
21064,880a86aa3dfffff
21065,880ab306b1fffff
21066,88252d9a83fffff
21067,880ab16e4bfffff
21068,880ab3b0c3fffff
21069,88252cb609fffff
21070,880ab26437fffff
21071,880ab22991fffff
21072,880a86a1ddfffff
21073,880ab3a585fffff
21074,880ab2c591fffff
21075,880a869605fffff
21076,880a861a33fffff
21077,880ab3d9a5fffff
21078,880ab3d5e3fffff
21079,880ab16535fffff
21080,880a86a1b3fffff
21081,880ab31595fffff
21082,880ab34e97fffff
21083,880ab24409fffff
21084,880a86c323fffff
21085,880ab2795dfffff
21086,880ab352adfffff
21087,880a86a85dfffff
21088,880ab3b447fffff
21089,880ab3622dfffff
21090,880a86da37fffff
21091,880ab22f5bfffff
21092,880ab345edfffff
21093,880ab34d0dfffff
21094,880ab3076dfffff
21095,880a86c5bdfffff
21096,880a86d2c7fffff
21097,880ab28597fffff
21098,880a86d4c5fffff
21099,880a861ab7fffff
21100,880ab3daedfffff
21101,880ab2ab37fffff
21102,880ab234d3fffff
21103,880ab23a39fffff
21104,880ab2663dfffff
21105,880ab3414bfffff
21106,880ab2ac29fffff
21107,880ab1631dfffff
21108,880a865265fffff
21109,880ab24019fffff
21110,880ab16807fffff
21111,880ab30099fffff
21112,880a869931fffff
21113,880a868db9fffff
21114,880ab2285dfffff
21115,880ab2640bfffff
21116,880ab244b5fffff
21117,880ab354a9fffff
21118,880ab2302dfffff
21119,880ab27a61fffff
21120,880ab34cadfffff
21121,880ab06897fffff
21122,880ab34367fffff
21123,880a86886dfffff
21124,880ab30cd5fffff
21125,880ab2a933fffff
21126,880ab30693fffff
21127,880a869891fffff
21128,880ab3cb4dfffff
21129,880a949b49fffff
21130,880a861363fffff
21131,880a868c85fffff
21132,880a868d4bfffff
21133,880ab3aee5fffff
21134,880ab3cdc9fffff
21135,880ab22d11fffff
21136,880a86d465fffff
21137,880ab169edfffff
21138,880ab244c7fffff
21139,880a844b6dfffff
21140,880a86aab7fffff
21141,88252d8145fffff
21142,880a949b35fffff
21143,880ab35557fffff
21144,880ab16b23fffff
21145,880ab265b5fffff
21146,880ab22751fffff
21147,880a860047fffff
21148,880ab33403fffff
21149,880ab2b0b5fffff
21150,880ab358b7fffff
21151,880ab27037fffff
21152,880a86b055fffff
21153,880ab2ca19fffff
21154,880a9496abfffff
21155,880ab23211fffff
21156,880ab2a2c9fffff
21157,880ab35a1bfffff
21158,88252d8b33fffff
21159,880ab2433bfffff
21160,880ab2393dfffff
21161,880ab3a535fffff
21162,880ab24901fffff
21163,880ab1603dfffff
21164,880ab24cc7fffff
21165,880a869083fffff
21166,880a86a99dfffff
21167,880a844b63fffff
21168,880ab2aea1fffff
21169,880ab242b3fffff
21170,880ab2cad9fffff
21171,880ab3a107fffff
21172,880ab3730dfffff
21173,880ab2ab25fffff
21174,880ab3b089fffff
21175,880ab256ddfffff
21176,880ab2531bfffff
21177,880a86cc2dfffff
21178,880ab210adfffff
21179,880ab35247fffff
21180,880a869367fffff
21181,880ab3ad37fffff
21182,880ab2288bfffff
21183,880a869a9dfffff
21184,88252d919bfffff
21185,880ab16d83fffff
21186,880ab30199fffff
21187,880ab34c95fffff
21188,880ab27ac1fffff
21189,880a845923fffff
21190,880a8632c3fffff
21191,880ab3cc15fffff
21192,880ab232c7fffff
21193,880a868989fffff
21194,880ab205c3fffff
21195,880ab2b069fffff
21196,880ab37345fffff
21197,880ab336bdfffff
21198,880a94b66dfffff
21199,880ab339dbfffff
21200,880ab345e5fffff
21201,880ab260abfffff
21202,880ab23ad7fffff
21203,880ab32b19fffff
21204,880ab20a61fffff
21205,880ab27243fffff
21206,880ab3cdbbfffff
21207,880ab2b03dfffff
21208,880ab321c1fffff
21209,880ab2cf49fffff
21210,880ab37019fffff
21211,880a86b1edfffff
21212,880ab3cd01fffff
21213,880a86b1e9fffff
21214,880ab2d41dfffff
21215,880ab35613fffff
21216,880a86b1d7fffff
21217,880a86d263fffff
21218,880ab21221fffff
21219,880ab352d5fffff
21220,880ab2475dfffff
21221,880ab20055fffff
21222,880ab2c9abfffff
21223,880a868f1dfffff
21224,880ab3c6d3fffff
21225,880ab3c1e5fffff
21226,880ab33347fffff
21227,880ab2d423fffff
21228,880ab16215fffff
21229,880ab30cc1fffff
21230,880ab21203fffff
21231,880a86894bfffff
21232,880ab26f0bfffff
21233,880ab239b3fffff
21234,880ab356d7fffff
21235,880ab2c267fffff
21236,880a86d615fffff
21237,880ab3d5e7fffff
21238,880a86af39fffff
21239,880ab35063fffff
21240,880ab27605fffff
21241,88252d992dfffff
21242,880ab2103dfffff
21243,880ab314b5fffff
21244,880a868645fffff
21245,880ab3b569fffff
21246,880ab241a3fffff
21247,880ab222edfffff
21248,88252d9a57fffff
21249,880ab34955fffff
21250,880ab3d253fffff
21251,880ab21683fffff
21252,880a860a51fffff
21253,880ab16c01fffff
21254,880a86d131fffff
21255,880ab34ce7fffff
21256,880a86d71bfffff
21257,880a86d665fffff
21258,880ab23a41fffff
21259,880ab37245fffff
21260,880ab22505fffff
21261,880ab242c5fffff
21262,880ab2a5d5fffff
21263,880ab2462bfffff
21264,880ab2b735fffff
21265,880a8459b5fffff
21266,880ab21b01fffff
21267,880a94946dfffff
21268,880a868421fffff
21269,880ab3c45bfffff
21270,880ab2a313fffff
21271,880ab22d5dfffff
21272,880a863205fffff
21273,880ab30d59fffff
21274,880ab350a7fffff
21275,880a844b27fffff
21276,880a861683fffff
21277,880ab336d9fffff
21278,880a861b1bfffff
21279,880ab069d5fffff
21280,880ab2363dfffff
21281,880ab35a81fffff
21282,880a86c669fffff
21283,880ab3c2cbfffff
21284,880ab3524bfffff
21285,880ab21b21fffff
21286,880ab2ae37fffff
21287,880ab26307fffff
21288,880ab2c69bfffff
21289,880ab2618dfffff
21290,88252dd4dbfffff
21291,880a86ceedfffff
21292,880ab2b2a1fffff
21293,880ab3c347fffff
21294,880ab2198dfffff
21295,880a8686d9fffff
21296,880ab3b8e5fffff
21297,880a86a241fffff
21298,880ab2412dfffff
21299,880ab26d23fffff
21300,880ab30e33fffff
21301,880a869813fffff
21302,880a861b6dfffff
21303,880ab35403fffff
21304,880ab3a8e3fffff
21305,880a861053fffff
21306,880ab3d9e9fffff
21307,88252d8813fffff
21308,880ab34a09fffff
21309,880ab209d1fffff
21310,880ab3af41fffff
21311,880a868401fffff
21312,880ab340dbfffff
21313,880ab34f13fffff
21314,880ab22cd5fffff
21315,880ab20eabfffff
21316,880ab24c03fffff
21317,880ab28ce9fffff
21318,880ab35483fffff
21319,880ab26c11fffff
21320,880a86a069fffff
21321,880ab20c97fffff
21322,880a868651fffff
21323,880ab389d9fffff
21324,880ab2191bfffff
21325,880ab2ce83fffff
21326,880ab22453fffff
21327,880ab311a9fffff
21328,880a868c6dfffff
21329,880ab3a427fffff
21330,880ab3c2cdfffff
21331,880ab248d1fffff
21332,880ab2d023fffff
21333,880a861a65fffff
21334,880ab22a65fffff
21335,880ab22913fffff
21336,880a8611c5fffff
21337,880ab2cd13fffff
21338,880ab3b4e9fffff
21339,88252d9b0bfffff
21340,880ab3b769fffff
21341,880ab3a5a5fffff
21342,880ab34de9fffff
21343,880ab228edfffff
21344,880a868105fffff
21345,880ab336edfffff
21346,880ab2ab3bfffff
21347,880a86d92dfffff
21348,880ab3114bfffff
21349,880ab2716bfffff
21350,880ab236c3fffff
21351,880a869b23fffff
21352,880ab24363fffff
21353,880ab30c43fffff
21354,880ab20743fffff
21355,880ab2a269fffff
21356,880ab2a717fffff
21357,880a86926bfffff
21358,880ab2b8e5fffff
21359,880a868019fffff
21360,88252d8b19fffff
21361,880a86b1c9fffff
21362,880ab35763fffff
21363,880a86b9cbfffff
21364,880ab37763fffff
21365,880ab16f11fffff
21366,880ab22ce1fffff
21367,880ab315d9fffff
21368,880ab162cdfffff
21369,880a86c057fffff
21370,880ab2a1d1fffff
21371,880ab3072bfffff
21372,880ab3a217fffff
21373,880a94d25dfffff
21374,880ab2c99dfffff
21375,880ab2aaa5fffff
21376,880a861153fffff
21377,880a86d283fffff
21378,880ab2b1e5fffff
21379,880ab16f09fffff
21380,880ab20305fffff
21381,880ab1653dfffff
21382,880ab351d5fffff
21383,880a869429fffff
21384,880ab309cdfffff
21385,880ab2284dfffff
21386,880ab2ccadfffff
21387,880a86c409fffff
21388,880ab3c6adfffff
21389,880a868acdfffff
21390,880a86c261fffff
21391,880ab3cc37fffff
21392,880a8690a1fffff
21393,880ab23329fffff
21394,880ab25305fffff
21395,880ab2133bfffff
21396,880ab28ec7fffff
21397,880ab256d5fffff
21398,880ab21363fffff
21399,880ab3accdfffff
21400,880a86d689fffff
21401,880ab1632dfffff
21402,880ab2ada5fffff
21403,880ab252edfffff
21404,880a86cf57fffff
21405,880ab23059fffff
21406,880a86c945fffff
21407,880a868223fffff
21408,880ab30ca5fffff
21409,880ab25441fffff
21410,880ab20657fffff
21411,880a860243fffff
21412,880ab26889fffff
21413,880a86b81bfffff
21414,880ab24215fffff
21415,880ab30d53fffff
21416,880ab23b1bfffff
21417,880ab20f11fffff
21418,880ab3ab2bfffff
21419,880ab338b7fffff
21420,880a86d86dfffff
21421,880ab3ad97fffff
21422,880a860431fffff
21423,880ab3ca35fffff
21424,880ab358e9fffff
21425,880ab3cc69fffff
21426,880a8692bdfffff
21427,880ab30763fffff
21428,880ab3b4b1fffff
21429,880ab3cc63fffff
21430,880ab37849fffff
21431,880ab334b5fffff
21432,880ab22ed1fffff
21433,880a8688d3fffff
21434,880ab3b73bfffff
21435,880ab17587fffff
21436,880ab25513fffff
21437,880ab23745fffff
21438,880ab16345fffff
21439,880ab334d5fffff
21440,880ab3c261fffff
21441,880ab21349fffff
21442,880ab20b63fffff
21443,88252d9809fffff
21444,880a86ce83fffff
21445,880a86ceb1fffff
21446,880ab2702dfffff
21447,880ab2c25bfffff
21448,880ab370d5fffff
21449,880ab28dd1fffff
21450,880ab28e8bfffff
21451,880a86a125fffff
21452,880ab311a7fffff
21453,880ab27545fffff
21454,880ab30d39fffff
21455,880ab30437fffff
21456,880ab305c1fffff
21457,880ab308d3fffff
21458,880a868ad5fffff
21459,880a869107fffff
21460,880ab20133fffff
21461,880ab31893fffff
21462,880a86d20dfffff
21463,880ab379cdfffff
21464,880ab16dc3fffff
21465,880ab2670dfffff
21466,880ab2d4bbfffff
21467,880a868c03fffff
21468,880a861127fffff
21469,880a86a029fffff
21470,880a861827fffff
21471,880a86901dfffff
21472,880ab24243fffff
21473,88252d998bfffff
21474,880ab3d517fffff
21475,880ab2a505fffff
21476,880a861b17fffff
21477,880a86ca57fffff
21478,880ab35231fffff
21479,880ab200e9fffff
21480,880ab3a2e3fffff
21481,880ab2643bfffff
21482,880ab27899fffff
21483,880ab2232bfffff
21484,880a86bb5dfffff
21485,880ab3d357fffff
21486,880a869807fffff
21487,880ab3a51bfffff
21488,880ab3c74bfffff
21489,880ab3d261fffff
21490,880ab3d1b7fffff
21491,880ab26741fffff
21492,880ab370d1fffff
21493,880ab24e43fffff
21494,880ab210c1fffff
21495,880ab344c9fffff
21496,880ab2a953fffff
21497,880a868b07fffff
21498,880ab2474dfffff
21499,880a94d051fffff
21500,880ab24703fffff
21501,880ab24ebbfffff
21502,880ab30907fffff
21503,880ab32a8dfffff
21504,880ab23a97fffff
21505,880ab3d89bfffff
21506,880a86d4b1fffff
21507,880ab3371bfffff
21508,880a8616b5fffff
21509,880ab37101fffff
21510,880ab2a249fffff
21511,880ab37a61fffff
21512,880ab24065fffff
21513,880ab3790dfffff
21514,880a86944bfffff
21515,880ab2526dfffff
21516,880ab20815fffff
21517,880ab24597fffff
21518,880a86b8cdfffff
21519,880ab28ea1fffff
21520,880a86ca1dfffff
21521,880a86986bfffff
21522,880ab2c82dfffff
21523,880ab289a1fffff
21524,880ab20829fffff
21525,880ab30229fffff
21526,880a8614ddfffff
21527,880a86006bfffff
21528,88252d960bfffff
21529,880ab28d23fffff
21530,880ab2b885fffff
21531,880ab26511fffff
21532,880ab24283fffff
21533,880a84499bfffff
21534,880ab278c3fffff
21535,880ab2c587fffff
21536,880ab3018bfffff
21537,880ab31519fffff
21538,880a9494a1fffff
21539,880ab34599fffff
21540,880ab37769fffff
21541,880ab32849fffff
21542,880ab3ac95fffff
21543,880ab28c61fffff
21544,880a86c93dfffff
21545,880a86b969fffff
21546,880ab348d3fffff
21547,880a94d05bfffff
21548,88252d8a5bfffff
21549,880ab2b86dfffff
21550,880ab3394bfffff
21551,880ab24015fffff
21552,880ab28eb1fffff
21553,880ab2002bfffff
21554,880ab26939fffff
21555,88252d8953fffff
21556,880ab216e7fffff
21557,880a9482a9fffff
21558,880ab3aaa5fffff
21559,880a861149fffff
21560,880ab302a7fffff
21561,880ab268cbfffff
21562,880ab335cdfffff
21563,880ab3c12bfffff
21564,880ab3cac7fffff
21565,880ab314bdfffff
21566,880ab2ba59fffff
21567,880a86822dfffff
21568,880ab34c17fffff
21569,880ab246b5fffff
21570,880ab3736dfffff
21571,880a868115fffff
21572,880ab28945fffff
21573,880a86d025fffff
21574,880ab3c559fffff
21575,880ab2cccbfffff
21576,880ab24503fffff
21577,880a86cc3bfffff
21578,880ab3c8edfffff
21579,880a8690a7fffff
21580,880ab37505fffff
21581,880ab2cdc9fffff
21582,880a86c6b9fffff
21583,880ab2cc0bfffff
21584,880a84485dfffff
21585,880a86d93bfffff
21586,880a86b253fffff
21587,88252d8b5dfffff
21588,880a863345fffff
21589,880ab16755fffff
21590,880ab22debfffff
21591,880ab32b2dfffff
21592,880ab3aa99fffff
21593,880ab2ad1dfffff
21594,880ab266d5fffff
21595,880ab318b9fffff
21596,880ab24947fffff
21597,880ab3a59dfffff
21598,880ab355c3fffff
21599,880ab22e01fffff
21600,880ab38983fffff
21601,880ab22757fffff
21602,880ab26703fffff
21603,880a869623fffff
21604,880a86c937fffff
21605,880ab2b5d9fffff
21606,880ab3274dfffff
21607,880ab32a3dfffff
21608,880ab2c89bfffff
21609,880a86ce09fffff
21610,880ab254bdfffff
21611,880ab3c8cdfffff
21612,880ab26f1dfffff
21613,880ab3db07fffff
21614,880ab235bbfffff
21615,880ab21441fffff
21616,880ab3548dfffff
21617,880ab3d197fffff
21618,880ab30889fffff
21619,880a86a001fffff
21620,880a86d6a9fffff
21621,880ab23557fffff
21622,880ab26f3bfffff
21623,880ab1605dfffff
21624,880a86d517fffff
21625,880a869a6bfffff
21626,880ab214a5fffff
21627,880ab3ce4bfffff
21628,880ab27047fffff
21629,880ab22043fffff
21630,880ab22411fffff
21631,880ab2220bfffff
21632,880a86ce4dfffff
21633,880a86a227fffff
21634,880ab2a72bfffff
21635,88252d9b31fffff
21636,880a860651fffff
21637,880a949609fffff
21638,880ab20343fffff
21639,880ab3d053fffff
21640,880ab266a5fffff
21641,880a86c185fffff
21642,880a86c02dfffff
21643,880a8619e7fffff
21644,880ab175adfffff
21645,880a869347fffff
21646,880ab17887fffff
21647,880ab22949fffff
21648,880ab30645fffff
21649,880ab33097fffff
21650,880ab23333fffff
21651,880ab2babdfffff
21652,880ab3d119fffff
21653,880a861a19fffff
21654,880a86cd29fffff
21655,880a86cb11fffff
21656,880ab35321fffff
21657,880a86a025fffff
21658,880ab238bdfffff
21659,880ab2add7fffff
21660,880ab3024bfffff
21661,880ab3a555fffff
21662,880ab24717fffff
21663,880ab1798bfffff
21664,880ab336dbfffff
21665,880a86961bfffff
21666,880ab309a9fffff
21667,880ab16319fffff
21668,880ab22f0dfffff
21669,880ab3c96bfffff
21670,880ab168d1fffff
21671,880ab3c6e5fffff
21672,880ab20e53fffff
21673,880ab37085fffff
21674,880ab3ad81fffff
21675,880ab26181fffff
21676,880a86b8d7fffff
21677,880a8610bdfffff
21678,880ab351a3fffff
21679,880ab21a35fffff
21680,880ab33025fffff
21681,880ab28cd1fffff
21682,880a949531fffff
21683,880a86c803fffff
21684,880ab21693fffff
21685,880ab3a0c3fffff
21686,880ab33715fffff
21687,880ab3cd89fffff
21688,880ab308cbfffff
21689,88252d8b57fffff
21690,880a949511fffff
21691,880ab3c593fffff
21692,880a86b313fffff
21693,880ab16eb7fffff
21694,880ab26c3bfffff
21695,880ab30453fffff
21696,880ab22c47fffff
21697,880a86959bfffff
21698,880ab3a68bfffff
21699,880ab20257fffff
21700,880a86d8a1fffff
21701,880a86c603fffff
21702,880ab2a9cbfffff
21703,880ab26559fffff
21704,880ab17a9dfffff
21705,880a868b15fffff
21706,880ab309e9fffff
21707,880ab216adfffff
21708,880ab16b57fffff
21709,880ab12db5fffff
21710,880ab214a9fffff
21711,880ab27167fffff
21712,880ab16965fffff
21713,880ab245b9fffff
21714,880ab3ca69fffff
21715,880ab25081fffff
21716,880a8619bbfffff
21717,880a869b67fffff
21718,880ab3d345fffff
21719,880a94b619fffff
21720,880ab23737fffff
21721,880ab26ad3fffff
21722,880ab37a45fffff
21723,880a86c629fffff
21724,880ab23a35fffff
21725,880ab2cd9bfffff
21726,880ab2aa93fffff
21727,880ab2534bfffff
21728,880a86d6a3fffff
21729,880ab30a89fffff
21730,880ab2d1e7fffff
21731,880ab2c1ddfffff
21732,880ab26339fffff
21733,880ab389b1fffff
21734,880ab32113fffff
21735,880ab3ae8dfffff
21736,880ab37713fffff
21737,880a94b243fffff
21738,880a863347fffff
21739,880ab3aac7fffff
21740,880ab22651fffff
21741,880ab37637fffff
21742,880ab20cd9fffff
21743,880ab24dabfffff
21744,880a86902dfffff
21745,880a8614a5fffff
21746,880a8681b9fffff
21747,880a9496c5fffff
21748,88252d8915fffff
21749,880ab310b7fffff
21750,880a86a983fffff
21751,880ab2b06dfffff
21752,880ab23691fffff
21753,880a86ca8dfffff
21754,880a86c5ddfffff
21755,880a8692b3fffff
21756,880ab31941fffff
21757,880a86849dfffff
21758,880ab2baadfffff
21759,880ab378c1fffff
21760,880a86c0a7fffff
21761,880ab262b1fffff
21762,880ab27855fffff
21763,880ab2430dfffff
21764,880ab24f33fffff
21765,880ab06943fffff
21766,880a868de5fffff
21767,880a868051fffff
21768,880ab37149fffff
21769,880ab22c39fffff
21770,880a94d301fffff
21771,880ab20103fffff
21772,880ab30c25fffff
21773,880ab24707fffff
21774,880ab234a3fffff
21775,880ab3351dfffff
21776,880ab2a085fffff
21777,880ab318d9fffff
21778,880ab326bdfffff
21779,880ab30337fffff
21780,880a861087fffff
21781,880ab33365fffff
21782,880a865259fffff
21783,880ab20d8dfffff
21784,880ab24207fffff
21785,880a86d963fffff
21786,880ab3720dfffff
21787,880ab24c07fffff
21788,880ab3a8c5fffff
21789,880ab3c82bfffff
21790,880ab1675bfffff
21791,880ab23019fffff
21792,880a86976dfffff
21793,880ab22a9dfffff
21794,880a860147fffff
21795,880ab23411fffff
21796,880ab27711fffff
21797,880a844b23fffff
21798,880ab31337fffff
21799,880ab224edfffff
21800,880ab34c01fffff
21801,880ab2d15bfffff
21802,880ab22665fffff
21803,880ab210c3fffff
21804,880a94d157fffff
21805,880ab3dab7fffff
21806,880a861403fffff
21807,88252dd2bbfffff
21808,880ab222d1fffff
21809,880ab236bdfffff
21810,880ab2ae05fffff
21811,880a868e4dfffff
21812,880ab24135fffff
21813,880ab3a49dfffff
21814,880a8685e3fffff
21815,880ab26a8bfffff
21816,880a86cf11fffff
21817,880ab339ddfffff
21818,880ab3421dfffff
21819,880ab21499fffff
21820,880ab31301fffff
21821,880ab230e5fffff
21822,880ab331c7fffff
21823,880ab16493fffff
21824,880ab20de9fffff
21825,880ab2766dfffff
21826,880ab30113fffff
21827,880a8684c1fffff
21828,880ab2a153fffff
21829,880a861b2dfffff
21830,880a865447fffff
21831,880ab24401fffff
21832,880ab30d0bfffff
21833,880ab3c149fffff
21834,880ab2cad1fffff
21835,880a8602adfffff
21836,880a869237fffff
21837,880ab22db3fffff
21838,880ab2c881fffff
21839,880ab37261fffff
21840,880ab28c1dfffff
21841,880ab21841fffff
21842,880a868107fffff
21843,880a9494b5fffff
21844,88252d99c7fffff
21845,880a861119fffff
21846,880ab2c0d7fffff
21847,880a86ae21fffff
21848,880a868ab1fffff
21849,880ab25291fffff
21850,880ab26155fffff
21851,880a860143fffff
21852,880a86d59dfffff
21853,880ab34231fffff
21854,880ab26861fffff
21855,880ab24f25fffff
21856,880a86c4abfffff
21857,880ab33261fffff
21858,880a8602ddfffff
21859,880a86a8adfffff
21860,880ab2bb4bfffff
21861,88252dd6bdfffff
21862,880ab2c14bfffff
21863,880a86da85fffff
21864,880ab2281dfffff
21865,880ab30e5bfffff
21866,880ab3c969fffff
21867,880ab30627fffff
21868,880ab3024dfffff
21869,880ab3c2c7fffff
21870,880ab20e23fffff
21871,880ab3ae0bfffff
21872,880ab2d005fffff
21873,880ab20119fffff
21874,880ab3354bfffff
21875,880ab3b4c5fffff
21876,880ab22b11fffff
21877,880ab276b1fffff
21878,880ab27b57fffff
21879,880ab2cf5dfffff
21880,880ab376abfffff
21881,880ab17a31fffff
21882,880ab16ddbfffff
21883,880ab200dbfffff
21884,880ab2c663fffff
21885,880a94961bfffff
21886,880ab32281fffff
21887,880ab245e1fffff
21888,880ab06907fffff
21889,880a86b045fffff
21890,880ab3c0d9fffff
21891,880ab20c35fffff
21892,880ab32b55fffff
21893,880ab2b865fffff
21894,880ab2c8b7fffff
21895,880ab37a37fffff
21896,880ab252b5fffff
21897,880ab2c013fffff
21898,880ab23907fffff
21899,880ab34349fffff
21900,880a86d98dfffff
21901,880ab31b33fffff
21902,880ab264e7fffff
21903,880ab2ab3dfffff
21904,880a86900bfffff
21905,880ab2cdd7fffff
21906,880ab16707fffff
21907,880ab3a9a9fffff
21908,880ab32a67fffff
21909,880a868003fffff
21910,880ab30561fffff
21911,880a865609fffff
21912,880ab33831fffff
21913,880ab2b1c5fffff
21914,880ab2442bfffff
21915,880ab3519dfffff
21916,880a86a365fffff
21917,880a868d13fffff
21918,880a86a953fffff
21919,880a86ae07fffff
21920,880ab2c727fffff
21921,880a86af25fffff
21922,880ab258c9fffff
21923,880a86cc65fffff
21924,880ab34589fffff
21925,880ab16b65fffff
21926,880a868941fffff
21927,880a86da9dfffff
21928,880ab20639fffff
21929,880ab3c2a3fffff
21930,880ab274d7fffff
21931,880ab322d7fffff
21932,880ab3ac03fffff
21933,880ab33731fffff
21934,880ab31a3dfffff
21935,880a86d8adfffff
21936,880a86142bfffff
21937,880ab22423fffff
21938,880ab3c60dfffff
21939,880ab305e5fffff
21940,880ab34283fffff
21941,88252d9915fffff
21942,88252d8a4bfffff
21943,880a868f09fffff
21944,880ab2b02dfffff
21945,880ab226a1fffff
21946,880ab2b12dfffff
21947,880ab30e41fffff
21948,880a869a89fffff
21949,880a868f23fffff
21950,880ab21307fffff
21951,880ab3553bfffff
21952,880ab32e6bfffff
21953,880ab262e9fffff
21954,880ab2af31fffff
21955,880a844b11fffff
21956,880a949b63fffff
21957,880a8448d5fffff
21958,880a869911fffff
21959,880ab3781bfffff
21960,880ab20325fffff
21961,880a86c085fffff
21962,880ab2060dfffff
21963,880ab3c59bfffff
21964,880ab268c9fffff
21965,880a8694d1fffff
21966,880a86c539fffff
21967,880a86d2edfffff
21968,880ab334a1fffff
21969,880ab2731dfffff
21970,880ab205a3fffff
21971,88252d9b6dfffff
21972,880ab3286bfffff
21973,880ab30f1dfffff
21974,880ab16741fffff
21975,880ab2c817fffff
21976,880ab21249fffff
21977,880a86d511fffff
21978,880ab3a65dfffff
21979,880ab328d9fffff
21980,880a86950dfffff
21981,880a8614adfffff
21982,880ab3d80dfffff
21983,880ab3d821fffff
21984,880ab34d9bfffff
21985,880ab129abfffff
21986,880ab3331dfffff
21987,880ab3705dfffff
21988,880ab33999fffff
21989,880ab34e89fffff
21990,880a86b90bfffff
21991,880a8600e9fffff
21992,880a86a1a9fffff
21993,880ab216b5fffff
21994,880a8694d7fffff
21995,880ab248a3fffff
21996,880a8686c5fffff
21997,880ab242edfffff
21998,880ab2a6c7fffff
21999,880a86d531fffff
22000,880ab2a841fffff
22001,880ab24925fffff
22002,880a861a6bfffff
22003,880ab23545fffff
22004,880a8695d7fffff
22005,880ab3a2c1fffff
22006,880ab37489fffff
22007,880ab225a3fffff
22008,88252d91e3fffff
22009,880ab344e7fffff
22010,880ab2424bfffff
22011,88252dd089fffff
22012,880a861311fffff
22013,880ab3adc1fffff
22014,880ab355b9fffff
22015,880ab1683bfffff
22016,880ab20887fffff
22017,880ab340d3fffff
22018,880ab34815fffff
22019,880ab33317fffff
22020,880ab35059fffff
22021,880ab3d145fffff
22022,880ab372a5fffff
22023,880ab33b25fffff
22024,880ab22b33fffff
22025,880a86cd2bfffff
22026,880ab34019fffff
22027,880a868911fffff
22028,880ab33a4bfffff
22029,880a86531bfffff
22030,880ab3112bfffff
22031,880ab23633fffff
22032,880a861237fffff
22033,880ab3daa3fffff
22034,880a8699bdfffff
22035,880ab3c94bfffff
22036,880a868289fffff
22037,880a86da11fffff
22038,880ab300bdfffff
22039,880ab25615fffff
22040,880ab222d7fffff
22041,880ab2ba51fffff
22042,880ab3cd6bfffff
22043,880ab2032dfffff
22044,880a94b6b5fffff
22045,880a86d2e7fffff
22046,880ab171bbfffff
22047,880ab2ac69fffff
22048,880ab16a1dfffff
22049,880a86d947fffff
22050,880ab34711fffff
22051,880ab16d17fffff
22052,880a86ce31fffff
22053,880ab3d143fffff
22054,880a9495a1fffff
22055,880ab269ebfffff
22056,880a86c11dfffff
22057,880a8696b5fffff
22058,880ab371b3fffff
22059,880a86cb65fffff
22060,880ab2b86bfffff
22061,880ab3c5e5fffff
22062,880ab3ce61fffff
22063,880a869167fffff
22064,880ab2665bfffff
22065,880ab30355fffff
22066,880ab34021fffff
22067,880a865605fffff
22068,880ab269b7fffff
22069,880ab2cf15fffff
22070,880ab2c019fffff
22071,880a94b623fffff
22072,880ab2aab7fffff
22073,880a86d719fffff
22074,880ab2789bfffff
22075,880ab179cbfffff
22076,880ab3ad07fffff
22077,880ab21725fffff
22078,880a86ca0dfffff
22079,880ab20d59fffff
22080,880ab164bdfffff
22081,880ab2cadbfffff
22082,880ab3190bfffff
22083,880ab33241fffff
22084,880ab2a181fffff
22085,880ab3aa11fffff
22086,880ab32859fffff
22087,880ab35361fffff
22088,880ab25705fffff
22089,880a8615edfffff
22090,880ab355e9fffff
22091,880ab23849fffff
22092,880a86901bfffff
22093,880a868eb7fffff
22094,880ab26cd9fffff
22095,880ab33967fffff
22096,880ab35a45fffff
22097,880ab3b283fffff
22098,880ab22803fffff
22099,880ab2b893fffff
22100,880ab20b6bfffff
22101,880ab22921fffff
22102,880a86930dfffff
22103,880ab260e5fffff
22104,880ab271cbfffff
22105,880a8695d9fffff
22106,880ab35323fffff
22107,880a9496c7fffff
22108,880a86c929fffff
22109,880ab22f37fffff
22110,880ab2b4a1fffff
22111,880ab27843fffff
22112,880ab3ad11fffff
22113,880a861a17fffff
22114,880ab32201fffff
22115,880ab34591fffff
22116,880a86c2cdfffff
22117,880a844835fffff
22118,880a861037fffff
22119,880ab32197fffff
22120,880ab200a5fffff
22121,880a865649fffff
22122,880ab358a9fffff
22123,880ab3aa5bfffff
22124,880ab3d85dfffff
22125,880ab2124dfffff
22126,880ab2080bfffff
22127,880ab342e1fffff
22128,880ab2b56dfffff
22129,880ab26addfffff
22130,880ab2d497fffff
22131,880ab3c425fffff
22132,880ab32a41fffff
22133,880ab35037fffff
22134,880ab35549fffff
22135,880ab305e7fffff
22136,880ab3b723fffff
22137,880a86c635fffff
22138,880ab3029dfffff
22139,880ab23769fffff
22140,880ab2d1c3fffff
22141,880ab34737fffff
22142,880ab31815fffff
22143,880ab2a8edfffff
22144,880ab22697fffff
22145,880a8684a7fffff
22146,880ab16f4bfffff
22147,880ab2c139fffff
22148,880ab208c1fffff
22149,880ab23291fffff
22150,880ab2b583fffff
22151,880ab3c5d5fffff
22152,880a868ae1fffff
22153,880ab33319fffff
22154,880ab2b015fffff
22155,880a86c957fffff
22156,880ab242ddfffff
22157,880a868ca7fffff
22158,880ab20693fffff
22159,880ab3da2dfffff
22160,880a86aa65fffff
22161,880ab3c161fffff
22162,880a86d933fffff
22163,880ab20f67fffff
22164,880ab2722dfffff
22165,880a86ce47fffff
22166,880ab30961fffff
22167,880a8448bbfffff
22168,880ab32319fffff
22169,880a86c127fffff
22170,880ab229adfffff
22171,880ab2cc13fffff
22172,880a86951bfffff
22173,880ab315c1fffff
22174,88252d9b4dfffff
22175,880a94964bfffff
22176,880ab3af17fffff
22177,880ab2ac05fffff
22178,880a8698ebfffff
22179,880a86c4bbfffff
22180,880a8699bbfffff
22181,880ab3cd2bfffff
22182,880ab1682bfffff
22183,880ab21a19fffff
22184,880ab34a55fffff
22185,880ab22541fffff
22186,880ab200c5fffff
22187,880a8614c5fffff
22188,880a86d055fffff
22189,880a860a35fffff
22190,880ab3b755fffff
22191,880ab215bdfffff
22192,880ab2d0bbfffff
22193,880ab20a39fffff
22194,880ab30d5dfffff
22195,880a86125dfffff
22196,880ab30acdfffff
22197,880ab3c76bfffff
22198,880a86db51fffff
22199,880ab36267fffff
22200,880a8618b1fffff
22201,880ab2619bfffff
22202,880ab338c5fffff
22203,880a868295fffff
22204,880ab26f3dfffff
22205,880ab2bb15fffff
22206,880ab24f43fffff
22207,880ab26729fffff
22208,880a86a837fffff
22209,880ab2a301fffff
22210,880a860317fffff
22211,880ab341e3fffff
22212,880ab33111fffff
22213,880ab34dd3fffff
22214,88252d9a87fffff
22215,880ab2b01dfffff
22216,880ab275dbfffff
22217,880ab35619fffff
22218,880ab31007fffff
22219,88252d8139fffff
22220,880ab346c3fffff
22221,880ab33955fffff
22222,880a868349fffff
22223,880a86a1e7fffff
22224,880ab16213fffff
22225,880ab2a935fffff
22226,880a868de9fffff
22227,880ab32adbfffff
22228,88252d988dfffff
22229,880ab306c3fffff
22230,880a8612b7fffff
22231,880a869615fffff
22232,880ab30dbbfffff
22233,880a948641fffff
22234,880a8699a3fffff
22235,880ab35113fffff
22236,880ab2a2cbfffff
22237,88252d8aabfffff
22238,880ab202cbfffff
22239,880ab35b59fffff
22240,880ab2d02bfffff
22241,880ab30493fffff
22242,880ab334c1fffff
22243,880ab232edfffff
22244,880a86aae9fffff
22245,880ab21b2dfffff
22246,880ab22b07fffff
22247,880ab3b597fffff
22248,880ab3d1e3fffff
22249,880a868d81fffff
22250,880ab35b55fffff
22251,880ab2a0e3fffff
22252,880ab3c0adfffff
22253,880ab3ce39fffff
22254,880a86c8d3fffff
22255,880ab32741fffff
22256,880ab35b65fffff
22257,880a86db39fffff
22258,880ab3501bfffff
22259,880ab3a6cdfffff
22260,880a860a0dfffff
22261,880ab3140bfffff
22262,880ab33a5bfffff
22263,880a86d8e7fffff
22264,880ab3c289fffff
22265,880ab2cd31fffff
22266,880a86b855fffff
22267,880ab3aa9bfffff
22268,880ab2ac35fffff
22269,880ab28c85fffff
22270,880ab35855fffff
22271,880ab3a53dfffff
22272,880ab2a627fffff
22273,880ab2b9c9fffff
22274,880ab37847fffff
22275,880ab25697fffff
22276,880ab238bbfffff
22277,880a86974bfffff
22278,880ab3c1a5fffff
22279,88252d9a2dfffff
22280,880a86d2bdfffff
22281,88252d8b11fffff
22282,880ab3a99bfffff
22283,88252d9945fffff
22284,880ab3a8a3fffff
22285,880a86073dfffff
22286,880ab34f53fffff
22287,880ab35701fffff
22288,880ab23605fffff
22289,880ab33691fffff
22290,880ab3ce23fffff
22291,88252d9901fffff
22292,880ab20b01fffff
22293,880a86a909fffff
22294,880ab37281fffff
22295,880ab3cd19fffff
22296,880ab278d7fffff
22297,880a86b149fffff
22298,880ab25519fffff
22299,880ab276b9fffff
22300,880a86c33dfffff
22301,880ab30193fffff
22302,88252d9619fffff
22303,880ab37043fffff
22304,880ab2b8abfffff
22305,880ab2c143fffff
22306,880ab274c7fffff
22307,880a949623fffff
22308,880ab20491fffff
22309,880ab216bbfffff
22310,880ab12da1fffff
22311,880ab24253fffff
22312,880ab260d3fffff
22313,880ab16d99fffff
22314,880a94d253fffff
22315,880a86b1b9fffff
22316,880ab3534bfffff
22317,880ab37563fffff
22318,880a86c02bfffff
22319,880ab309a7fffff
22320,880a868ab5fffff
22321,880ab3475dfffff
22322,880a8695e7fffff
22323,880ab24805fffff
22324,880ab23321fffff
22325,880a94942dfffff
22326,880ab3cd29fffff
22327,880a8692c7fffff
22328,880ab2ae9dfffff
22329,880ab178ddfffff
22330,880ab344edfffff
22331,880a94d20dfffff
22332,880ab275d3fffff
22333,880ab26e1bfffff
22334,880ab16235fffff
22335,880a94b007fffff
22336,880ab2aa31fffff
22337,880a8615ebfffff
22338,880a860051fffff
22339,880a868957fffff
22340,880ab2532bfffff
22341,880ab3d0b7fffff
22342,880ab28ca3fffff
22343,880ab24d3bfffff
22344,880a8690b3fffff
22345,880ab356edfffff
22346,880ab3d823fffff
22347,88252dd72dfffff
22348,880ab33b53fffff
22349,880ab200d3fffff
22350,880ab24c95fffff
22351,880a86ccd3fffff
22352,880ab34669fffff
22353,880a869149fffff
22354,880ab3202dfffff
22355,880ab2a185fffff
22356,880ab21407fffff
22357,880ab301b3fffff
22358,880ab3d11dfffff
22359,880a861661fffff
22360,880ab30d83fffff
22361,880ab2a1a1fffff
22362,880ab3cd53fffff
22363,880a86da87fffff
22364,880ab175b3fffff
22365,880ab25115fffff
22366,880ab2b9e5fffff
22367,880ab35b3bfffff
22368,880ab22123fffff
22369,880ab24481fffff
22370,880a86c1c9fffff
22371,880a860723fffff
22372,880ab26899fffff
22373,880ab25365fffff
22374,880ab3b76dfffff
22375,880ab2692bfffff
22376,880a868dc3fffff
22377,880ab33957fffff
22378,880ab33059fffff
22379,880ab374c3fffff
22380,880a86c595fffff
22381,880a869b29fffff
22382,880a868423fffff
22383,880ab2d1a3fffff
22384,880a86a995fffff
22385,880a860193fffff
22386,880ab2126dfffff
22387,880ab24159fffff
22388,880ab216a9fffff
22389,880ab376d7fffff
22390,880ab2211dfffff
22391,880ab37469fffff
22392,880a868f6dfffff
22393,880a861addfffff
22394,880ab3c741fffff
22395,880ab2b5a1fffff
22396,880ab3c311fffff
22397,880ab24191fffff
22398,880ab3a563fffff
22399,880ab352cdfffff
22400,880a86b323fffff
22401,880ab2754dfffff
22402,880a86a10bfffff
22403,880ab3ce93fffff
22404,88252d8b39fffff
22405,88252d9817fffff
22406,880ab2cc41fffff
22407,880ab221d5fffff
22408,880ab16e9dfffff
22409,880ab3a803fffff
22410,880a86c8a7fffff
22411,88252d824bfffff
22412,880ab22361fffff
22413,880ab22ac1fffff
22414,880a86d189fffff
22415,880ab22169fffff
22416,880ab206ddfffff
22417,880a8602a5fffff
22418,880a94865dfffff
22419,880ab284d9fffff
22420,880a949547fffff
22421,880a86d98bfffff
22422,880ab3db1dfffff
22423,880ab328e9fffff
22424,880ab262e3fffff
22425,880ab3714bfffff
22426,880a86c905fffff
22427,880a861981fffff
22428,880ab24db9fffff
22429,880ab21049fffff
22430,880ab2c323fffff
22431,880ab34c6dfffff
22432,880a869593fffff
22433,880ab165e1fffff
22434,880ab34db1fffff
22435,880a86d423fffff
22436,880ab37123fffff
22437,880ab3542bfffff
22438,880ab3c589fffff
22439,880ab26945fffff
22440,880ab16515fffff
22441,880ab2ad81fffff
22442,880a86b34dfffff
22443,880ab3245dfffff
22444,880ab30603fffff
22445,880a86ba27fffff
22446,880ab2b5a3fffff
22447,880ab3c6c7fffff
22448,880a861931fffff
22449,880ab235cdfffff
22450,880a868e23fffff
22451,880ab2af55fffff
22452,880a949761fffff
22453,880ab2d1c1fffff
22454,880a8681c1fffff
22455,880ab21533fffff
22456,880ab34203fffff
22457,880a861665fffff
22458,880ab315adfffff
22459,880ab28f37fffff
22460,880a868503fffff
22461,880ab3a84dfffff
22462,880a94b627fffff
22463,880a860229fffff
22464,880a86ccd5fffff
22465,880ab3c821fffff
22466,880ab3aa05fffff
22467,880ab3b559fffff
22468,880ab356ebfffff
22469,88252d9611fffff
22470,880ab379cbfffff
22471,880a868253fffff
22472,880ab3cabbfffff
22473,880ab30331fffff
22474,880ab316c7fffff
22475,880ab34325fffff
22476,880a86d5a5fffff
22477,880a860a6bfffff
22478,880ab25257fffff
22479,880ab24e35fffff
22480,880a86c943fffff
22481,880ab28c29fffff
22482,880ab206cbfffff
22483,880ab2c749fffff
22484,880ab2a039fffff
22485,880a86c039fffff
22486,880ab16d3dfffff
22487,880ab21b31fffff
22488,880ab33867fffff
22489,880ab24145fffff
22490,880a949589fffff
22491,880ab3c113fffff
22492,880ab2503bfffff
22493,880ab21ae3fffff
22494,880a8684a3fffff
22495,880ab3376bfffff
22496,880ab2c0c3fffff
22497,880ab32f43fffff
22498,880ab344abfffff
22499,880a86c889fffff
22500,880ab3a32bfffff
22501,880ab215adfffff
22502,880a86ab0bfffff
22503,880ab2c263fffff
22504,880ab37949fffff
22505,880a8601c9fffff
22506,880ab30f51fffff
22507,880ab2a691fffff
22508,880ab22b65fffff
22509,880a844abbfffff
22510,880ab35ae9fffff
22511,880ab3a88bfffff
22512,880ab2ce69fffff
22513,880ab35841fffff
22514,880ab319a1fffff
22515,880a868d57fffff
22516,880ab31803fffff
22517,880ab23363fffff
22518,88252dd633fffff
22519,880a86d723fffff
22520,880ab246a1fffff
22521,880ab2d561fffff
22522,880ab2709dfffff
22523,880ab2323bfffff
22524,880ab28da3fffff
22525,880ab35209fffff
22526,880ab22335fffff
22527,880a86b225fffff
22528,880a8699c3fffff
22529,880a86a911fffff
22530,880a8606e7fffff
22531,880ab319bdfffff
22532,880ab3a10bfffff
22533,880ab2a911fffff
22534,880a8692c9fffff
22535,880ab3af47fffff
22536,880ab35145fffff
22537,880ab2b767fffff
22538,880a86ab19fffff
22539,880ab16453fffff
22540,880a86124bfffff
22541,880ab2ab07fffff
22542,880ab2c207fffff
22543,880a86b183fffff
22544,880a8689e5fffff
22545,88252d9101fffff
22546,880ab20451fffff
22547,880a8681a3fffff
22548,880a869003fffff
22549,880ab26e93fffff
22550,880ab3c9e3fffff
22551,880ab34307fffff
22552,880ab22a57fffff
22553,880a8698d3fffff
22554,880a86866bfffff
22555,880ab20aa5fffff
22556,880ab3c887fffff
22557,880ab35a03fffff
22558,880ab304edfffff
22559,880ab228d7fffff
22560,880ab255c5fffff
22561,880a86d0bbfffff
22562,880a86d493fffff
22563,880ab3c5c5fffff
22564,880a8688abfffff
22565,880ab3a587fffff
22566,880ab315abfffff
22567,880a868895fffff
22568,880ab33061fffff
22569,880ab305c7fffff
22570,880ab3b705fffff
22571,880ab284d3fffff
22572,880ab3c04dfffff
22573,880ab33817fffff
22574,880ab16a29fffff
22575,880a86c815fffff
22576,880a86935dfffff
22577,880ab32199fffff
22578,880ab201e5fffff
22579,880a860129fffff
22580,880ab3276dfffff
22581,880ab16b41fffff
22582,88252d894bfffff
22583,880ab3ae31fffff
22584,880ab2cc69fffff
22585,880ab2c641fffff
22586,880a86c9cdfffff
22587,880a86cab5fffff
22588,880a86bb4dfffff
22589,88252d81edfffff
22590,880ab27b19fffff
22591,880ab3c2a5fffff
22592,880a860543fffff
22593,880ab389a3fffff
22594,880a8601c1fffff
22595,880ab3c4bbfffff
22596,88252d9103fffff
22597,880a94b2d7fffff
22598,880ab2a661fffff
22599,880ab1781bfffff
22600,880ab30cadfffff
22601,880ab20de5fffff
22602,880a861063fffff
22603,880ab2a0d1fffff
22604,880ab3cd33fffff
22605,880ab264e3fffff
22606,880ab30423fffff
22607,880ab31543fffff
22608,880ab34187fffff
22609,880ab2a815fffff
22610,880ab34a1dfffff
22611,880ab34ee3fffff
22612,880ab1661dfffff
22613,880ab28e27fffff
22614,88252d8b53fffff
22615,880ab26957fffff
22616,880a8601e1fffff
22617,880ab264e1fffff
22618,880ab355d5fffff
22619,880a8619a5fffff
22620,880a86b343fffff
22621,880ab336a3fffff
22622,880ab2af45fffff
22623,880ab2a885fffff
22624,880ab37ad5fffff
22625,880ab17aedfffff
22626,880ab3d209fffff
22627,880ab38989fffff
22628,880a86b319fffff
22629,880ab244d7fffff
22630,880ab3cb61fffff
22631,880a86ceabfffff
22632,880a86cd9bfffff
22633,880ab28925fffff
22634,880ab32b39fffff
22635,880ab3da05fffff
22636,880ab352e7fffff
22637,880ab31837fffff
22638,880ab2d489fffff
22639,880ab3551bfffff
22640,880ab37545fffff
22641,880a86da23fffff
22642,880ab37943fffff
22643,880ab3a023fffff
22644,880ab335c7fffff
22645,880ab316d7fffff
22646,880ab24b03fffff
22647,880ab359ebfffff
22648,880ab2189bfffff
22649,880ab301b9fffff
22650,880ab34d45fffff
22651,880ab23143fffff
22652,880ab33a0bfffff
22653,880ab24de5fffff
22654,880ab30231fffff
22655,88252d8045fffff
22656,880ab339a1fffff
22657,880ab2c8c9fffff
22658,880ab3b417fffff
22659,880ab2556dfffff
22660,880ab3c355fffff
22661,880ab2d5e7fffff
22662,880ab3554bfffff
22663,880ab27905fffff
22664,880ab25711fffff
22665,880ab2d481fffff
22666,880ab3440bfffff
22667,880ab3d9e5fffff
22668,880ab20749fffff
22669,880ab2b731fffff
22670,880a860167fffff
22671,880a94924bfffff
22672,880ab341b5fffff
22673,880ab3761dfffff
22674,880a86129bfffff
22675,880ab26e99fffff
22676,880ab21501fffff
22677,880ab25189fffff
22678,880ab23527fffff
22679,880ab3cad7fffff
22680,880a86909dfffff
22681,880ab34dc5fffff
22682,880ab24c35fffff
22683,880ab33265fffff
22684,880ab27749fffff
22685,880ab2cd5bfffff
22686,880ab37615fffff
22687,880ab31a49fffff
22688,880ab3b56bfffff
22689,880ab162c3fffff
22690,880ab22e47fffff
22691,880a86ca33fffff
22692,880ab2a413fffff
22693,880ab22a41fffff
22694,880ab2a4cbfffff
22695,880a94b211fffff
22696,880ab30ae7fffff
22697,880ab204c7fffff
22698,880ab2b107fffff
22699,880a86074bfffff
22700,880ab2a74dfffff
22701,880ab34ab1fffff
22702,880ab319a3fffff
22703,880ab318b3fffff
22704,880ab31903fffff
22705,880ab31b6bfffff
22706,880a861065fffff
22707,880ab234a1fffff
22708,880a868739fffff
22709,880ab242e9fffff
22710,880ab224abfffff
22711,880a86b347fffff
22712,880a86babdfffff
22713,880ab3508dfffff
22714,880ab379a9fffff
22715,880ab341b1fffff
22716,880ab22cebfffff
22717,880a868917fffff
22718,880ab2a0b3fffff
22719,880ab16663fffff
22720,880a860057fffff
22721,880ab216edfffff
22722,880a868c93fffff
22723,880ab16763fffff
22724,880ab33855fffff
22725,880ab231abfffff
22726,880ab3b0d9fffff
22727,880a86a14dfffff
22728,880ab26e09fffff
22729,880ab37045fffff
22730,88252d826dfffff
22731,880ab30b45fffff
22732,880a86332dfffff
22733,880ab35355fffff
22734,880a86ce05fffff
22735,880ab22ed7fffff
22736,880a8602d3fffff
22737,880a949b37fffff
22738,880a949241fffff
22739,880ab2a71dfffff
22740,880ab23a31fffff
22741,880ab3acc9fffff
22742,880a861b09fffff
22743,880ab3893bfffff
22744,880ab270c9fffff
22745,880ab30d9bfffff
22746,880ab2b535fffff
22747,880ab202d9fffff
22748,880ab26443fffff
22749,880a86d417fffff
22750,880ab2ccb7fffff
22751,880ab2323dfffff
22752,880ab2d53dfffff
22753,880a86d72bfffff
22754,880ab16199fffff
22755,880ab21995fffff
22756,880ab24d33fffff
22757,880a86c111fffff
22758,880ab25403fffff
22759,880ab326a5fffff
22760,880ab22d19fffff
22761,880ab3c709fffff
22762,880ab33133fffff
22763,880ab34eadfffff
22764,880a86c1c5fffff
22765,880ab31009fffff
22766,880ab28cd3fffff
22767,88252d8a17fffff
22768,880ab24555fffff
22769,880ab16c1bfffff
22770,880a8694a7fffff
22771,880ab304abfffff
22772,880ab3a287fffff
22773,880a8689e1fffff
22774,880ab22545fffff
22775,880ab3af5bfffff
22776,880a9495b1fffff
22777,880ab21a5bfffff
22778,880ab16287fffff
22779,880a86825dfffff
22780,88252d8a3bfffff
22781,880ab30305fffff
22782,880a869255fffff
22783,880ab21337fffff
22784,880a86b8dbfffff
22785,880ab2128bfffff
22786,880ab3a447fffff
22787,880a86c0c7fffff
22788,880ab311b3fffff
22789,880ab16411fffff
22790,880a94b76dfffff
22791,880ab3636bfffff
22792,880ab16697fffff
22793,880ab26249fffff
22794,880ab33243fffff
22795,880ab3c28bfffff
22796,880ab3d52bfffff
22797,880a86c119fffff
22798,880ab3c6ebfffff
22799,880a86832dfffff
22800,880ab34c57fffff
22801,880ab3c495fffff
22802,880ab24aa7fffff
22803,880a863249fffff
22804,880ab30809fffff
22805,880ab27849fffff
22806,880ab2ab67fffff
22807,880ab27761fffff
22808,880ab258ddfffff
22809,880ab2b08dfffff
22810,880ab30e9dfffff
22811,880a8682d3fffff
22812,880ab26f21fffff
22813,880ab3542dfffff
22814,880ab35119fffff
22815,880ab3cde9fffff
22816,880a86d4ddfffff
22817,880ab3185bfffff
22818,880ab3cc0dfffff
22819,880ab21a17fffff
22820,880ab16267fffff
22821,880ab22f35fffff
22822,880ab37001fffff
22823,880a86d119fffff
22824,880ab22685fffff
22825,880ab25227fffff
22826,880ab2130dfffff
22827,880ab1672bfffff
22828,880ab332c3fffff
22829,880a86d1c3fffff
22830,880ab2cabdfffff
22831,880ab3115dfffff
22832,880ab372e3fffff
22833,880ab34ab5fffff
22834,880a86d439fffff
22835,880ab22609fffff
22836,880ab1658bfffff
22837,880ab2c245fffff
22838,880ab24745fffff
22839,88252d929bfffff
22840,880ab204dbfffff
22841,880ab2adadfffff
22842,880a86d127fffff
22843,880ab26047fffff
22844,880ab24a89fffff
22845,880ab3784dfffff
22846,880ab211a9fffff
22847,880ab23989fffff
22848,880a869413fffff
22849,880a86d653fffff
22850,880a8680ebfffff
22851,880ab2328bfffff
22852,880ab26d17fffff
22853,880a86cc93fffff
22854,880ab2298dfffff
22855,880a869921fffff
22856,880ab32131fffff
22857,88252dd695fffff
22858,880a86c8c7fffff
22859,880ab3521dfffff
22860,880ab26c5bfffff
22861,880ab2b13bfffff
22862,880ab2d407fffff
22863,880a94b739fffff
22864,880a8680abfffff
22865,880ab2555dfffff
22866,880ab3d169fffff
22867,880a86b821fffff
22868,880ab2ba1bfffff
22869,880ab26157fffff
22870,880ab2c333fffff
22871,880ab23b5bfffff
22872,880a949427fffff
22873,88252d9a49fffff
22874,880ab3a81bfffff
22875,880a86aa53fffff
22876,880ab20695fffff
22877,880ab21597fffff
22878,880ab3a6c1fffff
22879,880ab23a67fffff
22880,880ab371ebfffff
22881,880ab3d215fffff
22882,880ab3a181fffff
22883,880ab30a69fffff
22884,880a8694c7fffff
22885,880ab2b5b7fffff
22886,880ab3d8bdfffff
22887,880ab245c7fffff
22888,880a869741fffff
22889,880a94b6a5fffff
22890,880ab270bdfffff
22891,880a8696e9fffff
22892,880ab33ac7fffff
22893,880ab254edfffff
22894,880ab32aedfffff
22895,880ab22721fffff
22896,880ab3a831fffff
22897,880ab339cdfffff
22898,880a86ca29fffff
22899,880ab37645fffff
22900,880ab225dbfffff
22901,880ab22c1bfffff
22902,880ab34a37fffff
22903,880ab34d8bfffff
22904,880ab350b3fffff
22905,880ab16ec1fffff
22906,880ab3cb09fffff
22907,880ab2aae1fffff
22908,880a861697fffff
22909,880ab30c6bfffff
22910,880a8612c9fffff
22911,880ab340d1fffff
22912,880a844803fffff
22913,880ab27541fffff
22914,880a86983bfffff
22915,880ab2d1b9fffff
22916,880ab2071bfffff
22917,880ab3105dfffff
22918,880ab23409fffff
22919,880ab35095fffff
22920,880ab2a50bfffff
22921,880a868e29fffff
22922,880ab3b5cbfffff
22923,880a861607fffff
22924,880ab22dc7fffff
22925,880ab34537fffff
22926,880ab33539fffff
22927,880a94b0ddfffff
22928,880ab342b7fffff
22929,880ab2af03fffff
22930,880a86869dfffff
22931,880a844869fffff
22932,88252d9a93fffff
22933,880ab2b99dfffff
22934,880a86cc99fffff
22935,880ab3b741fffff
22936,880ab3c8d9fffff
22937,880ab3aca7fffff
22938,880ab0691dfffff
22939,880ab3d05dfffff
22940,880ab21243fffff
22941,880ab330e1fffff
22942,880ab331b7fffff
22943,880ab16ecbfffff
22944,880a86c511fffff
22945,880ab3153bfffff
22946,880ab2446bfffff
22947,880ab2c553fffff
22948,880ab34f6bfffff
22949,880ab2b539fffff
22950,880ab23049fffff
22951,880ab22347fffff
22952,880ab27a5bfffff
22953,880ab3591dfffff
22954,880ab266a1fffff
22955,880a861593fffff
22956,880ab33467fffff
22957,88252d9ad7fffff
22958,880a86009dfffff
22959,880ab234e9fffff
22960,880ab3c4cbfffff
22961,880ab2b905fffff
22962,880ab221b1fffff
22963,880a86ccb1fffff
22964,880ab23331fffff
22965,880ab26819fffff
22966,880a86b169fffff
22967,880a8616c5fffff
22968,880ab16d21fffff
22969,880ab16f2dfffff
22970,880a863047fffff
22971,880ab28963fffff
22972,880a86111dfffff
22973,880ab270a5fffff
22974,880ab25121fffff
22975,880ab379adfffff
22976,880ab3a5cbfffff
22977,880a868315fffff
22978,880ab2af37fffff
22979,880a86a183fffff
22980,880ab30965fffff
22981,880a86c2d1fffff
22982,880a8610d5fffff
22983,880a86331bfffff
22984,880ab345a1fffff
22985,880ab24009fffff
22986,880ab3150bfffff
22987,880a86953dfffff
22988,880ab34755fffff
22989,88252d9639fffff
22990,880ab12d27fffff
22991,880ab16681fffff
22992,880a869301fffff
22993,880ab284bbfffff
22994,880ab34541fffff
22995,880ab27247fffff
22996,880ab201e3fffff
22997,880a868c9dfffff
22998,880ab260e3fffff
22999,880a868763fffff
23000,880ab2a323fffff
23001,880ab26855fffff
23002,880ab332d5fffff
23003,880a86a9a1fffff
23004,880ab28d09fffff
23005,880ab245d7fffff
23006,880ab32853fffff
23007,880ab3c9ddfffff
23008,880ab2a0b5fffff
23009,880a861147fffff
23010,880ab16005fffff
23011,88252d8169fffff
23012,880a86aaddfffff
23013,880ab30539fffff
23014,880ab3528dfffff
23015,880ab35b0bfffff
23016,880ab389d3fffff
23017,880a861451fffff
23018,880ab37257fffff
23019,880ab37a6dfffff
23020,880a86c9b1fffff
23021,880ab205a5fffff
23022,880ab35017fffff
23023,880ab262c1fffff
23024,880a869ab5fffff
23025,880ab3082bfffff
23026,880ab16737fffff
23027,880ab32b65fffff
23028,880ab2399dfffff
23029,880ab2cdd5fffff
23030,880ab34a43fffff
23031,880ab2283bfffff
23032,880ab30dc1fffff
23033,880a868db7fffff
23034,880ab30055fffff
23035,880a86d695fffff
23036,880a86b953fffff
23037,880ab3caadfffff
23038,880ab236b7fffff
23039,880ab27205fffff
23040,880ab3186dfffff
23041,880ab345d3fffff
23042,880ab32225fffff
23043,880a863147fffff
23044,880ab32697fffff
23045,880a861249fffff
23046,880ab3cdc5fffff
23047,880ab3b929fffff
23048,880a86a9bdfffff
23049,880ab20ea5fffff
23050,880a8448d3fffff
23051,880ab35211fffff
23052,88252d9287fffff
23053,880ab32621fffff
23054,880ab21327fffff
23055,880ab36219fffff
23056,880ab268a1fffff
23057,88252d928dfffff
23058,880ab2443dfffff
23059,880a8656c7fffff
23060,880ab34747fffff
23061,880ab33b51fffff
23062,880ab35a85fffff
23063,880ab22a51fffff
23064,880a86c2a9fffff
23065,880ab210a5fffff
23066,880ab34c23fffff
23067,880a8656e3fffff
23068,880ab22e93fffff
23069,880ab3b549fffff
23070,880ab250e1fffff
23071,880ab2a669fffff
23072,880ab36247fffff
23073,880ab3281dfffff
23074,880ab2ba3dfffff
23075,880a861907fffff
23076,880ab3a921fffff
23077,880a860a43fffff
23078,880ab22215fffff
23079,880ab2b117fffff
23080,880ab214a3fffff
23081,880ab30edbfffff
23082,880a861123fffff
23083,880ab23637fffff
23084,880a86c1adfffff
23085,880ab3c29bfffff
23086,88252d9927fffff
23087,880ab3aa01fffff
23088,880ab25191fffff
23089,880ab3ce47fffff
23090,880ab20cadfffff
23091,880ab2a2a7fffff
23092,880ab276d7fffff
23093,880a863241fffff
23094,880a860105fffff
23095,880a86d997fffff
23096,880ab3c009fffff
23097,880ab26cc3fffff
23098,880a94b2c5fffff
23099,880ab2c8a5fffff
23100,880a86cc11fffff
23101,880ab26db3fffff
23102,88252d9ad5fffff
23103,880a86c06bfffff
23104,880ab229a9fffff
23105,880a869b03fffff
23106,880ab21993fffff
23107,880a860011fffff
23108,880ab23039fffff
23109,880ab306c1fffff
23110,88252d8941fffff
23111,880ab2c703fffff
23112,880a86a1e1fffff
23113,880ab26919fffff
23114,880ab22c29fffff
23115,880ab3adc7fffff
23116,880a8695d1fffff
23117,880ab26ae1fffff
23118,880ab168c3fffff
23119,880ab16a6dfffff
23120,880a86c0c9fffff
23121,880ab30195fffff
23122,880ab2a847fffff
23123,880ab33861fffff
23124,880ab21a01fffff
23125,880ab2529bfffff
23126,880ab23641fffff
23127,880ab3a655fffff
23128,880ab229c5fffff
23129,880ab350c5fffff
23130,880ab2b945fffff
23131,880ab2b157fffff
23132,880ab378c5fffff
23133,880ab31427fffff
23134,880ab3a6d7fffff
23135,880a868193fffff
23136,880ab28cc9fffff
23137,880ab16aa7fffff
23138,880ab34355fffff
23139,880ab35591fffff
23140,880ab25539fffff
23141,880ab2ae61fffff
23142,880ab34b4dfffff
23143,880ab165b5fffff
23144,88252dd2c1fffff
23145,880ab23833fffff
23146,880ab27011fffff
23147,880ab2761dfffff
23148,880ab28d33fffff
23149,880a844d25fffff
23150,880ab22cc1fffff
23151,880ab26ae9fffff
23152,880ab3b5a9fffff
23153,880a869329fffff
23154,880ab30f21fffff
23155,880ab2441bfffff
23156,880ab3cdd9fffff
23157,880ab3055dfffff
23158,880ab2d491fffff
23159,880ab37667fffff
23160,880ab164a5fffff
23161,880a86b959fffff
23162,880ab300a5fffff
23163,880a8614d5fffff
23164,880ab27357fffff
23165,880a868723fffff
23166,880ab35697fffff
23167,880ab300e1fffff
23168,880ab24217fffff
23169,880ab2695dfffff
23170,880a860a33fffff
23171,880ab23ab1fffff
23172,880ab2359bfffff
23173,880ab3b429fffff
23174,880ab2ce01fffff
23175,880ab20587fffff
23176,880ab354b9fffff
23177,880ab260bdfffff
23178,880a86cd81fffff
23179,880ab21621fffff
23180,880ab26d89fffff
23181,880ab389cbfffff
23182,880ab22863fffff
23183,88252d9959fffff
23184,880ab31947fffff
23185,880ab22925fffff
23186,880a844a35fffff
23187,880a861adbfffff
23188,880ab28e81fffff
23189,880ab20699fffff
23190,880ab21239fffff
23191,880ab24949fffff
23192,880a86b887fffff
23193,880ab20f57fffff
23194,880ab34709fffff
23195,880ab376dbfffff
23196,880ab30993fffff
23197,880ab168e3fffff
23198,880ab06983fffff
23199,880a869063fffff
23200,880ab2ca93fffff
23201,880ab34c45fffff
23202,880a8689b9fffff
23203,880ab26f37fffff
23204,880a949425fffff
23205,88252d98a3fffff
23206,880ab24219fffff
23207,880ab3314bfffff
23208,880ab26065fffff
23209,880ab2ba91fffff
23210,880ab33aabfffff
23211,880ab2acb9fffff
23212,88252d9b57fffff
23213,880a844a2dfffff
23214,880a949437fffff
23215,880ab3443bfffff
23216,880ab169b3fffff
23217,880a861013fffff
23218,880ab32b23fffff
23219,880ab2b4a5fffff
23220,880a86aa83fffff
23221,880ab3ac89fffff
23222,880ab36203fffff
23223,880a86188bfffff
23224,880ab16c2bfffff
23225,880ab214d9fffff
23226,880ab3a441fffff
23227,880ab3d24dfffff
23228,880ab24423fffff
23229,880a86d75bfffff
23230,880ab2402bfffff
23231,880ab332ddfffff
23232,880ab24323fffff
23233,88252d8a3dfffff
23234,880a860449fffff
23235,88252d9a51fffff
23236,880ab26b13fffff
23237,880ab28d5bfffff
23238,880a86b16dfffff
23239,880a860091fffff
23240,880ab3ac63fffff
23241,880ab26e15fffff
23242,880ab31169fffff
23243,880ab2c51bfffff
23244,880ab2664dfffff
23245,880ab16857fffff
23246,880a948645fffff
23247,880a86cf39fffff
23248,880ab16e3bfffff
23249,880a86c66dfffff
23250,880ab24807fffff
23251,880ab2c511fffff
23252,880ab21559fffff
23253,880ab2c523fffff
23254,880ab3374bfffff
23255,880ab24999fffff
23256,880a86ca83fffff
23257,880a86a103fffff
23258,880ab16587fffff
23259,880ab32265fffff
23260,880ab320cbfffff
23261,880ab3086bfffff
23262,880ab252c5fffff
23263,880ab204a5fffff
23264,880a94b2b7fffff
23265,880ab3d961fffff
23266,880ab20721fffff
23267,880a869483fffff
23268,880ab2162bfffff
23269,880ab21409fffff
23270,880ab21535fffff
23271,880a869319fffff
23272,880a863323fffff
23273,880ab2ab2bfffff
23274,880ab2aebdfffff
23275,880ab37483fffff
23276,880ab28c03fffff
23277,880ab21089fffff
23278,88252d826bfffff
23279,880ab3c68bfffff
23280,880ab3a93bfffff
23281,880ab3c25bfffff
23282,880a869059fffff
23283,880a86a065fffff
23284,88252dd6c7fffff
23285,880ab31957fffff
23286,880a86da81fffff
23287,880ab3002bfffff
23288,880ab3ae05fffff
23289,880ab304e9fffff
23290,880a9482d3fffff
23291,880a9494e1fffff
23292,880ab30345fffff
23293,880ab2c5d5fffff
23294,880ab2110dfffff
23295,88252d885bfffff
23296,880ab252e1fffff
23297,880a949619fffff
23298,880a8600bbfffff
23299,880ab252e5fffff
23300,880ab35633fffff
23301,880ab3c369fffff
23302,880ab2c723fffff
23303,880a869297fffff
23304,88252dd6d3fffff
23305,880ab37213fffff
23306,880ab3a8a5fffff
23307,880ab16aa5fffff
23308,880ab252bdfffff
23309,880ab22331fffff
23310,880ab340a5fffff
23311,880a86d6e7fffff
23312,880ab31b29fffff
23313,880a86ad49fffff
23314,880ab31aa5fffff
23315,880ab24487fffff
23316,880ab16dddfffff
23317,880ab20733fffff
23318,880ab2af61fffff
23319,880ab32627fffff
23320,88252d9949fffff
23321,88252d8843fffff
23322,880ab30d4dfffff
23323,880ab35617fffff
23324,880ab3c417fffff
23325,880ab226cdfffff
23326,880ab2299dfffff
23327,880a86b965fffff
23328,880ab3ae87fffff
23329,880a844883fffff
23330,880a8699d5fffff
23331,880ab20351fffff
23332,880a86af0bfffff
23333,880ab3b5c7fffff
23334,880a94d36bfffff
23335,880a86cd01fffff
23336,880a94d749fffff
23337,880ab34903fffff
23338,880ab3d833fffff
23339,880ab2c433fffff
23340,880ab23883fffff
23341,880a86cc97fffff
23342,880a86ce1dfffff
23343,880a94d23dfffff
23344,880ab16037fffff
23345,880ab308b1fffff
23346,880ab30ad7fffff
23347,880ab2c0edfffff
23348,880a868581fffff
23349,880ab21403fffff
23350,880ab1654dfffff
23351,880ab278d3fffff
23352,880ab2042bfffff
23353,880ab30697fffff
23354,880ab2769dfffff
23355,880a86923bfffff
23356,880a8619dbfffff
23357,880a86da97fffff
23358,880ab164d9fffff
23359,880ab20761fffff
23360,880ab2c4b7fffff
23361,880ab33083fffff
23362,880ab20d51fffff
23363,880ab33213fffff
23364,880ab24a25fffff
23365,880ab2a9e5fffff
23366,880ab20453fffff
23367,880ab179b5fffff
23368,880ab3348dfffff
23369,880ab3c40dfffff
23370,880a860a15fffff
23371,880ab24d69fffff
23372,880a868483fffff
23373,880ab3b8a3fffff
23374,880ab33589fffff
23375,880ab304e5fffff
23376,880ab169c7fffff
23377,880ab3355bfffff
23378,880ab31a63fffff
23379,880a86d86bfffff
23380,880ab3a765fffff
23381,880a94944dfffff
23382,88252d8a51fffff
23383,880ab354d5fffff
23384,880ab31a89fffff
23385,880ab28955fffff
23386,880a869617fffff
23387,88252dd61bfffff
23388,880ab31245fffff
23389,880ab3a9e3fffff
23390,880a868203fffff
23391,880a86d55bfffff
23392,880ab3b425fffff
23393,880ab218abfffff
23394,880a94d027fffff
23395,880ab255cbfffff
23396,880ab3a927fffff
23397,880ab3ceabfffff
23398,880ab356b3fffff
23399,880ab1611bfffff
23400,880ab2320bfffff
23401,880ab20b19fffff
23402,880ab3231dfffff
23403,880ab378d3fffff
23404,880ab24663fffff
23405,880ab2413dfffff
23406,88252d9161fffff
23407,880ab20147fffff
23408,880ab330a5fffff
23409,880ab20925fffff
23410,880ab2ba5dfffff
23411,880ab3a215fffff
23412,880ab21225fffff
23413,880ab3085dfffff
23414,880ab341c9fffff
23415,880ab222e1fffff
23416,880ab22d03fffff
23417,880ab178b5fffff
23418,880ab22743fffff
23419,880ab20ecdfffff
23420,880ab34dedfffff
23421,880ab3a531fffff
23422,88252d9a5dfffff
23423,880ab23263fffff
23424,880ab17851fffff
23425,880ab204c5fffff
23426,880ab32809fffff
23427,880ab305a1fffff
23428,880ab2113dfffff
23429,880ab2501dfffff
23430,880ab219d9fffff
23431,880ab220d7fffff
23432,880ab2a969fffff
23433,880ab3214dfffff
23434,880a868759fffff
23435,880a8619cbfffff
23436,880a86055bfffff
23437,880ab3d263fffff
23438,880ab30a17fffff
23439,880ab355a7fffff
23440,880ab24149fffff
23441,880ab30601fffff
23442,880ab355e7fffff
23443,880a86c683fffff
23444,880a868815fffff
23445,880ab32611fffff
23446,880a86cd5bfffff
23447,880ab35533fffff
23448,880ab21353fffff
23449,88252d89c5fffff
23450,880a9495ebfffff
23451,880a86a317fffff
23452,880ab2b1b1fffff
23453,880ab2d589fffff
23454,880a8632e7fffff
23455,880ab22f65fffff
23456,880a86cf43fffff
23457,880ab2c895fffff
23458,880ab2c16bfffff
23459,880ab31497fffff
23460,880ab3034bfffff
23461,880ab278e1fffff
23462,880a86b339fffff
23463,880ab3535bfffff
23464,880ab240d9fffff
23465,880ab3d8a1fffff
23466,880ab22097fffff
23467,880a86d2a3fffff
23468,880a861347fffff
23469,880a86a83bfffff
23470,880a94d2adfffff
23471,880ab30ed1fffff
23472,880ab2c557fffff
23473,880ab26163fffff
23474,880a86d8ebfffff
23475,880a844b0dfffff
23476,880ab35257fffff
23477,880ab35989fffff
23478,880a868ac9fffff
23479,880ab3ad35fffff
23480,880ab372d9fffff
23481,880ab2c8c3fffff
23482,880ab389e5fffff
23483,880ab3a401fffff
23484,880ab2ccd7fffff
23485,880ab3cd03fffff
23486,880ab33515fffff
23487,880ab28c31fffff
23488,880ab1622bfffff
23489,880ab256e9fffff
23490,880a8448b9fffff
23491,88252dd6ebfffff
23492,880a86cdddfffff
23493,880ab236bbfffff
23494,880ab2cf55fffff
23495,880ab16995fffff
23496,880ab3305dfffff
23497,880ab3d8dbfffff
23498,88252d8b05fffff
23499,88252d812dfffff
23500,880ab34c0dfffff
23501,880ab2303bfffff
23502,880ab175a1fffff
23503,880a8616cdfffff
23504,880ab160adfffff
23505,880ab25597fffff
23506,880a86ae61fffff
23507,880a86c757fffff
23508,880ab216c5fffff
23509,880ab200bbfffff
23510,880ab34c69fffff
23511,880a86162bfffff
23512,880ab335adfffff
23513,880ab256cdfffff
23514,880ab308b7fffff
23515,880ab3ca93fffff
23516,880ab2b081fffff
23517,880ab35999fffff
23518,880ab2b101fffff
23519,880ab304c9fffff
23520,880a86d057fffff
23521,880ab27607fffff
23522,880ab26625fffff
23523,88252d8867fffff
23524,880ab21655fffff
23525,880ab234ebfffff
23526,880ab2c005fffff
23527,880a94b2ddfffff
23528,880ab35493fffff
23529,880ab3cc65fffff
23530,880ab35615fffff
23531,880ab2ad83fffff
23532,880a86d889fffff
23533,880ab3cc31fffff
23534,880ab3c811fffff
23535,880ab30587fffff
23536,880ab379a5fffff
23537,880ab20949fffff
23538,880a86d0d9fffff
23539,880a86d961fffff
23540,880a86d811fffff
23541,880ab2073bfffff
23542,88252d8a31fffff
23543,880ab30e17fffff
23544,880ab30297fffff
23545,880ab06923fffff
23546,880a86b0b1fffff
23547,880ab3a68dfffff
23548,880a86c901fffff
23549,880a861291fffff
23550,880ab33533fffff
23551,880ab3ac61fffff
23552,880ab1650dfffff
23553,880a86c49bfffff
23554,880ab37a05fffff
23555,880ab220cdfffff
23556,880a86d52dfffff
23557,880ab2c2ddfffff
23558,880ab20ed5fffff
23559,880ab2b1b7fffff
23560,880ab35687fffff
23561,880ab3423dfffff
23562,880ab24f59fffff
23563,880ab204d3fffff
23564,880ab3cdb3fffff
23565,880ab3a2a5fffff
23566,880ab31139fffff
23567,880a86cc87fffff
23568,880ab36329fffff
23569,880ab21269fffff
23570,880ab20a33fffff
23571,880a86cdc3fffff
23572,880ab268ebfffff
23573,880ab23687fffff
23574,880ab2c0b7fffff
23575,880a860099fffff
23576,880ab2aebbfffff
23577,880ab3a2b1fffff
23578,880a86d8c1fffff
23579,880ab23345fffff
23580,880ab3a523fffff
23581,880a8459bdfffff
23582,88252d92ebfffff
23583,880ab20b1dfffff
23584,880ab3cd63fffff
23585,880ab3c439fffff
23586,880a865351fffff
23587,880a8680c3fffff
23588,880ab31aadfffff
23589,880ab32717fffff
23590,880ab23b6bfffff
23591,880ab254a5fffff
23592,880ab248b9fffff
23593,88252d9b45fffff
23594,880ab25401fffff
23595,880a94d2c9fffff
23596,880ab248a7fffff
23597,880ab24d43fffff
23598,880a86045bfffff
23599,88252d92d3fffff
23600,880ab30d89fffff
23601,880a949611fffff
23602,880ab37a9bfffff
23603,880a86c34dfffff
23604,880a86b011fffff
23605,880ab251a9fffff
23606,880a86c4e5fffff
23607,880a8692b9fffff
23608,880ab37211fffff
23609,880a868b23fffff
23610,88252d886bfffff
23611,880a86c045fffff
23612,880ab2733bfffff
23613,88252d816dfffff
23614,880ab3ab03fffff
23615,880ab2c223fffff
23616,88252d9a91fffff
23617,880a86c96bfffff
23618,880ab164dbfffff
23619,880a86905dfffff
23620,880ab31483fffff
23621,880ab238a5fffff
23622,880a869831fffff
23623,880ab1652dfffff
23624,880ab20c09fffff
23625,880ab2c00bfffff
23626,880ab25087fffff
23627,880ab28c25fffff
23628,880ab358abfffff
23629,880ab21939fffff
23630,880a86a35bfffff
23631,880ab23231fffff
23632,880a8688b9fffff
23633,880ab331d1fffff
23634,880a86a86bfffff
23635,880ab31887fffff
23636,88252cb71bfffff
23637,880ab250bdfffff
23638,880ab21569fffff
23639,880a86c1b7fffff
23640,880ab31899fffff
23641,880ab3043bfffff
23642,880ab31199fffff
23643,880ab2c4cdfffff
23644,880ab32b3bfffff
23645,880ab23a5bfffff
23646,880a86c281fffff
23647,880ab224ebfffff
23648,880ab238adfffff
23649,880ab3203bfffff
23650,880ab3336bfffff
23651,880a86c71dfffff
23652,880ab24935fffff
23653,880ab26243fffff
23654,880ab2b05dfffff
23655,880ab3d1e7fffff
23656,880ab22a31fffff
23657,880a8689abfffff
23658,880ab35019fffff
23659,880ab2b845fffff
23660,880a86869bfffff
23661,880a8698b1fffff
23662,880a86c339fffff
23663,880ab31131fffff
23664,880a94d145fffff
23665,880a868ac1fffff
23666,880ab23a27fffff
23667,880ab2486dfffff
23668,880ab2a015fffff
23669,880ab2c485fffff
23670,880ab271e1fffff
23671,880a94929dfffff
23672,880ab23869fffff
23673,880a86c1bbfffff
23674,880ab3a101fffff
23675,880ab2ac21fffff
23676,880ab161c5fffff
23677,880ab228c5fffff
23678,880a86ba19fffff
23679,880ab2c72dfffff
23680,880ab3b9dbfffff
23681,880ab326d1fffff
23682,88252d8855fffff
23683,880ab2633dfffff
23684,880ab285e5fffff
23685,880ab240e9fffff
23686,88252d8249fffff
23687,880ab306cdfffff
23688,880ab178edfffff
23689,880a86d481fffff
23690,880ab26d13fffff
23691,880a86c2a1fffff
23692,880a868419fffff
23693,880ab27149fffff
23694,880a86ca5dfffff
23695,880ab20a19fffff
23696,880ab2363bfffff
23697,880ab339bbfffff
23698,880ab16743fffff
23699,880ab30aa3fffff
23700,880ab24d45fffff
23701,880a94b201fffff
23702,880ab2ad5bfffff
23703,88252d8349fffff
23704,880ab30457fffff
23705,880a860029fffff
23706,880ab285ebfffff
23707,880ab2ada9fffff
23708,880ab06d25fffff
23709,880ab27643fffff
23710,880ab3c403fffff
23711,880ab216b1fffff
23712,880ab3c2c9fffff
23713,880a94973bfffff
23714,880a869155fffff
23715,880ab231cdfffff
23716,880ab346e3fffff
23717,880ab2a709fffff
23718,880ab334b9fffff
23719,880ab23b57fffff
23720,880ab2aa85fffff
23721,880ab31a95fffff
23722,880ab34c2bfffff
23723,880a868537fffff
23724,880ab2c135fffff
23725,880ab16d65fffff
23726,880ab3769dfffff
23727,880ab255e9fffff
23728,880ab26da7fffff
23729,880ab3d925fffff
23730,880a86b0a5fffff
23731,880ab17a85fffff
23732,880ab2025dfffff
23733,880a861835fffff
23734,880a868d99fffff
23735,880ab3899bfffff
23736,880a9494e9fffff
23737,880ab16e27fffff
23738,880ab30d41fffff
23739,880ab2a19dfffff
23740,880ab25ab1fffff
23741,88252d831bfffff
23742,880ab2c731fffff
23743,880ab31b49fffff
23744,880ab34247fffff
23745,880ab28e33fffff
23746,880ab251e1fffff
23747,880a86004bfffff
23748,880a86b881fffff
23749,880ab35165fffff
23750,880ab3cca1fffff
23751,880ab2b1adfffff
23752,880ab3a999fffff
23753,880ab34163fffff
23754,880ab3792dfffff
23755,880ab351a5fffff
23756,880ab22233fffff
23757,880ab20561fffff
23758,880ab27693fffff
23759,880ab3392dfffff
23760,880ab25ab9fffff
23761,880ab2b815fffff
23762,880ab3045dfffff
23763,880ab338edfffff
23764,880ab37951fffff
23765,880ab3c52dfffff
23766,880a86005bfffff
23767,880ab250b1fffff
23768,880ab20d33fffff
23769,880ab321d1fffff
23770,880ab16cabfffff
23771,880a868a55fffff
23772,880ab16f51fffff
23773,880ab3d8a3fffff
23774,880a86d421fffff
23775,880a86d62bfffff
23776,880ab31b55fffff
23777,880ab16b15fffff
23778,880ab22e13fffff
23779,880a86006dfffff
23780,880ab3a8e7fffff
23781,880a86c891fffff
23782,880a8610e3fffff
23783,880ab16253fffff
23784,880ab17997fffff
23785,880ab211b5fffff
23786,88252d9a43fffff
23787,880a8692e3fffff
23788,880ab219e7fffff
23789,880ab3c555fffff
23790,880ab3ca17fffff
23791,880ab24021fffff
23792,880a868133fffff
23793,880a86b349fffff
23794,880a8611dbfffff
23795,880ab244a9fffff
23796,880ab2c453fffff
23797,880ab26b1dfffff
23798,880a94b653fffff
23799,880a86180bfffff
23800,880ab266e5fffff
23801,880ab30f27fffff
23802,880ab31b67fffff
23803,880ab202ddfffff
23804,880ab24851fffff
23805,880a863203fffff
23806,880ab2a98bfffff
23807,880ab3d207fffff
23808,880ab3c9b9fffff
23809,880ab235e3fffff
23810,880a86d425fffff
23811,880ab21acbfffff
23812,880a8699dbfffff
23813,880ab30969fffff
23814,880ab3b5a1fffff
23815,880ab23ab9fffff
23816,880ab20a03fffff
23817,880ab3c217fffff
23818,880ab278d5fffff
23819,880ab3182bfffff
23820,880ab2d511fffff
23821,880ab316d9fffff
23822,880a861623fffff
23823,880a8619d7fffff
23824,88252d9b0dfffff
23825,880a860ae9fffff
23826,880a844f2bfffff
23827,880ab3734bfffff
23828,880ab1668dfffff
23829,880ab2b159fffff
23830,880ab16dcdfffff
23831,880a8699d1fffff
23832,880ab2350bfffff
23833,880a868b11fffff
23834,880ab20c9bfffff
23835,880ab33093fffff
23836,880ab32f61fffff
23837,880ab33517fffff
23838,880ab16447fffff
23839,880a86badbfffff
23840,880ab22c23fffff
23841,880ab355ddfffff
23842,880ab2064bfffff
23843,880ab20613fffff
23844,880ab272c3fffff
23845,880a86b9c9fffff
23846,880ab2090dfffff
23847,880ab2114bfffff
23848,880ab3dad1fffff
23849,880ab20ad5fffff
23850,880ab326d3fffff
23851,880ab16addfffff
23852,880ab2075dfffff
23853,880ab351abfffff
23854,880ab2473bfffff
23855,880a86d6c9fffff
23856,880ab26761fffff
23857,880a86809dfffff
23858,880ab2b165fffff
23859,880ab3274bfffff
23860,880a8694ddfffff
23861,880ab3ad8bfffff
23862,880ab37a69fffff
23863,880ab21187fffff
23864,880ab3a123fffff
23865,88252d992bfffff
23866,880ab32e45fffff
23867,880ab3ae03fffff
23868,880ab34a15fffff
23869,880ab27249fffff
23870,880ab178c5fffff
23871,880ab2aa81fffff
23872,880ab21639fffff
23873,880a86d9e1fffff
23874,880a949583fffff
23875,880ab26111fffff
23876,880ab3094dfffff
23877,880ab311e5fffff
23878,880ab3218bfffff
23879,880ab3470dfffff
23880,880a86141bfffff
23881,880ab211a3fffff
23882,88252d9843fffff
23883,880ab23097fffff
23884,880ab3780dfffff
23885,88252dd4d7fffff
23886,880ab3352dfffff
23887,880ab2ad87fffff
23888,880ab17861fffff
23889,880ab271d7fffff
23890,880ab249c1fffff
23891,880ab3464dfffff
23892,880a868d5dfffff
23893,880ab3c8adfffff
23894,880a94b249fffff
23895,880ab35103fffff
23896,880ab30037fffff
23897,880a86d1b1fffff
23898,880a94b651fffff
23899,880ab1641dfffff
23900,880ab16a1bfffff
23901,880ab26693fffff
23902,880ab21b67fffff
23903,880ab28cd9fffff
23904,880ab205cdfffff
23905,880a86a037fffff
23906,880ab3022bfffff
23907,880ab3b519fffff
23908,880ab2cc87fffff
23909,880ab272cbfffff
23910,880ab20149fffff
23911,880ab314e1fffff
23912,880a860061fffff
23913,880ab3b5a7fffff
23914,880a868a9dfffff
23915,880ab25489fffff
23916,880ab3899dfffff
23917,880ab340cbfffff
23918,880a86b057fffff
23919,880ab209b9fffff
23920,880ab16297fffff
23921,880ab26417fffff
23922,880ab3a33dfffff
23923,880a86c11bfffff
23924,880ab33457fffff
23925,880ab2224dfffff
23926,880ab24d23fffff
23927,880a860127fffff
23928,880ab26427fffff
23929,880ab215b7fffff
23930,880ab315d1fffff
23931,880a86cb51fffff
23932,880ab2a257fffff
23933,880ab3308dfffff
23934,880ab3c553fffff
23935,880ab3d8e5fffff
23936,880ab37831fffff
23937,880ab2c921fffff
23938,880ab3a11dfffff
23939,880a869733fffff
23940,880ab16aa3fffff
23941,880ab2a429fffff
23942,880ab23001fffff
23943,880ab21ab9fffff
23944,880ab22705fffff
23945,880a86145bfffff
23946,880ab2c30bfffff
23947,880a869535fffff
23948,880ab321cdfffff
23949,88252dd63bfffff
23950,880ab3ab05fffff
23951,880ab31a57fffff
23952,880ab24ca9fffff
23953,880ab20533fffff
23954,880ab31a41fffff
23955,880ab3cd39fffff
23956,880ab3d957fffff
23957,880ab3a857fffff
23958,880a94d309fffff
23959,880ab304a3fffff
23960,880ab21835fffff
23961,880ab24c47fffff
23962,880ab35181fffff
23963,880ab2cae7fffff
23964,880a949443fffff
23965,880ab2775dfffff
23966,880ab34057fffff
23967,880a861217fffff
23968,880ab311c9fffff
23969,880a8698a7fffff
23970,880ab3c4b3fffff
23971,880ab22911fffff
23972,880ab239b5fffff
23973,880ab3ac8dfffff
23974,880a86a1c1fffff
23975,880ab30893fffff
23976,880ab16a61fffff
23977,880ab205bdfffff
23978,88252d8a95fffff
23979,880a86a13dfffff
23980,880ab311d5fffff
23981,880ab34b61fffff
23982,880ab3c0cdfffff
23983,880ab3ad4dfffff
23984,880a861267fffff
23985,880ab2493dfffff
23986,880ab3d99dfffff
23987,880ab3476dfffff
23988,880ab30005fffff
23989,880ab22ed3fffff
23990,880ab2a2e3fffff
23991,880ab2b935fffff
23992,880ab348e1fffff
23993,880ab32263fffff
23994,880ab2a913fffff
23995,880a869247fffff
23996,880a8692c3fffff
23997,880ab3b29dfffff
23998,880ab16ad9fffff
23999,880ab201adfffff
24000,880a86b047fffff
24001,88252d99abfffff
24002,880a86c20bfffff
24003,880ab3b727fffff
24004,880ab16069fffff
24005,880ab26f57fffff
24006,880a869717fffff
24007,880a949369fffff
24008,880ab23ae9fffff
24009,880ab22cc9fffff
24010,880ab3a809fffff
24011,880ab25627fffff
24012,880a8616dbfffff
24013,880ab3b963fffff
24014,880ab16a21fffff
24015,880ab3cccbfffff
24016,880a86940bfffff
24017,880ab30ae9fffff
24018,880a868101fffff
24019,880ab2b103fffff
24020,880ab25497fffff
24021,880ab3a4d3fffff
24022,880ab32747fffff
24023,880ab34b1dfffff
24024,880ab229abfffff
24025,880ab2432bfffff
24026,880ab26dbbfffff
24027,880ab20345fffff
24028,880ab3c817fffff
24029,880a86d167fffff
24030,880ab2309bfffff
24031,880ab3d91bfffff
24032,880a86a863fffff
24033,880a861b4dfffff
24034,880a869463fffff
24035,880ab3c4b9fffff
24036,880ab359b1fffff
24037,880ab30e99fffff
24038,880a8688ebfffff
24039,880ab206ebfffff
24040,880ab27963fffff
24041,880ab2a367fffff
24042,880ab166a5fffff
24043,880ab350c3fffff
24044,880ab236e1fffff
24045,880a86c487fffff
24046,880ab222a5fffff
24047,880ab26853fffff
24048,880a860441fffff
24049,880ab21a97fffff
24050,880ab2c0d5fffff
24051,880ab16d47fffff
24052,880a868007fffff
24053,880ab16025fffff
24054,880ab26e9bfffff
24055,880ab318b5fffff
24056,880ab272ebfffff
24057,880ab3c427fffff
24058,880a86a201fffff
24059,880ab25241fffff
24060,880ab3cb65fffff
24061,880a86cf6bfffff
24062,880ab2a0a1fffff
24063,880ab242e7fffff
24064,880ab34b69fffff
24065,880ab30f49fffff
24066,880ab351c1fffff
24067,880a86875bfffff
24068,880ab3ce1dfffff
24069,880ab2c319fffff
24070,880ab238c9fffff
24071,880ab34d3dfffff
24072,880ab31843fffff
24073,880ab33333fffff
24074,880a86cd97fffff
24075,880ab3c86bfffff
24076,880a94b203fffff
24077,880ab31aa7fffff
24078,880a8632e5fffff
24079,880ab3ca09fffff
24080,880ab26e51fffff
24081,880a860083fffff
24082,880ab20ec5fffff
24083,880ab2558bfffff
24084,880a949461fffff
24085,880ab21421fffff
24086,880ab271ebfffff
24087,880ab23a93fffff
24088,880ab3c5e9fffff
24089,880ab22053fffff
24090,88252d9b13fffff
24091,880ab3c419fffff
24092,880a86b9e5fffff
24093,880ab309b9fffff
24094,880a86d469fffff
24095,880a86182bfffff
24096,880a86990dfffff
24097,880a86562dfffff
24098,880ab2a599fffff
24099,880a861729fffff
24100,88252d975bfffff
24101,880a86d06dfffff
24102,880ab35a6bfffff
24103,880ab311d9fffff
24104,880ab2a419fffff
24105,880ab16443fffff
24106,880ab23511fffff
24107,880ab2c635fffff
24108,880ab2113bfffff
24109,880ab261e7fffff
24110,880a869607fffff
24111,880ab21963fffff
24112,880ab35ac9fffff
24113,880ab3a015fffff
24114,880ab2cd05fffff
24115,880ab31b65fffff
24116,880a8614b3fffff
24117,880ab3c931fffff
24118,880ab21001fffff
24119,880ab16721fffff
24120,880ab17831fffff
24121,880ab206c9fffff
24122,880a868221fffff
24123,880a8606edfffff
24124,880a949539fffff
24125,880ab32b2bfffff
24126,880ab35a05fffff
24127,880a869087fffff
24128,880ab34ecbfffff
24129,880ab2276dfffff
24130,880a860e49fffff
24131,880a94b61bfffff
24132,880ab2052bfffff
24133,880ab3599dfffff
24134,880a86563bfffff
24135,880ab305ddfffff
24136,880ab2a5ddfffff
24137,880ab27821fffff
24138,880a86c739fffff
24139,880ab262c3fffff
24140,880ab16e8dfffff
24141,880ab24c6bfffff
24142,880ab2564dfffff
24143,88252d8919fffff
24144,880a8685bdfffff
24145,880ab272d7fffff
24146,880ab20215fffff
24147,880ab25449fffff
24148,880ab2cc49fffff
24149,880a8449a1fffff
24150,880a861ac9fffff
24151,880ab270dbfffff
24152,880ab2aeabfffff
24153,880a94b20dfffff
24154,880a86d847fffff
24155,880ab2a157fffff
24156,880ab3c187fffff
24157,880a869ad1fffff
24158,880a86c681fffff
24159,880ab274a9fffff
24160,880ab26241fffff
24161,880a86c60dfffff
24162,880ab34897fffff
24163,880a86bad7fffff
24164,880ab30a51fffff
24165,880ab16961fffff
24166,880ab2274bfffff
24167,88252d962dfffff
24168,880ab21931fffff
24169,880ab3ccabfffff
24170,880a86c715fffff
24171,880ab25505fffff
24172,880ab251a3fffff
24173,880ab322b1fffff
24174,880ab336d7fffff
24175,880ab24dd9fffff
24176,880ab32469fffff
24177,880a86b9adfffff
24178,880ab164a7fffff
24179,880ab2849dfffff
24180,880ab3409bfffff
24181,88252dd4d1fffff
24182,880ab20151fffff
24183,88252d988bfffff
24184,880ab17197fffff
24185,880ab3d249fffff
24186,880a86a9b7fffff
24187,880ab2ca9dfffff
24188,880ab2026bfffff
24189,880ab23161fffff
24190,880ab2c0a9fffff
24191,880ab211d1fffff
24192,880a8680cbfffff
24193,880ab2af5bfffff
24194,880ab2c253fffff
24195,880a86baa3fffff
24196,880ab16031fffff
24197,880a86c74dfffff
24198,880ab27093fffff
24199,880ab33a8bfffff
24200,880a86c6a1fffff
24201,880a86aa11fffff
24202,880ab3ae4bfffff
24203,880a86b841fffff
24204,880ab20547fffff
24205,880ab20ebdfffff
24206,880ab3b5b9fffff
24207,880ab2519bfffff
24208,880a86d841fffff
24209,880a86120dfffff
24210,880ab302b5fffff
24211,880ab306c7fffff
24212,880ab21283fffff
24213,880ab3403dfffff
24214,880a868747fffff
24215,880ab25515fffff
24216,880ab068a5fffff
24217,880ab272b1fffff
24218,880ab2a0e7fffff
24219,880ab35985fffff
24220,880a86d333fffff
24221,880ab35803fffff
24222,880ab30dadfffff
24223,880ab31115fffff
24224,880ab22b4bfffff
24225,880ab35937fffff
24226,880ab276d9fffff
24227,880ab3b0bbfffff
24228,880a869213fffff
24229,880a86a1e3fffff
24230,880ab28c9bfffff
24231,880a868641fffff
24232,880ab306ebfffff
24233,880ab26489fffff
24234,880ab338bdfffff
24235,880ab2a521fffff
24236,880ab255c3fffff
24237,880ab2aa39fffff
24238,880ab33a25fffff
24239,880a86b30dfffff
24240,880ab264c9fffff
24241,88252d880dfffff
24242,880ab20755fffff
24243,880a860265fffff
24244,880ab3c6d1fffff
24245,880ab26e31fffff
24246,880ab23b69fffff
24247,880ab254ebfffff
24248,880ab214c1fffff
24249,880a86d707fffff
24250,880ab3c4e1fffff
24251,880ab3765dfffff
24252,880ab33a39fffff
24253,880ab3da47fffff
24254,880ab2601dfffff
24255,880ab2ce11fffff
24256,880ab2b9b9fffff
24257,880a863253fffff
24258,880ab3c981fffff
24259,880ab320b3fffff
24260,880a86c5dbfffff
24261,880ab21831fffff
24262,880ab342edfffff
24263,880ab23987fffff
24264,880a8696c3fffff
24265,880ab25431fffff
24266,880ab211bbfffff
24267,88252d98a5fffff
24268,880ab32615fffff
24269,880ab3545dfffff
24270,880ab2a341fffff
24271,880ab22e27fffff
24272,880a8688d1fffff
24273,880ab21a0dfffff
24274,880ab3d1b1fffff
24275,880ab3b983fffff
24276,880a86cb6dfffff
24277,880ab34859fffff
24278,880ab2155dfffff
24279,880ab30f2dfffff
24280,880ab3c30dfffff
24281,880a86da15fffff
24282,880ab2a4edfffff
24283,880a86ba35fffff
24284,880a861229fffff
24285,880ab285a9fffff
24286,880ab37ae7fffff
24287,880ab3a759fffff
24288,880ab35a97fffff
24289,880ab3a0ddfffff
24290,880ab221b3fffff
24291,880a86db6dfffff
24292,880ab1785bfffff
24293,880ab26ccdfffff
24294,880a868dbbfffff
24295,880ab20aedfffff
24296,880ab316ddfffff
24297,880ab2428dfffff
24298,880ab27305fffff
24299,880a86536bfffff
24300,880ab2a04bfffff
24301,880ab22de5fffff
24302,880ab3046bfffff
24303,880ab3ac2dfffff
24304,880a844ab7fffff
24305,880ab22cbdfffff
24306,880a861281fffff
24307,880ab16033fffff
24308,88252d91d1fffff
24309,880ab2ba03fffff
24310,880ab31487fffff
24311,880ab34d07fffff
24312,880ab28b2dfffff
24313,880ab341ddfffff
24314,880ab3da61fffff
24315,880a86d8c5fffff
24316,880ab23421fffff
24317,880a868207fffff
24318,880ab30759fffff
24319,880ab27107fffff
24320,880a86d48bfffff
24321,880a86889dfffff
24322,880ab332a9fffff
24323,880ab30f61fffff
24324,880ab24c25fffff
24325,880a9496b5fffff
24326,880ab22e99fffff
24327,880ab27053fffff
24328,880a949419fffff
24329,880a86191bfffff
24330,880a86ce17fffff
24331,880ab30287fffff
24332,880ab328c5fffff
24333,880ab270a3fffff
24334,880a86cf49fffff
24335,880a86d8edfffff
24336,880ab3a5c3fffff
24337,880ab30dddfffff
24338,880ab2ca8dfffff
24339,880ab37b41fffff
24340,880ab34b07fffff
24341,880a869aa7fffff
24342,880a8606bdfffff
24343,880a949585fffff
24344,880a86a923fffff
24345,880a86133bfffff
24346,880ab26411fffff
24347,880a86d691fffff
24348,880ab20199fffff
24349,880a8694abfffff
24350,880ab2b53bfffff
24351,880ab268b3fffff
24352,880ab248e3fffff
24353,880ab26c2bfffff
24354,880ab2cec7fffff
24355,880ab2019dfffff
24356,880ab27197fffff
24357,880ab2c287fffff
24358,88252dd6e7fffff
24359,880ab32669fffff
24360,880a8691ebfffff
24361,880ab2628bfffff
24362,880ab3381bfffff
24363,880ab210b1fffff
24364,880ab26d0dfffff
24365,880ab34cdbfffff
24366,880ab26db9fffff
24367,880ab24ee1fffff
24368,880ab322c7fffff
24369,880ab32401fffff
24370,880ab3009bfffff
24371,880ab22a5dfffff
24372,880ab16c6dfffff
24373,880a949615fffff
24374,88252d91c9fffff
24375,880ab3d803fffff
24376,880ab21065fffff
24377,880a86c221fffff
24378,880a8699e1fffff
24379,880ab3598dfffff
24380,880ab3365dfffff
24381,880ab35857fffff
24382,880ab231e3fffff
24383,880a86c927fffff
24384,880ab214bdfffff
24385,88252d8115fffff
24386,880a86cb5bfffff
24387,880a868981fffff
24388,880ab238c3fffff
24389,880ab35881fffff
24390,88252d92bdfffff
24391,880ab27b51fffff
24392,880ab24abdfffff
24393,880ab20d53fffff
24394,880a86cf69fffff
24395,880ab28dadfffff
24396,880ab3b555fffff
24397,880ab2a041fffff
24398,880ab3c085fffff
24399,880a86b241fffff
24400,880ab3c1e1fffff
24401,880ab24a33fffff
24402,880a94d351fffff
24403,880ab3a153fffff
24404,880ab16f25fffff
24405,880a86c289fffff
24406,880ab22e25fffff
24407,880ab204e9fffff
24408,880ab17ad1fffff
24409,880a94b615fffff
24410,880ab37687fffff
24411,880ab37013fffff
24412,880ab3af39fffff
24413,880ab35849fffff
24414,880a86c911fffff
24415,880ab2336bfffff
24416,880ab25493fffff
24417,880ab3d96bfffff
24418,880ab2a061fffff
24419,880ab2052dfffff
24420,880a8602d1fffff
24421,880a868053fffff
24422,880a86d637fffff
24423,880ab24c51fffff
24424,880ab30f33fffff
24425,880ab3a593fffff
24426,880ab16c61fffff
24427,880ab261cdfffff
24428,880a868369fffff
24429,880a86cd41fffff
24430,880ab166bbfffff
24431,880ab3a0b7fffff
24432,88252d8809fffff
24433,880a9496d5fffff
24434,880a861121fffff
24435,880a94d257fffff
24436,880ab319b3fffff
24437,880ab166e5fffff
24438,880ab23021fffff
24439,880ab2a1bdfffff
24440,880ab3264dfffff
24441,880a8686b1fffff
24442,880a94b635fffff
24443,880ab2ba43fffff
24444,880a868335fffff
24445,880ab2a195fffff
24446,880a86bb33fffff
24447,880ab22c89fffff
24448,880ab30201fffff
24449,880ab2763dfffff
24450,880a86cebbfffff
24451,880ab22a8bfffff
24452,880ab335dbfffff
24453,880ab354e1fffff
24454,880ab2d1d7fffff
24455,880ab212c1fffff
24456,880ab3192bfffff
24457,880ab2a4c7fffff
24458,880ab3b883fffff
24459,880ab25ad1fffff
24460,880a868009fffff
24461,880ab2a1d7fffff
24462,880a861707fffff
24463,880ab239edfffff
24464,880ab3cd65fffff
24465,880ab22815fffff
24466,880ab3c489fffff
24467,880ab22f19fffff
24468,88252d8343fffff
24469,880ab20dc3fffff
24470,880ab2d6a3fffff
24471,880ab3312bfffff
24472,880ab3d187fffff
24473,880a868b5dfffff
24474,880ab20c03fffff
24475,880ab2d593fffff
24476,880ab2c5d9fffff
24477,880a869567fffff
24478,880ab252cdfffff
24479,880ab069ebfffff
24480,880ab30c91fffff
24481,880ab245e7fffff
24482,880ab254cbfffff
24483,880a8686a1fffff
24484,880ab34c39fffff
24485,880a86da1dfffff
24486,880ab219a7fffff
24487,880ab2a8bbfffff
24488,880ab3073bfffff
24489,880ab3c267fffff
24490,880ab2b9adfffff
24491,880ab30417fffff
24492,880ab34a29fffff
24493,880ab311e3fffff
24494,880a949b6bfffff
24495,880ab20665fffff
24496,880a844907fffff
24497,880ab3c92bfffff
24498,880ab308abfffff
24499,880a86920dfffff
24500,880ab16867fffff
24501,880a86b26dfffff
24502,880ab348ebfffff
24503,880a86b8b1fffff
24504,880a86b285fffff
24505,880a86d33bfffff
24506,880ab23767fffff
24507,880ab3346bfffff
24508,880ab12dbbfffff
24509,880ab2361bfffff
24510,880ab30805fffff
24511,880ab2c9d3fffff
24512,880ab31a39fffff
24513,880ab229dbfffff
24514,880ab35915fffff
24515,880ab2c431fffff
24516,880ab262dbfffff
24517,880a86d769fffff
24518,880a86da21fffff
24519,880ab28921fffff
24520,880ab24a95fffff
24521,880ab3ced1fffff
24522,880a844b45fffff
24523,880ab32285fffff
24524,880ab3ac23fffff
24525,880a84491bfffff
24526,880ab3a411fffff
24527,880ab2c819fffff
24528,880ab30253fffff
24529,880ab30017fffff
24530,880ab272a7fffff
24531,880ab340e1fffff
24532,880ab3569bfffff
24533,880ab2c9c3fffff
24534,880ab22405fffff
24535,880a94961dfffff
24536,880ab35411fffff
24537,880ab24461fffff
24538,880ab26a07fffff
24539,880a86d523fffff
24540,880a844b4bfffff
24541,880a86b9d7fffff
24542,880a8694e1fffff
24543,880ab3b693fffff
24544,880ab16dedfffff
24545,880ab3aa4dfffff
24546,880ab208bdfffff
24547,880ab25089fffff
24548,880ab25545fffff
24549,880ab2a1cbfffff
24550,880ab2d8b1fffff
24551,880a86a867fffff
24552,880ab34567fffff
24553,880ab24223fffff
24554,880ab30659fffff
24555,880ab266abfffff
24556,880ab256e1fffff
24557,880ab322b3fffff
24558,880ab320c5fffff
24559,880ab2219dfffff
24560,880ab274edfffff
24561,880ab3b9ddfffff
24562,880ab3aa85fffff
24563,880ab202bdfffff
24564,880ab2b517fffff
24565,880ab3a651fffff
24566,880ab23233fffff
24567,880ab3c1a7fffff
24568,880ab21547fffff
24569,880a8449ebfffff
24570,880ab21a31fffff
24571,880ab3b5edfffff
24572,880ab37807fffff
24573,88252dd709fffff
24574,880ab2745bfffff
24575,880ab37041fffff
24576,880a9495bdfffff
24577,880a869509fffff
24578,880ab2cc9bfffff
24579,880ab2d127fffff
24580,880ab20f27fffff
24581,880a94945dfffff
24582,880a86a139fffff
24583,880a844807fffff
24584,880ab22acdfffff
24585,880ab3773dfffff
24586,880ab22a61fffff
24587,880ab3036dfffff
24588,880ab35935fffff
24589,880ab30a33fffff
24590,880a86cd31fffff
24591,880a8682d5fffff
24592,880ab211e1fffff
24593,880ab3c2b5fffff
24594,880ab34b21fffff
24595,880ab20e3bfffff
24596,880ab3b8c3fffff
24597,880ab3782bfffff
24598,880a8691e3fffff
24599,880ab3c2a9fffff
24600,880ab2c283fffff
24601,880ab26c01fffff
24602,880ab324c1fffff
24603,880ab305cdfffff
24604,880ab25443fffff
24605,880a844815fffff
24606,880a86a101fffff
24607,880ab27a21fffff
24608,880a86da67fffff
24609,880ab22f67fffff
24610,880ab224d7fffff
24611,880ab26ed1fffff
24612,880ab3cd23fffff
24613,880ab22549fffff
24614,880ab3c8b7fffff
24615,880a94b633fffff
24616,880ab28ccdfffff
24617,880a86c853fffff
24618,880ab3a00bfffff
24619,880ab27319fffff
24620,880a86da93fffff
24621,880a86cf05fffff
24622,880ab3a029fffff
24623,880ab2a529fffff
24624,880ab2d03bfffff
24625,880ab218d9fffff
24626,880ab30dc7fffff
24627,880ab16041fffff
24628,880a94b01bfffff
24629,880ab37a2bfffff
24630,880ab235d7fffff
24631,880a8616c9fffff
24632,880a86ae6bfffff
24633,880ab3ca97fffff
24634,880ab37623fffff
24635,880ab34e4dfffff
24636,880ab27655fffff
24637,880ab2c151fffff
24638,880ab24741fffff
24639,880ab2ade3fffff
24640,880ab3b629fffff
24641,880ab34835fffff
24642,880ab2c231fffff
24643,880ab378bdfffff
24644,880ab2a713fffff
24645,880a86c351fffff
24646,880ab26037fffff
24647,880a84496bfffff
24648,880ab3459dfffff
24649,880a86041dfffff
24650,880ab3a9c1fffff
24651,880ab285b3fffff
24652,880a86c903fffff
24653,88252d9189fffff
24654,880ab300a9fffff
24655,880a86118dfffff
24656,880ab28965fffff
24657,880a868633fffff
24658,880ab358e3fffff
24659,880a860251fffff
24660,880ab162b1fffff
24661,880ab37957fffff
24662,880ab30833fffff
24663,880a860257fffff
24664,880a86daddfffff
24665,880a9495dbfffff
24666,880ab22269fffff
24667,880ab285a7fffff
24668,880a86b895fffff
24669,880ab24ca7fffff
24670,880ab302e5fffff
24671,880ab1670bfffff
24672,880ab2d5ebfffff
24673,880a8698bbfffff
24674,880ab33761fffff
24675,880a86136bfffff
24676,880ab30cb3fffff
24677,880a86d351fffff
24678,880ab2463bfffff
24679,880ab33055fffff
24680,880ab20435fffff
24681,880ab31b53fffff
24682,880a86934bfffff
24683,880ab3ac5bfffff
24684,880ab3b9d7fffff
24685,880ab3d047fffff
24686,880ab3aa27fffff
24687,880ab21543fffff
24688,88252dd2abfffff
24689,880ab3c823fffff
24690,880ab37b0dfffff
24691,880a94d005fffff
24692,880ab1663bfffff
24693,880ab17865fffff
24694,880ab30f29fffff
24695,880ab3a713fffff
24696,880ab32413fffff
24697,88252d99b3fffff
24698,880ab339b1fffff
24699,880ab2c763fffff
24700,880ab3b9b5fffff
24701,880ab3a905fffff
24702,880ab3b6ddfffff
24703,880ab2503dfffff
24704,880a8606e3fffff
24705,880a86042dfffff
24706,880ab2253dfffff
24707,880ab26a33fffff
24708,880a86c8a9fffff
24709,880ab27565fffff
24710,880ab249cdfffff
24711,880ab24e63fffff
24712,880ab26a53fffff
24713,880ab16b3bfffff
24714,880ab34d97fffff
24715,880a94b2a9fffff
24716,880ab2cf65fffff
24717,880ab34d91fffff
24718,880a861ab3fffff
24719,880a863207fffff
24720,880ab3a4c9fffff
24721,880ab2b4a9fffff
24722,880ab320c7fffff
24723,880ab24d03fffff
24724,880a86c24dfffff
24725,880ab265a1fffff
24726,880ab32aebfffff
24727,880a86aa01fffff
24728,880a949b03fffff
24729,880ab356d1fffff
24730,880ab23817fffff
24731,880a86d567fffff
24732,880ab254d5fffff
24733,880ab3c18bfffff
24734,880ab202a7fffff
24735,880a86dab9fffff
24736,880ab2116bfffff
24737,880ab3d24bfffff
24738,880ab2c109fffff
24739,880ab3b561fffff
24740,880a860153fffff
24741,880a94b28dfffff
24742,880ab25523fffff
24743,880ab25299fffff
24744,880ab3368dfffff
24745,880ab2bab9fffff
24746,880ab3c513fffff
24747,880ab37b47fffff
24748,880ab204adfffff
24749,880ab28b23fffff
24750,88252d994dfffff
24751,880ab2c22bfffff
24752,880ab069ddfffff
24753,880ab3cf57fffff
24754,880ab31533fffff
24755,880ab2618bfffff
24756,880a86cc47fffff
24757,880ab3c4c7fffff
24758,880a8600c3fffff
24759,880ab23981fffff
24760,880ab30101fffff
24761,880ab17981fffff
24762,880ab30595fffff
24763,880ab3c151fffff
24764,880ab220adfffff
24765,880ab27a51fffff
24766,880ab326d9fffff
24767,880ab23253fffff
24768,880ab16d31fffff
24769,880ab235adfffff
24770,880ab3c329fffff
24771,880ab346d3fffff
24772,880a86c58bfffff
24773,880ab2082bfffff
24774,880a86b9d5fffff
24775,880ab2b9edfffff
24776,880ab269b5fffff
24777,880ab24963fffff
24778,880a8696b9fffff
24779,880ab23941fffff
24780,880ab30aabfffff
24781,880ab2c04bfffff
24782,880ab32365fffff
24783,880ab26929fffff
24784,880a86808bfffff
24785,880a868c41fffff
24786,880a8606e5fffff
24787,880ab2a69dfffff
24788,880ab226e1fffff
24789,880ab32297fffff
24790,880ab28da7fffff
24791,880a8449abfffff
24792,880ab26dddfffff
24793,880ab2cee3fffff
24794,880a9494abfffff
24795,880a861b11fffff
24796,88252d9137fffff
24797,880ab31807fffff
24798,880a86c4d3fffff
24799,880a8682a5fffff
24800,88252d928bfffff
24801,880ab268b9fffff
24802,880ab3d1ebfffff
24803,880a868e6dfffff
24804,880ab2c95bfffff
24805,880a949941fffff
24806,880a8604d7fffff
24807,880ab2ae17fffff
24808,880ab304d1fffff
24809,880ab215a5fffff
24810,880ab23899fffff
24811,880a86975dfffff
24812,880ab32689fffff
24813,880ab2d1b1fffff
24814,880a861445fffff
24815,880a86cc09fffff
24816,880a86154bfffff
24817,880ab318abfffff
24818,880ab3d867fffff
24819,880ab3aa3bfffff
24820,880ab2149bfffff
24821,880a868f5dfffff
24822,880a86cad5fffff
24823,880ab37991fffff
24824,880ab2ae47fffff
24825,88252cb6c1fffff
24826,880ab3d00bfffff
24827,880ab31507fffff
24828,880ab35049fffff
24829,880ab241cbfffff
24830,880ab30d4bfffff
24831,880a868313fffff
24832,880ab2a6e5fffff
24833,880a861461fffff
24834,880ab35439fffff
24835,880ab27635fffff
24836,880ab24c85fffff
24837,880ab234cbfffff
24838,880ab37b17fffff
24839,880ab2a22dfffff
24840,880ab33427fffff
24841,880a86b161fffff
24842,880a86d9e5fffff
24843,880ab2cd1bfffff
24844,880ab16aadfffff
24845,880ab2c9a5fffff
24846,880ab3a083fffff
24847,880ab246d5fffff
24848,880a869523fffff
24849,880ab21b5dfffff
24850,880a8616e1fffff
24851,880ab3c71dfffff
24852,880ab370c1fffff
24853,880ab3cdb9fffff
24854,880ab28f1bfffff
24855,880ab2332dfffff
24856,880a86d80bfffff
24857,880ab30eb7fffff
24858,880ab30ee1fffff
24859,880ab24567fffff
24860,880ab3c88bfffff
24861,880ab35601fffff
24862,880ab20a55fffff
24863,880a861b3bfffff
24864,880ab2b76bfffff
24865,880ab16f23fffff
24866,880ab2ac31fffff
24867,880ab326b5fffff
24868,880ab33527fffff
24869,880ab2c003fffff
24870,880ab3aacbfffff
24871,880ab22f25fffff
24872,880a86d0d7fffff
24873,880ab34e59fffff
24874,880ab2b929fffff
24875,880ab26923fffff
24876,880a868a01fffff
24877,880ab2632dfffff
24878,880ab168dbfffff
24879,880ab2c70dfffff
24880,880ab3aeb1fffff
24881,880ab209c3fffff
24882,880ab2201dfffff
24883,880ab270d9fffff
24884,880ab16e8bfffff
24885,880ab3c5b1fffff
24886,880a868d3bfffff
24887,880ab2724dfffff
24888,880ab33915fffff
24889,880a86c947fffff
24890,880ab21b41fffff
24891,880ab26ca5fffff
24892,880ab31a07fffff
24893,880ab26d63fffff
24894,880ab16cd7fffff
24895,880ab3a889fffff
24896,880ab215a9fffff
24897,880a860123fffff
24898,880ab26f11fffff
24899,880ab2c483fffff
24900,880ab20f03fffff
24901,880ab2096bfffff
24902,880ab3ce31fffff
24903,880ab23565fffff
24904,880a86a1b5fffff
24905,880ab371bbfffff
24906,880ab3b701fffff
24907,880ab2d121fffff
24908,880ab33153fffff
24909,880ab20a01fffff
24910,880ab2492dfffff
24911,880ab26457fffff
24912,880ab3ab47fffff
24913,88252d9859fffff
24914,880ab34dadfffff
24915,880a8688ddfffff
24916,880ab24103fffff
24917,880ab2b981fffff
24918,880a86c50dfffff
24919,880a86d455fffff
24920,880ab3aa31fffff
24921,880ab274dbfffff
24922,880a86a881fffff
24923,880ab26935fffff
24924,880a86544dfffff
24925,880a861329fffff
24926,880ab3210bfffff
24927,880ab2291dfffff
24928,880ab2d543fffff
24929,880ab3398dfffff
24930,880ab34da1fffff
24931,880ab3cf5dfffff
24932,880ab17863fffff
24933,880a86db2bfffff
24934,880a86d463fffff
24935,880a86c913fffff
24936,88252d8aadfffff
24937,880ab3a621fffff
24938,880ab34f2bfffff
24939,880ab378ebfffff
24940,880a868ae3fffff
24941,880ab318a1fffff
24942,880a865637fffff
24943,880ab2ab39fffff
24944,880ab2ada7fffff
24945,880a868a99fffff
24946,880ab22d61fffff
24947,880ab22cd7fffff
24948,880a86c8cdfffff
24949,880a868729fffff
24950,880a844933fffff
24951,880a86b1c7fffff
24952,880ab3a2a1fffff
24953,880ab22495fffff
24954,880a86d88dfffff
24955,880ab3336dfffff
24956,880ab3ad3dfffff
24957,880ab320edfffff
24958,880ab209ebfffff
24959,880ab20f39fffff
24960,880ab2b12bfffff
24961,880a86cc21fffff
24962,880ab2681dfffff
24963,880ab222b1fffff
24964,880a86ced5fffff
24965,880ab3266dfffff
24966,880a861abbfffff
24967,880a86023bfffff
24968,880ab36215fffff
24969,880a86304dfffff
24970,880ab311b1fffff
24971,880ab24689fffff
24972,88252d88ebfffff
24973,880a86c8bbfffff
24974,880ab22a17fffff
24975,880ab34767fffff
24976,880ab2a1dbfffff
24977,880a94b4d5fffff
24978,880ab304b9fffff
24979,880ab35887fffff
24980,880ab3ac05fffff
24981,880a8690c3fffff
24982,880ab2a90dfffff
24983,880ab3ab25fffff
24984,880ab3c93dfffff
24985,880ab3b401fffff
24986,880a869b47fffff
24987,880ab24d05fffff
24988,880ab21901fffff
24989,880ab21163fffff
24990,880ab3aad1fffff
24991,880ab3cdd1fffff
24992,880ab2c0bdfffff
24993,880ab222c1fffff
24994,880ab21b33fffff
24995,880ab3ad39fffff
24996,880a86d4d3fffff
24997,880ab33b03fffff
24998,880a86c76dfffff
24999,880ab23307fffff
25000,880a861409fffff
25001,88252d8b3bfffff
25002,88252d8333fffff
25003,880ab32545fffff
25004,880a86a01bfffff
25005,880ab37125fffff
25006,880a869051fffff
25007,880ab23937fffff
25008,880ab2d193fffff
25009,880ab16c69fffff
25010,880ab2032bfffff
25011,880ab330e3fffff
25012,880a86b251fffff
25013,880ab21859fffff
25014,880ab16b69fffff
25015,880a868a0bfffff
25016,880ab2186bfffff
25017,880ab069a3fffff
25018,880ab3c481fffff
25019,880a86c117fffff
25020,880ab3b703fffff
25021,880ab2343dfffff
25022,880a860743fffff
25023,880ab3062bfffff
25024,880ab28ec5fffff
25025,880ab2291bfffff
25026,880ab2d51dfffff
25027,880ab33665fffff
25028,880a86b017fffff
25029,880ab2391bfffff
25030,880a86d4d1fffff
25031,880ab1684dfffff
25032,880ab339e7fffff
25033,880ab24809fffff
25034,880a94b0c9fffff
25035,880ab3ac87fffff
25036,880ab3a9bdfffff
25037,880ab26627fffff
25038,880ab23843fffff
25039,880ab2c699fffff
25040,880ab2ae07fffff
25041,880ab3375dfffff
25042,880a94d291fffff
25043,880ab2c495fffff
25044,880a8656ddfffff
25045,880a86da2dfffff
25046,880a861019fffff
25047,880ab22837fffff
25048,880ab25369fffff
25049,880a948667fffff
25050,880ab3443dfffff
25051,880ab32025fffff
25052,880ab371c3fffff
25053,880ab35b3dfffff
25054,880a949537fffff
25055,880ab2b523fffff
25056,880ab2c4abfffff
25057,880ab23007fffff
25058,880ab2255dfffff
25059,880ab30b5bfffff
25060,880ab2a839fffff
25061,880ab2adcdfffff
25062,880ab32223fffff
25063,880a8690dbfffff
25064,880a86103bfffff
25065,880ab2722bfffff
25066,880a869447fffff
25067,880a86c6e5fffff
25068,880ab232a7fffff
25069,880ab2c30dfffff
25070,880ab26109fffff
25071,880ab2a637fffff
25072,880a869553fffff
25073,880ab16a23fffff
25074,880ab35513fffff
25075,880ab33951fffff
25076,880a86075dfffff
25077,880ab32ae1fffff
25078,880ab27229fffff
25079,880a86bb07fffff
25080,880ab27043fffff
25081,880ab2ab01fffff
25082,880a869935fffff
25083,880a861a87fffff
25084,880ab2cad7fffff
25085,880ab26649fffff
25086,880ab35861fffff
25087,880ab16f5bfffff
25088,880ab16329fffff
25089,880ab169b1fffff
25090,880a844b57fffff
25091,880a861631fffff
25092,880ab20857fffff
25093,880ab3db15fffff
25094,880ab21909fffff
25095,880ab34e69fffff
25096,880ab16331fffff
25097,880ab24ab5fffff
25098,880a86d113fffff
25099,880ab244cdfffff
25100,880ab3b5d1fffff
25101,880a861553fffff
25102,880ab3c801fffff
25103,880a86cf03fffff
25104,880ab23ad9fffff
25105,880a860067fffff
25106,880ab2206dfffff
25107,880ab230c9fffff
25108,880ab37133fffff
25109,880a86a85bfffff
25110,880ab31b1dfffff
25111,880a949581fffff
25112,880ab34b13fffff
25113,880ab3c33bfffff
25114,880ab37747fffff
25115,880ab3b46dfffff
25116,880ab271e7fffff
25117,880ab276a1fffff
25118,880ab3a8b3fffff
25119,880ab3aab5fffff
25120,880ab34641fffff
25121,880ab208e9fffff
25122,88252dd6b3fffff
25123,880a868a31fffff
25124,880ab3149bfffff
25125,880ab26c91fffff
25126,880ab27737fffff
25127,880ab162c9fffff
25128,880ab2b0e3fffff
25129,880ab069b5fffff
25130,880a94d317fffff
25131,880ab21769fffff
25132,880ab206abfffff
25133,880ab35b17fffff
25134,880a86a8e3fffff
25135,880a86d203fffff
25136,880ab20237fffff
25137,880a86ce4bfffff
25138,880ab2a4e3fffff
25139,880ab31343fffff
25140,880ab28c9dfffff
25141,880ab30c05fffff
25142,880ab2cd2dfffff
25143,880ab24c27fffff
25144,880ab2369bfffff
25145,880ab374cbfffff
25146,880ab3ae65fffff
25147,880ab24705fffff
25148,880a8684b1fffff
25149,880ab3c1d5fffff
25150,880ab165a9fffff
25151,880ab2b059fffff
25152,880ab3a43dfffff
25153,880a8619b9fffff
25154,880ab231edfffff
25155,880ab34193fffff
25156,880a844d23fffff
25157,880a861985fffff
25158,88252d815dfffff
25159,880ab22ab3fffff
25160,880ab20181fffff
25161,880a94974dfffff
25162,880ab3c715fffff
25163,880ab2183dfffff
25164,880ab25767fffff
25165,880a86165dfffff
25166,880a860085fffff
25167,880a865639fffff
25168,880ab3d885fffff
25169,880ab3c5adfffff
25170,880ab166cbfffff
25171,880a8619b3fffff
25172,880a860001fffff
25173,880ab276b7fffff
25174,880ab37935fffff
25175,880a869253fffff
25176,880ab23623fffff
25177,880ab22a39fffff
25178,880ab30a31fffff
25179,880a869893fffff
25180,880ab3b739fffff
25181,88252d98a7fffff
25182,880ab249edfffff
25183,880a86861bfffff
25184,880ab239d1fffff
25185,880ab2d733fffff
25186,880a94995dfffff
25187,880a861151fffff
25188,880a86c965fffff
25189,880ab3c949fffff
25190,880a868245fffff
25191,880ab24265fffff
25192,880ab2b727fffff
25193,880ab2713dfffff
25194,880ab27a5dfffff
25195,880a86c44dfffff
25196,880ab2ce47fffff
25197,880ab2a08bfffff
25198,880a86cf07fffff
25199,880ab221a1fffff
25200,880ab350e3fffff
25201,880ab24dadfffff
25202,880ab241e9fffff
25203,880ab3422bfffff
25204,880ab3d58dfffff
25205,880a861091fffff
25206,880ab376c5fffff
25207,880ab169cbfffff
25208,880ab31a35fffff
25209,88252d8369fffff
25210,880ab26887fffff
25211,880a868dc1fffff
25212,880a86daadfffff
25213,880a869b05fffff
25214,880a86d66dfffff
25215,880a868427fffff
25216,880a86c063fffff
25217,880ab30a87fffff
25218,880ab2758dfffff
25219,880ab27083fffff
25220,880ab302e3fffff
25221,880ab3d831fffff
25222,880ab36265fffff
25223,880a949b65fffff
25224,880ab21647fffff
25225,880a94b055fffff
25226,880a949361fffff
25227,880ab37a07fffff
25228,880ab20e29fffff
25229,880a86c509fffff
25230,880ab32681fffff
25231,880ab3a74bfffff
25232,880a86cdd3fffff
25233,880ab22039fffff
25234,880a868dadfffff
25235,880a86b863fffff
25236,880ab21057fffff
25237,880a861055fffff
25238,880ab260ebfffff
25239,880ab338a1fffff
25240,880ab20837fffff
25241,880ab2cccdfffff
25242,880ab3c687fffff
25243,880a86d8a5fffff
25244,880a94b00bfffff
25245,880ab1621dfffff
25246,880ab3a11bfffff
25247,880ab3c745fffff
25248,880ab165bbfffff
25249,880a86922dfffff
25250,880ab3023bfffff
25251,880a8601b9fffff
25252,880ab2b2b7fffff
25253,880ab3b8d5fffff
25254,880ab32a8bfffff
25255,880ab26191fffff
25256,880ab249c9fffff
25257,880a86b211fffff
25258,880ab32ac9fffff
25259,880ab3225bfffff
25260,880a86151dfffff
25261,880ab248a5fffff
25262,880ab2c291fffff
25263,880ab224d1fffff
25264,880ab21b47fffff
25265,880ab16a27fffff
25266,880ab165c3fffff
25267,88252dd65bfffff
25268,880ab30d93fffff
25269,880ab2319bfffff
25270,880ab2ccbbfffff
25271,880ab3cb59fffff
25272,880a869097fffff
25273,880ab31593fffff
25274,880a86b353fffff
25275,880ab3cd83fffff
25276,880ab2545dfffff
25277,880ab21ae5fffff
25278,880a86a857fffff
25279,880a86cb1bfffff
25280,880ab2ca97fffff
25281,880ab351e3fffff
25282,880ab168d7fffff
25283,880a86d821fffff
25284,880ab30593fffff
25285,880ab17a97fffff
25286,880ab16201fffff
25287,880ab211adfffff
25288,880ab3c49bfffff
25289,880ab35a47fffff
25290,880ab1656bfffff
25291,880ab16b63fffff
25292,880ab2a433fffff
25293,880ab3dae7fffff
25294,880ab20c15fffff
25295,880a8600bdfffff
25296,880ab3c2abfffff
25297,880ab3da3dfffff
25298,880ab24595fffff
25299,880ab24425fffff
25300,880ab2bb47fffff
25301,880ab28c89fffff
25302,880ab3a5a7fffff
25303,880ab1609bfffff
25304,880ab239cbfffff
25305,880ab24523fffff
25306,880ab24043fffff
25307,880a868a95fffff
25308,880a844955fffff
25309,880ab1783bfffff
25310,880ab3223dfffff
25311,880ab3ccddfffff
25312,880ab31481fffff
25313,880a868701fffff
25314,880a869403fffff
25315,880ab26a57fffff
25316,880ab21a13fffff
25317,880ab28b67fffff
25318,880a868a35fffff
25319,880a86c0e9fffff
25320,880ab27517fffff
25321,880ab24543fffff
25322,880ab2c5d1fffff
25323,880ab17527fffff
25324,880ab3a745fffff
25325,880a86cd13fffff
25326,880ab2d1c9fffff
25327,880ab246abfffff
25328,880ab2dad1fffff
25329,880ab3c56dfffff
25330,880ab340a3fffff
25331,880a86cd57fffff
25332,880ab2ba49fffff
25333,880ab3da53fffff
25334,880ab28cc1fffff
25335,880ab21a11fffff
25336,880a868c27fffff
25337,880a86c8e7fffff
25338,880a86b9b9fffff
25339,880ab356d9fffff
25340,880ab3a1ebfffff
25341,880ab3451bfffff
25342,880ab3ad19fffff
25343,880ab24143fffff
25344,880ab25495fffff
25345,880ab12997fffff
25346,880ab24ee3fffff
25347,880ab168ddfffff
25348,880ab2c919fffff
25349,880ab2aa07fffff
25350,880ab34995fffff
25351,880ab34649fffff
25352,880ab2cedbfffff
25353,880a86a82bfffff
25354,88252d8319fffff
25355,880ab32089fffff
25356,880a86c863fffff
25357,880a86d72dfffff
25358,880ab2cde9fffff
25359,880ab21827fffff
25360,880a861a29fffff
25361,880ab34ec3fffff
25362,880a860a63fffff
25363,880a869325fffff
25364,880ab32339fffff
25365,880ab3450bfffff
25366,880ab2284bfffff
25367,880ab2572bfffff
25368,880a86d4e5fffff
25369,880a86b911fffff
25370,880ab28537fffff
25371,88252d9b05fffff
25372,880a86d295fffff
25373,880ab23659fffff
25374,880ab3d239fffff
25375,880ab3a591fffff
25376,880a869613fffff
25377,880ab215e5fffff
25378,880a868e89fffff
25379,880ab21815fffff
25380,88252d9abbfffff
25381,880ab22f4dfffff
25382,880ab16727fffff
25383,880ab359d7fffff
25384,880ab352bdfffff
25385,880ab26561fffff
25386,880a86982bfffff
25387,880ab3b299fffff
25388,880ab3aae3fffff
25389,880ab2b851fffff
25390,880ab30985fffff
25391,880a86c367fffff
25392,880ab3583dfffff
25393,880ab3a565fffff
25394,880ab25723fffff
25395,880ab2c937fffff
25396,880ab33015fffff
25397,880ab2a9d5fffff
25398,880ab248ebfffff
25399,880ab3095dfffff
25400,880a86ad35fffff
25401,880ab34151fffff
25402,880ab3c551fffff
25403,880ab346adfffff
25404,880ab16c17fffff
25405,880ab27333fffff
25406,880ab315edfffff
25407,880a8698e9fffff
25408,880ab35b03fffff
25409,880a94d1cdfffff
25410,880ab2c935fffff
25411,880ab22f13fffff
25412,880ab352a5fffff
25413,880ab2b2a3fffff
25414,880ab3a00dfffff
25415,880ab27715fffff
25416,880ab24565fffff
25417,880a94b609fffff
25418,880ab2c193fffff
25419,880a86b9e9fffff
25420,880a86cc07fffff
25421,880ab3a737fffff
25422,880ab36207fffff
25423,880a8606cbfffff
25424,880ab20f65fffff
25425,880ab31a55fffff
25426,880a86d815fffff
25427,880ab20641fffff
25428,880ab30367fffff
25429,880ab165e5fffff
25430,880ab2249dfffff
25431,880ab2cf03fffff
25432,880ab32451fffff
25433,880a86cb2bfffff
25434,880ab20905fffff
25435,880ab2ba83fffff
25436,880ab37203fffff
25437,880ab26c99fffff
25438,880ab34f49fffff
25439,880a86b11bfffff
25440,880ab3cb3dfffff
25441,880ab20f55fffff
25442,880ab2aa11fffff
25443,880ab37299fffff
25444,880ab248b1fffff
25445,880ab232b5fffff
25446,880ab24c97fffff
25447,880a844d61fffff
25448,880ab300c1fffff
25449,880ab16101fffff
25450,880a86cdd5fffff
25451,880ab161dbfffff
25452,880a86ce67fffff
25453,880ab3c2e1fffff
25454,880ab2a329fffff
25455,880a9494adfffff
25456,880a94d2d9fffff
25457,880ab3a669fffff
25458,880ab212bdfffff
25459,880ab371a5fffff
25460,880ab224b3fffff
25461,880ab26641fffff
25462,880ab27a39fffff
25463,880ab2aeddfffff
25464,880a860669fffff
25465,880a949495fffff
25466,880ab164d3fffff
25467,880a86ca91fffff
25468,880ab2b855fffff
25469,880ab3c95bfffff
25470,880ab25655fffff
25471,880ab06937fffff
25472,880a86c9d7fffff
25473,880ab24c5bfffff
25474,880ab374e9fffff
25475,880ab3da87fffff
25476,880a9494cbfffff
25477,88252d8335fffff
25478,880ab34c8dfffff
25479,880ab3a08dfffff
25480,880ab22995fffff
25481,880ab2a651fffff
25482,880ab270a9fffff
25483,880ab16b5dfffff
25484,880ab359c9fffff
25485,880ab244a3fffff
25486,880a869359fffff
25487,880ab16e11fffff
25488,880ab2a4c5fffff
25489,880a86db19fffff
25490,880ab26699fffff
25491,880a86d9b3fffff
25492,880a86cae1fffff
25493,880ab271c1fffff
25494,880a86c2b7fffff
25495,880ab30635fffff
25496,880ab24921fffff
25497,880ab069e1fffff
25498,880ab20349fffff
25499,880ab374cdfffff
25500,880ab21a51fffff
25501,880ab2a12bfffff
25502,880a868db5fffff
25503,880ab22b19fffff
25504,880ab32161fffff
25505,880ab16f59fffff
25506,880ab37b31fffff
25507,880ab27aa9fffff
25508,880a86b31bfffff
25509,880ab26db1fffff
25510,880ab2c13bfffff
25511,880ab22833fffff
25512,880ab37449fffff
25513,880ab30189fffff
25514,880ab37965fffff
25515,880ab2d0b5fffff
25516,880ab214cdfffff
25517,880a86d117fffff
25518,880a868439fffff
25519,880a86a057fffff
25520,880ab345c9fffff
25521,880ab33aadfffff
25522,880a86c537fffff
25523,880ab24c63fffff
25524,880ab16e01fffff
25525,88252d98b3fffff
25526,880a86baddfffff
25527,880a86b2ebfffff
25528,880ab3a581fffff
25529,880ab30f07fffff
25530,880ab3c507fffff
25531,880ab37a5dfffff
25532,880ab34b17fffff
25533,880a868137fffff
25534,880a86a2a7fffff
25535,880ab37249fffff
25536,880ab3c221fffff
25537,880ab31431fffff
25538,880ab16613fffff
25539,88252d9899fffff
25540,880a86d20bfffff
25541,880ab23689fffff
25542,880ab2a9b3fffff
25543,880ab35495fffff
25544,880ab3185dfffff
25545,880ab24319fffff
25546,880ab24ddbfffff
25547,880ab30589fffff
25548,880ab2c503fffff
25549,880ab30001fffff
25550,880ab24cc9fffff
25551,880ab26215fffff
25552,880a86d13dfffff
25553,880a86815dfffff
25554,880ab304a9fffff
25555,880ab16963fffff
25556,880a861259fffff
25557,880a86170dfffff
25558,880ab16099fffff
25559,880ab20dadfffff
25560,880ab32759fffff
25561,880ab2c1cdfffff
25562,880ab379c1fffff
25563,880a86a061fffff
25564,880ab26e89fffff
25565,880ab2101dfffff
25566,880a865659fffff
25567,880ab16ed1fffff
25568,880ab372e9fffff
25569,880a868567fffff
25570,880ab3d529fffff
25571,880ab2ce6bfffff
25572,880ab3d5b1fffff
25573,880a861a95fffff
25574,880ab24069fffff
25575,880ab16141fffff
25576,880ab22967fffff
25577,880ab34309fffff
25578,880ab232e7fffff
25579,880ab16017fffff
25580,880ab2d545fffff
25581,880ab3d355fffff
25582,880ab352dbfffff
25583,880a94b743fffff
25584,880ab3c845fffff
25585,880ab3ad05fffff
25586,880a86b95bfffff
25587,880ab34cabfffff
25588,880ab23101fffff
25589,880a86b967fffff
25590,880ab3133dfffff
25591,880ab30187fffff
25592,880ab285bbfffff
25593,880ab30d55fffff
25594,880ab27183fffff
25595,880a94b73bfffff
25596,880ab2ceadfffff
25597,880ab2b1d9fffff
25598,880ab20005fffff
25599,880a868ccbfffff
25600,880a863255fffff
25601,880ab30063fffff
25602,880a86ccc3fffff
25603,880ab16a3bfffff
25604,880ab3d221fffff
25605,880ab26683fffff
25606,880a869317fffff
25607,880ab2495bfffff
25608,880ab3452bfffff
25609,880ab37727fffff
25610,880ab21359fffff
25611,880ab23ae7fffff
25612,880a86a8ddfffff
25613,880ab301a9fffff
25614,880a868ca3fffff
25615,880a869b2dfffff
25616,880a86a927fffff
25617,880ab25117fffff
25618,880ab28593fffff
25619,880ab32807fffff
25620,880ab22083fffff
25621,880ab2ce57fffff
25622,880ab2394dfffff
25623,880ab16d2dfffff
25624,880ab28ee3fffff
25625,880ab252e9fffff
25626,880ab2c9b5fffff
25627,880ab25897fffff
25628,880a86da33fffff
25629,880ab2359dfffff
25630,880ab2435dfffff
25631,880ab3269dfffff
25632,880ab3552dfffff
25633,880ab228abfffff
25634,880a8690e5fffff
25635,880ab28ee1fffff
25636,880ab3c2e3fffff
25637,880ab31a45fffff
25638,880ab34ddbfffff
25639,880a868c33fffff
25640,880a86d157fffff
25641,880ab20805fffff
25642,880ab2153bfffff
25643,880ab30295fffff
25644,880ab3562bfffff
25645,880ab16e63fffff
25646,880ab238c7fffff
25647,880a8685b1fffff
25648,880ab3aa53fffff
25649,880ab20735fffff
25650,880a86ce19fffff
25651,880a86d12bfffff
25652,880a86c1b9fffff
25653,880ab24d2dfffff
25654,880ab27691fffff
25655,880a8686e1fffff
25656,880a86a9cbfffff
25657,880ab30447fffff
25658,880ab23757fffff
25659,880ab3a915fffff
25660,880ab2298bfffff
25661,880ab27861fffff
25662,880ab27853fffff
25663,880ab33331fffff
25664,880a94d113fffff
25665,880ab241b7fffff
25666,880ab3c98bfffff
25667,88252dd08dfffff
25668,880ab34565fffff
25669,880ab25735fffff
25670,880a86bb43fffff
25671,880ab2d099fffff
25672,880ab31437fffff
25673,880a86d4bbfffff
25674,880a86cb03fffff
25675,880a86bb67fffff
25676,880ab2d1ebfffff
25677,880ab2b0edfffff
25678,880ab20217fffff
25679,880ab27a4bfffff
25680,880a844aa9fffff
25681,880ab22a27fffff
25682,880ab16835fffff
25683,880a9482e3fffff
25684,880ab24997fffff
25685,880ab2a10bfffff
25686,880ab34b4bfffff
25687,880ab24addfffff
25688,880ab3c8ebfffff
25689,88252d8845fffff
25690,880ab234a5fffff
25691,880ab2504dfffff
25692,880ab20d25fffff
25693,880ab2ab27fffff
25694,880ab3cae7fffff
25695,880ab24985fffff
25696,880a86a8a7fffff
25697,880ab2c63dfffff
25698,880a86d8dbfffff
25699,88252d91b9fffff
25700,880ab32337fffff
25701,880a869b65fffff
25702,880ab219c5fffff
25703,880ab33161fffff
25704,880a86c725fffff
25705,880ab16183fffff
25706,880a868f27fffff
25707,880ab2a715fffff
25708,880ab32639fffff
25709,880ab2759bfffff
25710,880ab3b935fffff
25711,880ab275c5fffff
25712,880a868b25fffff
25713,880ab28db5fffff
25714,880ab2a663fffff
25715,880ab2d49dfffff
25716,880ab30ec1fffff
25717,880a948603fffff
25718,880ab21727fffff
25719,880ab34045fffff
25720,880a86016dfffff
25721,880ab2a499fffff
25722,880ab3596dfffff
25723,880ab23435fffff
25724,880a860063fffff
25725,880ab2a2edfffff
25726,880a9495adfffff
25727,880ab34d5dfffff
25728,880a868857fffff
25729,880a861339fffff
25730,880ab35087fffff
25731,880ab161a7fffff
25732,880ab24991fffff
25733,880a868097fffff
25734,880a865353fffff
25735,880ab34f1bfffff
25736,880a86c4ddfffff
25737,880ab24e4bfffff
25738,880ab322edfffff
25739,880ab3412dfffff
25740,880a868e97fffff
25741,880ab2a561fffff
25742,880a94b269fffff
25743,880ab24dc3fffff
25744,88252d8b5bfffff
25745,880ab22491fffff
25746,880ab32683fffff
25747,880a8656e1fffff
25748,880a94d053fffff
25749,880a86865dfffff
25750,880a868187fffff
25751,880ab16ed5fffff
25752,880a86863dfffff
25753,880ab37829fffff
25754,880ab3cf61fffff
25755,880ab2c629fffff
25756,88252dd2b1fffff
25757,880ab238b9fffff
25758,880a8684c5fffff
25759,880ab2240bfffff
25760,880ab2049dfffff
25761,880a86ba17fffff
25762,880ab2cd63fffff
25763,880ab3d069fffff
25764,88252d8823fffff
25765,880ab34cd1fffff
25766,880a949463fffff
25767,880ab3c359fffff
25768,880ab2d1d5fffff
25769,880ab22e1dfffff
25770,880ab2a5a9fffff
25771,880a861231fffff
25772,880ab276bdfffff
25773,88252d8a6dfffff
25774,880a86b121fffff
25775,880a8694d3fffff
25776,880ab35a63fffff
25777,880ab21631fffff
25778,880a86cd8dfffff
25779,880ab3da65fffff
25780,880a868c19fffff
25781,880ab2cf47fffff
25782,880ab30f4bfffff
25783,880ab232dbfffff
25784,880a861193fffff
25785,880ab31895fffff
25786,880ab3b5bdfffff
25787,880ab30a91fffff
25788,880ab33469fffff
25789,880ab2b5e7fffff
25790,88252d8339fffff
25791,88252d9741fffff
25792,880ab3c333fffff
25793,880ab20c87fffff
25794,880ab2ad89fffff
25795,880ab3742bfffff
25796,880ab24235fffff
25797,880ab2a92dfffff
25798,880ab2414dfffff
25799,880ab32e41fffff
25800,880ab3c23bfffff
25801,880ab345d7fffff
25802,880a869161fffff
25803,880a869705fffff
25804,880a8685a3fffff
25805,880ab24c3dfffff
25806,880ab3a513fffff
25807,880ab3c839fffff
25808,880ab22a09fffff
25809,880ab3cf63fffff
25810,880a86d199fffff
25811,880ab1636bfffff
25812,880ab20cebfffff
25813,880ab33407fffff
25814,880ab33b69fffff
25815,880ab2ce1bfffff
25816,880a86b259fffff
25817,880a86b8edfffff
25818,880ab3389dfffff
25819,880ab20e11fffff
25820,880ab2383bfffff
25821,880ab3440dfffff
25822,880ab28de1fffff
25823,880ab3468dfffff
25824,880ab34d0bfffff
25825,880ab3c727fffff
25826,88252d8ad7fffff
25827,88252d884dfffff
25828,880ab24f17fffff
25829,880ab2ba27fffff
25830,880a94d319fffff
25831,880ab3c42bfffff
25832,880ab3065bfffff
25833,880ab33a85fffff
25834,880ab2ceabfffff
25835,880ab2c459fffff
25836,880ab33683fffff
25837,880ab2d4c3fffff
25838,88252d8aa7fffff
25839,880a8698bdfffff
25840,880ab30285fffff
25841,88252d9805fffff
25842,880ab2b58dfffff
25843,880ab2c209fffff
25844,880ab27b65fffff
25845,880a8449a9fffff
25846,880ab2ad9bfffff
25847,880a86a9a7fffff
25848,880ab34899fffff
25849,880a94b063fffff
25850,880a86d541fffff
25851,880ab2b13dfffff
25852,880a868201fffff
25853,880ab31915fffff
25854,880a8682b7fffff
25855,880ab3726bfffff
25856,880a86561dfffff
25857,880ab1640dfffff
25858,880a86d2b3fffff
25859,880a86cae5fffff
25860,880ab376e9fffff
25861,880ab3c1c9fffff
25862,880ab30115fffff
25863,880a86b867fffff
25864,880ab2188dfffff
25865,880ab320c9fffff
25866,880ab34147fffff
25867,880ab34ad9fffff
25868,880ab38987fffff
25869,880ab2765dfffff
25870,880ab2c8cdfffff
25871,880ab35891fffff
25872,88252d9943fffff
25873,880ab37613fffff
25874,880ab24697fffff
25875,880ab2d18dfffff
25876,880ab20245fffff
25877,880ab2a2d5fffff
25878,880a869767fffff
25879,880ab339d7fffff
25880,880ab3c20dfffff
25881,880ab178b9fffff
25882,880a860b49fffff
25883,880ab2625bfffff
25884,880ab3c4adfffff
25885,880a86a98dfffff
25886,880ab3c48dfffff
25887,880ab20635fffff
25888,880a844849fffff
25889,880ab3cc21fffff
25890,880a868e1bfffff
25891,880a94b293fffff
25892,880ab27ae3fffff
25893,880ab3d51bfffff
25894,880ab302d9fffff
25895,880a86c845fffff
25896,880a94d337fffff
25897,880ab2a829fffff
25898,880ab370c7fffff
25899,880ab22085fffff
25900,880ab2ae33fffff
25901,880ab2aa6dfffff
25902,880ab3015bfffff
25903,880ab33abdfffff
25904,880ab2c057fffff
25905,880ab31ac3fffff
25906,880a8692dbfffff
25907,880a949341fffff
25908,880ab3dae3fffff
25909,880a861257fffff
25910,880ab34087fffff
25911,880a861599fffff
25912,880ab3cf33fffff
25913,880ab20a05fffff
25914,880ab211c9fffff
25915,880a86af57fffff
25916,880ab3a719fffff
25917,880ab3506dfffff
25918,880ab3d847fffff
25919,88252d882bfffff
25920,880ab37b49fffff
25921,880ab3aa9dfffff
25922,880a8690ebfffff
25923,880ab24ad3fffff
25924,880ab208a3fffff
25925,880ab17845fffff
25926,880ab2b827fffff
25927,880ab24859fffff
25928,880ab3a9bbfffff
25929,880ab240b3fffff
25930,880a86c4e9fffff
25931,880ab3af07fffff
25932,880ab31043fffff
25933,880ab248e7fffff
25934,880ab24759fffff
25935,880ab2558dfffff
25936,880ab2b0a3fffff
25937,880ab30225fffff
25938,880ab2c137fffff
25939,880ab31693fffff
25940,880ab35a6dfffff
25941,880a86d33dfffff
25942,880ab34195fffff
25943,880ab249a5fffff
25944,880ab17a43fffff
25945,880ab32317fffff
25946,880a94d349fffff
25947,880ab26d5bfffff
25948,880a94b643fffff
25949,880ab3d227fffff
25950,880ab2d495fffff
25951,880ab3595dfffff
25952,880a86af49fffff
25953,880a86958bfffff
25954,880ab2b81dfffff
25955,880ab35401fffff
25956,880ab3cc55fffff
25957,880a86b125fffff
25958,880ab37841fffff
25959,880ab16457fffff
25960,880ab2b9b7fffff
25961,880a8698d1fffff
25962,880ab30239fffff
25963,880ab3c4dbfffff
25964,880a94b233fffff
25965,880a86c9d1fffff
25966,880ab3432dfffff
25967,880ab3ac6bfffff
25968,880ab265c3fffff
25969,880ab2a407fffff
25970,880ab318adfffff
25971,880ab22305fffff
25972,880a8680b7fffff
25973,880ab26e67fffff
25974,880ab33807fffff
25975,880ab2b065fffff
25976,880ab16ca1fffff
25977,880a86cd4bfffff
25978,880ab22333fffff
25979,88252d990dfffff
25980,880ab1786bfffff
25981,880a86b043fffff
25982,880ab2673dfffff
25983,880a868cd9fffff
25984,880ab2b1d3fffff
25985,880ab37aa3fffff
25986,880a8611ebfffff
25987,880ab315b9fffff
25988,880ab2a6abfffff
25989,880a8448c3fffff
25990,880a860439fffff
25991,880ab3c6cdfffff
25992,880ab309c7fffff
25993,880ab308e5fffff
25994,880ab16e03fffff
25995,880ab21053fffff
25996,880ab2a8e7fffff
25997,880a865633fffff
25998,880ab30c53fffff
25999,880ab22117fffff
26000,880ab2c443fffff
26001,880ab20757fffff
26002,880ab16d91fffff
26003,880ab35023fffff
26004,880ab255d1fffff
26005,880ab35737fffff
26006,88252d9a09fffff
26007,88252cb749fffff
26008,880a86b903fffff
26009,88252d9a89fffff
26010,880ab3cf4bfffff
26011,880a94b4c3fffff
26012,880ab2572dfffff
26013,880a868853fffff
26014,880ab20053fffff
26015,880ab350d7fffff
26016,880ab2546dfffff
26017,880a949447fffff
26018,880a86b235fffff
26019,880ab2d1e1fffff
26020,880ab3575dfffff
26021,880a86b859fffff
26022,880a94986dfffff
26023,880a84486dfffff
26024,880ab27515fffff
26025,880ab20889fffff
26026,880ab37987fffff
26027,880ab165dbfffff
26028,880ab3ac5dfffff
26029,880a8684e1fffff
26030,880a86af2dfffff
26031,880ab2a1d3fffff
26032,880a86cccdfffff
26033,880ab1791bfffff
26034,880ab338d3fffff
26035,880ab35a0bfffff
26036,880ab34761fffff
26037,880ab22437fffff
26038,880ab3ae57fffff
26039,880ab16b1dfffff
26040,880ab354a5fffff
26041,880ab32549fffff
26042,880a8696a9fffff
26043,880ab2ccbdfffff
26044,880ab3cd67fffff
26045,880a868b41fffff
26046,880a94b463fffff
26047,880a861039fffff
26048,880a860685fffff
26049,880a8689b7fffff
26050,880ab2289dfffff
26051,880ab22861fffff
26052,880a86108dfffff
26053,880ab351e1fffff
26054,880ab32ae9fffff
26055,880a844891fffff
26056,880a86008dfffff
26057,880ab2aa27fffff
26058,880a86a053fffff
26059,880ab304e1fffff
26060,880ab16767fffff
26061,880ab3a6edfffff
26062,880a949b57fffff
26063,880ab3ac53fffff
26064,880a861465fffff
26065,880ab27a97fffff
26066,880a94b297fffff
26067,880a86cf13fffff
26068,880ab376e3fffff
26069,880ab2076bfffff
26070,880ab34e19fffff
26071,880ab376d3fffff
26072,880ab2a33bfffff
26073,880ab31b4bfffff
26074,880ab34b25fffff
26075,880ab3c6bdfffff
26076,880ab3c017fffff
26077,880ab30545fffff
26078,880a868733fffff
26079,880ab16e87fffff
26080,880ab34a85fffff
26081,880a86834bfffff
26082,880ab23629fffff
26083,880a86b963fffff
26084,880ab33a1dfffff
26085,880a868b49fffff
26086,880ab3daa1fffff
26087,880ab24d13fffff
26088,880ab26697fffff
26089,880ab3c921fffff
26090,880a94b6e3fffff
26091,880ab16b49fffff
26092,880ab32569fffff
26093,88252d9117fffff
26094,880ab2145bfffff
26095,880ab169d3fffff
26096,880a861899fffff
26097,880ab255e5fffff
26098,880a869455fffff
26099,880a94d045fffff
26100,880a844867fffff
26101,880a86b891fffff
26102,880a86c29bfffff
26103,880ab3b98dfffff
26104,880a861741fffff
26105,880ab2540bfffff
26106,880ab26d8dfffff
26107,880ab25125fffff
26108,880a949405fffff
26109,880ab2cd17fffff
26110,880a8601bdfffff
26111,88252dd0ddfffff
26112,880ab269bbfffff
26113,880ab26ec7fffff
26114,880a86d645fffff
26115,880ab3a9cdfffff
26116,880a8685c1fffff
26117,880ab178e5fffff
26118,880a868dd5fffff
26119,880a86dac9fffff
26120,880a86bb03fffff
26121,880a86d551fffff
26122,880ab34b33fffff
26123,880ab37439fffff
26124,880ab30a49fffff
26125,880a868247fffff
26126,880ab305d5fffff
26127,88252dd451fffff
26128,880ab359cbfffff
26129,880ab16701fffff
26130,880a868987fffff
26131,880ab2cf0bfffff
26132,880ab2d5a9fffff
26133,88252d8903fffff
26134,880a86d9ebfffff
26135,880ab3a327fffff
26136,880ab22d97fffff
26137,880ab164b3fffff
26138,880a860735fffff
26139,880a9496bdfffff
26140,880a9482bbfffff
26141,880a86c1e7fffff
26142,880ab3741bfffff
26143,880ab23505fffff
26144,880ab3af49fffff
26145,880ab3a059fffff
26146,880ab24c4dfffff
26147,880ab26a83fffff
26148,880ab26869fffff
26149,880a868cb3fffff
26150,880ab3c9d3fffff
26151,880a86d1d5fffff
26152,880a86314dfffff
26153,880a86b221fffff
26154,880ab35249fffff
26155,880a86c0d7fffff
26156,880ab3a6a5fffff
26157,880ab37a65fffff
26158,880ab3468bfffff
26159,880ab3cc57fffff
26160,880ab2b98bfffff
26161,880a86cc45fffff
26162,880ab2550bfffff
26163,880ab30269fffff
26164,88252d926dfffff
26165,880ab2a055fffff
26166,880ab301d5fffff
26167,880ab22157fffff
26168,880ab340a9fffff
26169,880ab2af3bfffff
26170,880ab23165fffff
26171,880ab20e2dfffff
26172,880a869103fffff
26173,880a86dae3fffff
26174,880ab32acdfffff
26175,880ab2a2cdfffff
26176,880ab35157fffff
26177,88252d88c9fffff
26178,880ab2290dfffff
26179,880ab22167fffff
26180,880a86d6e1fffff
26181,880a860705fffff
26182,880ab3a5b1fffff
26183,880ab31417fffff
26184,880ab2c2b5fffff
26185,880ab31acdfffff
26186,880ab33b17fffff
26187,880a86913dfffff
26188,880ab20da7fffff
26189,880ab2a5a7fffff
26190,880ab28d59fffff
26191,880a86961dfffff
26192,880ab22515fffff
26193,880ab3ce6dfffff
26194,880ab3485bfffff
26195,880a949543fffff
26196,880ab2cd03fffff
26197,880ab350adfffff
26198,880ab36a4dfffff
26199,880a86b105fffff
26200,880ab3a8a1fffff
26201,880ab35031fffff
26202,880ab20adbfffff
26203,880ab2a52dfffff
26204,880a861431fffff
26205,880ab3c05bfffff
26206,880ab30b25fffff
26207,880ab3c9d1fffff
26208,880ab2d521fffff
26209,880ab3b8b3fffff
26210,880a8601a9fffff
26211,880ab30025fffff
26212,880ab309d9fffff
26213,880ab3b2d9fffff
26214,880ab33045fffff
26215,880ab315c5fffff
26216,880ab165a5fffff
26217,880a94b207fffff
26218,880a86af29fffff
26219,880ab20a3bfffff
26220,880ab24e03fffff
26221,880ab300c3fffff
26222,880ab24d01fffff
26223,880ab16db9fffff
26224,880ab32029fffff
26225,880ab31361fffff
26226,880ab216abfffff
26227,880a8689a1fffff
26228,880ab3ccc5fffff
26229,880ab20f25fffff
26230,880ab2a487fffff
26231,880a94b701fffff
26232,880a94943bfffff
26233,88252d9a2bfffff
26234,880ab179b3fffff
26235,880ab069bdfffff
26236,880ab30e59fffff
26237,880ab30161fffff
26238,880ab2b085fffff
26239,880ab3a0bdfffff
26240,880a86806dfffff
26241,880ab2a525fffff
26242,880ab231d9fffff
26243,880ab20dddfffff
26244,880ab3d91dfffff
26245,880ab16c8bfffff
26246,880a86c9bdfffff
26247,880ab2c339fffff
26248,880ab20483fffff
26249,880ab235e5fffff
26250,880ab254e7fffff
26251,880a86da45fffff
26252,880a868813fffff
26253,880ab2a40dfffff
26254,880ab16c31fffff
26255,880a8690edfffff
26256,880ab2483bfffff
26257,880a868a05fffff
26258,880a861335fffff
26259,880ab2b887fffff
26260,880ab2093dfffff
26261,880ab3c955fffff
26262,880ab2a26bfffff
26263,880a868ac5fffff
26264,880a86d753fffff
26265,880ab245c3fffff
26266,880a8606d3fffff
26267,880ab3142dfffff
26268,880ab3cacbfffff
26269,880a868469fffff
26270,880a86d89dfffff
26271,880ab2d137fffff
26272,880a86a337fffff
26273,880ab21b13fffff
26274,880ab31325fffff
26275,88252d9905fffff
26276,880ab3ca13fffff
26277,880ab3c1e9fffff
26278,880ab236b1fffff
26279,880ab229e3fffff
26280,880a86c22bfffff
26281,880ab350d9fffff
26282,880ab3548bfffff
26283,880ab271b5fffff
26284,880ab32207fffff
26285,880ab2230bfffff
26286,880ab37821fffff
26287,880ab35213fffff
26288,880ab33aa7fffff
26289,880ab3d8d5fffff
26290,880ab2acbdfffff
26291,880ab27a37fffff
26292,880ab241adfffff
26293,880ab12925fffff
26294,880ab21567fffff
26295,880ab331a3fffff
26296,880ab27743fffff
26297,880a868141fffff
26298,880a86cb07fffff
26299,880a868761fffff
26300,880ab20d5dfffff
26301,880a86891dfffff
26302,88252dd6c1fffff
26303,880ab2349dfffff
26304,880ab27501fffff
26305,880ab26f47fffff
26306,880ab300ddfffff
26307,880a86c909fffff
26308,880ab22629fffff
26309,880ab2a601fffff
26310,880ab214d5fffff
26311,880a86ad6bfffff
26312,880ab352c5fffff
26313,880a9495cbfffff
26314,880a86d315fffff
26315,880a869263fffff
26316,880a8612e5fffff
26317,880a86b8e5fffff
26318,880a8612d5fffff
26319,880ab346a1fffff
26320,880ab3aa57fffff
26321,880ab3d1c3fffff
26322,880a86cc33fffff
26323,880a86a945fffff
26324,880ab2b8e7fffff
26325,880ab2193bfffff
26326,880ab275edfffff
26327,880a86d8a7fffff
26328,880a86a9cdfffff
26329,880a86bae5fffff
26330,880ab3b997fffff
26331,880ab3da15fffff
26332,880ab2b8d5fffff
26333,880ab3c857fffff
26334,880ab3ac69fffff
26335,880ab25423fffff
26336,880a86076bfffff
26337,880ab30631fffff
26338,880ab2c961fffff
26339,880ab21903fffff
26340,880ab22045fffff
26341,880a844d67fffff
26342,880a86ba37fffff
26343,880ab302abfffff
26344,880ab2342dfffff
26345,880ab22ee9fffff
26346,880ab2006dfffff
26347,880ab206a3fffff
26348,880ab3581bfffff
26349,880ab34f6dfffff
26350,880ab37a33fffff
26351,880ab31953fffff
26352,880ab25657fffff
26353,880a865249fffff
26354,880ab3b591fffff
26355,880ab30b4dfffff
26356,880a86c0abfffff
26357,880ab28dbbfffff
26358,880ab33b67fffff
26359,880ab2c311fffff
26360,880ab269e9fffff
26361,880ab20d61fffff
26362,880ab21b1bfffff
26363,880ab3acc1fffff
26364,880ab2a6ebfffff
26365,880ab2ac95fffff
26366,880ab2bb35fffff
26367,880ab309dbfffff
26368,880ab28d81fffff
26369,880ab22527fffff
26370,880ab3b091fffff
26371,880a868067fffff
26372,880ab34a35fffff
26373,880ab320adfffff
26374,880a8690a3fffff
26375,880ab25253fffff
26376,880ab218cbfffff
26377,880ab2d4ebfffff
26378,880ab35b6bfffff
26379,880ab16091fffff
26380,880ab2aaadfffff
26381,880a86a35dfffff
26382,880a869099fffff
26383,880a8606ebfffff
26384,880ab275a1fffff
26385,880a94d30bfffff
26386,880a94b019fffff
26387,880ab33481fffff
26388,880ab31581fffff
26389,880a86568bfffff
26390,880ab3a6e5fffff
26391,880ab20d81fffff
26392,880ab31a65fffff
26393,880ab3228bfffff
26394,880ab316d5fffff
26395,880ab23ab5fffff
26396,880ab34e83fffff
26397,880a94976dfffff
26398,880ab3c953fffff
26399,880ab355b3fffff
26400,880ab3456bfffff
26401,880ab164b1fffff
26402,880ab3a4bbfffff
26403,880ab21031fffff
26404,880a86032bfffff
26405,880a86d30dfffff
26406,880a86c585fffff
26407,880ab2acd7fffff
26408,880ab30813fffff
26409,880ab2d4e5fffff
26410,880ab37367fffff
26411,880ab26265fffff
26412,880a861617fffff
26413,880ab3c045fffff
26414,88252d9825fffff
26415,880a86a84dfffff
26416,880a86075bfffff
26417,880ab2ad3bfffff
26418,880a86da43fffff
26419,880ab239a5fffff
26420,880a8692abfffff
26421,880ab3222dfffff
26422,880a86d925fffff
26423,880a86d227fffff
26424,880ab2b1e9fffff
26425,880ab35319fffff
26426,880a869943fffff
26427,880ab24dc5fffff
26428,880ab28919fffff
26429,880ab26abdfffff
26430,880ab30b39fffff
26431,880a868ed1fffff
26432,880ab3266bfffff
26433,880ab26b01fffff
26434,880ab26c1bfffff
26435,880ab335edfffff
26436,880ab34d11fffff
26437,880a8600cbfffff
26438,880a86b2e9fffff
26439,880a94b247fffff
26440,880ab246ebfffff
26441,880a948289fffff
26442,880ab308a9fffff
26443,880a869199fffff
26444,880ab2b9a1fffff
26445,880ab34417fffff
26446,880a86a143fffff
26447,880a86a1e9fffff
26448,880ab3c563fffff
26449,880ab30941fffff
26450,880ab2a34dfffff
26451,880ab3c295fffff
26452,880ab376a9fffff
26453,880ab3c053fffff
26454,880ab3a25bfffff
26455,880ab24aadfffff
26456,880a8691abfffff
26457,880a861583fffff
26458,880ab3a295fffff
26459,880a861a91fffff
26460,880ab1604bfffff
26461,880ab25319fffff
26462,880ab24911fffff
26463,880ab34b67fffff
26464,880ab37853fffff
26465,880ab2574dfffff
26466,880ab23a17fffff
26467,880ab1635dfffff
26468,880ab37451fffff
26469,880ab20637fffff
26470,880ab37607fffff
26471,880ab33893fffff
26472,880ab20365fffff
26473,880ab33281fffff
26474,880ab23b17fffff
26475,880ab30debfffff
26476,880a869351fffff
26477,880ab2c75dfffff
26478,880ab27291fffff
26479,880ab30043fffff
26480,880ab221e7fffff
26481,880a86050dfffff
26482,880ab33a1bfffff
26483,880a86c6c7fffff
26484,880ab3c40bfffff
26485,880a844895fffff
26486,880ab20841fffff
26487,880ab2094bfffff
26488,880ab2bab3fffff
26489,880ab33489fffff
26490,880a868f67fffff
26491,880ab2712bfffff
26492,880ab2ae95fffff
26493,880ab3a143fffff
26494,880ab26647fffff
26495,880ab3008bfffff
26496,880ab3b89dfffff
26497,880ab35195fffff
26498,88252d9889fffff
26499,880ab2088dfffff
26500,880a86cd8bfffff
26501,880a86904dfffff
26502,880ab2a60bfffff
26503,880a86d50dfffff
26504,880ab24c9bfffff
26505,880ab339c1fffff
26506,880ab3db1bfffff
26507,88252d999bfffff
26508,880a86029dfffff
26509,880ab3ac29fffff
26510,880a86ad27fffff
26511,880a868657fffff
26512,880ab2c1c9fffff
26513,880ab2a217fffff
26514,880a86ce9dfffff
26515,880a86164bfffff
26516,880ab2c717fffff
26517,88252d9651fffff
26518,880ab16e61fffff
26519,880ab23123fffff
26520,880ab20563fffff
26521,880a86c0cbfffff
26522,880ab27585fffff
26523,880ab33009fffff
26524,880ab33767fffff
26525,880a8459adfffff
26526,880ab33953fffff
26527,880ab316bbfffff
26528,880ab3c43bfffff
26529,880a869147fffff
26530,880a844915fffff
26531,880a8600abfffff
26532,880ab349c5fffff
26533,880ab2d8b7fffff
26534,880ab3772dfffff
26535,880ab33413fffff
26536,880ab205d5fffff
26537,880ab26a13fffff
26538,880ab3099bfffff
26539,880ab20cbdfffff
26540,880ab30c47fffff
26541,880a844b29fffff
26542,880a86811bfffff
26543,880ab26317fffff
26544,880ab311d1fffff
26545,880ab34b5dfffff
26546,880ab25059fffff
26547,880ab20195fffff
26548,880ab2c23dfffff
26549,880ab26807fffff
26550,880a861025fffff
26551,880ab2aa25fffff
26552,880ab302e9fffff
26553,880ab3720bfffff
26554,880a868583fffff
26555,880ab3a16dfffff
26556,880ab2365bfffff
26557,880ab3c4c9fffff
26558,880a86b9cdfffff
26559,880ab2ad2dfffff
26560,880ab318ddfffff
26561,880ab209e1fffff
26562,880ab2c5e1fffff
26563,880a868b3bfffff
26564,880a869707fffff
26565,880ab22065fffff
26566,880a868231fffff
26567,880a86c055fffff
26568,880ab16a57fffff
26569,880ab3ce2bfffff
26570,880ab2a5c5fffff
26571,880ab22b1bfffff
26572,880ab3a5d9fffff
26573,880ab3316dfffff
26574,880a860307fffff
26575,880ab32323fffff
26576,880ab314adfffff
26577,880ab2bab5fffff
26578,880ab2b005fffff
26579,880a860249fffff
26580,880ab35001fffff
26581,880ab212c7fffff
26582,880ab2b9ddfffff
26583,880ab26283fffff
26584,880ab3c1abfffff
26585,880ab21315fffff
26586,880ab16247fffff
26587,880ab3c269fffff
26588,880ab20285fffff
26589,880a86da95fffff
26590,880ab16c87fffff
26591,880ab20f53fffff
26592,880ab2b99bfffff
26593,880ab17ad5fffff
26594,880ab16a55fffff
26595,880ab371d7fffff
26596,880ab2610dfffff
26597,880ab3062dfffff
26598,880ab22297fffff
26599,880ab3461bfffff
26600,880a86d93dfffff
26601,880ab22b45fffff
26602,880ab2d527fffff
26603,880a86d58bfffff
26604,880ab1685dfffff
26605,880ab3d955fffff
26606,880ab27a81fffff
26607,880ab26a1dfffff
26608,880ab22b2dfffff
26609,880ab22e53fffff
26610,880a868b67fffff
26611,880ab318edfffff
26612,880a860a8dfffff
26613,880ab24ecbfffff
26614,880ab35599fffff
26615,880a8612c3fffff
26616,880ab3574bfffff
26617,880ab22eb3fffff
26618,880ab30c67fffff
26619,880ab35457fffff
26620,880a8611e7fffff
26621,880a860a4dfffff
26622,880ab24a97fffff
26623,880a860363fffff
26624,880ab221edfffff
26625,880ab22265fffff
26626,88252d9615fffff
26627,880ab228e3fffff
26628,880ab355bbfffff
26629,880ab305dbfffff
26630,880a86cf67fffff
26631,880ab3b09bfffff
26632,880a86a88dfffff
26633,880ab3d0a3fffff
26634,880ab23ac5fffff
26635,880ab16c29fffff
26636,880ab3540bfffff
26637,880ab16135fffff
26638,880ab2520dfffff
26639,880ab2a62dfffff
26640,880ab30c97fffff
26641,880ab234b1fffff
26642,880ab2bb41fffff
26643,880ab24e85fffff
26644,880ab30a55fffff
26645,880ab2aedbfffff
26646,880ab245d5fffff
26647,880ab23b31fffff
26648,880a8690d7fffff
26649,880ab2cf1bfffff
26650,880ab2383dfffff
26651,880ab2c357fffff
26652,880ab27ae9fffff
26653,880a86d21dfffff
26654,880a860333fffff
26655,880ab2a723fffff
26656,880ab26c27fffff
26657,880a949525fffff
26658,880a86a8b5fffff
26659,880ab20707fffff
26660,880ab2aa2dfffff
26661,880ab3275dfffff
26662,880ab30a41fffff
26663,880a86c835fffff
26664,880ab34291fffff
26665,880a868a53fffff
26666,880ab25351fffff
26667,880ab32f65fffff
26668,880ab30ce3fffff
26669,880ab30487fffff
26670,880a8606d1fffff
26671,880a8698c9fffff
26672,880ab34521fffff
26673,880ab314cbfffff
26674,880ab336b9fffff
26675,880a8619a7fffff
26676,880ab359b5fffff
26677,880a868a3bfffff
26678,880a8606b5fffff
26679,880ab36b4dfffff
26680,880ab30543fffff
26681,880ab2c69dfffff
26682,880ab211a7fffff
26683,880ab16a2dfffff
26684,880ab34961fffff
26685,880a86d6dbfffff
26686,880ab221adfffff
26687,880a844b65fffff
26688,880ab31551fffff
26689,880ab28f15fffff
26690,880ab16599fffff
26691,880a8689b1fffff
26692,880ab169a1fffff
26693,880ab334cbfffff
26694,880ab3a495fffff
26695,880ab2ac65fffff
26696,880ab26721fffff
26697,880ab22119fffff
26698,880ab24003fffff
26699,88252cb65dfffff
26700,880ab16d01fffff
26701,880a86872bfffff
26702,880a8611e5fffff
26703,880a86912bfffff
26704,880a8699cdfffff
26705,880ab32b35fffff
26706,880ab21125fffff
26707,880ab16b13fffff
26708,880ab24a19fffff
26709,880a8684d7fffff
26710,880ab166d1fffff
26711,880ab26735fffff
26712,880ab2ade7fffff
26713,880a844adbfffff
26714,880ab3520bfffff
26715,88252dd08bfffff
26716,880a844addfffff
26717,880ab359b9fffff
26718,880ab3091dfffff
26719,880ab300d3fffff
26720,88252dd6a1fffff
26721,880a844ae3fffff
26722,880ab2c359fffff
26723,880a86973bfffff
26724,880ab22f17fffff
26725,880a86b9b1fffff
26726,880ab27547fffff
26727,880ab26d07fffff
26728,880a86b857fffff
26729,880ab31037fffff
26730,880ab2c549fffff
26731,880ab2a2d9fffff
26732,880a9494c5fffff
26733,880ab3c9c1fffff
26734,880ab16b67fffff
26735,880ab24b63fffff
26736,880ab20835fffff
26737,880a86c88bfffff
26738,880ab2ac19fffff
26739,880ab3350dfffff
26740,880ab338a7fffff
26741,880a860645fffff
26742,880ab32155fffff
26743,88252dd69dfffff
26744,880a8619c1fffff
26745,880ab23a65fffff
26746,880ab2100bfffff
26747,880a86c05dfffff
26748,880ab3a1b9fffff
26749,880ab3c43dfffff
26750,880ab2a02bfffff
26751,880ab28eebfffff
26752,880ab308ebfffff
26753,880a8614c1fffff
26754,880ab2631dfffff
26755,880a861767fffff
26756,880ab2522dfffff
26757,880ab24a87fffff
26758,880a86b8b9fffff
26759,880a94d225fffff
26760,880ab2a189fffff
26761,880a86ba5dfffff
26762,880ab31a4bfffff
26763,880ab17593fffff
26764,880ab26195fffff
26765,880ab33a37fffff
26766,880ab269e7fffff
26767,880a8682c9fffff
26768,880a86021bfffff
26769,880ab3632bfffff
26770,880ab2aa89fffff
26771,880ab31997fffff
26772,880ab21623fffff
26773,880ab216c1fffff
26774,880ab332b1fffff
26775,880ab2d437fffff
26776,880ab2c041fffff
26777,880ab26517fffff
26778,880ab2cc6bfffff
26779,880a8688e5fffff
26780,880ab3b455fffff
26781,880a94d2e5fffff
26782,880ab3283bfffff
26783,880ab251b3fffff
26784,880a86d403fffff
26785,880ab16a91fffff
26786,880ab34493fffff
26787,880ab226bbfffff
26788,880ab34209fffff
26789,880ab20165fffff
26790,880a8611bdfffff
26791,880ab371b1fffff
26792,88252d9b67fffff
26793,880ab20e05fffff
26794,880ab26369fffff
26795,880a8686b3fffff
26796,880ab35015fffff
26797,880ab31531fffff
26798,880a861015fffff
26799,880ab2cae3fffff
26800,880a86b1ddfffff
26801,880a86c46bfffff
26802,880ab35127fffff
26803,880a86181dfffff
26804,880ab34aebfffff
26805,880ab2105dfffff
26806,880ab236a1fffff
26807,880ab3a1d7fffff
26808,880a948649fffff
26809,880ab252a1fffff
26810,88252d9297fffff
26811,880ab330b3fffff
26812,88252dd61dfffff
26813,880ab374dbfffff
26814,880ab3a1c9fffff
26815,880ab20cd3fffff
26816,880ab2aa45fffff
26817,880ab3592dfffff
26818,880ab258b3fffff
26819,880ab20503fffff
26820,880a86d543fffff
26821,880a844d27fffff
26822,880ab256cbfffff
26823,880ab28497fffff
26824,880a860a1bfffff
26825,880ab37983fffff
26826,880ab20565fffff
26827,880a94b313fffff
26828,880ab35b13fffff
26829,880ab3a4cdfffff
26830,880ab275b1fffff
26831,880ab21825fffff
26832,880ab351a9fffff
26833,880ab16c83fffff
26834,880a949b3dfffff
26835,880ab34049fffff
26836,880ab334ddfffff
26837,880ab378a1fffff
26838,880a86a889fffff
26839,880ab27a99fffff
26840,880ab34d2bfffff
26841,880ab2691dfffff
26842,880ab22c63fffff
26843,880ab32659fffff
26844,880a86d049fffff
26845,880a86c8e1fffff
26846,880ab25329fffff
26847,880ab35589fffff
26848,880ab2350dfffff
26849,880ab3d1d1fffff
26850,88252d92d9fffff
26851,88252cb743fffff
26852,880ab34d41fffff
26853,880ab2c0cdfffff
26854,880ab3c70dfffff
26855,880ab238e1fffff
26856,880ab2a493fffff
26857,880a86d123fffff
26858,880ab16a37fffff
26859,880a844b2bfffff
26860,880ab2c643fffff
26861,880ab26e3bfffff
26862,880a94d215fffff
26863,880a86c68bfffff
26864,880ab2d5c7fffff
26865,880ab2131dfffff
26866,880a8686cbfffff
26867,880ab3519bfffff
26868,880ab2522bfffff
26869,880ab3a1bbfffff
26870,880ab235ebfffff
26871,880a949451fffff
26872,880a86cf19fffff
26873,880ab25889fffff
26874,880ab328ddfffff
26875,880ab2c607fffff
26876,880ab3b593fffff
26877,880ab3ab51fffff
26878,880ab26989fffff
26879,880ab37503fffff
26880,880a860407fffff
26881,880ab2c8abfffff
26882,880ab22a1dfffff
26883,880ab2bac7fffff
26884,880ab22747fffff
26885,880ab24531fffff
26886,880ab2666bfffff
26887,880a86a829fffff
26888,880ab2709bfffff
26889,880a94d047fffff
26890,880ab2653dfffff
26891,880ab30dd7fffff
26892,880a86044dfffff
26893,880ab241edfffff
26894,880ab17917fffff
26895,880ab160a9fffff
26896,880ab22301fffff
26897,880ab3a611fffff
26898,880ab318a3fffff
26899,880ab3244bfffff
26900,880ab320e5fffff
26901,880ab3c603fffff
26902,880ab16e67fffff
26903,880ab30e5dfffff
26904,880a949b1dfffff
26905,880ab1651bfffff
26906,880ab2c863fffff
26907,880ab2d5a3fffff
26908,880ab2712dfffff
26909,880a94b2d1fffff
26910,880ab3dac1fffff
26911,880ab25313fffff
26912,880ab34281fffff
26913,880ab34255fffff
26914,880ab35623fffff
26915,880ab20b2bfffff
26916,880ab2651dfffff
26917,880ab23967fffff
26918,880ab34807fffff
26919,880ab20403fffff
26920,880ab3c9bdfffff
26921,880ab32637fffff
26922,880ab3c75bfffff
26923,880a869193fffff
26924,880ab3434dfffff
26925,880ab3c021fffff
26926,880a86db41fffff
26927,880a86b05bfffff
26928,880ab16dabfffff
26929,880ab17a05fffff
26930,880ab31ae3fffff
26931,880ab3da29fffff
26932,880a86b1b7fffff
26933,880ab3ca57fffff
26934,880a86c833fffff
26935,880a86019dfffff
26936,880ab3148dfffff
26937,880ab179dbfffff
26938,88252d9b15fffff
26939,880ab2c055fffff
26940,880ab21325fffff
26941,880ab23529fffff
26942,880ab26763fffff
26943,880ab2a1c9fffff
26944,880a844b09fffff
26945,880ab22e67fffff
26946,880ab3d8b3fffff
26947,880ab3c1a9fffff
26948,880a8691bdfffff
26949,88252d9327fffff
26950,880ab389c9fffff
26951,880ab2a553fffff
26952,880a86d497fffff
26953,880ab23ac1fffff
26954,880ab24583fffff
26955,880a949613fffff
26956,880ab338e7fffff
26957,880a86a157fffff
26958,880ab334e9fffff
26959,880ab3ce09fffff
26960,880ab22f11fffff
26961,880ab22895fffff
26962,880a86a307fffff
26963,880ab24895fffff
26964,880ab3cf55fffff
26965,880a86d5d3fffff
26966,880ab251b1fffff
26967,880a86d837fffff
26968,880a86a115fffff
26969,880ab204ebfffff
26970,880ab248b7fffff
26971,880ab241d7fffff
26972,880ab2d439fffff
26973,880a86cedbfffff
26974,880ab26ea9fffff
26975,880ab3ad83fffff
26976,880ab33545fffff
26977,880ab2c419fffff
26978,880ab28905fffff
26979,880a868e67fffff
26980,880ab24093fffff
26981,880ab3463bfffff
26982,880ab23827fffff
26983,880ab25745fffff
26984,880ab16285fffff
26985,880a868717fffff
26986,880a869a83fffff
26987,880ab28d53fffff
26988,880a8614c9fffff
26989,880ab31125fffff
26990,880ab31407fffff
26991,880ab3b567fffff
26992,880ab2241dfffff
26993,880ab3a099fffff
26994,880a948659fffff
26995,880ab33203fffff
26996,880ab20d41fffff
26997,880ab30137fffff
26998,880ab37659fffff
26999,880ab3ae91fffff
27000,880ab2150dfffff
27001,880ab355bdfffff
27002,880a94b689fffff
27003,880ab2cc65fffff
27004,880ab2c831fffff
27005,880ab3cf07fffff
27006,880ab16e83fffff
27007,880ab3cc47fffff
27008,880ab164d1fffff
27009,880ab30315fffff
27010,880a86ce63fffff
27011,880ab16343fffff
27012,880ab34ab9fffff
27013,880a86cf25fffff
27014,880ab24625fffff
27015,880ab2c19dfffff
27016,880ab27213fffff
27017,880a869b3bfffff
27018,880a868aa1fffff
27019,880ab30a37fffff
27020,880ab2cf57fffff
27021,880ab332edfffff
27022,880ab242dbfffff
27023,880ab3af2bfffff
27024,880ab278bdfffff
27025,880ab3543dfffff
27026,880ab30203fffff
27027,880ab26ca7fffff
27028,880ab3c01bfffff
27029,880ab2184dfffff
27030,880ab311c5fffff
27031,880ab354d3fffff
27032,880ab388e5fffff
27033,880ab26e53fffff
27034,880a86a019fffff
27035,880a94b443fffff
27036,880ab284b9fffff
27037,880ab2ae01fffff
27038,880ab324d1fffff
27039,880ab20d0bfffff
27040,880a94b2c7fffff
27041,880ab215c3fffff
27042,880a86a357fffff
27043,880ab25069fffff
27044,880ab2c149fffff
27045,880ab30735fffff
27046,880a865201fffff
27047,880ab3da35fffff
27048,880a86b189fffff
27049,880a868e69fffff
27050,880ab228c7fffff
27051,880a860691fffff
27052,880a86860bfffff
27053,880ab25453fffff
27054,88252d9987fffff
27055,880ab341c1fffff
27056,880ab22c6dfffff
27057,880a86da8dfffff
27058,880ab2a695fffff
27059,880ab3b2a9fffff
27060,880ab379d7fffff
27061,880a869b21fffff
27062,880ab2ac07fffff
27063,880ab168e9fffff
27064,880ab24715fffff
27065,880a868735fffff
27066,880ab16055fffff
27067,880ab2c1d5fffff
27068,880a86c5cdfffff
27069,880ab3c28dfffff
27070,880ab311c7fffff
27071,880a86cca9fffff
27072,880a868dddfffff
27073,880a869ab3fffff
27074,880a86b8bdfffff
27075,880ab24a13fffff
27076,880ab175e7fffff
27077,880ab3aabbfffff
27078,880a86324bfffff
27079,880a8685e7fffff
27080,880ab24137fffff
27081,880ab37a83fffff
27082,880ab2088bfffff
27083,88252cb75bfffff
27084,880ab26b15fffff
27085,880ab2c2adfffff
27086,880ab2c985fffff
27087,880a94b691fffff
27088,880ab3c1b5fffff
27089,880ab1786dfffff
27090,880ab20523fffff
27091,880a86c0e5fffff
27092,880ab2a93bfffff
27093,880a868b4dfffff
27094,880ab23033fffff
27095,880a86c001fffff
27096,880a8618adfffff
27097,880ab2aa4dfffff
27098,880ab27b45fffff
27099,880ab2333bfffff
27100,880ab3748dfffff
27101,880ab2a135fffff
27102,880ab3474bfffff
27103,880ab34d17fffff
27104,880a8699a1fffff
27105,880a86aad5fffff
27106,880ab30a81fffff
27107,880a861143fffff
27108,880ab260a9fffff
27109,880ab32839fffff
27110,880ab2aed1fffff
27111,880ab34421fffff
27112,880a86c6d5fffff
27113,880a86d5edfffff
27114,880ab302c7fffff
27115,880ab32f45fffff
27116,880ab2ce2dfffff
27117,880ab33369fffff
27118,880ab31b35fffff
27119,880ab3898bfffff
27120,880ab3c567fffff
27121,880ab3d149fffff
27122,880a9496a5fffff
27123,880ab242adfffff
27124,880ab22da7fffff
27125,880ab26455fffff
27126,880a861969fffff
27127,880ab24533fffff
27128,880a94b4ebfffff
27129,880ab31021fffff
27130,880ab2451bfffff
27131,880ab33363fffff
27132,88252d9931fffff
27133,880ab164bbfffff
27134,880ab225ebfffff
27135,880a860649fffff
27136,880ab21367fffff
27137,880ab20995fffff
27138,880a869a8dfffff
27139,880ab24309fffff
27140,880ab25303fffff
27141,880ab3213bfffff
27142,880ab24733fffff
27143,880a86c59dfffff
27144,88252d91b7fffff
27145,880ab21449fffff
27146,880ab3c81dfffff
27147,880ab240b5fffff
27148,880ab30c59fffff
27149,880ab27069fffff
27150,880ab3003dfffff
27151,880ab3199dfffff
27152,880ab34b53fffff
27153,880a869365fffff
27154,880ab2b587fffff
27155,880ab37159fffff
27156,880ab23337fffff
27157,880ab23ac7fffff
27158,880ab24d41fffff
27159,880ab32183fffff
27160,880ab2768dfffff
27161,880ab2a649fffff
27162,880ab248c5fffff
27163,880ab3c54bfffff
27164,880ab30169fffff
27165,88252d9119fffff
27166,88252d9747fffff
27167,880ab2611bfffff
27168,880ab220b7fffff
27169,880a861957fffff
27170,880ab2313dfffff
27171,880a86d32dfffff
27172,880ab306ddfffff
27173,880ab3adddfffff
27174,880ab16981fffff
27175,880ab33ab7fffff
27176,880a86c813fffff
27177,880ab2a2bdfffff
27178,880ab2029bfffff
27179,880ab21437fffff
27180,880a86c2a5fffff
27181,880ab32647fffff
27182,880ab3c357fffff
27183,880ab268ddfffff
27184,880ab241c5fffff
27185,880ab24127fffff
27186,880ab3430dfffff
27187,880ab35521fffff
27188,88252d9265fffff
27189,880ab26607fffff
27190,880ab22141fffff
27191,880ab320cdfffff
27192,880ab3aa51fffff
27193,880ab16549fffff
27194,880a86dad3fffff
27195,880a86d897fffff
27196,880ab261ddfffff
27197,880ab378abfffff
27198,880a869819fffff
27199,880a86846bfffff
27200,880ab2aad9fffff
27201,880ab23193fffff
27202,880a86b923fffff
27203,880a86c21dfffff
27204,880ab35831fffff
27205,880a844a37fffff
27206,880ab339d1fffff
27207,880ab25063fffff
27208,880a8682bbfffff
27209,880a861715fffff
27210,880ab32763fffff
27211,880a86071dfffff
27212,880ab219edfffff
27213,880ab2506bfffff
27214,88252d9861fffff
27215,880ab3322dfffff
27216,880a869485fffff
27217,88252d9a41fffff
27218,880ab17939fffff
27219,880ab20d57fffff
27220,880ab272c1fffff
27221,880ab22885fffff
27222,880ab34659fffff
27223,880ab2306dfffff
27224,880ab211a1fffff
27225,880ab275d7fffff
27226,880ab37a0bfffff
27227,880ab26503fffff
27228,880a94b2c3fffff
27229,880ab2b4b7fffff
27230,880ab3ca25fffff
27231,880a86d0ebfffff
27232,880ab256c1fffff
27233,880a94d363fffff
27234,880ab236ebfffff
27235,880ab24087fffff
27236,880ab3c115fffff
27237,880ab21b0dfffff
27238,880a86321bfffff
27239,880a86ad65fffff
27240,880ab35abbfffff
27241,880ab23403fffff
27242,88252d8a65fffff
27243,880ab26751fffff
27244,880ab26c69fffff
27245,880ab3d5b5fffff
27246,880ab2321dfffff
27247,880ab16451fffff
27248,880ab341c7fffff
27249,880ab359d5fffff
27250,880ab2492bfffff
27251,880ab2485dfffff
27252,880ab389adfffff
27253,880ab3a515fffff
27254,880ab236b9fffff
27255,880a94b061fffff
27256,880ab16295fffff
27257,880a86d093fffff
27258,880ab3db23fffff
27259,880ab2c6edfffff
27260,880a868d51fffff
27261,880ab2c0c5fffff
27262,880ab206b7fffff
27263,880ab23a0bfffff
27264,880ab3716bfffff
27265,880ab31b5bfffff
27266,880a868b33fffff
27267,880ab3b5d5fffff
27268,880ab169e3fffff
27269,880a94d111fffff
27270,880ab3a989fffff
27271,880ab351bbfffff
27272,880ab2ad07fffff
27273,880ab249e7fffff
27274,880ab34d37fffff
27275,880ab24f3bfffff
27276,880ab3026dfffff
27277,880a94d141fffff
27278,880ab2209dfffff
27279,880ab37b65fffff
27280,880ab224c5fffff
27281,880ab24f55fffff
27282,880ab3a339fffff
27283,880a86c48dfffff
27284,880ab26e21fffff
27285,880ab32093fffff
27286,880ab225d7fffff
27287,880ab2bb49fffff
27288,880ab309c5fffff
27289,88252d9837fffff
27290,880a860767fffff
27291,880a86aa99fffff
27292,880ab23a9bfffff
27293,880ab34d2dfffff
27294,880ab34e9dfffff
27295,880ab260b3fffff
27296,880a861a21fffff
27297,880ab278c7fffff
27298,880ab33a27fffff
27299,880ab2c2c1fffff
27300,880ab1690bfffff
27301,880ab24b39fffff
27302,880ab3cab5fffff
27303,880ab285b1fffff
27304,880ab371e5fffff
27305,880a948651fffff
27306,880ab3731dfffff
27307,880ab3013bfffff
27308,880ab24419fffff
27309,880a861929fffff
27310,880ab24941fffff
27311,880ab22da9fffff
27312,880a94948bfffff
27313,880ab2c92dfffff
27314,880ab165c1fffff
27315,880ab3a527fffff
27316,880ab3a943fffff
27317,880ab344a3fffff
27318,880ab2caedfffff
27319,880a8692a1fffff
27320,880ab3543bfffff
27321,880ab33435fffff
27322,880a868461fffff
27323,880ab2ced3fffff
27324,880ab32661fffff
27325,880ab215cbfffff
27326,880a86b8c5fffff
27327,880a94b6cbfffff
27328,880a94d219fffff
27329,880ab22b63fffff
27330,880ab3ceb9fffff
27331,880a868403fffff
27332,880a86dab3fffff
27333,880ab2226bfffff
27334,880ab22a1bfffff
27335,880ab2d1b5fffff
27336,880ab26f6dfffff
27337,880a86cf4bfffff
27338,880ab33925fffff
27339,880ab20e9dfffff
27340,880a86c751fffff
27341,880a868543fffff
27342,880a844d21fffff
27343,88252dd641fffff
27344,880a8691a1fffff
27345,880ab212a3fffff
27346,880ab346d1fffff
27347,880ab37423fffff
27348,880ab230abfffff
27349,880ab34943fffff
27350,880ab2a895fffff
27351,880ab326bbfffff
27352,880ab3c883fffff
27353,880ab26229fffff
27354,880ab26f19fffff
27355,880a8682a7fffff
27356,880ab3b93bfffff
27357,880a8602bdfffff
27358,880ab314ddfffff
27359,880a86cb49fffff
27360,880a86af21fffff
27361,880a844941fffff
27362,880a8615e5fffff
27363,880ab31129fffff
27364,880a86b943fffff
27365,880ab27a95fffff
27366,880ab3adabfffff
27367,880ab3710bfffff
27368,880ab2a705fffff
27369,880a8690c5fffff
27370,880ab2aee7fffff
27371,88252d918dfffff
27372,880ab3a767fffff
27373,880a869a05fffff
27374,880ab2053bfffff
27375,880a869209fffff
27376,880ab34c85fffff
27377,880ab3564dfffff
27378,880ab3761bfffff
27379,880a86da25fffff
27380,880ab2ce87fffff
27381,880a8448dbfffff
27382,880ab22903fffff
27383,880ab2c741fffff
27384,880ab2ca4bfffff
27385,880ab34d8dfffff
27386,880a861b3dfffff
27387,880ab359a3fffff
27388,880ab3c1ebfffff
27389,880a861511fffff
27390,880ab278cbfffff
27391,880ab2cd55fffff
27392,880ab26943fffff
27393,880ab3ce3bfffff
27394,880a86c411fffff
27395,880ab22245fffff
27396,880a861aebfffff
27397,880ab3b9edfffff
27398,880ab31881fffff
27399,880ab225b3fffff
27400,880ab27a4dfffff
27401,880ab3a6d5fffff
27402,880ab21415fffff
27403,880ab16b0dfffff
27404,880ab27017fffff
27405,880a949693fffff
27406,880ab2a435fffff
27407,880a8611ddfffff
27408,880ab240cbfffff
27409,880ab24917fffff
27410,880a86d6a5fffff
27411,880ab370a3fffff
27412,880ab2c20dfffff
27413,880ab21047fffff
27414,880ab332d3fffff
27415,880ab30ee7fffff
27416,880ab2c897fffff
27417,880ab35061fffff
27418,880a86aa97fffff
27419,880ab23549fffff
27420,880a86d287fffff
27421,880ab3ac37fffff
27422,880ab30ea3fffff
27423,880a86d067fffff
27424,880ab30551fffff
27425,880ab2b16bfffff
27426,880ab27aabfffff
27427,880ab2c457fffff
27428,880ab3351bfffff
27429,880ab2c087fffff
27430,880ab21153fffff
27431,880ab16883fffff
27432,880ab2a535fffff
27433,880a869085fffff
27434,880ab379ebfffff
27435,880a86819bfffff
27436,880ab27161fffff
27437,880ab2512dfffff
27438,880a86d28dfffff
27439,880ab3d5cdfffff
27440,880a86856dfffff
27441,880ab1622dfffff
27442,880ab250cbfffff
27443,880ab24d51fffff
27444,880ab3b0d5fffff
27445,88252dd6c5fffff
27446,880ab3a0a7fffff
27447,880ab2ae1bfffff
27448,880a860ad1fffff
27449,88252d8b4bfffff
27450,880ab34839fffff
27451,880ab2c4b3fffff
27452,880ab34313fffff
27453,880ab3d329fffff
27454,880ab20abdfffff
27455,880ab24c49fffff
27456,880ab211c7fffff
27457,880ab37103fffff
27458,880a863053fffff
27459,880a861903fffff
27460,880ab23081fffff
27461,880a868283fffff
27462,880a86baedfffff
27463,880ab2085dfffff
27464,880ab2a963fffff
27465,880a86a985fffff
27466,880a94b62bfffff
27467,880ab33149fffff
27468,880ab3a2d9fffff
27469,880a86af1dfffff
27470,880a949093fffff
27471,880ab230adfffff
27472,88252dd2b3fffff
27473,880ab3b43bfffff
27474,880ab332e1fffff
27475,880ab309d1fffff
27476,880ab205c1fffff
27477,880ab2caddfffff
27478,880ab2ad61fffff
27479,880a86b869fffff
27480,880a86c53dfffff
27481,880ab2a991fffff
27482,880ab3b5bbfffff
27483,880a8689edfffff
27484,880ab341a7fffff
27485,880a86ca17fffff
27486,880ab26b19fffff
27487,880ab351d7fffff
27488,880ab2396bfffff
27489,880ab236c9fffff
27490,880a869881fffff
27491,880ab16627fffff
27492,880a86a833fffff
27493,880ab2009bfffff
27494,880a86d669fffff
27495,880ab3d80bfffff
27496,880ab20513fffff
27497,880a86db4bfffff
27498,880a86b027fffff
27499,880a8685a1fffff
27500,880ab24ca1fffff
27501,88252d975dfffff
27502,880ab24119fffff
27503,880ab26c39fffff
27504,880ab3a2b3fffff
27505,880ab3ad85fffff
27506,880ab28c91fffff
27507,880ab23897fffff
27508,880ab21183fffff
27509,880ab24c39fffff
27510,880ab2cdb9fffff
27511,880ab22f3bfffff
27512,880ab2addbfffff
27513,880a8682e5fffff
27514,880ab30431fffff
27515,880ab30061fffff
27516,880ab17a81fffff
27517,880ab168cbfffff
27518,880a868033fffff
27519,880ab3ad2dfffff
27520,880ab2b85dfffff
27521,880ab26361fffff
27522,880a869525fffff
27523,880ab3624dfffff
27524,880a86c08dfffff
27525,880ab2a643fffff
27526,880ab21147fffff
27527,880ab20051fffff
27528,880ab26e01fffff
27529,880ab249c7fffff
27530,880ab38903fffff
27531,880a86da3dfffff
27532,880ab26cd3fffff
27533,880a8602d7fffff
27534,880a86c809fffff
27535,880ab2c045fffff
27536,880ab20f3dfffff
27537,880ab38981fffff
27538,880ab27259fffff
27539,880a860733fffff
27540,880ab3a75dfffff
27541,880a861b27fffff
27542,880ab24ea7fffff
27543,880ab30ad3fffff
27544,880a86b1a5fffff
27545,880ab230c3fffff
27546,88252d8243fffff
27547,880a86d213fffff
27548,88252d9b69fffff
27549,880a86150bfffff
27550,880ab3d009fffff
27551,880ab3a0cbfffff
27552,880ab21a57fffff
27553,880a861845fffff
27554,88252d8b2dfffff
27555,880ab311c1fffff
27556,880a860117fffff
27557,880ab3caa1fffff
27558,880ab2ab1dfffff
27559,880ab2ad39fffff
27560,880ab3d0a5fffff
27561,880ab271a3fffff
27562,880ab35963fffff
27563,880ab22847fffff
27564,880ab30143fffff
27565,880a86cb47fffff
27566,880ab3ad5bfffff
27567,880a94d331fffff
27568,88252d814dfffff
27569,880ab204a7fffff
27570,880ab30d19fffff
27571,880ab2411bfffff
27572,880ab3a493fffff
27573,880ab2c4e9fffff
27574,880ab30207fffff
27575,880ab20c07fffff
27576,880ab31a11fffff
27577,880ab30c8dfffff
27578,880ab2033bfffff
27579,880ab3a659fffff
27580,880a8619c5fffff
27581,880ab21b35fffff
27582,880a868635fffff
27583,880ab25363fffff
27584,880ab3a567fffff
27585,880ab22d5bfffff
27586,880ab205b1fffff
27587,880ab3052bfffff
27588,880ab3c1dbfffff
27589,880ab3aa2bfffff
27590,880ab270d5fffff
27591,880ab320c1fffff
27592,880a86330dfffff
27593,880ab3ae6bfffff
27594,880ab302ddfffff
27595,880ab352c7fffff
27596,880ab20241fffff
27597,880ab31b43fffff
27598,880ab356c7fffff
27599,880ab300bbfffff
27600,880ab26dc1fffff
27601,880ab3272bfffff
27602,880ab1686dfffff
27603,880a86cc9bfffff
27604,880a86b357fffff
27605,880ab2d583fffff
27606,880ab21b3dfffff
27607,880ab30091fffff
27608,880ab22041fffff
27609,880ab27101fffff
27610,880a868f41fffff
27611,880a86ab49fffff
27612,880ab2d02dfffff
27613,880ab3432bfffff
27614,880ab239d5fffff
27615,880ab3cd9bfffff
27616,880ab354c5fffff
27617,880a86922bfffff
27618,880ab2589dfffff
27619,88252d89c1fffff
27620,880a868627fffff
27621,880ab20d63fffff
27622,880a86d1d7fffff
27623,880a94d2d5fffff
27624,880ab20d0dfffff
27625,880ab16c0bfffff
27626,880ab3cb63fffff
27627,880a86ab13fffff
27628,880ab2ab15fffff
27629,880ab2ad17fffff
27630,880a869115fffff
27631,880a94b6e1fffff
27632,880ab341edfffff
27633,880a869545fffff
27634,880ab30837fffff
27635,880a8618b7fffff
27636,880a86844dfffff
27637,880ab22d29fffff
27638,880ab3da0bfffff
27639,880ab21583fffff
27640,880a86c1b3fffff
27641,880a94b2e1fffff
27642,880ab338cdfffff
27643,880ab30a83fffff
27644,880a94b05bfffff
27645,880a869585fffff
27646,880a868b65fffff
27647,880a86ba21fffff
27648,880ab26867fffff
27649,880ab3c835fffff
27650,880ab28935fffff
27651,880ab2351dfffff
27652,880ab22825fffff
27653,880ab2229dfffff
27654,880ab22f55fffff
27655,880ab24da3fffff
27656,880ab20a0dfffff
27657,880ab33b1dfffff
27658,880a844925fffff
27659,88252d8a85fffff
27660,880ab24211fffff
27661,880ab331d9fffff
27662,880ab3a057fffff
27663,880a861737fffff
27664,880ab3d999fffff
27665,880ab3a445fffff
27666,880ab16acdfffff
27667,880a86b01dfffff
27668,880ab31ad7fffff
27669,880ab3c1ddfffff
27670,880ab334ebfffff
27671,880a868dbdfffff
27672,880ab2013bfffff
27673,880a869755fffff
27674,880ab27b5bfffff
27675,880ab30e21fffff
27676,880a86c253fffff
27677,880ab16317fffff
27678,880ab31b13fffff
27679,880ab3b761fffff
27680,880ab22f15fffff
27681,880ab33181fffff
27682,880ab32033fffff
27683,880ab21081fffff
27684,880ab2c535fffff
27685,880ab35539fffff
27686,88252d881bfffff
27687,880ab34ed9fffff
27688,880ab22633fffff
27689,880a86ca3dfffff
27690,88252cb655fffff
27691,880ab2654bfffff
27692,880ab31433fffff
27693,880ab24193fffff
27694,880ab160cbfffff
27695,880ab16537fffff
27696,880ab3453bfffff
27697,880ab24897fffff
27698,880ab2aec5fffff
27699,880a86bad9fffff
27700,880ab30d33fffff
27701,880ab3cd91fffff
27702,880ab2015dfffff
27703,88252d9129fffff
27704,880ab3b621fffff
27705,880ab32b5bfffff
27706,880ab3ad01fffff
27707,880a861a9dfffff
27708,880ab24a93fffff
27709,880ab256d1fffff
27710,880ab348dbfffff
27711,880ab20869fffff
27712,880ab2a711fffff
27713,880ab3c327fffff
27714,880a8691e9fffff
27715,88252d9999fffff
27716,880ab22e83fffff
27717,880ab20919fffff
27718,880a86c4ebfffff
27719,880a86874dfffff
27720,880ab232bbfffff
27721,880ab23359fffff
27722,880ab2b80bfffff
27723,880ab27063fffff
27724,880ab30d17fffff
27725,880a86cf3bfffff
27726,880a8601a1fffff
27727,880ab23aa3fffff
27728,880ab332adfffff
27729,880ab370bbfffff
27730,880ab2a24dfffff
27731,880a8695a3fffff
27732,880ab2410bfffff
27733,880ab2ba2dfffff
27734,880ab25003fffff
27735,880ab2a133fffff
27736,880ab30c13fffff
27737,880ab33a6dfffff
27738,880ab26067fffff
27739,880a86c5b3fffff
27740,880a861983fffff
27741,880a8614cbfffff
27742,880ab22c6bfffff
27743,880a86ccddfffff
27744,880ab2b189fffff
27745,880ab30ee9fffff
27746,880a868d61fffff
27747,880ab33019fffff
27748,880a86a999fffff
27749,880ab3d519fffff
27750,880ab25461fffff
27751,880ab2d425fffff
27752,880ab24649fffff
27753,880ab22061fffff
27754,880ab31a31fffff
27755,880ab389ebfffff
27756,880ab2c655fffff
27757,880ab350edfffff
27758,880ab35b39fffff
27759,880a86b013fffff
27760,880a8685c9fffff
27761,880ab23a3bfffff
27762,880ab160e9fffff
27763,880ab3d909fffff
27764,880a86ae2bfffff
27765,880a86ce85fffff
27766,880ab069e7fffff
27767,880a861265fffff
27768,880a94b4e9fffff
27769,880a94d239fffff
27770,880ab30219fffff
27771,880ab16901fffff
27772,880ab27187fffff
27773,880ab37a39fffff
27774,880a86c8bdfffff
27775,880ab2531dfffff
27776,880ab2021bfffff
27777,880a863011fffff
27778,880a86a167fffff
27779,880ab2624bfffff
27780,880ab23733fffff
27781,880ab271adfffff
27782,880a8698a1fffff
27783,880ab31b23fffff
27784,880ab254c1fffff
27785,880a94d2c3fffff
27786,88252d9145fffff
27787,880ab27a43fffff
27788,880ab3a42bfffff
27789,880a86c839fffff
27790,880ab2401bfffff
27791,880ab21965fffff
27792,880ab3ccd3fffff
27793,880ab16491fffff
27794,880a8656edfffff
27795,880ab28ca1fffff
27796,880ab2c435fffff
27797,880ab2149dfffff
27798,880a86d11dfffff
27799,880ab32709fffff
27800,880a861367fffff
27801,880ab23303fffff
27802,880ab3cc01fffff
27803,880ab2cde7fffff
27804,880a8606a3fffff
27805,880ab2d55dfffff
27806,880a86336dfffff
27807,880a86d5adfffff
27808,880ab3a1d5fffff
27809,880ab30a39fffff
27810,880ab228c1fffff
27811,880ab25033fffff
27812,880a86d083fffff
27813,880a868457fffff
27814,880a868243fffff
27815,880ab37883fffff
27816,880a86ba03fffff
27817,880ab2d551fffff
27818,880ab2c6abfffff
27819,880ab3c4a9fffff
27820,880ab2790dfffff
27821,880ab34117fffff
27822,880ab22103fffff
27823,880ab335bbfffff
27824,880ab24247fffff
27825,88252d8a39fffff
27826,880a94b65dfffff
27827,880ab348cbfffff
27828,880ab31827fffff
27829,880ab20d2dfffff
27830,880ab2672bfffff
27831,880ab24601fffff
27832,880ab3d889fffff
27833,880ab2271bfffff
27834,880ab26ce5fffff
27835,880ab3ae99fffff
27836,880ab21101fffff
27837,880ab17a8bfffff
27838,880ab22c4bfffff
27839,880ab316dbfffff
27840,880a86c191fffff
27841,880a868001fffff
27842,880ab3076bfffff
27843,880a861b33fffff
27844,880ab33547fffff
27845,880ab23a33fffff
27846,880ab30821fffff
27847,880a86520dfffff
27848,880ab2c857fffff
27849,880ab35729fffff
27850,880ab25137fffff
27851,880ab372abfffff
27852,880ab22293fffff
27853,880a860559fffff
27854,880ab2c1d3fffff
27855,880ab355d1fffff
27856,880ab2169bfffff
27857,880a868cc5fffff
27858,880ab37861fffff
27859,880a86c327fffff
27860,880a86d949fffff
27861,880ab3ca3bfffff
27862,880ab16eb5fffff
27863,880ab22469fffff
27864,880ab37051fffff
27865,880ab3ae13fffff
27866,880ab35621fffff
27867,880ab2c455fffff
27868,880a86c345fffff
27869,880ab2acedfffff
27870,880ab2a883fffff
27871,880a8695b1fffff
27872,880ab20c31fffff
27873,880ab26a41fffff
27874,880ab3194bfffff
27875,88252cb74bfffff
27876,880ab3a667fffff
27877,880ab20509fffff
27878,880a86ca07fffff
27879,880ab35665fffff
27880,880ab37ae1fffff
27881,880ab25893fffff
27882,880ab166d5fffff
27883,880ab33753fffff
27884,880ab3522bfffff
27885,880ab275e5fffff
27886,880ab27a27fffff
27887,880a8619d1fffff
27888,880a868cebfffff
27889,880ab3025dfffff
27890,880ab26705fffff
27891,880ab3325bfffff
27892,880a8612e9fffff
27893,880a86d913fffff
27894,880a86334bfffff
27895,880a861769fffff
27896,880ab2156bfffff
27897,880a868501fffff
27898,880ab26ebbfffff
27899,880ab35661fffff
27900,880ab31901fffff
27901,880ab228b1fffff
27902,880ab2169dfffff
27903,880ab34717fffff
27904,880a94861dfffff
27905,880ab3ccdbfffff
27906,880ab35b05fffff
27907,880ab30a29fffff
27908,880a86a959fffff
27909,880a94b46bfffff
27910,880ab3b8d1fffff
27911,880ab23667fffff
27912,880ab16dc9fffff
27913,880a861609fffff
27914,880a86b88bfffff
27915,88252d91e7fffff
27916,880ab26087fffff
27917,880ab34c47fffff
27918,880a94b713fffff
27919,88252cb6ebfffff
27920,88252d9315fffff
27921,880ab30e1dfffff
27922,880ab33167fffff
27923,880a94b705fffff
27924,880ab25707fffff
27925,880ab2064dfffff
27926,880ab34623fffff
27927,880ab24647fffff
27928,880ab3c1bbfffff
27929,880a86db37fffff
27930,880ab3a087fffff
27931,880ab270adfffff
27932,880ab2c0c9fffff
27933,880ab129a9fffff
27934,880ab2d417fffff
27935,880ab26f07fffff
27936,880ab22427fffff
27937,880a8600b7fffff
27938,880a86d0e7fffff
27939,880ab3d307fffff
27940,880ab33135fffff
27941,880ab34849fffff
27942,880ab3d1a3fffff
27943,880a86aa41fffff
27944,880ab3b491fffff
27945,880a8656c1fffff
27946,880ab32345fffff
27947,880ab3554dfffff
27948,880a86ba3bfffff
27949,880a86af61fffff
27950,880ab24329fffff
27951,880ab27869fffff
27952,880a869955fffff
27953,880ab3635dfffff
27954,880ab311a1fffff
27955,880a86d053fffff
27956,880ab248adfffff
27957,880ab37463fffff
27958,880ab37917fffff
27959,880ab23603fffff
27960,880ab22c9bfffff
27961,880ab35955fffff
27962,880ab3cee7fffff
27963,880ab2a5bbfffff
27964,880ab300d9fffff
27965,880ab2003dfffff
27966,880ab345a9fffff
27967,880ab2a91dfffff
27968,880ab3c035fffff
27969,880ab35541fffff
27970,880a8698c5fffff
27971,880ab30c9dfffff
27972,880ab27811fffff
27973,880ab21527fffff
27974,880a868a27fffff
27975,880a86830dfffff
27976,880ab2cc2bfffff
27977,880ab2d531fffff
27978,880ab2a56bfffff
27979,880ab16f07fffff
27980,880ab20e67fffff
27981,880ab31357fffff
27982,880ab3cec1fffff
27983,880ab3d8c7fffff
27984,88252d91d7fffff
27985,880a844a89fffff
27986,880ab2b9e3fffff
27987,880a861585fffff
27988,880ab20acdfffff
27989,880ab3aa8dfffff
27990,880ab374c1fffff
27991,880ab22247fffff
27992,880ab2513dfffff
27993,88252d886dfffff
27994,880ab3424dfffff
27995,880ab2a03dfffff
27996,880ab26ca1fffff
27997,880a860353fffff
27998,880a86d215fffff
27999,880ab26221fffff
28000,880a86cad3fffff
28001,880ab202e7fffff
28002,880ab2c153fffff
28003,88252d980bfffff
28004,880ab24d25fffff
28005,880ab27acbfffff
28006,880ab37a47fffff
28007,880ab3058bfffff
28008,880a86b91bfffff
28009,880ab2ba0dfffff
28010,880a8688d7fffff
28011,880ab2c341fffff
28012,880ab16a53fffff
28013,880ab22291fffff
28014,880a86562bfffff
28015,880a860419fffff
28016,880ab22f6dfffff
28017,880a868c3dfffff
28018,880ab3a909fffff
28019,880ab33027fffff
28020,880a8685c5fffff
28021,880ab27651fffff
28022,880ab22409fffff
28023,880ab33b5dfffff
28024,880a86a221fffff
28025,880ab3206dfffff
28026,880ab3485dfffff
28027,880ab33a47fffff
28028,88252d961bfffff
28029,880a8600e3fffff
28030,880a8606d5fffff
28031,880ab33ac5fffff
28032,880ab26ee9fffff
28033,880ab24e37fffff
28034,880ab26189fffff
28035,880ab30413fffff
28036,880ab256abfffff
28037,880ab2476dfffff
28038,880ab2a0c3fffff
28039,880ab34429fffff
28040,880ab2c49dfffff
28041,880ab3a111fffff
28042,880ab06985fffff
28043,880ab235b9fffff
28044,880ab33311fffff
28045,880ab3466bfffff
28046,88252d8acbfffff
28047,880ab27619fffff
28048,880a86163bfffff
28049,88252d9969fffff
28050,880ab21a4dfffff
28051,880ab20653fffff
28052,880a86d721fffff
28053,880ab26d55fffff
28054,880ab2c097fffff
28055,880ab2776bfffff
28056,880ab214adfffff
28057,880a868309fffff
28058,880ab3016bfffff
28059,880ab218d7fffff
28060,880ab2d189fffff
28061,880ab22a97fffff
28062,880ab22255fffff
28063,880a8681c3fffff
28064,880ab26a35fffff
28065,880ab27615fffff
28066,880a86130bfffff
28067,880a863337fffff
28068,88252d8355fffff
28069,88252d9655fffff
28070,880ab2645bfffff
28071,880ab2ce65fffff
28072,880a868d11fffff
28073,880a9494d9fffff
28074,880ab3a199fffff
28075,880ab35aa9fffff
28076,880ab37741fffff
28077,880a868b5bfffff
28078,880ab32b0bfffff
28079,880ab244c9fffff
28080,880ab3b41dfffff
28081,880ab37803fffff
28082,880ab215ebfffff
28083,880ab24845fffff
28084,880a86bb25fffff
28085,880ab3008dfffff
28086,880ab3d1a7fffff
28087,880a869a25fffff
28088,880ab269dbfffff
28089,880ab25245fffff
28090,880a861689fffff
28091,880ab37421fffff
28092,880ab33141fffff
28093,880a86942bfffff
28094,880ab22e5bfffff
28095,880ab1616dfffff
28096,880ab2d1dbfffff
28097,880ab342c1fffff
28098,880ab26331fffff
28099,880ab32239fffff
28100,880ab3af1dfffff
28101,880ab16a15fffff
28102,880ab34ad1fffff
28103,880a86c80dfffff
28104,880a86b0abfffff
28105,880ab3cc2bfffff
28106,880ab2d093fffff
28107,880ab2c4d1fffff
28108,880ab2c0cbfffff
28109,880ab3ad9bfffff
28110,880ab260a1fffff
28111,880ab27b39fffff
28112,880a86cc63fffff
28113,88252d836dfffff
28114,880ab2b1a3fffff
28115,880ab35083fffff
28116,880ab3cb6bfffff
28117,880a86ab4bfffff
28118,880ab17915fffff
28119,880ab3b5c3fffff
28120,880a86cce7fffff
28121,880ab22c13fffff
28122,880ab3b543fffff
28123,880ab2c45bfffff
28124,880ab326edfffff
28125,880ab2ab17fffff
28126,880ab3b49dfffff
28127,880ab268e1fffff
28128,880ab2a145fffff
28129,880ab27151fffff
28130,880a869295fffff
28131,880ab3d183fffff
28132,880a869113fffff
28133,880ab16731fffff
28134,880ab2ba25fffff
28135,880ab2083dfffff
28136,880ab3b2d7fffff
28137,880ab35347fffff
28138,880ab2aa09fffff
28139,880ab28cc3fffff
28140,880ab23865fffff
28141,880ab20321fffff
28142,880ab2c56bfffff
28143,880a868301fffff
28144,880ab23057fffff
28145,880ab30d1bfffff
28146,880a9494b3fffff
28147,880ab3590bfffff
28148,880ab2a681fffff
28149,880a86b86bfffff
28150,880ab3d18dfffff
28151,880ab16a07fffff
28152,880ab334b3fffff
28153,880ab24957fffff
28154,880a86a255fffff
28155,880ab21581fffff
28156,880a861497fffff
28157,880ab25659fffff
28158,880a844ae1fffff
28159,880a86b053fffff
28160,880ab23a1dfffff
28161,880a861885fffff
28162,880a86150dfffff
28163,880ab30629fffff
28164,880ab224c9fffff
28165,88252d99ebfffff
28166,880ab2c265fffff
28167,880ab2af01fffff
28168,880ab2735bfffff
28169,880ab23455fffff
28170,880ab306b7fffff
28171,880ab3db41fffff
28172,880ab37633fffff
28173,880ab320e7fffff
28174,880ab3af5dfffff
28175,880a94d313fffff
28176,880ab21ac1fffff
28177,880ab37689fffff
28178,880ab27331fffff
28179,880ab22c91fffff
28180,880ab30617fffff
28181,880a863333fffff
28182,880ab34219fffff
28183,880ab2c6e9fffff
28184,880ab3c63dfffff
28185,880ab26da9fffff
28186,880a861051fffff
28187,880ab26e85fffff
28188,880a9492cbfffff
28189,880ab2074bfffff
28190,880ab2a305fffff
28191,880ab2a20dfffff
28192,880ab2cd29fffff
28193,880a8612d7fffff
28194,880ab37657fffff
28195,880ab16e69fffff
28196,880a86855dfffff
28197,880ab33891fffff
28198,880ab32605fffff
28199,880ab16943fffff
28200,880ab3a99dfffff
28201,880ab3cf21fffff
28202,880a86992dfffff
28203,880ab24e91fffff
28204,880a86c821fffff
28205,880ab2b1ddfffff
28206,880a86b999fffff
28207,880ab24a23fffff
28208,880a86c76bfffff
28209,880a94d66dfffff
28210,880ab2163bfffff
28211,880ab16b31fffff
28212,88252d9937fffff
28213,880ab24e9bfffff
28214,880ab33297fffff
28215,880ab2194dfffff
28216,880ab28d63fffff
28217,880a86cc15fffff
28218,880ab3b467fffff
28219,880a86c893fffff
28220,880ab3b565fffff
28221,880a86c989fffff
28222,880ab2a63bfffff
28223,880ab31831fffff
28224,880ab3369bfffff
28225,880ab16c21fffff
28226,880a86d9a7fffff
28227,880ab16d8dfffff
28228,880ab2a701fffff
28229,880ab2ced5fffff
28230,880ab37547fffff
28231,880ab34345fffff
28232,880ab2652dfffff
28233,880ab2acddfffff
28234,880a86d5c5fffff
28235,880ab23a89fffff
28236,880ab3a849fffff
28237,880ab254a7fffff
28238,880a869501fffff
28239,880a86c515fffff
28240,880ab2acd3fffff
28241,880ab339c3fffff
28242,880ab33245fffff
28243,880ab244d5fffff
28244,880ab27b17fffff
28245,880a868151fffff
28246,880ab3013dfffff
28247,880ab338a5fffff
28248,880a86c10dfffff
28249,880a86c4d7fffff
28250,880ab34921fffff
28251,880a8696cbfffff
28252,880a861129fffff
28253,880ab3c543fffff
28254,880ab248e9fffff
28255,880a86d129fffff
28256,880ab3330dfffff
28257,880a86d85dfffff
28258,880ab24c43fffff
28259,880a868b19fffff
28260,880ab208c9fffff
28261,880a861485fffff
28262,880ab34d95fffff
28263,880ab339abfffff
28264,880ab27669fffff
28265,880ab239b1fffff
28266,880ab160c1fffff
28267,880ab3a065fffff
28268,880ab2c123fffff
28269,88252d98d5fffff
28270,880ab37521fffff
28271,880ab3aeadfffff
28272,880ab32b63fffff
28273,880ab28491fffff
28274,880a86b94dfffff
28275,880ab162a7fffff
28276,880ab33593fffff
28277,880a869119fffff
28278,880a949b6dfffff
28279,880a94b405fffff
28280,880ab21413fffff
28281,880a86d1e7fffff
28282,880a8611d5fffff
28283,880ab3706bfffff
28284,880ab34319fffff
28285,880ab2c61bfffff
28286,880a94962dfffff
28287,880ab06947fffff
28288,880a86c589fffff
28289,880ab2563dfffff
28290,880ab28e95fffff
28291,880ab22935fffff
28292,880ab201b7fffff
28293,880ab23a51fffff
28294,880ab2520bfffff
28295,880a86301bfffff
28296,880a86d18dfffff
28297,880ab3c705fffff
28298,880a8616c7fffff
28299,880ab31527fffff
28300,880ab2c411fffff
28301,880ab2794bfffff
28302,880ab30aedfffff
28303,880ab2a065fffff
28304,880ab31833fffff
28305,880ab3aca5fffff
28306,880ab06903fffff
28307,880ab37201fffff
28308,880ab34f0dfffff
28309,880ab16421fffff
28310,880ab2792bfffff
28311,880ab3a629fffff
28312,880ab27a55fffff
28313,880ab278b1fffff
28314,880ab31367fffff
28315,880ab2cc23fffff
28316,880ab2848dfffff
28317,880ab3372dfffff
28318,880ab2743dfffff
28319,880ab3af3bfffff
28320,880ab27663fffff
28321,88252d9b2dfffff
28322,880ab3ca55fffff
28323,880ab3c1d7fffff
28324,880a86d021fffff
28325,880ab28ca5fffff
28326,880ab221abfffff
28327,880ab326d7fffff
28328,880ab22d33fffff
28329,880a86bab9fffff
28330,880ab32845fffff
28331,880a86cd1dfffff
28332,880ab2751dfffff
28333,880a86af63fffff
28334,880ab16999fffff
28335,880ab304adfffff
28336,880a868c29fffff
28337,880a86da01fffff
28338,880ab2c441fffff
28339,880ab2625dfffff
28340,880ab3a6e3fffff
28341,880ab3d845fffff
28342,880ab3a8d3fffff
28343,880ab26c4dfffff
28344,880ab3ca2dfffff
28345,880ab3b55dfffff
28346,880a861b15fffff
28347,880ab23151fffff
28348,880ab2196bfffff
28349,880ab24c41fffff
28350,880a86d1e1fffff
28351,880a8688cdfffff
28352,880a868da7fffff
28353,880ab359d3fffff
28354,880ab31127fffff
28355,880ab34f51fffff
28356,880ab16757fffff
28357,880ab3a095fffff
28358,880ab326e1fffff
28359,880ab3af53fffff
28360,880ab2245dfffff
28361,880ab3d501fffff
28362,880ab2c32bfffff
28363,880ab24213fffff
28364,880a844855fffff
28365,88252d99e9fffff
28366,880a861603fffff
28367,880ab2c1a7fffff
28368,880ab2a1c7fffff
28369,880ab3c68dfffff
28370,880ab3131bfffff
28371,880a8600e5fffff
28372,880ab20723fffff
28373,88252d9b29fffff
28374,880ab3cc91fffff
28375,880ab36261fffff
28376,880ab21843fffff
28377,880ab34223fffff
28378,880ab201a1fffff
28379,880a868047fffff
28380,880a863141fffff
28381,880ab20845fffff
28382,880ab3c1b9fffff
28383,880a8448e1fffff
28384,880ab2d6a1fffff
28385,880a949587fffff
28386,880ab3725bfffff
28387,880ab2a9abfffff
28388,880a869b39fffff
28389,880a86d0c7fffff
28390,880a86d285fffff
28391,880ab26857fffff
28392,880ab34661fffff
28393,880ab3c297fffff
28394,880a86ab57fffff
28395,880ab26465fffff
28396,880ab2a5abfffff
28397,880ab210d9fffff
28398,880ab24e15fffff
28399,880a860739fffff
28400,880ab20447fffff
28401,880ab2a339fffff
28402,880a86a843fffff
28403,880ab27a45fffff
28404,880ab244c5fffff
28405,880ab338b1fffff
28406,880ab2af1bfffff
28407,880ab3b293fffff
28408,880ab27283fffff
28409,880ab32213fffff
28410,880ab31b11fffff
28411,880ab3372bfffff
28412,880ab221c9fffff
28413,880a868d35fffff
28414,880ab3c985fffff
28415,880ab2a191fffff
28416,880ab31117fffff
28417,880ab3c58bfffff
28418,880a949b45fffff
28419,880a8602a3fffff
28420,880ab2b0c1fffff
28421,880ab3ab3dfffff
28422,880ab3c967fffff
28423,880ab2a205fffff
28424,880ab209c9fffff
28425,880ab220b5fffff
28426,880ab30409fffff
28427,880ab355e3fffff
28428,880a86826bfffff
28429,880ab30899fffff
28430,880ab25083fffff
28431,880ab2a607fffff
28432,880ab2262dfffff
28433,880ab27257fffff
28434,880a86a1a3fffff
28435,880a86b9dbfffff
28436,880ab2cab7fffff
28437,880ab30509fffff
28438,880ab20821fffff
28439,880ab3068bfffff
28440,880a86b163fffff
28441,880ab2c903fffff
28442,880ab34ce1fffff
28443,880a94971bfffff
28444,88252cb60dfffff
28445,880ab20d87fffff
28446,880ab269d7fffff
28447,880a86c9a7fffff
28448,880ab26063fffff
28449,880a86d5abfffff
28450,880ab2a6d1fffff
28451,880ab2d725fffff
28452,880ab3c72bfffff
28453,880ab3a553fffff
28454,880ab16a41fffff
28455,880ab20eebfffff
28456,880ab3300bfffff
28457,880ab22ee5fffff
28458,880ab3ae0dfffff
28459,880a844b0bfffff
28460,880ab3d111fffff
28461,880ab205ebfffff
28462,88252d9149fffff
28463,880ab359adfffff
28464,880a868409fffff
28465,880ab33addfffff
28466,880ab2adc3fffff
28467,880ab069d7fffff
28468,880ab21acdfffff
28469,880a86155bfffff
28470,880ab3c189fffff
28471,880a86c0bdfffff
28472,880ab38985fffff
28473,880a94d023fffff
28474,880ab3495dfffff
28475,880a869aabfffff
28476,880a86c535fffff
28477,880ab2690bfffff
28478,880a86175dfffff
28479,880ab35719fffff
28480,880ab2bb01fffff
28481,880ab14db1fffff
28482,880ab219c3fffff
28483,880ab30583fffff
28484,880ab275a5fffff
28485,880a8680c7fffff
28486,880ab16615fffff
28487,880ab214e7fffff
28488,880a86c82bfffff
28489,880ab2adb7fffff
28490,880ab20649fffff
28491,880ab26c6bfffff
28492,880ab20443fffff
28493,88252dd6e3fffff
28494,88252d9963fffff
28495,880ab16631fffff
28496,880a86af03fffff
28497,880ab308e3fffff
28498,880ab24f27fffff
28499,880ab2c185fffff
28500,880ab35595fffff
28501,880a86d6ebfffff
28502,880ab3b0c9fffff
28503,880ab20037fffff
28504,880a8694e7fffff
28505,880ab330adfffff
28506,880ab3a41dfffff
28507,880a863263fffff
28508,880ab2481dfffff
28509,880ab32257fffff
28510,880ab33863fffff
28511,880ab32353fffff
28512,880ab2b881fffff
28513,880ab2571bfffff
28514,880ab1623dfffff
28515,880a868617fffff
28516,880ab16137fffff
28517,880ab20ec1fffff
28518,880ab3a9c3fffff
28519,880a8448a1fffff
28520,880ab2669dfffff
28521,880ab16021fffff
28522,880ab30929fffff
28523,880a86d9ddfffff
28524,880ab2481bfffff
28525,880a86190bfffff
28526,880ab2b985fffff
28527,880ab3ca01fffff
28528,880ab2493bfffff
28529,880ab20567fffff
28530,880ab318b7fffff
28531,880ab346c1fffff
28532,880ab20003fffff
28533,880ab3a42dfffff
28534,880a8615d5fffff
28535,880ab30b4bfffff
28536,880ab27169fffff
28537,880a869143fffff
28538,880a860213fffff
28539,880ab16a11fffff
28540,880ab232cbfffff
28541,880ab236a5fffff
28542,880ab2453dfffff
28543,880a8695b5fffff
28544,880ab25229fffff
28545,880ab226e3fffff
28546,880ab2a831fffff
28547,880ab3621dfffff
28548,880ab28d57fffff
28549,880ab2d8bbfffff
28550,880ab35967fffff
28551,880ab34c37fffff
28552,880ab3a893fffff
28553,880ab2a835fffff
28554,880a861415fffff
28555,880ab3a625fffff
28556,880ab2c661fffff
28557,880ab27a47fffff
28558,880ab37b63fffff
28559,880a868d0dfffff
28560,880a86320dfffff
28561,880ab32009fffff
28562,880a949b07fffff
28563,880ab27499fffff
28564,880a86d987fffff
28565,880ab30a0bfffff
28566,880a86c237fffff
28567,880ab230ebfffff
28568,880ab3b75bfffff
28569,880ab3d8c9fffff
28570,880ab30dd5fffff
28571,880ab21a55fffff
28572,880a949943fffff
28573,880ab34433fffff
28574,880ab3a533fffff
28575,880a8614edfffff
28576,880a86c9dbfffff
28577,880ab318e9fffff
28578,880ab17899fffff
28579,880ab3c081fffff
28580,880ab3070bfffff
28581,880ab256b9fffff
28582,880ab2d5c3fffff
28583,880ab34f25fffff
28584,880ab2ca5dfffff
28585,880ab370ebfffff
28586,880ab2a437fffff
28587,880a86cb09fffff
28588,88252cb607fffff
28589,880ab265cdfffff
28590,880ab2760dfffff
28591,880ab26c23fffff
28592,880ab2753dfffff
28593,880ab24ab9fffff
28594,880ab30033fffff
28595,880ab3ae3dfffff
28596,880ab3a01dfffff
28597,880a94d11bfffff
28598,880ab16885fffff
28599,880ab3c0e1fffff
28600,880a8614cdfffff
28601,880ab3c251fffff
28602,880ab3c549fffff
28603,880ab26167fffff
28604,880ab2d405fffff
28605,880ab22369fffff
28606,880ab3230bfffff
28607,880a86d991fffff
28608,880a86a31bfffff
28609,880ab24ce3fffff
28610,880ab30abbfffff
28611,880a94b057fffff
28612,880ab3366bfffff
28613,880ab3c537fffff
28614,880ab16053fffff
28615,880a86da13fffff
28616,880ab3a599fffff
28617,880ab278b3fffff
28618,880ab228ebfffff
28619,880ab35009fffff
28620,880ab3589dfffff
28621,880ab32149fffff
28622,880a86cd37fffff
28623,880ab3270dfffff
28624,88252d8ac7fffff
28625,880ab31ab3fffff
28626,880ab230e7fffff
28627,880ab2106bfffff
28628,880ab23017fffff
28629,880ab305b7fffff
28630,880ab2d517fffff
28631,880ab2af57fffff
28632,880ab3b53bfffff
28633,880ab266bbfffff
28634,880ab262e5fffff
28635,880ab25337fffff
28636,88252d9845fffff
28637,880ab206e5fffff
28638,880a86945bfffff
28639,880ab16113fffff
28640,880ab37a23fffff
28641,880a869b1dfffff
28642,880ab24507fffff
28643,880ab179d5fffff
28644,880ab3262dfffff
28645,880ab20643fffff
28646,880ab3dae9fffff
28647,880a86cd85fffff
28648,880ab22d41fffff
28649,880a86d019fffff
28650,880ab2c625fffff
28651,880ab28d01fffff
28652,880a860763fffff
28653,880ab24c2dfffff
28654,880a86db61fffff
28655,880a86cc17fffff
28656,880ab16e35fffff
28657,880a868cabfffff
28658,880ab22f5dfffff
28659,880a86da65fffff
28660,880ab219a9fffff
28661,880ab3a141fffff
28662,880a8656d3fffff
28663,880ab3cb39fffff
28664,880ab2d085fffff
28665,880ab37a55fffff
28666,880a860759fffff
28667,880ab2c907fffff
28668,880ab27067fffff
28669,880a860625fffff
28670,880ab2a5e9fffff
28671,880ab3c913fffff
28672,880a86d245fffff
28673,880ab2c6bdfffff
28674,880ab37643fffff
28675,880ab2a1e7fffff
28676,880ab27303fffff
28677,88252d99a9fffff
28678,880ab16b19fffff
28679,880ab210d7fffff
28680,880ab2329bfffff
28681,880ab32019fffff
28682,880ab3c0ebfffff
28683,880ab22d95fffff
28684,880ab2d525fffff
28685,880ab30235fffff
28686,880ab32043fffff
28687,880ab21813fffff
28688,880ab31113fffff
28689,880ab33269fffff
28690,880a860199fffff
28691,880ab2d555fffff
28692,880a949507fffff
28693,880a86b85bfffff
28694,880ab2676bfffff
28695,880a86da1bfffff
28696,880ab240c3fffff
28697,880ab350abfffff
28698,880ab3c905fffff
28699,880ab3b533fffff
28700,880a86b33dfffff
28701,880ab26e37fffff
28702,880ab30f6dfffff
28703,880ab3a021fffff
28704,880a8619e9fffff
28705,880a86c4e3fffff
28706,880a94b25dfffff
28707,880ab24297fffff
28708,880ab2c6b1fffff
28709,880ab2249bfffff
28710,880ab3168dfffff
28711,880ab2894bfffff
28712,880a86a195fffff
28713,880ab32229fffff
28714,880ab3a431fffff
28715,880ab27709fffff
28716,880a86a8b9fffff
28717,880ab3d86bfffff
28718,880ab31267fffff
28719,880ab2c497fffff
28720,880ab20c0bfffff
28721,880ab34e93fffff
28722,880a86525dfffff
28723,880ab1649bfffff
28724,880ab32341fffff
28725,880a86c45bfffff
28726,880ab24411fffff
28727,880ab2c035fffff
28728,880ab3719bfffff
28729,880ab30541fffff
28730,880a86c94bfffff
28731,880ab24c4bfffff
28732,880ab206bdfffff
28733,880ab16751fffff
28734,880a94d265fffff
28735,880a86172dfffff
28736,880ab2c689fffff
28737,880ab26cc9fffff
28738,880a86b301fffff
28739,880ab3cd3dfffff
28740,880ab37963fffff
28741,880a869ac5fffff
28742,880ab3d16dfffff
28743,880a868e63fffff
28744,880ab24435fffff
28745,880ab21b5bfffff
28746,880a860633fffff
28747,880ab24723fffff
28748,88252d8811fffff
28749,880ab23129fffff
28750,880ab1694dfffff
28751,880ab26f31fffff
28752,880ab2a897fffff
28753,880a84492bfffff
28754,880ab22ca7fffff
28755,880a86c6e1fffff
28756,880a86d209fffff
28757,880ab34497fffff
28758,880ab3b423fffff
28759,880ab3c943fffff
28760,880ab34503fffff
28761,880ab24de7fffff
28762,880a9494b1fffff
28763,880ab3ab17fffff
28764,880ab32441fffff
28765,880ab271dbfffff
28766,880ab274b7fffff
28767,880ab3774dfffff
28768,880ab31ab5fffff
28769,880ab201e1fffff
28770,880ab3a2b9fffff
28771,880a86d1b9fffff
28772,880a86c069fffff
28773,880a8686d7fffff
28774,880a86049bfffff
28775,880ab3cce7fffff
28776,880a869239fffff
28777,880ab24e21fffff
28778,880ab2cc35fffff
28779,880a860653fffff
28780,880ab35897fffff
28781,880ab35ac5fffff
28782,880a861a8dfffff
28783,880ab330dbfffff
28784,880a94950dfffff
28785,880ab301a7fffff
28786,880a86c369fffff
28787,880a8698e5fffff
28788,880ab2b9a5fffff
28789,880a94d2e1fffff
28790,880ab28d25fffff
28791,880ab3a10dfffff
28792,880ab20a5bfffff
28793,880a860721fffff
28794,880a868547fffff
28795,880ab250a3fffff
28796,880ab348a1fffff
28797,880ab06909fffff
28798,880ab22e19fffff
28799,880ab22ccdfffff
28800,880a949505fffff
28801,880ab22b41fffff
28802,880a868ee7fffff
28803,880ab352edfffff
28804,88252d9331fffff
28805,880ab20545fffff
28806,880ab3a9e9fffff
28807,880a869203fffff
28808,880ab35205fffff
28809,880ab3b435fffff
28810,880ab3c935fffff
28811,880a86caedfffff
28812,880ab16e65fffff
28813,880a86933dfffff
28814,880ab30519fffff
28815,880ab26c3dfffff
28816,880ab225e7fffff
28817,880ab231d1fffff
28818,880ab22ac3fffff
28819,880ab3732dfffff
28820,880a860a27fffff
28821,880ab254d9fffff
28822,880ab2c337fffff
28823,880ab22f4bfffff
28824,880ab2a915fffff
28825,880ab34a17fffff
28826,880ab25309fffff
28827,880ab330c5fffff
28828,880a86c56bfffff
28829,880ab2295dfffff
28830,88252d91a5fffff
28831,880a86c8dbfffff
28832,880ab2ae69fffff
28833,880ab342e9fffff
28834,880a94955bfffff
28835,880ab2c1e7fffff
28836,880ab161a9fffff
28837,880ab22ae3fffff
28838,880ab160bbfffff
28839,880a8632c9fffff
28840,880a86180dfffff
28841,880ab32ad3fffff
28842,880ab2b0b9fffff
28843,880ab2cda7fffff
28844,88252d8137fffff
28845,880a94973dfffff
28846,880ab27203fffff
28847,880ab2b4b5fffff
28848,880ab2a105fffff
28849,880ab276d1fffff
28850,880a86884dfffff
28851,880ab3a047fffff
28852,880ab3aa69fffff
28853,880ab355b5fffff
28854,880a8449e9fffff
28855,880ab2c53bfffff
28856,880ab16761fffff
28857,880ab3359dfffff
28858,880a86a847fffff
28859,880ab2cf2dfffff
28860,880ab2c563fffff
28861,880a86161bfffff
28862,880ab3a9b9fffff
28863,880ab2381dfffff
28864,880ab26883fffff
28865,880ab30753fffff
28866,880ab3049bfffff
28867,880a8632c1fffff
28868,880ab2cd5dfffff
28869,880ab26f29fffff
28870,880ab2a1d5fffff
28871,880a94b4cdfffff
28872,880ab3b409fffff
28873,880ab32645fffff
28874,880ab2173dfffff
28875,880ab3ad93fffff
28876,880ab26aa1fffff
28877,880ab2376dfffff
28878,880ab26055fffff
28879,880ab348a3fffff
28880,880ab22f59fffff
28881,880ab25743fffff
28882,880ab37151fffff
28883,880ab16425fffff
28884,880ab23427fffff
28885,880ab25563fffff
28886,880ab2c595fffff
28887,880ab2ce59fffff
28888,880a86b0a7fffff
28889,880ab22c31fffff
28890,880ab349d3fffff
28891,880ab3b4dbfffff
28892,880ab16cd3fffff
28893,880ab33931fffff
28894,880ab22e91fffff
28895,880ab26f51fffff
28896,880ab3ce91fffff
28897,880ab24f19fffff
28898,880ab251e3fffff
28899,880ab27221fffff
28900,880ab3634bfffff
28901,880ab22d55fffff
28902,880ab22429fffff
28903,880a86d0a3fffff
28904,88252dd455fffff
28905,880ab23551fffff
28906,88252dd6edfffff
28907,880a865449fffff
28908,880ab31a09fffff
28909,880ab30003fffff
28910,880ab30a99fffff
28911,880ab22ae5fffff
28912,880ab3234bfffff
28913,880ab20e69fffff
28914,880ab2c8ebfffff
28915,880ab35033fffff
28916,880ab3a5adfffff
28917,880a86c5edfffff
28918,880ab23aadfffff
28919,880ab25541fffff
28920,880ab2a355fffff
28921,880a86010bfffff
28922,880ab26513fffff
28923,880a86943bfffff
28924,880a86d993fffff
28925,880ab3583bfffff
28926,880ab3515bfffff
28927,880ab21907fffff
28928,880ab27763fffff
28929,880ab27005fffff
28930,880ab268bbfffff
28931,880ab2450bfffff
28932,880a8691cbfffff
28933,880ab205e7fffff
28934,880ab358bdfffff
28935,880ab372cbfffff
28936,880ab23013fffff
28937,880ab30ccbfffff
28938,880ab326a1fffff
28939,880ab2a853fffff
28940,880ab1674bfffff
28941,880a94d345fffff
28942,880ab3a161fffff
28943,880a86a919fffff
28944,880ab3c153fffff
28945,880ab255ddfffff
28946,880ab3cad1fffff
28947,880ab33b1bfffff
28948,880ab22ed5fffff
28949,880ab2c91bfffff
28950,880ab311a3fffff
28951,880a869415fffff
28952,880ab255d9fffff
28953,880ab2c983fffff
28954,880a8602a1fffff
28955,880ab3af63fffff
28956,880ab2c221fffff
28957,880ab28d55fffff
28958,880ab2acc1fffff
28959,880ab0690bfffff
28960,880ab20b65fffff
28961,88252d8aa1fffff
28962,880ab2a029fffff
28963,880ab3354dfffff
28964,880ab27755fffff
28965,880ab34d13fffff
28966,880a860209fffff
28967,880a86873bfffff
28968,880ab3c259fffff
28969,880ab34959fffff
28970,880ab22e0dfffff
28971,880a94d255fffff
28972,880ab2d56dfffff
28973,880ab349cbfffff
28974,880ab256bbfffff
28975,880ab34241fffff
28976,880a861861fffff
28977,880ab2c835fffff
28978,880ab35693fffff
28979,880ab225b5fffff
28980,880ab27045fffff
28981,880ab33495fffff
28982,880ab3193dfffff
28983,880ab33b57fffff
28984,880ab2a44dfffff
28985,880a861141fffff
28986,880ab20289fffff
28987,880ab30e51fffff
28988,880ab3a981fffff
28989,880ab22715fffff
28990,880ab2c729fffff
28991,880ab30669fffff
28992,880ab3a2c5fffff
28993,880a86a341fffff
28994,880ab3d94bfffff
28995,880ab23b05fffff
28996,880ab2cf6bfffff
28997,880a869805fffff
28998,880ab3c137fffff
28999,880ab33285fffff
29000,880ab21b4bfffff
29001,880a8695c9fffff
29002,880ab241ddfffff
29003,880a844ad1fffff
29004,880a94866dfffff
29005,880a86854bfffff
29006,880ab23469fffff
29007,88252d9023fffff
29008,880a86a169fffff
29009,880ab342abfffff
29010,880ab3ab1dfffff
29011,880a86c115fffff
29012,880a86cf1bfffff
29013,880ab2c429fffff
29014,880a8619adfffff
29015,880ab238dbfffff
29016,880ab2ac3bfffff
29017,880a86ca63fffff
29018,880ab34de1fffff
29019,880ab2caa7fffff
29020,880a860a5bfffff
29021,880ab2a99dfffff
29022,880ab30ed5fffff
29023,880ab32751fffff
29024,880ab255e3fffff
29025,880a869183fffff
29026,880ab272d1fffff
29027,88252d9605fffff
29028,88252dd6e9fffff
29029,880a869491fffff
29030,880a8680bbfffff
29031,880ab37009fffff
29032,880ab2271dfffff
29033,880ab3625dfffff
29034,880a8619a3fffff
29035,880ab2ab45fffff
29036,880ab22c11fffff
29037,880ab34dbbfffff
29038,880ab20539fffff
29039,880a861b4bfffff
29040,880a86d83dfffff
29041,880ab2d0b3fffff
29042,880ab2745dfffff
29043,880ab17849fffff
29044,880ab289edfffff
29045,880a868123fffff
29046,880ab34edbfffff
29047,880ab26325fffff
29048,880ab308ddfffff
29049,880a8606a1fffff
29050,880a869559fffff
29051,880ab27457fffff
29052,880ab26851fffff
29053,880ab2c811fffff
29054,880ab201a7fffff
29055,880ab33987fffff
29056,880ab3c1d1fffff
29057,880a86d06bfffff
29058,880ab27519fffff
29059,880ab34c9bfffff
29060,880a86b23bfffff
29061,880ab286b7fffff
29062,880ab3550bfffff
29063,880ab205e1fffff
29064,880ab2b4a7fffff
29065,880ab3da19fffff
29066,880ab16049fffff
29067,880ab26c1dfffff
29068,880a86d139fffff
29069,880a86af31fffff
29070,880ab178e9fffff
29071,880a869a15fffff
29072,880ab32049fffff
29073,880ab2c165fffff
29074,880ab37011fffff
29075,880a94b237fffff
29076,880ab31033fffff
29077,880ab354b3fffff
29078,880ab26b03fffff
29079,880a868809fffff
29080,880ab2303dfffff
29081,880a86c9c1fffff
29082,880ab212b7fffff
29083,880ab30825fffff
29084,880ab202a1fffff
29085,880a8610bbfffff
29086,880a86171bfffff
29087,880ab3516bfffff
29088,880ab2772dfffff
29089,880a86b9c3fffff
29090,880ab2ce45fffff
29091,880ab20465fffff
29092,880ab260a7fffff
29093,880a86d1e3fffff
29094,880ab341a9fffff
29095,880a8691c5fffff
29096,880a860731fffff
29097,880ab27b59fffff
29098,880ab23a11fffff
29099,880ab26507fffff
29100,880ab2704bfffff
29101,880a86b133fffff
29102,880ab20c21fffff
29103,880a9482dbfffff
29104,880ab230c1fffff
29105,880a94b15bfffff
29106,880ab2a925fffff
29107,880a86aa13fffff
29108,880ab34505fffff
29109,880ab2d567fffff
29110,880a94d741fffff
29111,880ab358b1fffff
29112,880a86d711fffff
29113,880a865349fffff
29114,880ab354a7fffff
29115,880a868a2bfffff
29116,880ab33921fffff
29117,880ab200c1fffff
29118,880ab26431fffff
29119,880ab22a3dfffff
29120,880a86128dfffff
29121,880ab24db7fffff
29122,880ab30ac5fffff
29123,880ab2d5c5fffff
29124,880ab16d9bfffff
29125,880ab3b901fffff
29126,880ab316c1fffff
29127,880ab34729fffff
29128,880ab248d7fffff
29129,880ab25611fffff
29130,880ab30749fffff
29131,880ab25197fffff
29132,880ab2ad59fffff
29133,880a860343fffff
29134,880a869729fffff
29135,880ab16313fffff
29136,880ab24d9dfffff
29137,880a8611c9fffff
29138,880ab2536bfffff
29139,880ab16437fffff
29140,880ab262bdfffff
29141,880ab210a9fffff
29142,880ab21593fffff
29143,880ab27315fffff
29144,880a869765fffff
29145,880a86898dfffff
29146,880ab25091fffff
29147,880ab316b7fffff
29148,880ab34a4bfffff
29149,880ab30461fffff
29150,880ab3b4c7fffff
29151,880ab34155fffff
29152,88252d8a8bfffff
29153,880a86b007fffff
29154,880ab34555fffff
29155,880ab24147fffff
29156,880ab32a4bfffff
29157,880ab30013fffff
29158,880ab3ce21fffff
29159,880a86cb21fffff
29160,880ab30221fffff
29161,880ab3c12dfffff
29162,880ab2a02dfffff
29163,880ab234e3fffff
29164,880ab3a1bdfffff
29165,880ab208ddfffff
29166,880ab17843fffff
29167,880ab35b2dfffff
29168,880ab24b07fffff
29169,880ab30111fffff
29170,880a860687fffff
29171,880a86d489fffff
29172,880ab234c7fffff
29173,880ab21809fffff
29174,880ab2cce7fffff
29175,880ab2c061fffff
29176,880ab3b43dfffff
29177,880a86d901fffff
29178,880a8694b5fffff
29179,880ab3d137fffff
29180,880a9496dbfffff
29181,880ab242a7fffff
29182,880ab3321bfffff
29183,880ab2c037fffff
29184,880ab3a137fffff
29185,880ab35aa7fffff
29186,880a86a8e9fffff
29187,880a86cf01fffff
29188,880a8610c1fffff
29189,88252d9adbfffff
29190,880ab216d7fffff
29191,880a86cc23fffff
29192,880ab3523bfffff
29193,880a86c203fffff
29194,880ab24553fffff
29195,880ab2752dfffff
29196,880ab168b3fffff
29197,880a86134bfffff
29198,880ab16d15fffff
29199,880ab308e7fffff
29200,880ab165d3fffff
29201,880ab16eadfffff
29202,880ab16b17fffff
29203,880ab3361dfffff
29204,880ab204cdfffff
29205,880ab2b067fffff
29206,880ab23495fffff
29207,880ab235d3fffff
29208,880ab356c9fffff
29209,880a868643fffff
29210,880ab3c6cbfffff
29211,880ab30721fffff
29212,880ab1784bfffff
29213,880ab2af13fffff
29214,880ab3470bfffff
29215,880a86ca81fffff
29216,880ab2a365fffff
29217,880ab2b8c5fffff
29218,880ab3ca23fffff
29219,880a868741fffff
29220,880a94959dfffff
29221,880ab24987fffff
29222,880a868cadfffff
29223,880a86b925fffff
29224,880ab2aeb9fffff
29225,880ab34db9fffff
29226,880ab37309fffff
29227,880ab31193fffff
29228,880ab3b517fffff
29229,880ab06935fffff
29230,880ab3cdcbfffff
29231,880ab309e5fffff
29232,880ab3a95dfffff
29233,880a868205fffff
29234,88252d8951fffff
29235,880ab231a9fffff
29236,880ab3db49fffff
29237,880ab2429dfffff
29238,880a86c685fffff
29239,880ab3ce2dfffff
29240,880ab16233fffff
29241,880ab2bae3fffff
29242,880ab16f43fffff
29243,880ab3b4a5fffff
29244,880ab31505fffff
29245,880ab3309dfffff
29246,880ab22147fffff
29247,880ab341a3fffff
29248,880ab14de3fffff
29249,880ab33553fffff
29250,88252cb75dfffff
29251,880ab3c843fffff
29252,880ab2b227fffff
29253,880ab3da63fffff
29254,880ab22089fffff
29255,880a8688adfffff
29256,880ab24cb7fffff
29257,880ab34033fffff
29258,880ab2770dfffff
29259,880ab33887fffff
29260,880a861325fffff
29261,880a86188dfffff
29262,880ab2770bfffff
29263,880a94b751fffff
29264,880a868cd7fffff
29265,880a94994bfffff
29266,880ab2c651fffff
29267,880ab226e9fffff
29268,880ab274b3fffff
29269,880ab2b911fffff
29270,880ab14d85fffff
29271,880ab2a261fffff
29272,880ab24a8bfffff
29273,880ab24ac7fffff
29274,880ab28dc9fffff
29275,880a861a99fffff
29276,880ab3a063fffff
29277,880ab3a1e1fffff
29278,880ab2a401fffff
29279,880a86b9d9fffff
29280,880ab22a43fffff
29281,880ab2c2abfffff
29282,880ab3049dfffff
29283,880ab30f25fffff
29284,880ab27317fffff
29285,880ab20ca3fffff
29286,880ab22965fffff
29287,880ab3c057fffff
29288,880ab30b09fffff
29289,880ab30d6dfffff
29290,880ab3c225fffff
29291,880ab3b5e5fffff
29292,880ab3a961fffff
29293,880ab3d343fffff
29294,880ab20033fffff
29295,880a869ac9fffff
29296,880a86d5b9fffff
29297,880ab2461dfffff
29298,880a86b2e3fffff
29299,880ab23339fffff
29300,880ab31539fffff
29301,880a865601fffff
29302,880a86d555fffff
29303,880ab2b031fffff
29304,88252d91b5fffff
29305,880ab37905fffff
29306,880ab20f13fffff
29307,880a8632edfffff
29308,880ab33485fffff
29309,880ab34963fffff
29310,880ab2a905fffff
29311,880ab22681fffff
29312,880ab21425fffff
29313,880ab345adfffff
29314,880a86d643fffff
29315,880ab3cda3fffff
29316,880a86cf53fffff
29317,880ab2b5c1fffff
29318,880ab31405fffff
29319,880ab2100dfffff
29320,880a94d02bfffff
29321,880ab214b7fffff
29322,880a94b6a3fffff
29323,880ab35995fffff
29324,880ab30741fffff
29325,880ab28c1bfffff
29326,880a9496b3fffff
29327,880ab35365fffff
29328,880a861509fffff
29329,880ab34927fffff
29330,880ab3ce9bfffff
29331,88252d91e5fffff
29332,880ab254b5fffff
29333,880ab26c19fffff
29334,880ab200c7fffff
29335,880ab344d9fffff
29336,880a869669fffff
29337,880ab2c281fffff
29338,880ab16903fffff
29339,880ab3d161fffff
29340,880ab3598bfffff
29341,880ab3458bfffff
29342,880ab2c163fffff
29343,880a86a901fffff
29344,880a844d47fffff
29345,880ab21889fffff
29346,880ab35847fffff
29347,880ab2bb07fffff
29348,880ab306e9fffff
29349,880a868a07fffff
29350,880a844827fffff
29351,880a86c5c9fffff
29352,880ab16b37fffff
29353,880a869857fffff
29354,880ab3caa5fffff
29355,880a86141dfffff
29356,880ab2072bfffff
29357,880ab236d3fffff
29358,880ab27121fffff
29359,880a86c4e7fffff
29360,880ab30b0dfffff
29361,880ab3a417fffff
29362,880ab28b65fffff
29363,880a8600c5fffff
29364,880ab2c247fffff
29365,880ab26c4bfffff
29366,880ab2b585fffff
29367,880ab3a497fffff
29368,880ab2223bfffff
29369,88252d831dfffff
29370,880ab216dbfffff
29371,880ab165b9fffff
29372,880ab3cd3bfffff
29373,880ab35b09fffff
29374,880a868929fffff
29375,880a868e03fffff
29376,880ab260c5fffff
29377,880ab3cc87fffff
29378,880ab336d1fffff
29379,880ab31a2dfffff
29380,880ab229c7fffff
29381,880ab2118dfffff
29382,880a868839fffff
29383,880a8699b3fffff
29384,880ab37ab1fffff
29385,88252dd6cbfffff
29386,880ab32769fffff
29387,880a86d819fffff
29388,880ab26c55fffff
29389,880ab2750dfffff
29390,880ab30f01fffff
29391,880ab254b3fffff
29392,880ab30c01fffff
29393,880a86a345fffff
29394,880ab340edfffff
29395,880ab36253fffff
29396,880ab21985fffff
29397,880a86bae1fffff
29398,880ab24c17fffff
29399,880ab24de1fffff
29400,880ab27497fffff
29401,880ab270cbfffff
29402,880a86d8e9fffff
29403,880ab21517fffff
29404,880ab30303fffff
29405,880ab2c81dfffff
29406,880ab352c9fffff
29407,880a861991fffff
29408,880ab2a819fffff
29409,880ab231ebfffff
29410,88252d98b7fffff
29411,880a94b295fffff
29412,880ab3b709fffff
29413,880ab3521bfffff
29414,880a86b311fffff
29415,880a86ce2dfffff
29416,880ab3cac1fffff
29417,880a868737fffff
29418,880ab22813fffff
29419,880ab21a69fffff
29420,88252d8261fffff
29421,880ab348e5fffff
29422,880a8602c1fffff
29423,880ab37417fffff
29424,880a86c817fffff
29425,880a86c85bfffff
29426,880ab25345fffff
29427,880ab32041fffff
29428,880ab2d111fffff
29429,880ab241d9fffff
29430,880a94b315fffff
29431,880ab3d16bfffff
29432,880a86b889fffff
29433,880ab33a2bfffff
29434,880a86d96bfffff
29435,880a8685e5fffff
29436,880ab252a3fffff
29437,880a868665fffff
29438,880ab305a3fffff
29439,880ab2a2b9fffff
29440,880a8606b1fffff
29441,880ab20a0bfffff
29442,880ab30983fffff
29443,880ab3d1a9fffff
29444,880ab3c5a9fffff
29445,880ab371e1fffff
29446,880ab320d7fffff
29447,880ab26a5dfffff
29448,880ab3a815fffff
29449,880ab3c10bfffff
29450,880ab3cc29fffff
29451,880a86cd05fffff
29452,880ab2655dfffff
29453,880a86ce97fffff
29454,880ab24623fffff
29455,880ab20db3fffff
29456,880a86868dfffff
29457,880ab389b9fffff
29458,880a8698d7fffff
29459,880a869ac3fffff
29460,880ab16209fffff
29461,880ab3c841fffff
29462,880ab202e9fffff
29463,880a869497fffff
29464,880ab168cdfffff
29465,880a9494bbfffff
29466,880ab16c55fffff
29467,880ab37b6dfffff
29468,880a86014dfffff
29469,880ab160abfffff
29470,880ab2a0bbfffff
29471,880ab16c65fffff
29472,880ab3b8adfffff
29473,880ab255b1fffff
29474,880ab261a3fffff
29475,880a86c147fffff
29476,880ab3201dfffff
29477,880ab2af2dfffff
29478,880ab22b57fffff
29479,880ab3c213fffff
29480,880ab32321fffff
29481,880ab3ce0bfffff
29482,880ab3a301fffff
29483,880ab2cc27fffff
29484,880ab2318dfffff
29485,880ab20c83fffff
29486,880ab22de1fffff
29487,880a9496edfffff
29488,880ab20985fffff
29489,880ab33189fffff
29490,880a86caa3fffff
29491,88252d9985fffff
29492,880a8615b3fffff
29493,880ab2513bfffff
29494,880a86169bfffff
29495,880a868017fffff
29496,880a86c8a5fffff
29497,880ab2419dfffff
29498,880ab35837fffff
29499,880ab21921fffff
29500,880ab23651fffff
29501,880ab23535fffff
29502,880ab206e7fffff
29503,880ab3aeabfffff
29504,880ab35069fffff
29505,880ab3c0a1fffff
29506,880ab335e1fffff
29507,880ab22e4bfffff
29508,880a860327fffff
29509,880ab2ba8bfffff
29510,880ab26d39fffff
29511,880ab342d1fffff
29512,880ab2d457fffff
29513,880ab16219fffff
29514,880ab28915fffff
29515,880ab30c5bfffff
29516,880ab2a889fffff
29517,880ab226c7fffff
29518,880ab374e5fffff
29519,880ab24d0dfffff
29520,880ab3d913fffff
29521,880ab2a23dfffff
29522,880ab28cc5fffff
29523,880ab27021fffff
29524,88252d9755fffff
29525,880a949727fffff
29526,880ab2b563fffff
29527,880ab324c3fffff
29528,880ab068b9fffff
29529,880ab30439fffff
29530,880ab30de1fffff
29531,88252d9b3dfffff
29532,880ab262a1fffff
29533,880ab376b9fffff
29534,880ab32015fffff
29535,880ab35569fffff
29536,880ab21009fffff
29537,880ab2374dfffff
29538,880ab35923fffff
29539,880ab3d563fffff
29540,880ab37499fffff
29541,880a86b305fffff
29542,880ab1689dfffff
29543,880ab3acadfffff
29544,880ab304dbfffff
29545,880ab17ab5fffff
29546,880ab33293fffff
29547,880ab27251fffff
29548,880ab220d3fffff
29549,880ab33a49fffff
29550,880ab24101fffff
29551,880ab32633fffff
29552,880ab26a49fffff
29553,880ab2005dfffff
29554,880ab2cc19fffff
29555,880ab069adfffff
29556,880a86111bfffff
29557,880a86864bfffff
29558,880ab21131fffff
29559,880a868497fffff
29560,880ab37881fffff
29561,880ab37147fffff
29562,880ab3ca31fffff
29563,880ab28da9fffff
29564,880ab32a1dfffff
29565,880a868921fffff
29566,880ab3cc83fffff
29567,880ab3d9c5fffff
29568,880ab16205fffff
29569,880a86cdc5fffff
29570,880ab34b23fffff
29571,880ab2c219fffff
29572,880a869109fffff
29573,880ab2458dfffff
29574,880ab359e5fffff
29575,880ab3cec9fffff
29576,880a869b0dfffff
29577,880ab24431fffff
29578,880ab2b917fffff
29579,880ab3c597fffff
29580,880a868743fffff
29581,880ab30a45fffff
29582,880ab23199fffff
29583,880ab178a7fffff
29584,880ab2c081fffff
29585,880a86d29bfffff
29586,880a868525fffff
29587,880ab33b01fffff
29588,880a86cc81fffff
29589,880ab37063fffff
29590,880ab3ac59fffff
29591,880ab36319fffff
29592,880ab260b9fffff
29593,880ab3350bfffff
29594,880ab23891fffff
29595,880a8449c3fffff
29596,880a86a189fffff
29597,880a86123bfffff
29598,880ab26665fffff
29599,880ab3ccc9fffff
29600,880ab3b0cbfffff
29601,880ab335e7fffff
29602,880ab2d465fffff
29603,880ab3cec3fffff
29604,880a8695abfffff
29605,880ab30215fffff
29606,880ab3c4c3fffff
29607,880ab344bbfffff
29608,880ab34487fffff
29609,880ab349cdfffff
29610,880ab3c48bfffff
29611,880ab3a98bfffff
29612,880ab3a965fffff
29613,880ab3a9a1fffff
29614,880a86cd3dfffff
29615,880a86d6d5fffff
29616,880ab3362dfffff
29617,880ab3735dfffff
29618,880ab274cdfffff
29619,880ab20e41fffff
29620,880a94b6b7fffff
29621,880ab20861fffff
29622,880a869513fffff
29623,880ab3a945fffff
29624,880ab251e9fffff
29625,880ab28937fffff
29626,880a860499fffff
29627,880a8602e5fffff
29628,880a949417fffff
29629,880a863157fffff
29630,880ab3a8e9fffff
29631,880ab22927fffff
29632,880ab2ad6dfffff
29633,880ab3574dfffff
29634,880ab3a9e5fffff
29635,880ab34b3bfffff
29636,880a94d2a9fffff
29637,880ab24961fffff
29638,880ab20a91fffff
29639,880ab25111fffff
29640,880ab2219bfffff
29641,880ab27525fffff
29642,880ab3c353fffff
29643,880a94828dfffff
29644,880a861507fffff
29645,880ab2d021fffff
29646,880a86198dfffff
29647,880ab16203fffff
29648,880ab20c6bfffff
29649,880ab34053fffff
29650,880ab3a8dbfffff
29651,880a86d325fffff
29652,880ab1618dfffff
29653,880ab26e91fffff
29654,880a86d613fffff
29655,880a844a25fffff
29656,880ab31a53fffff
29657,880ab3ce87fffff
29658,880ab35183fffff
29659,880ab37a29fffff
29660,880ab2a8b9fffff
29661,880ab302cbfffff
29662,880ab3a917fffff
29663,880ab3c255fffff
29664,880ab06b35fffff
29665,880a86c019fffff
29666,880ab20a65fffff
29667,880ab21a95fffff
29668,880ab3420bfffff
29669,880a94b029fffff
29670,880ab164a1fffff
29671,880ab3b4cdfffff
29672,880a868e8dfffff
29673,880a861587fffff
29674,880ab32245fffff
29675,880ab33597fffff
29676,880ab2a543fffff
29677,880a86da51fffff
29678,880ab35011fffff
29679,880a861163fffff
29680,880ab3af0bfffff
29681,88252d8a01fffff
29682,880ab33b39fffff
29683,880ab22d6bfffff
29684,880ab27649fffff
29685,880ab27ae1fffff
29686,880ab3a12bfffff
29687,880ab3ccb1fffff
29688,880ab2cf21fffff
29689,880a86d313fffff
29690,880a869631fffff
29691,880ab37157fffff
29692,880ab2af35fffff
29693,880a86a163fffff
29694,880ab266dbfffff
29695,88252d965dfffff
29696,880a8699b5fffff
29697,880ab265e3fffff
29698,880ab31a59fffff
29699,880a86c01bfffff
29700,880ab2a1c5fffff
29701,880a8618e5fffff
29702,880a8685ebfffff
29703,880a94d259fffff
29704,880a86070bfffff
29705,880ab2d5d7fffff
29706,880ab3a859fffff
29707,880a8682c3fffff
29708,880ab23205fffff
29709,880ab230cbfffff
29710,880ab20ce1fffff
29711,880ab34233fffff
29712,880a868d49fffff
29713,880ab34aa9fffff
29714,880a868f29fffff
29715,880a94d2e9fffff
29716,880a868c09fffff
29717,880ab2a903fffff
29718,880ab336c9fffff
29719,880ab20955fffff
29720,880a86a049fffff
29721,880ab2ae11fffff
29722,880ab22e31fffff
29723,880ab3c407fffff
29724,880ab334c3fffff
29725,880ab3411dfffff
29726,880ab30317fffff
29727,880ab22961fffff
29728,880a86c5d5fffff
29729,880ab3cad3fffff
29730,880ab24463fffff
29731,880ab3aa39fffff
29732,880a865759fffff
29733,880ab20843fffff
29734,880ab3b665fffff
29735,880ab270e3fffff
29736,880ab3a14bfffff
29737,880ab379a1fffff
29738,880ab33339fffff
29739,880ab21465fffff
29740,880a94b663fffff
29741,880ab31123fffff
29742,880ab2c93dfffff
29743,880ab35225fffff
29744,880ab34b65fffff
29745,880ab33503fffff
29746,880ab3055bfffff
29747,880ab32313fffff
29748,880ab2c0e9fffff
29749,880a860253fffff
29750,880ab2aad7fffff
29751,880ab23463fffff
29752,880ab3718dfffff
29753,880ab26727fffff
29754,880ab2cce1fffff
29755,880a949763fffff
29756,880a86c347fffff
29757,880a860555fffff
29758,880ab2a4cdfffff
29759,880ab200a7fffff
29760,880ab268d7fffff
29761,88252d9a27fffff
29762,880ab2a0c9fffff
29763,880ab2a351fffff
29764,880ab34091fffff
29765,880ab334b7fffff
29766,880ab3126bfffff
29767,880ab37035fffff
29768,880ab230c5fffff
29769,880ab2af07fffff
29770,880ab16de3fffff
29771,880ab3a6a9fffff
29772,880ab2b8b9fffff
29773,880a861905fffff
29774,880ab30eddfffff
29775,880ab33ab5fffff
29776,880ab28d17fffff
29777,880ab2491dfffff
29778,88252d9187fffff
29779,880a86d58dfffff
29780,880a86564bfffff
29781,880ab3d059fffff
29782,880ab3156dfffff
29783,880ab162b9fffff
29784,880ab3d5a1fffff
29785,880ab33ae1fffff
29786,880ab22229fffff
29787,880ab346dbfffff
29788,880ab16e9bfffff
29789,880ab3c9a1fffff
29790,880ab321a3fffff
29791,880ab34e07fffff
29792,880ab2b4bdfffff
29793,880ab2ba9dfffff
29794,880ab2c021fffff
29795,880ab2008dfffff
29796,880a869b2bfffff
29797,880ab302edfffff
29798,880a86da49fffff
29799,880a86b005fffff
29800,88252d9923fffff
29801,880ab2436dfffff
29802,880ab23069fffff
29803,880ab178e7fffff
29804,880ab2bb33fffff
29805,880a860a1dfffff
29806,880a86a147fffff
29807,88252d9647fffff
29808,880ab22dd1fffff
29809,880ab22e0bfffff
29810,880ab16d3bfffff
29811,880ab3a93dfffff
29812,880ab32e6dfffff
29813,880ab3d323fffff
29814,880a86d829fffff
29815,880a861113fffff
29816,880ab2031bfffff
29817,880ab33367fffff
29818,880ab3592bfffff
29819,880ab2d565fffff
29820,880a868445fffff
29821,88252dd4d9fffff
29822,880ab2a8cbfffff
29823,880ab33697fffff
29824,880a861a67fffff
29825,880a94864dfffff
29826,880a8680e9fffff
29827,880ab22881fffff
29828,880a844aadfffff
29829,880a8602c9fffff
29830,880a844d65fffff
29831,880a8696e5fffff
29832,880ab2a4adfffff
29833,880ab2c31dfffff
29834,880ab2a91bfffff
29835,880ab24863fffff
29836,880a86184dfffff
29837,880ab2b52dfffff
29838,880ab356a3fffff
29839,880ab24569fffff
29840,880ab21037fffff
29841,880ab34dd1fffff
29842,880ab3781dfffff
29843,880ab26219fffff
29844,880ab22ed9fffff
29845,880ab26a97fffff
29846,880ab272a5fffff
29847,880ab3b9a9fffff
29848,880a868ecdfffff
29849,880ab3acbdfffff
29850,880a8618c7fffff
29851,880ab23547fffff
29852,880ab2446dfffff
29853,880ab30a59fffff
29854,880ab2175dfffff
29855,880a86aa35fffff
29856,880a86cdd9fffff
29857,880a86b2c9fffff
29858,880ab35993fffff
29859,880ab238b1fffff
29860,880a868eb3fffff
29861,880ab2691bfffff
29862,880ab300d5fffff
29863,880ab23127fffff
29864,880ab33a2dfffff
29865,880ab31821fffff
29866,880ab3cb15fffff
29867,880ab2646dfffff
29868,88252d9ac5fffff
29869,880ab22145fffff
29870,880a94953bfffff
29871,880ab26a9bfffff
29872,880ab3a6c7fffff
29873,880ab22643fffff
29874,880ab37089fffff
29875,880ab2acdbfffff
29876,880ab3c1b1fffff
29877,880a86b117fffff
29878,880ab2366dfffff
29879,880a86072bfffff
29880,880ab284ddfffff
29881,880ab161adfffff
29882,880ab314dbfffff
29883,880a86c301fffff
29884,880ab2ccd3fffff
29885,880ab315b1fffff
29886,880ab34c41fffff
29887,880ab2644bfffff
29888,880a949299fffff
29889,880ab3401dfffff
29890,880ab339e5fffff
29891,880ab2d0e1fffff
29892,880a861653fffff
29893,880ab27239fffff
29894,880ab3cf69fffff
29895,880a86183dfffff
29896,880a868e11fffff
29897,880a868ee1fffff
29898,880ab2cac9fffff
29899,880ab2346dfffff
29900,880a86d205fffff
29901,880a86c653fffff
29902,880a861a07fffff
29903,880ab2c8cbfffff
29904,880ab3d989fffff
29905,880a861833fffff
29906,880ab3cb6dfffff
29907,880ab271d9fffff
29908,880a868027fffff
29909,880ab23665fffff
29910,880ab30cedfffff
29911,880ab2630dfffff
29912,880ab16155fffff
29913,880ab20239fffff
29914,880a869335fffff
29915,880ab32b0dfffff
29916,880ab168adfffff
29917,880ab2d41bfffff
29918,880ab309c3fffff
29919,880ab252c3fffff
29920,880a86da6dfffff
29921,880ab2d695fffff
29922,880ab16eb1fffff
29923,880a86d0e9fffff
29924,880a860033fffff
29925,88252d8ae7fffff
29926,880ab3c097fffff
29927,880ab26d15fffff
29928,880ab3c9a3fffff
29929,880ab3c937fffff
29930,880a8690c9fffff
29931,880ab24f23fffff
29932,880a86d5e1fffff
29933,880ab219b3fffff
29934,880ab389edfffff
29935,880ab2129bfffff
29936,880ab20129fffff
29937,880ab222d3fffff
29938,880ab33587fffff
29939,880a86d509fffff
29940,880ab166dbfffff
29941,880ab341e9fffff
29942,880ab3cde5fffff
29943,880ab2269bfffff
29944,880ab2a8d1fffff
29945,880a860569fffff
29946,880a86db33fffff
29947,880ab2250bfffff
29948,880ab3cd13fffff
29949,880a949753fffff
29950,88252dd665fffff
29951,880ab20161fffff
29952,880ab34d33fffff
29953,88252d813dfffff
29954,880a868255fffff
29955,880ab16703fffff
29956,88252d9a33fffff
29957,880ab352a9fffff
29958,880ab210a7fffff
29959,880a86840dfffff
29960,880ab2082dfffff
29961,880a86d96dfffff
29962,880ab30de9fffff
29963,880ab2a1adfffff
29964,880ab23815fffff
29965,880ab22909fffff
29966,880ab06949fffff
29967,880ab16f4dfffff
29968,880ab22f47fffff
29969,880a86943dfffff
29970,880ab3496dfffff
29971,880a86bb3dfffff
29972,880a86c83dfffff
29973,880ab33185fffff
29974,880ab28c2bfffff
29975,880a869aadfffff
29976,880ab2c147fffff
29977,880ab278bbfffff
29978,880a94b63dfffff
29979,880ab2234dfffff
29980,880ab20c4dfffff
29981,880ab24251fffff
29982,880a86860dfffff
29983,880a94b6c5fffff
29984,880ab2026dfffff
29985,88252d98edfffff
29986,880ab21989fffff
29987,880ab275c3fffff
29988,880ab2b501fffff
29989,88252cb605fffff
29990,880ab2cf29fffff
29991,880ab35941fffff
29992,880ab20eb3fffff
29993,880a86c053fffff
29994,880ab34d81fffff
29995,880ab261b1fffff
29996,88252d8869fffff
29997,880a86d5e7fffff
29998,880ab27a2bfffff
29999,880ab222d5fffff
30000,880ab33859fffff
30001,880ab2a353fffff
30002,880ab304d5fffff
30003,880a86c73bfffff
30004,880ab23189fffff
30005,880ab31a25fffff
30006,880ab308e9fffff
30007,880ab3b557fffff
30008,880ab3c5e3fffff
30009,880ab3708bfffff
30010,88252d99d1fffff
30011,880ab24e31fffff
30012,88252d9361fffff
30013,880a8699b9fffff
30014,880ab371a3fffff
30015,880ab2c581fffff
30016,880ab3b6d5fffff
30017,880a860563fffff
30018,880ab06941fffff
30019,880ab359ddfffff
30020,880ab2c6d7fffff
30021,880ab2725dfffff
30022,880ab2ce53fffff
30023,880ab165b3fffff
30024,880ab3b097fffff
30025,880a86a22bfffff
30026,880a861705fffff
30027,880a948253fffff
30028,880ab2c015fffff
30029,880ab322e1fffff
30030,880ab3d907fffff
30031,880ab231b5fffff
30032,880a86db2dfffff
30033,880ab3c105fffff
30034,880ab16403fffff
30035,880ab20049fffff
30036,880a8449e3fffff
30037,880a8694e3fffff
30038,880ab22481fffff
30039,880ab3ae43fffff
30040,880a86330bfffff
30041,880ab2c617fffff
30042,880a86b06bfffff
30043,880ab238b5fffff
30044,880ab3b885fffff
30045,880ab266c5fffff
30046,880ab37553fffff
30047,880ab26223fffff
30048,880ab37323fffff
30049,880ab26f13fffff
30050,880ab24811fffff
30051,880ab3c039fffff
30052,880a86c9e9fffff
30053,880a8656e7fffff
30054,880a86b10dfffff
30055,880ab2b991fffff
30056,880a844947fffff
30057,880ab3aaabfffff
30058,880ab20c91fffff
30059,880ab24301fffff
30060,880ab2c1b7fffff
30061,880a8448b7fffff
30062,880ab37923fffff
30063,880a869ae5fffff
30064,880ab3c6dbfffff
30065,880a8696d9fffff
30066,880ab26915fffff
30067,880a8699a7fffff
30068,880ab16d53fffff
30069,880ab24c89fffff
30070,880ab24c93fffff
30071,880ab3a939fffff
30072,880ab25a85fffff
30073,880ab20a5dfffff
30074,880a86a1c3fffff
30075,880ab3d50bfffff
30076,880a86970bfffff
30077,880ab22c37fffff
30078,880ab37513fffff
30079,880ab27157fffff
30080,880ab3c92dfffff
30081,880ab2a61bfffff
30082,88252d9369fffff
30083,880a86aa17fffff
30084,880ab26353fffff
30085,880a869735fffff
30086,880ab235c1fffff
30087,880ab1634dfffff
30088,880ab24cc5fffff
30089,880ab3c759fffff
30090,880ab26ec3fffff
30091,880ab2c991fffff
30092,880a86c14dfffff
30093,88252d8911fffff
30094,880a844b55fffff
30095,880ab3c613fffff
30096,880ab2a0a9fffff
30097,880ab160e5fffff
30098,880ab28d07fffff
30099,880a860347fffff
30100,880ab3c069fffff
30101,880ab34cbbfffff
30102,880ab2135bfffff
30103,880ab3730bfffff
30104,880ab3798bfffff
30105,880ab26c8bfffff
30106,880ab33749fffff
30107,880ab27493fffff
30108,880a868615fffff
30109,880ab34923fffff
30110,880ab3aed7fffff
30111,880ab16e95fffff
30112,880a86dab5fffff
30113,880ab28d3bfffff
30114,880ab31365fffff
30115,880ab2a2adfffff
30116,880ab26edbfffff
30117,880ab2195bfffff
30118,880ab24835fffff
30119,880a86d8a3fffff
30120,880ab2ad99fffff
30121,880a868629fffff
30122,880ab20669fffff
30123,880ab30dabfffff
30124,880a8694b9fffff
30125,880ab23835fffff
30126,880a8601c7fffff
30127,880a86b845fffff
30128,880ab2d5b9fffff
30129,880a86c723fffff
30130,880ab379edfffff
30131,880ab22983fffff
30132,880a948745fffff
30133,880ab3360dfffff
30134,880ab28d13fffff
30135,880ab34ee5fffff
30136,880ab231e5fffff
30137,880a861849fffff
30138,880ab32f59fffff
30139,880ab1609dfffff
30140,880a86cf17fffff
30141,880a9492bbfffff
30142,880ab20e45fffff
30143,880a86c049fffff
30144,880ab340d7fffff
30145,880ab3af67fffff
30146,880ab24095fffff
30147,880ab3a0c9fffff
30148,880ab2533dfffff
30149,880ab3c9d7fffff
30150,880a86b0bdfffff
30151,880a868e47fffff
30152,880ab33849fffff
30153,880ab34cb9fffff
30154,880ab24885fffff
30155,880a86c52bfffff
30156,880ab26061fffff
30157,880ab27567fffff
30158,880ab2cd3dfffff
30159,880a869ad5fffff
30160,880ab32b33fffff
30161,880ab34a6bfffff
30162,880ab2c887fffff
30163,880ab22059fffff
30164,880ab26069fffff
30165,880ab3c9b5fffff
30166,880ab2784dfffff
30167,880ab242c7fffff
30168,880ab2a2b5fffff
30169,880ab2728bfffff
30170,880ab32489fffff
30171,880ab24729fffff
30172,880ab24d0bfffff
30173,880a86c291fffff
30174,88252d9863fffff
30175,880a8695d5fffff
30176,880ab22f03fffff
30177,880ab2ad53fffff
30178,880ab20b3bfffff
30179,880a86cce1fffff
30180,880ab27845fffff
30181,880a86c74bfffff
30182,880ab244b7fffff
30183,880ab3c235fffff
30184,880a86bb2bfffff
30185,880a86b8e9fffff
30186,880ab34e05fffff
30187,880ab350d3fffff
30188,880a869581fffff
30189,880ab16605fffff
30190,880ab34d99fffff
30191,880ab17adbfffff
30192,880ab24085fffff
30193,880ab24dedfffff
30194,880ab275cbfffff
30195,880a860643fffff
30196,880ab21911fffff
30197,880a86882bfffff
30198,880ab239a7fffff
30199,880ab3c6b9fffff
30200,880ab2698dfffff
30201,880ab2b8e9fffff
30202,880ab16301fffff
30203,880a8616edfffff
30204,880a86941dfffff
30205,880ab2604dfffff
30206,880a86d731fffff
30207,880a868f49fffff
30208,880ab160d9fffff
30209,880ab30621fffff
30210,880ab20101fffff
30211,880ab3c83dfffff
30212,880ab30eadfffff
30213,880ab20d4dfffff
30214,880a86c299fffff
30215,880ab3d99bfffff
30216,880ab28f3bfffff
30217,880ab3cf3dfffff
30218,880ab225e1fffff
30219,880ab27543fffff
30220,880ab2d09bfffff
30221,880ab3d531fffff
30222,880ab265bdfffff
30223,880a94d223fffff
30224,880ab3444dfffff
30225,880ab261b7fffff
30226,88252d8b27fffff
30227,880ab3c663fffff
30228,880ab3096dfffff
30229,880ab21021fffff
30230,880ab2c04dfffff
30231,880a8685d3fffff
30232,880ab31995fffff
30233,880ab202dbfffff
30234,880ab24a17fffff
30235,880ab3ca5bfffff
30236,880ab24843fffff
30237,880a94860bfffff
30238,880ab230edfffff
30239,880ab30b57fffff
30240,880ab271a9fffff
30241,88252d9121fffff
30242,880ab3a721fffff
30243,880ab3182dfffff
30244,880a86cca7fffff
30245,880ab3506bfffff
30246,880ab226d7fffff
30247,880ab3a505fffff
30248,88252d8ad1fffff
30249,880ab37b2dfffff
30250,880ab33003fffff
30251,880ab21b3bfffff
30252,880a94b015fffff
30253,880ab2225bfffff
30254,880ab129e3fffff
30255,880ab339a7fffff
30256,880a868a89fffff
30257,880a86d535fffff
30258,880ab3b56dfffff
30259,880ab260c9fffff
30260,88252d9a21fffff
30261,880ab3032bfffff
30262,880ab21a2dfffff
30263,88252d982bfffff
30264,880ab3b2b7fffff
30265,880ab26f53fffff
30266,880ab24db5fffff
30267,880ab2ce13fffff
30268,880ab34b09fffff
30269,880ab2a581fffff
30270,880a868367fffff
30271,880ab34929fffff
30272,880ab23239fffff
30273,880ab23859fffff
30274,880ab3021bfffff
30275,880a86952bfffff
30276,880ab30a47fffff
30277,880ab25007fffff
30278,880ab23761fffff
30279,880ab30cc3fffff
30280,880ab25105fffff
30281,880a86915dfffff
30282,880ab2d11bfffff
30283,880ab16463fffff
30284,880a94969bfffff
30285,880ab35b61fffff
30286,880a86aa91fffff
30287,880ab35769fffff
30288,880ab2a0b1fffff
30289,880ab23283fffff
30290,88252d8803fffff
30291,880ab355adfffff
30292,880a86d8bdfffff
30293,880ab356a5fffff
30294,880ab2a6cdfffff
30295,880a86a801fffff
30296,880ab3b5dbfffff
30297,880ab3286dfffff
30298,880ab27311fffff
30299,880ab23765fffff
30300,880ab24691fffff
30301,880ab348d7fffff
30302,880a868cd3fffff
30303,88252d9321fffff
30304,88252d9a03fffff
30305,880ab31981fffff
30306,880ab35933fffff
30307,880ab2236dfffff
30308,880ab32235fffff
30309,880ab3389bfffff
30310,880a948283fffff
30311,880ab3a457fffff
30312,880ab231a1fffff
30313,880a8680b9fffff
30314,880a94b6d5fffff
30315,880ab2a4d5fffff
30316,880ab25019fffff
30317,880ab2d563fffff
30318,880a844957fffff
30319,880ab3235dfffff
30320,880ab16e1dfffff
30321,880ab3c945fffff
30322,880ab2a18bfffff
30323,880a869a43fffff
30324,880ab23a21fffff
30325,880a865681fffff
30326,880ab3775dfffff
30327,880a861943fffff
30328,880a86a839fffff
30329,880a86034dfffff
30330,880a86b119fffff
30331,880ab28d29fffff
30332,880ab161e7fffff
30333,880ab16d41fffff
30334,880ab2491bfffff
30335,880a861441fffff
30336,880ab34c5bfffff
30337,880ab242bbfffff
30338,880ab236e5fffff
30339,880a860641fffff
30340,880ab28dbdfffff
30341,880ab30039fffff
30342,880ab3396dfffff
30343,880ab2c745fffff
30344,880ab3d589fffff
30345,880a8695e5fffff
30346,880ab3cb1bfffff
30347,880a86bb6bfffff
30348,880ab3aed3fffff
30349,880ab3a0e5fffff
30350,880ab3a0a1fffff
30351,880ab2a901fffff
30352,880a860747fffff
30353,880a869b09fffff
30354,880a861101fffff
30355,880ab1606dfffff
30356,880ab3c75dfffff
30357,880ab255edfffff
30358,880ab30ccdfffff
30359,880ab24d53fffff
30360,880ab2c327fffff
30361,880ab23ab7fffff
30362,880ab25425fffff
30363,880a86d959fffff
30364,880ab21743fffff
30365,880ab2cf17fffff
30366,880a8459a7fffff
30367,880ab2aea7fffff
30368,880ab2c513fffff
30369,880ab24e5bfffff
30370,880ab211b9fffff
30371,880ab254b9fffff
30372,880ab16ed7fffff
30373,880ab35733fffff
30374,880a8699d9fffff
30375,880ab16e29fffff
30376,880ab37319fffff
30377,880a94944bfffff
30378,880a86aa19fffff
30379,880a861847fffff
30380,88252d981dfffff
30381,880ab34b2bfffff
30382,880ab171bdfffff
30383,880ab22625fffff
30384,880ab3b53dfffff
30385,880ab28c0dfffff
30386,880ab24343fffff
30387,880ab274a7fffff
30388,880ab22e61fffff
30389,880ab3c84dfffff
30390,880a86d2adfffff
30391,880a86c625fffff
30392,880a86d505fffff
30393,88252dd69bfffff
30394,880ab358c5fffff
30395,880ab3d9d9fffff
30396,880ab2155bfffff
30397,880ab34253fffff
30398,880a86c20dfffff
30399,880a8685b9fffff
30400,88252cb753fffff
30401,880ab34037fffff
30402,880ab26429fffff
30403,880a8682c1fffff
30404,880ab339a5fffff
30405,880ab208cbfffff
30406,880ab32367fffff
30407,880ab346b1fffff
30408,880ab3d0a1fffff
30409,880a86b993fffff
30410,880ab2a88bfffff
30411,880ab25485fffff
30412,880ab2a555fffff
30413,880ab32665fffff
30414,880ab3ca33fffff
30415,880ab3a963fffff
30416,880ab37135fffff
30417,880ab251a7fffff
30418,880ab331c5fffff
30419,880ab220bbfffff
30420,88252d9ae5fffff
30421,880ab3721bfffff
30422,880ab33493fffff
30423,88252cb60bfffff
30424,880a8692b1fffff
30425,880ab169bbfffff
30426,880ab30841fffff
30427,880ab24369fffff
30428,880ab215abfffff
30429,880a86d709fffff
30430,880ab3c711fffff
30431,880ab3c02dfffff
30432,880ab265d7fffff
30433,880a868851fffff
30434,880ab31513fffff
30435,88252dd28dfffff
30436,880ab30aa1fffff
30437,880ab33617fffff
30438,880ab2aabdfffff
30439,880ab2b1edfffff
30440,880ab31147fffff
30441,880ab2b1bbfffff
30442,880ab16e6bfffff
30443,880a86c161fffff
30444,880ab33483fffff
30445,880ab346a9fffff
30446,880ab26ad5fffff
30447,88252d9ad3fffff
30448,880ab35313fffff
30449,880a869515fffff
30450,880a86334dfffff
30451,880ab20b69fffff
30452,880ab202ebfffff
30453,880ab27847fffff
30454,880ab2a2c1fffff
30455,880ab210b7fffff
30456,880ab33acdfffff
30457,880a86c643fffff
30458,880ab2a5c3fffff
30459,880ab2b133fffff
30460,880ab30867fffff
30461,880ab26de9fffff
30462,880a860461fffff
30463,880ab16eebfffff
30464,880ab3d511fffff
30465,880ab316e3fffff
30466,880ab2cc0dfffff
30467,880ab3551dfffff
30468,880a86b1adfffff
30469,880ab241d3fffff
30470,880ab26691fffff
30471,880ab34911fffff
30472,880ab35a83fffff
30473,880ab2636bfffff
30474,88252d9b2bfffff
30475,880ab33ae7fffff
30476,880ab34aa5fffff
30477,880a86016bfffff
30478,880a844ad9fffff
30479,880ab21929fffff
30480,880ab2a70dfffff
30481,880a868587fffff
30482,880a8612abfffff
30483,880a86b19bfffff
30484,880a86cdebfffff
30485,880ab16b0bfffff
30486,880a860aa9fffff
30487,880ab251c3fffff
30488,880a861b61fffff
30489,880ab2b9c1fffff
30490,88252dd6a7fffff
30491,880ab26885fffff
30492,880a86c355fffff
30493,880ab3a6c3fffff
30494,880ab26363fffff
30495,880ab2a68dfffff
30496,88252cb74dfffff
30497,880ab27013fffff
30498,880ab34993fffff
30499,880a869859fffff
30500,880ab2ba57fffff
30501,880ab3d061fffff
30502,880ab3110bfffff
30503,880ab3b72dfffff
30504,880a94b453fffff
30505,880a861721fffff
30506,880a86192bfffff
30507,880ab2688bfffff
30508,880ab28d45fffff
30509,880a861b51fffff
30510,880ab348ddfffff
30511,880ab3adb7fffff
30512,880a8652cdfffff
30513,880ab34e95fffff
30514,880ab2c33dfffff
30515,880ab20039fffff
30516,880ab34969fffff
30517,88252cb66bfffff
30518,880ab2c8e1fffff
30519,880ab3782dfffff
30520,880ab222bbfffff
30521,880ab25813fffff
30522,880ab24203fffff
30523,880ab30d69fffff
30524,880ab22341fffff
30525,880a9495c5fffff
30526,880ab28e87fffff
30527,880ab2c8e5fffff
30528,880a86db0dfffff
30529,880ab24e1bfffff
30530,880ab24f4dfffff
30531,880ab215b1fffff
30532,880a86b22bfffff
30533,880ab17a87fffff
30534,880a86a18bfffff
30535,880ab3180bfffff
30536,880ab251cbfffff
30537,880ab3c595fffff
30538,880ab27289fffff
30539,880ab252adfffff
30540,880ab28c07fffff
30541,880ab36325fffff
30542,880ab22e65fffff
30543,880ab3a86bfffff
30544,880ab3b8b7fffff
30545,880ab211c5fffff
30546,880ab24ec1fffff
30547,880ab3219bfffff
30548,880ab30b07fffff
30549,880a949b4dfffff
30550,880ab2702bfffff
30551,880ab2a6a1fffff
30552,880ab3ada7fffff
30553,880a86b187fffff
30554,880a869adbfffff
30555,880ab22989fffff
30556,880ab30a05fffff
30557,880ab22597fffff
30558,880a8682ddfffff
30559,880ab06913fffff
30560,880ab2771dfffff
30561,880ab389a5fffff
30562,880ab30b65fffff
30563,880a869993fffff
30564,880ab2172bfffff
30565,880a861429fffff
30566,880a86d2e3fffff
30567,880ab2a9a1fffff
30568,880ab3a0e7fffff
30569,880ab35259fffff
30570,880ab33769fffff
30571,880ab300b7fffff
30572,880ab20497fffff
30573,880ab20521fffff
30574,880ab26a2bfffff
30575,880a86b041fffff
30576,880ab24cd7fffff
30577,880ab2534dfffff
30578,88252d8957fffff
30579,880ab2084dfffff
30580,880ab246a7fffff
30581,880a86c4adfffff
30582,880ab16e89fffff
30583,880ab20e8dfffff
30584,880ab242e3fffff
30585,880ab2ba2bfffff
30586,880ab27537fffff
30587,880a86ceebfffff
30588,880ab221e9fffff
30589,880a94b06bfffff
30590,880ab26817fffff
30591,880a86d04dfffff
30592,880ab34a9bfffff
30593,880ab2046bfffff
30594,880a8698adfffff
30595,880ab24125fffff
30596,880ab2cdddfffff
30597,880ab3b999fffff
30598,880ab164cdfffff
30599,880ab22c9dfffff
30600,880ab248d9fffff
30601,880ab17817fffff
30602,880ab3a12dfffff
30603,880ab205a7fffff
30604,880ab34205fffff
30605,880a86c255fffff
30606,880a86b207fffff
30607,880ab21b15fffff
30608,880ab26737fffff
30609,88252cb665fffff
30610,880a868cb1fffff
30611,880ab16f13fffff
30612,880a86baa9fffff
30613,880a8449adfffff
30614,880ab2b829fffff
30615,880ab34b5bfffff
30616,880ab208cdfffff
30617,880a8449bdfffff
30618,880ab2b505fffff
30619,880ab221b9fffff
30620,880a9482d9fffff
30621,880ab23423fffff
30622,880ab2774bfffff
30623,880a8610c3fffff
30624,880ab3ce07fffff
30625,880ab218ebfffff
30626,880a86a33bfffff
30627,880a86d927fffff
30628,88252d99e5fffff
30629,88252d9a17fffff
30630,880a861513fffff
30631,880ab25525fffff
30632,880ab1628dfffff
30633,880a8602c3fffff
30634,880ab24545fffff
30635,880ab37543fffff
30636,880a94b641fffff
30637,880ab20367fffff
30638,880ab3559dfffff
30639,880ab2469dfffff
30640,880ab3315bfffff
30641,880ab2b8cdfffff
30642,880ab32767fffff
30643,880ab20769fffff
30644,880ab3ad89fffff
30645,880ab20611fffff
30646,880ab2458bfffff
30647,880ab2a019fffff
30648,880ab32745fffff
30649,880ab24c69fffff
30650,880ab162d7fffff
30651,880ab322c5fffff
30652,880a868a4bfffff
30653,880a86d445fffff
30654,880ab3ceddfffff
30655,880ab2746dfffff
30656,880a869417fffff
30657,880ab26f23fffff
30658,880a8682c7fffff
30659,880ab24089fffff
30660,880ab2781dfffff
30661,880ab24249fffff
30662,880ab24d8dfffff
30663,880ab16a33fffff
30664,880ab16803fffff
30665,880ab345c7fffff
30666,880ab34d93fffff
30667,880ab208d7fffff
30668,880ab218e7fffff
30669,880a86cdc1fffff
30670,880ab2252dfffff
30671,880a86c9ddfffff
30672,880ab2023bfffff
30673,880ab354a1fffff
30674,880a86886bfffff
30675,880ab2c507fffff
30676,880ab22d37fffff
30677,880a86a015fffff
30678,880ab20ae1fffff
30679,880a9494a5fffff
30680,880ab34d83fffff
30681,880ab322e7fffff
30682,880ab3a1d1fffff
30683,880a86daa9fffff
30684,880ab2d58bfffff
30685,880ab34625fffff
30686,880ab3340bfffff
30687,880ab2c465fffff
30688,880ab24ccdfffff
30689,880a861303fffff
30690,880a869a1dfffff
30691,880ab266b1fffff
30692,880a868dd3fffff
30693,880a86d089fffff
30694,880a948291fffff
30695,880ab30ec3fffff
30696,880ab2014bfffff
30697,880ab3a6ebfffff
30698,880ab2d0e5fffff
30699,880ab06901fffff
30700,880ab16893fffff
30701,880a869309fffff
30702,880ab3a053fffff
30703,880ab24161fffff
30704,880ab34a21fffff
30705,880ab238ddfffff
30706,880ab26f39fffff
30707,880ab20cb7fffff
30708,880ab16349fffff
30709,880a86ce53fffff
30710,880ab20f3bfffff
30711,880a8698abfffff
30712,880ab3da45fffff
30713,880ab33633fffff
30714,880ab2544dfffff
30715,880ab34b37fffff
30716,880ab27705fffff
30717,880ab3aec5fffff
30718,880a86a817fffff
30719,880ab2515dfffff
30720,880a86c2d9fffff
30721,880ab258b7fffff
30722,880ab23acdfffff
30723,880ab2c52bfffff
30724,880ab20e25fffff
30725,880ab301b1fffff
30726,880ab285a3fffff
30727,880a844b17fffff
30728,880ab31189fffff
30729,880a868b2dfffff
30730,880a868a23fffff
30731,880ab20f1dfffff
30732,880ab326b1fffff
30733,880ab21aedfffff
30734,880ab231adfffff
30735,880ab30cb9fffff
30736,880ab305a7fffff
30737,88252d9107fffff
30738,880a863153fffff
30739,880ab330c3fffff
30740,880ab3d205fffff
30741,880a86c607fffff
30742,880ab2b5c5fffff
30743,880ab37ae5fffff
30744,880ab2a045fffff
30745,880ab3405dfffff
30746,880ab3c2b3fffff
30747,880a8688bdfffff
30748,880ab252a9fffff
30749,880ab2470dfffff
30750,880ab24e23fffff
30751,880a9496e9fffff
30752,880a9494cdfffff
30753,880ab25ad5fffff
30754,880ab2354dfffff
30755,880ab2b04dfffff
30756,880ab32713fffff
30757,880ab38935fffff
30758,880ab2af33fffff
30759,880ab2642dfffff
30760,88252d8a69fffff
30761,880ab37431fffff
30762,880ab2192bfffff
30763,880ab22445fffff
30764,880ab3d25dfffff
30765,880a94d24bfffff
30766,880a8619ddfffff
30767,880ab2c227fffff
30768,880a868c57fffff
30769,880ab3a751fffff
30770,880ab230b1fffff
30771,880ab24db3fffff
30772,880ab27b37fffff
30773,880ab252c1fffff
30774,880ab27801fffff
30775,880ab3af31fffff
30776,880ab2620dfffff
30777,880ab2d125fffff
30778,880ab30ce1fffff
30779,880ab30c9bfffff
30780,880ab21633fffff
30781,880ab31a15fffff
30782,880a8449dbfffff
30783,880ab20d1bfffff
30784,880ab3c2c1fffff
30785,880a860647fffff
30786,880ab3a8b5fffff
30787,880ab33647fffff
30788,880a86c5a5fffff
30789,88252dd601fffff
30790,88252d8167fffff
30791,880a86566bfffff
30792,880ab30ecbfffff
30793,880ab2772bfffff
30794,880ab3c18dfffff
30795,880ab2b9e9fffff
30796,880ab34825fffff
30797,880a86d4e7fffff
30798,880ab276e3fffff
30799,880ab20933fffff
30800,880ab22c19fffff
30801,880ab33439fffff
30802,880a868dabfffff
30803,880ab2ccd1fffff
30804,880a861a1bfffff
30805,880ab34311fffff
30806,880ab2a58dfffff
30807,880a86d981fffff
30808,880a861a53fffff
30809,880ab234e5fffff
30810,880a86c013fffff
30811,880ab212c5fffff
30812,88252d99b5fffff
30813,880ab33401fffff
30814,880ab2c0c7fffff
30815,880ab2c62bfffff
30816,880a863059fffff
30817,880ab3390dfffff
30818,880ab2bacdfffff
30819,880ab37b5bfffff
30820,880ab355d3fffff
30821,880a86aa45fffff
30822,880ab2182bfffff
30823,880ab354e3fffff
30824,880a869127fffff
30825,880a86cd09fffff
30826,880ab321e7fffff
30827,880a86c6e7fffff
30828,880ab2d897fffff
30829,880ab3c90bfffff
30830,880ab20687fffff
30831,880ab23067fffff
30832,880ab32765fffff
30833,880ab3c313fffff
30834,880ab25641fffff
30835,880ab2ab5bfffff
30836,880ab26961fffff
30837,880ab338abfffff
30838,880ab3b933fffff
30839,880a865647fffff
30840,880ab20189fffff
30841,880a861a41fffff
30842,880a86d12dfffff
30843,880ab2a317fffff
30844,880ab34e87fffff
30845,880ab262e1fffff
30846,880a869219fffff
30847,880ab2305dfffff
30848,880ab3ca85fffff
30849,880ab3b4e5fffff
30850,880ab3391dfffff
30851,880ab204a1fffff
30852,880ab3564bfffff
30853,880ab20e27fffff
30854,880ab2c9d5fffff
30855,880ab371adfffff
30856,880ab24ad9fffff
30857,880ab28895fffff
30858,880ab2c413fffff
30859,880a86da47fffff
30860,880ab2576dfffff
30861,880ab22c03fffff
30862,880ab34cddfffff
30863,880a8695bdfffff
30864,880ab2c4d7fffff
30865,880a86a921fffff
30866,880ab27a11fffff
30867,880ab3cde7fffff
30868,880ab27103fffff
30869,880ab2313bfffff
30870,880ab2553bfffff
30871,880a86d94bfffff
30872,880ab20ea9fffff
30873,880a861315fffff
30874,880ab37457fffff
30875,880ab22addfffff
30876,880a86ca37fffff
30877,880ab3232bfffff
30878,880ab2d117fffff
30879,880a863305fffff
30880,880a860703fffff
30881,880ab3c813fffff
30882,880a949733fffff
30883,880a86cf41fffff
30884,880ab21adbfffff
30885,880ab31415fffff
30886,880a868323fffff
30887,880ab209bdfffff
30888,880ab28c45fffff
30889,880ab34315fffff
30890,880ab3aeb9fffff
30891,880ab250d5fffff
30892,880ab34757fffff
30893,880ab2c2e7fffff
30894,880a8699b1fffff
30895,880ab2251dfffff
30896,880a8690bdfffff
30897,880ab2aa3bfffff
30898,880ab3cf2dfffff
30899,880a844861fffff
30900,880a86c133fffff
30901,880ab254e3fffff
30902,880ab34ac7fffff
30903,880a86c04dfffff
30904,88252d8a37fffff
30905,880ab1666bfffff
30906,880ab2ad8bfffff
30907,880ab3b62bfffff
30908,880ab17a01fffff
30909,880ab3cd4bfffff
30910,880ab30b2dfffff
30911,880ab27901fffff
30912,880ab2242bfffff
30913,880a868585fffff
30914,880a86d9c9fffff
30915,880a948295fffff
30916,880ab225d9fffff
30917,880ab3181dfffff
30918,880a869229fffff
30919,880ab31587fffff
30920,880ab23a13fffff
30921,880ab20cb1fffff
30922,880ab1612dfffff
30923,880ab2213bfffff
30924,88252dd29dfffff
30925,880a861669fffff
30926,880a86140dfffff
30927,880ab3c621fffff
30928,880ab212a5fffff
30929,880a86baa5fffff
30930,880ab27611fffff
30931,880ab3d857fffff
30932,880ab26135fffff
30933,880a869a09fffff
30934,880ab26b29fffff
30935,880ab21a27fffff
30936,880ab315d5fffff
30937,880ab2792dfffff
30938,880ab3a54bfffff
30939,880ab32329fffff
30940,880ab26e55fffff
30941,880ab26205fffff
30942,880ab24cabfffff
30943,880a86ba1dfffff
30944,880a8681a1fffff
30945,880ab34051fffff
30946,880ab33599fffff
30947,880ab20e59fffff
30948,880ab3d82dfffff
30949,880ab3c957fffff
30950,880ab37717fffff
30951,880ab3745dfffff
30952,880ab316a7fffff
30953,880ab314edfffff
30954,880ab24681fffff
30955,880a86b915fffff
30956,880ab2a18dfffff
30957,880a86a1dbfffff
30958,880a861205fffff
30959,880ab2af47fffff
30960,880ab2710bfffff
30961,880ab341dbfffff
30962,880ab2170bfffff
30963,880ab2a5b5fffff
30964,880ab28d0dfffff
30965,880ab24331fffff
30966,880a844ae9fffff
30967,880ab27429fffff
30968,880ab3a8c1fffff
30969,880ab22433fffff
30970,880ab276c7fffff
30971,880ab23645fffff
30972,880ab25883fffff
30973,880ab27461fffff
30974,880ab3a145fffff
30975,88252d916bfffff
30976,880ab31331fffff
30977,880ab21733fffff
30978,880a868425fffff
30979,880ab21aabfffff
30980,880ab3c4e7fffff
30981,880ab241c1fffff
30982,880ab16c93fffff
30983,880ab3760dfffff
30984,880a86918bfffff
30985,880ab3553dfffff
30986,880a860e55fffff
30987,880ab2cdabfffff
30988,880ab2a6b9fffff
30989,880ab338ebfffff
30990,880ab3a6e1fffff
30991,880a86c647fffff
30992,880ab3c861fffff
30993,880ab3d897fffff
30994,880ab30dd3fffff
30995,880a86a9dbfffff
30996,880ab3b765fffff
30997,880ab37405fffff
30998,880ab2b0b7fffff
30999,880a86a9ebfffff
31000,880ab2a509fffff
31001,880a844b1bfffff
31002,880ab31a33fffff
31003,880a861a37fffff
31004,880a94b2dbfffff
31005,88252d8b65fffff
31006,880ab3a437fffff
31007,880ab271b3fffff
31008,880a8695c5fffff
31009,880a94b6c9fffff
31010,880ab2ac15fffff
31011,880a869997fffff
31012,880a8614c7fffff
31013,880ab25653fffff
31014,880a8689d5fffff
31015,880ab22c97fffff
31016,880a86ca41fffff
31017,880ab21331fffff
31018,880ab20141fffff
31019,880ab32e49fffff
31020,880ab3cf1dfffff
31021,880ab2696bfffff
31022,880ab37283fffff
31023,880ab205d9fffff
31024,880ab3c2edfffff
31025,880a868d09fffff
31026,880a869959fffff
31027,880ab27addfffff
31028,880a868c53fffff
31029,880a86d737fffff
31030,880ab33251fffff
31031,880ab2b901fffff
31032,880ab2a511fffff
31033,880ab30905fffff
31034,880a86da4bfffff
31035,880a84499dfffff
31036,880ab27595fffff
31037,880a86a9c5fffff
31038,880ab3c8d5fffff
31039,880ab3d813fffff
31040,880ab25409fffff
31041,880ab37055fffff
31042,880ab2102bfffff
31043,88252dd769fffff
31044,880a868a2dfffff
31045,880ab236ddfffff
31046,880a8696a5fffff
31047,880ab16e07fffff
31048,880ab2a011fffff
31049,880ab3126dfffff
31050,880ab1692bfffff
31051,880ab232ddfffff
31052,88252d9b03fffff
31053,880a863109fffff
31054,880a949535fffff
31055,880ab21a53fffff
31056,880ab23921fffff
31057,880a86173dfffff
31058,880a86b0c5fffff
31059,880ab232e9fffff
31060,880ab340abfffff
31061,880ab20223fffff
31062,880ab224a3fffff
31063,880ab27253fffff
31064,880ab25709fffff
31065,880ab178b1fffff
31066,880ab30f59fffff
31067,880ab25093fffff
31068,880ab35315fffff
31069,880ab17a17fffff
31070,880a860a69fffff
31071,880a86af5bfffff
31072,880a86c235fffff
31073,880a86a107fffff
31074,880ab234dbfffff
31075,880ab3318dfffff
31076,880ab35983fffff
31077,880a860111fffff
31078,880a86b831fffff
31079,880ab23095fffff
31080,880a844949fffff
31081,880ab3a749fffff
31082,880a861b25fffff
31083,880ab33a03fffff
31084,880ab16989fffff
31085,880ab22c35fffff
31086,880ab16a05fffff
31087,880ab26e81fffff
31088,880ab2b953fffff
31089,880ab2035dfffff
31090,880ab16ea7fffff
31091,880ab27a13fffff
31092,880a86db35fffff
31093,880ab20983fffff
31094,880ab3d8c5fffff
31095,880a9495d7fffff
31096,880ab2c289fffff
31097,880ab272bdfffff
31098,880ab25025fffff
31099,880ab320e1fffff
31100,880ab17897fffff
31101,880ab2b5e9fffff
31102,880ab2a4b3fffff
31103,880ab2c22dfffff
31104,880ab2060bfffff
31105,880ab38907fffff
31106,880ab25ac9fffff
31107,880a8692a3fffff
31108,880a86b15bfffff
31109,880ab26299fffff
31110,880ab210e7fffff
31111,88252d8a67fffff
31112,880ab24185fffff
31113,880a8448a9fffff
31114,880ab2673bfffff
31115,880a868a29fffff
31116,880ab20803fffff
31117,880ab26f45fffff
31118,880ab161a3fffff
31119,880ab2a1bbfffff
31120,880ab24511fffff
31121,880a9492d1fffff
31122,880ab2c169fffff
31123,880ab16e13fffff
31124,880ab209c7fffff
31125,880a868037fffff
31126,880ab2c647fffff
31127,880a8685cbfffff
31128,880ab379c9fffff
31129,880a86b227fffff
31130,880a868ae7fffff
31131,880ab06b3dfffff
31132,880a860e43fffff
31133,880ab22b51fffff
31134,880ab2a13dfffff
31135,880ab2405bfffff
31136,880a868e39fffff
31137,880a86c03dfffff
31138,880a94d207fffff
31139,880ab27b0dfffff
31140,880ab31927fffff
31141,880ab21003fffff
31142,880a86c8e9fffff
31143,880a86d165fffff
31144,88252cb6c7fffff
31145,880ab28ccbfffff
31146,880ab319cdfffff
31147,880a868ce3fffff
31148,880ab16145fffff
31149,880ab1670dfffff
31150,880ab3c723fffff
31151,880ab22309fffff
31152,880a86a9b5fffff
31153,880ab326abfffff
31154,880a86c4c3fffff
31155,880ab268a5fffff
31156,880ab2c5ddfffff
31157,880ab34eb3fffff
31158,880ab212ddfffff
31159,880a86c925fffff
31160,88252d9acdfffff
31161,880ab2746bfffff
31162,880ab20ae3fffff
31163,880ab3729dfffff
31164,880a868361fffff
31165,880ab20cc7fffff
31166,880ab28e99fffff
31167,880ab2c2a9fffff
31168,880a868ca1fffff
31169,880ab2c71dfffff
31170,880ab22307fffff
31171,880ab3cc8dfffff
31172,880ab25609fffff
31173,880a868f45fffff
31174,880ab3af45fffff
31175,880ab3cc8bfffff
31176,880ab26ad1fffff
31177,880ab2514bfffff
31178,880ab241bdfffff
31179,880a8698b3fffff
31180,880ab30443fffff
31181,880a86d8d9fffff
31182,880a86af59fffff
31183,880ab179cdfffff
31184,880a86c40dfffff
31185,880ab35a29fffff
31186,880ab27893fffff
31187,880ab26e97fffff
31188,880ab3a653fffff
31189,880ab30e0dfffff
31190,880ab2d501fffff
31191,880ab2c6ddfffff
31192,880ab16c67fffff
31193,88252d99a3fffff
31194,880a8618abfffff
31195,880a86814bfffff
31196,880ab26311fffff
31197,880a86bb45fffff
31198,880a86c61dfffff
31199,880ab2766bfffff
31200,880ab21295fffff
31201,88252d9367fffff
31202,880a86a8c3fffff
31203,880ab30237fffff
31204,880ab3cda1fffff
31205,880a86b267fffff
31206,880ab2b54bfffff
31207,880ab12db3fffff
31208,880a86c6ddfffff
31209,880ab25a1bfffff
31210,880ab2300bfffff
31211,88252dd6ddfffff
31212,880ab2d499fffff
31213,880ab21085fffff
31214,880a86c1a5fffff
31215,880ab210c7fffff
31216,880ab16881fffff
31217,880a86c51bfffff
31218,880a863057fffff
31219,880ab20a4bfffff
31220,880ab35911fffff
31221,880ab22539fffff
31222,880a86c04bfffff
31223,880ab23653fffff
31224,880ab27367fffff
31225,880a86b24bfffff
31226,880a86d525fffff
31227,880ab274abfffff
31228,880a869759fffff
31229,880a949519fffff
31230,880ab16621fffff
31231,880a868623fffff
31232,880ab25ab7fffff
31233,880a861557fffff
31234,880a86c12dfffff
31235,880ab16ee3fffff
31236,880ab35419fffff
31237,880ab3ac01fffff
31238,880ab21135fffff
31239,880ab23499fffff
31240,880ab26dd9fffff
31241,880ab35193fffff
31242,880ab20501fffff
31243,880ab35463fffff
31244,880ab2a125fffff
31245,880ab32039fffff
31246,880a86c4c1fffff
31247,88252dd699fffff
31248,880ab2bb19fffff
31249,880ab27b25fffff
31250,880ab23029fffff
31251,880a869945fffff
31252,880a868963fffff
31253,880ab26c8dfffff
31254,880a86882dfffff
31255,880ab35611fffff
31256,880ab26c37fffff
31257,880ab22cd1fffff
31258,880ab3ac39fffff
31259,880ab300c5fffff
31260,880ab32a89fffff
31261,880ab2c145fffff
31262,880ab32443fffff
31263,880ab32b6dfffff
31264,880ab208d9fffff
31265,880ab345e9fffff
31266,880a86d225fffff
31267,880ab202d5fffff
31268,880ab24117fffff
31269,880a86c5b1fffff
31270,880ab2a605fffff
31271,880ab209cbfffff
31272,880ab3cf03fffff
31273,880ab33463fffff
31274,880ab241b3fffff
31275,880ab2cee7fffff
31276,880ab22069fffff
31277,880a8610edfffff
31278,88252d9831fffff
31279,880ab2acebfffff
31280,880ab26289fffff
31281,880a86cb2dfffff
31282,880ab3cc81fffff
31283,880ab335a1fffff
31284,880ab221d3fffff
31285,880ab21a5dfffff
31286,880ab32691fffff
31287,880ab3265dfffff
31288,880a844ab5fffff
31289,880ab32335fffff
31290,880ab164b9fffff
31291,880ab31153fffff
31292,880a86cc49fffff
31293,880ab2c9e3fffff
31294,880ab2d4d9fffff
31295,880ab2c02dfffff
31296,880a86bad5fffff
31297,880ab2b995fffff
31298,880ab21a49fffff
31299,880ab22955fffff
31300,880ab2cda1fffff
31301,880ab25417fffff
31302,880ab356e3fffff
31303,880a86cdbdfffff
31304,880ab2b5dbfffff
31305,880ab3228dfffff
31306,880ab3306dfffff
31307,880ab3576bfffff
31308,880ab356bdfffff
31309,880ab178c9fffff
31310,880ab2ad25fffff
31311,880a86d0a7fffff
31312,880a86ccb9fffff
31313,880ab200d9fffff
31314,880a869511fffff
31315,880ab2c10dfffff
31316,880ab37b43fffff
31317,880a86daa1fffff
31318,880ab321a1fffff
31319,880ab2c66bfffff
31320,880ab2ce31fffff
31321,88252cb66dfffff
31322,880ab3ce95fffff
31323,880ab231b1fffff
31324,880ab34b31fffff
31325,880a94b719fffff
31326,880a86bacbfffff
31327,880a861417fffff
31328,880ab2445bfffff
31329,880a86ca47fffff
31330,880ab16709fffff
31331,880ab2d59dfffff
31332,880ab23901fffff
31333,880ab32b67fffff
31334,880ab3d9abfffff
31335,880ab3c41dfffff
31336,880ab2a983fffff
31337,880ab22dc5fffff
31338,880ab319e7fffff
31339,880ab3b545fffff
31340,880ab2548dfffff
31341,880ab2c187fffff
31342,880ab268adfffff
31343,880ab21059fffff
31344,880a86da5bfffff
31345,880ab3c249fffff
31346,880ab261b3fffff
31347,880a868043fffff
31348,880ab2aca7fffff
31349,880ab255e1fffff
31350,880ab276d3fffff
31351,88252d9869fffff
31352,880a868939fffff
31353,880a869acbfffff
31354,88252cb649fffff
31355,880ab1668bfffff
31356,880ab26c45fffff
31357,880a86d641fffff
31358,880a86c919fffff
31359,880ab26753fffff
31360,880ab250e7fffff
31361,880a86d969fffff
31362,880a8619abfffff
31363,880a84490bfffff
31364,880ab2785bfffff
31365,880ab371cbfffff
31366,880ab2ad47fffff
31367,880a86cb57fffff
31368,880ab2c099fffff
31369,880a8615cbfffff
31370,880a868b17fffff
31371,880ab2713bfffff
31372,880ab3d95bfffff
31373,880ab2b521fffff
31374,880ab3a211fffff
31375,880a86ad23fffff
31376,880a8619e3fffff
31377,880ab16eb9fffff
31378,88252d9b11fffff
31379,880ab22c49fffff
31380,880ab27015fffff
31381,880ab168a3fffff
31382,880ab26805fffff
31383,880ab376a7fffff
31384,880ab30647fffff
31385,880a86a06bfffff
31386,880a869929fffff
31387,880a94d35dfffff
31388,880ab16149fffff
31389,880ab378ddfffff
31390,880a94d203fffff
31391,880a86ceb5fffff
31392,880ab2cd07fffff
31393,880a86b107fffff
31394,880a869989fffff
31395,880ab2cacdfffff
31396,880ab22a91fffff
31397,880ab2b233fffff
31398,880ab3aae5fffff
31399,880ab2daddfffff
31400,880ab3aa93fffff
31401,880a86c941fffff
31402,880a860225fffff
31403,880a86936bfffff
31404,880ab319edfffff
31405,880ab20c61fffff
31406,880a86a2adfffff
31407,880ab24ebdfffff
31408,880ab27411fffff
31409,880ab2ba13fffff
31410,880a869883fffff
31411,880a86d22bfffff
31412,880ab35969fffff
31413,880a86915bfffff
31414,880ab27369fffff
31415,880ab22691fffff
31416,880ab2b559fffff
31417,880ab32f0dfffff
31418,880ab2a337fffff
31419,880a86d14bfffff
31420,880ab24ac1fffff
31421,880ab26183fffff
31422,880a86ad6dfffff
31423,880ab37359fffff
31424,880a86aab3fffff
31425,880ab2053dfffff
31426,880ab3cb67fffff
31427,880ab3d92dfffff
31428,880a94d2c7fffff
31429,880ab23305fffff
31430,880ab32701fffff
31431,880ab22807fffff
31432,880ab17ae9fffff
31433,880ab2a165fffff
31434,880ab315e5fffff
31435,880a86193dfffff
31436,880ab33963fffff
31437,880ab3cc59fffff
31438,880ab23935fffff
31439,880ab3cb21fffff
31440,880ab2b1bdfffff
31441,880ab2c11bfffff
31442,880a868e09fffff
31443,880ab251abfffff
31444,880a86a205fffff
31445,880ab20b09fffff
31446,880a86811dfffff
31447,880a8612b5fffff
31448,880ab33949fffff
31449,880ab16523fffff
31450,880a86c6d7fffff
31451,880ab1656dfffff
31452,880a86bab5fffff
31453,880ab168e1fffff
31454,880ab20b51fffff
31455,880ab21519fffff
31456,880a94954dfffff
31457,880ab2a545fffff
31458,880a86b853fffff
31459,880ab22027fffff
31460,880ab16557fffff
31461,880a860725fffff
31462,880ab26e0dfffff
31463,880ab3c23dfffff
31464,880ab27227fffff
31465,880a86cce9fffff
31466,880ab3cf25fffff
31467,880ab2cf61fffff
31468,880ab22ca9fffff
31469,880a844829fffff
31470,880ab2608bfffff
31471,880a86a22dfffff
31472,880ab3d18bfffff
31473,880ab33937fffff
31474,880ab24665fffff
31475,880ab30997fffff
31476,880ab2c611fffff
31477,880ab26991fffff
31478,880ab32241fffff
31479,880ab06b39fffff
31480,880ab22d83fffff
31481,880a8698e3fffff
31482,880ab33637fffff
31483,880ab21515fffff
31484,880ab16c81fffff
31485,880a86a161fffff
31486,880ab16a25fffff
31487,880a860ae7fffff
31488,880ab26827fffff
31489,880ab3daadfffff
31490,880ab3044dfffff
31491,880ab34f4bfffff
31492,880a863365fffff
31493,880ab374d3fffff
31494,880a861881fffff
31495,880ab239b7fffff
31496,880ab32a83fffff
31497,880ab26101fffff
31498,880ab31835fffff
31499,880ab33851fffff
31500,880ab34041fffff
31501,880ab34891fffff
31502,880ab2040dfffff
31503,880ab252d9fffff
31504,88252d9757fffff
31505,880ab26653fffff
31506,880ab33897fffff
31507,880ab2ab61fffff
31508,880ab3785bfffff
31509,880ab20a4dfffff
31510,880a868621fffff
31511,880ab37603fffff
31512,880ab34435fffff
31513,880ab27141fffff
31514,880ab23aa9fffff
31515,880ab3b881fffff
31516,88252dd2ddfffff
31517,880a86ab1bfffff
31518,880ab24f3dfffff
31519,880ab33685fffff
31520,880a94b027fffff
31521,880a86c44bfffff
31522,880ab3ab39fffff
31523,880ab24ae1fffff
31524,880ab3c047fffff
31525,880a8616d3fffff
31526,880a861acbfffff
31527,880ab2a143fffff
31528,880ab35b0dfffff
31529,880ab2511dfffff
31530,880ab35715fffff
31531,880ab16195fffff
31532,880ab28c4bfffff
31533,880a86835dfffff
31534,880ab3793dfffff
31535,880ab24823fffff
31536,880ab3a325fffff
31537,880ab22519fffff
31538,88252d8107fffff
31539,880ab16b25fffff
31540,880ab22695fffff
31541,880ab33aa9fffff
31542,880ab37243fffff
31543,880ab16a0bfffff
31544,880ab26639fffff
31545,880ab3c483fffff
31546,880ab3adc9fffff
31547,880ab2442dfffff
31548,880ab26449fffff
31549,880ab31503fffff
31550,880ab352a3fffff
31551,88252d9a63fffff
31552,880a865363fffff
31553,880a868703fffff
31554,880ab2c15dfffff
31555,880ab3b9e1fffff
31556,880ab24589fffff
31557,880ab164c7fffff
31558,880ab2ce09fffff
31559,880ab374edfffff
31560,88252d9141fffff
31561,880ab3531bfffff
31562,880ab26c09fffff
31563,880ab206a7fffff
31564,880a9492dbfffff
31565,880ab2a65dfffff
31566,880ab20197fffff
31567,880a86c229fffff
31568,880ab3c4d5fffff
31569,880ab24281fffff
31570,880ab34d23fffff
31571,880a86d121fffff
31572,880ab32037fffff
31573,880a869495fffff
31574,880ab2a585fffff
31575,880ab06921fffff
31576,880a86124dfffff
31577,880ab2b5b1fffff
31578,880ab3783bfffff
31579,880ab16e47fffff
31580,880a94b60dfffff
31581,880ab2296bfffff
31582,880ab26343fffff
31583,880ab216e3fffff
31584,880ab266e9fffff
31585,880ab3a133fffff
31586,880ab3d8cbfffff
31587,880a868807fffff
31588,880ab3d36dfffff
31589,880a86aaabfffff
31590,880a861863fffff
31591,880ab33433fffff
31592,880a868417fffff
31593,880ab28cebfffff
31594,880ab3c837fffff
31595,880ab215e7fffff
31596,880ab3b88dfffff
31597,880ab2ca13fffff
31598,880ab2c0abfffff
31599,880ab3d301fffff
31600,880ab326a7fffff
31601,880ab20c01fffff
31602,880ab3d525fffff
31603,880ab32a1bfffff
31604,880ab33255fffff
31605,880ab2891dfffff
31606,880ab164ddfffff
31607,880ab35437fffff
31608,880ab2a287fffff
31609,880ab2320dfffff
31610,880ab2c60dfffff
31611,880ab35a91fffff
31612,880ab34a1bfffff
31613,880ab30b69fffff
31614,880a86a9b1fffff
31615,880ab31a0dfffff
31616,880ab32a01fffff
31617,880ab23349fffff
31618,880a86cec3fffff
31619,880ab24995fffff
31620,880ab34769fffff
31621,880ab06d6bfffff
31622,880ab24605fffff
31623,880a844833fffff
31624,88252dd0e1fffff
31625,880a868659fffff
31626,880a949407fffff
31627,880ab2672dfffff
31628,880ab3cb4bfffff
31629,880ab3b9d1fffff
31630,880ab16eddfffff
31631,880a861439fffff
31632,880ab31847fffff
31633,880ab17ad7fffff
31634,880ab2c131fffff
31635,880ab330cbfffff
31636,880ab2a31bfffff
31637,880ab34941fffff
31638,880ab2530bfffff
31639,880ab3d351fffff
31640,880ab2418dfffff
31641,880ab16cb9fffff
31642,880a86ac6dfffff
31643,880a9494a9fffff
31644,880ab2ac8bfffff
31645,880ab346edfffff
31646,880ab37b1dfffff
31647,880a8615bbfffff
31648,880ab26193fffff
31649,880a86b049fffff
31650,880ab21333fffff
31651,880ab3ac2bfffff
31652,880ab22733fffff
31653,880ab20927fffff
31654,880ab3c80dfffff
31655,880ab25049fffff
31656,880ab20469fffff
31657,880a869207fffff
31658,880ab2c2d9fffff
31659,880ab348c3fffff
31660,880ab26185fffff
31661,880a844997fffff
31662,880ab37823fffff
31663,880a86cb3dfffff
31664,880ab3212dfffff
31665,880ab33309fffff
31666,880ab339ebfffff
31667,880ab3cc95fffff
31668,880ab2c569fffff
31669,880ab3344dfffff
31670,880a868225fffff
31671,88252d894dfffff
31672,880a86b167fffff
31673,880ab348abfffff
31674,880a869acdfffff
31675,880ab3b529fffff
31676,880ab2cdb7fffff
31677,880ab3ad03fffff
31678,880ab37851fffff
31679,880ab3c505fffff
31680,880ab16815fffff
31681,880ab3114dfffff
31682,880ab24ccbfffff
31683,880ab3aa65fffff
31684,880ab3a743fffff
31685,880a86b2bdfffff
31686,880ab16821fffff
31687,880a86c0a5fffff
31688,880ab2a645fffff
31689,880ab3a595fffff
31690,880ab3c527fffff
31691,880ab171a1fffff
31692,880ab2cd8bfffff
31693,880a86c26bfffff
31694,880ab2d037fffff
31695,880ab30b03fffff
31696,880ab3af01fffff
31697,880ab34ae1fffff
31698,880ab069b7fffff
31699,880ab21553fffff
31700,880ab3a6dbfffff
31701,880ab34aabfffff
31702,880ab3034dfffff
31703,880a86a80dfffff
31704,880ab2240dfffff
31705,880ab2395dfffff
31706,880ab244d3fffff
31707,880ab22467fffff
31708,880ab17a93fffff
31709,880ab23237fffff
31710,880ab3ca37fffff
31711,880ab212e9fffff
31712,880ab358b9fffff
31713,880ab26153fffff
31714,880ab2a5a1fffff
31715,880ab35741fffff
31716,880ab3dacdfffff
31717,880ab2308dfffff
31718,880ab3d337fffff
31719,880a86cac9fffff
31720,880ab20941fffff
31721,880ab27363fffff
31722,880a8449e1fffff
31723,880ab30707fffff
31724,880ab374b9fffff
31725,880ab3a097fffff
31726,880a868e4bfffff
31727,880ab2b9c3fffff
31728,880a86a347fffff
31729,880ab33a23fffff
31730,880a86c429fffff
31731,880ab3cb49fffff
31732,880ab21191fffff
31733,880a868135fffff
31734,880a86ba11fffff
31735,880ab3c1e7fffff
31736,880a86b8d9fffff
31737,880a865267fffff
31738,880ab3484dfffff
31739,880ab3328bfffff
31740,880a8612b9fffff
31741,880a868495fffff
31742,880ab28c05fffff
31743,880ab28d39fffff
31744,880a86aa63fffff
31745,880ab129bbfffff
31746,880ab22a07fffff
31747,880ab2114dfffff
31748,880a8689c7fffff
31749,880ab36251fffff
31750,880ab23727fffff
31751,880a86b13dfffff
31752,880a86ce37fffff
31753,880ab358dbfffff
31754,880ab3c689fffff
31755,880ab16ae3fffff
31756,880ab161c9fffff
31757,880ab17807fffff
31758,880ab33081fffff
31759,880ab168a5fffff
31760,880ab25311fffff
31761,880ab20dd3fffff
31762,880ab24151fffff
31763,880ab376a3fffff
31764,880ab34c63fffff
31765,880a86d66bfffff
31766,880a861411fffff
31767,880ab3cb3bfffff
31768,880a86b9b3fffff
31769,880ab350c1fffff
31770,880a868969fffff
31771,880ab30441fffff
31772,880ab3a0adfffff
31773,880ab240ebfffff
31774,880ab3c24bfffff
31775,880ab240edfffff
31776,880a86cb67fffff
31777,880ab2a201fffff
31778,880ab3d965fffff
31779,880a86a185fffff
31780,880ab3a881fffff
31781,880ab3aa91fffff
31782,880a86d5d7fffff
31783,880ab206c5fffff
31784,880ab33a5dfffff
31785,880ab35013fffff
31786,880ab2c1edfffff
31787,880ab20f29fffff
31788,880a8656dbfffff
31789,880ab33737fffff
31790,880ab2ccc1fffff
31791,880ab34863fffff
31792,880ab3b967fffff
31793,880ab25531fffff
31794,880a86969bfffff
31795,880ab3d521fffff
31796,880ab26337fffff
31797,880a86d01bfffff
31798,880ab2ba45fffff
31799,880a861a23fffff
31800,880ab33ae9fffff
31801,880ab32289fffff
31802,880ab31025fffff
31803,880ab200ebfffff
31804,880a868a65fffff
31805,880ab35431fffff
31806,880ab266e3fffff
31807,880ab34f03fffff
31808,880ab3c5e1fffff
31809,880ab216e1fffff
31810,88252d8969fffff
31811,880a86af3bfffff
31812,880ab278ddfffff
31813,880ab3d157fffff
31814,880a8618b9fffff
31815,880ab3d219fffff
31816,88252d9993fffff
31817,880ab342cdfffff
31818,880ab2c5b3fffff
31819,880ab1648bfffff
31820,880ab30827fffff
31821,880ab2c521fffff
31822,880a86a969fffff
31823,880ab23661fffff
31824,88252d99edfffff
31825,880ab2a59bfffff
31826,880ab37529fffff
31827,880ab219b1fffff
31828,880ab2c825fffff
31829,880ab246cdfffff
31830,880ab12d93fffff
31831,880a869a41fffff
31832,880a86c30bfffff
31833,88252d89d9fffff
31834,880ab31b63fffff
31835,880a84488dfffff
31836,880ab34f27fffff
31837,880ab26035fffff
31838,880ab27065fffff
31839,880a86c333fffff
31840,880a86c65dfffff
31841,880ab276cbfffff
31842,880ab34dcbfffff
31843,880a869a8bfffff
31844,880ab300cdfffff
31845,880a844b43fffff
31846,880ab2cd89fffff
31847,880ab2d09dfffff
31848,880ab341d7fffff
31849,880a86da9bfffff
31850,880ab3130dfffff
31851,880ab26de5fffff
31852,88252dd701fffff
31853,880ab24ab7fffff
31854,880ab23945fffff
31855,880ab30369fffff
31856,880ab31341fffff
31857,880ab222c3fffff
31858,880ab16cadfffff
31859,880a948655fffff
31860,880ab2c525fffff
31861,880ab3d959fffff
31862,880ab2c80bfffff
31863,880a86d99dfffff
31864,880a860a01fffff
31865,880ab35429fffff
31866,880ab3c667fffff
31867,88252d9191fffff
31868,880ab3b751fffff
31869,880ab3740bfffff
31870,880ab24023fffff
31871,880ab278c9fffff
31872,880ab34489fffff
31873,88252dd669fffff
31874,880ab2668dfffff
31875,880ab336a9fffff
31876,880ab370dbfffff
31877,880ab35583fffff
31878,880ab20907fffff
31879,880ab2b8b7fffff
31880,88252d993bfffff
31881,880a949345fffff
31882,880a860293fffff
31883,880ab30c1dfffff
31884,880a94d355fffff
31885,880ab2543dfffff
31886,880a869889fffff
31887,880a863217fffff
31888,880a861029fffff
31889,880ab2a455fffff
31890,880ab2272bfffff
31891,880ab2d4d7fffff
31892,880ab2c637fffff
31893,880ab33627fffff
31894,880ab2893dfffff
31895,880a868e15fffff
31896,880ab3ce17fffff
31897,880ab22e3bfffff
31898,880ab201bbfffff
31899,880a86caa9fffff
31900,880ab371a9fffff
31901,880ab3006dfffff
31902,880ab21237fffff
31903,880ab352d9fffff
31904,880ab2d581fffff
31905,880ab3075bfffff
31906,880ab34407fffff
31907,880a869a2dfffff
31908,880a86cce3fffff
31909,880ab20913fffff
31910,880a8686abfffff
31911,880ab35833fffff
31912,880ab2c117fffff
31913,880a8682d7fffff
31914,880ab33759fffff
31915,880ab30909fffff
31916,880ab2098bfffff
31917,880ab250b5fffff
31918,880ab3c93bfffff
31919,880a86a933fffff
31920,880ab23295fffff
31921,880ab2d035fffff
31922,880ab264a5fffff
31923,880a86b83bfffff
31924,880a86d1c9fffff
31925,880a868e83fffff
31926,880ab2b0ddfffff
31927,880ab215d5fffff
31928,880ab16f3dfffff
31929,880a8632a5fffff
31930,880ab3c253fffff
31931,880a863061fffff
31932,880a8695adfffff
31933,880ab23b59fffff
31934,880ab2a21dfffff
31935,880a86c22dfffff
31936,880ab2a5d9fffff
31937,880ab16ac3fffff
31938,880ab22421fffff
31939,880ab3ca61fffff
31940,880ab3402bfffff
31941,880ab20827fffff
31942,880ab3c9a7fffff
31943,880a86c239fffff
31944,880ab26a9dfffff
31945,880a86cb59fffff
31946,880a86cb6bfffff
31947,880a8696bdfffff
31948,880ab2420bfffff
31949,880ab276c9fffff
31950,880ab20045fffff
31951,880ab2385bfffff
31952,880ab268e3fffff
31953,880a949945fffff
31954,880ab3771dfffff
31955,880ab16947fffff
31956,880ab25527fffff
31957,880ab34d4dfffff
31958,880ab250ddfffff
31959,880ab22959fffff
31960,880ab35ae7fffff
31961,880ab25561fffff
31962,880a86ba15fffff
31963,880a86c8ebfffff
31964,880ab3211bfffff
31965,880a94b2e3fffff
31966,880a863247fffff
31967,880ab1789dfffff
31968,880a860665fffff
31969,880ab3c86dfffff
31970,880ab30249fffff
31971,880ab3280bfffff
31972,880a949b61fffff
31973,880ab322cdfffff
31974,880ab22765fffff
31975,880a86d5a3fffff
31976,880ab3c753fffff
31977,880ab352b3fffff
31978,880ab3a969fffff
31979,880ab306a7fffff
31980,880ab2c5b9fffff
31981,880ab34f17fffff
31982,88252d9b35fffff
31983,880ab2636dfffff
31984,880ab3c561fffff
31985,880ab24d65fffff
31986,880a86d487fffff
31987,880ab16859fffff
31988,880a86cb01fffff
31989,880ab20d95fffff
31990,880ab26535fffff
31991,880ab371bdfffff
31992,880ab3754bfffff
31993,880ab34e39fffff
31994,880ab324cbfffff
31995,880ab25055fffff
31996,880ab27057fffff
31997,880ab3a623fffff
31998,880ab32743fffff
31999,880ab344adfffff
32000,880ab3a0c1fffff
32001,880ab165d5fffff
32002,880a868a41fffff
32003,880ab22d0dfffff
32004,880ab2ac0bfffff
32005,880ab315dbfffff
32006,880ab26319fffff
32007,880ab2ba8dfffff
32008,880ab2398bfffff
32009,880ab34d47fffff
32010,880ab37981fffff
32011,880ab3ab0bfffff
32012,880ab2cab9fffff
32013,880ab21489fffff
32014,880ab30709fffff
32015,880ab3c8cbfffff
32016,880ab24603fffff
32017,880a86d4b5fffff
32018,880a869a19fffff
32019,880ab3118dfffff
32020,880ab30a3bfffff
32021,880a8695d3fffff
32022,880a860509fffff
32023,880ab3c697fffff
32024,880ab2c1c5fffff
32025,880ab3ca47fffff
32026,880ab16687fffff
32027,880ab35757fffff
32028,880a94952bfffff
32029,880ab3c1a3fffff
32030,880a868abbfffff
32031,880ab216d3fffff
32032,880ab34553fffff
32033,880a8618a5fffff
32034,880ab24833fffff
32035,880ab24f45fffff
32036,880ab2a72dfffff
32037,880ab2b327fffff
32038,880a869b25fffff
32039,880ab24459fffff
32040,880ab16b53fffff
32041,880ab2c4ddfffff
32042,880ab245a5fffff
32043,880ab20b37fffff
32044,880ab0696dfffff
32045,880ab34b43fffff
32046,880ab3c909fffff
32047,880ab211ebfffff
32048,880a869869fffff
32049,880ab3cdb7fffff
32050,880ab28cc7fffff
32051,880ab23669fffff
32052,880ab245bdfffff
32053,880ab23ad5fffff
32054,880a8611a7fffff
32055,880a844945fffff
32056,880ab221e1fffff
32057,880ab3d139fffff
32058,880a86d8c3fffff
32059,880ab3a85bfffff
32060,880a860089fffff
32061,880ab22933fffff
32062,880ab22e6bfffff
32063,880ab2a103fffff
32064,880ab26011fffff
32065,880ab16431fffff
32066,880ab27725fffff
32067,880a86d565fffff
32068,880ab2154dfffff
32069,880a86b835fffff
32070,880ab34e81fffff
32071,880ab20137fffff
32072,880ab202e5fffff
32073,880ab221b5fffff
32074,880ab20a47fffff
32075,880ab2b083fffff
32076,880ab229e5fffff
32077,880a868aa5fffff
32078,880a86c469fffff
32079,880ab2621bfffff
32080,880ab25537fffff
32081,880ab35285fffff
32082,880a86b359fffff
32083,880ab30d2bfffff
32084,880ab20489fffff
32085,880ab23829fffff
32086,880a868065fffff
32087,880ab20081fffff
32088,880ab306d5fffff
32089,880ab2a92bfffff
32090,880a869153fffff
32091,880a86060dfffff
32092,880a86c887fffff
32093,880ab2a291fffff
32094,880ab2a0ebfffff
32095,880ab26c15fffff
32096,880ab2d107fffff
32097,880ab3304bfffff
32098,880a86d649fffff
32099,880ab33209fffff
32100,880ab2404bfffff
32101,880ab28e89fffff
32102,880ab3a90dfffff
32103,880ab20b0dfffff
32104,880a86d765fffff
32105,880a861acdfffff
32106,880ab37357fffff
32107,880ab34f09fffff
32108,880ab319bbfffff
32109,880ab33507fffff
32110,880a868a61fffff
32111,880ab3533bfffff
32112,880a86d8b3fffff
32113,880ab23ab3fffff
32114,880a861b39fffff
32115,88252d8307fffff
32116,880ab2210dfffff
32117,880a86c749fffff
32118,880ab3c50bfffff
32119,880a86306dfffff
32120,880ab23353fffff
32121,880a860a41fffff
32122,880a949549fffff
32123,880ab3c5b5fffff
32124,880ab3c5d9fffff
32125,880ab168bbfffff
32126,880ab16713fffff
32127,880ab26859fffff
32128,880ab33513fffff
32129,880ab20aabfffff
32130,880a8459a3fffff
32131,880ab16939fffff
32132,880ab270ddfffff
32133,880ab24631fffff
32134,880ab32299fffff
32135,880a868e57fffff
32136,880ab3169bfffff
32137,880a868ea1fffff
32138,880ab3412bfffff
32139,880ab250abfffff
32140,880ab16245fffff
32141,880ab308adfffff
32142,880a86956dfffff
32143,880a86c5e1fffff
32144,880a949657fffff
32145,880ab3aa89fffff
32146,880ab24d49fffff
32147,880ab2d03dfffff
32148,880ab2720bfffff
32149,880ab2c4c5fffff
32150,880ab26c9dfffff
32151,88252d9301fffff
32152,880ab245bbfffff
32153,880ab26dc3fffff
32154,880ab3c587fffff
32155,880ab26f27fffff
32156,880ab25155fffff
32157,880ab378e7fffff
32158,880ab2c09dfffff
32159,880a86d75dfffff
32160,880ab3ce65fffff
32161,880ab32ab1fffff
32162,880ab2ab57fffff
32163,880a86a267fffff
32164,880ab30155fffff
32165,880ab2a327fffff
32166,880ab22dd3fffff
32167,880ab374ebfffff
32168,880ab23a43fffff
32169,880a86c591fffff
32170,880ab34ca5fffff
32171,880a86d241fffff
32172,880ab30ca3fffff
32173,880ab2aa21fffff
32174,880ab2265dfffff
32175,880ab20c2bfffff
32176,880ab261a1fffff
32177,880ab26f33fffff
32178,880ab37837fffff
32179,880ab3aa59fffff
32180,880ab1653bfffff
32181,880ab20625fffff
32182,880a8684b7fffff
32183,880a861807fffff
32184,880ab3ccc3fffff
32185,880a868b43fffff
32186,880ab20125fffff
32187,880ab21915fffff
32188,880a86cee5fffff
32189,880ab206d7fffff
32190,88252dd45bfffff
32191,880ab240d3fffff
32192,880a8698e1fffff
32193,880ab3d333fffff
32194,880ab3dab1fffff
32195,880a86d919fffff
32196,880ab26359fffff
32197,880a861933fffff
32198,880ab3c14bfffff
32199,880ab3cca5fffff
32200,880a861b07fffff
32201,880ab275ebfffff
32202,880a86959dfffff
32203,880a86c105fffff
32204,880ab2b737fffff
32205,880ab24c61fffff
32206,880ab20ca1fffff
32207,880a9496adfffff
32208,880a868e0dfffff
32209,880ab34e13fffff
32210,880ab2081bfffff
32211,880a86d59bfffff
32212,880ab30c63fffff
32213,880ab37141fffff
32214,880ab304e7fffff
32215,880ab31485fffff
32216,880ab3c337fffff
32217,880ab20cd1fffff
32218,880ab3022dfffff
32219,880ab342a5fffff
32220,880a86db63fffff
32221,880ab33227fffff
32222,880ab3c35dfffff
32223,880a844b59fffff
32224,880ab2474bfffff
32225,880a860761fffff
32226,880ab34285fffff
32227,880a844b39fffff
32228,880ab3b46bfffff
32229,880ab25451fffff
32230,880a86aa47fffff
32231,880ab28ce3fffff
32232,880ab2566dfffff
32233,880ab30a9bfffff
32234,880ab378dbfffff
32235,880a8610c9fffff
32236,880a94b0cdfffff
32237,880a94d049fffff
32238,880ab3b71dfffff
32239,880ab20c45fffff
32240,880ab3a8cdfffff
32241,880ab2adb3fffff
32242,880ab33509fffff
32243,880a8615c3fffff
32244,880ab33405fffff
32245,880ab26565fffff
32246,880a9494c9fffff
32247,880a948609fffff
32248,880ab302d1fffff
32249,880ab23509fffff
32250,880ab2ac13fffff
32251,880ab3a485fffff
32252,880a8689a3fffff
32253,880ab21aa1fffff
32254,880a94b045fffff
32255,880ab26001fffff
32256,880ab2cad5fffff
32257,880ab37609fffff
32258,880a86aa2bfffff
32259,880a869443fffff
32260,880a868993fffff
32261,880ab2b823fffff
32262,880ab270b9fffff
32263,880ab3b725fffff
32264,880ab2771bfffff
32265,880ab334d7fffff
32266,880a868039fffff
32267,88252dd4cbfffff
32268,880ab244e7fffff
32269,880a86cf23fffff
32270,880ab25509fffff
32271,88252d9a1bfffff
32272,880a949509fffff
32273,880ab16c09fffff
32274,880ab21955fffff
32275,880a868a59fffff
32276,880a8601cdfffff
32277,880ab20121fffff
32278,880ab2af4dfffff
32279,880ab2140dfffff
32280,880ab32b47fffff
32281,880ab3756bfffff
32282,880ab34627fffff
32283,880ab20517fffff
32284,880ab17803fffff
32285,880a94970dfffff
32286,880ab32261fffff
32287,880ab23aa7fffff
32288,880a861139fffff
32289,880a865261fffff
32290,880ab23147fffff
32291,880a86812bfffff
32292,880a868d41fffff
32293,880ab2b811fffff
32294,880a86994dfffff
32295,880ab2a955fffff
32296,880ab322e3fffff
32297,880ab2ccb3fffff
32298,880ab35835fffff
32299,880ab24293fffff
32300,880ab234d1fffff
32301,880a86ab47fffff
32302,88252dd6a9fffff
32303,880a861735fffff
32304,880ab3403bfffff
32305,880a949715fffff
32306,880ab3c583fffff
32307,880ab2180dfffff
32308,88252d9815fffff
32309,880a949651fffff
32310,880ab22719fffff
32311,880a86a26dfffff
32312,880ab26057fffff
32313,880a868d29fffff
32314,880ab20893fffff
32315,880ab374c9fffff
32316,880ab240bdfffff
32317,880ab238a3fffff
32318,880a94b66bfffff
32319,880a86d905fffff
32320,880ab24dc1fffff
32321,880ab311e1fffff
32322,880a8685c7fffff
32323,880ab16ee7fffff
32324,880a86b947fffff
32325,880a861857fffff
32326,880a86cc69fffff
32327,880ab2c2bdfffff
32328,880a86986dfffff
32329,880ab248edfffff
32330,880ab3b9ebfffff
32331,880a86c311fffff
32332,880ab2ab03fffff
32333,880ab25251fffff
32334,880ab331ebfffff
32335,880a8612ddfffff
32336,880ab22a99fffff
32337,880a8459b7fffff
32338,880ab232a5fffff
32339,880ab3aa03fffff
32340,880ab3b515fffff
32341,880ab37197fffff
32342,880ab37091fffff
32343,880a861a43fffff
32344,880ab16967fffff
32345,880a861555fffff
32346,880ab24903fffff
32347,880ab34a69fffff
32348,880ab3ce97fffff
32349,880a861285fffff
32350,880a9496c3fffff
32351,880ab2485bfffff
32352,880a94d669fffff
32353,88252d91dbfffff
32354,880ab211d5fffff
32355,880a86b8ebfffff
32356,880ab21751fffff
32357,880ab261b5fffff
32358,880ab3d887fffff
32359,880ab3703bfffff
32360,880a86c9edfffff
32361,880a8619d3fffff
32362,880ab31969fffff
32363,880a86b1d9fffff
32364,880ab2222dfffff
32365,880ab30dcdfffff
32366,88252d8909fffff
32367,880ab354c9fffff
32368,880ab3552bfffff
32369,880ab216a1fffff
32370,880ab16139fffff
32371,880ab2622dfffff
32372,880ab239d9fffff
32373,880ab2a465fffff
32374,880ab26203fffff
32375,880ab27313fffff
32376,880a94864bfffff
32377,880ab3449bfffff
32378,880a869411fffff
32379,880a86ca53fffff
32380,880ab22641fffff
32381,880ab35207fffff
32382,880ab20865fffff
32383,880a8698e7fffff
32384,880ab24b35fffff
32385,88252d8865fffff
32386,880a84494dfffff
32387,880ab2a6a5fffff
32388,880ab37335fffff
32389,880ab2566bfffff
32390,880ab27533fffff
32391,880ab3ab5bfffff
32392,880ab2d1abfffff
32393,880ab20009fffff
32394,880ab26995fffff
32395,880ab20e01fffff
32396,880ab335a9fffff
32397,880a863269fffff
32398,880ab17a39fffff
32399,880ab24637fffff
32400,880ab27b41fffff
32401,880ab24017fffff
32402,880ab278b9fffff
32403,880a865441fffff
32404,880ab2ad41fffff
32405,880ab2b8d7fffff
32406,880ab35a4bfffff
32407,880ab2476bfffff
32408,880a8600d9fffff
32409,880a86d867fffff
32410,880ab3c263fffff
32411,880a86bb4bfffff
32412,880a844b07fffff
32413,880ab21755fffff
32414,880ab250d1fffff
32415,88252d9b09fffff
32416,880ab24767fffff
32417,880ab2ccb5fffff
32418,880ab2a807fffff
32419,880ab26a39fffff
32420,880ab34d6dfffff
32421,880ab16e4dfffff
32422,880ab37a97fffff
32423,880ab23a57fffff
32424,880ab34a39fffff
32425,880ab35331fffff
32426,880a869439fffff
32427,880ab30e53fffff
32428,880ab2142bfffff
32429,880ab35b11fffff
32430,880ab22887fffff
32431,880a868b59fffff
32432,880ab1602bfffff
32433,880ab20b29fffff
32434,880a865623fffff
32435,880a844d2dfffff
32436,880ab23735fffff
32437,880a860339fffff
32438,880a86a243fffff
32439,880ab30703fffff
32440,880ab3c703fffff
32441,880ab33583fffff
32442,88252d9ac3fffff
32443,880ab34143fffff
32444,880ab321b3fffff
32445,880a869307fffff
32446,880ab37109fffff
32447,880a8449cdfffff
32448,880ab24dbbfffff
32449,880a8601d5fffff
32450,88252d8b59fffff
32451,880ab16595fffff
32452,880ab3aa33fffff
32453,880ab30403fffff
32454,880ab226bdfffff
32455,880ab23051fffff
32456,880ab34f67fffff
32457,880ab35093fffff
32458,880a86526dfffff
32459,880a869833fffff
32460,880ab30ee3fffff
32461,880a9494edfffff
32462,880ab2c2bbfffff
32463,880a86ba69fffff
32464,880ab2360dfffff
32465,880ab2ab0bfffff
32466,880a94b757fffff
32467,880ab23753fffff
32468,880a86c421fffff
32469,880ab23217fffff
32470,880ab2151bfffff
32471,880a86cc0dfffff
32472,880a861627fffff
32473,880ab27261fffff
32474,880ab16abdfffff
32475,880ab2a5c1fffff
32476,880ab3d22dfffff
32477,880ab236edfffff
32478,880a86ce15fffff
32479,880a86911dfffff
32480,880ab3a147fffff
32481,880ab2ac41fffff
32482,880a94b707fffff
32483,880ab225e3fffff
32484,880ab165e7fffff
32485,880ab3c30bfffff
32486,880ab3c2a1fffff
32487,880ab2011bfffff
32488,880ab31001fffff
32489,880ab31363fffff
32490,880a845921fffff
32491,880ab3b2adfffff
32492,880ab37a21fffff
32493,88252d891dfffff
32494,880a86ced9fffff
32495,880ab24633fffff
32496,880ab20e5dfffff
32497,880a844b03fffff
32498,880ab37555fffff
32499,880ab2c5a1fffff
32500,880ab2c4e1fffff
32501,880ab179c5fffff
32502,880ab330d5fffff
32503,880ab24d59fffff
32504,880ab26f35fffff
32505,880a86b995fffff
32506,880ab3a6b7fffff
32507,880a868661fffff
32508,880ab3c063fffff
32509,880ab20335fffff
32510,880ab31a19fffff
32511,880ab35b47fffff
32512,88252d8b61fffff
32513,880ab258d3fffff
32514,880ab35593fffff
32515,880ab244b9fffff
32516,880ab2056dfffff
32517,880ab30499fffff
32518,880ab2ae53fffff
32519,880a8600b3fffff
32520,880ab2a003fffff
32521,880ab20b0bfffff
32522,880a869709fffff
32523,880a86ad63fffff
32524,880ab25439fffff
32525,880a861923fffff
32526,880ab2bb1dfffff
32527,880ab34447fffff
32528,880ab3a66bfffff
32529,880ab16923fffff
32530,880ab16aebfffff
32531,880ab2243bfffff
32532,880ab35885fffff
32533,880ab3b8edfffff
32534,880ab20ee5fffff
32535,880ab26425fffff
32536,880ab20d21fffff
32537,880ab30885fffff
32538,880a86984dfffff
32539,880a868965fffff
32540,88252d9917fffff
32541,880ab3c223fffff
32542,88252d9a59fffff
32543,880ab2a0a3fffff
32544,880ab2b999fffff
32545,880a860e61fffff
32546,880a86005dfffff
32547,880ab3a297fffff
32548,880ab33ab3fffff
32549,880a94b46dfffff
32550,880ab16759fffff
32551,880ab242b9fffff
32552,880a86842dfffff
32553,880a86c2e7fffff
32554,880ab33447fffff
32555,880ab17833fffff
32556,880ab22831fffff
32557,880ab2c28dfffff
32558,880ab16449fffff
32559,880a86d605fffff
32560,880a86a067fffff
32561,880ab2266dfffff
32562,88252dd66bfffff
32563,880a86c517fffff
32564,880ab33635fffff
32565,880ab23643fffff
32566,880ab3ac97fffff
32567,88252cb65bfffff
32568,880ab31311fffff
32569,88252d8153fffff
32570,880a86bb63fffff
32571,880ab37049fffff
32572,880a86c249fffff
32573,880ab322c9fffff
32574,880ab34949fffff
32575,880a8601e3fffff
32576,880a86d5cbfffff
32577,880ab3b51bfffff
32578,880a86cd93fffff
32579,880ab24d07fffff
32580,880ab38923fffff
32581,880ab34351fffff
32582,880ab20921fffff
32583,880a86976bfffff
32584,880a86d56dfffff
32585,880ab338b3fffff
32586,880ab3d361fffff
32587,880ab3713dfffff
32588,880ab16ac9fffff
32589,880a94d2ddfffff
32590,880ab340c9fffff
32591,880a86aa67fffff
32592,880ab266bdfffff
32593,880ab211abfffff
32594,880ab2ad15fffff
32595,880ab16107fffff
32596,880ab3729bfffff
32597,880ab33933fffff
32598,88252dd499fffff
32599,880ab262b9fffff
32600,880a86026bfffff
32601,880ab3313dfffff
32602,880ab2a485fffff
32603,880a86030dfffff
32604,880a869a23fffff
32605,880ab27925fffff
32606,880ab3201bfffff
32607,880ab24407fffff
32608,880ab3c729fffff
32609,880ab2392dfffff
32610,880a94b0c5fffff
32611,880ab3d5abfffff
32612,880ab30325fffff
32613,880a86d437fffff
32614,880ab31525fffff
32615,880ab26ddbfffff
32616,880ab3526bfffff
32617,880ab3263bfffff
32618,880ab228a3fffff
32619,880ab35669fffff
32620,880ab25557fffff
32621,880ab2c191fffff
32622,880a94829bfffff
32623,880ab302b3fffff
32624,880ab2cc83fffff
32625,880ab334dbfffff
32626,880ab34b27fffff
32627,880ab3a46bfffff
32628,880a86ccbdfffff
32629,880ab3d31bfffff
32630,880a8619d9fffff
32631,880a86b039fffff
32632,880ab166bdfffff
32633,880ab288b3fffff
32634,880a94b05dfffff
32635,880ab3d9c1fffff
32636,880a86d0a5fffff
32637,880a86963dfffff
32638,880ab3731bfffff
32639,880ab3324bfffff
32640,880ab3093dfffff
32641,880ab20f45fffff
32642,880ab22ecdfffff
32643,880ab31521fffff
32644,880ab3c35bfffff
32645,880ab264ebfffff
32646,880a86c831fffff
32647,880ab23b61fffff
32648,880ab3ae63fffff
32649,880ab2cce3fffff
32650,880a86d767fffff
32651,880a8606c1fffff
32652,880a86a247fffff
32653,880ab2b843fffff
32654,88252d9b4bfffff
32655,880a868a85fffff
32656,880ab2a321fffff
32657,880ab34425fffff
32658,880a94d069fffff
32659,880ab311cdfffff
32660,880ab201c5fffff
32661,88252dd76dfffff
32662,880a86ba53fffff
32663,880ab341b3fffff
32664,880ab31965fffff
32665,880ab31931fffff
32666,880ab30901fffff
32667,880ab22cc3fffff
32668,880ab3cb51fffff
32669,880ab22063fffff
32670,880ab2a9a7fffff
32671,88252d8205fffff
32672,880ab20a11fffff
32673,880ab37029fffff
32674,880ab2a259fffff
32675,880ab20aa1fffff
32676,880ab240c9fffff
32677,880ab2a959fffff
32678,880ab3da1bfffff
32679,880ab2d569fffff
32680,880ab166b3fffff
32681,880ab201c3fffff
32682,880ab3aed9fffff
32683,880ab166a1fffff
32684,880ab21817fffff
32685,880ab3ca87fffff
32686,880a861005fffff
32687,880ab16d4dfffff
32688,880a949433fffff
32689,880ab339adfffff
32690,880ab376a1fffff
32691,880ab3a683fffff
32692,880ab16e09fffff
32693,88252cb663fffff
32694,880a86818dfffff
32695,880a8680a3fffff
32696,880ab3c8a9fffff
32697,880ab34b59fffff
32698,880ab2ab5dfffff
32699,880a868b63fffff
32700,880ab28eedfffff
32701,880ab34831fffff
32702,880ab272d5fffff
32703,880a861503fffff
32704,880a86848bfffff
32705,880ab20eddfffff
32706,880ab3a407fffff
32707,880ab22f29fffff
32708,880ab344e9fffff
32709,880ab27889fffff
32710,880ab2d1d3fffff
32711,880a86ba91fffff
32712,880ab3c521fffff
32713,880ab2ad27fffff
32714,880a86d1edfffff
32715,880ab3586dfffff
32716,880ab20555fffff
32717,880ab16f63fffff
32718,880a868307fffff
32719,880ab3c94dfffff
32720,880ab26adbfffff
32721,880ab2d139fffff
32722,880ab331d3fffff
32723,880a86a1c7fffff
32724,880ab3562dfffff
32725,880ab2a769fffff
32726,880ab2ce49fffff
32727,880ab2334dfffff
32728,880ab3a29bfffff
32729,880ab21701fffff
32730,880ab22d69fffff
32731,880ab27465fffff
32732,880ab2cad3fffff
32733,88252dd6bbfffff
32734,880ab3a499fffff
32735,880ab3db47fffff
32736,880ab2ba11fffff
32737,880a860505fffff
32738,880ab32a81fffff
32739,880a868e59fffff
32740,880a86cb53fffff
32741,880ab2aa6bfffff
32742,880ab21991fffff
32743,880ab37729fffff
32744,880ab349d1fffff
32745,880a86a127fffff
32746,880ab370c3fffff
32747,880ab26145fffff
32748,880ab33157fffff
32749,880ab26ab9fffff
32750,880ab349e9fffff
32751,880ab30817fffff
32752,880a8459e7fffff
32753,880ab20d9dfffff
32754,880ab32a5bfffff
32755,880a94975dfffff
32756,880ab25a8bfffff
32757,880a8690b5fffff
32758,880ab300dbfffff
32759,880ab3194dfffff
32760,880ab2ce91fffff
32761,880a8618dbfffff
32762,880ab2010dfffff
32763,880a86936dfffff
32764,880a86da09fffff
32765,880ab346a3fffff
32766,880ab37a81fffff
32767,880ab22d3dfffff
32768,88252d9a13fffff
32769,880ab3cd6dfffff
32770,880ab316e1fffff
32771,880ab3458dfffff
32772,880ab26813fffff
32773,880a868745fffff
32774,880ab21347fffff
32775,880ab3c8a3fffff
32776,880ab2b921fffff
32777,880a861225fffff
32778,880ab2a611fffff
32779,880ab2528dfffff
32780,880ab2a721fffff
32781,880ab3c019fffff
32782,880ab24969fffff
32783,880a86cdc7fffff
32784,880a8612edfffff
32785,880ab21189fffff
32786,880ab34cbdfffff
32787,880ab3c993fffff
32788,880ab2b035fffff
32789,880ab33021fffff
32790,880ab344c3fffff
32791,880ab21455fffff
32792,880a868e01fffff
32793,880ab28dcbfffff
32794,880ab20a89fffff
32795,880a869a07fffff
32796,880ab332e3fffff
32797,880a86c461fffff
32798,880a860159fffff
32799,880ab220a1fffff
32800,880ab321c3fffff
32801,880ab2d0abfffff
32802,880ab35035fffff
32803,880a8695a5fffff
32804,880a869699fffff
32805,880ab2d197fffff
32806,880ab30687fffff
32807,880ab2ad23fffff
32808,880a8698b7fffff
32809,880a94b411fffff
32810,880ab3ab01fffff
32811,880ab2326dfffff
32812,880ab2ad0dfffff
32813,880ab268b1fffff
32814,880a861aa5fffff
32815,880a86a86dfffff
32816,880ab3a847fffff
32817,880ab34545fffff
32818,880a86c157fffff
32819,880a86c819fffff
32820,880ab24443fffff
32821,880ab26603fffff
32822,880ab2ae13fffff
32823,880a860097fffff
32824,88252d970dfffff
32825,880ab24d5bfffff
32826,880a94b749fffff
32827,880ab24f67fffff
32828,880a869533fffff
32829,880ab129a7fffff
32830,880a86da05fffff
32831,880a861b13fffff
32832,880ab20947fffff
32833,880ab372a1fffff
32834,880ab2496bfffff
32835,880a860a61fffff
32836,880ab20eb9fffff
32837,880a86cb45fffff
32838,88252d9a01fffff
32839,880a869461fffff
32840,880ab26a21fffff
32841,880ab2d463fffff
32842,880ab3a2bdfffff
32843,880ab22583fffff
32844,880a86d5b3fffff
32845,880a861241fffff
32846,880ab3d84dfffff
32847,880a86d101fffff
32848,880a8600d5fffff
32849,880ab3530dfffff
32850,88252d98d7fffff
32851,880ab34303fffff
32852,880ab371b7fffff
32853,880ab31ad5fffff
32854,880a86ba25fffff
32855,880a86bacdfffff
32856,880a8692b7fffff
32857,880ab3385dfffff
32858,880ab2cf37fffff
32859,880ab2444dfffff
32860,880ab20ab3fffff
32861,880ab32b6bfffff
32862,880ab26e2bfffff
32863,880ab2380bfffff
32864,880ab322e9fffff
32865,880ab254a9fffff
32866,880ab3cb13fffff
32867,880a86993bfffff
32868,880a86aa05fffff
32869,880a868827fffff
32870,880ab3c995fffff
32871,88252dd65dfffff
32872,880ab33415fffff
32873,880a86968bfffff
32874,880ab3b0dbfffff
32875,880ab34aa1fffff
32876,880a844a65fffff
32877,880ab2d0b9fffff
32878,880a8612c7fffff
32879,880ab2cc1dfffff
32880,880a86bb17fffff
32881,880ab179e7fffff
32882,880a868e45fffff
32883,88252d8a57fffff
32884,880a94d001fffff
32885,880ab23845fffff
32886,880ab315bdfffff
32887,880a86d805fffff
32888,880ab26769fffff
32889,880ab22e11fffff
32890,880ab21b43fffff
32891,880ab3362bfffff
32892,880ab24959fffff
32893,880ab2a639fffff
32894,880a869131fffff
32895,880ab3d835fffff
32896,880a86cf45fffff
32897,880ab06919fffff
32898,880ab26c43fffff
32899,880a86d269fffff
32900,880ab3711bfffff
32901,880ab30e23fffff
32902,880a86d681fffff
32903,880ab26809fffff
32904,880ab3ca67fffff
32905,880ab24953fffff
32906,880a86071bfffff
32907,880ab30b49fffff
32908,880a8681ebfffff
32909,880ab21151fffff
32910,880ab35089fffff
32911,880ab16b61fffff
32912,880a86cd89fffff
32913,880a86d91bfffff
32914,880ab2501bfffff
32915,880ab22da1fffff
32916,880ab22033fffff
32917,880ab2c107fffff
32918,880a869189fffff
32919,880ab3395dfffff
32920,880ab31491fffff
32921,880a94b559fffff
32922,880a86ce8dfffff
32923,880a865245fffff
32924,880a86cc1bfffff
32925,880ab2551dfffff
32926,880a86ccc5fffff
32927,880ab34d29fffff
32928,880a861003fffff
32929,880a8681a9fffff
32930,880ab27281fffff
32931,88252d91abfffff
32932,880a86d8ddfffff
32933,880ab30291fffff
32934,880ab3441dfffff
32935,880ab3025bfffff
32936,880a86c30dfffff
32937,880a861645fffff
32938,880ab2d0a3fffff
32939,880ab341b7fffff
32940,880a868695fffff
32941,880ab236d7fffff
32942,880a86b12bfffff
32943,880ab2c6b5fffff
32944,880ab3c0a9fffff
32945,880ab25447fffff
32946,880ab2ac93fffff
32947,880a949441fffff
32948,880a86d881fffff
32949,880ab264a9fffff
32950,880ab161b7fffff
32951,880a94b687fffff
32952,880a868467fffff
32953,880a86ce51fffff
32954,880ab3da85fffff
32955,880a868611fffff
32956,880ab24dd1fffff
32957,880ab262d1fffff
32958,880ab3db31fffff
32959,880ab2b2abfffff
32960,880ab26835fffff
32961,880ab16a09fffff
32962,880ab3cd5dfffff
32963,880a8699c7fffff
32964,880ab319adfffff
32965,88252d91bbfffff
32966,880ab20751fffff
32967,880ab20ac5fffff
32968,880ab165c9fffff
32969,880ab28903fffff
32970,880ab359edfffff
32971,880ab3c867fffff
32972,88252cb64dfffff
32973,880ab22819fffff
32974,880ab21999fffff
32975,880ab20e83fffff
32976,880ab22917fffff
32977,880ab22e69fffff
32978,880ab23943fffff
32979,880ab2c5c9fffff
32980,880ab16c8dfffff
32981,880ab3335bfffff
32982,880ab320abfffff
32983,880ab27ab9fffff
32984,880a8685d7fffff
32985,880ab32755fffff
32986,880ab2718dfffff
32987,880a86bab1fffff
32988,880ab330a3fffff
32989,880ab210bbfffff
32990,880ab2c017fffff
32991,880a86cd11fffff
32992,880a86a8b3fffff
32993,880a86896bfffff
32994,880ab20e1dfffff
32995,880ab3b74bfffff
32996,880ab20715fffff
32997,880ab068b1fffff
32998,880ab26d1bfffff
32999,880a9482c7fffff
33000,880ab3a6bbfffff
33001,880ab2c5edfffff
33002,880ab179d7fffff
33003,880ab171a3fffff
33004,880ab216b3fffff
33005,880ab30d29fffff
33006,880ab3a1cdfffff
33007,880ab2bb13fffff
33008,880ab2d4a3fffff
33009,880ab20aa9fffff
33010,880ab23b41fffff
33011,880ab350ddfffff
33012,880ab28c63fffff
33013,880a869861fffff
33014,880ab26897fffff
33015,880ab168a9fffff
33016,880a865341fffff
33017,880ab358cdfffff
33018,880ab2a655fffff
33019,880a86176dfffff
33020,880ab3af65fffff
33021,880ab16f67fffff
33022,880ab2ce21fffff
33023,880a860055fffff
33024,880ab276edfffff
33025,880a86a893fffff
33026,880ab20583fffff
33027,880ab3a13bfffff
33028,880ab30683fffff
33029,880ab2c551fffff
33030,880a8688e3fffff
33031,880ab3441bfffff
33032,880ab31523fffff
33033,880ab3888dfffff
33034,880ab308c9fffff
33035,880a86d6a7fffff
33036,880ab32147fffff
33037,880ab16347fffff
33038,880ab37635fffff
33039,880ab20b35fffff
33040,880a860423fffff
33041,880ab266ebfffff
33042,88252d983dfffff
33043,880a868699fffff
33044,880ab351d1fffff
33045,880a86a325fffff
33046,880ab379bdfffff
33047,880ab22c67fffff
33048,880a868a57fffff
33049,880a86a903fffff
33050,880ab268e5fffff
33051,880ab2c41bfffff
33052,880ab34123fffff
33053,880a868dc9fffff
33054,880a863051fffff
33055,880a86863bfffff
33056,880ab23731fffff
33057,880ab22b43fffff
33058,880a86805dfffff
33059,880ab16339fffff
33060,880a86174bfffff
33061,880ab17a19fffff
33062,880a861089fffff
33063,880ab2d5b7fffff
33064,880ab23317fffff
33065,880ab21a05fffff
33066,880a861743fffff
33067,880ab30d3dfffff
33068,880ab3a6b3fffff
33069,880ab2464bfffff
33070,880ab35489fffff
33071,880a86c331fffff
33072,880ab2c241fffff
33073,880ab26d97fffff
33074,880ab32b29fffff
33075,880ab22137fffff
33076,880ab340c1fffff
33077,880ab28cd7fffff
33078,880ab3ceb5fffff
33079,880ab25701fffff
33080,880a86b115fffff
33081,880ab2d4ddfffff
33082,880ab3d927fffff
33083,880a8449cbfffff
33084,880a844d6dfffff
33085,880ab3169dfffff
33086,880a86bb41fffff
33087,880ab269e3fffff
33088,880a86d607fffff
33089,880ab3a1c3fffff
33090,880ab16e5bfffff
33091,880ab28c0bfffff
33092,880ab1675dfffff
33093,880ab236abfffff
33094,880a868a0dfffff
33095,880ab33127fffff
33096,880a86a207fffff
33097,880a86d661fffff
33098,880ab3ca49fffff
33099,880ab255d3fffff
33100,880ab31829fffff
33101,880a86db07fffff
33102,88252d98e1fffff
33103,880ab168abfffff
33104,880ab268d9fffff
33105,880ab2d4e9fffff
33106,880ab2314bfffff
33107,880ab2dac9fffff
33108,880ab30507fffff
33109,880ab240dbfffff
33110,880ab28943fffff
33111,880ab22125fffff
33112,880ab338adfffff
33113,880ab35addfffff
33114,88252d8ac1fffff
33115,880ab32b59fffff
33116,88252dd297fffff
33117,880a860021fffff
33118,880ab3c5d1fffff
33119,880ab31abbfffff
33120,880a869017fffff
33121,880ab345c1fffff
33122,880ab2b94dfffff
33123,880ab16d43fffff
33124,880ab35629fffff
33125,880ab356b5fffff
33126,880ab200cbfffff
33127,880ab16c95fffff
33128,880ab21737fffff
33129,880ab24131fffff
33130,880ab34ea5fffff
33131,88252d9ab7fffff
33132,880ab3c737fffff
33133,880ab24f5bfffff
33134,880ab232c1fffff
33135,880ab3104bfffff
33136,88252d98c1fffff
33137,880ab3a2ddfffff
33138,880a8614b9fffff
33139,880ab21703fffff
33140,88252d8315fffff
33141,880ab275d5fffff
33142,880ab3748bfffff
33143,880ab2d413fffff
33144,880ab2a95bfffff
33145,880ab162edfffff
33146,880ab318c5fffff
33147,880ab165a1fffff
33148,880ab20ec7fffff
33149,880ab30951fffff
33150,880ab261d9fffff
33151,880ab3cd47fffff
33152,880a86c447fffff
33153,880a949747fffff
33154,880ab3c029fffff
33155,880ab16863fffff
33156,880ab2b11dfffff
33157,880ab2a427fffff
33158,880ab20ed9fffff
33159,880ab2acd5fffff
33160,880ab32b13fffff
33161,880ab22465fffff
33162,880ab20b4bfffff
33163,880ab3224bfffff
33164,880ab3cc1bfffff
33165,880a86b1e5fffff
33166,880ab24201fffff
33167,880ab2a699fffff
33168,880ab2c493fffff
33169,880a94b70dfffff
33170,880a8449d3fffff
33171,880ab20441fffff
33172,880ab3c229fffff
33173,880ab31909fffff
33174,880a86114bfffff
33175,880ab3081dfffff
33176,880ab16699fffff
33177,880ab31b2dfffff
33178,880ab31ad1fffff
33179,880ab24e81fffff
33180,880a86c8a1fffff
33181,880a8694bbfffff
33182,880ab266b5fffff
33183,880ab3af15fffff
33184,880ab06b27fffff
33185,880ab35907fffff
33186,880ab268c1fffff
33187,880a86d00bfffff
33188,880a86c2d3fffff
33189,880a86d697fffff
33190,880ab32a37fffff
33191,880ab3b839fffff
33192,880ab2c64bfffff
33193,880ab24eebfffff
33194,880ab20ae9fffff
33195,880ab2229bfffff
33196,880ab24f4bfffff
33197,880a861a3dfffff
33198,880ab345e7fffff
33199,880ab2c719fffff
33200,880ab26dc9fffff
33201,880a86c70bfffff
33202,880a861955fffff
33203,880ab1625bfffff
33204,880a86d223fffff
33205,880a86cecdfffff
33206,880ab2c6a5fffff
33207,88252d936dfffff
33208,880ab17819fffff
33209,880ab16d2bfffff
33210,880ab27a0dfffff
33211,880a86da6bfffff
33212,880a865241fffff
33213,880ab3b62dfffff
33214,880ab235d5fffff
33215,880ab2573bfffff
33216,880a868a43fffff
33217,880a86a8c5fffff
33218,880ab26d21fffff
33219,880ab2141bfffff
33220,880ab3472bfffff
33221,88252d912dfffff
33222,880ab3c365fffff
33223,880a86c343fffff
33224,880ab3d26dfffff
33225,880a86b84dfffff
33226,880ab31999fffff
33227,880ab2b927fffff
33228,880ab3b2d1fffff
33229,880ab27263fffff
33230,880ab34141fffff
33231,880ab160e3fffff
33232,880ab20eb1fffff
33233,880ab2acabfffff
33234,880ab3a9a7fffff
33235,880ab2a4a5fffff
33236,880ab22c05fffff
33237,880a86c699fffff
33238,880ab32727fffff
33239,880ab3ceadfffff
33240,88252d9109fffff
33241,88252d9853fffff
33242,880a86ced3fffff
33243,880a86972dfffff
33244,880a869551fffff
33245,880ab27181fffff
33246,880ab22855fffff
33247,880ab272a9fffff
33248,880ab288b5fffff
33249,880ab06927fffff
33250,880ab2b9abfffff
33251,880a94b01dfffff
33252,880ab3ac25fffff
33253,880ab16819fffff
33254,880ab2a813fffff
33255,880ab2386bfffff
33256,880ab34419fffff
33257,880a844801fffff
33258,880a86b83dfffff
33259,880a86c98bfffff
33260,88252dd6abfffff
33261,880a860741fffff
33262,880ab16e2bfffff
33263,880a86c769fffff
33264,880ab33461fffff
33265,880ab3a0a3fffff
33266,88252d9aa1fffff
33267,880ab164e9fffff
33268,880ab341bbfffff
33269,880ab204b7fffff
33270,880ab205adfffff
33271,880a868d15fffff
33272,880ab16e55fffff
33273,880a86c2c5fffff
33274,880ab204b9fffff
33275,880ab372b9fffff
33276,880ab2ac1dfffff
33277,880a86c2d7fffff
33278,880ab37b45fffff
33279,880ab26d51fffff
33280,880ab20debfffff
33281,880ab20293fffff
33282,880ab2b043fffff
33283,880ab2434bfffff
33284,880ab2c305fffff
33285,880ab26947fffff
33286,880ab20259fffff
33287,880ab21a0bfffff
33288,880ab22cabfffff
33289,880ab21a15fffff
33290,880ab3a70bfffff
33291,880ab37267fffff
33292,880ab3ac65fffff
33293,880ab37961fffff
33294,880ab34c6bfffff
33295,880ab2ba69fffff
33296,880ab2191dfffff
33297,880a94d2a1fffff
33298,880ab3b8bbfffff
33299,880a869a1bfffff
33300,880ab3a333fffff
33301,880ab318d7fffff
33302,880ab32301fffff
33303,880ab36341fffff
33304,880ab2a297fffff
33305,880ab27431fffff
33306,880ab3216bfffff
33307,880ab352b1fffff
33308,880ab24453fffff
33309,880a86b1c1fffff
33310,880ab232d5fffff
33311,880ab2254bfffff
33312,880ab3d313fffff
33313,880ab3c157fffff
33314,880ab2bac9fffff
33315,880ab25419fffff
33316,880ab26cc5fffff
33317,880ab22029fffff
33318,880ab27297fffff
33319,880ab21767fffff
33320,880ab34339fffff
33321,880ab26903fffff
33322,880ab246a3fffff
33323,880ab35251fffff
33324,880ab2a315fffff
33325,880ab24b19fffff
33326,880ab3da25fffff
33327,880ab20987fffff
33328,880ab31a51fffff
33329,880ab348d9fffff
33330,880ab1646bfffff
33331,880ab376bbfffff
33332,880ab3c6d5fffff
33333,880ab2629bfffff
33334,88252d99c3fffff
33335,880a869999fffff
33336,880ab2ab1bfffff
33337,880ab300e3fffff
33338,880ab3d15dfffff
33339,880ab26ad7fffff
33340,880ab2330bfffff
33341,880ab25487fffff
33342,880ab24c0dfffff
33343,880ab345bbfffff
33344,880ab3065dfffff
33345,880a86a8a9fffff
33346,880ab20aa3fffff
33347,880a868a15fffff
33348,880ab26997fffff
33349,880ab20c59fffff
33350,880ab261d5fffff
33351,880ab069d1fffff
33352,880ab22e39fffff
33353,880a868ed7fffff
33354,880a8695bbfffff
33355,880ab2608dfffff
33356,880ab27b03fffff
33357,880a94d15dfffff
33358,880ab21a03fffff
33359,880a869823fffff
33360,880ab22037fffff
33361,880ab23b13fffff
33362,880ab2cd37fffff
33363,880a86ca2bfffff
33364,88252d9aa3fffff
33365,880ab20a83fffff
33366,880ab2c34dfffff
33367,880ab35809fffff
33368,880a86d92bfffff
33369,880ab2115bfffff
33370,880a86cb5dfffff
33371,880a86845bfffff
33372,880ab36347fffff
33373,880a86d9a5fffff
33374,880ab226dbfffff
33375,880ab34f5dfffff
33376,880ab3719dfffff
33377,880a86ca05fffff
33378,880a86d16dfffff
33379,880ab20247fffff
33380,880ab16de9fffff
33381,880ab2c609fffff
33382,880ab374c5fffff
33383,880ab2cf09fffff
33384,880a86c9b9fffff
33385,880a86c5e3fffff
33386,880ab25533fffff
33387,880ab25ac1fffff
33388,880a86906bfffff
33389,880ab16869fffff
33390,880ab17525fffff
33391,880ab342e5fffff
33392,880ab350e5fffff
33393,880a868aabfffff
33394,880ab3d507fffff
33395,880ab372ddfffff
33396,880ab30835fffff
33397,880ab1752dfffff
33398,880a86c0dbfffff
33399,880ab3ca0bfffff
33400,880a86a1b7fffff
33401,880a86d813fffff
33402,880ab27511fffff
33403,880a8602abfffff
33404,880a86c6a3fffff
33405,880ab2d48dfffff
33406,880ab26a19fffff
33407,880ab35943fffff
33408,880ab16309fffff
33409,880a86903dfffff
33410,880ab16f61fffff
33411,880a86a943fffff
33412,880a8690cbfffff
33413,880ab26d49fffff
33414,880ab24335fffff
33415,880ab23b45fffff
33416,880ab201c9fffff
33417,880ab30719fffff
33418,880a861081fffff
33419,880ab31839fffff
33420,880ab35acbfffff
33421,880ab24c57fffff
33422,880ab20647fffff
33423,880ab26767fffff
33424,880ab23093fffff
33425,88252d903dfffff
33426,880ab28c33fffff
33427,880a868c17fffff
33428,880a86d9d9fffff
33429,880ab22ea1fffff
33430,880ab22239fffff
33431,88252d9aabfffff
33432,880a84483bfffff
33433,880ab352d7fffff
33434,880ab3ac27fffff
33435,880ab3749dfffff
33436,880a94b74dfffff
33437,880ab239e7fffff
33438,880ab25005fffff
33439,880a8611edfffff
33440,880a8696e3fffff
33441,880ab256c7fffff
33442,880a9496cdfffff
33443,880ab26d09fffff
33444,880a8601ddfffff
33445,880a86b991fffff
33446,880ab300abfffff
33447,880a86cb63fffff
33448,880ab33263fffff
33449,880ab371abfffff
33450,880a86a83dfffff
33451,880a8602bbfffff
33452,880ab3106dfffff
33453,880ab250c1fffff
33454,880ab266d3fffff
33455,88252d8815fffff
33456,880ab356b9fffff
33457,880ab27633fffff
33458,880ab33a95fffff
33459,880ab16039fffff
33460,880a868511fffff
33461,880a845937fffff
33462,880ab2231dfffff
33463,880ab2a63dfffff
33464,880a860365fffff
33465,880ab27001fffff
33466,880ab16b27fffff
33467,880ab3cf1bfffff
33468,880a86c84dfffff
33469,880ab236dbfffff
33470,880ab37b61fffff
33471,880ab218e1fffff
33472,880ab346b3fffff
33473,880ab26cadfffff
33474,880ab3c615fffff
33475,880ab2048bfffff
33476,880ab25687fffff
33477,880ab201e9fffff
33478,880ab24edbfffff
33479,880a868c95fffff
33480,880ab30715fffff
33481,88252cb6c5fffff
33482,880ab3c4e5fffff
33483,880a868e53fffff
33484,880ab2a551fffff
33485,880a86a149fffff
33486,880a844841fffff
33487,880ab2aa43fffff
33488,880ab33b37fffff
33489,880ab20f31fffff
33490,880a869addfffff
33491,880ab23863fffff
33492,880a94d26bfffff
33493,880ab20309fffff
33494,880a86d823fffff
33495,880a8680cdfffff
33496,880a86c0e3fffff
33497,880ab25751fffff
33498,880ab16585fffff
33499,880ab22ee7fffff
33500,880a86821dfffff
33501,880a86068bfffff
33502,880ab2a25dfffff
33503,880ab30803fffff
33504,880ab16111fffff
33505,880ab168d5fffff
33506,880ab235d1fffff
33507,880ab22095fffff
33508,880a86c755fffff
33509,880a8694a5fffff
33510,880a868163fffff
33511,880a86aa07fffff
33512,880ab27527fffff
33513,880a8698d5fffff
33514,88252d8101fffff
33515,880ab2694dfffff
33516,880ab2c709fffff
33517,880ab3d04dfffff
33518,880ab344b3fffff
33519,88252dd68dfffff
33520,880ab3c283fffff
33521,880ab30517fffff
33522,880ab34b41fffff
33523,880ab33259fffff
33524,880a86d5c7fffff
33525,880ab266cbfffff
33526,880ab21365fffff
33527,880a86d323fffff
33528,880ab37765fffff
33529,880ab33105fffff
33530,880ab3ac67fffff
33531,880a86b243fffff
33532,880ab26019fffff
33533,880ab2c755fffff
33534,880ab35a9dfffff
33535,88252d9803fffff
33536,880ab16d69fffff
33537,880a8610c5fffff
33538,880ab30f0bfffff
33539,880ab26583fffff
33540,880ab2ad9dfffff
33541,880ab28533fffff
33542,880ab27a1bfffff
33543,880ab2233bfffff
33544,880a860a17fffff
33545,880a860b53fffff
33546,880ab2ae31fffff
33547,880ab2a9b1fffff
33548,880ab16f39fffff
33549,880ab2a4ddfffff
33550,880a8610a1fffff
33551,880ab2c5a3fffff
33552,880ab27747fffff
33553,880a8615e3fffff
33554,88252d8b3dfffff
33555,880ab3a03dfffff
33556,880ab302cdfffff
33557,880ab3a937fffff
33558,880a8610e5fffff
33559,880ab24e99fffff
33560,880ab274c1fffff
33561,880ab20705fffff
33562,880a86c705fffff
33563,880ab2399bfffff
33564,880ab3461dfffff
33565,880ab2cd23fffff
33566,880ab3c183fffff
33567,880ab3a155fffff
33568,880a861837fffff
33569,880ab16231fffff
33570,880a86d343fffff
33571,880ab315c3fffff
33572,880ab27ae7fffff
33573,880a865219fffff
33574,880ab23b29fffff
33575,880a8684b9fffff
33576,880ab246d1fffff
33577,880ab1680bfffff
33578,880ab3ab11fffff
33579,880ab3a163fffff
33580,880a94d015fffff
33581,880ab260bbfffff
33582,880a86ba95fffff
33583,880ab3b4d7fffff
33584,880ab2d1cdfffff
33585,880a8606c3fffff
33586,880ab3d9ddfffff
33587,880ab20967fffff
33588,880ab238e7fffff
33589,880ab225cbfffff
33590,880ab20c6dfffff
33591,880ab14db5fffff
33592,880ab245c9fffff
33593,880ab2135dfffff
33594,880ab34d61fffff
33595,880ab26891fffff
33596,880ab22de9fffff
33597,880ab274c3fffff
33598,880ab3ad55fffff
33599,880ab272adfffff
33600,880ab25185fffff
33601,880a9494c3fffff
33602,880a94b239fffff
33603,880ab30a4bfffff
33604,880a869061fffff
33605,880ab2a6bdfffff
33606,880ab2671bfffff
33607,880ab12db9fffff
33608,880ab3ad6dfffff
33609,880ab22281fffff
33610,880a8614bdfffff
33611,880ab17841fffff
33612,880ab1676bfffff
33613,880a86929bfffff
33614,880ab2a6e1fffff
33615,88252d8103fffff
33616,880ab34753fffff
33617,880ab3c1c7fffff
33618,880ab226c9fffff
33619,880ab3463dfffff
33620,880ab26e59fffff
33621,880a869a3bfffff
33622,880ab31195fffff
33623,880ab346b5fffff
33624,880a86ba6bfffff
33625,880ab35659fffff
33626,880ab160edfffff
33627,880ab16d07fffff
33628,880ab2b1d1fffff
33629,880ab336a1fffff
33630,880ab30953fffff
33631,880ab2cab5fffff
33632,88252d8a43fffff
33633,880ab16a39fffff
33634,880ab16065fffff
33635,880ab35b07fffff
33636,880ab212abfffff
33637,880ab33103fffff
33638,880ab37b05fffff
33639,880a86ca6dfffff
33640,880ab3529dfffff
33641,880ab2c439fffff
33642,880a868e87fffff
33643,880a868251fffff
33644,880a94d303fffff
33645,880a86c435fffff
33646,880ab2b533fffff
33647,880ab2369dfffff
33648,880a94b73dfffff
33649,880ab16151fffff
33650,880ab2ae43fffff
33651,880ab24e3dfffff
33652,880ab3b737fffff
33653,88252dd6d1fffff
33654,880ab3d86dfffff
33655,880ab37427fffff
33656,880ab371e7fffff
33657,880a861901fffff
33658,880a869291fffff
33659,880ab2b109fffff
33660,880a86d4a3fffff
33661,880ab24827fffff
33662,880ab3490dfffff
33663,880a86c655fffff
33664,880a86b321fffff
33665,880ab22e49fffff
33666,880ab3c257fffff
33667,880ab2b1d5fffff
33668,880ab3c9a9fffff
33669,880a8681dbfffff
33670,880ab3b9d5fffff
33671,880a861925fffff
33672,880a863223fffff
33673,880ab16507fffff
33674,880ab2b9dbfffff
33675,880a86a9bbfffff
33676,880ab2264dfffff
33677,880ab33205fffff
33678,880ab20a6bfffff
33679,880ab164b5fffff
33680,880ab3308bfffff
33681,880ab3724dfffff
33682,880ab2058bfffff
33683,880a861b63fffff
33684,880a868507fffff
33685,880ab1641bfffff
33686,880ab3a953fffff
33687,880a94b429fffff
33688,880a86b945fffff
33689,880a86d4abfffff
33690,880ab3a959fffff
33691,880ab21b6dfffff
33692,880ab2aa05fffff
33693,880ab319cbfffff
33694,880ab2b33bfffff
33695,880ab2cc95fffff
33696,880ab3a283fffff
33697,88252d8829fffff
33698,880ab26b31fffff
33699,880ab24699fffff
33700,880ab3db5dfffff
33701,880ab23053fffff
33702,880a868493fffff
33703,880ab2a441fffff
33704,880ab34d35fffff
33705,880ab22c27fffff
33706,880a86316bfffff
33707,880a949459fffff
33708,880a868dd7fffff
33709,880ab2568bfffff
33710,880ab20ae5fffff
33711,880ab21023fffff
33712,880a861889fffff
33713,880ab3cb69fffff
33714,88252d9883fffff
33715,880ab34e2bfffff
33716,880ab271d5fffff
33717,880ab17ac5fffff
33718,880ab3570dfffff
33719,880ab3033dfffff
33720,880ab3a911fffff
33721,880ab16593fffff
33722,880ab2635bfffff
33723,880a86850bfffff
33724,880a868607fffff
33725,880a86036bfffff
33726,880ab2d735fffff
33727,880ab335d1fffff
33728,880ab304d7fffff
33729,880ab2a9adfffff
33730,880ab2126bfffff
33731,880ab21823fffff
33732,880ab3c515fffff
33733,880ab35b4bfffff
33734,880ab17a27fffff
33735,880ab33909fffff
33736,880a86b907fffff
33737,880ab32a35fffff
33738,880ab24615fffff
33739,880ab2ad1bfffff
33740,880a94b231fffff
33741,88252d92cbfffff
33742,88252d9b23fffff
33743,880ab22b6dfffff
33744,880ab330bdfffff
33745,880ab3003bfffff
33746,880ab30c19fffff
33747,880a861663fffff
33748,880ab30a6bfffff
33749,880a868da3fffff
33750,880a86c5d9fffff
33751,880ab3004dfffff
33752,880ab2aa37fffff
33753,880ab27a07fffff
33754,880ab28495fffff
33755,880ab26d0bfffff
33756,880a868885fffff
33757,880a8695dbfffff
33758,880ab22e57fffff
33759,880ab25057fffff
33760,880ab3136bfffff
33761,880ab16715fffff
33762,880ab26133fffff
33763,880ab315e1fffff
33764,88252dd2a7fffff
33765,880ab33a81fffff
33766,880a8682dbfffff
33767,880ab20725fffff
33768,880ab24a85fffff
33769,880ab2ba53fffff
33770,880a86d2c5fffff
33771,880a8682d9fffff
33772,880ab35a69fffff
33773,880a949b15fffff
33774,880a86a33dfffff
33775,880ab3a817fffff
33776,880a868715fffff
33777,880ab37b51fffff
33778,880ab376c9fffff
33779,880ab20193fffff
33780,880ab2389dfffff
33781,880ab26d67fffff
33782,88252d830dfffff
33783,880ab3cc09fffff
33784,880ab33b05fffff
33785,880ab2c349fffff
33786,880ab26b25fffff
33787,880a86106bfffff
33788,880ab2c1b9fffff
33789,880ab334cdfffff
33790,880a86d6abfffff
33791,880ab2505dfffff
33792,880ab2c449fffff
33793,880a861495fffff
33794,880ab2d0d7fffff
33795,880ab32959fffff
33796,880a94b023fffff
33797,880a86110dfffff
33798,880a868b55fffff
33799,880ab30c41fffff
33800,880ab26b3dfffff
33801,880a94d35bfffff
33802,880a86d451fffff
33803,880a8652ddfffff
33804,880ab33815fffff
33805,880ab2c761fffff
33806,880ab2cc31fffff
33807,880ab2a109fffff
33808,880a86c935fffff
33809,880ab22199fffff
33810,880a869ae3fffff
33811,880ab32419fffff
33812,880ab3cab9fffff
33813,880ab37a11fffff
33814,880a86d45dfffff
33815,880ab308c7fffff
33816,880ab2bb29fffff
33817,880a86d059fffff
33818,880ab24067fffff
33819,880ab212edfffff
33820,880ab27923fffff
33821,880ab27195fffff
33822,880ab2416dfffff
33823,880ab33aa3fffff
33824,880ab16d45fffff
33825,880ab3ad91fffff
33826,880ab162b5fffff
33827,880a86cb69fffff
33828,880ab3752dfffff
33829,880ab27329fffff
33830,880ab218b5fffff
33831,880ab2a849fffff
33832,880ab37247fffff
33833,880ab2c6dbfffff
33834,880ab33005fffff
33835,880ab305c9fffff
33836,880a86d1a3fffff
33837,880ab25349fffff
33838,880a86cc9dfffff
33839,880ab2cea9fffff
33840,880ab2d6b5fffff
33841,880ab3019bfffff
33842,880ab3d5b9fffff
33843,880ab214ddfffff
33844,880ab37733fffff
33845,880a86cf31fffff
33846,880ab206bbfffff
33847,880ab27089fffff
33848,880a86a811fffff
33849,880a844f67fffff
33850,880ab245b1fffff
33851,880ab31b2bfffff
33852,880ab2421bfffff
33853,880ab342d7fffff
33854,880ab248a1fffff
33855,880a86ca19fffff
33856,880ab16a6bfffff
33857,880ab3d98bfffff
33858,880ab30e6dfffff
33859,880ab26f63fffff
33860,880ab22415fffff
33861,880ab31b03fffff
33862,880a86c269fffff
33863,880ab162b7fffff
33864,880ab2ac8dfffff
33865,880ab2aeadfffff
33866,880ab3acd7fffff
33867,880ab31a9bfffff
33868,880ab334a5fffff
33869,880ab2a939fffff
33870,880ab24d21fffff
33871,880ab30e57fffff
33872,880ab21097fffff
33873,880a86aa39fffff
33874,880ab22211fffff
33875,880ab35005fffff
33876,880a861ab9fffff
33877,880ab34643fffff
33878,880a86d5a1fffff
33879,880ab24365fffff
33880,880ab24b17fffff
33881,880ab316e9fffff
33882,880ab378b9fffff
33883,880a86c4dbfffff
33884,880ab2c8e3fffff
33885,880a86a96dfffff
33886,880ab268d5fffff
33887,880a86d81bfffff
33888,880a86c427fffff
33889,880a861563fffff
33890,880a861805fffff
33891,880ab068adfffff
33892,88252dd667fffff
33893,880a8684c3fffff
33894,880ab23583fffff
33895,880ab239d3fffff
33896,880ab35a07fffff
33897,880a860737fffff
33898,880a86b1d1fffff
33899,880a8602e1fffff
33900,880a86ba59fffff
33901,880ab3ab4dfffff
33902,880ab3a82bfffff
33903,880ab3001bfffff
33904,880a865655fffff
33905,880ab289a5fffff
33906,880ab3a459fffff
33907,88252d8863fffff
33908,880ab21013fffff
33909,880a86c645fffff
33910,880ab33b15fffff
33911,880ab3aa63fffff
33912,880ab3cce1fffff
33913,880ab30e95fffff
33914,880ab35825fffff
33915,880ab34113fffff
33916,880a949669fffff
33917,880a869465fffff
33918,880ab3ce25fffff
33919,880ab16cebfffff
33920,880ab16b39fffff
33921,880ab218d5fffff
33922,880ab222abfffff
33923,880a949757fffff
33924,880ab2600dfffff
33925,880a869753fffff
33926,880ab25667fffff
33927,880ab215b5fffff
33928,880a868a6bfffff
33929,880a86cd21fffff
33930,880ab25357fffff
33931,880ab32141fffff
33932,880ab3156bfffff
33933,880a868923fffff
33934,880a8681e1fffff
33935,880ab16d09fffff
33936,880ab22a81fffff
33937,880ab251a5fffff
33938,880ab33681fffff
33939,880ab30597fffff
33940,880a86d8b1fffff
33941,880ab175bdfffff
33942,880a86566dfffff
33943,880ab3c825fffff
33944,880ab2d4adfffff
33945,880ab20dbbfffff
33946,880ab23523fffff
33947,880ab34207fffff
33948,880a949545fffff
33949,880a869231fffff
33950,88252d8365fffff
33951,880ab246c1fffff
33952,880ab3391bfffff
33953,880ab304b7fffff
33954,880ab339d5fffff
33955,880a8616ddfffff
33956,880ab2056bfffff
33957,880ab341bdfffff
33958,880ab2bb39fffff
33959,880ab31929fffff
33960,880ab24e57fffff
33961,880ab27491fffff
33962,880a86c5a7fffff
33963,880ab28ea5fffff
33964,880ab214ebfffff
33965,880ab3da57fffff
33966,880a86524bfffff
33967,880ab31883fffff
33968,880a949665fffff
33969,880ab32369fffff
33970,880a86db21fffff
33971,880ab2b899fffff
33972,880ab284b7fffff
33973,880a86d513fffff
33974,880ab3a5d1fffff
33975,880ab3c8b9fffff
33976,880ab2c5dbfffff
33977,880ab27b13fffff
33978,880ab3adcdfffff
33979,880ab34267fffff
33980,880ab3c22bfffff
33981,880ab20299fffff
33982,88252d8959fffff
33983,880a8610b9fffff
33984,880ab3a4b1fffff
33985,880a86c2d5fffff
33986,880a86974dfffff
33987,880a869751fffff
33988,880a865319fffff
33989,880ab308bbfffff
33990,880ab28d51fffff
33991,880ab2acb7fffff
33992,880ab250d3fffff
33993,880a94d249fffff
33994,880ab20b45fffff
33995,880a94d307fffff
33996,880a86032dfffff
33997,88252d8149fffff
33998,880ab3c123fffff
33999,880ab27735fffff
34000,880ab22d17fffff
34001,880ab275e1fffff
34002,88252cb64bfffff
34003,880ab33841fffff
34004,880ab3b9d3fffff
34005,880a86b355fffff
34006,880ab24687fffff
34007,880a844921fffff
34008,880a860299fffff
34009,880ab21555fffff
34010,880a94b61dfffff
34011,880ab16ce3fffff
34012,880ab3b925fffff
34013,880ab16ad3fffff
34014,880a86aa33fffff
34015,880ab300a3fffff
34016,880ab246edfffff
34017,880ab34a59fffff
34018,880a86b2a5fffff
34019,880ab3adebfffff
34020,880a861447fffff
34021,880a8656d5fffff
34022,880ab24dcbfffff
34023,880a86d23dfffff
34024,880a86d329fffff
34025,880ab32127fffff
34026,880ab14d8dfffff
34027,880ab16b2bfffff
34028,880ab3a4c5fffff
34029,880ab3da21fffff
34030,880ab30e93fffff
34031,880ab22d85fffff
34032,880ab37337fffff
34033,880ab3ae17fffff
34034,880a868825fffff
34035,880ab3323bfffff
34036,880ab33819fffff
34037,880ab16c6bfffff
34038,880ab2734bfffff
34039,880ab238a9fffff
34040,880ab30829fffff
34041,880a86013bfffff
34042,880a860233fffff
34043,880a868e21fffff
34044,880ab332a7fffff
34045,880ab3c0b9fffff
34046,880a86d9e9fffff
34047,880a94b611fffff
34048,880ab3a9c7fffff
34049,880ab30e2dfffff
34050,880ab2a237fffff
34051,880ab22711fffff
34052,880ab22805fffff
34053,880ab23a47fffff
34054,880ab33207fffff
34055,880ab3c8e5fffff
34056,880ab34c81fffff
34057,880ab1654bfffff
34058,880ab272bbfffff
34059,880ab3ac35fffff
34060,880a86ca0bfffff
34061,880ab2a107fffff
34062,880a860235fffff
34063,880ab25335fffff
34064,880ab23927fffff
34065,880ab17999fffff
34066,880ab3db43fffff
34067,880a8684a9fffff
34068,880ab2d1e5fffff
34069,880ab129a1fffff
34070,880ab31687fffff
34071,880a86ae43fffff
34072,880ab22615fffff
34073,880ab340b5fffff
34074,880a94946bfffff
34075,880ab1672dfffff
34076,880ab22317fffff
34077,880a86c8c9fffff
34078,880ab3c29dfffff
34079,880ab33567fffff
34080,880ab2506dfffff
34081,880ab24829fffff
34082,880ab215dbfffff
34083,880ab34865fffff
34084,880a861895fffff
34085,880a86c0b9fffff
34086,880ab30f11fffff
34087,880ab24955fffff
34088,880a86c587fffff
34089,880ab16a97fffff
34090,880a86d687fffff
34091,880ab2cf31fffff
34092,880ab26f2bfffff
34093,880ab24c59fffff
34094,880ab2c335fffff
34095,880a868d63fffff
34096,880ab23119fffff
34097,880a86c0adfffff
34098,880a94d289fffff
34099,880ab3285bfffff
34100,880a86535dfffff
34101,880a84493bfffff
34102,880ab21981fffff
34103,880a86d9d7fffff
34104,880ab34467fffff
34105,880a8606e9fffff
34106,880ab37b35fffff
34107,880ab3b485fffff
34108,880ab28929fffff
34109,880ab26f59fffff
34110,880ab2a71bfffff
34111,880ab2559bfffff
34112,880a8614abfffff
34113,880ab2c35dfffff
34114,880a844b13fffff
34115,880ab331cbfffff
34116,880ab2069bfffff
34117,880ab3ad31fffff
34118,880a86933bfffff
34119,880ab2c09bfffff
34120,880ab16cb7fffff
34121,880ab27023fffff
34122,880ab30159fffff
34123,880ab30333fffff
34124,880ab255ebfffff
34125,880ab3c511fffff
34126,880ab359bbfffff
34127,880ab23207fffff
34128,880ab354cbfffff
34129,880a868d1bfffff
34130,880ab229a3fffff
34131,880ab2125dfffff
34132,880ab34483fffff
34133,880a86b02bfffff
34134,880ab370cdfffff
34135,880a86c023fffff
34136,880ab3a837fffff
34137,880ab3a925fffff
34138,880a86876bfffff
34139,880ab3c437fffff
34140,880ab3c345fffff
34141,880a86163dfffff
34142,880ab33143fffff
34143,880ab22993fffff
34144,880a868603fffff
34145,880ab315e7fffff
34146,880ab26187fffff
34147,880ab162a1fffff
34148,880ab20891fffff
34149,880a86c06dfffff
34150,880ab16cbbfffff
34151,880ab3a32dfffff
34152,880ab2070dfffff
34153,880ab33917fffff
34154,880ab218a3fffff
34155,880ab3d349fffff
34156,880ab228cbfffff
34157,880ab160d5fffff
34158,880ab248cdfffff
34159,880a949687fffff
34160,880ab37015fffff
34161,88252d8119fffff
34162,880ab3484bfffff
34163,880ab3a539fffff
34164,880a868e49fffff
34165,880ab35747fffff
34166,880ab2c1dbfffff
34167,880ab36345fffff
34168,880ab27a41fffff
34169,880ab2c5adfffff
34170,880a86921bfffff
34171,880ab345a5fffff
34172,880ab33159fffff
34173,880ab2a54bfffff
34174,880ab30d35fffff
34175,880ab17983fffff
34176,880a86b93dfffff
34177,880ab24d91fffff
34178,88252d9957fffff
34179,880a86c63dfffff
34180,880ab20813fffff
34181,880ab16a69fffff
34182,880ab31041fffff
34183,880ab25427fffff
34184,880a868d0bfffff
34185,880ab216d1fffff
34186,880a8680a7fffff
34187,880a860305fffff
34188,880a861041fffff
34189,880ab28b25fffff
34190,880ab2521bfffff
34191,880a8612bdfffff
34192,880ab3d19dfffff
34193,880ab3cd1bfffff
34194,880ab21745fffff
34195,880ab3143dfffff
34196,880ab32159fffff
34197,880ab3c155fffff
34198,880a861145fffff
34199,880ab22c2dfffff
34200,880ab35a31fffff
34201,880ab2ce81fffff
34202,880ab34ed7fffff
34203,880ab33a97fffff
34204,880ab16dd9fffff
34205,880ab271e5fffff
34206,880ab32363fffff
34207,88252d974bfffff
34208,880ab37927fffff
34209,880ab2a909fffff
34210,880ab30ed9fffff
34211,880ab37455fffff
34212,880ab2368dfffff
34213,880a86c56dfffff
34214,880ab3a29dfffff
34215,880ab27325fffff
34216,880a844865fffff
34217,880a94d281fffff
34218,880a865243fffff
34219,880ab30e89fffff
34220,880ab2195dfffff
34221,880ab34699fffff
34222,880a844911fffff
34223,880ab239e9fffff
34224,880ab3a695fffff
34225,88252dd6adfffff
34226,880ab20cddfffff
34227,880ab2c5c1fffff
34228,880a8685a5fffff
34229,880a860351fffff
34230,880a860acbfffff
34231,880ab34369fffff
34232,880ab32b61fffff
34233,880ab23355fffff
34234,880ab34529fffff
34235,880ab21ae7fffff
34236,880ab3026bfffff
34237,880ab215b3fffff
34238,880a8610a3fffff
34239,880ab3ce53fffff
34240,880ab30407fffff
34241,880ab2cc01fffff
34242,880ab20eb5fffff
34243,880ab06989fffff
34244,880a86d827fffff
34245,880ab2c269fffff
34246,880a949b09fffff
34247,880a86c4d1fffff
34248,880ab244c1fffff
34249,880ab22cd3fffff
34250,880ab35501fffff
34251,880a868c65fffff
34252,880ab2030bfffff
34253,880ab34dc9fffff
34254,880ab2a46dfffff
34255,88252d98ebfffff
34256,880a86c82dfffff
34257,880a949497fffff
34258,880ab3b69dfffff
34259,880ab37663fffff
34260,880ab24857fffff
34261,880ab27513fffff
34262,880ab2b5d7fffff
34263,880ab165cbfffff
34264,880ab26ab1fffff
34265,880a868aa7fffff
34266,880a868155fffff
34267,880ab3353bfffff
34268,880ab24611fffff
34269,880a868653fffff
34270,880ab16dd5fffff
34271,880ab276e7fffff
34272,88252d8b6dfffff
34273,880ab324d7fffff
34274,880ab22509fffff
34275,880ab26459fffff
34276,880ab16b47fffff
34277,880ab2ad0bfffff
34278,880ab3c447fffff
34279,880a94b2a1fffff
34280,880ab22835fffff
34281,880ab16353fffff
34282,880ab2c469fffff
34283,88252d8359fffff
34284,880ab3a2a9fffff
34285,880ab2cc91fffff
34286,880ab169c5fffff
34287,880ab376d1fffff
34288,880ab16ce9fffff
34289,880ab21a45fffff
34290,880ab26d69fffff
34291,880a860a89fffff
34292,880ab3012bfffff
34293,880a86cca5fffff
34294,880ab16e31fffff
34295,880ab3331bfffff
34296,880ab3cde3fffff
34297,880a86a827fffff
34298,880a86c0d3fffff
34299,880ab2054bfffff
34300,880ab2c59bfffff
34301,880ab34ce3fffff
34302,880ab2325dfffff
34303,880a861a81fffff
34304,880ab31885fffff
34305,880a86d431fffff
34306,880a869b13fffff
34307,880ab2651bfffff
34308,880a86b213fffff
34309,880ab3a983fffff
34310,880a949a69fffff
34311,880ab34039fffff
34312,880ab3d8a5fffff
34313,880ab20487fffff
34314,880ab24501fffff
34315,880ab388e1fffff
34316,880ab254b7fffff
34317,880ab2662dfffff
34318,880ab20833fffff
34319,880a8618ddfffff
34320,880a86301dfffff
34321,880ab2ab35fffff
34322,880ab262abfffff
34323,880a86ce3bfffff
34324,880ab27769fffff
34325,880ab389a1fffff
34326,880ab37945fffff
34327,880ab33451fffff
34328,880a865713fffff
34329,880ab3a819fffff
34330,880ab23939fffff
34331,880ab338d5fffff
34332,880ab3ad27fffff
34333,880ab16519fffff
34334,880ab166e1fffff
34335,880ab226a5fffff
34336,880a8615cdfffff
34337,880a861133fffff
34338,880a868331fffff
34339,880ab358cbfffff
34340,880ab35435fffff
34341,880ab26951fffff
34342,880a865263fffff
34343,880ab2d091fffff
34344,88252d8943fffff
34345,880ab26cdbfffff
34346,880ab26f4dfffff
34347,880ab20e17fffff
34348,880ab23b63fffff
34349,880ab2c603fffff
34350,880ab3c2d7fffff
34351,880ab345b3fffff
34352,880ab17a3dfffff
34353,880ab3a643fffff
34354,88252d8a9dfffff
34355,880a86c1ebfffff
34356,880ab2716dfffff
34357,880ab22047fffff
34358,880ab21137fffff
34359,880ab3c287fffff
34360,880ab2461bfffff
34361,880ab34d69fffff
34362,880ab16a3dfffff
34363,880a868091fffff
34364,880ab302c1fffff
34365,880ab3434bfffff
34366,880ab16c3bfffff
34367,880ab3529bfffff
34368,880ab20d19fffff
34369,880ab2500dfffff
34370,880ab30c99fffff
34371,880ab2c6d1fffff
34372,880ab31187fffff
34373,880ab2a635fffff
34374,880ab22eedfffff
34375,880ab3da9dfffff
34376,880ab28c81fffff
34377,880ab2134bfffff
34378,880ab33139fffff
34379,880a8689dbfffff
34380,880a86ab15fffff
34381,880ab34e8dfffff
34382,880a869a13fffff
34383,880ab3c117fffff
34384,880ab2120dfffff
34385,880ab2715dfffff
34386,880ab358ebfffff
34387,880ab3a0d9fffff
34388,880ab17987fffff
34389,880ab34513fffff
34390,880ab27561fffff
34391,880ab23061fffff
34392,880a8616a7fffff
34393,880a869abbfffff
34394,880ab2aae3fffff
34395,880ab35137fffff
34396,880a86d2b7fffff
34397,880ab338e5fffff
34398,880ab31107fffff
34399,880ab321b7fffff
34400,880ab342c9fffff
34401,880ab1613dfffff
34402,880ab20b47fffff
34403,880ab26a55fffff
34404,880ab220d5fffff
34405,880ab240e3fffff
34406,880ab3c0d3fffff
34407,880ab34a9dfffff
34408,880ab37551fffff
34409,880ab3cac5fffff
34410,880ab28d47fffff
34411,880ab210e5fffff
34412,88252d981bfffff
34413,880ab3aa07fffff
34414,880ab35a21fffff
34415,880ab27025fffff
34416,880ab16547fffff
34417,880ab27959fffff
34418,880ab304cbfffff
34419,880ab24e95fffff
34420,880ab17aadfffff
34421,880ab2a5e3fffff
34422,880ab21ac7fffff
34423,880ab179a1fffff
34424,880ab2b321fffff
34425,880ab3b985fffff
34426,880a94d22dfffff
34427,880ab3b4c1fffff
34428,880a86cde3fffff
34429,880ab260c3fffff
34430,880ab30e63fffff
34431,880a860205fffff
34432,880a94b2c1fffff
34433,880ab2d007fffff
34434,880ab3dab3fffff
34435,880a8656d1fffff
34436,880a86a9d9fffff
34437,880a86a853fffff
34438,880a860629fffff
34439,880ab33981fffff
34440,880ab2a4c9fffff
34441,880a86a30dfffff
34442,880ab2ca1dfffff
34443,880ab20411fffff
34444,880ab3186bfffff
34445,88252d98bdfffff
34446,880ab25aa7fffff
34447,880ab161c7fffff
34448,880ab24613fffff
34449,880ab24e87fffff
34450,880ab2b0c9fffff
34451,880a949445fffff
34452,880ab22ab1fffff
34453,880ab33215fffff
34454,880ab3caa7fffff
34455,880ab3c633fffff
34456,880a86a257fffff
34457,880ab2390bfffff
34458,880a86d52bfffff
34459,880ab179b7fffff
34460,880a8680c1fffff
34461,880ab2a1a9fffff
34462,880ab26039fffff
34463,880a844b21fffff
34464,880a860753fffff
34465,880a86cc05fffff
34466,880ab27b2dfffff
34467,880ab2ab49fffff
34468,880a86db29fffff
34469,880ab2cc43fffff
34470,880a86a8bbfffff
34471,880a860601fffff
34472,880ab3b4c3fffff
34473,880a86a8cdfffff
34474,880ab2551bfffff
34475,880ab37a09fffff
34476,880ab350b7fffff
34477,880ab1629dfffff
34478,880ab30a65fffff
34479,880ab274d1fffff
34480,880ab272c9fffff
34481,880a86536dfffff
34482,88252d9955fffff
34483,880a869a65fffff
34484,880ab20ed1fffff
34485,880ab309a5fffff
34486,880ab239cdfffff
34487,880ab3514bfffff
34488,880ab2a8e1fffff
34489,880ab22c0bfffff
34490,880ab31a2bfffff
34491,880ab341c3fffff
34492,880ab24cd1fffff
34493,880ab21207fffff
34494,880ab2cacbfffff
34495,880ab26669fffff
34496,880ab3b2d5fffff
34497,880ab2b567fffff
34498,880ab27a59fffff
34499,880a861181fffff
34500,880a86d183fffff
34501,880a868c69fffff
34502,880ab2cd93fffff
34503,880ab248e1fffff
34504,880a865257fffff
34505,880ab239bdfffff
34506,880ab31401fffff
34507,880ab16f55fffff
34508,880ab24817fffff
34509,880ab3cd8bfffff
34510,880ab2b565fffff
34511,880ab311a5fffff
34512,880ab35743fffff
34513,880ab3ac09fffff
34514,880ab3b893fffff
34515,880a86b029fffff
34516,880ab3c453fffff
34517,880ab3da01fffff
34518,880ab3396bfffff
34519,880ab20a9bfffff
34520,880ab16e2dfffff
34521,880ab32e61fffff
34522,880ab31135fffff
34523,880a84480dfffff
34524,880a8604cbfffff
34525,880ab2ceb1fffff
34526,880a869745fffff
34527,88252d8ae1fffff
34528,880a861413fffff
34529,880a86c48bfffff
34530,880ab3c849fffff
34531,880ab33b23fffff
34532,880ab2d461fffff
34533,880ab3a709fffff
34534,880ab3b29bfffff
34535,880ab3a213fffff
34536,880ab3b927fffff
34537,88252d9ae1fffff
34538,880ab376b7fffff
34539,880ab16505fffff
34540,880ab2bb5bfffff
34541,880a86b1cdfffff
34542,880ab348c1fffff
34543,880a86c16dfffff
34544,880ab352c3fffff
34545,880ab2ae25fffff
34546,880a86166bfffff
34547,880ab200b3fffff
34548,880ab31abdfffff
34549,880a844831fffff
34550,880ab34881fffff
34551,880ab17869fffff
34552,880ab1644dfffff
34553,880ab35607fffff
34554,880a86b8b5fffff
34555,880ab339c5fffff
34556,88252dd653fffff
34557,880ab379d5fffff
34558,880ab2a219fffff
34559,880ab2c829fffff
34560,880ab2c26dfffff
34561,880ab30c89fffff
34562,880ab226cbfffff
34563,880ab26749fffff
34564,880ab16a35fffff
34565,880a868d53fffff
34566,880ab34855fffff
34567,880a861355fffff
34568,880a8615b1fffff
34569,880ab23449fffff
34570,880a949759fffff
34571,880ab32addfffff
34572,880ab26e5dfffff
34573,880ab20911fffff
34574,880ab3c0c3fffff
34575,880ab261a5fffff
34576,88252dd767fffff
34577,880ab264cdfffff
34578,880ab3cea1fffff
34579,880ab2cdc3fffff
34580,880a86af51fffff
34581,880a86db59fffff
34582,880a86dab1fffff
34583,880ab34631fffff
34584,880ab3aa87fffff
34585,880ab3c243fffff
34586,880a86c1a7fffff
34587,880ab21423fffff
34588,880ab33a33fffff
34589,880a86b04bfffff
34590,880a8448d9fffff
34591,880ab26301fffff
34592,880ab3a56bfffff
34593,880a860151fffff
34594,88252d8a13fffff
34595,880ab35b29fffff
34596,880ab242a3fffff
34597,880ab22533fffff
34598,880ab16597fffff
34599,880ab2086dfffff
34600,880ab3324dfffff
34601,880a868a87fffff
34602,880ab16531fffff
34603,880a86c2dbfffff
34604,88252d9881fffff
34605,880a869b53fffff
34606,880ab225a1fffff
34607,880a865665fffff
34608,880a94b257fffff
34609,880ab348c9fffff
34610,880ab2d039fffff
34611,880ab26541fffff
34612,880ab25abbfffff
34613,88252d9661fffff
34614,880a86d35dfffff
34615,880a86ae63fffff
34616,880ab17ac3fffff
34617,880ab2af49fffff
34618,880a8616adfffff
34619,880ab314c1fffff
34620,880ab32a5dfffff
34621,880ab37a13fffff
34622,880a86d2e1fffff
34623,880ab28c37fffff
34624,880ab30a53fffff
34625,880ab161d5fffff
34626,880a86d133fffff
34627,880ab22253fffff
34628,880a86c711fffff
34629,880ab3242bfffff
34630,88252d99c9fffff
34631,880ab27a03fffff
34632,880ab3099dfffff
34633,880ab23213fffff
34634,880ab2749dfffff
34635,880ab24a91fffff
34636,880ab24361fffff
34637,880ab33b3dfffff
34638,880ab30467fffff
34639,880ab2228dfffff
34640,880ab3580dfffff
34641,88252d9165fffff
34642,880ab258c1fffff
34643,880ab3d257fffff
34644,88252dd2b9fffff
34645,880a86d36bfffff
34646,880ab3c8ddfffff
34647,880ab3d9dbfffff
34648,880a86a89dfffff
34649,880ab3a033fffff
34650,880ab30153fffff
34651,880ab22c25fffff
34652,880a86c953fffff
34653,880ab22055fffff
34654,880a86db69fffff
34655,880ab30ed3fffff
34656,880ab3624bfffff
34657,880ab242a1fffff
34658,880ab3a0cdfffff
34659,880a86c031fffff
34660,880ab20593fffff
34661,880ab2b53dfffff
34662,880ab2376bfffff
34663,880ab3a9b3fffff
34664,880a94b20bfffff
34665,880ab2c1e5fffff
34666,880a86b99bfffff
34667,880ab250edfffff
34668,880ab205cbfffff
34669,880a86954bfffff
34670,880ab21109fffff
34671,880ab2c9dbfffff
34672,880ab2b861fffff
34673,880ab33165fffff
34674,880ab20e97fffff
34675,880a8686a3fffff
34676,880a868ac7fffff
34677,880a86c963fffff
34678,880ab3a5a1fffff
34679,880ab33663fffff
34680,880ab2a495fffff
34681,880ab2c653fffff
34682,880ab249abfffff
34683,880ab27a6bfffff
34684,88252d8ae3fffff
34685,880ab2d4a1fffff
34686,880ab2a96dfffff
34687,880ab358d5fffff
34688,880ab3221bfffff
34689,880ab2b139fffff
34690,880ab308e1fffff
34691,880ab24c65fffff
34692,880ab30553fffff
34693,880a868a9bfffff
34694,880ab22401fffff
34695,880ab34893fffff
34696,880ab17193fffff
34697,880a86c0ddfffff
34698,880a86b34bfffff
34699,880a865641fffff
34700,880ab2c34bfffff
34701,880ab30e91fffff
34702,880ab3d5bdfffff
34703,880a86aae3fffff
34704,880ab21919fffff
34705,880ab34d49fffff
34706,880a845927fffff
34707,880ab2b05bfffff
34708,880ab3429dfffff
34709,880ab161bbfffff
34710,880a86b1e3fffff
34711,880ab23131fffff
34712,880ab345ddfffff
34713,880a861043fffff
34714,880ab35a61fffff
34715,880a86d0b7fffff
34716,880a8601c5fffff
34717,880ab35927fffff
34718,880ab37351fffff
34719,880a86c895fffff
34720,880ab3c36dfffff
34721,880ab22e89fffff
34722,880ab2a4d9fffff
34723,880ab24e55fffff
34724,880ab35233fffff
34725,880ab3c545fffff
34726,880ab23413fffff
34727,880ab355a3fffff
34728,880a86ab31fffff
34729,88252d9349fffff
34730,880ab34f63fffff
34731,880a86c1d1fffff
34732,880a86148dfffff
34733,880ab2b59bfffff
34734,880a86c703fffff
34735,880ab355ebfffff
34736,880ab30ce5fffff
34737,88252d9b63fffff
34738,880ab22163fffff
34739,880ab21951fffff
34740,880a8448ddfffff
34741,880ab31945fffff
34742,880ab321d9fffff
34743,88252d98c5fffff
34744,88252d9ab3fffff
34745,880ab37295fffff
34746,880ab35a53fffff
34747,880ab3569dfffff
34748,880a9495d9fffff
34749,880ab321ddfffff
34750,880ab3aec3fffff
34751,880ab17839fffff
34752,880ab2b803fffff
34753,880ab20935fffff
34754,880ab30cb5fffff
34755,880ab166c7fffff
34756,88252d9939fffff
34757,880a86803bfffff
34758,880ab241c7fffff
34759,880ab32a21fffff
34760,880ab23035fffff
34761,880ab3c1b7fffff
34762,880ab3cedbfffff
34763,880ab26293fffff
34764,880ab244e3fffff
34765,880ab2c0a1fffff
34766,880ab06b3bfffff
34767,880a869837fffff
34768,880ab3cd45fffff
34769,880a86ba81fffff
34770,880ab164d7fffff
34771,880ab3a061fffff
34772,880ab3b407fffff
34773,880ab33653fffff
34774,880ab2ba35fffff
34775,880ab34ee9fffff
34776,880ab372d1fffff
34777,880ab2a6dbfffff
34778,880ab2a8c1fffff
34779,880ab231d7fffff
34780,880ab34025fffff
34781,880a86b019fffff
34782,880ab22165fffff
34783,880a8600ddfffff
34784,880a86989dfffff
34785,880ab2ce07fffff
34786,880ab232cdfffff
34787,880a869919fffff
34788,880ab248dbfffff
34789,880a86b0e9fffff
34790,880ab22f6bfffff
34791,880ab30853fffff
34792,880a86af65fffff
34793,880ab324dbfffff
34794,88252d8367fffff
34795,880ab20417fffff
34796,880ab32711fffff
34797,880ab2a765fffff
34798,880ab2c4adfffff
34799,880ab23497fffff
34800,880a86ceadfffff
34801,880a8690b1fffff
34802,880a861b19fffff
34803,880ab376a5fffff
34804,880a861a01fffff
34805,880a869021fffff
34806,880a8680a5fffff
34807,880ab2a155fffff
34808,880a86568dfffff
34809,880ab22349fffff
34810,880ab34259fffff
34811,880ab200e5fffff
34812,88252d9aa5fffff
34813,880a86c609fffff
34814,880ab249c5fffff
34815,880ab389a7fffff
34816,880ab34153fffff
34817,880a86d339fffff
34818,880ab2b1c7fffff
34819,880ab3d049fffff
34820,880ab26aa9fffff
34821,880ab2c96bfffff
34822,880ab2a65bfffff
34823,880a860541fffff
34824,880a86160bfffff
34825,880ab219e3fffff
34826,880ab30c93fffff
34827,880a86c317fffff
34828,880a861693fffff
34829,880ab30293fffff
34830,880ab26ee3fffff
34831,880ab3a4b5fffff
34832,880ab26d83fffff
34833,880a868351fffff
34834,880ab3a899fffff
34835,880ab3191dfffff
34836,880ab3a4c7fffff
34837,880a8602edfffff
34838,880ab34269fffff
34839,880ab21485fffff
34840,880ab2ce99fffff
34841,880ab22d53fffff
34842,880ab30861fffff
34843,880ab2498dfffff
34844,880a86c933fffff
34845,880ab3b9e9fffff
34846,880a86c28bfffff
34847,880ab2086bfffff
34848,880ab3a189fffff
34849,880ab22823fffff
34850,880ab3ad25fffff
34851,880a868259fffff
34852,880ab2ce27fffff
34853,880ab30557fffff
34854,880ab34295fffff
34855,880ab30f15fffff
34856,88252d8323fffff
34857,880a94b29bfffff
34858,880a869111fffff
34859,880ab22d99fffff
34860,880ab3cab3fffff
34861,880ab30139fffff
34862,880ab3c629fffff
34863,880ab250a9fffff
34864,88252d9ac7fffff
34865,880a86d717fffff
34866,880a86d0b3fffff
34867,880a86012dfffff
34868,880ab27339fffff
34869,880a86971dfffff
34870,880ab27551fffff
34871,880ab22f23fffff
34872,880a86d6edfffff
34873,880ab32811fffff
34874,880a86973dfffff
34875,880a8695edfffff
34876,880ab26801fffff
34877,880ab3a4cbfffff
34878,880ab351b7fffff
34879,880ab26ac7fffff
34880,880a86cdbbfffff
34881,880ab35297fffff
34882,880ab30db9fffff
34883,880ab3b719fffff
34884,880ab3cd93fffff
34885,880a868d8bfffff
34886,880ab16e5dfffff
34887,880a86b1b1fffff
34888,880ab162e5fffff
34889,880ab206edfffff
34890,880ab21233fffff
34891,880ab21811fffff
34892,880ab311adfffff
34893,880ab2a359fffff
34894,880ab2495dfffff
34895,880a86d749fffff
34896,880ab24405fffff
34897,880ab2aaa3fffff
34898,880ab34b15fffff
34899,880ab285e3fffff
34900,880ab3a5cdfffff
34901,880ab3d881fffff
34902,880ab35021fffff
34903,880ab161d9fffff
34904,880ab2cc93fffff
34905,880a868dc7fffff
34906,880ab31845fffff
34907,880a8615b5fffff
34908,880ab129a5fffff
34909,880ab161c1fffff
34910,880ab3cc0bfffff
34911,88252d8acdfffff
34912,880ab25263fffff
34913,880ab32211fffff
34914,880a861987fffff
34915,880ab16a4bfffff
34916,880a86819dfffff
34917,880a8692e9fffff
34918,880ab2cf63fffff
34919,880ab2a66bfffff
34920,880a86d911fffff
34921,880a86b849fffff
34922,880ab37311fffff
34923,880ab33a0dfffff
34924,880ab2ce3dfffff
34925,880ab3ccb3fffff
34926,880a86b193fffff
34927,880ab3a089fffff
34928,880a860715fffff
34929,880ab3b4abfffff
34930,880ab2c103fffff
34931,880ab32a19fffff
34932,880a860255fffff
34933,880ab215ddfffff
34934,880ab335b1fffff
34935,880ab1691bfffff
34936,880ab1666dfffff
34937,88252d89c7fffff
34938,880a8691d3fffff
34939,880ab26107fffff
34940,880ab3a869fffff
34941,880ab25463fffff
34942,880a86b2e1fffff
34943,880ab35003fffff
34944,880ab35a93fffff
34945,880a8681e5fffff
34946,880ab37259fffff
34947,880ab30847fffff
34948,88252d8141fffff
34949,880ab24f01fffff
34950,880ab31adbfffff
34951,880ab34895fffff
34952,880ab30131fffff
34953,880ab21599fffff
34954,880a86ad3dfffff
34955,880a844d43fffff
34956,880a86a327fffff
34957,880a8680adfffff
34958,880a868a97fffff
34959,880ab2a6d3fffff
34960,880ab35289fffff
34961,880ab378a3fffff
34962,880ab20117fffff
34963,880ab3af25fffff
34964,880a861a2bfffff
34965,880ab26c87fffff
34966,880ab22195fffff
34967,880ab210e1fffff
34968,880ab2136dfffff
34969,880ab2724bfffff
34970,880ab24339fffff
34971,880ab3ac85fffff
34972,880ab26c85fffff
34973,880a861b55fffff
34974,880ab2acc9fffff
34975,880ab33325fffff
34976,880ab34183fffff
34977,880ab20d3dfffff
34978,880ab2365dfffff
34979,880a86c4a7fffff
34980,880a8684d9fffff
34981,880ab16b59fffff
34982,880ab2d191fffff
34983,880ab202c7fffff
34984,880ab3a005fffff
34985,880a868d21fffff
34986,880ab354c1fffff
34987,880ab31323fffff
34988,880a86102bfffff
34989,880ab16163fffff
34990,880ab31155fffff
34991,880ab21217fffff
34992,880ab2896bfffff
34993,880ab26949fffff
34994,880ab22005fffff
34995,880a94d201fffff
34996,880a863329fffff
34997,880a94964dfffff
34998,880ab34731fffff
34999,880ab2d595fffff
35000,880a949503fffff
35001,880ab3cc99fffff
35002,880ab2762dfffff
35003,880a86ad29fffff
35004,880a86cb4bfffff
35005,880ab3ae97fffff
35006,880a868195fffff
35007,880a86af41fffff
35008,880ab3ab43fffff
35009,880ab16dbbfffff
35010,880ab26e95fffff
35011,880ab31029fffff
35012,880ab3c1c5fffff
35013,880a861227fffff
35014,880ab3a96dfffff
35015,880ab2a827fffff
35016,880ab06b25fffff
35017,880ab2a4d7fffff
35018,880ab20ee9fffff
35019,880a86c247fffff
35020,880ab2adddfffff
35021,880ab3b537fffff
35022,880a868a47fffff
35023,880a8600c9fffff
35024,880ab26745fffff
35025,880ab33301fffff
35026,880a861369fffff
35027,880ab321bbfffff
35028,880ab27201fffff
35029,880ab2b835fffff
35030,880a860133fffff
35031,880a86a12bfffff
35032,880ab35081fffff
35033,880ab2b1b9fffff
35034,880a868abdfffff
35035,880ab3aad7fffff
35036,880ab2a49bfffff
35037,880ab2358dfffff
35038,880ab20b67fffff
35039,880ab38991fffff
35040,880ab25353fffff
35041,880ab23a03fffff
35042,880ab20f49fffff
35043,880ab3a8ddfffff
35044,880ab16a9bfffff
35045,88252d8303fffff
35046,880ab3a463fffff
35047,880a868881fffff
35048,880a8614e9fffff
35049,880ab33119fffff
35050,880ab2a6adfffff
35051,880ab27055fffff
35052,880ab270d3fffff
35053,880ab302c9fffff
35054,880a86c8ddfffff
35055,880ab3a5b3fffff
35056,880ab32f67fffff
35057,880ab309b1fffff
35058,880a86d095fffff
35059,880a860345fffff
35060,880ab3555dfffff
35061,880ab35a65fffff
35062,880a861747fffff
35063,880ab301d3fffff
35064,880ab351c3fffff
35065,880a949591fffff
35066,880ab3c743fffff
35067,880ab249d7fffff
35068,880ab3c16dfffff
35069,880a86c457fffff
35070,880a868995fffff
35071,880a869a5bfffff
35072,880ab20853fffff
35073,880a86d4a7fffff
35074,880ab274a5fffff
35075,880ab218c1fffff
35076,880ab30ecdfffff
35077,880ab3229dfffff
35078,880ab226e5fffff
35079,880ab3d987fffff
35080,880ab2cd15fffff
35081,880ab161e5fffff
35082,880ab2c257fffff
35083,880ab2c65dfffff
35084,880ab2ab69fffff
35085,88252d883dfffff
35086,880ab3260dfffff
35087,880ab261a9fffff
35088,880a86b917fffff
35089,880ab20c27fffff
35090,880ab2896dfffff
35091,880a86d0cdfffff
35092,880ab24599fffff
35093,880a868d8dfffff
35094,880a86c709fffff
35095,880ab265dbfffff
35096,88252d9849fffff
35097,880a86ba97fffff
35098,880ab2b319fffff
35099,880ab2d4d3fffff
35100,880ab3c165fffff
35101,880ab208edfffff
35102,880a86bb65fffff
35103,880ab23625fffff
35104,880ab20831fffff
35105,880ab31589fffff
35106,880ab218a1fffff
35107,880a86d003fffff
35108,880ab3ab07fffff
35109,880ab3c455fffff
35110,880ab3061dfffff
35111,880ab302dbfffff
35112,880ab26987fffff
35113,880ab32725fffff
35114,880ab344c7fffff
35115,880a8685d9fffff
35116,880a8615b7fffff
35117,880ab2cde3fffff
35118,880ab2a9c5fffff
35119,880a86833dfffff
35120,880a86c405fffff
35121,880ab21341fffff
35122,880ab28c8dfffff
35123,880ab20a1dfffff
35124,880ab334c9fffff
35125,880ab21251fffff
35126,880ab37acbfffff
35127,880a86c687fffff
35128,880ab2ad03fffff
35129,880a86cb0bfffff
35130,880a863231fffff
35131,880a86d4e9fffff
35132,880ab35b1bfffff
35133,880ab3c925fffff
35134,880ab37a89fffff
35135,880ab219b9fffff
35136,880ab22821fffff
35137,880ab372bbfffff
35138,880a86d713fffff
35139,880ab34f01fffff
35140,880ab216e5fffff
35141,880a868ccdfffff
35142,880a9496a7fffff
35143,880a868319fffff
35144,880ab3d9ebfffff
35145,880ab20091fffff
35146,880ab2c665fffff
35147,880a86c1c1fffff
35148,880ab24eadfffff
35149,88252d9b21fffff
35150,880ab3c76dfffff
35151,880a949605fffff
35152,88252dd4ddfffff
35153,880a94b285fffff
35154,880ab25661fffff
35155,880a86a31dfffff
35156,880ab3c63bfffff
35157,880a86190dfffff
35158,880a861b69fffff
35159,880a86d745fffff
35160,880a86b0a1fffff
35161,880a861733fffff
35162,88252dd295fffff
35163,880a949487fffff
35164,880ab326c1fffff
35165,880ab2031dfffff
35166,880ab335e3fffff
35167,880ab2ccdbfffff
35168,880ab276e1fffff
35169,880a86026dfffff
35170,880ab276d5fffff
35171,880ab3aedbfffff
35172,880ab3caebfffff
35173,880ab2a93dfffff
35174,880ab24519fffff
35175,880ab16121fffff
35176,880a86c70dfffff
35177,880a86b1e7fffff
35178,880a94d36dfffff
35179,880ab3481dfffff
35180,880ab30843fffff
35181,880ab2b033fffff
35182,880a86175bfffff
35183,880ab28d61fffff
35184,880a86aadbfffff
35185,880ab17a07fffff
35186,880ab2ad19fffff
35187,880ab2accbfffff
35188,880ab219d5fffff
35189,880ab2b76dfffff
35190,880ab30ad1fffff
35191,880ab23649fffff
35192,880a94b0ebfffff
35193,880a86c4b7fffff
35194,880ab20e9bfffff
35195,880ab356d5fffff
35196,880a86126dfffff
35197,880a86c6d3fffff
35198,880ab3400dfffff
35199,880ab2a453fffff
35200,880ab26931fffff
35201,880ab3563dfffff
35202,880ab335cbfffff
35203,880a86ae05fffff
35204,880ab31855fffff
35205,880ab34e57fffff
35206,880ab20a25fffff
35207,880ab16355fffff
35208,880a86a1e5fffff
35209,880ab20261fffff
35210,880a94b6adfffff
35211,880ab3209bfffff
35212,880ab25ab5fffff
35213,880ab23241fffff
35214,880ab34165fffff
35215,880ab2ad45fffff
35216,880a86c205fffff
35217,880ab355c9fffff
35218,880ab35b49fffff
35219,880ab321a7fffff
35220,880ab344e5fffff
35221,880ab2ccedfffff
35222,880ab331c9fffff
35223,880a94b401fffff
35224,880ab20069fffff
35225,880a861423fffff
35226,880ab33a13fffff
35227,88252d8817fffff
35228,880a86c759fffff
35229,880ab16d35fffff
35230,880ab2a5b7fffff
35231,880a86d305fffff
35232,880a86bb0dfffff
35233,880a949291fffff
35234,880ab31567fffff
35235,880ab3a839fffff
35236,880ab301abfffff
35237,880a861a11fffff
35238,880ab208ebfffff
35239,880ab2c211fffff
35240,880a94b31bfffff
35241,880ab3aecdfffff
35242,880ab21061fffff
35243,880ab23109fffff
35244,880ab261c9fffff
35245,880a861211fffff
35246,880a86b8d5fffff
35247,880ab389e3fffff
35248,880ab3cd69fffff
35249,880ab3ca45fffff
35250,880a86d9a1fffff
35251,880ab169dbfffff
35252,880a86ad61fffff
35253,880ab24241fffff
35254,880ab2a9a5fffff
35255,880a86c021fffff
35256,880ab26c51fffff
35257,880ab2c467fffff
35258,880ab2a45dfffff
35259,880a86888dfffff
35260,880ab24ab3fffff
35261,880ab3704dfffff
35262,880ab2444bfffff
35263,880a9495a5fffff
35264,880ab3740dfffff
35265,880a86d9c3fffff
35266,880ab17853fffff
35267,880ab3081bfffff
35268,880ab3316bfffff
35269,880ab3a6a1fffff
35270,880ab20969fffff
35271,880ab27863fffff
35272,880ab17847fffff
35273,880ab35ad3fffff
35274,880ab2ace3fffff
35275,880ab2a739fffff
35276,880ab3aac1fffff
35277,880ab262b7fffff
35278,880ab3ac33fffff
35279,880a9482c9fffff
35280,880a86d6ddfffff
35281,880ab2644dfffff
35282,880ab35b5dfffff
35283,88252d88c7fffff
35284,880ab34965fffff
35285,880ab2409bfffff
35286,880ab3302bfffff
35287,880ab32453fffff
35288,880ab37411fffff
35289,880ab2a917fffff
35290,880ab37669fffff
35291,880ab165ebfffff
35292,880a8612e3fffff
35293,880ab25a8dfffff
35294,880a86c1e5fffff
35295,880ab3006bfffff
35296,880ab35215fffff
35297,880ab3589bfffff
35298,880a868685fffff
35299,880ab20159fffff
35300,880ab37833fffff
35301,880ab202d1fffff
35302,880ab2152dfffff
35303,880ab178bdfffff
35304,880ab3aa23fffff
35305,880ab3b8dbfffff
35306,880a869023fffff
35307,88252d9925fffff
35308,880ab3ad29fffff
35309,880a86caa1fffff
35310,880ab2748bfffff
35311,880ab3b0d7fffff
35312,880a949711fffff
35313,880ab2a09dfffff
35314,880ab21067fffff
35315,880ab24b1dfffff
35316,880a86158bfffff
35317,880ab338ddfffff
35318,880a94b2bdfffff
35319,880ab278e3fffff
35320,880a8681b7fffff
35321,880a949429fffff
35322,880ab2a8a5fffff
35323,880ab28933fffff
35324,880ab28d27fffff
35325,880ab2aeb1fffff
35326,880a844b3dfffff
35327,880a86ca27fffff
35328,880ab25719fffff
35329,880ab33a67fffff
35330,880a86b905fffff
35331,880a8618c1fffff
35332,880ab231e9fffff
35333,880ab2202dfffff
35334,880a869057fffff
35335,880ab2c68dfffff
35336,880ab349d5fffff
35337,880ab32429fffff
35338,880ab3db27fffff
35339,88252d8a03fffff
35340,880ab26267fffff
35341,880ab26f09fffff
35342,880a86b265fffff
35343,880a94b283fffff
35344,880ab2c2a5fffff
35345,880a94d14dfffff
35346,880ab3d045fffff
35347,880ab222ebfffff
35348,880ab3c0edfffff
35349,880ab2629dfffff
35350,880ab2ad35fffff
35351,880ab340e3fffff
35352,880ab22da5fffff
35353,880a8698cdfffff
35354,880ab24525fffff
35355,880ab3a291fffff
35356,880ab3c6a1fffff
35357,880ab16ae1fffff
35358,880ab2aae5fffff
35359,88252d8a25fffff
35360,880ab24aabfffff
35361,880ab26c63fffff
35362,880a86b229fffff
35363,880ab2c321fffff
35364,880a86b1ebfffff
35365,880ab22947fffff
35366,880ab2752bfffff
35367,880ab3c2e7fffff
35368,880ab24a21fffff
35369,880ab2601bfffff
35370,880ab3c6e9fffff
35371,880a86a047fffff
35372,880ab33063fffff
35373,880a86821bfffff
35374,880ab319d1fffff
35375,880a8695b9fffff
35376,880a86823dfffff
35377,880ab2a00dfffff
35378,880ab20a23fffff
35379,880ab37757fffff
35380,880ab3b507fffff
35381,880a84483dfffff
35382,880ab250a5fffff
35383,880ab3cd21fffff
35384,880a94d247fffff
35385,880a86ccebfffff
35386,880ab250b9fffff
35387,880ab37651fffff
35388,880ab3544dfffff
35389,880ab2ce39fffff
35390,880ab2baa1fffff
35391,880a869049fffff
35392,880ab34299fffff
35393,880ab3cad9fffff
35394,880ab20463fffff
35395,88252d8b41fffff
35396,880ab214dbfffff
35397,880ab22d89fffff
35398,880ab23519fffff
35399,880ab352a1fffff
35400,88252d9aadfffff
35401,880ab2c1e1fffff
35402,880a9494ddfffff
35403,880ab28499fffff
35404,880ab34887fffff
35405,880ab235b1fffff
35406,880ab16955fffff
35407,880a8611adfffff
35408,880ab27767fffff
35409,880a868f65fffff
35410,880ab2216bfffff
35411,880ab35491fffff
35412,880ab206d1fffff
35413,88252d8b37fffff
35414,880a868a83fffff
35415,880ab21319fffff
35416,880ab34b29fffff
35417,880ab3ac0dfffff
35418,880ab22dabfffff
35419,880ab3d359fffff
35420,880ab23805fffff
35421,880a860421fffff
35422,880ab34861fffff
35423,880ab2ce17fffff
35424,880ab34debfffff
35425,880a86c445fffff
35426,880ab30991fffff
35427,880ab2a737fffff
35428,880ab16413fffff
35429,880ab3572bfffff
35430,880ab24c11fffff
35431,880ab22d23fffff
35432,880ab2b1ebfffff
35433,880ab32abbfffff
35434,880ab35637fffff
35435,880ab3a9e1fffff
35436,880ab35749fffff
35437,880ab2b8a3fffff
35438,880ab3ade1fffff
35439,880a86a949fffff
35440,880ab3196dfffff
35441,880a8691c1fffff
35442,880ab3db29fffff
35443,880ab20585fffff
35444,880ab3c487fffff
35445,880ab2292dfffff
35446,880a86c763fffff
35447,880a868305fffff
35448,880ab2a151fffff
35449,880ab3cc07fffff
35450,880ab2090bfffff
35451,880a86a815fffff
35452,880ab3c725fffff
35453,880ab20e89fffff
35454,880ab32259fffff
35455,880ab342ebfffff
35456,880ab3cc6dfffff
35457,880ab32a25fffff
35458,880ab37867fffff
35459,880a868757fffff
35460,880a86a809fffff
35461,880ab23887fffff
35462,880ab31805fffff
35463,880ab3cdb5fffff
35464,880ab27467fffff
35465,880ab264e9fffff
35466,880a860551fffff
35467,880ab3b9e5fffff
35468,880ab266c9fffff
35469,880ab204e7fffff
35470,880a868069fffff
35471,880ab2a6cbfffff
35472,880ab35299fffff
35473,880ab2192dfffff
35474,880ab21443fffff
35475,88252d8069fffff
35476,880a8610a5fffff
35477,880ab2ab51fffff
35478,880ab2c4b5fffff
35479,880ab16945fffff
35480,880a86c53bfffff
35481,880a868ab9fffff
35482,880a86a907fffff
35483,880ab389c1fffff
35484,880a86194dfffff
35485,880ab37169fffff
35486,88252d8a63fffff
35487,880ab2390dfffff
35488,880ab1626bfffff
35489,880ab24849fffff
35490,880ab37721fffff
35491,880ab16ea3fffff
35492,880ab16c99fffff
35493,880ab2d4cdfffff
35494,880ab34107fffff
35495,880ab3cd55fffff
35496,880ab3d817fffff
35497,880ab16251fffff
35498,880ab32a69fffff
35499,880a86a16dfffff
35500,880ab2a1c1fffff
35501,880a949947fffff
35502,880ab255b5fffff
35503,880ab2b155fffff
35504,880ab2525dfffff
35505,880ab3135bfffff
35506,880ab34a07fffff
35507,880ab24841fffff
35508,880ab34c25fffff
35509,880a86c09bfffff
35510,880ab3d905fffff
35511,880ab27a83fffff
35512,880ab16c35fffff
35513,880a8449b1fffff
35514,880a868605fffff
35515,880ab27a19fffff
35516,880ab3d121fffff
35517,880ab265edfffff
35518,880ab330c9fffff
35519,880ab30415fffff
35520,880ab2b589fffff
35521,880ab3c185fffff
35522,880ab2a8a9fffff
35523,880ab22355fffff
35524,880ab2ae45fffff
35525,880ab33419fffff
35526,880ab24739fffff
35527,880ab334bbfffff
35528,880ab3518bfffff
35529,880ab3340dfffff
35530,880ab22f61fffff
35531,88252dd459fffff
35532,880ab214b1fffff
35533,880a868f2dfffff
35534,880a86b113fffff
35535,880ab3dac7fffff
35536,880ab31689fffff
35537,880ab24351fffff
35538,88252d99a5fffff
35539,88252d89c9fffff
35540,880ab261bdfffff
35541,880ab3c245fffff
35542,880ab22133fffff
35543,880ab3b4d1fffff
35544,880a8691e1fffff
35545,880ab2134dfffff
35546,880ab23b6dfffff
35547,880a868897fffff
35548,880a86aa85fffff
35549,880ab2256bfffff
35550,880a86b20bfffff
35551,880ab21ad3fffff
35552,880ab22185fffff
35553,880ab34e47fffff
35554,880ab22a29fffff
35555,880ab2b8b5fffff
35556,880ab2b831fffff
35557,880ab23063fffff
35558,88252d8a27fffff
35559,880ab238d7fffff
35560,880a8684bbfffff
35561,880ab17a0dfffff
35562,880a86c843fffff
35563,880ab31925fffff
35564,880ab3db2bfffff
35565,880a86d65dfffff
35566,880ab248cbfffff
35567,880ab26585fffff
35568,880ab22ec3fffff
35569,880ab341e7fffff
35570,880ab3a867fffff
35571,880ab2cda5fffff
35572,880ab2b847fffff
35573,880ab250adfffff
35574,880a86c349fffff
35575,880ab221a3fffff
35576,880ab25209fffff
35577,880ab306b9fffff
35578,880ab3ad9dfffff
35579,880ab2a1d9fffff
35580,880a860a23fffff
35581,880a86b021fffff
35582,880ab235abfffff
35583,880ab27665fffff
35584,880ab21643fffff
35585,880a86c72dfffff
35586,880ab3a085fffff
35587,880ab3a8c9fffff
35588,88252d9947fffff
35589,880ab35aa5fffff
35590,880ab21611fffff
35591,880a861937fffff
35592,880a94b059fffff
35593,880ab17ab7fffff
35594,880a86531dfffff
35595,880a86d69dfffff
35596,880ab22585fffff
35597,880ab3a1a1fffff
35598,880ab3205dfffff
35599,880ab304d3fffff
35600,880ab34743fffff
35601,880a86ae09fffff
35602,880a86bb61fffff
35603,880ab232abfffff
35604,880ab20015fffff
35605,880ab21561fffff
35606,880ab24e2dfffff
35607,880ab35337fffff
35608,880ab20ee3fffff
35609,880ab3a025fffff
35610,880ab3c065fffff
35611,880ab379d9fffff
35612,880ab264ddfffff
35613,880ab3ab55fffff
35614,880ab35155fffff
35615,880a8632c7fffff
35616,880a8448b3fffff
35617,880a869227fffff
35618,880a86ba65fffff
35619,880ab17835fffff
35620,880ab236adfffff
35621,880ab3cf59fffff
35622,880ab2add5fffff
35623,880ab35b4dfffff
35624,880ab2c181fffff
35625,880ab2b15bfffff
35626,880ab37339fffff
35627,880ab2613dfffff
35628,880ab246d7fffff
35629,880ab35965fffff
35630,880ab2050dfffff
35631,880a86d6e9fffff
35632,880a8694adfffff
35633,880ab28cb3fffff
35634,880a84489dfffff
35635,880ab2b581fffff
35636,880ab22f31fffff
35637,880ab212bbfffff
35638,880a86c9a1fffff
35639,880ab3ae15fffff
35640,880ab3c2d9fffff
35641,880ab34723fffff
35642,880a86c5a3fffff
35643,880ab2cc63fffff
35644,880ab3cce5fffff
35645,88252d8847fffff
35646,880ab2a9d7fffff
35647,880ab24cbdfffff
35648,880ab2b1c3fffff
35649,880ab27865fffff
35650,880ab370d7fffff
35651,880ab3c485fffff
35652,880a86842bfffff
35653,880ab37767fffff
35654,880ab34d53fffff
35655,880ab23107fffff
35656,880ab202a5fffff
35657,880a949595fffff
35658,880a868535fffff
35659,880ab35131fffff
35660,880ab331e9fffff
35661,880ab2b89dfffff
35662,880a868d89fffff
35663,880ab241a1fffff
35664,880ab27287fffff
35665,880ab2ba97fffff
35666,880ab37ad7fffff
35667,880ab31949fffff
35668,880ab24669fffff
35669,880ab3ae23fffff
35670,880a94d231fffff
35671,880ab3ce19fffff
35672,880ab34501fffff
35673,880ab31849fffff
35674,88252d8111fffff
35675,880ab34901fffff
35676,880ab2268dfffff
35677,880ab25765fffff
35678,880a86cdcbfffff
35679,880a861b6bfffff
35680,880ab22c95fffff
35681,880ab37a43fffff
35682,880ab276a7fffff
35683,880a86dabbfffff
35684,880ab3415bfffff
35685,880ab238e5fffff
35686,880a8601a3fffff
35687,88252d9a95fffff
35688,880ab378c9fffff
35689,880ab26e6bfffff
35690,880ab3b931fffff
35691,880ab2cc51fffff
35692,880ab2aec7fffff
35693,880ab3345dfffff
35694,880ab3ca1bfffff
35695,880ab16d4bfffff
35696,880ab228c3fffff
35697,880a868557fffff
35698,880ab26eedfffff
35699,880ab28b05fffff
35700,880a86cf5dfffff
35701,880ab37625fffff
35702,880ab3713bfffff
35703,880a861581fffff
35704,880ab32815fffff
35705,880ab2cf0dfffff
35706,880ab22e17fffff
35707,880ab2cd3bfffff
35708,880ab37641fffff
35709,880ab34913fffff
35710,880ab26657fffff
35711,880ab301e3fffff
35712,880ab37255fffff
35713,880ab2121bfffff
35714,880ab31261fffff
35715,880ab324d9fffff
35716,880ab3513dfffff
35717,880ab33421fffff
35718,880ab30549fffff
35719,880ab3da4bfffff
35720,880ab26c67fffff
35721,880a86b981fffff
35722,880ab34739fffff
35723,880ab30b3dfffff
35724,88252d8353fffff
35725,880ab320d9fffff
35726,880a8614a7fffff
35727,880a86d10bfffff
35728,880ab16225fffff
35729,880ab31a69fffff
35730,880ab37b19fffff
35731,880a860237fffff
35732,880a94936dfffff
35733,880ab2b0e9fffff
35734,880ab2ba3bfffff
35735,880ab22635fffff
35736,880ab25289fffff
35737,880a8601abfffff
35738,880ab34069fffff
35739,880ab3cdc7fffff
35740,880ab35265fffff
35741,880ab34a27fffff
35742,880ab24f5dfffff
35743,880ab341d3fffff
35744,880ab3c421fffff
35745,880ab20047fffff
35746,880ab3374dfffff
35747,880ab2494bfffff
35748,880ab16953fffff
35749,880ab2d467fffff
35750,880ab3c9c5fffff
35751,880ab28d11fffff
35752,880ab1630bfffff
35753,880ab27321fffff
35754,880a868801fffff
35755,880ab16c63fffff
35756,880ab32347fffff
35757,880ab2a15bfffff
35758,880a86c113fffff
35759,880a94b03dfffff
35760,88252d8833fffff
35761,880ab2ce97fffff
35762,880ab2a733fffff
35763,880a86aa5dfffff
35764,880ab2bb69fffff
35765,880ab2ca83fffff
35766,880ab2555bfffff
35767,880ab265e9fffff
35768,880ab2694bfffff
35769,880a868085fffff
35770,880ab27b63fffff
35771,880a86824dfffff
35772,880ab3cac3fffff
35773,88252d9a69fffff
35774,880a86d0b9fffff
35775,880ab249e1fffff
35776,880ab30881fffff
35777,880ab2ad51fffff
35778,880a868949fffff
35779,880ab37719fffff
35780,880ab3c325fffff
35781,880a86cae3fffff
35782,880ab22263fffff
35783,880a863243fffff
35784,880ab318bdfffff
35785,880ab26953fffff
35786,880ab27123fffff
35787,880ab3b50bfffff
35788,880a86c4b5fffff
35789,880ab276ebfffff
35790,880a86a92dfffff
35791,880a86004dfffff
35792,880a86a265fffff
35793,880ab2ae8bfffff
35794,880ab2aaa1fffff
35795,880ab229d9fffff
35796,88252d8949fffff
35797,880ab30f5bfffff
35798,880ab2d113fffff
35799,880a86c81bfffff
35800,880ab21215fffff
35801,880ab1634bfffff
35802,880ab345ebfffff
35803,880ab3ce29fffff
35804,880ab27323fffff
35805,880ab3b08bfffff
35806,880ab2301bfffff
35807,880ab28ca9fffff
35808,880ab2b105fffff
35809,880ab24eddfffff
35810,880ab31921fffff
35811,880ab3db63fffff
35812,880ab2a031fffff
35813,880ab2d411fffff
35814,880ab2a14bfffff
35815,880ab22ca5fffff
35816,880a86c1d5fffff
35817,880ab3d0a7fffff
35818,880ab23b19fffff
35819,880ab3a8d9fffff
35820,880ab32151fffff
35821,880a86ce5bfffff
35822,880ab349c3fffff
35823,880a86aa87fffff
35824,880a868111fffff
35825,880ab3aeedfffff
35826,880a86063bfffff
35827,880ab3ad61fffff
35828,880ab2c683fffff
35829,880a86c233fffff
35830,880ab20741fffff
35831,880a8612d9fffff
35832,880a8656cbfffff
35833,880a86cabbfffff
35834,880ab32843fffff
35835,880ab3d9c7fffff
35836,880a8449bbfffff
35837,880ab2c6b9fffff
35838,880ab21041fffff
35839,880a94b003fffff
35840,880ab22543fffff
35841,880a8602c7fffff
35842,880a861667fffff
35843,880a94b033fffff
35844,880ab3b539fffff
35845,880ab3d269fffff
35846,880ab266c3fffff
35847,880ab3d11bfffff
35848,880ab30b1dfffff
35849,880a86b137fffff
35850,880ab37619fffff
35851,880ab3ca11fffff
35852,880ab16d33fffff
35853,880a860087fffff
35854,880ab2ce2bfffff
35855,880ab230a7fffff
35856,880ab34867fffff
35857,880ab34d9dfffff
35858,880ab2acadfffff
35859,880ab262a7fffff
35860,880ab225b9fffff
35861,880ab3a439fffff
35862,880ab261dbfffff
35863,880ab24ca5fffff
35864,880a861433fffff
35865,880a94d059fffff
35866,880a86c1a9fffff
35867,880a86aa6bfffff
35868,880a860113fffff
35869,880ab2ae89fffff
35870,880ab2c0e7fffff
35871,88252d9a39fffff
35872,880ab26567fffff
35873,880ab34157fffff
35874,880ab32167fffff
35875,880ab26a99fffff
35876,880ab3d1c5fffff
35877,880ab336e7fffff
35878,880a84498dfffff
35879,880ab2a985fffff
35880,880ab34eb5fffff
35881,880a844ab9fffff
35882,880a861167fffff
35883,880ab2a12dfffff
35884,880ab28c21fffff
35885,880a86bb23fffff
35886,880ab27145fffff
35887,880ab37437fffff
35888,880ab2161bfffff
35889,880ab27327fffff
35890,880ab220a9fffff
35891,880ab23b23fffff
35892,880a860359fffff
35893,880ab34697fffff
35894,880a8610d1fffff
35895,880ab20281fffff
35896,880a868d97fffff
35897,880ab21807fffff
35898,880ab22067fffff
35899,880ab26a0dfffff
35900,880ab31059fffff
35901,880a861967fffff
35902,880a860adbfffff
35903,880ab16455fffff
35904,880ab20731fffff
35905,880a86001bfffff
35906,880a868c39fffff
35907,880ab32a45fffff
35908,880ab32315fffff
35909,88252d9a19fffff
35910,880ab23125fffff
35911,880a94b6d7fffff
35912,880a86d335fffff
35913,880ab344bdfffff
35914,880ab3ab1bfffff
35915,880a869053fffff
35916,880ab3a165fffff
35917,88252d9941fffff
35918,880ab3a9cbfffff
35919,880ab3a1e9fffff
35920,880ab24353fffff
35921,880ab30217fffff
35922,880ab3c807fffff
35923,880ab21a4bfffff
35924,880ab2c529fffff
35925,880a861a0dfffff
35926,880ab3c631fffff
35927,880ab27ad1fffff
35928,880a861107fffff
35929,880ab2cc11fffff
35930,880ab258cdfffff
35931,880ab24205fffff
35932,880a8656e5fffff
35933,880ab21051fffff
35934,88252d91a7fffff
35935,880ab24485fffff
35936,880ab3c5a1fffff
35937,880a868191fffff
35938,880ab2c401fffff
35939,880ab21247fffff
35940,880a8610e9fffff
35941,880ab250e5fffff
35942,880a86182dfffff
35943,880ab3a103fffff
35944,880ab3c897fffff
35945,880ab346a5fffff
35946,880a868951fffff
35947,880a8449e5fffff
35948,880a86d155fffff
35949,880ab20d5bfffff
35950,880a86bb0bfffff
35951,880ab26b35fffff
35952,880a86cec1fffff
35953,88252dd6b9fffff
35954,880ab3cdbdfffff
35955,880ab2b9a3fffff
35956,880ab300d7fffff
35957,880ab3b833fffff
35958,880ab248a9fffff
35959,880ab2028bfffff
35960,880ab3746bfffff
35961,880ab3ae3bfffff
35962,880ab335e9fffff
35963,880ab2686bfffff
35964,880ab326ddfffff
35965,880a86a1abfffff
35966,880a8449edfffff
35967,880a949743fffff
35968,880ab3ab5dfffff
35969,880a844a63fffff
35970,880ab2c369fffff
35971,880ab21017fffff
35972,880a86cf1dfffff
35973,880ab2ae5bfffff
35974,880ab30a01fffff
35975,880ab3aaa9fffff
35976,880a869105fffff
35977,880ab3064bfffff
35978,880ab22f57fffff
35979,880ab330a9fffff
35980,880a869293fffff
35981,880a8691b9fffff
35982,880ab345b7fffff
35983,880ab26c57fffff
35984,880ab16935fffff
35985,880a868ee9fffff
35986,880ab33687fffff
35987,880ab3388bfffff
35988,880ab3aa83fffff
35989,880a861a1dfffff
35990,880ab2b951fffff
35991,88252d995bfffff
35992,880ab2a2b1fffff
35993,880ab25235fffff
35994,880ab3c8bbfffff
35995,880ab3a2c9fffff
35996,880a869747fffff
35997,880ab319abfffff
35998,880ab3a45bfffff
35999,880ab2a53bfffff
36000,880ab2ad4bfffff
36001,880ab34127fffff
36002,88252d9a8dfffff
36003,880ab3446dfffff
36004,88252dd691fffff
36005,880ab26605fffff
36006,880a86870dfffff
36007,880ab27645fffff
36008,880a86c5c7fffff
36009,880a86862bfffff
36010,880ab30ac3fffff
36011,880ab23407fffff
36012,880ab310b3fffff
36013,880ab2703dfffff
36014,88252d8161fffff
36015,880ab3a055fffff
36016,880ab3090dfffff
36017,880ab26269fffff
36018,880ab34531fffff
36019,880ab34043fffff
36020,880ab26dd1fffff
36021,880a86521bfffff
36022,880ab2068dfffff
36023,880ab24b05fffff
36024,880ab332c9fffff
36025,88252dd745fffff
36026,880ab28cbbfffff
36027,880ab3c02bfffff
36028,880ab25101fffff
36029,880ab2714bfffff
36030,880a86b231fffff
36031,880ab3d30bfffff
36032,880ab27425fffff
36033,880ab330d7fffff
36034,880ab3c007fffff
36035,880ab33629fffff
36036,880ab34135fffff
36037,880a861883fffff
36038,880a86da17fffff
36039,880ab21763fffff
36040,88252d995dfffff
36041,880ab3c0b1fffff
36042,880ab3a2b7fffff
36043,880a860a49fffff
36044,880ab3560dfffff
36045,880a869603fffff
36046,880ab16d81fffff
36047,880ab30661fffff
36048,880ab27443fffff
36049,880ab37691fffff
36050,880ab389d5fffff
36051,880ab3a699fffff
36052,880a8681ddfffff
36053,880ab27285fffff
36054,880a86c66bfffff
36055,880a86ba63fffff
36056,880a86c043fffff
36057,880ab16887fffff
36058,880ab35461fffff
36059,880ab24b29fffff
36060,880ab22809fffff
36061,880ab225b7fffff
36062,880a861295fffff
36063,880ab33853fffff
36064,880a94b255fffff
36065,880ab3a9d5fffff
36066,880ab2505bfffff
36067,88252cb657fffff
36068,880ab23b0dfffff
36069,880a869005fffff
36070,880ab2ab6bfffff
36071,880a86cdadfffff
36072,880ab2d11dfffff
36073,880ab069a5fffff
36074,880ab16009fffff
36075,880ab27191fffff
36076,880a860191fffff
36077,880ab16811fffff
36078,880ab249b9fffff
36079,880a868ce5fffff
36080,880ab35957fffff
36081,880ab16e91fffff
36082,880a86ce01fffff
36083,880a86c5adfffff
36084,880a86c0c5fffff
36085,880ab314c9fffff
36086,880ab3d065fffff
36087,880ab28c51fffff
36088,880ab26937fffff
36089,880a860a85fffff
36090,880ab356b1fffff
36091,880ab3c4b5fffff
36092,880ab24d95fffff
36093,880ab2c259fffff
36094,880ab32191fffff
36095,880ab30c3dfffff
36096,880ab3d5c5fffff
36097,880ab31a29fffff
36098,880ab35417fffff
36099,880ab3436dfffff
36100,880ab20de1fffff
36101,880ab32a9bfffff
36102,880ab21491fffff
36103,880ab3355dfffff
36104,880a86000bfffff
36105,880a86d023fffff
36106,880ab2badbfffff
36107,880ab32411fffff
36108,880a868debfffff
36109,880ab331cdfffff
36110,880a86948dfffff
36111,880ab20b11fffff
36112,880ab22ad3fffff
36113,880ab2c405fffff
36114,880a86d549fffff
36115,880ab33b19fffff
36116,880ab21227fffff
36117,880a869769fffff
36118,880a8685cdfffff
36119,880ab30f47fffff
36120,880ab2dacdfffff
36121,880a86d647fffff
36122,880a86d803fffff
36123,880ab2b19dfffff
36124,880ab27185fffff
36125,880ab2c6c5fffff
36126,88252d881dfffff
36127,880a948251fffff
36128,880ab34967fffff
36129,880ab2775bfffff
36130,880ab3cc03fffff
36131,880ab17919fffff
36132,880ab3149dfffff
36133,880ab32023fffff
36134,880ab3525dfffff
36135,880a86921dfffff
36136,880ab26747fffff
36137,880ab26843fffff
36138,880ab214d3fffff
36139,880ab2334bfffff
36140,880ab20c23fffff
36141,880a868c5bfffff
36142,880ab20e93fffff
36143,88252d9acbfffff
36144,880ab3c143fffff
36145,880ab3136dfffff
36146,880ab3c4d3fffff
36147,880ab30339fffff
36148,880ab35527fffff
36149,880ab37461fffff
36150,880a86c207fffff
36151,880ab2758bfffff
36152,880ab3ad49fffff
36153,880a86c4cbfffff
36154,880a86991bfffff
36155,880ab2784bfffff
36156,880a94b731fffff
36157,880ab3500bfffff
36158,880ab26415fffff
36159,880ab370ddfffff
36160,880ab31181fffff
36161,880ab23181fffff
36162,880a86ba9bfffff
36163,880a86a8a3fffff
36164,880a86cea3fffff
36165,880ab31591fffff
36166,880a860093fffff
36167,880ab2c351fffff
36168,880ab32a2bfffff
36169,880ab322ebfffff
36170,880a861b57fffff
36171,880ab2ae57fffff
36172,880ab370abfffff
36173,880a86320bfffff
36174,880ab3494bfffff
36175,880a863045fffff
36176,880a86a82dfffff
36177,88252d8ad9fffff
36178,880ab30257fffff
36179,880ab22a0dfffff
36180,880ab302a1fffff
36181,880ab35699fffff
36182,880ab216cbfffff
36183,880ab251d7fffff
36184,880ab3c309fffff
36185,880ab16527fffff
36186,880a868559fffff
36187,880ab315a9fffff
36188,880ab26927fffff
36189,880ab3cd8dfffff
36190,880ab24d67fffff
36191,880ab2d6a7fffff
36192,880ab376b5fffff
36193,880ab25203fffff
36194,880a8696bbfffff
36195,880ab300a1fffff
36196,880ab3d04bfffff
36197,880a94943dfffff
36198,880a86958dfffff
36199,880ab22e23fffff
36200,880ab33733fffff
36201,880ab2c1c3fffff
36202,880ab3c8e9fffff
36203,880ab33101fffff
36204,880ab23453fffff
36205,880ab32b1dfffff
36206,880ab24f05fffff
36207,88252d8807fffff
36208,880ab33107fffff
36209,880ab16359fffff
36210,880a8616b1fffff
36211,880a86d84bfffff
36212,880ab339e3fffff
36213,880a86d4c3fffff
36214,880ab21721fffff
36215,880ab25239fffff
36216,880a94829dfffff
36217,880ab222cbfffff
36218,880a86890bfffff
36219,880ab3623dfffff
36220,880ab20b27fffff
36221,880ab2aa03fffff
36222,880a86d64dfffff
36223,880ab2b185fffff
36224,880ab27b53fffff
36225,880ab37649fffff
36226,880ab16db7fffff
36227,880ab33911fffff
36228,880ab3d125fffff
36229,880ab34331fffff
36230,88252dd6c3fffff
36231,88252d98d9fffff
36232,880ab25157fffff
36233,880ab25619fffff
36234,880a869165fffff
36235,880ab37419fffff
36236,880a8612b3fffff
36237,880a86c849fffff
36238,880ab25099fffff
36239,880ab34b49fffff
36240,880ab3c9a5fffff
36241,880ab2b1dbfffff
36242,880a949701fffff
36243,880ab3580bfffff
36244,880ab22e05fffff
36245,880ab21857fffff
36246,880ab16cc7fffff
36247,880ab3b487fffff
36248,880a8656c9fffff
36249,880ab3da33fffff
36250,880a860a31fffff
36251,880ab2a28bfffff
36252,880ab162e9fffff
36253,880ab35159fffff
36254,880ab2448dfffff
36255,880ab22283fffff
36256,880a869163fffff
36257,880ab2d5b1fffff
36258,880ab3c027fffff
36259,880ab3c9b7fffff
36260,880ab26209fffff
36261,880ab2b8c7fffff
36262,880a86331dfffff
36263,880a861407fffff
36264,880a86ab5dfffff
36265,880a94b449fffff
36266,880ab20235fffff
36267,88252d986bfffff
36268,880a86862dfffff
36269,880ab20001fffff
36270,880ab31005fffff
36271,880a86b153fffff
36272,880ab23341fffff
36273,880ab3af55fffff
36274,880ab275bbfffff
36275,880ab245d1fffff
36276,880ab331a1fffff
36277,880a86c109fffff
36278,880ab16685fffff
36279,880ab2ab41fffff
36280,880ab2b15dfffff
36281,880ab3318bfffff
36282,88252d9a5bfffff
36283,880a868119fffff
36284,880ab32855fffff
36285,880ab31699fffff
36286,880a8602b5fffff
36287,88252dd6c9fffff
36288,880a86a023fffff
36289,880ab30da1fffff
36290,880ab21a3dfffff
36291,880ab3368bfffff
36292,880ab3041bfffff
36293,880ab25a91fffff
36294,880a844969fffff
36295,880ab16417fffff
36296,880ab331e1fffff
36297,880a94b23bfffff
36298,880a86aac3fffff
36299,880ab2b72dfffff
36300,880ab23037fffff
36301,880ab2a253fffff
36302,880ab2c957fffff
36303,880ab16193fffff
36304,880ab25285fffff
36305,880a86b351fffff
36306,880ab25067fffff
36307,880ab2c815fffff
36308,880ab35681fffff
36309,880ab33ab9fffff
36310,880ab2d187fffff
36311,880ab20b07fffff
36312,880a868b57fffff
36313,880ab35405fffff
36314,880a86b03dfffff
36315,880ab26eb3fffff
36316,880ab245a7fffff
36317,880ab27a29fffff
36318,880a86136dfffff
36319,880ab221a5fffff
36320,880a94b40dfffff
36321,880ab20cc3fffff
36322,880ab2a593fffff
36323,880ab26257fffff
36324,880a844d69fffff
36325,880ab3151dfffff
36326,880ab25133fffff
36327,880ab16993fffff
36328,880a861a69fffff
36329,880a9496c1fffff
36330,880a94d25bfffff
36331,880a86902bfffff
36332,880ab26281fffff
36333,880ab2a05bfffff
36334,880ab23083fffff
36335,880a86bb37fffff
36336,880ab20d83fffff
36337,880a86859bfffff
36338,880ab205a1fffff
36339,880ab202a3fffff
36340,880ab3af4bfffff
36341,880a8696b7fffff
36342,880ab28de3fffff
36343,880ab23315fffff
36344,880ab348bbfffff
36345,880ab26acbfffff
36346,880ab2ae65fffff
36347,880ab31425fffff
36348,880ab2d4a7fffff
36349,880ab2c4c7fffff
36350,880ab3b463fffff
36351,880ab2b547fffff
36352,880ab2ca15fffff
36353,880ab26025fffff
36354,880ab3c501fffff
36355,880a94b217fffff
36356,880ab31045fffff
36357,880a86b143fffff
36358,880ab2bb09fffff
36359,880a86ab01fffff
36360,880a869281fffff
36361,880a86856bfffff
36362,880ab351bdfffff
36363,880ab272cdfffff
36364,880ab2c821fffff
36365,880a8692d7fffff
36366,880ab3d941fffff
36367,880ab22351fffff
36368,880a86c129fffff
36369,880ab2a013fffff
36370,880ab22c61fffff
36371,880a8616bbfffff
36372,880ab31987fffff
36373,880a86b063fffff
36374,880a86d29dfffff
36375,880ab25891fffff
36376,880ab210e3fffff
36377,880ab2b915fffff
36378,880ab2a1b3fffff
36379,880a86a331fffff
36380,880ab2a927fffff
36381,880ab23225fffff
36382,880ab3063dfffff
36383,88252dd64bfffff
36384,880ab3382dfffff
36385,880ab212d5fffff
36386,880ab26d3dfffff
36387,880ab20a53fffff
36388,880a861207fffff
36389,880ab34061fffff
36390,880ab218bdfffff
36391,880ab35135fffff
36392,880ab20445fffff
36393,880ab3794dfffff
36394,880ab2c2e5fffff
36395,880ab24ea5fffff
36396,880a868907fffff
36397,880ab2384dfffff
36398,880a86d907fffff
36399,880ab31351fffff
36400,880ab35691fffff
36401,880ab24189fffff
36402,880a861543fffff
36403,880ab2a10dfffff
36404,880ab22e81fffff
36405,880a94b067fffff
36406,880ab20dd5fffff
36407,880ab23717fffff
36408,880ab25029fffff
36409,880ab2a087fffff
36410,880a86c187fffff
36411,880ab178d9fffff
36412,880a86d31dfffff
36413,880a86cb25fffff
36414,880ab23367fffff
36415,880ab300adfffff
36416,880ab21255fffff
36417,880ab3b2ddfffff
36418,880a868029fffff
36419,880ab3ca0dfffff
36420,880ab234a9fffff
36421,880ab27361fffff
36422,880ab338b9fffff
36423,880ab34a3dfffff
36424,880ab3491bfffff
36425,880ab30e13fffff
36426,880a844813fffff
36427,880ab2c423fffff
36428,880ab22461fffff
36429,880ab16261fffff
36430,880ab358e5fffff
36431,880ab269c9fffff
36432,880ab3309bfffff
36433,880ab331ddfffff
36434,880ab28db1fffff
36435,880ab20f0bfffff
36436,880ab16a67fffff
36437,880ab218adfffff
36438,880ab2b4b9fffff
36439,880a86d11bfffff
36440,880ab300d1fffff
36441,880ab21861fffff
36442,880a860195fffff
36443,880a94874bfffff
36444,880ab23599fffff
36445,880ab27627fffff
36446,880ab3c695fffff
36447,880ab2c509fffff
36448,880ab2036bfffff
36449,880a868709fffff
36450,880ab22a21fffff
36451,880ab16487fffff
36452,880ab33193fffff
36453,880ab27581fffff
36454,880a86035bfffff
36455,880a86d657fffff
36456,880ab30c5dfffff
36457,880ab32aa7fffff
36458,880ab20f41fffff
36459,880ab31967fffff
36460,880ab33449fffff
36461,880ab24139fffff
36462,880ab33253fffff
36463,880a86cc13fffff
36464,880a86a947fffff
36465,880a86c883fffff
36466,880ab22353fffff
36467,880ab22ea3fffff
36468,880ab30619fffff
36469,880ab16f65fffff
36470,880ab2a29dfffff
36471,880ab254c9fffff
36472,880a86c4b1fffff
36473,880ab22607fffff
36474,880a94960bfffff
36475,880ab3da83fffff
36476,880ab31b57fffff
36477,880ab2c62dfffff
36478,880ab2c125fffff
36479,880ab21565fffff
36480,880ab2b729fffff
36481,880ab3c8c5fffff
36482,880ab26529fffff
36483,880ab23611fffff
36484,880ab21aa9fffff
36485,880ab2203bfffff
36486,880a86c5e9fffff
36487,880a8602c5fffff
36488,880ab30183fffff
36489,880ab2af17fffff
36490,880ab2ba63fffff
36491,880ab3cf05fffff
36492,880a861057fffff
36493,880ab301a3fffff
36494,880ab3d315fffff
36495,880ab34a93fffff
36496,880ab3a64bfffff
36497,880ab32111fffff
36498,880ab352d3fffff
36499,880ab30347fffff
36500,880a868a51fffff
36501,880a86b8c7fffff
36502,880ab221ebfffff
36503,880ab3c749fffff
36504,880ab22611fffff
36505,880a860031fffff
36506,880ab30c83fffff
36507,880ab3b753fffff
36508,880a86d24bfffff
36509,880ab2c039fffff
36510,880a86cc85fffff
36511,880ab24ee9fffff
36512,880ab2c5a9fffff
36513,880ab218b7fffff
36514,880ab3704bfffff
36515,88252cb613fffff
36516,880ab2c739fffff
36517,880a86c995fffff
36518,880a86d6d1fffff
36519,880ab2c633fffff
36520,880a86a8a1fffff
36521,880a8685e9fffff
36522,88252dd6cdfffff
36523,880ab30281fffff
36524,880ab24ce5fffff
36525,880a860547fffff
36526,880ab3da07fffff
36527,880ab23607fffff
36528,880ab2c72bfffff
36529,880ab26c33fffff
36530,880ab3620bfffff
36531,880ab35ae3fffff
36532,880ab205c5fffff
36533,880ab16933fffff
36534,880ab2a98dfffff
36535,880ab2d415fffff
36536,880ab24f47fffff
36537,880ab2a203fffff
36538,880ab24ec3fffff
36539,880a86575bfffff
36540,880ab12da3fffff
36541,880ab2b849fffff
36542,880ab2a0d9fffff
36543,880a86d8abfffff
36544,880ab252b9fffff
36545,880ab320a1fffff
36546,880ab37955fffff
36547,880ab236a9fffff
36548,880a86cf0bfffff
36549,880ab37723fffff
36550,880a86c359fffff
36551,880ab3c003fffff
36552,880a86cc5dfffff
36553,880ab3cca7fffff
36554,880ab32305fffff
36555,880ab2a283fffff
36556,880a86d853fffff
36557,880a86d0a1fffff
36558,880ab3ccc1fffff
36559,880a8610adfffff
36560,880ab30933fffff
36561,880ab3aa6dfffff
36562,880a868d01fffff
36563,880ab344e1fffff
36564,880a861893fffff
36565,880a861b5dfffff
36566,880ab20213fffff
36567,880ab3b295fffff
36568,880ab3525bfffff
36569,880ab3c531fffff
36570,880ab24ab1fffff
36571,880a868e2dfffff
36572,880ab32349fffff
36573,880ab330d3fffff
36574,880ab2546bfffff
36575,880ab3265bfffff
36576,880ab22edbfffff
36577,880ab3b481fffff
36578,880ab2624dfffff
36579,880ab35821fffff
36580,880ab24c21fffff
36581,880ab334a7fffff
36582,880a8615d7fffff
36583,880a86bb5bfffff
36584,880ab37ab9fffff
36585,880ab31905fffff
36586,880ab3b747fffff
36587,880ab31a99fffff
36588,880ab3b8bdfffff
36589,880a869125fffff
36590,880ab2d0adfffff
36591,880ab3c707fffff
36592,880ab336c1fffff
36593,880a86bb35fffff
36594,88252dd081fffff
36595,880ab2baa5fffff
36596,880a8696ebfffff
36597,880ab3a43bfffff
36598,880ab2a209fffff
36599,880ab16c47fffff
36600,880a8682e3fffff
36601,880ab16891fffff
36602,880ab2acc3fffff
36603,880ab2a8a3fffff
36604,880ab3a801fffff
36605,880ab34931fffff
36606,880ab16f19fffff
36607,880ab3cc1dfffff
36608,880ab3303bfffff
36609,880a86ad2dfffff
36610,880ab3d90dfffff
36611,880a86a309fffff
36612,880a949413fffff
36613,880ab2692dfffff
36614,880ab24187fffff
36615,880ab3c469fffff
36616,880ab26eddfffff
36617,880ab24457fffff
36618,880ab12937fffff
36619,880a86b929fffff
36620,880ab2a8a1fffff
36621,880ab3184dfffff
36622,880a86d2d7fffff
36623,880ab2a90bfffff
36624,880ab27449fffff
36625,880a869a4dfffff
36626,880ab16263fffff
36627,880ab37343fffff
36628,880ab166c9fffff
36629,880a868c4bfffff
36630,880a8611c3fffff
36631,880ab30b31fffff
36632,880ab3c6abfffff
36633,880ab3c581fffff
36634,880ab2ced7fffff
36635,880ab20da3fffff
36636,880ab22ca1fffff
36637,880ab30855fffff
36638,880a86a95dfffff
36639,880ab359e9fffff
36640,880ab3a8b1fffff
36641,880ab37329fffff
36642,880ab2b903fffff
36643,880ab20187fffff
36644,880ab2baebfffff
36645,880ab30197fffff
36646,880ab24819fffff
36647,880ab345c5fffff
36648,880a86d909fffff
36649,880a86931dfffff
36650,880a86d087fffff
36651,880a86ce95fffff
36652,880ab26e61fffff
36653,880ab3555bfffff
36654,880a84494bfffff
36655,88252cb621fffff
36656,88252d8151fffff
36657,880ab3c431fffff
36658,880ab285e7fffff
36659,880ab3aabdfffff
36660,880a86d319fffff
36661,880a8618d1fffff
36662,880a86c86bfffff
36663,880a84481bfffff
36664,880ab34dc7fffff
36665,880ab2cc07fffff
36666,880a868095fffff
36667,880a94d293fffff
36668,880a94d28bfffff
36669,880ab30309fffff
36670,880ab26909fffff
36671,880a869953fffff
36672,880ab252e7fffff
36673,880a86d201fffff
36674,880ab2161dfffff
36675,880ab2614dfffff
36676,880a86b927fffff
36677,880ab340e9fffff
36678,880a86d4bdfffff
36679,880ab30eb5fffff
36680,880ab321adfffff
36681,880a868c49fffff
36682,880a860267fffff
36683,880ab33837fffff
36684,880a868e1dfffff
36685,880ab3208dfffff
36686,880ab25097fffff
36687,880ab3d325fffff
36688,880ab3323dfffff
36689,880ab27683fffff
36690,880ab3cc25fffff
36691,880ab235cbfffff
36692,880ab23721fffff
36693,880ab3c411fffff
36694,880a86a8c7fffff
36695,880ab2cec9fffff
36696,880a86911bfffff
