,geohash
0,882506893dfffff
1,882506810bfffff
2,882506c23bfffff
3,882506d1d7fffff
4,882506d40dfffff
5,8825061a1bfffff
6,882506b2a3fffff
7,8825068599fffff
8,8825061517fffff
9,8825312035fffff
10,882506951dfffff
11,882506b467fffff
12,8825069843fffff
13,8825061085fffff
14,8825044041fffff
15,882506b2d5fffff
16,88250694b9fffff
17,88250611c5fffff
18,8825312c3bfffff
19,88250441bbfffff
20,8825069411fffff
21,882506a2d5fffff
22,88250441a7fffff
23,882506b313fffff
24,8825068019fffff
25,8825068d81fffff
26,8825068441fffff
27,882506a207fffff
28,882506031bfffff
29,8825044159fffff
30,882506a055fffff
31,882506baddfffff
32,8825061327fffff
33,882506115bfffff
34,882506a311fffff
35,8825060763fffff
36,88250441c1fffff
37,8825316cbbfffff
38,8825068ca1fffff
39,8825068f27fffff
40,8825068cedfffff
41,8825068287fffff
42,882506026dfffff
43,8825312e39fffff
44,8825312e45fffff
45,882504495dfffff
46,8825068d63fffff
47,8825313aadfffff
48,8825044b0bfffff
49,8825061a99fffff
50,88250680b3fffff
51,88250615a1fffff
52,8825068123fffff
53,882506b233fffff
54,882506c0cbfffff
55,8825061157fffff
56,88250612d5fffff
57,88250681a7fffff
58,8825312e51fffff
59,882506b139fffff
60,8825045531fffff
61,8825044617fffff
62,8825068db5fffff
63,88250459c3fffff
64,8825312ae5fffff
65,88250685a1fffff
66,882506b2b3fffff
67,8825060353fffff
68,88250441edfffff
69,8825312db7fffff
70,8825312c81fffff
71,88250449e7fffff
72,88253120ebfffff
73,8825069655fffff
74,882506b469fffff
75,882506882dfffff
76,8825060215fffff
77,8825061321fffff
78,882506d669fffff
79,882504591dfffff
80,882506122bfffff
81,882506d5b1fffff
82,88250458a9fffff
83,8825061167fffff
84,8825312c45fffff
85,8825069891fffff
86,88253120a3fffff
87,882506b16bfffff
88,882506d1a9fffff
89,8825044a8bfffff
90,882506d0b9fffff
91,8825069663fffff
92,8825068813fffff
93,8825312d23fffff
94,8825312193fffff
95,8825068a39fffff
96,8825068e35fffff
97,8825069b67fffff
98,882506bb45fffff
99,88250682a5fffff
100,88250686bdfffff
101,88250684e9fffff
102,8825068e85fffff
103,8825069a99fffff
104,8825069b25fffff
105,88250694a5fffff
106,8825061313fffff
107,8825312dabfffff
108,882506952bfffff
109,882506899dfffff
110,8825312533fffff
111,882506b857fffff
112,8825045a51fffff
113,8825044a87fffff
114,8825068eabfffff
115,8825069733fffff
116,88250695a7fffff
117,8825044757fffff
118,8825044199fffff
119,882506bb15fffff
120,882504705bfffff
121,8825060311fffff
122,8825044e3bfffff
123,8825044925fffff
124,882506036bfffff
125,8825044341fffff
126,882531288dfffff
127,882506998dfffff
128,882506b429fffff
129,88250409dbfffff
130,882506c28dfffff
131,8825044643fffff
132,88250612c3fffff
133,8825061251fffff
134,88250684b5fffff
135,8825068529fffff
136,882506d4ebfffff
137,8825312d55fffff
138,8825044c53fffff
139,882506861bfffff
140,8825069533fffff
141,8825068561fffff
142,8825060661fffff
143,882506a269fffff
144,882506bad5fffff
145,88250689ddfffff
146,882504484bfffff
147,8825068603fffff
148,8825069437fffff
149,8825312549fffff
150,882506b027fffff
151,8825044a03fffff
152,882506bb07fffff
153,8825047159fffff
154,8825068583fffff
155,882506900bfffff
156,882506b033fffff
157,8825069457fffff
158,882506884bfffff
159,8825044f37fffff
160,8825312535fffff
161,8825068129fffff
162,88250680b9fffff
163,8825044d8bfffff
164,8825069151fffff
165,88250695e3fffff
166,8825312e9bfffff
167,8825069811fffff
168,88250698ebfffff
169,8825045801fffff
170,8825312a33fffff
171,882506ba9bfffff
172,882506121bfffff
173,88250611adfffff
174,8825312715fffff
175,882506b067fffff
176,882506c757fffff
177,8825047001fffff
178,882506c26dfffff
179,8825068639fffff
180,88250681b5fffff
181,882506b0b5fffff
182,882506d19bfffff
183,882504448dfffff
184,8825312edbfffff
185,8825069591fffff
186,8825044939fffff
187,88250611c9fffff
188,882506c64bfffff
189,8825068de5fffff
190,882506c215fffff
191,88250612a1fffff
192,882506bad3fffff
193,882506a341fffff
194,88250688d9fffff
195,882506d65bfffff
196,882506d737fffff
197,8825044a07fffff
198,8825068219fffff
199,882506851bfffff
200,8825312c89fffff
201,882506d1cdfffff
202,882506c691fffff
203,8825312527fffff
204,88250680cbfffff
205,8825068861fffff
206,882506b269fffff
207,8825068687fffff
208,882506a21dfffff
209,88250441c5fffff
210,8825312aedfffff
211,882506d41dfffff
212,88250680edfffff
213,882506b621fffff
214,8825312f0dfffff
215,8825068c27fffff
216,882504466dfffff
217,88250688d5fffff
218,88250681b1fffff
219,882506a263fffff
220,8825068c61fffff
221,8825044351fffff
222,8825312517fffff
223,8825044e69fffff
224,882506b851fffff
225,88250408adfffff
226,882506832bfffff
227,88250472adfffff
228,8825069761fffff
229,8825044d67fffff
230,882506872dfffff
231,88250680cdfffff
232,882506c01bfffff
233,8825060015fffff
234,882504473dfffff
235,88250441b5fffff
236,882506c6c7fffff
237,882506912bfffff
238,882506975dfffff
239,88250686c3fffff
240,8825045929fffff
241,8825068d5bfffff
242,882506c667fffff
243,8825068b57fffff
244,882506c261fffff
245,8825069acdfffff
246,882506b103fffff
247,8825312885fffff
248,882506d595fffff
249,8825045a45fffff
250,882506b0bdfffff
251,8825044ee9fffff
252,8825044de3fffff
253,8825061083fffff
254,882504582dfffff
255,88250688ddfffff
256,882506b0c1fffff
257,88253124a3fffff
258,8825061759fffff
259,882531211bfffff
260,8825045b0bfffff
261,8825312d95fffff
262,8825044db7fffff
263,882506d717fffff
264,88253120a9fffff
265,8825044ae7fffff
266,882506b5c7fffff
267,8825044dc9fffff
268,882506894dfffff
269,8825068057fffff
270,882531218bfffff
271,88250681bbfffff
272,88250472e3fffff
273,882506c4c3fffff
274,8825312539fffff
275,882531385bfffff
276,8825045a9dfffff
277,88253124e5fffff
278,882506a36bfffff
279,8825316da7fffff
280,88250441b7fffff
281,882506a353fffff
282,8825069a29fffff
283,8825068da5fffff
284,8825045881fffff
285,88253121c3fffff
286,8825044545fffff
287,8825068d85fffff
288,8825069969fffff
289,8825044139fffff
290,882506806dfffff
291,8825068e01fffff
292,8825069691fffff
293,8825068e17fffff
294,8825312c8dfffff
295,882506c4c9fffff
296,8825044059fffff
297,8825068c2dfffff
298,882504592bfffff
299,8825069a83fffff
300,882531241dfffff
301,8825068ee1fffff
302,8825068307fffff
303,8825045b09fffff
304,88250611e7fffff
305,882506b045fffff
306,8825312559fffff
307,88250696a7fffff
308,8825312cd1fffff
309,88250680a7fffff
310,882506c057fffff
311,882506d4abfffff
312,8825069057fffff
313,88250686e1fffff
314,88253120a5fffff
315,8825044955fffff
316,882506a059fffff
317,8825045b6bfffff
318,882506d0d3fffff
319,8825060355fffff
320,88250446c1fffff
321,882531208bfffff
322,88250446e7fffff
323,8825060749fffff
324,8825044a17fffff
325,88250442a5fffff
326,882506d557fffff
327,882506a301fffff
328,882531242dfffff
329,8825069183fffff
330,882506c29bfffff
331,8825312f1bfffff
332,8825068309fffff
333,882504403bfffff
334,8825068489fffff
335,8825068933fffff
336,882506802dfffff
337,8825068235fffff
338,88250689b7fffff
339,8825068ad9fffff
340,882504403dfffff
341,8825044181fffff
342,8825312eebfffff
343,882506943dfffff
344,8825061a83fffff
345,882506142dfffff
346,8825068887fffff
347,882506a22bfffff
348,882506bb19fffff
349,8825044e17fffff
350,8825044895fffff
351,88250440a3fffff
352,88250458cdfffff
353,8825045b45fffff
354,8825312c4bfffff
355,882506c00bfffff
356,882506d64dfffff
357,8825044981fffff
358,8825044321fffff
359,8825068181fffff
360,88250442b5fffff
361,8825068841fffff
362,8825312401fffff
363,882506b631fffff
364,88253120b1fffff
365,8825312dd3fffff
366,882506860bfffff
367,88250685ddfffff
368,8825044b4bfffff
369,8825044131fffff
370,882504099dfffff
371,8825068965fffff
372,882506c645fffff
373,8825044a85fffff
374,8825044687fffff
375,8825312d33fffff
376,88250686d5fffff
377,882506d755fffff
378,8825045b2bfffff
379,882506b701fffff
380,882506851dfffff
381,882531280bfffff
382,882506bb2bfffff
383,8825068321fffff
384,88250602abfffff
385,8825068ce1fffff
386,8825068e55fffff
387,882531284bfffff
388,8825061717fffff
389,8825069a8dfffff
390,88250470cdfffff
391,88250409ebfffff
392,8825312db5fffff
393,8825068617fffff
394,88250458d3fffff
395,88253128c9fffff
396,882506b1b3fffff
397,882506b0c9fffff
398,8825068b0dfffff
399,8825044885fffff
400,882506b309fffff
401,8825316dd3fffff
402,8825312dc1fffff
403,8825068f03fffff
404,882506d52bfffff
405,882506b443fffff
406,8825069935fffff
407,882506a005fffff
408,882506900dfffff
409,8825068951fffff
410,882506973bfffff
411,8825069965fffff
412,8825044039fffff
413,882506c049fffff
414,8825045199fffff
415,882506949dfffff
416,8825069a23fffff
417,882506ba85fffff
418,882506ba59fffff
419,882506d469fffff
420,8825044a41fffff
421,8825312445fffff
422,8825313abdfffff
423,8825316da1fffff
424,8825061addfffff
425,8825045b37fffff
426,882506c609fffff
427,882506d5b5fffff
428,8825316ca7fffff
429,882506d64bfffff
430,88250459b9fffff
431,8825068011fffff
432,882506b09bfffff
433,882506d707fffff
434,8825069053fffff
435,88250450a9fffff
436,8825312d51fffff
437,8825069669fffff
438,88250686abfffff
439,882506821dfffff
440,8825044d23fffff
441,88250448ebfffff
442,8825044917fffff
443,882506030bfffff
444,8825068a91fffff
445,8825044b27fffff
446,8825312c15fffff
447,8825312c47fffff
448,882506c2b7fffff
449,8825044b41fffff
450,882531253dfffff
451,88250686a9fffff
452,88250611bbfffff
453,882506c613fffff
454,88250682d3fffff
455,8825069489fffff
456,8825045aabfffff
457,8825068a01fffff
458,882506bab5fffff
459,882506a355fffff
460,8825069ad3fffff
461,8825068265fffff
462,88250602a3fffff
463,882506c623fffff
464,8825068e3dfffff
465,882506b5e3fffff
466,8825069521fffff
467,882506a319fffff
468,88250602bdfffff
469,882506b617fffff
470,8825068dc7fffff
471,8825060729fffff
472,882506bacdfffff
473,8825312f01fffff
474,8825068153fffff
475,88250682c9fffff
476,8825312e3dfffff
477,882506d6edfffff
478,8825044609fffff
479,8825068769fffff
480,8825068a13fffff
481,8825068c01fffff
482,8825312ed7fffff
483,8825044e21fffff
484,8825044d6dfffff
485,882506a239fffff
486,882506d1e7fffff
487,882504472bfffff
488,8825069765fffff
489,88250682c1fffff
490,88253124e1fffff
491,8825068089fffff
492,8825047335fffff
493,8825312cc3fffff
494,8825068e47fffff
495,8825312117fffff
496,882531273bfffff
497,882506a357fffff
498,88250696b7fffff
499,88253125c1fffff
500,882506c019fffff
501,882506b849fffff
502,8825069809fffff
503,88250691d7fffff
504,8825312a99fffff
505,882506949bfffff
506,8825312887fffff
507,882506c769fffff
508,882506d423fffff
509,882506d555fffff
510,8825045b51fffff
511,8825312c57fffff
512,8825044d21fffff
513,882506b669fffff
514,8825068a93fffff
515,8825061629fffff
516,8825068e67fffff
517,8825069859fffff
518,8825044dedfffff
519,882506bb0dfffff
520,882504429dfffff
521,882506d66dfffff
522,882506b22dfffff
523,882506b36bfffff
524,88250449abfffff
525,88250449d5fffff
526,88253121a5fffff
527,882506b5e7fffff
528,88250698edfffff
529,8825044a0bfffff
530,882506886dfffff
531,8825045b13fffff
532,882506845dfffff
533,88253120b7fffff
534,882531254dfffff
535,882506106bfffff
536,882506b403fffff
537,88250441e3fffff
538,8825312c4dfffff
539,8825040915fffff
540,882506b545fffff
541,8825060751fffff
542,882506871bfffff
543,88250449d7fffff
544,8825044001fffff
545,882504493bfffff
546,882506b721fffff
547,8825044129fffff
548,8825047029fffff
549,882506d1bbfffff
550,8825044565fffff
551,8825044d6bfffff
552,8825061763fffff
553,882506868bfffff
554,882506b713fffff
555,8825044063fffff
556,882506d603fffff
557,8825044837fffff
558,8825068497fffff
559,882506b037fffff
560,882506d667fffff
561,882506b23dfffff
562,88250448c3fffff
563,8825068983fffff
564,8825316c81fffff
565,8825068b35fffff
566,882506d4a7fffff
567,88250686cdfffff
568,8825045ac3fffff
569,8825044a29fffff
570,882504584dfffff
571,8825068b05fffff
572,8825045825fffff
573,88250695e1fffff
574,882506822bfffff
575,882506b94bfffff
576,8825068447fffff
577,8825068eb7fffff
578,882506b2b5fffff
579,882506d0d1fffff
580,88250680dbfffff
581,882506803dfffff
582,8825068697fffff
583,8825069119fffff
584,8825069a27fffff
585,8825044f03fffff
586,88250692b1fffff
587,8825061503fffff
588,88250699c5fffff
589,8825045b3bfffff
590,8825316c93fffff
591,8825069615fffff
592,8825068533fffff
593,88250446d1fffff
594,8825061663fffff
595,8825068039fffff
596,8825061359fffff
597,8825061345fffff
598,8825316c83fffff
599,8825312545fffff
600,882506026bfffff
601,882506c611fffff
602,88250459c1fffff
603,8825068cadfffff
604,8825312f57fffff
605,88250691c1fffff
606,8825045959fffff
607,882506c2bbfffff
608,8825061015fffff
609,882506b131fffff
610,8825060761fffff
611,8825047165fffff
612,8825312421fffff
613,8825312c09fffff
614,8825312f23fffff
615,8825061647fffff
616,8825044357fffff
617,88250610a9fffff
618,882506852dfffff
619,882506b76bfffff
620,8825069423fffff
621,882506d661fffff
622,8825068653fffff
623,882506133bfffff
624,8825312f35fffff
625,882506c009fffff
626,8825044d1dfffff
627,882506b1dbfffff
628,8825061a8dfffff
629,8825068283fffff
630,882506869dfffff
631,8825044a2bfffff
632,8825069491fffff
633,8825061139fffff
634,8825061225fffff
635,88253128d7fffff
636,88250612dbfffff
637,8825068403fffff
638,8825068369fffff
639,882531256bfffff
640,8825044ac9fffff
641,8825044e31fffff
642,88250612c1fffff
643,8825068d43fffff
644,8825312e8dfffff
645,882506a057fffff
646,8825061427fffff
647,882506911bfffff
648,8825045adbfffff
649,8825044983fffff
650,882506d1c3fffff
651,882504704dfffff
652,8825047305fffff
653,8825312ca3fffff
654,882506d5e7fffff
655,8825312d05fffff
656,882506c31dfffff
657,8825069865fffff
658,882506000bfffff
659,88250602d7fffff
660,882504093dfffff
661,8825068ec1fffff
662,8825312e3bfffff
663,88250682a9fffff
664,8825312ca5fffff
665,8825068759fffff
666,8825068341fffff
667,88250459dbfffff
668,88250692e3fffff
669,8825045a27fffff
670,8825316cd9fffff
671,8825044607fffff
672,882506a23bfffff
673,88250689bbfffff
674,882506d4e9fffff
675,8825312c35fffff
676,8825068a03fffff
677,882504472dfffff
678,8825045533fffff
679,882506b127fffff
680,882506912dfffff
681,8825045557fffff
682,882506bb27fffff
683,8825069725fffff
684,882506b2ddfffff
685,882506984bfffff
686,8825312197fffff
687,8825044601fffff
688,8825044355fffff
689,88250686d9fffff
690,8825069b55fffff
691,882506d569fffff
692,88250459c9fffff
693,882506b5d1fffff
694,88250449bdfffff
695,8825068a21fffff
696,8825068527fffff
697,882506928bfffff
698,882506a349fffff
699,8825060449fffff
700,88250698ddfffff
701,8825045a91fffff
702,8825044c15fffff
703,8825069b13fffff
704,882506b213fffff
705,882506c24dfffff
706,8825061125fffff
707,88250688c3fffff
708,8825312ecdfffff
709,88253125c9fffff
710,88250611abfffff
711,882506b261fffff
712,8825068519fffff
713,8825044abbfffff
714,8825044853fffff
715,8825045969fffff
716,8825312d45fffff
717,882506d4a5fffff
718,88250458a7fffff
719,8825068dddfffff
720,88250688ebfffff
721,882506c4ddfffff
722,8825312d49fffff
723,882506d297fffff
724,8825316cadfffff
725,88250449e3fffff
726,882506c61bfffff
727,882506816bfffff
728,88250685a7fffff
729,882506d0d7fffff
730,882506a017fffff
731,882506d5c1fffff
732,8825044c6dfffff
733,8825060625fffff
734,882506886bfffff
735,882506babdfffff
736,88250610a3fffff
737,8825044a4dfffff
738,882506a2dbfffff
739,8825316d89fffff
740,8825061713fffff
741,8825047163fffff
742,882506b225fffff
743,8825061747fffff
744,8825312d0bfffff
745,882506963bfffff
746,8825044301fffff
747,882506d4e1fffff
748,8825068903fffff
749,88250441ddfffff
750,88250440d3fffff
751,882506b629fffff
752,8825069287fffff
753,8825068119fffff
754,8825061023fffff
755,882506b009fffff
756,8825060635fffff
757,882506024bfffff
758,8825044c29fffff
759,88250449b1fffff
760,88250451a3fffff
761,8825068e83fffff
762,88250682b7fffff
763,8825061107fffff
764,8825044339fffff
765,8825045837fffff
766,8825068d6dfffff
767,88250690d9fffff
768,8825312031fffff
769,8825069b33fffff
770,8825069985fffff
771,8825069953fffff
772,882506986bfffff
773,8825068269fffff
774,882506c2cdfffff
775,8825068cc9fffff
776,882506b55bfffff
777,8825069427fffff
778,8825312d0dfffff
779,8825312151fffff
780,8825044081fffff
781,88250442ddfffff
782,88250691bdfffff
783,882506865dfffff
784,88253120b9fffff
785,8825061127fffff
786,8825060255fffff
787,8825068e0bfffff
788,8825069451fffff
789,882506866dfffff
790,88250680b1fffff
791,882506b5dbfffff
792,882506bb3dfffff
793,882506d4c3fffff
794,8825068229fffff
795,8825044aedfffff
796,8825068d6bfffff
797,8825060745fffff
798,8825312509fffff
799,8825312c25fffff
800,8825312abdfffff
801,88250442e1fffff
802,8825069a3dfffff
803,8825312723fffff
804,8825068e0dfffff
805,8825060365fffff
806,8825044ec1fffff
807,882506c343fffff
808,8825316cd1fffff
809,8825068c89fffff
810,8825312cc1fffff
811,882506a037fffff
812,8825047061fffff
813,8825045a43fffff
814,8825061203fffff
815,8825044c59fffff
816,882506d551fffff
817,8825316d9bfffff
818,882506948bfffff
819,88250472e7fffff
820,8825069527fffff
821,882504553bfffff
822,8825044f61fffff
823,8825044d0bfffff
824,8825044e57fffff
825,8825069161fffff
826,882506c237fffff
827,8825061ac5fffff
828,8825061069fffff
829,882506b26bfffff
830,882506b147fffff
831,8825312ce9fffff
832,8825044dd1fffff
833,882504436bfffff
834,8825044689fffff
835,8825061293fffff
836,8825060665fffff
837,8825044c5dfffff
838,882506c243fffff
839,882506d0bbfffff
840,8825044de7fffff
841,882506a2cbfffff
842,8825068917fffff
843,88250682a1fffff
844,882506d541fffff
845,88250610c3fffff
846,8825068925fffff
847,8825045b53fffff
848,8825044345fffff
849,8825312181fffff
850,882506a2edfffff
851,8825068aadfffff
852,8825068a09fffff
853,882506b2d1fffff
854,8825068115fffff
855,882506bb2dfffff
856,8825068ce9fffff
857,88250408e7fffff
858,8825312547fffff
859,882506b00dfffff
860,8825068333fffff
861,8825068b37fffff
862,8825045ae3fffff
863,8825044267fffff
864,882506d599fffff
865,8825312c93fffff
866,882506b58dfffff
867,88250682a3fffff
868,88250686c9fffff
869,8825045917fffff
870,8825312d9dfffff
871,8825045a3dfffff
872,882506d181fffff
873,882504468dfffff
874,882506c007fffff
875,882506b633fffff
876,882506b5c1fffff
877,88250685a9fffff
878,8825069ab9fffff
879,8825044701fffff
880,88250685abfffff
881,8825068455fffff
882,8825312aa7fffff
883,882506b447fffff
884,8825045919fffff
885,8825045ab3fffff
886,8825044985fffff
887,8825068d31fffff
888,8825068ec7fffff
889,88253138cbfffff
890,882506b845fffff
891,8825045a29fffff
892,882506ba05fffff
893,882506d0edfffff
894,882506d611fffff
895,882506d2b1fffff
896,88250449e5fffff
897,882506a369fffff
898,8825068e21fffff
899,8825068167fffff
900,88250695d5fffff
901,882506918dfffff
902,88250699b1fffff
903,88250610bbfffff
904,8825312537fffff
905,8825061305fffff
906,8825044347fffff
907,8825068ea7fffff
908,8825061141fffff
909,8825312de9fffff
910,8825044d45fffff
911,882504092dfffff
912,882506060dfffff
913,882506b26dfffff
914,882506b519fffff
915,882506133dfffff
916,8825068c2bfffff
917,8825068193fffff
918,8825068247fffff
919,882506bb0bfffff
920,8825068905fffff
921,882506c25dfffff
922,882506970dfffff
923,8825312e0bfffff
924,8825044637fffff
925,8825044b19fffff
926,882506d415fffff
927,88250470edfffff
928,882506829dfffff
929,882506c2c5fffff
930,8825312a91fffff
931,8825044281fffff
932,8825312713fffff
933,8825061abbfffff
934,882506b603fffff
935,8825316cb7fffff
936,88250472a1fffff
937,88250448b3fffff
938,8825060019fffff
939,88250409c3fffff
940,88250455b7fffff
941,8825045923fffff
942,8825069a8bfffff
943,88250458cbfffff
944,8825312115fffff
945,882506853bfffff
946,88250409d1fffff
947,88250680abfffff
948,8825044709fffff
949,882506902dfffff
950,882506b515fffff
951,882506d563fffff
952,882506b5d3fffff
953,8825045861fffff
954,88250691e1fffff
955,8825312d83fffff
956,8825313abbfffff
957,8825316db9fffff
958,8825044de9fffff
959,882506d511fffff
960,8825045ab7fffff
961,882506b597fffff
962,8825312333fffff
963,88250446e9fffff
964,8825068da9fffff
965,8825068f49fffff
966,88250680adfffff
967,8825069519fffff
968,882506b11bfffff
969,88250698c5fffff
970,8825068de9fffff
971,882506b74bfffff
972,8825044d29fffff
973,8825316d93fffff
974,8825045b05fffff
975,88250446d5fffff
976,882506834dfffff
977,8825061a91fffff
978,8825312e4dfffff
979,8825069515fffff
980,882506070bfffff
981,8825044ca5fffff
982,8825069091fffff
983,882506b421fffff
984,882506d559fffff
985,8825068669fffff
986,882504730dfffff
987,8825316c85fffff
988,882504483bfffff
989,8825312cedfffff
990,88250686a7fffff
991,8825316c9bfffff
992,8825044967fffff
993,8825044801fffff
994,8825044d27fffff
995,8825044e3dfffff
996,882504469dfffff
997,8825069685fffff
998,88250612c9fffff
999,8825068161fffff
1000,8825044933fffff
1001,8825061099fffff
1002,88250450a1fffff
1003,882506a231fffff
1004,8825069641fffff
1005,8825068631fffff
1006,88250440bdfffff
1007,8825069a11fffff
1008,88250458b3fffff
1009,8825044547fffff
1010,88250681c1fffff
1011,8825044f2dfffff
1012,8825044d95fffff
1013,882506d5e3fffff
1014,88250612e3fffff
1015,8825045107fffff
1016,882506c45bfffff
1017,88250449ddfffff
1018,882506915bfffff
1019,882506d629fffff
1020,882506a2c9fffff
1021,8825068737fffff
1022,8825312435fffff
1023,88250681bdfffff
1024,8825312dc7fffff
1025,8825047329fffff
1026,8825061ad5fffff
1027,882506116dfffff
1028,8825045a1bfffff
1029,882506822dfffff
1030,88250699d9fffff
1031,8825044053fffff
1032,8825061197fffff
1033,8825068895fffff
1034,8825312dd9fffff
1035,8825045113fffff
1036,882506945dfffff
1037,882504422bfffff
1038,882506d51bfffff
1039,882506d745fffff
1040,88250409d9fffff
1041,882506b2c9fffff
1042,882506c743fffff
1043,882506b439fffff
1044,8825312ed1fffff
1045,882506c001fffff
1046,8825069921fffff
1047,882506d539fffff
1048,882506d69bfffff
1049,882506d0b3fffff
1050,8825068abbfffff
1051,882506a20dfffff
1052,882506c6adfffff
1053,8825312cbdfffff
1054,8825312d1bfffff
1055,8825069a07fffff
1056,8825068a35fffff
1057,8825061323fffff
1058,88250442adfffff
1059,8825044a13fffff
1060,88250459d5fffff
1061,882506150dfffff
1062,8825044d81fffff
1063,8825068007fffff
1064,88250449c7fffff
1065,88253124c5fffff
1066,8825045521fffff
1067,8825044a45fffff
1068,8825069b19fffff
1069,882506b001fffff
1070,88253125a9fffff
1071,8825044a31fffff
1072,8825044b43fffff
1073,882506101bfffff
1074,8825047155fffff
1075,882506d433fffff
1076,8825060217fffff
1077,882506d6d3fffff
1078,8825312c2dfffff
1079,8825061285fffff
1080,8825069b45fffff
1081,882506146dfffff
1082,882506c059fffff
1083,88250459d7fffff
1084,88250692cbfffff
1085,882506850dfffff
1086,8825045907fffff
1087,8825068f0bfffff
1088,8825068a67fffff
1089,8825312e53fffff
1090,88250440c7fffff
1091,8825068059fffff
1092,8825061aa1fffff
1093,88250695c7fffff
1094,882506d553fffff
1095,882504594dfffff
1096,882506c2e7fffff
1097,8825044e59fffff
1098,8825044d4dfffff
1099,8825068419fffff
1100,8825312e67fffff
1101,8825069505fffff
1102,882506c259fffff
1103,88250455bbfffff
1104,8825068635fffff
1105,8825068da7fffff
1106,8825061535fffff
1107,882506142bfffff
1108,88250451e9fffff
1109,882531251bfffff
1110,882506c745fffff
1111,88250615a9fffff
1112,882506a047fffff
1113,88250690b7fffff
1114,8825061135fffff
1115,8825312ec7fffff
1116,88250615a7fffff
1117,882506c205fffff
1118,8825044ad1fffff
1119,8825312e03fffff
1120,8825316d99fffff
1121,8825069a57fffff
1122,882506d58bfffff
1123,8825069b6dfffff
1124,88253121d1fffff
1125,88250685e5fffff
1126,8825068d25fffff
1127,8825044d53fffff
1128,882506c285fffff
1129,8825312367fffff
1130,8825312f69fffff
1131,8825069687fffff
1132,8825312889fffff
1133,882506d535fffff
1134,88250611e1fffff
1135,882506d545fffff
1136,8825045a01fffff
1137,8825312033fffff
1138,8825312f2dfffff
1139,8825069289fffff
1140,8825044189fffff
1141,88250440abfffff
1142,8825068e9dfffff
1143,88250685a3fffff
1144,8825068db1fffff
1145,8825068f01fffff
1146,882506031dfffff
1147,8825069a35fffff
1148,882506b10bfffff
1149,8825068b3dfffff
1150,882506d09bfffff
1151,882506d62bfffff
1152,8825045a17fffff
1153,8825068e27fffff
1154,8825044c0dfffff
1155,882506c443fffff
1156,882506bb29fffff
1157,88250682b5fffff
1158,8825045125fffff
1159,8825044eebfffff
1160,882506b345fffff
1161,8825068695fffff
1162,882506c2d7fffff
1163,882504586dfffff
1164,882506a345fffff
1165,8825069129fffff
1166,882506950bfffff
1167,8825068729fffff
1168,882506c6b1fffff
1169,8825044d2dfffff
1170,882506989dfffff
1171,88253125c3fffff
1172,8825061a93fffff
1173,8825312e83fffff
1174,882506b187fffff
1175,882506d581fffff
1176,882506871dfffff
1177,8825047161fffff
1178,882506c659fffff
1179,8825068addfffff
1180,8825312f47fffff
1181,882504556dfffff
1182,882506b145fffff
1183,88250699e1fffff
1184,8825044a1bfffff
1185,882506b285fffff
1186,88250442e9fffff
1187,88250449bbfffff
1188,882504492bfffff
1189,8825044b61fffff
1190,8825069927fffff
1191,8825045835fffff
1192,8825044dc7fffff
1193,882531240dfffff
1194,88250440ddfffff
1195,8825069ab7fffff
1196,882506a03dfffff
1197,882506c299fffff
1198,88250696c5fffff
1199,882504736dfffff
1200,88250689d5fffff
1201,882506a305fffff
1202,882506baa9fffff
1203,8825068c85fffff
1204,882506902bfffff
1205,882506b559fffff
1206,882506b315fffff
1207,882504700bfffff
1208,8825068761fffff
1209,8825068d01fffff
1210,8825312599fffff
1211,88250449cbfffff
1212,882506d65dfffff
1213,88250681e1fffff
1214,8825061765fffff
1215,8825044761fffff
1216,8825312ab3fffff
1217,8825061adbfffff
1218,882506c041fffff
1219,8825044ac7fffff
1220,882506c66bfffff
1221,8825068ac1fffff
1222,88250689abfffff
1223,882506836bfffff
1224,88250611b9fffff
1225,8825061159fffff
1226,8825040905fffff
1227,8825061165fffff
1228,882506d74bfffff
1229,8825044161fffff
1230,8825068609fffff
1231,882506114bfffff
1232,8825044727fffff
1233,88253125d7fffff
1234,882506b1abfffff
1235,88250696a1fffff
1236,882506a35bfffff
1237,8825040925fffff
1238,8825069945fffff
1239,8825068a0bfffff
1240,882506baabfffff
1241,8825069ae5fffff
1242,882506d527fffff
1243,882506bac9fffff
1244,8825068249fffff
1245,8825061721fffff
1246,8825044f0dfffff
1247,882504498bfffff
1248,88253125e3fffff
1249,88250698b5fffff
1250,8825044e55fffff
1251,8825069741fffff
1252,8825068eadfffff
1253,882506845bfffff
1254,8825045111fffff
1255,88253128d3fffff
1256,882506c2b5fffff
1257,8825044193fffff
1258,8825068845fffff
1259,882506029bfffff
1260,882506bae3fffff
1261,8825068633fffff
1262,8825312463fffff
1263,8825044953fffff
1264,8825069899fffff
1265,882531242bfffff
1266,8825069817fffff
1267,882506bb49fffff
1268,8825068189fffff
1269,8825312195fffff
1270,8825044839fffff
1271,882506c003fffff
1272,8825312541fffff
1273,88253121cdfffff
1274,8825068ad7fffff
1275,8825060229fffff
1276,882506d431fffff
1277,882506b705fffff
1278,88250686c7fffff
1279,88250698d7fffff
1280,8825044a25fffff
1281,8825069037fffff
1282,882506842dfffff
1283,8825068013fffff
1284,8825045565fffff
1285,8825316dd5fffff
1286,882504402dfffff
1287,882506b1e3fffff
1288,882506b20bfffff
1289,8825069747fffff
1290,88250689e9fffff
1291,882506803bfffff
1292,882506c669fffff
1293,882506945bfffff
1294,88250685c9fffff
1295,8825312d69fffff
1296,882531258dfffff
1297,8825068d51fffff
1298,882506d29bfffff
1299,8825069b09fffff
1300,88250455adfffff
1301,8825068661fffff
1302,8825069ac7fffff
1303,882506d735fffff
1304,8825312085fffff
1305,8825040927fffff
1306,8825044605fffff
1307,8825069281fffff
1308,8825061ad9fffff
1309,8825044f51fffff
1310,8825044d5dfffff
1311,8825044153fffff
1312,8825068923fffff
1313,882504475dfffff
1314,8825044061fffff
1315,882506c66dfffff
1316,882506b065fffff
1317,882506d585fffff
1318,882506873dfffff
1319,882504551dfffff
1320,882506a343fffff
1321,8825069869fffff
1322,88250451e7fffff
1323,882506a34dfffff
1324,8825069197fffff
1325,882506b735fffff
1326,8825044e4dfffff
1327,88250446dbfffff
1328,8825068cddfffff
1329,882506d453fffff
1330,8825044f3bfffff
1331,882506b1bdfffff
1332,8825045553fffff
1333,88250695d1fffff
1334,8825312c53fffff
1335,88250696ebfffff
1336,8825068f05fffff
1337,882506b763fffff
1338,88250450a5fffff
1339,882506c30dfffff
1340,8825061ab7fffff
1341,8825068a65fffff
1342,8825068aa7fffff
1343,88250611ebfffff
1344,8825060247fffff
1345,88250459a7fffff
1346,882506b209fffff
1347,8825044287fffff
1348,882506a2e9fffff
1349,882506109bfffff
1350,882506903bfffff
1351,8825044d47fffff
1352,882506d4bbfffff
1353,88250684a3fffff
1354,882506b60bfffff
1355,882506b74dfffff
1356,8825044821fffff
1357,882506d44bfffff
1358,8825316c89fffff
1359,8825068b47fffff
1360,8825044e23fffff
1361,8825068d0bfffff
1362,88250611bdfffff
1363,882506166dfffff
1364,882506d6a5fffff
1365,882506152dfffff
1366,8825045093fffff
1367,882506a05bfffff
1368,88250681d9fffff
1369,882506b01bfffff
1370,882506b301fffff
1371,8825044a27fffff
1372,8825061331fffff
1373,8825061145fffff
1374,8825045a39fffff
1375,882506d2b7fffff
1376,8825068401fffff
1377,8825044d59fffff
1378,882506044dfffff
1379,8825045ad5fffff
1380,8825068a2bfffff
1381,8825061319fffff
1382,882506b869fffff
1383,8825312891fffff
1384,88250685cdfffff
1385,8825068c09fffff
1386,88250695ddfffff
1387,8825044247fffff
1388,88253124a9fffff
1389,882506005dfffff
1390,8825069823fffff
1391,8825068711fffff
1392,8825068f3dfffff
1393,8825044767fffff
1394,8825061ab1fffff
1395,8825068d69fffff
1396,88250444d5fffff
1397,8825312e01fffff
1398,88250451cbfffff
1399,8825312f55fffff
1400,882504419dfffff
1401,88250459d1fffff
1402,8825060009fffff
1403,8825312585fffff
1404,882506966dfffff
1405,882506b56bfffff
1406,8825312c27fffff
1407,8825312093fffff
1408,882504553dfffff
1409,88250442d5fffff
1410,8825068343fffff
1411,882504400bfffff
1412,8825312403fffff
1413,88250681e9fffff
1414,8825312cd9fffff
1415,882506d48dfffff
1416,8825068725fffff
1417,882506b12bfffff
1418,882531215bfffff
1419,88250455b9fffff
1420,882506d537fffff
1421,8825069ab5fffff
1422,8825312d93fffff
1423,88250684d1fffff
1424,88250682d5fffff
1425,882504592dfffff
1426,8825045a0bfffff
1427,882506b55dfffff
1428,8825045a5bfffff
1429,8825047011fffff
1430,882506d4b5fffff
1431,882504476dfffff
1432,8825044855fffff
1433,882506806bfffff
1434,8825061551fffff
1435,8825044ecdfffff
1436,88250691ebfffff
1437,882506d6b3fffff
1438,8825068ecbfffff
1439,8825045a09fffff
1440,8825068243fffff
1441,882506b289fffff
1442,88250692b5fffff
1443,882504714dfffff
1444,882506b455fffff
1445,88250459cbfffff
1446,88250690a7fffff
1447,8825045a4dfffff
1448,8825312113fffff
1449,88250691b9fffff
1450,8825045865fffff
1451,882506c201fffff
1452,8825312557fffff
1453,882506b5bdfffff
1454,8825044c57fffff
1455,8825069aa5fffff
1456,88250696b5fffff
1457,88250694e5fffff
1458,882504598dfffff
1459,8825312d01fffff
1460,882506a2ddfffff
1461,882506954bfffff
1462,8825061547fffff
1463,8825069055fffff
1464,88250409b7fffff
1465,8825068a61fffff
1466,88250692a7fffff
1467,8825068e97fffff
1468,88250446e3fffff
1469,8825312eb7fffff
1470,882506125dfffff
1471,882506174dfffff
1472,882504452dfffff
1473,88250680c9fffff
1474,8825047067fffff
1475,882506d1ebfffff
1476,88253125a1fffff
1477,882504722dfffff
1478,8825061a8bfffff
1479,882531285dfffff
1480,8825061035fffff
1481,8825044817fffff
1482,88250689a3fffff
1483,8825045737fffff
1484,88250409c7fffff
1485,88253128d5fffff
1486,8825068e8bfffff
1487,882506a03bfffff
1488,882506164dfffff
1489,88250449c3fffff
1490,882506c295fffff
1491,8825068623fffff
1492,88253124b3fffff
1493,882506a303fffff
1494,88253128cbfffff
1495,8825068f51fffff
1496,882506d1adfffff
1497,882506d50dfffff
1498,882504480dfffff
1499,8825312eb1fffff
1500,88250684b9fffff
1501,8825047313fffff
1502,8825068515fffff
1503,8825068939fffff
1504,882506c047fffff
1505,882506b24dfffff
1506,882531288bfffff
1507,882506815bfffff
1508,8825068e91fffff
1509,8825045b65fffff
1510,882506b51dfffff
1511,8825312eabfffff
1512,882506b1e9fffff
1513,8825312551fffff
1514,882506b0c5fffff
1515,8825068c9bfffff
1516,882506b84dfffff
1517,8825312499fffff
1518,882506b359fffff
1519,88250685b7fffff
1520,8825068f67fffff
1521,8825069147fffff
1522,8825045117fffff
1523,8825044239fffff
1524,882506d719fffff
1525,882504516dfffff
1526,8825316cb1fffff
1527,882506d081fffff
1528,8825312425fffff
1529,8825068305fffff
1530,882506b167fffff
1531,882506b565fffff
1532,882506156dfffff
1533,882504461bfffff
1534,882506ba53fffff
1535,882506a35dfffff
1536,8825068e53fffff
1537,882506b1a1fffff
1538,882506b0a3fffff
1539,882506a035fffff
1540,882506c283fffff
1541,8825068223fffff
1542,8825044317fffff
1543,88250409b3fffff
1544,88250451a7fffff
1545,882506b85dfffff
1546,88250448c9fffff
1547,882506832dfffff
1548,8825044d5bfffff
1549,8825044d1bfffff
1550,882506b72bfffff
1551,88250612e7fffff
1552,88250449a9fffff
1553,8825044dd3fffff
1554,8825316d97fffff
1555,882506948dfffff
1556,882506d53dfffff
1557,882504512bfffff
1558,882506c35bfffff
1559,88250444a3fffff
1560,88250698d5fffff
1561,8825044e33fffff
1562,88253120b5fffff
1563,882506b819fffff
1564,882506814bfffff
1565,8825044b2bfffff
1566,88250698e7fffff
1567,8825045a23fffff
1568,882506c225fffff
1569,8825312321fffff
1570,8825068945fffff
1571,88250695c3fffff
1572,882506b853fffff
1573,8825045947fffff
1574,8825044f1bfffff
1575,8825069845fffff
1576,8825068587fffff
1577,882506ba01fffff
1578,882506d505fffff
1579,8825312e89fffff
1580,882504426bfffff
1581,882504490dfffff
1582,8825069b57fffff
1583,882531219bfffff
1584,88250455a5fffff
1585,8825068663fffff
1586,8825069657fffff
1587,8825044621fffff
1588,882506c227fffff
1589,8825045a2bfffff
1590,88250409c1fffff
1591,882504415dfffff
1592,882506b2b1fffff
1593,88250694a7fffff
1594,882506875bfffff
1595,8825068dc5fffff
1596,88250600c9fffff
1597,8825061501fffff
1598,8825061303fffff
1599,8825312495fffff
1600,8825068693fffff
1601,882506c293fffff
1602,88250458b9fffff
1603,8825313ab7fffff
1604,88250448c7fffff
1605,882506d6d9fffff
1606,882506b747fffff
1607,8825069647fffff
1608,8825060043fffff
1609,882506990bfffff
1610,882506873bfffff
1611,882506891bfffff
1612,882504422dfffff
1613,882506d4b1fffff
1614,88250611edfffff
1615,8825069a87fffff
1616,8825044dd7fffff
1617,8825044e8dfffff
1618,8825040997fffff
1619,8825312301fffff
1620,8825045831fffff
1621,8825312abbfffff
1622,882504401dfffff
1623,882506d185fffff
1624,8825068b67fffff
1625,8825068647fffff
1626,8825068e9bfffff
1627,882506894bfffff
1628,8825312d11fffff
1629,8825068f31fffff
1630,8825044c5bfffff
1631,882506bb25fffff
1632,8825069509fffff
1633,882506bb6bfffff
1634,88250450bbfffff
1635,882506b229fffff
1636,882506b86dfffff
1637,882506024dfffff
1638,8825312ed5fffff
1639,8825068757fffff
1640,8825312147fffff
1641,882506d509fffff
1642,88250699d3fffff
1643,8825044111fffff
1644,8825044b35fffff
1645,8825044359fffff
1646,882506d637fffff
1647,88250680a5fffff
1648,8825045931fffff
1649,88250685c7fffff
1650,8825060221fffff
1651,882506b0d5fffff
1652,882506b0a9fffff
1653,88250612e5fffff
1654,8825069689fffff
1655,882504494dfffff
1656,8825044de1fffff
1657,882506c2d3fffff
1658,882506d485fffff
1659,882506bb41fffff
1660,8825044d17fffff
1661,8825069893fffff
1662,8825045937fffff
1663,8825316dbbfffff
1664,882506ba95fffff
1665,8825044927fffff
1666,882506842bfffff
1667,8825068563fffff
1668,8825047343fffff
1669,8825068c23fffff
1670,8825044e41fffff
1671,88250691b3fffff
1672,88250696bdfffff
1673,882506c2edfffff
1674,88250450e5fffff
1675,8825044c19fffff
1676,882506c217fffff
1677,882506b40bfffff
1678,88250455e9fffff
1679,8825068e15fffff
1680,8825312149fffff
1681,8825044751fffff
1682,88253125e1fffff
1683,8825047283fffff
1684,8825047039fffff
1685,8825061aabfffff
1686,88250611b1fffff
1687,8825068aa9fffff
1688,882506d68dfffff
1689,8825068993fffff
1690,882506825dfffff
1691,8825068299fffff
1692,8825047333fffff
1693,882504435dfffff
1694,8825312091fffff
1695,8825068c99fffff
1696,8825069431fffff
1697,8825045133fffff
1698,8825312411fffff
1699,882506b667fffff
1700,88250681b7fffff
1701,882506d507fffff
1702,88250615cdfffff
1703,8825044d01fffff
1704,8825044a6bfffff
1705,88250458d9fffff
1706,8825312737fffff
1707,8825068629fffff
1708,882506804bfffff
1709,882506821bfffff
1710,882506c45dfffff
1711,8825045859fffff
1712,8825044c61fffff
1713,8825045a95fffff
1714,8825045a83fffff
1715,8825312897fffff
1716,8825069001fffff
1717,8825044863fffff
1718,882506b5edfffff
1719,882506813bfffff
1720,88253128c1fffff
1721,8825069a17fffff
1722,8825316ca3fffff
1723,8825044f45fffff
1724,882506b709fffff
1725,882506a011fffff
1726,8825068eb3fffff
1727,8825061081fffff
1728,8825061247fffff
1729,8825061187fffff
1730,88250689e3fffff
1731,8825068659fffff
1732,8825069ab3fffff
1733,882506c00dfffff
1734,8825044349fffff
1735,8825312467fffff
1736,8825069337fffff
1737,8825068a4dfffff
1738,8825069549fffff
1739,8825068201fffff
1740,8825312503fffff
1741,8825045b63fffff
1742,8825040937fffff
1743,88250409a1fffff
1744,88250689a9fffff
1745,882506d49dfffff
1746,882506b111fffff
1747,8825068463fffff
1748,88250699b5fffff
1749,8825045851fffff
1750,8825069b17fffff
1751,8825069439fffff
1752,8825045a15fffff
1753,8825045aebfffff
1754,882506b08bfffff
1755,8825069999fffff
1756,882506836dfffff
1757,882506b527fffff
1758,88253125b9fffff
1759,88250696e7fffff
1760,8825060249fffff
1761,8825044847fffff
1762,882506b23bfffff
1763,8825068817fffff
1764,88250440cbfffff
1765,8825069aa3fffff
1766,8825044143fffff
1767,882506d6bbfffff
1768,8825069543fffff
1769,88253121a3fffff
1770,8825045b43fffff
1771,8825312ab7fffff
1772,88250690bdfffff
1773,882506ba25fffff
1774,8825068f09fffff
1775,882506b0cbfffff
1776,882506b253fffff
1777,882506b0b9fffff
1778,8825313aabfffff
1779,8825068947fffff
1780,8825061161fffff
1781,882506b259fffff
1782,8825068eb5fffff
1783,88250611c3fffff
1784,882506a113fffff
1785,882531211dfffff
1786,88250442c7fffff
1787,8825044b17fffff
1788,882506c48bfffff
1789,8825061585fffff
1790,8825069839fffff
1791,882506b58bfffff
1792,8825316eb7fffff
1793,8825061559fffff
1794,88250615e9fffff
1795,882506d5c7fffff
1796,8825069b29fffff
1797,8825312dedfffff
1798,882506c629fffff
1799,8825069317fffff
1800,8825069487fffff
1801,8825060239fffff
1802,8825069ad9fffff
1803,88250448e7fffff
1804,882506bb3bfffff
1805,8825044265fffff
1806,882506b349fffff
1807,882506d5d3fffff
1808,8825069967fffff
1809,882506176bfffff
1810,8825069069fffff
1811,8825312e41fffff
1812,8825069ad1fffff
1813,8825044e47fffff
1814,8825068865fffff
1815,882506bb53fffff
1816,882504462dfffff
1817,8825068a37fffff
1818,882506d633fffff
1819,882506a213fffff
1820,8825044639fffff
1821,8825044b11fffff
1822,882506d761fffff
1823,882506c23dfffff
1824,88250409d7fffff
1825,882506d083fffff
1826,8825068ddbfffff
1827,882506116bfffff
1828,8825312e6dfffff
1829,8825044739fffff
1830,8825044f6dfffff
1831,8825312733fffff
1832,8825060605fffff
1833,88250685c5fffff
1834,882506111bfffff
1835,8825061185fffff
1836,882506c211fffff
1837,8825045517fffff
1838,88250602cbfffff
1839,882506d639fffff
1840,88250611b3fffff
1841,88250610d3fffff
1842,8825044c0bfffff
1843,8825044e27fffff
1844,882506c661fffff
1845,8825069159fffff
1846,882506ba91fffff
1847,882506c6d5fffff
1848,882504736bfffff
1849,88250699d7fffff
1850,8825312a97fffff
1851,88250446b1fffff
1852,8825044685fffff
1853,8825068743fffff
1854,882506c20bfffff
1855,88250615bdfffff
1856,8825069b1dfffff
1857,882506909bfffff
1858,88250686cbfffff
1859,882506b661fffff
1860,8825061525fffff
1861,882506d61dfffff
1862,88253128c3fffff
1863,8825069b37fffff
1864,882506d583fffff
1865,882506173dfffff
1866,8825069017fffff
1867,8825069ac9fffff
1868,8825068ae3fffff
1869,882506b007fffff
1870,882506824bfffff
1871,882506829bfffff
1872,8825069189fffff
1873,8825045597fffff
1874,8825044759fffff
1875,8825068b51fffff
1876,8825060347fffff
1877,8825044a97fffff
1878,8825316cc3fffff
1879,8825069959fffff
1880,882506d651fffff
1881,882506c213fffff
1882,8825044219fffff
1883,8825044d99fffff
1884,88250695a5fffff
1885,88250458a3fffff
1886,882506c4cbfffff
1887,882506b561fffff
1888,8825044093fffff
1889,882506b587fffff
1890,8825068ea1fffff
1891,882506bb1dfffff
1892,8825061089fffff
1893,8825044221fffff
1894,8825068213fffff
1895,882506126dfffff
1896,88250472a3fffff
1897,8825069501fffff
1898,8825312ea5fffff
1899,8825061aa9fffff
1900,882506111dfffff
1901,8825316d83fffff
1902,882506b311fffff
1903,882506b251fffff
1904,8825312c8bfffff
1905,88250695c9fffff
1906,8825316dd1fffff
1907,882506818bfffff
1908,8825068461fffff
1909,8825068c03fffff
1910,88250685b1fffff
1911,8825312819fffff
1912,88250692abfffff
1913,8825068a87fffff
1914,8825068a33fffff
1915,8825312191fffff
1916,8825068acbfffff
1917,882506b2d7fffff
1918,882531244dfffff
1919,8825068507fffff
1920,882506b0e7fffff
1921,8825068eedfffff
1922,88250689cbfffff
1923,8825068e3bfffff
1924,8825068165fffff
1925,882506b2c7fffff
1926,882506a36dfffff
1927,8825068009fffff
1928,882506bac1fffff
1929,8825068f59fffff
1930,882506a2d3fffff
1931,882506ba47fffff
1932,8825069445fffff
1933,882506b11dfffff
1934,8825044941fffff
1935,8825044e67fffff
1936,8825068d55fffff
1937,88250446ebfffff
1938,882506c355fffff
1939,88250446e1fffff
1940,88250684c1fffff
1941,88250602e3fffff
1942,8825044b25fffff
1943,882504416bfffff
1944,882506b435fffff
1945,88250689cdfffff
1946,882506b343fffff
1947,88250699b9fffff
1948,88250442c9fffff
1949,882506b217fffff
1950,882506d659fffff
1951,8825045891fffff
1952,882504494bfffff
1953,88250688c9fffff
1954,882506b615fffff
1955,88250685c3fffff
1956,8825068187fffff
1957,882506110dfffff
1958,882506b0adfffff
1959,8825068627fffff
1960,8825045509fffff
1961,88250602edfffff
1962,882506034bfffff
1963,88250458c7fffff
1964,8825312ca7fffff
1965,88250451a9fffff
1966,8825069699fffff
1967,8825069123fffff
1968,8825047129fffff
1969,8825312185fffff
1970,88250696e1fffff
1971,88250458b7fffff
1972,882506c655fffff
1973,8825312e21fffff
1974,882506bb57fffff
1975,8825045139fffff
1976,882506d71bfffff
1977,8825068ac5fffff
1978,8825044269fffff
1979,8825068833fffff
1980,882504590bfffff
1981,882506035dfffff
1982,882506d56dfffff
1983,8825312f09fffff
1984,8825061093fffff
1985,8825047357fffff
1986,882504518bfffff
1987,882506175bfffff
1988,8825068741fffff
1989,8825068cabfffff
1990,88250441ebfffff
1991,882506841dfffff
1992,882506a1c9fffff
1993,8825068847fffff
1994,8825068863fffff
1995,8825044011fffff
1996,882506a253fffff
1997,88250459c7fffff
1998,8825068097fffff
1999,8825044957fffff
2000,882506b66dfffff
2001,8825068e1bfffff
2002,882504454dfffff
2003,882506d19dfffff
2004,882506895dfffff
2005,8825044343fffff
2006,88250612b1fffff
2007,882506d4d3fffff
2008,882506105dfffff
2009,8825060017fffff
2010,882506075dfffff
2011,882506d54bfffff
2012,88253125c5fffff
2013,8825045b49fffff
2014,8825068335fffff
2015,88250690e1fffff
2016,88253120bdfffff
2017,882506d5adfffff
2018,8825068e57fffff
2019,882506b1d3fffff
2020,8825068857fffff
2021,8825069153fffff
2022,8825060667fffff
2023,8825312515fffff
2024,88253125b1fffff
2025,8825312c5dfffff
2026,8825068d57fffff
2027,88250409e5fffff
2028,88253121d5fffff
2029,8825060237fffff
2030,882506a30bfffff
2031,8825047367fffff
2032,8825044f11fffff
2033,8825069109fffff
2034,882506b0d9fffff
2035,88250684e5fffff
2036,882506d5c3fffff
2037,8825044b67fffff
2038,8825068c37fffff
2039,8825069569fffff
2040,8825047321fffff
2041,882506ba87fffff
2042,88250690b3fffff
2043,882506d6d7fffff
2044,8825068641fffff
2045,8825069763fffff
2046,8825068eddfffff
2047,882506b70bfffff
2048,8825312f25fffff
2049,882504425bfffff
2050,88250451d5fffff
2051,8825060225fffff
2052,8825312e37fffff
2053,88250692d9fffff
2054,8825060351fffff
2055,882506a2a9fffff
2056,8825069923fffff
2057,882506d491fffff
2058,882504488dfffff
2059,8825068559fffff
2060,88250442e5fffff
2061,8825068e59fffff
2062,8825068ab9fffff
2063,8825045563fffff
2064,8825061705fffff
2065,8825044803fffff
2066,88250695b9fffff
2067,882506996dfffff
2068,8825044065fffff
2069,8825044935fffff
2070,8825068d33fffff
2071,8825069ae3fffff
2072,882506bad7fffff
2073,8825068c3bfffff
2074,8825045909fffff
2075,8825060629fffff
2076,88250692dbfffff
2077,88250612d3fffff
2078,8825068a97fffff
2079,8825060621fffff
2080,8825044089fffff
2081,8825312ea1fffff
2082,882506d445fffff
2083,8825069025fffff
2084,8825044645fffff
2085,8825312c5bfffff
2086,8825068c43fffff
2087,8825061217fffff
2088,88250698bdfffff
2089,8825068593fffff
2090,882506c637fffff
2091,88250680d3fffff
2092,8825068c31fffff
2093,8825044a65fffff
2094,882506c6c1fffff
2095,8825068643fffff
2096,8825069993fffff
2097,88250686d3fffff
2098,8825044d07fffff
2099,8825044085fffff
2100,8825069401fffff
2101,882506a041fffff
2102,8825068739fffff
2103,8825068105fffff
2104,8825044e2bfffff
2105,882506823dfffff
2106,8825068749fffff
2107,8825312d59fffff
2108,8825044d83fffff
2109,88250698dbfffff
2110,8825069885fffff
2111,882506a031fffff
2112,8825316ca9fffff
2113,8825068f21fffff
2114,8825044195fffff
2115,8825068dc1fffff
2116,8825312d89fffff
2117,8825044c21fffff
2118,8825047325fffff
2119,8825068851fffff
2120,8825312a37fffff
2121,882506b751fffff
2122,88250602d1fffff
2123,88253121e9fffff
2124,8825069711fffff
2125,8825069607fffff
2126,88250442b3fffff
2127,88250459e3fffff
2128,88250685d5fffff
2129,8825312e59fffff
2130,8825061201fffff
2131,882504554bfffff
2132,8825312e33fffff
2133,88250694e3fffff
2134,8825045805fffff
2135,882506a359fffff
2136,88250448c5fffff
2137,8825061a81fffff
2138,882506021dfffff
2139,882506b1d1fffff
2140,8825060209fffff
2141,8825045943fffff
2142,882506d459fffff
2143,8825068221fffff
2144,8825044223fffff
2145,882506d1b9fffff
2146,8825069b03fffff
2147,8825068b69fffff
2148,882506bb65fffff
2149,88250458bdfffff
2150,88250440c1fffff
2151,8825068c5bfffff
2152,882506bb13fffff
2153,8825061567fffff
2154,882504412dfffff
2155,882506a06dfffff
2156,88250696a9fffff
2157,882506bb33fffff
2158,8825312f61fffff
2159,882506d5c5fffff
2160,882506b03dfffff
2161,8825068751fffff
2162,882506985bfffff
2163,882506bb55fffff
2164,88250440d5fffff
2165,8825044207fffff
2166,8825044f59fffff
2167,8825312a35fffff
2168,8825044233fffff
2169,882506b52bfffff
2170,882506171dfffff
2171,8825061195fffff
2172,882506d543fffff
2173,88250696abfffff
2174,882506b0e5fffff
2175,882506c61dfffff
2176,88250695c5fffff
2177,8825068753fffff
2178,882504421bfffff
2179,8825068b17fffff
2180,8825061511fffff
2181,8825044993fffff
2182,8825068453fffff
2183,8825069547fffff
2184,8825044e2dfffff
2185,8825068311fffff
2186,8825312439fffff
2187,8825045191fffff
2188,88250612bbfffff
2189,8825045025fffff
2190,882506c305fffff
2191,8825068b59fffff
2192,8825312debfffff
2193,8825044b6bfffff
2194,882504499dfffff
2195,882506ba3bfffff
2196,88250689e1fffff
2197,882506844bfffff
2198,88250696b9fffff
2199,8825044907fffff
2200,8825312ab1fffff
2201,8825068713fffff
2202,8825069083fffff
2203,8825312e85fffff
2204,882506d5b7fffff
2205,8825061a9dfffff
2206,8825044661fffff
2207,88250696d7fffff
2208,8825068a15fffff
2209,882506d613fffff
2210,8825044235fffff
2211,882506819dfffff
2212,882506b81bfffff
2213,882506d54dfffff
2214,8825312711fffff
2215,882506d701fffff
2216,88250681cdfffff
2217,8825061755fffff
2218,88250458adfffff
2219,88253120abfffff
2220,882506bac5fffff
2221,88250611a1fffff
2222,882506b1b7fffff
2223,8825044ec7fffff
2224,88250690c1fffff
2225,88250612a7fffff
2226,8825061347fffff
2227,8825045ae7fffff
2228,882506bb59fffff
2229,8825312323fffff
2230,8825045537fffff
2231,88250689e7fffff
2232,88250694bbfffff
2233,8825312a9dfffff
2234,8825068987fffff
2235,882531289dfffff
2236,8825068719fffff
2237,882506933dfffff
2238,882506a1ddfffff
2239,882506b535fffff
2240,88250682d9fffff
2241,88250441a9fffff
2242,882506a257fffff
2243,88250458b5fffff
2244,8825047311fffff
2245,88250602e7fffff
2246,8825044e03fffff
2247,8825068c21fffff
2248,8825069693fffff
2249,8825044459fffff
2250,882506134bfffff
2251,8825068b31fffff
2252,88250442bbfffff
2253,8825044d55fffff
2254,882506985dfffff
2255,8825312c49fffff
2256,882506c76dfffff
2257,8825061513fffff
2258,882506a265fffff
2259,882506d63bfffff
2260,882506b317fffff
2261,8825069195fffff
2262,88250681a1fffff
2263,882506d0c3fffff
2264,882506c709fffff
2265,8825068651fffff
2266,8825061259fffff
2267,8825068ca9fffff
2268,8825069a9bfffff
2269,8825045935fffff
2270,882506b239fffff
2271,882504468bfffff
2272,882531232dfffff
2273,8825044acbfffff
2274,8825045a85fffff
2275,8825069917fffff
2276,88253120bbfffff
2277,88253121b7fffff
2278,8825045957fffff
2279,88250440b1fffff
2280,8825068d97fffff
2281,8825045b27fffff
2282,8825045a55fffff
2283,8825069743fffff
2284,882506022bfffff
2285,882506154bfffff
2286,882506c699fffff
2287,8825069585fffff
2288,882504435bfffff
2289,8825045121fffff
2290,882506d449fffff
2291,8825312d6dfffff
2292,8825044c67fffff
2293,8825068121fffff
2294,88253128d9fffff
2295,8825061703fffff
2296,882506d73bfffff
2297,8825069a97fffff
2298,8825068591fffff
2299,8825044da5fffff
2300,882506824dfffff
2301,882506b023fffff
2302,8825044861fffff
2303,882506d617fffff
2304,882506d565fffff
2305,8825068f4bfffff
2306,8825068827fffff
2307,882506d53bfffff
2308,8825044a93fffff
2309,8825044f49fffff
2310,8825068abdfffff
2311,882506b5a5fffff
2312,8825312f3dfffff
2313,882506bb17fffff
2314,88250450bdfffff
2315,88250689bdfffff
2316,88250458ddfffff
2317,88250602b5fffff
2318,88250688e1fffff
2319,8825068e37fffff
2320,882506843bfffff
2321,88253121c7fffff
2322,882506d643fffff
2323,882504731dfffff
2324,8825061549fffff
2325,8825045527fffff
2326,8825069705fffff
2327,88250440a5fffff
2328,8825044f63fffff
2329,8825044989fffff
2330,88250689adfffff
2331,8825044b59fffff
2332,882506c2b9fffff
2333,88250689a7fffff
2334,8825069623fffff
2335,882506a11bfffff
2336,882504519bfffff
2337,8825069731fffff
2338,8825312f6dfffff
2339,882506d4edfffff
2340,88250451e3fffff
2341,882506d50bfffff
2342,8825068b5bfffff
2343,8825045953fffff
2344,8825045b39fffff
2345,8825069925fffff
2346,8825061753fffff
2347,8825068195fffff
2348,8825069819fffff
2349,882506b59dfffff
2350,8825045a4bfffff
2351,882506d59dfffff
2352,8825312189fffff
2353,882506c341fffff
2354,8825068d9dfffff
2355,8825068a43fffff
2356,88250618cbfffff
2357,882506c69dfffff
2358,8825069333fffff
2359,8825069597fffff
2360,8825040917fffff
2361,882506b75bfffff
2362,882506835dfffff
2363,882506c20dfffff
2364,882506d4ddfffff
2365,8825069aa1fffff
2366,882506888bfffff
2367,8825069849fffff
2368,882506b20dfffff
2369,88250691abfffff
2370,8825069019fffff
2371,8825068067fffff
2372,8825068f39fffff
2373,882504593bfffff
2374,88250695c1fffff
2375,882506c4d1fffff
2376,8825045b69fffff
2377,882506b591fffff
2378,8825060263fffff
2379,882504582bfffff
2380,882506b531fffff
2381,88250691cdfffff
2382,882506120dfffff
2383,882506962dfffff
2384,88250680c7fffff
2385,88250441b3fffff
2386,882506870dfffff
2387,882506bad9fffff
2388,88250450a3fffff
2389,8825044883fffff
2390,8825061353fffff
2391,8825044aa5fffff
2392,8825044d8dfffff
2393,882506c62bfffff
2394,8825061519fffff
2395,8825068091fffff
2396,8825068191fffff
2397,882506d037fffff
2398,8825068b41fffff
2399,882506c209fffff
2400,8825068d13fffff
2401,882506a1c5fffff
2402,882506b363fffff
2403,8825045163fffff
2404,8825044d33fffff
2405,8825069713fffff
2406,8825069ac3fffff
2407,8825045a11fffff
2408,8825068613fffff
2409,88250449b9fffff
2410,8825045115fffff
2411,8825045b35fffff
2412,8825060241fffff
2413,882506c697fffff
2414,8825044a0dfffff
2415,8825047055fffff
2416,88250688a1fffff
2417,8825044763fffff
2418,882506b35bfffff
2419,882504735bfffff
2420,882506021bfffff
2421,882506d1c7fffff
2422,88250685e1fffff
2423,8825060289fffff
2424,88250610c7fffff
2425,8825061003fffff
2426,882506b551fffff
2427,8825068e89fffff
2428,8825312f65fffff
2429,8825040931fffff
2430,88250440d1fffff
2431,8825044db9fffff
2432,8825069a3bfffff
2433,88250449b3fffff
2434,88250689e5fffff
2435,8825068de1fffff
2436,882506d0e3fffff
2437,882531255bfffff
2438,8825068709fffff
2439,882506c339fffff
2440,8825068de7fffff
2441,88250459b5fffff
2442,88250444b9fffff
2443,882506834bfffff
2444,882506c2a7fffff
2445,8825068adbfffff
2446,882506d743fffff
2447,8825313aa1fffff
2448,882506848bfffff
2449,882504460bfffff
2450,8825044d85fffff
2451,88253125e7fffff
2452,882504484dfffff
2453,8825068eebfffff
2454,88250694e7fffff
2455,88250459a9fffff
2456,8825068eb1fffff
2457,882506b295fffff
2458,882506d681fffff
2459,88250612a9fffff
2460,8825045a69fffff
2461,8825068c07fffff
2462,882506b02dfffff
2463,8825312521fffff
2464,882506b62bfffff
2465,88250449d3fffff
2466,882506b5e1fffff
2467,88250698cbfffff
2468,882506b625fffff
2469,8825044f15fffff
2470,8825044007fffff
2471,882506964dfffff
2472,8825068e41fffff
2473,882506a003fffff
2474,882506a2e1fffff
2475,8825068703fffff
2476,882506b0dbfffff
2477,8825068353fffff
2478,88250694d9fffff
2479,8825068a99fffff
2480,88250441cbfffff
2481,8825068cc1fffff
2482,88253124b1fffff
2483,88250450a7fffff
2484,8825069135fffff
2485,882506a1d5fffff
2486,8825069955fffff
2487,882506c2b1fffff
2488,882506c287fffff
2489,882506baadfffff
2490,8825045989fffff
2491,882506a20bfffff
2492,882506a209fffff
2493,882506b095fffff
2494,8825069855fffff
2495,882506c063fffff
2496,8825069a25fffff
2497,88250440e5fffff
2498,8825045559fffff
2499,8825068c5dfffff
2500,882506b85bfffff
2501,882504498dfffff
2502,8825068ed5fffff
2503,8825060767fffff
2504,88250409d3fffff
2505,882506d0bdfffff
2506,88250455c5fffff
2507,8825312e61fffff
2508,8825069541fffff
2509,882506b715fffff
2510,8825068553fffff
2511,8825068313fffff
2512,8825044211fffff
2513,8825061299fffff
2514,88250451d7fffff
2515,88250691ddfffff
2516,882506b2d3fffff
2517,88250684e7fffff
2518,8825312f4dfffff
2519,8825044881fffff
2520,88250680bbfffff
2521,8825061a89fffff
2522,88250446e5fffff
2523,8825068c13fffff
2524,882504409bfffff
2525,88250695a3fffff
2526,8825045169fffff
2527,882506b847fffff
2528,8825068211fffff
2529,8825312c67fffff
2530,88250690c3fffff
2531,88250691a9fffff
2532,8825044765fffff
2533,8825316ccbfffff
2534,8825312469fffff
2535,88250690c5fffff
2536,8825069a85fffff
2537,8825044c07fffff
2538,88250688a7fffff
2539,882506a363fffff
2540,882506bb5bfffff
2541,8825044e11fffff
2542,882506a2c1fffff
2543,882506b337fffff
2544,8825068a23fffff
2545,8825044dcbfffff
2546,88250611e9fffff
2547,882506d401fffff
2548,88250451d9fffff
2549,8825044f05fffff
2550,8825312f5bfffff
2551,8825068835fffff
2552,882506c051fffff
2553,88250691a5fffff
2554,8825069ad7fffff
2555,8825044ee3fffff
2556,882504482dfffff
2557,8825068c3dfffff
2558,882504509bfffff
2559,88250440b3fffff
2560,8825069727fffff
2561,8825061189fffff
2562,88253128d1fffff
2563,8825312065fffff
2564,8825044119fffff
2565,8825044e19fffff
2566,8825068859fffff
2567,882506d6e7fffff
2568,882506b185fffff
2569,88250680d5fffff
2570,88250612c7fffff
2571,88250684a7fffff
2572,8825045b0dfffff
2573,882506b215fffff
2574,882506881bfffff
2575,8825068995fffff
2576,8825044745fffff
2577,882506899bfffff
2578,88250455b1fffff
2579,882506d765fffff
2580,8825312c13fffff
2581,8825068b2dfffff
2582,8825069187fffff
2583,882504460dfffff
2584,88250615e3fffff
2585,882506ba1bfffff
2586,8825068e13fffff
2587,8825312d07fffff
2588,8825068d65fffff
2589,8825045119fffff
2590,882506809dfffff
2591,8825045567fffff
2592,88250446b9fffff
2593,882506b601fffff
2594,882506b569fffff
2595,8825045853fffff
2596,8825045a03fffff
2597,88250680b7fffff
2598,8825068b21fffff
2599,882506d4c5fffff
2600,88250692d3fffff
2601,8825047041fffff
2602,8825068899fffff
2603,8825069769fffff
2604,8825312895fffff
2605,8825044e1bfffff
2606,88253120b3fffff
2607,882506ba83fffff
2608,882506b66bfffff
2609,882506d293fffff
2610,8825069b1bfffff
2611,882531202bfffff
2612,8825316c97fffff
2613,8825044a91fffff
2614,88250442e3fffff
2615,8825044aa1fffff
2616,88250612b7fffff
2617,882506973dfffff
2618,88250448d9fffff
2619,8825044f43fffff
2620,88250450b7fffff
2621,882506c2cbfffff
2622,8825044ee1fffff
2623,8825312159fffff
2624,8825069191fffff
2625,882506110bfffff
2626,8825068eb9fffff
2627,8825069b35fffff
2628,88250691d1fffff
2629,8825069199fffff
2630,88250690e3fffff
2631,8825044a61fffff
2632,8825312c63fffff
2633,8825312337fffff
2634,8825312e4bfffff
2635,882506986dfffff
2636,8825068d83fffff
2637,8825069a93fffff
2638,88250472a9fffff
2639,8825044c09fffff
2640,8825068037fffff
2641,8825068d5dfffff
2642,8825068239fffff
2643,8825044c43fffff
2644,8825312e5bfffff
2645,882506b71bfffff
2646,8825061a95fffff
2647,882506c649fffff
2648,88250698e5fffff
2649,8825044295fffff
2650,88250458e7fffff
2651,8825312327fffff
2652,8825312cb1fffff
2653,8825044149fffff
2654,8825068503fffff
2655,8825044a15fffff
2656,8825068511fffff
2657,88250681ddfffff
2658,882506c6d7fffff
2659,882506b28bfffff
2660,8825061a19fffff
2661,8825312f33fffff
2662,8825044f41fffff
2663,8825068c39fffff
2664,88250448b5fffff
2665,882506d69dfffff
2666,88250690e7fffff
2667,88250685b5fffff
2668,8825060245fffff
2669,8825044b1dfffff
2670,88253125d1fffff
2671,8825044a55fffff
2672,8825061129fffff
2673,8825060713fffff
2674,8825047019fffff
2675,882506846bfffff
2676,882506c687fffff
2677,882506c6ebfffff
2678,882506c307fffff
2679,882506d4c1fffff
2680,88250688d7fffff
2681,8825044945fffff
2682,8825044a3dfffff
2683,8825044db5fffff
2684,8825044231fffff
2685,8825068f47fffff
2686,882504411dfffff
2687,882506d757fffff
2688,8825061001fffff
2689,882506890bfffff
2690,8825068f15fffff
2691,8825312d3dfffff
2692,882506c6d1fffff
2693,8825068e43fffff
2694,8825068aa3fffff
2695,88250685d7fffff
2696,8825068e6bfffff
2697,8825068157fffff
2698,88250681d7fffff
2699,88250441a3fffff
2700,882506b155fffff
2701,88250692b7fffff
2702,8825316c99fffff
2703,882504591bfffff
2704,882506c68dfffff
2705,8825044aa7fffff
2706,8825044f0bfffff
2707,8825069707fffff
2708,88250449c5fffff
2709,882506babbfffff
2710,8825061507fffff
2711,8825047369fffff
2712,8825044b57fffff
2713,88250688d1fffff
2714,882506128dfffff
2715,882506812dfffff
2716,8825044f31fffff
2717,882506b039fffff
2718,882506809bfffff
2719,88250696d9fffff
2720,8825069b01fffff
2721,882506b0b7fffff
2722,8825061425fffff
2723,882506d48bfffff
2724,882506005bfffff
2725,882506d6b9fffff
2726,8825068327fffff
2727,8825044eadfffff
2728,8825061037fffff
2729,882504431bfffff
2730,882506d4a3fffff
2731,88250684d7fffff
2732,88250688a3fffff
2733,882506d6a7fffff
2734,8825068dbdfffff
2735,8825068345fffff
2736,882504414bfffff
2737,8825068915fffff
2738,8825044a69fffff
2739,88250458bbfffff
2740,8825061227fffff
2741,8825069767fffff
2742,8825068351fffff
2743,8825069111fffff
2744,882506b331fffff
2745,882506d625fffff
2746,8825312cc5fffff
2747,882506171bfffff
2748,8825068025fffff
2749,882506152bfffff
2750,8825312e49fffff
2751,88250694c3fffff
2752,8825060265fffff
2753,8825069b15fffff
2754,882506c6c9fffff
2755,8825312591fffff
2756,882506ba49fffff
2757,8825068655fffff
2758,88250612ddfffff
2759,88250686d1fffff
2760,882504456dfffff
2761,8825060349fffff
2762,8825045193fffff
2763,882506d685fffff
2764,88250699ddfffff
2765,8825068b43fffff
2766,8825061369fffff
2767,8825069ad5fffff
2768,8825061723fffff
2769,8825044025fffff
2770,882504552dfffff
2771,8825312e11fffff
2772,882506c6d9fffff
2773,8825044f57fffff
2774,88253120d5fffff
2775,8825312409fffff
2776,882506c49bfffff
2777,8825068aa5fffff
2778,8825044067fffff
2779,88250690e5fffff
2780,8825068d2dfffff
2781,8825068f57fffff
2782,882506d0ddfffff
2783,88250692a1fffff
2784,8825068721fffff
2785,8825068955fffff
2786,882506b369fffff
2787,8825045b29fffff
2788,882504595bfffff
2789,8825068e5dfffff
2790,8825069035fffff
2791,882506869bfffff
2792,8825044e09fffff
2793,88250602dbfffff
2794,8825044e6dfffff
2795,8825044841fffff
2796,882506d751fffff
2797,882506966bfffff
2798,882506b62dfffff
2799,882506c6e3fffff
2800,8825068081fffff
2801,8825069609fffff
2802,88253124edfffff
2803,8825061333fffff
2804,88250684d3fffff
2805,88250698adfffff
2806,8825069a1dfffff
2807,8825068dc9fffff
2808,8825060243fffff
2809,8825044731fffff
2810,8825045887fffff
2811,8825069b05fffff
2812,8825060707fffff
2813,8825068cd9fffff
2814,882506108bfffff
2815,8825312c99fffff
2816,8825061357fffff
2817,8825312d4bfffff
2818,8825044c01fffff
2819,88250689c9fffff
2820,882506120bfffff
2821,882506b135fffff
2822,8825312ee3fffff
2823,882506131dfffff
2824,8825045817fffff
2825,88250459b7fffff
2826,882504426dfffff
2827,8825061045fffff
2828,8825061ac7fffff
2829,8825069897fffff
2830,8825068825fffff
2831,88250442c3fffff
2832,8825044f23fffff
2833,8825044b1bfffff
2834,88250441abfffff
2835,8825068debfffff
2836,882506d6ddfffff
2837,88250458b1fffff
2838,8825069627fffff
2839,8825047349fffff
2840,882506c229fffff
2841,8825060235fffff
2842,882504581bfffff
2843,8825068261fffff
2844,8825045b41fffff
2845,88250689d1fffff
2846,8825045847fffff
2847,882506b5a9fffff
2848,88250694a3fffff
2849,882506d439fffff
2850,882506b501fffff
2851,8825312497fffff
2852,8825044ad9fffff
2853,88250688a5fffff
2854,8825068e11fffff
2855,88250688b5fffff
2856,88253125d3fffff
2857,8825047351fffff
2858,882506b333fffff
2859,882506d419fffff
2860,882506d417fffff
2861,8825045a37fffff
2862,882506b257fffff
2863,882506b205fffff
2864,882506b125fffff
2865,8825312111fffff
2866,8825060361fffff
2867,8825060295fffff
2868,88250689dbfffff
2869,88250441d7fffff
2870,8825060003fffff
2871,8825045551fffff
2872,882506993bfffff
2873,8825068a1dfffff
2874,882506c045fffff
2875,8825312d39fffff
2876,882506153bfffff
2877,882506b021fffff
2878,882506d1d1fffff
2879,88250684b7fffff
2880,88250699c3fffff
2881,882506b05dfffff
2882,8825061283fffff
2883,8825312727fffff
2884,882506b10dfffff
2885,8825044e39fffff
2886,8825044a3bfffff
2887,8825068a95fffff
2888,8825044151fffff
2889,88253125b3fffff
2890,8825069abdfffff
2891,882506d18bfffff
2892,8825068d39fffff
2893,8825069909fffff
2894,8825044a53fffff
2895,882504470bfffff
2896,8825044a2dfffff
2897,882506d4b9fffff
2898,882506959bfffff
2899,8825068953fffff
2900,8825069695fffff
2901,88250682d1fffff
2902,88250459c5fffff
2903,8825312c91fffff
2904,88250600e9fffff
2905,8825045899fffff
2906,88250691b7fffff
2907,882506b321fffff
2908,882504432bfffff
2909,8825061735fffff
2910,882506b21bfffff
2911,8825044185fffff
2912,8825069645fffff
2913,8825061461fffff
2914,8825061505fffff
2915,8825068099fffff
2916,882504405bfffff
2917,8825061ac9fffff
2918,882506c693fffff
2919,882506122dfffff
2920,8825044ab9fffff
2921,8825047347fffff
2922,882506b12dfffff
2923,882506b33dfffff
2924,88250602adfffff
2925,8825044561fffff
2926,882531250bfffff
2927,88250611d9fffff
2928,882504704bfffff
2929,8825060281fffff
2930,8825069633fffff
2931,882506b553fffff
2932,8825044887fffff
2933,882506d501fffff
2934,8825068735fffff
2935,882506c683fffff
2936,8825069851fffff
2937,882506b32bfffff
2938,8825045185fffff
2939,88250680bdfffff
2940,8825069545fffff
2941,882504715dfffff
2942,8825044c63fffff
2943,88250690d7fffff
2944,88250459a3fffff
2945,8825044829fffff
2946,8825068361fffff
2947,882506b149fffff
2948,88250458dbfffff
2949,88250681dbfffff
2950,882506103bfffff
2951,882506858dfffff
2952,88253121b1fffff
2953,88250695b3fffff
2954,8825312d9bfffff
2955,882506993dfffff
2956,8825068db9fffff
2957,8825061317fffff
2958,882506baebfffff
2959,882506b731fffff
2960,8825045109fffff
2961,88250681e7fffff
2962,8825045829fffff
2963,88250442c5fffff
2964,882506982dfffff
2965,882506d43dfffff
2966,8825044c4bfffff
2967,8825044613fffff
2968,8825068253fffff
2969,8825061137fffff
2970,882506115dfffff
2971,882506129dfffff
2972,8825068ca5fffff
2973,8825068285fffff
2974,88250684e1fffff
2975,882531210bfffff
2976,8825044997fffff
2977,8825068e5bfffff
2978,8825069ae7fffff
2979,8825061743fffff
2980,8825068999fffff
2981,8825061087fffff
2982,882504475bfffff
2983,8825068c81fffff
2984,8825068467fffff
2985,8825044e49fffff
2986,8825047303fffff
2987,88250455a1fffff
2988,88250684dbfffff
2989,882506b2dbfffff
2990,8825313aa3fffff
2991,88250694b5fffff
2992,8825047051fffff
2993,8825044a5dfffff
2994,882506bb4dfffff
2995,882506b2a1fffff
2996,8825061a87fffff
2997,882506b507fffff
2998,8825312ee5fffff
2999,8825069293fffff
3000,88253125ebfffff
3001,8825068831fffff
3002,8825044815fffff
3003,88250694cdfffff
3004,88250451c5fffff
3005,882506b40dfffff
3006,8825068d11fffff
3007,882506076bfffff
3008,8825068c55fffff
3009,8825312e09fffff
3010,8825312dc9fffff
3011,88250698a9fffff
3012,8825068433fffff
3013,8825044d51fffff
3014,8825312e25fffff
3015,882504701bfffff
3016,882506c2d9fffff
3017,8825068f11fffff
3018,882531252dfffff
3019,882506b115fffff
3020,8825068e63fffff
3021,882506b5adfffff
3022,882506071bfffff
3023,8825068c1bfffff
3024,8825068dcbfffff
3025,88250459e9fffff
3026,882506d76bfffff
3027,8825047281fffff
3028,88250471c9fffff
3029,8825061707fffff
3030,8825312487fffff
3031,88250409edfffff
3032,88250695d7fffff
3033,8825060283fffff
3034,8825044319fffff
3035,8825044313fffff
3036,8825068131fffff
3037,882506b54dfffff
3038,88250602e1fffff
3039,88250440a9fffff
3040,8825068d19fffff
3041,882506b093fffff
3042,8825045561fffff
3043,882506113dfffff
3044,8825044a43fffff
3045,88250690d1fffff
3046,88250459a1fffff
3047,882504413dfffff
3048,8825069991fffff
3049,882506880bfffff
3050,8825044e61fffff
3051,8825044117fffff
3052,88250458e5fffff
3053,88250441e7fffff
3054,8825312cb3fffff
3055,8825312f0bfffff
3056,882506c28bfffff
3057,8825044297fffff
3058,882506135bfffff
3059,8825045915fffff
3060,882506b367fffff
3061,8825068927fffff
3062,88250448cbfffff
3063,882506c24bfffff
3064,8825069567fffff
3065,882504586bfffff
3066,88250681e5fffff
3067,88250694b1fffff
3068,88250688e5fffff
3069,88250692c3fffff
3070,8825044adbfffff
3071,882506a1e9fffff
3072,882506b765fffff
3073,88250612abfffff
3074,882506870bfffff
3075,8825068217fffff
3076,882506023bfffff
3077,882506b1d7fffff
3078,8825312ec1fffff
3079,8825068ac3fffff
3080,8825068d1dfffff
3081,882506980dfffff
3082,8825047285fffff
3083,8825069285fffff
3084,8825068b33fffff
3085,88250682c5fffff
3086,88250686e7fffff
3087,8825069a39fffff
3088,8825044d11fffff
3089,8825045b11fffff
3090,882506b1adfffff
3091,882506b085fffff
3092,882506b437fffff
3093,8825044723fffff
3094,882506c347fffff
3095,8825044ad7fffff
3096,882506855dfffff
3097,8825044635fffff
3098,8825044529fffff
3099,88250681a5fffff
3100,88250442cdfffff
3101,8825044a51fffff
3102,882506b72dfffff
3103,8825045b4bfffff
3104,8825068061fffff
3105,88253128c7fffff
3106,88253121edfffff
3107,8825044291fffff
3108,8825045827fffff
3109,88250409bdfffff
3110,8825068c33fffff
3111,8825312da7fffff
3112,8825068133fffff
3113,88250448b1fffff
3114,882506904dfffff
3115,8825068dd7fffff
3116,8825068657fffff
3117,882504511bfffff
3118,88250408e5fffff
3119,882506d413fffff
3120,882506d5a9fffff
3121,8825069b41fffff
3122,8825044897fffff
3123,8825061627fffff
3124,882504401bfffff
3125,8825312dddfffff
3126,8825069b27fffff
3127,88250689edfffff
3128,882506d5abfffff
3129,8825068c59fffff
3130,88250680e5fffff
3131,8825060623fffff
3132,8825044d25fffff
3133,8825069659fffff
3134,88250694adfffff
3135,88250681cbfffff
3136,882506b097fffff
3137,88253124a5fffff
3138,882506d767fffff
3139,8825060341fffff
3140,882506b42bfffff
3141,8825068645fffff
3142,882506d75dfffff
3143,8825312d37fffff
3144,8825312447fffff
3145,8825060059fffff
3146,882506a365fffff
3147,88250448a7fffff
3148,8825044a47fffff
3149,882506a1c3fffff
3150,882506b523fffff
3151,8825312f45fffff
3152,8825045949fffff
3153,8825044845fffff
3154,8825312ccbfffff
3155,88250459bdfffff
3156,882506b057fffff
3157,88253121b5fffff
3158,8825068dd5fffff
3159,8825061041fffff
3160,8825312e9dfffff
3161,8825061181fffff
3162,88253121adfffff
3163,8825044f5bfffff
3164,882506820bfffff
3165,8825061055fffff
3166,8825069b61fffff
3167,882506b44bfffff
3168,8825312c23fffff
3169,882506003dfffff
3170,882506d52dfffff
3171,8825312d43fffff
3172,882504093bfffff
3173,882506104dfffff
3174,8825044e4bfffff
3175,88250444b1fffff
3176,8825068ee9fffff
3177,8825068ce3fffff
3178,8825047105fffff
3179,8825069463fffff
3180,882506b307fffff
3181,882506c6ddfffff
3182,8825312e1bfffff
3183,882506d547fffff
3184,88250685bdfffff
3185,882504449dfffff
3186,882506d723fffff
3187,88250442abfffff
3188,882506c235fffff
3189,88250409b5fffff
3190,8825045ad3fffff
3191,882506d763fffff
3192,8825068e29fffff
3193,8825060755fffff
3194,882506d099fffff
3195,882506960bfffff
3196,8825068a3dfffff
3197,8825068cd3fffff
3198,8825069067fffff
3199,882506075bfffff
3200,8825068207fffff
3201,882506d467fffff
3202,882504092bfffff
3203,8825044e01fffff
3204,8825068b6bfffff
3205,882506a04bfffff
3206,8825068549fffff
3207,882506c2e3fffff
3208,88250444b3fffff
3209,88250698abfffff
3210,8825044a35fffff
3211,88250699cbfffff
3212,8825044365fffff
3213,882504412bfffff
3214,8825312eadfffff
3215,882506b025fffff
3216,8825068d03fffff
3217,882506b555fffff
3218,8825044309fffff
3219,882506b707fffff
3220,8825061339fffff
3221,882506bb67fffff
3222,882506d1d3fffff
3223,8825045b6dfffff
3224,882506170bfffff
3225,8825068649fffff
3226,8825068b4dfffff
3227,882506bae1fffff
3228,882506bab9fffff
3229,882506b25bfffff
3230,8825068d8dfffff
3231,8825069405fffff
3232,8825068d09fffff
3233,8825312c9bfffff
3234,882506b19bfffff
3235,8825044f1dfffff
3236,8825040935fffff
3237,8825312c59fffff
3238,8825069539fffff
3239,8825045ab1fffff
3240,882506b6edfffff
3241,882506d72bfffff
3242,882504584bfffff
3243,88250451abfffff
3244,8825045b07fffff
3245,8825068ca3fffff
3246,882504490bfffff
3247,88250611d7fffff
3248,88250409e3fffff
3249,8825312e2dfffff
3250,8825061209fffff
3251,882506ba19fffff
3252,8825068691fffff
3253,88250690d3fffff
3254,882506d74dfffff
3255,882506b741fffff
3256,8825068ab5fffff
3257,8825044285fffff
3258,882506c4dbfffff
3259,882506b8ddfffff
3260,8825069b6bfffff
3261,8825312735fffff
3262,8825045519fffff
3263,8825044663fffff
3264,882506d4a1fffff
3265,882506d0e1fffff
3266,882506d615fffff
3267,8825045867fffff
3268,8825068d07fffff
3269,88250449dbfffff
3270,8825040921fffff
3271,8825045189fffff
3272,8825316ca1fffff
3273,8825068e05fffff
3274,8825068dabfffff
3275,8825068557fffff
3276,88250692adfffff
3277,88250446cdfffff
3278,8825068ed7fffff
3279,882506c315fffff
3280,882506c689fffff
3281,88250442c1fffff
3282,8825312a93fffff
3283,8825044dd9fffff
3284,8825312c33fffff
3285,8825044f25fffff
3286,88253138dbfffff
3287,882506bb31fffff
3288,8825047053fffff
3289,88250695e5fffff
3290,882531203bfffff
3291,882506d46dfffff
3292,88253124b9fffff
3293,882506b047fffff
3294,882506856dfffff
3295,882506c257fffff
3296,882506b30bfffff
3297,882506d411fffff
3298,8825312083fffff
3299,88250441a5fffff
3300,8825061537fffff
3301,8825068a05fffff
3302,8825047065fffff
3303,882506d0e5fffff
3304,882506c653fffff
3305,8825068689fffff
3306,882504583bfffff
3307,882506b005fffff
3308,8825069667fffff
3309,8825044825fffff
3310,88250610a7fffff
3311,8825312e31fffff
3312,882506135dfffff
3313,8825045893fffff
3314,8825061701fffff
3315,882506d741fffff
3316,88250612edfffff
3317,88250694edfffff
3318,8825044aabfffff
3319,882506a313fffff
3320,882506840dfffff
3321,8825068b27fffff
3322,882506983dfffff
3323,882504402bfffff
3324,8825069507fffff
3325,882506c301fffff
3326,8825068e03fffff
3327,8825045a81fffff
3328,882504420dfffff
3329,8825068e09fffff
3330,882506d6e5fffff
3331,8825045a59fffff
3332,8825044289fffff
3333,88250611e5fffff
3334,88250686a3fffff
3335,8825312ed3fffff
3336,882506b0ddfffff
3337,8825068619fffff
3338,8825068e65fffff
3339,8825044205fffff
3340,882506ba69fffff
3341,882506b099fffff
3342,88250681edfffff
3343,8825060231fffff
3344,88250694a9fffff
3345,882506c44bfffff
3346,8825069313fffff
3347,882506b361fffff
3348,88250699bbfffff
3349,8825068d41fffff
3350,882506941dfffff
3351,882506b525fffff
3352,882506d655fffff
3353,8825312ce5fffff
3354,8825312365fffff
3355,8825069a95fffff
3356,8825069511fffff
3357,882506b2a7fffff
3358,882506c681fffff
3359,88250681d5fffff
3360,882506c04bfffff
3361,8825060607fffff
3362,8825312095fffff
3363,8825068545fffff
3364,88250611a7fffff
3365,8825044703fffff
3366,88250685b9fffff
3367,882506b549fffff
3368,8825044c47fffff
3369,882506d18dfffff
3370,8825060251fffff
3371,8825069987fffff
3372,882506c053fffff
3373,8825061113fffff
3374,882506b043fffff
3375,8825069141fffff
3376,8825312d8bfffff
3377,88250690adfffff
3378,8825069485fffff
3379,8825069b2dfffff
3380,8825060269fffff
3381,882506ba63fffff
3382,882531240bfffff
3383,88250441d9fffff
3384,882504470dfffff
3385,8825069133fffff
3386,8825069b5bfffff
3387,8825047359fffff
3388,882506c055fffff
3389,8825069513fffff
3390,8825045425fffff
3391,882506d44dfffff
3392,8825069639fffff
3393,8825316c8bfffff
3394,8825313853fffff
3395,882506001dfffff
3396,8825061445fffff
3397,8825060047fffff
3398,882506062dfffff
3399,8825044105fffff
3400,8825044015fffff
3401,8825069831fffff
3402,882506981dfffff
3403,8825061047fffff
3404,882506b061fffff
3405,882506d5edfffff
3406,8825061541fffff
3407,8825044913fffff
3408,8825044e37fffff
3409,8825044705fffff
3410,8825312483fffff
3411,882506c223fffff
3412,8825061741fffff
3413,882506bb23fffff
3414,88250409a3fffff
3415,8825061105fffff
3416,8825068041fffff
3417,88250684c9fffff
3418,8825312857fffff
3419,8825045803fffff
3420,8825068941fffff
3421,8825044155fffff
3422,8825069b07fffff
3423,882506c253fffff
3424,8825068747fffff
3425,8825061059fffff
3426,882506d421fffff
3427,882504408bfffff
3428,88250682e3fffff
3429,8825068231fffff
3430,8825068ea3fffff
3431,882506c2a1fffff
3432,882506c249fffff
3433,8825044d03fffff
3434,88250691edfffff
3435,8825069717fffff
3436,8825312cb5fffff
3437,882506911dfffff
3438,8825312843fffff
3439,8825044823fffff
3440,882504423dfffff
3441,882506d6a9fffff
3442,8825068821fffff
3443,882506889bfffff
3444,8825069995fffff
3445,8825045b19fffff
3446,882506b663fffff
3447,8825044031fffff
3448,882506d447fffff
3449,882504555dfffff
3450,882506b04bfffff
3451,882506b711fffff
3452,8825061337fffff
3453,8825068921fffff
3454,88250699edfffff
3455,88250691d9fffff
3456,88250444dbfffff
3457,8825069681fffff
3458,882506ba5dfffff
3459,882504550dfffff
3460,882506c6e9fffff
3461,8825312f31fffff
3462,882506b05bfffff
3463,8825068319fffff
3464,882506b407fffff
3465,88250698a5fffff
3466,882506943bfffff
3467,882504444bfffff
3468,88253121d3fffff
3469,8825061557fffff
3470,882506c6a1fffff
3471,8825044aebfffff
3472,8825061523fffff
3473,8825061111fffff
3474,8825061521fffff
3475,8825061147fffff
3476,8825045ad7fffff
3477,882506984dfffff
3478,8825312ae3fffff
3479,8825044901fffff
3480,8825044ae5fffff
3481,882506946bfffff
3482,882506a255fffff
3483,882506b5b1fffff
3484,8825312027fffff
3485,8825069911fffff
3486,8825068493fffff
3487,88250451e1fffff
3488,8825047307fffff
3489,8825045727fffff
3490,882506946dfffff
3491,88250681c7fffff
3492,88250446bbfffff
3493,882504485dfffff
3494,882506b855fffff
3495,88250444d3fffff
3496,8825045aedfffff
3497,882506b291fffff
3498,88250699e7fffff
3499,88250459e5fffff
3500,882506b73bfffff
3501,8825044a01fffff
3502,88250459b3fffff
3503,88250698c1fffff
3504,8825068205fffff
3505,882506898dfffff
3506,882506d6a1fffff
3507,8825068913fffff
3508,882506d631fffff
3509,882506d5b9fffff
3510,882506d689fffff
3511,8825068b01fffff
3512,882504703bfffff
3513,88250610cbfffff
3514,882506b8dbfffff
3515,88253125c7fffff
3516,882506ba2bfffff
3517,8825312de3fffff
3518,882504585dfffff
3519,882506c4d7fffff
3520,88250458d7fffff
3521,8825312e27fffff
3522,8825069495fffff
3523,8825069417fffff
3524,8825044209fffff
3525,8825312d19fffff
3526,882506b0d3fffff
3527,8825044187fffff
3528,8825312419fffff
3529,88250690d5fffff
3530,88253121c1fffff
3531,882504462bfffff
3532,8825068451fffff
3533,8825045ad1fffff
3534,882506b34dfffff
3535,882506b529fffff
3536,8825068427fffff
3537,882506d587fffff
3538,8825068525fffff
3539,882504456bfffff
3540,882506d607fffff
3541,8825068b25fffff
3542,8825044333fffff
3543,8825044f09fffff
3544,8825069903fffff
3545,882506c603fffff
3546,88250698a3fffff
3547,882506a243fffff
3548,8825045acbfffff
3549,8825044145fffff
3550,8825044331fffff
3551,882504594bfffff
3552,8825068ab7fffff
3553,8825069003fffff
3554,8825316cb9fffff
3555,88250680a1fffff
3556,882506121dfffff
3557,882506155bfffff
3558,88250442dbfffff
3559,8825312407fffff
3560,8825061621fffff
3561,8825068227fffff
3562,8825069a89fffff
3563,882506b431fffff
3564,882506889dfffff
3565,882506b165fffff
3566,8825068e93fffff
3567,882506d5dbfffff
3568,88250446b5fffff
3569,8825044b03fffff
3570,88250685dbfffff
3571,882504416dfffff
3572,8825045911fffff
3573,88250446c9fffff
3574,8825069aadfffff
3575,8825312e13fffff
3576,88250688a9fffff
3577,8825045809fffff
3578,882506942bfffff
3579,88250699a1fffff
3580,882504556bfffff
3581,8825069943fffff
3582,88250690c9fffff
3583,882504580dfffff
3584,882506c2e9fffff
3585,8825068135fffff
3586,8825044017fffff
3587,8825069097fffff
3588,8825044109fffff
3589,882506d0adfffff
3590,8825044e13fffff
3591,8825045a33fffff
3592,8825061149fffff
3593,882506975bfffff
3594,8825068417fffff
3595,882506b52dfffff
3596,8825068a9dfffff
3597,882506c043fffff
3598,88250409a5fffff
3599,8825068e2dfffff
3600,8825044807fffff
3601,8825044051fffff
3602,882504481dfffff
3603,8825044919fffff
3604,882504596dfffff
3605,882504552bfffff
3606,882504491dfffff
3607,8825316ce7fffff
3608,8825312f05fffff
3609,88250449a5fffff
3610,8825069a2dfffff
3611,882506b18bfffff
3612,882506b2c5fffff
3613,882506b605fffff
3614,8825068093fffff
3615,88250615a3fffff
3616,8825316d87fffff
3617,88250602b3fffff
3618,8825068f6dfffff
3619,882506971dfffff
3620,8825068d35fffff
3621,8825312089fffff
3622,882506b811fffff
3623,882506a329fffff
3624,8825060053fffff
3625,882506b29dfffff
3626,8825312565fffff
3627,882506971bfffff
3628,88250688abfffff
3629,882506d653fffff
3630,8825068b1dfffff
3631,882504430bfffff
3632,88250451b1fffff
3633,8825068423fffff
3634,8825069065fffff
3635,8825312c17fffff
3636,8825044f47fffff
3637,882506d0a5fffff
3638,8825061737fffff
3639,8825068ec3fffff
3640,8825045b4dfffff
3641,88250615adfffff
3642,882506c6b5fffff
3643,8825044b13fffff
3644,8825044e0dfffff
3645,882504098bfffff
3646,882506929dfffff
3647,882504593dfffff
3648,88250441b1fffff
3649,882506b163fffff
3650,88250470c9fffff
3651,8825068b65fffff
3652,8825068701fffff
3653,88250684bbfffff
3654,8825068443fffff
3655,882506994dfffff
3656,8825047309fffff
3657,882506c2e5fffff
3658,882506c29dfffff
3659,8825069121fffff
3660,882531246bfffff
3661,8825068c29fffff
3662,8825069039fffff
3663,882504710dfffff
3664,882506974dfffff
3665,882506ba57fffff
3666,8825068541fffff
3667,8825069737fffff
3668,8825044ee5fffff
3669,8825061311fffff
3670,8825044665fffff
3671,8825040989fffff
3672,8825044f4dfffff
3673,88253120e5fffff
3674,882506c6c5fffff
3675,8825044849fffff
3676,88250680a3fffff
3677,8825061049fffff
3678,882506d6e3fffff
3679,8825045547fffff
3680,88250696c9fffff
3681,8825312d97fffff
3682,882504519dfffff
3683,8825044215fffff
3684,8825312ce1fffff
3685,8825044491fffff
3686,882504445dfffff
3687,8825061007fffff
3688,8825060357fffff
3689,8825045501fffff
3690,882506b0a5fffff
3691,8825068499fffff
3692,8825068a8bfffff
3693,8825044a09fffff
3694,88253128cdfffff
3695,882506856bfffff
3696,8825316d95fffff
3697,8825069063fffff
3698,8825045983fffff
3699,8825068d61fffff
3700,8825044069fffff
3701,882506b73dfffff
3702,882506b513fffff
3703,8825060253fffff
3704,88250685c1fffff
3705,882506a211fffff
3706,88250442d1fffff
3707,8825044debfffff
3708,8825068329fffff
3709,882506d6a3fffff
3710,8825061281fffff
3711,882506a24bfffff
3712,882506c607fffff
3713,88250611a5fffff
3714,8825068d99fffff
3715,882504726dfffff
3716,8825045819fffff
3717,88253125dbfffff
3718,8825047005fffff
3719,8825044b47fffff
3720,88253124bdfffff
3721,8825044169fffff
3722,8825069a13fffff
3723,8825068237fffff
3724,882506d1b5fffff
3725,882506b191fffff
3726,8825061745fffff
3727,882506c68bfffff
3728,882504492dfffff
3729,882506901dfffff
3730,8825312d35fffff
3731,88250682e5fffff
3732,8825068943fffff
3733,882506818dfffff
3734,8825068963fffff
3735,88250444ddfffff
3736,8825068a81fffff
3737,88250610b5fffff
3738,88253125d9fffff
3739,882506913dfffff
3740,882506b5a1fffff
3741,882506b2bbfffff
3742,882504421dfffff
3743,8825044dc5fffff
3744,882504400dfffff
3745,8825069b69fffff
3746,8825069933fffff
3747,88250680d1fffff
3748,882506d55bfffff
3749,8825312d03fffff
3750,8825044683fffff
3751,882506833dfffff
3752,88250600c1fffff
3753,8825068b39fffff
3754,882506962bfffff
3755,8825044f13fffff
3756,8825069469fffff
3757,882506d561fffff
3758,8825313ab3fffff
3759,882506a1cdfffff
3760,882506b357fffff
3761,8825068a4bfffff
3762,88250684d5fffff
3763,8825044eedfffff
3764,88250611ddfffff
3765,8825040995fffff
3766,882531233dfffff
3767,88250690cbfffff
3768,88253121a1fffff
3769,882506989bfffff
3770,882506d1c1fffff
3771,8825045a49fffff
3772,8825312025fffff
3773,8825312d6bfffff
3774,882506128bfffff
3775,88253124c7fffff
3776,8825060201fffff
3777,8825044d91fffff
3778,8825068407fffff
3779,8825068ebdfffff
3780,8825044a11fffff
3781,8825068a3bfffff
3782,882506b003fffff
3783,8825060307fffff
3784,882506d443fffff
3785,8825068957fffff
3786,8825047169fffff
3787,88250615a5fffff
3788,882506805dfffff
3789,88250448adfffff
3790,882531214dfffff
3791,8825044dcdfffff
3792,88250602a5fffff
3793,8825047009fffff
3794,882506b201fffff
3795,8825044569fffff
3796,882506d45dfffff
3797,8825044055fffff
3798,8825061263fffff
3799,882506118bfffff
3800,882506c363fffff
3801,882506c0c9fffff
3802,882504429bfffff
3803,882506c753fffff
3804,8825044b55fffff
3805,8825045593fffff
3806,8825312dcbfffff
3807,8825044137fffff
3808,882506c233fffff
3809,882506988dfffff
3810,882506d457fffff
3811,8825044951fffff
3812,882506d4c7fffff
3813,8825044811fffff
3814,88250611c1fffff
3815,8825069835fffff
3816,882506c263fffff
3817,882506b051fffff
3818,882506b0c3fffff
3819,882506860dfffff
3820,882506b055fffff
3821,88250686bbfffff
3822,88250691d5fffff
3823,8825044961fffff
3824,8825068707fffff
3825,88250442e7fffff
3826,882506b5bbfffff
3827,882506a203fffff
3828,882504700dfffff
3829,8825312597fffff
3830,8825068491fffff
3831,882506929bfffff
3832,88250455e7fffff
3833,882504425dfffff
3834,8825069913fffff
3835,882506b44dfffff
3836,882506b15bfffff
3837,8825316cd5fffff
3838,8825045abbfffff
3839,882506c63bfffff
3840,882531202dfffff
3841,8825068065fffff
3842,882506d533fffff
3843,8825069143fffff
3844,882506b2c1fffff
3845,8825044931fffff
3846,8825068363fffff
3847,8825312007fffff
3848,882506d609fffff
3849,8825068405fffff
3850,882506d191fffff
3851,882506d435fffff
3852,882506c2c3fffff
3853,882504471dfffff
3854,882506c499fffff
3855,8825068257fffff
3856,882506b585fffff
3857,882506808bfffff
3858,8825312cb9fffff
3859,882506b01dfffff
3860,8825069403fffff
3861,882506d08dfffff
3862,88250611b7fffff
3863,8825044303fffff
3864,8825069103fffff
3865,882506852bfffff
3866,8825061117fffff
3867,8825045857fffff
3868,882506c6a9fffff
3869,8825044743fffff
3870,8825061033fffff
3871,8825047153fffff
3872,88250610a1fffff
3873,8825061a13fffff
3874,8825044d57fffff
3875,8825061211fffff
3876,8825069719fffff
3877,8825312329fffff
3878,8825044141fffff
3879,8825044d2bfffff
3880,882506b351fffff
3881,8825068d89fffff
3882,8825068035fffff
3883,882506b637fffff
3884,8825312dc3fffff
3885,8825068da3fffff
3886,882506a367fffff
3887,882506154dfffff
3888,882506d70dfffff
3889,8825044497fffff
3890,8825068685fffff
3891,882531253bfffff
3892,882506874dfffff
3893,8825068567fffff
3894,882506b029fffff
3895,8825312305fffff
3896,8825044563fffff
3897,8825312703fffff
3898,88250690c7fffff
3899,8825068c49fffff
3900,8825044e29fffff
3901,88250684e3fffff
3902,8825045505fffff
3903,88250442b7fffff
3904,8825044d0dfffff
3905,8825068d9bfffff
3906,88250444a9fffff
3907,8825061269fffff
3908,882506b423fffff
3909,8825069131fffff
3910,8825068621fffff
3911,88250694a1fffff
3912,8825061a17fffff
3913,8825044d69fffff
3914,88250451d3fffff
3915,8825044f33fffff
3916,882506d0e7fffff
3917,882506b015fffff
3918,882506b2e1fffff
3919,8825061ad1fffff
3920,882506d73dfffff
3921,88250681a9fffff
3922,882506b2e7fffff
3923,8825068149fffff
3924,88250694d1fffff
3925,8825047015fffff
3926,8825068aa1fffff
3927,8825061265fffff
3928,8825068339fffff
3929,88250690a5fffff
3930,882506b737fffff
3931,8825068505fffff
3932,88250451ebfffff
3933,8825047007fffff
3934,882506872bfffff
3935,8825312f07fffff
3936,88250440e9fffff
3937,8825060285fffff
3938,8825045833fffff
3939,8825069291fffff
3940,882506d5c9fffff
3941,882506130bfffff
3942,8825044b37fffff
3943,8825045883fffff
3944,8825068a0dfffff
3945,8825044db1fffff
3946,8825061335fffff
3947,882506b133fffff
3948,882504428bfffff
3949,8825061343fffff
3950,882506b8c9fffff
3951,88250409e1fffff
3952,88250448abfffff
3953,8825068805fffff
3954,88250692a9fffff
3955,882506b511fffff
3956,882506ba1dfffff
3957,882506a02dfffff
3958,8825068f2bfffff
3959,88250409abfffff
3960,8825068803fffff
3961,8825069599fffff
3962,8825312eddfffff
3963,8825312097fffff
3964,8825068415fffff
3965,88250690a3fffff
3966,8825061051fffff
3967,882506a31bfffff
3968,8825044251fffff
3969,8825044995fffff
3970,8825069661fffff
3971,882506c647fffff
3972,882506d6c7fffff
3973,88250600cdfffff
3974,88250602c5fffff
3975,882506c6bdfffff
3976,8825312eb3fffff
3977,88250688cbfffff
3978,882506c297fffff
3979,882531208dfffff
3980,8825312c69fffff
3981,882506d199fffff
3982,8825044133fffff
3983,882506b249fffff
3984,8825044b23fffff
3985,8825044a6dfffff
3986,8825044c11fffff
3987,8825045ac1fffff
3988,8825061119fffff
3989,882506c303fffff
3990,882506ba31fffff
3991,88250440b9fffff
3992,882506b815fffff
3993,882506023dfffff
3994,882506c635fffff
3995,882506c2ddfffff
3996,88250451b5fffff
3997,8825068b13fffff
3998,882506d465fffff
3999,882506bb47fffff
4000,88250448d7fffff
4001,8825044715fffff
4002,882506c291fffff
4003,882506d1a3fffff
4004,8825312d27fffff
4005,8825312ea7fffff
4006,8825060233fffff
4007,8825044abdfffff
4008,8825312d63fffff
4009,8825045ae1fffff
4010,882506880dfffff
4011,8825068969fffff
4012,882506b743fffff
4013,88250692bbfffff
4014,882506b2e9fffff
4015,882506823bfffff
4016,882506c2b3fffff
4017,88250695a1fffff
4018,8825060765fffff
4019,8825044293fffff
4020,8825068801fffff
4021,8825069523fffff
4022,8825069137fffff
4023,8825069425fffff
4024,8825068885fffff
4025,8825044d9bfffff
4026,882506995dfffff
4027,88250688b3fffff
4028,8825069155fffff
4029,882506ba15fffff
4030,8825068dadfffff
4031,8825312e91fffff
4032,882506bb43fffff
4033,882506d635fffff
4034,882506b24bfffff
4035,882506b283fffff
4036,882506034dfffff
4037,8825044741fffff
4038,88250686c1fffff
4039,8825312ca9fffff
4040,882506124bfffff
4041,88250685d1fffff
4042,8825045549fffff
4043,8825312f17fffff
4044,88250611d1fffff
4045,882506126bfffff
4046,8825068765fffff
4047,88250698e9fffff
4048,8825312c95fffff
4049,882506136dfffff
4050,8825044d09fffff
4051,8825045963fffff
4052,8825068c67fffff
4053,882506d4e3fffff
4054,882506d60dfffff
4055,8825068919fffff
4056,882506a025fffff
4057,882504408dfffff
4058,8825069ac5fffff
4059,882506953bfffff
4060,88250681e3fffff
4061,8825068ec5fffff
4062,8825312507fffff
4063,88250696d5fffff
4064,88250686adfffff
4065,8825044525fffff
4066,8825045161fffff
4067,882506864bfffff
4068,882506b80dfffff
4069,882506a019fffff
4070,88250446c3fffff
4071,882506d753fffff
4072,8825068a11fffff
4073,882506b2abfffff
4074,88250689c1fffff
4075,882504488bfffff
4076,8825069989fffff
4077,8825044d15fffff
4078,882506b1ddfffff
4079,8825069a19fffff
4080,882506ba61fffff
4081,88250440a7fffff
4082,882506883dfffff
4083,88250442d7fffff
4084,882506c357fffff
4085,882506bb6dfffff
4086,88250696e3fffff
4087,8825044db3fffff
4088,8825044d65fffff
4089,8825069723fffff
4090,8825312aabfffff
4091,8825069537fffff
4092,8825069837fffff
4093,882506a2a3fffff
4094,882506c759fffff
4095,8825069185fffff
4096,8825060001fffff
4097,882506972bfffff
4098,882506c627fffff
4099,8825061249fffff
4100,88250686a1fffff
4101,882506826bfffff
4102,8825316493fffff
4103,882506035bfffff
4104,882506b255fffff
4105,882504518dfffff
4106,8825069813fffff
4107,8825069021fffff
4108,8825068981fffff
4109,882506d0ebfffff
4110,882506b245fffff
4111,88250458edfffff
4112,8825312ca1fffff
4113,8825312d17fffff
4114,882506b1a5fffff
4115,882506134dfffff
4116,882506b459fffff
4117,8825044707fffff
4118,882504590dfffff
4119,882506d63dfffff
4120,8825061213fffff
4121,8825045913fffff
4122,882506a039fffff
4123,8825312c03fffff
4124,882506d68bfffff
4125,8825068ee5fffff
4126,88250610b3fffff
4127,8825044667fffff
4128,882506156bfffff
4129,8825045a8dfffff
4130,8825068755fffff
4131,88250680c5fffff
4132,8825312109fffff
4133,882506d097fffff
4134,88250615e7fffff
4135,8825068f63fffff
4136,882531255dfffff
4137,8825044ad3fffff
4138,88250680e7fffff
4139,8825312aa5fffff
4140,8825068b53fffff
4141,8825069ac1fffff
4142,882506ba81fffff
4143,882506ba89fffff
4144,8825044937fffff
4145,8825068869fffff
4146,882506b5b9fffff
4147,8825068ac9fffff
4148,882506b0b3fffff
4149,882504098dfffff
4150,8825316d81fffff
4151,882506c231fffff
4152,882506ba39fffff
4153,882506d0d9fffff
4154,88250698d9fffff
4155,88250459edfffff
4156,88250449c9fffff
4157,882506848dfffff
4158,88250685cbfffff
4159,8825045a0dfffff
4160,88250699a3fffff
4161,882506b2cdfffff
4162,8825312ecbfffff
4163,8825069193fffff
4164,882506b5c5fffff
4165,8825068495fffff
4166,8825069443fffff
4167,882504415bfffff
4168,8825044e0bfffff
4169,8825060743fffff
4170,8825312e81fffff
4171,8825316dabfffff
4172,882506a02bfffff
4173,8825069081fffff
4174,882506a01dfffff
4175,882506d5d7fffff
4176,8825061191fffff
4177,8825068465fffff
4178,8825044a99fffff
4179,8825069a53fffff
4180,88250441dbfffff
4181,882506b45dfffff
4182,88250691e7fffff
4183,882506b5abfffff
4184,8825045165fffff
4185,8825047317fffff
4186,88250690cdfffff
4187,88250612e1fffff
4188,882506a315fffff
4189,882506c633fffff
4190,8825312529fffff
4191,882506a229fffff
4192,882506b325fffff
4193,882506801dfffff
4194,8825061561fffff
4195,882506c34dfffff
4196,88250455cdfffff
4197,8825316cabfffff
4198,8825045a41fffff
4199,8825069009fffff
4200,882504404dfffff
4201,882506a065fffff
4202,88250684a5fffff
4203,8825068469fffff
4204,88250455edfffff
4205,88250689c7fffff
4206,882506994bfffff
4207,8825044753fffff
4208,8825061465fffff
4209,88250681a3fffff
4210,882506d091fffff
4211,882506850bfffff
4212,8825045167fffff
4213,88250442a7fffff
4214,8825045a8bfffff
4215,882506ba51fffff
4216,88250695b1fffff
4217,882506ba21fffff
4218,882506bb51fffff
4219,882506c449fffff
4220,8825061727fffff
4221,882506b299fffff
4222,882506c4b9fffff
4223,8825068ec9fffff
4224,8825069961fffff
4225,8825068611fffff
4226,882506b2b7fffff
4227,882506b189fffff
4228,882506c6b7fffff
4229,8825044099fffff
4230,88250409b9fffff
4231,8825068c57fffff
4232,8825061467fffff
4233,8825061031fffff
4234,8825061223fffff
4235,882506c04dfffff
4236,8825069157fffff
4237,882506819bfffff
4238,882506800bfffff
4239,88250699b7fffff
4240,8825068359fffff
4241,882504734dfffff
4242,8825047331fffff
4243,8825044899fffff
4244,88250692a5fffff
4245,8825312143fffff
4246,8825312ab5fffff
4247,88250446b7fffff
4248,8825047339fffff
4249,882506b25dfffff
4250,88250690a1fffff
4251,88250448e5fffff
4252,882506b14bfffff
4253,8825312859fffff
4254,8825047353fffff
4255,88250680e3fffff
4256,8825044987fffff
4257,8825312555fffff
4258,882506ba67fffff
4259,88250691e3fffff
4260,8825061101fffff
4261,882506bab1fffff
4262,8825312a9bfffff
4263,8825044dd5fffff
4264,8825044d37fffff
4265,8825312d85fffff
4266,882506b2bdfffff
4267,882506b161fffff
4268,88250612bdfffff
4269,882506c2a5fffff
4270,8825312d5bfffff
4271,8825069413fffff
4272,882506b0e3fffff
4273,882506b417fffff
4274,8825045507fffff
4275,8825045a47fffff
4276,8825068717fffff
4277,882506d641fffff
4278,8825069951fffff
4279,88253125d5fffff
4280,882531250dfffff
4281,88250699c9fffff
4282,8825068581fffff
4283,882506170dfffff
4284,882506d0b1fffff
4285,882506b753fffff
4286,882506c22dfffff
4287,882506b101fffff
4288,882506baa3fffff
4289,882506ba07fffff
4290,882504411bfffff
4291,882506c331fffff
4292,882506b1c1fffff
4293,88250442b1fffff
4294,8825069093fffff
4295,8825069595fffff
4296,88250600c5fffff
4297,8825047341fffff
4298,88250472e5fffff
4299,8825061ad7fffff
4300,8825044b0dfffff
4301,8825312a87fffff
4302,8825069653fffff
4303,88250684a1fffff
4304,8825068449fffff
4305,8825061645fffff
4306,88250611cdfffff
4307,88250690b5fffff
4308,882504513bfffff
4309,882506144dfffff
4310,882506b1b9fffff
4311,882506124dfffff
4312,8825068d93fffff
4313,882506891dfffff
4314,8825068d95fffff
4315,8825047017fffff
4316,882506102dfffff
4317,8825060045fffff
4318,8825068267fffff
4319,882506d43bfffff
4320,882506a2c3fffff
4321,882506b1a9fffff
4322,8825044d39fffff
4323,882506885bfffff
4324,8825068883fffff
4325,8825060313fffff
4326,882506c2e1fffff
4327,882506d1c5fffff
4328,8825312739fffff
4329,882506c25bfffff
4330,8825312f13fffff
4331,882506b231fffff
4332,88250698cdfffff
4333,882506918bfffff
4334,8825044dc1fffff
4335,882506d499fffff
4336,882506d697fffff
4337,88250444e3fffff
4338,8825068997fffff
4339,8825069adbfffff
4340,8825061ad3fffff
4341,882506d4cbfffff
4342,8825060297fffff
4343,8825061025fffff
4344,8825044135fffff
4345,8825312e43fffff
4346,882506a2cdfffff
4347,882506ba4bfffff
4348,8825044283fffff
4349,88250690bbfffff
4350,8825044245fffff
4351,882506b717fffff
4352,8825069b3bfffff
4353,882531259bfffff
4354,8825061257fffff
4355,882506020dfffff
4356,8825312415fffff
4357,88250409a9fffff
4358,8825316db7fffff
4359,88250698b3fffff
4360,882506b521fffff
4361,882506d731fffff
4362,8825045889fffff
4363,882506b059fffff
4364,8825044201fffff
4365,8825068117fffff
4366,882506ba11fffff
4367,8825312433fffff
4368,882506910dfffff
4369,8825068263fffff
4370,882506b169fffff
4371,882506c2d1fffff
4372,8825044a19fffff
4373,882506022dfffff
4374,8825068437fffff
4375,8825044a39fffff
4376,882506b43dfffff
4377,8825068355fffff
4378,8825061529fffff
4379,8825045137fffff
4380,8825044f55fffff
4381,88250682d7fffff
4382,882506b56dfffff
4383,8825068637fffff
4384,882506b119fffff
4385,8825068295fffff
4386,88250695bbfffff
4387,8825069033fffff
4388,8825045127fffff
4389,882506b0a1fffff
4390,88250441c9fffff
4391,8825044809fffff
4392,8825312061fffff
4393,882506b64dfffff
4394,8825061155fffff
4395,8825069745fffff
4396,8825044b63fffff
4397,882506b063fffff
4398,8825312431fffff
4399,88250699c7fffff
4400,8825069acbfffff
4401,882506b141fffff
4402,8825068101fffff
4403,8825047363fffff
4404,882531214bfffff
4405,8825068551fffff
4406,882504728bfffff
4407,8825312ad3fffff
4408,8825312de5fffff
4409,8825045941fffff
4410,882506c6b9fffff
4411,8825068069fffff
4412,8825068f65fffff
4413,8825312717fffff
4414,88250611a3fffff
4415,8825316db5fffff
4416,882506840bfffff
4417,882506b28dfffff
4418,882504598bfffff
4419,8825045523fffff
4420,8825040901fffff
4421,882504434bfffff
4422,882506c313fffff
4423,8825044ad5fffff
4424,882506a23dfffff
4425,8825316cdbfffff
4426,8825044ac1fffff
4427,8825312f37fffff
4428,8825044213fffff
4429,8825044943fffff
4430,8825316c87fffff
4431,88250696adfffff
4432,8825061013fffff
4433,882506c247fffff
4434,882506a26bfffff
4435,8825045539fffff
4436,882506b8d9fffff
4437,8825312de1fffff
4438,8825068cd1fffff
4439,8825068763fffff
4440,8825044633fffff
4441,8825044949fffff
4442,8825044755fffff
4443,882506d769fffff
4444,88250612ebfffff
4445,882504424dfffff
4446,8825068967fffff
4447,882506a2e3fffff
4448,8825068ad5fffff
4449,8825068e31fffff
4450,882506b86bfffff
4451,8825068315fffff
4452,8825069429fffff
4453,8825068c9dfffff
4454,8825069323fffff
4455,8825044641fffff
4456,8825044095fffff
4457,88250680d7fffff
4458,882506b143fffff
4459,8825044f67fffff
4460,882506d0b5fffff
4461,8825069407fffff
4462,882506a22dfffff
4463,8825044101fffff
4464,8825044157fffff
4465,882506d58dfffff
4466,882504585bfffff
4467,882506884dfffff
4468,8825061215fffff
4469,8825045991fffff
4470,88250451b7fffff
4471,882506d40bfffff
4472,8825068807fffff
4473,88253121e1fffff
4474,882506d197fffff
4475,8825061421fffff
4476,88250602b7fffff
4477,8825069125fffff
4478,8825060013fffff
4479,88250615b7fffff
4480,88250610bdfffff
4481,882504599bfffff
4482,882506a2ebfffff
4483,8825068f13fffff
4484,88250602d9fffff
4485,882504596bfffff
4486,8825069b51fffff
4487,88250685e3fffff
4488,8825045897fffff
4489,88250685b3fffff
4490,88250698d3fffff
4491,882506c62dfffff
4492,88250442a1fffff
4493,8825044b07fffff
4494,8825045b55fffff
4495,882506841bfffff
4496,8825069b65fffff
4497,88250610c1fffff
4498,882506a215fffff
4499,88250692a3fffff
4500,8825068005fffff
4501,882506d733fffff
4502,8825069051fffff
4503,8825045a1dfffff
4504,8825060287fffff
4505,882506d1b3fffff
4506,882506badbfffff
4507,882506bab3fffff
4508,8825044241fffff
4509,88250612b3fffff
4510,8825044ab5fffff
4511,882506b0bbfffff
4512,882506d2b3fffff
4513,882506d1cbfffff
4514,8825069aabfffff
4515,88250440b7fffff
4516,88250684cdfffff
4517,882506a001fffff
4518,8825044f4bfffff
4519,8825045195fffff
4520,8825044035fffff
4521,88250602bbfffff
4522,88250458a5fffff
4523,882506bb35fffff
4524,8825312523fffff
4525,882506d195fffff
4526,8825312d1dfffff
4527,8825068a63fffff
4528,882506892bfffff
4529,8825060309fffff
4530,88253125b5fffff
4531,88250458c1fffff
4532,8825312db1fffff
4533,88250686dbfffff
4534,8825044227fffff
4535,8825061199fffff
4536,882506b767fffff
4537,88250696e5fffff
4538,882506b1b5fffff
4539,882506812bfffff
4540,88253121ebfffff
4541,8825068ca7fffff
4542,8825312a95fffff
4543,88250682abfffff
4544,882506b13dfffff
4545,8825312cabfffff
4546,8825045183fffff
4547,8825044a4bfffff
4548,882506d45bfffff
4549,8825312dbdfffff
4550,8825312c29fffff
4551,8825060057fffff
4552,882506c639fffff
4553,882506d62dfffff
4554,882506bacbfffff
4555,882504701dfffff
4556,8825068017fffff
4557,882506b2d9fffff
4558,8825316cd7fffff
4559,8825068c05fffff
4560,88250615b9fffff
4561,8825068d59fffff
4562,88250688e3fffff
4563,88250682ddfffff
4564,88250446d3fffff
4565,882506b733fffff
4566,88250686b5fffff
4567,8825044023fffff
4568,8825068667fffff
4569,8825045a63fffff
4570,882506c33bfffff
4571,88250695d9fffff
4572,882506b041fffff
4573,88253121a9fffff
4574,8825068c6bfffff
4575,88250699e5fffff
4576,8825312d2bfffff
4577,882506b639fffff
4578,88250686a5fffff
4579,8825045a3bfffff
4580,882506b223fffff
4581,88250612cdfffff
4582,88250691e9fffff
4583,882506151bfffff
4584,8825316cb3fffff
4585,8825069023fffff
4586,882506810dfffff
4587,88250610c9fffff
4588,88250696ddfffff
4589,882506965dfffff
4590,882504449bfffff
4591,8825312f1dfffff
4592,8825068357fffff
4593,882506944bfffff
4594,88250611b5fffff
4595,88253138d9fffff
4596,88250440c9fffff
4597,882506c359fffff
4598,8825040929fffff
4599,88250681d3fffff
4600,88253121dbfffff
4601,8825044103fffff
4602,8825044947fffff
4603,8825312813fffff
4604,882506863bfffff
4605,8825312563fffff
4606,8825047145fffff
4607,8825045997fffff
4608,88250684abfffff
4609,882506ba5bfffff
4610,8825060203fffff
4611,88250448a3fffff
4612,88250692c7fffff
4613,88250459ebfffff
4614,8825068f55fffff
4615,88250680d9fffff
4616,882506804dfffff
4617,8825316da3fffff
4618,8825045823fffff
4619,8825069563fffff
4620,882506c267fffff
4621,882506976bfffff
4622,882506b323fffff
4623,8825313ab5fffff
4624,882506b293fffff
4625,8825045b31fffff
4626,882506c749fffff
4627,8825068c4dfffff
4628,882506d4b7fffff
4629,882506b319fffff
4630,8825045955fffff
4631,88250696b1fffff
4632,88250441adfffff
4633,8825068727fffff
4634,8825061569fffff
4635,882506c64dfffff
4636,8825068a31fffff
4637,8825045181fffff
4638,8825068c15fffff
4639,882506b04dfffff
4640,88250682b1fffff
4641,8825312d99fffff
4642,8825068021fffff
4643,882506a34bfffff
4644,8825068033fffff
4645,8825061017fffff
4646,8825068245fffff
4647,8825068421fffff
4648,8825068d4bfffff
4649,8825312eb5fffff
4650,88253121d7fffff
4651,88250449a7fffff
4652,8825312e23fffff
4653,88250611a9fffff
4654,8825068113fffff
4655,88250449d9fffff
4656,8825044259fffff
4657,8825044f53fffff
4658,882506b1c5fffff
4659,8825069729fffff
4660,8825068b4bfffff
4661,88250692c9fffff
4662,882506001bfffff
4663,88250451a5fffff
4664,8825312d15fffff
4665,88250691dbfffff
4666,8825044857fffff
4667,882506c32bfffff
4668,882506d703fffff
4669,882504420bfffff
4670,882506028dfffff
4671,88250699bdfffff
4672,882506ba6bfffff
4673,882506b425fffff
4674,882506a00bfffff
4675,882506ba27fffff
4676,882506c6cbfffff
4677,8825068f07fffff
4678,882506991dfffff
4679,882506ba35fffff
4680,8825069603fffff
4681,8825047337fffff
4682,8825068c0bfffff
4683,882506c74dfffff
4684,882504703dfffff
4685,882506bb11fffff
4686,8825312db3fffff
4687,8825044827fffff
4688,8825068837fffff
4689,882506976dfffff
4690,8825044b33fffff
4691,8825044867fffff
4692,8825312c83fffff
4693,8825044991fffff
4694,8825061595fffff
4695,8825312c87fffff
4696,88250610edfffff
4697,8825069721fffff
4698,8825069481fffff
4699,8825312ce7fffff
4700,882506881dfffff
4701,88250459a5fffff
4702,8825047167fffff
4703,882506b1edfffff
4704,8825068a1bfffff
4705,8825068731fffff
4706,8825069139fffff
4707,88250686b9fffff
4708,8825044037fffff
4709,882506b599fffff
4710,882506c76bfffff
4711,8825068ee3fffff
4712,882506d033fffff
4713,8825069027fffff
4714,8825045545fffff
4715,8825069421fffff
4716,88250695cdfffff
4717,882506c741fffff
4718,88250446c5fffff
4719,8825060267fffff
4720,8825044b2dfffff
4721,8825312851fffff
4722,8825312e19fffff
4723,8825044a57fffff
4724,882506c353fffff
4725,88250684cbfffff
4726,882506b123fffff
4727,882506123bfffff
4728,8825312309fffff
4729,8825312c05fffff
4730,88250470e5fffff
4731,88250696bbfffff
4732,8825044d4bfffff
4733,882506d6c5fffff
4734,88250440e7fffff
4735,8825068003fffff
4736,882506d1a7fffff
4737,88250682cbfffff
4738,882506c05dfffff
4739,88253121e3fffff
4740,8825044d63fffff
4741,88250602d3fffff
4742,8825312d8dfffff
4743,882506c4bbfffff
4744,882506b2cbfffff
4745,8825068b61fffff
4746,882506bb05fffff
4747,882506b017fffff
4748,8825069465fffff
4749,8825040999fffff
4750,882506b21dfffff
4751,8825044903fffff
4752,882506a237fffff
4753,882506b035fffff
4754,88250615edfffff
4755,88250681abfffff
4756,8825068ee7fffff
4757,88250684b1fffff
4758,882506b019fffff
4759,88250699a9fffff
4760,882506c6d3fffff
4761,882506b31dfffff
4762,88250612d1fffff
4763,882506bab7fffff
4764,8825060769fffff
4765,8825044495fffff
4766,882506a233fffff
4767,8825068e2bfffff
4768,8825061ae3fffff
4769,882506d649fffff
4770,8825069b31fffff
4771,88250685adfffff
4772,8825312c1dfffff
4773,882506888dfffff
4774,8825312e99fffff
4775,8825069847fffff
4776,8825312429fffff
4777,88253125adfffff
4778,8825044483fffff
4779,8825068d21fffff
4780,8825069493fffff
4781,882506062bfffff
4782,8825068e95fffff
4783,882506d5d1fffff
4784,882506b1b1fffff
4785,882506a061fffff
4786,8825044a9bfffff
4787,882506c239fffff
4788,882506c685fffff
4789,8825068cc7fffff
4790,882506919bfffff
4791,8825061219fffff
4792,8825061351fffff
4793,8825069531fffff
4794,8825069089fffff
4795,88250459cdfffff
4796,8825069295fffff
4797,88250698c3fffff
4798,8825047149fffff
4799,882506118dfffff
4800,8825069283fffff
4801,88250442edfffff
4802,8825312589fffff
4803,88250409c5fffff
4804,8825047361fffff
4805,882506863dfffff
4806,882506103dfffff
4807,8825061acbfffff
4808,8825044b31fffff
4809,8825068e87fffff
4810,8825069abbfffff
4811,8825068f25fffff
4812,8825068409fffff
4813,8825060663fffff
4814,88253128dbfffff
4815,88250610abfffff
4816,8825068569fffff
4817,8825312f19fffff
4818,8825047013fffff
4819,88253124adfffff
4820,8825069331fffff
4821,8825312519fffff
4822,882506c2d5fffff
4823,88250690abfffff
4824,882504511dfffff
4825,8825312491fffff
4826,88250612a3fffff
4827,8825060345fffff
4828,8825068867fffff
4829,88250450adfffff
4830,8825060759fffff
4831,882506d5ddfffff
4832,8825068823fffff
4833,8825068625fffff
4834,8825312c65fffff
4835,8825040933fffff
4836,8825044d89fffff
4837,8825068819fffff
4838,882504428dfffff
4839,882506996bfffff
4840,8825044029fffff
4841,882504433dfffff
4842,882506956dfffff
4843,8825044dddfffff
4844,8825061563fffff
4845,8825313aa9fffff
4846,8825068c8dfffff
4847,882506d521fffff
4848,88250458d5fffff
4849,8825312481fffff
4850,88250610d7fffff
4851,882506bac7fffff
4852,882506958bfffff
4853,882506b2e5fffff
4854,8825044ea9fffff
4855,88250699e3fffff
4856,8825044647fffff
4857,882506bae5fffff
4858,8825044e15fffff
4859,8825061565fffff
4860,882506d623fffff
4861,8825069631fffff
4862,882506a247fffff
4863,8825045863fffff
4864,8825068de3fffff
4865,882506c351fffff
4866,8825312a85fffff
4867,882506d0c5fffff
4868,882506c06bfffff
4869,8825068107fffff
4870,8825044859fffff
4871,8825068ea9fffff
4872,8825069467fffff
4873,8825045993fffff
4874,88253121ddfffff
4875,88250680ddfffff
4876,8825045a6dfffff
4877,88253125e5fffff
4878,88250699a7fffff
4879,882504410dfffff
4880,8825061067fffff
4881,8825044165fffff
4882,8825044113fffff
4883,8825312f63fffff
4884,8825044889fffff
4885,882504463dfffff
4886,8825068509fffff
4887,882506d405fffff
4888,882506100bfffff
4889,8825045aa9fffff
4890,8825045ab9fffff
4891,8825068683fffff
4892,882506b1ebfffff
4893,882506129bfffff
4894,8825061063fffff
4895,8825045abdfffff
4896,882506b365fffff
4897,882506066bfffff
4898,8825068323fffff
4899,8825068c35fffff
4900,882504589bfffff
4901,8825061739fffff
4902,8825068b3bfffff
4903,882506d1abfffff
4904,882506968dfffff
4905,8825069949fffff
4906,8825069419fffff
4907,8825312d3bfffff
4908,8825068891fffff
4909,8825045ac5fffff
4910,8825044ec5fffff
4911,882531271dfffff
4912,882506801bfffff
4913,882506955dfffff
4914,8825068989fffff
4915,88253124e3fffff
4916,8825312567fffff
4917,882506c60bfffff
4918,8825069529fffff
4919,8825068547fffff
4920,88250684b3fffff
4921,8825068d47fffff
4922,8825312cddfffff
4923,8825044d43fffff
4924,8825045a2dfffff
4925,8825312c39fffff
4926,882506b013fffff
4927,8825068dd1fffff
4928,882504734bfffff
4929,882531281bfffff
4930,8825312dcdfffff
4931,88250610e9fffff
4932,8825045511fffff
4933,882506c615fffff
4934,8825068897fffff
4935,882504588dfffff
4936,8825312c6bfffff
4937,882506b5c3fffff
4938,88250610e5fffff
4939,8825045945fffff
4940,882506d42dfffff
4941,88250459ddfffff
4942,8825060747fffff
4943,882504491bfffff
4944,8825312453fffff
4945,882506c2c7fffff
4946,88250451d1fffff
4947,88250690e9fffff
4948,8825044369fffff
4949,88250698d1fffff
4950,8825068dcdfffff
4951,8825047301fffff
4952,882506b195fffff
4953,882506b347fffff
4954,882506b13bfffff
4955,8825044ac5fffff
4956,882506c497fffff
4957,88250602c7fffff
4958,8825316db3fffff
4959,882504705dfffff
4960,8825044b49fffff
4961,8825068e23fffff
4962,8825068839fffff
4963,8825044747fffff
4964,8825312f3bfffff
4965,88250696dbfffff
4966,8825061367fffff
4967,8825069807fffff
4968,88250448b7fffff
4969,8825068589fffff
4970,882506d4e5fffff
4971,8825069625fffff
4972,8825068699fffff
4973,8825045a19fffff
4974,88250696d1fffff
4975,8825068ae5fffff
4976,882506c251fffff
4977,882506805bfffff
4978,88250615b3fffff
4979,8825045921fffff
4980,8825069983fffff
4981,882506a227fffff
4982,8825044f29fffff
4983,88250612d9fffff
4984,8825068139fffff
4985,882506835bfffff
4986,882504715bfffff
4987,882506114dfffff
4988,8825068aabfffff
4989,882506b54bfffff
4990,882506d4a9fffff
4991,88250440ebfffff
4992,8825068127fffff
4993,8825060219fffff
4994,8825044c45fffff
4995,882506d4d9fffff
4996,8825068dbbfffff
4997,8825069b21fffff
4998,8825061243fffff
4999,882506d5a7fffff
5000,8825312593fffff
5001,8825068cd5fffff
5002,8825068e19fffff
5003,8825069085fffff
5004,88250451edfffff
5005,882506d089fffff
5006,8825312aa9fffff
5007,882504434dfffff
5008,88250441c3fffff
5009,882506d5e9fffff
5010,88250610b1fffff
5011,882506d2bbfffff
5012,882506814dfffff
5013,882506c2a3fffff
5014,8825312cc9fffff
5015,8825044125fffff
5016,882506c70dfffff
5017,882506b46dfffff
5018,882506132bfffff
5019,8825045995fffff
5020,882506b117fffff
5021,8825069113fffff
5022,882506b33bfffff
5023,8825312413fffff
5024,88250698c9fffff
5025,882506176dfffff
5026,88250689d9fffff
5027,88250682ebfffff
5028,8825069895fffff
5029,88250689ebfffff
5030,8825313ab1fffff
5031,882506954dfffff
5032,8825312465fffff
5033,882506c289fffff
5034,8825068b23fffff
5035,882506b441fffff
5036,8825068907fffff
5037,8825061235fffff
5038,882506c22bfffff
5039,8825068147fffff
5040,882506d665fffff
5041,8825044a05fffff
5042,88250444d9fffff
5043,882506b539fffff
5044,8825045a61fffff
5045,882506802bfffff
5046,8825068a83fffff
5047,8825044c2dfffff
5048,882506849bfffff
5049,8825068411fffff
5050,8825316d9dfffff
5051,88250612adfffff
5052,8825044835fffff
5053,8825069117fffff
5054,8825312dd7fffff
5055,88250441a1fffff
5056,88250610ebfffff
5057,882506d295fffff
5058,8825047287fffff
5059,882506828bfffff
5060,8825312c43fffff
5061,882506b725fffff
5062,882506b35dfffff
5063,8825045105fffff
5064,88250699a5fffff
5065,88250448d5fffff
5066,88250682b3fffff
5067,8825044325fffff
5068,8825069629fffff
5069,882506112bfffff
5070,882506bb09fffff
5071,882506bb1bfffff
5072,88253121a7fffff
5073,8825044487fffff
5074,8825044725fffff
5075,8825044ae3fffff
5076,882531219dfffff
5077,8825068483fffff
5078,882506b335fffff
5079,8825069435fffff
5080,8825069a05fffff
5081,8825044b21fffff
5082,8825312eb9fffff
5083,882506d113fffff
5084,8825068cdbfffff
5085,8825069503fffff
5086,882506d693fffff
5087,882504466bfffff
5088,882506974bfffff
5089,8825044a83fffff
5090,88250611dbfffff
5091,882506b503fffff
5092,882506d1c9fffff
5093,8825312f4bfffff
5094,8825044027fffff
5095,88250610ddfffff
5096,882506ba93fffff
5097,88250689d7fffff
5098,88250610e1fffff
5099,8825068163fffff
5100,8825045b21fffff
5101,8825044a49fffff
5102,882506815dfffff
5103,882506a201fffff
5104,8825044127fffff
5105,882506c2bdfffff
5106,8825040987fffff
5107,8825068aedfffff
5108,88250682b9fffff
5109,8825312103fffff
5110,882504481bfffff
5111,8825061aa3fffff
5112,882506800dfffff
5113,882506d5e1fffff
5114,88250685ebfffff
5115,8825044485fffff
5116,882506d0abfffff
5117,8825069535fffff
5118,8825044d93fffff
5119,882506958dfffff
5120,882506102bfffff
5121,8825069553fffff
5122,882506c2adfffff
5123,88250698c7fffff
5124,8825068843fffff
5125,882506955bfffff
5126,8825061057fffff
5127,8825045903fffff
5128,8825044b65fffff
5129,882504419bfffff
5130,882504551bfffff
5131,8825068ed1fffff
5132,8825060319fffff
5133,8825069821fffff
5134,8825044c49fffff
5135,8825068d1bfffff
5136,8825069015fffff
5137,8825044521fffff
5138,8825312119fffff
5139,8825040923fffff
5140,8825045a05fffff
5141,88250602a9fffff
5142,8825044691fffff
5143,88250600d9fffff
5144,8825068431fffff
5145,882506bb63fffff
5146,8825045b1bfffff
5147,882506d427fffff
5148,882506b589fffff
5149,882506951bfffff
5150,88250611e3fffff
5151,882506c2a9fffff
5152,882506b445fffff
5153,882506b16dfffff
5154,882506d531fffff
5155,882506c255fffff
5156,882531246dfffff
5157,882506ba17fffff
5158,8825069299fffff
5159,882506b265fffff
5160,88250459bbfffff
5161,882504432dfffff
5162,8825061163fffff
5163,882506813dfffff
5164,8825068f1bfffff
5165,88250444d1fffff
5166,8825068f45fffff
5167,8825044631fffff
5168,882504405dfffff
5169,882506ba3dfffff
5170,88250682cdfffff
5171,8825068829fffff
5172,8825312ab9fffff
5173,8825045933fffff
5174,8825044da1fffff
5175,88250442cbfffff
5176,8825045595fffff
5177,8825312c11fffff
5178,8825069829fffff
5179,882504706dfffff
5180,8825069297fffff
5181,882506d593fffff
5182,8825068169fffff
5183,882504418bfffff
5184,8825312e29fffff
5185,88250680c1fffff
5186,882506b5cdfffff
5187,8825068c51fffff
5188,8825044ab7fffff
5189,8825068cc3fffff
5190,882506a051fffff
5191,8825069857fffff
5192,882506d5d9fffff
5193,8825045869fffff
5194,882506c05bfffff
5195,8825044e45fffff
5196,8825068337fffff
5197,8825312e6bfffff
5198,8825044e5bfffff
5199,8825044367fffff
5200,882506c49dfffff
5201,8825068a6bfffff
5202,882506d1ddfffff
5203,8825068a2dfffff
5204,882506808dfffff
5205,88250682dbfffff
5206,8825068ccdfffff
5207,88250448edfffff
5208,882506b4edfffff
5209,8825069415fffff
5210,882504489bfffff
5211,8825068a25fffff
5212,882506895bfffff
5213,882506d6bdfffff
5214,882506b0e9fffff
5215,882506896dfffff
5216,8825316cbdfffff
5217,8825044b09fffff
5218,88253124ebfffff
5219,8825045895fffff
5220,8825068015fffff
5221,88250680a9fffff
5222,882506b1d9fffff
5223,8825069031fffff
5224,8825045103fffff
5225,882506916bfffff
5226,882506d5cdfffff
5227,8825061527fffff
5228,8825061355fffff
5229,8825068f2dfffff
5230,8825068889fffff
5231,88250691e5fffff
5232,88250692b9fffff
5233,88250685a5fffff
5234,882506105bfffff
5235,8825044c51fffff
5236,88250449a3fffff
5237,88250681c3fffff
5238,882506d513fffff
5239,88253128b9fffff
5240,8825044f39fffff
5241,882506153dfffff
5242,8825068a5dfffff
5243,882506940dfffff
5244,8825068c45fffff
5245,88250685e9fffff
5246,882506d515fffff
5247,8825044813fffff
5248,882506d60bfffff
5249,88250449b5fffff
5250,8825045925fffff
5251,8825069749fffff
5252,8825312423fffff
5253,882506d095fffff
5254,8825047365fffff
5255,882504406dfffff
5256,8825312581fffff
5257,882506c26bfffff
5258,882506b197fffff
5259,8825068b5dfffff
5260,882504485bfffff
5261,882506b761fffff
5262,8825069105fffff
5263,88250681c5fffff
5264,8825068ae1fffff
5265,8825069b43fffff
5266,882531209bfffff
5267,8825045131fffff
5268,8825068155fffff
5269,88250446d7fffff
5270,8825044729fffff
5271,8825060741fffff
5272,8825068aebfffff
5273,8825069751fffff
5274,8825061625fffff
5275,882506a063fffff
5276,88250450e3fffff
5277,8825045addfffff
5278,8825044c6bfffff
5279,88250451adfffff
5280,882506030dfffff
5281,882506c319fffff
5282,882506980bfffff
5283,88250695b5fffff
5284,88250699c1fffff
5285,8825061365fffff
5286,8825045841fffff
5287,8825069617fffff
5288,882506b595fffff
5289,8825044c41fffff
5290,8825045197fffff
5291,8825045ac7fffff
5292,88250451cdfffff
5293,8825045a21fffff
5294,882506c605fffff
5295,882506ba65fffff
5296,8825316cddfffff
5297,8825068b0bfffff
5298,882506b151fffff
5299,88250612c5fffff
5300,8825312c9dfffff
5301,8825045981fffff
5302,8825045a87fffff
5303,882506d187fffff
5304,8825040985fffff
5305,88250449e9fffff
5306,88250688cdfffff
5307,88250470c1fffff
5308,882506d705fffff
5309,8825044d3dfffff
5310,8825069565fffff
5311,88250688b9fffff
5312,88250684c7fffff
5313,8825068543fffff
5314,88250688bdfffff
5315,882506a31dfffff
5316,8825069853fffff
5317,8825044057fffff
5318,8825068f33fffff
5319,8825312405fffff
5320,8825312f67fffff
5321,8825069335fffff
5322,8825312e15fffff
5323,8825044c03fffff
5324,88250455bdfffff
5325,882506d621fffff
5326,8825068a19fffff
5327,882506b031fffff
5328,8825044b45fffff
5329,88250440dbfffff
5330,882506d0a7fffff
5331,8825312e93fffff
5332,88250686b3fffff
5333,88250698b9fffff
5334,8825044c55fffff
5335,882506c269fffff
5336,882506a045fffff
5337,882506908dfffff
5338,8825044d9dfffff
5339,8825045987fffff
5340,8825068e69fffff
5341,8825312cbbfffff
5342,882506d1e1fffff
5343,8825044e05fffff
5344,882506b1bbfffff
5345,882506d591fffff
5346,8825044097fffff
5347,8825312155fffff
5348,8825044019fffff
5349,8825312561fffff
5350,88250680e9fffff
5351,88250440b5fffff
5352,8825044627fffff
5353,8825044d49fffff
5354,882506130dfffff
5355,8825068a5bfffff
5356,882506b583fffff
5357,882506b207fffff
5358,882506ba55fffff
5359,88250691c3fffff
5360,8825045543fffff
5361,8825068881fffff
5362,8825044253fffff
5363,8825068d3bfffff
5364,8825068143fffff
5365,8825068b63fffff
5366,8825060299fffff
5367,8825068e39fffff
5368,882506b563fffff
5369,882531243bfffff
5370,88250451bbfffff
5371,8825044693fffff
5372,882506a223fffff
5373,882506a01bfffff
5374,8825045b25fffff
5375,88250451e5fffff
5376,882506b03bfffff
5377,882506074bfffff
5378,8825068a07fffff
5379,882506a225fffff
5380,8825069963fffff
5381,88250441bdfffff
5382,882506903dfffff
5383,8825312c19fffff
5384,8825068145fffff
5385,88250688edfffff
5386,8825061267fffff
5387,882504732bfffff
5388,882506b281fffff
5389,88250682bbfffff
5390,882506b537fffff
5391,8825044a63fffff
5392,8825312f27fffff
5393,8825069167fffff
5394,8825045525fffff
5395,882506b627fffff
5396,882506109dfffff
5397,88250611c7fffff
5398,88250681ebfffff
5399,88250610b7fffff
5400,882506c2dbfffff
5401,882531243dfffff
5402,8825312e17fffff
5403,8825047033fffff
5404,882506b60dfffff
5405,8825068cc5fffff
5406,88250685d3fffff
5407,882506b22bfffff
5408,8825061a9bfffff
5409,8825061207fffff
5410,882506d647fffff
5411,882506108dfffff
5412,882506b089fffff
5413,8825312c51fffff
5414,882506d407fffff
5415,882506a015fffff
5416,88250691bbfffff
5417,8825312dd5fffff
5418,882506b31bfffff
5419,8825069b47fffff
5420,88250681b9fffff
5421,882506928dfffff
5422,8825044aa3fffff
5423,88250691b1fffff
5424,8825047043fffff
5425,8825045965fffff
5426,8825068215fffff
5427,8825069619fffff
5428,8825044f3dfffff
5429,882506c747fffff
5430,8825044831fffff
5431,88250450b5fffff
5432,8825068959fffff
5433,8825312f29fffff
5434,882506999dfffff
5435,8825069589fffff
5436,882506995bfffff
5437,8825045091fffff
5438,882506d529fffff
5439,8825047267fffff
5440,8825044a67fffff
5441,88250686e9fffff
5442,88250409d5fffff
5443,882506ba37fffff
5444,8825068a8dfffff
5445,882506a021fffff
5446,88250409bbfffff
5447,882506bb37fffff
5448,882506b203fffff
5449,882506a259fffff
5450,8825069ae9fffff
5451,8825045503fffff
5452,8825044b15fffff
5453,882506baa5fffff
5454,88250459abfffff
5455,882506c6cdfffff
5456,8825069aa7fffff
5457,882506b2edfffff
5458,8825312e47fffff
5459,88250451dbfffff
5460,88250694cbfffff
5461,882506b159fffff
5462,882504493dfffff
5463,882506a347fffff
5464,882506d70bfffff
5465,882506d42bfffff
5466,882506a361fffff
5467,88250682c7fffff
5468,8825068109fffff
5469,8825312ddbfffff
5470,8825068027fffff
5471,8825045535fffff
5472,88250689b9fffff
5473,882504716dfffff
5474,8825312583fffff
5475,882506b739fffff
5476,8825069433fffff
5477,88250451c1fffff
5478,8825312c85fffff
5479,8825044f01fffff
5480,8825068f41fffff
5481,882506c751fffff
5482,8825044323fffff
5483,882506882bfffff
5484,8825312dadfffff
5485,8825068a49fffff
5486,8825061237fffff
5487,8825069551fffff
5488,882506c491fffff
5489,8825068b19fffff
5490,8825045129fffff
5491,8825068e49fffff
5492,8825068317fffff
5493,8825312c2bfffff
5494,8825045a5dfffff
5495,882506a251fffff
5496,882506b287fffff
5497,882506c349fffff
5498,88253120edfffff
5499,8825068297fffff
5500,8825045a25fffff
5501,8825060293fffff
5502,8825312cadfffff
5503,88250440edfffff
5504,8825061749fffff
5505,8825312587fffff
5506,88250441e1fffff
5507,8825044b69fffff
5508,88250681adfffff
5509,8825069801fffff
5510,8825061255fffff
5511,882506952dfffff
5512,882506b0b1fffff
5513,8825047327fffff
5514,88250618ddfffff
5515,882506a25dfffff
5516,882506a023fffff
5517,88250696a5fffff
5518,882506d1b1fffff
5519,882506b241fffff
5520,8825061097fffff
5521,8825045513fffff
5522,8825047151fffff
5523,8825061287fffff
5524,882506a241fffff
5525,8825045a6bfffff
5526,8825047047fffff
5527,8825044819fffff
5528,8825045541fffff
5529,8825069b39fffff
5530,88250451bdfffff
5531,8825061533fffff
5532,8825068b03fffff
5533,882506d4cdfffff
5534,882506c06dfffff
5535,8825312849fffff
5536,882506b645fffff
5537,88250694d3fffff
5538,8825069b63fffff
5539,8825312f21fffff
5540,88250695b7fffff
5541,882506ba9dfffff
5542,8825045839fffff
5543,882506150bfffff
5544,8825044c69fffff
5545,88253125b7fffff
5546,8825045b47fffff
5547,8825044959fffff
5548,8825044443fffff
5549,8825069517fffff
5550,88250451c9fffff
5551,8825061661fffff
5552,882506b719fffff
5553,882506b505fffff
5554,8825068125fffff
5555,882506c4d3fffff
5556,882506865bfffff
5557,88250441d5fffff
5558,8825069889fffff
5559,882506106dfffff
5560,8825068e25fffff
5561,882506b0d1fffff
5562,88250691cbfffff
5563,882506a2a1fffff
5564,8825312c1bfffff
5565,8825068ae9fffff
5566,8825069461fffff
5567,8825312ce3fffff
5568,882506b635fffff
5569,8825068d17fffff
5570,882506b749fffff
5571,8825069557fffff
5572,8825044115fffff
5573,8825069587fffff
5574,88253121cbfffff
5575,8825069a91fffff
5576,8825068259fffff
5577,8825061767fffff
5578,8825068f61fffff
5579,8825312a8bfffff
5580,882506c21bfffff
5581,8825045aa5fffff
5582,8825044ae1fffff
5583,8825069757fffff
5584,8825044c2bfffff
5585,8825068535fffff
5586,88253124b5fffff
5587,882506ba33fffff
5588,88250691d3fffff
5589,882506c643fffff
5590,8825068f43fffff
5591,8825045885fffff
5592,88250694e9fffff
5593,88250684c3fffff
5594,8825069827fffff
5595,882504448bfffff
5596,8825068233fffff
5597,882506c245fffff
5598,8825069755fffff
5599,88250458c3fffff
5600,8825060367fffff
5601,88250682bdfffff
5602,88253124a7fffff
5603,8825068031fffff
5604,882506132dfffff
5605,882506bb61fffff
5606,882506d5e5fffff
5607,8825044ab1fffff
5608,88253128bbfffff
5609,8825068c65fffff
5610,8825316d91fffff
5611,8825312021fffff
5612,882506d6d5fffff
5613,882506025bfffff
5614,8825068cebfffff
5615,882506a249fffff
5616,88250612b9fffff
5617,8825312437fffff
5618,8825044f65fffff
5619,8825061329fffff
5620,88250688c7fffff
5621,8825061169fffff
5622,882506b1c7fffff
5623,882506d1bdfffff
5624,8825045a89fffff
5625,8825044e6bfffff
5626,882506b71dfffff
5627,8825312ec3fffff
5628,8825044a9dfffff
5629,8825068103fffff
5630,8825312e35fffff
5631,882506ba2dfffff
5632,882506c65bfffff
5633,8825047057fffff
5634,8825061151fffff
5635,88250602c9fffff
5636,8825044299fffff
5637,882506a205fffff
5638,882531236dfffff
5639,8825068c11fffff
5640,8825312e05fffff
5641,8825069805fffff
5642,8825047063fffff
5643,8825069881fffff
5644,8825069561fffff
5645,8825069061fffff
5646,882506868dfffff
5647,882506d711fffff
5648,88250691a3fffff
5649,882506b50dfffff
5650,882506d46bfffff
5651,8825068051fffff
5652,882506b42dfffff
5653,882506862bfffff
5654,882506d0dbfffff
5655,8825045101fffff
5656,882506a027fffff
5657,8825068911fffff
5658,8825069601fffff
5659,8825060703fffff
5660,882504463bfffff
5661,8825069099fffff
5662,882506b547fffff
5663,8825044a89fffff
5664,88250610adfffff
5665,882506072bfffff
5666,8825068935fffff
5667,88250472a5fffff
5668,8825312da9fffff
5669,882506d6abfffff
5670,8825044f27fffff
5671,8825045951fffff
5672,8825061545fffff
5673,882506a049fffff
5674,882506d683fffff
5675,88250685d9fffff
5676,882506119dfffff
5677,8825068ce7fffff
5678,88250441d3fffff
5679,8825068597fffff
5680,882506baedfffff
5681,8825068c6dfffff
5682,88250449d1fffff
5683,882506d75bfffff
5684,882506c663fffff
5685,882506a235fffff
5686,88250694c5fffff
5687,882506d749fffff
5688,882506961bfffff
5689,8825068db7fffff
5690,8825061669fffff
5691,882506066dfffff
5692,8825069525fffff
5693,882506d601fffff
5694,882531248dfffff
5695,8825061725fffff
5696,8825069883fffff
5697,8825068331fffff
5698,8825068c63fffff
5699,88250699ebfffff
5700,882506b353fffff
5701,8825044a1dfffff
5702,88250446a9fffff
5703,882506904bfffff
5704,8825068f3bfffff
5705,8825061587fffff
5706,88250446edfffff
5707,8825060305fffff
5708,88250695dbfffff
5709,8825068c4bfffff
5710,8825045905fffff
5711,882506d687fffff
5712,882506d0b7fffff
5713,8825068e51fffff
5714,8825068f5bfffff
5715,88250442ebfffff
5716,88253121b3fffff
5717,8825047003fffff
5718,8825312505fffff
5719,88250449e1fffff
5720,8825069029fffff
5721,88250694c1fffff
5722,882506960dfffff
5723,882506c2c9fffff
5724,8825060627fffff
5725,8825061095fffff
5726,882506b727fffff
5727,8825061061fffff
5728,88250441c7fffff
5729,882506a007fffff
5730,8825061065fffff
5731,882506a289fffff
5732,8825060709fffff
5733,8825068e6dfffff
5734,882504499bfffff
5735,88250695e9fffff
5736,8825044911fffff
5737,8825044f6bfffff
5738,8825068ab3fffff
5739,8825061429fffff
5740,8825312d21fffff
5741,8825060363fffff
5742,8825068ab1fffff
5743,8825061543fffff
5744,8825316cd3fffff
5745,88250615b1fffff
5746,882506172dfffff
5747,88253124abfffff
5748,8825068991fffff
5749,882506d463fffff
5750,88250696edfffff
5751,882506c061fffff
5752,8825069957fffff
5753,8825045529fffff
5754,8825045a07fffff
5755,88250691adfffff
5756,8825312417fffff
5757,8825044f19fffff
5758,882506b153fffff
5759,8825060259fffff
5760,88253121d9fffff
5761,882506b211fffff
5762,88253125cbfffff
5763,8825061239fffff
5764,882504406bfffff
5765,88250440d9fffff
5766,88250458abfffff
5767,8825047315fffff
5768,8825047045fffff
5769,882506b465fffff
5770,882506bac3fffff
5771,88250602ddfffff
5772,88250615abfffff
5773,88250602b9fffff
5774,8825044c05fffff
5775,88250602ebfffff
5776,8825068151fffff
5777,8825061a5bfffff
5778,882531215dfffff
5779,8825069997fffff
5780,8825044d41fffff
5781,8825044f5dfffff
5782,8825061a11fffff
5783,8825061231fffff
5784,8825316ca5fffff
5785,88250691c7fffff
5786,88250442d9fffff
5787,88253125abfffff
5788,882506d189fffff
5789,882506b0ebfffff
5790,8825068a27fffff
5791,88250690b1fffff
5792,8825068da1fffff
5793,8825061751fffff
5794,882504714bfffff
5795,88250612b5fffff
5796,882506a2d1fffff
5797,8825312899fffff
5798,8825045ae5fffff
5799,8825061733fffff
5800,88250691c9fffff
5801,8825045735fffff
5802,8825069a9dfffff
5803,8825312cc7fffff
5804,882506956bfffff
5805,882506c495fffff
5806,8825044c65fffff
5807,882506b1cbfffff
5808,88250612d7fffff
5809,8825312ec9fffff
5810,8825044123fffff
5811,882506c34bfffff
5812,88250458d1fffff
5813,882504424bfffff
5814,8825044615fffff
5815,882506b29bfffff
5816,8825069101fffff
5817,882506b18dfffff
5818,882506a1c7fffff
5819,882506b193fffff
5820,882506b623fffff
5821,8825312e55fffff
5822,88250686b1fffff
5823,8825044addfffff
5824,882506d76dfffff
5825,8825069483fffff
5826,8825312d53fffff
5827,882504482bfffff
5828,8825068087fffff
5829,8825044da7fffff
5830,8825068457fffff
5831,88250680ebfffff
5832,8825044b4dfffff
5833,88250409adfffff
5834,8825068f5dfffff
5835,8825044255fffff
5836,882506b61dfffff
5837,8825044ab3fffff
5838,8825069459fffff
5839,8825061295fffff
5840,8825068a51fffff
5841,882506c2abfffff
5842,88250684d9fffff
5843,882506b267fffff
5844,882506d291fffff
5845,882506b557fffff
5846,88250695abfffff
5847,8825045a53fffff
5848,882504436dfffff
5849,88250448a9fffff
5850,882506b63bfffff
5851,8825069841fffff
5852,882506d619fffff
5853,88250448e9fffff
5854,8825069441fffff
5855,8825312eedfffff
5856,8825068b45fffff
5857,88250696cbfffff
5858,8825068a9bfffff
5859,882506136bfffff
5860,8825068111fffff
5861,8825312553fffff
5862,8825312e65fffff
5863,8825312dd1fffff
5864,8825312a81fffff
5865,8825312461fffff
5866,88250699d5fffff
5867,882506c63dfffff
5868,8825068a57fffff
5869,8825068485fffff
5870,882506c74bfffff
5871,8825068715fffff
5872,88250444bbfffff
5873,8825044f21fffff
5874,882506d645fffff
5875,8825044549fffff
5876,8825312c31fffff
5877,8825044353fffff
5878,882506b221fffff
5879,882506b843fffff
5880,882506d6ebfffff
5881,882531209dfffff
5882,8825069929fffff
5883,882506864dfffff
5884,882506b02bfffff
5885,8825068a53fffff
5886,882506d451fffff
5887,88250690ebfffff
5888,882506a217fffff
5889,882506bb4bfffff
5890,882506b1c9fffff
5891,88250615c5fffff
5892,8825044121fffff
5893,88250688dbfffff
5894,8825045821fffff
5895,88250610e7fffff
5896,8825068d67fffff
5897,882506a1c1fffff
5898,8825068043fffff
5899,882506d0c7fffff
5900,882506826dfffff
5901,8825312087fffff
5902,88253125bbfffff
5903,882504733dfffff
5904,882506a00dfffff
5905,882506915dfffff
5906,882506b51bfffff
5907,8825069169fffff
5908,8825069a67fffff
5909,882506c6bbfffff
5910,88250694abfffff
5911,8825068301fffff
5912,8825069931fffff
5913,882506982bfffff
5914,8825045b5dfffff
5915,8825312e2bfffff
5916,88250446ddfffff
5917,882504461dfffff
5918,882506d66bfffff
5919,8825060213fffff
5920,8825312f03fffff
5921,8825045a93fffff
5922,882506d49bfffff
5923,8825044a59fffff
5924,8825068d4dfffff
5925,882506b59bfffff
5926,882506c60dfffff
5927,8825069621fffff
5928,88250408a5fffff
5929,88250692d5fffff
5930,8825061539fffff
5931,8825061ab9fffff
5932,882506b53dfffff
5933,8825068e1dfffff
5934,882506a069fffff
5935,8825044191fffff
5936,882506b0e1fffff
5937,88250699cdfffff
5938,882506a261fffff
5939,8825044021fffff
5940,88250409e9fffff
5941,8825068429fffff
5942,88250455e5fffff
5943,88250691c5fffff
5944,88250691a1fffff
5945,882506b5ebfffff
5946,8825061027fffff
5947,8825044603fffff
5948,8825312d5dfffff
5949,8825045aa7fffff
5950,882506b5e5fffff
5951,882504730bfffff
5952,882506892dfffff
5953,88250451b3fffff
5954,8825312c01fffff
5955,88250441cdfffff
5956,882506ba0bfffff
5957,8825068b07fffff
5958,8825068809fffff
5959,88250694d5fffff
5960,8825069709fffff
5961,882506830dfffff
5962,882506828dfffff
5963,8825044e63fffff
5964,8825069007fffff
5965,88250448e1fffff
5966,8825069643fffff
5967,882506d4b3fffff
5968,8825069107fffff
5969,8825312db9fffff
5970,8825316dbdfffff
5971,882506b5ddfffff
5972,882506854bfffff
5973,8825068853fffff
5974,8825068029fffff
5975,8825044167fffff
5976,8825069addfffff
5977,8825069937fffff
5978,882506d1d5fffff
5979,88250689d3fffff
5980,8825044329fffff
5981,882506113bfffff
5982,882506a285fffff
5983,88253120e7fffff
5984,882506c695fffff
5985,882506950dfffff
5986,8825044493fffff
5987,8825312cb7fffff
5988,8825068a69fffff
5989,88250442a3fffff
5990,8825068901fffff
5991,88250449cdfffff
5992,8825068487fffff
5993,8825045ac9fffff
5994,88250441b9fffff
5995,8825312187fffff
5996,88250698e3fffff
5997,88250681c9fffff
5998,8825061091fffff
5999,8825069453fffff
6000,8825069825fffff
6001,882506d6d1fffff
6002,8825312ea3fffff
6003,8825047035fffff
6004,882506c631fffff
6005,8825044ac3fffff
6006,8825044f35fffff
6007,88250441e9fffff
6008,882506d51dfffff
6009,8825069715fffff
6010,8825068565fffff
6011,8825061553fffff
6012,88250441e5fffff
6013,8825312455fffff
6014,88250448e3fffff
6015,882504414dfffff
6016,88250695e7fffff
6017,8825312325fffff
6018,882506d6cdfffff
6019,8825061a85fffff
6020,8825061011fffff
6021,8825044d35fffff
6022,882506b50bfffff
6023,8825044da9fffff
6024,882506885dfffff
6025,882506c4d5fffff
6026,8825044d97fffff
6027,882506c2ebfffff
6028,8825069449fffff
6029,8825045a65fffff
6030,8825069181fffff
6031,882506b703fffff
6032,8825045843fffff
6033,882506b129fffff
6034,8825044905fffff
6035,8825044b39fffff
6036,88250682e7fffff
6037,882506b543fffff
6038,882504410bfffff
6039,88250602d5fffff
6040,882506d517fffff
6041,88250686ddfffff
6042,882506b1e5fffff
6043,882506a219fffff
6044,882506d5b3fffff
6045,882506d725fffff
6046,8825044003fffff
6047,8825068435fffff
6048,88250446c7fffff
6049,8825061289fffff
6050,8825312e63fffff
6051,8825312ebbfffff
6052,882506b053fffff
6053,8825044b5dfffff
6054,88250699dbfffff
6055,88250686e5fffff
6056,882506ba97fffff
6057,8825045901fffff
6058,882506970bfffff
6059,882506999bfffff
6060,882506b121fffff
6061,8825068605fffff
6062,882506959dfffff
6063,8825312183fffff
6064,8825061315fffff
6065,882506a2d9fffff
6066,882506b105fffff
6067,882506c4d9fffff
6068,8825068665fffff
6069,8825044dabfffff
6070,8825044869fffff
6071,8825312ccdfffff
6072,882506c281fffff
6073,882506c641fffff
6074,882506a05dfffff
6075,88250612cbfffff
6076,88250409e7fffff
6077,8825312cebfffff
6078,88250448bdfffff
6079,88250684a9fffff
6080,88253128ebfffff
6081,8825061abdfffff
6082,88250695edfffff
6083,8825044c1dfffff
6084,8825068607fffff
6085,8825068601fffff
6086,8825068a41fffff
6087,882506a067fffff
6088,882504430dfffff
6089,882506d5a5fffff
6090,8825069497fffff
6091,8825069803fffff
6092,882506c6abfffff
6093,8825312f59fffff
6094,88250698b1fffff
6095,88250690edfffff
6096,882506ba99fffff
6097,8825068585fffff
6098,882506146bfffff
6099,882506942dfffff
6100,8825044043fffff
6101,882506b1e7fffff
6102,8825068f1dfffff
6103,8825044acdfffff
6104,8825061a53fffff
6105,8825312d47fffff
6106,88250615b5fffff
6107,8825068595fffff
6108,882506101dfffff
6109,8825068f37fffff
6110,8825047069fffff
6111,88250448a1fffff
6112,882506b433fffff
6113,88250455b5fffff
6114,8825044217fffff
6115,882506c2c1fffff
6116,8825069697fffff
6117,8825044b53fffff
6118,8825044e07fffff
6119,8825069649fffff
6120,8825044ddbfffff
6121,8825068049fffff
6122,882506d6b1fffff
6123,8825044a95fffff
6124,882506baa7fffff
6125,8825061731fffff
6126,882506112dfffff
6127,8825068517fffff
6128,882506b567fffff
6129,8825312e97fffff
6130,8825068291fffff
6131,882506876dfffff
6132,8825061307fffff
6133,8825044721fffff
6134,882506c651fffff
6135,882506a2adfffff
6136,882506d6c9fffff
6137,882506c31bfffff
6138,882506c30bfffff
6139,8825068c8bfffff
6140,8825069739fffff
6141,8825312427fffff
6142,8825068d29fffff
6143,8825312e8bfffff
6144,8825069b2bfffff
6145,88250694ebfffff
6146,8825045b01fffff
6147,882506914bfffff
6148,8825312e57fffff
6149,882506874bfffff
6150,88250449a1fffff
6151,8825044629fffff
6152,88250681b3fffff
6153,8825061241fffff
6154,88250440e1fffff
6155,8825060303fffff
6156,882506d183fffff
6157,882506b81dfffff
6158,8825061233fffff
6159,88250602c3fffff
6160,882506998bfffff
6161,88253120a1fffff
6162,88250695bdfffff
6163,8825069939fffff
6164,882506c203fffff
6165,882506d0a3fffff
6166,882506c311fffff
6167,8825044c27fffff
6168,882506b15dfffff
6169,8825044005fffff
6170,8825069605fffff
6171,8825061221fffff
6172,882531252bfffff
6173,882506d6c3fffff
6174,8825312f39fffff
6175,88250612a5fffff
6176,88250689c5fffff
6177,88250602e9fffff
6178,8825044481fffff
6179,88250611d5fffff
6180,882506893bfffff
6181,882506d709fffff
6182,88250448b9fffff
6183,8825312da1fffff
6184,882506020bfffff
6185,882506931bfffff
6186,882506921bfffff
6187,8825068b2bfffff
6188,8825044a33fffff
6189,882506d409fffff
6190,8825312c07fffff
6191,8825069907fffff
6192,882506ba09fffff
6193,8825069ab1fffff
6194,882506b087fffff
6195,882506a009fffff
6196,88250686edfffff
6197,8825061667fffff
6198,882504480bfffff
6199,8825061021fffff
6200,882506a267fffff
6201,882506d759fffff
6202,88250440c5fffff
6203,882506d09dfffff
6204,88250680c3fffff
6205,8825044e51fffff
6206,8825312c41fffff
6207,882506b2a9fffff
6208,882506b199fffff
6209,88250472abfffff
6210,882506d481fffff
6211,882506b75dfffff
6212,8825061509fffff
6213,882506bad1fffff
6214,8825044805fffff
6215,8825069581fffff
6216,8825069981fffff
6217,8825061709fffff
6218,88250615bbfffff
6219,882506a21bfffff
6220,8825069043fffff
6221,8825068085fffff
6222,882506d71dfffff
6223,88250409b1fffff
6224,8825312153fffff
6225,88253125a7fffff
6226,882506b509fffff
6227,8825069b0dfffff
6228,88250442d3fffff
6229,882506866bfffff
6230,8825316d85fffff
6231,882504516bfffff
6232,882506a2c5fffff
6233,8825044a23fffff
6234,8825045aa1fffff
6235,8825312f15fffff
6236,882504413bfffff
6237,882506d4d5fffff
6238,882506c755fffff
6239,8825044f69fffff
6240,8825061349fffff
6241,882506d0d5fffff
6242,882506d525fffff
6243,882506b1d5fffff
6244,882506b297fffff
6245,8825044f07fffff
6246,88250442bdfffff
6247,8825045b2dfffff
6248,882506855bfffff
6249,8825068a45fffff
6250,8825312dbbfffff
6251,8825044a37fffff
6252,8825045723fffff
6253,8825312513fffff
6254,8825069aebfffff
6255,88250692c1fffff
6256,8825045845fffff
6257,88253124b7fffff
6258,8825068b1bfffff
6259,882506811bfffff
6260,8825044929fffff
6261,8825069703fffff
6262,882506a221fffff
6263,882506d4adfffff
6264,882506a245fffff
6265,88253120adfffff
6266,8825312d87fffff
6267,882506d55dfffff
6268,8825044891fffff
6269,882506b803fffff
6270,882506c483fffff
6271,88250682e1fffff
6272,8825044261fffff
6273,8825068f29fffff
6274,882506d1a1fffff
6275,882506b0edfffff
6276,8825061769fffff
6277,8825068251fffff
6278,8825068d45fffff
6279,8825069a15fffff
6280,8825044243fffff
6281,8825068289fffff
6282,8825061103fffff
6283,8825045855fffff
6284,882506c317fffff
6285,882506d5bbfffff
6286,882506846dfffff
6287,88250610d5fffff
6288,8825068e4bfffff
6289,8825044de5fffff
6290,8825068f35fffff
6291,8825068e45fffff
6292,882506c21dfffff
6293,88250450b3fffff
6294,8825060257fffff
6295,8825069aa9fffff
6296,8825068949fffff
6297,882506d085fffff
6298,882506b1cdfffff
6299,8825068c17fffff
6300,8825068745fffff
6301,88250688d3fffff
6302,88250440adfffff
6303,882506c35dfffff
6304,88250610d1fffff
6305,8825044567fffff
6306,88250618c9fffff
6307,882506944dfffff
6308,882506ba4dfffff
6309,882506a351fffff
6310,88250455abfffff
6311,882506968bfffff
6312,8825069455fffff
6313,8825044843fffff
6314,8825312ee7fffff
6315,882506ba8bfffff
6316,882506b769fffff
6317,882506b463fffff
6318,8825045aadfffff
6319,8825061341fffff
6320,882506d4d1fffff
6321,882506104bfffff
6322,88250458e3fffff
6323,882504474bfffff
6324,88253124e9fffff
6325,8825313aa7fffff
6326,8825044769fffff
6327,8825312363fffff
6328,882506b1e1fffff
6329,882531251dfffff
6330,88250698a1fffff
6331,8825060211fffff
6332,8825068985fffff
6333,882506b1c3fffff
6334,882506d6e9fffff
6335,8825061005fffff
6336,882506b06bfffff
6337,8825069a03fffff
6338,8825068197fffff
6339,88250696b3fffff
6340,882531281dfffff
6341,8825069095fffff
6342,8825047319fffff
6343,8825061301fffff
6344,882506a26dfffff
6345,88250689b3fffff
6346,88250685edfffff
6347,88250448cdfffff
6348,88250692cdfffff
6349,882506825bfffff
6350,88250448bbfffff
6351,8825068365fffff
6352,882506a029fffff
6353,882506908bfffff
6354,882506d4c9fffff
6355,8825068b15fffff
6356,8825044893fffff
6357,8825044a21fffff
6358,882506b1a7fffff
6359,882506d5bdfffff
6360,8825061261fffff
6361,88250444b5fffff
6362,8825312cdbfffff
6363,88250444d7fffff
6364,882506004bfffff
6365,8825312dc5fffff
6366,8825045a9bfffff
6367,8825045135fffff
6368,8825045815fffff
6369,882506b841fffff
6370,882506b339fffff
6371,8825069683fffff
6372,88250449c1fffff
6373,8825045927fffff
6374,8825060343fffff
6375,882506d495fffff
6376,8825312731fffff
6377,8825044611fffff
6378,882506d1dbfffff
6379,8825069941fffff
6380,8825068ad1fffff
6381,882506d523fffff
6382,8825060207fffff
6383,882506b19dfffff
6384,8825069863fffff
6385,88250451a1fffff
6386,882506992bfffff
6387,88250698a7fffff
6388,8825047355fffff
6389,8825061153fffff
6390,882506c621fffff
6391,882506b461fffff
6392,8825068293fffff
6393,882506b183fffff
6394,882506d713fffff
6395,8825045097fffff
6396,882506b2e3fffff
6397,8825045b3dfffff
6398,8825060055fffff
6399,8825068c1dfffff
6400,882506d441fffff
6401,882504554dfffff
6402,8825061131fffff
6403,8825068ea5fffff
6404,88250618d9fffff
6405,8825044833fffff
6406,8825044249fffff
6407,8825044749fffff
6408,882506b243fffff
6409,88250409a7fffff
6410,8825068f69fffff
6411,8825068ad3fffff
6412,8825068347fffff
6413,88253128e9fffff
6414,88250444abfffff
6415,88250615e1fffff
6416,882506100dfffff
6417,882506d627fffff
6418,8825068e8dfffff
6419,8825047225fffff
6420,8825047059fffff
6421,882506a24dfffff
6422,882506b755fffff
6423,88253121abfffff
6424,882506baa1fffff
6425,882506c493fffff
6426,8825044449fffff
6427,882506b00bfffff
6428,8825044da3fffff
6429,8825044c4dfffff
6430,88250690dbfffff
6431,8825045a31fffff
6432,882506d455fffff
6433,8825061143fffff
6434,88250440c3fffff
6435,88250449edfffff
6436,8825045b5bfffff
6437,882506b06dfffff
6438,882506ba23fffff
6439,8825068d0dfffff
6440,8825068185fffff
6441,882506a317fffff
6442,8825061a57fffff
6443,882531218dfffff
6444,8825069b11fffff
6445,882506b30dfffff
6446,8825069a33fffff
6447,8825044d3bfffff
6448,8825045427fffff
6449,8825060051fffff
6450,8825069a2bfffff
6451,8825312853fffff
6452,8825068045fffff
6453,8825044b51fffff
6454,8825312893fffff
6455,8825312f6bfffff
6456,8825044851fffff
6457,8825068d49fffff
6458,8825312ebdfffff
6459,8825069499fffff
6460,88250444bdfffff
6461,88250694ddfffff
6462,882506b263fffff
6463,8825312531fffff
6464,8825312c0dfffff
6465,88253121c5fffff
6466,8825061a97fffff
6467,8825069b53fffff
6468,882506a2a5fffff
6469,8825312da3fffff
6470,88250610cdfffff
6471,882506833bfffff
6472,8825060261fffff
6473,882506a2a7fffff
6474,8825044f2bfffff
6475,882506b247fffff
6476,8825061039fffff
6477,882506d6cbfffff
6478,882506919dfffff
6479,8825068053fffff
6480,882506a307fffff
6481,882506d6b7fffff
6482,8825068615fffff
6483,88250692d1fffff
6484,8825068e4dfffff
6485,8825069759fffff
6486,882504588bfffff
6487,88250694d7fffff
6488,8825068b29fffff
6489,8825069163fffff
6490,882506964bfffff
6491,8825312d81fffff
6492,882506d663fffff
6493,882506a043fffff
6494,8825060359fffff
6495,882506d729fffff
6496,8825069861fffff
6497,8825060291fffff
6498,8825044183fffff
6499,8825068f6bfffff
6500,88250694dbfffff
6501,8825312081fffff
6502,882504495bfffff
6503,882504486bfffff
6504,88250459d3fffff
6505,8825316c9dfffff
6506,8825312f49fffff
6507,8825044ee7fffff
6508,8825044361fffff
6509,88250685e7fffff
6510,882506b2a5fffff
6511,882506d41bfffff
6512,88250686ebfffff
6513,882506c6c3fffff
6514,882506b70dfffff
6515,882506bb03fffff
6516,88250688c1fffff
6517,8825312e07fffff
6518,8825045acdfffff
6519,88250455e1fffff
6520,8825044147fffff
6521,8825312f51fffff
6522,882506b80bfffff
6523,882506b611fffff
6524,882506d487fffff
6525,882506b341fffff
6526,8825068a6dfffff
6527,8825068367fffff
6528,8825044307fffff
6529,88253121e5fffff
6530,8825061463fffff
6531,882506b5d7fffff
6532,882506b84bfffff
6533,882506b327fffff
6534,8825312c21fffff
6535,8825044695fffff
6536,882504716bfffff
6537,8825045027fffff
6538,8825068681fffff
6539,8825068dedfffff
6540,88250695d3fffff
6541,8825068d87fffff
6542,882506d6e1fffff
6543,8825044e35fffff
6544,88250448c1fffff
6545,8825061245fffff
6546,882506a2e5fffff
6547,882531258bfffff
6548,882506025dfffff
6549,88253125a3fffff
6550,8825044669fffff
6551,8825068ac7fffff
6552,882504512dfffff
6553,8825068b49fffff
6554,8825045ad9fffff
6555,882506d657fffff
6556,8825045ab5fffff
6557,882506896bfffff
6558,882506d0a1fffff
6559,882506963dfffff
6560,882504589dfffff
6561,882506d5cbfffff
6562,88250696a3fffff
6563,88250602b1fffff
6564,882506c657fffff
6565,882506b329fffff
6566,882506b745fffff
6567,8825068523fffff
6568,882506a2c7fffff
6569,8825061729fffff
6570,8825061ac1fffff
6571,8825044315fffff
6572,8825069a31fffff
6573,8825068ce5fffff
6574,8825044963fffff
6575,8825069b3dfffff
6576,88250699abfffff
6577,8825316c91fffff
6578,882506b0d7fffff
6579,88250695ebfffff
6580,88250684edfffff
6581,8825044d05fffff
6582,8825044225fffff
6583,8825312ee9fffff
6584,88250451c7fffff
6585,8825045b17fffff
6586,8825312d91fffff
6587,88250458e1fffff
6588,882531273dfffff
6589,8825045985fffff
6590,8825068909fffff
6591,88250696d3fffff
6592,882506b08dfffff
6593,8825045813fffff
6594,8825044e25fffff
6595,8825068849fffff
6596,8825061761fffff
6597,882504476bfffff
6598,882531285bfffff
6599,882506c75dfffff
6600,8825061043fffff
6601,8825069041fffff
6602,8825312f53fffff
6603,882506c219fffff
6604,882506890dfffff
6605,8825044dadfffff
6606,88253124e7fffff
6607,8825045555fffff
6608,88250680e1fffff
6609,8825061229fffff
6610,8825068c47fffff
6611,882506992dfffff
6612,882506862dfffff
6613,8825068459fffff
6614,88250458ebfffff
6615,8825069559fffff
6616,8825045b61fffff
6617,882506ba03fffff
6618,8825312cd3fffff
6619,882506b5cbfffff
6620,8825068d2bfffff
6621,8825044619fffff
6622,88253120e1fffff
6623,8825044d31fffff
6624,88250699b3fffff
6625,882506d5d5fffff
6626,882504706bfffff
6627,882506b32dfffff
6628,8825044b6dfffff
6629,882506b081fffff
6630,882506c01dfffff
6631,88250602e5fffff
6632,8825044a5bfffff
6633,8825045b67fffff
6634,882506029dfffff
6635,8825312569fffff
6636,8825044921fffff
6637,8825044087fffff
6638,8825061665fffff
6639,8825047323fffff
6640,88250448dbfffff
6641,8825312a83fffff
6642,882504510dfffff
6643,882506953dfffff
6644,882506d193fffff
6645,882506b76dfffff
6646,8825068dc3fffff
6647,8825044263fffff
6648,882506b069fffff
6649,882506b43bfffff
6650,88250602cdfffff
6651,882506d1e3fffff
6652,882504496dfffff
6653,88253125e9fffff
6654,88250696e9fffff
6655,8825044047fffff
6656,88253128bdfffff
6657,8825316cb5fffff
6658,88250448a5fffff
6659,8825044311fffff
6660,8825061291fffff
6661,882506b091fffff
6662,8825068e33fffff
6663,8825061053fffff
6664,8825068a17fffff
6665,8825068733fffff
6666,882506160dfffff
6667,88250472a7fffff
6668,8825068521fffff
6669,882506990dfffff
6670,882506d747fffff
6671,8825068a29fffff
6672,88250698b7fffff
6673,882506858bfffff
6674,88250690b9fffff
6675,8825044aa9fffff
6676,882506816dfffff
6677,882506b63dfffff
6678,882506d549fffff
6679,8825044337fffff
6680,882506969bfffff
6681,882506830bfffff
6682,8825312d13fffff
6683,88250448d1fffff
6684,8825044681fffff
6685,882504735dfffff
6686,882506d6c1fffff
6687,88250696cdfffff
6688,8825069115fffff
6689,8825061309fffff
6690,882506d61bfffff
6691,8825044735fffff
6692,882504489dfffff
6693,882506d6dbfffff
6694,8825045939fffff
6695,882506b759fffff
6696,8825060049fffff
6697,882506b2adfffff
6698,882506bb21fffff
6699,882506b859fffff
6700,88250692d7fffff
6701,882506b533fffff
6702,882506c765fffff
6703,8825069867fffff
6704,882506b049fffff
6705,88250446b3fffff
6706,8825044237fffff
6707,882506b5e9fffff
6708,8825312883fffff
6709,882506861dfffff
6710,8825060205fffff
6711,882506969dfffff
6712,882506175dfffff
6713,882506b237fffff
6714,8825068ebbfffff
6715,882506d699fffff
6716,8825312f5dfffff
6717,882506c6e1fffff
6718,88250451ddfffff
6719,882531256dfffff
6720,8825316dd7fffff
6721,882504580bfffff
6722,8825044335fffff
6723,882506b2b9fffff
6724,8825312d41fffff
6725,882531259dfffff
6726,882506d589fffff
6727,882506c75bfffff
6728,882506933bfffff
6729,88250449ebfffff
6730,8825068281fffff
6731,8825068083fffff
6732,8825061469fffff
6733,882506b011fffff
6734,882506c617fffff
6735,8825060223fffff
6736,8825068047fffff
6737,882506c459fffff
6738,8825068425fffff
6739,8825044305fffff
6740,88250602a1fffff
6741,882506a2abfffff
6742,882506940bfffff
6743,8825044b01fffff
6744,88250684adfffff
6745,8825044363fffff
6746,882506906bfffff
6747,8825068c53fffff
6748,8825069a1bfffff
6749,8825044499fffff
6750,882504732dfffff
6751,8825044045fffff
6752,8825068ed3fffff
6753,882506b809fffff
6754,882506853dfffff
6755,882506d093fffff
6756,882506b305fffff
6757,8825069901fffff
6758,882504595dfffff
6759,8825061ae9fffff
6760,8825068413fffff
6761,88250459b1fffff
6762,882506d403fffff
6763,882531289bfffff
6764,8825061555fffff
6765,8825061363fffff
6766,88253125a5fffff
6767,882506b235fffff
6768,8825069b0bfffff
6769,882506bb69fffff
6770,8825312307fffff
6771,882506b0a7fffff
6772,88250682e9fffff
6773,8825047141fffff
6774,8825045a99fffff
6775,8825044229fffff
6776,882506b401fffff
6777,8825044107fffff
6778,8825045aa3fffff
6779,8825061325fffff
6780,88250694b7fffff
6781,8825069905fffff
6782,8825312aa1fffff
6783,8825312c3dfffff
6784,8825312c0bfffff
6785,8825312501fffff
6786,8825044163fffff
6787,8825044e43fffff
6788,88250610a5fffff
6789,88250691b5fffff
6790,882506d497fffff
6791,8825044b05fffff
6792,8825069753fffff
6793,8825069a21fffff
6794,8825061123fffff
6795,882506b665fffff
6796,88250611cbfffff
6797,88253120a7fffff
6798,8825040939fffff
6799,8825312cd5fffff
6800,882506b0c7fffff
6801,88253125bdfffff
6802,8825060011fffff
6803,8825068a59fffff
6804,8825061183fffff
6805,8825045123fffff
6806,882506d6adfffff
6807,882506c6dbfffff
6808,882506b5d5fffff
6809,8825312f2bfffff
6810,882506b181fffff
6811,88250692b3fffff
6812,882506b1a3fffff
6813,88250440d7fffff
6814,8825044999fffff
6815,8825044c23fffff
6816,88250449adfffff
6817,882506876bfffff
6818,8825044197fffff
6819,88250458c5fffff
6820,882506c241fffff
6821,8825061361fffff
6822,882506d1d9fffff
6823,882506d59bfffff
6824,8825312f41fffff
6825,8825312ae7fffff
6826,8825068349fffff
6827,8825312485fffff
6828,882504486dfffff
6829,8825060719fffff
6830,8825068023fffff
6831,88253121c9fffff
6832,8825068b11fffff
6833,8825044dbbfffff
6834,882506d567fffff
6835,8825068c25fffff
6836,882506d597fffff
6837,8825045b57fffff
6838,8825312199fffff
6839,8825060701fffff
6840,882506d425fffff
6841,8825312aa3fffff
6842,8825069a37fffff
6843,8825061109fffff
6844,882504731bfffff
6845,882531203dfffff
6846,882506a25bfffff
6847,8825044dc3fffff
6848,8825061205fffff
6849,88250681d1fffff
6850,8825060041fffff
6851,882506d4dbfffff
6852,882506c207fffff
6853,8825047031fffff
6854,882506913bfffff
6855,8825045515fffff
6856,88250684ebfffff
6857,88250698bbfffff
6858,88253124a1fffff
6859,882506ba43fffff
6860,8825061019fffff
6861,8825068a89fffff
6862,8825068d53fffff
6863,882506b113fffff
6864,8825069833fffff
6865,88250610d9fffff
6866,88250684c5fffff
6867,882506b355fffff
6868,8825312023fffff
6869,88250610b9fffff
6870,8825316eb3fffff
6871,8825045849fffff
6872,8825068ecdfffff
6873,88250686d7fffff
6874,8825316db1fffff
6875,8825060007fffff
6876,8825068555fffff
6877,8825312595fffff
6878,882506b619fffff
6879,88250689a1fffff
6880,882506b46bfffff
6881,8825044d87fffff
6882,8825068855fffff
6883,882506ba41fffff
6884,882506ba0dfffff
6885,88250610dbfffff
6886,8825045807fffff
6887,8825044033fffff
6888,882506d461fffff
6889,882506b8d1fffff
6890,882506b0abfffff
6891,8825312de7fffff
6892,882504404bfffff
6893,8825061253fffff
6894,882506bae7fffff
6895,882506b2ebfffff
6896,882506d739fffff
6897,8825061aebfffff
6898,882506d691fffff
6899,8825045961fffff
6900,88250610e3fffff
6901,882506d695fffff
6902,8825044013fffff
6903,8825068c19fffff
6904,882506983bfffff
6905,8825068d3dfffff
6906,882506b14dfffff
6907,8825068325fffff
6908,8825068241fffff
6909,88250440bbfffff
6910,8825312e95fffff
6911,8825312141fffff
6912,8825068b6dfffff
6913,88250696c7fffff
6914,882506123dfffff
6915,8825312e69fffff
6916,8825045967fffff
6917,8825047345fffff
6918,882506ba29fffff
6919,8825068cd7fffff
6920,8825068d23fffff
6921,8825068961fffff
6922,882506d5a3fffff
6923,8825044257fffff
6924,882506941bfffff
6925,8825068a85fffff
6926,8825069005fffff
6927,882506071dfffff
6928,8825068815fffff
6929,882506a04dfffff
6930,8825045b23fffff
6931,8825312f43fffff
6932,8825068a55fffff
6933,8825069a81fffff
6934,88253128ddfffff
6935,8825068063fffff
6936,88250688b1fffff
6937,882506831bfffff
6938,882506c265fffff
6939,8825068767fffff
6940,882504496bfffff
6941,882506a309fffff
6942,882506174bfffff
6943,8825040991fffff
6944,882506c6e7fffff
6945,8825068937fffff
6946,882506b609fffff
6947,882506991bfffff
6948,882506070dfffff
6949,8825069701fffff
6950,8825068a47fffff
6951,882506b5c9fffff
6952,8825061121fffff
6953,882506849dfffff
6954,882506c69bfffff
6955,8825312e0dfffff
6956,8825068e99fffff
6957,8825069593fffff
6958,8825312881fffff
6959,8825069915fffff
6960,8825312ec5fffff
6961,8825069013fffff
6962,88250611d3fffff
6963,882506b303fffff
6964,8825068c41fffff
6965,8825069583fffff
6966,882506d503fffff
6967,882504583dfffff
6968,88250440a1fffff
6969,88250694bdfffff
6970,8825068199fffff
6971,882506b8d5fffff
6972,882506d1e9fffff
6973,882506155dfffff
6974,882504550bfffff
6975,8825068f23fffff
6976,882506d72dfffff
6977,8825068531fffff
6978,8825045b33fffff
6979,88253121b9fffff
6980,882506961dfffff
6981,8825068137fffff
6982,882506d429fffff
6983,88250440e3fffff
6984,882506844dfffff
6985,8825068acdfffff
6986,882506ba45fffff
6987,882506b09dfffff
6988,8825068d91fffff
6989,882506d4bdfffff
6990,8825045145fffff
6991,882506173bfffff
6992,882506906dfffff
6993,882506b801fffff
6994,882504433bfffff
6995,8825312c6dfffff
6996,882506c6edfffff
6997,8825069165fffff
6998,8825069087fffff
6999,8825045a67fffff
7000,882506036dfffff
7001,8825069045fffff
7002,88250458c9fffff
7003,882506d727fffff
7004,88250688c5fffff
7005,882506d4e7fffff
7006,882506076dfffff
7007,882506b729fffff
7008,882506b107fffff
7009,8825312525fffff
7010,882506b36dfffff
7011,8825312ed9fffff
7012,882506125bfffff
7013,882504581dfffff
7014,8825068055fffff
7015,8825068501fffff
7016,8825312511fffff
7017,8825312c97fffff
7018,8825069665fffff
7019,8825069735fffff
7020,8825068f0dfffff
7021,8825061009fffff
7022,8825044a81fffff
7023,88253120d7fffff
7024,882506965bfffff
7025,8825045811fffff
7026,88250451b9fffff
7027,88250698e1fffff
7028,8825068b09fffff
7029,8825069ae1fffff
7030,8825069947fffff
7031,8825045a97fffff
7032,882504702dfffff
7033,882506b647fffff
7034,8825045b59fffff
7035,882506883bfffff
7036,8825312aadfffff
7037,8825061719fffff
7038,8825061715fffff
7039,88250688e9fffff
7040,882506c039fffff
7041,8825068f4dfffff
7042,88250699adfffff
7043,8825060369fffff
7044,8825069127fffff
7045,88250441d1fffff
7046,882506b409fffff
7047,8825068ccbfffff
7048,8825044e1dfffff
7049,8825068203fffff
7050,88250696c3fffff
7051,8825061ab5fffff
7052,88250699d1fffff
7053,88250459e7fffff
7054,88253125edfffff
7055,882504599dfffff
7056,882506a06bfffff
7057,8825068f17fffff
7058,8825061ab3fffff
7059,8825044327fffff
7060,88250458e9fffff
7061,8825068d05fffff
7062,8825069aedfffff
7063,8825068edbfffff
7064,8825045569fffff
7065,88250694b3fffff
7066,882506811dfffff
7067,8825069815fffff
7068,8825312e87fffff
7069,882506119bfffff
7070,88250684ddfffff
7071,88250459e1fffff
7072,882506d437fffff
7073,8825069887fffff
7074,88250449b7fffff
7075,882506b137fffff
7076,88250446d9fffff
7077,882506c65dfffff
7078,882504409dfffff
7079,882506d4d7fffff
7080,88250446cbfffff
7081,882506c309fffff
7082,882506a30dfffff
7083,8825068255fffff
7084,8825068f19fffff
7085,8825069447fffff
7086,882506875dfffff
7087,8825312ee1fffff
7088,88250688e7fffff
7089,882506d5a1fffff
7090,8825044965fffff
7091,882506d087fffff
7092,8825061029fffff
7093,8825040907fffff
7094,88253121bbfffff
7095,882506c761fffff
7096,8825044091fffff
7097,88250610c5fffff
7098,88253128c5fffff
7099,882506b607fffff
7100,8825061531fffff
7101,8825068dd9fffff
7102,8825069409fffff
7103,8825068481fffff
7104,8825044623fffff
7105,882506898bfffff
7106,882506166bfffff
7107,882506a2e7fffff
7108,88250615e5fffff
7109,882506b227fffff
7110,8825044ae9fffff
7111,88250692bdfffff
7112,88250690ddfffff
7113,882506bb01fffff
7114,8825061115fffff
7115,8825045a35fffff
7116,882506a053fffff
7117,8825044f17fffff
7118,882506d0a9fffff
7119,8825044009fffff
7120,8825312d57fffff
7121,8825316d8bfffff
7122,8825312d4dfffff
7123,8825044203fffff
7124,88250680b5fffff
7125,8825068ae7fffff
7126,8825069047fffff
7127,8825060753fffff
7128,8825044d61fffff
7129,882506028bfffff
7130,8825044923fffff
7131,8825069611fffff
7132,882504483dfffff
7133,88250455a7fffff
7134,8825068811fffff
7135,8825068d8bfffff
7136,88250459adfffff
7137,882506c069fffff
7138,882506d1b7fffff
7139,882506c6e5fffff
7140,88250602c1fffff
7141,882506b723fffff
7142,882531232bfffff
7143,882506901bfffff
7144,8825044b3bfffff
7145,882506b581fffff
7146,882506d489fffff
7147,88250612e9fffff
7148,882506854dfffff
7149,8825068705fffff
7150,88250442b9fffff
7151,8825044049fffff
7152,88250688adfffff
7153,8825312543fffff
7154,882504469bfffff
7155,8825044e5dfffff
7156,88253120e3fffff
7157,8825044697fffff
7158,882506b757fffff
7159,8825045999fffff
7160,882506831dfffff
7161,882506b405fffff
7162,8825068513fffff
7163,8825312037fffff
7164,88250682c3fffff
7165,88250688bbfffff
7166,8825068929fffff
7167,882506ba6dfffff
7168,882506981bfffff
7169,882506c221fffff
7170,8825312d09fffff
7171,882531254bfffff
7172,8825312e1dfffff
7173,882506b0cdfffff
7174,882506859dfffff
7175,882506bb39fffff
7176,882531230dfffff
7177,882506d715fffff
7178,882506d483fffff
7179,882506b517fffff
7180,882506c625fffff
7181,88250458a1fffff
7182,8825045147fffff
7183,8825061711fffff
7184,8825060227fffff
7185,882506910bfffff
7186,8825061acdfffff
7187,88250695a9fffff
7188,8825068c69fffff
7189,882506859bfffff
7190,88250451c3fffff
7191,8825044969fffff
7192,8825044dbdfffff
7193,8825068931fffff
7194,8825068ed9fffff
7195,8825069a5bfffff
7196,882506d56bfffff
7197,8825044aadfffff
7198,882506909dfffff
7199,8825045a57fffff
7200,8825069011fffff
7201,8825312c61fffff
7202,882506b083fffff
7203,8825044a8dfffff
7204,88250694c9fffff
7205,8825061193fffff
7206,882506c6a3fffff
7207,8825061757fffff
7208,8825069145fffff
7209,8825068d15fffff
7210,882506d08bfffff
7211,8825069b23fffff
7212,8825312ea9fffff
7213,88250442a9fffff
7214,88250688b7fffff
7215,8825045187fffff
7216,8825061297fffff
7217,88253121e7fffff
7218,88250682adfffff
7219,882506a1cbfffff
7220,88253128abfffff
7221,8825312157fffff
7222,882506988bfffff
7223,8825312da5fffff
7224,88250689b1fffff
7225,8825312c55fffff
7226,8825068c0dfffff
7227,8825068e07fffff
7228,882504513dfffff
7229,88250695cbfffff
7230,882506074dfffff
7231,8825068209fffff
7232,882506820dfffff
7233,8825069637fffff
7234,8825068303fffff
7235,8825069919fffff
7236,8825044909fffff
7237,8825044b5bfffff
7238,88250455a3fffff
7239,8825068723fffff
7240,88250691a7fffff
7241,88250682edfffff
7242,882506b34bfffff
7243,882506d605fffff
7244,88250686e3fffff
7245,88250685bbfffff
7246,8825068e81fffff
7247,8825044915fffff
7248,8825069613fffff
7249,882506b219fffff
7250,8825061515fffff
7251,882506004dfffff
7252,882506b2c3fffff
7253,8825047265fffff
7254,8825044441fffff
7255,882531272bfffff
7256,8825060705fffff
7257,882506b449fffff
7258,8825068445fffff
7259,8825068539fffff
7260,8825069635fffff
7261,8825068f53fffff
7262,8825044d13fffff
7263,88250686c5fffff
7264,88250689a5fffff
7265,882506b157fffff
7266,8825068537fffff
7267,882506b53bfffff
7268,88250696c1fffff
7269,882506c619fffff
7270,8825044865fffff
7271,8825044b3dfffff
7272,88250448d3fffff
7273,882506c4b3fffff
7274,8825316c95fffff
7275,8825060757fffff
7276,882506bae9fffff
7277,8825061ac3fffff
7278,8825068001fffff
7279,8825068439fffff
7280,8825068095fffff
7281,8825068893fffff
7282,8825040983fffff
7283,88250682a7fffff
7284,882506c601fffff
7285,88253124bbfffff
7286,88250455b3fffff
7287,88250459d9fffff
7288,882506d493fffff
7289,88250694c7fffff
7290,8825044d19fffff
7291,8825069555fffff
7292,882506bb5dfffff
7293,882504733bfffff
7294,882504423bfffff
7295,882506d519fffff
7296,8825068183fffff
7297,8825044e53fffff
7298,8825069651fffff
7299,882506a28dfffff
7300,8825045ae9fffff
7301,8825068dd3fffff
7302,88250692ddfffff
7303,88250684bdfffff
7304,8825068d37fffff
7305,882506972dfffff
7306,88250699e9fffff
7307,8825044c25fffff
7308,8825312d31fffff
7309,8825045b03fffff
7310,8825044699fffff
7311,88250602a7fffff
7312,8825312335fffff
7313,8825313a87fffff
7314,8825068159fffff
7315,88250450e7fffff
7316,8825068225fffff
7317,8825312c37fffff
7318,882506d6b5fffff
7319,88250455a9fffff
7320,88250689b5fffff
7321,882506843dfffff
7322,88250690a9fffff
7323,882506c6b3fffff
7324,8825312cd7fffff
7325,8825045b15fffff
7326,8825045a13fffff
7327,88250448ddfffff
7328,8825312e5dfffff
7329,882506151dfffff
7330,882506ba13fffff
7331,882506b5d9fffff
7332,88250450b1fffff
7333,8825061133fffff
7334,88253125cdfffff
7335,8825045b1dfffff
7336,882506b541fffff
7337,8825044e65fffff
7338,882506b427fffff
7339,8825312457fffff
7340,882506162dfffff
7341,8825312f11fffff
7342,88250440cdfffff
7343,8825068d27fffff
7344,882504431dfffff
7345,88250689c3fffff
7346,8825312855fffff
7347,8825044b29fffff
7348,88250694e1fffff
7349,882506131bfffff
7350,882506d5ebfffff
7351,88253121bdfffff
7352,88253125ddfffff
7353,8825068e61fffff
7354,8825068141fffff
7355,8825068b55fffff
7356,8825044083fffff
7357,8825040981fffff
7358,882506c665fffff
7359,882506d721fffff
7360,8825060301fffff
7361,882506ba8dfffff
7362,882506b109fffff
7363,88250686b7fffff
7364,882506172bfffff
7365,8825068db3fffff
7366,882504474dfffff
7367,882504418dfffff
7368,88250695adfffff
