,geohash
0,88178b164bfffff
1,8816a51969fffff
2,8816a57165fffff
3,8816a558b5fffff
4,8816a512c1fffff
5,88178b0441fffff
6,88178bba51fffff
7,8816a0a72bfffff
8,8816a0b66bfffff
9,88161650b5fffff
10,8816a5425bfffff
11,881616cb29fffff
12,8816a01501fffff
13,88178b800dfffff
14,88178b733dfffff
15,8816a59195fffff
16,8816165839fffff
17,881616db33fffff
18,8816a5736bfffff
19,8816a00425fffff
20,8816a50e27fffff
21,8816a5b51dfffff
22,8816a5d129fffff
23,881616db5bfffff
24,881616452dfffff
25,8816a5d8c3fffff
26,88178baa09fffff
27,8816a0a089fffff
28,8816a5d987fffff
29,88178b8727fffff
30,8816a58a03fffff
31,8816a0b53dfffff
32,8816a5c18bfffff
33,88178b8199fffff
34,88178b7719fffff
35,8816165925fffff
36,88178ba50bfffff
37,88178949a3fffff
38,8816164d2dfffff
39,8816a58e6bfffff
40,8816a0b729fffff
41,8816a08c47fffff
42,8816a5c439fffff
43,88178b6d69fffff
44,88178ba0d5fffff
45,8816a5ce9bfffff
46,88178b14e9fffff
47,88178b8db7fffff
48,8816a0a725fffff
49,8816a578b7fffff
50,8816a5c847fffff
51,88178ba849fffff
52,8816a0a027fffff
53,88178b64e1fffff
54,8816a084a7fffff
55,88178b7357fffff
56,8816a515c3fffff
57,88178b68edfffff
58,8816a54355fffff
59,88178b2087fffff
60,8816a57169fffff
61,8816a5834bfffff
62,88178b1087fffff
63,8816a545e9fffff
64,8816a5c9a7fffff
65,881616530dfffff
66,8816a590d5fffff
67,8816a08ed7fffff
68,8816a5b0b7fffff
69,88178b72b9fffff
70,8816a5b1a7fffff
71,8816a51081fffff
72,8816a57245fffff
73,8816a50763fffff
74,8816a50c53fffff
75,88178b3527fffff
76,8816a50891fffff
77,88178b8d05fffff
78,8816a5b2b3fffff
79,8816a5d6b9fffff
80,8816a0bb17fffff
81,8816a5164bfffff
82,8816a5c9a1fffff
83,88178948d7fffff
84,8816a50737fffff
85,88178979ddfffff
86,8816a5d767fffff
87,88178b8755fffff
88,8816164f4bfffff
89,8816a578e7fffff
90,8816a5baadfffff
91,8816a5d581fffff
92,8816a51a51fffff
93,88178ba5a5fffff
94,88178b72e5fffff
95,8816a5809bfffff
96,8816a5a293fffff
97,88178b162dfffff
98,8816a08659fffff
99,8816a55551fffff
100,8816a084a9fffff
101,8816a50097fffff
102,8816a5099bfffff
103,8816a551e9fffff
104,8816a50845fffff
105,88178b8705fffff
106,8817894d09fffff
107,88178b7043fffff
108,8816a0bb43fffff
109,8816164017fffff
110,8816a0b861fffff
111,88178bac61fffff
112,8816a5c5e7fffff
113,8816a54241fffff
114,8816a096a7fffff
115,88178b2e83fffff
116,8816a51959fffff
117,8816a0844bfffff
118,8816164183fffff
119,8816a5d8e3fffff
120,8816a54283fffff
121,88178b2485fffff
122,8816a5c6a3fffff
123,8816a59847fffff
124,8816a59651fffff
125,8816a0a191fffff
126,8816a58cc7fffff
127,88178b22b3fffff
128,8816a5d0d3fffff
129,88161650e7fffff
130,8816a54f03fffff
131,8816a50301fffff
132,8817894817fffff
133,8816a549d3fffff
134,88178bba89fffff
135,8816a56b31fffff
136,8816a55343fffff
137,8816a0053dfffff
138,8816a5c26dfffff
139,8816a08531fffff
140,88178b8f43fffff
141,8816a55067fffff
142,8816a0336dfffff
143,8816a5c2bdfffff
144,88178b1023fffff
145,8816a425c7fffff
146,88178b3407fffff
147,88178ba95dfffff
148,8816a51501fffff
149,88178bb987fffff
150,8816a5c613fffff
151,88178ba2ddfffff
152,88178b81b7fffff
153,8816a59325fffff
154,88178b2137fffff
155,8816a579bdfffff
156,88178b3409fffff
157,8816a0b965fffff
158,8816a51b69fffff
159,8816a5d697fffff
160,88178b2333fffff
161,8816a5180bfffff
162,8816a55aedfffff
163,88178b29b3fffff
164,8816a5da81fffff
165,8816164943fffff
166,88178bab55fffff
167,8816a5d351fffff
168,8816a08509fffff
169,8816a0b941fffff
170,8816a51adbfffff
171,8816a5b499fffff
172,8816a5d4abfffff
173,8816a54063fffff
174,88178bad25fffff
175,88178b1405fffff
176,88178b2ee1fffff
177,8816a58dd1fffff
178,88178b293bfffff
179,88178ba58bfffff
180,88178b2623fffff
181,88178b35ddfffff
182,8816a5b245fffff
183,88178b668dfffff
184,8816a5c21bfffff
185,88178b8005fffff
186,88178b8eb7fffff
187,88178b7455fffff
188,8816a54613fffff
189,88161640e3fffff
190,88178b699dfffff
191,8816a519c9fffff
192,8816a54ab7fffff
193,8816164229fffff
194,88178b0899fffff
195,88178b0ed3fffff
196,88178b2541fffff
197,88178b9431fffff
198,8816a58a81fffff
199,88178ba247fffff
200,8816a5a1b7fffff
201,88178b11e3fffff
202,88178bab53fffff
203,88178b7a9bfffff
204,8816a59867fffff
205,88178b8f4dfffff
206,88178b0031fffff
207,8816a5a215fffff
208,88161652a7fffff
209,88178b2e51fffff
210,88178ba48bfffff
211,8816a501e7fffff
212,88178b66ddfffff
213,8816a5711bfffff
214,8816a5529dfffff
215,88178b8d2bfffff
216,88178b2305fffff
217,88178b30cdfffff
218,8816a594e3fffff
219,8816a571c9fffff
220,88178ba4d5fffff
221,8816a58721fffff
222,8816a5a143fffff
223,88178b0dbdfffff
224,88178b7011fffff
225,8816a5c033fffff
226,8816a58989fffff
227,8816a5c8c3fffff
228,8816a586d3fffff
229,8816a0a2b7fffff
230,88178b7669fffff
231,8816a58939fffff
232,8816164747fffff
233,881616428bfffff
234,8816a0a159fffff
235,8816a512cdfffff
236,8816a5d6a3fffff
237,8816a54eedfffff
238,88178b22b9fffff
239,881616532bfffff
240,8816a571b9fffff
241,8816a585d3fffff
242,88178b855dfffff
243,8816a57adbfffff
244,8816164019fffff
245,8816a56a63fffff
246,88178ba297fffff
247,8816a5870bfffff
248,8816a0b09bfffff
249,8816a55a81fffff
250,88178b065dfffff
251,88178b2533fffff
252,88178b8899fffff
253,88178b29e7fffff
254,8816a5175bfffff
255,88178b6481fffff
256,88178b7735fffff
257,8816a55925fffff
258,881616d957fffff
259,88178b030bfffff
260,88178b3997fffff
261,88178bb043fffff
262,8816a0b69dfffff
263,8816a54093fffff
264,88178b6ed9fffff
265,88178b36b3fffff
266,8816a5cf61fffff
267,88178b20d5fffff
268,8816164c93fffff
269,8816a01589fffff
270,8816a57a29fffff
271,88178b6d67fffff
272,88178b1241fffff
273,8816a5d13dfffff
274,8816a596ebfffff
275,88178b6ad9fffff
276,8816a5d495fffff
277,8816a59b05fffff
278,88178b389dfffff
279,88178b8f25fffff
280,8816a5828dfffff
281,8816a59513fffff
282,88178bb1edfffff
283,8816a005abfffff
284,88178b76b3fffff
285,8816a5d569fffff
286,8816a55747fffff
287,88178b8593fffff
288,8816a0aa19fffff
289,8816a5c593fffff
290,881789795bfffff
291,88178949ddfffff
292,8816a59735fffff
293,8816a08439fffff
294,8816a0b567fffff
295,8816a55095fffff
296,8816a5b435fffff
297,8816a50ad1fffff
298,88178b6549fffff
299,881616552dfffff
300,8816a5cc9bfffff
301,8816a5ab1dfffff
302,88178b8a99fffff
303,8817894f3bfffff
304,88178b2925fffff
305,8816a5d997fffff
306,8816a50a13fffff
307,8816a50067fffff
308,88178b634bfffff
309,88178b69b7fffff
310,88161659ebfffff
311,88178b85e7fffff
312,88178ba32bfffff
313,88178b8745fffff
314,88178b01d1fffff
315,8816a50815fffff
316,8816a59b63fffff
317,8816a54819fffff
318,8816164111fffff
319,88178b846bfffff
320,8816a5ab13fffff
321,88178baadbfffff
322,88178b8dc5fffff
323,8816a58007fffff
324,8816a5b65dfffff
325,88178b333dfffff
326,88178bb265fffff
327,8816a59a47fffff
328,8816a51205fffff
329,88161641a3fffff
330,88178b071dfffff
331,88161651b7fffff
332,88178b2257fffff
333,88178b6055fffff
334,88178b6ea1fffff
335,8816a5165bfffff
336,8816a502bbfffff
337,8816a0b1c9fffff
338,8816164953fffff
339,88178b6d59fffff
340,881616d909fffff
341,881616516dfffff
342,8816a5a765fffff
343,8816a5cdd5fffff
344,88178bbb59fffff
345,8816a085a1fffff
346,8816a01653fffff
347,88178b21c9fffff
348,8816a552cdfffff
349,88178b74b9fffff
350,8816a5800dfffff
351,8816a0b89dfffff
352,8816a080ddfffff
353,8816a54407fffff
354,8816a50623fffff
355,8816a5795bfffff
356,8816a5d2a9fffff
357,8816a50b31fffff
358,88178ba951fffff
359,8816a5d10bfffff
360,8816a5ba4dfffff
361,8816a0b9e1fffff
362,88178b6ab7fffff
363,8816a0ab4bfffff
364,8816a0b205fffff
365,8816a5b1d5fffff
366,88178b22a7fffff
367,88178b2d09fffff
368,88178b0251fffff
369,8816a57ad5fffff
370,8816a55aa5fffff
371,8816a57853fffff
372,88178bbb3bfffff
373,8816a0a1adfffff
374,88178b0d61fffff
375,8816a0a705fffff
376,88178b6d21fffff
377,8816164167fffff
378,8816a08ca3fffff
379,88178bb497fffff
380,8816a5ce4dfffff
381,8816a0869bfffff
382,88161648b3fffff
383,88178b0ab7fffff
384,88178b2431fffff
385,8816a51963fffff
386,881616cb35fffff
387,8816a590d9fffff
388,8816165143fffff
389,8816a5b701fffff
390,8816a5b651fffff
391,8816a50843fffff
392,8817894ce7fffff
393,8816a556a5fffff
394,88178bb297fffff
395,8816a0ab25fffff
396,8816a5d883fffff
397,8816a5043bfffff
398,8816a58f3dfffff
399,8816a0ae4dfffff
400,8816a5b5c9fffff
401,8816a01711fffff
402,88178b3613fffff
403,8816a5411dfffff
404,8816a555a1fffff
405,88178b0105fffff
406,8816a086b3fffff
407,8816a5a1a7fffff
408,8816a0a021fffff
409,8816a5b367fffff
410,88178bb665fffff
411,8816164aa5fffff
412,881616d927fffff
413,88178b6207fffff
414,8816a5a0cdfffff
415,8816a5cc1bfffff
416,88178b3731fffff
417,88178b24ddfffff
418,8816a58b4bfffff
419,8816164ccdfffff
420,8816a599d9fffff
421,88178bab03fffff
422,88178b08c3fffff
423,88178b312dfffff
424,8816a58aebfffff
425,88178b34b5fffff
426,8816a55a51fffff
427,8816a54705fffff
428,8816164d61fffff
429,8816a0b1e1fffff
430,8816a54ccdfffff
431,8816a5c689fffff
432,88178b2593fffff
433,8816a5a093fffff
434,8816a50f3bfffff
435,8816a5a819fffff
436,8816a54a43fffff
437,8816a57341fffff
438,8816a0b2b5fffff
439,8816a5b453fffff
440,8816a014a1fffff
441,8816a57343fffff
442,8816a0b9c1fffff
443,8816a511b3fffff
444,8816a541e5fffff
445,8816a59569fffff
446,8816a0b1a5fffff
447,8816164a41fffff
448,88178b0d53fffff
449,8816a54621fffff
450,88178b6c57fffff
451,88178b3949fffff
452,8816a5b1c9fffff
453,88178b7697fffff
454,8816a08ec5fffff
455,8816a54645fffff
456,8816a50903fffff
457,88178b0451fffff
458,88178bb959fffff
459,88178b8e17fffff
460,88178b7107fffff
461,88178ba1a1fffff
462,8816a5a213fffff
463,8816a0b233fffff
464,88178b7229fffff
465,88178ba8c5fffff
466,8816a424edfffff
467,88178ba633fffff
468,8816a5445dfffff
469,8816a55a1bfffff
470,88161679c5fffff
471,8816a0a261fffff
472,8816a5c2a5fffff
473,8816a542cdfffff
474,8817897957fffff
475,8816a0863bfffff
476,8816a55a01fffff
477,8816a58b65fffff
478,8816a58533fffff
479,88178b10c7fffff
480,88178949d7fffff
481,8816a5ca11fffff
482,8816165b49fffff
483,8816a5024bfffff
484,88178b852dfffff
485,88178b6c1bfffff
486,8816a5d44bfffff
487,8816165a3bfffff
488,8816a0b1adfffff
489,8816a54b11fffff
490,8816a425ddfffff
491,8816a58299fffff
492,8816a588adfffff
493,8816a582e7fffff
494,8816a58f0bfffff
495,8816164259fffff
496,88178b11a9fffff
497,8816a5b147fffff
498,88178bbad7fffff
499,8816a59067fffff
500,88178baac9fffff
501,8816165001fffff
502,8816a086cdfffff
503,88178b6561fffff
504,881616791bfffff
505,88178b7abbfffff
506,8816a4245bfffff
507,88178b61c1fffff
508,8816a5d523fffff
509,8816a094a1fffff
510,8816164243fffff
511,88178bb96dfffff
512,88178b3045fffff
513,8816a50831fffff
514,8816a559e9fffff
515,8817894c93fffff
516,88178b2e1dfffff
517,8816a5aa85fffff
518,88178b232dfffff
519,88178ba863fffff
520,88178b2203fffff
521,88178b8599fffff
522,88178b3a35fffff
523,88178b0e6dfffff
524,8816167941fffff
525,8816a0aabbfffff
526,88178b8211fffff
527,88178b3161fffff
528,8816a5468bfffff
529,88178bacd9fffff
530,88178bbb53fffff
531,8816165937fffff
532,88178b8c55fffff
533,8816a5a107fffff
534,8816a56321fffff
535,88178b0365fffff
536,8816a5bb3bfffff
537,88178b85b5fffff
538,8816a5c4e5fffff
539,8816a58415fffff
540,88178bb683fffff
541,8816a54c19fffff
542,8816a59655fffff
543,88178b30bbfffff
544,88178b761bfffff
545,88178b8583fffff
546,8816a5084dfffff
547,88178ba88bfffff
548,8816a0ba37fffff
549,8816a5c831fffff
550,8816165833fffff
551,881616d9ebfffff
552,8816a005b9fffff
553,88178ba667fffff
554,8816164809fffff
555,88178b385dfffff
556,88178b8f17fffff
557,8816a579ddfffff
558,88178b15e3fffff
559,8816a08757fffff
560,8816a5d1b1fffff
561,8816a5c4edfffff
562,8816a51353fffff
563,88178ba647fffff
564,8816a5ab01fffff
565,881616583dfffff
566,8816a5540bfffff
567,88178b705bfffff
568,8816a579c5fffff
569,88178b2cc7fffff
570,88178bae35fffff
571,88178b29a7fffff
572,88178b2983fffff
573,8816a0b6a7fffff
574,88178b266bfffff
575,8816a5d4a3fffff
576,88178b394dfffff
577,88178bbb63fffff
578,88178b69cdfffff
579,8816a5d29bfffff
580,8816a551ebfffff
581,88178b2a4bfffff
582,8816a54105fffff
583,8816a546e3fffff
584,88178bba35fffff
585,8816164f35fffff
586,88178baf0dfffff
587,88178b0521fffff
588,8816a5ce8bfffff
589,88178bb883fffff
590,8816a5908dfffff
591,88178b0983fffff
592,88178b949dfffff
593,88178b29edfffff
594,88178b0543fffff
595,88178b0c59fffff
596,88178b8263fffff
597,88178b20cbfffff
598,88178bb757fffff
599,8816a5b8d3fffff
600,88178b7569fffff
601,8816164139fffff
602,8816a5c401fffff
603,88178b3939fffff
604,88178bb65dfffff
605,88178bb867fffff
606,8816a5cf19fffff
607,881616c947fffff
608,88178b6e47fffff
609,8817894db5fffff
610,8816a0b40dfffff
611,8816a5d56dfffff
612,8816a5416bfffff
613,8816164e6dfffff
614,8816a5c719fffff
615,8816a50d2dfffff
616,88178b2c07fffff
617,8816165051fffff
618,88178b313bfffff
619,8816a0a2bdfffff
620,88178b06c1fffff
621,88178ba263fffff
622,88178ba251fffff
623,8816a51b53fffff
624,8816a5489bfffff
625,88161679a7fffff
626,8816a57a55fffff
627,8816a51713fffff
628,88178bba01fffff
629,8816a5ce9dfffff
630,88178b0533fffff
631,8816a5cc51fffff
632,8816a5cf6dfffff
633,88178b62abfffff
634,88178b3a45fffff
635,8817896b43fffff
636,88178b280dfffff
637,8816a50e09fffff
638,88178b65d3fffff
639,8816165063fffff
640,8816a50169fffff
641,8816a0bab1fffff
642,8816a01097fffff
643,8816a5bb6dfffff
644,8816a54cc5fffff
645,8816a5614dfffff
646,8816a5c891fffff
647,88178bacc9fffff
648,8816a5d69dfffff
649,8816a5a769fffff
650,88178b26ddfffff
651,88161642c7fffff
652,8816a58481fffff
653,88178979a1fffff
654,88178b314bfffff
655,88178bb49bfffff
656,881616420dfffff
657,88178b30dbfffff
658,88178b7557fffff
659,8816a5c0a5fffff
660,8816165507fffff
661,8816a5ab51fffff
662,8816a58903fffff
663,8816a0b709fffff
664,8816a5ced5fffff
665,8816a5536bfffff
666,88178b6149fffff
667,8816a5da8dfffff
668,88178b05dbfffff
669,8816a511dbfffff
670,8816a0a19bfffff
671,8816a544ddfffff
672,88178b0509fffff
673,88178b711dfffff
674,88178b12edfffff
675,8816a08c9bfffff
676,8817894cb5fffff
677,88178b2ebdfffff
678,88178baeebfffff
679,88178b6409fffff
680,88178b009bfffff
681,8816a5ce05fffff
682,88178b086bfffff
683,8816a0b03dfffff
684,88178b46dbfffff
685,88178b666dfffff
686,8816a5d733fffff
687,88178bb025fffff
688,88178b31a7fffff
689,8816a5d623fffff
690,8816a50ac9fffff
691,88178b02a1fffff
692,8816a0b487fffff
693,8816164335fffff
694,8816a57a01fffff
695,88161640d9fffff
696,8816a5b5bdfffff
697,88178b8487fffff
698,8816165b5dfffff
699,8816a0b85bfffff
700,8816a5bb39fffff
701,8816a5a92bfffff
702,8816a085c3fffff
703,8816a0b763fffff
704,88178b7303fffff
705,88178b85ebfffff
706,88178b2919fffff
707,88178b0ca3fffff
708,8816164e25fffff
709,8816a0aab9fffff
710,8816a58a57fffff
711,8816a00e19fffff
712,8816a0b2d1fffff
713,8816a5cca1fffff
714,88178b64dbfffff
715,8816a59abbfffff
716,8816165093fffff
717,88178b2e95fffff
718,88178b3941fffff
719,88178b7313fffff
720,8816a55303fffff
721,88178b6507fffff
722,8816167957fffff
723,88178bb4ddfffff
724,88178949b5fffff
725,8816a51b3bfffff
726,8816a5bb29fffff
727,8816a5b20bfffff
728,88178b6427fffff
729,8816164b13fffff
730,88178badd9fffff
731,8816a5d295fffff
732,88178b2ed7fffff
733,88178bb0e9fffff
734,8816a5cc6dfffff
735,8816a5c239fffff
736,8816a50a85fffff
737,8816a0b991fffff
738,8816a514a9fffff
739,8816a50ee5fffff
740,8816a095bbfffff
741,88178b15b1fffff
742,8816a5a18dfffff
743,88178b08c7fffff
744,8816a50b29fffff
745,88178b6497fffff
746,88178b3043fffff
747,88178b2e89fffff
748,8816a57a51fffff
749,8816a58813fffff
750,8816165a81fffff
751,8816a54e1bfffff
752,88178bac69fffff
753,8816164087fffff
754,8816a58e93fffff
755,8816a545dbfffff
756,8816a0b185fffff
757,8816a54c07fffff
758,8816a598dbfffff
759,8816a550abfffff
760,88178b64bbfffff
761,88178b8565fffff
762,8816a0aa4dfffff
763,88178b0eb7fffff
764,8816a56947fffff
765,88178948a9fffff
766,8816a57b1dfffff
767,8816a5864bfffff
768,8816a590c5fffff
769,8816a55469fffff
770,88178b3b21fffff
771,88178b360dfffff
772,8816a0b841fffff
773,8816a58157fffff
774,88178b0a89fffff
775,8816164547fffff
776,8816a5ce97fffff
777,88178b31c9fffff
778,8816a54565fffff
779,88178bb249fffff
780,8816a579e5fffff
781,8816a085a9fffff
782,8816a55153fffff
783,8816a58ad3fffff
784,88178b2ae5fffff
785,8816a59669fffff
786,88178b3acbfffff
787,88178b2443fffff
788,8816a595c3fffff
789,8816a00421fffff
790,8816a0af61fffff
791,8816a57225fffff
792,8816a5d30dfffff
793,8816a5998bfffff
794,88178b1459fffff
795,8816a426a7fffff
796,8816164d15fffff
797,88178b20a7fffff
798,8816a080a1fffff
799,88178bb133fffff
800,8816a5b733fffff
801,8816a004a5fffff
802,8816a5475dfffff
803,8816a50c09fffff
804,8816165237fffff
805,88178b824bfffff
806,8816a5a0bbfffff
807,88178b2d91fffff
808,8816a0bacdfffff
809,8816a0a299fffff
810,88178b7ab7fffff
811,8816a5d355fffff
812,881789786dfffff
813,8816a58809fffff
814,88178bb735fffff
815,8816a5d2edfffff
816,8816a5ceb3fffff
817,88178b6595fffff
818,88178b3199fffff
819,8816a58ca9fffff
820,88161645c7fffff
821,8816a5c1b5fffff
822,88178b0093fffff
823,8816a5b725fffff
824,88178b844dfffff
825,8816a51a63fffff
826,88178ba141fffff
827,8816a59891fffff
828,881616d86bfffff
829,8816a5965dfffff
830,88178b0c65fffff
831,88178b0e23fffff
832,88178b3201fffff
833,8816a0a2a9fffff
834,88178b3b07fffff
835,8816164debfffff
836,8816a5d58dfffff
837,8816a0b4d7fffff
838,88178b3803fffff
839,8816a5b013fffff
840,8816a0aa55fffff
841,8816a0b6a5fffff
842,88178b0009fffff
843,88178b2095fffff
844,8816a5d585fffff
845,88178b2265fffff
846,8816164933fffff
847,8816a084c9fffff
848,8816a5d731fffff
849,8816a51063fffff
850,88178b21d9fffff
851,88178b0c29fffff
852,8816a5a323fffff
853,88178b1045fffff
854,8816a5cd6dfffff
855,88178b62d1fffff
856,88178b334dfffff
857,88178b3253fffff
858,88178bba2bfffff
859,88178b94e7fffff
860,8816a57883fffff
861,8816a59417fffff
862,88178b3a3dfffff
863,88161650d9fffff
864,8816a5561bfffff
865,88178b2c4bfffff
866,8816a50ac3fffff
867,8816a55281fffff
868,8816a55b05fffff
869,8816a55323fffff
870,8816a0b523fffff
871,88178b3a4dfffff
872,8816a5a1dbfffff
873,8816a5c36dfffff
874,8816a55463fffff
875,88178b6ce5fffff
876,8816a5413bfffff
877,88178b0997fffff
878,8816a5cc43fffff
879,8816a0b6edfffff
880,88178ba323fffff
881,8816a5909dfffff
882,88178ba8a9fffff
883,88178b3525fffff
884,8816a5132dfffff
885,8816a554a1fffff
886,8816a0b9c7fffff
887,8816a55843fffff
888,88178b86a7fffff
889,881616d869fffff
890,8816a59091fffff
891,88178b84a9fffff
892,8816a0ae01fffff
893,88178b0257fffff
894,8816a5828bfffff
895,88178b94b3fffff
896,8816a588edfffff
897,88178b7465fffff
898,88178bb31dfffff
899,88178b24edfffff
900,8816a5c2d9fffff
901,8816a54811fffff
902,88178b0611fffff
903,88178b2da5fffff
904,8816a5b1dbfffff
905,881616d9adfffff
906,8816a509cbfffff
907,8816a0b8a3fffff
908,8816a016b7fffff
909,8816a5d8bdfffff
910,8816165a13fffff
911,88178b6341fffff
912,8816a50007fffff
913,8817896ac9fffff
914,8816a580c3fffff
915,88178ba963fffff
916,88178b165bfffff
917,8816a004a1fffff
918,88178b3041fffff
919,88178b3a53fffff
920,8816a5cca5fffff
921,8816a5cc1dfffff
922,8816a5181dfffff
923,8816a08ea9fffff
924,8816164ae9fffff
925,88178b3831fffff
926,88178b0a95fffff
927,8816a5504bfffff
928,8816a596e3fffff
929,88178b2217fffff
930,8816a54e4dfffff
931,8816a09587fffff
932,88178b201bfffff
933,8816a0b34bfffff
934,88178b7487fffff
935,8816165817fffff
936,8816a0ab09fffff
937,88178b6317fffff
938,8816164f43fffff
939,8816a5d43dfffff
940,8816a50553fffff
941,88178bb5dbfffff
942,8816a5a21dfffff
943,8816a502a9fffff
944,8816a5d651fffff
945,8816a5c915fffff
946,8816a54aa7fffff
947,8816a51b57fffff
948,8816a5474bfffff
949,8816a58151fffff
950,8816a57109fffff
951,8816a56b27fffff
952,8816a5720bfffff
953,8816a571ebfffff
954,8816a59991fffff
955,8816a5ce19fffff
956,8816a5631bfffff
957,8816a59739fffff
958,88178ba02dfffff
959,88178b6d03fffff
960,8816a55829fffff
961,8816a006b9fffff
962,88178b8dabfffff
963,8816a42455fffff
964,88178b3439fffff
965,88178b1691fffff
966,8816a5b043fffff
967,8816a5541dfffff
968,88178b9089fffff
969,8816a0b333fffff
970,8816a54e11fffff
971,8816a5b515fffff
972,8816a51005fffff
973,8816a5b1b1fffff
974,8816a552e9fffff
975,8816a58119fffff
976,88178b8615fffff
977,881616433dfffff
978,88161645ddfffff
979,88178b9585fffff
980,88161659d9fffff
981,8816a57257fffff
982,8816a50441fffff
983,8816164511fffff
984,8816a50343fffff
985,8816a555cbfffff
986,8816a59ae9fffff
987,8816a5aa93fffff
988,8816a0a721fffff
989,8816a4a691fffff
990,8816a588e1fffff
991,8816a0b817fffff
992,88178b0719fffff
993,8816a5cc05fffff
994,8816a58031fffff
995,8816a5421dfffff
996,8816a5430bfffff
997,8816a08559fffff
998,8816a54123fffff
999,8816164cadfffff
1000,8816a556adfffff
1001,8817896905fffff
1002,8816a5b5b1fffff
1003,8816a58089fffff
1004,88178b1735fffff
1005,8816164e43fffff
1006,8816a5b5a1fffff
1007,8816a5b45bfffff
1008,8816a5ccd7fffff
1009,8816a51525fffff
1010,8816a5d305fffff
1011,88178badb9fffff
1012,8816a54e47fffff
1013,8816a5cb0dfffff
1014,8816a5428dfffff
1015,88178b6849fffff
1016,8816a5d5e7fffff
1017,88178b315bfffff
1018,8816a50825fffff
1019,8816a0b5c5fffff
1020,881616419bfffff
1021,8816a08569fffff
1022,8816a5d1d3fffff
1023,88161659c3fffff
1024,881616584bfffff
1025,8816a0a815fffff
1026,88178b1421fffff
1027,88178b0745fffff
1028,88178b2d11fffff
1029,881616c937fffff
1030,8816a51767fffff
1031,88178b2c3dfffff
1032,8816a578d9fffff
1033,8816a595cbfffff
1034,8816a5b297fffff
1035,8816a5cabdfffff
1036,88178bb743fffff
1037,88178b62dbfffff
1038,88178ba8b5fffff
1039,8816a54325fffff
1040,8816a58437fffff
1041,8816a59323fffff
1042,88178b06a7fffff
1043,8816164a27fffff
1044,88178b2e9dfffff
1045,8816a59239fffff
1046,88178b3339fffff
1047,8816a5798dfffff
1048,8816a5cd3bfffff
1049,8816a5002dfffff
1050,8816a0a81bfffff
1051,8816a5bb01fffff
1052,8816a0a643fffff
1053,8816a0a767fffff
1054,8816a58dabfffff
1055,8816a50ab5fffff
1056,8816a5ab4bfffff
1057,8816a5ceb9fffff
1058,8816a5da15fffff
1059,88178b6f27fffff
1060,8816a56265fffff
1061,88161679ebfffff
1062,88178b2645fffff
1063,88178b0191fffff
1064,8816a591b9fffff
1065,8816a51a17fffff
1066,88178b7361fffff
1067,8816a08e4bfffff
1068,88178b1489fffff
1069,8816a5aa47fffff
1070,8816164343fffff
1071,8816165341fffff
1072,8816a519a5fffff
1073,88178ba2bbfffff
1074,8816a50043fffff
1075,8816a0b083fffff
1076,88178b86ebfffff
1077,8816a01437fffff
1078,8816a0b04bfffff
1079,8816a5c04dfffff
1080,88178b29b7fffff
1081,8816a50833fffff
1082,8816a5cf41fffff
1083,8816a54453fffff
1084,8816a5c4d7fffff
1085,881789488bfffff
1086,88178ba635fffff
1087,88178b0a37fffff
1088,8816a50649fffff
1089,8816a424e9fffff
1090,88178bb521fffff
1091,8816a58907fffff
1092,88178b68abfffff
1093,88178bb89dfffff
1094,88178b219dfffff
1095,88178b0c07fffff
1096,88178b1739fffff
1097,8816a5928dfffff
1098,88178b6e4bfffff
1099,88178b6e37fffff
1100,8816a0b8e9fffff
1101,8816a0a223fffff
1102,88178b0293fffff
1103,8816a084d3fffff
1104,88178b655bfffff
1105,8816a506c9fffff
1106,8816a591bbfffff
1107,8816a50369fffff
1108,88178b1ad5fffff
1109,8816a510b3fffff
1110,8816a58095fffff
1111,8816a0af59fffff
1112,8817897901fffff
1113,8816a5405bfffff
1114,88178badcdfffff
1115,88178b621dfffff
1116,8816a5c159fffff
1117,8816a51939fffff
1118,8816a5c6c5fffff
1119,8816a5516bfffff
1120,8816a58b6bfffff
1121,88178b6c63fffff
1122,88178b7545fffff
1123,88178b2e65fffff
1124,8816a5184dfffff
1125,8816a5c8a7fffff
1126,8816a56b25fffff
1127,88178b2165fffff
1128,8816a5a925fffff
1129,8816a54ad9fffff
1130,8816a0b9b7fffff
1131,88178b20d1fffff
1132,88178bab43fffff
1133,8816a59313fffff
1134,8816a002d7fffff
1135,8816a5cd61fffff
1136,8816a00e57fffff
1137,88178bbb61fffff
1138,88161649d3fffff
1139,88161658e7fffff
1140,8816a5d1e9fffff
1141,8816a5ba4bfffff
1142,8816164f59fffff
1143,88178ba019fffff
1144,8816a55519fffff
1145,88178bb8b9fffff
1146,88178b390dfffff
1147,8816a0029bfffff
1148,8816a5050bfffff
1149,8816a5032bfffff
1150,88178ba54dfffff
1151,8816a0044bfffff
1152,8816a54f05fffff
1153,88178bae95fffff
1154,8817894aa3fffff
1155,88178b2151fffff
1156,88178b0855fffff
1157,88178ba1b3fffff
1158,8816a426c3fffff
1159,8816a5b743fffff
1160,8816a5a11dfffff
1161,8816a541b1fffff
1162,8816a55195fffff
1163,8816a58417fffff
1164,8816a5084bfffff
1165,8816a5904bfffff
1166,8816167b29fffff
1167,8816a58c11fffff
1168,8816a08599fffff
1169,88178b0419fffff
1170,88178b01a1fffff
1171,88178b1661fffff
1172,8816a5aae1fffff
1173,8816a51ad9fffff
1174,8816a51093fffff
1175,8816a5c0d3fffff
1176,8816a5821dfffff
1177,88178bba6dfffff
1178,8816a0a909fffff
1179,8816a0b6adfffff
1180,88178b396bfffff
1181,8816164097fffff
1182,8816165b55fffff
1183,8816a01637fffff
1184,88178b369dfffff
1185,88178b0eb3fffff
1186,88178b65b3fffff
1187,8816164c45fffff
1188,88178bbab5fffff
1189,8816164aa9fffff
1190,8816a59223fffff
1191,8816a0a351fffff
1192,88178b0c8bfffff
1193,8816a58dbbfffff
1194,88178b21d3fffff
1195,8816a5b1c3fffff
1196,88178b94bbfffff
1197,8816a55a0dfffff
1198,8816a50f29fffff
1199,8816a5c5e5fffff
1200,8816a5b711fffff
1201,88178b7561fffff
1202,88178b074dfffff
1203,8816a5b659fffff
1204,8816a589c9fffff
1205,8816a5c749fffff
1206,88178b871bfffff
1207,88178b753dfffff
1208,88178b0cabfffff
1209,8816a50113fffff
1210,8816a582ebfffff
1211,8816a5186dfffff
1212,88178b7337fffff
1213,8816a59249fffff
1214,8816a50147fffff
1215,8816164507fffff
1216,8816a5b15dfffff
1217,8817894893fffff
1218,88178b2c47fffff
1219,8816a08ce3fffff
1220,8816a096e1fffff
1221,8816a08d5bfffff
1222,8816a0b4d1fffff
1223,88178ba1e1fffff
1224,88178b2859fffff
1225,8816a59a95fffff
1226,8816a55293fffff
1227,88178b155dfffff
1228,8816a5a311fffff
1229,88178ba5e9fffff
1230,8816a086d7fffff
1231,8816a095c1fffff
1232,8816a57a83fffff
1233,8816a5b6b3fffff
1234,88178ba003fffff
1235,88178b673dfffff
1236,88178b94e1fffff
1237,8816a55a45fffff
1238,8816a586a1fffff
1239,8816a42697fffff
1240,8816164cdbfffff
1241,881616db51fffff
1242,8816a08dcbfffff
1243,8816a5a0a1fffff
1244,881616db53fffff
1245,8816a58e37fffff
1246,8816a51509fffff
1247,8816a51631fffff
1248,88178b1719fffff
1249,8816a0aa01fffff
1250,8816a51a45fffff
1251,8816a59b69fffff
1252,8816a5ccd3fffff
1253,8816a00e47fffff
1254,88178b06e1fffff
1255,88178baea1fffff
1256,8816a54413fffff
1257,8816a5aa4dfffff
1258,8816a54ca9fffff
1259,8816a5491dfffff
1260,88178b6ccdfffff
1261,8816a5193dfffff
1262,8816a5789dfffff
1263,8816a51457fffff
1264,8816164515fffff
1265,8816a50c69fffff
1266,8816a55687fffff
1267,88178b8233fffff
1268,8816a58d1dfffff
1269,88178ba615fffff
1270,88178bb2d7fffff
1271,8816a5d761fffff
1272,8816a5018dfffff
1273,88178b12a7fffff
1274,8816164dc7fffff
1275,8816a58005fffff
1276,8816a519a7fffff
1277,8817897b67fffff
1278,88178bba9bfffff
1279,88178b32a5fffff
1280,8816a508d5fffff
1281,8816a58d31fffff
1282,8816a0b811fffff
1283,8816a57ae5fffff
1284,8816a5b625fffff
1285,8816a58cebfffff
1286,8816a551d3fffff
1287,88178b0663fffff
1288,8816165707fffff
1289,8816a5981bfffff
1290,8816164e41fffff
1291,8816a0053bfffff
1292,88178b7753fffff
1293,8816a5d0e9fffff
1294,88178b6503fffff
1295,88178b6c17fffff
1296,8816a00ed9fffff
1297,88178b84c9fffff
1298,8816a596a7fffff
1299,88178ba8d3fffff
1300,88178bb54bfffff
1301,8816a0b191fffff
1302,88178b8ecbfffff
1303,8816a55aabfffff
1304,8816a0b4a1fffff
1305,88161640dbfffff
1306,88178b16e7fffff
1307,8816a585d9fffff
1308,8816a4a499fffff
1309,8816a08e63fffff
1310,8816a00593fffff
1311,8816a00527fffff
1312,8816a581d3fffff
1313,8816a518c5fffff
1314,88178b3a89fffff
1315,8816a51055fffff
1316,8816a5d63dfffff
1317,8816a5915dfffff
1318,8816a55a19fffff
1319,8816a55b39fffff
1320,8816a0b95bfffff
1321,8816a54e3dfffff
1322,88178b2b53fffff
1323,8816a581ddfffff
1324,8816a5585bfffff
1325,8816a50a49fffff
1326,88178bb0e3fffff
1327,8816a5b8b1fffff
1328,8816a551e3fffff
1329,8817894d41fffff
1330,8816a51411fffff
1331,88178b22b7fffff
1332,8816a56b15fffff
1333,88178bb6a9fffff
1334,8816a50817fffff
1335,8816a519cbfffff
1336,8816a0ab65fffff
1337,88161645ebfffff
1338,8816a5c9abfffff
1339,8816a51239fffff
1340,8816a546b1fffff
1341,8816a54761fffff
1342,8816a58225fffff
1343,8816a0a929fffff
1344,8816a588d3fffff
1345,88178b686dfffff
1346,8816a5783bfffff
1347,88178b04b9fffff
1348,88178b3335fffff
1349,8816a5b619fffff
1350,8816a01739fffff
1351,8816a5c08dfffff
1352,88178b66b5fffff
1353,8817894f05fffff
1354,8816a5136bfffff
1355,8816a51817fffff
1356,88178bad53fffff
1357,88178bb881fffff
1358,8816a51559fffff
1359,8816a08627fffff
1360,88178b6037fffff
1361,88178b36d5fffff
1362,88178b32a1fffff
1363,88178b8c47fffff
1364,88178b8259fffff
1365,8816a555c5fffff
1366,8816a0949bfffff
1367,88178b14a9fffff
1368,88178bb403fffff
1369,881789799bfffff
1370,88178b8893fffff
1371,8816164da9fffff
1372,8816a51a21fffff
1373,8816a5c935fffff
1374,8816164321fffff
1375,88178b7349fffff
1376,8816a5c419fffff
1377,8816a501b1fffff
1378,88178b36dbfffff
1379,88178b3ad7fffff
1380,88178b8f63fffff
1381,8816a0a209fffff
1382,8816a54b0bfffff
1383,88178b0445fffff
1384,8816a5994dfffff
1385,88178b8413fffff
1386,8816a58d41fffff
1387,8816a5ce09fffff
1388,8816a5143bfffff
1389,8816165095fffff
1390,8816a015bdfffff
1391,8816a5108dfffff
1392,8816a5a0e7fffff
1393,8816a559c1fffff
1394,88178bb1b7fffff
1395,8816a50f01fffff
1396,88178b7435fffff
1397,8816a50117fffff
1398,88178b282dfffff
1399,8816a5b61bfffff
1400,8816a0b6e1fffff
1401,8816a57361fffff
1402,8816a5c9e9fffff
1403,8816a51507fffff
1404,88178b72ebfffff
1405,8816a551cdfffff
1406,88161645abfffff
1407,88178b86a5fffff
1408,88178b735bfffff
1409,88178b005dfffff
1410,88178b01b7fffff
1411,8816165805fffff
1412,881616d953fffff
1413,8816a5d563fffff
1414,8816a50821fffff
1415,88178b0f59fffff
1416,88178b3565fffff
1417,88178b7643fffff
1418,8816a5a1d1fffff
1419,8816a0bab3fffff
1420,8816a5a367fffff
1421,8816a5c125fffff
1422,8816a5a135fffff
1423,88178b9511fffff
1424,8816a58757fffff
1425,8816a0b711fffff
1426,88178b603bfffff
1427,88178bb865fffff
1428,8816a005d3fffff
1429,88161648d3fffff
1430,8816a086ddfffff
1431,88178b81c1fffff
1432,8816a0b145fffff
1433,88178bb513fffff
1434,88178ba63dfffff
1435,8816a54403fffff
1436,8816a57945fffff
1437,8816a5581bfffff
1438,88178b62bdfffff
1439,8816a58841fffff
1440,8816a0aabdfffff
1441,88178bb69bfffff
1442,88178baf09fffff
1443,8816a58497fffff
1444,8816a51133fffff
1445,8816a5cd4dfffff
1446,881616598dfffff
1447,8816a0af45fffff
1448,88178b656bfffff
1449,8816a516d3fffff
1450,8816164c11fffff
1451,8816a50f53fffff
1452,8816a5ce67fffff
1453,88178b8591fffff
1454,8816a0b4a3fffff
1455,88178ba15bfffff
1456,8816a0b921fffff
1457,8816164f3dfffff
1458,8816a58b3dfffff
1459,8816a50311fffff
1460,8816a426ddfffff
1461,8816a54c45fffff
1462,8816a5bab3fffff
1463,88178b2901fffff
1464,88178b745dfffff
1465,8816a5b425fffff
1466,88178b204bfffff
1467,88178b38b7fffff
1468,88178b6f11fffff
1469,8816a005ebfffff
1470,8816a5d8b7fffff
1471,88178b3897fffff
1472,8816a5d357fffff
1473,8816a549a7fffff
1474,88178b0085fffff
1475,8816a5a257fffff
1476,8816a54987fffff
1477,88178b091bfffff
1478,88178bb9cbfffff
1479,88178ba8e5fffff
1480,881616595bfffff
1481,88178b7161fffff
1482,8816a095e1fffff
1483,8816a0a765fffff
1484,88178b6603fffff
1485,8816a5aa29fffff
1486,8816a59269fffff
1487,88178b8551fffff
1488,88178b1611fffff
1489,88178b8e97fffff
1490,88178b75a3fffff
1491,88178b6247fffff
1492,88178bb619fffff
1493,8816a51755fffff
1494,8816a54e07fffff
1495,8816a57b07fffff
1496,8816a54f5bfffff
1497,88178bb469fffff
1498,88178b2895fffff
1499,88178b650bfffff
1500,88178b8741fffff
1501,88178b7541fffff
1502,8816a5c637fffff
1503,88178badabfffff
1504,88178bae15fffff
1505,88178979d1fffff
1506,88178b78a1fffff
1507,8816a58c39fffff
1508,8816a54145fffff
1509,8816a58b35fffff
1510,8816a5ccdbfffff
1511,881616598bfffff
1512,8816a0872bfffff
1513,88178b06e7fffff
1514,88178b14d1fffff
1515,88178b8d8bfffff
1516,8816a5130dfffff
1517,8816a5c369fffff
1518,88178b1153fffff
1519,8816a09653fffff
1520,88178b8765fffff
1521,88178b15d1fffff
1522,8816a0ab17fffff
1523,881616474bfffff
1524,8816a5c5edfffff
1525,881616db07fffff
1526,8816a01413fffff
1527,8816a59813fffff
1528,8816a55993fffff
1529,88178bac37fffff
1530,88178bb9d9fffff
1531,8816a0b00dfffff
1532,8816a424a9fffff
1533,8816a5b805fffff
1534,8816a5434dfffff
1535,88178b6559fffff
1536,8816a5d337fffff
1537,88178b8cd3fffff
1538,88178ba0bbfffff
1539,88178b68bbfffff
1540,8816a556cbfffff
1541,8816a5559dfffff
1542,8816a594d1fffff
1543,8816a59355fffff
1544,88178b86a3fffff
1545,8816a58cadfffff
1546,88178948e5fffff
1547,8817894e91fffff
1548,8816a58959fffff
1549,8816a5ba31fffff
1550,88178b3a1bfffff
1551,88178b8187fffff
1552,8816a0ab27fffff
1553,8816a519bdfffff
1554,88178b665bfffff
1555,8817897839fffff
1556,8816a55737fffff
1557,8816a50a59fffff
1558,8816a014adfffff
1559,88178b0ee3fffff
1560,88178b6eb1fffff
1561,8816a09487fffff
1562,88178b21edfffff
1563,8816a50633fffff
1564,88178b6d2dfffff
1565,88178b80e1fffff
1566,8816a08657fffff
1567,8816165a69fffff
1568,8816a5a055fffff
1569,8816a589edfffff
1570,8816a01459fffff
1571,8816a5c623fffff
1572,88178b8de9fffff
1573,88178b0537fffff
1574,88178b3117fffff
1575,88178bb493fffff
1576,8816a5d053fffff
1577,8816a0842dfffff
1578,8816a544b9fffff
1579,8816a51123fffff
1580,8816a5d627fffff
1581,8816167921fffff
1582,8816a5ba51fffff
1583,8816a54c03fffff
1584,88178ba08bfffff
1585,881616c90bfffff
1586,8816a58eb1fffff
1587,8816a58227fffff
1588,8816a5c597fffff
1589,8816a5c961fffff
1590,8816a0a0d1fffff
1591,8816a579c1fffff
1592,8816164353fffff
1593,88178b6e01fffff
1594,8816a0a2d3fffff
1595,8816a51635fffff
1596,8816a511ddfffff
1597,8816a54069fffff
1598,88178b053dfffff
1599,8816a5b5cdfffff
1600,8816a58755fffff
1601,8816a0b017fffff
1602,88178b7551fffff
1603,88178b24d7fffff
1604,88178b65d7fffff
1605,8816a5d65dfffff
1606,8816164cb1fffff
1607,88178bbab1fffff
1608,8816a59767fffff
1609,8816a084adfffff
1610,8816a0b601fffff
1611,88178ba755fffff
1612,8816a42403fffff
1613,88161658b1fffff
1614,88178b2b13fffff
1615,88178b609bfffff
1616,8816a5b9a3fffff
1617,8816a55231fffff
1618,8816a5c95dfffff
1619,8816a5b1e5fffff
1620,88178b8539fffff
1621,88178b2a51fffff
1622,88178b3b63fffff
1623,88178b0a53fffff
1624,88178b2b45fffff
1625,88178b6881fffff
1626,8816a51a41fffff
1627,8816a51b39fffff
1628,8816a426c9fffff
1629,88178ba649fffff
1630,8816a51ae1fffff
1631,8816a5095dfffff
1632,88178bb101fffff
1633,8816a005d7fffff
1634,8816a5126bfffff
1635,8816a5ba3dfffff
1636,88178b2609fffff
1637,8816a5c25dfffff
1638,8816a0ba39fffff
1639,8816a501c9fffff
1640,88178b92a3fffff
1641,8816a59145fffff
1642,88178948c3fffff
1643,8816a5c28bfffff
1644,8816a0856dfffff
1645,88178b8087fffff
1646,8816a54d81fffff
1647,8816a5d353fffff
1648,8816a578a5fffff
1649,8816164ac3fffff
1650,88178b31a3fffff
1651,8816a5c4c3fffff
1652,88178ba4c7fffff
1653,8816a08c15fffff
1654,88178bba25fffff
1655,88178b6717fffff
1656,8816a5b0b1fffff
1657,8816a5a295fffff
1658,8816a5940dfffff
1659,8816a08d17fffff
1660,8816a5d609fffff
1661,88178b39bdfffff
1662,8816a0b9e9fffff
1663,8816a56a4dfffff
1664,88178ba34dfffff
1665,8817894c9dfffff
1666,88178b0ebdfffff
1667,8816a5d1ebfffff
1668,8816164f67fffff
1669,88178b8897fffff
1670,8816a0a1a9fffff
1671,8816a5036bfffff
1672,8816a08ed1fffff
1673,881616545dfffff
1674,8816a5c0c5fffff
1675,88178b6833fffff
1676,8816164727fffff
1677,8816a08713fffff
1678,88178b8197fffff
1679,8816a54131fffff
1680,8816a5716dfffff
1681,8816a55311fffff
1682,88178b69ebfffff
1683,8816a0062dfffff
1684,8816a084dbfffff
1685,8816a5c327fffff
1686,88178b6a01fffff
1687,88178b0a15fffff
1688,88178b1553fffff
1689,8816a5c90bfffff
1690,88178b75c5fffff
1691,8816a58d3bfffff
1692,8816a54b2dfffff
1693,88178b0d8dfffff
1694,8816a5b26bfffff
1695,8816a5c6cbfffff
1696,8816a42c97fffff
1697,8816a55367fffff
1698,88178ba62bfffff
1699,8816a0a2b5fffff
1700,8816a08c3bfffff
1701,8816a579b9fffff
1702,8817894d3dfffff
1703,88178b1453fffff
1704,8816165351fffff
1705,88178b64d9fffff
1706,88178b366bfffff
1707,88178b3a0dfffff
1708,8816a50c0bfffff
1709,8816a57a19fffff
1710,88178b0cc7fffff
1711,8816a5c119fffff
1712,8816a5189bfffff
1713,8816a0063dfffff
1714,8816a08d97fffff
1715,8816a58311fffff
1716,8816a0b99bfffff
1717,8816167983fffff
1718,88178b823dfffff
1719,88178b64d1fffff
1720,88178b80c5fffff
1721,88178b29c3fffff
1722,88178b00c3fffff
1723,88161651e1fffff
1724,8816a582dbfffff
1725,88178b0d1dfffff
1726,8816a58081fffff
1727,8816167981fffff
1728,8816a54c63fffff
1729,88178ba209fffff
1730,8816a54aadfffff
1731,88178b7741fffff
1732,8816a5c699fffff
1733,8816a5d033fffff
1734,88178b8c39fffff
1735,8816a5c56dfffff
1736,8816a50b45fffff
1737,88178b1021fffff
1738,88178b8d61fffff
1739,8816a54e99fffff
1740,8816a54a69fffff
1741,88178bac1bfffff
1742,88178ba805fffff
1743,88178bb4b3fffff
1744,8816a5b09bfffff
1745,8816a5d2bdfffff
1746,8816164085fffff
1747,88178bb1a3fffff
1748,88178b30c3fffff
1749,8816a58acdfffff
1750,88178bb631fffff
1751,8816a5c691fffff
1752,8816a54227fffff
1753,8816a5cb39fffff
1754,88178b2c09fffff
1755,88178b29bbfffff
1756,88178b0dc1fffff
1757,88178b05e9fffff
1758,8816a0b2ebfffff
1759,8816a5bb59fffff
1760,8816a01549fffff
1761,88178bb34bfffff
1762,8816a5c711fffff
1763,8816165289fffff
1764,8816a5a051fffff
1765,8816a544e5fffff
1766,8816164329fffff
1767,8816a08e83fffff
1768,8816a51155fffff
1769,88178ba10dfffff
1770,8816a5b997fffff
1771,88178ba2e9fffff
1772,8816a0b645fffff
1773,8816a58123fffff
1774,8816a5d135fffff
1775,8816a57811fffff
1776,8816a5c735fffff
1777,8816164805fffff
1778,8816a54d91fffff
1779,88161651a3fffff
1780,8816a0ab1dfffff
1781,8816a58c0bfffff
1782,8816a54617fffff
1783,88178b02c1fffff
1784,8816165823fffff
1785,88178b09c3fffff
1786,8816a58c5bfffff
1787,8816a014d5fffff
1788,88178bad5bfffff
1789,88178b22e1fffff
1790,8816a54113fffff
1791,88178b8da5fffff
1792,88178b3031fffff
1793,8816a54b4dfffff
1794,8816a5c63dfffff
1795,88161652bdfffff
1796,8817894969fffff
1797,8816a5921bfffff
1798,8816a54cb9fffff
1799,8816164c67fffff
1800,88178b60dbfffff
1801,88178b0839fffff
1802,88178b15e5fffff
1803,8816a08ec1fffff
1804,88178ba46dfffff
1805,88178b7811fffff
1806,8817894da3fffff
1807,8816a08597fffff
1808,88161645b1fffff
1809,8816164241fffff
1810,8816a0b467fffff
1811,8816a08cdbfffff
1812,8816a5bb51fffff
1813,8816a5b24bfffff
1814,8816a0b4b5fffff
1815,8816a51729fffff
1816,88178bb009fffff
1817,8816165503fffff
1818,8816a57b6dfffff
1819,88178b2cb3fffff
1820,88178b2e35fffff
1821,88178b1559fffff
1822,8816a51609fffff
1823,88178bb169fffff
1824,8816164055fffff
1825,88178b80d9fffff
1826,88178b2e63fffff
1827,88178b30a9fffff
1828,8816a5d6edfffff
1829,8816a58cd1fffff
1830,88178b6a43fffff
1831,88178bb745fffff
1832,8816a5d365fffff
1833,8816a5454dfffff
1834,8816a5da1dfffff
1835,8816a014e1fffff
1836,8816165425fffff
1837,88178b8d37fffff
1838,8816a01633fffff
1839,8816a0b1d9fffff
1840,8816a54153fffff
1841,8816165715fffff
1842,88178b7235fffff
1843,88178b38bbfffff
1844,8816a5b167fffff
1845,88178b39d3fffff
1846,8816a5829bfffff
1847,8816a50f35fffff
1848,8816a080bbfffff
1849,88178b7003fffff
1850,88178b29b1fffff
1851,88178baf01fffff
1852,8816a54831fffff
1853,88178b2589fffff
1854,8816a550d9fffff
1855,8816a58cc9fffff
1856,8816a58f39fffff
1857,8816a0143bfffff
1858,8816a550b5fffff
1859,8816a518d9fffff
1860,8816a080b7fffff
1861,8816a589d9fffff
1862,88178b856dfffff
1863,8816164761fffff
1864,8816a55593fffff
1865,88178b140dfffff
1866,8816a5c191fffff
1867,8816a51937fffff
1868,88178b6a09fffff
1869,8816a54ae5fffff
1870,88178b6639fffff
1871,88178b08e7fffff
1872,88178b7469fffff
1873,8816a5b18dfffff
1874,8816a55693fffff
1875,8816a582bbfffff
1876,88178b3b6dfffff
1877,88178b7431fffff
1878,88178b00a3fffff
1879,8816a58b57fffff
1880,8816a095cbfffff
1881,8816a5c58bfffff
1882,8816a59835fffff
1883,88178b0811fffff
1884,881616594dfffff
1885,8816a5d989fffff
1886,8816a0b493fffff
1887,8816a5d5b1fffff
1888,8816a50055fffff
1889,8816a5080bfffff
1890,88178bad51fffff
1891,8816a09423fffff
1892,8816a50239fffff
1893,8816a5aa0dfffff
1894,8816a0b425fffff
1895,8816a094c3fffff
1896,8816a54f23fffff
1897,8816a5cc0dfffff
1898,8816a0173dfffff
1899,8816a50d1bfffff
1900,88178b2b1dfffff
1901,8816a58663fffff
1902,8816a0843dfffff
1903,8816164d53fffff
1904,8816a0b639fffff
1905,88178b3541fffff
1906,8816a5996bfffff
1907,88178b2467fffff
1908,8816a511d3fffff
1909,8816a5daa3fffff
1910,8816a55859fffff
1911,8816164cbdfffff
1912,8816a08de7fffff
1913,88178b2605fffff
1914,8816a5d2d5fffff
1915,88178b6cdbfffff
1916,8816a5d433fffff
1917,8816a0aa93fffff
1918,8816a596bbfffff
1919,88161648a5fffff
1920,88178b6645fffff
1921,88178b0e57fffff
1922,8816a54701fffff
1923,8816a55ad1fffff
1924,88178b6353fffff
1925,8816a5905bfffff
1926,8816a511b7fffff
1927,88178b7aa9fffff
1928,8816a5d321fffff
1929,88178b86ddfffff
1930,8816a58f01fffff
1931,8816a5cb53fffff
1932,88178b8611fffff
1933,8816a01083fffff
1934,88178b2ce7fffff
1935,8816a5d043fffff
1936,8816a0b10dfffff
1937,8816a5d49bfffff
1938,88178b7111fffff
1939,88178bae33fffff
1940,8816a515cdfffff
1941,8816a5792bfffff
1942,8816164b49fffff
1943,881616503bfffff
1944,88178b30ddfffff
1945,8816a5c013fffff
1946,88178b736dfffff
1947,88178b18ddfffff
1948,8816a00597fffff
1949,8816a58985fffff
1950,8816a0b547fffff
1951,88178ba2c9fffff
1952,881789782bfffff
1953,8816a58f0dfffff
1954,8816a59741fffff
1955,88178ba349fffff
1956,8816a51a8dfffff
1957,8816a0a203fffff
1958,88178b22bbfffff
1959,8816164037fffff
1960,8816a59b11fffff
1961,8816a0b593fffff
1962,88178b6191fffff
1963,8816a5ca15fffff
1964,88178b1049fffff
1965,88178bb015fffff
1966,88178bb00dfffff
1967,88178b1281fffff
1968,88178b0dd5fffff
1969,8816a510dbfffff
1970,881789781dfffff
1971,8816a5c823fffff
1972,8816a0a225fffff
1973,88178ba621fffff
1974,8816a511e9fffff
1975,8816a5ba15fffff
1976,8816a59abdfffff
1977,88178b7aedfffff
1978,88178ba029fffff
1979,8816164acdfffff
1980,88178b1625fffff
1981,8816a5ca97fffff
1982,8816a5d463fffff
1983,881616cde5fffff
1984,8816a0a33bfffff
1985,88178b7131fffff
1986,88178b3737fffff
1987,8816a080dbfffff
1988,88178b053bfffff
1989,88178b8d29fffff
1990,88178b00a1fffff
1991,8816a5c64bfffff
1992,881616599dfffff
1993,88161650b1fffff
1994,8816a50681fffff
1995,88178b2f19fffff
1996,88178bb4dbfffff
1997,8816a5cc01fffff
1998,88178b2961fffff
1999,8816a5786dfffff
2000,8816a5c843fffff
2001,8816a50509fffff
2002,8816a599adfffff
2003,8817897805fffff
2004,88178b3b33fffff
2005,8816165295fffff
2006,88178b09b7fffff
2007,8816a592ebfffff
2008,88178bb83dfffff
2009,8816a50f11fffff
2010,8816a58f65fffff
2011,881616404dfffff
2012,8816a5c9e7fffff
2013,8816a00603fffff
2014,8816a5d347fffff
2015,88178b8d07fffff
2016,8816a58951fffff
2017,88178b1291fffff
2018,88178b8dbbfffff
2019,8816a0a161fffff
2020,8816a5ab57fffff
2021,88178b160bfffff
2022,8816a5866dfffff
2023,8816a5ce43fffff
2024,88178b1255fffff
2025,8816a5458dfffff
2026,8816a590a5fffff
2027,8816a5c8d5fffff
2028,88178b3131fffff
2029,88178b2429fffff
2030,88178b7151fffff
2031,8816a58347fffff
2032,88178b3721fffff
2033,8816a50423fffff
2034,8816a502a5fffff
2035,88178b86d7fffff
2036,88178bb1a7fffff
2037,8816a54b33fffff
2038,88178b6369fffff
2039,88161659c5fffff
2040,8816a01609fffff
2041,8816a544adfffff
2042,88178ba9b7fffff
2043,88178bbb65fffff
2044,88178b01c1fffff
2045,88178b76a9fffff
2046,8816a5dab3fffff
2047,88178b062bfffff
2048,8816a0af4bfffff
2049,88178b0ea9fffff
2050,88178bab29fffff
2051,88178bb295fffff
2052,8816a015d1fffff
2053,88178b7699fffff
2054,8816a542dbfffff
2055,8817894e83fffff
2056,8816a54903fffff
2057,8816a502c7fffff
2058,8816a594c3fffff
2059,8816a594a7fffff
2060,8816a095d5fffff
2061,88178b8abbfffff
2062,8816a5559bfffff
2063,8816a5092bfffff
2064,88178baa99fffff
2065,88178b21bdfffff
2066,8816a540e9fffff
2067,88178b95a1fffff
2068,88178b08d3fffff
2069,88178b2917fffff
2070,8816a59b15fffff
2071,88178b88cbfffff
2072,8816a5a861fffff
2073,88178b6495fffff
2074,88178b2905fffff
2075,8816a545d9fffff
2076,8816a08ea5fffff
2077,8816a50505fffff
2078,88178b1643fffff
2079,8816a50227fffff
2080,8816a54715fffff
2081,8816a55515fffff
2082,8816164283fffff
2083,8816a5880dfffff
2084,8816a506abfffff
2085,8816a5c463fffff
2086,88178b80dbfffff
2087,8816164869fffff
2088,88178b2ed3fffff
2089,8816164519fffff
2090,8816a5c68bfffff
2091,8816a0b521fffff
2092,8816a0b44dfffff
2093,8816a556e7fffff
2094,88178b674bfffff
2095,88178ba60dfffff
2096,88178b10c9fffff
2097,8816a50199fffff
2098,8816a559b5fffff
2099,881616484dfffff
2100,88178b029bfffff
2101,8816a5bad1fffff
2102,88178b6743fffff
2103,8816a5875bfffff
2104,8816a59a1bfffff
2105,8816a08c41fffff
2106,8816a5a125fffff
2107,8816a5cee9fffff
2108,88178b6017fffff
2109,88178b39edfffff
2110,88178b0109fffff
2111,88178b2c2dfffff
2112,88178bb2c3fffff
2113,8816a50a0dfffff
2114,88178b70c1fffff
2115,8816a5114dfffff
2116,88178b3099fffff
2117,88178b0433fffff
2118,88178b01c5fffff
2119,8816a0b5abfffff
2120,88178b665dfffff
2121,8816a511d9fffff
2122,8816a58eabfffff
2123,8816a55851fffff
2124,8816a580bdfffff
2125,8816a57115fffff
2126,88178bbaa9fffff
2127,88178b2805fffff
2128,88178b1231fffff
2129,88178b0629fffff
2130,88178b3723fffff
2131,8816a0a959fffff
2132,88178b14c3fffff
2133,8816164421fffff
2134,88178bb011fffff
2135,8816165addfffff
2136,88178bb869fffff
2137,88178b0157fffff
2138,88178b644dfffff
2139,8816a00e51fffff
2140,88178b2b47fffff
2141,8816a54e19fffff
2142,88178ba681fffff
2143,8816a08c01fffff
2144,88178b0165fffff
2145,88178b146bfffff
2146,8816a094c9fffff
2147,8816a59163fffff
2148,88178b2e3dfffff
2149,8816a5caa1fffff
2150,8816a0bb41fffff
2151,8816a0bac5fffff
2152,88178bae11fffff
2153,8816a08661fffff
2154,88178b3001fffff
2155,8816a5b8b3fffff
2156,8816a59b6bfffff
2157,88178948a1fffff
2158,8816a54745fffff
2159,88178b0265fffff
2160,8816164941fffff
2161,8816a5d509fffff
2162,8816164de9fffff
2163,8816a5d505fffff
2164,8816a57a69fffff
2165,8816a0bb05fffff
2166,88178b8283fffff
2167,8816a5ab67fffff
2168,8816a50adbfffff
2169,8816a552c7fffff
2170,8816a550b1fffff
2171,88178b6eabfffff
2172,8816a0b905fffff
2173,88178b0d21fffff
2174,88178b2511fffff
2175,88178b6c9dfffff
2176,88178bb427fffff
2177,8816a0ae47fffff
2178,8816a550cdfffff
2179,8816a5ab6dfffff
2180,8816a57a2dfffff
2181,8816a5b959fffff
2182,88178b154bfffff
2183,8816a5d6ebfffff
2184,8816a0a61dfffff
2185,88178b2013fffff
2186,8817894d95fffff
2187,8817894d11fffff
2188,8816a5d323fffff
2189,8816a57acdfffff
2190,88178b11abfffff
2191,88178b0ab3fffff
2192,8816a5c087fffff
2193,88178b6db9fffff
2194,8816a5193bfffff
2195,8816a5ccadfffff
2196,88178b6183fffff
2197,8816a5b227fffff
2198,8816a5c8e1fffff
2199,88178b6c07fffff
2200,8816a55053fffff
2201,8816a0948bfffff
2202,88178bb6e5fffff
2203,88178b6041fffff
2204,8816a5013dfffff
2205,8816164011fffff
2206,8816a5c5b3fffff
2207,881616c923fffff
2208,88178b7717fffff
2209,8816164cddfffff
2210,8816a55631fffff
2211,8816a5b9d7fffff
2212,8816a55755fffff
2213,8816a08dc7fffff
2214,8816a5d983fffff
2215,8816a0b607fffff
2216,8816a54aa5fffff
2217,8816a50337fffff
2218,88178b06d1fffff
2219,8816a59ac7fffff
2220,88178b32cdfffff
2221,8816a5d5a7fffff
2222,8816a08097fffff
2223,8816a5ce6bfffff
2224,8816a5b9ddfffff
2225,8816a5a763fffff
2226,8816167a69fffff
2227,8816a0a139fffff
2228,8816a5d62bfffff
2229,8816a55991fffff
2230,8816165199fffff
2231,8816a08c45fffff
2232,88178ba021fffff
2233,88178b1507fffff
2234,8816a5035dfffff
2235,88178b1541fffff
2236,8816165043fffff
2237,8817894d17fffff
2238,8816a5cadbfffff
2239,8816a0b541fffff
2240,8816a55069fffff
2241,8816a54603fffff
2242,88178b2897fffff
2243,88178bb617fffff
2244,8816a5d741fffff
2245,88178b0623fffff
2246,8816a5bb07fffff
2247,8816a5a287fffff
2248,8816a0b2cdfffff
2249,88178b0ae7fffff
2250,8816a5c181fffff
2251,8816a51419fffff
2252,8816a5b599fffff
2253,88178b264bfffff
2254,88178b6e19fffff
2255,8816a006cdfffff
2256,8816a59469fffff
2257,8816a501d7fffff
2258,88178bac5dfffff
2259,8816a50429fffff
2260,88178b1417fffff
2261,88178b75abfffff
2262,88178b2db1fffff
2263,8816a0b6cdfffff
2264,88178b8c1bfffff
2265,8816a54f13fffff
2266,8816a5c69dfffff
2267,8816a51019fffff
2268,88178b7145fffff
2269,881616554dfffff
2270,88178bbb47fffff
2271,8816165187fffff
2272,8816a5030dfffff
2273,8816a51641fffff
2274,8816a57a93fffff
2275,8816a096e5fffff
2276,88178ba8edfffff
2277,88178ba35dfffff
2278,88178b62edfffff
2279,8816a5d641fffff
2280,8816a5595bfffff
2281,8816a0b415fffff
2282,88178b8cd5fffff
2283,8816a57ad3fffff
2284,8816a0a0a5fffff
2285,8816164f33fffff
2286,88178b2015fffff
2287,88178b373dfffff
2288,88178b8739fffff
2289,88178b02d9fffff
2290,88178978adfffff
2291,88178b26c1fffff
2292,8816a5d0c5fffff
2293,8816a0bb69fffff
2294,8816a08535fffff
2295,8816a581a3fffff
2296,8816a426a5fffff
2297,8816a57abdfffff
2298,8816a51455fffff
2299,8816a5bb53fffff
2300,88178b2835fffff
2301,88178b01c7fffff
2302,8816a0862bfffff
2303,881616532dfffff
2304,8816a54915fffff
2305,88178b3363fffff
2306,8816a5953dfffff
2307,8816a08647fffff
2308,88178b0f51fffff
2309,8816a55b13fffff
2310,8816a0b5adfffff
2311,88178b14b5fffff
2312,881789784dfffff
2313,88178b245bfffff
2314,88178b6509fffff
2315,88178bac95fffff
2316,8816a5bab5fffff
2317,88178b0443fffff
2318,8816a0b435fffff
2319,88178b05bbfffff
2320,88178ba329fffff
2321,8816164889fffff
2322,8816a5b8d5fffff
2323,8816a514e7fffff
2324,88178b2a69fffff
2325,88178b06ddfffff
2326,8817897815fffff
2327,88178b3605fffff
2328,8816a5b757fffff
2329,881616499dfffff
2330,88178b234bfffff
2331,8816164a3dfffff
2332,8816164c2bfffff
2333,88178b36b7fffff
2334,8816a5b945fffff
2335,8816a50e45fffff
2336,88178949b1fffff
2337,881616db1dfffff
2338,88178b2ca7fffff
2339,88178bba21fffff
2340,8816a57a1bfffff
2341,88178b7347fffff
2342,88178bad65fffff
2343,88178b88bbfffff
2344,8817894847fffff
2345,88178b0613fffff
2346,8817894f07fffff
2347,8816a5b869fffff
2348,88178b0e1dfffff
2349,88178ba061fffff
2350,8816a55683fffff
2351,88178b3a25fffff
2352,8816a5c2c1fffff
2353,8816a0b90dfffff
2354,88161659a5fffff
2355,8816a51ab5fffff
2356,8816a5b809fffff
2357,88178bb765fffff
2358,8816a5c627fffff
2359,88178b6521fffff
2360,88178bace1fffff
2361,8816a0a121fffff
2362,8816a01551fffff
2363,8816a5061bfffff
2364,8816a58295fffff
2365,88178ba429fffff
2366,8816a0aa03fffff
2367,8816a51b17fffff
2368,8816a581bdfffff
2369,8816a0b885fffff
2370,8816a5525bfffff
2371,88178b6367fffff
2372,8816a5c009fffff
2373,8816a59951fffff
2374,8816a0b5a9fffff
2375,881616442bfffff
2376,8816a58509fffff
2377,8816a54e87fffff
2378,8816a581b7fffff
2379,8816a5b55bfffff
2380,8816a590e5fffff
2381,88178b3b59fffff
2382,8816165453fffff
2383,88161640adfffff
2384,8816a5d8abfffff
2385,8816a0a851fffff
2386,88178b098dfffff
2387,88178b7515fffff
2388,88178ba001fffff
2389,8816a01663fffff
2390,88178b7629fffff
2391,8816a518b7fffff
2392,88178b76a5fffff
2393,881789798bfffff
2394,8816a0b5e9fffff
2395,881616c9adfffff
2396,88178b2119fffff
2397,88178b30d3fffff
2398,8816a5b047fffff
2399,88178bace7fffff
2400,8816a59535fffff
2401,881616d9e5fffff
2402,88178b042bfffff
2403,8816a5b937fffff
2404,8816a512b5fffff
2405,8816a0a33dfffff
2406,8816a51925fffff
2407,8816a598d5fffff
2408,8816a5636dfffff
2409,8816a58c51fffff
2410,88178b0003fffff
2411,8816a085c1fffff
2412,88178b0345fffff
2413,8816a085b7fffff
2414,881616db43fffff
2415,88178b8c61fffff
2416,88178b691bfffff
2417,8816a57025fffff
2418,8816a5d881fffff
2419,8816a5ce33fffff
2420,8816a0ba1dfffff
2421,8816a550b9fffff
2422,88178b09e5fffff
2423,88178b95cdfffff
2424,8816a55265fffff
2425,88178b2255fffff
2426,88161641b5fffff
2427,8816a0a967fffff
2428,88178b82a9fffff
2429,88178b3651fffff
2430,8816a55663fffff
2431,88178b0135fffff
2432,88178b0a29fffff
2433,8816a51243fffff
2434,8816a58f1dfffff
2435,88178b7045fffff
2436,8816a0a645fffff
2437,88178bb35dfffff
2438,8816a5b9bbfffff
2439,8816a0a29dfffff
2440,88178ba13dfffff
2441,8816a54ec1fffff
2442,88178b6c51fffff
2443,88178b66e5fffff
2444,88178b2715fffff
2445,88178b6d99fffff
2446,8816a5ab03fffff
2447,8816a57b61fffff
2448,8816165113fffff
2449,8816a0a109fffff
2450,88178bba33fffff
2451,88178b1659fffff
2452,8816a51927fffff
2453,88178baa53fffff
2454,8816a50687fffff
2455,8816a5ce91fffff
2456,8816a5d559fffff
2457,8816a55b21fffff
2458,88178baf59fffff
2459,8816a0b699fffff
2460,8816a51a5dfffff
2461,88178b2995fffff
2462,8816a58dd3fffff
2463,8816a559b3fffff
2464,8816a0b65bfffff
2465,8816a55361fffff
2466,88178b6013fffff
2467,8816a0ae63fffff
2468,88178bb119fffff
2469,8816a54035fffff
2470,88178b0f19fffff
2471,8816a08e29fffff
2472,8816a5c903fffff
2473,8816a57843fffff
2474,8816a59225fffff
2475,8816a55adbfffff
2476,8816a0b063fffff
2477,8816a5c4e1fffff
2478,8816a57825fffff
2479,8816a515e5fffff
2480,88178b0ab9fffff
2481,8816a59a59fffff
2482,88178b86adfffff
2483,88178ba509fffff
2484,881616510dfffff
2485,88178ba70bfffff
2486,88161645bdfffff
2487,88178b6163fffff
2488,88178bb815fffff
2489,88178bb8abfffff
2490,8816a59155fffff
2491,8816a0b263fffff
2492,88178b3a85fffff
2493,88178baab7fffff
2494,88178baed5fffff
2495,8816a08641fffff
2496,8816a5b065fffff
2497,8816a5a085fffff
2498,8816164b37fffff
2499,8816a50045fffff
2500,8816a0b63bfffff
2501,8817897827fffff
2502,8816a5899dfffff
2503,88178b6ee5fffff
2504,8816a5cf47fffff
2505,8816a591d9fffff
2506,8816a58933fffff
2507,88178b22cdfffff
2508,8816a5906bfffff
2509,8816a549d9fffff
2510,8816a5455bfffff
2511,8816a59189fffff
2512,88161640e7fffff
2513,88178b618bfffff
2514,8816a0b8d5fffff
2515,88178b0991fffff
2516,88178ba8ebfffff
2517,8816a42483fffff
2518,8816a0165bfffff
2519,8816a096bdfffff
2520,8816a501dbfffff
2521,8816a0b829fffff
2522,8816a5b02bfffff
2523,8816a5b6e5fffff
2524,8816a57247fffff
2525,88178b2ad5fffff
2526,8816a0048bfffff
2527,8816a0af1bfffff
2528,88178b1587fffff
2529,88178b2303fffff
2530,88178ba053fffff
2531,88178bb499fffff
2532,88178b18b7fffff
2533,8816a57839fffff
2534,88178b6165fffff
2535,88178b10b9fffff
2536,8816a540abfffff
2537,8816a54139fffff
2538,8816a51593fffff
2539,8816a50a33fffff
2540,88178b04d3fffff
2541,8816a571cbfffff
2542,88178b6a49fffff
2543,8816164981fffff
2544,8816a54725fffff
2545,8816a50003fffff
2546,8816a5a0ebfffff
2547,8816a424ebfffff
2548,88178b8513fffff
2549,8816a55001fffff
2550,8816a58ac1fffff
2551,88178b6169fffff
2552,8816165233fffff
2553,88178b7593fffff
2554,88178b8597fffff
2555,881616502bfffff
2556,881616523dfffff
2557,8816a5c511fffff
2558,88178b7647fffff
2559,8816a0ba83fffff
2560,88178b10e7fffff
2561,88178ba0c3fffff
2562,8816a5a741fffff
2563,88178b8f07fffff
2564,8816a0969dfffff
2565,8816a5d8e5fffff
2566,8816a591c7fffff
2567,88178b12a1fffff
2568,8816a0a60bfffff
2569,8816a014e3fffff
2570,8816a0ba21fffff
2571,881616db19fffff
2572,88178b2407fffff
2573,8816a55983fffff
2574,8816a57219fffff
2575,88178b7249fffff
2576,88178b705dfffff
2577,8816a54ce3fffff
2578,8816a5822dfffff
2579,88178b719dfffff
2580,88161642d7fffff
2581,8816a58e09fffff
2582,88178b0309fffff
2583,8816a5ceadfffff
2584,8816a00655fffff
2585,8816a50d4bfffff
2586,8816a5c721fffff
2587,8816a08543fffff
2588,88178b15e9fffff
2589,88178b3b15fffff
2590,88178b35e7fffff
2591,8816a0b655fffff
2592,88178b099bfffff
2593,8816a5cd69fffff
2594,8816a5055dfffff
2595,8816a016e5fffff
2596,8816a5b669fffff
2597,88178b3a97fffff
2598,881789493bfffff
2599,8816a582e9fffff
2600,8816a5ba89fffff
2601,8816a54b3dfffff
2602,8816a5d06bfffff
2603,8816a5a1ddfffff
2604,88178b6e8dfffff
2605,8816a550c9fffff
2606,88178b2c81fffff
2607,8816a56357fffff
2608,88178bab61fffff
2609,8816a5b495fffff
2610,8816a5a315fffff
2611,8816a5b063fffff
2612,8816a50f09fffff
2613,881789496bfffff
2614,88178b3693fffff
2615,8816a5d19dfffff
2616,88178ba949fffff
2617,8816a5c1c5fffff
2618,8816a5ce89fffff
2619,88178b125dfffff
2620,8816a5b125fffff
2621,88178bb6c1fffff
2622,88178bad59fffff
2623,88178b8c33fffff
2624,8816a5c133fffff
2625,8816164acbfffff
2626,88178b36e7fffff
2627,88178b02c5fffff
2628,8816a5b5d5fffff
2629,8816164d25fffff
2630,88161652dbfffff
2631,8816a42633fffff
2632,88178b8047fffff
2633,8816a50b5bfffff
2634,88178b78cbfffff
2635,8816a5b8ebfffff
2636,8816a50883fffff
2637,8816a586e7fffff
2638,8816a58333fffff
2639,8816a5b52dfffff
2640,8816a5ba93fffff
2641,88178bbb21fffff
2642,8816a5cdb5fffff
2643,8816a0b267fffff
2644,8816a59861fffff
2645,88178b80c7fffff
2646,8816a42499fffff
2647,88161650e3fffff
2648,88178b0455fffff
2649,8816a5005bfffff
2650,88178b8029fffff
2651,8816167827fffff
2652,8816a59993fffff
2653,88178b82dbfffff
2654,8816a5c5c9fffff
2655,8816a08669fffff
2656,8816a5b823fffff
2657,88178b804bfffff
2658,88178b0f05fffff
2659,88178b7881fffff
2660,8816a5aae5fffff
2661,8816a5a19dfffff
2662,8816a5aad3fffff
2663,8816a508b9fffff
2664,8816a551d7fffff
2665,8816a5ca45fffff
2666,881616d963fffff
2667,8816a54085fffff
2668,88178b81abfffff
2669,8816a5885bfffff
2670,8816a50149fffff
2671,8816a0861bfffff
2672,8816a506ebfffff
2673,8816a59353fffff
2674,8816a0aae7fffff
2675,881616cb47fffff
2676,8816a5c74bfffff
2677,8816a0bb1dfffff
2678,8816a0b901fffff
2679,88178b0eadfffff
2680,8816165523fffff
2681,88178b15cdfffff
2682,8816a0a925fffff
2683,88178b168dfffff
2684,8816a5b031fffff
2685,8816a01701fffff
2686,8817894dc1fffff
2687,8816a5c50bfffff
2688,88178b6763fffff
2689,8816164045fffff
2690,88178b04e5fffff
2691,8816a5b0d5fffff
2692,88178b0447fffff
2693,88178b86c9fffff
2694,8816a58a91fffff
2695,8816a552d3fffff
2696,88178b8067fffff
2697,8816a58ae1fffff
2698,8816a55897fffff
2699,8816a096c9fffff
2700,88178b225bfffff
2701,88178b6c15fffff
2702,8816a0a233fffff
2703,8817897945fffff
2704,88178bae2bfffff
2705,88178b288dfffff
2706,88178b6ad5fffff
2707,8816a5b865fffff
2708,8816164a15fffff
2709,8816a55117fffff
2710,8816a50015fffff
2711,88178b82cbfffff
2712,88178ba2ebfffff
2713,8816a08c91fffff
2714,8816a585c5fffff
2715,88178b292bfffff
2716,8816a59463fffff
2717,8816a552a5fffff
2718,8816a548c3fffff
2719,8817894d13fffff
2720,8816a5b11dfffff
2721,8816164095fffff
2722,8816a5a0c9fffff
2723,8816164553fffff
2724,88178b245dfffff
2725,8816a54335fffff
2726,88161659c7fffff
2727,8817896b57fffff
2728,8816a58ad1fffff
2729,88178b70c3fffff
2730,8816a59903fffff
2731,881616446bfffff
2732,8816164e8bfffff
2733,88178b6359fffff
2734,881616795dfffff
2735,88178ba597fffff
2736,8816164b43fffff
2737,88178b66bbfffff
2738,8816a54dd9fffff
2739,8816a594edfffff
2740,8816a5c94dfffff
2741,8816a08605fffff
2742,88178b8569fffff
2743,8816a55543fffff
2744,881616d931fffff
2745,8816a592e3fffff
2746,8816a598a1fffff
2747,88178b31e1fffff
2748,8816a5c9a9fffff
2749,8816a5411bfffff
2750,88178b31d7fffff
2751,8816a55245fffff
2752,8816a5d705fffff
2753,8816a50549fffff
2754,8816a56a67fffff
2755,8816a0a669fffff
2756,8816a50081fffff
2757,88161650a9fffff
2758,88178b2de7fffff
2759,8816a5c9bdfffff
2760,88178bb9b9fffff
2761,88161651e5fffff
2762,8816a0ba05fffff
2763,88178b0853fffff
2764,8816a5a95bfffff
2765,88178bb8b5fffff
2766,88161642adfffff
2767,8817897817fffff
2768,88178baf03fffff
2769,881616501dfffff
2770,88178b1547fffff
2771,8816a424b5fffff
2772,88178b2de9fffff
2773,8816a424a5fffff
2774,88178b6eb5fffff
2775,88178b8edbfffff
2776,88178b375dfffff
2777,8816a51359fffff
2778,8816a59441fffff
2779,88178b7311fffff
2780,88178b94bdfffff
2781,8816a5488bfffff
2782,88161642e9fffff
2783,88178b34e9fffff
2784,88178bb555fffff
2785,88178b3183fffff
2786,8816a5cb31fffff
2787,88178b3157fffff
2788,8816a5c0e1fffff
2789,8816a0a197fffff
2790,88178b74d3fffff
2791,8816a598a9fffff
2792,8816a0b8d7fffff
2793,8816a50807fffff
2794,8816a55819fffff
2795,8816a5d8c5fffff
2796,88178bac41fffff
2797,8816a5468dfffff
2798,8816a5b9b9fffff
2799,8816a58c91fffff
2800,88178bb46dfffff
2801,8816a55a99fffff
2802,88178b150bfffff
2803,8816a58c9dfffff
2804,8816a5d08dfffff
2805,8816a5d203fffff
2806,88178b0da1fffff
2807,88161652d7fffff
2808,88178b2a21fffff
2809,8816a591ebfffff
2810,88161679e9fffff
2811,8816a5cdd7fffff
2812,88178b2cd3fffff
2813,8816a56361fffff
2814,8816a55457fffff
2815,8816a54ac3fffff
2816,88178b1717fffff
2817,8816a5a127fffff
2818,88178b7183fffff
2819,8816a0ba17fffff
2820,8816a5892dfffff
2821,8816a59aadfffff
2822,8816164995fffff
2823,8816a55733fffff
2824,88178ba155fffff
2825,88178b0a43fffff
2826,8816a5d525fffff
2827,8816a5c861fffff
2828,8816164067fffff
2829,8816a0b121fffff
2830,88178979b5fffff
2831,88178b7591fffff
2832,88178b3055fffff
2833,88178b6755fffff
2834,88178b6723fffff
2835,8816a555c7fffff
2836,8816a5a221fffff
2837,8816a50f63fffff
2838,88178b7a17fffff
2839,88161679e3fffff
2840,88178b2a27fffff
2841,8816a0b311fffff
2842,8816167b65fffff
2843,8816164aabfffff
2844,8816a5502dfffff
2845,8816a5d455fffff
2846,88178bb9a5fffff
2847,8816a5a365fffff
2848,8816a5bb0bfffff
2849,8816a0a609fffff
2850,8816a50e59fffff
2851,8816a0a337fffff
2852,88178b7323fffff
2853,8816a084d5fffff
2854,881616c90dfffff
2855,8816165815fffff
2856,8816a55649fffff
2857,88178b0311fffff
2858,8816a588b3fffff
2859,88178baf55fffff
2860,88161649c3fffff
2861,8816a5726dfffff
2862,8816a08651fffff
2863,88178b84c1fffff
2864,8816a501a7fffff
2865,8817897b03fffff
2866,88178b3631fffff
2867,8816a5cd8dfffff
2868,8816a5b0a7fffff
2869,88178b14dbfffff
2870,88178b76ddfffff
2871,8816a5b285fffff
2872,88178b20ddfffff
2873,8816a08c57fffff
2874,8816a51041fffff
2875,8816a5133dfffff
2876,8816a0042bfffff
2877,88178bb8ddfffff
2878,88178ba617fffff
2879,88178b8d5dfffff
2880,8816a5b029fffff
2881,88178b3457fffff
2882,88161651d1fffff
2883,8816a0b2c1fffff
2884,8816a5d4c7fffff
2885,8816a5a201fffff
2886,8816165539fffff
2887,8816a54353fffff
2888,88178b8007fffff
2889,8816a58129fffff
2890,88178b35d5fffff
2891,8816a519e3fffff
2892,88178b26d5fffff
2893,8816a5c35dfffff
2894,88178ba91bfffff
2895,8816a54e9bfffff
2896,8816a51327fffff
2897,8816a5ce2dfffff
2898,8816a0041bfffff
2899,8816a50913fffff
2900,8816a08e09fffff
2901,88178b0301fffff
2902,8816a50f59fffff
2903,88178b0e67fffff
2904,8816a5b4a3fffff
2905,88178b0029fffff
2906,8816a5858bfffff
2907,8816a5cb5dfffff
2908,8816a0ba65fffff
2909,8816a54a61fffff
2910,88178ba8c3fffff
2911,881616589bfffff
2912,8816a5534bfffff
2913,8816a5ce07fffff
2914,8816a55a2bfffff
2915,88178b7259fffff
2916,8816a5b885fffff
2917,8816a080e3fffff
2918,88178b7595fffff
2919,8816a0aa3bfffff
2920,8816a541d5fffff
2921,8816a5d15bfffff
2922,88178baa1bfffff
2923,8816a50b25fffff
2924,88178b6225fffff
2925,8816a55587fffff
2926,8816a5596bfffff
2927,88178b35abfffff
2928,88178bb919fffff
2929,88178b6f29fffff
2930,88178bb315fffff
2931,88178b393bfffff
2932,8816a54011fffff
2933,8816a5803dfffff
2934,8816a550e7fffff
2935,88178b361bfffff
2936,88178b8293fffff
2937,88178b2261fffff
2938,8816a5c467fffff
2939,8816a55a4bfffff
2940,8816a5c923fffff
2941,88178b16a1fffff
2942,88178b7619fffff
2943,8816a59197fffff
2944,88178b20a5fffff
2945,8816a58f5bfffff
2946,8816a506cbfffff
2947,8816a511abfffff
2948,8816a08e15fffff
2949,8816a57b65fffff
2950,8816a00627fffff
2951,881616d90dfffff
2952,8816a5a235fffff
2953,88178b6e43fffff
2954,88178bb345fffff
2955,88178b643bfffff
2956,88178b66b7fffff
2957,8817894c9bfffff
2958,88178b6865fffff
2959,88178b002bfffff
2960,8816a0b2b3fffff
2961,8816a5bab9fffff
2962,88178b6659fffff
2963,88178b8e19fffff
2964,8816a08c3dfffff
2965,88178b6c81fffff
2966,88178b6dd1fffff
2967,88178bb2b9fffff
2968,881616c9a7fffff
2969,8816a5c85dfffff
2970,8816a54f31fffff
2971,8816a5b4b7fffff
2972,8816a58ca1fffff
2973,8816a51151fffff
2974,881616536bfffff
2975,881616c913fffff
2976,88178b365bfffff
2977,8816a55559fffff
2978,88178bb539fffff
2979,8816a5453dfffff
2980,88178b385bfffff
2981,88178b0565fffff
2982,8816a086bbfffff
2983,8816a55b67fffff
2984,88178b316bfffff
2985,8816a579dbfffff
2986,8816a5b62dfffff
2987,8816a0b50bfffff
2988,8817894f31fffff
2989,8816a580c9fffff
2990,8816a5a013fffff
2991,8816a5c113fffff
2992,8816a54a4bfffff
2993,8816165a05fffff
2994,8816a08c31fffff
2995,8816a572c9fffff
2996,88178b6e29fffff
2997,88178b6d8dfffff
2998,8816a0854bfffff
2999,8816167953fffff
3000,8816a54439fffff
3001,8816a0a129fffff
3002,88178b78c7fffff
3003,8816a5d1d5fffff
3004,8816a5c533fffff
3005,8816a58e1bfffff
3006,8816a55331fffff
3007,88178b8e25fffff
3008,8816a00559fffff
3009,8816a59507fffff
3010,8816a0b36dfffff
3011,88178b2ed9fffff
3012,88161652c1fffff
3013,88178b0cb1fffff
3014,8816a0b985fffff
3015,8816a5b34bfffff
3016,88178b6ccbfffff
3017,8816a51aebfffff
3018,8816a5d8c9fffff
3019,8816a5d2a3fffff
3020,88178b94e5fffff
3021,88178bb237fffff
3022,8816a50313fffff
3023,88178b2a19fffff
3024,8816a50621fffff
3025,88178b0411fffff
3026,88161645b5fffff
3027,8816a54007fffff
3028,88178bb9cdfffff
3029,8816a502e3fffff
3030,8816a5874dfffff
3031,8816a508ebfffff
3032,8816a5c267fffff
3033,88178b0f07fffff
3034,88178ba2e3fffff
3035,88178b28b9fffff
3036,8816a555bdfffff
3037,8816a5b115fffff
3038,88178bba61fffff
3039,8816a0b511fffff
3040,88161649a5fffff
3041,88178bb431fffff
3042,8816a08eb1fffff
3043,8816a5c0ebfffff
3044,8816a57359fffff
3045,8816a508cbfffff
3046,8816a54dbbfffff
3047,88161659a9fffff
3048,8816a5a2a1fffff
3049,8816a571bbfffff
3050,8816a58dd5fffff
3051,8816a59881fffff
3052,8816a0ab3dfffff
3053,8816a5576dfffff
3054,88178bb51bfffff
3055,88178bb429fffff
3056,8816a5b199fffff
3057,88178b6c59fffff
3058,88178b1009fffff
3059,8816a50507fffff
3060,88178bb051fffff
3061,88178b0809fffff
3062,8816a5bb63fffff
3063,8816a5948bfffff
3064,88178b04b5fffff
3065,8816a501c5fffff
3066,8816a54847fffff
3067,8816a57101fffff
3068,8816a50eebfffff
3069,8816a42491fffff
3070,8816a590ddfffff
3071,8816a55881fffff
3072,8816a58087fffff
3073,88178b6739fffff
3074,88178b6d95fffff
3075,8816a5022dfffff
3076,8816a50867fffff
3077,88178bb5c3fffff
3078,88178b31a9fffff
3079,8816a01443fffff
3080,8816a5c141fffff
3081,8816a598b1fffff
3082,8816a5cc5bfffff
3083,88178b80d1fffff
3084,8816165167fffff
3085,8816a5d1c1fffff
3086,88178bab2bfffff
3087,881616c9a1fffff
3088,8816a5495dfffff
3089,8816a5029bfffff
3090,8816a5b305fffff
3091,8816a5431dfffff
3092,8816a54359fffff
3093,8816164c69fffff
3094,8817894d6bfffff
3095,8816a09427fffff
3096,88178b30cbfffff
3097,8816a59093fffff
3098,8816a5d6bbfffff
3099,8816164ea5fffff
3100,8816a57327fffff
3101,8816a59167fffff
3102,8816a5d249fffff
3103,88178b9547fffff
3104,8816a5712dfffff
3105,88178b34c3fffff
3106,88178b76dbfffff
3107,8816a50823fffff
3108,8816164897fffff
3109,88178b0a9bfffff
3110,88178b2cd5fffff
3111,8817894905fffff
3112,8816a0aa09fffff
3113,8816a55341fffff
3114,88178b611bfffff
3115,8816a0b2e5fffff
3116,8816a51a29fffff
3117,8816a50d19fffff
3118,8816a54c81fffff
3119,88178b635dfffff
3120,8816a54451fffff
3121,8816a55b27fffff
3122,8816a54c29fffff
3123,88178bb41bfffff
3124,8816a5981dfffff
3125,8816a5b353fffff
3126,8816a5a02dfffff
3127,8816164563fffff
3128,8816a085cdfffff
3129,88178ba8c7fffff
3130,8816a5911dfffff
3131,8816a5b163fffff
3132,88178b6087fffff
3133,8817894d67fffff
3134,8816a500dbfffff
3135,88178b8a97fffff
3136,8816a58345fffff
3137,8816a5054bfffff
3138,88178b6ec7fffff
3139,8816a0858bfffff
3140,8816a5416dfffff
3141,88178b0ca5fffff
3142,88178bacc5fffff
3143,8816a5831dfffff
3144,8816a5a1edfffff
3145,8817897903fffff
3146,88178b3453fffff
3147,8816a5d33dfffff
3148,8816a58d61fffff
3149,88178bb759fffff
3150,88178bad13fffff
3151,8816a0a545fffff
3152,88178bb2a1fffff
3153,8816a51555fffff
3154,8816a5d567fffff
3155,8816a596d9fffff
3156,881616d903fffff
3157,8816a5c10dfffff
3158,8816a58b63fffff
3159,8816a5996dfffff
3160,8816a0169dfffff
3161,8816a0a1d7fffff
3162,88178b8c4bfffff
3163,8816a5d8e1fffff
3164,8816a5cf25fffff
3165,88178b2d2bfffff
3166,88178b0735fffff
3167,8816a0b8bdfffff
3168,88178b6c09fffff
3169,8816a58d37fffff
3170,88178b8e13fffff
3171,8816a544a7fffff
3172,8816a0b9abfffff
3173,88178b1251fffff
3174,88178ba4c1fffff
3175,8816a00293fffff
3176,8816a0a72dfffff
3177,8816a0a2cbfffff
3178,88178b2867fffff
3179,8816a5862bfffff
3180,881616573bfffff
3181,8816a50e5dfffff
3182,8816a546a7fffff
3183,8816a51b27fffff
3184,88178b15c3fffff
3185,8816a08c0bfffff
3186,8816165893fffff
3187,8816a55addfffff
3188,8816a5c201fffff
3189,8816a0a0a7fffff
3190,8816a5cc97fffff
3191,8816a0b739fffff
3192,88178b6741fffff
3193,8816a591a5fffff
3194,8816a5ca9bfffff
3195,88178b30a3fffff
3196,8816a5b1abfffff
3197,8816a5d513fffff
3198,88178ba5ebfffff
3199,8816a5aac1fffff
3200,8816a5b94bfffff
3201,8816a544e3fffff
3202,88178b1565fffff
3203,8816a00561fffff
3204,8816a50543fffff
3205,8817894967fffff
3206,8816a0b117fffff
3207,8816a59833fffff
3208,88178baa11fffff
3209,881616554bfffff
3210,88178b7521fffff
3211,8816164e47fffff
3212,88178ba1cbfffff
3213,8816a5a009fffff
3214,88178b08e9fffff
3215,88178b2ccdfffff
3216,88178b622dfffff
3217,88178b9465fffff
3218,8816a094dbfffff
3219,8816a58317fffff
3220,8816a5d721fffff
3221,88161659a1fffff
3222,8816a08e47fffff
3223,8816a599e7fffff
3224,8816a5d46bfffff
3225,8816a5c5a3fffff
3226,8816a0b143fffff
3227,8816a50ccdfffff
3228,8816a5aa83fffff
3229,8816a55269fffff
3230,8816a558e3fffff
3231,88178b0a19fffff
3232,8816164cd1fffff
3233,8816a58593fffff
3234,8816a08461fffff
3235,88178b74c5fffff
3236,8816a5b957fffff
3237,8816a0155bfffff
3238,88178b0615fffff
3239,8816a5480dfffff
3240,8816a5c73dfffff
3241,8816a50f61fffff
3242,8816a58961fffff
3243,8816a5ce45fffff
3244,8816a55139fffff
3245,8816a5470bfffff
3246,8816a51467fffff
3247,8816a5cf4dfffff
3248,88178b0e95fffff
3249,8816164b3dfffff
3250,88178b6655fffff
3251,8816a51303fffff
3252,8816a510bdfffff
3253,88178b6531fffff
3254,88161641bbfffff
3255,88178949c9fffff
3256,88178b2011fffff
3257,8816a548d9fffff
3258,8816a55b5dfffff
3259,88178bae9dfffff
3260,8816165993fffff
3261,8816a54b19fffff
3262,88178b3585fffff
3263,8816a58109fffff
3264,88178b8751fffff
3265,88178bb1e3fffff
3266,8816a0a1abfffff
3267,8816a5c6b9fffff
3268,88178b6d37fffff
3269,88178b76a7fffff
3270,88178b2aa5fffff
3271,88178b72c7fffff
3272,8816a58d33fffff
3273,8816a426b7fffff
3274,8816a54909fffff
3275,8816a55525fffff
3276,88178b6a21fffff
3277,8816a54f57fffff
3278,8816165abbfffff
3279,8816a5d70dfffff
3280,88178b825dfffff
3281,8816a5d8b9fffff
3282,8816a5531dfffff
3283,8816a56941fffff
3284,8816a5c411fffff
3285,8816a5025bfffff
3286,8816a5ccb9fffff
3287,8816164a97fffff
3288,881616495dfffff
3289,8817894cb7fffff
3290,8816a0b42dfffff
3291,8817897a01fffff
3292,88161645b7fffff
3293,88178b74c1fffff
3294,8816a5c617fffff
3295,8816a514a7fffff
3296,8816a50c2bfffff
3297,8816a540e5fffff
3298,8816a0b805fffff
3299,881616504dfffff
3300,8817894f17fffff
3301,8816a5d669fffff
3302,88178bad5dfffff
3303,8816a5a297fffff
3304,8816a50811fffff
3305,88178b8c05fffff
3306,8816a59759fffff
3307,88178bba81fffff
3308,8816a55027fffff
3309,88178b3841fffff
3310,88178b0425fffff
3311,8816a55585fffff
3312,8816a55159fffff
3313,8816a50b21fffff
3314,8816a5d121fffff
3315,88178bb595fffff
3316,88178b1ab1fffff
3317,8816a5c997fffff
3318,88178b0649fffff
3319,8816164755fffff
3320,8816a0b11bfffff
3321,88178b6597fffff
3322,88178bac9bfffff
3323,8816a5d237fffff
3324,88178b612dfffff
3325,88178b2309fffff
3326,88178b05adfffff
3327,88161651cbfffff
3328,88178b09e9fffff
3329,8816a50e67fffff
3330,8816a59b5bfffff
3331,8816a514c7fffff
3332,8816a50335fffff
3333,88178bae8bfffff
3334,88178b0c43fffff
3335,88178b7723fffff
3336,88178b14d5fffff
3337,8816165ae9fffff
3338,8816a0a025fffff
3339,8816a591dbfffff
3340,8816a55769fffff
3341,88178949c1fffff
3342,8816a5b6a3fffff
3343,8816a58211fffff
3344,8816a5a1e9fffff
3345,88178bb98dfffff
3346,8816a0858dfffff
3347,8816a59405fffff
3348,88178b956bfffff
3349,88178b08e1fffff
3350,88178b396dfffff
3351,881616d95dfffff
3352,8816a545b1fffff
3353,8816a5b601fffff
3354,8816a59ac9fffff
3355,88178ba943fffff
3356,8816a556bbfffff
3357,8816a0aab5fffff
3358,8816a54a51fffff
3359,8816a5942bfffff
3360,8816a592a3fffff
3361,8816a58645fffff
3362,8816a546adfffff
3363,88178b6187fffff
3364,8816a0b8b1fffff
3365,8816a006cbfffff
3366,8816a59165fffff
3367,8816a08449fffff
3368,8816a550e5fffff
3369,88178bb895fffff
3370,8816a591b5fffff
3371,88178b7269fffff
3372,8816a0a141fffff
3373,88178bb419fffff
3374,88178b275dfffff
3375,8816a578bdfffff
3376,8816a0b36bfffff
3377,8816a554c5fffff
3378,8816a50955fffff
3379,88178bb185fffff
3380,88178b80d5fffff
3381,88178b0999fffff
3382,88178b90bbfffff
3383,8816a5015dfffff
3384,8816a50153fffff
3385,88178b3853fffff
3386,8816a42689fffff
3387,8816a0aa39fffff
3388,8816a0aa87fffff
3389,8816165941fffff
3390,88178b7247fffff
3391,88178b02b1fffff
3392,8816a5cf2bfffff
3393,88178b1527fffff
3394,8816a54087fffff
3395,8816a58739fffff
3396,8816a58557fffff
3397,88178b6355fffff
3398,8816a50869fffff
3399,88178b7661fffff
3400,8816a0159dfffff
3401,8817897b2dfffff
3402,8816a5180dfffff
3403,88178b3589fffff
3404,88178b6c4dfffff
3405,8816164f29fffff
3406,88178b8c9bfffff
3407,8816a58c37fffff
3408,8816a54d53fffff
3409,8816a0b149fffff
3410,8816a588ddfffff
3411,88178ba113fffff
3412,88178bb6a3fffff
3413,88178b2615fffff
3414,8816a54e45fffff
3415,88178b39b7fffff
3416,8816a5a2e9fffff
3417,88178bb4ebfffff
3418,88161652b9fffff
3419,88178bad9bfffff
3420,8816a50ce7fffff
3421,8816a5d1e1fffff
3422,88178b8d09fffff
3423,88178b2091fffff
3424,8816a08dc5fffff
3425,8816a0a051fffff
3426,88178b84abfffff
3427,88178b048bfffff
3428,88178b78d7fffff
3429,88178ba24bfffff
3430,8816a59059fffff
3431,8816a540a5fffff
3432,8816a514c3fffff
3433,8816a5119dfffff
3434,8816a5d0a5fffff
3435,8816a5c667fffff
3436,88178bb5d1fffff
3437,88178bb9abfffff
3438,8816a51305fffff
3439,8816a42cb3fffff
3440,8816164c39fffff
3441,88178ba76dfffff
3442,8816a51535fffff
3443,8816165a0bfffff
3444,8816a0b623fffff
3445,88178b2f15fffff
3446,881616436bfffff
3447,88178ba801fffff
3448,88178b70b9fffff
3449,88178b8c27fffff
3450,8816a50e0dfffff
3451,8816a510e7fffff
3452,88178ba4edfffff
3453,88178b0125fffff
3454,8816a5d72dfffff
3455,8816a580b7fffff
3456,88178b174dfffff
3457,8816a5d111fffff
3458,8816a58a5dfffff
3459,8816a5b165fffff
3460,8816a51429fffff
3461,8816a58a1dfffff
3462,88178b74a5fffff
3463,88178b2a01fffff
3464,8816165825fffff
3465,88178b2927fffff
3466,8816a0b051fffff
3467,88178bba13fffff
3468,88178b7525fffff
3469,8816a50f67fffff
3470,8816a5025dfffff
3471,8816a54c1bfffff
3472,8816a592d5fffff
3473,88178ba089fffff
3474,88178ba127fffff
3475,8816a55207fffff
3476,8816a08e5bfffff
3477,8816a50129fffff
3478,88178b640bfffff
3479,8816a5b6bdfffff
3480,8816a571e9fffff
3481,88178b8469fffff
3482,8816a01599fffff
3483,88178b3427fffff
3484,88178b6765fffff
3485,88178b01d9fffff
3486,8816a5a95dfffff
3487,8816a51803fffff
3488,88178b2ca5fffff
3489,8816a08c69fffff
3490,8816a5aa45fffff
3491,88178b821bfffff
3492,8816a5b68bfffff
3493,8816a5692dfffff
3494,8816a502d9fffff
3495,88178b29ebfffff
3496,8816a51249fffff
3497,8816a0a81dfffff
3498,8816a59311fffff
3499,8816164e2dfffff
3500,8816165947fffff
3501,8816a50b55fffff
3502,88178b366dfffff
3503,88178baec5fffff
3504,8816a5958dfffff
3505,88178ba1cdfffff
3506,8816a588e5fffff
3507,88178b15b9fffff
3508,8816a5a2b1fffff
3509,8816a5b6c1fffff
3510,881616d805fffff
3511,8816a5d11bfffff
3512,88178b7727fffff
3513,8816a0b159fffff
3514,8816a51965fffff
3515,8816a545adfffff
3516,88178b44d3fffff
3517,8816a554dbfffff
3518,8816a55a25fffff
3519,8816a08c93fffff
3520,8816a5940bfffff
3521,8816a579a5fffff
3522,8817897807fffff
3523,88161658e5fffff
3524,88178b2ce3fffff
3525,8816a59343fffff
3526,8816a59227fffff
3527,8816a08ecdfffff
3528,8816a58d23fffff
3529,8816a55833fffff
3530,8816a5b9a1fffff
3531,88178b7aa7fffff
3532,8816a002dbfffff
3533,88178b8639fffff
3534,8816a594cdfffff
3535,8816a5cccdfffff
3536,88178bae39fffff
3537,88161652a3fffff
3538,8816164ab5fffff
3539,8816a09617fffff
3540,88178b6dcdfffff
3541,88178baeb5fffff
3542,88178b624bfffff
3543,88178b11d9fffff
3544,8816a54f0dfffff
3545,88178b90ddfffff
3546,88178ba00bfffff
3547,8816a0840bfffff
3548,8816a5ab3bfffff
3549,881616591dfffff
3550,8816164739fffff
3551,88178ba8c9fffff
3552,88178b0d97fffff
3553,8816a54cb7fffff
3554,88178baf37fffff
3555,8816a00687fffff
3556,8816a09657fffff
3557,8816a0a1dbfffff
3558,8816a58a8bfffff
3559,88178b7759fffff
3560,8816a540e1fffff
3561,8816a59711fffff
3562,8816a511ebfffff
3563,8816a0b815fffff
3564,88178bac8dfffff
3565,8816a5d681fffff
3566,8816a5d057fffff
3567,88178b952bfffff
3568,88178b840dfffff
3569,8816a5a13dfffff
3570,8816a5b63bfffff
3571,8816a0b5a1fffff
3572,8816a5d501fffff
3573,8816a514b7fffff
3574,88178b2a25fffff
3575,8816a0ba27fffff
3576,8816a0b73bfffff
3577,8816a5d20bfffff
3578,8816a0bb67fffff
3579,8816a004e7fffff
3580,88178b74c3fffff
3581,8816a005cbfffff
3582,8816a5569dfffff
3583,8816a0a017fffff
3584,8816a0b0cdfffff
3585,8816a540a3fffff
3586,88178b8201fffff
3587,8816a50557fffff
3588,8816a0a031fffff
3589,88178b2a2dfffff
3590,8816a5123bfffff
3591,8816a5b9d3fffff
3592,88178b1433fffff
3593,8816a42481fffff
3594,88178b75e7fffff
3595,88178b0dedfffff
3596,8816a57b3dfffff
3597,8816a50407fffff
3598,8816a5b9ebfffff
3599,88178b710bfffff
3600,8816a5d087fffff
3601,8816a51563fffff
3602,88178bb9dbfffff
3603,88178ba31bfffff
3604,8816a54de5fffff
3605,881616419dfffff
3606,8816a0b0ebfffff
3607,8816a5aa15fffff
3608,8816a00711fffff
3609,88178b722dfffff
3610,8816a59629fffff
3611,88178b652dfffff
3612,88178b7ad3fffff
3613,88178bb55dfffff
3614,88178b6845fffff
3615,8816a55867fffff
3616,8816a58b5dfffff
3617,88178b0e3dfffff
3618,8816a5c905fffff
3619,8816a5ba1dfffff
3620,8816a5594dfffff
3621,8816a0b923fffff
3622,8816a580cbfffff
3623,88178ba881fffff
3624,88178b7889fffff
3625,88178bb2edfffff
3626,8816165155fffff
3627,8816a0aa9bfffff
3628,88178b7655fffff
3629,88161641d7fffff
3630,88178b21d1fffff
3631,8816a58133fffff
3632,8816a54d1dfffff
3633,8817894989fffff
3634,88178b0e0dfffff
3635,8816165363fffff
3636,8816a01725fffff
3637,8816a0a16dfffff
3638,88178b86e3fffff
3639,8816a5a1e7fffff
3640,8816a0b1d1fffff
3641,8816165357fffff
3642,8816a08e0dfffff
3643,8816a5b85dfffff
3644,8816a56949fffff
3645,8816165a87fffff
3646,8816a5b133fffff
3647,88178b820dfffff
3648,88161651c3fffff
3649,8816a5b9c5fffff
3650,8816a54ee7fffff
3651,88178b0a51fffff
3652,88178b78e3fffff
3653,8816a5cea5fffff
3654,8816a5d59dfffff
3655,88178b12b1fffff
3656,8816a519d5fffff
3657,8816a54b31fffff
3658,88178b8219fffff
3659,88178b6ec9fffff
3660,88178b2a53fffff
3661,88178b682dfffff
3662,8816a5c6bdfffff
3663,88178b7047fffff
3664,8816a592b3fffff
3665,8816a5104bfffff
3666,8816a5945dfffff
3667,881616db61fffff
3668,88178b7013fffff
3669,8816164285fffff
3670,8816a588d1fffff
3671,8816a540dbfffff
3672,88178b86b1fffff
3673,88178b755bfffff
3674,88178bb645fffff
3675,8816a0a09bfffff
3676,88178ba6ebfffff
3677,88161655e3fffff
3678,88178b3257fffff
3679,88178ba613fffff
3680,88178ba4cdfffff
3681,8816a581ebfffff
3682,8816a54d9bfffff
3683,88178b11e1fffff
3684,8816a55885fffff
3685,8816a5b519fffff
3686,8816a51b21fffff
3687,88178b2d03fffff
3688,8816a54c0dfffff
3689,88178baee1fffff
3690,88178b14c1fffff
3691,8816165555fffff
3692,8816a5128dfffff
3693,8816a5191dfffff
3694,8816165123fffff
3695,8816a5aab1fffff
3696,88178bb4cbfffff
3697,8816a59329fffff
3698,8816a08639fffff
3699,88161658d5fffff
3700,8816a5040bfffff
3701,8816a54f39fffff
3702,8816165ae1fffff
3703,88178b32d9fffff
3704,8816164d69fffff
3705,8816a5c717fffff
3706,8816a58367fffff
3707,8816a5a927fffff
3708,8816a59413fffff
3709,8816a0a207fffff
3710,8816165569fffff
3711,88178b261dfffff
3712,8816a59369fffff
3713,8816a012d7fffff
3714,8816a54441fffff
3715,8816167b43fffff
3716,8816a5c5d3fffff
3717,8816a5d193fffff
3718,8816a5b1b9fffff
3719,8816a5022bfffff
3720,8816a01407fffff
3721,88178b752dfffff
3722,88178b31a5fffff
3723,88178b6769fffff
3724,88178b8a83fffff
3725,8816165827fffff
3726,8816a578a1fffff
3727,88178b3ac9fffff
3728,8816a5085dfffff
3729,8816a5865dfffff
3730,88178bb913fffff
3731,88178baab3fffff
3732,88178948edfffff
3733,88178b6adbfffff
3734,88178b2455fffff
3735,881616d905fffff
3736,8816a08681fffff
3737,88178bad3dfffff
3738,8816165041fffff
3739,88178978edfffff
3740,88178b2d8bfffff
3741,8816a0a005fffff
3742,8816a55033fffff
3743,88178baf2dfffff
3744,8816a5d2d1fffff
3745,8816a5cc17fffff
3746,88178b8cabfffff
3747,8816a512b9fffff
3748,8816a56b23fffff
3749,8816a0b5b1fffff
3750,88178b84d9fffff
3751,88161652e1fffff
3752,88178b3ab1fffff
3753,8816a59157fffff
3754,88178b95a7fffff
3755,88178b6837fffff
3756,88178b724dfffff
3757,8816a5b5b9fffff
3758,8816a540bbfffff
3759,8816a5009dfffff
3760,8816164467fffff
3761,8816165803fffff
3762,88161652d3fffff
3763,88178b0c2bfffff
3764,88178b3881fffff
3765,8816a0a11bfffff
3766,8816a58895fffff
3767,8816a59969fffff
3768,88178ba2e5fffff
3769,88178ba099fffff
3770,88178b3b43fffff
3771,88178ba0e7fffff
3772,88178bad1bfffff
3773,88178b2c67fffff
3774,8816a5cd9bfffff
3775,8816a4243dfffff
3776,88178b393dfffff
3777,88178b3657fffff
3778,8816a58d5bfffff
3779,88178b605dfffff
3780,8816a5a947fffff
3781,8816a55a65fffff
3782,88161648b1fffff
3783,8816a58dddfffff
3784,8816a50249fffff
3785,8816a54a97fffff
3786,8816164009fffff
3787,8816a08567fffff
3788,8816a56343fffff
3789,8816a58243fffff
3790,88178b24d3fffff
3791,88178bb863fffff
3792,88178baf49fffff
3793,88178b0c9bfffff
3794,88178ba0a1fffff
3795,8816a5b121fffff
3796,88178bb489fffff
3797,88161651b9fffff
3798,8816a5b36dfffff
3799,8816a0a307fffff
3800,8816a5c44bfffff
3801,8816a000d3fffff
3802,8816164d39fffff
3803,88178ba989fffff
3804,8816a59003fffff
3805,88178b81a7fffff
3806,88178b2a49fffff
3807,8816a5b8b7fffff
3808,88178b3487fffff
3809,88178ba9bdfffff
3810,8816a0a941fffff
3811,8816a5ab69fffff
3812,8816a426e3fffff
3813,88178b95b3fffff
3814,8816a0a217fffff
3815,88178b0825fffff
3816,8816a55a47fffff
3817,8816a599a7fffff
3818,8816a5b2ddfffff
3819,88178b341bfffff
3820,8816a0b4c7fffff
3821,8816a5ba01fffff
3822,8816a51037fffff
3823,8816a5155bfffff
3824,8816a0075dfffff
3825,88178b8f3dfffff
3826,8816a5c5b7fffff
3827,8816a5933bfffff
3828,88178b1111fffff
3829,8816a51947fffff
3830,8816a5913dfffff
3831,88178b6ed3fffff
3832,88178b3435fffff
3833,88178b04a7fffff
3834,8816a5543bfffff
3835,88178b31b9fffff
3836,8816a0af49fffff
3837,88178b2a09fffff
3838,88178ba585fffff
3839,8816a5132bfffff
3840,88178ba62dfffff
3841,88178b62d9fffff
3842,88178b2d55fffff
3843,88178b0801fffff
3844,8816a0a663fffff
3845,8817894c6dfffff
3846,8816164dedfffff
3847,88161642e5fffff
3848,8816a571b7fffff
3849,8816a5b35bfffff
3850,8816164199fffff
3851,88178b3143fffff
3852,8817897981fffff
3853,8816a5c1a9fffff
3854,88178ba6e3fffff
3855,88178b0ddbfffff
3856,8816a5c227fffff
3857,8816a094d1fffff
3858,88178bb1adfffff
3859,8816a50143fffff
3860,8816a50aa1fffff
3861,88178b2e05fffff
3862,88178b30e7fffff
3863,8816a51867fffff
3864,8816a5a08dfffff
3865,8816a51941fffff
3866,8816a571b3fffff
3867,88178b2e37fffff
3868,88178b39e9fffff
3869,8816a541d7fffff
3870,8816a57809fffff
3871,88178b730bfffff
3872,8816a0b0a3fffff
3873,8816a5d031fffff
3874,8816a518b9fffff
3875,8816a5070dfffff
3876,8816a5b33dfffff
3877,8816a00623fffff
3878,8816a0ba29fffff
3879,8816a5c541fffff
3880,8816a09687fffff
3881,881616d80dfffff
3882,88178b062dfffff
3883,88178ba04bfffff
3884,881616435bfffff
3885,8816a08293fffff
3886,88178b670bfffff
3887,88178b7765fffff
3888,88178b15edfffff
3889,8816a5009bfffff
3890,8816a58d59fffff
3891,8816a0a817fffff
3892,8816164999fffff
3893,88178b2363fffff
3894,88178b0cdbfffff
3895,8816a54e0dfffff
3896,88178b2059fffff
3897,88178b3a6bfffff
3898,88178bb585fffff
3899,8816a09499fffff
3900,88178b7637fffff
3901,8816a58745fffff
3902,8816a5c095fffff
3903,8816a552d7fffff
3904,8816a500cbfffff
3905,8816a58285fffff
3906,8816164ab3fffff
3907,8816a516c7fffff
3908,8816a08637fffff
3909,8816a5d75dfffff
3910,8816164c9bfffff
3911,88178b3b1bfffff
3912,8816a59657fffff
3913,88178b60a5fffff
3914,8816a54d01fffff
3915,8816a59153fffff
3916,88178b7601fffff
3917,8816164839fffff
3918,88178b08bdfffff
3919,8816a58c21fffff
3920,8816164a65fffff
3921,8816a0b199fffff
3922,88178b6661fffff
3923,88178b4697fffff
3924,8816a58039fffff
3925,8816a556e3fffff
3926,88178b0087fffff
3927,8816a59681fffff
3928,88178b0e4bfffff
3929,8816a55817fffff
3930,8816a5bae7fffff
3931,88178b6f67fffff
3932,8816a57a2bfffff
3933,8816a59a07fffff
3934,88178b9405fffff
3935,881616498dfffff
3936,8816a50eabfffff
3937,88178bb5a5fffff
3938,8816a5a2a5fffff
3939,8816a58853fffff
3940,8816a55935fffff
3941,8816a096b3fffff
3942,88178b08c9fffff
3943,88178bb1c7fffff
3944,8816a50a5bfffff
3945,88178b72d5fffff
3946,8816a58141fffff
3947,8816a0b9d9fffff
3948,8816a58ea3fffff
3949,881616424dfffff
3950,88178b3a09fffff
3951,88178bb5a3fffff
3952,8816a01747fffff
3953,8816a01531fffff
3954,8816a58693fffff
3955,8816a08c8bfffff
3956,88178baa43fffff
3957,8816a599c3fffff
3958,88178b9423fffff
3959,8816a0ba0dfffff
3960,8816a5bb0dfffff
3961,88178b3515fffff
3962,88178b84d1fffff
3963,88178b01bdfffff
3964,8816a5c413fffff
3965,8816a42583fffff
3966,8816164225fffff
3967,8816a5ce37fffff
3968,8816a5153dfffff
3969,88178bae59fffff
3970,8816a094b5fffff
3971,8816a0bb2bfffff
3972,88178b0863fffff
3973,8816a0b317fffff
3974,8816a54d35fffff
3975,8816a5c035fffff
3976,8816165989fffff
3977,8816a51057fffff
3978,88178ba895fffff
3979,8816a5caadfffff
3980,88178bad29fffff
3981,8816a54a5dfffff
3982,88178bb8d1fffff
3983,8816a50515fffff
3984,8816164e29fffff
3985,8816165017fffff
3986,8817894dc3fffff
3987,8816a58427fffff
3988,88178bb531fffff
3989,8816a00499fffff
3990,88178b1409fffff
3991,88178b25c3fffff
3992,88178b376bfffff
3993,8816a5ce59fffff
3994,8816a0b19bfffff
3995,8816a0b421fffff
3996,8816a0a22dfffff
3997,8816a55081fffff
3998,88178b0729fffff
3999,8816a0a2c9fffff
4000,88178ba54bfffff
4001,8816a58489fffff
4002,88178b308bfffff
4003,8816a571e5fffff
4004,88178b09ebfffff
4005,88178b2db9fffff
4006,8816a57201fffff
4007,8816a509e7fffff
4008,8816a51043fffff
4009,88178b1419fffff
4010,8816a511a7fffff
4011,8817894f11fffff
4012,88178b46d3fffff
4013,8816a54b25fffff
4014,88178b8d99fffff
4015,8816a50357fffff
4016,88178b84b7fffff
4017,88178b6d25fffff
4018,8816a0b745fffff
4019,8816a59ad9fffff
4020,8816a58967fffff
4021,8816a54f07fffff
4022,8816a0ae41fffff
4023,8816a5d549fffff
4024,8816a080d3fffff
4025,8816a54ae3fffff
4026,88178ba0b3fffff
4027,8816a55909fffff
4028,8816a5ca4bfffff
4029,8816a5cdc7fffff
4030,8816a5d209fffff
4031,88178ba123fffff
4032,88178ba711fffff
4033,8816a54d47fffff
4034,88178b2cb5fffff
4035,8816a54261fffff
4036,8816164ae1fffff
4037,88178b02c9fffff
4038,8816a5cc13fffff
4039,8816a0b9d7fffff
4040,88178bb8c5fffff
4041,88178ba0adfffff
4042,8816a5133bfffff
4043,8816a57a31fffff
4044,8816a58e05fffff
4045,8816a5b60dfffff
4046,8816165a93fffff
4047,8816a5cb57fffff
4048,8816a548abfffff
4049,88178b340dfffff
4050,88178b7abdfffff
4051,8816a5b9d1fffff
4052,8816a5c723fffff
4053,88178b32e3fffff
4054,88178bb19bfffff
4055,8816a54423fffff
4056,8816a5118dfffff
4057,8816a59099fffff
4058,8816a508dbfffff
4059,8816a5100dfffff
4060,88178bb2b7fffff
4061,8816a0b303fffff
4062,88178baab5fffff
4063,8816a010d7fffff
4064,88178b2735fffff
4065,88178b0127fffff
4066,88178b8017fffff
4067,88178b801bfffff
4068,8816a50b11fffff
4069,8816a5496dfffff
4070,8816a5d2abfffff
4071,8816a51991fffff
4072,8816a0a30dfffff
4073,8816a0a029fffff
4074,88178baeb7fffff
4075,8816a5b14bfffff
4076,8816a5c447fffff
4077,88178b220bfffff
4078,8817896b5dfffff
4079,88178b21e9fffff
4080,88178b9429fffff
4081,8817897b37fffff
4082,88178ba995fffff
4083,8816a57321fffff
4084,88178b9501fffff
4085,88178ba03bfffff
4086,8816a08dddfffff
4087,8816a5aab3fffff
4088,8816165a9dfffff
4089,88178b2101fffff
4090,8816a0b70bfffff
4091,8816a59b23fffff
4092,8816a555e1fffff
4093,8816a0b9a5fffff
4094,8816164f07fffff
4095,8816a5d583fffff
4096,8816a0b219fffff
4097,8817894d2dfffff
4098,8816a5470dfffff
4099,8816a0b299fffff
4100,8816a5054dfffff
4101,8816a5d9d9fffff
4102,8816a5ca43fffff
4103,88178b3467fffff
4104,8816a584b5fffff
4105,88178b2e9bfffff
4106,881616453bfffff
4107,8816a55289fffff
4108,8816a505ebfffff
4109,88178b2483fffff
4110,8816a58b11fffff
4111,8816a015abfffff
4112,8816a5b4a7fffff
4113,88178ba519fffff
4114,88178b6817fffff
4115,8816a5c345fffff
4116,88178b1761fffff
4117,88178bbacdfffff
4118,88178bb2adfffff
4119,8816a501a5fffff
4120,8816a5cecbfffff
4121,8816a5b68dfffff
4122,88178b0837fffff
4123,88178b2d2dfffff
4124,88178b2a07fffff
4125,8816a5c66bfffff
4126,8816a0060bfffff
4127,8816a5b593fffff
4128,8816a0a841fffff
4129,8816a516d9fffff
4130,8816a50b17fffff
4131,88161648d5fffff
4132,8816a58947fffff
4133,88178bb605fffff
4134,88178b1461fffff
4135,8816a57329fffff
4136,8816a50c01fffff
4137,8816a08c67fffff
4138,88178b6d51fffff
4139,8816a0a95bfffff
4140,88178ba095fffff
4141,88178b74a1fffff
4142,88178ba551fffff
4143,88178b680dfffff
4144,88178b64a9fffff
4145,88178b770bfffff
4146,8816a5ced1fffff
4147,8816a5c14dfffff
4148,88178b2e23fffff
4149,8816a56141fffff
4150,88178b6553fffff
4151,8816a5d593fffff
4152,88178b3303fffff
4153,88178b2115fffff
4154,88178ba6b9fffff
4155,88178b82c5fffff
4156,8816a514c9fffff
4157,8816a01419fffff
4158,88178b75d1fffff
4159,8816a5c203fffff
4160,8816a50d4dfffff
4161,88178b304bfffff
4162,88178bb15bfffff
4163,88178b38d9fffff
4164,88178b08e3fffff
4165,88178b8c2bfffff
4166,8816a5d035fffff
4167,8816a556e1fffff
4168,88178b8733fffff
4169,8816a082b7fffff
4170,88178bb801fffff
4171,8816a5c42dfffff
4172,88178b8c69fffff
4173,88178b69d1fffff
4174,8817897b27fffff
4175,88178b3719fffff
4176,88178b16cdfffff
4177,88178ba1d9fffff
4178,88178b3217fffff
4179,88178b0ea7fffff
4180,8816a5d4d7fffff
4181,8816a59999fffff
4182,88178ba19bfffff
4183,88178b72e1fffff
4184,88178b333bfffff
4185,8816a0050dfffff
4186,8816a00489fffff
4187,88178bb81dfffff
4188,8816a5172bfffff
4189,8816165adbfffff
4190,88178b8c29fffff
4191,8816a5cf53fffff
4192,8816a012d3fffff
4193,88178b72cdfffff
4194,8816a59109fffff
4195,8816a54ed1fffff
4196,8816a5943bfffff
4197,8816a080b9fffff
4198,88178b7191fffff
4199,88178ba303fffff
4200,8816a54dc7fffff
4201,8816a09695fffff
4202,8816a5823dfffff
4203,8816a5d1abfffff
4204,8816a08703fffff
4205,8816a0b94dfffff
4206,8816a0b2dbfffff
4207,88178b3347fffff
4208,8816a0048dfffff
4209,88178b1295fffff
4210,8816a554e3fffff
4211,8816a50195fffff
4212,8816a51687fffff
4213,8816a50ac1fffff
4214,88178b20b7fffff
4215,88178b398dfffff
4216,8816a59955fffff
4217,88178b850bfffff
4218,8816a5c94bfffff
4219,88178b0d01fffff
4220,8816a50253fffff
4221,8816a55b07fffff
4222,8816a01669fffff
4223,88178b0107fffff
4224,8816a015bbfffff
4225,88178bb369fffff
4226,88178b7ae7fffff
4227,8816a58b67fffff
4228,88178bb405fffff
4229,88178b6d17fffff
4230,8816a54717fffff
4231,8816a55a35fffff
4232,88178b7025fffff
4233,8816a59183fffff
4234,8816a54923fffff
4235,88178b169dfffff
4236,88178ba121fffff
4237,88178b0ad5fffff
4238,8816a595c9fffff
4239,8817896b21fffff
4240,8816a510e5fffff
4241,88178b164dfffff
4242,8816a5b289fffff
4243,8816a54c87fffff
4244,8816a5d817fffff
4245,8816a016bdfffff
4246,88178b36abfffff
4247,88161650e9fffff
4248,8816a0a35dfffff
4249,8816a51047fffff
4250,8816a58b5bfffff
4251,8816a5ccd1fffff
4252,88178bb0cbfffff
4253,8816a58435fffff
4254,8816a0b12dfffff
4255,8816a54f53fffff
4256,88161640bbfffff
4257,8816a57157fffff
4258,8816a516dbfffff
4259,8816a57a9bfffff
4260,8816a4268bfffff
4261,88178b6c87fffff
4262,8816a5d489fffff
4263,88178ba9e9fffff
4264,88178b7449fffff
4265,8816a0ab47fffff
4266,8816a59485fffff
4267,8816a586cbfffff
4268,8816a59b13fffff
4269,8816a09685fffff
4270,88178ba361fffff
4271,8817894901fffff
4272,88178b100bfffff
4273,88178b3b13fffff
4274,8816a589b3fffff
4275,8816a5cc57fffff
4276,88178b2ec1fffff
4277,8816a5008bfffff
4278,88161640a9fffff
4279,8816a094adfffff
4280,8816a56267fffff
4281,8816a5a33dfffff
4282,88178bba23fffff
4283,88178b109bfffff
4284,8816a5909bfffff
4285,8816a5c29dfffff
4286,88178bb0d9fffff
4287,8816a5b5dbfffff
4288,8816a005ddfffff
4289,8816a5b283fffff
4290,88178ba215fffff
4291,88178b2219fffff
4292,8816a54157fffff
4293,88178b0dc7fffff
4294,8816a0a0cbfffff
4295,8816a0a047fffff
4296,8816a5136dfffff
4297,8816a50551fffff
4298,8816a0b9ebfffff
4299,8816a5790dfffff
4300,88178b82d5fffff
4301,8816a5986bfffff
4302,88178ba8d1fffff
4303,88178b0647fffff
4304,8816a0a265fffff
4305,8816a5b2dbfffff
4306,8816a58e59fffff
4307,88178b8449fffff
4308,8816164203fffff
4309,8816a50093fffff
4310,88178b3025fffff
4311,8816a59b51fffff
4312,881616d90bfffff
4313,88178bb70bfffff
4314,88178bb1b1fffff
4315,88161650b3fffff
4316,8816a50809fffff
4317,8816a5c325fffff
4318,88178bb2abfffff
4319,8816a5d447fffff
4320,8816a0aaa5fffff
4321,8816a5cb5bfffff
4322,88178b2751fffff
4323,8816a08d8dfffff
4324,8816a0b539fffff
4325,8816a5791bfffff
4326,8816a00461fffff
4327,88178b05a7fffff
4328,8816a5cc59fffff
4329,8816a50033fffff
4330,88178b35d3fffff
4331,88178b82c1fffff
4332,881616486bfffff
4333,8816a425b3fffff
4334,8816a584a5fffff
4335,8816a08cd9fffff
4336,8816a55615fffff
4337,88178b3a3bfffff
4338,8816a5b10dfffff
4339,8816a0b6c3fffff
4340,8816a554b5fffff
4341,8816a54165fffff
4342,8816a56b1bfffff
4343,8816165739fffff
4344,8816165211fffff
4345,88178bacd7fffff
4346,8816a5420bfffff
4347,8816a5b4c5fffff
4348,88178bb005fffff
4349,8816165443fffff
4350,8816a08e2bfffff
4351,88178b78b3fffff
4352,88161658ebfffff
4353,88178b241dfffff
4354,8816a0b563fffff
4355,8816165a19fffff
4356,88178ba337fffff
4357,8816a51439fffff
4358,8816a5b04dfffff
4359,8816a550bbfffff
4360,88178b0c5bfffff
4361,88178b0587fffff
4362,8816a5b449fffff
4363,8816a54169fffff
4364,88178b6843fffff
4365,88178b2149fffff
4366,88178b0043fffff
4367,88178b3889fffff
4368,8816a59245fffff
4369,8816165013fffff
4370,8816a516b7fffff
4371,8816a5464bfffff
4372,8816a581e9fffff
4373,88178b0891fffff
4374,8816a55495fffff
4375,8816a5c18dfffff
4376,8816a55907fffff
4377,8816a5a90bfffff
4378,88178b0491fffff
4379,8816a50995fffff
4380,88178948abfffff
4381,8816a5c9b7fffff
4382,8816a516ebfffff
4383,88178b16a7fffff
4384,88178b2959fffff
4385,8816a58d2dfffff
4386,88178b3859fffff
4387,88178b2081fffff
4388,8816a5a0b1fffff
4389,881616505dfffff
4390,8816a0043bfffff
4391,88178ba731fffff
4392,88178b7037fffff
4393,8816a50a95fffff
4394,8816a5d589fffff
4395,8816a5525dfffff
4396,8816a000dbfffff
4397,8816a5a935fffff
4398,88178b12cbfffff
4399,8816a556d3fffff
4400,8816a5104dfffff
4401,88178b0249fffff
4402,88161642a7fffff
4403,8816a50109fffff
4404,88178b951bfffff
4405,8816164903fffff
4406,88178b2c21fffff
4407,8816a58909fffff
4408,8816a5ca37fffff
4409,8816a5d2a7fffff
4410,8816a5cc47fffff
4411,8816a594e5fffff
4412,88178ba0e1fffff
4413,8816a59b19fffff
4414,8816a51557fffff
4415,8816a59063fffff
4416,88178b75e3fffff
4417,88178b34cdfffff
4418,8816a594b1fffff
4419,8816164551fffff
4420,88178979adfffff
4421,88178b6cd1fffff
4422,8816a54245fffff
4423,88178ba305fffff
4424,8816a51493fffff
4425,8816a5523bfffff
4426,8816a00515fffff
4427,8816a5b587fffff
4428,88178b6eb7fffff
4429,881616c9a9fffff
4430,8816a01743fffff
4431,8816a5d8cbfffff
4432,8816a5c0e7fffff
4433,88178b21d5fffff
4434,88178b6e57fffff
4435,8816a5129bfffff
4436,8816a0ba9bfffff
4437,8816a0b0c7fffff
4438,8816a598d3fffff
4439,88178bb183fffff
4440,8816a58623fffff
4441,8816a50ee9fffff
4442,8816a57a5dfffff
4443,8816a5b2bbfffff
4444,8816a0a2b9fffff
4445,88178b75a1fffff
4446,88178b00b5fffff
4447,8816a0a56dfffff
4448,8816a5c4bdfffff
4449,88178ba5c9fffff
4450,8816a0a2b1fffff
4451,8816a58681fffff
4452,8816a5c321fffff
4453,88178b24d5fffff
4454,8816a58a09fffff
4455,88178b2ed1fffff
4456,8816a0b641fffff
4457,88178b3827fffff
4458,88178b6989fffff
4459,8816a509b9fffff
4460,88178b016bfffff
4461,8816a55309fffff
4462,8816a5d743fffff
4463,88161642d9fffff
4464,8816a54137fffff
4465,8816a54aa1fffff
4466,8816a08455fffff
4467,88178b6e53fffff
4468,8816a54de7fffff
4469,8816a42611fffff
4470,8816a58eb5fffff
4471,8816a5b6b9fffff
4472,8816a5c109fffff
4473,88178b0ec3fffff
4474,88178b1487fffff
4475,88178bb455fffff
4476,8816a58d13fffff
4477,8816a0a341fffff
4478,8816a54ca1fffff
4479,88178ba559fffff
4480,8816164db1fffff
4481,8816164ed7fffff
4482,8816a5d065fffff
4483,88178bb82bfffff
4484,8816a5024dfffff
4485,88178ba8d9fffff
4486,88178b909bfffff
4487,8816a54047fffff
4488,8816a55461fffff
4489,8816a03321fffff
4490,88178b0413fffff
4491,88178b2f57fffff
4492,8816a014d7fffff
4493,8816a55569fffff
4494,8816a5574dfffff
4495,8816a01517fffff
4496,8816a014d9fffff
4497,8816a54d15fffff
4498,8816a5b849fffff
4499,8816a595cdfffff
4500,88178b0205fffff
4501,88178b290bfffff
4502,881616c9ebfffff
4503,8816a5b05dfffff
4504,88178b15a3fffff
4505,8817894913fffff
4506,88178ba463fffff
4507,8816a54861fffff
4508,8816a5c1bbfffff
4509,8816a51b51fffff
4510,8816a598ddfffff
4511,88178948b9fffff
4512,8816a0b021fffff
4513,8816a08541fffff
4514,8816a0a8c3fffff
4515,8816165229fffff
4516,88178b045dfffff
4517,8816a5cd57fffff
4518,8816a0b08dfffff
4519,8816a0a157fffff
4520,88178ba9a5fffff
4521,88178b3015fffff
4522,88178b0817fffff
4523,88178b68b5fffff
4524,8816a0151dfffff
4525,88178b70a5fffff
4526,88178b2557fffff
4527,8816a5cd3dfffff
4528,8816a57aadfffff
4529,8816a0b2c5fffff
4530,88178b703bfffff
4531,8816a51725fffff
4532,88178b6767fffff
4533,8816a5d1d7fffff
4534,8816a5b715fffff
4535,88178bada1fffff
4536,8816a086b7fffff
4537,8816a54187fffff
4538,8816a580adfffff
4539,88178b31b7fffff
4540,8816a5b269fffff
4541,8816a51a2dfffff
4542,88178bb901fffff
4543,8816a596e9fffff
4544,88178b3081fffff
4545,881616c945fffff
4546,88178ba867fffff
4547,8816a57b53fffff
4548,8816a0a09dfffff
4549,8816a549d5fffff
4550,8816a506e3fffff
4551,8816a5819bfffff
4552,8816a50c49fffff
4553,8816a5d895fffff
4554,88178b3115fffff
4555,88178b8dd1fffff
4556,8816a0b6abfffff
4557,8816a0b5c9fffff
4558,8816a55411fffff
4559,8816a58465fffff
4560,8816a015b1fffff
4561,88178b8d43fffff
4562,8816a58605fffff
4563,8816a54089fffff
4564,881616426dfffff
4565,88178b0057fffff
4566,88178b0ec1fffff
4567,88178b68adfffff
4568,88178b8cbbfffff
4569,88178b6a51fffff
4570,8816a08da1fffff
4571,88178bb8ebfffff
4572,8816a518adfffff
4573,88178b2941fffff
4574,88178b2401fffff
4575,8816a54b1bfffff
4576,88178b2435fffff
4577,8816a5131bfffff
4578,8816a50b59fffff
4579,88178b0e8bfffff
4580,8816a50017fffff
4581,8816a0b6bdfffff
4582,88178b2c83fffff
4583,8816a5aa59fffff
4584,8816a50f57fffff
4585,8816a5590dfffff
4586,8816a50285fffff
4587,88178b6b53fffff
4588,8816a5111bfffff
4589,8816a5970dfffff
4590,88178b76adfffff
4591,8816a00657fffff
4592,88178bacbbfffff
4593,88178b3493fffff
4594,8816a578d5fffff
4595,8816a5c651fffff
4596,8816a5aa5dfffff
4597,88161641a1fffff
4598,8816a57951fffff
4599,8816a516b1fffff
4600,88178b2f59fffff
4601,88178b69a3fffff
4602,88178b6105fffff
4603,8816164363fffff
4604,88178bb2e7fffff
4605,88178b0657fffff
4606,88178b2cdbfffff
4607,8816a0841dfffff
4608,8816a0173bfffff
4609,8816a56365fffff
4610,8816a5d103fffff
4611,88161658a1fffff
4612,88178b0243fffff
4613,881616406bfffff
4614,8816165955fffff
4615,8816a55451fffff
4616,8816a51933fffff
4617,8816a010ddfffff
4618,8816a5885dfffff
4619,8816a0af57fffff
4620,8816a0badbfffff
4621,88178b1435fffff
4622,88178b3091fffff
4623,8816a58263fffff
4624,88178b399dfffff
4625,88178b7997fffff
4626,8816a085abfffff
4627,8816a00ecbfffff
4628,8816a5a1e3fffff
4629,88178b74b3fffff
4630,88178b88dbfffff
4631,88178b372dfffff
4632,881616d939fffff
4633,8816a0a32bfffff
4634,8816a0bb55fffff
4635,8816a599d7fffff
4636,88178b1423fffff
4637,8817896907fffff
4638,8816a5cd47fffff
4639,8816a51189fffff
4640,88178bb587fffff
4641,8816a5d687fffff
4642,88178b449bfffff
4643,8816a0b90bfffff
4644,8816a424cdfffff
4645,8816a50215fffff
4646,8816a58b21fffff
4647,8816a5582bfffff
4648,88178bb86dfffff
4649,88178b7295fffff
4650,8816a58e69fffff
4651,88178b6897fffff
4652,8816a519b5fffff
4653,8816a5d147fffff
4654,88178ba839fffff
4655,88178b1287fffff
4656,8816a5b159fffff
4657,88178b0307fffff
4658,8816a5b4e1fffff
4659,8816a54a49fffff
4660,8816a0b337fffff
4661,88178bad41fffff
4662,8816a5b58bfffff
4663,8816164e39fffff
4664,8816a582d7fffff
4665,8816164357fffff
4666,88178b7289fffff
4667,88178b2c23fffff
4668,88178b380bfffff
4669,8816a54a9dfffff
4670,88178b3481fffff
4671,8816a5b641fffff
4672,88178b31edfffff
4673,8816a516c9fffff
4674,8816a54a21fffff
4675,8816a0b715fffff
4676,88178b8c57fffff
4677,8816a5560dfffff
4678,8816a5d2a1fffff
4679,8816164ee9fffff
4680,88161642a9fffff
4681,8816a591d3fffff
4682,8816a54a5bfffff
4683,88178b81b1fffff
4684,88178b3b03fffff
4685,8816a58cbdfffff
4686,8816a54891fffff
4687,8816a5a865fffff
4688,8816a58d85fffff
4689,8816a50d05fffff
4690,88178bb5b1fffff
4691,88178b0465fffff
4692,88178b223bfffff
4693,881616454dfffff
4694,88178bb551fffff
4695,8816a0a119fffff
4696,8816a5d119fffff
4697,8817894823fffff
4698,8816a57a25fffff
4699,8816a00595fffff
4700,88178ba981fffff
4701,8816a426ebfffff
4702,8816a581b5fffff
4703,8816a50087fffff
4704,8816a54061fffff
4705,8816a0a019fffff
4706,88178b6c5bfffff
4707,88178b0d43fffff
4708,88178b248bfffff
4709,8816a50931fffff
4710,8816a54115fffff
4711,88178b8603fffff
4712,8816a0b2a3fffff
4713,88178b69b1fffff
4714,8816a50aa5fffff
4715,8816a54e59fffff
4716,88178ba747fffff
4717,8816a55669fffff
4718,8816a5c8e9fffff
4719,88178b6109fffff
4720,8816a5783dfffff
4721,8816a592e5fffff
4722,88178b0717fffff
4723,8816a519e5fffff
4724,88178b8d9dfffff
4725,8816164cd9fffff
4726,88178b18b1fffff
4727,8816a5da11fffff
4728,88178b1027fffff
4729,88178b0db1fffff
4730,8816a5d191fffff
4731,8816a5b6d7fffff
4732,8816a0ba13fffff
4733,8816a0a30bfffff
4734,8816a51503fffff
4735,88178b1ad3fffff
4736,8816a51b59fffff
4737,8816a5d06dfffff
4738,88178b2009fffff
4739,88178b78c1fffff
4740,88178bae67fffff
4741,8816a50813fffff
4742,8816a556a7fffff
4743,88178b6143fffff
4744,8816a500d5fffff
4745,8816a59a39fffff
4746,88178b9407fffff
4747,88178b36d7fffff
4748,8816164e2bfffff
4749,8816a50847fffff
4750,88178bacd1fffff
4751,88178b908dfffff
4752,88178b64bdfffff
4753,8816a5d2c1fffff
4754,8816a54d17fffff
4755,8816a58aadfffff
4756,8816a5b203fffff
4757,8816a5a707fffff
4758,88178b2e8dfffff
4759,8816a0ab11fffff
4760,8816a58e3dfffff
4761,8816a0b4d5fffff
4762,8816a094b9fffff
4763,88178b29a3fffff
4764,8816a50655fffff
4765,88178b0e21fffff
4766,8816a519e1fffff
4767,881616cdadfffff
4768,881616c919fffff
4769,8816a0b5a7fffff
4770,8816164965fffff
4771,8817894947fffff
4772,88178bb855fffff
4773,88178b82d3fffff
4774,88178b02b3fffff
4775,8816a54993fffff
4776,88178b8e0dfffff
4777,8816a50abdfffff
4778,88178b806bfffff
4779,8816a540a9fffff
4780,88178b6e6bfffff
4781,88178b2595fffff
4782,8816a5c15dfffff
4783,8816a50d39fffff
4784,8816a58e97fffff
4785,8816a51aa1fffff
4786,8816a5135dfffff
4787,8816a50321fffff
4788,88178b0759fffff
4789,8816a0b72dfffff
4790,8816a5d32bfffff
4791,8816a5a19bfffff
4792,88178bb441fffff
4793,8816165b19fffff
4794,88178b2029fffff
4795,8816165a0dfffff
4796,88178b703dfffff
4797,8816a58c2dfffff
4798,8816a5af4dfffff
4799,8816a5c697fffff
4800,8816a55717fffff
4801,88178b868bfffff
4802,8816a58937fffff
4803,8816a5a0e3fffff
4804,8816a08e51fffff
4805,8816a50733fffff
4806,88178ba547fffff
4807,88178b3341fffff
4808,8816a512b3fffff
4809,8816a5b605fffff
4810,88178ba20bfffff
4811,88178b2f11fffff
4812,88178bb817fffff
4813,8816a5161dfffff
4814,8816a54213fffff
4815,88178b10e9fffff
4816,88178b2dcbfffff
4817,88161655a3fffff
4818,8816a51751fffff
4819,88178bae29fffff
4820,8816a08dcdfffff
4821,88178b2227fffff
4822,88178b6209fffff
4823,88178b24c3fffff
4824,8816164b33fffff
4825,8816a51325fffff
4826,8816a5b50dfffff
4827,8816a5c099fffff
4828,8816a015cbfffff
4829,88178b36c9fffff
4830,8816a01411fffff
4831,88178b02a9fffff
4832,88178b3065fffff
4833,8816a0b095fffff
4834,8816a08c35fffff
4835,8816a5ab5bfffff
4836,881616cb01fffff
4837,88178b14c7fffff
4838,88178b12ddfffff
4839,8816a58037fffff
4840,8816a51b09fffff
4841,88178b3351fffff
4842,8816a58d09fffff
4843,8816165429fffff
4844,88178ba8ddfffff
4845,8816a0a94bfffff
4846,8816a51659fffff
4847,8816a54207fffff
4848,88178b8cc3fffff
4849,8816a51321fffff
4850,88178b05b5fffff
4851,8816a54cc7fffff
4852,8816165415fffff
4853,8816a5d4d9fffff
4854,88178b1015fffff
4855,8816a58c07fffff
4856,8816a55745fffff
4857,8816a03325fffff
4858,8816a544a1fffff
4859,8816a014c7fffff
4860,88178b68b3fffff
4861,8816a502adfffff
4862,88178b35ebfffff
4863,8816a08e05fffff
4864,88178ba75dfffff
4865,8816a5199bfffff
4866,8816a59685fffff
4867,88178b7613fffff
4868,8816a5516dfffff
4869,8816a5982bfffff
4870,88161641b1fffff
4871,8816a58a93fffff
4872,8816a0b465fffff
4873,88178badb1fffff
4874,88178bbb2bfffff
4875,8816a51945fffff
4876,8816a5b9cdfffff
4877,88161640c7fffff
4878,8816a54d5dfffff
4879,8816164169fffff
4880,8816a5c897fffff
4881,88178b12b9fffff
4882,88178b1543fffff
4883,8816a0b085fffff
4884,8816a5d837fffff
4885,88178b1665fffff
4886,88178b8761fffff
4887,8816a54751fffff
4888,8816a0b4ebfffff
4889,8816a0159bfffff
4890,88178bb09bfffff
4891,8816a0ae05fffff
4892,8816a54d1bfffff
4893,8816a42411fffff
4894,8816a016e1fffff
4895,8816a58c89fffff
4896,88178b8e49fffff
4897,8816a0a2d5fffff
4898,88178b0e85fffff
4899,88178badddfffff
4900,8816a59083fffff
4901,88178b2b37fffff
4902,8816a5b889fffff
4903,8816a5c927fffff
4904,8816a5435dfffff
4905,8816a5c11dfffff
4906,88178b2915fffff
4907,88178ba42dfffff
4908,8816a014b3fffff
4909,8816a512d3fffff
4910,8816a59229fffff
4911,8816a424b7fffff
4912,8816a58359fffff
4913,8816164ee3fffff
4914,88178bb56dfffff
4915,881616586dfffff
4916,8816a51883fffff
4917,8816a54d19fffff
4918,8816a555b1fffff
4919,88178b2dd3fffff
4920,8816a54591fffff
4921,8816a5d1a7fffff
4922,8816a59027fffff
4923,8816a516abfffff
4924,88178b0aa3fffff
4925,88178b712dfffff
4926,88178b6e21fffff
4927,8816a50ce5fffff
4928,88161679a1fffff
4929,88178b85c5fffff
4930,8816a0a18dfffff
4931,88178b72edfffff
4932,88178bab1bfffff
4933,8816a5b5edfffff
4934,88178b95b1fffff
4935,88178b8013fffff
4936,88178bb54dfffff
4937,88178b6129fffff
4938,8816a5d0bdfffff
4939,88178b09b9fffff
4940,88178b00a9fffff
4941,8816a51a83fffff
4942,8816a00427fffff
4943,8817896a3dfffff
4944,88178b21dbfffff
4945,88178b3749fffff
4946,88178b08e5fffff
4947,8816164b07fffff
4948,8816a556c9fffff
4949,8816a094abfffff
4950,8816a509ddfffff
4951,88178b2e1bfffff
4952,88178ba20dfffff
4953,88178bac31fffff
4954,8816a51459fffff
4955,88178b706dfffff
4956,88161649bbfffff
4957,88178b222bfffff
4958,88178b035dfffff
4959,88178ba289fffff
4960,8816a58689fffff
4961,8816a55861fffff
4962,8816a5da85fffff
4963,8816a5b9b1fffff
4964,88178bb13bfffff
4965,88178b72e3fffff
4966,8816a5c2cdfffff
4967,88178b0c35fffff
4968,88178b0181fffff
4969,8816a59ad5fffff
4970,8817894dc5fffff
4971,8816a58945fffff
4972,88161651a7fffff
4973,8816a57ae9fffff
4974,8816a58e1dfffff
4975,8816a5493dfffff
4976,8816a57b39fffff
4977,8816a51a05fffff
4978,8816a0b16bfffff
4979,88178b6f59fffff
4980,88178b18bbfffff
4981,88178b0f27fffff
4982,8817896a61fffff
4983,8816167955fffff
4984,8817894f29fffff
4985,8816a54c21fffff
4986,88161642e1fffff
4987,8816a542c5fffff
4988,8816a58f59fffff
4989,88178949cdfffff
4990,8816a5806bfffff
4991,881616c905fffff
4992,8816a591ddfffff
4993,8816a5c53dfffff
4994,8816a558dbfffff
4995,8817894ca1fffff
4996,8816164665fffff
4997,8816a08e17fffff
4998,8816a4241dfffff
4999,8816167b49fffff
5000,8816a54b4bfffff
5001,8816a5c16bfffff
5002,8816a59663fffff
5003,8817896a3bfffff
5004,8816a5564bfffff
5005,88178b7ad7fffff
5006,8816a5b9c3fffff
5007,8816a5d109fffff
5008,8816a5d755fffff
5009,8816a54931fffff
5010,88178b38a3fffff
5011,8816a56351fffff
5012,88178b213bfffff
5013,8816a59047fffff
5014,88178b0aa7fffff
5015,8816a515edfffff
5016,8816a5173dfffff
5017,88178b39d7fffff
5018,8816a5148bfffff
5019,8816a57965fffff
5020,8816a559e7fffff
5021,8816a01625fffff
5022,8817897859fffff
5023,88178bad07fffff
5024,8816a08291fffff
5025,8816a54825fffff
5026,881616572bfffff
5027,88178b1033fffff
5028,8816a599b9fffff
5029,8816a50627fffff
5030,881616425bfffff
5031,8816a596a5fffff
5032,8816165811fffff
5033,88178b28bbfffff
5034,881616510bfffff
5035,8816a58409fffff
5036,8816a5a233fffff
5037,8816a5d995fffff
5038,88178b0dcbfffff
5039,8816a54723fffff
5040,88178b2181fffff
5041,8816a58055fffff
5042,8816a58eebfffff
5043,8816a5a153fffff
5044,8816a57133fffff
5045,8817894eb9fffff
5046,88178bad2bfffff
5047,88178b6991fffff
5048,8816a5d0a3fffff
5049,8816a50669fffff
5050,8816a59437fffff
5051,8816a0141bfffff
5052,88178bba87fffff
5053,8816a5408bfffff
5054,88178b2939fffff
5055,8816164a0bfffff
5056,8816a500a7fffff
5057,88178b18d7fffff
5058,8816a015c1fffff
5059,88178b0561fffff
5060,8816a58925fffff
5061,88178b2509fffff
5062,88178b75e5fffff
5063,8817894cedfffff
5064,88178b20ebfffff
5065,88178b2b01fffff
5066,88178b2c9bfffff
5067,8816a5a1a3fffff
5068,88178bb115fffff
5069,88178bb351fffff
5070,8816a5d8b5fffff
5071,88178ba36bfffff
5072,8816a0ba63fffff
5073,8817896a35fffff
5074,88178b0ca1fffff
5075,8816a0ba97fffff
5076,8816a59133fffff
5077,8816a58e0bfffff
5078,88178bb705fffff
5079,88161645e7fffff
5080,8816164737fffff
5081,8816a5d441fffff
5082,88178ba12bfffff
5083,88178b6c83fffff
5084,8816165035fffff
5085,8816a58ea5fffff
5086,88178b00bbfffff
5087,88178b663bfffff
5088,88178b8703fffff
5089,88178bb917fffff
5090,88178b7659fffff
5091,88178b0c25fffff
5092,88178b6195fffff
5093,8816a55b17fffff
5094,8816164217fffff
5095,88178bb303fffff
5096,8816a54351fffff
5097,8816a5d88bfffff
5098,88178b353bfffff
5099,8816a5c727fffff
5100,88178b1445fffff
5101,8816a5cd51fffff
5102,88178b2767fffff
5103,8816164db7fffff
5104,8816a59831fffff
5105,88178bb0b7fffff
5106,8816a5b46dfffff
5107,88178b020dfffff
5108,88178b32bbfffff
5109,88178bb2d5fffff
5110,8816165b1dfffff
5111,8816a58f2dfffff
5112,8816a5ba6dfffff
5113,881616533dfffff
5114,8816a08dabfffff
5115,8816a0b2c3fffff
5116,8816a5c0dbfffff
5117,8816a5d5edfffff
5118,88178ba60bfffff
5119,8817894d59fffff
5120,88178bbae5fffff
5121,88178b2e91fffff
5122,88178b6e61fffff
5123,8816a5582dfffff
5124,8816a08eb3fffff
5125,88178b3685fffff
5126,8816a09633fffff
5127,8816165025fffff
5128,8816a51707fffff
5129,8816a54807fffff
5130,88178b646bfffff
5131,8816a55a8dfffff
5132,8816a5b6a1fffff
5133,8816a50945fffff
5134,8816a5b9e3fffff
5135,8816a0ba67fffff
5136,88178b02d1fffff
5137,8816a5c6b5fffff
5138,8816a5565dfffff
5139,88178b362bfffff
5140,8816a5c097fffff
5141,88178b3825fffff
5142,8816a58059fffff
5143,88178ba9d7fffff
5144,8816a5410dfffff
5145,8816a55b5bfffff
5146,8816a0bacbfffff
5147,88178b6569fffff
5148,8816a58165fffff
5149,8816a0ba11fffff
5150,8816a551dbfffff
5151,88178b063bfffff
5152,8816a54f51fffff
5153,8816a549abfffff
5154,8816a50a3bfffff
5155,88178b3695fffff
5156,8816a08d93fffff
5157,88178b62b9fffff
5158,8816a51527fffff
5159,8816a5b0e7fffff
5160,8816a51837fffff
5161,8816a5b98bfffff
5162,8816a08cd3fffff
5163,8816164dabfffff
5164,8816a0b893fffff
5165,88178bbb4dfffff
5166,8816a0bb65fffff
5167,88178b76c5fffff
5168,8816a5cdc5fffff
5169,88178bbb3dfffff
5170,88178b036bfffff
5171,8816a0b669fffff
5172,8817896aebfffff
5173,8816a502e7fffff
5174,8816a5733dfffff
5175,8816a0b247fffff
5176,8817894ea5fffff
5177,8816a5c8b9fffff
5178,8816164d17fffff
5179,8816a5d4d1fffff
5180,8816a0ab0bfffff
5181,88178b0e05fffff
5182,88178b7185fffff
5183,8816a552dbfffff
5184,88178b785bfffff
5185,8816a5aac5fffff
5186,8816a0b64bfffff
5187,88178b7099fffff
5188,8816a5a10bfffff
5189,8816a5108bfffff
5190,8816a006e9fffff
5191,88178bb96bfffff
5192,8816a5b825fffff
5193,8816a54465fffff
5194,8816a58245fffff
5195,8816a51619fffff
5196,8816a5c2d5fffff
5197,8816a54ed3fffff
5198,88178ba417fffff
5199,8816a5d051fffff
5200,8816a5b2e5fffff
5201,88178b9099fffff
5202,8816a0b88bfffff
5203,88178b6c01fffff
5204,88178b6113fffff
5205,88178b2723fffff
5206,88178b290dfffff
5207,8817894d53fffff
5208,8816164461fffff
5209,88178b0cb5fffff
5210,8816a50f6dfffff
5211,8817894837fffff
5212,8816a50ab9fffff
5213,8816164b41fffff
5214,8816a5b9e5fffff
5215,8817894cabfffff
5216,88178b0e1bfffff
5217,8816a595bdfffff
5218,8816a51211fffff
5219,88178b71dbfffff
5220,88178b0ee7fffff
5221,8816a58101fffff
5222,8816a0161bfffff
5223,8816a0aa2bfffff
5224,88178bb8a7fffff
5225,8816a5a0ddfffff
5226,88178b8541fffff
5227,88178b8cc7fffff
5228,8816164c19fffff
5229,88178ba225fffff
5230,88178b122bfffff
5231,8816a0ab59fffff
5232,88178b6591fffff
5233,8816a50d61fffff
5234,88178b8f6bfffff
5235,88178b6f57fffff
5236,8816165545fffff
5237,8816a5d16bfffff
5238,8816a5c883fffff
5239,8816a00449fffff
5240,8816a544abfffff
5241,8816a5d001fffff
5242,8816a5c0d5fffff
5243,88178bad81fffff
5244,88178b0f6dfffff
5245,8816a571e1fffff
5246,8816a086bdfffff
5247,88178ba6b5fffff
5248,8816a0b2e9fffff
5249,88178b200dfffff
5250,8816a00099fffff
5251,8816165115fffff
5252,8816a0b363fffff
5253,88178bb461fffff
5254,88178ba231fffff
5255,8816a59037fffff
5256,8816a5d723fffff
5257,8816a5c9e1fffff
5258,88178b76e1fffff
5259,8816a596e1fffff
5260,8816164ad9fffff
5261,88178bad9dfffff
5262,8816a09493fffff
5263,88178b6d13fffff
5264,88178bb4b9fffff
5265,8816a5b985fffff
5266,8816a0a10dfffff
5267,88178b2e99fffff
5268,8816a08741fffff
5269,88178ba033fffff
5270,88178bac55fffff
5271,8816a5c0e5fffff
5272,8816a0b611fffff
5273,88178b22ddfffff
5274,8816a08e21fffff
5275,8816a5014dfffff
5276,8816a582e3fffff
5277,8816a5b703fffff
5278,8816a5cd07fffff
5279,88178b08b3fffff
5280,8816164005fffff
5281,8816a599dbfffff
5282,8816a5b0a5fffff
5283,88178b7483fffff
5284,8816a55845fffff
5285,8816a57845fffff
5286,8817897a31fffff
5287,8816a5c207fffff
5288,88178bb16dfffff
5289,8816a5d59bfffff
5290,8816a5a12bfffff
5291,8816a08299fffff
5292,8816a5a2ddfffff
5293,88178b11a7fffff
5294,88178b74c9fffff
5295,88178b84cbfffff
5296,8816a0ba4dfffff
5297,881616c825fffff
5298,8816a5c763fffff
5299,881616506bfffff
5300,8816a5b45dfffff
5301,88178bb8e3fffff
5302,8816a58ce1fffff
5303,88178b055dfffff
5304,8816a514bdfffff
5305,8816a425a3fffff
5306,8816a5c5cbfffff
5307,8816164d83fffff
5308,88178b6de7fffff
5309,8816a584b1fffff
5310,88178b8499fffff
5311,8816a54327fffff
5312,88178b8ec5fffff
5313,8816a5d561fffff
5314,8816a5cc5dfffff
5315,88178ba541fffff
5316,8816a426a1fffff
5317,88178b24e1fffff
5318,8816a08c17fffff
5319,8816a0a215fffff
5320,8816a586adfffff
5321,88178ba239fffff
5322,8816a51181fffff
5323,88178b6e51fffff
5324,88178bb5abfffff
5325,88178baecbfffff
5326,8816164e45fffff
5327,88178ba5b5fffff
5328,8816a50ad7fffff
5329,8816165329fffff
5330,8816a58149fffff
5331,881616591bfffff
5332,8816a544cdfffff
5333,8816a5a951fffff
5334,88178b8f6dfffff
5335,88178b00abfffff
5336,8816a5a211fffff
5337,8816a5899bfffff
5338,8816a5a163fffff
5339,8816a596cbfffff
5340,88178b2dd1fffff
5341,8816a595adfffff
5342,88178b2883fffff
5343,88178b71c1fffff
5344,88178ba741fffff
5345,88178b7ac9fffff
5346,8816a5c2dbfffff
5347,8816a51163fffff
5348,88178bb839fffff
5349,88178bb049fffff
5350,88178b74a7fffff
5351,8816a5936dfffff
5352,8816a5bb5dfffff
5353,8816a0b26dfffff
5354,88178bae31fffff
5355,8816a0b695fffff
5356,8816a5a963fffff
5357,8816a54b01fffff
5358,88178b2651fffff
5359,88178b7aabfffff
5360,8816164ce7fffff
5361,8816a56329fffff
5362,88161649a3fffff
5363,88178bb5c7fffff
5364,8816a5974dfffff
5365,8816a0b667fffff
5366,8816a5421bfffff
5367,8816a599a5fffff
5368,8816a51591fffff
5369,88178b142bfffff
5370,8816a595b9fffff
5371,88178b324dfffff
5372,8816164f09fffff
5373,8816a5d8e9fffff
5374,88178b3227fffff
5375,88178b6729fffff
5376,8816a54623fffff
5377,8816a55145fffff
5378,8816a5931dfffff
5379,881789793dfffff
5380,8816a5509dfffff
5381,8816a5d2b9fffff
5382,8816a084e9fffff
5383,8816a5512dfffff
5384,88178b0f4dfffff
5385,8816a5d265fffff
5386,88178b7491fffff
5387,88178b14cdfffff
5388,8816a5144bfffff
5389,8816a549c5fffff
5390,8816a096c7fffff
5391,8816a5846bfffff
5392,8816a424d5fffff
5393,8816a08519fffff
5394,88161658bdfffff
5395,88178bb813fffff
5396,88178b8503fffff
5397,88178b6311fffff
5398,8816a0b369fffff
5399,8816a58199fffff
5400,88178ba1abfffff
5401,8816a0b5e3fffff
5402,8816a0b1c1fffff
5403,88178ba545fffff
5404,8816a5944dfffff
5405,8816a00423fffff
5406,88178b06e5fffff
5407,88178b39c7fffff
5408,8816a5a335fffff
5409,88178b00d1fffff
5410,8816a589abfffff
5411,8816a5a007fffff
5412,88161641b9fffff
5413,8816a094e9fffff
5414,8816a5565bfffff
5415,88178b39a7fffff
5416,8816a0a211fffff
5417,8816a004d5fffff
5418,88178b8119fffff
5419,8816a5485dfffff
5420,8816a5d1ddfffff
5421,8816a58695fffff
5422,88178ba70dfffff
5423,8816a50685fffff
5424,8816a5bb1bfffff
5425,8816164b1dfffff
5426,88178ba53bfffff
5427,8816a56301fffff
5428,8816a59347fffff
5429,8816a54e3bfffff
5430,8816a51997fffff
5431,8816a0063bfffff
5432,8816a0b0d3fffff
5433,8816a0829dfffff
5434,88178b1055fffff
5435,8816a5d2c7fffff
5436,88178b31c7fffff
5437,8817897b15fffff
5438,8816a005b3fffff
5439,88178b7157fffff
5440,8816a552ddfffff
5441,8816a5b001fffff
5442,8816a58a8dfffff
5443,88178ba6abfffff
5444,8816a59981fffff
5445,8816a585bdfffff
5446,88178ba245fffff
5447,88178b7093fffff
5448,8816a5da57fffff
5449,8816a0146dfffff
5450,8816a50a03fffff
5451,88178bb1e7fffff
5452,8817894d4dfffff
5453,8816a51b55fffff
5454,8816a086d3fffff
5455,88178b0709fffff
5456,8816a5842bfffff
5457,88178b615bfffff
5458,8817894d3bfffff
5459,881616d945fffff
5460,8816a5b12bfffff
5461,8816a550e3fffff
5462,8816a58749fffff
5463,881616cb49fffff
5464,88178b25edfffff
5465,8816a5b631fffff
5466,8816a5b251fffff
5467,88178bb561fffff
5468,8816a58d67fffff
5469,8816a500e7fffff
5470,8816a5095bfffff
5471,8816164337fffff
5472,8816a54483fffff
5473,88178ba365fffff
5474,8816a56153fffff
5475,8816a5d511fffff
5476,8816a55137fffff
5477,8816a5c40dfffff
5478,88178b6d09fffff
5479,8817894c07fffff
5480,88178b05ebfffff
5481,8816a5a003fffff
5482,8816a555c9fffff
5483,88178b2411fffff
5484,8816a594cbfffff
5485,8816a559c3fffff
5486,88178b2249fffff
5487,8816a512adfffff
5488,88178b60b5fffff
5489,8816a5d665fffff
5490,8816a51a9dfffff
5491,8816a59b21fffff
5492,8816a5a32dfffff
5493,8816a08e1bfffff
5494,88178ba98bfffff
5495,8816a0aa95fffff
5496,8816a50365fffff
5497,8816a54951fffff
5498,8816a01095fffff
5499,88178b64c1fffff
5500,8816a00685fffff
5501,8817897a2bfffff
5502,88178b1007fffff
5503,8816a5610dfffff
5504,8816a5bb4bfffff
5505,88178b3755fffff
5506,8816a5d435fffff
5507,88178b0427fffff
5508,88178b220dfffff
5509,88178ba015fffff
5510,88178b2ad3fffff
5511,8816a0a055fffff
5512,88178b7729fffff
5513,88178b35d9fffff
5514,8816a54a9bfffff
5515,8816a58b27fffff
5516,881616491dfffff
5517,8816a5b8b5fffff
5518,88178b0d4bfffff
5519,8816a54c43fffff
5520,88178ba185fffff
5521,88178b35cbfffff
5522,8816a01093fffff
5523,88178bb137fffff
5524,8816a51843fffff
5525,8816a55581fffff
5526,88178b361dfffff
5527,8816a519c7fffff
5528,88178b12a3fffff
5529,8816a424c5fffff
5530,88178b9727fffff
5531,8816a5d401fffff
5532,88161650d3fffff
5533,88178b870bfffff
5534,88178b6081fffff
5535,88178b616dfffff
5536,88178b06a5fffff
5537,8816a5512bfffff
5538,8816165855fffff
5539,88178b0eebfffff
5540,88178bb311fffff
5541,8816a5c527fffff
5542,8816a01635fffff
5543,8816a5805dfffff
5544,8816a0a1d5fffff
5545,8816a57ae1fffff
5546,88178b2d4dfffff
5547,8816a58201fffff
5548,8816a5c685fffff
5549,8816a0bac1fffff
5550,8816a5043dfffff
5551,8816a5dadbfffff
5552,8816a0b31dfffff
5553,8816a50f31fffff
5554,8816a08747fffff
5555,8816a589cbfffff
5556,88178b69b3fffff
5557,8816a01581fffff
5558,8816a54b37fffff
5559,8816a516e7fffff
5560,8816a00581fffff
5561,88178b676dfffff
5562,88178ba521fffff
5563,8816164d23fffff
5564,88161655e1fffff
5565,8816a0b193fffff
5566,8816a0b24dfffff
5567,88178b119dfffff
5568,8816a518c1fffff
5569,88178b86bbfffff
5570,8816a50f4dfffff
5571,8816a0b735fffff
5572,8816a57139fffff
5573,8816a551b7fffff
5574,88178b85edfffff
5575,8816a59989fffff
5576,8816a08565fffff
5577,88178ba991fffff
5578,88178b7447fffff
5579,8816a50c67fffff
5580,88178b28a3fffff
5581,8816a01447fffff
5582,88178b7813fffff
5583,8816a5c449fffff
5584,8816a50987fffff
5585,8816a5b739fffff
5586,881616d933fffff
5587,8816a5799bfffff
5588,8816165139fffff
5589,8816a510adfffff
5590,8816a016a5fffff
5591,8817894d1dfffff
5592,88178b291dfffff
5593,8816a084a5fffff
5594,88178b2c19fffff
5595,8816a5b9a9fffff
5596,8816a5ab19fffff
5597,8816a5cd95fffff
5598,8816a5d611fffff
5599,8816a50e3bfffff
5600,8816a50b37fffff
5601,8816a54b6dfffff
5602,8816a51441fffff
5603,8816a5832dfffff
5604,8816a50305fffff
5605,8816a08e41fffff
5606,8816a5d461fffff
5607,8816a58195fffff
5608,8816a5d08bfffff
5609,881616508dfffff
5610,8816164d5dfffff
5611,8816164901fffff
5612,8816164135fffff
5613,88178b3283fffff
5614,8816a5d315fffff
5615,88178b7ac7fffff
5616,88178b1685fffff
5617,88178b35cdfffff
5618,88178bb607fffff
5619,88178b7263fffff
5620,8816a5d753fffff
5621,8816a59a29fffff
5622,8816a5c981fffff
5623,8816a57355fffff
5624,8816a5b627fffff
5625,8816a552b5fffff
5626,8816a0b209fffff
5627,88178b2aadfffff
5628,8816a58913fffff
5629,8816a0b11dfffff
5630,8816a586a3fffff
5631,8816a0b32bfffff
5632,88178b804dfffff
5633,8816a015b3fffff
5634,88178b6469fffff
5635,88178b3533fffff
5636,8816a5150bfffff
5637,8816a01505fffff
5638,88178b2355fffff
5639,88178bb1c5fffff
5640,8816164281fffff
5641,8816a5952dfffff
5642,8816a0b987fffff
5643,88178b9527fffff
5644,88178b073dfffff
5645,88178b7135fffff
5646,8816a546cdfffff
5647,8816a0af03fffff
5648,8816164aa3fffff
5649,8816a57847fffff
5650,88178b6667fffff
5651,8816a55209fffff
5652,8816a54051fffff
5653,88178b704dfffff
5654,8816a54221fffff
5655,88178b620bfffff
5656,8816a51a4bfffff
5657,8816a5c30dfffff
5658,8816a5103dfffff
5659,8816a5b1bbfffff
5660,88178bb809fffff
5661,8816a5a94bfffff
5662,8816a5b6cdfffff
5663,8816165b25fffff
5664,8816a55285fffff
5665,88178b26d9fffff
5666,8816164109fffff
5667,8816a506c1fffff
5668,88178b2b41fffff
5669,88161641e1fffff
5670,88178b08a5fffff
5671,88178b16abfffff
5672,88178b1897fffff
5673,8816a5d2e5fffff
5674,88178b041bfffff
5675,8816a0b6ebfffff
5676,8816a51345fffff
5677,88178b6021fffff
5678,881616c901fffff
5679,8816a01489fffff
5680,8816a54691fffff
5681,8816a00607fffff
5682,8816a5b841fffff
5683,88178b6e3bfffff
5684,8816a59337fffff
5685,88178b3761fffff
5686,8816a5cc4bfffff
5687,8816165889fffff
5688,8816a59a35fffff
5689,8816a586dbfffff
5690,8816a0a329fffff
5691,88178b8531fffff
5692,8817894d25fffff
5693,8817896925fffff
5694,88178b2251fffff
5695,8816a548c1fffff
5696,88178b2159fffff
5697,8816a5531bfffff
5698,88178b712bfffff
5699,8816a586a9fffff
5700,8816a58d43fffff
5701,8816a59b6dfffff
5702,88178b3355fffff
5703,88178ba929fffff
5704,8816165145fffff
5705,88178b80ddfffff
5706,8816a5d107fffff
5707,8816a50861fffff
5708,8816a57833fffff
5709,8816a5898bfffff
5710,88178b7709fffff
5711,88178b3ae7fffff
5712,8816a5c041fffff
5713,8816a5d541fffff
5714,8816a57981fffff
5715,8816a54a57fffff
5716,88178b30c5fffff
5717,8816a5a1a9fffff
5718,88178ba2c3fffff
5719,8816a55253fffff
5720,88178b2cd9fffff
5721,8816a54c6dfffff
5722,88178b0545fffff
5723,8816164701fffff
5724,88178b6a9dfffff
5725,88178b0285fffff
5726,88178b0187fffff
5727,8816164291fffff
5728,8816a508c3fffff
5729,8816a5028bfffff
5730,8816a5d5c9fffff
5731,8816a584a9fffff
5732,88178b3159fffff
5733,88178b8e27fffff
5734,8816a55681fffff
5735,8816a559c5fffff
5736,88178b2215fffff
5737,88161642b9fffff
5738,8816a54a3bfffff
5739,88178b1017fffff
5740,8816a59841fffff
5741,88178b05a1fffff
5742,88178ba09dfffff
5743,88178b281bfffff
5744,8816a5daa1fffff
5745,88178b0ea3fffff
5746,88178ba6c5fffff
5747,88178b0d0dfffff
5748,8816a5d639fffff
5749,88178b1483fffff
5750,8816a5192dfffff
5751,88178ba537fffff
5752,88178b1635fffff
5753,88178b6d11fffff
5754,8816164d95fffff
5755,8816a5420dfffff
5756,88178b3037fffff
5757,8816a5d55dfffff
5758,8816a54127fffff
5759,8816a56101fffff
5760,88178ba023fffff
5761,8816a54d05fffff
5762,8816a00709fffff
5763,8816a5c753fffff
5764,8816a0a92bfffff
5765,8816a56b39fffff
5766,8816a08401fffff
5767,8816a0a889fffff
5768,8816a542a9fffff
5769,8816a00691fffff
5770,88178b30edfffff
5771,8816a5d113fffff
5772,881616d93bfffff
5773,88178b206dfffff
5774,88178bb409fffff
5775,8817894c51fffff
5776,8816a08607fffff
5777,88178b2005fffff
5778,8816a5baabfffff
5779,88178b08dbfffff
5780,8816a00401fffff
5781,8816a598c5fffff
5782,8816a08099fffff
5783,881616450bfffff
5784,88178ba64dfffff
5785,8816a5bb23fffff
5786,88178b2949fffff
5787,88178b15d3fffff
5788,8816a585e7fffff
5789,88178b354bfffff
5790,8816a58d5dfffff
5791,8816a545d1fffff
5792,8816a0a651fffff
5793,8816a5c263fffff
5794,88178b294bfffff
5795,8816a50039fffff
5796,8816a5d64bfffff
5797,88161649b5fffff
5798,8816a5520dfffff
5799,88178b6351fffff
5800,88178b272dfffff
5801,8816a01727fffff
5802,88178b6043fffff
5803,88178ba6ddfffff
5804,88178b3b27fffff
5805,8816a5d349fffff
5806,88178b240bfffff
5807,88178b35bbfffff
5808,8816a55685fffff
5809,88178bb14bfffff
5810,8817894867fffff
5811,8816a5c947fffff
5812,88178b9531fffff
5813,8816a426d5fffff
5814,88178b64b1fffff
5815,8816a500adfffff
5816,8816a516cbfffff
5817,88178b81a9fffff
5818,88178b7329fffff
5819,88178ba8a3fffff
5820,88178b8dd7fffff
5821,88178b260bfffff
5822,8816a5bad5fffff
5823,88178b6d49fffff
5824,8816a56b1dfffff
5825,8816a5c83dfffff
5826,8816a558e7fffff
5827,8816a551d9fffff
5828,88178b7251fffff
5829,88178b1501fffff
5830,8816a0a23bfffff
5831,88178b6d0dfffff
5832,8816a57b0dfffff
5833,8816165431fffff
5834,8817897a27fffff
5835,88178bb68bfffff
5836,8816a50029fffff
5837,8816a58cc3fffff
5838,8816a55b23fffff
5839,8816a0b847fffff
5840,88178baea3fffff
5841,8817896b19fffff
5842,88178b65c9fffff
5843,8816165309fffff
5844,8816a5a159fffff
5845,8816167a65fffff
5846,88178b28e5fffff
5847,8816a0b869fffff
5848,88178bb76dfffff
5849,8816a58733fffff
5850,881616415dfffff
5851,8816164305fffff
5852,88178b72adfffff
5853,88178b70abfffff
5854,8816a50b2dfffff
5855,88178b22adfffff
5856,8816a0b529fffff
5857,8816a5b635fffff
5858,8817897915fffff
5859,88178ba24dfffff
5860,88178b658bfffff
5861,8816a0ba8bfffff
5862,8816a01753fffff
5863,8816a5c4d3fffff
5864,8816a424adfffff
5865,8816a51895fffff
5866,8816165711fffff
5867,8816a5532bfffff
5868,8816a59467fffff
5869,88178b95ebfffff
5870,8816a54211fffff
5871,8816a59567fffff
5872,8816a58ab9fffff
5873,8816a5d1e7fffff
5874,8816a5ca21fffff
5875,8816a57b4bfffff
5876,8816a50d21fffff
5877,8816a4249bfffff
5878,8816a5a2a7fffff
5879,8816a50241fffff
5880,8816a01451fffff
5881,8817894cebfffff
5882,88178bb85dfffff
5883,88178ba507fffff
5884,8816a54e49fffff
5885,8816a50d07fffff
5886,88178b3855fffff
5887,8816a58993fffff
5888,88178b08edfffff
5889,88178bb52dfffff
5890,88178b2801fffff
5891,8816165191fffff
5892,8816165135fffff
5893,8816165009fffff
5894,8816a08617fffff
5895,8816a5d813fffff
5896,88178b8749fffff
5897,8816a5d25bfffff
5898,88178b2057fffff
5899,8816a59941fffff
5900,8816a51625fffff
5901,8816a502edfffff
5902,88178b0417fffff
5903,88178ba905fffff
5904,88178b2361fffff
5905,8816a08cddfffff
5906,8816a501e5fffff
5907,8816a5d28dfffff
5908,8816a0a1ddfffff
5909,88178b8d85fffff
5910,8817897833fffff
5911,88178949abfffff
5912,88178b0867fffff
5913,8816164b09fffff
5914,8817897855fffff
5915,8816a545edfffff
5916,881616cde7fffff
5917,88178b2051fffff
5918,88161642cdfffff
5919,88178baacdfffff
5920,8816a58f07fffff
5921,88178bb053fffff
5922,88178b78b5fffff
5923,8816a54509fffff
5924,8816a51315fffff
5925,8816a5dacbfffff
5926,88178b7711fffff
5927,88178b36cdfffff
5928,8816a55827fffff
5929,88178b2b1bfffff
5930,88178b84b9fffff
5931,8816a08cc1fffff
5932,88178bb857fffff
5933,8816a54addfffff
5934,8816a54b13fffff
5935,88178bb337fffff
5936,8816a59b57fffff
5937,8816a552c9fffff
5938,88178b8605fffff
5939,881616596dfffff
5940,8816a5599dfffff
5941,8816a0b937fffff
5942,88178b3717fffff
5943,8816164415fffff
5944,88178b1467fffff
5945,8816a5a263fffff
5946,8816a5da91fffff
5947,8816a54c8dfffff
5948,88178b154dfffff
5949,88178ba107fffff
5950,8816a58411fffff
5951,88178b221bfffff
5952,8816a5cf69fffff
5953,8816a55911fffff
5954,8816a55b47fffff
5955,8816a54961fffff
5956,88178b66e1fffff
5957,8816a5d729fffff
5958,8816a0ba95fffff
5959,88178b6325fffff
5960,8816a015a3fffff
5961,8816a54c0bfffff
5962,8816a549a5fffff
5963,8816a54203fffff
5964,8816a5082bfffff
5965,88178b11b7fffff
5966,8816a5a2c1fffff
5967,8816a5b96dfffff
5968,8816a5843bfffff
5969,8816a57821fffff
5970,8816a0873bfffff
5971,8816a5891bfffff
5972,8817896b65fffff
5973,88178b2c39fffff
5974,88161640b5fffff
5975,8816a502b7fffff
5976,8816a5cc9dfffff
5977,8816a5ca4dfffff
5978,8816164323fffff
5979,8816a5983dfffff
5980,8816a00751fffff
5981,8816a50325fffff
5982,8816a5c491fffff
5983,88178bba15fffff
5984,8816a509b7fffff
5985,8816a5b863fffff
5986,8816a540ebfffff
5987,88178b3ad3fffff
5988,8816a5b103fffff
5989,8816164b27fffff
5990,8816a5515dfffff
5991,88178b06c5fffff
5992,8816a0b0d7fffff
5993,88178b0d15fffff
5994,8816a01617fffff
5995,88178b3359fffff
5996,8816a549b7fffff
5997,88178bb439fffff
5998,8816a5d067fffff
5999,88178b0007fffff
6000,88178b6319fffff
6001,8816a08cbdfffff
6002,88178b6111fffff
6003,88178b7a95fffff
6004,8816a5b093fffff
6005,8816a00409fffff
6006,88161659bbfffff
6007,88178b8c19fffff
6008,88178bbb25fffff
6009,8816a0aa59fffff
6010,8816a55a59fffff
6011,8816a57991fffff
6012,88178bb33dfffff
6013,8816a502abfffff
6014,8816a0070bfffff
6015,8816a57887fffff
6016,8816a5c41bfffff
6017,8816a0b649fffff
6018,8816a51749fffff
6019,8816a50c6dfffff
6020,8816a5c455fffff
6021,8816a5d00dfffff
6022,8816a55aebfffff
6023,8816a5c8a9fffff
6024,8816164e51fffff
6025,88178b364bfffff
6026,8816165717fffff
6027,88178ba16bfffff
6028,88161658b3fffff
6029,8816a5d015fffff
6030,88178b170bfffff
6031,8816a54c05fffff
6032,88178b36c5fffff
6033,8816a59a45fffff
6034,8816a54547fffff
6035,88178b72a5fffff
6036,8816a5cec9fffff
6037,8816a5d519fffff
6038,8816a58801fffff
6039,8816a595c1fffff
6040,8816a58ea9fffff
6041,8816a00415fffff
6042,8816a08683fffff
6043,8816a5cf37fffff
6044,8817894937fffff
6045,8816a08e11fffff
6046,88178b7623fffff
6047,8816a56925fffff
6048,8816a5a0c1fffff
6049,8816a58981fffff
6050,8816a5b70bfffff
6051,88178b2b2dfffff
6052,8816a5016bfffff
6053,8816a016adfffff
6054,8817894c05fffff
6055,8816a0b189fffff
6056,8816a5d453fffff
6057,8817897845fffff
6058,8816a0aaedfffff
6059,88178979cbfffff
6060,88178ba25dfffff
6061,8816a50e69fffff
6062,8816a51217fffff
6063,88178b8c87fffff
6064,8816a5b0a9fffff
6065,88178ba539fffff
6066,8816a5504dfffff
6067,8816a58017fffff
6068,88178979bdfffff
6069,88178b014dfffff
6070,8817894cc1fffff
6071,88178ba745fffff
6072,88178b374dfffff
6073,8816a57b33fffff
6074,8817894c57fffff
6075,881616d94dfffff
6076,8816a08c1bfffff
6077,8816a58a35fffff
6078,88178b104bfffff
6079,8816a0a359fffff
6080,8816a01649fffff
6081,88178ba4e5fffff
6082,88178b64adfffff
6083,8816a59061fffff
6084,8816a01509fffff
6085,88178b1623fffff
6086,88178bad0bfffff
6087,88178b8e6bfffff
6088,88178b3247fffff
6089,88178b4691fffff
6090,88178b66b1fffff
6091,8816a5826bfffff
6092,88178bbad1fffff
6093,88178b761dfffff
6094,8816a5d0b9fffff
6095,8816a51a57fffff
6096,88178b0495fffff
6097,8816a5c2a3fffff
6098,88178ba725fffff
6099,88178bb097fffff
6100,8816a58c93fffff
6101,8816a08745fffff
6102,8816a59215fffff
6103,8816a54195fffff
6104,8816a509a7fffff
6105,8816a58085fffff
6106,88178b0065fffff
6107,8816a5b221fffff
6108,8816a58e89fffff
6109,88178ba457fffff
6110,8816a01655fffff
6111,8816a57a5bfffff
6112,8816164eedfffff
6113,88178b06b5fffff
6114,8816a016d9fffff
6115,88178b0cd1fffff
6116,8816a580b1fffff
6117,8816a0b535fffff
6118,8816a5b5e9fffff
6119,8816a58da3fffff
6120,88178bb5e3fffff
6121,8816a585c9fffff
6122,88178ba89dfffff
6123,88178b1585fffff
6124,8816a5b109fffff
6125,8816a550d3fffff
6126,8816a5035bfffff
6127,88178b708bfffff
6128,88178ba057fffff
6129,8816a50cebfffff
6130,8816a500a3fffff
6131,881616472dfffff
6132,88178ba66dfffff
6133,8816a0a06dfffff
6134,8816a016e9fffff
6135,8816a5d0b5fffff
6136,881616440dfffff
6137,88178bb289fffff
6138,8816a50263fffff
6139,8816a5c0a1fffff
6140,8816a50647fffff
6141,8816a596ddfffff
6142,88178b3739fffff
6143,88178b6211fffff
6144,8816a5452bfffff
6145,8816a5c361fffff
6146,8816a08ee3fffff
6147,8816a0860dfffff
6148,88178b7507fffff
6149,8816a5ca2bfffff
6150,8816a5c745fffff
6151,88178b6da1fffff
6152,881789793bfffff
6153,88178b6491fffff
6154,8816a50d01fffff
6155,88178b3023fffff
6156,8816a5190bfffff
6157,88178b1469fffff
6158,88178b0d5bfffff
6159,88178b256bfffff
6160,88178b00edfffff
6161,88178b8003fffff
6162,8816a00531fffff
6163,8816a0b665fffff
6164,88178b2f27fffff
6165,8816a5d4a7fffff
6166,88178b6681fffff
6167,8816a59aa1fffff
6168,8816a548e5fffff
6169,8816a58dc7fffff
6170,8816a5d619fffff
6171,8816a559e5fffff
6172,8816164d1bfffff
6173,88178b70adfffff
6174,881616496dfffff
6175,8816a51369fffff
6176,8816a59267fffff
6177,8816a00297fffff
6178,8816a58819fffff
6179,8816a42419fffff
6180,881616436dfffff
6181,88178ba087fffff
6182,8816a0158bfffff
6183,8816a55837fffff
6184,8816a5b76bfffff
6185,8816a59929fffff
6186,88178bb737fffff
6187,881616db57fffff
6188,8816a0b0b9fffff
6189,8816a5c85bfffff
6190,8816a5c0b1fffff
6191,8816a0853bfffff
6192,8816a0863dfffff
6193,8816a5c4cdfffff
6194,8816a5a105fffff
6195,8817894c23fffff
6196,8816a584d5fffff
6197,88178b8681fffff
6198,8816a5c5d7fffff
6199,88178979c1fffff
6200,88178b3297fffff
6201,8816a00761fffff
6202,8816a08d81fffff
6203,8816a50a2dfffff
6204,8816a5d003fffff
6205,8816a54757fffff
6206,8816a54c8bfffff
6207,8816a59453fffff
6208,8816a5d1c5fffff
6209,8816a54887fffff
6210,8816a598d7fffff
6211,8816a0162bfffff
6212,8816a5a253fffff
6213,88178ba0e5fffff
6214,8816a55355fffff
6215,88178baf29fffff
6216,8816a54991fffff
6217,8816a50161fffff
6218,8816a56b35fffff
6219,88178bbaadfffff
6220,8816a5b1c7fffff
6221,8816a5a961fffff
6222,8816a5cd0dfffff
6223,88178b1441fffff
6224,8816a56a25fffff
6225,88178b0289fffff
6226,8816a0a1b5fffff
6227,88178b2d53fffff
6228,881616585bfffff
6229,8816164945fffff
6230,8816a0ab29fffff
6231,88178b024bfffff
6232,88178b8031fffff
6233,88178b21a3fffff
6234,8816a0a741fffff
6235,8817897801fffff
6236,88178ba827fffff
6237,8817894891fffff
6238,8816a00525fffff
6239,8816a0b4cdfffff
6240,8816a5cc45fffff
6241,8816a54cd3fffff
6242,88178b2ebbfffff
6243,8816a59043fffff
6244,8816a5d745fffff
6245,8816a50f55fffff
6246,88178b09bbfffff
6247,8816a0a21bfffff
6248,88161640a5fffff
6249,8816a016dbfffff
6250,88178bb4bdfffff
6251,8816164d8dfffff
6252,8816a505c3fffff
6253,88178b1883fffff
6254,88178b726dfffff
6255,88178949b9fffff
6256,88178b6065fffff
6257,8816a5d703fffff
6258,88178b34d3fffff
6259,8816a58137fffff
6260,8816a5b639fffff
6261,8816a0873dfffff
6262,88178b12adfffff
6263,8816a59433fffff
6264,88178b721dfffff
6265,8816a5b2cbfffff
6266,88178b36c7fffff
6267,88178b2843fffff
6268,8816164e1dfffff
6269,88178b4499fffff
6270,8816164c99fffff
6271,8816a5a039fffff
6272,8816a59505fffff
6273,88178b7a11fffff
6274,8816a5d5e9fffff
6275,8816a082bbfffff
6276,88178b8509fffff
6277,8816a581c9fffff
6278,8816a50303fffff
6279,8816a54b65fffff
6280,88178b6cc7fffff
6281,88178baf47fffff
6282,8816a5c80bfffff
6283,8816a5b455fffff
6284,8816a508a7fffff
6285,8816a5c357fffff
6286,88178b2d21fffff
6287,8816a5c615fffff
6288,8816165537fffff
6289,88178b6193fffff
6290,8816a5b057fffff
6291,8816a000b7fffff
6292,8816a54635fffff
6293,88178ba765fffff
6294,88178b0567fffff
6295,88178bb621fffff
6296,8816a546cbfffff
6297,88178bb639fffff
6298,8816a50859fffff
6299,88178b2225fffff
6300,88178b602dfffff
6301,8816a5bb25fffff
6302,881789498bfffff
6303,8816a5d18dfffff
6304,881616d9a1fffff
6305,8816a0a65bfffff
6306,8816a558c5fffff
6307,8816a5d529fffff
6308,88178bb153fffff
6309,8816a58995fffff
6310,8816a58d27fffff
6311,88178bac81fffff
6312,8816a541abfffff
6313,88178b2943fffff
6314,8816a59623fffff
6315,8816a08cc5fffff
6316,8816a54709fffff
6317,8816164f45fffff
6318,8816a5c69bfffff
6319,8816a010d5fffff
6320,88178b6433fffff
6321,8816a59493fffff
6322,8816a5cd29fffff
6323,88178b2103fffff
6324,8816a57911fffff
6325,88178b15c1fffff
6326,88178b8195fffff
6327,8816a5d0e7fffff
6328,8816a0a0edfffff
6329,8816a09599fffff
6330,8816a5d6bdfffff
6331,88178ba9dbfffff
6332,8816165a41fffff
6333,8816a0b721fffff
6334,88178b822dfffff
6335,8816164ac1fffff
6336,88178b299dfffff
6337,8816a5804bfffff
6338,8816a56339fffff
6339,88178bb193fffff
6340,8816a5c12dfffff
6341,88178b2f1dfffff
6342,88178b6805fffff
6343,8816164b6dfffff
6344,8816a0a011fffff
6345,88178b1549fffff
6346,8816a00eddfffff
6347,8816a58b15fffff
6348,88178b875dfffff
6349,8816a5d4b5fffff
6350,8816a42c9bfffff
6351,88178bbaa5fffff
6352,8816a5c1adfffff
6353,8816a54895fffff
6354,88178b85bdfffff
6355,8816a0aa45fffff
6356,88178b8eadfffff
6357,88178b040bfffff
6358,88178b003dfffff
6359,88178b62a7fffff
6360,8816a5d683fffff
6361,88178b82a7fffff
6362,8816a54125fffff
6363,88178b7437fffff
6364,8816a559a5fffff
6365,88178b025dfffff
6366,8816a554abfffff
6367,8816a0a647fffff
6368,88178bb99dfffff
6369,88178b2f01fffff
6370,8816a0bb51fffff
6371,8816a080cbfffff
6372,8816a56955fffff
6373,88178b742dfffff
6374,8816a5848dfffff
6375,88178b802dfffff
6376,8816a50851fffff
6377,8816a519d1fffff
6378,88178bb4d3fffff
6379,8816a54d27fffff
6380,8816a0ab6dfffff
6381,8816a5989dfffff
6382,8816165ad3fffff
6383,88178b3519fffff
6384,88178b0147fffff
6385,8816167b4dfffff
6386,8816a5d013fffff
6387,8816a0b6c7fffff
6388,88178b71d3fffff
6389,8816167947fffff
6390,88178b31bbfffff
6391,8816a58595fffff
6392,8816a0a103fffff
6393,8816a0a01dfffff
6394,88178b7585fffff
6395,88178bab15fffff
6396,8816a54285fffff
6397,8816a58305fffff
6398,8816a5c4ddfffff
6399,8816a0ba49fffff
6400,8816a0bb09fffff
6401,8816a0140dfffff
6402,8816a50061fffff
6403,88161648a7fffff
6404,8816a55301fffff
6405,8816a59b0bfffff
6406,88178b853bfffff
6407,8816a0b52dfffff
6408,8816a54debfffff
6409,8816a0b643fffff
6410,8816a59749fffff
6411,8816a58f19fffff
6412,8816a5c6b3fffff
6413,8816a0b507fffff
6414,88161645d3fffff
6415,8816a54acdfffff
6416,8816a5a1c5fffff
6417,8816a58637fffff
6418,881789791bfffff
6419,88178bb5b3fffff
6420,8816a5bb37fffff
6421,88178b2205fffff
6422,8816a08c1dfffff
6423,8816a0b023fffff
6424,8816a5c0d9fffff
6425,88178b6735fffff
6426,8816a5c4c1fffff
6427,8816a5b835fffff
6428,8816a509d7fffff
6429,8816164001fffff
6430,8816a50f65fffff
6431,8816a5b505fffff
6432,8816a5c68dfffff
6433,88178b3b29fffff
6434,88178b0ca9fffff
6435,88178ba041fffff
6436,88178bace5fffff
6437,8816a5b663fffff
6438,8816a586e3fffff
6439,881789791dfffff
6440,8816a5146bfffff
6441,8816a094b7fffff
6442,8816a50d3dfffff
6443,88178b8643fffff
6444,8816a5c299fffff
6445,88178b0cd9fffff
6446,8816a55889fffff
6447,8816a54ca5fffff
6448,8816a516bbfffff
6449,88178b0145fffff
6450,8816a5c585fffff
6451,88178b1031fffff
6452,8816a55831fffff
6453,88178b94a3fffff
6454,881616c969fffff
6455,88178b69a1fffff
6456,88178b862bfffff
6457,88178bacc1fffff
6458,8816a55183fffff
6459,88178b2eb3fffff
6460,88178badc1fffff
6461,88178b051dfffff
6462,8816a0b1dbfffff
6463,8816a50319fffff
6464,8816a5cb3bfffff
6465,88178b3129fffff
6466,88178b841dfffff
6467,88178ba1e5fffff
6468,88178ba52bfffff
6469,8816a59201fffff
6470,88178b3887fffff
6471,8816a5b0c5fffff
6472,8816a5a141fffff
6473,8816a015d5fffff
6474,8816164f4dfffff
6475,88178b822bfffff
6476,88178ba8d7fffff
6477,8816a58ed1fffff
6478,8816a002d3fffff
6479,88178b2461fffff
6480,8816a579b3fffff
6481,8816a5d695fffff
6482,8816a5880bfffff
6483,8816a5b6d5fffff
6484,881616453dfffff
6485,88178b0ac3fffff
6486,88178b2ea3fffff
6487,8817897831fffff
6488,88178bac49fffff
6489,8816a5c335fffff
6490,8816a540e3fffff
6491,8816a59033fffff
6492,8816164e5dfffff
6493,8816a59553fffff
6494,88178b358bfffff
6495,8816a54097fffff
6496,88178b6d87fffff
6497,8816a58527fffff
6498,88178b0d17fffff
6499,8816a58f43fffff
6500,8816a09615fffff
6501,8816a09631fffff
6502,8816a58083fffff
6503,88178b6691fffff
6504,88178ba65bfffff
6505,8816a5088bfffff
6506,8816a5010dfffff
6507,8816a511e1fffff
6508,8816a552b7fffff
6509,8816a5023bfffff
6510,88178b6d45fffff
6511,8816a58f4dfffff
6512,8816a54b39fffff
6513,8816a00433fffff
6514,8816a58ce5fffff
6515,8816164815fffff
6516,88178bb037fffff
6517,8816a546c5fffff
6518,8816a58503fffff
6519,8816a5c481fffff
6520,8816165abdfffff
6521,88178b6a6bfffff
6522,8816a08c25fffff
6523,8816a5a027fffff
6524,88178b0813fffff
6525,881616c94dfffff
6526,8816a59a43fffff
6527,8816a015cdfffff
6528,88178b35adfffff
6529,8816164adbfffff
6530,8816a01291fffff
6531,88178b1495fffff
6532,8816a5b5a3fffff
6533,88178ba2b5fffff
6534,8816a012b1fffff
6535,8816a5a369fffff
6536,88178b60e3fffff
6537,88178baa19fffff
6538,8816a50a37fffff
6539,8816167915fffff
6540,8816164295fffff
6541,88178b39adfffff
6542,88178b0e43fffff
6543,88178b22abfffff
6544,8816a5c59dfffff
6545,88178b70a3fffff
6546,88178b3751fffff
6547,8816a54223fffff
6548,88161659b5fffff
6549,8816a57abbfffff
6550,88178b015bfffff
6551,88178b6757fffff
6552,8816164d4dfffff
6553,8816a548a3fffff
6554,8816a0a29bfffff
6555,8816a5c063fffff
6556,8816a5533bfffff
6557,88161651e3fffff
6558,88178b76d1fffff
6559,8816a55317fffff
6560,8816a59217fffff
6561,88178b36e9fffff
6562,8816a0bb03fffff
6563,8816a0a0bbfffff
6564,8816a5b611fffff
6565,88178b8f5bfffff
6566,8816a01557fffff
6567,8816a5c6e1fffff
6568,8816a58f33fffff
6569,8816a01587fffff
6570,8816a016a3fffff
6571,8816a5696bfffff
6572,88178b3559fffff
6573,8817894f33fffff
6574,88178b0737fffff
6575,88161640b7fffff
6576,8816a086a7fffff
6577,881616db63fffff
6578,8816a56909fffff
6579,8816a0a1c9fffff
6580,88178b3addfffff
6581,8816a0b82dfffff
6582,88178bb749fffff
6583,881616c929fffff
6584,8816a014a7fffff
6585,8816a508a5fffff
6586,8816165ab5fffff
6587,8816a50c51fffff
6588,8816a5c643fffff
6589,88178b2c25fffff
6590,8816a50721fffff
6591,8816a51281fffff
6592,8816a55ac5fffff
6593,8816a5cf07fffff
6594,88178b0d63fffff
6595,8816a55731fffff
6596,8816a5a64bfffff
6597,8816a0b0d1fffff
6598,8816165117fffff
6599,8816a0b229fffff
6600,8816a59041fffff
6601,88178b909dfffff
6602,88178b09d7fffff
6603,8816a5cab7fffff
6604,8816a57135fffff
6605,8816a5c659fffff
6606,8816a51849fffff
6607,88178ba661fffff
6608,8816a588cdfffff
6609,8817897861fffff
6610,8816a5d709fffff
6611,88178b095bfffff
6612,8816a51981fffff
6613,8816a5a283fffff
6614,88178b2063fffff
6615,8816165a59fffff
6616,8816a5a1cdfffff
6617,88178ba33dfffff
6618,88178b2ac9fffff
6619,8816a516e1fffff
6620,88178ba363fffff
6621,88178b768bfffff
6622,88178b2121fffff
6623,8816a58267fffff
6624,88178b7089fffff
6625,8817894995fffff
6626,88178ba5c7fffff
6627,88178bab67fffff
6628,8816a54427fffff
6629,8816a5d0c9fffff
6630,88178bb36bfffff
6631,88178b2127fffff
6632,8816a50217fffff
6633,881616593dfffff
6634,88178bb42bfffff
6635,8816a54013fffff
6636,8816a58ab7fffff
6637,88178ba1b9fffff
6638,8816a0a36bfffff
6639,8816a59365fffff
6640,8816165aadfffff
6641,88178b1005fffff
6642,8816a548a7fffff
6643,8816a55425fffff
6644,88178bb0b9fffff
6645,88178b660bfffff
6646,8816a08c89fffff
6647,8816a0a043fffff
6648,8816a55acbfffff
6649,8816a010d9fffff
6650,8816a5ce47fffff
6651,88178bada9fffff
6652,8816a5d6adfffff
6653,8816a5b0b9fffff
6654,8816a581a5fffff
6655,88178b6999fffff
6656,88178b8e43fffff
6657,8816a5c953fffff
6658,88178b2451fffff
6659,881616c963fffff
6660,8816a0a80dfffff
6661,8816a5b923fffff
6662,8816a57369fffff
6663,8817894cd7fffff
6664,88178b60bdfffff
6665,88178b033dfffff
6666,8816a080d9fffff
6667,8816a50a8bfffff
6668,88178b76e9fffff
6669,8816a50ab7fffff
6670,8816a502e1fffff
6671,88178b1185fffff
6672,88178b6337fffff
6673,8816a56a2dfffff
6674,8816164f03fffff
6675,88178b012dfffff
6676,8816a58b6dfffff
6677,8816a502dbfffff
6678,88178b70cdfffff
6679,88178bb6adfffff
6680,88178b69e9fffff
6681,8816a58f69fffff
6682,8816a5168bfffff
6683,88161679edfffff
6684,8816164c97fffff
6685,88178baca5fffff
6686,8816a51541fffff
6687,8816a54523fffff
6688,8816165ae5fffff
6689,8816a084d7fffff
6690,8816a5d459fffff
6691,88178b7a1bfffff
6692,8816a5c189fffff
6693,8817897907fffff
6694,8816a5932dfffff
6695,8816a0a64dfffff
6696,88178b1703fffff
6697,88178b848dfffff
6698,88178b26c9fffff
6699,8816a554ebfffff
6700,8816a5a0a3fffff
6701,8816a549d7fffff
6702,88178baa89fffff
6703,8816a58015fffff
6704,88178ba437fffff
6705,8816a50865fffff
6706,8816a5558dfffff
6707,88178b80b7fffff
6708,8816a54963fffff
6709,88178b9557fffff
6710,88178b2ccbfffff
6711,88178b3aa7fffff
6712,8816a5dae1fffff
6713,88178b0c5dfffff
6714,88178b7621fffff
6715,8816a5b089fffff
6716,88178b608bfffff
6717,8816164561fffff
6718,88178bb217fffff
6719,88178b7885fffff
6720,8816a50b5dfffff
6721,8816a5aadbfffff
6722,88178b6147fffff
6723,88178ba51dfffff
6724,8816164f63fffff
6725,88178b66abfffff
6726,8816a579d5fffff
6727,8816a57b51fffff
6728,8816a0168dfffff
6729,88178b1895fffff
6730,8816a5d1c3fffff
6731,8816a0aa91fffff
6732,8816a55961fffff
6733,88178b0a55fffff
6734,8816a59995fffff
6735,8816a55821fffff
6736,8816a5d1a1fffff
6737,88178b38d5fffff
6738,88178bb945fffff
6739,8816a0b4abfffff
6740,88178bb6ebfffff
6741,8816a518b5fffff
6742,88178ba485fffff
6743,8816a0b681fffff
6744,8816a59b43fffff
6745,8816a5149dfffff
6746,88178b2747fffff
6747,8816a5170bfffff
6748,881616476dfffff
6749,8816a0a8cbfffff
6750,88178bb0c5fffff
6751,88178bb2d9fffff
6752,88178b8239fffff
6753,881616d969fffff
6754,8816a5471bfffff
6755,8816a58c2bfffff
6756,8816a58405fffff
6757,8816a080b1fffff
6758,8816a50e15fffff
6759,8816a50261fffff
6760,8816a5120bfffff
6761,8816a57b63fffff
6762,8816a5d35dfffff
6763,8816a5a2a3fffff
6764,8816a5b319fffff
6765,8816a0154dfffff
6766,88178b1535fffff
6767,88178ba5adfffff
6768,8816a5469bfffff
6769,8817897869fffff
6770,8816a5b69bfffff
6771,88178b319bfffff
6772,88178bb8a3fffff
6773,88178979a7fffff
6774,88178ba163fffff
6775,8816a54015fffff
6776,8816165339fffff
6777,8816a51741fffff
6778,8816a556d7fffff
6779,88178b8767fffff
6780,8816a58219fffff
6781,8816a59459fffff
6782,8816a5b2ebfffff
6783,8816a5c5dbfffff
6784,8816a5c22dfffff
6785,8817897991fffff
6786,88178b72bdfffff
6787,8816a5d565fffff
6788,88178b2597fffff
6789,88178b0c23fffff
6790,8816a594d9fffff
6791,88178ba561fffff
6792,8816a57aa9fffff
6793,8816a55741fffff
6794,8816a58aabfffff
6795,8816a0b983fffff
6796,88178b7527fffff
6797,8816a00617fffff
6798,88178b262dfffff
6799,88178b84a7fffff
6800,8816a0bae3fffff
6801,8816a0ba89fffff
6802,88178b81c3fffff
6803,8816a54615fffff
6804,8816a58dcbfffff
6805,88178b6db5fffff
6806,8816a0b1e9fffff
6807,88178b22c5fffff
6808,8816a54521fffff
6809,8816a5d831fffff
6810,88178b81cbfffff
6811,8816a56331fffff
6812,8816a541c7fffff
6813,88178bb5e7fffff
6814,8816a591adfffff
6815,8816a5571bfffff
6816,8816a0aa49fffff
6817,88178b78dbfffff
6818,8816a5b595fffff
6819,8816a594abfffff
6820,8816a0b551fffff
6821,88178ba5a1fffff
6822,8816167b6bfffff
6823,88178bb823fffff
6824,8816a0a22bfffff
6825,88178b875bfffff
6826,8816a51561fffff
6827,8816a58293fffff
6828,88178bac19fffff
6829,88178b7415fffff
6830,8816a55891fffff
6831,8816a0b4b1fffff
6832,8816a54527fffff
6833,8816a56061fffff
6834,8816a0b23dfffff
6835,88178b101bfffff
6836,881616406dfffff
6837,8816a54e37fffff
6838,88178b82a3fffff
6839,8816a51a0dfffff
6840,8816a5bac3fffff
6841,88178b00cdfffff
6842,8816a08635fffff
6843,88178bac23fffff
6844,8816a5a047fffff
6845,8816a554a7fffff
6846,8816a5b807fffff
6847,8816a58d29fffff
6848,8816a09429fffff
6849,8816a54587fffff
6850,88178ba233fffff
6851,8816a58a9dfffff
6852,8816a54559fffff
6853,8816a548adfffff
6854,8816a086c7fffff
6855,8816a0b851fffff
6856,8816a54d9dfffff
6857,8816a0963bfffff
6858,8816a51827fffff
6859,8816a5a303fffff
6860,88178b2aa1fffff
6861,8817894de7fffff
6862,88178baf65fffff
6863,88178b81e9fffff
6864,8816a5a223fffff
6865,8816a0a803fffff
6866,8816a51683fffff
6867,8816a09453fffff
6868,8816a5910bfffff
6869,8816a0b823fffff
6870,88178bad27fffff
6871,8816a58cd3fffff
6872,8816165a8dfffff
6873,88178b6333fffff
6874,8816a5888dfffff
6875,8816a57b29fffff
6876,88178979d3fffff
6877,88178b0a31fffff
6878,8816164e05fffff
6879,8816a5ce25fffff
6880,881789781bfffff
6881,8816a095d9fffff
6882,88178b30b5fffff
6883,8816a51727fffff
6884,8816a542ddfffff
6885,88178b8f55fffff
6886,88178bb985fffff
6887,8816a08545fffff
6888,8816a590c7fffff
6889,88178ba1ddfffff
6890,8816a00551fffff
6891,88178b0553fffff
6892,8816a59849fffff
6893,8816a5a755fffff
6894,88178b8527fffff
6895,88178b7767fffff
6896,8816a51313fffff
6897,88178948a5fffff
6898,8816a51589fffff
6899,88178b74a9fffff
6900,8816a51209fffff
6901,88178b00d7fffff
6902,8816a595a1fffff
6903,8816a095e9fffff
6904,88178badc3fffff
6905,88178ba75bfffff
6906,8816a510cbfffff
6907,8816a5a155fffff
6908,88178b8555fffff
6909,88178bb357fffff
6910,8816a5d017fffff
6911,88178b6a0bfffff
6912,88178bb247fffff
6913,88178b3063fffff
6914,8816a5dacdfffff
6915,8816a500edfffff
6916,88178b88d1fffff
6917,88178b60e5fffff
6918,8816a59435fffff
6919,88178b88d5fffff
6920,88178b6cbbfffff
6921,88178b0161fffff
6922,8816a5dae7fffff
6923,8816a59019fffff
6924,8816a426bbfffff
6925,88178b3921fffff
6926,88178b6e0bfffff
6927,8816a5b491fffff
6928,8816167929fffff
6929,88178ba299fffff
6930,88178ba945fffff
6931,88178b0f41fffff
6932,8816164e69fffff
6933,8816165287fffff
6934,8816a08c39fffff
6935,8816a51ac7fffff
6936,88178b2437fffff
6937,88178b0f55fffff
6938,88178b04abfffff
6939,8816a54759fffff
6940,8816a0a8e9fffff
6941,8816a5ba43fffff
6942,8816a5b2edfffff
6943,8816a5c62dfffff
6944,8816a5100bfffff
6945,8816a51087fffff
6946,8816a5b523fffff
6947,8816a58891fffff
6948,8816a0b5d3fffff
6949,88178b21e5fffff
6950,8816a5c057fffff
6951,8816a555a9fffff
6952,88178b060bfffff
6953,8816a5d405fffff
6954,8816a5cf01fffff
6955,8816a5b003fffff
6956,88178b8e29fffff
6957,8816a0941bfffff
6958,8816164f37fffff
6959,8816a51a6dfffff
6960,88161658ddfffff
6961,8816a004abfffff
6962,8816a594e9fffff
6963,88178b6c11fffff
6964,8816a5920dfffff
6965,88178b81d1fffff
6966,88178b12b7fffff
6967,8816a54455fffff
6968,8816a5cc19fffff
6969,8816a5155dfffff
6970,881616cb03fffff
6971,88178b02a7fffff
6972,88178ba359fffff
6973,8816a5d223fffff
6974,8817896b25fffff
6975,8816164015fffff
6976,88161640bdfffff
6977,88161659d5fffff
6978,8816a54201fffff
6979,88178b8461fffff
6980,88178b6919fffff
6981,8816a5a08bfffff
6982,88178b729dfffff
6983,8816a58869fffff
6984,8817894d0dfffff
6985,8817897923fffff
6986,8816a57807fffff
6987,88178b26e7fffff
6988,88178979d7fffff
6989,88178b84edfffff
6990,8816a0b061fffff
6991,8816a541dbfffff
6992,8816164e53fffff
6993,8816a5c151fffff
6994,88178b2683fffff
6995,881789495bfffff
6996,8816a55b3dfffff
6997,88178b3913fffff
6998,88178bb1e5fffff
6999,8816a51833fffff
7000,88178b6327fffff
7001,8816a5580bfffff
7002,8816a5af49fffff
7003,88178b81b9fffff
7004,8816167987fffff
7005,8816a08561fffff
7006,8816a08437fffff
7007,88178b0453fffff
7008,8816164751fffff
7009,88178b725bfffff
7010,8816a5c98bfffff
7011,8816a5aa35fffff
7012,8816a0b61dfffff
7013,8816a08735fffff
7014,88178b6e23fffff
7015,88178b7aa5fffff
7016,88161641c7fffff
7017,8816165a85fffff
7018,8816a5481dfffff
7019,8816a5d327fffff
7020,8816a5028dfffff
7021,8816a580edfffff
7022,88178bac03fffff
7023,88178b02dbfffff
7024,88178b8e5bfffff
7025,88178b354dfffff
7026,88178b92b5fffff
7027,88178b34c5fffff
7028,8816a59949fffff
7029,88178b3807fffff
7030,8816a50123fffff
7031,88178b943dfffff
7032,8816a51191fffff
7033,881616793dfffff
7034,8816a5815dfffff
7035,8816a56b09fffff
7036,8816a01461fffff
7037,88178b64c5fffff
7038,8816a01421fffff
7039,8816a5badbfffff
7040,8816a57addfffff
7041,88178b2189fffff
7042,88178b2923fffff
7043,8816a5066dfffff
7044,8816a55363fffff
7045,8816a50037fffff
7046,8816a58a4dfffff
7047,8816a55155fffff
7048,8816a5ab53fffff
7049,8816a0a94dfffff
7050,8816165427fffff
7051,88178ba08dfffff
7052,8816a506edfffff
7053,88161655b5fffff
7054,8816a5a203fffff
7055,8816a51ad5fffff
7056,88178b7163fffff
7057,8816a58b47fffff
7058,8816a096d1fffff
7059,8816a5a2e7fffff
7060,8816a5160bfffff
7061,8816a5c865fffff
7062,88178b00e3fffff
7063,8816a55169fffff
7064,88178b0ac7fffff
7065,8816a0b2e3fffff
7066,8816a00645fffff
7067,8816a01439fffff
7068,8816a50529fffff
7069,8816a5408dfffff
7070,8816a5aaadfffff
7071,881616493dfffff
7072,88178b0ccdfffff
7073,8816a57145fffff
7074,88178b21c3fffff
7075,8816a54857fffff
7076,8816a0b417fffff
7077,8816a584b3fffff
7078,8816a5c2ebfffff
7079,8816a084d1fffff
7080,8816a54425fffff
7081,88178bb343fffff
7082,881616d943fffff
7083,8816a599e9fffff
7084,88178b8ad9fffff
7085,8816a0b925fffff
7086,8816a5d449fffff
7087,88178b1499fffff
7088,88178ba8dbfffff
7089,88178b22b5fffff
7090,8816a0bb39fffff
7091,8816a51b0bfffff
7092,88178b34dbfffff
7093,8816165049fffff
7094,8816a5c445fffff
7095,8816a51025fffff
7096,8816a5c503fffff
7097,88178b754dfffff
7098,8816a0b557fffff
7099,88178b06b9fffff
7100,881616473dfffff
7101,8816a5841bfffff
7102,88161648c1fffff
7103,88178b6e91fffff
7104,8816a5b9a7fffff
7105,88178b0981fffff
7106,8816a54ecbfffff
7107,88178b0091fffff
7108,8816a0b001fffff
7109,8816a5a237fffff
7110,8816a50963fffff
7111,8816a559cdfffff
7112,88178b861bfffff
7113,8816a0056bfffff
7114,88178bb501fffff
7115,8816a50a25fffff
7116,8816a57263fffff
7117,8816a54039fffff
7118,8816a542d5fffff
7119,88178b6643fffff
7120,88178b6295fffff
7121,88178b6745fffff
7122,88178bb305fffff
7123,8816a5162bfffff
7124,88178b2449fffff
7125,8817897989fffff
7126,88178b8d17fffff
7127,8816a5c187fffff
7128,88178b71b7fffff
7129,8816a508abfffff
7130,8816a54727fffff
7131,88178b2ea1fffff
7132,8816a548d7fffff
7133,88178bb457fffff
7134,8816a59455fffff
7135,8816a0b9e3fffff
7136,8816a5bb15fffff
7137,8816a5d76bfffff
7138,8816a584cbfffff
7139,8816a0ba2dfffff
7140,88178b8ad7fffff
7141,8816a58d45fffff
7142,8816164153fffff
7143,8816a5c999fffff
7144,8816a5952bfffff
7145,8816a5bb6bfffff
7146,8816a5d0bbfffff
7147,88178b159dfffff
7148,88178b61c3fffff
7149,8816a51825fffff
7150,8816a5a723fffff
7151,8816a5b607fffff
7152,88178ba29dfffff
7153,88178b3101fffff
7154,881616576dfffff
7155,8816a0b865fffff
7156,8816a514d5fffff
7157,88178b0021fffff
7158,881616493bfffff
7159,8816a0a749fffff
7160,8816a541c3fffff
7161,88178b6159fffff
7162,8816a5b041fffff
7163,8816164a51fffff
7164,8816165b53fffff
7165,88178b2e03fffff
7166,8816a5a931fffff
7167,8816a5d2adfffff
7168,8816a548edfffff
7169,8816a544c3fffff
7170,88178bba07fffff
7171,8816a571c7fffff
7172,8816a515d9fffff
7173,88178bb687fffff
7174,8817894c43fffff
7175,88178b70a7fffff
7176,8816164ebbfffff
7177,8816164763fffff
7178,8816165b67fffff
7179,88178b81e5fffff
7180,8816167b39fffff
7181,88178b2c13fffff
7182,88178b6281fffff
7183,8816a584abfffff
7184,88178b821dfffff
7185,88178b84b5fffff
7186,88178b65b9fffff
7187,88178b14b7fffff
7188,8817894839fffff
7189,8816165ac5fffff
7190,88178b9721fffff
7191,88178b8ee1fffff
7192,88178baa0dfffff
7193,8816a59a0dfffff
7194,88178b68e3fffff
7195,8816a50a15fffff
7196,8816a0a813fffff
7197,88178b30d9fffff
7198,88178b04cbfffff
7199,8816a554cdfffff
7200,8817894d6dfffff
7201,8816a584ddfffff
7202,8816a58013fffff
7203,8816a5694dfffff
7204,8816a5071dfffff
7205,8816a50451fffff
7206,8816a549cbfffff
7207,8816a50917fffff
7208,88178b1645fffff
7209,881616594bfffff
7210,8816a5d4d3fffff
7211,8816a551ddfffff
7212,8816a08eedfffff
7213,8816165b41fffff
7214,8816a0b011fffff
7215,88178b2551fffff
7216,8816a5d735fffff
7217,88178b84bbfffff
7218,88178b149dfffff
7219,881616db25fffff
7220,88178b2739fffff
7221,8816a59b45fffff
7222,8816164e91fffff
7223,88178b2d29fffff
7224,88178b38c5fffff
7225,8816a55699fffff
7226,881616cb4dfffff
7227,8816a5d8d5fffff
7228,88178b7893fffff
7229,8816a51259fffff
7230,88178b04c3fffff
7231,8816a5053dfffff
7232,8816a5aa99fffff
7233,8816a01547fffff
7234,8817896b47fffff
7235,88178b1609fffff
7236,88178bada7fffff
7237,8816a42431fffff
7238,8816a571adfffff
7239,88178baf5dfffff
7240,88178b2211fffff
7241,88178b66cbfffff
7242,8817894c0bfffff
7243,88178b274bfffff
7244,8816a5b049fffff
7245,88178b0369fffff
7246,8816a5b445fffff
7247,8816a54c5bfffff
7248,88178b3a21fffff
7249,8816a555b7fffff
7250,8817896a49fffff
7251,88178b0757fffff
7252,8816a5b98dfffff
7253,88178b226bfffff
7254,88178b7497fffff
7255,8816a584b7fffff
7256,88178b7485fffff
7257,88178b2807fffff
7258,88178b71b1fffff
7259,881616cb23fffff
7260,8816a5b017fffff
7261,881616432bfffff
7262,8817894c11fffff
7263,8816a084e1fffff
7264,8816a5a317fffff
7265,88178b0de7fffff
7266,8816a0aa43fffff
7267,8817894d05fffff
7268,88178b06a3fffff
7269,8816a00653fffff
7270,8816a5d4a9fffff
7271,8816a5830bfffff
7272,88178b2545fffff
7273,88178b0359fffff
7274,8816164a31fffff
7275,8816a58365fffff
7276,8816a511edfffff
7277,8816a5045bfffff
7278,88178b1195fffff
7279,8816a54a39fffff
7280,8817894813fffff
7281,8816a51a1dfffff
7282,88178b285bfffff
7283,88178b95b9fffff
7284,88178b6cb7fffff
7285,8816a58e5dfffff
7286,8816a0844dfffff
7287,88178bb50bfffff
7288,88178b8061fffff
7289,88178b30a5fffff
7290,8816a54337fffff
7291,88178b2491fffff
7292,8816165047fffff
7293,881616d9e7fffff
7294,8817897959fffff
7295,8816a580e1fffff
7296,8816a555b3fffff
7297,8816a5d335fffff
7298,88178baac5fffff
7299,88178bb8e7fffff
7300,88178b8759fffff
7301,8816a58843fffff
7302,8816a59769fffff
7303,88178bad39fffff
7304,8816a5883bfffff
7305,8816a54ab3fffff
7306,8816a59937fffff
7307,8816a5404bfffff
7308,8816a541cdfffff
7309,88178ba2a9fffff
7310,88178bae91fffff
7311,88161658d7fffff
7312,88178b2b69fffff
7313,8816a0b595fffff
7314,88178b68a3fffff
7315,8816167927fffff
7316,8816a56115fffff
7317,8816a5d325fffff
7318,88178b1a95fffff
7319,8816165b13fffff
7320,8816a58b13fffff
7321,88178b6ed5fffff
7322,8816a585cdfffff
7323,88178bb933fffff
7324,881616556dfffff
7325,881616489dfffff
7326,8816a5ba25fffff
7327,88178b2d59fffff
7328,88178b6d33fffff
7329,8816164927fffff
7330,88178b6f69fffff
7331,88178b15d5fffff
7332,88178b9509fffff
7333,8816a541c5fffff
7334,88178b1639fffff
7335,8816a579a9fffff
7336,8816a08dc1fffff
7337,8816a54611fffff
7338,8816a592adfffff
7339,8816a50ec5fffff
7340,88178bab51fffff
7341,88178b873bfffff
7342,8816a58861fffff
7343,88178b8455fffff
7344,88178bac3dfffff
7345,88178b84d3fffff
7346,8816a51a33fffff
7347,88178bae01fffff
7348,8816a5789bfffff
7349,8816a55aa3fffff
7350,8816a500c5fffff
7351,8816a581e5fffff
7352,8816a08c97fffff
7353,8816164c49fffff
7354,8816a5a1bbfffff
7355,881789491dfffff
7356,88178b630dfffff
7357,88178ba007fffff
7358,8816a50c63fffff
7359,8816164f11fffff
7360,88178b8d6bfffff
7361,8816a005c7fffff
7362,8816a51129fffff
7363,8816a591d5fffff
7364,88178ba137fffff
7365,8816a584edfffff
7366,8816a5636bfffff
7367,8817894f15fffff
7368,8816a590a3fffff
7369,881616531dfffff
7370,8816a5ca25fffff
7371,8816a51405fffff
7372,8816a58459fffff
7373,8816a56227fffff
7374,88161645c3fffff
7375,8817894d61fffff
7376,8816a57305fffff
7377,8816a0a769fffff
7378,88178b2157fffff
7379,8816a5b4c9fffff
7380,88178bb417fffff
7381,88178b6245fffff
7382,881616429dfffff
7383,88178b8193fffff
7384,8816a010c3fffff
7385,8816a50f6bfffff
7386,8816a50b05fffff
7387,8816a58b01fffff
7388,88178b8c6bfffff
7389,8816a5c625fffff
7390,88178b0c61fffff
7391,88178b16c3fffff
7392,8816a54041fffff
7393,88178ba2d1fffff
7394,8816164817fffff
7395,8816167917fffff
7396,88161650e5fffff
7397,88178bb599fffff
7398,8816a5d34dfffff
7399,8816a514cbfffff
7400,88178b6c39fffff
7401,8816a5cab5fffff
7402,88178b11dbfffff
7403,8816a59a13fffff
7404,8816a55553fffff
7405,8816a51907fffff
7406,8816a5c9e5fffff
7407,88178b2107fffff
7408,8816a5d635fffff
7409,8816a5c2c9fffff
7410,88178bb61bfffff
7411,88178bb16bfffff
7412,8816a5b087fffff
7413,8816a08d95fffff
7414,881616536dfffff
7415,8816a58dc5fffff
7416,8816a0b5d5fffff
7417,88178b2b15fffff
7418,88161640a3fffff
7419,8816a58dd9fffff
7420,8816a5410bfffff
7421,88178bb99bfffff
7422,8816a0aae5fffff
7423,88178bb701fffff
7424,8816a00743fffff
7425,8816165291fffff
7426,88178b2d51fffff
7427,881616515dfffff
7428,88178b6f1dfffff
7429,88178b6ec1fffff
7430,8816a00693fffff
7431,8816a501c3fffff
7432,88178bb155fffff
7433,8816a00547fffff
7434,8816a09405fffff
7435,8816a5040dfffff
7436,8816a58c17fffff
7437,88178b0313fffff
7438,8816a51065fffff
7439,88178ba757fffff
7440,8816a51141fffff
7441,8816164119fffff
7442,8816a506e1fffff
7443,8816a5c555fffff
7444,8816165315fffff
7445,8816a541b7fffff
7446,88178bb557fffff
7447,8816a5b437fffff
7448,8816a0b6c9fffff
7449,88178bb1d1fffff
7450,8816a5943dfffff
7451,8816a509cdfffff
7452,88178baf11fffff
7453,8816a0a849fffff
7454,8816a58467fffff
7455,8816a5b223fffff
7456,8816a5d0d9fffff
7457,8816a58edbfffff
7458,8816a5b8a5fffff
7459,881616cb07fffff
7460,88178b0e37fffff
7461,88178bbb39fffff
7462,8816a55753fffff
7463,8816a00445fffff
7464,8816a5ba2dfffff
7465,8816a5b141fffff
7466,8816a5cc3bfffff
7467,88178b8f29fffff
7468,8817894de9fffff
7469,88178b0e45fffff
7470,8816a5b563fffff
7471,8816a51b3dfffff
7472,88178b72c5fffff
7473,88178ba0c5fffff
7474,88178b774dfffff
7475,88178b8613fffff
7476,88178bbae3fffff
7477,88178b6039fffff
7478,88161640c3fffff
7479,8816a5b235fffff
7480,8816a0b429fffff
7481,88178b8111fffff
7482,88178bb195fffff
7483,88178b22a1fffff
7484,8816164239fffff
7485,8816a0a155fffff
7486,8816a03a49fffff
7487,8816a5831bfffff
7488,88178b8a95fffff
7489,8816a5c269fffff
7490,8816164597fffff
7491,88178b30d5fffff
7492,88161642a3fffff
7493,88178ba99bfffff
7494,8816a54569fffff
7495,8816a09443fffff
7496,8816a51229fffff
7497,88178b7549fffff
7498,8816a58ce7fffff
7499,88178b7091fffff
7500,88178b3857fffff
7501,8816a5b409fffff
7502,8816a08093fffff
7503,8816a54269fffff
7504,8816a50257fffff
7505,88178b6721fffff
7506,88178b811bfffff
7507,8816a57a0dfffff
7508,8816a5b597fffff
7509,8816a50835fffff
7510,88178bb6bdfffff
7511,881616425dfffff
7512,88178baa57fffff
7513,88178b29d3fffff
7514,8816a5c1d1fffff
7515,8816a5966dfffff
7516,88178b301dfffff
7517,88178b2855fffff
7518,8817894863fffff
7519,8816a57a37fffff
7520,88178b6ca9fffff
7521,88178b29d1fffff
7522,8816a5ce87fffff
7523,8816a0a955fffff
7524,8816a595c5fffff
7525,8816a59a27fffff
7526,88178b08cdfffff
7527,8816a0b327fffff
7528,8816a50f33fffff
7529,88178ba715fffff
7530,88178ba821fffff
7531,8816a5514bfffff
7532,88178b3567fffff
7533,8816a56a01fffff
7534,88178b10ebfffff
7535,8816a0a965fffff
7536,8816a58b43fffff
7537,8816a5881dfffff
7538,8816a5b4cbfffff
7539,8816a542e3fffff
7540,8816a58935fffff
7541,88178ba059fffff
7542,88178ba66bfffff
7543,8816a5c9c1fffff
7544,8816a5d5cdfffff
7545,8816a5825dfffff
7546,88178b04c5fffff
7547,8816164e85fffff
7548,8816a08533fffff
7549,8816a50759fffff
7550,88178b075dfffff
7551,88178bb845fffff
7552,88178b26a7fffff
7553,8816a5a261fffff
7554,88178b60a7fffff
7555,8816a0b5dbfffff
7556,88178b3adbfffff
7557,88178b3465fffff
7558,8816164431fffff
7559,88178b0eb1fffff
7560,88178b9495fffff
7561,881616db45fffff
7562,88178b6c33fffff
7563,8816a5ce03fffff
7564,88178ba4abfffff
7565,8817894d81fffff
7566,88178b955bfffff
7567,8816a5cd17fffff
7568,881616543dfffff
7569,8816a5c2cbfffff
7570,8816a50339fffff
7571,88178bbb17fffff
7572,8816a0a869fffff
7573,8816a54e1dfffff
7574,8816167945fffff
7575,8816a58a87fffff
7576,8816a541ebfffff
7577,8816a54e27fffff
7578,8816a5a161fffff
7579,88161641dbfffff
7580,8816a59557fffff
7581,8816a5cd45fffff
7582,88178b3641fffff
7583,88178b029dfffff
7584,88161649e1fffff
7585,8816a54a99fffff
7586,8816a004c5fffff
7587,8816165919fffff
7588,8816a54c9bfffff
7589,8816a01651fffff
7590,88178b6057fffff
7591,88178b6d65fffff
7592,88178b0731fffff
7593,8816a57035fffff
7594,88178b6e95fffff
7595,8816a5c19bfffff
7596,8816a59367fffff
7597,8816a5d5ebfffff
7598,8816a5cf5bfffff
7599,88178b0e9bfffff
7600,8816a54217fffff
7601,8816a00543fffff
7602,88178b6c6bfffff
7603,8816a51835fffff
7604,8816a559d3fffff
7605,88178b959dfffff
7606,88178b866dfffff
7607,88178b711bfffff
7608,8816a545a5fffff
7609,88178bac11fffff
7610,88178b6621fffff
7611,8816a5a745fffff
7612,8816164b31fffff
7613,88178bba83fffff
7614,8816a542b5fffff
7615,8816a5c435fffff
7616,8816a5b189fffff
7617,8816165867fffff
7618,8816164307fffff
7619,88178b7737fffff
7620,8816a59031fffff
7621,8816164b59fffff
7622,8816a55467fffff
7623,881616c951fffff
7624,8816a57241fffff
7625,8816a5094dfffff
7626,88178b0f45fffff
7627,88178b90c1fffff
7628,8816a5c8c5fffff
7629,88178b3999fffff
7630,8816a5cde3fffff
7631,8816a5524dfffff
7632,8816a58ec9fffff
7633,8816a08667fffff
7634,8816a54ac9fffff
7635,88178b0715fffff
7636,8816a5902bfffff
7637,8816a50449fffff
7638,8816a005d1fffff
7639,8816164249fffff
7640,8816a59411fffff
7641,8816a55659fffff
7642,88178b71bbfffff
7643,8816a590e7fffff
7644,8816a59839fffff
7645,88161640b1fffff
7646,8816a5d655fffff
7647,8816a0b01dfffff
7648,88178b2847fffff
7649,8816a5599bfffff
7650,8816a50b15fffff
7651,8816a58d83fffff
7652,8816a54b41fffff
7653,8816a5d239fffff
7654,88178bac9dfffff
7655,8816a08ea1fffff
7656,8816164003fffff
7657,8816a54a67fffff
7658,8816a56327fffff
7659,88178b7489fffff
7660,8816a5aab9fffff
7661,88178b8c2dfffff
7662,8816a515cbfffff
7663,88178b7149fffff
7664,8816a58709fffff
7665,8816a588a7fffff
7666,88178b25b3fffff
7667,8817896b5bfffff
7668,88178bb0c9fffff
7669,8816a514bbfffff
7670,8816a01685fffff
7671,8816a0ae61fffff
7672,8816a5b905fffff
7673,8816a50333fffff
7674,88178b72c9fffff
7675,8816a56901fffff
7676,8816a425b1fffff
7677,881616512bfffff
7678,88178b0467fffff
7679,88178b0c57fffff
7680,8816a5cc6bfffff
7681,88178bbb43fffff
7682,8816a09455fffff
7683,8816a58601fffff
7684,8816a59a8dfffff
7685,8816a5cee1fffff
7686,8816a55601fffff
7687,88178b76e7fffff
7688,88178ba707fffff
7689,8816a5d659fffff
7690,88178b074bfffff
7691,8816a426c5fffff
7692,8816a54307fffff
7693,8816a55213fffff
7694,88178b76edfffff
7695,8816a01713fffff
7696,8816a58ec7fffff
7697,8816164c89fffff
7698,8816a094d9fffff
7699,88178948c1fffff
7700,88178b0437fffff
7701,8816a5c185fffff
7702,8816a5183dfffff
7703,8816a5b6ebfffff
7704,8816a5da53fffff
7705,88178b002dfffff
7706,8816a54109fffff
7707,88178b21cbfffff
7708,8816a014e9fffff
7709,8816a5d693fffff
7710,88178b09adfffff
7711,8816a57a15fffff
7712,8816a0b2a7fffff
7713,88178b8e91fffff
7714,881616db41fffff
7715,8816a5d6b1fffff
7716,8817896a29fffff
7717,88178b62c5fffff
7718,8816a006adfffff
7719,8816a50ad5fffff
7720,8816a5a1d3fffff
7721,8817896961fffff
7722,8816a59ab9fffff
7723,88178b94b1fffff
7724,88178b10b7fffff
7725,88178b0da3fffff
7726,8816164d07fffff
7727,88178b626dfffff
7728,8816a50193fffff
7729,88178ba5a7fffff
7730,88178979e1fffff
7731,88178b2e07fffff
7732,8816a5a329fffff
7733,88178b2dc9fffff
7734,8816a54c4dfffff
7735,8816a515e9fffff
7736,8816a596b3fffff
7737,8816164d57fffff
7738,8816a51b25fffff
7739,88178b3703fffff
7740,8816a57129fffff
7741,88178b2489fffff
7742,88178bb5e5fffff
7743,8816a5b653fffff
7744,8816164b65fffff
7745,8817894ee5fffff
7746,8816a0b2d9fffff
7747,88178b7017fffff
7748,88178b12c1fffff
7749,8816a0b469fffff
7750,88178b0c85fffff
7751,88161679c7fffff
7752,8816a5ce1bfffff
7753,8816a55a97fffff
7754,8816a554a5fffff
7755,8816a0a907fffff
7756,8816a58229fffff
7757,8816a5a089fffff
7758,88161679adfffff
7759,88178b8625fffff
7760,88178b2a0dfffff
7761,88178b61a9fffff
7762,88178b0c97fffff
7763,8816a5473bfffff
7764,8817894ab7fffff
7765,8816a00e0dfffff
7766,8816a5a353fffff
7767,8816a59683fffff
7768,88178b16d7fffff
7769,8816a0076dfffff
7770,8816a59317fffff
7771,88178bac1dfffff
7772,88178b2591fffff
7773,88178ba81bfffff
7774,88178b6205fffff
7775,8816a5d0e5fffff
7776,8817894d4bfffff
7777,8816a0b14bfffff
7778,88178b751dfffff
7779,88178b1529fffff
7780,8816a08d19fffff
7781,8816a08413fffff
7782,88178b6683fffff
7783,88178b6e6dfffff
7784,8816a55321fffff
7785,8816a51aadfffff
7786,88178b3241fffff
7787,88178bb9c1fffff
7788,8816a5a1d5fffff
7789,8816a5d293fffff
7790,8816a57943fffff
7791,8816a5b0ebfffff
7792,88178b8e33fffff
7793,8816165a27fffff
7794,8816a5c963fffff
7795,88178bb437fffff
7796,8816164a07fffff
7797,88178b7335fffff
7798,88161651cdfffff
7799,8816a54cadfffff
7800,8816a51663fffff
7801,8816a54347fffff
7802,88178b8d13fffff
7803,8816a5b999fffff
7804,88178b1531fffff
7805,8816a57137fffff
7806,8816a08555fffff
7807,8816a55031fffff
7808,8816a579ebfffff
7809,88178b3615fffff
7810,8816a542d7fffff
7811,88178b2aa7fffff
7812,8816a50351fffff
7813,8816a08e59fffff
7814,8816a01597fffff
7815,8816a54249fffff
7816,8816a5d1adfffff
7817,88178bb05bfffff
7818,88178b28d1fffff
7819,8816a5098bfffff
7820,88178b00e5fffff
7821,8816a559bdfffff
7822,88178b0655fffff
7823,88178bb6ddfffff
7824,88178b8c6dfffff
7825,88178ba0b7fffff
7826,88178b0c49fffff
7827,8816a5c629fffff
7828,88178949b3fffff
7829,88178b08d9fffff
7830,8816a5b467fffff
7831,8816a0bb6bfffff
7832,8816a0a9a5fffff
7833,88178b6539fffff
7834,88178bb601fffff
7835,8816a5070bfffff
7836,88178b6e2dfffff
7837,88178bad03fffff
7838,8816a51b43fffff
7839,8816a54d89fffff
7840,8816167933fffff
7841,8816164895fffff
7842,88178bab11fffff
7843,8816a54d93fffff
7844,88178948b1fffff
7845,88178b2893fffff
7846,8816a57967fffff
7847,8816a5458bfffff
7848,88178b3149fffff
7849,8816a0a19dfffff
7850,881616414dfffff
7851,8816a5ab33fffff
7852,8816a59335fffff
7853,88178b71adfffff
7854,88178b050bfffff
7855,88178b30a1fffff
7856,8816a5ba99fffff
7857,8816a5d04bfffff
7858,8816a5969dfffff
7859,8816a55a13fffff
7860,8816a5968dfffff
7861,8816a59699fffff
7862,8816a08429fffff
7863,88178b8709fffff
7864,8816a5d55bfffff
7865,8816a58c9bfffff
7866,8816a54c97fffff
7867,88178b630bfffff
7868,8816a55487fffff
7869,881616514dfffff
7870,8816a54cb1fffff
7871,88178bb9e9fffff
7872,88178b370dfffff
7873,8816a5836bfffff
7874,8816a552adfffff
7875,8816a5d643fffff
7876,8817894ce5fffff
7877,88178b3b45fffff
7878,88178bae63fffff
7879,881616d845fffff
7880,88178bb1b5fffff
7881,8816164537fffff
7882,8816a50f37fffff
7883,8816a5c633fffff
7884,88178b801dfffff
7885,8816a50e61fffff
7886,8816a57acbfffff
7887,8816a006bdfffff
7888,88178b82c7fffff
7889,88178b2701fffff
7890,88161655c9fffff
7891,881616d829fffff
7892,88178b0523fffff
7893,8816a0b64dfffff
7894,8816164cb7fffff
7895,8816a5aa97fffff
7896,88178b32b5fffff
7897,8816a59719fffff
7898,8816a006c3fffff
7899,88178b06a9fffff
7900,88178b36a5fffff
7901,8816a0b0b7fffff
7902,8816a5b927fffff
7903,88178b8db3fffff
7904,88178b2dddfffff
7905,8816a086a9fffff
7906,88178b8f51fffff
7907,8816a0ba3bfffff
7908,8816a55981fffff
7909,8816a085dbfffff
7910,8816a5ccc9fffff
7911,8816a54e69fffff
7912,8816a08731fffff
7913,88178ba269fffff
7914,8816a5c41dfffff
7915,88178b009dfffff
7916,8816a5126dfffff
7917,8816a54849fffff
7918,8816a5889dfffff
7919,88178949d5fffff
7920,8816a594ddfffff
7921,88178b3869fffff
7922,8816a58b51fffff
7923,88178b2819fffff
7924,881616485bfffff
7925,8816a51a55fffff
7926,88178b2a23fffff
7927,88178bac59fffff
7928,8816a5d5abfffff
7929,8816a5934dfffff
7930,8816a5812dfffff
7931,88178b95c9fffff
7932,8816165119fffff
7933,88178b0897fffff
7934,88178ba1a7fffff
7935,8816a08e89fffff
7936,8816a5b427fffff
7937,8817894931fffff
7938,8816164939fffff
7939,88178b2e3bfffff
7940,88178ba0a9fffff
7941,88178b2299fffff
7942,88178ba03dfffff
7943,8816a545a1fffff
7944,88178baf51fffff
7945,8816a5d4edfffff
7946,8816a57927fffff
7947,8816a5bb45fffff
7948,88178b70d9fffff
7949,8816164e83fffff
7950,8816a5b29bfffff
7951,88178b7895fffff
7952,8816a0af43fffff
7953,8816a5aa13fffff
7954,8816a5d281fffff
7955,88178b0883fffff
7956,8816a5a2e5fffff
7957,8816a55703fffff
7958,8816164309fffff
7959,8816a5c913fffff
7960,88178b202dfffff
7961,88178b0513fffff
7962,88178ba0e9fffff
7963,88161642cbfffff
7964,8816a5ca5bfffff
7965,88178b3443fffff
7966,8816a0a087fffff
7967,8816a5c487fffff
7968,8816164db9fffff
7969,8817894d55fffff
7970,8816a54555fffff
7971,8816a5aa5bfffff
7972,881616534dfffff
7973,8816a54697fffff
7974,88178bb841fffff
7975,8816a551d1fffff
7976,8816a5b083fffff
7977,88178b0769fffff
7978,8816a589c7fffff
7979,8816a55565fffff
7980,8816a508e9fffff
7981,8816a588b7fffff
7982,8816a589a9fffff
7983,88178b8649fffff
7984,8817894c17fffff
7985,88178bb43dfffff
7986,8816a54c57fffff
7987,88178b0dd1fffff
7988,88178b670dfffff
7989,8816a50ec9fffff
7990,88178b818dfffff
7991,8816a595d3fffff
7992,88178b0403fffff
7993,8816a58635fffff
7994,8816a58033fffff
7995,8816a59ac3fffff
7996,8816a5d53bfffff
7997,8816a595e7fffff
7998,8816a59823fffff
7999,8816a58319fffff
8000,8816a59339fffff
8001,88178b0e51fffff
8002,8816a0046dfffff
8003,88178ba0b5fffff
8004,88178b6911fffff
8005,8816a5d8b3fffff
8006,8816a55ad3fffff
8007,8816a5c4c9fffff
8008,88178b08a3fffff
8009,88178b7215fffff
8010,88178b61bdfffff
8011,8816a08e19fffff
8012,8816a5419dfffff
8013,8816a57b2bfffff
8014,8816a5cd85fffff
8015,8816a42595fffff
8016,8816a002ddfffff
8017,8816a0b25dfffff
8018,88178bb5cdfffff
8019,88178bb751fffff
8020,88178b2581fffff
8021,88178ba461fffff
8022,8816a58519fffff
8023,8816a5bb41fffff
8024,8816164803fffff
8025,88178b8cc9fffff
8026,8816a5c241fffff
8027,88178b6429fffff
8028,8816a54a65fffff
8029,88178bb36dfffff
8030,8817897941fffff
8031,8816a5d145fffff
8032,88178bb8b1fffff
8033,88178b28d9fffff
8034,8816a5a189fffff
8035,88178b1259fffff
8036,8816a00681fffff
8037,8817896b49fffff
8038,8816a5ba47fffff
8039,8816a56349fffff
8040,88178b14e7fffff
8041,8816a0bb29fffff
8042,88178b3927fffff
8043,8816a0a1a7fffff
8044,88178b3a59fffff
8045,8816a57829fffff
8046,8816a5c01dfffff
8047,8816a59521fffff
8048,88178b14b3fffff
8049,88178b26c7fffff
8050,88178b09a7fffff
8051,88178b0d35fffff
8052,88178bb835fffff
8053,8816a51567fffff
8054,88178bb2b1fffff
8055,8816164147fffff
8056,8816a5105bfffff
8057,88178b8f47fffff
8058,88178b2161fffff
8059,8816a580d1fffff
8060,88178b2167fffff
8061,8816a0959bfffff
8062,88178b8f59fffff
8063,8816a550c3fffff
8064,88178b6323fffff
8065,88178b10b5fffff
8066,8816a515a7fffff
8067,8816a5b939fffff
8068,8816a50099fffff
8069,8816164e4dfffff
8070,8816a08d85fffff
8071,8816a01611fffff
8072,88178b7695fffff
8073,88178b7213fffff
8074,88178b1663fffff
8075,88178b86edfffff
8076,8816164867fffff
8077,8816a59b09fffff
8078,8816a58107fffff
8079,881616d961fffff
8080,8816a58c81fffff
8081,8816a5a187fffff
8082,88178b8039fffff
8083,8816a5a0cbfffff
8084,8816a558a1fffff
8085,8816a0a8cdfffff
8086,8816a508d1fffff
8087,88178baf69fffff
8088,8816a59449fffff
8089,88178b76e5fffff
8090,8816a014d1fffff
8091,8816a5b157fffff
8092,8816a08585fffff
8093,8816a55299fffff
8094,8816a0b2d3fffff
8095,8816a5486dfffff
8096,8816a541b9fffff
8097,88178b6647fffff
8098,88178b309dfffff
8099,8816165445fffff
8100,88178b862dfffff
8101,88178bb6c7fffff
8102,8816a094a7fffff
8103,88178ba921fffff
8104,8816a510b7fffff
8105,88178b3517fffff
8106,8816a5ce1dfffff
8107,88178bae05fffff
8108,8816a5c6a5fffff
8109,881616d867fffff
8110,88178b16b5fffff
8111,8816a0bb11fffff
8112,88178bad1dfffff
8113,8816a5ce83fffff
8114,8816a5d40bfffff
8115,8817894ea7fffff
8116,8816a57347fffff
8117,88178b71a5fffff
8118,8816a5c293fffff
8119,8816164103fffff
8120,88178b861dfffff
8121,88178b0f25fffff
8122,881616db0bfffff
8123,8816a50091fffff
8124,8816a58e39fffff
8125,8816a51101fffff
8126,8816a5c747fffff
8127,88178b0421fffff
8128,88178b3b5bfffff
8129,88178b3595fffff
8130,8816a509b3fffff
8131,88178b90c3fffff
8132,8816a54813fffff
8133,8816a5430dfffff
8134,8816a57865fffff
8135,8816a08c53fffff
8136,8816a584d7fffff
8137,8816a57ab1fffff
8138,8816a5c6d9fffff
8139,8817897b29fffff
8140,88178b11adfffff
8141,8816a58845fffff
8142,8816a5543dfffff
8143,88178ba487fffff
8144,8816a55815fffff
8145,8816a59919fffff
8146,8816a57b17fffff
8147,8816a58cb9fffff
8148,88178b34a5fffff
8149,8816a50b67fffff
8150,8816a54ab1fffff
8151,8816a54855fffff
8152,8816a55931fffff
8153,881616cb05fffff
8154,8816a516a3fffff
8155,8816a5a955fffff
8156,8816165221fffff
8157,8816a5d851fffff
8158,8816a50739fffff
8159,8816a012bbfffff
8160,8816a58d0dfffff
8161,88178b6ee3fffff
8162,8816a51a43fffff
8163,8816a59b01fffff
8164,88178b2143fffff
8165,88178b1003fffff
8166,8816a501ddfffff
8167,8816a424c3fffff
8168,88178b6d01fffff
8169,8816a0bb63fffff
8170,8816165027fffff
8171,88161649a7fffff
8172,8816a5c257fffff
8173,8816a5a845fffff
8174,88178bb05dfffff
8175,88178b685dfffff
8176,8816a51153fffff
8177,88178b18d5fffff
8178,88178b29adfffff
8179,8816a0b9b9fffff
8180,88178b12abfffff
8181,8816a5b0d1fffff
8182,8816a5b4dbfffff
8183,88161641e7fffff
8184,88178b24e7fffff
8185,8817896b63fffff
8186,8816164905fffff
8187,88178b68e9fffff
8188,88178b1427fffff
8189,8816a5d19bfffff
8190,88178ba195fffff
8191,88178badcbfffff
8192,881616571bfffff
8193,8816a55b15fffff
8194,8816a5818bfffff
8195,88178bb0c1fffff
8196,88178b2f4bfffff
8197,88178b760bfffff
8198,8817894dedfffff
8199,8816a0baabfffff
8200,8816a58953fffff
8201,88161650c7fffff
8202,8816a51801fffff
8203,8816a55291fffff
8204,88178b2341fffff
8205,8816a54641fffff
8206,8816a584a3fffff
8207,88178ba94dfffff
8208,881616cb45fffff
8209,8816a00631fffff
8210,8816a5b683fffff
8211,88178b858dfffff
8212,8816a5d61bfffff
8213,8816a5b443fffff
8214,88178b1257fffff
8215,8816a5c939fffff
8216,88178b9515fffff
8217,8816a519abfffff
8218,88178b3711fffff
8219,8816164917fffff
8220,8816a5596dfffff
8221,88178b7211fffff
8222,8816a08c63fffff
8223,8816a559a3fffff
8224,88178baf05fffff
8225,8816a0ab6bfffff
8226,88178b68cbfffff
8227,8816a55225fffff
8228,8816a552c1fffff
8229,88178b216dfffff
8230,8816167911fffff
8231,88178b3833fffff
8232,8816a578abfffff
8233,88178bb50dfffff
8234,88178b14bbfffff
8235,8816a5b5a9fffff
8236,8816a426e7fffff
8237,88161658c5fffff
8238,8816a590c1fffff
8239,8816a54ec9fffff
8240,88178949dbfffff
8241,8816a5a0edfffff
8242,88178bb5a9fffff
8243,88178b7181fffff
8244,8816a55b0bfffff
8245,8816a519cdfffff
8246,8816165905fffff
8247,8816a08d99fffff
8248,8816a55215fffff
8249,8816a5176bfffff
8250,88178ba8c1fffff
8251,8816a55007fffff
8252,881616c9cdfffff
8253,8816a5c587fffff
8254,88178b8ce3fffff
8255,8816a0b967fffff
8256,8816a5898dfffff
8257,88178b256dfffff
8258,88178ba6a3fffff
8259,8816a586b3fffff
8260,8816a5562bfffff
8261,88178b6e69fffff
8262,88178b9545fffff
8263,8817896a03fffff
8264,8816a5c595fffff
8265,8816a50639fffff
8266,8816a57ab5fffff
8267,8816a5b2abfffff
8268,88178b8c5dfffff
8269,88178baaadfffff
8270,88178b172dfffff
8271,8816a580a3fffff
8272,8816a5caa9fffff
8273,8816a5d095fffff
8274,8816a591b7fffff
8275,88178b29c5fffff
8276,8816a516a7fffff
8277,88178b26d3fffff
8278,8816165439fffff
8279,88178b2f09fffff
8280,8816a54419fffff
8281,88178b26a9fffff
8282,88178ba0a5fffff
8283,88178b3013fffff
8284,8816164559fffff
8285,88178baf1dfffff
8286,88178979edfffff
8287,88178948d5fffff
8288,88178b6749fffff
8289,88178b3757fffff
8290,8816a5ab0dfffff
8291,8816a5ab3dfffff
8292,88178b0263fffff
8293,8816a589e5fffff
8294,88178bb6d5fffff
8295,881616c903fffff
8296,8816a5c695fffff
8297,8816a50935fffff
8298,8816a50151fffff
8299,8816a5da87fffff
8300,8816a54f1bfffff
8301,88178bb4c9fffff
8302,88178b6809fffff
8303,8816a00663fffff
8304,8816a5b801fffff
8305,8816a58531fffff
8306,8816a592c7fffff
8307,88178b65a7fffff
8308,8816a508e5fffff
8309,88178b100dfffff
8310,88178b102bfffff
8311,88178b34e7fffff
8312,8816a58169fffff
8313,8816a591e1fffff
8314,8816a54da1fffff
8315,88178b75edfffff
8316,88178b34edfffff
8317,8816165297fffff
8318,88178b7321fffff
8319,8816a50997fffff
8320,8816a50053fffff
8321,88178b11d3fffff
8322,8816a58e8bfffff
8323,88178ba683fffff
8324,8816164db5fffff
8325,8816a5a209fffff
8326,8816a0babbfffff
8327,8816a0ab67fffff
8328,88161658bbfffff
8329,88178bacb7fffff
8330,8816a0a189fffff
8331,881616421bfffff
8332,8816a5401dfffff
8333,88178b144dfffff
8334,88178b25d5fffff
8335,8817894c81fffff
8336,88178b6f13fffff
8337,8816a5a72dfffff
8338,8816a56157fffff
8339,8816a5d2bbfffff
8340,8816a5c1a1fffff
8341,8816a5510bfffff
8342,8816a0b93bfffff
8343,8816a5c6e3fffff
8344,8816a55417fffff
8345,8816a55063fffff
8346,88178ba467fffff
8347,8816a5b0bdfffff
8348,8817894e27fffff
8349,8816164209fffff
8350,8816a50523fffff
8351,8816a57229fffff
8352,88178b85e3fffff
8353,88178b3a27fffff
8354,8816a55613fffff
8355,8816a50d2bfffff
8356,88178b60b1fffff
8357,8816a550a7fffff
8358,88178b0439fffff
8359,8816a50a4dfffff
8360,88178b6567fffff
8361,8816a00613fffff
8362,8816a0a35bfffff
8363,8816a42693fffff
8364,88178b6887fffff
8365,88178b6ee9fffff
8366,88178b06d3fffff
8367,8816a00ec9fffff
8368,88178b1701fffff
8369,8816a0ba9dfffff
8370,8816164ca9fffff
8371,88161645adfffff
8372,8816a5718dfffff
8373,8816a5b2a1fffff
8374,88178949bbfffff
8375,8816a50a1dfffff
8376,88178b2a5dfffff
8377,8816a5a123fffff
8378,8816a0b0c5fffff
8379,88178b7053fffff
8380,8816a58c97fffff
8381,8816164f23fffff
8382,8816165533fffff
8383,88178b6dabfffff
8384,8816a55933fffff
8385,8816a5d251fffff
8386,8816a56a61fffff
8387,88178b6d2bfffff
8388,8816a55345fffff
8389,88178bac09fffff
8390,88178b141dfffff
8391,8816a54155fffff
8392,88178bba27fffff
8393,8816a5ca81fffff
8394,8816a554bdfffff
8395,88178b0683fffff
8396,8816a54989fffff
8397,8816a5c937fffff
8398,8816a50ad3fffff
8399,8816a542ebfffff
8400,8816a5431bfffff
8401,88178b2debfffff
8402,8816a0bad5fffff
8403,88178b32d1fffff
8404,8816a5b267fffff
8405,8816a5cc8bfffff
8406,88178b201dfffff
8407,88178b6c53fffff
8408,88178b24c9fffff
8409,8816a5081bfffff
8410,8816a54193fffff
8411,88178b2b29fffff
8412,8816a0b839fffff
8413,8816a58a67fffff
8414,88178b6f53fffff
8415,8816a0b5a5fffff
8416,8816a5b187fffff
8417,8816a55093fffff
8418,8816a012b7fffff
8419,88178bacc3fffff
8420,8816a51611fffff
8421,88178b75b5fffff
8422,8816a425bdfffff
8423,88178b95b7fffff
8424,8816a541d1fffff
8425,8816a5961bfffff
8426,8816a518a5fffff
8427,88178b2f25fffff
8428,8816a5d763fffff
8429,8816a519b9fffff
8430,88178b68e1fffff
8431,8816a0a06bfffff
8432,8816a58abbfffff
8433,88178b0525fffff
8434,8816a50041fffff
8435,8816a5a2cbfffff
8436,88178b064dfffff
8437,88178b7651fffff
8438,8816a50421fffff
8439,8816a55901fffff
8440,8817894d15fffff
8441,8816a58cc5fffff
8442,881616504bfffff
8443,8816a51aa7fffff
8444,8816a0b8e7fffff
8445,8816a51157fffff
8446,88178baea9fffff
8447,8816a51011fffff
8448,88178b8619fffff
8449,88178b3511fffff
8450,88178b2413fffff
8451,8816a59289fffff
8452,8816a08691fffff
8453,8816a5d1a9fffff
8454,8816a51b35fffff
8455,8816a5b131fffff
8456,88178b3ab9fffff
8457,8816a5b83bfffff
8458,8816a58c57fffff
8459,8816a0b627fffff
8460,8816a5ca59fffff
8461,8816a0ba6bfffff
8462,8816a5955bfffff
8463,88178ba927fffff
8464,8816164f0dfffff
8465,8816a54649fffff
8466,8816a5cd31fffff
8467,88178ba367fffff
8468,88178b81c7fffff
8469,8816a5592dfffff
8470,8816a542c7fffff
8471,8816a0b413fffff
8472,8816a50c5dfffff
8473,8816a0aaebfffff
8474,88178ba637fffff
8475,8816a0b961fffff
8476,88178b2eb9fffff
8477,88178b356bfffff
8478,88178b81d5fffff
8479,88178b3455fffff
8480,8816a57ac5fffff
8481,88178b32e9fffff
8482,88178ba09bfffff
8483,8816164dc5fffff
8484,88178b0607fffff
8485,8816a5c513fffff
8486,88178b825bfffff
8487,88178b3215fffff
8488,881616550dfffff
8489,88178b8601fffff
8490,8816a51223fffff
8491,88161658dbfffff
8492,88178b6f41fffff
8493,881616511dfffff
8494,8816a550a1fffff
8495,8816a59a4bfffff
8496,8816a50453fffff
8497,881616c91dfffff
8498,8816a426b3fffff
8499,8816a55b41fffff
8500,88178b048dfffff
8501,8816a0aad9fffff
8502,88178ba925fffff
8503,8816a51167fffff
8504,8816165b43fffff
8505,8817894d89fffff
8506,8816a5888bfffff
8507,88178b0449fffff
8508,88178bbac3fffff
8509,8816a54531fffff
8510,8816a59237fffff
8511,8816a5d329fffff
8512,8816a5d719fffff
8513,8816a0b653fffff
8514,8816a5855dfffff
8515,88178ba14dfffff
8516,8816a544b7fffff
8517,8816a54e0bfffff
8518,88178ba111fffff
8519,8816165069fffff
8520,8816a5c24bfffff
8521,8816a59209fffff
8522,8816a58d21fffff
8523,8816a5c505fffff
8524,88178b863bfffff
8525,88178b3039fffff
8526,88178b231bfffff
8527,8816a54561fffff
8528,88178ba641fffff
8529,88178979cdfffff
8530,8816a5dabdfffff
8531,8816a54a13fffff
8532,88178b7721fffff
8533,8816a50009fffff
8534,88178b8481fffff
8535,88178b2113fffff
8536,8816a5b667fffff
8537,8816a0b825fffff
8538,8816a54183fffff
8539,8816a0b183fffff
8540,8816164a55fffff
8541,8816a5d6e9fffff
8542,8816165087fffff
8543,88178b6339fffff
8544,8816a58561fffff
8545,8816a5d289fffff
8546,8816a5465bfffff
8547,8816a01403fffff
8548,88178b8ed1fffff
8549,8816a55711fffff
8550,8816a509dbfffff
8551,8816a5c297fffff
8552,88178b00b7fffff
8553,8816a5cc09fffff
8554,8816a0b407fffff
8555,88178baaddfffff
8556,88178b0995fffff
8557,8816a08c13fffff
8558,88178b1adbfffff
8559,8816a08443fffff
8560,88178b95bbfffff
8561,8816a0b1b9fffff
8562,88178b6027fffff
8563,88178ba1b1fffff
8564,8816a5189dfffff
8565,88178b78d9fffff
8566,881616402bfffff
8567,8816a0846dfffff
8568,8816a508e7fffff
8569,8816167b0dfffff
8570,8816a50427fffff
8571,8816a5c657fffff
8572,88178b8721fffff
8573,88178b7563fffff
8574,8816a55431fffff
8575,8816a5b535fffff
8576,88178b0547fffff
8577,8816a0a0e7fffff
8578,8816a50c55fffff
8579,88178b7747fffff
8580,88178b8db9fffff
8581,88178bb1c9fffff
8582,88178b01a3fffff
8583,88178b8035fffff
8584,88178b8d91fffff
8585,88178b771dfffff
8586,88161650bbfffff
8587,8816a50519fffff
8588,8816a540d3fffff
8589,8816a5c127fffff
8590,881616583bfffff
8591,88178b68c5fffff
8592,8816a08cbbfffff
8593,88178b2135fffff
8594,8816a58ea1fffff
8595,8816a0bb53fffff
8596,88178bb8b7fffff
8597,8816a592edfffff
8598,881616506dfffff
8599,88178b2003fffff
8600,88178b2053fffff
8601,8816a0b101fffff
8602,88178b6259fffff
8603,8816a58a37fffff
8604,8816a096adfffff
8605,88178b05c5fffff
8606,88178bac51fffff
8607,8816a0b03bfffff
8608,8816a5b88bfffff
8609,8816a00587fffff
8610,88178b876dfffff
8611,881616da4dfffff
8612,8816a58487fffff
8613,8816a51199fffff
8614,88178b3555fffff
8615,88178b0c1bfffff
8616,88178b2ecdfffff
8617,8816a57803fffff
8618,8816a579a7fffff
8619,88178bb287fffff
8620,88178bb8a9fffff
8621,8816a00e0bfffff
8622,88178b0ecbfffff
8623,8816a58cb1fffff
8624,8816a57357fffff
8625,8816a58223fffff
8626,88178b62b3fffff
8627,88178ba883fffff
8628,88178bb06bfffff
8629,8816a51023fffff
8630,88178949a1fffff
8631,88178b1401fffff
8632,8816a5c8edfffff
8633,8816a59b67fffff
8634,8816a5a199fffff
8635,88178b6343fffff
8636,88178ba453fffff
8637,88178b7755fffff
8638,88178b6d55fffff
8639,88178b8d8dfffff
8640,88178b0ea1fffff
8641,8816a596abfffff
8642,8816a086e5fffff
8643,8816a5bb5bfffff
8644,88178b369bfffff
8645,8816a51307fffff
8646,8816a59825fffff
8647,8816a58803fffff
8648,8816164303fffff
8649,88178b1759fffff
8650,8816a54b63fffff
8651,88178b3b53fffff
8652,88178b274dfffff
8653,8816a08d53fffff
8654,8816a505ddfffff
8655,88178b12bdfffff
8656,8816a5c02bfffff
8657,8816a59443fffff
8658,88178bac2dfffff
8659,88178b2899fffff
8660,88178b6a47fffff
8661,8816a50841fffff
8662,88178b070dfffff
8663,8816a00601fffff
8664,8816a5bab7fffff
8665,88178b0e03fffff
8666,8816a0145bfffff
8667,88178b075bfffff
8668,88178b86e9fffff
8669,88178b20dbfffff
8670,88178b0eb5fffff
8671,88178b8d47fffff
8672,88178b175bfffff
8673,8816a5b2d9fffff
8674,8816a5b90dfffff
8675,8816a5c343fffff
8676,88178b3b2bfffff
8677,8816a5b301fffff
8678,8816a5d005fffff
8679,8816a5aacdfffff
8680,8816a0a34bfffff
8681,88178b2d81fffff
8682,8816a5466dfffff
8683,8816a5cccbfffff
8684,8816a094e5fffff
8685,88178b6137fffff
8686,8816a5152dfffff
8687,88178bb9adfffff
8688,88178b7ae1fffff
8689,8816a0b913fffff
8690,8816a0b6cbfffff
8691,8816a55061fffff
8692,8816165547fffff
8693,8816165b31fffff
8694,88178ba903fffff
8695,88178b36edfffff
8696,8816a556bdfffff
8697,8816a5a017fffff
8698,8816a00295fffff
8699,8816a5a22bfffff
8700,88178b76cdfffff
8701,8816164d49fffff
8702,88178baf27fffff
8703,8816165401fffff
8704,88178b6f17fffff
8705,88178b6dd5fffff
8706,88161652ddfffff
8707,8816a51285fffff
8708,8816a5106bfffff
8709,881616790dfffff
8710,8816a00707fffff
8711,8816a08d91fffff
8712,8816a55a39fffff
8713,8816a5c889fffff
8714,8816a59537fffff
8715,8816164dcbfffff
8716,88161642e7fffff
8717,88178bb6e1fffff
8718,8816a51b2dfffff
8719,8816a5489dfffff
8720,8816a5b8adfffff
8721,88178bbb33fffff
8722,881616580dfffff
8723,8816165813fffff
8724,8816a08717fffff
8725,8816a50ae1fffff
8726,88178b35b5fffff
8727,8816a0b0dbfffff
8728,88178ba483fffff
8729,88178b3621fffff
8730,88178b8ecdfffff
8731,88161649cdfffff
8732,8816a59293fffff
8733,8816a5510dfffff
8734,8816a5b113fffff
8735,88178b0e11fffff
8736,88178b65c1fffff
8737,88178bad37fffff
8738,8816a5c551fffff
8739,8816a08e57fffff
8740,8816a0b76dfffff
8741,8816a548b5fffff
8742,8816a5d48dfffff
8743,88178ba0dbfffff
8744,8816a00739fffff
8745,8816a01441fffff
8746,8816a0b24bfffff
8747,88178baa35fffff
8748,8816a0b91bfffff
8749,881616422bfffff
8750,88178b383dfffff
8751,88178b0db7fffff
8752,88178b2501fffff
8753,88178b6465fffff
8754,88178b21e3fffff
8755,8816a59053fffff
8756,88178b6a0dfffff
8757,8816164725fffff
8758,88178b2409fffff
8759,8816a515d7fffff
8760,88178ba325fffff
8761,8816a552e1fffff
8762,8816a5861bfffff
8763,88178b0debfffff
8764,8816a5b4d5fffff
8765,8816a5500bfffff
8766,88178b0f21fffff
8767,8816a0a107fffff
8768,8816164539fffff
8769,88178bb02bfffff
8770,88178bbb37fffff
8771,8816a5d83bfffff
8772,881616db23fffff
8773,88178bae57fffff
8774,8816a57851fffff
8775,88178b68c3fffff
8776,8816a5464dfffff
8777,8816a586edfffff
8778,8816a08cc9fffff
8779,88178b059dfffff
8780,8816a5452dfffff
8781,8816a08cb3fffff
8782,8816a5ab63fffff
8783,8816a5816bfffff
8784,88178b8181fffff
8785,8816a5c525fffff
8786,8816a5d18bfffff
8787,88178b065bfffff
8788,881789499dfffff
8789,8816a56309fffff
8790,88178b031dfffff
8791,88178bb6d3fffff
8792,8816a55443fffff
8793,8816a5d52dfffff
8794,88178b2c51fffff
8795,8816a551c1fffff
8796,8816a08457fffff
8797,88178ba065fffff
8798,8816a01615fffff
8799,88178bbb19fffff
8800,8816a51a53fffff
8801,8817896b4dfffff
8802,8816a596c7fffff
8803,8816a5b82bfffff
8804,8816a51a11fffff
8805,8816a01495fffff
8806,88178b6023fffff
8807,8816a084b5fffff
8808,88178bacedfffff
8809,8816a0a057fffff
8810,88178bac53fffff
8811,8816a591c9fffff
8812,88178b05d1fffff
8813,88178ba2d5fffff
8814,88178b60abfffff
8815,8816a571c1fffff
8816,8816a08729fffff
8817,88178b0635fffff
8818,8816165b11fffff
8819,8816a56b19fffff
8820,88178ba00dfffff
8821,88178b0a91fffff
8822,8816a006a5fffff
8823,88178b74ddfffff
8824,88178ba8e9fffff
8825,88178b88d3fffff
8826,88178b75a9fffff
8827,8816a08087fffff
8828,88178b0459fffff
8829,8816a58741fffff
8830,88178b04c7fffff
8831,88178b2f49fffff
8832,8816164a23fffff
8833,8816a55a9dfffff
8834,88178948c9fffff
8835,8816164e15fffff
8836,88178b01a7fffff
8837,88178b70e3fffff
8838,88178b3167fffff
8839,88178b2295fffff
8840,8816a501d5fffff
8841,88178b0339fffff
8842,881616428dfffff
8843,8816a5c72bfffff
8844,8816a54d2bfffff
8845,8816a50035fffff
8846,8816a501e9fffff
8847,88178bb28dfffff
8848,8816a5d6c3fffff
8849,88178bae6dfffff
8850,8816a5174dfffff
8851,88178948cbfffff
8852,88178bb0e7fffff
8853,88178b15c9fffff
8854,88178979dbfffff
8855,8816a55423fffff
8856,8816a580a9fffff
8857,881616d941fffff
8858,88178ba80dfffff
8859,8816a511b5fffff
8860,88178bade1fffff
8861,8816a59097fffff
8862,8816a58a2dfffff
8863,88178b32adfffff
8864,88178b7333fffff
8865,881616455dfffff
8866,88178bbab7fffff
8867,88178b0ad3fffff
8868,8817894c95fffff
8869,8816a5183bfffff
8870,8816a51107fffff
8871,8816a50467fffff
8872,8816a5d297fffff
8873,8816164581fffff
8874,881616403dfffff
8875,88178b24bbfffff
8876,8816a0aa85fffff
8877,8816a5b1cbfffff
8878,88178b1617fffff
8879,8816a5ce85fffff
8880,8816165887fffff
8881,8816a5c669fffff
8882,8816a58c55fffff
8883,8816a5086dfffff
8884,8816a58f17fffff
8885,88178b6455fffff
8886,8816a58589fffff
8887,8816a5c519fffff
8888,88178b083bfffff
8889,8816a55247fffff
8890,8816164e49fffff
8891,88178b6cabfffff
8892,8816a015c5fffff
8893,8816a5d1e3fffff
8894,88178b8e85fffff
8895,881616519dfffff
8896,8816165061fffff
8897,8816a0b437fffff
8898,88178b80b9fffff
8899,8816a55999fffff
8900,8816a01499fffff
8901,8816a5c317fffff
8902,8816a5a345fffff
8903,8816a5d409fffff
8904,8816a0ab19fffff
8905,8817894899fffff
8906,8816a0b713fffff
8907,8816a084b1fffff
8908,88178b9529fffff
8909,8816164117fffff
8910,88178b3961fffff
8911,8816a0b443fffff
8912,88178b3119fffff
8913,8816a50723fffff
8914,88178b34b9fffff
8915,8816a5459bfffff
8916,88178b84e1fffff
8917,88178bab4bfffff
8918,8816a549e7fffff
8919,8816a0b5e1fffff
8920,8816a552e5fffff
8921,8816a5781dfffff
8922,8816a54c67fffff
8923,8816a0baa3fffff
8924,88178b322bfffff
8925,8816a55863fffff
8926,8816a55b63fffff
8927,88178b2665fffff
8928,8816a51645fffff
8929,8816a57b55fffff
8930,8816a0a853fffff
8931,88178b12e3fffff
8932,8816a5d56bfffff
8933,8816a50719fffff
8934,8816a50e25fffff
8935,8816a5cecdfffff
8936,88178bba41fffff
8937,8816164f6bfffff
8938,8816a08ee1fffff
8939,8816165141fffff
8940,8816a00539fffff
8941,8817894c4dfffff
8942,8816a5ce5dfffff
8943,88178b7511fffff
8944,8816a55acdfffff
8945,88178b3727fffff
8946,8816a0b759fffff
8947,8816a5b58dfffff
8948,8816a58c05fffff
8949,8816a546a5fffff
8950,88161649cbfffff
8951,88178b0895fffff
8952,8816a010cbfffff
8953,88178b3a29fffff
8954,88178b3a03fffff
8955,8816a54f59fffff
8956,8816a08589fffff
8957,88178bb725fffff
8958,8816a541e9fffff
8959,88178b88b7fffff
8960,88178bb01bfffff
8961,8816a005d5fffff
8962,88178baec1fffff
8963,8816165149fffff
8964,88178b6d29fffff
8965,8816a5c247fffff
8966,8816a59113fffff
8967,8816a42597fffff
8968,8816a50881fffff
8969,88178b3967fffff
8970,88178b229bfffff
8971,8816a08e9bfffff
8972,88178b6f63fffff
8973,8816a58cb3fffff
8974,8816a5c32dfffff
8975,8816a51013fffff
8976,8816164f57fffff
8977,8816a5a1a5fffff
8978,8816a5798bfffff
8979,8816a55835fffff
8980,88178b8a8bfffff
8981,88178ba901fffff
8982,8816a57b09fffff
8983,8816a54687fffff
8984,8816a582c5fffff
8985,88178b34d5fffff
8986,8816a58e41fffff
8987,8817897a29fffff
8988,8816a55825fffff
8989,88178b95a9fffff
8990,88178b050dfffff
8991,88178bb929fffff
8992,8816a5cb05fffff
8993,88161650ddfffff
8994,8816a08e1dfffff
8995,8816a579bbfffff
8996,8816a5875dfffff
8997,8816a515adfffff
8998,8816165189fffff
8999,8816a50acdfffff
9000,8816a50443fffff
9001,88178b8207fffff
9002,881616d9edfffff
9003,8816a5a181fffff
9004,88178b6001fffff
9005,8816165011fffff
9006,8816a586c3fffff
9007,88178ba9c1fffff
9008,8816a5c06dfffff
9009,8816a5922bfffff
9010,8816a59603fffff
9011,88178b6d15fffff
9012,88178b2f3dfffff
9013,8816a0865bfffff
9014,88178b864bfffff
9015,8816a599a3fffff
9016,881616cb65fffff
9017,88178b3197fffff
9018,8816a5553bfffff
9019,8816a5d20dfffff
9020,8816a50c45fffff
9021,8816a0b305fffff
9022,8816a5a081fffff
9023,8816a50a41fffff
9024,8816a56b03fffff
9025,881616d929fffff
9026,88178b80cbfffff
9027,8817894dc7fffff
9028,88178b174bfffff
9029,8816a0a099fffff
9030,88178b29cbfffff
9031,8816a57301fffff
9032,88178bbb51fffff
9033,881789794bfffff
9034,8816a5998dfffff
9035,8816a55017fffff
9036,88178b8c81fffff
9037,8816a0b285fffff
9038,8816a55043fffff
9039,88178b148bfffff
9040,8816a425b7fffff
9041,8816a55591fffff
9042,8816a57b47fffff
9043,88161655cbfffff
9044,8816a5c0cdfffff
9045,88178bb2bdfffff
9046,88178b75b3fffff
9047,8816a54f35fffff
9048,8816a59751fffff
9049,8816a55297fffff
9050,8817894d65fffff
9051,8816a5aa43fffff
9052,8816a59747fffff
9053,88178b10e1fffff
9054,8817897b07fffff
9055,88178b8e8bfffff
9056,8816a5b645fffff
9057,88178b159bfffff
9058,8816a5cab1fffff
9059,8816a585ebfffff
9060,8816a55445fffff
9061,88178b25abfffff
9062,8816a5a119fffff
9063,8817894d29fffff
9064,88178b8731fffff
9065,8816a58a89fffff
9066,88178b0c6bfffff
9067,8816a0ae0dfffff
9068,8816a08e85fffff
9069,8816a545bdfffff
9070,8816a5b4e5fffff
9071,8816a50a27fffff
9072,8816a54c55fffff
9073,8816a55365fffff
9074,8816a50a35fffff
9075,88178b371bfffff
9076,8816a5736dfffff
9077,881616411dfffff
9078,8816a56b3dfffff
9079,8816a5a255fffff
9080,8816a59909fffff
9081,88178b08adfffff
9082,88178b2099fffff
9083,8816a501cbfffff
9084,88161641b3fffff
9085,8816a54d8dfffff
9086,8816a0a14dfffff
9087,8816a51355fffff
9088,88178b7aadfffff
9089,88178bad09fffff
9090,8816a57123fffff
9091,8816a58f11fffff
9092,8816165923fffff
9093,8816a515c7fffff
9094,88178b6537fffff
9095,88178b8cd7fffff
9096,8816a5822bfffff
9097,8816a5d025fffff
9098,8816a5b0b5fffff
9099,88178b09e1fffff
9100,88178bb30dfffff
9101,8816a54f33fffff
9102,8816165449fffff
9103,88178b0721fffff
9104,8816a08493fffff
9105,88178b8e83fffff
9106,8816a5a0b3fffff
9107,88178b10b1fffff
9108,88178b2c2bfffff
9109,88178b2655fffff
9110,8816a5cd89fffff
9111,88178b0317fffff
9112,8817894821fffff
9113,88178b763dfffff
9114,8816a549ebfffff
9115,88178b0435fffff
9116,881616458bfffff
9117,8816a582b1fffff
9118,881616490bfffff
9119,8816a550e1fffff
9120,88178b0f2dfffff
9121,8816a0965bfffff
9122,8816a58b17fffff
9123,88178ba907fffff
9124,8816a5d247fffff
9125,881789493dfffff
9126,8816a58047fffff
9127,88178b66cdfffff
9128,8816164721fffff
9129,8816a0b489fffff
9130,8816a0809bfffff
9131,8816a541adfffff
9132,8816164909fffff
9133,8816a0a0b5fffff
9134,88178b2243fffff
9135,8816a096a3fffff
9136,8817897835fffff
9137,88178b78a9fffff
9138,8816a58331fffff
9139,8816a006c5fffff
9140,88178b2183fffff
9141,8816a5d76dfffff
9142,8816a54ca3fffff
9143,8816164767fffff
9144,88178b8429fffff
9145,8816a0b897fffff
9146,88178baebdfffff
9147,88178baa17fffff
9148,88178b8f53fffff
9149,88178bb2ebfffff
9150,8816a585d7fffff
9151,8816a5963bfffff
9152,88178ba36dfffff
9153,8816a59429fffff
9154,88161649c9fffff
9155,881616794bfffff
9156,8816a00529fffff
9157,8816a5876bfffff
9158,88161679b9fffff
9159,88178b0185fffff
9160,8816a51901fffff
9161,8816a5a967fffff
9162,8816a54661fffff
9163,8816a094b3fffff
9164,8816a586b5fffff
9165,8816a426e5fffff
9166,88178ba1d7fffff
9167,8816a54d99fffff
9168,8816a00651fffff
9169,88178b601bfffff
9170,8816a015b5fffff
9171,88178b95c7fffff
9172,8816a5b48dfffff
9173,8816a5cde5fffff
9174,88178bb4b5fffff
9175,88178bbac1fffff
9176,88178b6e17fffff
9177,8816a505cdfffff
9178,8816a57339fffff
9179,88178b6ac5fffff
9180,8816a0a923fffff
9181,88178b2981fffff
9182,8816a558abfffff
9183,8816165223fffff
9184,8816a51b19fffff
9185,88178b8e8dfffff
9186,8816a015adfffff
9187,8816a5d309fffff
9188,8816a0143dfffff
9189,8816a084c1fffff
9190,8816a5129dfffff
9191,8816a55645fffff
9192,8816a512dbfffff
9193,8816a50e43fffff
9194,88178baccbfffff
9195,88178b3b4dfffff
9196,8816a5418bfffff
9197,88178b3911fffff
9198,8816a5c92bfffff
9199,88178b2885fffff
9200,881616401bfffff
9201,8816a5813bfffff
9202,8816a54545fffff
9203,88178b0869fffff
9204,8816a540b7fffff
9205,881616515bfffff
9206,8816a5852dfffff
9207,8816a5c2d1fffff
9208,8816a5c09dfffff
9209,881616cda5fffff
9210,88178bb537fffff
9211,88178ba413fffff
9212,88178b28c3fffff
9213,88178b3993fffff
9214,88178b022bfffff
9215,8816a0b109fffff
9216,8816a082d3fffff
9217,88178b32ddfffff
9218,88178b4493fffff
9219,88178b1313fffff
9220,8816a0b68dfffff
9221,88178b0cc3fffff
9222,8816a0b44bfffff
9223,8816a5528dfffff
9224,88178ba55dfffff
9225,8816a55b1dfffff
9226,8816a58c61fffff
9227,8816a54291fffff
9228,8816a58429fffff
9229,88178b0469fffff
9230,8816a5b08bfffff
9231,8816a59945fffff
9232,8816a005b1fffff
9233,8816a0a367fffff
9234,8816a54653fffff
9235,8816164731fffff
9236,8816a5b987fffff
9237,88178b3a51fffff
9238,8816a54e5bfffff
9239,8816a085b5fffff
9240,88178b084dfffff
9241,88178b6c19fffff
9242,8816a549e3fffff
9243,88178b0531fffff
9244,8816a54c4bfffff
9245,88178b6a99fffff
9246,881616da25fffff
9247,8816a0aa1dfffff
9248,8816a5a849fffff
9249,8816a519d9fffff
9250,8816a01691fffff
9251,88178bbac5fffff
9252,8816a5c037fffff
9253,8816a58091fffff
9254,8816a510e9fffff
9255,8816a084a1fffff
9256,88178b01a5fffff
9257,88178b3569fffff
9258,8816a0bb21fffff
9259,8816a55163fffff
9260,8816a51919fffff
9261,8816a54935fffff
9262,8816a5c545fffff
9263,8816a50969fffff
9264,88178baa6bfffff
9265,8816a57a85fffff
9266,88178b85ddfffff
9267,8816a5a24dfffff
9268,8816164333fffff
9269,88178b3441fffff
9270,8816a006ddfffff
9271,8816164029fffff
9272,8817896a47fffff
9273,8816a55aa1fffff
9274,8817894dcdfffff
9275,8816a58ea7fffff
9276,8816a5b8e3fffff
9277,8816a5ba67fffff
9278,8816a552c5fffff
9279,8816a549adfffff
9280,8816a596b5fffff
9281,88178b0f15fffff
9282,8816a518a3fffff
9283,8816a549ddfffff
9284,8816a54ec5fffff
9285,8816a500a9fffff
9286,88178bb629fffff
9287,8816164a69fffff
9288,88178b1631fffff
9289,8816a59069fffff
9290,8816a08091fffff
9291,88178b39c9fffff
9292,8816a5d2a5fffff
9293,8816a589c3fffff
9294,8816a544cbfffff
9295,8816a01491fffff
9296,8816a542a7fffff
9297,88178b3499fffff
9298,88178bb445fffff
9299,8816a58d97fffff
9300,8817896b0dfffff
9301,8816a5d5e3fffff
9302,88178b0747fffff
9303,88178b0047fffff
9304,88178b38cbfffff
9305,88178ba419fffff
9306,8816a50105fffff
9307,88178ba11bfffff
9308,8816a5dab5fffff
9309,88178b0641fffff
9310,8816a50e2bfffff
9311,8816a54ab5fffff
9312,8816a08c43fffff
9313,8816a59039fffff
9314,88178bb031fffff
9315,8816a08763fffff
9316,8816a50cedfffff
9317,8816a5d833fffff
9318,8816a5b74dfffff
9319,8816a0ab13fffff
9320,8816165023fffff
9321,8816a095b3fffff
9322,881616494dfffff
9323,8816a5c243fffff
9324,8816a00419fffff
9325,88178bb821fffff
9326,8816a50563fffff
9327,8816a5984dfffff
9328,881789482bfffff
9329,88178b24e9fffff
9330,8816a5840dfffff
9331,8816a54de9fffff
9332,8816a01627fffff
9333,8816a5ca0dfffff
9334,8816a5b2b5fffff
9335,8816a006d5fffff
9336,8816a5b82dfffff
9337,8816a5b857fffff
9338,8816a5563dfffff
9339,88178b1699fffff
9340,88178ba6edfffff
9341,8816a0a927fffff
9342,8816a08e23fffff
9343,8816a5a0a5fffff
9344,8816a08dd3fffff
9345,8816a58269fffff
9346,8816a0ba47fffff
9347,8816a5005dfffff
9348,88178b6885fffff
9349,8816a54191fffff
9350,88178ba96dfffff
9351,8816a0b43dfffff
9352,8816a58829fffff
9353,8816a58a59fffff
9354,8817894c2bfffff
9355,8816a0b5d7fffff
9356,8816a58cddfffff
9357,88178b0c01fffff
9358,8816a50acbfffff
9359,8816a51a3dfffff
9360,8816a58337fffff
9361,8816a0a05bfffff
9362,88178b81bbfffff
9363,88178b0831fffff
9364,8816a5c437fffff
9365,8816a0a03dfffff
9366,88178b0dd3fffff
9367,881616511bfffff
9368,8816a094a5fffff
9369,88178b10bdfffff
9370,88178b38d1fffff
9371,88178b2753fffff
9372,8817894c37fffff
9373,8816a5d521fffff
9374,8816164e27fffff
9375,881616446dfffff
9376,88178b2a97fffff
9377,88178bac27fffff
9378,88178b09a3fffff
9379,8816165a37fffff
9380,8817897b33fffff
9381,8816a08dd9fffff
9382,8816a5a2c3fffff
9383,88178b384dfffff
9384,88178baa83fffff
9385,88178bb73bfffff
9386,88178b2967fffff
9387,8816a51a19fffff
9388,8816a5825bfffff
9389,8816a54ae9fffff
9390,8816a5b765fffff
9391,8816a5d9b7fffff
9392,8816a01449fffff
9393,8816a58ac7fffff
9394,8816a424a7fffff
9395,88178b2453fffff
9396,88178b32d5fffff
9397,8816a55401fffff
9398,8816a0164dfffff
9399,88178bab27fffff
9400,88178b06a1fffff
9401,88178b0e49fffff
9402,88178bb5bbfffff
9403,8816a58941fffff
9404,8816a0b2e7fffff
9405,8816a5b501fffff
9406,8816a51603fffff
9407,8816a5cc33fffff
9408,8816a094a9fffff
9409,88178b6f01fffff
9410,8816a01543fffff
9411,88178b10d3fffff
9412,88178b60b3fffff
9413,8816a00537fffff
9414,88178b8153fffff
9415,8816a5c2edfffff
9416,88161651bbfffff
9417,8816a585a3fffff
9418,8816a586ddfffff
9419,88178b80a3fffff
9420,8816a58811fffff
9421,8816a51293fffff
9422,8816a5cf6bfffff
9423,8816a519c3fffff
9424,8816a0b857fffff
9425,8817897aadfffff
9426,8816a5c991fffff
9427,8816a5ba27fffff
9428,88178b0f53fffff
9429,88178b8433fffff
9430,8816a5d8edfffff
9431,8816a5cae9fffff
9432,8816a5440bfffff
9433,8816a54d39fffff
9434,88178b2367fffff
9435,8816a5cae1fffff
9436,8816a0b243fffff
9437,8816a542e1fffff
9438,8816a5c737fffff
9439,88178b006bfffff
9440,88178b85c3fffff
9441,8816a59addfffff
9442,8816a5046bfffff
9443,88178b1465fffff
9444,8816a5d889fffff
9445,8816a5a869fffff
9446,88178b3497fffff
9447,8816164719fffff
9448,8816a59243fffff
9449,8816a55005fffff
9450,88178b953bfffff
9451,8816164589fffff
9452,8816164e8dfffff
9453,88178ba23dfffff
9454,8817894961fffff
9455,88178bb21dfffff
9456,8816a544b1fffff
9457,8816a5b545fffff
9458,88178bbb55fffff
9459,8816a580d3fffff
9460,8816a0b0a1fffff
9461,8816a5d5d3fffff
9462,8816a004ddfffff
9463,88178b18b5fffff
9464,8817894d21fffff
9465,88178b2025fffff
9466,8816a002d1fffff
9467,8816a5baedfffff
9468,88178b8e09fffff
9469,88178b6867fffff
9470,8816165959fffff
9471,88178b6f0bfffff
9472,88178b82b1fffff
9473,8816165163fffff
9474,8816a5cb27fffff
9475,8816a5d0b1fffff
9476,88178bb301fffff
9477,88178b26bdfffff
9478,88178b35d7fffff
9479,8816a5c31bfffff
9480,8816a0ab23fffff
9481,8816a5102dfffff
9482,88178b6217fffff
9483,8816a54ebbfffff
9484,8816a58e3bfffff
9485,8817894da1fffff
9486,8816a59321fffff
9487,8816a0b427fffff
9488,8816a5d487fffff
9489,8816164251fffff
9490,8816a54511fffff
9491,8816164c83fffff
9492,8816a54cc9fffff
9493,88178b124bfffff
9494,88178b1519fffff
9495,8816164dbdfffff
9496,8816a51597fffff
9497,88178ba1e7fffff
9498,8816a57a07fffff
9499,88178b0701fffff
9500,8816a0b2b9fffff
9501,8816164963fffff
9502,8816a5a357fffff
9503,8816a58d8bfffff
9504,8816a59761fffff
9505,8816a58111fffff
9506,88178979e5fffff
9507,8816a54ec7fffff
9508,8816a559ebfffff
9509,8816a0b481fffff
9510,88178ba5d3fffff
9511,8817894c21fffff
9512,88178bb8edfffff
9513,8816a51401fffff
9514,88178bb519fffff
9515,8816a5a76dfffff
9516,88178b2aa3fffff
9517,8816a03365fffff
9518,88178b0597fffff
9519,8816a0b691fffff
9520,88161641abfffff
9521,8816164427fffff
9522,8816a581b9fffff
9523,88178b295bfffff
9524,8816a58121fffff
9525,8816a54e01fffff
9526,8816164f5bfffff
9527,88178b0519fffff
9528,88178b689dfffff
9529,8816a5959dfffff
9530,8816a085ddfffff
9531,88178ba82dfffff
9532,88178b76a1fffff
9533,8816165a83fffff
9534,8816a54d23fffff
9535,88178bb1b9fffff
9536,8816a5029dfffff
9537,88178b2987fffff
9538,88178bb10dfffff
9539,8816a5ce69fffff
9540,88178b2841fffff
9541,88178b640dfffff
9542,8816a5cd19fffff
9543,8816164b55fffff
9544,8816a5c5d1fffff
9545,88161651e9fffff
9546,88178b84c5fffff
9547,8816a08755fffff
9548,8816a0a0ebfffff
9549,8816a55ab9fffff
9550,88178b16bdfffff
9551,8816a0a951fffff
9552,88178b8ea3fffff
9553,8816a0a2dbfffff
9554,88178b7061fffff
9555,88178948c7fffff
9556,88178b39dbfffff
9557,8816a5474dfffff
9558,88178baf3dfffff
9559,8816a5c48bfffff
9560,8816a5c5cdfffff
9561,88178b8d51fffff
9562,88178b1285fffff
9563,88178bb49dfffff
9564,88178ba8e3fffff
9565,8816a54287fffff
9566,88178b6db1fffff
9567,8816a59005fffff
9568,8816a0070dfffff
9569,88178b8c83fffff
9570,8816a5ab2dfffff
9571,88178b29b9fffff
9572,8816a5925dfffff
9573,88178ba829fffff
9574,8816a0a859fffff
9575,8816a54643fffff
9576,88178b302bfffff
9577,88178bb1bbfffff
9578,88178ba445fffff
9579,8816a5b6abfffff
9580,8816165b1bfffff
9581,8816a54809fffff
9582,8816a5d437fffff
9583,88178b3893fffff
9584,88178b29e1fffff
9585,8816a5c82bfffff
9586,88178b65d1fffff
9587,8816a5076bfffff
9588,8817897965fffff
9589,8816a5076dfffff
9590,8816a59561fffff
9591,8816a5c0edfffff
9592,88178b6651fffff
9593,8816a016cdfffff
9594,8816a58c67fffff
9595,88178ba403fffff
9596,8816a5a64dfffff
9597,8816a58db9fffff
9598,8816a50753fffff
9599,8816a5d5b3fffff
9600,88178b71b9fffff
9601,8816a598adfffff
9602,8816a5d21bfffff
9603,88178b3a19fffff
9604,88178ba133fffff
9605,8816a012d1fffff
9606,8816a0b035fffff
9607,8816a0a65dfffff
9608,88178b6237fffff
9609,8817896b59fffff
9610,8816a51247fffff
9611,8816a08e31fffff
9612,88178b301bfffff
9613,8816a0b33bfffff
9614,8816a502e9fffff
9615,8816165b35fffff
9616,88161655e5fffff
9617,8816a5ca87fffff
9618,8816a54a25fffff
9619,8816a54aebfffff
9620,88178ba143fffff
9621,88178b3251fffff
9622,8816a00647fffff
9623,88178b859dfffff
9624,88178b2c99fffff
9625,8816a58203fffff
9626,88178baf5bfffff
9627,88178b66d7fffff
9628,88178bb891fffff
9629,8816a594a5fffff
9630,88161649b3fffff
9631,8816a5716bfffff
9632,8816a5d029fffff
9633,8816a57b19fffff
9634,8816a5508dfffff
9635,88178b8719fffff
9636,88178b051bfffff
9637,8816a0bb37fffff
9638,88178b86d1fffff
9639,88178b388dfffff
9640,88178b0f23fffff
9641,8816a006d3fffff
9642,88178b2153fffff
9643,88178b6283fffff
9644,8816a5832bfffff
9645,8816a59939fffff
9646,8816a5ca9dfffff
9647,88178b65e1fffff
9648,8816a51341fffff
9649,8816a5aa4bfffff
9650,8816a5945bfffff
9651,88178ba9b5fffff
9652,88178ba5a3fffff
9653,88178b09a5fffff
9654,8816a0040bfffff
9655,8816a59345fffff
9656,8816a58703fffff
9657,88178ba733fffff
9658,8816a08c11fffff
9659,8816a5bac1fffff
9660,8816a5ca01fffff
9661,88178b0235fffff
9662,8816a5d899fffff
9663,88178ba703fffff
9664,88178b1a91fffff
9665,88178b0631fffff
9666,8816a581d5fffff
9667,8816165b3dfffff
9668,88178b7555fffff
9669,88178ba223fffff
9670,88161640d5fffff
9671,8816a5a15bfffff
9672,8817894c4bfffff
9673,88178b0633fffff
9674,8816a51a1bfffff
9675,88178ba611fffff
9676,8816a57349fffff
9677,8816a55529fffff
9678,8816a56b61fffff
9679,8816a57153fffff
9680,8816a0a1b3fffff
9681,8817896901fffff
9682,8816a0a247fffff
9683,8816a5d6cdfffff
9684,88178b6d1dfffff
9685,8816a50827fffff
9686,88178b35edfffff
9687,881616519bfffff
9688,88178b26b1fffff
9689,88178b6619fffff
9690,8816a01455fffff
9691,8816a57881fffff
9692,881789696bfffff
9693,8817894cadfffff
9694,88161651ddfffff
9695,88178b2c87fffff
9696,8816a5d11dfffff
9697,8816a0a003fffff
9698,8816a5b71dfffff
9699,8816a5b5d1fffff
9700,8816a0a305fffff
9701,8816a4248bfffff
9702,8816a5958bfffff
9703,88178b0985fffff
9704,88178b74d1fffff
9705,8816a5182bfffff
9706,8816a0b58dfffff
9707,8816a5b363fffff
9708,8816a5c353fffff
9709,8816164c09fffff
9710,8816a51257fffff
9711,88178b6a65fffff
9712,8816a50eedfffff
9713,8816a5d03dfffff
9714,8816a5c805fffff
9715,8816a5b487fffff
9716,88178ba9a7fffff
9717,88178b6ebbfffff
9718,8816a0b4cbfffff
9719,8816a0b12bfffff
9720,8816a50611fffff
9721,88178b25d3fffff
9722,88178b2731fffff
9723,88178ba701fffff
9724,8816a54823fffff
9725,8816a54985fffff
9726,88178b08b7fffff
9727,8816a0a263fffff
9728,88178b748bfffff
9729,8816a58023fffff
9730,8816a016b3fffff
9731,88178b3405fffff
9732,8816a5c537fffff
9733,8816a59095fffff
9734,8816165903fffff
9735,88178bb197fffff
9736,8816a54c25fffff
9737,8816a54117fffff
9738,8816a542c3fffff
9739,88178b315dfffff
9740,88178b2507fffff
9741,8816a0b9d5fffff
9742,8816a58361fffff
9743,88178b3b55fffff
9744,8816a556a3fffff
9745,8816165b2bfffff
9746,8816a545e1fffff
9747,8816a0b6bbfffff
9748,88178b7a91fffff
9749,88178bba6bfffff
9750,8816a5d1bbfffff
9751,88178b6519fffff
9752,8816a0b53bfffff
9753,88178b2a43fffff
9754,8816a54ac7fffff
9755,8816a5ab39fffff
9756,8816a5aac9fffff
9757,88178bb415fffff
9758,88178b2957fffff
9759,88178b12c9fffff
9760,8816a426b5fffff
9761,88178b82abfffff
9762,88178b78ebfffff
9763,88178bb2cdfffff
9764,88178b82e7fffff
9765,8816a5ca2dfffff
9766,8816a50b6dfffff
9767,88178baa49fffff
9768,8816a59a01fffff
9769,8816a08c87fffff
9770,88178b764dfffff
9771,8816a54449fffff
9772,88178b2eb7fffff
9773,88178bbb35fffff
9774,88178b38a5fffff
9775,88178b6a93fffff
9776,8816a57a97fffff
9777,88178bbacbfffff
9778,88178bacd5fffff
9779,8816a5c849fffff
9780,8817896943fffff
9781,88178b641dfffff
9782,88178b3a61fffff
9783,8816a0b027fffff
9784,8816a56b2bfffff
9785,88178b2f43fffff
9786,8816a54f3bfffff
9787,881616412bfffff
9788,8816a5b609fffff
9789,8816a5ca85fffff
9790,88178bb2c7fffff
9791,8816a58f2bfffff
9792,8816a58ae7fffff
9793,88178b0217fffff
9794,8816a58d05fffff
9795,8816a51337fffff
9796,8816a58cb7fffff
9797,8816a0a96dfffff
9798,88178baf17fffff
9799,88178b8663fffff
9800,8816a0865dfffff
9801,8816a5d4a1fffff
9802,8816a0a85bfffff
9803,88178b28ebfffff
9804,88178ba9a1fffff
9805,88178b210dfffff
9806,8816a578a9fffff
9807,88178ba71bfffff
9808,8816a5b21bfffff
9809,8816a424e5fffff
9810,8816a5895bfffff
9811,8816a59299fffff
9812,8816a582b9fffff
9813,88178b8051fffff
9814,8816a0a0a1fffff
9815,8816165a53fffff
9816,8816a5a151fffff
9817,8816a00545fffff
9818,8816a54b3bfffff
9819,8816a0a845fffff
9820,88178b11b3fffff
9821,88178b3535fffff
9822,88178b6e5bfffff
9823,8816a0074bfffff
9824,8816a03367fffff
9825,8816a5d411fffff
9826,8817894d23fffff
9827,8816a0b1d3fffff
9828,88178b81ddfffff
9829,88178b6ea7fffff
9830,8816a58f15fffff
9831,8816a54311fffff
9832,8816a08ca9fffff
9833,8816a0b501fffff
9834,8816a5ca3bfffff
9835,8816a51ad1fffff
9836,8816a549e9fffff
9837,88178bb0a9fffff
9838,88178b0887fffff
9839,88178b2c33fffff
9840,8816a5cd37fffff
9841,8816a5cd5bfffff
9842,881616424bfffff
9843,8816a5aa09fffff
9844,8816a0b75dfffff
9845,88178b8f11fffff
9846,8816165719fffff
9847,8816a0b859fffff
9848,88178ba139fffff
9849,8816a08623fffff
9850,88178bb027fffff
9851,88178b662dfffff
9852,8816a5604dfffff
9853,8816a5b4e9fffff
9854,88178b65c3fffff
9855,88178b320bfffff
9856,88178bb1c3fffff
9857,88178bacc7fffff
9858,88178ba909fffff
9859,88178b7543fffff
9860,8816a0b0abfffff
9861,8816a5ccb1fffff
9862,88178b84c7fffff
9863,88178b7a97fffff
9864,8816167965fffff
9865,88178bb9a9fffff
9866,8816a00721fffff
9867,8816a5522dfffff
9868,8816164881fffff
9869,8816a50c0dfffff
9870,8816a0b26bfffff
9871,8816a5cc69fffff
9872,8816a0a66bfffff
9873,8816a42589fffff
9874,8816a51807fffff
9875,8816a58303fffff
9876,881616c96bfffff
9877,88178b2199fffff
9878,8816a5cf57fffff
9879,8816a5cce3fffff
9880,8816a5bb2dfffff
9881,8816a54c89fffff
9882,88178b2963fffff
9883,8816a50561fffff
9884,88178bb201fffff
9885,8816a016ebfffff
9886,88178b01e1fffff
9887,8816a5d725fffff
9888,88178b38c1fffff
9889,88178b2b03fffff
9890,8816a0b201fffff
9891,8816a55493fffff
9892,8816a0aaadfffff
9893,88178b8c67fffff
9894,8816164919fffff
9895,8816a57905fffff
9896,8817896a6bfffff
9897,8816a57213fffff
9898,8816164d3dfffff
9899,88178b6855fffff
9900,8816a5b59bfffff
9901,88178baf43fffff
9902,881616da49fffff
9903,88178b08cbfffff
9904,8816a554ddfffff
9905,8816a5d645fffff
9906,88178baa33fffff
9907,88178b69dbfffff
9908,8816164ac7fffff
9909,8816a0165dfffff
9910,8816a55803fffff
9911,8816a5cdb3fffff
9912,8816a5d105fffff
9913,8816a5072bfffff
9914,88178b2acbfffff
9915,88178badbbfffff
9916,8816a55ab1fffff
9917,88161642abfffff
9918,8816a516e3fffff
9919,88178ba013fffff
9920,8816a0840dfffff
9921,8816a5aaddfffff
9922,88178b3929fffff
9923,88178ba529fffff
9924,88178b2531fffff
9925,8816a59407fffff
9926,8817894dd5fffff
9927,8816a55567fffff
9928,8816a00583fffff
9929,8816a51623fffff
9930,88178bb261fffff
9931,8816a08549fffff
9932,88178b8ddbfffff
9933,8816a5185bfffff
9934,8816a5d543fffff
9935,88178b3617fffff
9936,8816a015c9fffff
9937,88178b8223fffff
9938,8816a5d01dfffff
9939,88178b26a3fffff
9940,8816a50f21fffff
9941,8816a512d1fffff
9942,8816a57a87fffff
9943,8816a08693fffff
9944,8816a5b0adfffff
9945,8816a010d1fffff
9946,88178ba331fffff
9947,88178b8025fffff
9948,88178b0e99fffff
9949,88161655a1fffff
9950,88178b14abfffff
9951,88178b0581fffff
9952,88178b3289fffff
9953,8816a5b433fffff
9954,8816a544d5fffff
9955,8816a0ae5dfffff
9956,881616540dfffff
9957,88178b6115fffff
9958,88178b8f41fffff
9959,8816a0aa67fffff
9960,8816a08e5dfffff
9961,8816a00565fffff
9962,88178b4699fffff
9963,8816a51651fffff
9964,8816165939fffff
9965,8816a5ba59fffff
9966,88178b70d7fffff
9967,8816a58929fffff
9968,88178b6293fffff
9969,88178bad35fffff
9970,8817894f23fffff
9971,8816a559d1fffff
9972,88178b818bfffff
9973,88178ba985fffff
9974,8816a596d1fffff
9975,88178b6731fffff
9976,8816a54581fffff
9977,8816a0ba3dfffff
9978,88178b6453fffff
9979,8816a0a2b3fffff
9980,8816a51105fffff
9981,8816a589e1fffff
9982,8816a5bab1fffff
9983,88178b7445fffff
9984,8816a58c95fffff
9985,8816a5724dfffff
9986,88178b8021fffff
9987,88178bb1bdfffff
9988,8816a5a307fffff
9989,8816a59205fffff
9990,88178ba40bfffff
9991,8816a59859fffff
9992,8816a5b2c1fffff
9993,8816a0b007fffff
9994,8816a54b09fffff
9995,8816a58625fffff
9996,88178bba91fffff
9997,8816a5d4b7fffff
9998,88178b0e0bfffff
9999,8816a5c0b3fffff
10000,88178b68ebfffff
10001,88178baf3bfffff
10002,8816a5c539fffff
10003,8816a599e3fffff
10004,8816a54a6bfffff
10005,8816a59191fffff
10006,88178b2f1bfffff
10007,88178b1443fffff
10008,8816a0b9bdfffff
10009,8816164d4bfffff
10010,88161679a3fffff
10011,8816a54c61fffff
10012,88178bae93fffff
10013,88178b8c03fffff
10014,88178b6151fffff
10015,88178bb603fffff
10016,8817894943fffff
10017,8816a581d7fffff
10018,88178b31ddfffff
10019,881616513bfffff
10020,8816164899fffff
10021,8816a500d9fffff
10022,88178b9541fffff
10023,88178b20c7fffff
10024,8816a5836dfffff
10025,8816a509b5fffff
10026,8816a5d419fffff
10027,8816a58ce9fffff
10028,8816a55243fffff
10029,8816a58713fffff
10030,88178b0dc9fffff
10031,8816a08dd1fffff
10032,8816164cb9fffff
10033,88178978e5fffff
10034,8816a0a0ddfffff
10035,8816a59605fffff
10036,8816a5aacbfffff
10037,88178bbae7fffff
10038,8816164dcdfffff
10039,8816a0b947fffff
10040,8816a57255fffff
10041,8816164c87fffff
10042,88178bba05fffff
10043,8816a5b521fffff
10044,88178b0f11fffff
10045,8817897993fffff
10046,8817896ac5fffff
10047,8816a00569fffff
10048,8816a5aa37fffff
10049,88178b0041fffff
10050,88178b144bfffff
10051,8816a01563fffff
10052,88178b1681fffff
10053,8816a09439fffff
10054,8816a5c729fffff
10055,8816a5c103fffff
10056,88178bb411fffff
10057,88178b10a1fffff
10058,8816164a21fffff
10059,88178b71b3fffff
10060,8816a5aaa9fffff
10061,8816a581a7fffff
10062,88178b8c21fffff
10063,8816a0a74dfffff
10064,881616791dfffff
10065,8816a5dad3fffff
10066,8816a5818dfffff
10067,88178b2657fffff
10068,8816165183fffff
10069,88178b15a1fffff
10070,88178ba2a7fffff
10071,88178b381bfffff
10072,8816a5cce5fffff
10073,88178b2dc3fffff
10074,8816a5a939fffff
10075,88178b8647fffff
10076,88178b16ddfffff
10077,8816a5d0cbfffff
10078,88178bba69fffff
10079,88178b3b0bfffff
10080,8817897983fffff
10081,8816a5cf59fffff
10082,8816a0b2adfffff
10083,8816a5c4dbfffff
10084,88178b3195fffff
10085,8816a5d4d5fffff
10086,8816a588a9fffff
10087,8816a5cc31fffff
10088,88178b2b49fffff
10089,88178b7703fffff
10090,8816a5081dfffff
10091,8816a59101fffff
10092,88178b74a3fffff
10093,88178b3319fffff
10094,8816a519a1fffff
10095,8816a5d5ddfffff
10096,88178b69a5fffff
10097,8816a5cb03fffff
10098,88178b78bbfffff
10099,88178b70bbfffff
10100,8816a0b555fffff
10101,88161659abfffff
10102,88178b71abfffff
10103,88178ba6c1fffff
10104,8816164d5bfffff
10105,8816164985fffff
10106,88178b16dbfffff
10107,88178b6737fffff
10108,88178b6dd3fffff
10109,8816a58011fffff
10110,8816a5b723fffff
10111,88178b3801fffff
10112,8816a59ab7fffff
10113,8816a54447fffff
10114,8816a59615fffff
10115,88178b0d99fffff
10116,8816a0b8d9fffff
10117,88178b8d21fffff
10118,88178ba817fffff
10119,8816a54c15fffff
10120,8816a51811fffff
10121,88178b6c99fffff
10122,8816164b57fffff
10123,8816165107fffff
10124,88178b0083fffff
10125,8816a5d54dfffff
10126,8816a57b25fffff
10127,8816a58a01fffff
10128,8816a0b497fffff
10129,8816a5a083fffff
10130,8816a5d6c5fffff
10131,88161648e3fffff
10132,8816a58d07fffff
10133,8816a512e1fffff
10134,8816a58a6dfffff
10135,8816a5cb41fffff
10136,88178ba9c7fffff
10137,8816a58353fffff
10138,8816a579e3fffff
10139,88178b0049fffff
10140,88178b8d69fffff
10141,8816a5ce39fffff
10142,88178bb06dfffff
10143,88161650bdfffff
10144,8817894d39fffff
10145,8816a00095fffff
10146,88178ba737fffff
10147,8816a5b847fffff
10148,8816a58db3fffff
10149,88178b9497fffff
10150,88178bb323fffff
10151,88178b105bfffff
10152,88178b68a5fffff
10153,8816a0b93dfffff
10154,8816a54121fffff
10155,8816a51125fffff
10156,8816a5b539fffff
10157,8816165353fffff
10158,8816a42593fffff
10159,881616c9c5fffff
10160,88178b714dfffff
10161,8816a58b41fffff
10162,8816a5c687fffff
10163,88178b326bfffff
10164,8816a54ad7fffff
10165,8816167b05fffff
10166,8816a582d5fffff
10167,88178b636bfffff
10168,8816a50163fffff
10169,88178b2729fffff
10170,8816a5d45dfffff
10171,88178b72b3fffff
10172,8816a5ab17fffff
10173,88178b1715fffff
10174,8816a51515fffff
10175,88178ba047fffff
10176,88178b0cbbfffff
10177,8816164dd9fffff
10178,88178b0037fffff
10179,8816a54e2bfffff
10180,8816a5b2d5fffff
10181,8816a58de9fffff
10182,8816a544d1fffff
10183,88178bad47fffff
10184,8816a58d6dfffff
10185,88178b6a6dfffff
10186,8816a5a2bdfffff
10187,8816a586a5fffff
10188,88178b0a1bfffff
10189,8816a5872dfffff
10190,8816a55325fffff
10191,88178b8d33fffff
10192,8816a5b5c3fffff
10193,88178b008dfffff
10194,8816a59b61fffff
10195,8816a51911fffff
10196,88178b2653fffff
10197,88178b803dfffff
10198,88178b145dfffff
10199,88178b6c9bfffff
10200,8816a0b84dfffff
10201,88178b1511fffff
10202,8816a54929fffff
10203,8816a5c6edfffff
10204,88178b71e5fffff
10205,88178ba769fffff
10206,88178b38e5fffff
10207,8816a54329fffff
10208,8816164a95fffff
10209,8816a58697fffff
10210,88178b9433fffff
10211,8816a544c9fffff
10212,8816a592cbfffff
10213,8816a54b21fffff
10214,8816a00097fffff
10215,88178b9095fffff
10216,88178b362dfffff
10217,88178bade3fffff
10218,88178ba1c7fffff
10219,88178b0609fffff
10220,8816a58587fffff
10221,8816a095abfffff
10222,8816a55a07fffff
10223,8816a01757fffff
10224,88178bb151fffff
10225,88178ba865fffff
10226,88178b3681fffff
10227,88178b68d1fffff
10228,8816a5c23bfffff
10229,8816164c05fffff
10230,8816a58943fffff
10231,8816a54e09fffff
10232,8816a5c0b9fffff
10233,8816a504edfffff
10234,88178b7165fffff
10235,8816a58f4bfffff
10236,88178b0557fffff
10237,881616413bfffff
10238,8816a09613fffff
10239,8816a50a1bfffff
10240,881789492bfffff
10241,8816a0851bfffff
10242,8816a555cdfffff
10243,88178b0e6bfffff
10244,8816a5a727fffff
10245,8816a5ca47fffff
10246,88178bb401fffff
10247,8816a51a97fffff
10248,8816164521fffff
10249,88178b8617fffff
10250,88178b2d05fffff
10251,8816a5c757fffff
10252,88178b75dbfffff
10253,88178b2169fffff
10254,8816a51615fffff
10255,8816a501b3fffff
10256,8817894ccdfffff
10257,88178b0627fffff
10258,8816a546bdfffff
10259,88178b88bdfffff
10260,88178b1651fffff
10261,8816a5924dfffff
10262,8816a5ab21fffff
10263,8816a580b3fffff
10264,8816a5c16dfffff
10265,88178b74bbfffff
10266,8816a549dbfffff
10267,8816a0b06dfffff
10268,8816a5062bfffff
10269,8816a5592bfffff
10270,8816a5113bfffff
10271,8816a51955fffff
10272,88178b3619fffff
10273,8816164e97fffff
10274,88178b8435fffff
10275,88178bb467fffff
10276,8816a50361fffff
10277,8816a512a7fffff
10278,8816a5cc91fffff
10279,8816a56b13fffff
10280,88178baa3dfffff
10281,8816a519adfffff
10282,88178b8097fffff
10283,8816a5ba53fffff
10284,88178bb105fffff
10285,88178b6d3dfffff
10286,8816a584b9fffff
10287,8816a57337fffff
10288,8816a58a97fffff
10289,88178b2b27fffff
10290,88178b244bfffff
10291,88178b0211fffff
10292,8816a595e5fffff
10293,8816a5a1b1fffff
10294,88178bbae9fffff
10295,88178b6cb9fffff
10296,88178b78ddfffff
10297,8816a0b73dfffff
10298,88178b0409fffff
10299,8816a55047fffff
10300,88178ba257fffff
10301,88178b12bbfffff
10302,8816a51a89fffff
10303,8816a510b1fffff
10304,8816a55a6bfffff
10305,8816a08e67fffff
10306,8816a54043fffff
10307,8816a58217fffff
10308,8816164091fffff
10309,8816a54459fffff
10310,8816a0b0edfffff
10311,88178b8c89fffff
10312,8816a00e1bfffff
10313,8816a589e9fffff
10314,88178ba999fffff
10315,88178b0653fffff
10316,8816a0b241fffff
10317,88178b0f65fffff
10318,8816164a2bfffff
10319,8816a01697fffff
10320,8816a5d653fffff
10321,8816a0b9e5fffff
10322,8816a50ae9fffff
10323,8816a5a041fffff
10324,8816a5c535fffff
10325,88178b2e27fffff
10326,8816a58c27fffff
10327,8816a0b451fffff
10328,88178b073bfffff
10329,8816a5a259fffff
10330,8817897aa5fffff
10331,8816a096d3fffff
10332,88178b0f33fffff
10333,88178b2a03fffff
10334,8816a5c115fffff
10335,8816a58747fffff
10336,8816a5c769fffff
10337,8816a5d097fffff
10338,8816a58c33fffff
10339,8816a5b309fffff
10340,8816a51203fffff
10341,8816a5173bfffff
10342,8816a5c341fffff
10343,88178b629bfffff
10344,8816a5bb43fffff
10345,8816164989fffff
10346,88178b2547fffff
10347,88178bb609fffff
10348,8816a51695fffff
10349,88178b632dfffff
10350,8817896945fffff
10351,8816a555a5fffff
10352,8816a0a363fffff
10353,8816a559c9fffff
10354,8816a00741fffff
10355,8816a55161fffff
10356,88178bae97fffff
10357,88161655b9fffff
10358,8816a544e1fffff
10359,8816a5a1b5fffff
10360,8816a5b9abfffff
10361,88161641adfffff
10362,8816a594c7fffff
10363,88178b8e53fffff
10364,8816a5d059fffff
10365,88178b2d8dfffff
10366,8816a5aa8bfffff
10367,88178b908bfffff
10368,8816167b27fffff
10369,88178b2607fffff
10370,8816a5cac3fffff
10371,88178b6047fffff
10372,88178b3367fffff
10373,8816165b45fffff
10374,8816a5c083fffff
10375,88178b0f49fffff
10376,88178b90d1fffff
10377,88178b203dfffff
10378,88178b6a03fffff
10379,8816a5d123fffff
10380,8816a08725fffff
10381,88178bad95fffff
10382,8816a09597fffff
10383,8816a58315fffff
10384,8816a58559fffff
10385,8816a0b259fffff
10386,88178bb80dfffff
10387,8816a5c90dfffff
10388,8816165567fffff
10389,88178b2d9dfffff
10390,88178bac99fffff
10391,88178ba0bdfffff
10392,8816a5066bfffff
10393,8816a54333fffff
10394,8816a0b069fffff
10395,8816a58327fffff
10396,8817894c47fffff
10397,8816a08ce7fffff
10398,88178b8133fffff
10399,88178b8d2dfffff
10400,8816a55a61fffff
10401,8816a00661fffff
10402,8816a558e1fffff
10403,8816a55b4dfffff
10404,8816a0b1b1fffff
10405,8816a50d27fffff
10406,8816164ec3fffff
10407,8816a5976bfffff
10408,8816a0ab51fffff
10409,88178b6141fffff
10410,8816a54d65fffff
10411,8816a518c3fffff
10412,88178b750dfffff
10413,88178b8c93fffff
10414,8816a54a91fffff
10415,8816a5d48bfffff
10416,8816a5c4bbfffff
10417,88178b7499fffff
10418,8816a5d225fffff
10419,8816a00703fffff
10420,8816a09413fffff
10421,88178b1583fffff
10422,8816a0af69fffff
10423,88178bb0a7fffff
10424,8816164057fffff
10425,88178b2a4dfffff
10426,88178ba6a1fffff
10427,8816a585b3fffff
10428,8816a0b457fffff
10429,8816a015a1fffff
10430,8816a08621fffff
10431,88178b82e9fffff
10432,8816a5c219fffff
10433,8816a014b9fffff
10434,8816a0b2ddfffff
10435,88161655cdfffff
10436,8816a0a0c1fffff
10437,88178bb64dfffff
10438,88178b6501fffff
10439,8816a5482dfffff
10440,8816a5ba0dfffff
10441,8816a08c55fffff
10442,8816a514d9fffff
10443,88178b2d6dfffff
10444,88178b78c3fffff
10445,88178b750bfffff
10446,8816a585d1fffff
10447,8816a5ca13fffff
10448,8816a518e7fffff
10449,8816a5576bfffff
10450,88178b24dbfffff
10451,8816a50731fffff
10452,8816a5441bfffff
10453,8816a5149bfffff
10454,88178b14d9fffff
10455,8816a585b5fffff
10456,8816a55517fffff
10457,8816a5b99dfffff
10458,88178ba0c1fffff
10459,8816164a33fffff
10460,8816a00729fffff
10461,88178b019dfffff
10462,88178b0c11fffff
10463,88178b732dfffff
10464,88178ba421fffff
10465,88161641c3fffff
10466,88178b2ad1fffff
10467,8816a0a82bfffff
10468,88178b8651fffff
10469,8816a546a3fffff
10470,88178b2a99fffff
10471,8816a00619fffff
10472,88178b7069fffff
10473,88178b0c89fffff
10474,88178b6243fffff
10475,8816a0a02bfffff
10476,8816a5b881fffff
10477,88178b7609fffff
10478,8816a0b5bdfffff
10479,88178b1569fffff
10480,8816a514abfffff
10481,8817894de3fffff
10482,8816a50a45fffff
10483,88178ba14bfffff
10484,8816a50289fffff
10485,8816a51523fffff
10486,88178b1205fffff
10487,8816a426cdfffff
10488,8816a58905fffff
10489,88178bb949fffff
10490,8816a5c9c9fffff
10491,8816a54ac1fffff
10492,8816a5b511fffff
10493,8816a095c7fffff
10494,8816164c13fffff
10495,8816a5c9b1fffff
10496,88178b6135fffff
10497,88178b119bfffff
10498,88178b21b1fffff
10499,8816a50637fffff
10500,8816a59765fffff
10501,88161645d7fffff
10502,88178bb1a9fffff
10503,88178ba599fffff
10504,881616796dfffff
10505,8816164365fffff
10506,8816a55541fffff
10507,8816a5541bfffff
10508,8816a4258bfffff
10509,8816a50b07fffff
10510,8816a0a045fffff
10511,88161652edfffff
10512,8816a014a9fffff
10513,8816a0a15bfffff
10514,8816a5856bfffff
10515,88178b8ab1fffff
10516,8816a42599fffff
10517,8816a582cdfffff
10518,881616584dfffff
10519,8816a58b4dfffff
10520,88178b2093fffff
10521,8816a555c1fffff
10522,8816a5c465fffff
10523,8816a501c7fffff
10524,8816a08441fffff
10525,8816a58259fffff
10526,88178b7705fffff
10527,8816a582a5fffff
10528,8816a544c1fffff
10529,8816164a49fffff
10530,88178b2a13fffff
10531,8816a51149fffff
10532,8816a5b0cbfffff
10533,8816a558d1fffff
10534,88178badd5fffff
10535,8816a540c5fffff
10536,88178b6a27fffff
10537,8816a0af55fffff
10538,8816a581c7fffff
10539,8816a500c1fffff
10540,88178bb691fffff
10541,88178b6953fffff
10542,88161655adfffff
10543,8816a555abfffff
10544,8816a0871dfffff
10545,8816a5b00bfffff
10546,88178b16c7fffff
10547,88178b7315fffff
10548,88178ba8b1fffff
10549,8816a09457fffff
10550,88178b28cdfffff
10551,8816a54c6bfffff
10552,8816a58b69fffff
10553,8816a50ee7fffff
10554,8816a5c4d9fffff
10555,88178bb915fffff
10556,8816a096cbfffff
10557,8816a5c649fffff
10558,8816a5a90dfffff
10559,8816a5c50dfffff
10560,8816a5aa07fffff
10561,8816164f47fffff
10562,8816a541b5fffff
10563,8816a0872dfffff
10564,88178b831bfffff
10565,8816a510c7fffff
10566,8816a50c2dfffff
10567,88178b1727fffff
10568,88178b6059fffff
10569,8816a59667fffff
10570,8816164911fffff
10571,88178b2065fffff
10572,8816a56a5dfffff
10573,88178b7035fffff
10574,88178b651dfffff
10575,8816a08ec9fffff
10576,8816a0ab3bfffff
10577,8816a58445fffff
10578,8816a54647fffff
10579,88178b60c3fffff
10580,8816a0b323fffff
10581,8816a58b39fffff
10582,8816a55721fffff
10583,8816a581e1fffff
10584,88178b149bfffff
10585,8816a50d55fffff
10586,8816a0aad5fffff
10587,88178ba449fffff
10588,8816a58281fffff
10589,8816a5cc53fffff
10590,8816a592a5fffff
10591,8816a510bbfffff
10592,8816164849fffff
10593,88178ba301fffff
10594,8816a5096bfffff
10595,8816a54467fffff
10596,8816165801fffff
10597,88178bb29bfffff
10598,88178bb251fffff
10599,88178b0c09fffff
10600,88178bb21bfffff
10601,8816164b5dfffff
10602,8816a085bbfffff
10603,88178b759bfffff
10604,88178ba6c7fffff
10605,8816a5c911fffff
10606,8816a0a8ddfffff
10607,8816a55b61fffff
10608,8816a58653fffff
10609,8816a519c5fffff
10610,881616c9a3fffff
10611,8816a5450bfffff
10612,8816a5444dfffff
10613,88178b6119fffff
10614,8816a549b3fffff
10615,8816a56b2dfffff
10616,88178ba749fffff
10617,881616d91dfffff
10618,8816a5cb4bfffff
10619,88178bb055fffff
10620,88178b0ce1fffff
10621,88178b60a9fffff
10622,8816a50341fffff
10623,8816164c07fffff
10624,8816a5b219fffff
10625,88178ba86dfffff
10626,88178b04bbfffff
10627,8816a5850dfffff
10628,88178b016dfffff
10629,88178b3a0bfffff
10630,8816a50b1bfffff
10631,88178b731dfffff
10632,88178b2a0bfffff
10633,8816a56a47fffff
10634,88178b6699fffff
10635,8816a5a2b7fffff
10636,8816a540c7fffff
10637,8816a55523fffff
10638,88178b7693fffff
10639,8816a5d2cdfffff
10640,8816a59a9dfffff
10641,88178b0db9fffff
10642,88178b0201fffff
10643,8816a5d5d5fffff
10644,8816a5a35dfffff
10645,8816a54ee5fffff
10646,8816a5ca07fffff
10647,8816a0ab49fffff
10648,88178b8215fffff
10649,8816a5b5d3fffff
10650,88178b95e3fffff
10651,88178ba30bfffff
10652,88178b26dbfffff
10653,8816a0b081fffff
10654,88178b0e8dfffff
10655,8816a5cc87fffff
10656,8816a50185fffff
10657,8816a5cc95fffff
10658,88178ba165fffff
10659,88178b35bdfffff
10660,8816a511d7fffff
10661,88161655e7fffff
10662,8816a56355fffff
10663,8816a5c4a9fffff
10664,8816a59251fffff
10665,8816a08481fffff
10666,88178b2f07fffff
10667,8816a085d3fffff
10668,8816a5ccabfffff
10669,8816a59703fffff
10670,8816a096e3fffff
10671,8816a5072dfffff
10672,88178b61e1fffff
10673,88178b303bfffff
10674,88178b01d7fffff
10675,8817894ce9fffff
10676,88178ba031fffff
10677,88178b8de5fffff
10678,8816a51aa5fffff
10679,88178bba0dfffff
10680,88178baee9fffff
10681,8816a0b74bfffff
10682,88178bba5bfffff
10683,8816a5a059fffff
10684,8816a55a83fffff
10685,8816a59111fffff
10686,8816a5a843fffff
10687,8816a59583fffff
10688,88178b3209fffff
10689,88178b66edfffff
10690,88178bab31fffff
10691,88178b69a9fffff
10692,88178b81c5fffff
10693,8816a55257fffff
10694,8817894921fffff
10695,88178b8407fffff
10696,88178ba5c5fffff
10697,8816a5cdebfffff
10698,8816a5d6a5fffff
10699,8816a5cb15fffff
10700,88178b2567fffff
10701,88178b1113fffff
10702,8816165b0dfffff
10703,8816a425d7fffff
10704,8816a51703fffff
10705,88178bad93fffff
10706,8816a59105fffff
10707,8816a01607fffff
10708,8816a598e3fffff
10709,88178b3449fffff
10710,8817894c13fffff
10711,88178b0637fffff
10712,8816a58265fffff
10713,88178b7457fffff
10714,88178b2601fffff
10715,8816a5ba8bfffff
10716,88178b733bfffff
10717,8816a510b5fffff
10718,8816a5d421fffff
10719,88178b3287fffff
10720,8816a592bdfffff
10721,881616474dfffff
10722,88178b0643fffff
10723,8816a5c5bdfffff
10724,881616d92bfffff
10725,8816a42453fffff
10726,88178bb6abfffff
10727,8816a55105fffff
10728,8816a5b295fffff
10729,88178ba05dfffff
10730,88178b2105fffff
10731,88178b80e9fffff
10732,8816a5daedfffff
10733,88178b709dfffff
10734,8816a542a1fffff
10735,88178ba92dfffff
10736,88178baf2bfffff
10737,88178b70e5fffff
10738,88178b3127fffff
10739,8816a5aaa1fffff
10740,8816a0b591fffff
10741,8816a0a31dfffff
10742,88161650dbfffff
10743,88178b0827fffff
10744,88178b7051fffff
10745,88178bb769fffff
10746,88178b6a69fffff
10747,88178b8e51fffff
10748,88178b6685fffff
10749,8816a0b8b3fffff
10750,88178b828bfffff
10751,8816a0bb5bfffff
10752,8816a51193fffff
10753,88161649e9fffff
10754,88178b09b1fffff
10755,8816a59107fffff
10756,88178b0cadfffff
10757,8816a54cbbfffff
10758,88178b6db3fffff
10759,88178b2069fffff
10760,88178b3a99fffff
10761,88178bae3bfffff
10762,8816a5cde7fffff
10763,8816a58291fffff
10764,8816a01751fffff
10765,8816a5b415fffff
10766,8817894953fffff
10767,8816a51863fffff
10768,8816a0b49dfffff
10769,8816a50197fffff
10770,8816164565fffff
10771,88178b120bfffff
10772,8816a50c59fffff
10773,8816a58e91fffff
10774,8816a516ddfffff
10775,8816a51119fffff
10776,88178b600bfffff
10777,88178b0d45fffff
10778,8816a5b1b5fffff
10779,8816a5c001fffff
10780,88178b7227fffff
10781,8816a00e1dfffff
10782,8816167b67fffff
10783,88178b60e7fffff
10784,88178b0319fffff
10785,881616d947fffff
10786,88178b8313fffff
10787,8816a0864bfffff
10788,8816a5426bfffff
10789,88178b2d35fffff
10790,88178b2535fffff
10791,8816a542e7fffff
10792,8816a54487fffff
10793,8816165281fffff
10794,8816a5026dfffff
10795,8816a588c9fffff
10796,8816a5b33bfffff
10797,8816a54119fffff
10798,88178b0d29fffff
10799,88178ba535fffff
10800,8816a0b4e3fffff
10801,88178b6d6bfffff
10802,88178b2637fffff
10803,88178b9597fffff
10804,8816a51423fffff
10805,8816a09431fffff
10806,88178bb925fffff
10807,8816a54ad3fffff
10808,8817894cddfffff
10809,88178bae85fffff
10810,8816a0b227fffff
10811,8816a0055dfffff
10812,8817894cc9fffff
10813,8816a56151fffff
10814,8816a5866bfffff
10815,881616442dfffff
10816,8816a09591fffff
10817,8816a5074bfffff
10818,8816a57a8dfffff
10819,88178ba0edfffff
10820,8816a5515bfffff
10821,8816a55531fffff
10822,88178b8d4bfffff
10823,8816a5c5abfffff
10824,8816a5ce8dfffff
10825,8816a50c11fffff
10826,8816a546b5fffff
10827,8816a0968bfffff
10828,8817894ddbfffff
10829,88178b39cbfffff
10830,88178b3089fffff
10831,8816a0b4ddfffff
10832,88178b736bfffff
10833,8816a00669fffff
10834,88178b9733fffff
10835,8816a56a45fffff
10836,8816a58d3dfffff
10837,88178b71d5fffff
10838,8816a0b58bfffff
10839,8816a5aac7fffff
10840,88178b2a87fffff
10841,8816a5a037fffff
10842,8816a5d4dbfffff
10843,8816a5cf05fffff
10844,8816a5580dfffff
10845,88178bb825fffff
10846,881616c9e9fffff
10847,8816a5ce3bfffff
10848,8816a59817fffff
10849,88178b75b7fffff
10850,8816a0b42bfffff
10851,88178b0821fffff
10852,8816a0b2bdfffff
10853,88178b2c05fffff
10854,88178b6cc3fffff
10855,88178b1067fffff
10856,88178baa29fffff
10857,8816a584c7fffff
10858,88178bb089fffff
10859,8816a5d0ebfffff
10860,88178b2ca1fffff
10861,88178b8669fffff
10862,8816a57b03fffff
10863,8816a5891dfffff
10864,88178b6981fffff
10865,8816a540c3fffff
10866,88178b30abfffff
10867,88178b0591fffff
10868,88178b8f1dfffff
10869,8816a58009fffff
10870,8816a5b73bfffff
10871,881616c911fffff
10872,8816a0b5e5fffff
10873,8817894c6bfffff
10874,8816a00701fffff
10875,88178979c7fffff
10876,88178bb717fffff
10877,8816a0b883fffff
10878,8816a0a659fffff
10879,88178b0153fffff
10880,88178b3491fffff
10881,8816a596e5fffff
10882,8816a0aa23fffff
10883,8816a5c32bfffff
10884,8816a5c067fffff
10885,88178b0ce7fffff
10886,88178b21cdfffff
10887,88178b36bbfffff
10888,8816a5012dfffff
10889,8816a540d9fffff
10890,88178b659bfffff
10891,88178bb9bdfffff
10892,8816a551a5fffff
10893,88178b0e13fffff
10894,8816a0a0b9fffff
10895,88178b16b9fffff
10896,88178b1ad9fffff
10897,8816a580e9fffff
10898,88178b09d3fffff
10899,8816a0bac3fffff
10900,88178bbb5dfffff
10901,8816a5a115fffff
10902,88178b6f19fffff
10903,8816a50059fffff
10904,8816a590abfffff
10905,88178b3357fffff
10906,8816a080a3fffff
10907,8816165733fffff
10908,88178b1085fffff
10909,881616c94bfffff
10910,88178b3281fffff
10911,8816a5b93dfffff
10912,8816a55953fffff
10913,8816a0a13bfffff
10914,88178bb9c9fffff
10915,8816a5c8a5fffff
10916,8816a54b05fffff
10917,88178b30e5fffff
10918,8816a5c64dfffff
10919,8816a51769fffff
10920,88178b15cbfffff
10921,8816a59309fffff
10922,88178b2d27fffff
10923,88178b28ddfffff
10924,8816164c5bfffff
10925,88178b3245fffff
10926,8816164893fffff
10927,8816a0bae1fffff
10928,8816a54301fffff
10929,88178b86d5fffff
10930,88178bb19dfffff
10931,8816a5849dfffff
10932,88178b2cb1fffff
10933,88178b0063fffff
10934,8816a512cbfffff
10935,8816a014abfffff
10936,88178b3637fffff
10937,8816a586d9fffff
10938,8816a55a5bfffff
10939,881616c955fffff
10940,8816a5b241fffff
10941,8816a518bbfffff
10942,8816a0b455fffff
10943,88178bb88dfffff
10944,8816a51601fffff
10945,8816a55aadfffff
10946,8816a5b5b5fffff
10947,8816a0a2e3fffff
10948,88178b3b39fffff
10949,88178b3a13fffff
10950,8816a5ba03fffff
10951,8816a54dc5fffff
10952,88178bba09fffff
10953,8816a094edfffff
10954,8816a5d2c5fffff
10955,8816164221fffff
10956,8816a50347fffff
10957,8816a08c09fffff
10958,8816a5456dfffff
10959,8816a59025fffff
10960,8816a5c259fffff
10961,88178b28a7fffff
10962,8816a500b9fffff
10963,88178b00adfffff
10964,88178b848bfffff
10965,8816a426d9fffff
10966,8816a0a02dfffff
10967,8816a0baebfffff
10968,8816a5575dfffff
10969,88178b8769fffff
10970,8816a50629fffff
10971,8816a594a3fffff
10972,8816a0b353fffff
10973,88178b0d65fffff
10974,881616c925fffff
10975,8816a5c059fffff
10976,8816a55141fffff
10977,88178b2493fffff
10978,8816a0aae1fffff
10979,8816a512e5fffff
10980,8817896a0dfffff
10981,88161645bbfffff
10982,881616435dfffff
10983,8816a54cd7fffff
10984,8816a54c17fffff
10985,88178b0db3fffff
10986,8816165285fffff
10987,8816a5c93bfffff
10988,8816a51899fffff
10989,881616c92dfffff
10990,8816a59011fffff
10991,8816a5ba9bfffff
10992,8816a5a72bfffff
10993,88178b653bfffff
10994,8816a56b69fffff
10995,88178b3a69fffff
10996,8816a09683fffff
10997,88178baf6bfffff
10998,88178baa8dfffff
10999,88178b6443fffff
11000,88178b76c9fffff
11001,8816a50309fffff
11002,8816a5490bfffff
11003,88178baa69fffff
11004,88178b04ddfffff
11005,88178b2cc3fffff
11006,8816a5163dfffff
11007,8816a515d1fffff
11008,8816a5bb67fffff
11009,88178b253bfffff
11010,88178b31dbfffff
11011,88178b6d05fffff
11012,88178b0027fffff
11013,88178b28b1fffff
11014,88178b6863fffff
11015,88178b6995fffff
11016,8816a584cdfffff
11017,88178b0843fffff
11018,8816a55165fffff
11019,8816165a35fffff
11020,8816a5cdd3fffff
11021,881616d9a5fffff
11022,88178b8d39fffff
11023,88178b0227fffff
11024,8816a5d44dfffff
11025,88178bb8c3fffff
11026,8816a5046dfffff
11027,88161652d5fffff
11028,8816a0baa7fffff
11029,88178b1455fffff
11030,8816a08609fffff
11031,88178b3255fffff
11032,88178b603dfffff
11033,88178b0a4dfffff
11034,8816a58e61fffff
11035,8816a5ab0bfffff
11036,8816a5ba1bfffff
11037,88178b8e35fffff
11038,88178b01b1fffff
11039,8816a58d81fffff
11040,8816a0a86dfffff
11041,8816a082d7fffff
11042,88178b324bfffff
11043,8816a5a937fffff
11044,88178b0859fffff
11045,8816a5051bfffff
11046,88178b20c1fffff
11047,88178b6a15fffff
11048,88178b04edfffff
11049,8816a5188dfffff
11050,8816a5583bfffff
11051,8816a0a2bbfffff
11052,8816a00611fffff
11053,8816a5d2b3fffff
11054,88178b2d41fffff
11055,88178b8c43fffff
11056,88178b8ed3fffff
11057,881616516bfffff
11058,88161649e5fffff
11059,8816a5c4b5fffff
11060,8816a5c405fffff
11061,88178b85c9fffff
11062,8816a0b549fffff
11063,8816a582ddfffff
11064,8816a50e23fffff
11065,8816a51935fffff
11066,88178b6d07fffff
11067,88178b64a7fffff
11068,8816a50121fffff
11069,88178bac15fffff
11070,8816a0841bfffff
11071,8816a01465fffff
11072,88178b2193fffff
11073,8816a5c8d1fffff
11074,8816a5b965fffff
11075,88178ba2d7fffff
11076,8816a54e6dfffff
11077,88178b65b7fffff
11078,8816a5816dfffff
11079,8816a54d09fffff
11080,8816a5d055fffff
11081,88178b0221fffff
11082,88178b2f03fffff
11083,88178b8729fffff
11084,8816164e21fffff
11085,8816a55903fffff
11086,8816a5d359fffff
11087,88178b0e4dfffff
11088,88161658b9fffff
11089,8816a59901fffff
11090,8816a51705fffff
11091,88178b7749fffff
11092,8816a57953fffff
11093,8816a558cbfffff
11094,88178b8f2dfffff
11095,88178b6f55fffff
11096,88178b3353fffff
11097,8816a5535dfffff
11098,88178979d9fffff
11099,88178b271bfffff
11100,88178b65b1fffff
11101,8816a095a5fffff
11102,8816a58889fffff
11103,88178b382bfffff
11104,8816a5b19bfffff
11105,8816a5c52dfffff
11106,88178b80cdfffff
11107,8816a54965fffff
11108,8816165897fffff
11109,8816164ec1fffff
11110,88178b6f61fffff
11111,88178b75d7fffff
11112,88178b7027fffff
11113,8816a584d1fffff
11114,8816a5cc23fffff
11115,88178ba40dfffff
11116,8816164811fffff
11117,8816a50b19fffff
11118,88178bb13dfffff
11119,88178b1767fffff
11120,8816a54e5dfffff
11121,88178b873dfffff
11122,88178ba035fffff
11123,88178b70e7fffff
11124,88178b259dfffff
11125,88178b108dfffff
11126,8816165aabfffff
11127,88178b8497fffff
11128,8816a5484bfffff
11129,88178b31abfffff
11130,8816a51a69fffff
11131,8816a57325fffff
11132,8816a54363fffff
11133,8816a5cc67fffff
11134,88178ba53dfffff
11135,88178b62e9fffff
11136,88178b371dfffff
11137,88178ba9e5fffff
11138,88178b9513fffff
11139,8816a51511fffff
11140,8816a58d9bfffff
11141,8816a5caedfffff
11142,8816a58e07fffff
11143,8816a59425fffff
11144,8816a0829bfffff
11145,8816a5c457fffff
11146,8816a58537fffff
11147,8816a5514dfffff
11148,8816a426cbfffff
11149,8816a5721bfffff
11150,88161652ebfffff
11151,88178bb407fffff
11152,88178b9521fffff
11153,88178b8e65fffff
11154,8816165283fffff
11155,8816a0b835fffff
11156,8816a59641fffff
11157,88178b6747fffff
11158,88178bb5e1fffff
11159,8816a5d235fffff
11160,8816a50057fffff
11161,8816a5d007fffff
11162,8816a56943fffff
11163,8816a5946bfffff
11164,88178b3191fffff
11165,8816a08423fffff
11166,88161649b1fffff
11167,8816a551adfffff
11168,8816a54b2bfffff
11169,8817894ce1fffff
11170,8816a5b053fffff
11171,8816164d97fffff
11172,8816a50715fffff
11173,8816164ca7fffff
11174,8816a5cdb7fffff
11175,8816a54669fffff
11176,88178b38a9fffff
11177,88178b0885fffff
11178,88178b121bfffff
11179,8816a5d187fffff
11180,88178b210bfffff
11181,88178b0989fffff
11182,8816a0b087fffff
11183,8816a5b213fffff
11184,88178b108bfffff
11185,8816a595d5fffff
11186,88178b2c03fffff
11187,88178b04d7fffff
11188,8817894c1dfffff
11189,88178ba2edfffff
11190,8816a59b35fffff
11191,8816a54d4dfffff
11192,88178b0713fffff
11193,8816a0870dfffff
11194,88178b0095fffff
11195,8816a5b1e7fffff
11196,88178b2237fffff
11197,88178b2635fffff
11198,88178b2f65fffff
11199,8816a555ebfffff
11200,8816a548bbfffff
11201,8816a5aae3fffff
11202,881616529dfffff
11203,88178b2e47fffff
11204,8816165b15fffff
11205,88178b319dfffff
11206,8816a50ea9fffff
11207,88178b820bfffff
11208,88178b2e29fffff
11209,8816a508c9fffff
11210,8816a5c74dfffff
11211,8816a5c91dfffff
11212,88178b38e7fffff
11213,8816a548bdfffff
11214,8816165829fffff
11215,88178b0351fffff
11216,88178bb755fffff
11217,88178b6329fffff
11218,88178b0d4dfffff
11219,88178b1755fffff
11220,88178b25e5fffff
11221,88178b68bdfffff
11222,88178b3581fffff
11223,88178949c5fffff
11224,8816a556e9fffff
11225,8816a09697fffff
11226,8817894ee3fffff
11227,8816a5a193fffff
11228,8816a54863fffff
11229,88178b6425fffff
11230,8816a58717fffff
11231,88178b2f69fffff
11232,88178b6f6bfffff
11233,8816a5b205fffff
11234,8816164033fffff
11235,88178b3a83fffff
11236,88178b2f0dfffff
11237,8816a01709fffff
11238,88178bb0adfffff
11239,8816a5b463fffff
11240,8816a58585fffff
11241,8816a5196dfffff
11242,8816165917fffff
11243,8816a0141dfffff
11244,8816164dddfffff
11245,8816a55439fffff
11246,8816a5d74dfffff
11247,88178b6511fffff
11248,88178b2633fffff
11249,88178b65e9fffff
11250,8816a55229fffff
11251,8816a0b039fffff
11252,88178b36a3fffff
11253,8816a5c047fffff
11254,8816a556a1fffff
11255,8816a5d185fffff
11256,8816a50181fffff
11257,8816a59427fffff
11258,8816a5781bfffff
11259,8816164da3fffff
11260,8816a5ce49fffff
11261,88178b0115fffff
11262,88178b8f15fffff
11263,8816a50f47fffff
11264,8816165921fffff
11265,8816a5863bfffff
11266,88178b2c0bfffff
11267,8816a09699fffff
11268,8816a5c221fffff
11269,8816a55651fffff
11270,88178b2521fffff
11271,8816a5d269fffff
11272,88178b024dfffff
11273,88178b2eebfffff
11274,88178b11c3fffff
11275,88178b6c23fffff
11276,8816a0b45bfffff
11277,8816a50b61fffff
11278,88178b7a19fffff
11279,88178bad49fffff
11280,8816a555e9fffff
11281,88178b6535fffff
11282,8816164ed1fffff
11283,8816a0a921fffff
11284,88178b8d23fffff
11285,88178ba237fffff
11286,88178b621bfffff
11287,8816a51553fffff
11288,88178b2dc5fffff
11289,88178b60d3fffff
11290,8816a51233fffff
11291,8816a08421fffff
11292,88178ba68bfffff
11293,88178b25a5fffff
11294,88178b09c7fffff
11295,88178b7a85fffff
11296,8816a0ab57fffff
11297,8816a55a9bfffff
11298,88178b6debfffff
11299,88178b2707fffff
11300,8816a554e7fffff
11301,88178bb20dfffff
11302,8816a58e33fffff
11303,8816a0b491fffff
11304,8816a54d29fffff
11305,8816a589e7fffff
11306,88178949e7fffff
11307,88178b29cdfffff
11308,8816a5cc39fffff
11309,8816a0a267fffff
11310,8816a58615fffff
11311,8816a0b6b7fffff
11312,88178b6663fffff
11313,8816a0ab15fffff
11314,8816a5d8ebfffff
11315,8816a57117fffff
11316,8816a5852bfffff
11317,8816a0b153fffff
11318,88178bad3bfffff
11319,88161651d5fffff
11320,88161642a5fffff
11321,8816a54655fffff
11322,88178b2285fffff
11323,8816a519bbfffff
11324,8816a5b485fffff
11325,88178b21c1fffff
11326,8816a51121fffff
11327,88178b710dfffff
11328,8816a59531fffff
11329,8816a54667fffff
11330,8816a58aa5fffff
11331,88178b6f21fffff
11332,88178b668bfffff
11333,8816164cc1fffff
11334,8816a54ec3fffff
11335,8816a5d231fffff
11336,8816164921fffff
11337,8816a55429fffff
11338,88178b230dfffff
11339,8816a5baa1fffff
11340,8816a0a285fffff
11341,88178ba689fffff
11342,88178b6895fffff
11343,8816a5d00bfffff
11344,88178b9525fffff
11345,8816a0ab33fffff
11346,88178b0d2bfffff
11347,88178b0167fffff
11348,88178bb62dfffff
11349,8816165301fffff
11350,881616d865fffff
11351,8816a50743fffff
11352,8816a5c919fffff
11353,8816a5c755fffff
11354,8816a5016dfffff
11355,8816a5d64dfffff
11356,8816a0bb31fffff
11357,88178b2f13fffff
11358,8816a08491fffff
11359,881616d93dfffff
11360,8816a085c7fffff
11361,88178b0addfffff
11362,8816a589c5fffff
11363,88178b9539fffff
11364,88178bb859fffff
11365,88178bb189fffff
11366,88178b2131fffff
11367,8816a57251fffff
11368,8816a08433fffff
11369,88178b1083fffff
11370,8816164c47fffff
11371,8816a599edfffff
11372,8816a5c311fffff
11373,8816a51923fffff
11374,8816a51737fffff
11375,88178b6c5dfffff
11376,8816a5d299fffff
11377,88178bb4e3fffff
11378,88178b6457fffff
11379,88178b64e9fffff
11380,88178b1437fffff
11381,8816a0b6ddfffff
11382,88178b772bfffff
11383,8816a0b131fffff
11384,88178b0661fffff
11385,88178bb505fffff
11386,8816a5782bfffff
11387,8816a086cbfffff
11388,88178ba95bfffff
11389,8816a08721fffff
11390,8816a0b94bfffff
11391,8816a598e1fffff
11392,88178b8563fffff
11393,8816a5b225fffff
11394,8816a5b2cdfffff
11395,8816a55617fffff
11396,8816a5498bfffff
11397,88178bac6bfffff
11398,8816a0073dfffff
11399,88178b04a5fffff
11400,88178bb165fffff
11401,8817897b1dfffff
11402,8816a0156dfffff
11403,88178b2f45fffff
11404,8816a550a5fffff
11405,8816a5843dfffff
11406,88178b6161fffff
11407,8816a5925bfffff
11408,8816a548dbfffff
11409,8816a51497fffff
11410,88178b662bfffff
11411,8816a54235fffff
11412,8816a5159dfffff
11413,8816a51231fffff
11414,8816a5d5d1fffff
11415,88178b6eddfffff
11416,88178b2e13fffff
11417,88178b0599fffff
11418,88178b71c5fffff
11419,88178bab33fffff
11420,88178bb615fffff
11421,8816a56965fffff
11422,8816a0a245fffff
11423,8816a5141bfffff
11424,8816a5d443fffff
11425,8816a51a85fffff
11426,88178b00e9fffff
11427,88178bb0dbfffff
11428,88178b90dbfffff
11429,8816a5b567fffff
11430,8816a0a667fffff
11431,8817897921fffff
11432,8816a59713fffff
11433,8816165127fffff
11434,8816a50d5bfffff
11435,88178b3a31fffff
11436,88178bb8bdfffff
11437,88178ba0d1fffff
11438,88178bbb23fffff
11439,8816a59a51fffff
11440,88178b09b3fffff
11441,88178bade7fffff
11442,88178b66c3fffff
11443,88178b8e9dfffff
11444,8816a0b9b3fffff
11445,8816a58921fffff
11446,8816a096ddfffff
11447,8816a54883fffff
11448,8816a51127fffff
11449,88178bb95dfffff
11450,8816a57b1bfffff
11451,8816a5d595fffff
11452,88178b2327fffff
11453,8816a00453fffff
11454,8816a59837fffff
11455,8816a579abfffff
11456,8816a5101bfffff
11457,88178b72c3fffff
11458,88178b74e3fffff
11459,8816a54e9dfffff
11460,88178b88b1fffff
11461,88178b60d9fffff
11462,8816a58621fffff
11463,88178b0019fffff
11464,8816a08e87fffff
11465,8816a5b16bfffff
11466,8816a55ac9fffff
11467,8816a50c3bfffff
11468,88178b2019fffff
11469,8816a5c1c7fffff
11470,8816a5154dfffff
11471,8816a5d257fffff
11472,8816a58ca3fffff
11473,8816a5801dfffff
11474,88178b3423fffff
11475,8816a54f3dfffff
11476,8816a5d5bdfffff
11477,8816a544d3fffff
11478,8816a59911fffff
11479,88178b69ddfffff
11480,8816a5cd91fffff
11481,8816a54839fffff
11482,88178b00e7fffff
11483,88178b7761fffff
11484,8816a015e7fffff
11485,88178b6221fffff
11486,8816a5b231fffff
11487,8816a59b3dfffff
11488,88178b708dfffff
11489,8816164b19fffff
11490,88178b62b1fffff
11491,8816a554bbfffff
11492,8816a5b26dfffff
11493,8816164831fffff
11494,8816a00ed5fffff
11495,88178b6a59fffff
11496,8816164355fffff
11497,8816a0b20dfffff
11498,88178b701dfffff
11499,8816a00599fffff
11500,88178b715dfffff
11501,8816a0a843fffff
11502,8816a0b8e1fffff
11503,88178b3689fffff
11504,8816a51433fffff
11505,8816a0b1cdfffff
11506,88178b8183fffff
11507,8817896963fffff
11508,8816a518e9fffff
11509,88178bb68dfffff
11510,8816a00553fffff
11511,88178b072bfffff
11512,8816166b6dfffff
11513,8816a51431fffff
11514,8816164c6dfffff
11515,88178b34e1fffff
11516,8816a584e7fffff
11517,8816a54949fffff
11518,8816a59b53fffff
11519,88178b69c1fffff
11520,8816a01515fffff
11521,88178b6d63fffff
11522,8816a51463fffff
11523,88178b2705fffff
11524,8816a0b161fffff
11525,88178b6e2bfffff
11526,88178b6695fffff
11527,8816a0b831fffff
11528,8816a58885fffff
11529,88178b666bfffff
11530,8816a5a269fffff
11531,88178b3401fffff
11532,8816164049fffff
11533,8816a5b22dfffff
11534,8816a0b019fffff
11535,88178bb8b3fffff
11536,8816a51857fffff
11537,8816a58f41fffff
11538,88178ba0cbfffff
11539,88178b71d1fffff
11540,8816a58ab5fffff
11541,8816a50985fffff
11542,8816a549a9fffff
11543,8816a0b113fffff
11544,88178b90b9fffff
11545,88161641c1fffff
11546,8816a0a32dfffff
11547,8816a0aaabfffff
11548,8816a546e9fffff
11549,8816a552a9fffff
11550,88178b8dedfffff
11551,8816a5b40bfffff
11552,88178948e1fffff
11553,8816a08e69fffff
11554,8816a5c425fffff
11555,88178b21a1fffff
11556,88178b90c7fffff
11557,88178b055bfffff
11558,88178b3163fffff
11559,8816a51943fffff
11560,8816a59ab5fffff
11561,88178b3753fffff
11562,88178bb5c5fffff
11563,8816a58765fffff
11564,8816a5a229fffff
11565,88178b21ddfffff
11566,8816a0a117fffff
11567,8816a5895dfffff
11568,88178b2c17fffff
11569,88178bb923fffff
11570,8816a0ab53fffff
11571,8816a55b35fffff
11572,8816a5b4c3fffff
11573,88178b9499fffff
11574,88178b31d3fffff
11575,8816a571bdfffff
11576,8816165acbfffff
11577,8816a0b245fffff
11578,8816a51329fffff
11579,8816a5b8dbfffff
11580,8816a5c0a7fffff
11581,8816a55695fffff
11582,8816a5a067fffff
11583,8816a51109fffff
11584,8816165a31fffff
11585,8816a5c98dfffff
11586,8816a004d9fffff
11587,8816a586c5fffff
11588,8816a5cc11fffff
11589,8816a59357fffff
11590,88178b20d7fffff
11591,88178bae2dfffff
11592,881616d86dfffff
11593,8816a58ac5fffff
11594,88178bb28bfffff
11595,88178b8091fffff
11596,8816a5d6a1fffff
11597,88178b2a33fffff
11598,8816a5483dfffff
11599,88178ba88dfffff
11600,8816a57a05fffff
11601,88178b6139fffff
11602,8816a094b1fffff
11603,8816a5c73bfffff
11604,88178b022dfffff
11605,8816a59635fffff
11606,88178b3697fffff
11607,88178b659dfffff
11608,88178b62bbfffff
11609,88178b3293fffff
11610,88178b6e67fffff
11611,8816a01429fffff
11612,88178bb181fffff
11613,8816a5984bfffff
11614,88178bae09fffff
11615,8816a5c497fffff
11616,8816a016ddfffff
11617,8816a095b1fffff
11618,88178b023bfffff
11619,88178b222dfffff
11620,8816a598c9fffff
11621,88161641ddfffff
11622,88178b26e3fffff
11623,8816a5d417fffff
11624,8816a5b819fffff
11625,88178b318bfffff
11626,8816165097fffff
11627,8816a5cde9fffff
11628,8816a5b43bfffff
11629,88178b0a4bfffff
11630,88178bb661fffff
11631,8816a085cbfffff
11632,88178b0d1bfffff
11633,88178b8081fffff
11634,8816a5554dfffff
11635,88178b3607fffff
11636,88178ba315fffff
11637,8817894db3fffff
11638,88178b2865fffff
11639,881616589dfffff
11640,8816a50e6bfffff
11641,8816a591d1fffff
11642,8816a51869fffff
11643,88178bb9a1fffff
11644,8816a5cb2bfffff
11645,88178b0493fffff
11646,88178b00b1fffff
11647,88178b8467fffff
11648,8816a0b043fffff
11649,88178b78cdfffff
11650,8816a5c917fffff
11651,8816165ab3fffff
11652,8816a59193fffff
11653,8816a5cf09fffff
11654,8816a50a57fffff
11655,8816a59695fffff
11656,8816a555b5fffff
11657,88178bb953fffff
11658,88178bb443fffff
11659,88178b251bfffff
11660,8816a58ecdfffff
11661,8816a5b181fffff
11662,88178b0659fffff
11663,88178b2269fffff
11664,8816a50b1dfffff
11665,8816a4258dfffff
11666,8816a51753fffff
11667,88178b36b9fffff
11668,8816a5c8abfffff
11669,8816a5ca0bfffff
11670,8816a598edfffff
11671,8816a5b749fffff
11672,88178b8f2bfffff
11673,88178ba29bfffff
11674,88178b64e3fffff
11675,8816a5cf2dfffff
11676,8816a55985fffff
11677,88161659e9fffff
11678,8816a004d3fffff
11679,8816a58321fffff
11680,8816a08513fffff
11681,8816a59617fffff
11682,88178bb837fffff
11683,88178b8291fffff
11684,8816a50757fffff
11685,8816164523fffff
11686,88178b61bbfffff
11687,8816a54f65fffff
11688,8816165857fffff
11689,8816a08c81fffff
11690,8816a5462dfffff
11691,8816a58ab1fffff
11692,8816a0ab07fffff
11693,8816a5b731fffff
11694,8816a558adfffff
11695,8816a541e3fffff
11696,88178948d9fffff
11697,8816164d27fffff
11698,8817897911fffff
11699,88178b714bfffff
11700,88178b851dfffff
11701,8816a00e5bfffff
11702,8816a591c1fffff
11703,88178b2d25fffff
11704,8816a582a9fffff
11705,8816a0943dfffff
11706,8816a58205fffff
11707,88178b0103fffff
11708,8816a5c8ebfffff
11709,8816a588e3fffff
11710,8816a5106dfffff
11711,8816a5ccedfffff
11712,8816a58049fffff
11713,8816a512bbfffff
11714,88178b2001fffff
11715,88178b295dfffff
11716,8816165a95fffff
11717,8816a5ceabfffff
11718,8816a549c7fffff
11719,8816a5b299fffff
11720,8816a08db3fffff
11721,8816164181fffff
11722,8816a5c9b5fffff
11723,8816a558edfffff
11724,8816a54a4dfffff
11725,88178ba63bfffff
11726,88178ba525fffff
11727,8816a511b1fffff
11728,88178b0ebbfffff
11729,8816a5c521fffff
11730,88178b2331fffff
11731,8816a5518dfffff
11732,88178b2827fffff
11733,8816a57b69fffff
11734,88178bb43bfffff
11735,88178b2dedfffff
11736,88178b8657fffff
11737,8816a592ddfffff
11738,8816a500b7fffff
11739,88178bb33bfffff
11740,881616450dfffff
11741,88178ba841fffff
11742,8816a004a3fffff
11743,8816a552d9fffff
11744,88178ba4c3fffff
11745,88178b6061fffff
11746,88178ba993fffff
11747,8817894c3bfffff
11748,88178b889bfffff
11749,8817896a11fffff
11750,8816164a45fffff
11751,8816a5d445fffff
11752,8816a0859bfffff
11753,8816a5b025fffff
11754,8816164d45fffff
11755,8816a590cbfffff
11756,881616cb41fffff
11757,8816a0b347fffff
11758,8816a558a7fffff
11759,88178b8d45fffff
11760,8816a559e1fffff
11761,8816a58d25fffff
11762,88178b6015fffff
11763,8816a5cae5fffff
11764,8816a541bbfffff
11765,8816a5b717fffff
11766,88178ba4c9fffff
11767,8816a5d483fffff
11768,88178b0549fffff
11769,88178b6de1fffff
11770,88178b0a0bfffff
11771,8816a5cb3dfffff
11772,8816a588b1fffff
11773,88178b3969fffff
11774,8816a0028bfffff
11775,8816165b37fffff
11776,88178b1763fffff
11777,8816a54f45fffff
11778,8816a54295fffff
11779,8816a541d3fffff
11780,8816a54e23fffff
11781,8816a095d1fffff
11782,8816165a2bfffff
11783,8816a57897fffff
11784,88178b7411fffff
11785,88178bb021fffff
11786,8816164d81fffff
11787,8816a558b1fffff
11788,88178b7535fffff
11789,8816a54dc9fffff
11790,88178bae8dfffff
11791,88178b7309fffff
11792,8816165999fffff
11793,8816a50111fffff
11794,881616408dfffff
11795,88178ba64bfffff
11796,88178b6239fffff
11797,88178b7665fffff
11798,8816a0b837fffff
11799,8816a5530dfffff
11800,88178b64a1fffff
11801,88178b16b1fffff
11802,88178b62e5fffff
11803,88178b3805fffff
11804,8816a5586dfffff
11805,8816a50355fffff
11806,88178b34adfffff
11807,8816a0a187fffff
11808,8816a5d6e3fffff
11809,8816a5c853fffff
11810,881789491bfffff
11811,8817894c85fffff
11812,88178ba8cbfffff
11813,8816a09589fffff
11814,8816a08c0dfffff
11815,88178b8c1dfffff
11816,8816a509d1fffff
11817,8816a50527fffff
11818,8816a57b67fffff
11819,8816a5c493fffff
11820,8816a58001fffff
11821,88178ba639fffff
11822,88178b8cd9fffff
11823,8816a5496bfffff
11824,8816a51abdfffff
11825,8816a0a15dfffff
11826,8816a559cbfffff
11827,881616cb21fffff
11828,8816a51b37fffff
11829,8816a5d9bdfffff
11830,88178949e1fffff
11831,8816a08409fffff
11832,8816a5732bfffff
11833,88178b06cdfffff
11834,8816a0b725fffff
11835,8817896b45fffff
11836,8816a5a863fffff
11837,8816a08539fffff
11838,881616599bfffff
11839,88178bb9e5fffff
11840,8816a58d69fffff
11841,88178b972bfffff
11842,88178bab25fffff
11843,8816a58f3bfffff
11844,8816a59297fffff
11845,88178b3813fffff
11846,88178b766bfffff
11847,881616480dfffff
11848,8816a59a17fffff
11849,8816a5148dfffff
11850,88178ba565fffff
11851,8816a094d7fffff
11852,88178b90abfffff
11853,8817897825fffff
11854,88178baedbfffff
11855,88178b8213fffff
11856,88178b0803fffff
11857,8816a01695fffff
11858,8816164531fffff
11859,8816164ca1fffff
11860,88178b0681fffff
11861,881616522dfffff
11862,88178b6a39fffff
11863,8816a54767fffff
11864,8816a58a05fffff
11865,8816165a57fffff
11866,8816a08465fffff
11867,88178b7639fffff
11868,8817896127fffff
11869,88161679c3fffff
11870,8816164191fffff
11871,88178b1545fffff
11872,8816a5d757fffff
11873,88178baa0bfffff
11874,8816a0b9b1fffff
11875,8816a58e23fffff
11876,8816a5a923fffff
11877,8816a57a27fffff
11878,88178bb697fffff
11879,88178b0697fffff
11880,8816a5436dfffff
11881,8816a57195fffff
11882,88178b2da9fffff
11883,8816164595fffff
11884,8816a0940bfffff
11885,8816a58a07fffff
11886,8816a54257fffff
11887,8816a08dbbfffff
11888,88178ba1c5fffff
11889,881616794dfffff
11890,8816164129fffff
11891,88178b2851fffff
11892,8816a58f45fffff
11893,8816a0b6d7fffff
11894,8816a580ebfffff
11895,8816a58a55fffff
11896,88161649e7fffff
11897,88178b365dfffff
11898,8816a5cd99fffff
11899,88178b04bdfffff
11900,8816a5b405fffff
11901,8816a5a183fffff
11902,881789783bfffff
11903,88178b0199fffff
11904,88178b7ac1fffff
11905,8816165ad1fffff
11906,8816a59057fffff
11907,88178b3503fffff
11908,88178b8683fffff
11909,8817894895fffff
11910,8816a555ddfffff
11911,8816a579adfffff
11912,8816a5a2cdfffff
11913,8816a0b1c7fffff
11914,88178ba117fffff
11915,88178b34c1fffff
11916,8816164a91fffff
11917,8816a59801fffff
11918,88178bacd3fffff
11919,8816a509c7fffff
11920,8816a5b5e7fffff
11921,88178b35e9fffff
11922,8816a58c59fffff
11923,88178b2d3dfffff
11924,88178b661bfffff
11925,8817894805fffff
11926,8816164a2dfffff
11927,88178b633bfffff
11928,88178b78c5fffff
11929,88178b80b3fffff
11930,8816a5cca7fffff
11931,8816a0b9d3fffff
11932,8816a080b3fffff
11933,88178b058dfffff
11934,8816a548d5fffff
11935,8816a55485fffff
11936,8816a086a1fffff
11937,8816a545a7fffff
11938,8816a5b983fffff
11939,8816165b5bfffff
11940,8816a0b537fffff
11941,8816a0b015fffff
11942,8816a5aaabfffff
11943,8816a502a3fffff
11944,8816a541cbfffff
11945,88178b254dfffff
11946,88178bae25fffff
11947,8816a55123fffff
11948,8816a55549fffff
11949,88178bb9b5fffff
11950,88161640b3fffff
11951,8816a5a247fffff
11952,88178b15ebfffff
11953,8816a59541fffff
11954,8816a545b9fffff
11955,8816a5632dfffff
11956,8816a579c9fffff
11957,8816a50d29fffff
11958,8816a5936bfffff
11959,8816a556b1fffff
11960,8816165b17fffff
11961,8816a51a15fffff
11962,88178ba1e9fffff
11963,8816a58d4bfffff
11964,8816a5d205fffff
11965,8816a08603fffff
11966,8816a5b16dfffff
11967,8816a0b633fffff
11968,88178b9569fffff
11969,88178b80a7fffff
11970,8816a5ca29fffff
11971,88178b3b47fffff
11972,8816a5ae4bfffff
11973,8816a59233fffff
11974,8816a57923fffff
11975,8816a5c5ddfffff
11976,8816164f0bfffff
11977,8816a5d591fffff
11978,8816a5d36bfffff
11979,8816165469fffff
11980,8816165419fffff
11981,8816a0a00dfffff
11982,88178b0151fffff
11983,8816a0a1d3fffff
11984,88178bb8c9fffff
11985,8816a51113fffff
11986,8816164951fffff
11987,8816a5bb1dfffff
11988,88178b956dfffff
11989,8816a5c2c7fffff
11990,8816a5d345fffff
11991,8816a0155dfffff
11992,8816a5b059fffff
11993,88178b631bfffff
11994,8816a50a23fffff
11995,8816a57841fffff
11996,8816a0a861fffff
11997,8816a55b09fffff
11998,8816a5cea7fffff
11999,88178b7101fffff
12000,8816a58b29fffff
12001,8816a54c83fffff
12002,88178b671dfffff
12003,8816164f2dfffff
12004,8817896b05fffff
12005,88178b6acbfffff
12006,88178b0913fffff
12007,88178b8519fffff
12008,8816a54d6dfffff
12009,8816a005bdfffff
12010,8816a50895fffff
12011,8816a51995fffff
12012,8816a58283fffff
12013,88178b06e3fffff
12014,8816a57a4bfffff
12015,88178b8dadfffff
12016,88178b6a1dfffff
12017,88178bae65fffff
12018,8816a5b8c9fffff
12019,8816a54e21fffff
12020,88178b72ddfffff
12021,8816a5b21dfffff
12022,88178bb625fffff
12023,8816a5b2c3fffff
12024,8816a5188bfffff
12025,8816a58dcdfffff
12026,8816a59731fffff
12027,8816a5ce57fffff
12028,88178b30bdfffff
12029,88178b1221fffff
12030,8816a5901dfffff
12031,88178b0d55fffff
12032,88178b109dfffff
12033,8816a5d5a9fffff
12034,8816a5c811fffff
12035,8816165303fffff
12036,88178b081bfffff
12037,8817897829fffff
12038,8816a56a65fffff
12039,8816164765fffff
12040,88161642b1fffff
12041,88178bb8c1fffff
12042,88178b94a7fffff
12043,88178b6629fffff
12044,8816a5c5b1fffff
12045,8816a5b06dfffff
12046,8816a0b135fffff
12047,88178b25c7fffff
12048,8816164c91fffff
12049,8816a08705fffff
12050,88178bba03fffff
12051,88178b36a9fffff
12052,8816167969fffff
12053,8816a0b307fffff
12054,88178bba63fffff
12055,8816a086d1fffff
12056,88178b71e7fffff
12057,88178b700bfffff
12058,88178b20bdfffff
12059,8816a5a0e9fffff
12060,8816a0a193fffff
12061,8816a5d341fffff
12062,8816a0861dfffff
12063,88178b0e69fffff
12064,88178bb651fffff
12065,88178b6727fffff
12066,88178b359bfffff
12067,8816a5c43dfffff
12068,88178b2b3dfffff
12069,88178bba19fffff
12070,88178b70b3fffff
12071,8816a51053fffff
12072,88178b2a1bfffff
12073,88178b648dfffff
12074,8816a00695fffff
12075,88178948e9fffff
12076,88178b2999fffff
12077,88178b32b3fffff
12078,88178b38b9fffff
12079,88178b8f09fffff
12080,8816a0a36dfffff
12081,8816a54db5fffff
12082,8816165a47fffff
12083,8816164d6dfffff
12084,88178ba969fffff
12085,8816a0bb13fffff
12086,8816a58e35fffff
12087,8816a5735bfffff
12088,8816a5cb13fffff
12089,8816a0b1a7fffff
12090,88178b342dfffff
12091,8816a59087fffff
12092,88178b32c7fffff
12093,8816a00737fffff
12094,8816a50a01fffff
12095,881616d901fffff
12096,8816164cd5fffff
12097,8816a59503fffff
12098,88178b8e37fffff
12099,88178ba217fffff
12100,8816a5c4a1fffff
12101,8816a51b03fffff
12102,88178b8027fffff
12103,8816a50269fffff
12104,881789796bfffff
12105,88178b12a9fffff
12106,8816a58e27fffff
12107,88178b66c1fffff
12108,8816a598a7fffff
12109,8816a551e5fffff
12110,88178948b3fffff
12111,8816165869fffff
12112,8816a5a001fffff
12113,88178b2f63fffff
12114,8816a556edfffff
12115,88178baae7fffff
12116,88178b34ddfffff
12117,8816a5d207fffff
12118,8816165501fffff
12119,8816a57147fffff
12120,88178b8cc1fffff
12121,88178b35a5fffff
12122,8817894907fffff
12123,8816a5089dfffff
12124,8816a09483fffff
12125,8816a59a4dfffff
12126,88178b66dbfffff
12127,8816a5cce9fffff
12128,8816a5c43bfffff
12129,8816a50157fffff
12130,88178b8dc3fffff
12131,8816a511a5fffff
12132,8816a0af53fffff
12133,8817894917fffff
12134,88178b2cbbfffff
12135,8816a50925fffff
12136,88178b0e31fffff
12137,88178b02cbfffff
12138,88178bba93fffff
12139,8816a55113fffff
12140,8816a50d47fffff
12141,88178b391bfffff
12142,88178b8501fffff
12143,8816a0b845fffff
12144,8816a5980dfffff
12145,88178bba31fffff
12146,8816a51b1dfffff
12147,88178b26ebfffff
12148,8816a58cd9fffff
12149,8816a552c3fffff
12150,8816a599b3fffff
12151,88178b94b5fffff
12152,88178ba235fffff
12153,8816a51365fffff
12154,8816a511c5fffff
12155,88178b0d83fffff
12156,8816a5c507fffff
12157,8816a54db1fffff
12158,88178b26a1fffff
12159,88178b39a9fffff
12160,8816a5d2b5fffff
12161,88178b02cdfffff
12162,8816a55051fffff
12163,8816164b0dfffff
12164,8816a0a641fffff
12165,88178b1403fffff
12166,881616cb2bfffff
12167,8816a5d737fffff
12168,8816a5720dfffff
12169,88178b3061fffff
12170,88178b65cbfffff
12171,8816a58de5fffff
12172,8816a50e4dfffff
12173,8816a54303fffff
12174,88178b2f21fffff
12175,8816a58919fffff
12176,88178b82ebfffff
12177,8816a55537fffff
12178,88178b7529fffff
12179,8816a50713fffff
12180,8816a08557fffff
12181,8816164089fffff
12182,8816a5aa19fffff
12183,8816a5d717fffff
12184,88178b364dfffff
12185,8816a54dc1fffff
12186,88178ba983fffff
12187,88178ba0ddfffff
12188,88178b94b9fffff
12189,8816a5a0c3fffff
12190,8816a54eadfffff
12191,8816a50aabfffff
12192,8816a5ced7fffff
12193,8816164a43fffff
12194,8816a5440dfffff
12195,88161658a9fffff
12196,88161648bbfffff
12197,8817894881fffff
12198,8816a5c989fffff
12199,8816a5ab4dfffff
12200,88178b3547fffff
12201,8816a501b9fffff
12202,88178baec7fffff
12203,88178b24ebfffff
12204,88161650a7fffff
12205,8816a51319fffff
12206,8816a511e3fffff
12207,8816a512abfffff
12208,88178b0743fffff
12209,8816a571a7fffff
12210,8816a08663fffff
12211,8816a59b03fffff
12212,88178b395bfffff
12213,8816164069fffff
12214,8816a59753fffff
12215,8816a544b5fffff
12216,8816a50a6dfffff
12217,8816a5403dfffff
12218,8816a5b64dfffff
12219,8816a5554bfffff
12220,88178b8595fffff
12221,881789785dfffff
12222,8816a54dd5fffff
12223,8816a5c2a9fffff
12224,88178baa4dfffff
12225,8816a5d32dfffff
12226,88178b01abfffff
12227,8816a08701fffff
12228,8816a5a321fffff
12229,8816a5c9d5fffff
12230,8816a58339fffff
12231,8816a58c1dfffff
12232,8816a08d3bfffff
12233,8816a5c03bfffff
12234,88178ba809fffff
12235,8816a5a025fffff
12236,88178b20b5fffff
12237,8816a58a19fffff
12238,8816a0073bfffff
12239,8816a5cad5fffff
12240,8816a50735fffff
12241,88178b0239fffff
12242,88178b78e7fffff
12243,8816a08c33fffff
12244,8816a57205fffff
12245,88178ba313fffff
12246,88178bac97fffff
12247,8816a0b697fffff
12248,8816a095a1fffff
12249,8816a57909fffff
12250,8817897b53fffff
12251,8816a0bb2dfffff
12252,8816a0174bfffff
12253,88178b1551fffff
12254,8816a0b0bbfffff
12255,88161651b3fffff
12256,88178b1187fffff
12257,8816165b4bfffff
12258,88178b6a57fffff
12259,8816a5cd8bfffff
12260,8816a5c9b9fffff
12261,8816a0ab05fffff
12262,8816a55841fffff
12263,8816164865fffff
12264,88178b605bfffff
12265,8816a5d1d9fffff
12266,8816a54817fffff
12267,8816a5cb55fffff
12268,88178ba589fffff
12269,8816a50c4bfffff
12270,8816a0a839fffff
12271,8816a586c1fffff
12272,8816a50947fffff
12273,88178b1439fffff
12274,8816a5ca31fffff
12275,8816a5c01bfffff
12276,88178b3aadfffff
12277,8816a4a6dbfffff
12278,88178b6d4bfffff
12279,8816a5b8d1fffff
12280,88178b95a5fffff
12281,8816a0960bfffff
12282,8817897811fffff
12283,88178b2b6dfffff
12284,881616d917fffff
12285,8816a084cbfffff
12286,8816a5ca65fffff
12287,8816a5d8b1fffff
12288,8816a584c3fffff
12289,88178ba511fffff
12290,8816a54053fffff
12291,8816a5aa3dfffff
12292,8816a58251fffff
12293,88178b6d39fffff
12294,8816a5c1a3fffff
12295,8816a594e1fffff
12296,8816a558c9fffff
12297,88178b2b51fffff
12298,8816a5b661fffff
12299,8816a5babdfffff
12300,88178b31e9fffff
12301,8816a5849bfffff
12302,88178baa65fffff
12303,8816a5b565fffff
12304,8816a54d13fffff
12305,88178b90a3fffff
12306,88178bb4e7fffff
12307,8816a0b833fffff
12308,88178ba94bfffff
12309,8816a59b31fffff
12310,88178bac45fffff
12311,8816a552edfffff
12312,88178b0223fffff
12313,8816a0b2abfffff
12314,8816a589d1fffff
12315,8816a5c993fffff
12316,8816a5181bfffff
12317,8816a08431fffff
12318,8816a42581fffff
12319,88178b188dfffff
12320,88178b2629fffff
12321,88178ba601fffff
12322,88178b6869fffff
12323,8816a55761fffff
12324,8816a5b583fffff
12325,8816a578e9fffff
12326,88178b82edfffff
12327,881616400bfffff
12328,88178b120dfffff
12329,88178ba351fffff
12330,88178b70b1fffff
12331,8816a51a47fffff
12332,8816a5aa9bfffff
12333,88178b718bfffff
12334,88178b2a91fffff
12335,88178b3817fffff
12336,8816a54599fffff
12337,88178bac57fffff
12338,88178b303dfffff
12339,8816a08e6bfffff
12340,88178b398bfffff
12341,8816a5c60bfffff
12342,88178b242bfffff
12343,8816a5c701fffff
12344,8816a0b80dfffff
12345,88178b1a99fffff
12346,88178b64e7fffff
12347,88178b86bdfffff
12348,8816164325fffff
12349,8816a5cd81fffff
12350,88178b3abbfffff
12351,8816a511d5fffff
12352,88178b71a9fffff
12353,88178b06b7fffff
12354,8816a54995fffff
12355,8816a0ba07fffff
12356,8816a58c4bfffff
12357,88178b0741fffff
12358,8816a55a4dfffff
12359,88178b2cedfffff
12360,8816a0875bfffff
12361,88178b1757fffff
12362,8816a59585fffff
12363,8816a5c8d7fffff
12364,8816a54f6dfffff
12365,8816a0b5b5fffff
12366,8816a54a83fffff
12367,8816a59511fffff
12368,8816a59137fffff
12369,8816a51915fffff
12370,88178baeb1fffff
12371,88178b11d7fffff
12372,8816a550edfffff
12373,8816a5c1e9fffff
12374,8816a54005fffff
12375,88178b2dabfffff
12376,8816a0b21bfffff
12377,881616cb37fffff
12378,88178ba893fffff
12379,8816a542a3fffff
12380,8816164ea7fffff
12381,88178b869dfffff
12382,88178bb4bbfffff
12383,8816a5795dfffff
12384,88178bb029fffff
12385,8816a58549fffff
12386,8816a0a185fffff
12387,88178bb4c5fffff
12388,881616434dfffff
12389,8816a50211fffff
12390,88178ba283fffff
12391,88178b2b63fffff
12392,8816a59007fffff
12393,8816a5d66dfffff
12394,88178b70ddfffff
12395,88178b6249fffff
12396,88178b31d5fffff
12397,8816a5caa7fffff
12398,8816a5cac1fffff
12399,8816a59065fffff
12400,8816a5d115fffff
12401,8816164447fffff
12402,8816a09581fffff
12403,8816a552ebfffff
12404,8816a5d5dbfffff
12405,8817894ee7fffff
12406,8816a585e5fffff
12407,8816164e65fffff
12408,88178ba625fffff
12409,8816a5cdcdfffff
12410,88178b8ce5fffff
12411,88178ba197fffff
12412,88178bb047fffff
12413,8816a5b341fffff
12414,88178b38b1fffff
12415,8816a5d23bfffff
12416,88178b8d93fffff
12417,8816a586bdfffff
12418,88178b2481fffff
12419,8816a54e39fffff
12420,88178b6003fffff
12421,8816a59253fffff
12422,8816164269fffff
12423,8816a5cc21fffff
12424,8816a54a0bfffff
12425,8816a551bdfffff
12426,88178b143bfffff
12427,8816a0b955fffff
12428,88178b3a47fffff
12429,88178b298bfffff
12430,8816a56143fffff
12431,88178b2ae1fffff
12432,8816a0845bfffff
12433,8816a51759fffff
12434,8816a59b25fffff
12435,8816a5d213fffff
12436,8816a0065bfffff
12437,88178b6687fffff
12438,8816a5b6a9fffff
12439,8816a58113fffff
12440,88178b8403fffff
12441,8816a5d625fffff
12442,88178b7a8bfffff
12443,8816a00633fffff
12444,88178b15abfffff
12445,8816a54b43fffff
12446,88178b6e41fffff
12447,8816a5ba0bfffff
12448,88178b2a57fffff
12449,88178949b7fffff
12450,8816a5c6bbfffff
12451,8816164359fffff
12452,8816a5c96bfffff
12453,8816a5558bfffff
12454,8816164e67fffff
12455,8816a58e95fffff
12456,8816a0b565fffff
12457,8816a5b50bfffff
12458,8816165a2dfffff
12459,8816a50689fffff
12460,8816a585a7fffff
12461,8816a59235fffff
12462,8816a5c55dfffff
12463,8816a57a33fffff
12464,8816a5491bfffff
12465,88178ba335fffff
12466,88178b2ca9fffff
12467,88178b2f53fffff
12468,8816a08e9dfffff
12469,88178b62b7fffff
12470,88178b11bbfffff
12471,8816a0b345fffff
12472,8816a08de3fffff
12473,88178b8053fffff
12474,88178b0c27fffff
12475,88178bb8a1fffff
12476,8816164aa1fffff
12477,8816a509c3fffff
12478,8816164137fffff
12479,8816164d87fffff
12480,88178b7429fffff
12481,88178b32b7fffff
12482,8816a5c929fffff
12483,8816a51299fffff
12484,88178b3707fffff
12485,88178b1297fffff
12486,8816a0aa25fffff
12487,8816a08e55fffff
12488,88178ba6cdfffff
12489,881616431dfffff
12490,8816a588b9fffff
12491,8816a589e3fffff
12492,8816167b2bfffff
12493,8816a0b41dfffff
12494,88178b0eedfffff
12495,88178b0aebfffff
12496,88178b1563fffff
12497,8816a5ab31fffff
12498,88178b3b37fffff
12499,8816a5a049fffff
12500,881616470dfffff
12501,8816a580bbfffff
12502,8816a544dbfffff
12503,88178b0e93fffff
12504,881616416bfffff
12505,88178b8537fffff
12506,88178b8735fffff
12507,8816a59547fffff
12508,88178b775dfffff
12509,88178b38c7fffff
12510,8816a5cedbfffff
12511,88178b3b05fffff
12512,88178ba955fffff
12513,8816a58523fffff
12514,8816a08643fffff
12515,8816a5da97fffff
12516,8816a0b867fffff
12517,88178b258bfffff
12518,88178b1881fffff
12519,88178b08d7fffff
12520,88178b8c99fffff
12521,8816a094ebfffff
12522,8816a5c867fffff
12523,8816a5ab61fffff
12524,8816a0aa8dfffff
12525,8816a5ba29fffff
12526,88178979a5fffff
12527,8816a55ac1fffff
12528,8816a5d857fffff
12529,8816a0b647fffff
12530,8816a0af5dfffff
12531,8816164f61fffff
12532,8816a512c5fffff
12533,8816a50e37fffff
12534,8817897b3bfffff
12535,88178b7217fffff
12536,88178bb507fffff
12537,8816a5b6dbfffff
12538,8816a54045fffff
12539,8816a084a3fffff
12540,8816a51931fffff
12541,8816a09415fffff
12542,88161640c5fffff
12543,8817894963fffff
12544,8816a55563fffff
12545,8816a5cc03fffff
12546,88178b6dbbfffff
12547,8816a58ed9fffff
12548,88178b889dfffff
12549,88178b8887fffff
12550,8816a0b8c7fffff
12551,8816a50d43fffff
12552,88178b25e9fffff
12553,8816a5c9dbfffff
12554,88178b34abfffff
12555,8816a5854bfffff
12556,8816a5cd53fffff
12557,8816a57307fffff
12558,88178b20b3fffff
12559,8817894945fffff
12560,8816a5cc55fffff
12561,88178b0dd7fffff
12562,88178b1239fffff
12563,8816a00555fffff
12564,8816a592a9fffff
12565,8816a0059bfffff
12566,8816a5d215fffff
12567,8816a598e5fffff
12568,8816a0172dfffff
12569,88178b09d1fffff
12570,8816a0b587fffff
12571,88178b6641fffff
12572,88178b3899fffff
12573,88178b7533fffff
12574,8816a549edfffff
12575,8816a578b1fffff
12576,8816a51abbfffff
12577,881789496dfffff
12578,88178b6121fffff
12579,8816a50535fffff
12580,8816a5d491fffff
12581,88178b8ebdfffff
12582,8816a5d22bfffff
12583,8816a00621fffff
12584,8816164a1bfffff
12585,88178bbaa3fffff
12586,8816a50409fffff
12587,88178ba82bfffff
12588,8816a4a49bfffff
12589,8816165521fffff
12590,8816a58651fffff
12591,8816a51403fffff
12592,8816a51111fffff
12593,88178b06abfffff
12594,881616409bfffff
12595,88178ba159fffff
12596,88178b953dfffff
12597,8816a5bad3fffff
12598,8816a5c129fffff
12599,88178b05cdfffff
12600,8816a54557fffff
12601,8816a08765fffff
12602,8816a579e7fffff
12603,88178b296dfffff
12604,88178b8e67fffff
12605,88178bb045fffff
12606,88178b0f43fffff
12607,88178b62b5fffff
12608,88161645a7fffff
12609,8816a59423fffff
12610,88178bb257fffff
12611,88178b3759fffff
12612,8816165231fffff
12613,8816164513fffff
12614,8816a54681fffff
12615,8816a5a11bfffff
12616,8816a0aa69fffff
12617,8816a01445fffff
12618,88161659cbfffff
12619,8816a56261fffff
12620,8816a500b5fffff
12621,88178b8da9fffff
12622,8816a015edfffff
12623,88178b276dfffff
12624,88178b21b3fffff
12625,8816165ad5fffff
12626,8816a50d49fffff
12627,88178b22ebfffff
12628,8816164593fffff
12629,88178b250bfffff
12630,8817894e85fffff
12631,88178b0a8bfffff
12632,8816a5a09dfffff
12633,8816a0b0b5fffff
12634,88178b0d87fffff
12635,8816a00091fffff
12636,8816a0b361fffff
12637,88178bb241fffff
12638,8816a59a63fffff
12639,88178b0625fffff
12640,8816a50417fffff
12641,8816a54d03fffff
12642,8816a55865fffff
12643,8816a50d57fffff
12644,8816a54d59fffff
12645,8816164757fffff
12646,8816a5006bfffff
12647,8816a5b15bfffff
12648,88178b8eedfffff
12649,8816a5b35dfffff
12650,88178b01e7fffff
12651,8816a54a63fffff
12652,88178bb103fffff
12653,88178b6605fffff
12654,8816a0b123fffff
12655,88178b2921fffff
12656,8816a58491fffff
12657,8816a5a1d7fffff
12658,881616482bfffff
12659,8816a5a841fffff
12660,8816165b65fffff
12661,8816a09497fffff
12662,8816a58349fffff
12663,8816a5513bfffff
12664,8816a51465fffff
12665,88178b6cd3fffff
12666,88178b7ab3fffff
12667,8816a5c4b1fffff
12668,8816a512a9fffff
12669,8816a57323fffff
12670,8816a556b7fffff
12671,8816a54897fffff
12672,8816a50231fffff
12673,8816a511a3fffff
12674,88178b6093fffff
12675,8816a08405fffff
12676,88178bba85fffff
12677,8816a08767fffff
12678,8816a55707fffff
12679,88178b81b5fffff
12680,88178b6617fffff
12681,88161650abfffff
12682,8816a5921dfffff
12683,8816a0171bfffff
12684,8816a5d727fffff
12685,88178badb5fffff
12686,88178b3861fffff
12687,8816a54469fffff
12688,8816a08c49fffff
12689,8817897809fffff
12690,8816a5a96bfffff
12691,8816a5492dfffff
12692,8816a5b255fffff
12693,8816a55719fffff
12694,88178bb307fffff
12695,88178b8e57fffff
12696,8816a5b347fffff
12697,8816a57801fffff
12698,88178b9533fffff
12699,8816a514d3fffff
12700,8816a50951fffff
12701,88178b70bdfffff
12702,8817897a3bfffff
12703,88178b0203fffff
12704,8816a5916dfffff
12705,8816a5418dfffff
12706,88178b39a1fffff
12707,8816a5d021fffff
12708,88178b8495fffff
12709,8816a54e03fffff
12710,8816a0061dfffff
12711,8816a0b2c9fffff
12712,88161648b5fffff
12713,8816a0a2a7fffff
12714,8816a5c2abfffff
12715,88161649bdfffff
12716,88178b71a1fffff
12717,8816a50989fffff
12718,88178bb739fffff
12719,8816a5b419fffff
12720,8816a5d4e5fffff
12721,88178b0953fffff
12722,8816164543fffff
12723,88178b204dfffff
12724,8816165a5dfffff
12725,8816165847fffff
12726,8816a5140bfffff
12727,8816a54215fffff
12728,8816a09481fffff
12729,8816164023fffff
12730,88178b056dfffff
12731,8816a5c0b5fffff
12732,8816a57197fffff
12733,8816a586e9fffff
12734,8816a08ddbfffff
12735,88178b6f23fffff
12736,88178b8cdbfffff
12737,8816a54551fffff
12738,88178b0499fffff
12739,8816a014c9fffff
12740,8816a5aa01fffff
12741,88178bb729fffff
12742,8816a0b723fffff
12743,88178b7a9dfffff
12744,88178b11bdfffff
12745,8816a5792dfffff
12746,8816a57b13fffff
12747,8816a55735fffff
12748,881616421dfffff
12749,88178b066bfffff
12750,88178bb693fffff
12751,8816164c1bfffff
12752,881789690dfffff
12753,8816a558c1fffff
12754,8816a0aa31fffff
12755,8816a5942dfffff
12756,8816a5405dfffff
12757,8816a0b2c7fffff
12758,8816a59023fffff
12759,8816a0071dfffff
12760,8816a59501fffff
12761,8816a5a361fffff
12762,88178b740bfffff
12763,8816a0a837fffff
12764,88161659d3fffff
12765,8816164c3bfffff
12766,88178b86b3fffff
12767,88178b75adfffff
12768,88178b8c0bfffff
12769,8817894ca3fffff
12770,88178ba447fffff
12771,881616590dfffff
12772,8816a55b43fffff
12773,8816a5c933fffff
12774,8816a5b755fffff
12775,8816a5a35bfffff
12776,8817894cd9fffff
12777,8816a598bdfffff
12778,8816a5c6a7fffff
12779,8816a51b1bfffff
12780,8816a5a1d9fffff
12781,88178bb6d1fffff
12782,88178b805dfffff
12783,8816a5cd35fffff
12784,8816164f39fffff
12785,8816a5dab9fffff
12786,88178b3829fffff
12787,8816a00e03fffff
12788,8816a0b5b9fffff
12789,8816a42c93fffff
12790,88178b6da3fffff
12791,8816a0a1edfffff
12792,8816a580d5fffff
12793,8816a0bb19fffff
12794,8816167907fffff
12795,88178bac0bfffff
12796,8816a55857fffff
12797,8816a51409fffff
12798,8816a5cf13fffff
12799,8816a59121fffff
12800,8816a5a289fffff
12801,88161652b5fffff
12802,8816a0bb1bfffff
12803,88161645e1fffff
12804,8817897987fffff
12805,8816164e4bfffff
12806,8816a58b09fffff
12807,8816a580cdfffff
12808,8816a54ce5fffff
12809,88178b14e5fffff
12810,8816a5b553fffff
12811,8816a500e5fffff
12812,8816a50c65fffff
12813,88178b6e09fffff
12814,88178b8251fffff
12815,8816a589bbfffff
12816,8816a50189fffff
12817,88178b39e1fffff
12818,8816a0b207fffff
12819,8816a004c7fffff
12820,8816a5571dfffff
12821,88178baa07fffff
12822,8817897995fffff
12823,88178bb141fffff
12824,88178bbabdfffff
12825,8817894885fffff
12826,88178b306bfffff
12827,8816a0a707fffff
12828,8816a501b7fffff
12829,88178b28adfffff
12830,8816a50b35fffff
12831,8816a598ebfffff
12832,88178b9091fffff
12833,8816a5ccbdfffff
12834,8816a50853fffff
12835,8816a5808dfffff
12836,8816a54ed9fffff
12837,8816165a01fffff
12838,8816a55089fffff
12839,8816a59821fffff
12840,8816a5894dfffff
12841,8816a54cd1fffff
12842,8817897905fffff
12843,8816a57029fffff
12844,8816a559adfffff
12845,88178b18c3fffff
12846,881616c95bfffff
12847,8816165091fffff
12848,8816a5a1c9fffff
12849,8816a5ab11fffff
12850,88178b76a3fffff
12851,8816a5b36bfffff
12852,8816a0a357fffff
12853,88178b2d4bfffff
12854,88178b8641fffff
12855,8816a086b1fffff
12856,8816165435fffff
12857,88178ba433fffff
12858,8816a590d1fffff
12859,8816a57353fffff
12860,8816a005d9fffff
12861,88178b2acdfffff
12862,8816a5d061fffff
12863,8816a54a2dfffff
12864,8816a57b49fffff
12865,8816a51aedfffff
12866,8816a54abdfffff
12867,88178b1561fffff
12868,8816a5912bfffff
12869,8817894e23fffff
12870,8816a55927fffff
12871,8816a5b337fffff
12872,88178b219bfffff
12873,8816a01645fffff
12874,8816a58d01fffff
12875,8816164e07fffff
12876,8816165557fffff
12877,8816a015a9fffff
12878,8816a508adfffff
12879,8816165365fffff
12880,88178b0ed9fffff
12881,8816a01601fffff
12882,88178b2b39fffff
12883,88178b31b5fffff
12884,88178b69e1fffff
12885,8816a0a0a3fffff
12886,8816a5442bfffff
12887,88161649ebfffff
12888,8816a51159fffff
12889,8816a54c49fffff
12890,88178b8009fffff
12891,8816a0aa1bfffff
12892,8816a5b839fffff
12893,8816a516edfffff
12894,88178b0585fffff
12895,88178b2dbbfffff
12896,88178b7427fffff
12897,88178ba435fffff
12898,8816a012b9fffff
12899,88178bb719fffff
12900,8816a5d499fffff
12901,8816a5d09bfffff
12902,8816a594c1fffff
12903,8816a5c2c3fffff
12904,8817894c35fffff
12905,8816a08ee7fffff
12906,8816a0a83bfffff
12907,8816a59883fffff
12908,8816a5a2c9fffff
12909,8816a0062bfffff
12910,8816a5baa3fffff
12911,88178b2eb1fffff
12912,8816a58759fffff
12913,8816a5b1edfffff
12914,8816a58309fffff
12915,88178b7121fffff
12916,8816a50c21fffff
12917,8816a50893fffff
12918,8817896b09fffff
12919,88178b6527fffff
12920,8816a590ebfffff
12921,88178b0667fffff
12922,88178b16a5fffff
12923,88161650d5fffff
12924,88178b2ee3fffff
12925,8816a50b3dfffff
12926,8816a0a881fffff
12927,88178b1463fffff
12928,8816a51323fffff
12929,88178bae43fffff
12930,88178bb341fffff
12931,8816a425dbfffff
12932,88178b2935fffff
12933,8816a5cae7fffff
12934,8816a55287fffff
12935,8816a5881bfffff
12936,8816a55583fffff
12937,8816a0b2d5fffff
12938,88178bad91fffff
12939,88178b046dfffff
12940,8816a50927fffff
12941,8816a5b2e3fffff
12942,88178b2ce5fffff
12943,8816a58723fffff
12944,8816a5ca23fffff
12945,8816a59b65fffff
12946,88178bb5b5fffff
12947,8816a58343fffff
12948,8817894c67fffff
12949,8816164313fffff
12950,8816a559dbfffff
12951,8816a51425fffff
12952,8816a59a6bfffff
12953,8816a5cda7fffff
12954,8816a54229fffff
12955,88178b8ed9fffff
12956,8816a5cc65fffff
12957,8816a5c8ddfffff
12958,8816a5c265fffff
12959,881616c953fffff
12960,88178b72a1fffff
12961,8816a0ba1bfffff
12962,8816a51ab7fffff
12963,8816a579e1fffff
12964,88178b8eddfffff
12965,8816a08665fffff
12966,8816a514e1fffff
12967,8816a5ab59fffff
12968,8816a084edfffff
12969,88178b06c9fffff
12970,8816165335fffff
12971,8816a511bdfffff
12972,8816a515c9fffff
12973,88178b0e91fffff
12974,8816a5855bfffff
12975,8816164d6bfffff
12976,88178b2525fffff
12977,8816a5b643fffff
12978,8816a55083fffff
12979,88178b26b5fffff
12980,88178b0149fffff
12981,8816a58d11fffff
12982,8816a5a0c7fffff
12983,88178b0015fffff
12984,8816a0a821fffff
12985,8816a50663fffff
12986,8816165a49fffff
12987,88178b3b3dfffff
12988,881616486dfffff
12989,8816a58d6bfffff
12990,88178b1603fffff
12991,8816a5a761fffff
12992,8816a56159fffff
12993,8816a0a1cbfffff
12994,8816a541a3fffff
12995,8816a54b35fffff
12996,8816a5ba87fffff
12997,8816a5508bfffff
12998,8816a5d037fffff
12999,8816165729fffff
13000,8816a0b045fffff
13001,88178bb72bfffff
13002,88178b3155fffff
13003,8816164ab9fffff
13004,8816a586b7fffff
13005,8816167905fffff
13006,8816165945fffff
13007,8816a54457fffff
13008,88178b7453fffff
13009,88178b2b35fffff
13010,88178bb931fffff
13011,8816a08da9fffff
13012,8816a5406bfffff
13013,8816a578e5fffff
13014,8816a0b813fffff
13015,8816a5ba91fffff
13016,8816a5c8d3fffff
13017,8816a57961fffff
13018,8816164a4bfffff
13019,8816a5955dfffff
13020,8816a00659fffff
13021,88178b00b3fffff
13022,8816a424e3fffff
13023,88178b6d35fffff
13024,8816164d43fffff
13025,8816a5b867fffff
13026,8816a57ac3fffff
13027,8816a4243bfffff
13028,88178979bbfffff
13029,88178bae13fffff
13030,8816a5d01bfffff
13031,8816a5806dfffff
13032,88178b0497fffff
13033,8816a5b097fffff
13034,88178bae9bfffff
13035,88178b65c7fffff
13036,8816a584dbfffff
13037,88178b0603fffff
13038,8816a51543fffff
13039,88178b2583fffff
13040,8816a5dac5fffff
13041,8816a08eb9fffff
13042,88178b8d53fffff
13043,88178b7001fffff
13044,88178b8d01fffff
13045,8816a5c1e5fffff
13046,88178b2543fffff
13047,88178b626bfffff
13048,8816a57817fffff
13049,88178b321bfffff
13050,88178b2c35fffff
13051,8816a5d139fffff
13052,88178ba92bfffff
13053,8816a589a1fffff
13054,8816164e01fffff
13055,8816a0bb61fffff
13056,8816a0b843fffff
13057,8816a0ae49fffff
13058,8816a5ca27fffff
13059,8816a51051fffff
13060,8816a5d811fffff
13061,88178b30e3fffff
13062,8816a5415dfffff
13063,8816167b41fffff
13064,88178b8d11fffff
13065,8816164429fffff
13066,8816a5c5e1fffff
13067,88178b60d7fffff
13068,8816a004d1fffff
13069,8816a54f01fffff
13070,8816a54597fffff
13071,8816a5d6e7fffff
13072,88178bb805fffff
13073,88178bacb1fffff
13074,88178b844bfffff
13075,881616db13fffff
13076,88178b6263fffff
13077,8816a5d2c9fffff
13078,8816164a63fffff
13079,88178b6557fffff
13080,8816a0a343fffff
13081,8816a54b49fffff
13082,88178b0a5dfffff
13083,88178b1591fffff
13084,8816a56303fffff
13085,8816165161fffff
13086,88178b64d5fffff
13087,88178b05c1fffff
13088,8816a5c833fffff
13089,8816a016c7fffff
13090,88178b11a1fffff
13091,8816165807fffff
13092,8816a58ac9fffff
13093,8816a54d33fffff
13094,8816a0156bfffff
13095,8816a5851dfffff
13096,8816a54b45fffff
13097,88178ba721fffff
13098,88178bae69fffff
13099,88178b88d9fffff
13100,88178bacbdfffff
13101,8816a54055fffff
13102,8816a0168bfffff
13103,88178b69b5fffff
13104,8817897863fffff
13105,88178b66a5fffff
13106,8816a54e67fffff
13107,8816a5970bfffff
13108,88178b345dfffff
13109,8816a5d0d1fffff
13110,8816a59445fffff
13111,8816a0bab9fffff
13112,88178bb23bfffff
13113,881616542dfffff
13114,8816a5902dfffff
13115,8816a54a2bfffff
13116,8816a50929fffff
13117,8816a01657fffff
13118,8816a5a015fffff
13119,88178b0a99fffff
13120,88178b2a35fffff
13121,8816a0b6e9fffff
13122,8816a5ab41fffff
13123,8816164ec5fffff
13124,8816a51565fffff
13125,8816a006c9fffff
13126,88178bae1dfffff
13127,88178b9589fffff
13128,88178bb8cdfffff
13129,8816a5528bfffff
13130,8816a5588dfffff
13131,88178b756bfffff
13132,88178ba411fffff
13133,88178b95adfffff
13134,8816a514ddfffff
13135,88178b3219fffff
13136,8816a5d5b7fffff
13137,8816a5c1edfffff
13138,88178b0507fffff
13139,88178b2cc9fffff
13140,88178bbb27fffff
13141,88178b0a09fffff
13142,88178b6ab3fffff
13143,8816a5da1bfffff
13144,88178b6c55fffff
13145,88178b26c3fffff
13146,88178b8f57fffff
13147,8817897947fffff
13148,8816a42585fffff
13149,88178b1183fffff
13150,88178b2667fffff
13151,8816a579a1fffff
13152,8816a0b405fffff
13153,88178ba2bdfffff
13154,8816a5aa51fffff
13155,8816a5b421fffff
13156,8816a5c5e9fffff
13157,8816a51621fffff
13158,8816a50e65fffff
13159,88178b272bfffff
13160,88178b35c7fffff
13161,88178b3ab3fffff
13162,8816a0ab5bfffff
13163,88178b081dfffff
13164,88178b05bdfffff
13165,8816a0b915fffff
13166,8816a0b089fffff
13167,8816a58ae9fffff
13168,88178b2e67fffff
13169,88178b85bbfffff
13170,88178b8d59fffff
13171,8816a55049fffff
13172,8816165541fffff
13173,8817894cb9fffff
13174,88178b6f1bfffff
13175,8816a5ab27fffff
13176,88178b39e7fffff
13177,8816a5a645fffff
13178,8816a5c631fffff
13179,8816a54a23fffff
13180,88178b1a9dfffff
13181,8816a5c061fffff
13182,88178b0ad7fffff
13183,8816a580d7fffff
13184,8816165347fffff
13185,8816a56363fffff
13186,8816a54c51fffff
13187,8816165421fffff
13188,88178b6a4bfffff
13189,88161651c5fffff
13190,8816a50857fffff
13191,88178b8241fffff
13192,88178b170dfffff
13193,8816a014c3fffff
13194,8816164a1dfffff
13195,8816a5cb47fffff
13196,88178b2e8bfffff
13197,8816a5b249fffff
13198,8816a5c1cdfffff
13199,8816a0bb0bfffff
13200,8816a0845dfffff
13201,88178b9553fffff
13202,8816a0b6c5fffff
13203,8817894d01fffff
13204,88178b8691fffff
13205,88178b2207fffff
13206,8816165311fffff
13207,8816a51989fffff
13208,88178bb4c7fffff
13209,8816a54937fffff
13210,88178b765bfffff
13211,8816a0ae6dfffff
13212,88178bb74dfffff
13213,88178b7225fffff
13214,88178b8e41fffff
13215,88178bb829fffff
13216,88178b669dfffff
13217,8816a5d0a1fffff
13218,8816164121fffff
13219,88178b6347fffff
13220,8816a54737fffff
13221,88178b2035fffff
13222,88178b04e1fffff
13223,8816a5b833fffff
13224,88178b86d3fffff
13225,8817897853fffff
13226,8816a0a213fffff
13227,88178b0a21fffff
13228,88178b80d3fffff
13229,88178b2465fffff
13230,8816a54e57fffff
13231,88178bb983fffff
13232,8817894c29fffff
13233,88178b3017fffff
13234,88178bb215fffff
13235,88178ba823fffff
13236,8816a59925fffff
13237,88178b1705fffff
13238,8816164833fffff
13239,8816a5918bfffff
13240,8816a5b75bfffff
13241,88178bb1dbfffff
13242,88178b6dd7fffff
13243,8816a0a657fffff
13244,8816a4259dfffff
13245,8816164801fffff
13246,8816a50521fffff
13247,8816a59889fffff
13248,88178bae6bfffff
13249,8816a559c7fffff
13250,8816a54031fffff
13251,8816a57b31fffff
13252,8816a58815fffff
13253,8816a57253fffff
13254,8816a5c091fffff
13255,88178b7287fffff
13256,8816a500d1fffff
13257,88178b00ddfffff
13258,88178b6d97fffff
13259,8816a5cae3fffff
13260,881616798bfffff
13261,88178b7117fffff
13262,881789486bfffff
13263,8816a0a259fffff
13264,8816a55919fffff
13265,8816a51aabfffff
13266,88178bb951fffff
13267,8816a50e3dfffff
13268,88178bb523fffff
13269,88178b1649fffff
13270,88178b0d41fffff
13271,88178b6e05fffff
13272,8816a5aa2bfffff
13273,88178bb239fffff
13274,8816165881fffff
13275,88178b9505fffff
13276,88178b2d0bfffff
13277,8816164235fffff
13278,8816a5b803fffff
13279,88178b336bfffff
13280,88178bb223fffff
13281,88178b74e1fffff
13282,88178ba291fffff
13283,88178bb6e7fffff
13284,88178b809dfffff
13285,88178b2b19fffff
13286,8816a014c1fffff
13287,88178b20edfffff
13288,8816a0b527fffff
13289,88178bb491fffff
13290,8816a55937fffff
13291,8816a5c213fffff
13292,88178b6eadfffff
13293,88178b1053fffff
13294,8816a095d7fffff
13295,8816165505fffff
13296,8816164ed5fffff
13297,88161649c7fffff
13298,8816a56225fffff
13299,8816a09491fffff
13300,8816a5aa53fffff
13301,8816a5a26dfffff
13302,8816a585c3fffff
13303,8816a0a295fffff
13304,8816a5d621fffff
13305,88178ba18dfffff
13306,8816a01735fffff
13307,8816a51521fffff
13308,8816a58209fffff
13309,8816a5833dfffff
13310,88178b306dfffff
13311,8816a096b9fffff
13312,8816a5732dfffff
13313,8816a5a30dfffff
13314,88178b151dfffff
13315,8816164949fffff
13316,88178b3421fffff
13317,8816a58457fffff
13318,88178b720dfffff
13319,8816a545c5fffff
13320,88178b2e0dfffff
13321,8816a5c731fffff
13322,8816a59563fffff
13323,8816a5905dfffff
13324,88178b0245fffff
13325,8816a5d1cbfffff
13326,8816a59727fffff
13327,88178b78e5fffff
13328,8816164f6dfffff
13329,88178b7463fffff
13330,8816a509a9fffff
13331,8816a0a325fffff
13332,88178bb803fffff
13333,881616cb3bfffff
13334,8816a5566bfffff
13335,8816a51b41fffff
13336,8817894911fffff
13337,8816a01731fffff
13338,8816a54c31fffff
13339,8816a0b92bfffff
13340,8816a58543fffff
13341,88178b3623fffff
13342,8816a5d26dfffff
13343,88178b61c5fffff
13344,8816164a83fffff
13345,8816a54933fffff
13346,8816a5c9d1fffff
13347,88161651edfffff
13348,8816a0a1c3fffff
13349,88178ba85dfffff
13350,88178b2323fffff
13351,881616423bfffff
13352,8816a0b133fffff
13353,88178b3991fffff
13354,8816a5ce27fffff
13355,8816a0a2d9fffff
13356,88161648d9fffff
13357,8816a50709fffff
13358,8816a50aa9fffff
13359,8816a5a343fffff
13360,88178b9543fffff
13361,8816a0ba57fffff
13362,88161655ebfffff
13363,8816a5ceddfffff
13364,88178b1751fffff
13365,8816a59ad7fffff
13366,88178b273bfffff
13367,8816a502ddfffff
13368,8816a0a16bfffff
13369,8816164293fffff
13370,8816a5a0dbfffff
13371,8816a5125dfffff
13372,8816a0b98bfffff
13373,8817897837fffff
13374,8816a58c0dfffff
13375,8816a0b29bfffff
13376,88178b265bfffff
13377,8817894981fffff
13378,8816a54e4bfffff
13379,88178b88abfffff
13380,88178bab3dfffff
13381,88178b8d25fffff
13382,8816a014bbfffff
13383,8816a5d41dfffff
13384,8816a51ab3fffff
13385,88178b2763fffff
13386,88178b1ad7fffff
13387,8816a08f1bfffff
13388,88178b250dfffff
13389,88178ba1a3fffff
13390,8816a0a239fffff
13391,8816a0b701fffff
13392,8816a0146bfffff
13393,8816a588bdfffff
13394,88178b2d95fffff
13395,8816a08e01fffff
13396,88178b84b3fffff
13397,88178b2c01fffff
13398,88178b09a1fffff
13399,8816a016a9fffff
13400,8816a01569fffff
13401,8816a0b253fffff
13402,881789783dfffff
13403,881616541dfffff
13404,8816a5d629fffff
13405,8816a50a67fffff
13406,8816a0a605fffff
13407,8816a56b05fffff
13408,8816a5baa5fffff
13409,8816a5b89dfffff
13410,8816165765fffff
13411,8816a544e7fffff
13412,88178b3729fffff
13413,8816a555d9fffff
13414,8816a57111fffff
13415,8816a0b95dfffff
13416,8816a50023fffff
13417,8816a5820dfffff
13418,8816a5c553fffff
13419,88178b0617fffff
13420,88178b2d65fffff
13421,88178b2325fffff
13422,8817894f35fffff
13423,88178b0119fffff
13424,88178b3529fffff
13425,88178b2ec7fffff
13426,88178b049dfffff
13427,8816a005c9fffff
13428,88178ba735fffff
13429,8816a5b6cbfffff
13430,8816a580b9fffff
13431,8816a50703fffff
13432,8816164e33fffff
13433,88178b94abfffff
13434,88178b7319fffff
13435,88178b7081fffff
13436,88178b209dfffff
13437,8816a0b531fffff
13438,8816a5c017fffff
13439,8816a5d05bfffff
13440,8816a5c249fffff
13441,88178badd3fffff
13442,8816a594dbfffff
13443,8816a5c417fffff
13444,88178b3947fffff
13445,88178b0033fffff
13446,8816a0b637fffff
13447,88178b6089fffff
13448,8816a01661fffff
13449,88178b3269fffff
13450,8816a5a15dfffff
13451,8816a54f5dfffff
13452,8816a5d1bdfffff
13453,8816a5ba95fffff
13454,88178bb6a5fffff
13455,8816a5c359fffff
13456,8816a58547fffff
13457,88178b3a81fffff
13458,88178bb72dfffff
13459,8816164b69fffff
13460,8816a0ab45fffff
13461,8816a5a01bfffff
13462,88178b85dbfffff
13463,8816a00715fffff
13464,8816a58db1fffff
13465,8816a5d587fffff
13466,8816a515bbfffff
13467,88178b6095fffff
13468,8816a5874bfffff
13469,88178b3139fffff
13470,8816a518d7fffff
13471,88178ba027fffff
13472,8816a599b1fffff
13473,8816a5ce29fffff
13474,8816a55a29fffff
13475,88178b74bdfffff
13476,8816a5b333fffff
13477,88178b2965fffff
13478,88178b330bfffff
13479,88178b162bfffff
13480,88178b8409fffff
13481,8816a08ecbfffff
13482,8816164ccbfffff
13483,8816a58f21fffff
13484,8816165b61fffff
13485,88178b6005fffff
13486,8816a56341fffff
13487,8816a5c049fffff
13488,881616550bfffff
13489,8816a0aab1fffff
13490,8816a5d66bfffff
13491,88178b38d3fffff
13492,88178b8d97fffff
13493,8817894c91fffff
13494,88178b2a67fffff
13495,8816a5b331fffff
13496,8816a51a65fffff
13497,8816a578a3fffff
13498,8816a554e1fffff
13499,8816a540edfffff
13500,88178b275bfffff
13501,8816a03361fffff
13502,88178b0a57fffff
13503,8816a5c887fffff
13504,8816a5463bfffff
13505,88178bb92dfffff
13506,88178b7085fffff
13507,88178b8e61fffff
13508,8816165915fffff
13509,8816a5c33dfffff
13510,88178bb063fffff
13511,88161679b1fffff
13512,8816a5c603fffff
13513,88178b82d1fffff
13514,8816a5b281fffff
13515,8816a5ce17fffff
13516,88178b6f31fffff
13517,8816a014cdfffff
13518,8816a502b9fffff
13519,881616458dfffff
13520,8816164857fffff
13521,88178b8693fffff
13522,88178bb4d7fffff
13523,8816a5042dfffff
13524,8816a42681fffff
13525,881616c933fffff
13526,881789498dfffff
13527,8816a57819fffff
13528,8816a5c085fffff
13529,8816a54827fffff
13530,88178979e3fffff
13531,8816a0b52bfffff
13532,88178b0569fffff
13533,8816a5b8bbfffff
13534,8816a5853bfffff
13535,88178b8757fffff
13536,8816a5a309fffff
13537,8816165215fffff
13538,8816a50431fffff
13539,8816a5a0b7fffff
13540,881616cb6dfffff
13541,8816a58997fffff
13542,88178b90bdfffff
13543,88178b0d37fffff
13544,8816a5d4c9fffff
13545,88178b021bfffff
13546,88178b8eebfffff
13547,88161649d9fffff
13548,8816a0b029fffff
13549,8816a5a1c7fffff
13550,8816165895fffff
13551,88178b323bfffff
13552,8816a58991fffff
13553,88178b2e2dfffff
13554,88178b344dfffff
13555,8816a5858dfffff
13556,8816a5915bfffff
13557,8816a59213fffff
13558,88178bb485fffff
13559,88178b2527fffff
13560,88178b29a1fffff
13561,8816a54dabfffff
13562,88178b8883fffff
13563,88178ba6c9fffff
13564,8816a58341fffff
13565,8816a01099fffff
13566,8816a5b767fffff
13567,88178bb449fffff
13568,88178b6abbfffff
13569,88178b8c15fffff
13570,8816a50f23fffff
13571,88178b0355fffff
13572,88178b702dfffff
13573,8816a5a333fffff
13574,8816a55507fffff
13575,8816167925fffff
13576,88178b6611fffff
13577,8816a50e13fffff
13578,8816a5ab49fffff
13579,88178b6e97fffff
13580,88178badb7fffff
13581,8816a0b65dfffff
13582,8816164749fffff
13583,88161651c9fffff
13584,8816a512a5fffff
13585,8816a5cc3dfffff
13586,8816a426b9fffff
13587,8816a56347fffff
13588,88178ba5c1fffff
13589,8816a59403fffff
13590,88178b00c7fffff
13591,8816a5c607fffff
13592,8816a558bbfffff
13593,88178b9737fffff
13594,8816a0154bfffff
13595,8816a582d3fffff
13596,88178b8ec3fffff
13597,8816a5815bfffff
13598,8816164253fffff
13599,8816a5b155fffff
13600,8816a5d51bfffff
13601,8816a00e53fffff
13602,8816a0148bfffff
13603,88178bb533fffff
13604,8816a0a763fffff
13605,88178badb3fffff
13606,8816a09451fffff
13607,8816164dd7fffff
13608,88178bb695fffff
13609,88178b65ebfffff
13610,8816165b0bfffff
13611,8816a08525fffff
13612,88178b06ebfffff
13613,8816a01539fffff
13614,88178bb0e5fffff
13615,88178b8d49fffff
13616,8816a58881fffff
13617,8816a5a133fffff
13618,8816a556e5fffff
13619,8817894997fffff
13620,8816a5d8dbfffff
13621,8816a59b37fffff
13622,88178ba41dfffff
13623,8816a5d8ddfffff
13624,88178b631dfffff
13625,8816a0b315fffff
13626,8816a54233fffff
13627,88178b2911fffff
13628,88178bb367fffff
13629,8817894c27fffff
13630,8816a592d7fffff
13631,8816a54609fffff
13632,88178b6439fffff
13633,88178b3a8bfffff
13634,88178b641bfffff
13635,88178b3003fffff
13636,88178b2953fffff
13637,8816a5d465fffff
13638,8816a50e47fffff
13639,88178b26cdfffff
13640,88178b7663fffff
13641,8816a50ce9fffff
13642,881616d9e3fffff
13643,8816a5c10bfffff
13644,88178b08a7fffff
13645,8816a5cea9fffff
13646,8816a5d413fffff
13647,8816a540a1fffff
13648,8816a54ad5fffff
13649,8817894ce3fffff
13650,8816a5b969fffff
13651,8816a0b6a3fffff
13652,8816a5b73dfffff
13653,88178b3a55fffff
13654,8816a58cedfffff
13655,8816a0050bfffff
13656,8816a5cd2bfffff
13657,8816a5c1b3fffff
13658,8816a55ae1fffff
13659,88178b8507fffff
13660,8816a5c1d5fffff
13661,8816165129fffff
13662,8816a57113fffff
13663,88178bae07fffff
13664,88178b32b9fffff
13665,88178bae4bfffff
13666,8816a0b887fffff
13667,88178b25b9fffff
13668,8816a579e9fffff
13669,88178ba8e7fffff
13670,88161655b3fffff
13671,8816a589b1fffff
13672,8816a5056bfffff
13673,8816164145fffff
13674,88178b235bfffff
13675,8816a58e17fffff
13676,88178b0259fffff
13677,88178bb1a5fffff
13678,8817897937fffff
13679,8816a512bdfffff
13680,88178b0c21fffff
13681,8816165559fffff
13682,88178b2e5bfffff
13683,8816a56b63fffff
13684,8816a55611fffff
13685,88178b3211fffff
13686,8816a51099fffff
13687,8816a5a747fffff
13688,8816a5c8adfffff
13689,8816a0b719fffff
13690,8816a0b2b1fffff
13691,8816a50635fffff
13692,88178bae03fffff
13693,88178b22d7fffff
13694,8816a0b055fffff
13695,88178b05b1fffff
13696,8816a5b951fffff
13697,88178b0e89fffff
13698,8816a5b63dfffff
13699,88178b11b9fffff
13700,8816a0044dfffff
13701,8816a0b30dfffff
13702,8816a0a963fffff
13703,8816a58041fffff
13704,8816165367fffff
13705,8816a54159fffff
13706,88178b2f55fffff
13707,8816a5c2b1fffff
13708,88178ba025fffff
13709,88178b2b67fffff
13710,88178b88b3fffff
13711,8817894dc9fffff
13712,8816a50953fffff
13713,88178b6dd9fffff
13714,88178b3505fffff
13715,8817897963fffff
13716,88178b05abfffff
13717,8816a5735dfffff
13718,8816a58207fffff
13719,8816a54cbdfffff
13720,8816a01433fffff
13721,8816a5d531fffff
13722,8816164b2bfffff
13723,8816164f1bfffff
13724,8816a5519bfffff
13725,8817896947fffff
13726,8816a54d63fffff
13727,8816a59207fffff
13728,8816a0a865fffff
13729,88178b604bfffff
13730,88178b026dfffff
13731,8816a591e9fffff
13732,8816164983fffff
13733,8816a5d4ebfffff
13734,88178b6edbfffff
13735,88178b7a8dfffff
13736,8817897b2bfffff
13737,8816a010dbfffff
13738,8816a5a2c7fffff
13739,88161659e3fffff
13740,8816a57955fffff
13741,88178bb60dfffff
13742,8816a554cbfffff
13743,8816a510a9fffff
13744,8816a58f51fffff
13745,8816a5ca83fffff
13746,8816a5099dfffff
13747,88178bb9b3fffff
13748,8816a55ad5fffff
13749,88178b3647fffff
13750,8816a54259fffff
13751,8816a5ce61fffff
13752,8816a0b51dfffff
13753,8816a59001fffff
13754,8816a01693fffff
13755,881789785bfffff
13756,88178b0a87fffff
13757,88178b6631fffff
13758,8816a424abfffff
13759,8816a5a339fffff
13760,88178bac21fffff
13761,8816165735fffff
13762,8816a598cbfffff
13763,8816a50e1bfffff
13764,8816a59127fffff
13765,8816a5b039fffff
13766,8816a55065fffff
13767,88178b1039fffff
13768,88178b6d9bfffff
13769,8816164cc7fffff
13770,88178bb8d5fffff
13771,8816a580c5fffff
13772,88178b78b7fffff
13773,88178b1491fffff
13774,8816165991fffff
13775,8816a5ce0dfffff
13776,8816a542abfffff
13777,88178b0ec9fffff
13778,8816a0a82dfffff
13779,8816a54289fffff
13780,88178b38dbfffff
13781,88178b9085fffff
13782,8816a55713fffff
13783,8816a5584bfffff
13784,8816a5b0d7fffff
13785,8816a579c7fffff
13786,8816a5a137fffff
13787,8816a0052dfffff
13788,8816a5449bfffff
13789,88178b3b5dfffff
13790,88178b1089fffff
13791,88178bb44bfffff
13792,8816a590e9fffff
13793,8816a0ae67fffff
13794,8817897931fffff
13795,8816a0b999fffff
13796,88178b3b67fffff
13797,8816a5ca69fffff
13798,88178b8f45fffff
13799,8816a5a217fffff
13800,8816a5790bfffff
13801,8816165721fffff
13802,8816a5d691fffff
13803,88178b0841fffff
13804,88178b3849fffff
13805,8816a55a69fffff
13806,8817894965fffff
13807,88178b2aa9fffff
13808,8816a509b1fffff
13809,88178b313dfffff
13810,88178b38e3fffff
13811,8816a56305fffff
13812,8816a594b9fffff
13813,8816a512a1fffff
13814,8816a01405fffff
13815,8816a01717fffff
13816,88178bad05fffff
13817,88178b689bfffff
13818,88178b6891fffff
13819,8816a5b313fffff
13820,88178b7405fffff
13821,88178b060dfffff
13822,88178bb211fffff
13823,88178b2283fffff
13824,8816a5b665fffff
13825,8816a5d047fffff
13826,8816164013fffff
13827,8816a0b25bfffff
13828,88178bb4a9fffff
13829,8816164231fffff
13830,88178b39a5fffff
13831,8816a5d6a7fffff
13832,88178baf4bfffff
13833,8816a552b1fffff
13834,88178b6583fffff
13835,88178948ddfffff
13836,88178baa95fffff
13837,8816a005e9fffff
13838,8816a59a55fffff
13839,8816a0a855fffff
13840,88178b10d7fffff
13841,8816a50223fffff
13842,8816a54c13fffff
13843,88178b6563fffff
13844,8816a00e55fffff
13845,8816a0b731fffff
13846,8816a55151fffff
13847,88178b8033fffff
13848,88178b0d05fffff
13849,8816a57303fffff
13850,8816a58125fffff
13851,8816a5b117fffff
13852,88178b1749fffff
13853,88178948d3fffff
13854,8816a51447fffff
13855,8816a0b485fffff
13856,8816a5c429fffff
13857,8816a54731fffff
13858,88178b7253fffff
13859,8816a5b303fffff
13860,8816a0b605fffff
13861,8817897953fffff
13862,8816a5710dfffff
13863,8816a0a221fffff
13864,88178b8635fffff
13865,8816a424d1fffff
13866,88178b1047fffff
13867,8817894d97fffff
13868,8816a5989bfffff
13869,88178b749bfffff
13870,8816164247fffff
13871,8816a5013bfffff
13872,8816a54b23fffff
13873,88178b2a39fffff
13874,8816a5a185fffff
13875,8816a50447fffff
13876,8816a516c3fffff
13877,88178b10b3fffff
13878,8816a57b43fffff
13879,8816164a87fffff
13880,8816165039fffff
13881,88178b84ebfffff
13882,88178b3629fffff
13883,88178b3843fffff
13884,8816a08495fffff
13885,88178ba187fffff
13886,88178bb70dfffff
13887,8816a5b759fffff
13888,88178b71d9fffff
13889,88178b72b5fffff
13890,88178b15c5fffff
13891,8816a5b293fffff
13892,88178b14d7fffff
13893,8816a59285fffff
13894,881616db11fffff
13895,8816a5d221fffff
13896,8816a5b315fffff
13897,8816a08de1fffff
13898,8816a5589bfffff
13899,8816a5896bfffff
13900,8816a58505fffff
13901,88178b2587fffff
13902,8816a5872bfffff
13903,88178b2ab7fffff
13904,88178b2955fffff
13905,88178b103dfffff
13906,8816a54401fffff
13907,8816a5cce1fffff
13908,8816a595b1fffff
13909,88178b6547fffff
13910,88178b34d7fffff
13911,8816a596c3fffff
13912,8816a59aa7fffff
13913,8816a58c25fffff
13914,88178ba9cbfffff
13915,88178bb187fffff
13916,8817896923fffff
13917,8816a5826dfffff
13918,8816a58065fffff
13919,8816a50b63fffff
13920,8816a0b62dfffff
13921,88178b8c45fffff
13922,88178bab13fffff
13923,8816a0b631fffff
13924,8816a58413fffff
13925,8816a5c0d1fffff
13926,88178b22c3fffff
13927,8816a5b0bbfffff
13928,88161651b1fffff
13929,88178bb2c5fffff
13930,8816a09595fffff
13931,8816a0866bfffff
13932,88178b02e7fffff
13933,88178b329dfffff
13934,8816a54f0bfffff
13935,8816a51a5bfffff
13936,8816a5cf21fffff
13937,8816a5434bfffff
13938,8816a56b51fffff
13939,8817894c89fffff
13940,8816a5b8d7fffff
13941,8816a5633dfffff
13942,8816a0150bfffff
13943,88178b02b9fffff
13944,88178bb433fffff
13945,88178b286dfffff
13946,8816a5b46bfffff
13947,8816a5d16dfffff
13948,8816a5b4a9fffff
13949,8816a00757fffff
13950,88178b8f31fffff
13951,88178b3b23fffff
13952,88178b9599fffff
13953,8816a0b8a1fffff
13954,8816164ea3fffff
13955,8816165b51fffff
13956,88178b0f1bfffff
13957,8816a50965fffff
13958,88178bb219fffff
13959,8816a59b29fffff
13960,88178ba085fffff
13961,8816a50711fffff
13962,88178ba405fffff
13963,88178b09edfffff
13964,8817897b1bfffff
13965,8816a5116dfffff
13966,88178b2cd1fffff
13967,8816a5969bfffff
13968,8816a518b3fffff
13969,8816a0b1c3fffff
13970,8816a5d507fffff
13971,8816a5cf51fffff
13972,88178b152bfffff
13973,8816a0b809fffff
13974,88178b1233fffff
13975,8816a50e6dfffff
13976,88178ba965fffff
13977,8816a5b0c3fffff
13978,88178b374bfffff
13979,88178b6a4dfffff
13980,8816a5da17fffff
13981,8816a5930bfffff
13982,8816a01723fffff
13983,88178b7627fffff
13984,88178b12e9fffff
13985,8816a50255fffff
13986,8817894d5dfffff
13987,8816a51335fffff
13988,8816a5012bfffff
13989,8816a0b463fffff
13990,88178bb1abfffff
13991,88178b6a1bfffff
13992,8816a50ce3fffff
13993,8816a51a91fffff
13994,88178b6599fffff
13995,88178b3035fffff
13996,88161679e7fffff
13997,8816a58469fffff
13998,8816a5c83bfffff
13999,8816a54c23fffff
14000,8816a5b217fffff
14001,88178b046bfffff
14002,8816a51031fffff
14003,8816a57163fffff
14004,88178bb113fffff
14005,881616416dfffff
14006,8817894f03fffff
14007,8816a0af09fffff
14008,8816a014c5fffff
14009,8816a5b829fffff
14010,88178b3a95fffff
14011,8816a5d9b1fffff
14012,88178b625dfffff
14013,8816a58911fffff
14014,8816a5935dfffff
14015,88178b611dfffff
14016,8816a51647fffff
14017,8816164f5dfffff
14018,88178b8e81fffff
14019,88178baed1fffff
14020,8816a5d15dfffff
14021,88178b15a5fffff
14022,8816a005e1fffff
14023,881616d949fffff
14024,8816a58a45fffff
14025,8816164093fffff
14026,8816a518a7fffff
14027,8816a5593bfffff
14028,8816a5b44dfffff
14029,88178baf4dfffff
14030,88178b6f49fffff
14031,8816a55955fffff
14032,88178b7281fffff
14033,88178b6447fffff
14034,88178b3263fffff
14035,88178b95dbfffff
14036,8816a015e5fffff
14037,88178b3459fffff
14038,8816a5505dfffff
14039,88178b12e5fffff
14040,8816a51681fffff
14041,88178b8f67fffff
14042,8816a5ab07fffff
14043,88178b7517fffff
14044,8817897843fffff
14045,88178ba9e3fffff
14046,88178bae3dfffff
14047,88178bb9a3fffff
14048,8816a554d9fffff
14049,88178b7143fffff
14050,8816a51183fffff
14051,8816a54c59fffff
14052,88178ba4bdfffff
14053,88178b718dfffff
14054,8816a0b821fffff
14055,8816a0b43bfffff
14056,8816a58183fffff
14057,8816a0aad7fffff
14058,8816a506c5fffff
14059,8816a5b4ebfffff
14060,8816a57a41fffff
14061,8816165aa3fffff
14062,88178b7ad9fffff
14063,88178b2aebfffff
14064,88178b8e93fffff
14065,88178b35e1fffff
14066,88178b3307fffff
14067,8816a58423fffff
14068,8816a08711fffff
14069,8816a00511fffff
14070,8816a425bbfffff
14071,8816a59943fffff
14072,88178b2f35fffff
14073,8816a0a25bfffff
14074,8816a5b2a3fffff
14075,8816a59885fffff
14076,8816a518dbfffff
14077,8816164709fffff
14078,8816a5b689fffff
14079,8816164ae5fffff
14080,88178ba2abfffff
14081,8816a55a87fffff
14082,8816164f41fffff
14083,88178ba16dfffff
14084,88178b8011fffff
14085,88178b395dfffff
14086,88178b18a7fffff
14087,88178b71a7fffff
14088,8816a5d127fffff
14089,8816a511b9fffff
14090,8816a5c8d9fffff
14091,88178b6c0bfffff
14092,88178b3705fffff
14093,881616d937fffff
14094,88178b8699fffff
14095,8816a50517fffff
14096,8816a551b5fffff
14097,8816a50131fffff
14098,88178b3933fffff
14099,8816a54721fffff
14100,8816a59927fffff
14101,8816a57917fffff
14102,8816a5b89bfffff
14103,8816a5cf39fffff
14104,8816164c43fffff
14105,88178b08a9fffff
14106,88178bb6b5fffff
14107,8816a09411fffff
14108,8816a550dbfffff
14109,88178b840bfffff
14110,8816a5071bfffff
14111,8816a5023dfffff
14112,8816a58a25fffff
14113,8816a5813dfffff
14114,8816a5441dfffff
14115,881616500bfffff
14116,8816a54247fffff
14117,8816a5b92bfffff
14118,8816a01603fffff
14119,88178b858bfffff
14120,8816a00533fffff
14121,88161640d7fffff
14122,8816a01765fffff
14123,8816164d1dfffff
14124,8816a591c5fffff
14125,8816164da1fffff
14126,88178b8d3dfffff
14127,8816a0055bfffff
14128,88178b15e7fffff
14129,8816a5b633fffff
14130,8816a5a86bfffff
14131,8816a5cb43fffff
14132,8816a554d7fffff
14133,8817894debfffff
14134,8816a426dbfffff
14135,8816a01415fffff
14136,8816a54b69fffff
14137,8816a54713fffff
14138,88178ba8a1fffff
14139,8816a5d13bfffff
14140,88178b64d7fffff
14141,88178b384bfffff
14142,88178b09c9fffff
14143,88178b2d19fffff
14144,8816165a03fffff
14145,8816165227fffff
14146,88178bba8bfffff
14147,8816a426abfffff
14148,8816a500d7fffff
14149,8816a51091fffff
14150,88178b241bfffff
14151,8816a08eb5fffff
14152,88178b721bfffff
14153,88178b0917fffff
14154,8816a5165dfffff
14155,88178b66e3fffff
14156,8816a0b9adfffff
14157,88178b6ea5fffff
14158,88178b644bfffff
14159,8817897847fffff
14160,8816a50645fffff
14161,8816165861fffff
14162,88178b16e9fffff
14163,8816a54e15fffff
14164,8816a005c5fffff
14165,8816a5b023fffff
14166,8816a0b433fffff
14167,8816165005fffff
14168,8816164b51fffff
14169,88178b012bfffff
14170,8816a589b5fffff
14171,8816a58b23fffff
14172,8816a515bdfffff
14173,8816a5b291fffff
14174,8816164935fffff
14175,8816a00465fffff
14176,8816a50e2dfffff
14177,8816a5b955fffff
14178,8816a5c021fffff
14179,8816a5c8b1fffff
14180,8816a5b84dfffff
14181,88178bb98bfffff
14182,8816a5c123fffff
14183,881616415bfffff
14184,88178b2b25fffff
14185,8816167b31fffff
14186,88178b2e01fffff
14187,88178baa01fffff
14188,88178b363dfffff
14189,88178b6c91fffff
14190,8816a5606dfffff
14191,88178b101dfffff
14192,8816a0bb35fffff
14193,8816a54185fffff
14194,88178b15d9fffff
14195,88178b2659fffff
14196,8816a5d8a9fffff
14197,8816164e55fffff
14198,88178b6cd9fffff
14199,88178b3137fffff
14200,8816a548e3fffff
14201,8816a549bdfffff
14202,8816a58743fffff
14203,88161658e3fffff
14204,8816a59869fffff
14205,88178b7667fffff
14206,88178b15b5fffff
14207,88178b0de1fffff
14208,8816a58833fffff
14209,8816a5555bfffff
14210,8816a57aa3fffff
14211,8816a4a491fffff
14212,8816a58197fffff
14213,8816a5b055fffff
14214,8816a5c547fffff
14215,8816a015ddfffff
14216,8817897a25fffff
14217,88178b21b7fffff
14218,8816a0864dfffff
14219,88178ba6c3fffff
14220,88161659e7fffff
14221,88178bb14dfffff
14222,8816a5c931fffff
14223,8816a0a241fffff
14224,8816a5b931fffff
14225,88178b8463fffff
14226,8816a5c223fffff
14227,8816164c61fffff
14228,88178b11cbfffff
14229,8816a502cdfffff
14230,8816a085c9fffff
14231,8816a5b8e7fffff
14232,8816a5d6d5fffff
14233,88178baa9dfffff
14234,8816a59125fffff
14235,8816a5118bfffff
14236,8816a54ad1fffff
14237,8816a55a33fffff
14238,88178b1099fffff
14239,88178b6033fffff
14240,8816164509fffff
14241,88178b85e1fffff
14242,88178b3333fffff
14243,88161645e5fffff
14244,8816a5715bfffff
14245,8816a5aa11fffff
14246,8816a545c1fffff
14247,8816a0ba69fffff
14248,8816a572cdfffff
14249,88178b3369fffff
14250,8816a5403bfffff
14251,8816a54345fffff
14252,88178b0aedfffff
14253,8816a57b59fffff
14254,8816a0848dfffff
14255,8816a006c7fffff
14256,8816a5b697fffff
14257,88178b95d9fffff
14258,88178b6759fffff
14259,88178baf07fffff
14260,8816a5c153fffff
14261,8816a5c193fffff
14262,88161648e5fffff
14263,8816a5ba17fffff
14264,8816a54d83fffff
14265,8816a5d0c7fffff
14266,8816a55045fffff
14267,8816a58181fffff
14268,8816a5125bfffff
14269,8816a0151bfffff
14270,88178b60e1fffff
14271,88178bb937fffff
14272,88178b6c4bfffff
14273,8816a0a9c9fffff
14274,88178b88ddfffff
14275,88178b0c99fffff
14276,8816164533fffff
14277,8816a5dac9fffff
14278,8816a50805fffff
14279,88178b8ab9fffff
14280,8816a5cda5fffff
14281,8816a54033fffff
14282,8817894c2dfffff
14283,8816a5444bfffff
14284,88178baad9fffff
14285,8816a550a9fffff
14286,88178b7097fffff
14287,8816a5864dfffff
14288,88178b7ad5fffff
14289,8817894d43fffff
14290,88178b69c9fffff
14291,8816a5a669fffff
14292,8816a54e6bfffff
14293,88178bb4edfffff
14294,88178b6dbdfffff
14295,88178b11a3fffff
14296,88178b2603fffff
14297,8816a55a31fffff
14298,88178b85adfffff
14299,88178ba919fffff
14300,8816a55a11fffff
14301,8816164d37fffff
14302,88178b0a1dfffff
14303,8816a58c35fffff
14304,88178b2403fffff
14305,8816a54321fffff
14306,8816164115fffff
14307,8816a0870bfffff
14308,88178b16bbfffff
14309,88178b8533fffff
14310,88178b6257fffff
14311,88178b2ec5fffff
14312,88178b8297fffff
14313,8816164dc1fffff
14314,8816a0a823fffff
14315,88178b2e21fffff
14316,88178ba369fffff
14317,8816a55453fffff
14318,8816a5c945fffff
14319,8816164907fffff
14320,88178b341dfffff
14321,8816165b4dfffff
14322,8816a0a327fffff
14323,8816a0b503fffff
14324,8816a58237fffff
14325,88178b0595fffff
14326,8816a57105fffff
14327,8816a5573bfffff
14328,8816a5730dfffff
14329,88161650d1fffff
14330,8816a5c35bfffff
14331,8816a5c761fffff
14332,8816a5556bfffff
14333,88178b8c31fffff
14334,8816a50243fffff
14335,88178b8299fffff
14336,8816a51195fffff
14337,8816a5d467fffff
14338,88161642bbfffff
14339,8816a0a249fffff
14340,8816165235fffff
14341,881616500dfffff
14342,8816a50897fffff
14343,88178b2a41fffff
14344,8816a54ed7fffff
14345,8816a5c0bdfffff
14346,8816a51585fffff
14347,8816164eebfffff
14348,8816a5d283fffff
14349,88178b2b0bfffff
14350,8816a51449fffff
14351,88178b6653fffff
14352,8816a58e49fffff
14353,8816a00609fffff
14354,8816a5721dfffff
14355,88178baaedfffff
14356,8816a58b2dfffff
14357,88178b20e5fffff
14358,88178b6423fffff
14359,88178b6437fffff
14360,8816a014ddfffff
14361,8816a5d2b7fffff
14362,8816a51757fffff
14363,88178b80ebfffff
14364,88178b6dedfffff
14365,8816165767fffff
14366,88178b0f17fffff
14367,88178b6049fffff
14368,8816a5993dfffff
14369,8816a57805fffff
14370,8816a54dcdfffff
14371,8816164821fffff
14372,8816a5d4adfffff
14373,8816a50c03fffff
14374,88178b6d6dfffff
14375,88178bb85bfffff
14376,8816a508c1fffff
14377,8816a0a20dfffff
14378,8816a5cc61fffff
14379,8816a5884bfffff
14380,8816a00567fffff
14381,8816a5d1d1fffff
14382,8816a599ebfffff
14383,88178ba253fffff
14384,8817896ae9fffff
14385,88178b2db3fffff
14386,8816a5529bfffff
14387,88178b10cbfffff
14388,88178bb10bfffff
14389,88178b3989fffff
14390,8816a5115dfffff
14391,8816a55193fffff
14392,8816a51045fffff
14393,8816a080d5fffff
14394,8816a5cd97fffff
14395,8816a5a21bfffff
14396,8816a50f1dfffff
14397,8816a500e3fffff
14398,8816a5b0dbfffff
14399,88178b2e39fffff
14400,8816164c17fffff
14401,8816a54db9fffff
14402,8816a5784dfffff
14403,88178b7691fffff
14404,8816a5c4e3fffff
14405,88178b0eabfffff
14406,8816164127fffff
14407,8816a5c2bbfffff
14408,8816a0b5c7fffff
14409,8816a5b407fffff
14410,88178b02adfffff
14411,8816a51b6bfffff
14412,8816164133fffff
14413,8816a5b311fffff
14414,8817896b29fffff
14415,8816a57ad1fffff
14416,88178b8eb9fffff
14417,8816a59581fffff
14418,8816a5868dfffff
14419,8816a42699fffff
14420,8816a58e2bfffff
14421,8816a58051fffff
14422,88178b62c9fffff
14423,8816a502d5fffff
14424,8816a50457fffff
14425,8816a54a1bfffff
14426,8816a0a2c7fffff
14427,8816a551c7fffff
14428,8816a5c031fffff
14429,8816165957fffff
14430,8816a56b4bfffff
14431,8816a5550dfffff
14432,8816a00403fffff
14433,8816a585cbfffff
14434,8816a5d4e1fffff
14435,8816a508a3fffff
14436,88178ba19dfffff
14437,8816a5dac3fffff
14438,88178b0f37fffff
14439,8816a5993bfffff
14440,88178b10d1fffff
14441,88178b0723fffff
14442,88178b6713fffff
14443,8816a59a49fffff
14444,8816a5c231fffff
14445,88178b11e5fffff
14446,8816a5860bfffff
14447,88178b085dfffff
14448,8817897a05fffff
14449,88161644e5fffff
14450,88178bb04bfffff
14451,88178948e3fffff
14452,88178b8713fffff
14453,8816a58a47fffff
14454,88178b3411fffff
14455,8817897b3dfffff
14456,8816a591edfffff
14457,88178b6009fffff
14458,8816a58647fffff
14459,8816a58103fffff
14460,8816a5ce0bfffff
14461,88178b16c9fffff
14462,8817894f27fffff
14463,88178b869bfffff
14464,8816a518edfffff
14465,8816a50b49fffff
14466,8816a59693fffff
14467,8816a5b1b3fffff
14468,88178b25ebfffff
14469,8816a5d607fffff
14470,88178b39cdfffff
14471,8816a5cd23fffff
14472,8816a0a24dfffff
14473,8816a086c1fffff
14474,8816a58867fffff
14475,881616d959fffff
14476,8816a5a20bfffff
14477,88178ba6bdfffff
14478,8816a5cd13fffff
14479,8816a016d1fffff
14480,8816a5b019fffff
14481,8816a5d8a3fffff
14482,8816a59a23fffff
14483,88161641e9fffff
14484,8816a5c81dfffff
14485,8816a0b4c5fffff
14486,8816a58525fffff
14487,8816a5153bfffff
14488,88178b645dfffff
14489,8816a5cc85fffff
14490,88178b3725fffff
14491,88178b8e0bfffff
14492,8816a08debfffff
14493,88178b6e11fffff
14494,881616db27fffff
14495,8816a00635fffff
14496,88178b8285fffff
14497,88178bba9dfffff
14498,8816164e61fffff
14499,8816164053fffff
14500,8816a594c9fffff
14501,8816a0a167fffff
14502,8816a57155fffff
14503,8816a50d63fffff
14504,88178b6069fffff
14505,88178baf19fffff
14506,88178bb6cbfffff
14507,8816a5472dfffff
14508,8816a5802dfffff
14509,8816a5569bfffff
14510,88161659e5fffff
14511,88178b859bfffff
14512,88178ba0c7fffff
14513,8816a54633fffff
14514,88178b8581fffff
14515,8816a54e33fffff
14516,8816a54f61fffff
14517,8816a51297fffff
14518,88178bb591fffff
14519,8816a55455fffff
14520,8816a00717fffff
14521,8816a5a069fffff
14522,8816a00519fffff
14523,8816a0b51bfffff
14524,8816a0b2a5fffff
14525,8816164025fffff
14526,8816a5c565fffff
14527,88178b29c1fffff
14528,8816a54ed5fffff
14529,88178b69d5fffff
14530,8816a08749fffff
14531,8817897851fffff
14532,88178b22c9fffff
14533,88178b28c1fffff
14534,88178bb481fffff
14535,8816a5d149fffff
14536,8816a08cb9fffff
14537,8816a58817fffff
14538,8816164d89fffff
14539,88178b0acdfffff
14540,8816a5d34bfffff
14541,8816a56b43fffff
14542,88178b8cb9fffff
14543,8816a0b9a9fffff
14544,8816a5b8a7fffff
14545,8816a0a1b9fffff
14546,8816a0846bfffff
14547,88178b6d9dfffff
14548,8816a5975bfffff
14549,8816a5011dfffff
14550,88178b25ddfffff
14551,88178b3847fffff
14552,88178b0d47fffff
14553,8816a5c99dfffff
14554,8816a5120dfffff
14555,88178b0aadfffff
14556,8816a515a5fffff
14557,88178b2117fffff
14558,8816a5c9edfffff
14559,88178b2755fffff
14560,88178ba443fffff
14561,88178b32a9fffff
14562,8816a0b6e3fffff
14563,88178bb90dfffff
14564,88178b335bfffff
14565,8816a01631fffff
14566,88178b6f35fffff
14567,88178b9463fffff
14568,8816a5aa9dfffff
14569,8816164c31fffff
14570,88178979b9fffff
14571,8816a5d88dfffff
14572,8816a5b9e9fffff
14573,8816a5d6a9fffff
14574,8816a5d451fffff
14575,88178b6407fffff
14576,88178b0c8dfffff
14577,88161650ebfffff
14578,88178b60edfffff
14579,8816a5713dfffff
14580,88178b28c5fffff
14581,88178b6517fffff
14582,8816a5cdc1fffff
14583,8816a0b165fffff
14584,88178b7583fffff
14585,88178b6157fffff
14586,8816a59707fffff
14587,8816a5cc81fffff
14588,8816a0b583fffff
14589,8817896a01fffff
14590,8816a0b5ddfffff
14591,88178ba59bfffff
14592,8816a08e2dfffff
14593,8816165b3bfffff
14594,88178b36a1fffff
14595,88178b2809fffff
14596,88178b8da3fffff
14597,8816a5d09dfffff
14598,88178b0f47fffff
14599,88178b292dfffff
14600,8816a5cb37fffff
14601,8816a5b929fffff
14602,8816a5b051fffff
14603,88161652e5fffff
14604,8816a5b54dfffff
14605,8816a0a21dfffff
14606,8816a55333fffff
14607,8816a57a11fffff
14608,88178b6299fffff
14609,8816a55241fffff
14610,8816a54859fffff
14611,8816a58807fffff
14612,8816a5c1e7fffff
14613,8816164c1dfffff
14614,8816a5a251fffff
14615,8816a086d9fffff
14616,8817896ac1fffff
14617,8816a58729fffff
14618,88161641a5fffff
14619,8816165317fffff
14620,88178b25dbfffff
14621,8817896b51fffff
14622,88178b1a83fffff
14623,8816a54629fffff
14624,8816a095d3fffff
14625,8816a55a85fffff
14626,8816a5c88bfffff
14627,8816a578cbfffff
14628,88178b81dbfffff
14629,88178bb713fffff
14630,88178b8e63fffff
14631,8816a51283fffff
14632,88161645a3fffff
14633,8816a5c301fffff
14634,88178bb2a7fffff
14635,8816164de5fffff
14636,8816a5c82dfffff
14637,88178b2761fffff
14638,8816a5c741fffff
14639,8816a005dbfffff
14640,8816a5b461fffff
14641,88178b10d9fffff
14642,8816a5846dfffff
14643,8816a55665fffff
14644,8816a54947fffff
14645,88178b14d3fffff
14646,8816a00589fffff
14647,88178b0361fffff
14648,88178b18dbfffff
14649,88178b7125fffff
14650,88178ba26dfffff
14651,8817894d19fffff
14652,8816a50539fffff
14653,8816a095c5fffff
14654,8816164e31fffff
14655,8816a54309fffff
14656,8816a54209fffff
14657,8816a54253fffff
14658,8816a5c23dfffff
14659,8816a5480bfffff
14660,8816164501fffff
14661,8816a0b749fffff
14662,8816a58c99fffff
14663,8816a592c5fffff
14664,8816a540c9fffff
14665,88178bba53fffff
14666,8816a510d1fffff
14667,88178bb2e3fffff
14668,8816a50095fffff
14669,8816a006b7fffff
14670,8816a519c1fffff
14671,8816a548d3fffff
14672,8816a5d093fffff
14673,8816a0a8d9fffff
14674,881616c967fffff
14675,88178bb253fffff
14676,88178b6eb3fffff
14677,8816a5d023fffff
14678,88161658a7fffff
14679,8816a5b4e3fffff
14680,88178b731bfffff
14681,8816a5cc25fffff
14682,88178b0489fffff
14683,8816a546c3fffff
14684,8816164345fffff
14685,8816a51983fffff
14686,8816a5cdb1fffff
14687,8816a5401bfffff
14688,8816a5d49dfffff
14689,8816a5cf0bfffff
14690,881616414bfffff
14691,88178b1523fffff
14692,8816a0b181fffff
14693,88178b8723fffff
14694,8816a5ce99fffff
14695,8816a50a51fffff
14696,8816a0a20bfffff
14697,88178b7433fffff
14698,8817894c1bfffff
14699,8816a590e1fffff
14700,8816a0ab35fffff
14701,8816a5c76dfffff
14702,8816a0850dfffff
14703,88178b2613fffff
14704,8816a0056dfffff
14705,8816a55625fffff
14706,8816a5031bfffff
14707,8816a0ba2bfffff
14708,88178bb709fffff
14709,8816a08645fffff
14710,88178b81adfffff
14711,88161645b9fffff
14712,8817894933fffff
14713,88161651d7fffff
14714,8816a519b3fffff
14715,8816165acdfffff
14716,8816a5b981fffff
14717,88178b8eabfffff
14718,8816a5111dfffff
14719,8817897ae5fffff
14720,88178b8e3bfffff
14721,8816a514b1fffff
14722,8816164c0dfffff
14723,8816a5b895fffff
14724,8816a08ea3fffff
14725,88178b2201fffff
14726,8816a5472bfffff
14727,8816a591b3fffff
14728,8816a01503fffff
14729,88178b769bfffff
14730,881616434bfffff
14731,8817894c8dfffff
14732,88178b3883fffff
14733,88178979c5fffff
14734,8816164925fffff
14735,88178bb453fffff
14736,8816a54d3bfffff
14737,88178b3b1dfffff
14738,88178b052dfffff
14739,8816a59853fffff
14740,8816a0b931fffff
14741,88178b3ad5fffff
14742,8816a0074dfffff
14743,8816164b4bfffff
14744,8816164557fffff
14745,8816a56313fffff
14746,88178ba89bfffff
14747,8816a549c3fffff
14748,8816a015e3fffff
14749,8816a54b61fffff
14750,88178ba167fffff
14751,88178b95c1fffff
14752,8816a014dbfffff
14753,88178b66adfffff
14754,88178bab65fffff
14755,8816164c21fffff
14756,8816a5b551fffff
14757,8816a0b933fffff
14758,88178b6459fffff
14759,8816a5ce31fffff
14760,8816a5b05bfffff
14761,8816a58099fffff
14762,88178b18bdfffff
14763,8816a549c9fffff
14764,8816a00417fffff
14765,88178b06cbfffff
14766,8816a5c28dfffff
14767,8816a57893fffff
14768,8816a50727fffff
14769,88178b95b5fffff
14770,8816a5c1d3fffff
14771,88178b35c3fffff
14772,8816a592c9fffff
14773,88178b8559fffff
14774,88178b752bfffff
14775,88178b0269fffff
14776,88178b6f5bfffff
14777,8816a5c9a3fffff
14778,8816a58a13fffff
14779,88161640c1fffff
14780,8816a5c287fffff
14781,8816164d3bfffff
14782,8816164b25fffff
14783,8816a50555fffff
14784,88178b2335fffff
14785,8816a59659fffff
14786,88178ba227fffff
14787,8816a5c4a3fffff
14788,88178b0463fffff
14789,8816a578a7fffff
14790,8816164525fffff
14791,8816a50751fffff
14792,88178b6101fffff
14793,88178ba8d5fffff
14794,8816a58c13fffff
14795,8816a54583fffff
14796,8816a515b3fffff
14797,8816a5cf0dfffff
14798,88178ba5edfffff
14799,8816a59085fffff
14800,8816a584a1fffff
14801,8816a0b4b3fffff
14802,8816a58cdbfffff
14803,88178b11c9fffff
14804,8816164ee7fffff
14805,8816a510d5fffff
14806,8816a54143fffff
14807,88178b3891fffff
14808,8816a5b8e9fffff
14809,88178b72abfffff
14810,88178b78c9fffff
14811,8816a09401fffff
14812,8816a096e7fffff
14813,8816a5cd39fffff
14814,88178b1713fffff
14815,88178baeabfffff
14816,8816164319fffff
14817,88178b8cddfffff
14818,88161645d9fffff
14819,88178ba837fffff
14820,8816a5ab35fffff
14821,8816a59ae1fffff
14822,88178bad85fffff
14823,8816a0b4bdfffff
14824,8816a0a151fffff
14825,8816a08c83fffff
14826,88178b6083fffff
14827,8817896a1dfffff
14828,8817894ca7fffff
14829,88178bb9b7fffff
14830,881616423dfffff
14831,88161650c1fffff
14832,88161658a5fffff
14833,88178b6c13fffff
14834,88178b2ddbfffff
14835,8816165a3dfffff
14836,88178bb123fffff
14837,88178bb84dfffff
14838,88178ba917fffff
14839,88178b0c6dfffff
14840,8816a0b8bbfffff
14841,8816a554b1fffff
14842,8816a55939fffff
14843,881616cb67fffff
14844,88178bb335fffff
14845,8816a59283fffff
14846,8816a5b0d9fffff
14847,8817896b53fffff
14848,88178b0ccbfffff
14849,88178b8881fffff
14850,8816a5b8e5fffff
14851,8816a0aa65fffff
14852,8816a50115fffff
14853,8816a006bbfffff
14854,88178ba341fffff
14855,88178b6d4dfffff
14856,8816a5d0adfffff
14857,88178b1513fffff
14858,8816a0b291fffff
14859,8816a0ba09fffff
14860,8816a5ba37fffff
14861,88178b1601fffff
14862,88178b6d23fffff
14863,88178ba4ebfffff
14864,88178b6401fffff
14865,8816a5d991fffff
14866,88178b8515fffff
14867,8816a5c557fffff
14868,8816a57211fffff
14869,88178b1633fffff
14870,881789786bfffff
14871,8816a5916bfffff
14872,88178b05e1fffff
14873,88178b1289fffff
14874,8816164e99fffff
14875,8816a55427fffff
14876,88178b35b1fffff
14877,8816a50437fffff
14878,88178b1201fffff
14879,88178b8205fffff
14880,8817896935fffff
14881,8816164ab7fffff
14882,88178b65e3fffff
14883,88178b8cb7fffff
14884,88178b75a7fffff
14885,88178b2de1fffff
14886,88178b38e1fffff
14887,881616db65fffff
14888,8816a54023fffff
14889,8816a5b647fffff
14890,8816a5448dfffff
14891,88178ba55bfffff
14892,8816a55b45fffff
14893,8816a0a111fffff
14894,88178b1537fffff
14895,8816a581d1fffff
14896,8816a57b27fffff
14897,8816a55223fffff
14898,8816a51723fffff
14899,88178b9503fffff
14900,8816a5c2e1fffff
14901,8816a596a9fffff
14902,8816a58b31fffff
14903,8816a54983fffff
14904,88178b652bfffff
14905,88178b0829fffff
14906,8816a0940dfffff
14907,881616405dfffff
14908,8816a54b03fffff
14909,88178b3983fffff
14910,8816a5d4b3fffff
14911,88178b16a3fffff
14912,88178b609dfffff
14913,8816a5901bfffff
14914,8816a58247fffff
14915,8816a0b599fffff
14916,8816a0ab41fffff
14917,8816a50b65fffff
14918,88178ba4a5fffff
14919,8816165731fffff
14920,88178bb327fffff
14921,88178b3509fffff
14922,88178b3223fffff
14923,8816a54065fffff
14924,8816a5900dfffff
14925,8816a5ca03fffff
14926,8816a55181fffff
14927,8816a55739fffff
14928,8816a5a31bfffff
14929,8816a0b609fffff
14930,88178ba835fffff
14931,88178b95edfffff
14932,8816a59a25fffff
14933,8816a5b02dfffff
14934,88178b3649fffff
14935,8816a58e83fffff
14936,88178b09cbfffff
14937,88178b7897fffff
14938,8816a5c751fffff
14939,8816a51003fffff
14940,88178bb44dfffff
14941,8816a54c39fffff
14942,8816164d65fffff
14943,8816a59587fffff
14944,88178b7625fffff
14945,88178b2353fffff
14946,88178b0f57fffff
14947,88178b2719fffff
14948,88178bab41fffff
14949,8816a5c443fffff
14950,8816a549bbfffff
14951,88178b866bfffff
14952,8816a50e17fffff
14953,88178b1695fffff
14954,88178b05d7fffff
14955,8816164d29fffff
14956,8816a0162dfffff
14957,8816164a59fffff
14958,88178b716bfffff
14959,88178b271dfffff
14960,8816a58239fffff
14961,8816165003fffff
14962,8816a5c131fffff
14963,8816a505e9fffff
14964,8816164f65fffff
14965,88178b805bfffff
14966,88178b8517fffff
14967,88178b2133fffff
14968,8816a54e97fffff
14969,8816a55499fffff
14970,8816a58963fffff
14971,8816a58603fffff
14972,8816a5086bfffff
14973,8816a0052bfffff
14974,88178b76b5fffff
14975,8816a096b1fffff
14976,8816a57a99fffff
14977,8816a58433fffff
14978,8816a590d3fffff
14979,88178b34c9fffff
14980,8816a5ca49fffff
14981,88178b099dfffff
14982,8816a5c1d9fffff
14983,8816a0bb0dfffff
14984,8816165325fffff
14985,8816a50a4bfffff
14986,8816a5aa17fffff
14987,8816a506a9fffff
14988,8816a5869dfffff
14989,8816a589d5fffff
14990,88178bab0bfffff
14991,8816a5999dfffff
14992,8816a08ed5fffff
14993,8816a0b4b9fffff
14994,8816a5c9cbfffff
14995,8816a5953bfffff
14996,8816a0b197fffff
14997,8816a5c767fffff
14998,88178b8e23fffff
14999,8816a5cee5fffff
15000,8816a004e5fffff
15001,88178bac67fffff
15002,88178b1069fffff
15003,8816165019fffff
15004,88178b6ce7fffff
15005,88178b3301fffff
15006,88178b1a97fffff
15007,8816a57a49fffff
15008,88178ba12dfffff
15009,88178b819bfffff
15010,88178b263bfffff
15011,88178ba265fffff
15012,88178b0ecdfffff
15013,8816a0a199fffff
15014,881616c921fffff
15015,8816a5a05bfffff
15016,8816a08c37fffff
15017,8816a50201fffff
15018,8816a5d141fffff
15019,88178bb199fffff
15020,8816a59b2dfffff
15021,8816a5ccc3fffff
15022,88161645d5fffff
15023,8816a50801fffff
15024,881616480bfffff
15025,88178b10a7fffff
15026,8816a58ec3fffff
15027,8816a54843fffff
15028,8816a55201fffff
15029,88178b2221fffff
15030,88178b3021fffff
15031,88178ba451fffff
15032,88178b1889fffff
15033,88178ba4c5fffff
15034,8816a5b1cdfffff
15035,88178bb023fffff
15036,88178b8237fffff
15037,8816a5a191fffff
15038,8816a59aabfffff
15039,8816a545b7fffff
15040,8816a5032dfffff
15041,8816a5c2c5fffff
15042,8816a5c563fffff
15043,88178b6d89fffff
15044,8816a54ea7fffff
15045,8816a0b18dfffff
15046,8816a0a339fffff
15047,8816a58899fffff
15048,88178bb667fffff
15049,88178b121dfffff
15050,8816a58a83fffff
15051,88178b6711fffff
15052,88178b0d8bfffff
15053,8816a5a867fffff
15054,8816a08eabfffff
15055,88178b24e5fffff
15056,8816a5a2dbfffff
15057,88161659a7fffff
15058,88178b0363fffff
15059,88178b75ddfffff
15060,8816164de1fffff
15061,8816a50265fffff
15062,881616d96bfffff
15063,8816a506adfffff
15064,8816a5cdc9fffff
15065,8816a5c053fffff
15066,88178b71cbfffff
15067,881616440bfffff
15068,88178b94b7fffff
15069,8816a5a729fffff
15070,88178b04adfffff
15071,8816164315fffff
15072,8816a5b569fffff
15073,88178bac39fffff
15074,8816a50205fffff
15075,88178b3463fffff
15076,88178b2f39fffff
15077,8816a5a0d7fffff
15078,8816a0a8c1fffff
15079,881616546bfffff
15080,88178b604dfffff
15081,88178bb6b3fffff
15082,88178b24b5fffff
15083,8816a5b4ddfffff
15084,88178b7a81fffff
15085,8817897841fffff
15086,8816a544ebfffff
15087,8816a00585fffff
15088,88178b7023fffff
15089,88178b061bfffff
15090,8817894eb1fffff
15091,8816164955fffff
15092,88178ba58dfffff
15093,8816a01767fffff
15094,8816a0af41fffff
15095,88178b75c3fffff
15096,88178ba4a9fffff
15097,8816a426e1fffff
15098,8816a08593fffff
15099,8816a58a0bfffff
15100,8816a58955fffff
15101,8816a57837fffff
15102,88178b76cbfffff
15103,88178b9549fffff
15104,88178b2dcdfffff
15105,88178ba229fffff
15106,88178b3053fffff
15107,88178ba8bbfffff
15108,8816a08743fffff
15109,88178b95c5fffff
15110,8816a50dd9fffff
15111,8816a50359fffff
15112,88178b2d37fffff
15113,8816a004edfffff
15114,881616509bfffff
15115,8816a5b8e1fffff
15116,8817896a65fffff
15117,8816a4249dfffff
15118,8816a0144bfffff
15119,8816a59333fffff
15120,8816a548a5fffff
15121,88178b1737fffff
15122,8816a51417fffff
15123,88178b72a9fffff
15124,8816a57345fffff
15125,88178b2b6bfffff
15126,8816a50b03fffff
15127,881616db49fffff
15128,8816a59709fffff
15129,88178b610dfffff
15130,88178b30c7fffff
15131,88178b3aa5fffff
15132,8816a54a35fffff
15133,88178b02a5fffff
15134,88178b2a31fffff
15135,8816a08da7fffff
15136,8816a510d7fffff
15137,8816a096c3fffff
15138,88178b18abfffff
15139,88178b0c03fffff
15140,88161642d1fffff
15141,8816a5b007fffff
15142,88178ba0e3fffff
15143,88178b71d7fffff
15144,88178b39b5fffff
15145,8816a5d62dfffff
15146,8816a5a1e5fffff
15147,88178b2c69fffff
15148,8816a0ba31fffff
15149,88178b0a17fffff
15150,8816a588cbfffff
15151,8816a50f2dfffff
15152,88178baa03fffff
15153,88178b0705fffff
15154,8817894d8bfffff
15155,88178ba709fffff
15156,88178bb9e3fffff
15157,8816a5c567fffff
15158,8816164a8bfffff
15159,88178b6701fffff
15160,8816a5bac9fffff
15161,88178bb927fffff
15162,8816a50221fffff
15163,8816a558a9fffff
15164,8816a5d101fffff
15165,88178b228bfffff
15166,88178bb981fffff
15167,8816a57827fffff
15168,8816a501abfffff
15169,88178b3863fffff
15170,8816a0a90dfffff
15171,8816a5d261fffff
15172,88178b05e7fffff
15173,8816a595b5fffff
15174,8816a592e7fffff
15175,88178ba913fffff
15176,88178baea5fffff
15177,88178b8695fffff
15178,8816a0949dfffff
15179,8816a5d535fffff
15180,8816a58eadfffff
15181,8816a515ebfffff
15182,88178b3a9dfffff
15183,8816a5d8d1fffff
15184,88178b1515fffff
15185,8816a5589dfffff
15186,8816a086b5fffff
15187,88161658c3fffff
15188,88178b3315fffff
15189,88178b0ab5fffff
15190,88178b6331fffff
15191,8816a59117fffff
15192,8816a58185fffff
15193,8816a0ba01fffff
15194,8816a5d51dfffff
15195,88178ba431fffff
15196,88178bae0bfffff
15197,88178bad45fffff
15198,88178b72e7fffff
15199,8816a55029fffff
15200,88178b1629fffff
15201,8816a5c027fffff
15202,8816a59997fffff
15203,8816a0b1cbfffff
15204,8816a5d363fffff
15205,8816a0ba33fffff
15206,8816a580d9fffff
15207,88178b09cdfffff
15208,8816a51301fffff
15209,88178b12b3fffff
15210,8816a5093bfffff
15211,8816a5572bfffff
15212,88178b29d5fffff
15213,88178baad1fffff
15214,88178bb321fffff
15215,88178b351dfffff
15216,8816a55327fffff
15217,8816a54f2dfffff
15218,88178b3635fffff
15219,8816a5ba35fffff
15220,8816165089fffff
15221,8816a01507fffff
15222,88178b08b9fffff
15223,88178b854bfffff
15224,88178b6133fffff
15225,8816a5d1b3fffff
15226,8817894c55fffff
15227,88178b0213fffff
15228,88178bb761fffff
15229,8816a54d41fffff
15230,8816164f1dfffff
15231,88178b28e7fffff
15232,8816a016c1fffff
15233,88178b6e27fffff
15234,8816a50885fffff
15235,8816a5008dfffff
15236,881616c943fffff
15237,8816a58627fffff
15238,88178ba41bfffff
15239,88178b6da7fffff
15240,8816a5982dfffff
15241,8816a5089bfffff
15242,8816a0869dfffff
15243,8816a5d049fffff
15244,88178b3995fffff
15245,8816a55403fffff
15246,8816a5b09dfffff
15247,88178b05ddfffff
15248,88178b0137fffff
15249,8816165995fffff
15250,88178bb299fffff
15251,8816a54057fffff
15252,8816a56155fffff
15253,8816a57a61fffff
15254,8816a50f4bfffff
15255,88178ba039fffff
15256,8816a588abfffff
15257,88178b841bfffff
15258,88178b0e61fffff
15259,8816a57a57fffff
15260,8816a58643fffff
15261,88178b7291fffff
15262,8816a5a85bfffff
15263,8816165a17fffff
15264,8816a0058bfffff
15265,88178b6c1dfffff
15266,8816a515d3fffff
15267,88178b7057fffff
15268,8816a59b3bfffff
15269,8816164b2dfffff
15270,88178b12d3fffff
15271,8816a5d853fffff
15272,8816a0a1c7fffff
15273,88178b76b1fffff
15274,8816a5cebbfffff
15275,88178b1539fffff
15276,881789792bfffff
15277,8816164e0bfffff
15278,88178b11b5fffff
15279,8816a50967fffff
15280,88178b289dfffff
15281,8816a5094bfffff
15282,8816a5dad1fffff
15283,88178b8043fffff
15284,8816a01453fffff
15285,8816a50267fffff
15286,88178b3ac1fffff
15287,881789489bfffff
15288,8816a5548dfffff
15289,8817897967fffff
15290,8816a598abfffff
15291,88178b0d6dfffff
15292,8816a5da13fffff
15293,8816165151fffff
15294,8816a599b7fffff
15295,88178b01e5fffff
15296,88178b2405fffff
15297,88178bbb29fffff
15298,88178b8dbdfffff
15299,8816a5b509fffff
15300,8816a0ae2dfffff
15301,8816a5090dfffff
15302,88178b74cdfffff
15303,8816164f51fffff
15304,8816a08d9dfffff
15305,8816a0a961fffff
15306,88178b8eb1fffff
15307,8816a5b91dfffff
15308,88178bab45fffff
15309,8816a016c9fffff
15310,8816a595e1fffff
15311,8816a58715fffff
15312,8816a54c11fffff
15313,8816a512c9fffff
15314,8816a57365fffff
15315,8816a5cb33fffff
15316,8816a50ab3fffff
15317,8816a518e5fffff
15318,8816a5733bfffff
15319,8816a5d539fffff
15320,8816a5ab37fffff
15321,8816a51b4dfffff
15322,8816164f19fffff
15323,88178b0689fffff
15324,8816a08ee5fffff
15325,88178b6cadfffff
15326,8816a592abfffff
15327,8816a0aa27fffff
15328,8816164da5fffff
15329,88178b2c9dfffff
15330,8816a5900bfffff
15331,88178bb663fffff
15332,88178b349bfffff
15333,8816a5d5d7fffff
15334,8816a5110dfffff
15335,8816a424cbfffff
15336,88178bb0e1fffff
15337,8816164d91fffff
15338,88178b8d0bfffff
15339,8816a50e4bfffff
15340,881616d9a3fffff
15341,88178bb4a3fffff
15342,8816a5d5adfffff
15343,88178bb6dbfffff
15344,88178b26e9fffff
15345,8816a5c8c9fffff
15346,88178baad7fffff
15347,88178b2913fffff
15348,881616db69fffff
15349,88178b6255fffff
15350,8816a5c145fffff
15351,8816a42495fffff
15352,8816a5b067fffff
15353,88178b66b3fffff
15354,88178bb993fffff
15355,8816a581b3fffff
15356,88178b7a93fffff
15357,8816a5a197fffff
15358,881616531bfffff
15359,8816a56929fffff
15360,88178b2823fffff
15361,88178b0de5fffff
15362,8816a0b411fffff
15363,88178b6d91fffff
15364,8816a0b2d7fffff
15365,8816a518d1fffff
15366,8816165457fffff
15367,8816a5c6e7fffff
15368,8816a55a17fffff
15369,88178ba627fffff
15370,8816a5aa23fffff
15371,8816a58619fffff
15372,8816a5948dfffff
15373,88178b390bfffff
15374,88178b2421fffff
15375,8816a5d31dfffff
15376,8816a01463fffff
15377,88178b7169fffff
15378,8816a57957fffff
15379,88178b00c1fffff
15380,88178bae55fffff
15381,8816a54de1fffff
15382,88178b8cebfffff
15383,88178b8257fffff
15384,8816a546e7fffff
15385,8816a5141dfffff
15386,88161641d1fffff
15387,88178bab4dfffff
15388,88178b86abfffff
15389,8816a58b53fffff
15390,8816a5c1bdfffff
15391,88178b0141fffff
15392,8816164abdfffff
15393,88178b888bfffff
15394,88178b004dfffff
15395,8816a55b37fffff
15396,8816a005a9fffff
15397,8816a54009fffff
15398,8816a5baebfffff
15399,88178b65d5fffff
15400,8816a58297fffff
15401,8816a09655fffff
15402,8816a5a10dfffff
15403,88178bacebfffff
15404,8816a5c363fffff
15405,88178b741bfffff
15406,8816a5dae3fffff
15407,8816a0862dfffff
15408,8816a5ab09fffff
15409,88178b0765fffff
15410,88178b9559fffff
15411,8816167b59fffff
15412,8816a5634dfffff
15413,88178bad55fffff
15414,8816a5b5cbfffff
15415,88178b30b7fffff
15416,88178ba109fffff
15417,8816a546d3fffff
15418,8816a0029dfffff
15419,8816a55a95fffff
15420,8816165549fffff
15421,8816a084e7fffff
15422,8816165ae7fffff
15423,88161640edfffff
15424,88178b035bfffff
15425,8816a5ab47fffff
15426,8816a50e05fffff
15427,8817894db9fffff
15428,8816a0bad1fffff
15429,8816a59b4dfffff
15430,8816164d0dfffff
15431,8816a0a355fffff
15432,8816a5461dfffff
15433,88178b3169fffff
15434,8816a51b23fffff
15435,8816a50085fffff
15436,88178b7221fffff
15437,8816a0a80bfffff
15438,8816a55143fffff
15439,8816a426adfffff
15440,8816a58e65fffff
15441,88178b6c65fffff
15442,8816a582abfffff
15443,8816a55127fffff
15444,88178b6297fffff
15445,8816165527fffff
15446,88178b36d1fffff
15447,8816a0b85dfffff
15448,88178ba23bfffff
15449,8817897865fffff
15450,8816a5c045fffff
15451,88178b8d87fffff
15452,88161679abfffff
15453,88178b2989fffff
15454,8816a54b6bfffff
15455,8817894f39fffff
15456,88178b2c63fffff
15457,88178b3365fffff
15458,88178b623bfffff
15459,88178bb509fffff
15460,8816a0b849fffff
15461,8816a5065bfffff
15462,8816164937fffff
15463,88178b2a8dfffff
15464,8816a0b827fffff
15465,8816a51ac9fffff
15466,88178b0f2bfffff
15467,8816a5c251fffff
15468,8816a51367fffff
15469,88178bb325fffff
15470,8816a54eb5fffff
15471,8816a56a43fffff
15472,8816a58f57fffff
15473,8816a54a8dfffff
15474,8816a518c7fffff
15475,8816a0876dfffff
15476,8816a0b8e3fffff
15477,8816a086c9fffff
15478,881616d923fffff
15479,88161651dbfffff
15480,8816a51201fffff
15481,8816a50297fffff
15482,8816165967fffff
15483,88178b2195fffff
15484,8816164847fffff
15485,88178b2515fffff
15486,8816165519fffff
15487,88178ba01bfffff
15488,88178b3ae5fffff
15489,88178b235dfffff
15490,8816a5cb59fffff
15491,8816a58aa3fffff
15492,8816a591a9fffff
15493,88178bb711fffff
15494,8816a50139fffff
15495,88178b15ddfffff
15496,8816a5c469fffff
15497,8816164d0bfffff
15498,8816a512ddfffff
15499,881616799dfffff
15500,8816a59051fffff
15501,8816a549a1fffff
15502,88178b75d5fffff
15503,8816a55557fffff
15504,88178baf45fffff
15505,8816a5ab2bfffff
15506,8816a5b2d3fffff
15507,88178ba83dfffff
15508,8816a500b3fffff
15509,8816a594b3fffff
15510,88178b018bfffff
15511,88178b8e99fffff
15512,8816a0b239fffff
15513,88161642b7fffff
15514,8816a50401fffff
15515,8816a541bdfffff
15516,8816a5b465fffff
15517,88178bad57fffff
15518,8816a08f11fffff
15519,88178b2cebfffff
15520,8816a50abbfffff
15521,8816164193fffff
15522,8816a50b57fffff
15523,88178b0691fffff
15524,8816a0bb49fffff
15525,8816a0a807fffff
15526,88178bb1cdfffff
15527,88178b7ab1fffff
15528,8816a5d53dfffff
15529,88178b226dfffff
15530,8816a56a05fffff
15531,8816a58567fffff
15532,8816164967fffff
15533,8816a57959fffff
15534,8816a54a81fffff
15535,8816a598b5fffff
15536,88178b68b9fffff
15537,8816a542c9fffff
15538,88178b3957fffff
15539,8816a50a69fffff
15540,8817896b61fffff
15541,88178b2ab5fffff
15542,8816a54167fffff
15543,8816a0808dfffff
15544,8816a546c1fffff
15545,8816a5476dfffff
15546,8816a5d493fffff
15547,8816a54695fffff
15548,88178b0a67fffff
15549,88178ba15dfffff
15550,8816a5b0a3fffff
15551,8816a54913fffff
15552,8816a59447fffff
15553,8816a5ce35fffff
15554,88178b045bfffff
15555,8816a0a2abfffff
15556,8816a58e53fffff
15557,88178b0a45fffff
15558,8816a006edfffff
15559,8816a5c665fffff
15560,88178b3a5bfffff
15561,8816a5d43bfffff
15562,8816a57351fffff
15563,8816a5d89dfffff
15564,88178b2539fffff
15565,8816a56b6dfffff
15566,8816a5b6e1fffff
15567,8816a5c967fffff
15568,8816a554c1fffff
15569,8816a54dd7fffff
15570,8816a5a1b9fffff
15571,88178b059bfffff
15572,8816a5d12bfffff
15573,88178b3545fffff
15574,88178ba9a3fffff
15575,8816a5019bfffff
15576,88178b951dfffff
15577,8816a00767fffff
15578,88178b1457fffff
15579,88178bb547fffff
15580,8816a5d5b9fffff
15581,8816a5870dfffff
15582,8816a58f03fffff
15583,8816a59143fffff
15584,88178b7115fffff
15585,88178bb92bfffff
15586,88178b0555fffff
15587,88178bb93bfffff
15588,88178ba967fffff
15589,88178b282bfffff
15590,8816a0a023fffff
15591,88178b32a7fffff
15592,8816a50363fffff
15593,88178979b7fffff
15594,8816a0849dfffff
15595,8816a519a9fffff
15596,88178b7127fffff
15597,88178b789bfffff
15598,8816a0ab63fffff
15599,8816a59621fffff
15600,8816a51689fffff
15601,8816a08485fffff
15602,88178b3a9bfffff
15603,8816a5b12dfffff
15604,8816a5873bfffff
15605,88178b1235fffff
15606,8817894831fffff
15607,88178b71c7fffff
15608,881616476bfffff
15609,88178baee5fffff
15610,8816a5903bfffff
15611,8816a56b4dfffff
15612,88178b0017fffff
15613,8816a550bdfffff
15614,8816a54a89fffff
15615,8816a5ba85fffff
15616,8816164267fffff
15617,88178b30c9fffff
15618,8816a5c869fffff
15619,88178b01a9fffff
15620,8816a59545fffff
15621,8816a0b717fffff
15622,88178baddbfffff
15623,88178b8e55fffff
15624,88178b2d5bfffff
15625,8816a0b82bfffff
15626,8816a0b519fffff
15627,88178b6649fffff
15628,8816a57131fffff
15629,8816167b2dfffff
15630,88178bb633fffff
15631,8816a0b40bfffff
15632,88178b389bfffff
15633,8816a571a5fffff
15634,8816a50665fffff
15635,88178bb71bfffff
15636,8816a588b5fffff
15637,8816a51097fffff
15638,88161641d5fffff
15639,8816a5c569fffff
15640,88178b2831fffff
15641,88178b6b17fffff
15642,8816164065fffff
15643,8816a5cda9fffff
15644,88178b2061fffff
15645,88178b8c35fffff
15646,8816a5d647fffff
15647,8816a0b6b9fffff
15648,8816a5a36dfffff
15649,8816a506c3fffff
15650,88178b865dfffff
15651,88178b8c4dfffff
15652,88178b2e55fffff
15653,88178b8e1bfffff
15654,88178b2889fffff
15655,88178ba885fffff
15656,8816a51495fffff
15657,881616595dfffff
15658,88178bb013fffff
15659,881616540bfffff
15660,88178b1abbfffff
15661,88178b7707fffff
15662,8816a016b1fffff
15663,8816a54535fffff
15664,88178b0283fffff
15665,8816a01721fffff
15666,88178b2c49fffff
15667,8816a56b41fffff
15668,8816a50461fffff
15669,8816a0850bfffff
15670,88178b2d57fffff
15671,88178b6253fffff
15672,88178ba6cbfffff
15673,8816a59363fffff
15674,8816164d33fffff
15675,8816a5994bfffff
15676,88178b871dfffff
15677,8816a0b6e7fffff
15678,88178ba9c3fffff
15679,8816a00699fffff
15680,88178b2ecbfffff
15681,8816a5c9e3fffff
15682,8816a08453fffff
15683,8816a57333fffff
15684,88178bb655fffff
15685,88178b66c9fffff
15686,88178b85e9fffff
15687,88161658d3fffff
15688,88178b4491fffff
15689,8816a5c433fffff
15690,88178b6f45fffff
15691,8816a0b6b5fffff
15692,88178b2869fffff
15693,88178b221dfffff
15694,88178b05a3fffff
15695,8816a50b51fffff
15696,88178b0c95fffff
15697,88178b2ab9fffff
15698,88178b29ddfffff
15699,8816a58699fffff
15700,8816a00e43fffff
15701,8816a0a96bfffff
15702,8816a58eb9fffff
15703,88178b1133fffff
15704,88178b6505fffff
15705,8816a5a2e1fffff
15706,8816a00665fffff
15707,8816a0161dfffff
15708,88178b3051fffff
15709,8816a542b9fffff
15710,88178b230bfffff
15711,8816a55b01fffff
15712,8816a58233fffff
15713,88178b8229fffff
15714,8816a0a905fffff
15715,8816a511c9fffff
15716,88178b1a93fffff
15717,8816164759fffff
15718,8816a5cdd1fffff
15719,8816a50a07fffff
15720,8817894c39fffff
15721,88178b6c25fffff
15722,8816a5c837fffff
15723,8816a09513fffff
15724,88178b3937fffff
15725,88178b7343fffff
15726,8816a5d157fffff
15727,8816a5c9bbfffff
15728,8816a006abfffff
15729,8816164b5bfffff
15730,88178b0415fffff
15731,88178b81bdfffff
15732,8816164e9dfffff
15733,8816a5b13dfffff
15734,8816a5c09bfffff
15735,8816a59b33fffff
15736,8816a5bb47fffff
15737,88178b0061fffff
15738,8816a0b8c3fffff
15739,8816a595ebfffff
15740,88178b0abbfffff
15741,8816a0b96dfffff
15742,8816a57a43fffff
15743,8816165463fffff
15744,8816167a6dfffff
15745,88178b74edfffff
15746,8816a0a085fffff
15747,8816a51169fffff
15748,88161652bbfffff
15749,8816a5d26bfffff
15750,8816a578d3fffff
15751,8816164047fffff
15752,8816a08697fffff
15753,8816a54b15fffff
15754,88178b7367fffff
15755,8816a5974bfffff
15756,8816a0a0d9fffff
15757,8816a5829dfffff
15758,88178b8491fffff
15759,8816a585a9fffff
15760,8816a5b321fffff
15761,88178bb88bfffff
15762,8816a50745fffff
15763,8816a50b41fffff
15764,8816a5b2adfffff
15765,8817894c0dfffff
15766,88178ba567fffff
15767,88178b0cebfffff
15768,8816a54a03fffff
15769,88178b1729fffff
15770,8816a54ea9fffff
15771,8816a5cc93fffff
15772,8816a54c5dfffff
15773,8816a0b6dbfffff
15774,88178b8041fffff
15775,8816a08db7fffff
15776,88178b743bfffff
15777,8816a5c65dfffff
15778,88178b95e9fffff
15779,88178b74cbfffff
15780,88178ba125fffff
15781,88178b6e8bfffff
15782,8816a085b1fffff
15783,8816a51453fffff
15784,8816167963fffff
15785,88178b2047fffff
15786,88178ba6d5fffff
15787,88178b720bfffff
15788,88178b14c9fffff
15789,8816a59961fffff
15790,88178bb5d9fffff
15791,8816a58f23fffff
15792,88178b2343fffff
15793,88178b8a91fffff
15794,8816a08417fffff
15795,8816a55ae3fffff
15796,8816a58731fffff
15797,8816a50089fffff
15798,88178b3059fffff
15799,88178b2da7fffff
15800,8816a58e31fffff
15801,88178b95ddfffff
15802,8816a0a015fffff
15803,8816a5aa8dfffff
15804,88178b3903fffff
15805,8816a5b10bfffff
15806,88178b82b7fffff
15807,88178baf67fffff
15808,8816a56a41fffff
15809,8816a5585dfffff
15810,88178b8089fffff
15811,8816a54343fffff
15812,88178ba1c9fffff
15813,881616485dfffff
15814,8816a541c1fffff
15815,8816a516d5fffff
15816,88178ba9e7fffff
15817,8816a5856dfffff
15818,8816a5c9c5fffff
15819,8816a5b655fffff
15820,88178b6f51fffff
15821,8816a596edfffff
15822,8816a002d9fffff
15823,8816a0a847fffff
15824,88178b36b1fffff
15825,8816a0a361fffff
15826,88178b86dbfffff
15827,88178b02e3fffff
15828,8816a5a05dfffff
15829,8816a004c3fffff
15830,8816a59a3dfffff
15831,8816a50051fffff
15832,88178b6d3bfffff
15833,8816a0bb45fffff
15834,8816a0b0e9fffff
15835,88178b2de5fffff
15836,8816a50e63fffff
15837,88178b7267fffff
15838,8816165333fffff
15839,8816a596b7fffff
15840,8816a589dbfffff
15841,8816a596d5fffff
15842,8816164813fffff
15843,8816a590c9fffff
15844,8816a5c639fffff
15845,88178b66c5fffff
15846,8816a50e07fffff
15847,88178b2d89fffff
15848,8816164e95fffff
15849,8816a0b0c9fffff
15850,88178b8545fffff
15851,8816a082b5fffff
15852,8816a55883fffff
15853,8817894d1bfffff
15854,8816167931fffff
15855,8816a5babbfffff
15856,8816a58da5fffff
15857,8816167913fffff
15858,88178b65abfffff
15859,8816a58901fffff
15860,8816a5aad5fffff
15861,88178bb465fffff
15862,8816a5d50dfffff
15863,88178b3583fffff
15864,8816a5a00bfffff
15865,88178b309bfffff
15866,8816a5d81dfffff
15867,8816a50999fffff
15868,88178b16cbfffff
15869,88178b808bfffff
15870,8817894cbbfffff
15871,8816164ab1fffff
15872,8816a5c955fffff
15873,88178bb145fffff
15874,8816a59619fffff
15875,8816a51985fffff
15876,8816a5d2e1fffff
15877,88178b328bfffff
15878,88178b7633fffff
15879,8816a59199fffff
15880,88178b8895fffff
15881,8816a5cdc3fffff
15882,88161658d1fffff
15883,8816a50ea7fffff
15884,8816a5ce01fffff
15885,8817894c53fffff
15886,8816a5a219fffff
15887,8816a54a11fffff
15888,88178b10dbfffff
15889,8816a58167fffff
15890,8816a00463fffff
15891,88178ba581fffff
15892,88178b1683fffff
15893,8816a540ddfffff
15894,88178b6883fffff
15895,8816a5b0a1fffff
15896,8816a58d8dfffff
15897,8816a55347fffff
15898,8816a0064dfffff
15899,88178b22cbfffff
15900,8816a01299fffff
15901,8816a5168dfffff
15902,88178b3019fffff
15903,88178bb627fffff
15904,881616d92dfffff
15905,8816a556d9fffff
15906,8817894d03fffff
15907,8816a56145fffff
15908,8816a55623fffff
15909,8816a4a493fffff
15910,8816a50f0dfffff
15911,8816a50e55fffff
15912,88161642ddfffff
15913,8816164b05fffff
15914,8816164a9bfffff
15915,8816a58857fffff
15916,8816a0b693fffff
15917,8816165083fffff
15918,88178bb233fffff
15919,881616551dfffff
15920,88178b0753fffff
15921,8816a5d28bfffff
15922,8816a5920bfffff
15923,8816a501d9fffff
15924,88178b70edfffff
15925,8816a0b419fffff
15926,8816a0a095fffff
15927,88161655c5fffff
15928,881616488bfffff
15929,8816a5cf43fffff
15930,8816a5929dfffff
15931,88178b2c41fffff
15932,881616430dfffff
15933,8817894915fffff
15934,88178b1037fffff
15935,88178b0d5dfffff
15936,8816a09407fffff
15937,8816a5d5e5fffff
15938,8816a0aad1fffff
15939,8816a54853fffff
15940,8816a5b009fffff
15941,8816a5c581fffff
15942,8816165987fffff
15943,8816a5c645fffff
15944,88178b1721fffff
15945,88178b0cb7fffff
15946,88178b370bfffff
15947,8816a0b0d9fffff
15948,8816a01629fffff
15949,8816a58053fffff
15950,8816a58565fffff
15951,881616529bfffff
15952,88178b8483fffff
15953,88178b15c7fffff
15954,8816a5c653fffff
15955,88178ba50dfffff
15956,8816a5b6bbfffff
15957,8816a55233fffff
15958,8816a5b263fffff
15959,8816a500d3fffff
15960,8816a50125fffff
15961,8816a00523fffff
15962,8816165ab9fffff
15963,88178b79dbfffff
15964,8816a5988bfffff
15965,88178b2937fffff
15966,88161649d1fffff
15967,88178b942dfffff
15968,8816a55b25fffff
15969,8816a502c3fffff
15970,8816a0058dfffff
15971,88178ba609fffff
15972,88178b01dbfffff
15973,8816a080a9fffff
15974,8816a578b3fffff
15975,88178bae5bfffff
15976,88178b1567fffff
15977,88178b2d1bfffff
15978,8816a518bdfffff
15979,8816a51147fffff
15980,8816a5d219fffff
15981,8816a0af6dfffff
15982,8816a5ce3dfffff
15983,8816a581a9fffff
15984,8816a5a045fffff
15985,8816a50c43fffff
15986,8816a51987fffff
15987,88178b2031fffff
15988,8816a515a9fffff
15989,8816a0a24bfffff
15990,8816a082bdfffff
15991,8816a5c921fffff
15992,88178b2569fffff
15993,8816a0ab03fffff
15994,8816165451fffff
15995,88178b0255fffff
15996,8816a0944bfffff
15997,8816164a05fffff
15998,8816a54e89fffff
15999,8816a5bb05fffff
16000,88178bb4abfffff
16001,8816a502cbfffff
16002,8816a5d2d9fffff
16003,8816a54d0dfffff
16004,88178978e1fffff
16005,8816a0b81dfffff
16006,8816a5a84dfffff
16007,8816a57a59fffff
16008,8816a5c215fffff
16009,8816a551edfffff
16010,8816a5b403fffff
16011,88161642c1fffff
16012,8816a58d95fffff
16013,8816a5d533fffff
16014,88178b3713fffff
16015,8816a5859bfffff
16016,8816a08085fffff
16017,88178b2c65fffff
16018,88178b7087fffff
16019,88178b28bdfffff
16020,8816a5a25dfffff
16021,88178b2d15fffff
16022,88178b70e1fffff
16023,881616411bfffff
16024,88178b70c5fffff
16025,8816a59611fffff
16026,88178b06d5fffff
16027,8816a5956bfffff
16028,8816a5c29bfffff
16029,8816a5b197fffff
16030,8816a55023fffff
16031,88178979ebfffff
16032,8816a5c309fffff
16033,881616410bfffff
16034,8816a51a8bfffff
16035,8816a08761fffff
16036,88178bad8dfffff
16037,88178b6ca7fffff
16038,88178b6289fffff
16039,88178b05b3fffff
16040,88178b018dfffff
16041,8816a5862dfffff
16042,88178b11a5fffff
16043,8816a54ce9fffff
16044,88178b69c7fffff
16045,8816a589a7fffff
16046,8816164d31fffff
16047,8816165a07fffff
16048,8816164059fffff
16049,8816a55ac3fffff
16050,88178b0481fffff
16051,88178ba729fffff
16052,8816a5919dfffff
16053,8816a5c93dfffff
16054,8816a0b167fffff
16055,88178b7059fffff
16056,88178b7297fffff
16057,8816a5d02dfffff
16058,8816a56b49fffff
16059,8816a095cdfffff
16060,88178b82a5fffff
16061,8816a58127fffff
16062,8816a014e7fffff
16063,8816a518e3fffff
16064,8816a59a19fffff
16065,8816a5bad9fffff
16066,8816a5810dfffff
16067,88178b86b7fffff
16068,88178b86c5fffff
16069,8816164eadfffff
16070,881616490dfffff
16071,8816a5b995fffff
16072,88178b6601fffff
16073,8816164f13fffff
16074,8816164abbfffff
16075,8816a0aa63fffff
16076,88178b0407fffff
16077,88161641d3fffff
16078,8816a5526bfffff
16079,8816a58abdfffff
16080,8816a0b5d9fffff
16081,8816a585adfffff
16082,88178b6d19fffff
16083,8816a5006dfffff
16084,88178b6d61fffff
16085,8816a5b533fffff
16086,8816a5d311fffff
16087,8816a54d45fffff
16088,8816a5ca63fffff
16089,8816a50741fffff
16090,8816164e0dfffff
16091,8816a5ba81fffff
16092,88178b0725fffff
16093,88178b2089fffff
16094,8816a5454bfffff
16095,88178b716dfffff
16096,88178b84a3fffff
16097,8816a5b6c7fffff
16098,8816a5499dfffff
16099,8816a50183fffff
16100,88178bb91dfffff
16101,8816a5b265fffff
16102,881616db2dfffff
16103,88178b12d9fffff
16104,88178b2463fffff
16105,8816a5d2ebfffff
16106,88178b6c93fffff
16107,8816a0b705fffff
16108,88178ba083fffff
16109,8816a0b62bfffff
16110,8816a50187fffff
16111,8816164e1bfffff
16112,88178b152dfffff
16113,88178bb0a5fffff
16114,88178baa97fffff
16115,88178b3349fffff
16116,88178b70cbfffff
16117,88178b625bfffff
16118,8816a5a03dfffff
16119,88178b3715fffff
16120,8816a51a4dfffff
16121,8816a08eddfffff
16122,8816a5b29dfffff
16123,8816a54003fffff
16124,8816a5026bfffff
16125,88178bb71dfffff
16126,8816a0a619fffff
16127,88178b6dcbfffff
16128,8816a5130bfffff
16129,8816a5163bfffff
16130,8816a5b527fffff
16131,8816a50643fffff
16132,8816a5c61dfffff
16133,88178bb319fffff
16134,8816a0ba61fffff
16135,8816a59863fffff
16136,8816a0b047fffff
16137,8816a5c281fffff
16138,8816a0174dfffff
16139,88178b3885fffff
16140,88178bb963fffff
16141,88178b0d13fffff
16142,8816a5780bfffff
16143,8816164219fffff
16144,8816a54de3fffff
16145,88178b8431fffff
16146,881789489dfffff
16147,8816a0a943fffff
16148,8816a57a3bfffff
16149,88178b2887fffff
16150,8816a00705fffff
16151,88178b246bfffff
16152,8816a5c86dfffff
16153,8816a5b2a9fffff
16154,8816a516a9fffff
16155,88178b6ce3fffff
16156,88178b229dfffff
16157,8816a01541fffff
16158,8816a584e1fffff
16159,8816a550c1fffff
16160,88178ba607fffff
16161,8816a5ba6bfffff
16162,88178b6705fffff
16163,88178bb8c7fffff
16164,88178ba869fffff
16165,8816a5d201fffff
16166,88178baa5dfffff
16167,8816a5b903fffff
16168,88178b334bfffff
16169,8816a5b099fffff
16170,8816a5bae3fffff
16171,8816a56369fffff
16172,8816a5b1c1fffff
16173,8816a582e1fffff
16174,8816a5b56dfffff
16175,8816a50819fffff
16176,8816a5b8abfffff
16177,8816a5c1abfffff
16178,88178b704bfffff
16179,88178b6cddfffff
16180,8816a50a43fffff
16181,88178b0c4bfffff
16182,8816a5aa05fffff
16183,88178b7addfffff
16184,88178b1581fffff
16185,88178b076bfffff
16186,8816a578c7fffff
16187,88178bb6b7fffff
16188,8816a00689fffff
16189,8816a552bbfffff
16190,88178b2eb5fffff
16191,8816a5b5c5fffff
16192,8816a5d517fffff
16193,8816a00407fffff
16194,88178bb995fffff
16195,88178b8f19fffff
16196,8816a5146dfffff
16197,8816165181fffff
16198,8816a5c907fffff
16199,88161648c7fffff
16200,88178bbaedfffff
16201,8816a58d17fffff
16202,8816a54437fffff
16203,88178b7adbfffff
16204,88178ba21dfffff
16205,88178b863dfffff
16206,8816a55a5dfffff
16207,8816164861fffff
16208,88178b02d3fffff
16209,88178b95d3fffff
16210,8816a5c483fffff
16211,8816a5cebdfffff
16212,88178b2d31fffff
16213,8816a541b3fffff
16214,8816164addfffff
16215,8816a5d2d3fffff
16216,8816a09441fffff
16217,8816a540b5fffff
16218,8816a00501fffff
16219,881616db03fffff
16220,8816165207fffff
16221,881616580bfffff
16222,8816a5926dfffff
16223,8816a08e39fffff
16224,8816a57855fffff
16225,8816a50863fffff
16226,8816a5809dfffff
16227,88178bb707fffff
16228,8816a004e3fffff
16229,8816a08c27fffff
16230,8816a51469fffff
16231,88178ba897fffff
16232,8816a55099fffff
16233,8816a5ba2bfffff
16234,8816a5ca09fffff
16235,8816a0ab0dfffff
16236,8816a559a9fffff
16237,88178b0a05fffff
16238,8816a5b561fffff
16239,8816164997fffff
16240,8816a58069fffff
16241,8816a54981fffff
16242,8816a5b4c7fffff
16243,88178b3a49fffff
16244,8816a55957fffff
16245,88178b80b1fffff
16246,8816a5c70bfffff
16247,88178b0f6bfffff
16248,8816a51067fffff
16249,8816164409fffff
16250,88178b1a9bfffff
16251,88178bb887fffff
16252,88178b0eddfffff
16253,8816a0b349fffff
16254,88178b3837fffff
16255,8816a5d765fffff
16256,8816a51819fffff
16257,8816a0a169fffff
16258,88178ba203fffff
16259,8816164e17fffff
16260,8816a54899fffff
16261,8816a5101dfffff
16262,8816a50229fffff
16263,88178b7199fffff
16264,88178ba59dfffff
16265,88178b68dbfffff
16266,8816a592c3fffff
16267,8816a550e9fffff
16268,8816a50b39fffff
16269,8816a50829fffff
16270,8816a5ba5dfffff
16271,8817897867fffff
16272,88178b3261fffff
16273,8816a5cd87fffff
16274,8816a5b6c3fffff
16275,88178b0823fffff
16276,8816a5c591fffff
16277,8816a01553fffff
16278,8816a5ced9fffff
16279,8816a55a91fffff
16280,88178b7991fffff
16281,8816a095bdfffff
16282,8816a5d1b5fffff
16283,8816a555e7fffff
16284,8816a5b035fffff
16285,8816a58c41fffff
16286,88178b723bfffff
16287,88178b146dfffff
16288,88178b2187fffff
16289,8816a0b111fffff
16290,8816165891fffff
16291,8816a58acbfffff
16292,8816a55667fffff
16293,8816164361fffff
16294,88178b94adfffff
16295,8816a51263fffff
16296,8816167949fffff
16297,88178b0ec7fffff
16298,8817894dd7fffff
16299,8816a0b819fffff
16300,8816a08cb5fffff
16301,88178b60b9fffff
16302,88178b0f3dfffff
16303,8816a08e07fffff
16304,8816165843fffff
16305,8816164401fffff
16306,88178b8001fffff
16307,8817894eadfffff
16308,88178ba947fffff
16309,88178b7459fffff
16310,88178b6d81fffff
16311,8816a5b323fffff
16312,88178b2b33fffff
16313,88178bb8dbfffff
16314,8816a58e9bfffff
16315,88178b7641fffff
16316,8816a51219fffff
16317,8816a51513fffff
16318,8816a085adfffff
16319,8816a0045dfffff
16320,88178ba1dbfffff
16321,8816a5964bfffff
16322,88178b769dfffff
16323,88178b38c3fffff
16324,88178b06b3fffff
16325,8816a0a313fffff
16326,8816a58ddbfffff
16327,88178b14b9fffff
16328,8816a0b13dfffff
16329,8816a5610bfffff
16330,8816a54685fffff
16331,88178b774bfffff
16332,8816a59259fffff
16333,88178b3109fffff
16334,8816a5b431fffff
16335,8816a0a2c5fffff
16336,8816a514b9fffff
16337,8816a578d1fffff
16338,8816a5c881fffff
16339,88178b342bfffff
16340,88178b3821fffff
16341,8816a579cbfffff
16342,8816a5cf35fffff
16343,88178b6215fffff
16344,881616581dfffff
16345,881616455bfffff
16346,88178baa2dfffff
16347,8816a5bb61fffff
16348,8816a5562dfffff
16349,88178bb41dfffff
16350,88178bbb69fffff
16351,8816a58a9bfffff
16352,8816a50a99fffff
16353,8816a58139fffff
16354,8816a08dadfffff
16355,8816a54067fffff
16356,8816a58705fffff
16357,8816a542b3fffff
16358,8816a5b9a5fffff
16359,8816a0170bfffff
16360,88178b1669fffff
16361,8816a5a157fffff
16362,88161658edfffff
16363,8816a59a37fffff
16364,88178bb48dfffff
16365,881789482dfffff
16366,8816a51643fffff
16367,88178b68a1fffff
16368,88178b6585fffff
16369,88178b6cc5fffff
16370,88178b6203fffff
16371,8816a582a3fffff
16372,8816a5c00dfffff
16373,88178b2849fffff
16374,88178b0761fffff
16375,88178b322dfffff
16376,8816a502b5fffff
16377,88178b3189fffff
16378,8816a589a3fffff
16379,8816a59281fffff
16380,8816a5b4e7fffff
16381,88178b7019fffff
16382,8816a5bb09fffff
16383,88178bb40dfffff
16384,88178b01b9fffff
16385,88178b9583fffff
16386,88178b1607fffff
16387,8816a0ba85fffff
16388,8816a58685fffff
16389,8816a512d9fffff
16390,8816a5b1ebfffff
16391,88178b773dfffff
16392,88178b6025fffff
16393,88178b851bfffff
16394,8816a5d21dfffff
16395,8816a58847fffff
16396,88178b34b1fffff
16397,88178b6c89fffff
16398,8816a54c9dfffff
16399,8816a58691fffff
16400,8817896927fffff
16401,8816a0b561fffff
16402,88178b0acbfffff
16403,88178948adfffff
16404,88178b176dfffff
16405,88161652a1fffff
16406,8816a515e3fffff
16407,8816a509a1fffff
16408,8817896b41fffff
16409,88178b076dfffff
16410,8816a0b733fffff
16411,8816a551c3fffff
16412,8816a54a07fffff
16413,8816a5c739fffff
16414,88178badebfffff
16415,8816a5ba23fffff
16416,8816a581adfffff
16417,8816a5b603fffff
16418,88178b376dfffff
16419,8816165713fffff
16420,88178b218bfffff
16421,88178b8d89fffff
16422,8816a5b657fffff
16423,8816a51a49fffff
16424,8816a5a205fffff
16425,8816a00ec3fffff
16426,881616d921fffff
16427,8816a51a35fffff
16428,8817894c69fffff
16429,8816a54e43fffff
16430,8816a5b5d9fffff
16431,88178b684dfffff
16432,8816a0baadfffff
16433,8816a54299fffff
16434,8816a424e7fffff
16435,88178b7819fffff
16436,88178bab63fffff
16437,8816a51007fffff
16438,8816a5b061fffff
16439,8816165465fffff
16440,8816a58751fffff
16441,88178b8415fffff
16442,8817894cd1fffff
16443,88178b6261fffff
16444,88178b71e9fffff
16445,8816a5412dfffff
16446,881616cb39fffff
16447,8816a0140bfffff
16448,88178b2e4dfffff
16449,88178b26b9fffff
16450,88178b71e3fffff
16451,88178b328dfffff
16452,8816a5b139fffff
16453,88178b6e3dfffff
16454,88178b6ca3fffff
16455,8816a58043fffff
16456,8816a014a5fffff
16457,8816a50005fffff
16458,8816a55197fffff
16459,8816a585d5fffff
16460,8816a58dc1fffff
16461,8816a5b243fffff
16462,8816a59907fffff
16463,8816a5d1c9fffff
16464,8816a08e97fffff
16465,8816165137fffff
16466,8816a08c6bfffff
16467,8816a501c1fffff
16468,8816a08445fffff
16469,88178b08b5fffff
16470,88178b3663fffff
16471,88178b1243fffff
16472,88178ba8b9fffff
16473,88178ba93bfffff
16474,88178b62d7fffff
16475,8816a500ebfffff
16476,88178b70ebfffff
16477,88178b8d63fffff
16478,8816a0a289fffff
16479,8816a096cdfffff
16480,88178b21a5fffff
16481,88178b1557fffff
16482,8816a55959fffff
16483,8816a0b9ddfffff
16484,88178b344bfffff
16485,8816164d93fffff
16486,88178b8e89fffff
16487,881616542bfffff
16488,8816a5a139fffff
16489,8816a5d469fffff
16490,8816167935fffff
16491,88178bb545fffff
16492,8816a595bbfffff
16493,88178b2b0dfffff
16494,8816a55965fffff
16495,88178b852bfffff
16496,8816a5b4bbfffff
16497,8816a57857fffff
16498,8816a5d657fffff
16499,88178948a7fffff
16500,8816a51655fffff
16501,88178b3917fffff
16502,8816a56a4bfffff
16503,88178b2369fffff
16504,88178b78bdfffff
16505,8816a51187fffff
16506,8816a57aebfffff
16507,8816a51637fffff
16508,8816a08ccdfffff
16509,881616db2bfffff
16510,8816a0b48bfffff
16511,8816a50f0bfffff
16512,8816a5cf33fffff
16513,88178b64ddfffff
16514,8816a0b0c1fffff
16515,8816a58541fffff
16516,8816a5b135fffff
16517,8816a51721fffff
16518,8816a552a1fffff
16519,8816165059fffff
16520,8816a5d0edfffff
16521,8816a56b21fffff
16522,8816a5c2d3fffff
16523,8816a5ce15fffff
16524,881789490bfffff
16525,88178b2e25fffff
16526,8816a5960bfffff
16527,8816a509bdfffff
16528,8816a5c0c7fffff
16529,88178b291bfffff
16530,8816a54e8bfffff
16531,8816a0150dfffff
16532,88178b29c7fffff
16533,88178b09d9fffff
16534,88178b1253fffff
16535,88178b0601fffff
16536,8816a5a0d5fffff
16537,8816a56b59fffff
16538,8816a0851dfffff
16539,8816a5796dfffff
16540,8816a5d58bfffff
16541,8816a594d5fffff
16542,88178b65c5fffff
16543,8816167961fffff
16544,8816a50a2bfffff
16545,8816a5cf11fffff
16546,88178ba43dfffff
16547,881616c965fffff
16548,8816a5b343fffff
16549,8816a42487fffff
16550,8817896a07fffff
16551,88178ba5cbfffff
16552,8816a500abfffff
16553,88178b72e9fffff
16554,8816a59a83fffff
16555,8816a540b1fffff
16556,8816a54f63fffff
16557,8816164301fffff
16558,8816a51a27fffff
16559,88178b85cbfffff
16560,8816a094e7fffff
16561,88161651ebfffff
16562,8816a5b911fffff
16563,8816a502bdfffff
16564,8816a5b069fffff
16565,8816a5968bfffff
16566,8816a54ee9fffff
16567,8816a0aac3fffff
16568,88178b14bdfffff
16569,88178b2123fffff
16570,8816a0b431fffff
16571,8817897a55fffff
16572,88178b6985fffff
16573,8816a09433fffff
16574,8816a0a281fffff
16575,8816a0b265fffff
16576,88178b8059fffff
16577,88178b61b9fffff
16578,8816165b03fffff
16579,8816164101fffff
16580,88178b7327fffff
16581,8816a5bb4dfffff
16582,8816a42417fffff
16583,8816a5b4bdfffff
16584,88178bac25fffff
16585,88178b0a2bfffff
16586,88178b6309fffff
16587,881789784bfffff
16588,88178b0e19fffff
16589,8816164c59fffff
16590,8816a5b6e3fffff
16591,8816a579b1fffff
16592,88178b0ee1fffff
16593,88178bb911fffff
16594,8816a0a60dfffff
16595,88178ba9d5fffff
16596,88178ba527fffff
16597,8816a08517fffff
16598,8817894d33fffff
16599,88178b61e9fffff
16600,88178bb08bfffff
16601,8816a5c331fffff
16602,8816a5702bfffff
16603,8816a542c1fffff
16604,8816a5ca6bfffff
16605,8816164ae3fffff
16606,881616451bfffff
16607,88178b3299fffff
16608,88161651abfffff
16609,88178b1217fffff
16610,8816a54a6dfffff
16611,88178bb94dfffff
16612,88178ba221fffff
16613,8816a5044bfffff
16614,88178b3087fffff
16615,8816a55869fffff
16616,8816a5551bfffff
16617,8817894987fffff
16618,88178bb331fffff
16619,8816a5cd0bfffff
16620,88178b3259fffff
16621,8816a5aa33fffff
16622,8816164a9dfffff
16623,8816a08e81fffff
16624,88178b6da5fffff
16625,88161641a7fffff
16626,88178ba941fffff
16627,88178b1555fffff
16628,8816a598a3fffff
16629,8816a599d3fffff
16630,8816a5c33bfffff
16631,88178b8725fffff
16632,88178b61b7fffff
16633,8817894c3dfffff
16634,8816164d9dfffff
16635,88178b6c49fffff
16636,88178b94a9fffff
16637,8816a5d163fffff
16638,88178b28c9fffff
16639,8816164d13fffff
16640,8816a554adfffff
16641,8816a510a5fffff
16642,8816a5722dfffff
16643,88178b61dbfffff
16644,8816a08497fffff
16645,88178b8d5bfffff
16646,88178bb4a1fffff
16647,88178ba997fffff
16648,88178b18a3fffff
16649,8816a5a1e1fffff
16650,88178b6091fffff
16651,8816a5b03bfffff
16652,88178bb039fffff
16653,8816a5da5bfffff
16654,88178bb649fffff
16655,8816a015b7fffff
16656,88178b16e1fffff
16657,88178b0889fffff
16658,8816a00e89fffff
16659,88178979a9fffff
16660,88178b7531fffff
16661,8816a0961dfffff
16662,8816164eabfffff
16663,88178b28d5fffff
16664,88178b331bfffff
16665,88178bb637fffff
16666,8816a51261fffff
16667,88178b318dfffff
16668,8816a0a097fffff
16669,88178bb8adfffff
16670,8816a0bae5fffff
16671,88178b8e4bfffff
16672,88178bb559fffff
16673,88178ba2a1fffff
16674,88178ba93dfffff
16675,8816a5c8cbfffff
16676,8816a0ba35fffff
16677,8816a589a5fffff
16678,88178949e9fffff
16679,8816a096bbfffff
16680,8816a082b3fffff
16681,88178bb413fffff
16682,88178ba665fffff
16683,8817894d8dfffff
16684,8816a51185fffff
16685,88178ba91dfffff
16686,8816a54833fffff
16687,8816a0b1b5fffff
16688,88178b3295fffff
16689,8816a5d63bfffff
16690,88178bb741fffff
16691,881789494bfffff
16692,88178b09e7fffff
16693,88178b3321fffff
16694,88178b39ebfffff
16695,881616c961fffff
16696,8816a509c1fffff
16697,8816a00637fffff
16698,8816164a4dfffff
16699,88178b1247fffff
16700,88178bb721fffff
16701,8816a50f15fffff
16702,8816a5b543fffff
16703,8816a51b6dfffff
16704,88178b0ab1fffff
16705,8816a54e8dfffff
16706,8816a5000bfffff
16707,88178bad83fffff
16708,88178b6993fffff
16709,8816a5d189fffff
16710,8816a01737fffff
16711,88178b6e45fffff
16712,8816a0b125fffff
16713,8816a592a7fffff
16714,8816a5a267fffff
16715,8816a5daadfffff
16716,881789796dfffff
16717,8816a59915fffff
16718,8816a59633fffff
16719,8816a58e11fffff
16720,88178b650dfffff
16721,881789692dfffff
16722,8816165899fffff
16723,8816a54c65fffff
16724,8816a55003fffff
16725,88178b7409fffff
16726,88178b036dfffff
16727,88178bb125fffff
16728,88178b7413fffff
16729,88178b2067fffff
16730,88178bb5ebfffff
16731,88178b7537fffff
16732,8816a0a053fffff
16733,88178b0c3dfffff
16734,88178b3601fffff
16735,88161642c5fffff
16736,8816a50219fffff
16737,88178b09dbfffff
16738,88178b26adfffff
16739,88178b2d83fffff
16740,8816a5b72dfffff
16741,8816a546c9fffff
16742,8816a5d2d7fffff
16743,88178b7611fffff
16744,8816a59953fffff
16745,88178b0f03fffff
16746,8816164aedfffff
16747,88178b24a7fffff
16748,88178b2317fffff
16749,8816a00557fffff
16750,88178b8763fffff
16751,88178bbb67fffff
16752,88178ba937fffff
16753,88178b70d3fffff
16754,8816a0bb59fffff
16755,8816a5d663fffff
16756,8816a426d3fffff
16757,88161648abfffff
16758,88178b273dfffff
16759,88178bad31fffff
16760,88178b2f5dfffff
16761,8816a58c85fffff
16762,8816164c23fffff
16763,8816a59983fffff
16764,88178b6445fffff
16765,88178ba357fffff
16766,8816a58e0dfffff
16767,8816a59a8bfffff
16768,8817897b63fffff
16769,88178b336dfffff
16770,8816a514a5fffff
16771,88178b612bfffff
16772,8816a58193fffff
16773,88178b65b5fffff
16774,88178bacb9fffff
16775,88161652adfffff
16776,88178b8da1fffff
16777,8816a5906dfffff
16778,8816a5694bfffff
16779,88178b2713fffff
16780,88178b128dfffff
16781,88178ba2a3fffff
16782,8816a5c0c1fffff
16783,8816a5145bfffff
16784,88178b1119fffff
16785,8816a558ddfffff
16786,8816a508b1fffff
16787,88178b3445fffff
16788,88178b082bfffff
16789,88178b0dddfffff
16790,8816a58669fffff
16791,88161648d1fffff
16792,8816a5cc2dfffff
16793,88178ba891fffff
16794,8816a57b5dfffff
16795,8816a0b0a7fffff
16796,88178b69cbfffff
16797,88178b158dfffff
16798,88178b6ac3fffff
16799,88178ba99dfffff
16800,88178b8117fffff
16801,8816a0a867fffff
16802,8816a5a921fffff
16803,8816a54e17fffff
16804,8816a5cc83fffff
16805,8816a5b891fffff
16806,88161648adfffff
16807,8816a5d739fffff
16808,88178bbaddfffff
16809,88178bb939fffff
16810,88178b6233fffff
16811,881616db6dfffff
16812,8816a08ebdfffff
16813,8816a54367fffff
16814,88178ba5ddfffff
16815,8817894811fffff
16816,88178b2ee5fffff
16817,8816a5a851fffff
16818,8816a50b43fffff
16819,8816a51317fffff
16820,8816a5622dfffff
16821,8816a58a61fffff
16822,88178b6365fffff
16823,88178b6c69fffff
16824,8816a5cd65fffff
16825,8816a51a99fffff
16826,8817894ca5fffff
16827,88178bbb09fffff
16828,88178b11c5fffff
16829,8816164dbbfffff
16830,8816a56359fffff
16831,88178bbb1bfffff
16832,88178b259bfffff
16833,8816a54905fffff
16834,8816a0b5c3fffff
16835,8816a58495fffff
16836,8816a5a2c5fffff
16837,8816a50d51fffff
16838,8816a54eddfffff
16839,8816a512c3fffff
16840,8816a54539fffff
16841,88178b6d47fffff
16842,8816a58607fffff
16843,88178b3b69fffff
16844,8817894c59fffff
16845,8817894ebbfffff
16846,88178bb56bfffff
16847,8816a55a63fffff
16848,8816a0bad9fffff
16849,88178b85d9fffff
16850,8816a54411fffff
16851,88178b1057fffff
16852,88178b1213fffff
16853,8816a5c0ddfffff
16854,88178b8ee5fffff
16855,8816a5b92dfffff
16856,88161645a1fffff
16857,88178949c3fffff
16858,8816a51717fffff
16859,8816a5b9d5fffff
16860,8816a5c0c9fffff
16861,88178b8dcbfffff
16862,8816a588dbfffff
16863,8817896a15fffff
16864,8816a510c5fffff
16865,88178b7467fffff
16866,8816a509e1fffff
16867,88178baf0bfffff
16868,8816a0b963fffff
16869,8816a55893fffff
16870,8816a545b3fffff
16871,88178b76b7fffff
16872,8816a54b55fffff
16873,8816a58e25fffff
16874,88178b3461fffff
16875,8816a5105dfffff
16876,8816a58b2bfffff
16877,8816a5b5ebfffff
16878,8816a5cf65fffff
16879,8816a50a9dfffff
16880,88178b8e5dfffff
16881,8816a0a1e7fffff
16882,88178b2d39fffff
16883,88178b1533fffff
16884,8816a5c2ddfffff
16885,88178b0c47fffff
16886,88178b9507fffff
16887,88178bab57fffff
16888,8816164f21fffff
16889,8816a50c61fffff
16890,8816a5923dfffff
16891,8817894eedfffff
16892,8816a42c91fffff
16893,8816a5a2adfffff
16894,88178bab09fffff
16895,88178b6c29fffff
16896,88178b3919fffff
16897,8816a506e5fffff
16898,8816a555d5fffff
16899,88178978e9fffff
16900,8816164347fffff
16901,88178b6223fffff
16902,881616410dfffff
16903,8816a59899fffff
16904,8817894c83fffff
16905,88161652e3fffff
16906,88178b68e7fffff
16907,8816a5cc2bfffff
16908,8816a0b35bfffff
16909,8816a5b855fffff
16910,8816a59565fffff
16911,88178b2ea7fffff
16912,8816a01761fffff
16913,88178ba5bdfffff
16914,8816a55319fffff
16915,88178b8697fffff
16916,88178b20bbfffff
16917,8816a54d67fffff
16918,8816a00605fffff
16919,8816a5715dfffff
16920,8816a0b581fffff
16921,8816a50c4dfffff
16922,8816165157fffff
16923,8816a5b2d1fffff
16924,8816a5c857fffff
16925,8816a5da89fffff
16926,8816a0a181fffff
16927,88178baae3fffff
16928,88178b2513fffff
16929,8816a51861fffff
16930,8816a54683fffff
16931,88178bb2cbfffff
16932,88178b3ae9fffff
16933,88178ba953fffff
16934,88178ba659fffff
16935,8816a54501fffff
16936,8816167967fffff
16937,8816a08699fffff
16938,8816a58617fffff
16939,881616596bfffff
16940,88178b26b7fffff
16941,8816164ad5fffff
16942,8816a592b1fffff
16943,8816a0a2cdfffff
16944,88178b8093fffff
16945,8816164227fffff
16946,8816a5928bfffff
16947,8816164599fffff
16948,8816a0158dfffff
16949,88178b6f03fffff
16950,88178bb209fffff
16951,8816a54499fffff
16952,88178b2c31fffff
16953,88178bb065fffff
16954,8816a5b0edfffff
16955,8816a0b0b3fffff
16956,88178b09c1fffff
16957,8816a5463dfffff
16958,88178b8055fffff
16959,8816a0b5edfffff
16960,88178b6ed7fffff
16961,88178b2049fffff
16962,88178b0847fffff
16963,8816a501d3fffff
16964,88178b8e87fffff
16965,8816a5c60dfffff
16966,8816a5548bfffff
16967,8816a0b5cdfffff
16968,8816164845fffff
16969,8816a58b0bfffff
16970,8816a5a725fffff
16971,8816a5b6ddfffff
16972,8816a5c4e9fffff
16973,88178b0193fffff
16974,88178b61e7fffff
16975,88178b7009fffff
16976,88178b6189fffff
16977,88178b0ed7fffff
16978,8816a54429fffff
16979,88178b613dfffff
16980,8816a55535fffff
16981,88178b0c33fffff
16982,8816164993fffff
16983,88178b8701fffff
16984,8816a510ebfffff
16985,88178b15b7fffff
16986,8816a0a153fffff
16987,88178b7139fffff
16988,8816a550b7fffff
16989,8816a01583fffff
16990,8816a58cb5fffff
16991,88178b7523fffff
16992,88178b6361fffff
16993,8816a5844dfffff
16994,8816a5052dfffff
16995,8816a54a01fffff
16996,8816a58827fffff
16997,8816a58b45fffff
16998,88178b26b3fffff
16999,8816a51b0dfffff
17000,88178b2c0dfffff
17001,88178b2969fffff
17002,8816a58f5dfffff
17003,88178b669bfffff
17004,8816a55085fffff
17005,88178b6097fffff
17006,8816a5d0a7fffff
17007,88178bb259fffff
17008,88178baae5fffff
17009,8816a58dc9fffff
17010,8816a0a76dfffff
17011,8816a510cdfffff
17012,88178b8da7fffff
17013,8816a54abbfffff
17014,8816a094e1fffff
17015,8816a0b1bdfffff
17016,88178b36e5fffff
17017,88178ba825fffff
17018,88178b1029fffff
17019,88178bab07fffff
17020,88178bb359fffff
17021,881616db05fffff
17022,8816167b69fffff
17023,8816a54d69fffff
17024,88178ba2b9fffff
17025,88178b1425fffff
17026,8816164d11fffff
17027,881616cb0dfffff
17028,88178ba345fffff
17029,8816a54d25fffff
17030,88178b6c47fffff
17031,8816a00697fffff
17032,8816a094cbfffff
17033,8816a57ac9fffff
17034,88178bb003fffff
17035,88178b14cbfffff
17036,88178b10ddfffff
17037,88178b3083fffff
17038,8816a50541fffff
17039,8816a5868bfffff
17040,88178b15bdfffff
17041,8816a51b63fffff
17042,8816a5cee3fffff
17043,8816a508a1fffff
17044,8816a5b153fffff
17045,8816a58369fffff
17046,8816a5142dfffff
17047,8816a0a061fffff
17048,881616db47fffff
17049,88178b0d9bfffff
17050,8816a0ae09fffff
17051,8816a56b45fffff
17052,8816a5c683fffff
17053,88178b6dc9fffff
17054,8816a5d699fffff
17055,88178b0751fffff
17056,8816a50915fffff
17057,88178baac7fffff
17058,88178b723dfffff
17059,88178b34d1fffff
17060,8816a42433fffff
17061,88178948c5fffff
17062,88178b2627fffff
17063,8816a5546dfffff
17064,8816a59aa9fffff
17065,8816a59715fffff
17066,88178ba819fffff
17067,88178bb203fffff
17068,8816a592c1fffff
17069,88178b8633fffff
17070,8816a08733fffff
17071,8816a59415fffff
17072,8816165961fffff
17073,88178b61a3fffff
17074,8816a5d415fffff
17075,8816a582adfffff
17076,8816a5b469fffff
17077,88178b0053fffff
17078,8816165125fffff
17079,8816a094cdfffff
17080,8816a57b11fffff
17081,8816a54281fffff
17082,8816a085c5fffff
17083,881616482dfffff
17084,8816a0b75bfffff
17085,88178b6413fffff
17086,8816164835fffff
17087,8816a5995bfffff
17088,88178b7245fffff
17089,88178b0331fffff
17090,8816a5b349fffff
17091,88178b0023fffff
17092,8816a5ba61fffff
17093,8816a512edfffff
17094,8816a59805fffff
17095,8816164b6bfffff
17096,8816a509c5fffff
17097,8816a5c835fffff
17098,88178b01edfffff
17099,88178ba2d9fffff
17100,8816a509e5fffff
17101,8816a0a85dfffff
17102,88178b8f21fffff
17103,88178ba56bfffff
17104,88178b6417fffff
17105,88178ba319fffff
17106,88178b20d3fffff
17107,88178b1711fffff
17108,88178b8f13fffff
17109,8816a55767fffff
17110,8816a5561dfffff
17111,8816a424b3fffff
17112,88178b0241fffff
17113,88178b31cdfffff
17114,8816a58f6dfffff
17115,88178b75cbfffff
17116,8816a5b691fffff
17117,8816a51251fffff
17118,88178b619bfffff
17119,8816a512e9fffff
17120,88161659d7fffff
17121,8816a59665fffff
17122,8816a51547fffff
17123,8816a586bbfffff
17124,8816a54c69fffff
17125,88178b02bbfffff
17126,8816a08e0bfffff
17127,88178b00a5fffff
17128,8816a57a8bfffff
17129,8816a5da95fffff
17130,88178b789dfffff
17131,8816a0a059fffff
17132,8816a5530bfffff
17133,8816a015dbfffff
17134,8816a0b147fffff
17135,88178b3b31fffff
17136,8816a50d53fffff
17137,8816a50f49fffff
17138,8816a0b755fffff
17139,8816a5af45fffff
17140,8816a5c4b9fffff
17141,881789490dfffff
17142,8816a00093fffff
17143,8816a4a69bfffff
17144,8816a0b603fffff
17145,8816a5423bfffff
17146,88161644edfffff
17147,8816164131fffff
17148,8816a58ee5fffff
17149,8816a58cc1fffff
17150,8816a55235fffff
17151,88178b753bfffff
17152,8816a5b0c7fffff
17153,8816a5d74bfffff
17154,88178b39d9fffff
17155,8816164aadfffff
17156,8816a50705fffff
17157,88178b6633fffff
17158,88178b0eb9fffff
17159,8816a0aac5fffff
17160,8816167901fffff
17161,8816a085d5fffff
17162,8816a0b441fffff
17163,8816a5103bfffff
17164,8816a58f67fffff
17165,88178b61a7fffff
17166,88178b26c5fffff
17167,88178b3501fffff
17168,8816a5c423fffff
17169,8816a425b5fffff
17170,8816a50c29fffff
17171,881616552bfffff
17172,88178b04b3fffff
17173,8816a0a23dfffff
17174,8816a0baa1fffff
17175,88178b2291fffff
17176,8816a516d7fffff
17177,8816a54081fffff
17178,8816a58213fffff
17179,8816a59263fffff
17180,8816a0b803fffff
17181,8816a5d60dfffff
17182,8816a55189fffff
17183,88178bb63bfffff
17184,8816a5041bfffff
17185,8817894d45fffff
17186,88178b082dfffff
17187,88178b6693fffff
17188,8816a0aac1fffff
17189,8816a0a081fffff
17190,88178b6c21fffff
17191,8816a5ca53fffff
17192,8816164425fffff
17193,88178b3049fffff
17194,8816a5c733fffff
17195,88178ba759fffff
17196,8816a5a265fffff
17197,8816a5d6ddfffff
17198,88161659b9fffff
17199,88178b000dfffff
17200,88178b8245fffff
17201,88178b3ae1fffff
17202,8816a50063fffff
17203,8816165033fffff
17204,88178b270bfffff
17205,88178ba18bfffff
17206,8816164c37fffff
17207,88178b143dfffff
17208,88161640d1fffff
17209,8816a54197fffff
17210,8816a516a1fffff
17211,8816164b0bfffff
17212,88178b2d61fffff
17213,88178bb095fffff
17214,88178b3935fffff
17215,8816a54b1dfffff
17216,8816a58ec1fffff
17217,8816a549e5fffff
17218,88178b232bfffff
17219,88161652d9fffff
17220,88178ba465fffff
17221,8816a5cc07fffff
17222,88178b104dfffff
17223,88178b05e5fffff
17224,88178b3ac3fffff
17225,88178b7733fffff
17226,8816a5162dfffff
17227,88178b20a3fffff
17228,88178bb93dfffff
17229,88178bb29dfffff
17230,8816a5d89bfffff
17231,8816a55305fffff
17232,88178ba0b9fffff
17233,88178b954bfffff
17234,8816a0a28dfffff
17235,88178b614bfffff
17236,88178b819dfffff
17237,8817896a23fffff
17238,8816a5b2c5fffff
17239,88161659c9fffff
17240,8816a54161fffff
17241,8816a51823fffff
17242,8816a0b957fffff
17243,8816a08427fffff
17244,8816a59141fffff
17245,88178b6913fffff
17246,88178b61d1fffff
17247,88178ba6e1fffff
17248,88178b6085fffff
17249,8816a01295fffff
17250,88178b8203fffff
17251,88178b0ae3fffff
17252,88178b66d5fffff
17253,8816a5c26bfffff
17254,88178b622bfffff
17255,8816a0bab7fffff
17256,8816a50101fffff
17257,8816a0b127fffff
17258,8816165819fffff
17259,8816a5b489fffff
17260,88178b60cbfffff
17261,88178b6cb3fffff
17262,8816a5ceb1fffff
17263,8816a0072dfffff
17264,8816164717fffff
17265,8816a5d6d9fffff
17266,8816a0b5d1fffff
17267,8816a5c54bfffff
17268,88178b1219fffff
17269,8816a584d9fffff
17270,8816a50701fffff
17271,8816a0b053fffff
17272,8816a56147fffff
17273,88178b28abfffff
17274,8816a59351fffff
17275,8816a5574bfffff
17276,8816a5c289fffff
17277,8816a58a31fffff
17278,8816a55b49fffff
17279,8816a5c46dfffff
17280,8816a50937fffff
17281,8816a50e57fffff
17282,88178b243bfffff
17283,8816a5a14bfffff
17284,88178b216bfffff
17285,8816a08759fffff
17286,8816a544c7fffff
17287,8816a5586bfffff
17288,88178baaa5fffff
17289,88178b2b4bfffff
17290,88178b2297fffff
17291,8816a5ba83fffff
17292,88178b2dadfffff
17293,8816a0875dfffff
17294,8816a595a7fffff
17295,8816a57999fffff
17296,88178b8c49fffff
17297,88178b85a1fffff
17298,88178bb8e1fffff
17299,8816a54db3fffff
17300,88178bad19fffff
17301,88161648a9fffff
17302,8816a5c709fffff
17303,88178b7083fffff
17304,8816a515b7fffff
17305,8816a542e5fffff
17306,8816a58a17fffff
17307,8816a5814bfffff
17308,8816a50083fffff
17309,88178bad8bfffff
17310,8816a5532dfffff
17311,8816a508bdfffff
17312,8816a5615dfffff
17313,881616c939fffff
17314,88161650edfffff
17315,88178bb2a3fffff
17316,88178baee3fffff
17317,8816a5158bfffff
17318,8817897b0dfffff
17319,8816a08e3bfffff
17320,8816a55923fffff
17321,8816a50899fffff
17322,88178b1263fffff
17323,8816a5443dfffff
17324,88178b6665fffff
17325,8816a54999fffff
17326,88178bb515fffff
17327,8816a57265fffff
17328,88178ba06bfffff
17329,88178b00e1fffff
17330,88178bb1cbfffff
17331,8816165159fffff
17332,88178b21e1fffff
17333,88178b754bfffff
17334,88178b7653fffff
17335,88178b39b1fffff
17336,88178b8d27fffff
17337,88178b0e01fffff
17338,8816a5a32bfffff
17339,8816a50a63fffff
17340,88178bada3fffff
17341,8816a519ebfffff
17342,88161649c1fffff
17343,8816a5c453fffff
17344,8816a0b545fffff
17345,8816a5cd5dfffff
17346,8816a5bb11fffff
17347,8816a55aa7fffff
17348,8817897913fffff
17349,88178b85d1fffff
17350,8816a51331fffff
17351,88178b82bdfffff
17352,8816a08dc9fffff
17353,88178b8f1bfffff
17354,88178bb2e9fffff
17355,88178b6145fffff
17356,8816a5b54bfffff
17357,88178b0cb9fffff
17358,8816a50901fffff
17359,8816a55259fffff
17360,8816a0a28bfffff
17361,8816a095e3fffff
17362,8816a5d99dfffff
17363,8816a5a0adfffff
17364,88178b24d9fffff
17365,88178baccdfffff
17366,8816a5151dfffff
17367,88178b1ab3fffff
17368,8816a0b213fffff
17369,8816a5581dfffff
17370,8816a54e29fffff
17371,8816a5632bfffff
17372,8816a50367fffff
17373,88178bb921fffff
17374,88178b02edfffff
17375,88178b2565fffff
17376,8816a59517fffff
17377,88178b08ddfffff
17378,88161655e9fffff
17379,8816165ac1fffff
17380,8816a55641fffff
17381,881616471dfffff
17382,8816a599d5fffff
17383,88178b0123fffff
17384,8816a51a13fffff
17385,8816a5a033fffff
17386,88178b64edfffff
17387,8816164245fffff
17388,8816a501cdfffff
17389,88178b255dfffff
17390,8816a544a3fffff
17391,88178b32e5fffff
17392,8816a59643fffff
17393,88178bac13fffff
17394,8816a58563fffff
17395,8816a500cdfffff
17396,88178b38edfffff
17397,8816a50027fffff
17398,8816a0a2a1fffff
17399,8816a59913fffff
17400,8816a54dddfffff
17401,8816a51859fffff
17402,88178b22c1fffff
17403,88178b043bfffff
17404,8816a0b989fffff
17405,8816a57363fffff
17406,8816a086e1fffff
17407,8816a5b201fffff
17408,88178b0195fffff
17409,8816164041fffff
17410,88178baa8bfffff
17411,8816a54ea3fffff
17412,8816a58de3fffff
17413,8816a55727fffff
17414,881789480dfffff
17415,8816a5848bfffff
17416,88178b30b3fffff
17417,88178b1199fffff
17418,88178baed3fffff
17419,88178ba043fffff
17420,88178bbb1dfffff
17421,8816a5c9d7fffff
17422,88178bb269fffff
17423,8816a5b5e1fffff
17424,8816a08083fffff
17425,8816a58893fffff
17426,88178b3483fffff
17427,88178ba503fffff
17428,88178bb157fffff
17429,8816a58ebdfffff
17430,8816a5a28bfffff
17431,8816a0b99dfffff
17432,8816a5b513fffff
17433,8816a5c4adfffff
17434,881616d907fffff
17435,88178bb161fffff
17436,88178b6ed1fffff
17437,8816a508cdfffff
17438,88178b280bfffff
17439,88178ba161fffff
17440,8816a5a18bfffff
17441,8816a086e9fffff
17442,8816a004e1fffff
17443,88178b81edfffff
17444,88178b0aabfffff
17445,88178b0a47fffff
17446,8816a5cf17fffff
17447,88178b74d5fffff
17448,8816a50293fffff
17449,8816a54917fffff
17450,8816a5a145fffff
17451,88178b05edfffff
17452,88178b82c9fffff
17453,8816a50501fffff
17454,88178b72d9fffff
17455,88178b7631fffff
17456,88178b8ca7fffff
17457,88178b62ddfffff
17458,8816a5da8bfffff
17459,8816165441fffff
17460,88178b2487fffff
17461,8816a55149fffff
17462,8816a58a21fffff
17463,88178b3655fffff
17464,8816a5466bfffff
17465,8816a5c855fffff
17466,88178b69e3fffff
17467,8816a50295fffff
17468,8816a0a2a5fffff
17469,8816a58407fffff
17470,8816a58301fffff
17471,88178b3323fffff
17472,88178b0619fffff
17473,8816a5c093fffff
17474,8816a55ab7fffff
17475,8816a556cdfffff
17476,8816a5956dfffff
17477,88178b22d3fffff
17478,88178b1613fffff
17479,8816a599abfffff
17480,88178b09a9fffff
17481,8816164a39fffff
17482,8816a5a1adfffff
17483,88178ba8b7fffff
17484,8816a54ee3fffff
17485,88178b0e25fffff
17486,8816a01401fffff
17487,8816a5aa55fffff
17488,88178b25a7fffff
17489,8816a55b55fffff
17490,8816a5999bfffff
17491,88178ba513fffff
17492,8816a5c2b5fffff
17493,88178b9425fffff
17494,88178b6e5dfffff
17495,8816165b69fffff
17496,8816a58db5fffff
17497,8816a51665fffff
17498,8817894835fffff
17499,8816a5d151fffff
17500,8816a5ccd9fffff
17501,8816a01733fffff
17502,88178b2845fffff
17503,88178b05c9fffff
17504,88178b2f41fffff
17505,8816a584c9fffff
17506,8816a016b9fffff
17507,88178b0cd7fffff
17508,8816a0b613fffff
17509,8816a5cac9fffff
17510,8816a5c48dfffff
17511,8816a555bbfffff
17512,881616792bfffff
17513,8816a55653fffff
17514,8816a08cebfffff
17515,8816a0ba41fffff
17516,88178b3233fffff
17517,8816a0166dfffff
17518,8816a0145dfffff
17519,8816a541d9fffff
17520,8816a506c7fffff
17521,8816a54339fffff
17522,8816a5033dfffff
17523,88178b2f2bfffff
17524,88178b7607fffff
17525,88178b6167fffff
17526,8816a0b71bfffff
17527,88178b62a5fffff
17528,8816a0b341fffff
17529,8816a599c5fffff
17530,8816a42497fffff
17531,8816a51893fffff
17532,8816a0aa47fffff
17533,8816a51165fffff
17534,8816a57121fffff
17535,8816a5060dfffff
17536,88178baf21fffff
17537,8816a59523fffff
17538,8816164ad7fffff
17539,8816a0aa2dfffff
17540,8816a50657fffff
17541,88178b1605fffff
17542,8816a55503fffff
17543,8816a58569fffff
17544,8816a50943fffff
17545,88178b350bfffff
17546,8816a08089fffff
17547,8816a5835dfffff
17548,88178baf31fffff
17549,88178b672dfffff
17550,8816a556b5fffff
17551,88178b6a9bfffff
17552,8817894f2bfffff
17553,88178b25a9fffff
17554,8816a00541fffff
17555,88178b0a33fffff
17556,88178b3553fffff
17557,88178b8231fffff
17558,8816a50e41fffff
17559,88178ba52dfffff
17560,8816a502c5fffff
17561,8816a5d605fffff
17562,8816a5b8c7fffff
17563,8816a00753fffff
17564,88178b01d5fffff
17565,881616d935fffff
17566,8816a50513fffff
17567,88178b8f35fffff
17568,8816a585dbfffff
17569,8816a0166bfffff
17570,88178b2433fffff
17571,88178b6841fffff
17572,88178ba8abfffff
17573,8816a005e3fffff
17574,88178b8c8bfffff
17575,88178b25a1fffff
17576,8816165423fffff
17577,88178ba743fffff
17578,8816a58307fffff
17579,88178b60adfffff
17580,8816a55249fffff
17581,88178b0c4dfffff
17582,88178979c9fffff
17583,8816a0b559fffff
17584,88178bad17fffff
17585,8816a5c1ddfffff
17586,88178b6db7fffff
17587,8816a0b31bfffff
17588,8816a5c619fffff
17589,8816a5cc41fffff
17590,8816a5860dfffff
17591,88178b8447fffff
17592,8816a58a63fffff
17593,88178bb091fffff
17594,88178979e9fffff
17595,8817894de1fffff
17596,8816a51529fffff
17597,8816a5941dfffff
17598,88178bb903fffff
17599,8816a5b9c1fffff
17600,8816a0a0c5fffff
17601,8816a54821fffff
17602,8816a540adfffff
17603,8816a54a45fffff
17604,88178b028dfffff
17605,8816a54239fffff
17606,8816a094bbfffff
17607,8816a54485fffff
17608,8816a58a1bfffff
17609,8816a5cacdfffff
17610,8816a59461fffff
17611,8816a0b801fffff
17612,8816a01293fffff
17613,8816a4259bfffff
17614,88178b05cbfffff
17615,88178b02b7fffff
17616,8816a5482bfffff
17617,88178b2d23fffff
17618,8816a51215fffff
17619,88178b71cdfffff
17620,88178b3521fffff
17621,8816a08dbdfffff
17622,8816a5c821fffff
17623,8816a5cf45fffff
17624,8816a08ca7fffff
17625,88178b25b1fffff
17626,88178b8eb3fffff
17627,8816165a6bfffff
17628,8816a51533fffff
17629,88178bbb6bfffff
17630,8816a0b289fffff
17631,88178b64e5fffff
17632,8816a59ab1fffff
17633,8816a50a17fffff
17634,8816a58de7fffff
17635,88178b2643fffff
17636,8816a5c4b3fffff
17637,8816a5021bfffff
17638,8816a57903fffff
17639,8816a505c5fffff
17640,8816a518abfffff
17641,88178baa41fffff
17642,8816a519b1fffff
17643,88178b0559fffff
17644,8816a5598dfffff
17645,8816a0b59dfffff
17646,88178b2997fffff
17647,88178ba9a9fffff
17648,8816a0a309fffff
17649,88178b35a3fffff
17650,88178bb593fffff
17651,8816a599bdfffff
17652,88178bb80bfffff
17653,8816a5c9adfffff
17654,8816a54639fffff
17655,8816a51a6bfffff
17656,88178b9519fffff
17657,8816a50c23fffff
17658,8816164e5bfffff
17659,88178b7715fffff
17660,881616405bfffff
17661,8816a0aa33fffff
17662,88178b30ebfffff
17663,8816165343fffff
17664,8816a0b329fffff
17665,88178b2289fffff
17666,8816a5503bfffff
17667,8816a5109bfffff
17668,8816a5c9ddfffff
17669,88178b0357fffff
17670,88178b0ac1fffff
17671,88161645cbfffff
17672,8817894d91fffff
17673,8817896a17fffff
17674,88178b62d5fffff
17675,8816a5c5a5fffff
17676,88178b0261fffff
17677,88178b2dbdfffff
17678,8817897a3dfffff
17679,8816a5a349fffff
17680,88178b300bfffff
17681,8816a59045fffff
17682,8816a51761fffff
17683,8816165853fffff
17684,8816a5c157fffff
17685,8816a59ad1fffff
17686,8816a580a1fffff
17687,8816a08625fffff
17688,8816a50f1bfffff
17689,8816a55057fffff
17690,88161648a3fffff
17691,8816a57269fffff
17692,8816a5c899fffff
17693,8816a5495bfffff
17694,8816a5014bfffff
17695,8816a09421fffff
17696,8816a58ca7fffff
17697,8816a50403fffff
17698,881616443bfffff
17699,8816a0b0a9fffff
17700,8816a5cd1bfffff
17701,8816a5793dfffff
17702,88178b85d7fffff
17703,8816a01545fffff
17704,8816a55743fffff
17705,8816a5b091fffff
17706,8816a0bb01fffff
17707,88161649c5fffff
17708,88178bb969fffff
17709,88178b90b3fffff
17710,8816a0ae4bfffff
17711,8816a0b281fffff
17712,8816a555c3fffff
17713,88178b0121fffff
17714,8817897b17fffff
17715,8816164b15fffff
17716,88178bae23fffff
17717,88178b7817fffff
17718,88178bb117fffff
17719,88178b240dfffff
17720,8816a58f49fffff
17721,8816a424c1fffff
17722,88178b78e9fffff
17723,88178b7ae3fffff
17724,8816a5780dfffff
17725,88178bb333fffff
17726,88178b7305fffff
17727,8816a585e1fffff
17728,88178bae81fffff
17729,8816a514c5fffff
17730,88178b8419fffff
17731,8816a08e99fffff
17732,88178b8e11fffff
17733,8816165911fffff
17734,88178b7147fffff
17735,8816a004e9fffff
17736,8816a59219fffff
17737,8816a5b0b3fffff
17738,8816a516b5fffff
17739,88178b8747fffff
17740,88178b2041fffff
17741,8816a50e31fffff
17742,88178b688bfffff
17743,88178ba25bfffff
17744,8816a5cc89fffff
17745,88178b2007fffff
17746,88178b2699fffff
17747,88178b0621fffff
17748,88178b9725fffff
17749,8816a5ceebfffff
17750,8816a50e5bfffff
17751,8816a08095fffff
17752,8816a5a2abfffff
17753,8816a5d197fffff
17754,88178b163dfffff
17755,88178b39bbfffff
17756,88178b1081fffff
17757,88178b289bfffff
17758,88178bacabfffff
17759,88178b2663fffff
17760,88178b68d3fffff
17761,8816a598d1fffff
17762,8816a5501dfffff
17763,8817897b13fffff
17764,8816a58767fffff
17765,88178b86e1fffff
17766,8816a55801fffff
17767,8817894d47fffff
17768,8816a0a26dfffff
17769,8816a54f55fffff
17770,8816a095c3fffff
17771,88178b7119fffff
17772,88178b849dfffff
17773,8816a514e5fffff
17774,88178b0e3bfffff
17775,88178b02abfffff
17776,8816a51821fffff
17777,88178bad4bfffff
17778,8816a5041dfffff
17779,8816a54dedfffff
17780,8816a0ba99fffff
17781,8816a0b767fffff
17782,88178b255bfffff
17783,8816a540cbfffff
17784,88178b6d85fffff
17785,8816a0b04dfffff
17786,8816a5c089fffff
17787,88178b6703fffff
17788,8816a5a75dfffff
17789,88178b81a3fffff
17790,8816a5083bfffff
17791,8816a59305fffff
17792,88178b7113fffff
17793,8816a54911fffff
17794,8816a005edfffff
17795,8816a016b5fffff
17796,88178b348dfffff
17797,881616429bfffff
17798,88178bac89fffff
17799,8816a01533fffff
17800,88178b05b7fffff
17801,8816a5b183fffff
17802,88178b2c55fffff
17803,8817894cc3fffff
17804,8816164c03fffff
17805,88178b3513fffff
17806,8816164007fffff
17807,88178b383bfffff
17808,8816a571b5fffff
17809,88178b10abfffff
17810,8816a0a0b1fffff
17811,8816a0b461fffff
17812,8816a0b1e3fffff
17813,8816a58215fffff
17814,8816a5535bfffff
17815,88178ba96bfffff
17816,88178bac07fffff
17817,8816164db3fffff
17818,8817894c8bfffff
17819,8816164c6bfffff
17820,8816a5a2e3fffff
17821,8816a0b093fffff
17822,88178b0233fffff
17823,88178b70a1fffff
17824,88178b2a8bfffff
17825,8816a585c7fffff
17826,8816a0a041fffff
17827,881616593bfffff
17828,8816a544bbfffff
17829,8816164035fffff
17830,8816a55107fffff
17831,88178b21abfffff
17832,8816a0a013fffff
17833,8816a50765fffff
17834,8816a5a245fffff
17835,88178b340bfffff
17836,8816a54735fffff
17837,88178b80a9fffff
17838,8816a0b743fffff
17839,8816a54027fffff
17840,8816a58e4dfffff
17841,8817894993fffff
17842,8816a5b34dfffff
17843,8816a5caabfffff
17844,8816a5b2b7fffff
17845,88178b766dfffff
17846,8816a57a65fffff
17847,8816a5ca6dfffff
17848,88178b6213fffff
17849,8816a58335fffff
17850,88178b7155fffff
17851,88178b663dfffff
17852,8816a5b917fffff
17853,88178b3633fffff
17854,8816164a89fffff
17855,88161648ddfffff
17856,8816a5545bfffff
17857,88178b2ac5fffff
17858,8816a5a2a9fffff
17859,8816a5b613fffff
17860,8816a5a0e1fffff
17861,8816a51291fffff
17862,8816a5922dfffff
17863,8816a0bac7fffff
17864,88178b72d7fffff
17865,88178b2d43fffff
17866,88178b31a1fffff
17867,88178b79d3fffff
17868,88161645e3fffff
17869,8816a082d1fffff
17870,8816a54cdbfffff
17871,88178b0f29fffff
17872,88178978a5fffff
17873,88161651a9fffff
17874,88178bb731fffff
17875,8816a0bb33fffff
17876,8817897985fffff
17877,8816164eb3fffff
17878,8816a5991bfffff
17879,8816a55101fffff
17880,88178b0c3bfffff
17881,8816a5cca3fffff
17882,8816a5882dfffff
17883,8816a571cdfffff
17884,8816a5b1d9fffff
17885,8817896b55fffff
17886,88178ba889fffff
17887,8816a59743fffff
17888,8816a58cbbfffff
17889,8816164f69fffff
17890,88178b2e31fffff
17891,8816a5a1abfffff
17892,88178b3733fffff
17893,8816a01641fffff
17894,8816a58683fffff
17895,8816a51829fffff
17896,88178b08ebfffff
17897,8816a57ab3fffff
17898,88178b11c1fffff
17899,8816165067fffff
17900,88178ba9b9fffff
17901,88178b6cb1fffff
17902,88178ba48dfffff
17903,8816a5073bfffff
17904,8817894951fffff
17905,8816a55619fffff
17906,8816a5bac7fffff
17907,8816a08551fffff
17908,8816a5863dfffff
17909,8816a5c1d7fffff
17910,88161679bdfffff
17911,88178b18b3fffff
17912,8816a5d5c5fffff
17913,8816a5b6d1fffff
17914,8816a0b9c9fffff
17915,88178b6467fffff
17916,8816165a29fffff
17917,881616492bfffff
17918,88178bb6e9fffff
17919,88178bb6c3fffff
17920,8816a546a9fffff
17921,88178b212bfffff
17922,88178badbdfffff
17923,8816a5598bfffff
17924,88178b1725fffff
17925,8816a5a029fffff
17926,88178b1061fffff
17927,88178ba73dfffff
17928,8816a5d0d7fffff
17929,88178b3561fffff
17930,8816a0a269fffff
17931,8816a5b709fffff
17932,8816164061fffff
17933,8816a0b59bfffff
17934,8816165305fffff
17935,88178b2321fffff
17936,8816a51021fffff
17937,8816a08e8bfffff
17938,8816a0b19dfffff
17939,8816a57ad9fffff
17940,8816a51745fffff
17941,8816a57aa7fffff
17942,88178b2cb7fffff
17943,8816a51805fffff
17944,88178ba9d9fffff
17945,8816a515e1fffff
17946,88178ba593fffff
17947,88178b3b57fffff
17948,8816a556c5fffff
17949,8816a0b33dfffff
17950,88178ba84bfffff
17951,88178b1899fffff
17952,8816a50d0dfffff
17953,88178b728dfffff
17954,8816a51831fffff
17955,8817897969fffff
17956,8816a510ddfffff
17957,8816a5c951fffff
17958,8816a56065fffff
17959,8816a509e9fffff
17960,8816a086c5fffff
17961,8816a0b881fffff
17962,8816a50c17fffff
17963,8816a0b929fffff
17964,8816a59b1bfffff
17965,8816a54ac5fffff
17966,8816a58835fffff
17967,88178b6199fffff
17968,8816a58187fffff
17969,8816a5c661fffff
17970,8816a0ab1bfffff
17971,8816a5064bfffff
17972,88178b8185fffff
17973,8816a5c655fffff
17974,88178bba45fffff
17975,8816a50b2bfffff
17976,881789492dfffff
17977,88178b2359fffff
17978,88178b6231fffff
17979,8816167b45fffff
17980,8816a0b5e7fffff
17981,8816a58ed5fffff
17982,88178b653dfffff
17983,8816a55605fffff
17984,88178b35c1fffff
17985,8816a57949fffff
17986,88178baaa7fffff
17987,8816a5690dfffff
17988,8816a424a1fffff
17989,88178ba145fffff
17990,8816a59a5dfffff
17991,88178bbad9fffff
17992,8816a55757fffff
17993,88178b6997fffff
17994,881616793bfffff
17995,8816a0b727fffff
17996,88178b3185fffff
17997,8816a5c0e9fffff
17998,8816a51ae9fffff
17999,8816a5d4c1fffff
18000,8816a006b1fffff
18001,8816a5c925fffff
18002,8816a58539fffff
18003,88178b74e7fffff
18004,8816a0959dfffff
18005,88178b3a1dfffff
18006,8816a50d13fffff
18007,8816a5919bfffff
18008,8816a54e95fffff
18009,8816a0b911fffff
18010,8816a5c589fffff
18011,8816164c33fffff
18012,8816164d05fffff
18013,8816a5ba39fffff
18014,8816164165fffff
18015,8816a0b8ebfffff
18016,88178b39d5fffff
18017,88178b225dfffff
18018,8816a50ac5fffff
18019,8816a080c7fffff
18020,88178b2499fffff
18021,88178b2737fffff
18022,88178b242dfffff
18023,88178b6007fffff
18024,88178b1191fffff
18025,88178b2743fffff
18026,8816a5a901fffff
18027,8816a5a035fffff
18028,88178b8dc7fffff
18029,88178b8253fffff
18030,88178b973dfffff
18031,8816a0a301fffff
18032,88178b1097fffff
18033,8816a59a85fffff
18034,88178b0f5bfffff
18035,8816a58b1dfffff
18036,8816a58c09fffff
18037,8816a0bb25fffff
18038,8816a5d36dfffff
18039,881616452bfffff
18040,88178ba83bfffff
18041,88178b8209fffff
18042,8816164151fffff
18043,88178b6e9dfffff
18044,88178ba533fffff
18045,8816a54111fffff
18046,88178ba091fffff
18047,8816a5b947fffff
18048,881616544bfffff
18049,88178ba8bdfffff
18050,8816a080d1fffff
18051,88178bba47fffff
18052,88178b643dfffff
18053,8816164569fffff
18054,8816a5b359fffff
18055,88178b0129fffff
18056,8816164529fffff
18057,88178b09d5fffff
18058,8816a5983bfffff
18059,8816a50c25fffff
18060,88178b6e4dfffff
18061,8816a5c8e5fffff
18062,8816a55307fffff
18063,8816a595e9fffff
18064,8816a0b2e1fffff
18065,88178ba807fffff
18066,88178b32abfffff
18067,8817897b5bfffff
18068,8816a5154bfffff
18069,88178b81d7fffff
18070,88161679e1fffff
18071,88178b82b3fffff
18072,8816164c65fffff
18073,8816a5aa31fffff
18074,88178b21bbfffff
18075,8816a084c7fffff
18076,8816a54e85fffff
18077,88178b360bfffff
18078,8816a5ba13fffff
18079,8816a5c49dfffff
18080,88178b2eddfffff
18081,88178b72a3fffff
18082,8816a59a5bfffff
18083,8816a006b5fffff
18084,8816a5ca51fffff
18085,881616db17fffff
18086,8816a0ab5dfffff
18087,8816a0a0c3fffff
18088,8816a590b9fffff
18089,8816a590bdfffff
18090,8816a01425fffff
18091,88178b9093fffff
18092,8816a5088dfffff
18093,8816a50a5dfffff
18094,88178b3047fffff
18095,8816a0babdfffff
18096,8816a5c909fffff
18097,8816a08685fffff
18098,8816a0baa5fffff
18099,88178b3125fffff
18100,8816a5413dfffff
18101,88178b75c1fffff
18102,8816a51719fffff
18103,8816a08463fffff
18104,8816a0af1dfffff
18105,8816a0160dfffff
18106,88178b36d9fffff
18107,8816a0b313fffff
18108,8816a50237fffff
18109,88178ba569fffff
18110,88178b3267fffff
18111,8816a5aa63fffff
18112,8816a5192bfffff
18113,88178b2da1fffff
18114,8816164891fffff
18115,8816165029fffff
18116,8816a5116bfffff
18117,8816a51ac3fffff
18118,8816a50667fffff
18119,8816a5cd2dfffff
18120,8816a55a43fffff
18121,8816a5d1edfffff
18122,8816a50155fffff
18123,88178b6251fffff
18124,8816a5a859fffff
18125,8816a50d59fffff
18126,8816a50025fffff
18127,8816a0b86dfffff
18128,8816a5714bfffff
18129,8816a510e1fffff
18130,8816a59241fffff
18131,88178b041dfffff
18132,8816165a65fffff
18133,88178b2a63fffff
18134,8816a58a6bfffff
18135,8816a582a7fffff
18136,8816a5b8edfffff
18137,88178b0c0bfffff
18138,8816a5c441fffff
18139,8816a54a53fffff
18140,8816a0a2e1fffff
18141,8816a51363fffff
18142,8816165725fffff
18143,88178b9735fffff
18144,8816a5823bfffff
18145,8816a5c039fffff
18146,88178ba327fffff
18147,88178b2aedfffff
18148,8816a58f35fffff
18149,88178b606bfffff
18150,8816a09651fffff
18151,8816a5949dfffff
18152,8816a589c1fffff
18153,88178baa15fffff
18154,88178bb313fffff
18155,8816a08459fffff
18156,8816a58c63fffff
18157,88178b8439fffff
18158,88178b285dfffff
18159,8816a5d4e9fffff
18160,8816a546d9fffff
18161,88178b7899fffff
18162,8816a5aa0bfffff
18163,8816a5d615fffff
18164,8816a508c7fffff
18165,88178b22d5fffff
18166,8816a5a969fffff
18167,88178b3317fffff
18168,8816a5c713fffff
18169,8816a5004bfffff
18170,8816a51b33fffff
18171,8816a59645fffff
18172,88178b2d0dfffff
18173,8816a515a3fffff
18174,8816a5d885fffff
18175,8816a0b163fffff
18176,88178b2931fffff
18177,8816a581e7fffff
18178,8816a5c02dfffff
18179,8816a5b70dfffff
18180,8816a08eebfffff
18181,8816a0148dfffff
18182,8816a5d497fffff
18183,88178b34e5fffff
18184,88178bb5c9fffff
18185,88178b0c93fffff
18186,8816164ad3fffff
18187,88178ba307fffff
18188,88178ba0a3fffff
18189,88178bb565fffff
18190,8816a54a19fffff
18191,8816167b25fffff
18192,8816a51acdfffff
18193,8816a50c57fffff
18194,88178b034bfffff
18195,8816a554c7fffff
18196,8816a58003fffff
18197,88178b2e6bfffff
18198,88178b61e3fffff
18199,88178b3343fffff
18200,8816a5b0c1fffff
18201,88178b8d9bfffff
18202,88178bae1bfffff
18203,8816a5b195fffff
18204,8816a0b05dfffff
18205,8816a095a7fffff
18206,881616d84dfffff
18207,8816a0a8c5fffff
18208,8816a5cad1fffff
18209,88178b9427fffff
18210,88178b0ae9fffff
18211,88178ba287fffff
18212,8816165a89fffff
18213,88178b2dd7fffff
18214,8816a0b899fffff
18215,8816a5bb13fffff
18216,8816a56109fffff
18217,88178b8f37fffff
18218,88178b85a9fffff
18219,881616db0dfffff
18220,8816a510d9fffff
18221,8816a54eb3fffff
18222,88178b305bfffff
18223,88178baab1fffff
18224,88178b2903fffff
18225,88178b0a5bfffff
18226,88178b171dfffff
18227,8816a5a2edfffff
18228,8816a50d69fffff
18229,8816a508bbfffff
18230,88161642bdfffff
18231,8816a08edbfffff
18232,8816a0ab55fffff
18233,88178b7745fffff
18234,8816a5d4b1fffff
18235,88178ba01dfffff
18236,8816a094a3fffff
18237,8816a0854dfffff
18238,88178ba017fffff
18239,88178b09ddfffff
18240,88178b3643fffff
18241,8816a58597fffff
18242,88178ba2c5fffff
18243,8816a00725fffff
18244,8816a51145fffff
18245,88178b3229fffff
18246,8816a0b065fffff
18247,8816a0aab3fffff
18248,8816164149fffff
18249,88178b04d5fffff
18250,88178b872bfffff
18251,8816a5a905fffff
18252,88178bae4dfffff
18253,8817897a23fffff
18254,8816a5c225fffff
18255,8816a5d8d3fffff
18256,8816a0ae59fffff
18257,8816a5caa5fffff
18258,8816164829fffff
18259,8816a5d9ddfffff
18260,8816a5d137fffff
18261,8816a54549fffff
18262,8816a5b685fffff
18263,88178b118bfffff
18264,88178b01e3fffff
18265,8816a579edfffff
18266,8816a54019fffff
18267,8816a59ae3fffff
18268,88178b2c97fffff
18269,8816a5971dfffff
18270,88178baa05fffff
18271,88178b84a5fffff
18272,8816a555a3fffff
18273,8816a5c2b3fffff
18274,88178b613bfffff
18275,8816a0064bfffff
18276,8816a0b139fffff
18277,88178b8743fffff
18278,8816a50329fffff
18279,8816a0baa9fffff
18280,8816a0a1cdfffff
18281,8816a558ebfffff
18282,8816a0b141fffff
18283,8816a55b33fffff
18284,8816a50b23fffff
18285,88178b2505fffff
18286,8816164d8bfffff
18287,8816a5423dfffff
18288,88178b0011fffff
18289,8816a5091bfffff
18290,88178b74b1fffff
18291,8816a56b5bfffff
18292,8816a5d153fffff
18293,88178ba309fffff
18294,8816a51709fffff
18295,8816a006ebfffff
18296,88178bb309fffff
18297,8816a5c705fffff
18298,8816a509a3fffff
18299,88178b61abfffff
18300,88178b2661fffff
18301,88178ba851fffff
18302,8816a5d027fffff
18303,8816a55951fffff
18304,8816a0b959fffff
18305,88161652b3fffff
18306,88178bb9b1fffff
18307,88178bad69fffff
18308,8816164735fffff
18309,88178bb349fffff
18310,8816a5b4cdfffff
18311,8816164eddfffff
18312,8816a5575bfffff
18313,881616795bfffff
18314,88178bb81bfffff
18315,88178b36ebfffff
18316,88178979c3fffff
18317,8816164233fffff
18318,8816a5a1c3fffff
18319,88178b0e33fffff
18320,88178b8095fffff
18321,8816164c63fffff
18322,8817894d93fffff
18323,88178bb1d7fffff
18324,8816a0a1b7fffff
18325,88178b20abfffff
18326,8816a54445fffff
18327,8816a591a7fffff
18328,8816a58a3dfffff
18329,88178b3867fffff
18330,8816a5544bfffff
18331,8816a0b0a5fffff
18332,8816a58a5bfffff
18333,88178b78d5fffff
18334,8816a00ec7fffff
18335,88178b845dfffff
18336,8816a54769fffff
18337,8816164723fffff
18338,88178b952dfffff
18339,8816a551a7fffff
18340,88178b115bfffff
18341,8816a5456bfffff
18342,8816a5c5adfffff
18343,88178b7519fffff
18344,88178b8249fffff
18345,8816a54747fffff
18346,88178b7187fffff
18347,881616c9a5fffff
18348,8816a0ba53fffff
18349,8816a0aadbfffff
18350,88161648edfffff
18351,88178bac4dfffff
18352,88178baeadfffff
18353,8816a5b1a1fffff
18354,8816a509c9fffff
18355,8816a50749fffff
18356,8816a55a37fffff
18357,8816a540b9fffff
18358,8816a5890dfffff
18359,881616d9a7fffff
18360,88178b05b9fffff
18361,8816a55633fffff
18362,88178b9081fffff
18363,8816a59295fffff
18364,8816a55025fffff
18365,8816a596adfffff
18366,8816164e6bfffff
18367,8816a5d011fffff
18368,88178b744bfffff
18369,8816a51539fffff
18370,8816a50f45fffff
18371,8816a5b71bfffff
18372,8816a5b83dfffff
18373,8816a58805fffff
18374,8816a5b11bfffff
18375,8816a0b56dfffff
18376,88178bb30bfffff
18377,8816a01703fffff
18378,88178ba427fffff
18379,8816a016a1fffff
18380,8816a5dab1fffff
18381,8816a51349fffff
18382,8816a5c51bfffff
18383,8816a54c85fffff
18384,88178b015dfffff
18385,8816164edbfffff
18386,8816a54dc3fffff
18387,8816164a03fffff
18388,8817894f25fffff
18389,8817894d63fffff
18390,88178b3a2bfffff
18391,8816a55133fffff
18392,8816a5d199fffff
18393,88178b2f33fffff
18394,8816a5542bfffff
18395,8816a58507fffff
18396,88178b10c3fffff
18397,8816165561fffff
18398,88178bad63fffff
18399,88178b068dfffff
18400,8816a51545fffff
18401,88178b04a9fffff
18402,8816a59361fffff
18403,88178b05d3fffff
18404,8816a5a85dfffff
18405,88178b6031fffff
18406,88178b8c3dfffff
18407,88178b02b5fffff
18408,88178b0055fffff
18409,8816a50e85fffff
18410,8817894ca9fffff
18411,8816a000b1fffff
18412,8816a0b251fffff
18413,8816a57b0bfffff
18414,8816164863fffff
18415,8816164eb7fffff
18416,88178b7493fffff
18417,8816a594a9fffff
18418,8816a5b4b1fffff
18419,8816a0a863fffff
18420,8816a5cf1dfffff
18421,88178bb131fffff
18422,8816a54d97fffff
18423,88178b1769fffff
18424,88178bb849fffff
18425,8816a5ca33fffff
18426,8816a5d815fffff
18427,8816a55011fffff
18428,88178b8567fffff
18429,8816a54037fffff
18430,8816a59a09fffff
18431,88178bb057fffff
18432,8816a50ea1fffff
18433,8816a58499fffff
18434,8816a0b257fffff
18435,88178b0d91fffff
18436,8816165031fffff
18437,88178b0d85fffff
18438,88178b166dfffff
18439,8816a55039fffff
18440,8816a5a169fffff
18441,88178b0551fffff
18442,88178b60d1fffff
18443,8816a50dd1fffff
18444,88178bb5c1fffff
18445,8816a0169bfffff
18446,8816a50ecdfffff
18447,8816a58a69fffff
18448,8816165a23fffff
18449,8816a51435fffff
18450,88161641b7fffff
18451,88178bb32dfffff
18452,8816a5498dfffff
18453,8816a0a831fffff
18454,88178bb74bfffff
18455,8816a56b53fffff
18456,8816a548b9fffff
18457,8816a54e31fffff
18458,8816a57b37fffff
18459,8816a571b1fffff
18460,8816a08689fffff
18461,88178b7285fffff
18462,88178b0ac5fffff
18463,8816a0b269fffff
18464,8816a5cd4bfffff
18465,8816a08d87fffff
18466,8816a56323fffff
18467,8816a5c0a3fffff
18468,8816a51951fffff
18469,881616c931fffff
18470,8816a426a9fffff
18471,88178b2619fffff
18472,88178b11e7fffff
18473,8816164b61fffff
18474,88178b3309fffff
18475,8816a59639fffff
18476,88178bb4c1fffff
18477,8816a581c1fffff
18478,8816a086e7fffff
18479,88178b2585fffff
18480,8816a5140dfffff
18481,8816a515a1fffff
18482,88178b06edfffff
18483,8816165531fffff
18484,8816a5145dfffff
18485,8816a54f27fffff
18486,8816a51415fffff
18487,88161659cdfffff
18488,88178b3181fffff
18489,8816165b6dfffff
18490,88161648d7fffff
18491,8816a08e61fffff
18492,8816a5b769fffff
18493,8816a5b2d7fffff
18494,88178b2c61fffff
18495,88178b2de3fffff
18496,8816a554d1fffff
18497,8816a0b69bfffff
18498,8816a5b95dfffff
18499,881616cb69fffff
18500,8816a5b137fffff
18501,8816a50631fffff
18502,88178b2f23fffff
18503,8817894c15fffff
18504,8816a58235fffff
18505,8816a509edfffff
18506,8816a58c8bfffff
18507,8816a5545dfffff
18508,88178b2c45fffff
18509,8816a510abfffff
18510,88178b031bfffff
18511,8816a55339fffff
18512,88178ba28dfffff
18513,8816a511cdfffff
18514,88178b163bfffff
18515,88178b601dfffff
18516,8816a0b18bfffff
18517,8816a51ad7fffff
18518,8816a0b1ddfffff
18519,88178b3747fffff
18520,8816a50ee3fffff
18521,8816a5b481fffff
18522,8816a5b317fffff
18523,88178b2537fffff
18524,8816a5a149fffff
18525,88178b01b5fffff
18526,88178b2c15fffff
18527,8816a55b03fffff
18528,88178b6f39fffff
18529,88178b0703fffff
18530,8816a00649fffff
18531,8816a5d343fffff
18532,8816a585e9fffff
18533,8816a54317fffff
18534,8816a55561fffff
18535,8816a0b48dfffff
18536,8816165aa1fffff
18537,8816a5b547fffff
18538,8816a5a057fffff
18539,88178b29c9fffff
18540,8816a51343fffff
18541,8816165217fffff
18542,88178b0aa9fffff
18543,88178949d9fffff
18544,8816a5563bfffff
18545,88178b6e31fffff
18546,8816164ce3fffff
18547,88178b16d9fffff
18548,88178b09bdfffff
18549,8816a519e7fffff
18550,8816a5068dfffff
18551,8816a006a7fffff
18552,88178b6ec5fffff
18553,88178b28a9fffff
18554,88178b6349fffff
18555,8816a54eabfffff
18556,8816a08407fffff
18557,88161659bdfffff
18558,88178b8255fffff
18559,88178b16b3fffff
18560,88178b2c3bfffff
18561,88178b0861fffff
18562,8816a5aa6dfffff
18563,8816a595b3fffff
18564,8816a5b14dfffff
18565,88178b8f39fffff
18566,88178b75d3fffff
18567,88178b0a03fffff
18568,8816a546b3fffff
18569,88178ba763fffff
18570,88178b15b3fffff
18571,8816a0b687fffff
18572,8816a5c229fffff
18573,8816a5b287fffff
18574,8816a5c995fffff
18575,88178b655dfffff
18576,88161642c3fffff
18577,88178bb503fffff
18578,88178b2e81fffff
18579,8816a00723fffff
18580,8816a0a237fffff
18581,8816a5990bfffff
18582,8816a4248dfffff
18583,88178bb59dfffff
18584,8816a0b66dfffff
18585,88178b75c7fffff
18586,8816a5cf31fffff
18587,8816a54d43fffff
18588,88178ba46bfffff
18589,8816a50919fffff
18590,8816a5a25bfffff
18591,88178b0113fffff
18592,88178b0429fffff
18593,8816a571a3fffff
18594,8816165b39fffff
18595,8816a59431fffff
18596,8816a5ba5bfffff
18597,88178bb191fffff
18598,8816a590b3fffff
18599,8816a5c75dfffff
18600,88178b6d41fffff
18601,88178b71ddfffff
18602,8817894c63fffff
18603,881616518dfffff
18604,8816a5c8c7fffff
18605,88178bb6c5fffff
18606,8816a50f25fffff
18607,8816165405fffff
18608,88178b0001fffff
18609,8816a09603fffff
18610,8816a004ebfffff
18611,88178b60a1fffff
18612,8816a50459fffff
18613,88178b2c57fffff
18614,88178ba56dfffff
18615,88178b36a7fffff
18616,8816a5d457fffff
18617,8816a50aedfffff
18618,8816a5b107fffff
18619,8816a581abfffff
18620,88178b2765fffff
18621,88178b6529fffff
18622,8816a5a09bfffff
18623,8816a0948dfffff
18624,88178bbb05fffff
18625,8816a59705fffff
18626,88178b372bfffff
18627,88178b8debfffff
18628,88178b7417fffff
18629,88178b6e87fffff
18630,8816a08723fffff
18631,8816a50435fffff
18632,8816a542d9fffff
18633,8816a5d4c3fffff
18634,88178b281dfffff
18635,8816a59a53fffff
18636,881616533bfffff
18637,88178b24b7fffff
18638,88178bba5dfffff
18639,8816a5c2d7fffff
18640,8816a5d211fffff
18641,88161679cdfffff
18642,8816a5c163fffff
18643,88178ba2c7fffff
18644,8816a552a3fffff
18645,8816165969fffff
18646,88178b8535fffff
18647,88178b25c1fffff
18648,88178ba149fffff
18649,88178b001bfffff
18650,8816a54729fffff
18651,8816a09585fffff
18652,88178b381dfffff
18653,8816a095b9fffff
18654,8816a5d5e1fffff
18655,88178b70dbfffff
18656,8816a0ae51fffff
18657,8816a50e01fffff
18658,88178b2a83fffff
18659,8816a51885fffff
18660,881616d847fffff
18661,8817894f37fffff
18662,88178b165dfffff
18663,88178b0229fffff
18664,88178b312bfffff
18665,8816a5082dfffff
18666,8816a0ba25fffff
18667,88161652c7fffff
18668,8816a5cc4dfffff
18669,8816a50617fffff
18670,88178b9437fffff
18671,88178b1505fffff
18672,8816a54c53fffff
18673,88178bad0dfffff
18674,8816a0b919fffff
18675,88178b8f0bfffff
18676,88178b7649fffff
18677,8816a08687fffff
18678,8816a54ab9fffff
18679,88178b80bdfffff
18680,8816a5808bfffff
18681,88178b8e01fffff
18682,8816a50331fffff
18683,8816a580a7fffff
18684,8816a58027fffff
18685,8816a5b737fffff
18686,8816a579cdfffff
18687,8816a5c13bfffff
18688,8816a54021fffff
18689,8816a51443fffff
18690,88178b0f39fffff
18691,8816a082dbfffff
18692,8816a0b8b9fffff
18693,8816a59a69fffff
18694,88178b2145fffff
18695,8816a512e3fffff
18696,8817897a33fffff
18697,88178b0a39fffff
18698,8816a50c05fffff
18699,8816a0a761fffff
18700,8816a51237fffff
18701,8816a5113dfffff
18702,88178b236bfffff
18703,8816a0aa57fffff
18704,8816a5b919fffff
18705,8816a586a7fffff
18706,88178b3a4bfffff
18707,8816a5c86bfffff
18708,8816a5d8d9fffff
18709,88178b011bfffff
18710,8816a5b8d9fffff
18711,8816a589adfffff
18712,8816a59601fffff
18713,8816a516adfffff
18714,8817894d57fffff
18715,8816164a99fffff
18716,8816a58c87fffff
18717,8816a0b28dfffff
18718,8816a515c5fffff
18719,881616492dfffff
18720,8816a51949fffff
18721,88178b213dfffff
18722,8817894cbdfffff
18723,8816a56961fffff
18724,8816165103fffff
18725,8816165aa7fffff
18726,88178b35e3fffff
18727,88178948b5fffff
18728,8816a5c6b1fffff
18729,8816a58535fffff
18730,8816a5c693fffff
18731,88178ba135fffff
18732,8816a51551fffff
18733,88178b6357fffff
18734,88178b01c9fffff
18735,88178b0d93fffff
18736,8816a55405fffff
18737,8816a0a04bfffff
18738,8816a591abfffff
18739,8816a004cbfffff
18740,8816a5c003fffff
18741,8816a01481fffff
18742,8816a551bbfffff
18743,8816a54d61fffff
18744,88178bb535fffff
18745,8816a5ba97fffff
18746,88178b82e3fffff
18747,8816a0849bfffff
18748,8816a08081fffff
18749,88178b0d07fffff
18750,8816a50aadfffff
18751,88178b3235fffff
18752,8816a545e3fffff
18753,88178b8049fffff
18754,8816a59a97fffff
18755,8816167919fffff
18756,88178b9421fffff
18757,88178b25c9fffff
18758,8816a0b1abfffff
18759,8816a5460bfffff
18760,88178b2329fffff
18761,8816a426d7fffff
18762,88178b85abfffff
18763,88178b2b07fffff
18764,88178b0329fffff
18765,88178ba5d1fffff
18766,8816a592cdfffff
18767,8816a55433fffff
18768,8816a08619fffff
18769,88178b3429fffff
18770,88178bad6dfffff
18771,8816a5b629fffff
18772,8816a582a1fffff
18773,88178bb353fffff
18774,88178b6e33fffff
18775,881616572dfffff
18776,8816a545cdfffff
18777,8816a5b355fffff
18778,8816a5aa69fffff
18779,88178ba183fffff
18780,88178bae21fffff
18781,88178b0c9dfffff
18782,8816a591e7fffff
18783,88178b8037fffff
18784,88178b320dfffff
18785,8816a5cd01fffff
18786,88178b0739fffff
18787,88178b169bfffff
18788,8816a55697fffff
18789,88178b6321fffff
18790,8816a5c601fffff
18791,8816a58363fffff
18792,88178b86c1fffff
18793,8816a426d1fffff
18794,88178b3735fffff
18795,8816a59287fffff
18796,8816a5550bfffff
18797,88178b145bfffff
18798,8816a51059fffff
18799,88178ba26bfffff
18800,8816165aebfffff
18801,8816165727fffff
18802,8816a545d7fffff
18803,8816a5d4e7fffff
18804,8816a0b953fffff
18805,88178b7095fffff
18806,88178b843bfffff
18807,88178b6c0dfffff
18808,88178bad6bfffff
18809,8816a54357fffff
18810,8816a5c4e7fffff
18811,88178b1709fffff
18812,8816a5b9b3fffff
18813,88178b3763fffff
18814,8816164e3dfffff
18815,88178b6d8bfffff
18816,88178bb365fffff
18817,8816a50031fffff
18818,88178bb941fffff
18819,88178b32b1fffff
18820,8816a55203fffff
18821,8816a0b4c9fffff
18822,8816164f2bfffff
18823,88178ba9cdfffff
18824,8816a5d5c7fffff
18825,88178b60bbfffff
18826,88178b8ee7fffff
18827,8816a5b549fffff
18828,88178baaebfffff
18829,8816a5c211fffff
18830,8816a59737fffff
18831,8816a424e1fffff
18832,881616451dfffff
18833,8816a5b01bfffff
18834,88178bb207fffff
18835,8816a54ddbfffff
18836,8816a51587fffff
18837,88178b7363fffff
18838,88178bad21fffff
18839,88178b2cabfffff
18840,8816a5785bfffff
18841,8816a0a0e3fffff
18842,8816a5c431fffff
18843,88178b2e5dfffff
18844,8816a5b329fffff
18845,8816a0b105fffff
18846,8816a425d9fffff
18847,8816a55555fffff
18848,88178b95d1fffff
18849,88178b0ad9fffff
18850,8816a5819dfffff
18851,8816a54361fffff
18852,88178b9523fffff
18853,8816a554a3fffff
18854,8816a5b897fffff
18855,88178ba153fffff
18856,8816a015d3fffff
18857,88178bb669fffff
18858,8816a0a131fffff
18859,8816a0b5cbfffff
18860,8816a0a1e5fffff
18861,8816a0b889fffff
18862,8816a5b25bfffff
18863,88178b8d3bfffff
18864,88178b3ac7fffff
18865,88178b20c9fffff
18866,8816a08cb7fffff
18867,8816a5cdadfffff
18868,8816a5b085fffff
18869,88178b0dadfffff
18870,8816a0071bfffff
18871,881616475bfffff
18872,8816a5b55dfffff
18873,8816a00e4bfffff
18874,8816a0b255fffff
18875,88178b2f6bfffff
18876,8816a0945dfffff
18877,8816a5c337fffff
18878,8816a50049fffff
18879,8816a5c24dfffff
18880,88178ba42bfffff
18881,8816a5030bfffff
18882,8816a5daa5fffff
18883,8816a5886dfffff
18884,8816a57a1dfffff
18885,8816a585a5fffff
18886,8816a5429dfffff
18887,88178baca3fffff
18888,88178b744dfffff
18889,8816a571c5fffff
18890,8817894935fffff
18891,88178b61cdfffff
18892,8816a080abfffff
18893,8816a556d5fffff
18894,88178b343dfffff
18895,8816a42413fffff
18896,88178b26e1fffff
18897,88178bb25bfffff
18898,88178b2863fffff
18899,8816165b29fffff
18900,8816a5d71bfffff
18901,88178bb653fffff
18902,88161655a9fffff
18903,8816a55997fffff
18904,8816a55849fffff
18905,8816a5b1d1fffff
18906,88178b955dfffff
18907,88178b3ab5fffff
18908,8816a5b4abfffff
18909,88178bab59fffff
18910,88178b173bfffff
18911,8816a58a65fffff
18912,88178baa85fffff
18913,8816a551c5fffff
18914,8816a59a57fffff
18915,88178b2621fffff
18916,88178b6201fffff
18917,8816a57a91fffff
18918,88178b8891fffff
18919,8816a0ba91fffff
18920,88178b153bfffff
18921,8816a08283fffff
18922,88178b8445fffff
18923,88178b0e87fffff
18924,8816a0066dfffff
18925,8816a08c5bfffff
18926,8816a50469fffff
18927,8816a58093fffff
18928,88178b3835fffff
18929,8816a5ccb5fffff
18930,8816a5d9dbfffff
18931,8816a424d9fffff
18932,8816164729fffff
18933,88178b052bfffff
18934,8816a54997fffff
18935,8816165411fffff
18936,8816a552a7fffff
18937,8816a56a49fffff
18938,8816a5811dfffff
18939,881616472bfffff
18940,8816a580b5fffff
18941,8816a0b107fffff
18942,8816a59661fffff
18943,8816a5112dfffff
18944,8816a5a0d3fffff
18945,88178b22a3fffff
18946,8816a09659fffff
18947,8816a0153bfffff
18948,8816a0b357fffff
18949,8816a42435fffff
18950,88178b25cdfffff
18951,88178b6ce9fffff
18952,88178b3069fffff
18953,881616588dfffff
18954,8816a5003dfffff
18955,88178b2037fffff
18956,8816a5455dfffff
18957,8816a5b04bfffff
18958,88178ba131fffff
18959,8816a0a287fffff
18960,8816a5b901fffff
18961,8816a55765fffff
18962,8816a59315fffff
18963,8816a50203fffff
18964,8816a5b6a5fffff
18965,8816a5ca35fffff
18966,88178ba1adfffff
18967,88178b8d55fffff
18968,8816164de3fffff
18969,8817894883fffff
18970,8816a5b745fffff
18971,8816a55627fffff
18972,8816a59ae5fffff
18973,88161658abfffff
18974,8816a000b3fffff
18975,8816a0b8cbfffff
18976,88178b6625fffff
18977,8816a5d2e3fffff
18978,8816a54ea1fffff
18979,88178b2235fffff
18980,8816a59893fffff
18981,8816164c81fffff
18982,8816a51b29fffff
18983,88178bbb07fffff
18984,8816a0b8a7fffff
18985,8816a58e6dfffff
18986,88178bb135fffff
18987,8816a0b8c1fffff
18988,8816a5d701fffff
18989,8816a424d7fffff
18990,88178ba069fffff
18991,8816165053fffff
18992,8816a5d9d5fffff
18993,88178b8c91fffff
18994,88178b00cbfffff
18995,88178b161dfffff
18996,88178b2825fffff
18997,8816a5b837fffff
18998,88178b0169fffff
18999,8816a514b5fffff
19000,88178b32e7fffff
19001,8816a5d259fffff
19002,8816a58851fffff
19003,88178b3955fffff
19004,88178b22e9fffff
19005,8816165837fffff
19006,8816165065fffff
19007,8816a0ba87fffff
19008,88178b2853fffff
19009,8816a50e1dfffff
19010,8816a5d009fffff
19011,8816a51b13fffff
19012,8816a014b7fffff
19013,8816a519dbfffff
19014,8816a51347fffff
19015,8816a55ae9fffff
19016,8816a084bdfffff
19017,8816a58431fffff
19018,8816a51697fffff
19019,8816a58483fffff
19020,88178b6f37fffff
19021,8816165849fffff
19022,8816a59921fffff
19023,88178b1095fffff
19024,88178bb89bfffff
19025,8816a5b66dfffff
19026,8816a51639fffff
19027,8816a5cad7fffff
19028,8816a58b05fffff
19029,88178b0adbfffff
19030,88178b0a27fffff
19031,8816164ec9fffff
19032,8816a544c5fffff
19033,8816a555a7fffff
19034,8816a5bb31fffff
19035,8816a5a103fffff
19036,88178b8cd1fffff
19037,8816a08e27fffff
19038,8816a5ca61fffff
19039,88178b0247fffff
19040,8816a590a7fffff
19041,8816a51227fffff
19042,88178b7605fffff
19043,88178baee7fffff
19044,8816a58883fffff
19045,8816a546dbfffff
19046,88178b214dfffff
19047,8816a556c3fffff
19048,8816a5882bfffff
19049,88178b3ae3fffff
19050,88178bad89fffff
19051,8816a59015fffff
19052,88178949e3fffff
19053,88161649ddfffff
19054,8816a5d537fffff
19055,8816a5b247fffff
19056,881616545bfffff
19057,8816a554b3fffff
19058,88178b65a9fffff
19059,8816a0a64bfffff
19060,88178bb041fffff
19061,88178b8c41fffff
19062,8816164369fffff
19063,8816a500bdfffff
19064,8816a5169dfffff
19065,8816a59a99fffff
19066,8816a5cf29fffff
19067,88178b188bfffff
19068,8816a085ebfffff
19069,88161642b5fffff
19070,88178bb25dfffff
19071,8816a5cd9dfffff
19072,88178b3331fffff
19073,88178b8d41fffff
19074,8816164403fffff
19075,88178b0487fffff
19076,88178b6e07fffff
19077,8816a5960dfffff
19078,88178949d3fffff
19079,88178b25d7fffff
19080,8816a582e5fffff
19081,8816a54d37fffff
19082,8816a424c9fffff
19083,88178b809bfffff
19084,8816a57859fffff
19085,8816a59b0dfffff
19086,8816a54659fffff
19087,88178ba739fffff
19088,88178b3145fffff
19089,8816a580a5fffff
19090,8816a54cddfffff
19091,8817894eb7fffff
19092,88178b8f05fffff
19093,8816a54aa3fffff
19094,8816a0040dfffff
19095,88178ba74bfffff
19096,8816a50619fffff
19097,88178bb4a5fffff
19098,8816a5d319fffff
19099,8816a5cde1fffff
19100,8816a50d25fffff
19101,88178b0645fffff
19102,8816a51841fffff
19103,8816a50ec1fffff
19104,8816a5c5a9fffff
19105,88178b0593fffff
19106,8816a5c531fffff
19107,8816a5a147fffff
19108,8816165509fffff
19109,88178b2d69fffff
19110,8816164e57fffff
19111,8816a09485fffff
19112,8816a50d23fffff
19113,8816a0a0c7fffff
19114,88178b0c19fffff
19115,8816a5c987fffff
19116,8816165949fffff
19117,8816a00451fffff
19118,88178b719bfffff
19119,8816a5c365fffff
19120,8816a425c1fffff
19121,8816a5ceb5fffff
19122,88178b2d5dfffff
19123,8816a5b827fffff
19124,88178b0a13fffff
19125,88178b876bfffff
19126,88178bbab9fffff
19127,8816a5b75dfffff
19128,88178b0a81fffff
19129,8816a08c19fffff
19130,8816a51661fffff
19131,88178ba833fffff
19132,8816a58163fffff
19133,881616da2dfffff
19134,88178ba201fffff
19135,8816a5935bfffff
19136,8816a5d597fffff
19137,8816a0a0dbfffff
19138,88178b80b5fffff
19139,8816a58ee7fffff
19140,8816a5d72bfffff
19141,8816a5c71bfffff
19142,8816a57367fffff
19143,8816a59549fffff
19144,8816165b47fffff
19145,8816a5d557fffff
19146,88178ba65dfffff
19147,8816164b45fffff
19148,8816a01769fffff
19149,8816a5d1dbfffff
19150,8816a5156dfffff
19151,88178b6e93fffff
19152,8816a54265fffff
19153,8816a5ce13fffff
19154,8816a548b1fffff
19155,88178b14a3fffff
19156,8816a094d5fffff
19157,8816a5c147fffff
19158,88178bad67fffff
19159,88178b740dfffff
19160,8816a54243fffff
19161,8816a5cd83fffff
19162,88178b2649fffff
19163,8816a51517fffff
19164,8816a0b88dfffff
19165,88178979b1fffff
19166,8816a58313fffff
19167,8816167903fffff
19168,88178bba97fffff
19169,8816a50e03fffff
19170,88178b2711fffff
19171,88178b2b57fffff
19172,88178b0727fffff
19173,8816a591e5fffff
19174,8816a571a9fffff
19175,88161658a3fffff
19176,88178ba51bfffff
19177,8816a5a167fffff
19178,88178ba355fffff
19179,88178979abfffff
19180,8816a5a325fffff
19181,8816a588c7fffff
19182,8816a08e49fffff
19183,8817894903fffff
19184,88178bb6bbfffff
19185,88178b7307fffff
19186,8816a589d3fffff
19187,881616544dfffff
19188,8816a56969fffff
19189,8816a5d73dfffff
19190,8816164e93fffff
19191,8816a08e3dfffff
19192,88178b0a49fffff
19193,8816a50f41fffff
19194,881616481dfffff
19195,8816165085fffff
19196,8816a58045fffff
19197,8816a0b003fffff
19198,8816a0855dfffff
19199,8816a55521fffff
19200,88178b3447fffff
19201,88178bb827fffff
19202,8816a5d6b7fffff
19203,88178b7751fffff
19204,8816a5893dfffff
19205,8816164051fffff
19206,8816a5090bfffff
19207,88178ba129fffff
19208,8817894dddfffff
19209,8816a58d49fffff
19210,88178b65a3fffff
19211,88178b06d7fffff
19212,8816a5b447fffff
19213,88178bb20bfffff
19214,8816a5c8bdfffff
19215,8816a5d65bfffff
19216,8816a0aa81fffff
19217,8816a5b011fffff
19218,88178b006dfffff
19219,88161658b7fffff
19220,8816164931fffff
19221,8816a555dbfffff
19222,8816a5b913fffff
19223,8816a5cec1fffff
19224,8816a004cdfffff
19225,88161640cbfffff
19226,8816a0b76bfffff
19227,8816a425d3fffff
19228,8816164ce5fffff
19229,88178b2b59fffff
19230,8816a0ba55fffff
19231,8816165529fffff
19232,8816a5c06bfffff
19233,88178b6a53fffff
19234,8816a5d339fffff
19235,8816a556c7fffff
19236,8816a5a131fffff
19237,88178b0919fffff
19238,8816a501e3fffff
19239,8816a5a28dfffff
19240,88178b0503fffff
19241,8816164505fffff
19242,88178b38c9fffff
19243,88178ba655fffff
19244,8816a5a2d1fffff
19245,8816a51649fffff
19246,8816a0061bfffff
19247,88178b758dfffff
19248,8816a50405fffff
19249,8816a5845bfffff
19250,88178b0e07fffff
19251,88178b2dc1fffff
19252,8816a5884dfffff
19253,88178b6733fffff
19254,88161645a9fffff
19255,88178b60c9fffff
19256,88178b014bfffff
19257,8816a5a249fffff
19258,88178b7ac5fffff
19259,8816a50767fffff
19260,88161659b7fffff
19261,88161649dbfffff
19262,8816a55705fffff
19263,8816a554b7fffff
19264,88178b6e9bfffff
19265,8816a541e1fffff
19266,8816164141fffff
19267,88178bba4bfffff
19268,88178b72cbfffff
19269,8816a50d6bfffff
19270,88178b6ecdfffff
19271,88178bb999fffff
19272,8816a5b5c7fffff
19273,88178b2a95fffff
19274,88178b88d7fffff
19275,8816a42683fffff
19276,8816a0b453fffff
19277,8816a0b08bfffff
19278,88178b0089fffff
19279,8816a58855fffff
19280,8816a58ec5fffff
19281,88178ba281fffff
19282,88178b32cbfffff
19283,88178b3285fffff
19284,88178b234dfffff
19285,88161658c7fffff
19286,8816164201fffff
19287,8816a51487fffff
19288,8816a5959bfffff
19289,88178b6ec3fffff
19290,8816a56307fffff
19291,88178ba815fffff
19292,8816a08c5dfffff
19293,881616518bfffff
19294,8816a5121bfffff
19295,881616798dfffff
19296,88178b683bfffff
19297,88178ba353fffff
19298,8816a58021fffff
19299,8816a5b48bfffff
19300,8816a5c66dfffff
19301,8816a58f09fffff
19302,88178b619dfffff
19303,8816a55191fffff
19304,8816a54f21fffff
19305,8816a581c3fffff
19306,8816a5c167fffff
19307,8816a50615fffff
19308,88178b600dfffff
19309,8816a4241bfffff
19310,88178b610bfffff
19311,88178b2693fffff
19312,8816a54129fffff
19313,88178b01ebfffff
19314,8816a5b42dfffff
19315,8816a510a7fffff
19316,88178b842bfffff
19317,8816a50455fffff
19318,88178bb1b3fffff
19319,8816a5975dfffff
19320,88178b11d1fffff
19321,8816164de7fffff
19322,8816a0b409fffff
19323,8816164d2bfffff
19324,88178b6a13fffff
19325,8816165551fffff
19326,8816a58611fffff
19327,8816a0b495fffff
19328,88178b7055fffff
19329,88178b013bfffff
19330,8816a56335fffff
19331,8816a55a3bfffff
19332,8816a0b685fffff
19333,88178baa1dfffff
19334,88178b26e5fffff
19335,8816a55263fffff
19336,88178ba081fffff
19337,8816a58db7fffff
19338,88178bb613fffff
19339,8816a5b1b7fffff
19340,8816a5c165fffff
19341,8816a51117fffff
19342,88178b61a1fffff
19343,8816a55091fffff
19344,8816a5a1a1fffff
19345,8816a5ce51fffff
19346,88178b2c5dfffff
19347,88178b3523fffff
19348,8816a01643fffff
19349,8816a5b151fffff
19350,881616590bfffff
19351,8816a08c4dfffff
19352,88178bba11fffff
19353,8816a5414dfffff
19354,88178b671bfffff
19355,8816a0a0abfffff
19356,88178949edfffff
19357,8816165a4bfffff
19358,88178b2e33fffff
19359,88178bb35bfffff
19360,8817894829fffff
19361,8816a5c4a7fffff
19362,8816a5c339fffff
19363,88178b1449fffff
19364,8816a50921fffff
19365,8816a51049fffff
19366,88178b22e7fffff
19367,8816165455fffff
19368,8816a5a29dfffff
19369,8816a50e29fffff
19370,8816a512b1fffff
19371,88178b8459fffff
19372,8816a0b2a9fffff
19373,88178b3591fffff
19374,88178b09b5fffff
19375,88178b855bfffff
19376,8816a555d3fffff
19377,88178bb24bfffff
19378,8816a5ce93fffff
19379,8816a08581fffff
19380,88178ba8b3fffff
19381,8816a5019dfffff
19382,8816a5cb1bfffff
19383,8816a5b033fffff
19384,8816a51445fffff
19385,8816a5b62bfffff
19386,88178b3953fffff
19387,8816a006e7fffff
19388,8816164a19fffff
19389,8816a56b29fffff
19390,8816a509bbfffff
19391,8816a586c7fffff
19392,8816a5409dfffff
19393,8816a00e09fffff
19394,8816a0a1ebfffff
19395,88178bb53dfffff
19396,88178949a7fffff
19397,8816a5cf15fffff
19398,88178b6623fffff
19399,88178b6451fffff
19400,8816a094bdfffff
19401,8816a5b193fffff
19402,8816a58667fffff
19403,8817894da7fffff
19404,88178b7005fffff
19405,8816a51653fffff
19406,8816165b59fffff
19407,881616db55fffff
19408,88178ba151fffff
19409,8816a425b9fffff
19410,88178b7241fffff
19411,8816a578b5fffff
19412,8816a51813fffff
19413,88178b8c9dfffff
19414,8816a58aa9fffff
19415,88178baae1fffff
19416,8816a5424bfffff
19417,8816a5cd41fffff
19418,8816a0b703fffff
19419,8816a0b5ebfffff
19420,88178b85e5fffff
19421,8816a589b7fffff
19422,8816a519a3fffff
19423,8816a5b883fffff
19424,8816a551a3fffff
19425,88178b0e17fffff
19426,8816a0a569fffff
19427,8816165a09fffff
19428,8816a5d243fffff
19429,881616c93dfffff
19430,8816a08e03fffff
19431,8816a5422bfffff
19432,8816164a37fffff
19433,8816a5daa7fffff
19434,8816a0a145fffff
19435,8816a59987fffff
19436,8816165165fffff
19437,88178b2347fffff
19438,8816a58859fffff
19439,88178b32c5fffff
19440,8816a50137fffff
19441,8816a0ba51fffff
19442,88178b6117fffff
19443,88178bb4d1fffff
19444,8816a58d89fffff
19445,8816a55943fffff
19446,88178b34b3fffff
19447,8816a0aae3fffff
19448,8816a5b61dfffff
19449,8816a00e8bfffff
19450,8816a5b60bfffff
19451,88178b74adfffff
19452,8816a0ba19fffff
19453,8816a519d3fffff
19454,8816164c51fffff
19455,88178b00d9fffff
19456,88178b6addfffff
19457,8816a5d6b3fffff
19458,8816a57937fffff
19459,88178b3b25fffff
19460,8816164c4dfffff
19461,8816a58609fffff
19462,88178b0f3bfffff
19463,8816a58e45fffff
19464,8816a58b33fffff
19465,8816a55a0bfffff
19466,8816a5156bfffff
19467,8816a5d8a7fffff
19468,88178b2d9bfffff
19469,8816a58addfffff
19470,8816a0a1e9fffff
19471,88178b3107fffff
19472,8816a5499bfffff
19473,8816a5912dfffff
19474,8816a0b553fffff
19475,88178b3709fffff
19476,88178b6a3bfffff
19477,88178bb643fffff
19478,8816a5ca17fffff
19479,88178bb099fffff
19480,8816a59613fffff
19481,88178b8c5bfffff
19482,88178bb40bfffff
19483,8816a5d0e1fffff
19484,8816a59a65fffff
19485,8816a55329fffff
19486,8816a5dad9fffff
19487,8816a0a335fffff
19488,8816a5a70dfffff
19489,8816a54c37fffff
19490,8816a5910dfffff
19491,8816a56b6bfffff
19492,8816a51b05fffff
19493,8816a5d2cbfffff
19494,8816a54941fffff
19495,881616443dfffff
19496,8816a57107fffff
19497,88178b0cb3fffff
19498,8816a59a0bfffff
19499,8816a5b80dfffff
19500,8816a50f19fffff
19501,8816a0069bfffff
19502,8816a57a95fffff
19503,8816a0b751fffff
19504,88178bb63dfffff
19505,8816a0a13dfffff
19506,88178ba587fffff
19507,8816a0842bfffff
19508,8816a5d429fffff
19509,8816a5a56dfffff
19510,88178bb163fffff
19511,8816a50625fffff
19512,8816a549e1fffff
19513,8816a502ebfffff
19514,88178b2301fffff
19515,88178b1497fffff
19516,88178b6483fffff
19517,8816a0aae9fffff
19518,8816a0aa5bfffff
19519,88178b0b1bfffff
19520,8816a54dcbfffff
19521,8816a08483fffff
19522,8816a580abfffff
19523,88178b08d5fffff
19524,8816a5d6abfffff
19525,8816a096a9fffff
19526,8816a0a2e7fffff
19527,88178b65d9fffff
19528,8816a55a21fffff
19529,8816a54801fffff
19530,8816a08e25fffff
19531,8816a5a011fffff
19532,88178b741dfffff
19533,8816a0866dfffff
19534,88178b0c39fffff
19535,8816a5056dfffff
19536,8816a5b4c1fffff
19537,8816a588a1fffff
19538,8816a50ae7fffff
19539,8816a580e7fffff
19540,8816a0b517fffff
19541,8816167b23fffff
19542,8816a58453fffff
19543,8816a5a319fffff
19544,8816164c9dfffff
19545,88178bb5edfffff
19546,8816a506e9fffff
19547,88178b8ed5fffff
19548,88178b6ad1fffff
19549,8816a59625fffff
19550,8816a5b8cdfffff
19551,88178bb62bfffff
19552,88178b14b1fffff
19553,88178b95a3fffff
19554,8816a0a069fffff
19555,88178b628dfffff
19556,8816a579b5fffff
19557,88178b82c3fffff
19558,88178b363bfffff
19559,88178b6e15fffff
19560,8816a55465fffff
19561,8816164349fffff
19562,8816a595a5fffff
19563,88178b95e7fffff
19564,8816a0aaa9fffff
19565,8816165b23fffff
19566,88178b8ec7fffff
19567,8816a551d5fffff
19568,8816a0060dfffff
19569,8816a00429fffff
19570,88178b2241fffff
19571,8816a591c3fffff
19572,8816a5b2a7fffff
19573,8816a5549bfffff
19574,8816a56b67fffff
19575,88178bb55bfffff
19576,8816a51197fffff
19577,881616409dfffff
19578,88178b2561fffff
19579,8816a548ddfffff
19580,8816a0b4e5fffff
19581,8816a0a125fffff
19582,88178b85d5fffff
19583,8816a5451bfffff
19584,8816a015c7fffff
19585,88178b78edfffff
19586,8816a512d7fffff
19587,8816a588c3fffff
19588,8816a57ae3fffff
19589,88161641a9fffff
19590,8816a0a257fffff
19591,8816a5b4d7fffff
19592,88178bb0abfffff
19593,88161651c7fffff
19594,8816a0a001fffff
19595,881616db6bfffff
19596,8816a5cf03fffff
19597,88178b020bfffff
19598,881616422dfffff
19599,8816164a3bfffff
19600,8816a5835bfffff
19601,8816a506cdfffff
19602,8816a0b6b1fffff
19603,88178b74c7fffff
19604,8816167b63fffff
19605,8816a0a1c5fffff
19606,8816a55313fffff
19607,88178b6753fffff
19608,8816a58f1bfffff
19609,8816a55969fffff
19610,8816a5d24bfffff
19611,8816a54101fffff
19612,88178b1249fffff
19613,8816a5534dfffff
19614,88178bb58dfffff
19615,8816a5520bfffff
19616,88178b34bdfffff
19617,8816a5833bfffff
19618,8816a5461bfffff
19619,8816a59341fffff
19620,8816a51253fffff
19621,8816a5c319fffff
19622,8816a55013fffff
19623,8816a0b16dfffff
19624,8816a5b43dfffff
19625,8816a0ba59fffff
19626,8816a550adfffff
19627,8816a512b7fffff
19628,8816a0332dfffff
19629,88161640a7fffff
19630,8816a581edfffff
19631,88178949d1fffff
19632,8816a55009fffff
19633,8816a5b1a3fffff
19634,88178b3667fffff
19635,88178b71e1fffff
19636,88178b2495fffff
19637,8816a0ae69fffff
19638,88178b64a5fffff
19639,8816a0bb3dfffff
19640,88178b2083fffff
19641,88178b0d9dfffff
19642,88161655bdfffff
19643,8816a08655fffff
19644,88178b6c6dfffff
19645,8817897951fffff
19646,88178b2945fffff
19647,8816a59ab3fffff
19648,88178b0e53fffff
19649,881616430bfffff
19650,8816a0054bfffff
19651,8816165901fffff
19652,8816a58e01fffff
19653,8816a58c83fffff
19654,8816a57335fffff
19655,8816a595abfffff
19656,8816a0bb27fffff
19657,8816a50609fffff
19658,8816a59865fffff
19659,8816a08ed9fffff
19660,88178ba0d7fffff
19661,8816a5cf55fffff
19662,8816a08e53fffff
19663,8816a5473dfffff
19664,881616498bfffff
19665,8816a585e3fffff
19666,8816a51583fffff
19667,8816a599c1fffff
19668,88178baca7fffff
19669,88161640ebfffff
19670,8816a5c0a9fffff
19671,88178b8289fffff
19672,8816a5c1b1fffff
19673,8816164a61fffff
19674,88178b1447fffff
19675,8816165b21fffff
19676,8816a54541fffff
19677,88178bb4d9fffff
19678,8816a084abfffff
19679,88178ba063fffff
19680,8816164883fffff
19681,88178bbac9fffff
19682,88178b82ddfffff
19683,8816a0b8e5fffff
19684,8816a0b1ebfffff
19685,8816a0072bfffff
19686,8816a50eadfffff
19687,8816a0b83bfffff
19688,8816a50547fffff
19689,88178b054dfffff
19690,88178b2681fffff
19691,8816a5b5b7fffff
19692,8817896a31fffff
19693,88178b1207fffff
19694,8816a5c509fffff
19695,88161652b7fffff
19696,8816a51889fffff
19697,88178b7049fffff
19698,8816a0164bfffff
19699,88178b3603fffff
19700,8816a571abfffff
19701,8816a5baa7fffff
19702,8816a5aa1dfffff
19703,8816a0b0c3fffff
19704,8816a0bae7fffff
19705,8816a54e93fffff
19706,88178b972dfffff
19707,8816a5d503fffff
19708,88178b6291fffff
19709,8816a54319fffff
19710,88161648ebfffff
19711,88178b224dfffff
19712,8816a0b615fffff
19713,8816a5d081fffff
19714,8816a016abfffff
19715,88178b36e3fffff
19716,88178baa2bfffff
19717,8816a582edfffff
19718,88178b735dfffff
19719,8816a0b321fffff
19720,88178b30adfffff
19721,88178bb51dfffff
19722,88178b0a2dfffff
19723,8816a5c765fffff
19724,88178b84e5fffff
19725,88178b05d9fffff
19726,8816a58521fffff
19727,8816a57a0bfffff
19728,8816a50949fffff
19729,8816a579d3fffff
19730,8816a55823fffff
19731,8816a5962dfffff
19732,88178b34b7fffff
19733,88178b386bfffff
19734,88178b2a9dfffff
19735,8816a0b86bfffff
19736,8816a58ae5fffff
19737,88178b688dfffff
19738,88178b90a1fffff
19739,88178b872dfffff
19740,88178b2803fffff
19741,881616521bfffff
19742,8816164113fffff
19743,88178baed9fffff
19744,8816a5ca3dfffff
19745,8816a014d3fffff
19746,88178b36cbfffff
19747,88178b6185fffff
19748,8816a086e3fffff
19749,88178b0f0dfffff
19750,88178b2757fffff
19751,8816165b05fffff
19752,88178b35a9fffff
19753,8816a5c245fffff
19754,8816a01457fffff
19755,8816a51b11fffff
19756,88178b24a3fffff
19757,88178b2447fffff
19758,88178bb6d7fffff
19759,88178bb9e7fffff
19760,8816a5b233fffff
19761,881616522bfffff
19762,88178b380dfffff
19763,8816a59139fffff
19764,8816a548b3fffff
19765,8816a50dc9fffff
19766,88178b7129fffff
19767,88178b0097fffff
19768,8816a5d8a5fffff
19769,8816a5926bfffff
19770,8816a0a0cdfffff
19771,88178b6e1bfffff
19772,8816a54a1dfffff
19773,88178baf39fffff
19774,8816a08499fffff
19775,88178b8e95fffff
19776,8816164ebdfffff
19777,8816a096d5fffff
19778,88178b32bdfffff
19779,8816a54741fffff
19780,8816a58061fffff
19781,88178b3ad9fffff
19782,8816a5c65bfffff
19783,8816a0b45dfffff
19784,8816a58e99fffff
19785,88178b69c3fffff
19786,8816a5a0c5fffff
19787,8816a5051dfffff
19788,88178bad61fffff
19789,88178b0c2dfffff
19790,88178b158bfffff
19791,88178b0de3fffff
19792,88178b0f69fffff
19793,88178b0051fffff
19794,88178b66bdfffff
19795,8816a54cebfffff
19796,8816a51009fffff
19797,8816a5433dfffff
19798,8816a5cdddfffff
19799,8816a5c11bfffff
19800,8816167923fffff
19801,8816a5b4d3fffff
19802,88178b26d7fffff
19803,88178b2f61fffff
19804,8816a54ca7fffff
19805,8816a0868bfffff
19806,8816a5552bfffff
19807,8816a55115fffff
19808,8816a08447fffff
19809,88178b0dd9fffff
19810,8816a51295fffff
19811,881616cb63fffff
19812,88178b676bfffff
19813,8816a5cd67fffff
19814,8816a0a035fffff
19815,8816164cb3fffff
19816,88178b0707fffff
19817,8816a58c65fffff
19818,8816a54901fffff
19819,8816a5794bfffff
19820,8816a54cedfffff
19821,88178b8d81fffff
19822,8816a54e55fffff
19823,881616db5dfffff
19824,8816165737fffff
19825,88178b6a55fffff
19826,88178bad15fffff
19827,88178baa55fffff
19828,8816a5a74dfffff
19829,8816a54c01fffff
19830,8816a58613fffff
19831,8816a514b3fffff
19832,8816a516b3fffff
19833,8817894e95fffff
19834,88178b2415fffff
19835,8816a509e3fffff
19836,88178ba2b1fffff
19837,8816a57a9dfffff
19838,88178b09abfffff
19839,881616503dfffff
19840,88178b9567fffff
19841,8816167b3dfffff
19842,8816a5d333fffff
19843,8816a0b8dbfffff
19844,8816164cc9fffff
19845,88161658e9fffff
19846,8817894da9fffff
19847,88178b294dfffff
19848,88178b1509fffff
19849,88178b3151fffff
19850,8816a5b811fffff
19851,8816a584adfffff
19852,8816a542cbfffff
19853,88178b743dfffff
19854,8816a5171bfffff
19855,88178b3111fffff
19856,88161652abfffff
19857,8816a556dbfffff
19858,8816a5d1b7fffff
19859,88178b04b1fffff
19860,8816a0b29dfffff
19861,88178b8505fffff
19862,88178bb899fffff
19863,88178b69b9fffff
19864,8816a545cbfffff
19865,8816a518d3fffff
19866,8816a57149fffff
19867,8816164c3dfffff
19868,88178b3923fffff
19869,88178b6ac1fffff
19870,88178b2b11fffff
19871,8816a51137fffff
19872,8817894cb3fffff
19873,8816a0a18bfffff
19874,88178b614dfffff
19875,8817894d5bfffff
19876,88178b80adfffff
19877,8816a518a1fffff
19878,88178b6d93fffff
19879,881616555dfffff
19880,8816a54493fffff
19881,88178baad3fffff
19882,8816a519b7fffff
19883,8816a58097fffff
19884,8816a0b9e7fffff
19885,8816a0a149fffff
19886,8816a551a9fffff
19887,88161648a1fffff
19888,8816a5cdabfffff
19889,88178b0099fffff
19890,8816a584c1fffff
19891,881616420bfffff
19892,88178bb361fffff
19893,88178b2745fffff
19894,88178b72bbfffff
19895,8816a541a7fffff
19896,88178b81a1fffff
19897,8816a50e21fffff
19898,8816a0b635fffff
19899,881616496bfffff
19900,88178b65adfffff
19901,88178b3a87fffff
19902,88178b2a6bfffff
19903,88178b6a11fffff
19904,88178b2357fffff
19905,8816a0b119fffff
19906,88178b6c85fffff
19907,8816a5c949fffff
19908,8816a59159fffff
19909,8816a57ab7fffff
19910,8816a546ebfffff
19911,8816a0a1e3fffff
19912,88178ba5e7fffff
19913,88178bb955fffff
19914,88161655b7fffff
19915,8816a084bbfffff
19916,88178b29b5fffff
19917,88178b2d63fffff
19918,88178b1887fffff
19919,88178b080dfffff
19920,8816a5b851fffff
19921,88178b8ea9fffff
19922,8816a5734bfffff
19923,8816a59acbfffff
19924,88178ba6e7fffff
19925,8816a5194bfffff
19926,8816a55917fffff
19927,881616528dfffff
19928,88178ba669fffff
19929,8816a594d3fffff
19930,88178b2d85fffff
19931,8816a50747fffff
19932,88178b176bfffff
19933,88178bb527fffff
19934,8816a5d331fffff
19935,8816a50aa3fffff
19936,8816a0a08dfffff
19937,8816a5951bfffff
19938,88178ba4a3fffff
19939,8816a01639fffff
19940,8816a01559fffff
19941,88178b0849fffff
19942,8816a5ce41fffff
19943,8816a5a857fffff
19944,8816a5b8c1fffff
19945,8816a016edfffff
19946,8817894dcbfffff
19947,8817897823fffff
19948,88161645cdfffff
19949,88178b171bfffff
19950,88178b0c53fffff
19951,8816a08e45fffff
19952,8816a0a345fffff
19953,8816a5191bfffff
19954,8816a5b853fffff
19955,8816a096c1fffff
19956,8816a0a093fffff
19957,88178b940dfffff
19958,88178bb447fffff
19959,8816a50ee1fffff
19960,88178b2815fffff
19961,88178b734bfffff
19962,88178b01bbfffff
19963,8816a0bb4dfffff
19964,88178b2b61fffff
19965,88178b296bfffff
19966,8816a09611fffff
19967,8816a424b9fffff
19968,8816a54a47fffff
19969,8816a08ca5fffff
19970,88178b0767fffff
19971,8816165081fffff
19972,88178baed7fffff
19973,8816a0b169fffff
19974,88178b270dfffff
19975,88178b2043fffff
19976,88178b2e2bfffff
19977,88178b25bbfffff
19978,8816a080bdfffff
19979,8817897b01fffff
19980,8816a57913fffff
19981,88178b0d49fffff
19982,88178b123dfffff
19983,88178b2ce1fffff
19984,8816a5726bfffff
19985,88178b7505fffff
19986,8816a5aa2dfffff
19987,8816a0a0c9fffff
19988,88178ba9b3fffff
19989,8816a08eadfffff
19990,881616588bfffff
19991,88178b6181fffff
19992,88178b2addfffff
19993,8816a59515fffff
19994,8816a095e7fffff
19995,8816a5d291fffff
19996,881616db4bfffff
19997,8816a508e1fffff
19998,8816a5b8a1fffff
19999,88178b069bfffff
20000,88178b8d6dfffff
20001,88178b7301fffff
20002,88178ba31dfffff
20003,88178b02a3fffff
20004,8816a58915fffff
20005,88178b8889fffff
20006,8816165a8bfffff
20007,8816a086b9fffff
20008,88178b0c69fffff
20009,881789693dfffff
20010,8816a5d41bfffff
20011,88178bb4b1fffff
20012,8817896a0bfffff
20013,88178ba1d1fffff
20014,8816a5c2b9fffff
20015,8816a0ba8dfffff
20016,88178b0f35fffff
20017,88178baeb3fffff
20018,88178b728bfffff
20019,8816a0b35dfffff
20020,88178b64abfffff
20021,88178bb6b9fffff
20022,8816a58949fffff
20023,88178b6d57fffff
20024,8816a5ba69fffff
20025,8816a5c42bfffff
20026,8816a541c9fffff
20027,8816a00487fffff
20028,8816a50259fffff
20029,8816a59331fffff
20030,8816a5404dfffff
20031,8816a5521bfffff
20032,8816a5b751fffff
20033,8816a5b06bfffff
20034,8816a5c743fffff
20035,8816a506a5fffff
20036,88178b20adfffff
20037,88178b772dfffff
20038,8816a5b0c9fffff
20039,88178979d5fffff
20040,8816a51033fffff
20041,88178b3133fffff
20042,8816a55489fffff
20043,8816164c0bfffff
20044,8816a014e5fffff
20045,8816a50047fffff
20046,8816a58707fffff
20047,88178b8cc5fffff
20048,8817897821fffff
20049,8816a0b103fffff
20050,88178ba553fffff
20051,88178b2d07fffff
20052,88178bb007fffff
20053,8816a55a8bfffff
20054,88178b8ccbfffff
20055,8816a00641fffff
20056,88178b0e39fffff
20057,8816a5b95bfffff
20058,8816a518b1fffff
20059,8816a5b735fffff
20060,88178b0231fffff
20061,8816a58153fffff
20062,8816a014bdfffff
20063,8816a0b569fffff
20064,88178b90d3fffff
20065,8816a5d71dfffff
20066,8816165021fffff
20067,8816a5d42bfffff
20068,8816a0ba81fffff
20069,8817896a63fffff
20070,8816a515b5fffff
20071,8816a5513dfffff
20072,88178b8023fffff
20073,88178b8d03fffff
20074,88178b829bfffff
20075,8816a556ddfffff
20076,88178b010bfffff
20077,88178b326dfffff
20078,8816a5914bfffff
20079,88178b34bbfffff
20080,88178b8f01fffff
20081,8816a59855fffff
20082,8816a54f15fffff
20083,8816a55ad9fffff
20084,8816167b03fffff
20085,88178bb889fffff
20086,8816a55749fffff
20087,88178baa93fffff
20088,88178b2b2bfffff
20089,8816a55661fffff
20090,8816a506e7fffff
20091,88178ba9adfffff
20092,88178b2dd9fffff
20093,8816164213fffff
20094,8816a514e9fffff
20095,8816a5ca39fffff
20096,88178b800bfffff
20097,88178b44dbfffff
20098,8816a5861dfffff
20099,8816a55905fffff
20100,8817894cd3fffff
20101,8816a5526dfffff
20102,8816a5d839fffff
20103,88178b36d3fffff
20104,8816a08de9fffff
20105,88178bb111fffff
20106,88178b3121fffff
20107,88178b10a3fffff
20108,8816a5cb07fffff
20109,8816a5824dfffff
20110,88178b675dfffff
20111,8816a56b55fffff
20112,8816a59303fffff
20113,8816a5ccddfffff
20114,88178b28a5fffff
20115,8816a01497fffff
20116,8816a5b1ddfffff
20117,8816a5134bfffff
20118,8816a598cdfffff
20119,8816a55015fffff
20120,88178b113bfffff
20121,8816a0054dfffff
20122,88178bb9d7fffff
20123,88178b2d6bfffff
20124,8816a55655fffff
20125,8816a59933fffff
20126,8816a0b15dfffff
20127,8816a57849fffff
20128,8816a0b4a5fffff
20129,8816a5c40bfffff
20130,8816a5924bfffff
20131,8816164a35fffff
20132,8816a0b8d1fffff
20133,8816a0ba5dfffff
20134,8816a50545fffff
20135,8816a006e3fffff
20136,88178badd1fffff
20137,8816a08d89fffff
20138,88178b31d9fffff
20139,8816a5a949fffff
20140,8816a0a2adfffff
20141,88178b776bfffff
20142,8816a50f2bfffff
20143,88178b3231fffff
20144,88178b70d5fffff
20145,8816a5453bfffff
20146,8816a5b59dfffff
20147,8816a59247fffff
20148,8816a5c6b7fffff
20149,88178b38ddfffff
20150,8816a0ab61fffff
20151,8816a58147fffff
20152,88178b7109fffff
20153,88178b8585fffff
20154,88178b2c1bfffff
20155,8816a5a945fffff
20156,8816a5ba33fffff
20157,8816a5074dfffff
20158,8816a5d2ddfffff
20159,8816a54969fffff
20160,8816a58aedfffff
20161,88178948d1fffff
20162,88178bac65fffff
20163,8816a5c8dbfffff
20164,88178b0209fffff
20165,8816a5616dfffff
20166,8816a0963dfffff
20167,8816a0128bfffff
20168,8816a014cbfffff
20169,8817894db7fffff
20170,8816a59049fffff
20171,88178b3741fffff
20172,88178ba321fffff
20173,8816a0a649fffff
20174,8816a54341fffff
20175,8816a54513fffff
20176,8816a0b993fffff
20177,8816a59b4bfffff
20178,88178b9563fffff
20179,88178b20d9fffff
20180,8816a5175dfffff
20181,88178b0815fffff
20182,88178b3415fffff
20183,8816a5aaa5fffff
20184,88178b35dbfffff
20185,88178b2497fffff
20186,8816a0b629fffff
20187,8816a5cda3fffff
20188,88178b7597fffff
20189,8816a0a829fffff
20190,8816a5b30dfffff
20191,8816a5923bfffff
20192,88178b1885fffff
20193,8816a0ba03fffff
20194,8816a0bad7fffff
20195,8816a57921fffff
20196,8816a5c817fffff
20197,88178b14a7fffff
20198,8816a595e3fffff
20199,8816a54025fffff
20200,8816a57861fffff
20201,88178b36e1fffff
20202,88178b02d7fffff
20203,8816a5cea1fffff
20204,8816164a01fffff
20205,8816a095adfffff
20206,8816a0b6d3fffff
20207,8816a5853dfffff
20208,8816164e37fffff
20209,88178b3abdfffff
20210,88178b7ae5fffff
20211,8816a59187fffff
20212,88178b2e69fffff
20213,88178b84a1fffff
20214,88178ba843fffff
20215,8816a54703fffff
20216,88178b0cd3fffff
20217,8816a0b00bfffff
20218,8816a5c31dfffff
20219,8816a50465fffff
20220,88178b8e2dfffff
20221,8816a58c31fffff
20222,8816a08ca1fffff
20223,88178b6229fffff
20224,88178b7265fffff
20225,8817897955fffff
20226,88178b2c4dfffff
20227,88178b9593fffff
20228,88178b0f0bfffff
20229,88178b62e3fffff
20230,88178bb0a1fffff
20231,88178b22e5fffff
20232,8816164a25fffff
20233,8816a5cad3fffff
20234,8816a58761fffff
20235,8816a0855bfffff
20236,8816164567fffff
20237,8816165131fffff
20238,8816164339fffff
20239,8816a59527fffff
20240,8816a58c29fffff
20241,8816a424bdfffff
20242,881616558dfffff
20243,8816a58dedfffff
20244,88178b0ce5fffff
20245,8816a08715fffff
20246,88178b3a37fffff
20247,88178b2eadfffff
20248,8816a55511fffff
20249,8816a08707fffff
20250,8816a086adfffff
20251,8816164cabfffff
20252,88178b7205fffff
20253,8816a5c6c3fffff
20254,8816a0a1a5fffff
20255,8816a5b0e9fffff
20256,8816a5c583fffff
20257,8816a00615fffff
20258,88178b8ee3fffff
20259,8816a5ca41fffff
20260,88178bb84bfffff
20261,881616db15fffff
20262,88178b24e3fffff
20263,88178b8453fffff
20264,8816a5cd59fffff
20265,8816a010bbfffff
20266,8816a5b457fffff
20267,8816a57021fffff
20268,8816a0a297fffff
20269,88178bb847fffff
20270,8816a0945bfffff
20271,8816a5093dfffff
20272,88178b2f31fffff
20273,8816164f3bfffff
20274,88178b3901fffff
20275,8816a5c029fffff
20276,881789488dfffff
20277,88161658e1fffff
20278,8816165757fffff
20279,88178b2cc1fffff
20280,88178ba423fffff
20281,88178b2231fffff
20282,8816a58ed3fffff
20283,8816a58629fffff
20284,8816a55725fffff
20285,8816a589bdfffff
20286,8816a54ae7fffff
20287,8816a59843fffff
20288,88178b3945fffff
20289,8816165213fffff
20290,8816a5944bfffff
20291,8816164769fffff
20292,88178b0893fffff
20293,8816a5cc0bfffff
20294,8816164851fffff
20295,88178b1215fffff
20296,8816a58b1bfffff
20297,88178b151bfffff
20298,8816a59931fffff
20299,88178baa21fffff
20300,88178bacb5fffff
20301,8816165ac9fffff
20302,8816a0b935fffff
20303,8816a5b821fffff
20304,8816a54083fffff
20305,88178948e7fffff
20306,8816a50661fffff
20307,8816a54a05fffff
20308,8816a50e8dfffff
20309,8816a5ccb7fffff
20310,8816a54199fffff
20311,8816a5d5d9fffff
20312,8816a50d0bfffff
20313,88178b06bdfffff
20314,8816a59967fffff
20315,88178b6f43fffff
20316,88178b8543fffff
20317,88178b0a0dfffff
20318,88178b615dfffff
20319,8816165a4dfffff
20320,8816a42587fffff
20321,8816a5da33fffff
20322,881616cd25fffff
20323,8816a54607fffff
20324,8816a51027fffff
20325,8816a0b55bfffff
20326,88178b2e17fffff
20327,8816a58a3bfffff
20328,8816a5b161fffff
20329,8816a5cd15fffff
20330,8817896b4bfffff
20331,88161648c3fffff
20332,8816a58d35fffff
20333,88178baaa1fffff
20334,8816a57813fffff
20335,8816a5c841fffff
20336,8816a0068bfffff
20337,88178b70b7fffff
20338,8816a54cd9fffff
20339,88178bb227fffff
20340,8816a0a92dfffff
20341,8816164c95fffff
20342,88178b3549fffff
20343,8816164dadfffff
20344,8816a5502bfffff
20345,88178b9491fffff
20346,88178baabdfffff
20347,88178b8417fffff
20348,8816165985fffff
20349,88178b629dfffff
20350,88178b001dfffff
20351,88178b2425fffff
20352,88161640cdfffff
20353,88178b2085fffff
20354,8816a5cb17fffff
20355,8816a0b1b3fffff
20356,88178b2457fffff
20357,88178ba81dfffff
20358,88161652b1fffff
20359,88178b7999fffff
20360,8816a578dbfffff
20361,8816a5572dfffff
20362,8817896b27fffff
20363,8816a55639fffff
20364,8816a5151bfffff
20365,88178b3815fffff
20366,8816a5961dfffff
20367,8816a54435fffff
20368,88178b6de9fffff
20369,8816a58d9dfffff
20370,8816a51815fffff
20371,88178b2cb9fffff
20372,8816a5c1c3fffff
20373,8816a08403fffff
20374,88178b25a3fffff
20375,88178ba1a9fffff
20376,88178b3b41fffff
20377,88178b2c6dfffff
20378,88178b6cd7fffff
20379,8816a5158dfffff
20380,8816a54095fffff
20381,8816a582b3fffff
20382,8816a016bbfffff
20383,88178b6cc9fffff
20384,8816a0a811fffff
20385,8816a51a3bfffff
20386,8816a58e2dfffff
20387,8816164843fffff
20388,88178b84e7fffff
20389,88178b90d5fffff
20390,88178ba43bfffff
20391,88178bb563fffff
20392,8816a5803bfffff
20393,8816a5b727fffff
20394,8816a58145fffff
20395,8816a012dbfffff
20396,8816a0042dfffff
20397,88178b88b9fffff
20398,8816a5b2a5fffff
20399,88178b2ec3fffff
20400,8816a5630bfffff
20401,88178b826bfffff
20402,8816a57941fffff
20403,8816164d19fffff
20404,8816a59631fffff
20405,88178ba02bfffff
20406,8816a01427fffff
20407,8816a5c9b3fffff
20408,88178b330dfffff
20409,8816a0b05bfffff
20410,88178b2759fffff
20411,8816a0a76bfffff
20412,88178b6489fffff
20413,8816a59819fffff
20414,8816a0b89bfffff
20415,8816a549b5fffff
20416,8816a5c959fffff
20417,88178ba72bfffff
20418,88178bb53bfffff
20419,8816a5c9cdfffff
20420,8816a50803fffff
20421,88178ba459fffff
20422,8816a0176dfffff
20423,8816a58c69fffff
20424,8816a55b51fffff
20425,8816a54dadfffff
20426,8816a50e49fffff
20427,88178b2881fffff
20428,8816a0b151fffff
20429,8816a548a9fffff
20430,8816a0941dfffff
20431,8816a08295fffff
20432,8816a0a127fffff
20433,88161649d5fffff
20434,8816a5a22dfffff
20435,881616d915fffff
20436,88178bb291fffff
20437,88178b62cbfffff
20438,8816164c25fffff
20439,8816a01283fffff
20440,8816a546d1fffff
20441,88178b76c7fffff
20442,88178bbabbfffff
20443,88178b95cbfffff
20444,88178b236dfffff
20445,8816a5b649fffff
20446,88178b6463fffff
20447,8816a579d1fffff
20448,8816a5b5abfffff
20449,8816a54829fffff
20450,88178b2adbfffff
20451,88178bb363fffff
20452,8816a0b033fffff
20453,8817897b35fffff
20454,8816a5d099fffff
20455,8816a515abfffff
20456,88178b7685fffff
20457,8816a51a87fffff
20458,88178b8c07fffff
20459,88178b010dfffff
20460,8816a54d87fffff
20461,8816a5cdb9fffff
20462,8816a542d1fffff
20463,8816a5c499fffff
20464,8816a50607fffff
20465,8816a00747fffff
20466,8816a5b933fffff
20467,8816164e81fffff
20468,88178ba84dfffff
20469,8816a5930dfffff
20470,88178b751bfffff
20471,8816a5a965fffff
20472,8816165935fffff
20473,8816a5ba45fffff
20474,88178ba5cdfffff
20475,88178b21c5fffff
20476,88178b70c7fffff
20477,88178b3531fffff
20478,8816a012d9fffff
20479,881616790bfffff
20480,88178b1223fffff
20481,8816a5c20dfffff
20482,88178b78a3fffff
20483,8816a512c7fffff
20484,8816a08dedfffff
20485,8816a54d31fffff
20486,88178b21c7fffff
20487,88178b0321fffff
20488,88178b602bfffff
20489,8816165403fffff
20490,8816a5aa67fffff
20491,88178b3811fffff
20492,8816a08e93fffff
20493,8816a55643fffff
20494,8816164a09fffff
20495,8816a5c459fffff
20496,88178ba28bfffff
20497,8816165b33fffff
20498,8816a55111fffff
20499,88178b7681fffff
20500,8816a004dbfffff
20501,8816a55415fffff
20502,8816a59b41fffff
20503,8816164c8bfffff
20504,88178b0881fffff
20505,8816a500c7fffff
20506,88178b7341fffff
20507,88178b7243fffff
20508,8816a554e9fffff
20509,8816a0b203fffff
20510,88178b7189fffff
20511,88178b2185fffff
20512,8816a54001fffff
20513,8816a5bb33fffff
20514,881616c909fffff
20515,8816a5cd27fffff
20516,8816a55a2dfffff
20517,8816a5cf5dfffff
20518,88178b6ddbfffff
20519,8816a51aa9fffff
20520,88178b7aa3fffff
20521,8816a0969bfffff
20522,8816a51581fffff
20523,8816a554e5fffff
20524,88178b8e47fffff
20525,88178b763bfffff
20526,8816164159fffff
20527,88178b8423fffff
20528,8816164211fffff
20529,8816a50323fffff
20530,8816165565fffff
20531,8816a54d11fffff
20532,881616cb31fffff
20533,8816a50307fffff
20534,88178b25cbfffff
20535,8816a0b041fffff
20536,88178b0353fffff
20537,8816a50159fffff
20538,8816a5cc27fffff
20539,8816a0942bfffff
20540,8816a54091fffff
20541,88178b635bfffff
20542,8816a5aad9fffff
20543,881616d95bfffff
20544,8816a085e5fffff
20545,88178b030dfffff
20546,88178b7539fffff
20547,8816a084cdfffff
20548,88178b61ddfffff
20549,8816a5a195fffff
20550,88178b1521fffff
20551,8816a516c1fffff
20552,88178b284bfffff
20553,88178b8dd5fffff
20554,8816a50d03fffff
20555,88178bb4cdfffff
20556,8816a5c19dfffff
20557,88178b22bdfffff
20558,88178bb2c9fffff
20559,88178baeb9fffff
20560,8816a58655fffff
20561,8816a58d0bfffff
20562,88178b654dfffff
20563,8816a0859dfffff
20564,8816a591b1fffff
20565,88178b2e43fffff
20566,88178b2529fffff
20567,8816a5b123fffff
20568,88178b81b3fffff
20569,88178baa67fffff
20570,88178b2365fffff
20571,8816a54305fffff
20572,88178b6f33fffff
20573,88178bbb03fffff
20574,8816a546d5fffff
20575,8816a5a341fffff
20576,88178ba687fffff
20577,88178b2e53fffff
20578,88178b1407fffff
20579,8816164215fffff
20580,8816a59a3bfffff
20581,8816a50a9bfffff
20582,88178b3a39fffff
20583,88178ba685fffff
20584,88178b8753fffff
20585,8816a502b1fffff
20586,8816a0b1a3fffff
20587,8816a51b4bfffff
20588,8816a5991dfffff
20589,88178b3699fffff
20590,8816a54cd5fffff
20591,8816a586d5fffff
20592,88178bb611fffff
20593,88178b0c41fffff
20594,8816a5871bfffff
20595,88178b6a17fffff
20596,8816a501d1fffff
20597,8816a54f19fffff
20598,88178baa3bfffff
20599,8816a54d8bfffff
20600,8816a03a6dfffff
20601,88178ba207fffff
20602,88178bae49fffff
20603,8816a006b3fffff
20604,8816a585b1fffff
20605,8817894cc5fffff
20606,88178b81a5fffff
20607,88178b2f05fffff
20608,8816a5b239fffff
20609,88178bb9bbfffff
20610,88178b1485fffff
20611,88178b6637fffff
20612,8816a50a05fffff
20613,8816a0a1d9fffff
20614,88178bb1d3fffff
20615,88178bb459fffff
20616,8816a5409bfffff
20617,88178b0207fffff
20618,8816a59123fffff
20619,8816a0aa5dfffff
20620,8816a0b46bfffff
20621,88178b8421fffff
20622,8816a085e1fffff
20623,8816a5b18bfffff
20624,88178bb807fffff
20625,8816a55459fffff
20626,881616d9abfffff
20627,88178b0819fffff
20628,8816a0b6b3fffff
20629,88178b30d1fffff
20630,88178b3a91fffff
20631,8816a01435fffff
20632,8816a58067fffff
20633,8816a58155fffff
20634,8816a0b031fffff
20635,8816a58c6bfffff
20636,8816a5cb0bfffff
20637,8816a0b449fffff
20638,8816a5d9d7fffff
20639,88178b3909fffff
20640,88178bb529fffff
20641,88178b0d3dfffff
20642,8816a0a147fffff
20643,8816a50a19fffff
20644,8816a51627fffff
20645,8816a59697fffff
20646,8816a5844bfffff
20647,8816a5799dfffff
20648,8816a5caa3fffff
20649,88178b3ad1fffff
20650,8816a0b009fffff
20651,88178b2109fffff
20652,8816a58c01fffff
20653,8816a09593fffff
20654,88178b66d9fffff
20655,88178b2267fffff
20656,88178b123bfffff
20657,8816164ecbfffff
20658,88178bba55fffff
20659,881616535dfffff
20660,88178bb589fffff
20661,88178ba2b3fffff
20662,8816a5ba19fffff
20663,88178b80a5fffff
20664,88178b649dfffff
20665,88178ba4e3fffff
20666,88178b62c7fffff
20667,88178bb2e1fffff
20668,88178bb61dfffff
20669,88178b013dfffff
20670,8816a54a95fffff
20671,8816a58355fffff
20672,8816a5950bfffff
20673,88178bb12dfffff
20674,8816a0a2ebfffff
20675,88178b84d7fffff
20676,88178b3809fffff
20677,88178bac35fffff
20678,8817894cd5fffff
20679,8816a50f17fffff
20680,8816a5830dfffff
20681,88178b8c65fffff
20682,88178b8457fffff
20683,8816a50511fffff
20684,8816a0b445fffff
20685,88178b32d3fffff
20686,8816a58553fffff
20687,8816a5c6c9fffff
20688,88178bb83bfffff
20689,8816a55a49fffff
20690,8816a58d55fffff
20691,8816167943fffff
20692,88178bb0ebfffff
20693,88178b6d83fffff
20694,88178b8609fffff
20695,8816a51765fffff
20696,88178baae9fffff
20697,8816164e87fffff
20698,8816a5b451fffff
20699,8816a58719fffff
20700,88178bba2dfffff
20701,8817897999fffff
20702,8816a014ebfffff
20703,88178b2933fffff
20704,88178b7401fffff
20705,88178b105dfffff
20706,88178948bdfffff
20707,8816a58143fffff
20708,8816a014a3fffff
20709,8816a5cddbfffff
20710,8816164027fffff
20711,8816a50f5dfffff
20712,8816a58687fffff
20713,8816a5c403fffff
20714,8817894985fffff
20715,88178b86cbfffff
20716,88178b2a61fffff
20717,88178b661dfffff
20718,8816a5555dfffff
20719,88161679bbfffff
20720,8817894c03fffff
20721,8817894e35fffff
20722,8816a50013fffff
20723,8816164d09fffff
20724,8816a55abbfffff
20725,88178ba1e3fffff
20726,8816a5b5c1fffff
20727,88178b65bdfffff
20728,8816a5b893fffff
20729,8816a005cdfffff
20730,88178b70d1fffff
20731,8816a51221fffff
20732,8816a58c45fffff
20733,8816a5594bfffff
20734,88178b8485fffff
20735,88178b654bfffff
20736,8816a0b09dfffff
20737,8816a5521dfffff
20738,88178b1593fffff
20739,88178b0325fffff
20740,8816164733fffff
20741,8816a0b997fffff
20742,8816167b01fffff
20743,88178b6c95fffff
20744,8816a55a93fffff
20745,8816a5d30bfffff
20746,8816a5c52bfffff
20747,881789782dfffff
20748,88178bb95bfffff
20749,8816a5c9a5fffff
20750,8816a0aa6bfffff
20751,88178ba5c3fffff
20752,88178b3943fffff
20753,8816a095ddfffff
20754,88178b6587fffff
20755,88178b0143fffff
20756,8816a54421fffff
20757,88178b65cdfffff
20758,88178ba719fffff
20759,88178b6419fffff
20760,8816a590a9fffff
20761,8817894ccbfffff
20762,8816a0a66dfffff
20763,88178bba0bfffff
20764,8816a0a83dfffff
20765,8816a094d3fffff
20766,88178b36b5fffff
20767,8816a5a063fffff
20768,88178b60ddfffff
20769,8816a54517fffff
20770,8816a50165fffff
20771,88178b90d7fffff
20772,8816a0b55dfffff
20773,8816a5c485fffff
20774,8816a502e5fffff
20775,88178ba6a7fffff
20776,88178baaa9fffff
20777,88178bb283fffff
20778,88178b3029fffff
20779,8816a57161fffff
20780,88178bb2d1fffff
20781,88178b3687fffff
20782,88178b8dd3fffff
20783,8816a54869fffff
20784,8816a5b5bbfffff
20785,8816a552cbfffff
20786,88161648cbfffff
20787,8816a0b9cbfffff
20788,8816a5b5e5fffff
20789,88178ba049fffff
20790,8816a5871dfffff
20791,8817897b11fffff
20792,8816a5d747fffff
20793,8816a54529fffff
20794,8816a59b27fffff
20795,881616c95dfffff
20796,88178b3aedfffff
20797,88178bb567fffff
20798,88178bb435fffff
20799,8816a50725fffff
20800,88178b636dfffff
20801,8816a585b9fffff
20802,88178bab6dfffff
20803,88178b2111fffff
20804,88178bb31bfffff
20805,8816a094c5fffff
20806,88178b01c3fffff
20807,8816a5b439fffff
20808,88178ba219fffff
20809,88178b32a3fffff
20810,8816a50659fffff
20811,8816a5a021fffff
20812,8816a5d633fffff
20813,8816a58e43fffff
20814,8816a58f53fffff
20815,8816a08523fffff
20816,8816a55b59fffff
20817,88178b69abfffff
20818,8816a0059dfffff
20819,8816a08ccbfffff
20820,8816a5c529fffff
20821,88178b2e11fffff
20822,8816a5c197fffff
20823,88178b01cdfffff
20824,8816a08435fffff
20825,88178b0d3bfffff
20826,8816a5d0cdfffff
20827,8816a5b4b9fffff
20828,8816a5b921fffff
20829,8816a5714dfffff
20830,8816a55283fffff
20831,8816a5c9c3fffff
20832,88161642e3fffff
20833,88178b3a05fffff
20834,88178b1059fffff
20835,8816a55941fffff
20836,8816a541e7fffff
20837,8816a5c725fffff
20838,88178bad33fffff
20839,8816a546b7fffff
20840,88178b12b5fffff
20841,88178b7133fffff
20842,8816a5c195fffff
20843,88178b8557fffff
20844,88161640e5fffff
20845,8816a5c809fffff
20846,8816a0b855fffff
20847,8816a58231fffff
20848,88178b3925fffff
20849,88178b7687fffff
20850,8816a51a09fffff
20851,8816164161fffff
20852,88178b14ebfffff
20853,8816a5033bfffff
20854,8817897819fffff
20855,8816a0b4c1fffff
20856,88161642edfffff
20857,8817894d9bfffff
20858,8816a5da19fffff
20859,8816a56337fffff
20860,88178b3653fffff
20861,8816a0ba15fffff
20862,8816a5c957fffff
20863,8816a515b1fffff
20864,8816a0129dfffff
20865,8816a50c13fffff
20866,8816a08695fffff
20867,8816a580e5fffff
20868,8816a51089fffff
20869,88178ba317fffff
20870,88178ba861fffff
20871,8816a0ab39fffff
20872,88178b1a8bfffff
20873,88178b399bfffff
20874,88178b066dfffff
20875,8816a5caebfffff
20876,8816a0b657fffff
20877,8816a5b8b9fffff
20878,8816a57187fffff
20879,8816a08ed3fffff
20880,8816a5b2bdfffff
20881,881789499bfffff
20882,88161648e7fffff
20883,8816a08c8dfffff
20884,8816a0b619fffff
20885,8816a5a649fffff
20886,8816a0b91dfffff
20887,88178bb86bfffff
20888,88178b6861fffff
20889,88178b942bfffff
20890,8816164c57fffff
20891,88178b7255fffff
20892,88178b0327fffff
20893,8816a0a26bfffff
20894,8816a5591dfffff
20895,8816164a47fffff
20896,8816a5b483fffff
20897,88178b09e3fffff
20898,88178b6b11fffff
20899,88178bb0bbfffff
20900,88178b265dfffff
20901,88178b2611fffff
20902,8816a5128bfffff
20903,88178b7713fffff
20904,88178bb723fffff
20905,8816164ecdfffff
20906,8816a571e7fffff
20907,88178b29d7fffff
20908,88178b033bfffff
20909,8816a5ca89fffff
20910,8816164157fffff
20911,8817894887fffff
20912,8816a59599fffff
20913,88178b701bfffff
20914,8816a5b40dfffff
20915,8816a595b7fffff
20916,88178bbb01fffff
20917,88178b202bfffff
20918,8816a54d55fffff
20919,8816164287fffff
20920,8816a50c35fffff
20921,88178b746bfffff
20922,8816a5dae9fffff
20923,8816a5b185fffff
20924,8816a0bb5dfffff
20925,8816a54a33fffff
20926,8816a01487fffff
20927,88178949cbfffff
20928,8816a57b45fffff
20929,8816a542b1fffff
20930,88178b6051fffff
20931,8816165337fffff
20932,88178bb73dfffff
20933,88178b1589fffff
20934,8816a0ba93fffff
20935,88178b61c9fffff
20936,8816a0b60bfffff
20937,88178b80d7fffff
20938,8817897a39fffff
20939,8816a58c3bfffff
20940,881789780bfffff
20941,88178b6f0dfffff
20942,8816a08487fffff
20943,8816a58de1fffff
20944,8816a58c47fffff
20945,88178b7559fffff
20946,88178b24b9fffff
20947,88178bb245fffff
20948,88178b8d35fffff
20949,8816a5d131fffff
20950,8816a5c2a7fffff
20951,8816a5109dfffff
20952,88178bae51fffff
20953,88178b34cbfffff
20954,88178b85b9fffff
20955,88178b16d3fffff
20956,8816a57aa1fffff
20957,8816164703fffff
20958,8816a58a2bfffff
20959,88178baa63fffff
20960,88178b0cddfffff
20961,8816a5b96bfffff
20962,8816165ad7fffff
20963,8816a5992bfffff
20964,8817897997fffff
20965,8816a500ddfffff
20966,8816a50961fffff
20967,8816a5a92dfffff
20968,8816a5966bfffff
20969,8816a54743fffff
20970,8816a55435fffff
20971,8816164317fffff
20972,8816a5ce11fffff
20973,8816a555e3fffff
20974,88178ba9bbfffff
20975,881616585dfffff
20976,8816a0b23bfffff
20977,8816a50c1dfffff
20978,88161652d1fffff
20979,8816a5b6d9fffff
20980,8816a5bb27fffff
20981,8816164207fffff
20982,88178b1525fffff
20983,88178b0343fffff
20984,8816a50349fffff
20985,8816164a57fffff
20986,88178b7103fffff
20987,8816a59401fffff
20988,8816a50a97fffff
20989,88178b84e3fffff
20990,8816a08ec7fffff
20991,8816165327fffff
20992,88178b6a5bfffff
20993,88178b0e2dfffff
20994,8816a5aa39fffff
20995,8816a50d45fffff
20996,8816a51839fffff
20997,88178b69e7fffff
20998,8816a552abfffff
20999,8816a5c1b7fffff
21000,8816a50717fffff
21001,8816a50c5bfffff
21002,8817897935fffff
21003,8816a54da3fffff
21004,8816a5a34dfffff
21005,8816a0b4c3fffff
21006,8816a5034dfffff
21007,8816a57a6bfffff
21008,8816a5d40dfffff
21009,8816a55ae7fffff
21010,88161641cbfffff
21011,8816a54927fffff
21012,8816a4a4dbfffff
21013,8816a0af6bfffff
21014,88178b7aa1fffff
21015,88178ba71dfffff
21016,88178b0807fffff
21017,88178b35d1fffff
21018,8816a5c5e3fffff
21019,8816a0b4e9fffff
21020,8816a5522bfffff
21021,88178b2f0bfffff
21022,88178b86c3fffff
21023,88178b64d3fffff
21024,8816a5d22dfffff
21025,88178bb76bfffff
21026,8816a5152bfffff
21027,8816a5d10dfffff
21028,8816a5450dfffff
21029,8816a546abfffff
21030,8816a0109bfffff
21031,88178b04c1fffff
21032,88178baeedfffff
21033,88178b72b1fffff
21034,8816164ee1fffff
21035,8816a00763fffff
21036,88178b0835fffff
21037,88178baa27fffff
21038,8816a57907fffff
21039,8816a5c107fffff
21040,88178b1001fffff
21041,8816a5d6e5fffff
21042,88178b7683fffff
21043,8816a59161fffff
21044,8816a55715fffff
21045,88178b0a93fffff
21046,88178b2d1dfffff
21047,88178b9087fffff
21048,8816a0860bfffff
21049,8816a5d6d7fffff
21050,8816a5010bfffff
21051,88178b269bfffff
21052,8816a004adfffff
21053,8816a5a005fffff
21054,8816a57a13fffff
21055,8817896909fffff
21056,88178bbb11fffff
21057,88178b6d0bfffff
21058,88178bb733fffff
21059,8816164099fffff
21060,8816a50911fffff
21061,8816a58849fffff
21062,881616d965fffff
21063,88178bb4e9fffff
21064,88178b08c5fffff
21065,88178ba751fffff
21066,8816a0af5bfffff
21067,8816a5c46bfffff
21068,88178b6a5dfffff
21069,88178bb0d5fffff
21070,88178b32e1fffff
21071,8816a0a0bdfffff
21072,8816a580dbfffff
21073,88178ba653fffff
21074,88178ba259fffff
21075,8816a54835fffff
21076,8816a5b953fffff
21077,88178bb831fffff
21078,88161652c3fffff
21079,8816a59255fffff
21080,88178b6155fffff
21081,8816a51485fffff
21082,8816a59129fffff
21083,8816a5d481fffff
21084,8817894dd1fffff
21085,8816a0aa3dfffff
21086,88178b0a8dfffff
21087,8816a5b0ddfffff
21088,8816a59829fffff
21089,8816a01513fffff
21090,8816a5da99fffff
21091,88178bac05fffff
21092,88178b3a2dfffff
21093,88178b80c9fffff
21094,88178ba343fffff
21095,8816a5bad7fffff
21096,88178bae5dfffff
21097,8816a5c0e3fffff
21098,88178b39abfffff
21099,8816164cd3fffff
21100,8816a58325fffff
21101,88178baf6dfffff
21102,88178b26a5fffff
21103,8816164855fffff
21104,8816a57989fffff
21105,8816a5d23dfffff
21106,8816165aedfffff
21107,8816a5a023fffff
21108,8816a542bbfffff
21109,88161650b9fffff
21110,8816a554a9fffff
21111,8816164ed9fffff
21112,8816a57947fffff
21113,8816a084e3fffff
21114,8816a51747fffff
21115,8816a0bb3bfffff
21116,8816a54c35fffff
21117,88178b3661fffff
21118,8816a59aa3fffff
21119,8816a5a363fffff
21120,88178b7033fffff
21121,88178b2213fffff
21122,8816a094ddfffff
21123,88178b268bfffff
21124,8816a54749fffff
21125,88178b2563fffff
21126,88178ba961fffff
21127,88178b156bfffff
21128,88178b2c6bfffff
21129,88178b2f5bfffff
21130,8816a5c255fffff
21131,8816a54aedfffff
21132,88178baa59fffff
21133,8816a00549fffff
21134,8816a55059fffff
21135,88178ba1c3fffff
21136,88178b0e55fffff
21137,88178b6d1bfffff
21138,8816a5cd25fffff
21139,88178ba255fffff
21140,8816164b35fffff
21141,88178b69c5fffff
21142,8816a54f47fffff
21143,8816a59ac5fffff
21144,8816a58e51fffff
21145,88178b0a07fffff
21146,88178bb9edfffff
21147,88178b375bfffff
21148,8816a55437fffff
21149,8816a50e11fffff
21150,8816a57b21fffff
21151,88178b7203fffff
21152,88178b8637fffff
21153,8816a59b39fffff
21154,8816a519e9fffff
21155,88178b125bfffff
21156,881789790bfffff
21157,8816a596a3fffff
21158,8816a5b111fffff
21159,8816a5d253fffff
21160,8816a578edfffff
21161,8816a5ca93fffff
21162,88178949e5fffff
21163,8816a5a2d3fffff
21164,88178b86e5fffff
21165,8816a55a57fffff
21166,8816a0b06bfffff
21167,88178bb909fffff
21168,88161651c1fffff
21169,88178949c7fffff
21170,8816a5929bfffff
21171,88178b31b3fffff
21172,8817896a4dfffff
21173,8816a51847fffff
21174,8816a556a9fffff
21175,88178bb1ebfffff
21176,88178b283dfffff
21177,8816165045fffff
21178,88178b0423fffff
21179,8816a55119fffff
21180,88178b26d1fffff
21181,8816a5bae5fffff
21182,88178bb48bfffff
21183,8816a59965fffff
21184,88178b16d5fffff
21185,8817897917fffff
21186,8816a58287fffff
21187,8816a0aa35fffff
21188,8816a55131fffff
21189,88178bae61fffff
21190,88178ba9c9fffff
21191,8816a58545fffff
21192,8816a01519fffff
21193,8816a5bb21fffff
21194,8816165ae3fffff
21195,88178ba4a1fffff
21196,8816a0a243fffff
21197,88178baa4bfffff
21198,88178b382dfffff
21199,8816a095c9fffff
21200,88178b2691fffff
21201,8816a5c6a1fffff
21202,8816a58957fffff
21203,88178b00b9fffff
21204,8816a516d1fffff
21205,88178b3659fffff
21206,8816a59a2bfffff
21207,88178b00dbfffff
21208,88178b85a5fffff
21209,88178b7891fffff
21210,8816a5a299fffff
21211,8816a426c1fffff
21212,8816a5c707fffff
21213,88178b2a59fffff
21214,8816a514dbfffff
21215,8816165a43fffff
21216,88178b6405fffff
21217,881616470bfffff
21218,88178bb235fffff
21219,8816a0b067fffff
21220,8816a54657fffff
21221,8816a5c12bfffff
21222,88178ba591fffff
21223,8816a591a1fffff
21224,88178b8069fffff
21225,88178b75bdfffff
21226,8816a5c007fffff
21227,8816a51731fffff
21228,8816a59609fffff
21229,8816164825fffff
21230,8817896a39fffff
21231,8816a55963fffff
21232,88178b00d5fffff
21233,88178ba859fffff
21234,8816a0961bfffff
21235,88178b8ad3fffff
21236,8816164a93fffff
21237,88178ba5d5fffff
21238,8816164517fffff
21239,8816a51001fffff
21240,88178b316dfffff
21241,88178b38a1fffff
21242,88178bb033fffff
21243,88178b2191fffff
21244,8816a5b961fffff
21245,8816a54711fffff
21246,8816a5c6d1fffff
21247,88178b0c91fffff
21248,88178ba959fffff
21249,8816a0b1a1fffff
21250,88178b2717fffff
21251,8816a0b02bfffff
21252,88178b6e85fffff
21253,88178b211bfffff
21254,88178b2459fffff
21255,8816a510d3fffff
21256,8816a5bb35fffff
21257,8816a5ab05fffff
21258,88178b849bfffff
21259,8816a59465fffff
21260,8816a54d49fffff
21261,88178bb061fffff
21262,8816a5b4b5fffff
21263,8816a084ddfffff
21264,8816a0b301fffff
21265,88178b288bfffff
21266,8816a50ce1fffff
21267,8816a58d63fffff
21268,8816164583fffff
21269,88178b0d23fffff
21270,88178b0cedfffff
21271,88178ba1edfffff
21272,8816a51537fffff
21273,8816a58c19fffff
21274,88178b8ea7fffff
21275,88178b2417fffff
21276,8816a590a1fffff
21277,8817897b39fffff
21278,88178b2d33fffff
21279,8816a50119fffff
21280,8816a5c043fffff
21281,8816a0a365fffff
21282,8816a5c647fffff
21283,8816164d59fffff
21284,88178b2b09fffff
21285,8816164527fffff
21286,8816a5a281fffff
21287,8816a55157fffff
21288,88178b189dfffff
21289,8816a0843bfffff
21290,8816a5b129fffff
21291,8816a54219fffff
21292,8816164cbbfffff
21293,88178b8525fffff
21294,88178b034dfffff
21295,88178b69a7fffff
21296,88178b6c31fffff
21297,8816a5b369fffff
21298,8816a599e1fffff
21299,88178bb26bfffff
21300,88178bb997fffff
21301,88178b0ce3fffff
21302,88178b6f5dfffff
21303,8816a5d069fffff
21304,88161645c9fffff
21305,88178b29abfffff
21306,8816a5bae1fffff
21307,8816a0b927fffff
21308,88178baf1bfffff
21309,88178bb45bfffff
21310,88178b61d3fffff
21311,8816a5d019fffff
21312,8816a55547fffff
21313,88178b0687fffff
21314,88178bb967fffff
21315,8816164d01fffff
21316,88178b6241fffff
21317,8816a5a2bbfffff
21318,88178b025bfffff
21319,8816a5b85bfffff
21320,88178b8427fffff
21321,88178bad87fffff
21322,8816a5cdedfffff
21323,8816a54059fffff
21324,88178b950dfffff
21325,8816a5560bfffff
21326,8816a59b49fffff
21327,88178b1035fffff
21328,88178ba8adfffff
21329,8816a0b737fffff
21330,88178b3ab7fffff
21331,8816a5d5a3fffff
21332,8816a57b5bfffff
21333,8816a58357fffff
21334,8816a5b9c9fffff
21335,88178bada5fffff
21336,88178b8c0dfffff
21337,8816a51029fffff
21338,8816a00509fffff
21339,8816a5414bfffff
21340,8816a01665fffff
21341,8816a5814dfffff
21342,8816a0b14dfffff
21343,88178b66c7fffff
21344,88178baabbfffff
21345,88178b8de7fffff
21346,8816a0a8d1fffff
21347,8816a5518bfffff
21348,8816164e09fffff
21349,8816a582cbfffff
21350,8816a0aa0dfffff
21351,8816a5b207fffff
21352,88178b620dfffff
21353,88178b7443fffff
21354,8816a0b459fffff
21355,8816a56a6dfffff
21356,8816a550d5fffff
21357,8816a50ad9fffff
21358,88178bb167fffff
21359,88178b959bfffff
21360,8816a5c76bfffff
21361,8816a57a3dfffff
21362,8816a080c3fffff
21363,8816a595edfffff
21364,8816a51b67fffff
21365,8816a591d7fffff
21366,8816a59a67fffff
21367,8816a59a87fffff
21368,8816a0a8c9fffff
21369,88178b34d9fffff
21370,8816a5c5b9fffff
21371,8816a56333fffff
21372,88178b3b19fffff
21373,8816a5b8ddfffff
21374,88178b2427fffff
21375,8816a598d9fffff
21376,8816a582c3fffff
21377,88178b6493fffff
21378,8816164081fffff
21379,88178b8c53fffff
21380,8816a54405fffff
21381,8816a578e1fffff
21382,88178b722bfffff
21383,8816a0a229fffff
21384,8816a5cea3fffff
21385,8816a0b4d3fffff
21386,88178b3851fffff
21387,88178b39b9fffff
21388,88178b8c97fffff
21389,88178bb4b7fffff
21390,8816a5cd33fffff
21391,8816a598e9fffff
21392,8816a09419fffff
21393,88178b36ddfffff
21394,88178bb9c5fffff
21395,88178b84cdfffff
21396,8816166b65fffff
21397,88178ba911fffff
21398,88178b208bfffff
21399,88178b305dfffff
21400,8816a54099fffff
21401,88178b6c61fffff
21402,8816a57125fffff
21403,8816a58837fffff
21404,88178ba2cdfffff
21405,88178bb0d1fffff
21406,8816a55295fffff
21407,88178b6449fffff
21408,8816a0bb6dfffff
21409,8816a542bdfffff
21410,8816a502d1fffff
21411,88178bbaebfffff
21412,8816a51015fffff
21413,8816a50287fffff
21414,88178baa37fffff
21415,8816a58701fffff
21416,8816a50981fffff
21417,88178bac4bfffff
21418,88178ba605fffff
21419,8816a50991fffff
21420,88178b1299fffff
21421,8816a51733fffff
21422,8816a58d19fffff
21423,88178b8561fffff
21424,8816a55441fffff
21425,8816a55b29fffff
21426,88178b233dfffff
21427,8816a55947fffff
21428,8816165997fffff
21429,88178bb703fffff
21430,88178b7451fffff
21431,8816a5788dfffff
21432,88178bac85fffff
21433,8816a5b721fffff
21434,8816a54c95fffff
21435,8816a55805fffff
21436,8816164a85fffff
21437,88178b6719fffff
21438,88178ba853fffff
21439,8816a0a227fffff
21440,8816a54885fffff
21441,88178b22edfffff
21442,8816a550c5fffff
21443,8816a5c8b3fffff
21444,8816a5402dfffff
21445,8816a5710bfffff
21446,88178b0695fffff
21447,8816a5a96dfffff
21448,88178b7553fffff
21449,8816a00485fffff
21450,8817894991fffff
21451,8816a086edfffff
21452,88178b62c3fffff
21453,8816a51413fffff
21454,88178b1237fffff
21455,8816a50291fffff
21456,8817894919fffff
21457,8816a5a959fffff
21458,8816a0b403fffff
21459,8816a5bb55fffff
21460,8816a5b2c7fffff
21461,88178b0c51fffff
21462,8816a57141fffff
21463,8816a0af01fffff
21464,8816a5d46dfffff
21465,88161652c5fffff
21466,881616501bfffff
21467,8816a54a29fffff
21468,8816a50225fffff
21469,8816a59a81fffff
21470,88178b2817fffff
21471,8816a59519fffff
21472,8816a0b597fffff
21473,8816a5198dfffff
21474,8816a58b19fffff
21475,8816a57a09fffff
21476,88178b0013fffff
21477,8816a5869bfffff
21478,8816a5c6d5fffff
21479,8816a50503fffff
21480,8816165185fffff
21481,88178b155bfffff
21482,88178b394bfffff
21483,8816a5903dfffff
21484,88178b7853fffff
21485,88178b39ddfffff
21486,8816a50a65fffff
21487,88178b2c5bfffff
21488,8816a5b095fffff
21489,88178b0c1dfffff
21490,88178b0d39fffff
21491,8816a5ceb7fffff
21492,8816a54251fffff
21493,88178bba95fffff
21494,881616db3bfffff
21495,8816a01409fffff
21496,8816a57983fffff
21497,881616db37fffff
21498,88178b7587fffff
21499,88178ba055fffff
21500,8816a5cdbdfffff
21501,8816a08eb7fffff
21502,88178b66a7fffff
21503,88178b0d2dfffff
21504,8816a550d7fffff
21505,8816a5015bfffff
21506,8816a5c605fffff
21507,8816a55227fffff
21508,8816a55709fffff
21509,8816a50f03fffff
21510,88178b08bbfffff
21511,88178b6e89fffff
21512,8816a5c9d9fffff
21513,8816a01423fffff
21514,88178b085bfffff
21515,88178b8d83fffff
21516,8816a54a55fffff
21517,8816a54b0dfffff
21518,8816a0b295fffff
21519,8816a54e05fffff
21520,8816164cedfffff
21521,8816a50601fffff
21522,88178b0c17fffff
21523,88178b8401fffff
21524,88178b0a3dfffff
21525,8817897b6dfffff
21526,8816a00e15fffff
21527,88178b3291fffff
21528,8816a5588bfffff
21529,8816164d35fffff
21530,8816a580c7fffff
21531,88178bb943fffff
21532,8816a51735fffff
21533,8816165845fffff
21534,881616cb61fffff
21535,88161650adfffff
21536,88178b3b0dfffff
21537,88178bba3bfffff
21538,8816a51b47fffff
21539,8816a0a653fffff
21540,8816a0a11dfffff
21541,8816a01297fffff
21542,8816a571edfffff
21543,88161645d1fffff
21544,8816a084c5fffff
21545,8816a00765fffff
21546,88178979e7fffff
21547,8816164915fffff
21548,8816a584e5fffff
21549,88178b0cd5fffff
21550,8816a0a065fffff
21551,8816a551cbfffff
21552,8816a005c3fffff
21553,88178baab9fffff
21554,8816a58ae3fffff
21555,88178b311bfffff
21556,88178bb6edfffff
21557,8816a5811bfffff
21558,8816a50213fffff
21559,88178bb019fffff
21560,8816a5a12dfffff
21561,881616459dfffff
21562,8816a590e3fffff
21563,8816a5196bfffff
21564,88178b2ae3fffff
21565,88178b0ce9fffff
21566,8816a0b293fffff
21567,8816a5b32dfffff
21568,8816a549a3fffff
21569,8816a598e7fffff
21570,8816a500bbfffff
21571,8816a554edfffff
21572,8816a5b713fffff
21573,88161640e1fffff
21574,88178ba04dfffff
21575,8816a578bbfffff
21576,8816a0b005fffff
21577,88178b16e5fffff
21578,88178ba631fffff
21579,8816a50019fffff
21580,88178b846dfffff
21581,8816a59221fffff
21582,8816a55647fffff
21583,8816164b63fffff
21584,88178b788dfffff
21585,8817894c19fffff
21586,8816a5a16dfffff
21587,8816a5aabdfffff
21588,8816a51489fffff
21589,8816165859fffff
21590,88178bba3dfffff
21591,8816a0b4edfffff
21592,88178b698dfffff
21593,8816a54dbdfffff
21594,8816a58f61fffff
21595,88178b6301fffff
21596,88178bac43fffff
21597,8816a5ce6dfffff
21598,8816a58e55fffff
21599,88178b0341fffff
21600,88178b8547fffff
21601,8816a51b49fffff
21602,881616d955fffff
21603,8816a5542dfffff
21604,8816a5934bfffff
21605,88178ba0cdfffff
21606,88178b6363fffff
21607,88178bb553fffff
21608,88178b8ea5fffff
21609,8816a5b259fffff
21610,8816a004a7fffff
21611,8816a5d6c1fffff
21612,88178bb229fffff
21613,8816a5824bfffff
21614,88178b24b3fffff
21615,881789799dfffff
21616,8816a015d9fffff
21617,8816a59653fffff
21618,88178b81d3fffff
21619,8816a59483fffff
21620,88178ba931fffff
21621,8816a0a8c7fffff
21622,88178b7195fffff
21623,8816a51241fffff
21624,88161645e9fffff
21625,8816a58241fffff
21626,8816a51993fffff
21627,88178baa91fffff
21628,8816a5573dfffff
21629,88178b61b3fffff
21630,88178978a7fffff
21631,8816a0af4dfffff
21632,8816a5a34bfffff
21633,8816a51357fffff
21634,88178bb9c7fffff
21635,8816165a51fffff
21636,8816a540d7fffff
21637,8816a5b6c5fffff
21638,8816a5cf4bfffff
21639,88178b24adfffff
21640,8816a50207fffff
21641,8816a08c05fffff
21642,881789483dfffff
21643,88178baf57fffff
21644,8816a502b3fffff
21645,88161649a1fffff
21646,8816a5159bfffff
21647,8816a588ebfffff
21648,8816a5a02bfffff
21649,8816a5c75bfffff
21650,88178bb59bfffff
21651,8816a5433bfffff
21652,8816a59409fffff
21653,8816a5bacbfffff
21654,8816a5c599fffff
21655,88178b021dfffff
21656,8816a0a1bbfffff
21657,8816165037fffff
21658,8816a0b499fffff
21659,88178b8493fffff
21660,8816a50b4bfffff
21661,88178b6581fffff
21662,88178b0669fffff
21663,8817897a0bfffff
21664,8817894983fffff
21665,8816a5c21dfffff
21666,8816a5b741fffff
21667,88178b12ebfffff
21668,8816a5509bfffff
21669,8817894999fffff
21670,88178ba74dfffff
21671,8816a5d60bfffff
21672,8816a57a23fffff
21673,88178ba98dfffff
21674,8816a56963fffff
21675,88178b0517fffff
21676,8816a54431fffff
21677,88178b14e3fffff
21678,8816a59481fffff
21679,88178b75cdfffff
21680,8816a50a09fffff
21681,8816a51207fffff
21682,88178b0ac9fffff
21683,88178b01cbfffff
21684,8816a599c7fffff
21685,8816a59827fffff
21686,8816a55129fffff
21687,8816a5ba49fffff
21688,88178bb355fffff
21689,8816a51addfffff
21690,8816a5b699fffff
21691,88178b1211fffff
21692,88178b3691fffff
21693,8816a5b361fffff
21694,88178b2861fffff
21695,8816a0b659fffff
21696,8816a55b2dfffff
21697,8816a08c95fffff
21698,88178b624dfffff
21699,88178bb12bfffff
21700,88178b0483fffff
21701,8816a5804dfffff
21702,8816a59647fffff
21703,8816a584a7fffff
21704,8816a5b9b7fffff
21705,88178bab19fffff
21706,88178b0a35fffff
21707,8816a0ae45fffff
21708,88178b12dbfffff
21709,8816a50a61fffff
21710,88178ba623fffff
21711,8816165b07fffff
21712,8816a5424dfffff
21713,8816a548ebfffff
21714,8816a5a01dfffff
21715,8816a5a337fffff
21716,88178ba663fffff
21717,8816a5a16bfffff
21718,8816a5cabbfffff
21719,88178b71c3fffff
21720,8816a086ebfffff
21721,8816a5c329fffff
21722,88178b06d9fffff
21723,88178b2a37fffff
21724,8816a08d11fffff
21725,8816a0af19fffff
21726,88178b0749fffff
21727,8816a51667fffff
21728,88178b7a5bfffff
21729,88178b649bfffff
21730,8816a5b23bfffff
21731,8816a5ca8dfffff
21732,8816a5144dfffff
21733,8816165831fffff
21734,8816a5c105fffff
21735,8816a5986dfffff
21736,8816a0b769fffff
21737,8816a0b401fffff
21738,8816a5b2e7fffff
21739,8816a0b283fffff
21740,88178b2c59fffff
21741,8816a0ab2bfffff
21742,8816a59a03fffff
21743,8816a08e95fffff
21744,8816a5ba55fffff
21745,8816a01561fffff
21746,8816a578c9fffff
21747,8816164197fffff
21748,8816a0b61bfffff
21749,88178b35e5fffff
21750,8816a5b2b1fffff
21751,88161650cdfffff
21752,8816164cd7fffff
21753,88178b74b7fffff
21754,8816a5d1b9fffff
21755,88178b6f3dfffff
21756,8816165169fffff
21757,8816a0a8d5fffff
21758,8816a5ca67fffff
21759,8816a4268dfffff
21760,88178b2e09fffff
21761,8816a540d5fffff
21762,8816a54e61fffff
21763,8816a5d5c1fffff
21764,88178b60a3fffff
21765,8816a5bb19fffff
21766,8816a0b6c1fffff
21767,8816a58249fffff
21768,88178b2709fffff
21769,88178b3669fffff
21770,8816a0b9c3fffff
21771,88178bbae1fffff
21772,88178b82b9fffff
21773,88178b6035fffff
21774,8816a559b1fffff
21775,88178bab1dfffff
21776,88178b7237fffff
21777,8816165909fffff
21778,88178ba4e7fffff
21779,88161641c9fffff
21780,88178b02c7fffff
21781,8816a514c1fffff
21782,8816165ac7fffff
21783,88178b25d1fffff
21784,8816164439fffff
21785,8816a59029fffff
21786,88178b6c37fffff
21787,88178b0d89fffff
21788,88178b2d93fffff
21789,8816167b55fffff
21790,8816a0160bfffff
21791,88161649d7fffff
21792,88178b3b61fffff
21793,8816a592b5fffff
21794,8816a5c261fffff
21795,8816164ea9fffff
21796,88178b64cdfffff
21797,8816a5c561fffff
21798,88178ba213fffff
21799,8816a5c807fffff
21800,8816a580e3fffff
21801,8816a5c4c5fffff
21802,88178b356dfffff
21803,88178b0ee9fffff
21804,8816a5c8cdfffff
21805,88178b8d19fffff
21806,88178b674dfffff
21807,8816a594e7fffff
21808,8816a5d181fffff
21809,88178b748dfffff
21810,8816a58f63fffff
21811,8816a546ddfffff
21812,8816a54e25fffff
21813,8816a54d85fffff
21814,88178b16adfffff
21815,8816a54103fffff
21816,881616c96dfffff
21817,8816a58ecbfffff
21818,8816a50107fffff
21819,8816a50a47fffff
21820,88178b2c53fffff
21821,88178b75c9fffff
21822,8816a511bbfffff
21823,8816a59551fffff
21824,8816a016d5fffff
21825,8816a09689fffff
21826,8816a59857fffff
21827,8816a50f43fffff
21828,8816a5a121fffff
21829,88178b64ebfffff
21830,88178b08b1fffff
21831,8816a5d317fffff
21832,8816a545c3fffff
21833,881616508bfffff
21834,88178b1637fffff
21835,8816a578c5fffff
21836,88178bb581fffff
21837,88178b61adfffff
21838,88178b8c17fffff
21839,8816a54107fffff
21840,88161651a5fffff
21841,8816a58ccdfffff
21842,8817894d0bfffff
21843,8816a0874bfffff
21844,8816a5ce4bfffff
21845,8816a55359fffff
21846,8816a5a1bdfffff
21847,8816a54409fffff
21848,8816a5d75bfffff
21849,8816165543fffff
21850,88178bb851fffff
21851,8816a5ce2bfffff
21852,8816a57ae7fffff
21853,88178b39d1fffff
21854,88178b3959fffff
21855,88178bb121fffff
21856,881789794dfffff
21857,8816a505d9fffff
21858,8816a58a49fffff
21859,8816a55513fffff
21860,88178b8e4dfffff
21861,88178b352dfffff
21862,8816a0a321fffff
21863,8816a5933dfffff
21864,88178b38bdfffff
21865,88178b6e83fffff
21866,8816a005c1fffff
21867,8816a54415fffff
21868,8816a5449dfffff
21869,8816a5d4cdfffff
21870,88178ba5d7fffff
21871,8816a54dd3fffff
21872,8816a00749fffff
21873,88178b16c5fffff
21874,88178bb221fffff
21875,8816165195fffff
21876,8816a5d133fffff
21877,8816a0175bfffff
21878,8816a58eb3fffff
21879,8816a54a0dfffff
21880,88178ba61dfffff
21881,8816a51255fffff
21882,8816a540e7fffff
21883,8816a5aa21fffff
21884,88178b62a3fffff
21885,88178b61e5fffff
21886,88178bb4d5fffff
21887,88178b6f4dfffff
21888,88178b0515fffff
21889,8816a5553dfffff
21890,88178b3113fffff
21891,8816164d99fffff
21892,8816a08d8bfffff
21893,8816a59439fffff
21894,8816a5b42bfffff
21895,8816a50905fffff
21896,8816a54e2dfffff
21897,8816a0043dfffff
21898,8816a58839fffff
21899,88178b6899fffff
21900,88178b874dfffff
21901,88178b0c81fffff
21902,8816a54b17fffff
21903,88178b0267fffff
21904,8816a5b335fffff
21905,88178b958bfffff
21906,8816a5992dfffff
21907,8816a57995fffff
21908,88178b8e1dfffff
21909,88178b8d4dfffff
21910,8816a5b015fffff
21911,8816a51613fffff
21912,88178b68e5fffff
21913,8816a5d8a1fffff
21914,88161650b7fffff
21915,8816a57b35fffff
21916,8816a5b127fffff
21917,88178b80edfffff
21918,88161651b5fffff
21919,88178b2a9bfffff
21920,8816a54845fffff
21921,8816a50c6bfffff
21922,88178ba13bfffff
21923,8816a501b5fffff
21924,88178badd7fffff
21925,8816a51685fffff
21926,88178b2909fffff
21927,8816164a5bfffff
21928,8816a5d545fffff
21929,8816a0876bfffff
21930,8816a5a347fffff
21931,88178b6c05fffff
21932,8816a5c91bfffff
21933,8816164961fffff
21934,8816a5b943fffff
21935,8816164b47fffff
21936,8816a5d367fffff
21937,8816a5d515fffff
21938,88178b161bfffff
21939,8816a58d15fffff
21940,8816a0b13bfffff
21941,8816a54181fffff
21942,88161659edfffff
21943,88178b0e65fffff
21944,88178b7407fffff
21945,88178b6019fffff
21946,88178bb22bfffff
21947,881616cd37fffff
21948,88178b60d5fffff
21949,8816a559abfffff
21950,8816a5a957fffff
21951,8816a50addfffff
21952,8816a5d485fffff
21953,88178b0281fffff
21954,8816a08ce5fffff
21955,88178b6589fffff
21956,8816a095ebfffff
21957,8816a5aa57fffff
21958,8816a5c609fffff
21959,88161650a5fffff
21960,88178b78d3fffff
21961,88178b7acdfffff
21962,8816a54959fffff
21963,88178bb8d9fffff
21964,8816a5daddfffff
21965,8816a500a1fffff
21966,8816a58cd5fffff
21967,8816a0b853fffff
21968,88178b2439fffff
21969,8816a58351fffff
21970,8816a589ddfffff
21971,8816a0b80bfffff
21972,8816164e35fffff
21973,88178b01adfffff
21974,8816a5d0b7fffff
21975,88178b8661fffff
21976,88178b86a9fffff
21977,88178b8f49fffff
21978,8816a588e7fffff
21979,8816a5aac3fffff
21980,8816a5b027fffff
21981,8816165319fffff
21982,8816a0b1a9fffff
21983,8816164957fffff
21984,8816a59257fffff
21985,88178b0237fffff
21986,8816165a63fffff
21987,8816a5a2b3fffff
21988,8816a51b45fffff
21989,88178b0d57fffff
21990,88178b8645fffff
21991,8816a59a1dfffff
21992,88178b30e9fffff
21993,88178b323dfffff
21994,8816a5d301fffff
21995,8816a50941fffff
21996,8816164969fffff
21997,8816a5b621fffff
21998,8816a0a283fffff
21999,88178b2ad7fffff
22000,8816a58d2bfffff
22001,88178b68ddfffff
22002,8816a54651fffff
22003,8816a54c33fffff
22004,8816a0b939fffff
22005,8816a0a0d5fffff
22006,8816a0a2d1fffff
22007,88178b8247fffff
22008,88178b268dfffff
22009,88178b65bbfffff
22010,8816a51407fffff
22011,8816a598c1fffff
22012,8816164959fffff
22013,88178b0605fffff
22014,8816a578e3fffff
22015,8816165ab1fffff
22016,8816a54c09fffff
22017,88178b260dfffff
22018,8816a5a1c1fffff
22019,8816a54b53fffff
22020,8816a5b9adfffff
22021,88178baf41fffff
22022,88178b6d5dfffff
22023,8816a57b4dfffff
22024,8816167939fffff
22025,8816a08769fffff
22026,8816a5564dfffff
22027,8816a0aa51fffff
22028,88178b3165fffff
22029,8816a542b7fffff
22030,8816a0ab37fffff
22031,88178b2ea9fffff
22032,88178b3237fffff
22033,88178baeddfffff
22034,8816a594d7fffff
22035,8816a5886bfffff
22036,8816a5d8bbfffff
22037,88178b0305fffff
22038,88178b3027fffff
22039,88178b6e13fffff
22040,8816a548c9fffff
22041,8816a0aa13fffff
22042,88178bae99fffff
22043,881616cb27fffff
22044,8816a588bbfffff
22045,88178bb8bbfffff
22046,8816a50653fffff
22047,88178b06bbfffff
22048,8816a5c0d7fffff
22049,8816a5003bfffff
22050,8816a0bb47fffff
22051,88178ba501fffff
22052,8816a51143fffff
22053,8816a5ccbbfffff
22054,8816a5b191fffff
22055,881789795dfffff
22056,8816a5cdd9fffff
22057,8816a0ba23fffff
22058,88161645a5fffff
22059,88178ba939fffff
22060,88178b080bfffff
22061,8816a5834dfffff
22062,8816a0b367fffff
22063,8816a549d1fffff
22064,88178ba261fffff
22065,8816a514adfffff
22066,8816a5d5b5fffff
22067,8816a5b1e3fffff
22068,88178b2cc5fffff
22069,8816a54c41fffff
22070,8816a51967fffff
22071,881616c941fffff
22072,8816a5c495fffff
22073,8816a5486bfffff
22074,8816164923fffff
22075,8816a5c681fffff
22076,88178bb8cbfffff
22077,88178bbab3fffff
22078,8816a5c5d5fffff
22079,8816a58f47fffff
22080,88178b0da9fffff
22081,8816a58f05fffff
22082,8816a5c295fffff
22083,8816a58825fffff
22084,88178b28d7fffff
22085,8816a58da1fffff
22086,8816a01729fffff
22087,8816a5cc49fffff
22088,8816a58461fffff
22089,8816a0b863fffff
22090,88178b9561fffff
22091,88178b90cbfffff
22092,88178b82a1fffff
22093,8816a54841fffff
22094,88178b0485fffff
22095,8816a5c845fffff
22096,8817894de5fffff
22097,8816a515e7fffff
22098,88178b0755fffff
22099,8816a501ebfffff
22100,8816a50e33fffff
22101,8816a54163fffff
22102,8816a54631fffff
22103,88178bad23fffff
22104,8816a54141fffff
22105,8816a086a3fffff
22106,8816a0b895fffff
22107,88178b2c27fffff
22108,88178b7299fffff
22109,88178bab21fffff
22110,8816a58e29fffff
22111,8816a59637fffff
22112,88178bb6e3fffff
22113,88161640c9fffff
22114,8816165331fffff
22115,8816a519d7fffff
22116,88178b35c9fffff
22117,8816a58159fffff
22118,8816a5ab29fffff
22119,8816a5a76bfffff
22120,8816a51699fffff
22121,8816a50a39fffff
22122,8816a540b3fffff
22123,88178b6c41fffff
22124,8817894d83fffff
22125,8816a50933fffff
22126,88178b9487fffff
22127,88178b64a3fffff
22128,8816a5c543fffff
22129,88178b3a33fffff
22130,88178b2055fffff
22131,8816a512a3fffff
22132,88178ba193fffff
22133,8816a4269bfffff
22134,8816a0a123fffff
22135,8816a00713fffff
22136,8816a58ce3fffff
22137,88178b16d1fffff
22138,8816a58e47fffff
22139,8817897919fffff
22140,8816a5daabfffff
22141,88161649abfffff
22142,8817894ea3fffff
22143,8817894889fffff
22144,88178b0c83fffff
22145,8816164807fffff
22146,8816a54f43fffff
22147,8816a54433fffff
22148,8816a58d93fffff
22149,8816a558d9fffff
22150,8816a50cc5fffff
22151,88161640e9fffff
22152,8816a5cb11fffff
22153,8816a5c409fffff
22154,8816a0b505fffff
22155,88178b1ab5fffff
22156,88178b3337fffff
22157,8816a57a35fffff
22158,88178baa87fffff
22159,8816a5c14bfffff
22160,88178bbaa1fffff
22161,8816a57b6bfffff
22162,8816a5a1cbfffff
22163,8816a5ba09fffff
22164,8816a5b72bfffff
22165,88178b2a11fffff
22166,8816a50a0bfffff
22167,88178ba2cbfffff
22168,881789696dfffff
22169,8816a08515fffff
22170,8816a5b6b7fffff
22171,8816a0a311fffff
22172,8816a0af65fffff
22173,88178b8ec9fffff
22174,8816a01593fffff
22175,8816a54ee1fffff
22176,8816a5c8c1fffff
22177,8816a5b761fffff
22178,8816a50c47fffff
22179,88178b211dfffff
22180,88178ba9c5fffff
22181,8816a5c421fffff
22182,8817894cb1fffff
22183,8816a5c55bfffff
22184,88178b870dfffff
22185,88178b9555fffff
22186,88178b02e9fffff
22187,8816a56a21fffff
22188,8816a01537fffff
22189,8816a0a091fffff
22190,88178b3845fffff
22191,88178bb9d5fffff
22192,8816167b5dfffff
22193,8816a51865fffff
22194,88178b8e07fffff
22195,88178b8ccdfffff
22196,8816a56a69fffff
22197,88178b31bdfffff
22198,8816a0b5c1fffff
22199,88178b2e93fffff
22200,8816a55ab3fffff
22201,88178b6107fffff
22202,88178bb0ddfffff
22203,88178b71c9fffff
22204,88178b32edfffff
22205,88178b2ce9fffff
22206,8816a58f25fffff
22207,8816a5810bfffff
22208,8816a50021fffff
22209,88178b0c87fffff
22210,88178b2523fffff
22211,88178b82d7fffff
22212,88178bab39fffff
22213,8816a5985dfffff
22214,8816a511e7fffff
22215,8816a59815fffff
22216,88178b0d0bfffff
22217,8816a54331fffff
22218,8816a58455fffff
22219,88178b8221fffff
22220,8816165369fffff
22221,8816a08501fffff
22222,88178ba723fffff
22223,8816a58dd7fffff
22224,8816a58ee3fffff
22225,8816a5085bfffff
22226,88178b3507fffff
22227,8816a57ac7fffff
22228,8816a5c2e9fffff
22229,8816a508b3fffff
22230,8816164f55fffff
22231,8816a5d6e1fffff
22232,88178bb1c1fffff
22233,8816164c85fffff
22234,8816a5cd1dfffff
22235,88178bb11bfffff
22236,88178b8523fffff
22237,8816a085b9fffff
22238,88178ba119fffff
22239,88178bb843fffff
22240,8816a5a30bfffff
22241,8816a516bdfffff
22242,88178b8659fffff
22243,8816a51629fffff
22244,88178b38b5fffff
22245,8816164d41fffff
22246,8816165313fffff
22247,88178b388bfffff
22248,88178948a3fffff
22249,8816a59017fffff
22250,8816a0ba4bfffff
22251,8816a5d0e3fffff
22252,8816a0a331fffff
22253,8816a58d1bfffff
22254,88178b95abfffff
22255,88178b2319fffff
22256,88178b20e1fffff
22257,88178b39b3fffff
22258,8816a579b7fffff
22259,88178bac33fffff
22260,88178ba44bfffff
22261,88178ba5e5fffff
22262,88178b7239fffff
22263,88178b2e19fffff
22264,8816a0b617fffff
22265,8816a50993fffff
22266,8816a5d9b3fffff
22267,88178b12c3fffff
22268,8816a5af41fffff
22269,88178ba101fffff
22270,8816a5a165fffff
22271,8816a545d3fffff
22272,88178b36c1fffff
22273,8816a5976dfffff
22274,8816a54955fffff
22275,88178bb107fffff
22276,8816a0a05dfffff
22277,8816a0bae9fffff
22278,8816a5ab55fffff
22279,8816a510c3fffff
22280,8816a00435fffff
22281,8816a509d9fffff
22282,8816a596bdfffff
22283,8816a559b9fffff
22284,8816a57925fffff
22285,8816a0b6a1fffff
22286,88178b8de1fffff
22287,8816a5018bfffff
22288,88178b61ebfffff
22289,8816167b0bfffff
22290,8816a54a3dfffff
22291,88178b0081fffff
22292,8816a59261fffff
22293,88178bab47fffff
22294,8816a08629fffff
22295,8816a5b9d9fffff
22296,8816a5946dfffff
22297,8816a5c0c3fffff
22298,8816a50f51fffff
22299,8816a00481fffff
22300,8816a59319fffff
22301,88178b1753fffff
22302,8816a55255fffff
22303,8816a5784bfffff
22304,88178b072dfffff
22305,88178b6533fffff
22306,881616592bfffff
22307,88178b6011fffff
22308,88178bb42dfffff
22309,88178b6f05fffff
22310,8816a55147fffff
22311,8816a54151fffff
22312,88178bb9a7fffff
22313,88178b0197fffff
22314,88178b2a89fffff
22315,8816a50567fffff
22316,8816a0b907fffff
22317,8816a51633fffff
22318,88178b0111fffff
22319,88178b61d9fffff
22320,8816a57835fffff
22321,8816a0a293fffff
22322,88178b3239fffff
22323,8816a544a5fffff
22324,8816a5c055fffff
22325,88178b1413fffff
22326,8816a5451dfffff
22327,8816164185fffff
22328,8816a08c51fffff
22329,8816a0a31bfffff
22330,88178bac5bfffff
22331,8816a01493fffff
22332,8816a580c1fffff
22333,881616514bfffff
22334,88178b0511fffff
22335,88178b1599fffff
22336,8816a0b1b7fffff
22337,8816a50001fffff
22338,8816a56a29fffff
22339,88178b2f67fffff
22340,88178b3b51fffff
22341,88178ba85bfffff
22342,88178b8e59fffff
22343,8816a5908bfffff
22344,88178ba5d9fffff
22345,8816a54189fffff
22346,88178b04e9fffff
22347,8816a5bac5fffff
22348,8816a5b23dfffff
22349,88178b6eedfffff
22350,8816a596cdfffff
22351,8816a558b9fffff
22352,8816a55b2bfffff
22353,8816a5a929fffff
22354,8816a578ebfffff
22355,8816a0a00bfffff
22356,88178b02ebfffff
22357,8816a59543fffff
22358,8816a5544dfffff
22359,88178b0303fffff
22360,8816a58e57fffff
22361,8816164b53fffff
22362,881616d919fffff
22363,88178ba583fffff
22364,8816a5c1e1fffff
22365,881616433bfffff
22366,8816a586e1fffff
22367,88178b7231fffff
22368,88178b3609fffff
22369,88178b0cc5fffff
22370,8816a54567fffff
22371,88178b3327fffff
22372,8816a0b0e3fffff
22373,88178baa13fffff
22374,8816a5cf3dfffff
22375,88178b1013fffff
22376,8816a08d83fffff
22377,8816a59103fffff
22378,88178b854dfffff
22379,8816a5b345fffff
22380,88161642dbfffff
22381,8816a0b969fffff
22382,88178ba857fffff
22383,88178b6411fffff
22384,8816a55211fffff
22385,8816a590bbfffff
22386,8816a0aa41fffff
22387,8816a01483fffff
22388,8816a545bbfffff
22389,8816a584ebfffff
22390,8816a5c941fffff
22391,8816a5ce65fffff
22392,88178b8099fffff
22393,8816a0a809fffff
22394,8816a578c3fffff
22395,8816a59307fffff
22396,8816a50c1bfffff
22397,88178b864dfffff
22398,88178ba0a7fffff
22399,8816a5198bfffff
22400,88178bb69dfffff
22401,8816a5c851fffff
22402,8816a5194dfffff
22403,8816a5c1c1fffff
22404,88178b8d57fffff
22405,8816a54d21fffff
22406,8816a54ce1fffff
22407,88178b85d3fffff
22408,8816a0b8a5fffff
22409,8816a51309fffff
22410,8816a588d5fffff
22411,8816a57127fffff
22412,8816a501bdfffff
22413,8816a595ddfffff
22414,8816a0b63dfffff
22415,8816a54aa9fffff
22416,8816a58d03fffff
22417,88178b6835fffff
22418,88178ba831fffff
22419,8816a58ac3fffff
22420,8816a08425fffff
22421,88161659ddfffff
22422,8816a5b005fffff
22423,8816a0af0bfffff
22424,8816a51657fffff
22425,8816a0b235fffff
22426,88178b2339fffff
22427,8816164555fffff
22428,88178b26bbfffff
22429,8816a50411fffff
22430,88161648b9fffff
22431,88178b0639fffff
22432,8816a5b941fffff
22433,88178b61b5fffff
22434,8816167b4bfffff
22435,8816164b29fffff
22436,88178b8d1bfffff
22437,8816a54e91fffff
22438,8816a5b90bfffff
22439,8816a55251fffff
22440,8816a5b815fffff
22441,88178ba9abfffff
22442,8816a5b935fffff
22443,8816a0b1e5fffff
22444,88178bb5adfffff
22445,8816a5b993fffff
22446,88178ba72dfffff
22447,8816a5d303fffff
22448,8816164cebfffff
22449,88178bb129fffff
22450,8816164e03fffff
22451,8816a55a89fffff
22452,8816a54231fffff
22453,8816a08ebbfffff
22454,8816a50e39fffff
22455,8816a55055fffff
22456,88178b083dfffff
22457,88178b86cdfffff
22458,8816a51ac1fffff
22459,8816a09463fffff
22460,88178bb0b1fffff
22461,88178ba06dfffff
22462,8816a518a9fffff
22463,88178b089bfffff
22464,8816a55689fffff
22465,88178b2db7fffff
22466,88178b331dfffff
22467,8816a5cd43fffff
22468,8816a54e65fffff
22469,8816a0b4adfffff
22470,88178b2b17fffff
22471,88161679a5fffff
22472,8816a545d5fffff
22473,8816a5c839fffff
22474,88178b7615fffff
22475,8816a55691fffff
22476,88178b6847fffff
22477,8816a0a0adfffff
22478,8816a54619fffff
22479,88178b0f31fffff
22480,88161658c9fffff
22481,88178b2ee7fffff
22482,88178b0287fffff
22483,88178b7461fffff
22484,88178b2769fffff
22485,88178b2259fffff
22486,8816a51853fffff
22487,88178b129dfffff
22488,8816a54acbfffff
22489,8816a08c99fffff
22490,8816a57209fffff
22491,8816a582c7fffff
22492,8816a502c9fffff
22493,88178bb5b9fffff
22494,88178b8f27fffff
22495,8816a0b56bfffff
22496,8816a55351fffff
22497,88178bba37fffff
22498,8816a000bbfffff
22499,88178b2f47fffff
22500,88178b088dfffff
22501,8816a59aedfffff
22502,8816a5d117fffff
22503,88178b070bfffff
22504,8816a56311fffff
22505,88178b9723fffff
22506,8816164257fffff
22507,88178b2f29fffff
22508,8816a00513fffff
22509,8816a57831fffff
22510,88178b8c09fffff
22511,88178bb081fffff
22512,88178b2d01fffff
22513,88178b2991fffff
22514,8816164205fffff
22515,8816a5ccc7fffff
22516,8816a5c863fffff
22517,88178b78d1fffff
22518,8816a54205fffff
22519,8816a57919fffff
22520,88178b86a1fffff
22521,88178b2641fffff
22522,8816a5cb23fffff
22523,8816a0009bfffff
22524,88161649edfffff
22525,88178bb463fffff
22526,88161642d5fffff
22527,8816a5114bfffff
22528,88178b808dfffff
22529,8816a5b591fffff
22530,8816a5c0bbfffff
22531,88178ba8a5fffff
22532,88178b38abfffff
22533,8817897b09fffff
22534,8816a5794dfffff
22535,88178b7365fffff
22536,88161659b3fffff
22537,88178b335dfffff
22538,8816a5a941fffff
22539,88178b8437fffff
22540,8816164123fffff
22541,88178b95e5fffff
22542,8816a5d6c9fffff
22543,8816a58cabfffff
22544,8816a50565fffff
22545,8816a5d063fffff
22546,8816164a29fffff
22547,8816a505c1fffff
22548,88178b2951fffff
22549,8816a5073dfffff
22550,88178ba481fffff
22551,88178b7725fffff
22552,8816a54eb9fffff
22553,8816a5c069fffff
22554,88178bb0edfffff
22555,8816a0b6d1fffff
22556,8816a57159fffff
22557,8816a08521fffff
22558,8817894f01fffff
22559,8816a598b9fffff
22560,8816164b1bfffff
22561,8816a51903fffff
22562,8816a0a231fffff
22563,8816a5d369fffff
22564,88178b1745fffff
22565,88178baea7fffff
22566,88178b69e5fffff
22567,8816a0068dfffff
22568,8816a5b4d9fffff
22569,8816a55481fffff
22570,8816a00683fffff
22571,88178b0d31fffff
22572,88178bb8e5fffff
22573,88178bb94bfffff
22574,8816a58135fffff
22575,88178b6421fffff
22576,88178b8019fffff
22577,88178b24c5fffff
22578,88178bb91bfffff
22579,8816164591fffff
22580,8816a54d0bfffff
22581,8816a5ba21fffff
22582,88178bb767fffff
22583,8816a5b74bfffff
22584,8816a5b687fffff
22585,8816a426bdfffff
22586,8816a51a03fffff
22587,8816a0943bfffff
22588,88178b2c85fffff
22589,8816a08649fffff
22590,88178b803bfffff
22591,88178b1493fffff
22592,88178b8de3fffff
22593,88178ba249fffff
22594,88178b68a7fffff
22595,881616582bfffff
22596,8816a546e1fffff
22597,8816a012b5fffff
22598,8816a5725dfffff
22599,88178b6e39fffff
22600,8816a595d9fffff
22601,8816a558c3fffff
22602,8816165099fffff
22603,8816a0ba6dfffff
22604,8816a5c4c7fffff
22605,8816a084d9fffff
22606,8816a57a45fffff
22607,88178b0e29fffff
22608,88178b3085fffff
22609,88178b7ae9fffff
22610,8816a09435fffff
22611,8816a5c985fffff
22612,88178b730dfffff
22613,8816a58753fffff
22614,8816a58ca5fffff
22615,88161650a3fffff
22616,88178b25e7fffff
22617,88178bb18bfffff
22618,8816a015a7fffff
22619,8816a5c023fffff
22620,88178b21b5fffff
22621,88178b6441fffff
22622,88178b12d7fffff
22623,8816a0a063fffff
22624,8816a5a091fffff
22625,88178b2a47fffff
22626,8816a5dad5fffff
22627,8816a5b4d1fffff
22628,881616413dfffff
22629,88178b0315fffff
22630,88178b6307fffff
22631,8816a5c84dfffff
22632,88178bb425fffff
22633,8816a0a827fffff
22634,88178b0763fffff
22635,8816a55899fffff
22636,88178b686bfffff
22637,88178b359dfffff
22638,88178b0133fffff
22639,8816a5ba07fffff
22640,88178b0a97fffff
22641,8816a5ca55fffff
22642,88178b11edfffff
22643,8816a00521fffff
22644,8816a5c451fffff
22645,8816a0bb15fffff
22646,8816a54625fffff
22647,88178b8ca1fffff
22648,8816a55599fffff
22649,8816a54491fffff
22650,88178b2097fffff
22651,8816a55217fffff
22652,88178baebbfffff
22653,8817894897fffff
22654,88178b22dbfffff
22655,8816a58ad7fffff
22656,8816a0a14bfffff
22657,8816a0b9cdfffff
22658,88178b3123fffff
22659,881616491bfffff
22660,88178b6545fffff
22661,8816a5b30bfffff
22662,8816a54eebfffff
22663,88178b6e63fffff
22664,8817894c25fffff
22665,88178b2aabfffff
22666,8816a5cc15fffff
22667,88178b6f6dfffff
22668,8816a5d31bfffff
22669,8816a0b9b5fffff
22670,8816a55809fffff
22671,88178b8e6dfffff
22672,88178b2821fffff
22673,88178ba1ebfffff
22674,8816a5b215fffff
22675,88178b233bfffff
22676,8816a5c4a5fffff
22677,88178b286bfffff
22678,8816a0b753fffff
22679,88178b7105fffff
22680,8816a54ecdfffff
22681,8816a55501fffff
22682,8816a552b9fffff
22683,8816a5c53bfffff
22684,8816a5c901fffff
22685,8816a58d53fffff
22686,8816a03369fffff
22687,8816a00507fffff
22688,8816a08cd1fffff
22689,881616586bfffff
22690,88178b0563fffff
22691,8816a55847fffff
22692,8816a59525fffff
22693,8816a5a14dfffff
22694,88178b4497fffff
22695,8816a50729fffff
22696,88178bb1d9fffff
22697,8816a5c61bfffff
22698,8816a500c9fffff
22699,8816a5d217fffff
22700,8816a5b65bfffff
22701,8816a5b081fffff
22702,8816a558d7fffff
22703,88178b12d1fffff
22704,8816a5631dfffff
22705,8816a5b817fffff
22706,88178bb495fffff
22707,8816a5d14dfffff
22708,8816a55a15fffff
22709,8816a5540dfffff
22710,88178b2721fffff
22711,88178b31e3fffff
22712,8816a0b4d9fffff
22713,8816a09495fffff
22714,8816a5af69fffff
22715,8816a582c9fffff
22716,881616c957fffff
22717,8816a55527fffff
22718,88178b65edfffff
22719,8816a0aad3fffff
22720,88178b1627fffff
22721,88178b2993fffff
22722,8816a55595fffff
22723,8816a5aaedfffff
22724,88178ba923fffff
22725,8817894941fffff
22726,88178b8db5fffff
22727,881616456bfffff
22728,8816a5d4cbfffff
22729,8816a0149bfffff
22730,8816a515c1fffff
22731,8816a5c45bfffff
22732,8816a58b25fffff
22733,88178b0aa5fffff
22734,8816a08db1fffff
22735,8816a501a3fffff
22736,8816a0170dfffff
22737,88178b14edfffff
22738,88178b2c95fffff
22739,8816165349fffff
22740,8816a5b145fffff
22741,8816164dd1fffff
22742,88178bb067fffff
22743,88178b75b1fffff
22744,8816a59923fffff
22745,8816a0b195fffff
22746,88178bb329fffff
22747,88178b72d1fffff
22748,8816a0b0e1fffff
22749,8816a58b55fffff
22750,8816a59013fffff
22751,8816164887fffff
22752,8816a5b413fffff
22753,88178ba009fffff
22754,88178b2b5bfffff
22755,8816a5a109fffff
22756,8816a5c34dfffff
22757,88178b0457fffff
22758,8816a59b47fffff
22759,8816a546a1fffff
22760,88178b82e1fffff
22761,88178b368dfffff
22762,8816a5ce95fffff
22763,8816a01759fffff
22764,88178bb0c7fffff
22765,8816a0a133fffff
22766,8816a54b5bfffff
22767,8816a0a333fffff
22768,8816a54a37fffff
22769,8816a546b9fffff
22770,8816a54665fffff
22771,8816a5b149fffff
22772,8816164a6bfffff
22773,8816a0a105fffff
22774,88178bb641fffff
22775,8816a542adfffff
22776,88178baa45fffff
22777,8816a58dadfffff
22778,8816a51b31fffff
22779,8816a59733fffff
22780,8816a54d2dfffff
22781,8816a5840bfffff
22782,8816164cc5fffff
22783,8816164545fffff
22784,881616c927fffff
22785,8816a0b8abfffff
22786,881616cb2dfffff
22787,8816a5a087fffff
22788,8816a5b08dfffff
22789,8816a08753fffff
22790,88178b0a6bfffff
22791,88178b14a1fffff
22792,8816a59559fffff
22793,88178bb647fffff
22794,88178b345bfffff
22795,8816a5c59bfffff
22796,8816a590b7fffff
22797,8816a5b9c7fffff
22798,881616d96dfffff
22799,8817894ea9fffff
22800,8816a5a0d9fffff
22801,8816a50909fffff
22802,88178b6ee7fffff
22803,88178b6ebdfffff
22804,8816a0b663fffff
22805,8816a581bbfffff
22806,8816164eb9fffff
22807,88178ba8cdfffff
22808,88178bb6a1fffff
22809,8816a5d803fffff
22810,8816a58e63fffff
22811,8816a5972dfffff
22812,88161655c7fffff
22813,8816a5a2d7fffff
22814,8816a514e3fffff
22815,8816a54919fffff
22816,8816a50aa7fffff
22817,8816a5c00bfffff
22818,88178b2d45fffff
22819,8816a5c313fffff
22820,8816a54b29fffff
22821,88178b8ab7fffff
22822,8816a59291fffff
22823,88178b7a53fffff
22824,8816a5aad7fffff
22825,88178b6615fffff
22826,88178b29e3fffff
22827,8816a0bb57fffff
22828,8816a5b143fffff
22829,88178b0c15fffff
22830,8816a00441fffff
22831,8816a5a231fffff
22832,8816a58999fffff
22833,88178b823bfffff
22834,8816167937fffff
22835,8816a00439fffff
22836,88178b8687fffff
22837,8816165323fffff
22838,8816a5a061fffff
22839,88178b118dfffff
22840,88178bb549fffff
22841,8816a5b423fffff
22842,8816164043fffff
22843,8816a0b8cdfffff
22844,8816a5c49bfffff
22845,8816a08da3fffff
22846,88178b6c27fffff
22847,8816a56b65fffff
22848,881616db4dfffff
22849,8816a59203fffff
22850,8816a59959fffff
22851,88178b25e3fffff
22852,88178b20c3fffff
22853,88178ba241fffff
22854,88178b6669fffff
22855,8816a599cbfffff
22856,8816a54c47fffff
22857,88178b634dfffff
22858,8816164ca5fffff
22859,8816a56169fffff
22860,8816a01681fffff
22861,881789798dfffff
22862,8816a5b681fffff
22863,8816a57b57fffff
22864,88178b004bfffff
22865,8816164c35fffff
22866,8816a548cbfffff
22867,8816a084b7fffff
22868,8816a016a7fffff
22869,88178b25bdfffff
22870,8817894c01fffff
22871,88178b31adfffff
22872,8816a591cbfffff
22873,8816a0b683fffff
22874,8816a58255fffff
22875,8816a51499fffff
22876,8816164435fffff
22877,8816a08719fffff
22878,8816a0b0d5fffff
22879,8816a00ec1fffff
22880,88178b2839fffff
22881,88178b742bfffff
22882,8816a50a8dfffff
22883,8816a548e1fffff
22884,8816a5b0e5fffff
22885,8816a5b401fffff
22886,8816a578d7fffff
22887,8816a5d6c7fffff
22888,8816a5d98bfffff
22889,88178b36c3fffff
22890,88178b76bdfffff
22891,88178b0e97fffff
22892,8816a50c41fffff
22893,8816a0b707fffff
22894,8816a5b6edfffff
22895,88178b2a29fffff
22896,88178b75b9fffff
22897,88178b3489fffff
22898,88178b00c9fffff
22899,88178bad2dfffff
22900,8816165a33fffff
22901,8816a0b483fffff
22902,8816a5a2d9fffff
22903,8816a55121fffff
22904,8816a5aa87fffff
22905,8816165205fffff
22906,8816a58131fffff
22907,88178b205dfffff
22908,8816a5d35bfffff
22909,8816a54637fffff
22910,8816164261fffff
22911,8816a50f39fffff
22912,88178b6461fffff
22913,8816a08c23fffff
22914,88178b10bbfffff
22915,8816167995fffff
22916,88178b0045fffff
22917,8816a50837fffff
22918,8816a51461fffff
22919,8816164c53fffff
22920,8816a0163bfffff
22921,8816a51069fffff
22922,8816a510c1fffff
22923,8816a0b92dfffff
22924,8816a58969fffff
22925,8816a5098dfffff
22926,8816a5cad9fffff
22927,88178949a5fffff
22928,8816a0129bfffff
22929,8816a5d81bfffff
22930,8816a508d7fffff
22931,8816a550ddfffff
22932,8817896969fffff
22933,8816a545e5fffff
22934,88161650cbfffff
22935,8816a54945fffff
22936,88178b7763fffff
22937,88178b2e59fffff
22938,88178b642dfffff
22939,8816a5cc37fffff
22940,8816a5734dfffff
22941,88178b62c1fffff
22942,88178b0253fffff
22943,88178ba267fffff
22944,8816a5aa49fffff
22945,8816165109fffff
22946,8816a5b94dfffff
22947,8816a0b4e7fffff
22948,88178b8689fffff
22949,88178b62adfffff
22950,8816a55103fffff
22951,8816a004d7fffff
22952,88178b34ebfffff
22953,8816a56b0bfffff
22954,88178bb0b3fffff
22955,8816a5b1bdfffff
22956,88178b325bfffff
22957,88178b64b9fffff
22958,8816a5c5d9fffff
22959,88161652a9fffff
22960,881616456dfffff
22961,8816a0aa99fffff
22962,8817894e37fffff
22963,8816a5d2b1fffff
22964,8816a5d423fffff
22965,88178b1019fffff
22966,8816a5d089fffff
22967,8816a54939fffff
22968,88178b3105fffff
22969,8816a5821bfffff
22970,8816a0b34dfffff
22971,8816a5d8adfffff
22972,88178b62cdfffff
22973,8816a5cee7fffff
22974,88178ba803fffff
22975,8816a5c663fffff
22976,88178b608dfffff
22977,88178b1647fffff
22978,88178b7031fffff
22979,8816a59a2dfffff
22980,8816a50605fffff
22981,8816a552e3fffff
22982,8816a5d0ddfffff
22983,8816a01585fffff
22984,88178b215bfffff
22985,8816a558e5fffff
22986,8816a509d3fffff
22987,8816a5b53dfffff
22988,8816a08e4dfffff
22989,8816a0045bfffff
22990,8816a5d4e3fffff
22991,88178bb853fffff
22992,88178b6cbdfffff
22993,88178b6523fffff
22994,881616581bfffff
22995,881616cb3dfffff
22996,8816164e63fffff
22997,881616553dfffff
22998,8816a0a251fffff
22999,88178b8ab3fffff
23000,88161649a9fffff
23001,8816165219fffff
23002,8816a50f27fffff
23003,8816a080a7fffff
23004,8816a57ac1fffff
23005,8816a5b1e9fffff
23006,88178b3a57fffff
23007,88178bb525fffff
23008,8816a5ab5dfffff
23009,88178b7261fffff
23010,8816a58c5dfffff
23011,8816a5442dfffff
23012,8816a5b41bfffff
23013,88178b2f3bfffff
23014,8816a08613fffff
23015,8816a5ba3bfffff
23016,8816a555d7fffff
23017,8816a0b8adfffff
23018,8816a510b9fffff
23019,88178b0a83fffff
23020,8816164dd3fffff
23021,88178ba813fffff
23022,88178bae19fffff
23023,8817894909fffff
23024,8816a5494bfffff
23025,8816a58debfffff
23026,8816a5ca5dfffff
23027,88178b0e83fffff
23028,8816a5063bfffff
23029,88178b7617fffff
23030,88178b1655fffff
23031,88178b726bfffff
23032,88178ba651fffff
23033,88178b3345fffff
23034,8816a50c39fffff
23035,88178b3ac5fffff
23036,8816165225fffff
23037,8816a58e8dfffff
23038,8816a54ce7fffff
23039,8816a5b967fffff
23040,8816a5c4b7fffff
23041,88178bac93fffff
23042,8816a08d13fffff
23043,8816a582b5fffff
23044,8816164743fffff
23045,88178b1733fffff
23046,8816a0a219fffff
23047,88178ba933fffff
23048,88178b2239fffff
23049,88178b1517fffff
23050,88178b1411fffff
23051,88178b343bfffff
23052,88178b2a3dfffff
23053,88178b0401fffff
23054,88178ba199fffff
23055,8816a01749fffff
23056,8816a00503fffff
23057,8816a5c0b7fffff
23058,8816a5c305fffff
23059,8816a5d2c3fffff
23060,88178b7509fffff
23061,88178b10c1fffff
23062,88178b8189fffff
23063,88178b3451fffff
23064,8816a54149fffff
23065,8816a0b903fffff
23066,88178b74abfffff
23067,8816a58a39fffff
23068,88178ba73bfffff
23069,88178b2023fffff
23070,8816a0b1d7fffff
23071,88178b829dfffff
23072,8816a08c2dfffff
23073,8816a56945fffff
23074,8816a0b2bbfffff
23075,88178b15d7fffff
23076,88178ba293fffff
23077,88178b2727fffff
23078,8816a0b951fffff
23079,88178ba2adfffff
23080,8816165a25fffff
23081,8816a006e5fffff
23082,8816164a53fffff
23083,88178b3537fffff
23084,88178b8c3bfffff
23085,8816a0a0d7fffff
23086,8816a5c611fffff
23087,88178b392dfffff
23088,88178bb5a1fffff
23089,8816a51039fffff
23090,88178b8c01fffff
23091,8816a51669fffff
23092,8816165953fffff
23093,8816a5c641fffff
23094,8816a00443fffff
23095,8816a5aae9fffff
23096,8816a58821fffff
23097,8816a5aa95fffff
23098,8816a5122dfffff
23099,88178b2733fffff
23100,881616484bfffff
23101,8816a51a59fffff
23102,8816a5063dfffff
23103,88178b9595fffff
23104,8816a51a67fffff
23105,88178b0039fffff
23106,8816a59905fffff
23107,8816a5c5b5fffff
23108,88178b0333fffff
23109,8816a59807fffff
23110,8816a0b325fffff
23111,88178b70e9fffff
23112,88178b8f61fffff
23113,88178b2a55fffff
23114,88178ba0ebfffff
23115,8816a5634bfffff
23116,8816164b39fffff
23117,88178b6063fffff
23118,8816a5b1c5fffff
23119,8816a5d29dfffff
23120,8816a519edfffff
23121,88178b7041fffff
23122,8816a5d0abfffff
23123,8816a57891fffff
23124,8816a5d0c1fffff
23125,8816a42691fffff
23126,8816a5cd63fffff
23127,88178ba097fffff
23128,8816164223fffff
23129,88178b8a93fffff
23130,88161651e7fffff
23131,88161659b1fffff
23132,8816a5c233fffff
23133,88178b81cdfffff
23134,8816a08d1bfffff
23135,8816a5cb51fffff
23136,8816a57997fffff
23137,8816a551a1fffff
23138,8816a5c819fffff
23139,88178b8adbfffff
23140,8816a5b339fffff
23141,88178b70a9fffff
23142,88178ba1d3fffff
23143,8816a0b60dfffff
23144,88178b3265fffff
23145,8816a5b9e7fffff
23146,8816a590c3fffff
23147,8816a0aa97fffff
23148,8816164c15fffff
23149,88178b85a7fffff
23150,8816a548b7fffff
23151,8816a015e9fffff
23152,88178b70b5fffff
23153,88178ba1a5fffff
23154,88178b6c45fffff
23155,8816a5985bfffff
23156,8816a5b429fffff
23157,88178b0d27fffff
23158,8816a50315fffff
23159,8816a542e9fffff
23160,88178b0cc1fffff
23161,8816a0ba0bfffff
23162,88178b3361fffff
23163,88178b8ce9fffff
23164,8816a5a84bfffff
23165,88178b308dfffff
23166,8816a59231fffff
23167,8816a5b31dfffff
23168,8816a5c6ebfffff
23169,88178b68d5fffff
23170,8816a54e35fffff
23171,8816a5cf63fffff
23172,8816a548a1fffff
23173,8816a5d4bdfffff
23174,88178b7197fffff
23175,8816a5b907fffff
23176,88178b14ddfffff
23177,88178b32dbfffff
23178,8816a59687fffff
23179,8816a5511bfffff
23180,88178b071bfffff
23181,88178b04d1fffff
23182,88178b1621fffff
23183,88178bb423fffff
23184,8816a5d8cdfffff
23185,8816164f01fffff
23186,8816a01613fffff
23187,88178ba2b7fffff
23188,88178bb2dbfffff
23189,8816a5c1e3fffff
23190,8816a5a0d1fffff
23191,88178bb659fffff
23192,8816a5b99bfffff
23193,88178b2a2bfffff
23194,8816a084b9fffff
23195,8816a5aa61fffff
23196,8816a0b2cbfffff
23197,88178b74d9fffff
23198,8816a5432dfffff
23199,8816a54733fffff
23200,88178b1ad1fffff
23201,88178bba29fffff
23202,8816a0a255fffff
23203,8816a5da9dfffff
23204,8816a516e9fffff
23205,8816a01707fffff
23206,8816a57b3bfffff
23207,8816165153fffff
23208,8816a54865fffff
23209,8816a55949fffff
23210,88178ba9b1fffff
23211,8817897927fffff
23212,881616db35fffff
23213,8816a58581fffff
23214,8816164dc9fffff
23215,88178b2d17fffff
23216,8816a58515fffff
23217,88178b3895fffff
23218,8816a0a95dfffff
23219,8816a5d4a5fffff
23220,88161650c9fffff
23221,88178ba22dfffff
23222,8816a5c6dbfffff
23223,8816a58d39fffff
23224,8816a5021dfffff
23225,88178b2697fffff
23226,88178b6ce1fffff
23227,8816a58ed7fffff
23228,88178ba80bfffff
23229,88178b85b3fffff
23230,8816a5859dfffff
23231,8816a01719fffff
23232,8816a5c517fffff
23233,8816a50b27fffff
23234,8816a0b155fffff
23235,8816a595d7fffff
23236,8816a095edfffff
23237,8816a08e43fffff
23238,8816a550ebfffff
23239,88178bae45fffff
23240,8816a5c4d5fffff
23241,88178b35b3fffff
23242,88178bae83fffff
23243,8816a01741fffff
23244,8816a0b261fffff
23245,8816a54803fffff
23246,8816a5c5c7fffff
23247,8816a57993fffff
23248,8816a54815fffff
23249,8816a09637fffff
23250,8816a550a3fffff
23251,8816a54663fffff
23252,88178b2e41fffff
23253,88178b3963fffff
23254,8816a58ee1fffff
23255,88178b2f6dfffff
23256,8816a5b899fffff
23257,88178b0c05fffff
23258,88178b76c3fffff
23259,8816a55853fffff
23260,8816a005bbfffff
23261,88178b258dfffff
23262,8816165517fffff
23263,88178b1893fffff
23264,8816a0b533fffff
23265,8816a56049fffff
23266,88178bb255fffff
23267,88178b6029fffff
23268,88178b3b65fffff
23269,8816a5b729fffff
23270,88178bb2a5fffff
23271,8816a004c9fffff
23272,8816a5c415fffff
23273,8816a5c489fffff
23274,88178b0d95fffff
23275,8816a5a29bfffff
23276,88178b2b31fffff
23277,8816a50d11fffff
23278,88161651adfffff
23279,8816a5a13bfffff
23280,8816a5ce55fffff
23281,8816a59763fffff
23282,8816a5b80bfffff
23283,8816a5a04dfffff
23284,8816a5cd55fffff
23285,88178b0a01fffff
23286,8816a5462bfffff
23287,88178b3431fffff
23288,88178b02e1fffff
23289,88178bb727fffff
23290,8816a080d7fffff
23291,8816a0b689fffff
23292,8816a5c05dfffff
23293,88178ba30dfffff
23294,8816a5b88dfffff
23295,88178b0ec5fffff
23296,88161641bdfffff
23297,88178b88b5fffff
23298,88178bb159fffff
23299,8816a0a0a9fffff
23300,8816a5ce23fffff
23301,8816a5c6d3fffff
23302,8816a0b0cbfffff
23303,8816164b3bfffff
23304,8816a58b59fffff
23305,88178b0c45fffff
23306,88178bb6c9fffff
23307,8816a5894bfffff
23308,88178b2147fffff
23309,88178b8ea1fffff
23310,8816a5c05bfffff
23311,8816a54e63fffff
23312,8816a57987fffff
23313,8816a58513fffff
23314,8816a0852dfffff
23315,88178b6c3dfffff
23316,88178bbb49fffff
23317,88178b0e5bfffff
23318,88178b0461fffff
23319,8816a5cd93fffff
23320,8816a5c893fffff
23321,8816164ae7fffff
23322,8816a08cc3fffff
23323,8816a5730bfffff
23324,8816a4a6d3fffff
23325,8817897a37fffff
23326,88178ba9ddfffff
23327,8816a58ab3fffff
23328,88178b78a5fffff
23329,88178b7513fffff
23330,8816a5533dfffff
23331,8816165553fffff
23332,8816a5712bfffff
23333,8816a59887fffff
23334,88178b3a93fffff
23335,88178b6f2dfffff
23336,88178b6689fffff
23337,8816a0ae6bfffff
23338,881616551bfffff
23339,8816a58599fffff
23340,8816a00625fffff
23341,8816a425c3fffff
23342,8816a56a09fffff
23343,8816167b35fffff
23344,8816a5c5c3fffff
23345,8816a554c9fffff
23346,88178ba401fffff
23347,88178b7193fffff
23348,88178b82bbfffff
23349,8816a58c3dfffff
23350,88178ba093fffff
23351,88178ba845fffff
23352,8816a080c9fffff
23353,8816a544edfffff
23354,88178bb989fffff
23355,88178ba011fffff
23356,88178bb4adfffff
23357,8816a58555fffff
23358,8816a58763fffff
23359,88178ba05bfffff
23360,88161645c5fffff
23361,88178bb093fffff
23362,8816a0a565fffff
23363,8816a5d1cdfffff
23364,8816165a21fffff
23365,88178b2027fffff
23366,88178b8441fffff
23367,8816a51083fffff
23368,88178b6607fffff
23369,8816a0b84bfffff
23370,8816a5b8a9fffff
23371,88178b746dfffff
23372,8816a5b41dfffff
23373,88178b0589fffff
23374,88178b311dfffff
23375,8816165b63fffff
23376,88178b2a65fffff
23377,88178b3839fffff
23378,88178b12e7fffff
23379,8816a55135fffff
23380,8816a5166dfffff
23381,88178bb6cdfffff
23382,8816a59119fffff
23383,8816a0b9edfffff
23384,88178b6c3bfffff
23385,88178bac29fffff
23386,8816a51491fffff
23387,88178ba0d3fffff
23388,8816a50aebfffff
23389,8816a5c943fffff
23390,88178bb32bfffff
23391,8816a5cb19fffff
23392,88178b84c3fffff
23393,8816a0b097fffff
23394,88178b31c5fffff
23395,8816a57005fffff
23396,8817894c87fffff
23397,8816a57a67fffff
23398,8816a544a9fffff
23399,8816a58d4dfffff
23400,8816a0a037fffff
23401,8816a58865fffff
23402,88178b6499fffff
23403,8816a55b1bfffff
23404,8817897b25fffff
23405,8816a0b335fffff
23406,8816a509d5fffff
23407,88178b6e81fffff
23408,88178b2f51fffff
23409,8816a512d5fffff
23410,8816a0b509fffff
23411,8816a085e7fffff
23412,8816a5ab25fffff
23413,88178b6f47fffff
23414,88178b2b3bfffff
23415,88178b86c7fffff
23416,88178b8ca5fffff
23417,8816a01619fffff
23418,88178bba59fffff
23419,88178bb0cdfffff
23420,8816a0b9a3fffff
23421,8816a584c5fffff
23422,88178b7369fffff
23423,8816165121fffff
23424,88178b8621fffff
23425,88178ba643fffff
23426,8816164d47fffff
23427,8816a5c44dfffff
23428,8816a5124dfffff
23429,8816a5b28dfffff
23430,8816a096abfffff
23431,8816a514ebfffff
23432,8816164ca3fffff
23433,881616db1bfffff
23434,8816a5172dfffff
23435,88178b3a6dfffff
23436,8816a54893fffff
23437,8816164021fffff
23438,8816a51483fffff
23439,8816165361fffff
23440,8816a50233fffff
23441,8816a57901fffff
23442,8816a50353fffff
23443,88178978e7fffff
23444,88178b713bfffff
23445,8816a50a93fffff
23446,8816a5865bfffff
23447,8816a514d1fffff
23448,88178b0059fffff
23449,8816a58659fffff
23450,8816a5121dfffff
23451,88178b166bfffff
23452,8816a59301fffff
23453,88178b2617fffff
23454,8816a54349fffff
23455,8816a54aabfffff
23456,881616418bfffff
23457,8816a5bb57fffff
23458,88178bad43fffff
23459,8816a5bb69fffff
23460,8816a08cc7fffff
23461,88178b253dfffff
23462,88161652cdfffff
23463,8816a54753fffff
23464,8816a51711fffff
23465,88178b06e9fffff
23466,88178bb819fffff
23467,8816a598c3fffff
23468,88178b84adfffff
23469,8816a0a84dfffff
23470,88178bb511fffff
23471,8816a015a5fffff
23472,8816a589cdfffff
23473,88178bbac7fffff
23474,88178b2cd7fffff
23475,88178b1687fffff
23476,8816a5cf27fffff
23477,88178b011dfffff
23478,8816a5c885fffff
23479,881616d985fffff
23480,8816a50c07fffff
23481,8816a0b091fffff
23482,8816a5788bfffff
23483,8816a56367fffff
23484,8816a5075bfffff
23485,8817894c41fffff
23486,88178b8d65fffff
23487,8816a586abfffff
23488,8816a424ddfffff
23489,8817897925fffff
23490,8816a586cdfffff
23491,8816a5d287fffff
23492,88178b8631fffff
23493,8816a0b49bfffff
23494,8816a544d7fffff
23495,8816a0a0b3fffff
23496,88178b218dfffff
23497,8816a54481fffff
23498,88178bab6bfffff
23499,88161658cbfffff
23500,88178b856bfffff
23501,881616792dfffff
23502,88178b6ecbfffff
23503,8816a0a86bfffff
23504,88178b76b9fffff
23505,8816a50b4dfffff
23506,88178b1689fffff
23507,8816a5635bfffff
23508,88161642ebfffff
23509,88178b6c43fffff
23510,8816a5d689fffff
23511,8816a5c895fffff
23512,8816a54689fffff
23513,8816a57b05fffff
23514,8816a5c34bfffff
23515,88178b3205fffff
23516,8816a08583fffff
23517,88178bb03bfffff
23518,8816a5da83fffff
23519,88178b32c1fffff
23520,88178bb143fffff
23521,8816a5796bfffff
23522,88178b2abbfffff
23523,88178b845bfffff
23524,8816a5400dfffff
23525,8816164ddbfffff
23526,88178b762bfffff
23527,8816a5d527fffff
23528,8816a0b72bfffff
23529,8816a55545fffff
23530,8816a5a00dfffff
23531,8816a586ebfffff
23532,881616d82dfffff
23533,8816a59ae7fffff
23534,88178b39e5fffff
23535,8816a0b129fffff
23536,8816a0b0ddfffff
23537,88178b2e6dfffff
23538,8816a50247fffff
23539,88178b3aa9fffff
23540,88178b026bfffff
23541,88178b8f03fffff
23542,8816a56069fffff
23543,8816a5c065fffff
23544,8816a5c121fffff
23545,8816165723fffff
23546,88178b056bfffff
23547,8816a5b5e3fffff
23548,88178bab2dfffff
23549,8816a0aacdfffff
23550,88178bb947fffff
23551,8816a0baddfffff
23552,8816a5a2d5fffff
23553,88178bae27fffff
23554,8816a51693fffff
23555,8816a5ccebfffff
23556,88178bae47fffff
23557,88178b2ed5fffff
23558,88178b6e59fffff
23559,88178b69d3fffff
23560,8816a0aa83fffff
23561,8816a58a11fffff
23562,8816a51061fffff
23563,88178b2d3bfffff
23564,8816164c5dfffff
23565,88178b3007fffff
23566,88178b6715fffff
23567,8816a5402bfffff
23568,88178b6313fffff
23569,8816a58b3bfffff
23570,8816a5d407fffff
23571,8816a08cadfffff
23572,8816a5b559fffff
23573,88178b8057fffff
23574,88178bb03dfffff
23575,8816164f15fffff
23576,88178b713dfffff
23577,8816a425a7fffff
23578,88178b3243fffff
23579,8816a5b1a5fffff
23580,8816a0109dfffff
23581,8816a58a4bfffff
23582,88178b76e3fffff
23583,8816a0ba43fffff
23584,8816a5cca9fffff
23585,88178b243dfffff
23586,8816a5d661fffff
23587,8816a57aa5fffff
23588,881616c92bfffff
23589,88178b64b5fffff
23590,8816a5a847fffff
23591,8816a54ae1fffff
23592,88178ba705fffff
23593,8816a540d1fffff
23594,8816a57985fffff
23595,8816a55603fffff
23596,8816a58c15fffff
23597,8816a57b15fffff
23598,8816a54c99fffff
23599,88178b770dfffff
23600,8817896b2dfffff
23601,8816a5432bfffff
23602,88178b22a9fffff
23603,8816a54365fffff
23604,88178b8f33fffff
23605,88178b228dfffff
23606,8817896929fffff
23607,88178b1091fffff
23608,8816a5d751fffff
23609,8816a55483fffff
23610,8816a0b01bfffff
23611,881616475dfffff
23612,88178b08abfffff
23613,88178b2907fffff
23614,8816a500a5fffff
23615,88178b21a9fffff
23616,88178b263dfffff
23617,881616db01fffff
23618,8816a015ebfffff
23619,881616494bfffff
23620,88178b150dfffff
23621,8816a5135bfffff
23622,8816a5aa89fffff
23623,8816a511a9fffff
23624,8816a08631fffff
23625,88178b6269fffff
23626,8816a545c7fffff
23627,8816a0b917fffff
23628,88178ba489fffff
23629,8816a5a743fffff
23630,8816a0a1bdfffff
23631,8816a57259fffff
23632,88178bb421fffff
23633,88178b2ae7fffff
23634,8816a0a1a3fffff
23635,8816a0b747fffff
23636,88178b90b1fffff
23637,88178b6dc5fffff
23638,88178ba5a9fffff
23639,88178b6ac9fffff
23640,88178b321dfffff
23641,8816a58b03fffff
23642,8816a5b991fffff
23643,8816164aebfffff
23644,8816a588a3fffff
23645,8816a5174bfffff
23646,8816a0b651fffff
23647,88178b353dfffff
23648,88178b0dabfffff
23649,8816a5c315fffff
23650,88178bb4c3fffff
23651,8817894f3dfffff
23652,8816a5d165fffff
23653,8816a50c19fffff
23654,8816a5519dfffff
23655,8816a511c1fffff
23656,88178b2229fffff
23657,88178ba051fffff
23658,88178b60e9fffff
23659,8816a0b949fffff
23660,88178b7123fffff
23661,8816a5b49dfffff
23662,88178bb293fffff
23663,8816a51a61fffff
23664,88178b2033fffff
23665,8816165627fffff
23666,8816a084c3fffff
23667,8816a5d603fffff
23668,8816a582d9fffff
23669,8816a5d993fffff
23670,8816a5506dfffff
23671,8816a5d601fffff
23672,8816a006a9fffff
23673,88178ba5e1fffff
23674,8816a591e3fffff
23675,8816a57aedfffff
23676,8816a0b8edfffff
23677,88178b3b2dfffff
23678,88178b0d6bfffff
23679,8816a0b4e1fffff
23680,8816a5ce5bfffff
23681,88178badc7fffff
23682,8816a58a95fffff
23683,88178b3a63fffff
23684,8816a51549fffff
23685,88178b31ebfffff
23686,88178ba549fffff
23687,88178b0ad1fffff
23688,8816164b21fffff
23689,8816a5d167fffff
23690,8816a581e3fffff
23691,8816a0a2d7fffff
23692,8816164039fffff
23693,8816a0a195fffff
23694,88178ba5abfffff
23695,88178bb2a9fffff
23696,8816a5cd05fffff
23697,8816a57a03fffff
23698,8816a5b525fffff
23699,8816a56345fffff
23700,88178b768dfffff
23701,88178b69adfffff
23702,8816a54a59fffff
23703,8817894e3dfffff
23704,8816a55ae5fffff
23705,8816a54463fffff
23706,88178b38e9fffff
23707,8816a54719fffff
23708,8816a5873dfffff
23709,88178bbb15fffff
23710,88178b3141fffff
23711,88178bbb4bfffff
23712,88178b0c63fffff
23713,88178bb569fffff
23714,88178bb833fffff
23715,88178b1481fffff
23716,8816a51427fffff
23717,88178b6725fffff
23718,88178b103bfffff
23719,8816a5b5d7fffff
23720,881616c935fffff
23721,8816a5ab65fffff
23722,8816a0baedfffff
23723,8816a5845dfffff
23724,88178bb6b1fffff
23725,88178b0f01fffff
23726,88178bb6a7fffff
23727,8816a015c3fffff
23728,881616c9e7fffff
23729,88178b66a3fffff
23730,8816a50887fffff
23731,8816a5c101fffff
23732,88178b0a41fffff
23733,8816a58735fffff
23734,88178b868dfffff
23735,8816a544d9fffff
23736,8816a58adbfffff
23737,8816a585b7fffff
23738,8816a5ca1bfffff
23739,8816a0b0bdfffff
23740,8816a01431fffff
23741,8816a00719fffff
23742,88178b656dfffff
23743,8816a0bb4bfffff
23744,8816a5b763fffff
23745,8816a59a9bfffff
23746,8816a5ceedfffff
23747,8816a5c36bfffff
23748,8817897a63fffff
23749,8816a5c155fffff
23750,88178b3745fffff
23751,8816a51929fffff
23752,88178baa47fffff
23753,88178ba619fffff
23754,88178b8cb3fffff
23755,88178b0e5dfffff
23756,8816a5d045fffff
23757,8816a424a3fffff
23758,88178badc5fffff
23759,88178b95bdfffff
23760,8816a59721fffff
23761,8816a5805bfffff
23762,8816a0a1d1fffff
23763,88178b618dfffff
23764,8816a558a5fffff
23765,8816a5711dfffff
23766,88178b1063fffff
23767,8816a50191fffff
23768,8816a5a03bfffff
23769,88178b35a7fffff
23770,8816a5b84bfffff
23771,88178b20a1fffff
23772,88178b6415fffff
23773,88178b2017fffff
23774,88178b65e5fffff
23775,8816a50445fffff
23776,8816a08587fffff
23777,88178b2d67fffff
23778,881616454bfffff
23779,8816a08da5fffff
23780,8816165ab7fffff
23781,8816a55987fffff
23782,8816a58c53fffff
23783,88178b0857fffff
23784,88178b31b1fffff
23785,88178b1743fffff
23786,8816a426b1fffff
23787,88178b2419fffff
23788,88178b252bfffff
23789,8816a5d8c1fffff
23790,88178b874bfffff
23791,88178b3011fffff
23792,88178b8451fffff
23793,8816a59a31fffff
23794,8816a0a205fffff
23795,8816a582d1fffff
23796,8816a5b253fffff
23797,88178b346bfffff
23798,8816a50a53fffff
23799,88178bb82dfffff
23800,88178ba44dfffff
23801,8816a5842dfffff
23802,88178b2837fffff
23803,88178b05d5fffff
23804,8816a58b07fffff
23805,8816a0874dfffff
23806,8816a59b2bfffff
23807,88178b08a1fffff
23808,88178b2559fffff
23809,8816a5c8e3fffff
23810,88178b90a7fffff
23811,88178b0299fffff
23812,8816164a8dfffff
23813,88161648dbfffff
23814,8816a5171dfffff
23815,88178b7345fffff
23816,8816a552bdfffff
23817,88178b3a65fffff
23818,88178ba5e3fffff
23819,8816a0b15bfffff
23820,8816a5a053fffff
23821,8816a58f6bfffff
23822,88178b672bfffff
23823,8816a0b83dfffff
23824,8817894dbdfffff
23825,8816a54b67fffff
23826,8816a54133fffff
23827,88178b20e9fffff
23828,88178bb45dfffff
23829,881616483dfffff
23830,88178b29dbfffff
23831,8816a0b625fffff
23832,8816a56325fffff
23833,88178b7339fffff
23834,8816a511c7fffff
23835,88178b04a3fffff
23836,88178b05c7fffff
23837,8816a5a903fffff
23838,88178b72d3fffff
23839,8816a50b0bfffff
23840,8816a004a9fffff
23841,88161658b5fffff
23842,8816a59a11fffff
23843,88178b673bfffff
23844,88178b6f4bfffff
23845,88178b6227fffff
23846,88178b3437fffff
23847,88178ba61bfffff
23848,8816a5971bfffff
23849,8816a5b747fffff
23850,8816a5b8a3fffff
23851,88178b000bfffff
23852,88178b31d1fffff
23853,8816a5b5a7fffff
23854,88178b7065fffff
23855,8816a591cdfffff
23856,8816a5186bfffff
23857,88178b2647fffff
23858,88178b2a93fffff
23859,88178b2703fffff
23860,88178bb4e1fffff
23861,8816a00457fffff
23862,88161650d7fffff
23863,8816a51a37fffff
23864,88178b3597fffff
23865,88178b0db5fffff
23866,8816a59595fffff
23867,8816a516a5fffff
23868,88178b200bfffff
23869,8816164463fffff
23870,8816a5aabbfffff
23871,88178b0da5fffff
23872,8816a0b54dfffff
23873,8816a558a3fffff
23874,8816a58ccbfffff
23875,881616db21fffff
23876,8816a50c33fffff
23877,8816a5d981fffff
23878,8816165821fffff
23879,88178b21d7fffff
23880,88178b6ca1fffff
23881,8816a5a705fffff
23882,8816a0b057fffff
23883,8816a54f25fffff
23884,8816a5a93dfffff
23885,88178b24a5fffff
23886,8816a5a26bfffff
23887,8816a5cce7fffff
23888,88178bb897fffff
23889,8816a58b49fffff
23890,88178b2c8bfffff
23891,88178bb085fffff
23892,8816a5c015fffff
23893,88178bb811fffff
23894,88178bb623fffff
23895,88178b623dfffff
23896,88178b6103fffff
23897,8816a55913fffff
23898,88178bac6dfffff
23899,8816a595dbfffff
23900,88178ba76bfffff
23901,8816165a55fffff
23902,8816a51131fffff
23903,88178b0535fffff
23904,88178b6613fffff
23905,8816a424bbfffff
23906,8817897a07fffff
23907,88178b3095fffff
23908,88178bb317fffff
23909,8816a5c081fffff
23910,8816a50b69fffff
23911,88178b3005fffff
23912,8816a5c1ebfffff
23913,8816a541a9fffff
23914,8816a57119fffff
23915,8816a5110bfffff
23916,8816a0b9c5fffff
23917,8816a5b76dfffff
23918,88178b8717fffff
23919,8816a5161bfffff
23920,8816a559a1fffff
23921,8816164d9bfffff
23922,8816a50983fffff
23923,8816a5459dfffff
23924,8817894dbbfffff
23925,8816a515ddfffff
23926,8816a59055fffff
23927,8816a51333fffff
23928,88178b0651fffff
23929,8816a58c8dfffff
23930,8816a50957fffff
23931,8816a0a01bfffff
23932,8816a0b981fffff
23933,88178b8e3dfffff
23934,88178ba9e1fffff
23935,88178b6335fffff
23936,8816a59985fffff
23937,881616d9a9fffff
23938,8816a0a323fffff
23939,8816a552b3fffff
23940,88178b8191fffff
23941,88178baf63fffff
23942,8816a55019fffff
23943,8816a00431fffff
23944,8816164237fffff
23945,88178b0a85fffff
23946,8816a50a6bfffff
23947,8816a00405fffff
23948,8816165a45fffff
23949,88178b142dfffff
23950,8816a5c139fffff
23951,8816a571e3fffff
23952,8816a01091fffff
23953,88178bb1e1fffff
23954,8816a5724bfffff
23955,8816a5c559fffff
23956,8816a0b8d3fffff
23957,8816a085bdfffff
23958,8816a50b33fffff
23959,88178b813bfffff
23960,88178bb2ddfffff
23961,8816a58a33fffff
23962,8816a095b5fffff
23963,8816a5045dfffff
23964,8816a59897fffff
23965,88178b1615fffff
23966,88178bb65bfffff
23967,88178b0a59fffff
23968,88178b64c9fffff
23969,8816a5471dfffff
23970,8816a5c333fffff
23971,8816a0b21dfffff
23972,8816a085d9fffff
23973,8816a56045fffff
23974,8816a55621fffff
23975,88178b6eebfffff
23976,8816a5d161fffff
23977,88178bab0dfffff
23978,8816a58f13fffff
23979,8816a5cf67fffff
23980,8816a5889bfffff
23981,88178b8f69fffff
23982,8816a0b8b7fffff
23983,88178b0ca7fffff
23984,88178b38ebfffff
23985,88178ba22bfffff
23986,88178b664bfffff
23987,8816a55413fffff
23988,8816a54237fffff
23989,8816a5cf49fffff
23990,8816a51103fffff
23991,8816a0b22dfffff
23992,88178bba17fffff
23993,8816a51531fffff
23994,8816a5a909fffff
23995,88161642b3fffff
23996,88178b3907fffff
23997,8816a5ca8bfffff
23998,88178b248dfffff
23999,88178b6123fffff
24000,8816a50b53fffff
24001,8816a518ebfffff
24002,8817897939fffff
24003,88178b8607fffff
24004,88178b6487fffff
24005,8816a5c9c7fffff
24006,88178b7201fffff
24007,88178ba169fffff
24008,8816a5bb65fffff
24009,88178bacdbfffff
24010,8816a592dbfffff
24011,88178b6dc3fffff
24012,8816a51599fffff
24013,8816a5c84bfffff
24014,88178b3563fffff
24015,8816a5965bfffff
24016,88178b6cebfffff
24017,88178b6893fffff
24018,8816a54f09fffff
24019,8816a5973bfffff
24020,8816a0066bfffff
24021,8816a55629fffff
24022,88161649b7fffff
24023,88178b2833fffff
24024,8816a0076bfffff
24025,88178b3951fffff
24026,88178b24c7fffff
24027,88178b3981fffff
24028,8816a096c5fffff
24029,8817894e9dfffff
24030,8816a59963fffff
24031,88178b8f65fffff
24032,88178b3769fffff
24033,8816a55539fffff
24034,8816a54eb7fffff
24035,88178b168bfffff
24036,8817897803fffff
24037,8816a51437fffff
24038,8816a5d041fffff
24039,8816a58665fffff
24040,8816a5c99bfffff
24041,8816a50707fffff
24042,88178ba005fffff
24043,88178b66e7fffff
24044,8816a550b3fffff
24045,8816a5cd6bfffff
24046,88178bbb2dfffff
24047,8816a5a301fffff
24048,88178b8e45fffff
24049,88178b284dfffff
24050,88178b8083fffff
24051,88178b62e1fffff
24052,8816a5963dfffff
24053,88178b153dfffff
24054,8816165883fffff
24055,88178b7283fffff
24056,8816a0a0e5fffff
24057,8816a55637fffff
24058,88178bb0b5fffff
24059,8816a0ae55fffff
24060,8816a55109fffff
24061,8816a545ebfffff
24062,8816164823fffff
24063,88178b8711fffff
24064,88178b7769fffff
24065,8816a50ea5fffff
24066,88178b8045fffff
24067,8816a5a853fffff
24068,88178bb225fffff
24069,88161659adfffff
24070,8816a5a549fffff
24071,8817897b05fffff
24072,88178b7015fffff
24073,88178b35b7fffff
24074,88178b355dfffff
24075,8816a54e41fffff
24076,8816a42489fffff
24077,88178b16ebfffff
24078,88178b01e9fffff
24079,88178b2e87fffff
24080,88161679c1fffff
24081,88178b8ce7fffff
24082,88178bab69fffff
24083,8816a548e9fffff
24084,88178b8cedfffff
24085,8816165ad9fffff
24086,8816165b09fffff
24087,8816a5d24dfffff
24088,8816165943fffff
24089,8817894d49fffff
24090,8816164c8dfffff
24091,8816a58443fffff
24092,88178bb0a3fffff
24093,8816a55a53fffff
24094,8816a511d1fffff
24095,88178ba037fffff
24096,88178b1209fffff
24097,88178b2315fffff
24098,8816a51ac5fffff
24099,8816a0b30bfffff
24100,88178bb1a1fffff
24101,8816a01605fffff
24102,88178b9731fffff
24103,88178ba157fffff
24104,8816a5a031fffff
24105,8816a5102bfffff
24106,8816a556ebfffff
24107,8816a5c237fffff
24108,8816a014b1fffff
24109,88178bb8e9fffff
24110,88178b208dfffff
24111,8816a54049fffff
24112,88178b0f09fffff
24113,8816a599b5fffff
24114,8816a0a033fffff
24115,8816a586e5fffff
24116,8816164dd5fffff
24117,88178b2c89fffff
24118,88178b054bfffff
24119,88178b7167fffff
24120,8816a5aab7fffff
24121,8816a0b0e7fffff
24122,88178bab3bfffff
24123,8816a5dad7fffff
24124,88178ba9edfffff
24125,8816a5615bfffff
24126,88178b3485fffff
24127,8816a426c7fffff
24128,8816164405fffff
24129,8816a508d3fffff
24130,8816a59649fffff
24131,8816a5d637fffff
24132,8816a5c0cbfffff
24133,88178baf53fffff
24134,8817894eabfffff
24135,8816a08db9fffff
24136,8817897857fffff
24137,8816a54553fffff
24138,8816a54cc1fffff
24139,88178b68a9fffff
24140,88178ba32dfffff
24141,88178b3551fffff
24142,8816a096d7fffff
24143,8816a51b07fffff
24144,8816a08de5fffff
24145,8816164f31fffff
24146,8816a01623fffff
24147,8816a54b27fffff
24148,88178b8ad1fffff
24149,88178b0699fffff
24150,8816165951fffff
24151,8816a5050dfffff
24152,8816a08415fffff
24153,8816a0958bfffff
24154,88178bb9ebfffff
24155,88178b0edbfffff
24156,8816a5854dfffff
24157,8816a5d361fffff
24158,8816a096a1fffff
24159,8816a425d1fffff
24160,8816a5d667fffff
24161,8816a5052bfffff
24162,88178b10a9fffff
24163,88178b2a05fffff
24164,8816a50a81fffff
24165,88178bb4a7fffff
24166,8816a55807fffff
24167,8816a01745fffff
24168,8817894dadfffff
24169,8816a0aa15fffff
24170,88178b3097fffff
24171,8816a50a91fffff
24172,8816a58a23fffff
24173,8816a559b7fffff
24174,8816a586d1fffff
24175,8816164a0dfffff
24176,8816167985fffff
24177,88178b781bfffff
24178,8816a55533fffff
24179,88178b05a9fffff
24180,8816a08297fffff
24181,8816a55497fffff
24182,88178b141bfffff
24183,8816a50c3dfffff
24184,8816a5b169fffff
24185,8816a5b365fffff
24186,88178bb205fffff
24187,8816a5c169fffff
24188,8817894927fffff
24189,88178bba1dfffff
24190,88178b08c1fffff
24191,8816a5ccb3fffff
24192,88178b189bfffff
24193,8816165355fffff
24194,8816a5c2b7fffff
24195,8816a00769fffff
24196,88178ba517fffff
24197,8816164367fffff
24198,88178baa51fffff
24199,8816a55a27fffff
24200,8816a5c815fffff
24201,88178bb04dfffff
24202,88178b6303fffff
24203,8816a51235fffff
24204,8816a50849fffff
24205,88178b254bfffff
24206,8816a54699fffff
24207,8817896a67fffff
24208,8817897b21fffff
24209,8816a56b11fffff
24210,8816a58447fffff
24211,8816a08c4bfffff
24212,8816a55167fffff
24213,88178ba90bfffff
24214,8816a55261fffff
24215,88178b66d3fffff
24216,8816a508b5fffff
24217,8816a59689fffff
24218,8816a50a21fffff
24219,8816a578b9fffff
24220,8816a5ccd5fffff
24221,8816a5893bfffff
24222,88178b2139fffff
24223,881616c959fffff
24224,8816a510c9fffff
24225,88178b14a5fffff
24226,8816a58221fffff
24227,88178b3599fffff
24228,88178b0685fffff
24229,8816a510edfffff
24230,8816a5b86bfffff
24231,88178b12c7fffff
24232,88178b606dfffff
24233,8816164ac9fffff
24234,8817894d9dfffff
24235,8816a5b6e7fffff
24236,8816164341fffff
24237,8816a50761fffff
24238,8816a0b6e5fffff
24239,8816a00535fffff
24240,8816a5b8c5fffff
24241,8816a5b209fffff
24242,88178b20a9fffff
24243,88178bb965fffff
24244,88178b34a3fffff
24245,881616571dfffff
24246,8816a08dd7fffff
24247,8816a59947fffff
24248,88178b3203fffff
24249,8816167b21fffff
24250,88178bba49fffff
24251,8816a51289fffff
24252,88178b2d97fffff
24253,8816a0856bfffff
24254,8816a58449fffff
24255,8816a559d5fffff
24256,8816a5c8e7fffff
24257,88178bb1e9fffff
24258,8816a588a5fffff
24259,88178b7063fffff
24260,88178b6917fffff
24261,8816a0b2a1fffff
24262,8816a511a1fffff
24263,8816164859fffff
24264,8816a4a4d3fffff
24265,8816a54cb5fffff
24266,8816165101fffff
24267,88178b6cedfffff
24268,8816a5b417fffff
24269,88178bb66bfffff
24270,88178b85b1fffff
24271,88178b60ebfffff
24272,88178ba531fffff
24273,8817894d51fffff
24274,8816a5d039fffff
24275,88178b8a9dfffff
24276,8816165055fffff
24277,88178b6dddfffff
24278,88178bb069fffff
24279,8816a598b7fffff
24280,88178b699bfffff
24281,8816167b07fffff
24282,88178b04e3fffff
24283,8816a5020dfffff
24284,88178b244dfffff
24285,8816a5b845fffff
24286,88178b21e7fffff
24287,8816a5801bfffff
24288,88178ba523fffff
24289,8816a0b513fffff
24290,8816a5d085fffff
24291,88161650e1fffff
24292,8816a5b705fffff
24293,88178b0349fffff
24294,8816a5c515fffff
24295,88178b6cd5fffff
24296,88178b04c9fffff
24297,88178b646dfffff
24298,8816a0b9a1fffff
24299,8816a0a835fffff
24300,8816a5a2ebfffff
24301,88178ba8e1fffff
24302,8816a0a201fffff
24303,88178bb0bdfffff
24304,88178b6153fffff
24305,8816a5055bfffff
24306,8816a5c005fffff
24307,8816a425d5fffff
24308,8817896a13fffff
24309,88178b8653fffff
24310,8816a5c5bbfffff
24311,8816a58737fffff
24312,8816a5c8a3fffff
24313,8816a59adbfffff
24314,8816a08f13fffff
24315,8816a5964dfffff
24316,88178b7565fffff
24317,88178bac17fffff
24318,8816a551b9fffff
24319,88178b0291fffff
24320,8816a5d70bfffff
24321,8816a54cc3fffff
24322,8816a582bdfffff
24323,8816a5aa1bfffff
24324,88178b0529fffff
24325,88178b75d9fffff
24326,8816a5143dfffff
24327,88178b8737fffff
24328,8816a0af51fffff
24329,8816a59757fffff
24330,8816a500c3fffff
24331,88178b71ebfffff
24332,88178b39a3fffff
24333,8816a5c351fffff
24334,8816a5d6b5fffff
24335,8816a58035fffff
24336,8816a511c3fffff
24337,8816a0a0d3fffff
24338,8816a0a84bfffff
24339,8816a5d5cbfffff
24340,88178b80e7fffff
24341,8816a5c635fffff
24342,8816a5786bfffff
24343,8816a50603fffff
24344,88178b61d7fffff
24345,8816a096edfffff
24346,88178bb2b5fffff
24347,8816a5d159fffff
24348,8816a51881fffff
24349,881616412dfffff
24350,8816a5b327fffff
24351,88178ba603fffff
24352,8816a58c03fffff
24353,88178b6dadfffff
24354,8816a095a3fffff
24355,8816a5c135fffff
24356,881789780dfffff
24357,88178b25adfffff
24358,8816a51921fffff
24359,8816a5c2a1fffff
24360,8816a0b439fffff
24361,88178b2e85fffff
24362,88178b140bfffff
24363,88178b3093fffff
24364,88178b3743fffff
24365,88178b6515fffff
24366,88178b0e81fffff
24367,88178b1ab7fffff
24368,8816a58639fffff
24369,8816a551e7fffff
24370,8816a08653fffff
24371,88178b2351fffff
24372,8816a50d1dfffff
24373,88178b81d9fffff
24374,8816a5169bfffff
24375,88178b0dc5fffff
24376,88178b302dfffff
24377,8816a5d2e7fffff
24378,88178bb035fffff
24379,88178b2e45fffff
24380,88178b80a1fffff
24381,88178b7a13fffff
24382,8816a5b021fffff
24383,8816a546edfffff
24384,8816a591a3fffff
24385,8816a596d7fffff
24386,88178bb543fffff
24387,8816a50425fffff
24388,88178b0845fffff
24389,8816a5a74bfffff
24390,8816a58f37fffff
24391,8816a559d9fffff
24392,88178b0c0dfffff
24393,8816a5001dfffff
24394,8816a59a89fffff
24395,88178b0117fffff
24396,8816167b09fffff
24397,8816a509adfffff
24398,8816a085d1fffff
24399,8816a50069fffff
24400,8816a5556dfffff
24401,88178b231dfffff
24402,8816a58117fffff
24403,8816a0075bfffff
24404,88178b8629fffff
24405,88178b82cdfffff
24406,8816a5c25bfffff
24407,88178b65e7fffff
24408,8816a5ba41fffff
24409,88178b76ebfffff
24410,8816a5d769fffff
24411,88178b74ebfffff
24412,88178b8235fffff
24413,8817894da5fffff
24414,8816a540a7fffff
24415,8816a54503fffff
24416,8816a5a331fffff
24417,88178b80bbfffff
24418,881616c865fffff
24419,8816164ad1fffff
24420,88178b61c7fffff
24421,8816a51607fffff
24422,8816164753fffff
24423,8816a54921fffff
24424,88178b8489fffff
24425,88178b69bbfffff
24426,8816164947fffff
24427,88178b68d7fffff
24428,8816a5568dfffff
24429,8816a55087fffff
24430,881616cb25fffff
24431,8816a5a31dfffff
24432,8816165a39fffff
24433,88178b0505fffff
24434,88178b352bfffff
24435,881616c9e1fffff
24436,8816a5a23bfffff
24437,8816a59729fffff
24438,8816a5195dfffff
24439,88178b249bfffff
24440,88178b8cbdfffff
24441,8816a54525fffff
24442,88178b84b1fffff
24443,88178b76bbfffff
24444,8816a5b753fffff
24445,8816165a99fffff
24446,8816a50103fffff
24447,881616408bfffff
24448,88178ba2e7fffff
24449,88178b6267fffff
24450,8816a58965fffff
24451,88178b81e3fffff
24452,8816a096b5fffff
24453,8816a5a06bfffff
24454,88178b0ed5fffff
24455,8816a54443fffff
24456,88178b6593fffff
24457,88178ba2a5fffff
24458,8816164827fffff
24459,88178b1283fffff
24460,88178baa81fffff
24461,8816a5aa6bfffff
24462,8816a00563fffff
24463,88178b2689fffff
24464,88178b61edfffff
24465,8816a5a0bdfffff
24466,881616db09fffff
24467,88178b6287fffff
24468,8816165321fffff
24469,8816a096e9fffff
24470,8816a544b3fffff
24471,88178bad97fffff
24472,8816a51213fffff
24473,88178b15a7fffff
24474,8816a08c9dfffff
24475,88178bb231fffff
24476,88178b0323fffff
24477,88178b6235fffff
24478,88178b78b1fffff
24479,88178ba441fffff
24480,8816a58649fffff
24481,8816a55607fffff
24482,8816a5cd09fffff
24483,8816a55a23fffff
24484,8816a5d69bfffff
24485,8816164ec7fffff
24486,8816a50a3dfffff
24487,8817894815fffff
24488,8816a0b9bbfffff
24489,88178b04e7fffff
24490,88161658cdfffff
24491,8816164707fffff
24492,88178b11cdfffff
24493,88178b2b55fffff
24494,8816a5060bfffff
24495,8816a5b503fffff
24496,8816a58421fffff
24497,8816a01689fffff
24498,88178b00d3fffff
24499,8816a01417fffff
24500,88178b645bfffff
24501,8816a58a43fffff
24502,8816a01699fffff
24503,8816a01595fffff
24504,8816a0a1c1fffff
24505,8816a08cb1fffff
24506,8816a51351fffff
24507,88178b0541fffff
24508,88161645c1fffff
24509,88178b9587fffff
24510,8816a54505fffff
24511,88178bbb13fffff
24512,88178b2b65fffff
24513,88178bade5fffff
24514,8816a5ba9dfffff
24515,8816165515fffff
24516,88178b28c7fffff
24517,8816a5436bfffff
24518,88178b28cbfffff
24519,8816a50133fffff
24520,8817894d69fffff
24521,8816a08601fffff
24522,881616d951fffff
24523,8816a096dbfffff
24524,8816a0b1e7fffff
24525,8816a54a15fffff
24526,8816a54889fffff
24527,8816a54707fffff
24528,88178b0733fffff
24529,88178b0dcdfffff
24530,88178b8015fffff
24531,8816a5c285fffff
24532,8816a58d47fffff
24533,8816a5904dfffff
24534,88178b8ee9fffff
24535,88178b003bfffff
24536,88178bb267fffff
24537,8817896a6dfffff
24538,88178b049bfffff
24539,88178b068bfffff
24540,88178b94a1fffff
24541,8816a5d143fffff
24542,88178b6315fffff
24543,8816a51b5dfffff
24544,8816a5b1e1fffff
24545,8816a58a51fffff
24546,8816a086abfffff
24547,8816a57969fffff
24548,8816a0a801fffff
24549,8816a500e1fffff
24550,88178b2e57fffff
24551,88178b0cc9fffff
24552,8816a58063fffff
24553,8816a50299fffff
24554,8816a08db5fffff
24555,88178b7233fffff
24556,8816a5d0b3fffff
24557,8816a0ab2dfffff
24558,8816a51519fffff
24559,88178b6ad7fffff
24560,8816a5c111fffff
24561,88178b0ee5fffff
24562,88178b39e3fffff
24563,8816a5c8bbfffff
24564,88178b2669fffff
24565,88178b10cdfffff
24566,8816a5a943fffff
24567,881616db3dfffff
24568,8816165407fffff
24569,88178b38adfffff
24570,8816a585abfffff
24571,8816a54957fffff
24572,8816164d63fffff
24573,8816a508b7fffff
24574,88178bba4dfffff
24575,8816a0b115fffff
24576,88178b3311fffff
24577,881616535bfffff
24578,8816a56905fffff
24579,8816a54563fffff
24580,8816a54f17fffff
24581,88178b160dfffff
24582,8816a0b249fffff
24583,8816a086a5fffff
24584,88178b032bfffff
24585,8816a511adfffff
24586,8816a5d255fffff
24587,8816a5b20dfffff
24588,8816a09619fffff
24589,8816a5426dfffff
24590,8816a01705fffff
24591,88178b8f3bfffff
24592,8816a5d887fffff
24593,88178b2811fffff
24594,8816a5c08bfffff
24595,88178b6ea9fffff
24596,8816164289fffff
24597,8816164ac5fffff
24598,88178b29bdfffff
24599,8816a0b525fffff
24600,8816a0ae43fffff
24601,88178b26cbfffff
24602,8816a5a24bfffff
24603,8816a55357fffff
24604,8816a57143fffff
24605,88178b7359fffff
24606,8816a5c703fffff
24607,8816a50559fffff
24608,8816a5c5a7fffff
24609,8816a5d169fffff
24610,8816a58a29fffff
24611,8816a59147fffff
24612,88178bb635fffff
24613,8816a5d749fffff
24614,8816164c29fffff
24615,8816a5ca1dfffff
24616,88178bb9d1fffff
24617,8816a5d8d7fffff
24618,8816a5725bfffff
24619,88178b0993fffff
24620,8816a5ccc1fffff
24621,8816a0b909fffff
24622,8816a5a641fffff
24623,88178b628bfffff
24624,88178b6f25fffff
24625,8816a55729fffff
24626,88178b2a3bfffff
24627,88178b088bfffff
24628,8816a59aebfffff
24629,88178b0851fffff
24630,8816a599cdfffff
24631,8816164b01fffff
24632,88178bb541fffff
24633,88178b18d1fffff
24634,88178bb957fffff
24635,88178b1595fffff
24636,8816a54d07fffff
24637,8816a5cd49fffff
24638,881616c917fffff
24639,8816a54c3bfffff
24640,88178bb905fffff
24641,8816a54369fffff
24642,8816a5566dfffff
24643,88178b2749fffff
24644,88161642d3fffff
24645,8816a58a15fffff
24646,8816a5b915fffff
24647,88178b212dfffff
24648,8816a5d85bfffff
24649,88178b86b5fffff
24650,88178b368bfffff
24651,88178b3225fffff
24652,88178ba105fffff
24653,8816a51a31fffff
24654,8816a50a29fffff
24655,88178bb263fffff
24656,8816165b27fffff
24657,88178b0d69fffff
24658,8816a50d15fffff
24659,88178b8553fffff
24660,88178b3b4bfffff
24661,88178b2d49fffff
24662,88178b0219fffff
24663,8816a0b099fffff
24664,88178b64c7fffff
24665,88178b6ee1fffff
24666,88178b773bfffff
24667,8816a585a1fffff
24668,88178baa23fffff
24669,8816a54f4dfffff
24670,8816a5a099fffff
24671,8816a0aa37fffff
24672,88178b75a5fffff
24673,8816a5b44bfffff
24674,8816a51451fffff
24675,8816164e3bfffff
24676,88178b9097fffff
24677,8816a54f29fffff
24678,8816165299fffff
24679,88178ba045fffff
24680,8816a57a6dfffff
24681,8816a0a009fffff
24682,8816a56b5dfffff
24683,8816a0b359fffff
24684,88178b6825fffff
24685,88161648cdfffff
24686,8816a548cdfffff
24687,8816a5a0abfffff
24688,88178bad11fffff
24689,8816a5d0dbfffff
24690,88161652a5fffff
24691,88178bb2c1fffff
24692,8816a50251fffff
24693,8816a54765fffff
24694,8816a57a47fffff
24695,8816a54323fffff
24696,8816a096d9fffff
24697,88178b2eabfffff
24698,8816a5b6a7fffff
24699,88161640b9fffff
24700,881616c9e3fffff
24701,88178b2553fffff
24702,88178b6a91fffff
24703,8816a594bbfffff
24704,8816a5c801fffff
24705,88178ba9ebfffff
24706,88178b156dfffff
24707,8816a01485fffff
24708,8816a5d73bfffff
24709,88178b300dfffff
24710,88178b6a97fffff
24711,8816a5b831fffff
24712,8816a55353fffff
24713,88178b3819fffff
24714,88178b0a25fffff
24715,8816a0b351fffff
24716,8816a5a86dfffff
24717,8817897b19fffff
24718,88178b24b1fffff
24719,8816a542d3fffff
24720,8816a5cec3fffff
24721,8816a5ca99fffff
24722,8816a591bdfffff
24723,88178b2517fffff
24724,8816a0b22bfffff
24725,8816a5185dfffff
24726,8816a5a111fffff
24727,8816164c4bfffff
24728,8816a015b9fffff
24729,8816a5d5bbfffff
24730,8816a58e03fffff
24731,88178b70c9fffff
24732,8816a0a661fffff
24733,8816a5cb35fffff
24734,8816a516e5fffff
24735,88178b60cdfffff
24736,88178b209bfffff
24737,8816a0b6d9fffff
24738,8816a58a0dfffff
24739,8816a5d083fffff
24740,8816a095e5fffff
24741,88178b7547fffff
24742,8816a501e1fffff
24743,88178baf25fffff
24744,8816a0b891fffff
24745,8816a0149dfffff
24746,88178b651bfffff
24747,88178b043dfffff
24748,8816a0b5bbfffff
24749,88161640a1fffff
24750,8816a51909fffff
24751,8816a51a39fffff
24752,88178b3aa1fffff
24753,8816a50a55fffff
24754,8816a5112bfffff
24755,8816a50065fffff
24756,88178b7355fffff
24757,8816a54c1dfffff
24758,8816a57867fffff
24759,88178b214bfffff
24760,8816164705fffff
24761,8816a518cdfffff
24762,88178b695bfffff
24763,8816a579d7fffff
24764,88178b8f4bfffff
24765,8816a0aacbfffff
24766,8816a0bb07fffff
24767,88161648c5fffff
24768,8816a0a70dfffff
24769,8816a5c80dfffff
24770,88178b1041fffff
24771,88178bb861fffff
24772,88178b8ec1fffff
24773,8816a006a1fffff
24774,8816a54f11fffff
24775,8816a5c183fffff
24776,8816a5422dfffff
24777,8816a0b4dbfffff
24778,88178978a1fffff
24779,8816a5dae5fffff
24780,8816165b57fffff
24781,8816a509a5fffff
24782,8816a0aa8bfffff
24783,8816a0a935fffff
24784,88161651a1fffff
24785,8816a59acdfffff
24786,88178b0ae5fffff
24787,8816a0ab31fffff
24788,88178b172bfffff
24789,8816a502a1fffff
24790,8816a59957fffff
24791,8816a0958dfffff
24792,88178b86b9fffff
24793,88178b762dfffff
24794,8816a5b4a1fffff
24795,8816a5b517fffff
24796,88178b3a15fffff
24797,88178b16e3fffff
24798,8816a58189fffff
24799,8816a5d4bbfffff
24800,8816a00755fffff
24801,8816a5c0abfffff
24802,8816a5cf23fffff
24803,88178bab05fffff
24804,881616426bfffff
24805,88178baca9fffff
24806,88178ba0b1fffff
24807,8816a5b4adfffff
24808,8816a50641fffff
24809,88178b69bdfffff
24810,8816a00455fffff
24811,88178bba1bfffff
24812,8816a5b8c3fffff
24813,8816a5488dfffff
24814,88178b1451fffff
24815,8816a50439fffff
24816,88178b3417fffff
24817,88178b88a3fffff
24818,88178b75ebfffff
24819,8816a54029fffff
24820,88161651bdfffff
24821,88178bab35fffff
24822,88178b68b1fffff
24823,88178b14e1fffff
24824,8816164f25fffff
24825,8816a5cc29fffff
24826,8816a51b2bfffff
24827,88178b0131fffff
24828,88178b0da7fffff
24829,88178b6ea3fffff
24830,8816a54f6bfffff
24831,8816a5b1d3fffff
24832,88178b2c11fffff
24833,8816a51845fffff
24834,8816a54da7fffff
24835,8817894c97fffff
24836,8816a006e1fffff
24837,8816a54a41fffff
24838,88178b3767fffff
24839,88178b8685fffff
24840,8816a54ccbfffff
24841,8817894c09fffff
24842,88178b2ac1fffff
24843,8816a59597fffff
24844,8816a59b17fffff
24845,8816a5044dfffff
24846,8816a580ddfffff
24847,88178b3305fffff
24848,8816a59895fffff
24849,8816a50d65fffff
24850,8816164f05fffff
24851,8816a5c95bfffff
24852,8816a5cd11fffff
24853,88178ba6a9fffff
24854,88178b38cdfffff
24855,8816a5b81bfffff
24856,88178b6de5fffff
24857,88178bb109fffff
24858,88178b6987fffff
24859,8816a54ea5fffff
24860,8816a5011bfffff
24861,88178b24cbfffff
24862,88178b616bfffff
24863,881616502dfffff
24864,88161649adfffff
24865,88178b3627fffff
24866,88178949a9fffff
24867,88178b80c3fffff
24868,88178baaa3fffff
24869,88178b3009fffff
24870,8816a5d52bfffff
24871,8816a082b9fffff
24872,8816a5b325fffff
24873,8816a5ca91fffff
24874,88178b3067fffff
24875,88178baa5bfffff
24876,8816a58501fffff
24877,88178b04d9fffff
24878,8816a00e05fffff
24879,88178b82d9fffff
24880,8816a559d7fffff
24881,8816a58f27fffff
24882,88178b842dfffff
24883,88161642a1fffff
24884,88178bade9fffff
24885,88178b1ab9fffff
24886,8816a54f49fffff
24887,8816a518cbfffff
24888,88178b8cb1fffff
24889,8816a5aa25fffff
24890,8816a55921fffff
24891,88178ba285fffff
24892,88178b0e35fffff
24893,88178b3a17fffff
24894,88178ba4b5fffff
24895,8816a58019fffff
24896,881616d967fffff
24897,8816a0069dfffff
24898,88178b3645fffff
24899,8816a59421fffff
24900,88178b0d09fffff
24901,8816a0a291fffff
24902,8816a5cec7fffff
24903,8816a59a6dfffff
24904,8816a59115fffff
24905,8816a5493bfffff
24906,8816a5c143fffff
24907,8816a582b7fffff
24908,88178b74dbfffff
24909,88178b15adfffff
24910,8816a5b9b5fffff
24911,8816a5ba65fffff
24912,8816a5bb3dfffff
24913,8816a0a163fffff
24914,8816a0a12bfffff
24915,88178b373bfffff
24916,8816a0b20bfffff
24917,88178b148dfffff
24918,8816a586b9fffff
24919,8816a51421fffff
24920,88178bb2e5fffff
24921,8816a599bbfffff
24922,88178b3193fffff
24923,8816a08c21fffff
24924,88178b81c9fffff
24925,8816165703fffff
24926,8816a5bb03fffff
24927,88178b2e15fffff
24928,8816a5552dfffff
24929,8816a08451fffff
24930,8816a5951dfffff
24931,88178b8d15fffff
24932,8816a51035fffff
24933,8816a51139fffff
24934,88178b3469fffff
24935,88178b8227fffff
24936,8816a5182dfffff
24937,8816a57a4dfffff
24938,88178bb339fffff
24939,88178b2a81fffff
24940,8816a5c6e9fffff
24941,8816a54543fffff
24942,88178b78a7fffff
24943,88178ba761fffff
24944,88178b7acbfffff
24945,8816a5494dfffff
24946,88178bb0c3fffff
24947,8816a58403fffff
24948,8816164e13fffff
24949,8816a5b32bfffff
24950,8816a51b65fffff
24951,88178b019bfffff
24952,8816a59917fffff
24953,88178bbb5bfffff
24954,88161655b1fffff
24955,8816a58d87fffff
24956,88178b66a1fffff
24957,88178b29d9fffff
24958,8816a55187fffff
24959,8816a58c49fffff
24960,88178bb715fffff
24961,8816a08cd5fffff
24962,8816a5cac5fffff
24963,8817894d85fffff
24964,88178b24cdfffff
24965,88178b18d9fffff
24966,8816a5d0d5fffff
24967,88178b3aabfffff
24968,8816a51891fffff
24969,8816a58493fffff
24970,8816a54851fffff
24971,8816a5c011fffff
24972,88178bbad3fffff
24973,8816165965fffff
24974,88178ba347fffff
24975,88178b2da3fffff
24976,88178b75bbfffff
24977,8816a0b28bfffff
24978,8816a511cbfffff
24979,8816a548d1fffff
24980,8816a095a9fffff
24981,881789694dfffff
24982,8816a55125fffff
24983,881616403bfffff
24984,88178b9517fffff
24985,8816a5001bfffff
24986,8816a50433fffff
24987,8817897933fffff
24988,8816a541ddfffff
24989,8816a016cbfffff
24990,88178b0295fffff
24991,88178bb583fffff
24992,8816a50235fffff
24993,88178b38d7fffff
24994,8816a5b541fffff
24995,8816a5b66bfffff
24996,8816a51763fffff
24997,8817897a35fffff
24998,881616c9edfffff
24999,8816a0aa89fffff
25000,88178b6c2bfffff
25001,8816a59ac1fffff
25002,881616495bfffff
25003,8816a5484dfffff
25004,8817894d35fffff
25005,8816a5b623fffff
25006,8816164711fffff
25007,8816a55267fffff
25008,8816a5b357fffff
25009,88178b2eedfffff
25010,8816a0051bfffff
25011,8816167825fffff
25012,8816a552d5fffff
25013,8816a57915fffff
25014,8816a59607fffff
25015,8816a598bbfffff
25016,8816a5c1c9fffff
25017,8816a5949bfffff
25018,8816a0ab69fffff
25019,88178b0335fffff
25020,8817894d99fffff
25021,8816a595d1fffff
25022,8816a5d9b9fffff
25023,88178b6657fffff
25024,8816a5c4cbfffff
25025,8816a5c8b5fffff
25026,88178b3683fffff
25027,8816a59555fffff
25028,8816a5501bfffff
25029,8816a57a17fffff
25030,88178bba65fffff
25031,8816a0142dfffff
25032,8816165907fffff
25033,88178bb02dfffff
25034,8816a5a291fffff
25035,88178b3985fffff
25036,8816a54f2bfffff
25037,88178b8e05fffff
25038,88178b0d11fffff
25039,8816a55ab5fffff
25040,8816a55369fffff
25041,8816a599e5fffff
25042,88178b8281fffff
25043,88178b6dc7fffff
25044,88178b7ac3fffff
25045,8816164155fffff
25046,88178b6b5bfffff
25047,88178ba629fffff
25048,88178ba10bfffff
25049,8816a5ce21fffff
25050,8816a5c813fffff
25051,88178b1891fffff
25052,8816a5595dfffff
25053,8817896b6bfffff
25054,8816a57931fffff
25055,8816a588d7fffff
25056,8816a50e51fffff
25057,8816164885fffff
25058,88161650a1fffff
25059,8816a50525fffff
25060,8816a585ddfffff
25061,8816a514a1fffff
25062,88178b28e9fffff
25063,8816a084e5fffff
25064,8816a50145fffff
25065,8816a5c9d3fffff
25066,8816a55635fffff
25067,8816164987fffff
25068,8816a592e9fffff
25069,8816a5d091fffff
25070,881616c93bfffff
25071,88178b1181fffff
25072,8816a0ae65fffff
25073,8816165aa5fffff
25074,8816a58191fffff
25075,88178bb24dfffff
25076,8816a5c56bfffff
25077,8816a54489fffff
25078,8816a5aa41fffff
25079,88178b1189fffff
25080,88178b6045fffff
25081,8816164ce9fffff
25082,88178b2209fffff
25083,88178baa61fffff
25084,88178b950bfffff
25085,8816a55409fffff
25086,8816a5d4ddfffff
25087,8816a5d1a5fffff
25088,8816a5890bfffff
25089,88178b72c1fffff
25090,8816a50281fffff
25091,8816a5b9bdfffff
25092,88178ba915fffff
25093,88178b2045fffff
25094,8816a51913fffff
25095,8816a5c349fffff
25096,88178bb58bfffff
25097,8816a5568bfffff
25098,8816a510e3fffff
25099,88178b2253fffff
25100,8816a58d91fffff
25101,8816164d85fffff
25102,8816a57899fffff
25103,88178b6a19fffff
25104,8816a58b0dfffff
25105,8816a5b64bfffff
25106,88178ba45bfffff
25107,8816a59529fffff
25108,88178bb23dfffff
25109,88178bac87fffff
25110,8816a5d241fffff
25111,88178ba45dfffff
25112,8816a59691fffff
25113,88178baac1fffff
25114,8816a5b01dfffff
25115,88178b6697fffff
25116,88178b2639fffff
25117,8816a596b1fffff
25118,88178b3865fffff
25119,88178bb657fffff
25120,8816a5419bfffff
25121,8816a50651fffff
25122,8816a5406dfffff
25123,8816a595a9fffff
25124,88178b6e65fffff
25125,88178b8ce1fffff
25126,8816a56b0dfffff
25127,8816a555b9fffff
25128,8816a592d9fffff
25129,88178b74d7fffff
25130,8816a590cdfffff
25131,8816a5883dfffff
25132,8816a5c2adfffff
25133,8816a50889fffff
25134,8816a549c1fffff
25135,8816a5b2b9fffff
25136,8816167989fffff
25137,8816a5092dfffff
25138,8816a59a05fffff
25139,8816a5c367fffff
25140,8816a57b23fffff
25141,8816a596a1fffff
25142,8816a51311fffff
25143,8816a55205fffff
25144,88178b06dbfffff
25145,8816a5990dfffff
25146,88178baf33fffff
25147,8816a558bdfffff
25148,8816a549b1fffff
25149,8816a55a09fffff
25150,88178ba103fffff
25151,8816a0af67fffff
25152,8816a5ca19fffff
25153,8816a5d195fffff
25154,8816a549cdfffff
25155,8816165ac3fffff
25156,8816a0a083fffff
25157,8816a594c5fffff
25158,8816a5c71dfffff
25159,8816a5ba11fffff
25160,8816a51b5bfffff
25161,88178bb09dfffff
25162,8816a57b2dfffff
25163,8816a0b217fffff
25164,88178bac83fffff
25165,8816a558b7fffff
25166,8816a00731fffff
25167,88178b8d67fffff
25168,8816a42457fffff
25169,8816a50b01fffff
25170,8816a55609fffff
25171,8816a5b557fffff
25172,88178bbb0bfffff
25173,8816a5a0a7fffff
25174,88178b2d47fffff
25175,88178bb01dfffff
25176,8816a51ae7fffff
25177,8816a0b013fffff
25178,8816a5a701fffff
25179,8816164e19fffff
25180,8816a5490dfffff
25181,8816a0bab5fffff
25182,88178b2441fffff
25183,8816a09409fffff
25184,88178b8425fffff
25185,8816a5aa81fffff
25186,88178b1415fffff
25187,8816164331fffff
25188,8816a559e3fffff
25189,88178bb597fffff
25190,8816a59935fffff
25191,8816a0b365fffff
25192,88178b2a1dfffff
25193,88178bba43fffff
25194,8816a5c4d1fffff
25195,8816a5d267fffff
25196,8817894825fffff
25197,88178b3905fffff
25198,88178b2281fffff
25199,88178b2549fffff
25200,88178ba887fffff
25201,8816a09403fffff
25202,88178b28b3fffff
25203,8816a5ab6bfffff
25204,88178b675bfffff
25205,88178ba86bfffff
25206,8816a5c6ddfffff
25207,88178baec3fffff
25208,8816a5065dfffff
25209,88178b865bfffff
25210,88178b0f67fffff
25211,88178b765dfffff
25212,881616db67fffff
25213,8816a086c3fffff
25214,8816a54e13fffff
25215,88178b62a1fffff
25216,88178b2c1dfffff
25217,88161679e5fffff
25218,8816a5443bfffff
25219,8817894cdbfffff
25220,8816a50415fffff
25221,8816a5941bfffff
25222,8816a51085fffff
25223,88178b3425fffff
25224,8816a5c051fffff
25225,88178b60c5fffff
25226,8816a5c45dfffff
25227,8816a5b105fffff
25228,88178b7029fffff
25229,8817894ea1fffff
25230,8816a515d5fffff
25231,88178b3213fffff
25232,88178b063dfffff
25233,8816a57869fffff
25234,8816a54b51fffff
25235,8816a00639fffff
25236,8816165931fffff
25237,8816a590edfffff
25238,88178b3325fffff
25239,88178b6a41fffff
25240,8816a596dbfffff
25241,8816a54837fffff
25242,8816a586d7fffff
25243,8816a5a129fffff
25244,8816a5850bfffff
25245,8816a50209fffff
25246,88178b11c7fffff
25247,8816a581c5fffff
25248,88178bb763fffff
25249,8816a58551fffff
25250,8816a55763fffff
25251,8816a59aa5fffff
25252,8816a08591fffff
25253,8816a085d7fffff
25254,8816a0b2b7fffff
25255,88178bbaa7fffff
25256,88178b31c3fffff
25257,8816a506ddfffff
25258,88178bb6d9fffff
25259,8816a58711fffff
25260,88178ba713fffff
25261,8816a5000dfffff
25262,8816a5b4a5fffff
25263,8816a51ae5fffff
25264,88178b351bfffff
25265,8816a0171dfffff
25266,8816a59499fffff
25267,8816a54f41fffff
25268,88178bb5cbfffff
25269,8816a5064dfffff
25270,8816a54925fffff
25271,8816a58d65fffff
25272,8816a0a135fffff
25273,88178b78abfffff
25274,88178bb243fffff
25275,8816164a6dfffff
25276,8816a09583fffff
25277,88178b0abdfffff
25278,88178b2edbfffff
25279,88178b2c29fffff
25280,88178b86e7fffff
25281,88178b14adfffff
25282,8816a545a3fffff
25283,88178bbaabfffff
25284,8816a42685fffff
25285,8816a54a8bfffff
25286,8816164ed3fffff
25287,8816a58b37fffff
25288,8816a5511dfffff
25289,88178bad01fffff
25290,8816a58451fffff
25291,88178ba469fffff
25292,88178b0e59fffff
25293,8816164a11fffff
25294,8816a5c019fffff
25295,8816164187fffff
25296,88178b3221fffff
25297,88178b7657fffff
25298,8817896b67fffff
25299,8816a54f69fffff
25300,88178b25b5fffff
25301,88178b7137fffff
25302,88178b3a07fffff
25303,8816165981fffff
25304,88178ba243fffff
25305,8816a5896dfffff
25306,8816a54593fffff
25307,8816a50419fffff
25308,88178b95d7fffff
25309,88178ba4e1fffff
25310,8816a584e3fffff
25311,8816a5b707fffff
25312,88178b706bfffff
25313,8816a559edfffff
25314,88178ba753fffff
25315,8816a0a113fffff
25316,88178b771bfffff
25317,8816164dc3fffff
25318,88178b6053fffff
25319,8816a5a207fffff
25320,881616404bfffff
25321,8816a5b351fffff
25322,8816a54225fffff
25323,8816a55021fffff
25324,8816a51b61fffff
25325,8816a0041dfffff
25326,8816a0b585fffff
25327,88178b3aa3fffff
25328,88178b2c37fffff
25329,8816a0a1b1fffff
25330,8816a5142bfffff
25331,88178b8c25fffff
25332,8816a54b07fffff
25333,88178b0e63fffff
25334,88178bb059fffff
25335,8816a559a7fffff
25336,8816a5d245fffff
25337,8816a58323fffff
25338,8816a5428bfffff
25339,8816a5c621fffff
25340,8816a54eb1fffff
25341,8816a551b3fffff
25342,8816a55239fffff
25343,8816a59491fffff
25344,8816a5b00dfffff
25345,8816a578ddfffff
25346,8816a57929fffff
25347,88178b3a41fffff
25348,8816164837fffff
25349,88178b3701fffff
25350,8816a5c235fffff
25351,88178ba811fffff
25352,88178b15dbfffff
25353,8816a51897fffff
25354,8817894955fffff
25355,8816a54495fffff
25356,8816164535fffff
25357,88178b2b05fffff
25358,8816a425abfffff
25359,88178b175dfffff
25360,88178b68c7fffff
25361,8816a426a3fffff
25362,88178b90b5fffff
25363,88178bb149fffff
25364,88178b8cadfffff
25365,88178bbb31fffff
25366,8816a57243fffff
25367,88178bacddfffff
25368,88178bae89fffff
25369,88178b7743fffff
25370,88178b0e27fffff
25371,8816a51a0bfffff
25372,881789692bfffff
25373,8816a51095fffff
25374,8816a54867fffff
25375,88178b2cddfffff
25376,88178bae17fffff
25377,88178b6485fffff
25378,8816a55b53fffff
25379,8816a5c6a9fffff
25380,8816a58e19fffff
25381,8816a585bbfffff
25382,8816a0b943fffff
25383,88178b3b3bfffff
25384,8816a426edfffff
25385,88178bb1d5fffff
25386,8816a50c27fffff
25387,8816a5d02bfffff
25388,8816a54d57fffff
25389,8816a58253fffff
25390,8816a57249fffff
25391,88178b06adfffff
25392,88178ba957fffff
25393,8816a51999fffff
25394,8816a59089fffff
25395,8816a5baddfffff
25396,88178b725dfffff
25397,8816a0b9d1fffff
25398,88178ba595fffff
25399,8816a08611fffff
25400,8816a54255fffff
25401,8816a55b0dfffff
25402,8816a56319fffff
25403,88178b758bfffff
25404,8816a5b459fffff
25405,8816a5d99bfffff
25406,8816a0a317fffff
25407,8816a545abfffff
25408,881616528bfffff
25409,8816a59b55fffff
25410,8816a5c0adfffff
25411,88178ba563fffff
25412,88178b2857fffff
25413,88178bb60bfffff
25414,8816a5034bfffff
25415,8816a5b52bfffff
25416,8816a5d125fffff
25417,88178b0f4bfffff
25418,88178b3433fffff
25419,8816a0aa07fffff
25420,8816a50245fffff
25421,8816a56921fffff
25422,8816a0a937fffff
25423,88178b350dfffff
25424,8816a5c1dbfffff
25425,88178b1197fffff
25426,8816a5616bfffff
25427,8816a5bb49fffff
25428,88178b775bfffff
25429,8816a006a3fffff
25430,88178ba767fffff
25431,8816a0a315fffff
25432,88178b7ad1fffff
25433,8816a016e7fffff
25434,8816a08503fffff
25435,881616573dfffff
25436,88178b7501fffff
25437,8816a5b9edfffff
25438,88178b788bfffff
25439,88178b2cadfffff
25440,88178b2197fffff
25441,8816a0a857fffff
25442,8816164929fffff
25443,88178ba717fffff
25444,88178badadfffff
25445,88178b25b7fffff
25446,8816a5696dfffff
25447,8816a5b9cbfffff
25448,88178bb2d3fffff
25449,88178b88c3fffff
25450,88178b7207fffff
25451,8816a5c5a1fffff
25452,8816a5b1adfffff
25453,88178b81e7fffff
25454,88178b264dfffff
25455,8816a0b343fffff
25456,88178b7701fffff
25457,8816a50283fffff
25458,8816a519ddfffff
25459,8816a55b6bfffff
25460,8816a50f69fffff
25461,8816a516cdfffff
25462,8816a54755fffff
25463,88178948cdfffff
25464,88178b0a63fffff
25465,8816a010d3fffff
25466,8817896acdfffff
25467,8816a56b07fffff
25468,88178b6e03fffff
25469,8816a55221fffff
25470,8816a54e81fffff
25471,88178b6983fffff
25472,8816a56149fffff
25473,8816a59717fffff
25474,8816a54537fffff
25475,8816a5d1e5fffff
25476,88161640d3fffff
25477,88178b30c1fffff
25478,8816a5b887fffff
25479,8816a5a095fffff
25480,88178b698bfffff
25481,8816a55407fffff
25482,88178b7317fffff
25483,8816a54b57fffff
25484,8816a0a369fffff
25485,88178b7739fffff
25486,88178b098bfffff
25487,88178ba2d3fffff
25488,8816a5820bfffff
25489,8816164ee5fffff
25490,88178b203bfffff
25491,8816a579a3fffff
25492,8816a5d54bfffff
25493,88178b005bfffff
25494,88178b6d53fffff
25495,8816a09489fffff
25496,8816a5972bfffff
25497,881616481bfffff
25498,8816a55759fffff
25499,8816a42695fffff
25500,88178b39c1fffff
25501,88178b2abdfffff
25502,88178b16edfffff
25503,88178b85b7fffff
25504,88178bb347fffff
25505,8816a558c7fffff
25506,88178b6d43fffff
25507,88178b6c35fffff
25508,88178b8063fffff
25509,8817896a41fffff
25510,8816a5a227fffff
25511,8816a5ab23fffff
25512,8816a01755fffff
25513,88178b85c1fffff
25514,88178b06b1fffff
25515,8816a55aa9fffff
25516,8816a5b5a5fffff
25517,88178b8e03fffff
25518,88178b12c5fffff
25519,88178b3413fffff
25520,8816a508edfffff
25521,8816a51a01fffff
25522,88178baec9fffff
25523,8816a0a947fffff
25524,8816a0175dfffff
25525,8816164d55fffff
25526,88178b0431fffff
25527,8816a095dbfffff
25528,88178b65a5fffff
25529,8816a424d3fffff
25530,8816a0a1a1fffff
25531,88178b7257fffff
25532,88178ba189fffff
25533,8816a59a21fffff
25534,8816164351fffff
25535,8816164b03fffff
25536,8816a55589fffff
25537,8816a50f5bfffff
25538,88178b6565fffff
25539,88178b8c11fffff
25540,8816a08c59fffff
25541,8816a58e15fffff
25542,8816a58a41fffff
25543,88178b3495fffff
25544,8816a556c1fffff
25545,88178b8c8dfffff
25546,8816a595a3fffff
25547,8816a5551dfffff
25548,88178b954dfffff
25549,88178b8e39fffff
25550,8817896921fffff
25551,8816a550d1fffff
25552,88178b20e7fffff
25553,8816a50939fffff
25554,881616523bfffff
25555,8816a59591fffff
25556,8816a5400bfffff
25557,88178b0337fffff
25558,88178b3a8dfffff
25559,8816a5c217fffff
25560,88178b3a01fffff
25561,8816a5d631fffff
25562,8816a08633fffff
25563,8816a59131fffff
25564,88178b089dfffff
25565,88178b8d95fffff
25566,8816a08c61fffff
25567,88178b06c3fffff
25568,8816a55657fffff
25569,8816a5daebfffff
25570,8816a5150dfffff
25571,8816a57885fffff
25572,8816a50167fffff
25573,8816a424dbfffff
25574,88178b20e3fffff
25575,88178b21adfffff
25576,8816a54417fffff
25577,8816a09635fffff
25578,88178b8521fffff
25579,8816a5c6abfffff
25580,88178bac47fffff
25581,8816a51a2bfffff
25582,8816a5c72dfffff
25583,8816a50755fffff
25584,8816a5c6e5fffff
25585,8816a50135fffff
25586,8816a559bbfffff
25587,8816a08727fffff
25588,8816a08e35fffff
25589,8816a55811fffff
25590,8816a0051dfffff
25591,8816a55185fffff
25592,8816a5d439fffff
25593,8816a50d09fffff
25594,8816a58d51fffff
25595,8816a558cdfffff
25596,8816a5523dfffff
25597,8816a0b98dfffff
25598,88178b2c8dfffff
25599,8816a5d183fffff
25600,8816165307fffff
25601,8816a5a097fffff
25602,8816a5b19dfffff
25603,8816a54135fffff
25604,8816a545c9fffff
25605,8816a5123dfffff
25606,8816a51135fffff
25607,8816a0b025fffff
25608,88161641ebfffff
25609,88178948dbfffff
25610,8816a5d649fffff
25611,8816165809fffff
25612,8816a005e5fffff
25613,8816a548e7fffff
25614,88178b2ea5fffff
25615,8816a00437fffff
25616,88178ba339fffff
25617,88178b64c3fffff
25618,8816a51739fffff
25619,8816a58511fffff
25620,8816a085e3fffff
25621,8816a0b231fffff
25622,8816a0b187fffff
25623,88178b261bfffff
25624,88178b2599fffff
25625,8816164745fffff
25626,8816164a5dfffff
25627,8816a50d6dfffff
25628,88178bb991fffff
25629,8817897b31fffff
25630,88178ba311fffff
25631,8816165863fffff
25632,88178b0c13fffff
25633,88178bb9e1fffff
25634,8816164433fffff
25635,8816a5c92dfffff
25636,8816a58261fffff
25637,88178bb26dfffff
25638,8816164063fffff
25639,8816a58d57fffff
25640,8816a0a007fffff
25641,8816a5950dfffff
25642,8816a0aa61fffff
25643,8816164b67fffff
25644,88178b8e15fffff
25645,8816164163fffff
25646,8816a599a9fffff
25647,8816a5042bfffff
25648,8816164cc3fffff
25649,8816a54881fffff
25650,8816a57023fffff
25651,8816165525fffff
25652,8816a58897fffff
25653,8816a5b28bfffff
25654,88178bbad5fffff
25655,8816a502d7fffff
25656,8816a5465dfffff
25657,8816a50a31fffff
25658,8816a54f1dfffff
25659,88178b3931fffff
25660,88178b66ebfffff
25661,8816a5d547fffff
25662,8816a55449fffff
25663,88161642c9fffff
25664,88178b34e3fffff
25665,8816a0b757fffff
25666,88178b7421fffff
25667,88178b3249fffff
25668,8816a0172bfffff
25669,8816a540bdfffff
25670,88178b66e9fffff
25671,8816164b17fffff
25672,8816a5b719fffff
25673,88178b008bfffff
25674,88178b3987fffff
25675,8816a0b9a7fffff
25676,88161659d1fffff
25677,88178ba987fffff
25678,8816a09417fffff
25679,8816a5793bfffff
25680,88178b18b9fffff
25681,88178b11ebfffff
25682,8816a510a1fffff
25683,8816a5911bfffff
25684,88178b6e1dfffff
25685,88178b8c59fffff
25686,8816a581a1fffff
25687,88178bb90bfffff
25688,88178b6eb9fffff
25689,8816a5ccc5fffff
25690,88178b6c67fffff
25691,8816a500b1fffff
25692,8816a5812bfffff
25693,8816a5b813fffff
25694,8817894c61fffff
25695,8816a54f37fffff
25696,8816a50ae3fffff
25697,8816a54d6bfffff
25698,88178b2f4dfffff
25699,8816a54507fffff
25700,8816a5c829fffff
25701,88178b732bfffff
25702,8816a5d233fffff
25703,88178b6551fffff
25704,8816a5d25dfffff
25705,8816a54263fffff
25706,8816a0144dfffff
25707,8817897849fffff
25708,8816165933fffff
25709,88178b2555fffff
25710,8816a59497fffff
25711,8816a57ad7fffff
25712,88178b68b7fffff
25713,8816a50b3bfffff
25714,8816a08cabfffff
25715,8816a59811fffff
25716,8816a546e5fffff
25717,88178b0347fffff
25718,88178b084bfffff
25719,8816a5091dfffff
25720,88178b39c3fffff
25721,88178b34a9fffff
25722,88178b7599fffff
25723,8816a54cb3fffff
25724,88178b62ebfffff
25725,88178b8405fffff
25726,88178b6acdfffff
25727,8816a508ddfffff
25728,88178b642bfffff
25729,8816a58e85fffff
25730,88178b2ab3fffff
25731,8816a5d6d1fffff
25732,8816a0108bfffff
25733,88178b7021fffff
25734,88178b1227fffff
25735,8816a0aa21fffff
25736,8816a5dabbfffff
25737,88178b2c91fffff
25738,8816a5506bfffff
25739,8816a55a3dfffff
25740,8817894c65fffff
25741,8816a0b0e5fffff
25742,8816165535fffff
25743,8816a5476bfffff
25744,8816a51887fffff
25745,88161655a7fffff
25746,8816a0aa53fffff
25747,8816a51ab1fffff
25748,8816a5d8e7fffff
25749,881789483bfffff
25750,8816a09681fffff
25751,8816a08467fffff
25752,8816a0a25dfffff
25753,8816a550c7fffff
25754,8816a5c9ebfffff
25755,8816a5b93bfffff
25756,8816a5536dfffff
25757,8816a5062dfffff
25758,8816a08e91fffff
25759,88178b3823fffff
25760,8816a08e37fffff
25761,8816a42493fffff
25762,8816a55813fffff
25763,8816a55035fffff
25764,88178b648bfffff
25765,88178b2163fffff
25766,8816a0b761fffff
25767,88178b25c5fffff
25768,88178bb127fffff
25769,8816a016d7fffff
25770,8816a54a27fffff
25771,8816a5b1d7fffff
25772,88178b7635fffff
25773,8816a596c9fffff
25774,8816a590b1fffff
25775,8816a54d4bfffff
25776,88178ba067fffff
25777,8817894dabfffff
25778,8816a50e53fffff
25779,88161641d9fffff
25780,88178b05a5fffff
25781,8816a00447fffff
25782,88178b8f23fffff
25783,88178b30e1fffff
25784,8816a5d61dfffff
25785,88178b262bfffff
25786,8816a5791dfffff
25787,88178b8225fffff
25788,8816a006c1fffff
25789,88178b0e9dfffff
25790,88178b31cbfffff
25791,88178949ebfffff
25792,8816a5caddfffff
25793,8816a544e9fffff
25794,8816a514d7fffff
25795,8816a51595fffff
25796,8816165a9bfffff
25797,8816a0b0b1fffff
25798,8816a58d99fffff
25799,8816a0b297fffff
25800,8816a01763fffff
25801,8816a5ab1bfffff
25802,8816a5a0a9fffff
25803,88178b84e9fffff
25804,88178b29e5fffff
25805,8816164143fffff
25806,8816165a5bfffff
25807,88178b2b5dfffff
25808,88178b8a9bfffff
25809,8816a0a655fffff
25810,88178b1707fffff
25811,88178b66b9fffff
25812,88178b7153fffff
25813,8816165409fffff
25814,8816a5ca05fffff
25815,8816a00517fffff
25816,8816a58aa1fffff
25817,88178b0159fffff
25818,88178ba439fffff
25819,8816a5a749fffff
25820,8816a50327fffff
25821,8816a5b51bfffff
25822,8816a55b3bfffff
25823,8817896a05fffff
25824,88178b7159fffff
25825,8816a0aa6dfffff
25826,8816a51161fffff
25827,8816a5c8b7fffff
25828,8816a5415bfffff
25829,8816a5a0b5fffff
25830,88178bace9fffff
25831,8816a5a355fffff
25832,88178ba0d9fffff
25833,88178b346dfffff
25834,8816a0ae0bfffff
25835,88178ba555fffff
25836,8816a08595fffff
25837,8816a01647fffff
25838,8816a57a53fffff
25839,8816a51245fffff
25840,8816a5d4b9fffff
25841,88178b10e3fffff
25842,8816a55b19fffff
25843,88178b0183fffff
25844,88161659c1fffff
25845,8816a094e3fffff
25846,8816a5b637fffff
25847,88178b1429fffff
25848,88178b2039fffff
25849,8816164e59fffff
25850,8816a5c303fffff
25851,88178b7a99fffff
25852,8816a005a3fffff
25853,8816a55a6dfffff
25854,8816a5c209fffff
25855,8816a59009fffff
25856,88178b2687fffff
25857,8816a5ce81fffff
25858,8816a586b1fffff
25859,8816a578adfffff
25860,8816a5c2e3fffff
25861,8816a5b037fffff
25862,8816a50a11fffff
25863,8816a55945fffff
25864,8816167b6dfffff
25865,88178b65a1fffff
25866,8816a5b237fffff
25867,8816a0af63fffff
25868,8816a5b101fffff
25869,8816a54edbfffff
25870,8816a015e1fffff
25871,8817894865fffff
25872,88178b9435fffff
25873,88178ba543fffff
25874,88161640ddfffff
25875,8816a0b543fffff
25876,8816a5713bfffff
25877,8816a57a39fffff
25878,88178b6265fffff
25879,8816a58931fffff
25880,8816a0b50dfffff
25881,88178b12e1fffff
25882,8816a56317fffff
25883,88178b0d33fffff
25884,8816a5b589fffff
25885,8816a5a721fffff
25886,88178bab17fffff
25887,8816a0a303fffff
25888,8816a5083dfffff
25889,8816a5635dfffff
25890,88178b724bfffff
25891,8816a57939fffff
25892,8816a5a2b9fffff
25893,8816a558e9fffff
25894,8816a5a04bfffff
25895,88178baf35fffff
25896,88161679c9fffff
25897,8816165983fffff
25898,8816a54adbfffff
25899,88178b8c37fffff
25900,8816164b23fffff
25901,8816164f49fffff
25902,8816a5c58dfffff
25903,88178bb34dfffff
25904,8816a012b3fffff
25905,8816a55995fffff
25906,8816a5a33bfffff
25907,8816a08d33fffff
25908,88178b00a7fffff
25909,8816164c41fffff
25910,8816a0b589fffff
25911,88178b64b3fffff
25912,881616489bfffff
25913,8816a58425fffff
25914,8816a558b3fffff
25915,8816a0b9dbfffff
25916,88178b8db1fffff
25917,8816a5cda1fffff
25918,8816a552e7fffff
25919,8817894cc7fffff
25920,8816a5c199fffff
25921,8816a57331fffff
25922,8816a545b5fffff
25923,8816a5d68bfffff
25924,88178baf61fffff
25925,88178bae41fffff
25926,8816a0808bfffff
25927,8816a424c7fffff
25928,88178b95c3fffff
25929,88178ba6e5fffff
25930,88178ba34bfffff
25931,8816164297fffff
25932,8816a5c427fffff
25933,8816a0065dfffff
25934,88178bad99fffff
25935,88178b764bfffff
25936,8816a54da9fffff
25937,8816a590b5fffff
25938,88178b7219fffff
25939,8816a58591fffff
25940,8816a588e9fffff
25941,88178bab37fffff
25942,8816a5122bfffff
25943,88161658adfffff
25944,88178b6197fffff
25945,88178b61cbfffff
25946,88178b0dc3fffff
25947,8817894939fffff
25948,8816a58dc3fffff
25949,8816a58e9dfffff
25950,8816a5c2e5fffff
25951,8816a00629fffff
25952,8816165913fffff
25953,8816165447fffff
25954,8816165467fffff
25955,8816a55b11fffff
25956,8816a5500dfffff
25957,88178b392bfffff
25958,881616592dfffff
25959,88178b2b43fffff
25960,88178b7ab5fffff
25961,8816a00459fffff
25962,8816a57935fffff
25963,8816a5b31bfffff
25964,8816a0b41bfffff
25965,8816a00e01fffff
25966,8816a51225fffff
25967,88178b8d0dfffff
25968,8816a5d5a1fffff
25969,8816a424b1fffff
25970,88178ba855fffff
25971,8816a5cb01fffff
25972,88178b2423fffff
25973,8816a0b4a9fffff
25974,88178b30a7fffff
25975,88178b85cdfffff
25976,88178b391dfffff
25977,8816a51ad3fffff
25978,8816a5c15bfffff
25979,88178b1653fffff
25980,88178b2741fffff
25981,88178b2a5bfffff
25982,88178ba657fffff
25983,88178b80c1fffff
25984,88178b81ebfffff
25985,8816164437fffff
25986,88178b16c1fffff
25987,8816a5004dfffff
25988,8816a586c9fffff
25989,8816a515dbfffff
25990,8816a51715fffff
25991,8816a5d715fffff
25992,88178b776dfffff
25993,88178b8eb5fffff
25994,8816a501a9fffff
25995,8816a54953fffff
25996,8816a5584dfffff
25997,88178b2a17fffff
25998,8816a541a5fffff
25999,8816a5546bfffff
26000,8816a0b339fffff
26001,88178b60b7fffff
26002,88178b6305fffff
26003,881616483bfffff
26004,88178b29e9fffff
26005,8816a5876dfffff
26006,8816a01621fffff
26007,88178b329bfffff
26008,8816a5b25dfffff
26009,8816a5d1c7fffff
26010,8816a571a1fffff
26011,8817894c49fffff
26012,88178b3b6bfffff
26013,8816a54a09fffff
26014,8817894c33fffff
26015,8816a58e67fffff
26016,8816a5d431fffff
26017,8816a086d5fffff
26018,8816a5aa3bfffff
26019,8816a59627fffff
26020,88178b1657fffff
26021,8816a54585fffff
26022,8816a5448bfffff
26023,8816a501adfffff
26024,8816a0b355fffff
26025,8816164255fffff
26026,8816a55abdfffff
26027,88178b173dfffff
26028,8816167909fffff
26029,8816a5b0cdfffff
26030,8816165a6dfffff
26031,881616d863fffff
26032,8816a08469fffff
26033,88178b24abfffff
26034,8816a0aaa3fffff
26035,8816a0a945fffff
26036,881616488dfffff
26037,8816a0a0e1fffff
26038,88178bb281fffff
26039,8816a5c6d7fffff
26040,8816a5dac7fffff
26041,8816a0b4b7fffff
26042,8816a57151fffff
26043,8816a5d14bfffff
26044,8816a08553fffff
26045,88178b223dfffff
26046,8816a08dd5fffff
26047,88178b6c2dfffff
26048,88161652e9fffff
26049,88178b0527fffff
26050,88178b71a3fffff
26051,8816165057fffff
26052,88178b6761fffff
26053,88178b1043fffff
26054,8816a54297fffff
26055,88178b0ea5fffff
26056,8816a08dc3fffff
26057,8816a58e87fffff
26058,8816a514edfffff
26059,8816a0a901fffff
26060,8816a511e5fffff
26061,88178b3403fffff
26062,8816a00591fffff
26063,88178b2d99fffff
26064,88178b7689fffff
26065,8816a5b531fffff
26066,8816a58ad5fffff
26067,8816164913fffff
26068,8816a51aa3fffff
26069,8816a0b81bfffff
26070,8816a0a833fffff
26071,8816a5c1b9fffff
26072,8816a0a701fffff
26073,8816a50839fffff
26074,88178b72a7fffff
26075,8816a546d7fffff
26076,8816a51569fffff
26077,8816164a13fffff
26078,8816a5d2e9fffff
26079,88178b1641fffff
26080,88178bac01fffff
26081,88178b3033fffff
26082,8816a54a87fffff
26083,8816a5d5c3fffff
26084,8816a5c549fffff
26085,88178b64cbfffff
26086,8816a505cbfffff
26087,8816a01467fffff
26088,88178bab01fffff
26089,8816a556b3fffff
26090,88178b1229fffff
26091,8816a51ab9fffff
26092,8816164549fffff
26093,8816a54b59fffff
26094,88178b332bfffff
26095,88178b6709fffff
26096,88178bb18dfffff
26097,88178badc9fffff
26098,88178b8665fffff
26099,88178b206bfffff
26100,881616d821fffff
26101,8816a5a2b5fffff
26102,88178bb64bfffff
26103,8816a5c759fffff
26104,8816a518d5fffff
26105,8816a55335fffff
26106,8816a54d3dfffff
26107,8816a0b68bfffff
26108,88178b8c13fffff
26109,8816a5c283fffff
26110,88178b3543fffff
26111,881616db39fffff
26112,8816a0b6a9fffff
26113,8816a08507fffff
26114,88178b0225fffff
26115,881616546dfffff
26116,88178b293dfffff
26117,88178b02bdfffff
26118,88178ba1bdfffff
26119,881616418dfffff
26120,88178b21ebfffff
26121,88178b2ac7fffff
26122,8816164299fffff
26123,8816a55491fffff
26124,8816a5d05dfffff
26125,88178b8113fffff
26126,8816a556abfffff
26127,8816a5570bfffff
26128,88178b6555fffff
26129,8816a5b5adfffff
26130,8816a5425dfffff
26131,88178b10d5fffff
26132,88178b64b7fffff
26133,8816a50ab1fffff
26134,88178b3b01fffff
26135,88178b38a7fffff
26136,88178b78adfffff
26137,8816a5b307fffff
26138,88178b84d5fffff
26139,88178b7883fffff
26140,881616c9e5fffff
26141,8816a58887fffff
26142,88178949adfffff
26143,8816164d21fffff
26144,8816a5ab15fffff
26145,88178b0405fffff
26146,881616582dfffff
26147,8816a55a03fffff
26148,8816a0b6d5fffff
26149,8816a50317fffff
26150,8816a0b32dfffff
26151,88178bb2b3fffff
26152,8816a594b5fffff
26153,88178b3b35fffff
26154,8816a58c4dfffff
26155,8816a0af11fffff
26156,8816a59b5dfffff
26157,8816a5d713fffff
26158,88178b72dbfffff
26159,8816a58657fffff
26160,88178b8d1dfffff
26161,88178ba415fffff
26162,8816a5c03dfffff
26163,88178b71bdfffff
26164,8816164819fffff
26165,8816a0b1c5fffff
26166,881616d9e1fffff
26167,88178b0ae1fffff
26168,88178ba1b5fffff
26169,8816a516b9fffff
26170,8816164265fffff
26171,88178b3153fffff
26172,8817894ab5fffff
26173,88178b0c55fffff
26174,8816a50769fffff
26175,88178baad5fffff
26176,88178b20b1fffff
26177,8816a08489fffff
26178,8816a51ae3fffff
26179,8816a59349fffff
26180,8816a5b529fffff
26181,88178b3625fffff
26182,88161641c5fffff
26183,8816a592a1fffff
26184,8816a006d7fffff
26185,88178b8243fffff
26186,881616402dfffff
26187,8816a0b71dfffff
26188,8816a58105fffff
26189,88178b24bdfffff
26190,8816a502d3fffff
26191,88178b0de9fffff
26192,88178b7419fffff
26193,8816a0a1e1fffff
26194,8816a5c2e7fffff
26195,8816a5b555fffff
26196,8816a592e1fffff
26197,8816a5da9bfffff
26198,8816a548c5fffff
26199,8816a58917fffff
26200,8816a505c9fffff
26201,88178b7603fffff
26202,8816a0a819fffff
26203,88178b80e5fffff
26204,88178ba115fffff
26205,88178b7293fffff
26206,881789792dfffff
26207,8816a08ec3fffff
26208,8816a50907fffff
26209,88178b10edfffff
26210,8816a57a81fffff
26211,8817894ee1fffff
26212,8816a5da93fffff
26213,8816165a67fffff
26214,88178b3965fffff
26215,88178b9535fffff
26216,8816a0b4a7fffff
26217,8816a0a067fffff
26218,8816a54d51fffff
26219,8816a589d7fffff
26220,88161641e3fffff
26221,8816a57a89fffff
26222,88178b28d3fffff
26223,8816a5d427fffff
26224,88178b2d13fffff
26225,8816a54515fffff
26226,8816a5a54dfffff
26227,8816a00299fffff
26228,8816a5d45bfffff
26229,88178b3a67fffff
26230,8816a0b8ddfffff
26231,8816a4a699fffff
26232,88178bb5d3fffff
26233,8816a08547fffff
26234,88178b0297fffff
26235,8816a55505fffff
26236,881616c915fffff
26237,8816a0b215fffff
26238,8816a54db7fffff
26239,8816a5075dfffff
26240,8816164715fffff
26241,88178b32c3fffff
26242,8817894eb3fffff
26243,88178b0e09fffff
26244,88178bba39fffff
26245,8816a589ebfffff
26246,8816a51617fffff
26247,88178b314dfffff
26248,88178b6513fffff
26249,88178b6219fffff
26250,8816a5b963fffff
26251,8816a55349fffff
26252,8816a0b309fffff
26253,8816a015d7fffff
26254,8816a0ab21fffff
26255,88178b66d1fffff
26256,8816a59723fffff
26257,881616499bfffff
26258,8816a5aaa3fffff
26259,8816a5d897fffff
26260,88178b1051fffff
26261,88178b2891fffff
26262,88178baacbfffff
26263,8816a5d707fffff
26264,8816a58029fffff
26265,8816a59539fffff
26266,8816a581b1fffff
26267,88178b0e2bfffff
26268,88178b249dfffff
26269,8816a54a31fffff
26270,88178b2311fffff
26271,88178b0069fffff
26272,8816a0b447fffff
26273,8816a08411fffff
26274,88178ba1d5fffff
26275,88178b824dfffff
26276,88178ba455fffff
26277,88178b6f15fffff
26278,8816a5475bfffff
26279,88178b01ddfffff
26280,88178b8c85fffff
26281,88178bb15dfffff
26282,8816a55a05fffff
26283,88178b0d81fffff
26284,8816a54497fffff
26285,88178bbb41fffff
26286,8816a51691fffff
26287,88178b95d5fffff
26288,8816a5445bfffff
26289,88178bb001fffff
26290,88178b828dfffff
26291,88178b2519fffff
26292,8816a596e7fffff
26293,8816164443fffff
26294,88178bba8dfffff
26295,8816a57aabfffff
26296,88178b7209fffff
26297,8816165885fffff
26298,88178bb5d5fffff
26299,8816a599c9fffff
26300,8816a50463fffff
26301,88178b2155fffff
26302,8817897a21fffff
26303,88178ba4a7fffff
26304,88178b84dbfffff
26305,88178b106bfffff
26306,88178bb487fffff
26307,88178b325dfffff
26308,88178b16b7fffff
26309,88178b8667fffff
26310,88178b2c93fffff
26311,88178b12cdfffff
26312,8816a58f55fffff
26313,88178b6d27fffff
26314,881616cb6bfffff
26315,8816a0a137fffff
26316,88178b2ec9fffff
26317,88178b7495fffff
26318,88178b1203fffff
26319,8816a592bbfffff
26320,8816165963fffff
26321,88178ba0c9fffff
26322,88178b61a5fffff
26323,88178b04a1fffff
26324,8816165511fffff
26325,8816a554d3fffff
26326,88178bab49fffff
26327,8816a0ab4dfffff
26328,88178b3acdfffff
26329,88178b28edfffff
26330,88178b3aebfffff
26331,88178ba181fffff
26332,881616444bfffff
26333,8816a0a319fffff
26334,8816a5b411fffff
26335,88178b224bfffff
26336,881616cb33fffff
26337,88178b1693fffff
26338,8816a58727fffff
26339,88178b2293fffff
26340,8816a5b8cbfffff
26341,88178ba2c1fffff
26342,8816a5195bfffff
26343,88178bb517fffff
26344,8816a54c27fffff
26345,88178ba847fffff
26346,8817897b65fffff
26347,8816165a61fffff
26348,8816a56b01fffff
26349,88178b2313fffff
26350,8816a5630dfffff
26351,8816a5c89bfffff
26352,88178b80abfffff
26353,88178b11b1fffff
26354,8816a56a6bfffff
26355,8816a5962bfffff
26356,88178b8c23fffff
26357,88161652cbfffff
26358,88178b6285fffff
26359,8816a59149fffff
26360,8816a50923fffff
26361,88161641e5fffff
26362,8816a51287fffff
26363,8816a51961fffff
26364,8816a00291fffff
26365,88178ba9d3fffff
26366,88178b8dddfffff
26367,8816a5b8bdfffff
26368,8817894923fffff
26369,88178b7351fffff
26370,8816a508d9fffff
26371,88178b2e4bfffff
26372,8816165a11fffff
26373,88178b0ed1fffff
26374,88178b6627fffff
26375,88178b3593fffff
26376,881616543bfffff
26377,8816a515b9fffff
26378,88178bac91fffff
26379,88178b11e9fffff
26380,8816a5c70dfffff
26381,8816a5d5a5fffff
26382,8816a542edfffff
26383,88178bac0dfffff
26384,8816a59b07fffff
26385,88178b3a43fffff
26386,88178b7581fffff
26387,8816a541edfffff
26388,88178b2223fffff
26389,8816a5b9e1fffff
26390,8816a01667fffff
26391,8816a08ce9fffff
26392,8816a0b741fffff
26393,8816a54017fffff
26394,88178b30b1fffff
26395,88178b2307fffff
26396,8816a0b059fffff
26397,8816a5a359fffff
26398,8816a582c1fffff
26399,8816a55839fffff
26400,88178b0c31fffff
26401,8816a5b861fffff
26402,88178b2129fffff
26403,8816a0a2a3fffff
26404,8817894833fffff
26405,88178b7731fffff
26406,8816a56b47fffff
26407,8816a51115fffff
26408,8816a598c7fffff
26409,8816a56315fffff
26410,88178bb017fffff
26411,88161640abfffff
26412,88178b8623fffff
26413,8816a08709fffff
26414,8816a58eb7fffff
26415,8816a5daa9fffff
26416,8817894eb5fffff
26417,88178b6e35fffff
26418,88178bb75bfffff
26419,8816a59021fffff
26420,8816a5841dfffff
26421,8816a59745fffff
26422,88178b80e3fffff
26423,88178b24d1fffff
26424,8816a5b2c9fffff
26425,8816a0af47fffff
26426,8816a5aa91fffff
26427,88178b6c97fffff
26428,8816164503fffff
26429,8816a5c859fffff
26430,8816a42485fffff
26431,88178baac3fffff
26432,88178b04cdfffff
26433,8816a00735fffff
26434,8816a5c803fffff
26435,8816a59035fffff
26436,88161651d9fffff
26437,88178b6543fffff
26438,88178bb213fffff
26439,8816a5b949fffff
26440,88178b2f2dfffff
26441,8816a42415fffff
26442,8816a0a0b7fffff
26443,88178b843dfffff
26444,88178b18d3fffff
26445,8816a58ad9fffff
26446,88178b28b5fffff
26447,8817894d31fffff
26448,88178b0d03fffff
26449,8816a0a253fffff
26450,8816a5b989fffff
26451,88178b755dfffff
26452,8817894c5bfffff
26453,88178b30d7fffff
26454,8816165929fffff
26455,8816a57261fffff
26456,88178b1503fffff
26457,88178b0101fffff
26458,88178b7757fffff
26459,8816a5a0b9fffff
26460,8816a0b225fffff
26461,88178b6c8dfffff
26462,88178b1667fffff
26463,8816a5115bfffff
26464,88178b2a85fffff
26465,8817894d87fffff
26466,88178b032dfffff
26467,8816a50a83fffff
26468,88178bb285fffff
26469,88178b276bfffff
26470,88178b6403fffff
26471,8816a55967fffff
26472,88178949bdfffff
26473,88178b358dfffff
26474,88178b34a7fffff
26475,8816a01687fffff
26476,88178b20b9fffff
26477,8816a58aa7fffff
26478,88178b0367fffff
26479,8816a016c5fffff
26480,8816a5cc8dfffff
26481,8816a5485bfffff
26482,8816a00e5dfffff
26483,8816a0b049fffff
26484,8816a5a239fffff
26485,8816a5492bfffff
26486,881616c949fffff
26487,8816165a91fffff
26488,8816a0aa29fffff
26489,8816a594b7fffff
26490,8816a51a9bfffff
26491,8816a5dac1fffff
26492,88161641cdfffff
26493,88161648c9fffff
26494,8816a0a347fffff
26495,8816a5c161fffff
26496,88178b2947fffff
26497,8816a5b507fffff
26498,8816a58e21fffff
26499,8816a5c88dfffff
26500,8816a581cdfffff
26501,8816a5914dfffff
26502,8816a58987fffff
26503,8817894dd9fffff
26504,8816a0aab7fffff
26505,8816164da7fffff
26506,88178bb52bfffff
26507,8816a59135fffff
26508,8816a5baa9fffff
26509,8816a5469dfffff
26510,8816a508e3fffff
26511,8816a54c2dfffff
26512,88178b251dfffff
26513,88178b2245fffff
26514,8816a54907fffff
26515,8816a596c5fffff
26516,8816a5c04bfffff
26517,8816a0aaddfffff
26518,8816a0a34dfffff
26519,8816a0b621fffff
26520,8816a55a67fffff
26521,8816a08ea7fffff
26522,8816a51855fffff
26523,88178b8cb5fffff
26524,8816a5c5c1fffff
26525,88178b08d1fffff
26526,8816a51a23fffff
26527,8816165865fffff
26528,88178bb5e9fffff
26529,8816a01511fffff
26530,8816a59ad3fffff
26531,8816a5c355fffff
26532,8816a5c461fffff
26533,8816a0a04dfffff
26534,88178baaabfffff
26535,88178b1293fffff
26536,8816a0a049fffff
26537,88178b6c8bfffff
26538,8816a50ac7fffff
26539,88178ba409fffff
26540,8816a5020bfffff
26541,8816a54605fffff
26542,8816a596c1fffff
26543,88178b304dfffff
26544,88178b2a45fffff
26545,88178bb893fffff
26546,88178b700dfffff
26547,8816a5c025fffff
26548,8816a59151fffff
26549,8816a5199dfffff
26550,8816a58e81fffff
26551,8816a5a225fffff
26552,8816a540c1fffff
26553,8816a5c22bfffff
26554,8816a5c4abfffff
26555,8816a5d285fffff
26556,88178bb087fffff
26557,8816a5a23dfffff
26558,88178b756dfffff
26559,8816a59593fffff
26560,88178b26edfffff
26561,881616570bfffff
26562,8816a5503dfffff
26563,8816a59845fffff
26564,8816164d67fffff
26565,88178b6f09fffff
26566,88178b2125fffff
26567,8816a5b925fffff
26568,8816a58485fffff
26569,8816a0b2edfffff
26570,8816a085a3fffff
26571,88178ba4cbfffff
26572,8816a5176dfffff
26573,88178b8f5dfffff
26574,8816a50ae5fffff
26575,8816a5d553fffff
26576,8817897961fffff
26577,8816a5b211fffff
26578,88178b042dfffff
26579,8816a50d67fffff
26580,88178ba5dbfffff
26581,8816a55097fffff
26582,88178b9083fffff
26583,8816a5cec5fffff
26584,88178b0189fffff
26585,8816a5931bfffff
26586,8816a5c825fffff
26587,8816a5b581fffff
26588,8816a584d3fffff
26589,88161655a5fffff
26590,8816a59181fffff
26591,8816a5591bfffff
26592,8816a57ab9fffff
26593,8816a5932bfffff
26594,8816a5131dfffff
26595,88178bba99fffff
26596,8816a08527fffff
26597,88178b0665fffff
26598,8816a01715fffff
26599,8816a5da3bfffff
26600,8816a0a2edfffff
26601,88178b702bfffff
26602,88178b29a5fffff
26603,8816164b4dfffff
26604,88178b2ac3fffff
26605,88178b0aa1fffff
26606,8816a0a0e9fffff
26607,8816a0b223fffff
26608,88178b028bfffff
26609,8816a0b46dfffff
26610,8816a54ebdfffff
26611,8816a55929fffff
26612,8816a56161fffff
26613,8816a5d403fffff
26614,88178b14c5fffff
26615,8816a5782dfffff
26616,88178bb961fffff
26617,88178b1619fffff
26618,88178b25d9fffff
26619,88178b0911fffff
26620,8816a00759fffff
26621,8816a00e11fffff
26622,88178b128bfffff
26623,88178b0155fffff
26624,8816a51505fffff
26625,8816a59803fffff
26626,8816a51917fffff
26627,8816a5c54dfffff
26628,88178ba407fffff
26629,88178b8707fffff
26630,88178b3611fffff
26631,88178b0a11fffff
26632,8816a59725fffff
26633,88178b8587fffff
26634,881616512dfffff
26635,8816a54589fffff
26636,88178b16a9fffff
26637,8816a58eddfffff
26638,88178b0865fffff
26639,8816165a1bfffff
26640,8816165835fffff
26641,8816a51a25fffff
26642,8816a5b22bfffff
26643,88178b74e9fffff
26644,88178bae53fffff
26645,8816a508c5fffff
26646,88178b2cbdfffff
26647,8816a59185fffff
26648,8816a59211fffff
26649,8816a08615fffff
26650,8816a59419fffff
26651,8816a51acbfffff
26652,8816164eb1fffff
26653,8816a59809fffff
26654,8816a5a351fffff
26655,88178b90b7fffff
26656,881616530bfffff
26657,88178b71b5fffff
26658,88178b6de3fffff
26659,88178baf23fffff
26660,8816a50a87fffff
26661,8816a58257fffff
26662,8816a00643fffff
26663,8816a50d5dfffff
26664,8816a5b6d3fffff
26665,8816a0aaa1fffff
26666,8816a54967fffff
26667,8816a5aa65fffff
26668,8816a5b695fffff
26669,88178b3b09fffff
26670,88178b78e1fffff
26671,88178ba1b7fffff
26672,88178b2e61fffff
26673,88161679a9fffff
26674,88178b35c5fffff
26675,88178b02d5fffff
26676,88178b2985fffff
26677,88178bb0d7fffff
26678,8816a55509fffff
26679,8816a0aa9dfffff
26680,8816a592d1fffff
26681,88178b74b5fffff
26682,8816a016d3fffff
26683,8816a5c5c5fffff
26684,8816a590d7fffff
26685,8816a50a89fffff
26686,8816a0a353fffff
26687,8816164f27fffff
26688,8816a55895fffff
26689,88178b299bfffff
26690,8816a5c13dfffff
26691,8816a0b74dfffff
26692,8816a50ddbfffff
26693,88178b61d5fffff
26694,8816a50b09fffff
26695,8816a5460dfffff
26696,8816a0a10bfffff
26697,88178bb139fffff
26698,88178b1093fffff
26699,8816164991fffff
26700,8816a56b57fffff
26701,8816a0a08bfffff
26702,8816a5d4c5fffff
26703,8816a5980bfffff
26704,8816a42591fffff
26705,8816a54a17fffff
26706,88178bb4e5fffff
26707,8816a54da5fffff
26708,88161659e1fffff
26709,88178b8dd9fffff
26710,8816a5d891fffff
26711,88178b7a83fffff
26712,8816a544bdfffff
26713,88178b24a1fffff
26714,88161648b7fffff
26715,88178b0035fffff
26716,88178b6541fffff
26717,8816a50c15fffff
26718,8816a5d685fffff
26719,8816a588c1fffff
26720,88178bbb57fffff
26721,8816a58ee9fffff
26722,88178b0a9dfffff
26723,8816a5d68dfffff
26724,88178b36adfffff
26725,8816a58e4bfffff
26726,8816a51361fffff
26727,8816a0aa0bfffff
26728,8816a0142bfffff
26729,8816a00505fffff
26730,88178b0d25fffff
26731,8816a59487fffff
26732,8816a5c501fffff
26733,88178b6dc1fffff
26734,88178b1765fffff
26735,88178ba645fffff
26736,8816a0b037fffff
26737,88178b7325fffff
26738,88178b759dfffff
26739,8816a5ca57fffff
26740,8816165a97fffff
26741,8816a5a20dfffff
26742,8816a5b441fffff
26743,8816164195fffff
26744,88178b61b1fffff
26745,8816a5b2e1fffff
26746,8816a5d50bfffff
26747,8816a512e7fffff
26748,88178b6345fffff
26749,8816a5dab7fffff
26750,8816a5481bfffff
26751,88178b6ca5fffff
26752,8816a42617fffff
26753,8816a50959fffff
26754,8816a50e0bfffff
26755,8816a55315fffff
26756,8816165193fffff
26757,8816165513fffff
26758,8816a588d9fffff
26759,88178bb0d3fffff
26760,88178b3b11fffff
26761,8816164c55fffff
26762,8816a51265fffff
26763,8816167b47fffff
26764,8816a08563fffff
26765,8816a54313fffff
26766,8817894929fffff
26767,8816a5851bfffff
26768,8816a08537fffff
26769,8816a0848bfffff
26770,8816a556b9fffff
26771,88178b269dfffff
26772,8816a08505fffff
26773,8816165133fffff
26774,8816a5c89dfffff
26775,88178bb08dfffff
26776,8816a51339fffff
26777,8816164c27fffff
26778,8816a0852bfffff
26779,8816a5c137fffff
26780,88178bacadfffff
26781,88178bb8d3fffff
26782,8816a551c9fffff
26783,88178b7481fffff
26784,8816a5d9d1fffff
26785,88178b0805fffff
26786,88161649e3fffff
26787,8816a541a1fffff
26788,8816a0aa4bfffff
26789,88178bb685fffff
26790,8816a5d819fffff
26791,8816a5483bfffff
26792,8816a5cc35fffff
26793,88161655c1fffff
26794,8816a5a06dfffff
26795,88178b01d3fffff
26796,88178b21b9fffff
26797,8816a5cb09fffff
26798,8816a5c1cbfffff
26799,88178b6707fffff
26800,8816a54f4bfffff
26801,881616c907fffff
26802,88178b6889fffff
26803,8816a5a113fffff
26804,88178b2829fffff
26805,8816a51851fffff
26806,88178b8085fffff
26807,881616cb15fffff
26808,88178b6ac7fffff
26809,88161679d5fffff
26810,8816a0b331fffff
26811,8816a5c983fffff
26812,8816a5a709fffff
26813,8816a5d617fffff
26814,8816a5995dfffff
26815,8816a579c3fffff
26816,88178b715bfffff
26817,8816a5b6e9fffff
26818,8816a54e83fffff
26819,8816a016e3fffff
26820,88178b283bfffff
26821,88178b2e97fffff
26822,88178b11d5fffff
26823,8816a5cac7fffff
26824,88178b0f1dfffff
26825,8816a5b53bfffff
26826,8816a55887fffff
26827,8816a54595fffff
26828,8816a0a349fffff
26829,88178ba6adfffff
26830,88178b102dfffff
26831,88178b6525fffff
26832,8816a5d9b5fffff
26833,88178b90c9fffff
26834,88178ba4e9fffff
26835,8816a5d613fffff
26836,8816a51809fffff
26837,8816a5590bfffff
26838,8816a0b02dfffff
26839,8816a509ebfffff
26840,881616400dfffff
26841,8816a584bdfffff
26842,8816164585fffff
26843,88178b850dfffff
26844,8816a5412bfffff
26845,88178b215dfffff
26846,8816a58633fffff
26847,8816a59b59fffff
26848,8816a5c20bfffff
26849,88178bac63fffff
26850,88178b1723fffff
26851,8816a09437fffff
26852,88161645edfffff
26853,8817894e97fffff
26854,88178b1193fffff
26855,8816a5b91bfffff
26856,8816a594adfffff
26857,88178b2021fffff
26858,88178baca1fffff
26859,881616401dfffff
26860,88178b02c3fffff
26861,8816a581d9fffff
26862,8816a5570dfffff
26863,8816a08e33fffff
26864,88178b760dfffff
26865,8816a55b57fffff
26866,8816a5bb17fffff
26867,8816a5918dfffff
26868,8816a5d9d3fffff
26869,8816a51a07fffff
26870,88178b298dfffff
26871,8816a09447fffff
26872,8816a0951bfffff
26873,8816a58463fffff
26874,88178b00bdfffff
26875,8816a5ab43fffff
26876,88178b3639fffff
26877,8816a59327fffff
26878,8816165a1dfffff
26879,88178b7353fffff
26880,8816a5626dfffff
26881,8816a084b3fffff
26882,8816a5d999fffff
26883,8816a0809dfffff
26884,8816a5cf1bfffff
26885,8816a5c323fffff
26886,88178b3a23fffff
26887,88178b75e9fffff
26888,88178bab5dfffff
26889,8816a584bbfffff
26890,88178b2db5fffff
26891,8816a5d551fffff
26892,88178b22a5fffff
26893,8816a0b8b5fffff
26894,88178b6e0dfffff
26895,88178b69d7fffff
26896,8816164e23fffff
26897,8816a546c7fffff
26898,88178ba935fffff
26899,88178b65ddfffff
26900,8816a56a0dfffff
26901,88178b15a9fffff
26902,8816a0a143fffff
26903,8816a0ba5bfffff
26904,8816a5524bfffff
26905,88178ba333fffff
26906,881616513dfffff
26907,8816a08529fffff
26908,8816a00413fffff
26909,88178b0f13fffff
26910,88178b8f0dfffff
26911,8816164841fffff
26912,8816a50345fffff
26913,8816165b2dfffff
26914,8816165851fffff
26915,8816a5549dfffff
26916,8816a50b47fffff
26917,8816164d51fffff
26918,88178b0693fffff
26919,88178b8d31fffff
26920,88178bac2bfffff
26921,8816a54c91fffff
26922,8816a54601fffff
26923,8816a57b41fffff
26924,8817896a45fffff
26925,88178bad4dfffff
26926,8816a5505bfffff
26927,8816a58e5bfffff
26928,88178b129bfffff
26929,88178b2929fffff
26930,8816a59457fffff
26931,88178ba6a5fffff
26932,8816a55915fffff
26933,88178b0067fffff
26934,88178bb75dfffff
26935,8816a085a7fffff
26936,8816a0aa05fffff
26937,8816a58dbdfffff
26938,88178bb699fffff
26939,88178b7645fffff
26940,8816a57a63fffff
26941,8816a0176bfffff
26942,88161645b3fffff
26943,88178b7aebfffff
26944,8816a54533fffff
26945,88178b8715fffff
26946,88178b2ad9fffff
26947,8816a5d9bbfffff
26948,8817894d07fffff
26949,8816a08e8dfffff
26950,88178bb147fffff
26951,8816a509abfffff
26952,88178b1697fffff
26953,8816a5b859fffff
26954,8816a0046bfffff
26955,8816a5c407fffff
26956,8816a5b257fffff
26957,8816a0b54bfffff
26958,8816a5a101fffff
26959,88178ba1bbfffff
26960,88178b76c1fffff
26961,88178b00ebfffff
26962,88178b22d1fffff
26963,8817894c99fffff
26964,88178b7589fffff
26965,8816a58923fffff
26966,88161645dbfffff
26967,8816a5b615fffff
26968,8816a0a54dfffff
26969,8816a50569fffff
26970,8816167b61fffff
26971,8816a50dcdfffff
26972,88178bb5bdfffff
26973,88178b04b7fffff
26974,8816165927fffff
26975,88178b061dfffff
26976,8816164d03fffff
26977,8816a5cb1dfffff
26978,8816a59359fffff
26979,88178bbb6dfffff
26980,88178b469bfffff
26981,88178ba899fffff
26982,8816164cb5fffff
26983,8816a096ebfffff
26984,88178b2c43fffff
26985,8816a559ddfffff
26986,8816a5a019fffff
26987,8816a5c827fffff
26988,88178bba57fffff
26989,8816a540cdfffff
26990,88178b3539fffff
26991,88178b32d7fffff
26992,88178b1731fffff
26993,8816a42687fffff
26994,88161651d3fffff
26995,88161655edfffff
26996,88178b126bfffff
26997,88178ba515fffff
26998,88178ba4adfffff
26999,8816a5633bfffff
27000,88178ba35bfffff
27001,88178b6da9fffff
27002,8816a5061dfffff
27003,88178b9565fffff
27004,8817894957fffff
27005,88178badedfffff
27006,8816a592d3fffff
27007,8816a5aae7fffff
27008,8816a50f13fffff
27009,881616796bfffff
27010,8816a5c4ebfffff
27011,8816a54e53fffff
27012,8816a5c523fffff
27013,88178b0711fffff
27014,8816a5b6b5fffff
27015,88161650c5fffff
27016,88178948bbfffff
27017,88178b6ad3fffff
27018,88178b7141fffff
27019,8816a5d1a3fffff
27020,8816a5614bfffff
27021,8816a5a1ebfffff
27022,881616534bfffff
27023,88178b8c63fffff
27024,88178b30b9fffff
27025,88178b802bfffff
27026,88178b34a1fffff
27027,88178b2233fffff
27028,8816a082b1fffff
27029,88178b22c7fffff
27030,8816a55041fffff
27031,8817897949fffff
27032,88178b2f17fffff
27033,8816a5d859fffff
27034,8816a5bae9fffff
27035,8816a54dd1fffff
27036,8816a00733fffff
27037,8816a55037fffff
27038,88178b3b49fffff
27039,88178b75e1fffff
27040,8816165197fffff
27041,8816165841fffff
27042,88178bb747fffff
27043,8816a50e19fffff
27044,88178b10c5fffff
27045,88178b0501fffff
27046,8816a01469fffff
27047,8816a0b945fffff
27048,8816a0bad3fffff
27049,88178ba4b9fffff
27050,8817894827fffff
27051,88178b2b23fffff
27052,88178b0b13fffff
27053,88178b2625fffff
27054,88178b8e9bfffff
27055,88178b2337fffff
27056,8816a5a243fffff
27057,88178b6831fffff
27058,8816a51269fffff
27059,88178b34c7fffff
27060,88178b2695fffff
27061,8816a0a93dfffff
27062,8816a5d229fffff
27063,88178b25e1fffff
27064,88178b22b1fffff
27065,88178b355bfffff
27066,88178b2dd5fffff
27067,88178b3665fffff
27068,88178b058bfffff
27069,8817896965fffff
27070,88178b0f61fffff
27071,88178b0e41fffff
27072,8816164853fffff
27073,8816a54763fffff
27074,8816a0b0adfffff
27075,8816a59a33fffff
27076,8816a0a745fffff
27077,8816a57309fffff
27078,88178bac8bfffff
27079,8817894c31fffff
27080,88178b2e0bfffff
27081,8816a5b119fffff
27082,8816a55421fffff
27083,8816a546bbfffff
27084,8816a58a85fffff
27085,8816165b6bfffff
27086,88178b2263fffff
27087,8816a57b01fffff
27088,8816a5cc99fffff
27089,8816a58025fffff
27090,8816a08cedfffff
27091,88178b3b17fffff
27092,8816a5a117fffff
27093,881616505bfffff
27094,8816a55597fffff
27095,8816a5d2dbfffff
27096,88178b78b9fffff
27097,88178b31c1fffff
27098,8816a58831fffff
27099,8816a549b9fffff
27100,8817896967fffff
27101,88178b28b7fffff
27102,8816a58c6dfffff
27103,8816a58e13fffff
27104,8816a59081fffff
27105,8817897b23fffff
27106,8816a501edfffff
27107,8816a5800bfffff
27108,8816a57963fffff
27109,88161648e9fffff
27110,8816a54627fffff
27111,88178b734dfffff
27112,88178bb5b7fffff
27113,8816a55a1dfffff
27114,88178bb5d7fffff
27115,8816a0b423fffff
27116,88178b664dfffff
27117,8816a594a1fffff
27118,8816a5b4edfffff
27119,881616d911fffff
27120,88178b7a89fffff
27121,8816a5a569fffff
27122,88178b2ae9fffff
27123,8816a58057fffff
27124,8816a5190dfffff
27125,88178b3313fffff
27126,8816a5b69dfffff
27127,88178bac3bfffff
27128,8816a55337fffff
27129,88178b2ca3fffff
27130,8816a55989fffff
27131,8816a55b4bfffff
27132,88178b2a6dfffff
27133,8816a0a165fffff
27134,8816a5ba8dfffff
27135,8816a0aac9fffff
27136,88178b660dfffff
27137,8816a58583fffff
27138,88178b2ee9fffff
27139,8816a58927fffff
27140,8816164aa7fffff
27141,88178bbb0dfffff
27142,88178bb00bfffff
27143,8816a08511fffff
27144,88178b9537fffff
27145,8816a5b585fffff
27146,8816a551abfffff
27147,8816165b01fffff
27148,8816a085e9fffff
27149,8816a59533fffff
27150,88178b6c03fffff
27151,8816a5b2e9fffff
27152,8816a0a2e5fffff
27153,8816a5d0c3fffff
27154,88178b7a87fffff
27155,8816a59265fffff
27156,8816a58f31fffff
27157,8816a596b9fffff
27158,8816164189fffff
27159,88178b7ab9fffff
27160,88178b023dfffff
27161,88178b8e31fffff
27162,8816a50b6bfffff
27163,8816a0b8c5fffff
27164,8816a5ce63fffff
27165,8816a096b7fffff
27166,88178b7441fffff
27167,8816a5d6d3fffff
27168,8816a0b287fffff
27169,88178b3187fffff
27170,88178b72b7fffff
27171,8816a0b1edfffff
27172,88178b39c5fffff
27173,88178baf15fffff
27174,8816a014edfffff
27175,88178b2345fffff
27176,8816a56353fffff
27177,88178b10adfffff
27178,8816a0af0dfffff
27179,88178bb66dfffff
27180,8817894d2bfffff
27181,88178ba295fffff
27182,88178b0dbbfffff
27183,8816a578cdfffff
27184,8816a59b1dfffff
27185,8816a08d9bfffff
27186,8816a58f29fffff
27187,8816a5cdbbfffff
27188,88178b0d51fffff
27189,8816a0b70dfffff
27190,8816a5119bfffff
27191,881789790dfffff
27192,88178baa6dfffff
27193,88178bb9ddfffff
27194,88178b205bfffff
27195,8816a595c7fffff
27196,88178b7425fffff
27197,88178b95e1fffff
27198,88178ba425fffff
27199,8816a5a285fffff
27200,88178b3135fffff
27201,8816a5b86dfffff
27202,8816a5c1a5fffff
27203,8816a5d555fffff
27204,8816a59a41fffff
27205,88178b76d5fffff
27206,88178b8ca9fffff
27207,8816a5b03dfffff
27208,88178bb11dfffff
27209,8816a54519fffff
27210,88178b3103fffff
27211,8816a5ba05fffff
27212,8816a592b9fffff
27213,8816a5b0e3fffff
27214,8816a58661fffff
27215,88178ba9d1fffff
27216,8816a5aaebfffff
27217,8816a5b6b1fffff
27218,88178b064bfffff
27219,8816a0b319fffff
27220,8816164125fffff
27221,8816a00411fffff
27222,8816a5ab45fffff
27223,88178b6f3bfffff
27224,88161650c3fffff
27225,8816a0ae25fffff
27226,8816a5cacbfffff
27227,88178bb935fffff
27228,8816164e11fffff
27229,88178bb083fffff
27230,88178b2813fffff
27231,8816a56967fffff
27232,8816164a67fffff
27233,8816a0b515fffff
27234,88178b28e3fffff
27235,8816a50d41fffff
27236,8816a5b9dbfffff
27237,8816a54267fffff
27238,8816a5d425fffff
27239,8816a5988dfffff
27240,8816a545a9fffff
27241,88178b2287fffff
27242,8816a59169fffff
27243,8816a5954bfffff
27244,88178b0e15fffff
27245,8816a552d1fffff
27246,8816a55219fffff
27247,8816a5c149fffff
27248,88178b7567fffff
27249,8816a5d6cbfffff
27250,8816a5ce53fffff
27251,8816a58161fffff
27252,88178b0a23fffff
27253,88178b8217fffff
27254,881616553bfffff
27255,8816a579d9fffff
27256,8816a094c1fffff
27257,8816a59a61fffff
27258,88178baa39fffff
27259,8816a085edfffff
27260,8816a554b9fffff
27261,8816a08739fffff
27262,8816a55ad7fffff
27263,88178b3a11fffff
27264,88178ba211fffff
27265,8816a01555fffff
27266,8816a08cd7fffff
27267,88178bb2bbfffff
27268,88178b0005fffff
27269,8816a5ba63fffff
27270,88178ba8a7fffff
27271,8816a0b765fffff
27272,88178bb689fffff
27273,8816a5954dfffff
27274,8816a5b229fffff
27275,88178b860dfffff
27276,88178ba505fffff
27277,88178b8465fffff
27278,8816a0853dfffff
27279,8816a5ca95fffff
27280,8816a5c81bfffff
27281,8816a50b13fffff
27282,8816a0a2c3fffff
27283,8816164ea1fffff
27284,8816a0968dfffff
27285,88178b246dfffff
27286,88178b04dbfffff
27287,88178b7039fffff
27288,8816a50f05fffff
27289,8816a54cabfffff
27290,8816a0a2c1fffff
27291,8816a589b9fffff
27292,88178b6a95fffff
27293,88178bb451fffff
27294,88178b8529fffff
27295,88178b0f63fffff
27296,8816164031fffff
27297,88178b09c5fffff
27298,88178ba68dfffff
27299,88178b0c67fffff
27300,8816a50f07fffff
27301,8816a5af6dfffff
27302,8816a58641fffff
27303,8816a5b0d3fffff
27304,88178b6f07fffff
27305,88178bb1ddfffff
27306,88178bbadbfffff
27307,88178948ebfffff
27308,88178b6751fffff
27309,88178b1011fffff
27310,8816a5c253fffff
27311,88178ba0abfffff
27312,88178b66a9fffff
27313,88178979b3fffff
27314,88178b82e5fffff
27315,8816a0a03bfffff
27316,88178ba2e1fffff
27317,8816a54e51fffff
27318,8816a51a93fffff
27319,8816a5c6adfffff
27320,88161658c1fffff
27321,88178b8411fffff
27322,88161648bdfffff
27323,8816a57933fffff
27324,8816a54f67fffff
27325,8816a57185fffff
27326,8816a58a53fffff
27327,88178b3915fffff
27328,8816a0b8a9fffff
27329,881616c91bfffff
27330,8816165563fffff
27331,8816a51957fffff
27332,8816a5c5ebfffff
27333,8816a0b1d5fffff
27334,8816a59a93fffff
27335,88178b0987fffff
27336,88178b8dcdfffff
27337,88178b06c7fffff
27338,8816a581cbfffff
27339,8816a545e7fffff
27340,88178b2a15fffff
27341,88178b8e2bfffff
27342,8816a55723fffff
27343,8816a4a697fffff
27344,88161649b9fffff
27345,8816a5583dfffff
27346,8816a58b61fffff
27347,88178ba727fffff
27348,8816a555d1fffff
27349,8816a550cbfffff
27350,8816a58289fffff
27351,8816a556d1fffff
27352,88178b2469fffff
27353,8816a58725fffff
27354,88178b00c5fffff
27355,8816a585c1fffff
27356,8816a598b3fffff
27357,8816a09639fffff
27358,8817894c5dfffff
27359,8816164083fffff
27360,88178b20c5fffff
27361,88178b252dfffff
27362,8816a5429bfffff
27363,8816a0b5a3fffff
27364,8816a518ddfffff
27365,8816164e9bfffff
27366,88178b348bfffff
27367,8816a0b807fffff
27368,8816a599d1fffff
27369,8816a596d3fffff
27370,88178b8e21fffff
27371,88178b21a7fffff
27372,88178b7403fffff
27373,88178b6d5bfffff
27374,8816a085a5fffff
27375,8816a5c347fffff
27376,88178b8e69fffff
27377,88178b2dc7fffff
27378,8816a548c7fffff
27379,8816a5b13bfffff
27380,8816a5c6c1fffff
27381,8816a5a94dfffff
27382,8816a518c9fffff
27383,8817897a2dfffff
27384,881616d94bfffff
27385,88178b1431fffff
27386,8816a5446bfffff
27387,88178b18cbfffff
27388,88178b7331fffff
27389,8816164587fffff
27390,8816167951fffff
27391,8816a55701fffff
27392,8816a5d42dfffff
27393,88178b2247fffff
27394,8816a5c715fffff
27395,88178b12a5fffff
27396,88178b3587fffff
27397,8816a57895fffff
27398,88178b9551fffff
27399,8816a504e5fffff
27400,881616431bfffff
27401,88178b2ab1fffff
27402,8816a08c2bfffff
27403,8816164e89fffff
27404,8816165111fffff
27405,8816a58da7fffff
27406,88178b28a1fffff
27407,88178bb8a5fffff
27408,88178bace3fffff
27409,8816a516c5fffff
27410,88178b10e5fffff
27411,88178b8443fffff
27412,8816a08c03fffff
27413,8816a55a55fffff
27414,88178bb22dfffff
27415,8816a51b15fffff
27416,8816a5a0e5fffff
27417,88178b0f5dfffff
27418,88178b71edfffff
27419,8816a58631fffff
27420,8816a585edfffff
27421,8816a59509fffff
27422,881616432dfffff
27423,88178ba147fffff
27424,8816164263fffff
27425,8816a0a2ddfffff
27426,88178b2b4dfffff
27427,8816a0a115fffff
27428,88178b62e7fffff
27429,88178b12d5fffff
27430,8816a5a327fffff
27431,8816a51b01fffff
27432,88178bba67fffff
27433,8816164107fffff
27434,88178b310bfffff
27435,88178b0d67fffff
27436,8816a50b0dfffff
27437,88178b62a9fffff
27438,88178b6cb5fffff
27439,8816a08419fffff
27440,88178b02e5fffff
27441,88178b8655fffff
27442,8816a084ebfffff
27443,8816a59701fffff
27444,88178ba1c1fffff
27445,88178b82b5fffff
27446,88178b35a1fffff
27447,88178b749dfffff
27448,8816a57a21fffff
27449,88178b2b21fffff
27450,88178bb9c3fffff
27451,8816a086dbfffff
27452,8816a5bb2bfffff
27453,8816a51a81fffff
27454,8816a5b81dfffff
27455,8816a56103fffff
27456,8816a59851fffff
27457,88178b04ebfffff
27458,88178bacb3fffff
27459,88178b86d9fffff
27460,8816a5ced3fffff
27461,88178b0539fffff
27462,8816a54147fffff
27463,88178b76d7fffff
27464,88178b2503fffff
27465,8816a57823fffff
27466,8816a518e1fffff
27467,8816a508a9fffff
27468,88178bae37fffff
27469,8816a555e5fffff
27470,88178b7423fffff
27471,881616556bfffff
27472,8817896b69fffff
27473,88178b0583fffff
27474,8816a094c7fffff
27475,8816a512ebfffff
27476,88178b68d9fffff
27477,8816165461fffff
27478,8816164465fffff
27479,88178b22e3fffff
27480,8816a5c291fffff
27481,8816a5cab3fffff
27482,88178bb9d3fffff
27483,8816a51701fffff
27484,881616d925fffff
27485,8817894d27fffff
27486,8816a0a805fffff
27487,8816a54315fffff
27488,8816a0b157fffff
27489,8816a5184bfffff
27490,88178b8589fffff
27491,8816a50613fffff
27492,8816164741fffff
27493,8816a59589fffff
27494,88178b38b3fffff
27495,88178b0215fffff
27496,88161648e1fffff
27497,88178b15bbfffff
27498,88178b85a3fffff
27499,88178bb8d7fffff
27500,8816a0aaa7fffff
27501,88178b82adfffff
27502,88178b31e7fffff
27503,8816164105fffff
27504,8816a59a91fffff
27505,8816a09693fffff
27506,8816a5b6adfffff
27507,8817894d37fffff
27508,8816a554c3fffff
27509,8816a54805fffff
27510,88178ba557fffff
27511,88178b05c3fffff
27512,8816a599a1fffff
27513,8816a58115fffff
27514,8816a5785dfffff
27515,8816a00745fffff
27516,8816a5a043fffff
27517,8816a5d155fffff
27518,88178b84ddfffff
27519,88178b266dfffff
27520,8816a5b537fffff
27521,8816a590dbfffff
27522,88178b8295fffff
27523,88178bb681fffff
27524,8816a599ddfffff
27525,88178b24c1fffff
27526,8816a5b909fffff
27527,8816a5a065fffff
27528,8816a58a27fffff
27529,8816a00667fffff
27530,8816a5124bfffff
27531,88178b4693fffff
27532,8816a5973dfffff
27533,88178ba90dfffff
27534,8816165a15fffff
27535,8816a08c29fffff
27536,8816165105fffff
27537,8816164f53fffff
27538,88178b6e99fffff
27539,88178b332dfffff
27540,8816a080b5fffff
27541,8816a51905fffff
27542,8816a55419fffff
27543,8816a0aa17fffff
27544,8816a0b211fffff
27545,8816a08ee9fffff
27546,88178b20cdfffff
27547,8816a58769fffff
27548,88178b853dfffff
27549,8816a502a7fffff
27550,88178b9591fffff
27551,88178b6e49fffff
27552,88178ba205fffff
27553,8816a50141fffff
27554,8816a5164dfffff
27555,88178b60c1fffff
27556,8816a5cc63fffff
27557,8816a0bac9fffff
27558,88178bab5bfffff
27559,88178b7503fffff
27560,8816a51605fffff
27561,88178b310dfffff
27562,88178b81e1fffff
27563,8816a58c23fffff
27564,8816a4a497fffff
27565,88178b6f2bfffff
27566,8816a57103fffff
27567,8816164c01fffff
27568,88178b2f37fffff
27569,8816a51481fffff
27570,8816a58c1bfffff
27571,8816a5b0abfffff
27572,8816a500e9fffff
27573,8817894861fffff
27574,88178bae87fffff
27575,8816a09459fffff
27576,88178b6099fffff
27577,8816a0ba45fffff
27578,8816a01591fffff
27579,88178baa31fffff
27580,88178b3557fffff
27581,8816165007fffff
27582,88178b2e49fffff
27583,8816a00469fffff
27584,8816a57889fffff
27585,88178b6d31fffff
27586,8816a501bbfffff
27587,8816a55b31fffff
27588,8816a08c07fffff
27589,88178b044bfffff
27590,8816a5160dfffff
27591,8817894925fffff
27592,8816a594ebfffff
27593,8816a58419fffff
27594,88178b28dbfffff
27595,88178b6e25fffff
27596,8816a5c62bfffff
27597,88178b0139fffff
27598,8816a014b5fffff
27599,8816a5d263fffff
27600,8816a55ac7fffff
27601,8816a55751fffff
27602,8816a01683fffff
27603,8816a01659fffff
27604,88178b3147fffff
27605,8816164f17fffff
27606,88178b31e5fffff
27607,88178b15e1fffff
27608,88161658d9fffff
27609,8816a58ebbfffff
27610,88178bb483fffff
27611,88178b0833fffff
27612,8816a08ce1fffff
27613,8816a510a3fffff
27614,88178b32c9fffff
27615,8816a096a5fffff
27616,8816a581dbfffff
27617,8816a5036dfffff
27618,8817897909fffff
27619,88178b349dfffff
27620,88178b3057fffff
27621,8816a54d95fffff
27622,8816a54293fffff
27623,88178b26abfffff
27624,88178b1597fffff
27625,8816a00467fffff
27626,8816a514a3fffff
27627,8816164c2dfffff
27628,8816a50011fffff
27629,8816a51a95fffff
27630,8816a09691fffff
27631,88178b633dfffff
27632,8816a558d3fffff
27633,88178b8dc9fffff
27634,88178b6067fffff
27635,88178b3419fffff
27636,8816a5d6dbfffff
27637,8816a590adfffff
27638,88178b7067fffff
27639,8816a5d8c7fffff
27640,8816a558d5fffff
27641,8816a004c1fffff
27642,8816a0bb23fffff
27643,8816a080c1fffff
27644,8816a551b1fffff
27645,8816a54a85fffff
27646,88178bab23fffff
27647,8816a5d227fffff
27648,88178b6a45fffff
27649,8816a57863fffff
27650,881616cb09fffff
27651,8816a58401fffff
27652,881616473bfffff
27653,8816a5892bfffff
27654,8816a588c5fffff
27655,88178b6f65fffff
27656,8816a50f3dfffff
27657,8816a0a601fffff
27658,8816a5096dfffff
27659,8816a5c30bfffff
27660,8816a54c2bfffff
27661,8816a55855fffff
27662,88178bb5ddfffff
27663,88178b69d9fffff
27664,88178b6125fffff
27665,88178b658dfffff
27666,8816a5cab9fffff
27667,8816a00e59fffff
27668,8816a5b24dfffff
27669,88178b0163fffff
27670,88178ba191fffff
27671,8817896b6dfffff
27672,88178bbb45fffff
27673,8816a5a907fffff
27674,8816a58439fffff
27675,8816a55199fffff
27676,8816164a17fffff
27677,88178b6127fffff
27678,8816a5c205fffff
27679,8816a5593dfffff
27680,88161659a3fffff
27681,8816a08c85fffff
27682,8816a5c8a1fffff
27683,88178b0d59fffff
27684,8816a58823fffff
27685,8816a58cd7fffff
27686,8816a592b7fffff
27687,8816a59489fffff
27688,88178bb885fffff
27689,8817894c45fffff
27690,8816164541fffff
27691,8816a5b045fffff
27692,8816a51017fffff
27693,8816a5166bfffff
27694,8816a08737fffff
27695,88178b05e3fffff
27696,8816a5b261fffff
27697,8816a5c1a7fffff
27698,88178b22d9fffff
27699,8816165aa9fffff
27700,8816a594bdfffff
27701,8816a0a949fffff
27702,8816a58a99fffff
27703,8816a5080dfffff
27704,88161652e7fffff
27705,8816a58863fffff
27706,8816a54a93fffff
27707,88178b76d9fffff
27708,8816a598a5fffff
27709,8816a0b1bbfffff
27710,88178b2445fffff
27711,8816a5435bfffff
27712,88178b10a5fffff
27713,8816a005e7fffff
27714,8816a58529fffff
27715,8816a5611dfffff
27716,8816164b11fffff
27717,88178bb753fffff
27718,8816a5bacdfffff
27719,8817894f21fffff
27720,88178b6609fffff
27721,88178b76abfffff
27722,8816a5aa03fffff
27723,88178b8ebbfffff
27724,8816a54b47fffff
27725,8816a5a241fffff
27726,8816a58da9fffff
27727,8816a0aac7fffff
27728,8816a0b8c9fffff
27729,8816a5b5ddfffff
27730,8816a55447fffff
27731,88178b36bdfffff
27732,88178b2725fffff
27733,88178b35b9fffff
27734,88178b8511fffff
27735,8816a08e13fffff
27736,8816a5d04dfffff
27737,88178b0c37fffff
27738,8816a0b237fffff
27739,8816a545ddfffff
27740,88178b386dfffff
27741,88178b2685fffff
27742,8816a08751fffff
27743,8816a5b56bfffff
27744,8816a57167fffff
27745,88178baa25fffff
27746,88178b7887fffff
27747,8816a0a235fffff
27748,88178b7223fffff
27749,88178b2d87fffff
27750,8816a5aa27fffff
27751,88178b040dfffff
27752,8816a54b5dfffff
27753,8816a55237fffff
27754,8816165345fffff
27755,8816164eb5fffff
27756,88178b0e47fffff
27757,8816a514cdfffff
27758,8816a5a767fffff
27759,881616db29fffff
27760,8816a5d307fffff
27761,8816a0a183fffff
27762,88178b02ddfffff
27763,8816a5d599fffff
27764,8816a555edfffff
27765,88178b65dbfffff
27766,8816a5a305fffff
27767,88178b85c7fffff
27768,88178b860bfffff
27769,8816164a81fffff
27770,88178b24a9fffff
27771,88178b76d3fffff
27772,8816a54d5bfffff
27773,8816a0b995fffff
27774,88178b8c95fffff
27775,8816a5a36bfffff
27776,8816a0ab43fffff
27777,8816a5d0a9fffff
27778,88178b729bfffff
27779,88178b1741fffff
27780,88178baa9bfffff
27781,8816a5913bfffff
27782,8816a5031dfffff
27783,8817894db1fffff
27784,8816a58983fffff
27785,8816a5d03bfffff
27786,8816a59755fffff
27787,88178baecdfffff
27788,8816a5cf3bfffff
27789,88178b74e5fffff
27790,8816a51953fffff
27791,8816a58517fffff
27792,8816a5002bfffff
27793,88178b01b3fffff
27794,8816a00727fffff
27795,88178b32ebfffff
27796,8816a0868dfffff
27797,8816a5c63bfffff
27798,8816a5446dfffff
27799,8816165147fffff
27800,8816164327fffff
27801,88178b0a3bfffff
27802,8816a5aab5fffff
27803,8816a5cd21fffff
27804,8817894f13fffff
27805,8816a0a969fffff
27806,8816a4a693fffff
27807,8816a58441fffff
27808,8816a5cd03fffff
27809,88178bb46bfffff
27810,88178b0025fffff
27811,8816a58329fffff
27812,8816a0a2e9fffff
27813,8816a5a1b3fffff
27814,8816a5134dfffff
27815,88178b6e55fffff
27816,8816a57815fffff
27817,8816164ce1fffff
27818,88178979a3fffff
27819,88178ba33bfffff
27820,88178ba2dbfffff
27821,88178b632bfffff
27822,8816a5a313fffff
27823,88178b62d3fffff
27824,88178b069dfffff
27825,88178b2349fffff
27826,8816a58eedfffff
27827,88178b1747fffff
27828,8816a51267fffff
27829,8816a58c43fffff
27830,8816a59451fffff
27831,8817897943fffff
27832,8816a095b7fffff
27833,8816a016c3fffff
27834,8816a578c1fffff
27835,8816a5aad1fffff
27836,881616db31fffff
27837,88178b044dfffff
27838,88178baf13fffff
27839,8816164311fffff
27840,8816a0b4bbfffff
27841,8816a51743fffff
27842,8816a54943fffff
27843,88178b2631fffff
27844,88178b6635fffff
27845,88178b60c7fffff
27846,8816a554d5fffff
27847,8816a0a101fffff
27848,8816a551e1fffff
27849,8817897929fffff
27850,8816a5cdcbfffff
27851,88178b8c51fffff
27852,8816a5b617fffff
27853,88178b6b19fffff
27854,88178948b7fffff
27855,88178b0cbdfffff
27856,8817894ebdfffff
27857,881616509dfffff
27858,8816a59a15fffff
27859,88178ba11dfffff
27860,881616555bfffff
27861,88178b6431fffff
27862,88178b3765fffff
27863,8816a5d711fffff
27864,8816a54739fffff
27865,88161659dbfffff
27866,88178bb907fffff
27867,88178b7007fffff
27868,8816a4269dfffff
27869,88178b28e1fffff
27870,88178b3a5dfffff
27871,88178ba6e9fffff
27872,88178b6435fffff
27873,88178b6131fffff
27874,8816a0b137fffff
27875,8816a5802bfffff
27876,8816a55a41fffff
27877,88178b11ddfffff
27878,8816a5d893fffff
27879,8816a0b221fffff
27880,88178bb5a7fffff
27881,8816a0a039fffff
27882,8816a085b3fffff
27883,8816a5d33bfffff
27884,8816a501a1fffff
27885,88178b8ed7fffff
27886,8816a0b96bfffff
27887,8816a542a5fffff
27888,88178b745bfffff
27889,88178b709bfffff
27890,8816164407fffff
27891,8816a0aa11fffff
27892,8816a5b1a9fffff
27893,88178b9581fffff
27894,8816a0871bfffff
27895,8816a57027fffff
27896,8816a5d12dfffff
27897,8816a5b6c9fffff
27898,8816a5170dfffff
27899,8816a59495fffff
27900,8816a5c6cdfffff
27901,8816a5ba57fffff
27902,8816a5c117fffff
27903,88178b8627fffff
27904,8816a502c1fffff
27905,88178b94a5fffff
27906,8816a584e9fffff
27907,8817896a69fffff
27908,8816a0a12dfffff
27909,88178b8dc1fffff
27910,88178b8287fffff
27911,88178b7439fffff
27912,88178b3207fffff
27913,8816a5d759fffff
27914,8816a5b843fffff
27915,88178b2141fffff
27916,8816a0ab01fffff
27917,8816a50127fffff
27918,88178b0d19fffff
27919,88178b958dfffff
27920,8816a0b661fffff
27921,88161641edfffff
27922,8817896a2bfffff
27923,88178b29a9fffff
27924,8816a50855fffff
27925,8816a5b0e1fffff
27926,88178b6cc1fffff
27927,8816a5c51dfffff
27928,8816165015fffff
27929,8816a54c3dfffff
27930,8816a54461fffff
27931,88178b8ca3fffff
27932,8816164423fffff
27933,8816a54c93fffff
27934,8816a5c6c7fffff
27935,88178b84bdfffff
27936,8816a50e35fffff
27937,88178bae0dfffff
27938,88178ba21bfffff
27939,8817894dd3fffff
27940,8816a5c307fffff
27941,8816a54693fffff
27942,8816a57267fffff
27943,8816a0a729fffff
27944,8816a555adfffff
27945,8816a0b10bfffff
27946,8816a0163dfffff
27947,8816a5d313fffff
27948,88178b8549fffff
27949,881616d861fffff
27950,88178b3329fffff
